NGÀY,GIÁ,GIÁ THÔ,THAY ĐỔI,%THAY ĐỔI,MỞ,CAO,THẤP,KL KHỚP,GT KHỚP,KL THỎA THUẬN,GT THỎA THUẬN,TỔNG KHỐI LƯỢNG,TỔNG GIÁ TRỊ,KL Cá Nhân Khớp Ròng,KL Tổ chức Khớp Ròng,KL Tự doanh Khớp Ròng,KL Nước Ngoài Khớp Ròng,GT Cá Nhân Khớp Ròng,GT Tổ chức Khớp Ròng,GT Tự doanh Khớp Ròng,GT Nước Ngoài Khớp Ròng
04/09/2026,14000.0,14050.0,-50.0,-0.00355872,14050.0,14200.0,14000.0,31867004.0,448109221600.0,13785300.0,192994200000.0,45652304.0,641103421600.0,0.0,-7180000.0,-7180000.0,-746416.0,0.0,-101024000000.0,-101024000000.0,-10489295600.0
03/09/2026,14050.0,14100.0,-50.0,-0.0035461,13950.0,14300.0,13900.0,31260899.0,441481060500.0,6400000.0,96000000000.0,37660899.0,537481060500.0,-3525523.0,0.0,100000.0,3425523.0,-49537173950.0,0.0,1410000000.0,48127173950.0
28/08/2026,14100.0,14250.0,-150.0,-0.01052632,14150.0,14350.0,13950.0,42447310.0,600406386500.0,1.0,13300.0,42447311.0,600406399800.0,1318985.0,3556892.0,0.0,-4875877.0,18529588900.0,50594938350.0,0.0,-69124527250.0
27/08/2026,14250.0,14350.0,-100.0,-0.00696864,14450.0,14650.0,14200.0,36722840.0,527421375850.0,9259630.0,139275600000.0,45982470.0,666696975850.0,1783492.0,2944149.0,603000.0,-4727641.0,25839251750.0,42380649650.0,8675990000.0,-68219901400.0
26/08/2026,14350.0,14100.0,250.0,0.0177305,14050.0,14450.0,13850.0,47836495.0,677799651600.0,5891200.0,88459160000.0,53727695.0,766258811600.0,4691545.0,-3944538.0,11400.0,-747007.0,66428639300.0,-55921563950.0,159600000.0,-10507075350.0
25/08/2026,14100.0,13800.0,300.0,0.02173913,13800.0,14350.0,13700.0,73706316.0,1033122294900.0,4641000.0,64356300000.0,78347316.0,1097478594900.0,-12438012.0,-110280.0,1044900.0,12548292.0,-173152773050.0,-1749252550.0,14601865000.0,174902025600.0
24/08/2026,13800.0,13500.0,300.0,0.02222222,14000.0,14250.0,13800.0,63698936.0,890641998700.0,30686600.0,406895040000.0,94385536.0,1297537038700.0,-1922886.0,-1514114.0,202300.0,3437000.0,-26999497000.0,-20941083000.0,2801970000.0,47940580000.0
21/08/2026,13500.0,12650.0,850.0,0.06719368,12650.0,13500.0,12650.0,51083433.0,675562470800.0,1951000.0,24538200000.0,53034433.0,700100670800.0,-3316226.0,2156436.0,-17500.0,1159790.0,-44636013149.0,29474228150.0,-224000000.0,15161785000.0
20/08/2026,12650.0,12500.0,150.0,0.012,12750.0,12900.0,12550.0,21233197.0,269944094500.0,3526000.0,47072100000.0,24759197.0,317016194500.0,5200004.0,571670.0,0.0,-5771674.0,66053967800.0,7340214100.0,0.0,-73394181900.0
19/08/2026,12476.44,13150.0,-50.0,-0.00380228,12476.44,12571.68,12285.96,27001908.0,351895175350.0,74000.0,1000600000.0,27075908.0,352895775350.0,-18643.0,-1762616.0,-104200.0,1781259.0,-255928400.0,-22893188800.0,-1349600000.0,23149117200.0
18/08/2026,12524.06,13350.0,-200.0,-0.01498127,12714.54,12905.02,12428.82,31137742.0,413621151800.0,0.0,0.0,31137742.0,413621151800.0,2763748.0,-1344048.0,0.0,-1419700.0,36774367150.0,-17600597150.0,0.0,-19173770000.0
17/08/2026,12714.54,13450.0,-100.0,-0.00743494,12762.16,12952.64,12666.92,20797330.0,279268911700.0,2715000.0,38010000000.0,23512330.0,317278911700.0,1136135.0,-812035.0,-103700.0,-324100.0,15190391000.0,-10872626000.0,-1394665000.0,-4317765000.0
14/08/2026,12809.78,13900.0,-450.0,-0.0323741,13000.26,13143.12,12666.92,73424928.0,994766397350.0,0.0,0.0,73424928.0,994766397350.0,4144738.0,-5859358.0,-305000.0,1714620.0,55843693250.0,-79110779250.0,-4102320000.0,23267086000.0
13/08/2026,13238.36,14300.0,-400.0,-0.02797203,13666.94,13762.18,13190.74,55311866.0,781445920700.0,11161540.0,157479722000.0,66473406.0,938925642700.0,-1341432.0,-3336468.0,-400000.0,4677900.0,-19312278350.0,-47270861650.0,-5560000000.0,66583140000.0
12/08/2026,13619.32,14200.0,100.0,0.00704225,13619.32,13809.8,13428.84,31518339.0,451644493750.0,870000.0,12186000000.0,32388339.0,463830493750.0,-7100145.0,-3529895.0,4600.0,10630040.0,-101661713950.0,-50790685050.0,66240000.0,152452399000.0
11/08/2026,13524.08,13950.0,250.0,0.01792115,13238.36,13809.8,13238.36,54486539.0,777239709950.0,5629600.0,78491410000.0,60116139.0,855731119950.0,-5060407.0,1210507.0,671900.0,3849900.0,-72571649150.0,17775199150.0,10196330000.0,54796450000.0
10/08/2026,13285.98,13600.0,350.0,0.02573529,13000.26,13476.46,13000.26,40865565.0,570224044000.0,850000.0,11900000000.0,41715565.0,582124044000.0,-3197815.0,4548815.0,-11000.0,-1351000.0,-44605703150.0,63605458150.0,-151250000.0,-18999755000.0
07/08/2026,12952.64,13700.0,-100.0,-0.00729927,12952.64,13238.36,12857.4,30055578.0,411369376250.0,19520000.0,267998000000.0,49575578.0,679367376250.0,1325693.0,707.0,134300.0,-1326400.0,18104237100.0,158257900.0,2175035000.0,-18262495000.0
06/08/2026,13047.88,14000.0,-300.0,-0.02142857,13333.6,13428.84,13000.26,42245378.0,583923499200.0,2535000.0,37277250000.0,44780378.0,621200749200.0,151358.0,-1406766.0,11000.0,1255408.0,2076710450.0,-19344446650.0,332985000.0,17267736200.0
05/08/2026,13333.6,13900.0,100.0,0.00719424,13381.22,13571.7,13143.12,46944194.0,658552647500.0,600000.0,8880000000.0,47544194.0,667432647500.0,-1932302.0,922302.0,200000.0,1010000.0,-27078575000.0,12911160000.0,2840000000.0,14167415000.0
04/08/2026,13238.36,13400.0,500.0,0.03731343,12762.16,13285.98,12571.68,51481288.0,698801573100.0,12461000.0,172666600000.0,63942288.0,871468173100.0,-4869433.0,2724453.0,389800.0,2144980.0,-66347655700.0,36476861700.0,5495660000.0,29870794000.0
03/08/2026,12762.16,13000.0,400.0,0.03076923,12524.06,12952.64,12476.44,43000334.0,576688791200.0,0.0,0.0,43000334.0,576688791200.0,-146065.0,2597365.0,-400000.0,-2451300.0,-1798100050.0,34751990050.0,-5469650000.0,-32953890000.0
31/07/2026,12381.2,13050.0,-50.0,-0.00383142,12571.68,12762.16,12333.58,52083810.0,684696178550.0,1507100.0,18311265000.0,53590910.0,703007443550.0,4681583.0,-341683.0,-600000.0,-4339900.0,61466620699.0,-4013165700.0,-7693440000.0,-57453455000.0
30/07/2026,12428.82,12200.0,850.0,0.06967213,11666.9,12428.82,11619.28,76210227.0,977956340200.0,6158860.0,80338123000.0,82369087.0,1058294463200.0,2633649.0,-41401.0,73340.0,-2592248.0,34643307550.0,-2085921150.0,574722000.0,-32557386400.0
29/07/2026,11619.28,12300.0,-100.0,-0.00813008,11857.38,11857.38,11524.04,24051695.0,294399934700.0,0.0,0.0,24051695.0,294399934700.0,4641077.0,1625223.0,50000.0,-6266300.0,56690596450.0,20089558550.0,880000000.0,-76780155000.0
28/07/2026,11714.52,11750.0,550.0,0.04680851,11143.08,11952.62,11000.22,56006107.0,681682596600.0,1034800.0,12536900000.0,57040907.0,694219496600.0,7351409.0,-5689409.0,0.0,-1662000.0,90908912700.0,-69346072700.0,-1070780000.0,-21562840000.0
27/07/2026,11190.7,12450.0,-700.0,-0.0562249,11952.62,12095.48,11190.7,45867611.0,557915692850.0,0.0,0.0,45867611.0,557915692850.0,5404290.0,-1017250.0,-10200.0,-4387040.0,67190796150.0,-12062623150.0,-123420000.0,-55128173000.0
24/07/2026,11857.38,12900.0,-450.0,-0.03488372,12381.2,12428.82,11857.38,38036867.0,484447898500.0,200000.0,2420000000.0,38236867.0,486867898500.0,8606227.0,-1948927.0,-55000.0,-6657300.0,110176216250.0,-24456371250.0,-804075000.0,-85719845000.0
23/07/2026,12285.96,12100.0,800.0,0.0661157,11381.18,12285.96,11381.18,70774037.0,881046414000.0,3000050.0,36300565000.0,73774087.0,917346979000.0,2539238.0,-5032169.0,-70900.0,2492931.0,35059900150.0,-63266538250.0,-608250000.0,28206638100.0
22/07/2026,11524.04,12500.0,-400.0,-0.032,12095.48,12238.34,11381.18,80736849.0,987685349100.0,0.0,0.0,80736849.0,987685349100.0,18345588.0,-17611403.0,682900.0,-734185.0,224586779000.0,-214735719000.0,8515045000.0,-9851060000.0
21/07/2026,11905.0,12800.0,-300.0,-0.0234375,12143.1,12571.68,11714.52,41226022.0,527785773450.0,3677250.0,45862992500.0,44903272.0,573648765950.0,937831.0,-4284991.0,0.0,3347160.0,12158161351.0,-54799639350.0,0.0,42641478000.0
20/07/2026,12190.72,13750.0,-950.0,-0.06909091,12619.3,12905.02,12190.72,51691720.0,676517729750.0,590000.0,7862000000.0,52281720.0,684379729750.0,3248804.0,-1123800.0,514800.0,-2125004.0,42963711350.0,-15006158750.0,6672020000.0,-27957552600.0
17/07/2026,13095.5,14050.0,-300.0,-0.02135231,13333.6,13571.7,13047.88,19634822.0,273101378600.0,1907100.0,28455590000.0,21541922.0,301556968600.0,3545766.0,-572166.0,2300.0,-2973600.0,49298529650.0,-7968009650.0,32200000.0,-41330520000.0
16/07/2026,13381.22,13950.0,100.0,0.00716846,13143.12,13857.42,12571.68,54848704.0,755553982050.0,3225000.0,46594810000.0,58073704.0,802148792050.0,1936965.0,-4740415.0,2300.0,2803450.0,26720099650.0,-63834591650.0,31165000.0,37114492000.0
15/07/2026,13285.98,14700.0,-750.0,-0.05102041,14047.9,14095.52,13095.5,50760990.0,716775426300.0,910000.0,13650000000.0,51670990.0,730425426300.0,5339729.0,-2370829.0,-500000.0,-2968900.0,76310973700.0,-33715268700.0,-6900000000.0,-42595705000.0
14/07/2026,14000.28,14650.0,50.0,0.00341297,13809.8,14190.76,13809.8,22022908.0,324283448900.0,702000.0,10453500000.0,22724908.0,334736948900.0,1606774.0,1011556.0,-4600.0,-2618330.0,23618086000.0,14915096000.0,-67965000.0,-38533182000.0
13/07/2026,13952.66,15450.0,-800.0,-0.05177994,14714.58,14714.58,13714.56,53355962.0,787229473150.0,4637600.0,72493570000.0,57993562.0,859723043150.0,-2354537.0,2521081.0,-467700.0,-166544.0,-34329483000.0,36967545500.0,-6851140000.0,-2638062500.0
10/07/2026,14714.58,16050.0,-600.0,-0.03738318,15333.64,15428.88,14666.96,50402846.0,789574571800.0,383867.0,6358372988.0,50786713.0,795932944788.0,3476225.0,-2984002.0,0.0,-492223.0,54010029551.0,-46333719600.0,0.0,-7676309950.0
09/07/2026,15286.02,16500.0,-450.0,-0.02727273,15619.36,15714.6,15238.4,40781047.0,658185486850.0,2720091.0,47202745220.0,43501138.0,705388232070.0,4068927.0,-3239367.0,0.0,-829560.0,65618824400.0,-52201962350.0,0.0,-13416862050.0
08/07/2026,15714.6,16500.0,0.0,0.0,15714.6,16047.94,15619.36,22174103.0,368235562700.0,0.0,0.0,22174103.0,368235562700.0,1309099.0,-1124054.0,0.0,-185045.0,21777949649.0,-18719907899.0,0.0,-3058041750.0
07/07/2026,15714.6,16300.0,200.0,0.01226994,15571.74,15857.46,15476.5,24450545.0,401891523300.0,3620091.0,61493047000.0,28070636.0,463384570300.0,-944172.0,1209642.0,-2300.0,-265470.0,-15639146249.0,19992845750.0,-37720000.0,-4353699500.0
06/07/2026,15524.12,17050.0,-750.0,-0.04398827,16333.66,16381.28,15143.16,54202916.0,894724701600.0,0.0,0.0,54202916.0,894724701600.0,-3074842.0,4202825.0,-2300.0,-1127983.0,-48831069500.0,67775682950.0,-37720000.0,-18944613450.0
03/07/2026,16238.42,16900.0,150.0,0.00887574,16190.8,16381.28,16047.94,33085966.0,563936901750.0,3523091.0,62415638000.0,36609057.0,626352539750.0,5227890.0,-4852840.0,0.0,-375050.0,89315859000.0,-82954294000.0,0.0,-6361565000.0
02/07/2026,16095.56,17100.0,-200.0,-0.01169591,16333.66,16428.9,16095.56,20836399.0,354748399500.0,0.0,0.0,20836399.0,354748399500.0,1413323.0,-654025.0,0.0,-759298.0,24061143249.0,-11172147350.0,0.0,-12888995900.0
01/07/2026,16286.04,16900.0,200.0,0.01183432,16190.8,16333.66,16095.56,23256293.0,396089180400.0,2523091.0,45415638000.0,25779384.0,441504818400.0,-1228242.0,1007382.0,0.0,220860.0,-20867147250.0,17093795250.0,0.0,3773352000.0
30/06/2026,16095.56,16800.0,100.0,0.00595238,16143.18,16476.52,16047.94,24462296.0,418576951250.0,3316000.0,56348000000.0,27778296.0,474924951250.0,1230302.0,-1343268.0,0.0,112966.0,21202168700.0,-23064399850.0,0.0,1862231150.0
29/06/2026,16000.32,16850.0,-50.0,-0.00296736,16143.18,16190.8,15952.7,17411441.0,293379585300.0,26116439.0,449095902000.0,43527880.0,742475487300.0,524200.0,466255.0,0.0,-990455.0,8849543500.0,7862944000.0,0.0,-16712487500.0
26/06/2026,16047.94,16700.0,150.0,0.00898204,15905.08,16238.42,15857.46,23539736.0,396796599350.0,0.0,0.0,23539736.0,396796599350.0,288081.0,-1425281.0,-2300.0,1137200.0,4888638400.0,-24006488400.0,-38985000.0,19117850000.0
25/06/2026,15905.08,16950.0,-250.0,-0.01474926,16190.8,16286.04,15905.08,18538984.0,312493907100.0,9880925.0,177856650000.0,28419909.0,490350557100.0,2667630.0,-1530882.0,0.0,-1136748.0,45096268250.0,-25905562800.0,0.0,-19190705450.0
24/06/2026,16143.18,17100.0,-150.0,-0.00877193,16238.42,16381.28,16000.32,30570051.0,518260514350.0,17943420.0,308245320000.0,48513471.0,826505834350.0,835066.0,1452237.0,0.0,-2287303.0,14227771150.0,24662873800.0,0.0,-38890644950.0
23/06/2026,16286.04,17400.0,-300.0,-0.01724138,16667.0,16762.24,16238.42,28658070.0,497060103450.0,2663091.0,47891638000.0,31321161.0,544951741450.0,1648449.0,1042930.0,0.0,-2691379.0,28609473600.0,18209160450.0,0.0,-46818634050.0
22/06/2026,16571.76,17450.0,-50.0,-0.00286533,16667.0,16762.24,16381.28,26905100.0,467118766400.0,6328500.0,117576102000.0,33233600.0,584694868400.0,-4878059.0,5969226.0,0.0,-1091167.0,-84500576950.0,103399402150.0,0.0,-18898825200.0
19/06/2026,16619.38,17700.0,-250.0,-0.01412429,16809.86,17000.34,16619.38,33179958.0,583901475350.0,661000.0,11561000000.0,33840958.0,595462475350.0,-1020530.0,2340730.0,-21400.0,-1320200.0,-17754196600.0,40845416600.0,-373430000.0,-23091220000.0
18/06/2026,16857.48,17950.0,-250.0,-0.01392758,16952.72,17238.44,16857.48,31347675.0,559186418950.0,3971591.0,72041213000.0,35319266.0,631227631950.0,8752876.0,-6412278.0,-300.0,-2340598.0,155627662900.0,-114000063600.0,-5340000.0,-41627599300.0
17/06/2026,17095.58,18000.0,-50.0,-0.00277778,17190.82,17333.68,17000.34,30911667.0,557248811150.0,6921000.0,131122500000.0,37832667.0,688371311150.0,1808328.0,-1604200.0,0.0,-204128.0,32580362001.0,-28971663800.0,0.0,-3608698200.0
16/06/2026,17143.2,17600.0,400.0,0.02272727,16809.86,17333.68,16667.0,42892055.0,767785586650.0,3123091.0,55470438000.0,46015146.0,823256024650.0,1607252.0,-3417924.0,21400.0,1810672.0,28665834549.0,-61183645650.0,385200000.0,32517811100.0
15/06/2026,16762.24,17050.0,550.0,0.03225806,16476.52,17047.96,16428.9,51596663.0,908106346850.0,621400.0,10887000000.0,52218063.0,918993346850.0,3952246.0,-6523896.0,-2633.0,2571650.0,69247515550.0,-114513882550.0,-46479000.0,45266367000.0
12/06/2026,16238.42,16850.0,200.0,0.01186944,16333.66,16381.28,16047.94,25924734.0,440092109300.0,3123091.0,55525638000.0,29047825.0,495617747300.0,-7429956.0,9146868.0,-3000.0,-1716912.0,-126011495050.0,155128482200.0,-51600000.0,-29116987150.0
11/06/2026,16047.94,17050.0,-200.0,-0.01173021,16095.56,16238.42,15905.08,28089615.0,473834211100.0,1200000.0,20220000000.0,29289615.0,494054211100.0,-8152464.0,8292634.0,0.0,-140170.0,-137635121150.0,140014857150.0,0.0,-2379736000.0
10/06/2026,16238.42,17100.0,-50.0,-0.00292398,16190.8,16524.14,16095.56,21224282.0,363080136400.0,23001591.0,403923521000.0,44225873.0,767003657400.0,888169.0,1162031.0,-3060.0,-2050200.0,15262580149.0,19781924850.0,-53079000.0,-35044505000.0
09/06/2026,16286.04,16850.0,250.0,0.0148368,16143.18,16333.66,16000.32,24291658.0,412639650550.0,3660200.0,64043600000.0,27951858.0,476683250550.0,3004163.0,-1783401.0,2300.0,-1220762.0,50880249950.0,-30246914400.0,38985000.0,-20633335550.0
08/06/2026,16047.94,17750.0,-900.0,-0.05070423,16524.14,16571.76,15952.7,55580531.0,948065609450.0,9110891.0,167963602600.0,64691422.0,1116029212050.0,430683.0,2740291.0,-8500.0,-3170974.0,7714257000.0,46690821600.0,-140725000.0,-54405078600.0
05/06/2026,16905.1,17900.0,-150.0,-0.00837989,17095.58,17238.44,16905.1,25984292.0,465639958150.0,540000.0,9786000000.0,26524292.0,475425958150.0,-4146374.0,-682621.0,0.0,4828995.0,-74299002401.0,-12403530550.0,0.0,86702532950.0
04/06/2026,17047.96,17900.0,0.0,0.0,17143.2,17238.44,16762.24,23393742.0,417358922650.0,1930000.0,34547000000.0,25323742.0,451905922650.0,-1046061.0,2250767.0,-6300.0,-1204706.0,-18609672500.0,39962340500.0,-111565000.0,-21352668000.0
03/06/2026,17047.96,17400.0,500.0,0.02873563,16667.0,17047.96,16524.14,29484126.0,521387600900.0,2633091.0,48886492600.0,32117217.0,570274093500.0,-2321388.0,-681893.0,6820.0,3003281.0,-41055460149.0,-12582943600.0,119580000.0,53638403750.0
02/06/2026,16571.76,17900.0,-500.0,-0.02793296,17000.34,17190.82,16524.14,30716430.0,540206880450.0,5654000.0,102842250000.0,36370430.0,643049130450.0,-3971695.0,4193823.0,6400.0,-222128.0,-69379994800.0,73307252200.0,110375000.0,-3927257400.0
01/06/2026,17047.96,17700.0,200.0,0.01129944,16857.48,17333.68,16762.24,36644024.0,656755036100.0,3160000.0,58722000000.0,39804024.0,715477036100.0,3521231.0,-1588190.0,-730000.0,-1933041.0,62764437900.0,-28298362200.0,-13082945000.0,-34466075700.0
29/05/2026,16857.48,17600.0,100.0,0.00568182,16571.76,17238.44,16524.14,49091242.0,874506465350.0,5247820.0,90233800000.0,54339062.0,964740265350.0,-2081656.0,1511007.0,-223100.0,570649.0,-36921197300.0,26817596800.0,-3972485000.0,10103600500.0
28/05/2026,16762.24,18350.0,-750.0,-0.04087193,17381.3,17714.64,16762.24,60346387.0,1080038444400.0,9400000.0,175435000000.0,69746387.0,1255473444400.0,11148328.0,-9832271.0,-2189000.0,-1316057.0,200144787500.0,-176675389450.0,-39484460000.0,-23469398050.0
27/05/2026,17476.54,18650.0,-300.0,-0.01608579,17809.88,18000.36,17476.54,27796501.0,517229794000.0,1455000.0,26836250000.0,29251501.0,544066044000.0,5198616.0,-4704626.0,361000.0,-493990.0,96630396350.0,-87385876750.0,6762740000.0,-9244519600.0
26/05/2026,17762.26,18550.0,100.0,0.00539084,17619.4,18047.98,17571.78,24656731.0,461244737850.0,3150000.0,60795000000.0,27806731.0,522039737850.0,12853.0,655181.0,-16200.0,-668034.0,267840400.0,12315555200.0,-302670000.0,-12583395600.0
25/05/2026,17667.02,18550.0,0.0,0.0,17762.26,17952.74,17524.16,20476240.0,381355607300.0,1760000.0,32648000000.0,22236240.0,414003607300.0,142816.0,686062.0,4700.0,-828878.0,2676174450.0,12802250750.0,87185000.0,-15478425200.0
22/05/2026,17667.02,19100.0,-550.0,-0.02879581,18047.98,18381.32,17381.3,67543718.0,1267778431050.0,4800000.0,93554000000.0,72343718.0,1361332431050.0,1615200.0,1485424.0,498500.0,-3100624.0,29967326099.0,27745834850.0,9450045000.0,-57713160950.0
21/05/2026,18190.84,18800.0,300.0,0.01595745,18143.22,18428.94,17905.12,37001305.0,706255213250.0,1460000.0,27469000000.0,38461305.0,733724213250.0,-1515534.0,2110961.0,2059400.0,-595427.0,-28956689950.0,40304047750.0,39323265000.0,-11347357800.0
20/05/2026,17905.12,19250.0,-450.0,-0.02337662,18190.84,18476.56,17143.2,50908766.0,954542872050.0,7487900.0,144915470000.0,58396666.0,1099458342050.0,1297314.0,-1050836.0,-1400.0,-246478.0,24853478200.0,-19815167850.0,-26670000.0,-5038310350.0
19/05/2026,18333.7,19000.0,250.0,0.01315789,18333.7,18857.52,17952.74,62966849.0,1216575461650.0,300000.0,5650950000.0,63266849.0,1222226411650.0,798999.0,-4555023.0,-50000.0,3756024.0,15861467500.0,-88035156000.0,-975000000.0,72173688500.0
18/05/2026,18095.6,18750.0,250.0,0.01333333,17524.16,18095.6,17381.3,44261781.0,822566241350.0,0.0,0.0,44261781.0,822566241350.0,-634276.0,1150935.0,61300.0,-516659.0,-11681561700.0,21228932300.0,1112805000.0,-9547370600.0
15/05/2026,17857.5,18850.0,-100.0,-0.00530504,18143.22,18476.56,17762.26,31968132.0,606239003600.0,100000.0,1947000000.0,32068132.0,608186003600.0,3029295.0,-1066675.0,190800.0,-1962620.0,58203879250.0,-20825134250.0,3590700000.0,-37378745000.0
14/05/2026,17952.74,18800.0,50.0,0.00265957,18000.36,18286.08,17762.26,23989210.0,452751806650.0,2000000.0,36300000000.0,25989210.0,489051806650.0,-1009924.0,1727620.0,-1400.0,-717696.0,-19064210050.0,32764744400.0,-26460000.0,-13700534350.0
13/05/2026,17905.12,19050.0,-250.0,-0.01312336,18190.84,18476.56,17238.44,67884498.0,1266957344500.0,9490185.0,182647600000.0,77374683.0,1449604944500.0,4700246.0,808654.0,200000.0,-5508900.0,89294109250.0,15265150750.0,3695000000.0,-104559260000.0
12/05/2026,18143.22,19350.0,-300.0,-0.01550388,18476.56,18571.8,17905.12,38072784.0,726379695500.0,643000.0,11574000000.0,38715784.0,737953695500.0,-1890445.0,1387367.0,-4200.0,503078.0,-35984897050.0,26726306250.0,-80430000.0,9258590800.0
11/05/2026,18428.94,18600.0,750.0,0.04032258,17952.74,18905.14,17857.5,104374688.0,2025854024400.0,5167478.0,98465522700.0,109542166.0,2124319547100.0,-3819187.0,2150578.0,-188900.0,1668609.0,-73927989300.0,41744590750.0,-3719105000.0,32183398550.0
08/05/2026,17714.64,17700.0,900.0,0.05084746,16857.48,17952.74,16762.24,79549670.0,1458552331500.0,4633000.0,81741450000.0,84182670.0,1540293781500.0,-3072086.0,-4949746.0,-20100.0,8021832.0,-57461424850.0,-89273665650.0,-364860000.0,146735090500.0
07/05/2026,16857.48,17600.0,100.0,0.00568182,17047.96,17571.78,16857.48,56260981.0,1015005402200.0,3777078.0,63786537000.0,60038059.0,1078791939200.0,-334727.0,-869223.0,-15600.0,1203950.0,-5850782400.0,-15558855600.0,-279180000.0,21409638000.0
06/05/2026,16762.24,16450.0,1150.0,0.06990881,15809.84,16762.24,15714.6,56184954.0,973374973050.0,2610000.0,45408900000.0,58794954.0,1018783873050.0,-1678880.0,-1551080.0,-1239900.0,3229960.0,-30248220799.0,-26325886700.0,-21725845000.0,56574107500.0
05/05/2026,15666.98,16850.0,-400.0,-0.02373887,16047.94,16047.94,15666.98,14873228.0,246699119050.0,2975878.0,49306766600.0,17849106.0,296005885650.0,-596802.0,872802.0,20000.0,-276000.0,-9906291400.0,14486841400.0,331000000.0,-4580550000.0
04/05/2026,16047.94,16700.0,150.0,0.00898204,16047.94,16286.04,15952.7,15296588.0,258670352000.0,3667800.0,64086540000.0,18964388.0,322756892000.0,642004.0,57008.0,-5000.0,-699012.0,10889805800.0,934408600.0,-85000000.0,-11824214400.0
29/04/2026,15905.08,16350.0,350.0,0.02140673,15619.36,16000.32,15571.74,15760254.0,262085952300.0,4903078.0,80829537000.0,20663332.0,342915489300.0,1002229.0,-1455629.0,-5000.0,453400.0,16709096000.0,-24263971000.0,-84000000.0,7554875000.0
28/04/2026,15571.74,16600.0,-250.0,-0.01506024,15905.08,15952.7,15524.12,16159679.0,266485081050.0,5215600.0,88549210000.0,21375279.0,355034291050.0,-409188.0,381810.0,-8500.0,27378.0,-6658199350.0,6207029150.0,-139400000.0,451170200.0
24/04/2026,15809.84,16850.0,-250.0,-0.0148368,16095.56,16095.56,15714.6,17040648.0,283635518800.0,7126678.0,119974769500.0,24167326.0,403610288300.0,391541.0,25695.0,0.0,-417236.0,6422267800.0,501425200.0,0.0,-6923693000.0
23/04/2026,16047.94,17050.0,-200.0,-0.01173021,16286.04,16381.28,15524.12,53374782.0,896405800250.0,9615000.0,156846250000.0,62989782.0,1053252050250.0,-336686.0,669286.0,-11400.0,-332600.0,-4542751500.0,10754231500.0,-186440000.0,-6211480000.0
22/04/2026,16238.42,17050.0,0.0,0.0,16333.66,16476.52,16238.42,21458777.0,367500801600.0,11426978.0,191120709500.0,32885755.0,558621511100.0,1214664.0,-1479170.0,-1400.0,264506.0,20829806350.0,-25364503950.0,-23870000.0,4534697600.0
21/04/2026,16238.42,17400.0,-350.0,-0.02011494,16714.62,16809.86,16190.8,30394504.0,525209251350.0,8242198.0,139074427400.0,38636702.0,664283678750.0,2050512.0,-1896245.0,-5000.0,-154267.0,35262378750.0,-32707001200.0,-88000000.0,-2555377550.0
20/04/2026,16571.76,17500.0,-100.0,-0.00571429,16333.66,16857.48,16095.56,42470391.0,735968269050.0,12500478.0,208189459500.0,54970869.0,944157728550.0,-2231422.0,1102522.0,20000.0,1128900.0,-38211423050.0,18341198050.0,343000000.0,19870225000.0
17/04/2026,16667.0,17800.0,-300.0,-0.01685393,17047.96,17143.2,16667.0,30446105.0,539173852100.0,630000.0,11463710000.0,31076105.0,550637562100.0,1390690.0,2382010.0,20000.0,-3772700.0,24574941650.0,42330128350.0,352500000.0,-66905070000.0
16/04/2026,16952.72,18200.0,-400.0,-0.02197802,17333.68,17428.92,16762.24,43443896.0,778007140850.0,9694902.0,168227885500.0,53138798.0,946235026350.0,3635036.0,1854536.0,-17800.0,-5489572.0,65350400750.0,33412215850.0,-319650000.0,-98762616600.0
15/04/2026,17333.68,18150.0,50.0,0.00275482,17524.16,17809.88,17238.44,50158675.0,922414144750.0,4827850.0,91060630000.0,54986525.0,1013474774750.0,2707847.0,-5514753.0,-86200.0,2806906.0,49766475900.0,-101458197000.0,-1588965000.0,51691721100.0
14/04/2026,17286.06,18050.0,100.0,0.00554017,17524.16,17619.4,17047.96,32365935.0,586113997200.0,8209578.0,141513884500.0,40575513.0,727627881700.0,209198.0,1459013.0,23600.0,-1668211.0,3682970450.0,26407873200.0,425705000.0,-30090843650.0
13/04/2026,17190.82,18050.0,0.0,0.0,16905.1,17428.92,16857.48,33408948.0,602314060600.0,100000.0,1805000000.0,33508948.0,604119060600.0,1271250.0,-1758277.0,122300.0,487027.0,22589011800.0,-31405229750.0,2180425000.0,8816217950.0
10/04/2026,17190.82,18000.0,50.0,0.00277778,17428.92,17714.64,17143.2,41364779.0,753696750650.0,17259578.0,296416884500.0,58624357.0,1050113635150.0,1537048.0,-789458.0,-205000.0,-747590.0,28253878601.0,-14266824100.0,-3677500000.0,-13987054500.0
09/04/2026,17143.2,18100.0,-100.0,-0.00552486,16952.72,17524.16,16905.1,55504577.0,1005161160650.0,3220000.0,58286500000.0,58724577.0,1063447660650.0,1106813.0,-4370817.0,-7400.0,3264004.0,20209658500.0,-79097446900.0,-134800000.0,58887788400.0
08/04/2026,17238.44,16950.0,1150.0,0.06784661,17143.2,17238.44,16762.24,75375201.0,1353654057700.0,5649578.0,94875384500.0,81024779.0,1448529442200.0,2102424.0,-4939273.0,-1571200.0,2836849.0,37996453650.0,-89171480550.0,-28302300000.0,51175026900.0
07/04/2026,16143.18,15850.0,1100.0,0.06940063,15381.26,16143.18,15238.4,38762464.0,637798882100.0,1923000.0,30611550000.0,40685464.0,668410432100.0,-5340020.0,5373128.0,-27200.0,-33108.0,-88301459050.0,88619864650.0,-452670000.0,-318405600.0
06/04/2026,15095.54,16200.0,-350.0,-0.02160494,15428.88,15619.36,15095.54,37084497.0,596398615650.0,12820000.0,206634000000.0,49904497.0,803032615650.0,-2538240.0,2780860.0,10000.0,-242620.0,-40815159049.0,44914380100.0,159500000.0,-4099221050.0
03/04/2026,15428.88,16600.0,-400.0,-0.02409639,15809.84,16000.32,15381.26,34865543.0,571247167600.0,4294750.0,70684900000.0,39160293.0,641932067600.0,-2762489.0,2929143.0,-40000.0,-166654.0,-45217007200.0,48077190600.0,-601885000.0,-2860183400.0
02/04/2026,15809.84,17000.0,-400.0,-0.02352941,16000.32,16190.8,15571.74,27887915.0,464535651350.0,9882185.0,170199330000.0,37770100.0,634734981350.0,-3917372.0,3998745.0,756800.0,-81373.0,-65284486701.0,66584861700.0,12548875000.0,-1300375150.0
01/04/2026,16190.8,16650.0,350.0,0.02102102,16286.04,16571.76,16095.56,46234845.0,792457242550.0,8464297.0,142492711400.0,54699142.0,934949953950.0,-1965427.0,-1133446.0,-1375000.0,3098873.0,-33458244100.0,-19406336500.0,-23503000000.0,52864580600.0
31/03/2026,15857.46,16350.0,300.0,0.01834862,15762.22,16286.04,15619.36,27113257.0,453779132950.0,7286900.0,113621770000.0,34400157.0,567400902950.0,-546426.0,-318573.0,784700.0,864999.0,-9088435351.0,-5286187650.0,13060960000.0,14374623050.0
30/03/2026,15571.74,16750.0,-400.0,-0.0238806,15428.88,15952.7,15286.02,25152502.0,411206453500.0,1596297.0,25860011400.0,26748799.0,437066464900.0,307470.0,264320.0,-116900.0,-571790.0,4934223251.0,4161371750.0,-1944540000.0,-9095595650.0
27/03/2026,15952.7,16000.0,750.0,0.046875,15286.02,16047.94,15238.4,39016027.0,641832578250.0,4781780.0,78509010000.0,43797807.0,720341588250.0,2025439.0,-6727779.0,-30000.0,4702340.0,33126995600.0,-110563946600.0,-499000000.0,77436951500.0
26/03/2026,15238.4,16200.0,-200.0,-0.01234568,15428.88,15524.12,15143.16,17760061.0,286119180550.0,5141297.0,85453811400.0,22901358.0,371572991950.0,-1092816.0,-1056344.0,260600.0,2149160.0,-17682376800.0,-16975794200.0,4275675000.0,34658171000.0
25/03/2026,15428.88,15650.0,550.0,0.03514377,15143.16,15571.74,15000.3,30968882.0,499319471400.0,4792500.0,77512000000.0,35761382.0,576831471400.0,-2111519.0,-519901.0,15000.0,2631420.0,-34265588750.0,-8123795250.0,242000000.0,42389384000.0
24/03/2026,14905.06,15350.0,300.0,0.01954397,15095.54,15428.88,14857.44,21932069.0,347000239550.0,3700000.0,59070000000.0,25632069.0,406070239550.0,556664.0,-1133184.0,72700.0,576520.0,8895731300.0,-17943183300.0,1168660000.0,9047452000.0
23/03/2026,14619.34,16250.0,-900.0,-0.05538462,15238.4,15333.64,14428.86,37964386.0,583969548400.0,2692000.0,46394700000.0,40656386.0,630364248400.0,-844757.0,-1373167.0,-45000.0,2217924.0,-13594864650.0,-20348065350.0,-691750000.0,33942930400.0
20/03/2026,15476.5,16200.0,50.0,0.00308642,15428.88,16000.32,15238.4,31677090.0,517219571800.0,15422000.0,261782600000.0,47099090.0,779002171800.0,4727443.0,-3884857.0,-17000.0,-842586.0,77278673800.0,-63443224800.0,-210495000.0,-13835449600.0
19/03/2026,15428.88,16600.0,-400.0,-0.02409639,15571.74,15666.98,15190.78,30465888.0,493054618250.0,2355000.0,39467000000.0,32820888.0,532521618250.0,2636769.0,-1905584.0,-131100.0,-731185.0,42332133800.0,-30447576800.0,-1958380000.0,-11884556750.0
18/03/2026,15809.84,16900.0,-300.0,-0.01775148,16333.66,16428.9,15619.36,22779151.0,382250430550.0,6593300.0,116096100000.0,29372451.0,498346530550.0,859813.0,-437913.0,951100.0,-421900.0,14180246200.0,-6999026200.0,16388140000.0,-7181220000.0
17/03/2026,16095.56,16200.0,700.0,0.04320988,16000.32,16476.52,15905.08,45290608.0,774024961050.0,5173480.0,87887879760.0,50464088.0,861912840810.0,5802410.0,-4644810.0,-63600.0,-1157600.0,99547073150.0,-79915843150.0,-1158365000.0,-19631230000.0
16/03/2026,15428.88,16450.0,-250.0,-0.01519757,15857.46,16000.32,15286.02,26116687.0,426485457050.0,5391000.0,90890144000.0,31507687.0,517375601050.0,2470101.0,684700.0,-10000.0,-3154801.0,40657525399.0,10999467600.0,-157000000.0,-51656992850.0
13/03/2026,15666.98,16800.0,-350.0,-0.02083333,16000.32,16286.04,15524.12,25639289.0,426975301800.0,50000.0,895000000.0,25689289.0,427870301800.0,4652193.0,-5024273.0,168680.0,372080.0,77218917500.0,-83452247500.0,3041130000.0,6233330000.0
12/03/2026,16000.32,17100.0,-300.0,-0.01754386,16190.8,16857.48,15952.7,29491563.0,505782029800.0,6484200.0,114987450000.0,35975763.0,620769479800.0,-1593281.0,501131.0,617700.0,1092150.0,-27752557700.0,9084374700.0,10973230000.0,18668182350.0
11/03/2026,16286.04,16000.0,1100.0,0.06875,15143.16,16286.04,15095.54,37474171.0,628982601400.0,3612600.0,60657200000.0,41086771.0,689639801400.0,-2489675.0,-36899.0,1524300.0,2526574.0,-41726297551.0,-1197643450.0,24554455000.0,42923940300.0
10/03/2026,15238.4,16450.0,-450.0,-0.02735562,15952.7,16238.42,15095.54,46710450.0,765815962650.0,10380000.0,174063000000.0,57090450.0,939878962650.0,4673015.0,280679.0,711400.0,-4953694.0,77114634800.0,4926726200.0,11607335000.0,-82041360400.0
09/03/2026,15666.98,17650.0,-1200.0,-0.06798867,15666.98,16095.56,15666.98,17513427.0,288306185700.0,4928000.0,92671300000.0,22441427.0,380977485700.0,-2412307.0,2122687.0,1431400.0,289620.0,-39721269150.0,34978680150.0,23556530000.0,4742589000.0
06/03/2026,16809.86,17300.0,338.0,0.01952403,17571.78,17571.78,16762.24,41852665.0,755659248000.0,430000.0,7530000000.0,42282665.0,763189248000.0,5777802.0,-1259292.0,1741500.0,-4518510.0,104500988300.0,-22913513300.0,32375300000.0,-81587475000.0
05/03/2026,16488.1869,21100.0,-600.0,-0.02843602,17292.4887,17775.06978,16488.1869,88958785.0,1897923459800.0,435000.0,9331500000.0,89393785.0,1907254959800.0,180113.0,2832288.0,1897800.0,-3012401.0,1017779350.0,58493707650.0,38522225000.0,-59511487000.0
04/03/2026,16970.76798,21800.0,-700.0,-0.03211009,17413.13397,17775.06978,16488.1869,51184908.0,1079633313450.0,4616000.0,102501200000.0,55800908.0,1182134513450.0,-1326084.0,2641291.0,-715900.0,-1315207.0,-27313564150.0,54933455150.0,-14744700000.0,-27619891650.0
03/03/2026,17533.77924,21400.0,400.0,0.01869159,17212.05852,17855.49996,17131.62834,41145978.0,893811696500.0,5626900.0,125122385000.0,46772878.0,1018934081500.0,-8564395.0,6385350.0,899500.0,2179045.0,-185595664100.0,138369618100.0,19911115000.0,47226046000.0
02/03/2026,17212.05852,22500.0,-1100.0,-0.04888889,17131.62834,17895.71505,17131.62834,55520435.0,1207288883850.0,173500.0,3946250000.0,55693935.0,1211235133850.0,-479435.0,-2835345.0,795600.0,3314780.0,-10823868150.0,-61828115850.0,17240875000.0,72651984000.0
27/02/2026,18096.7905,22650.0,-150.0,-0.00662252,18257.65086,18579.37158,17855.49996,31597971.0,715662414050.0,2789400.0,63179910000.0,34387371.0,778842324050.0,2228026.0,268264.0,178500.0,-2496290.0,50496099900.0,5967258100.0,4008950000.0,-56463357500.0
26/02/2026,18217.43577,22850.0,-200.0,-0.00875274,18418.51122,18619.58667,18096.7905,30690740.0,698495013500.0,3093185.0,74140624000.0,33783925.0,772635637500.0,-134501.0,1885834.0,1960000.0,-1751333.0,-2845944400.0,43045283400.0,44739255000.0,-40199338550.0
25/02/2026,18378.29613,23200.0,-350.0,-0.01508621,18941.30739,18981.52248,18338.08104,36527407.0,845701326200.0,2290000.0,53798000000.0,38817407.0,899499326200.0,-2013224.0,3667250.0,5046600.0,-1654026.0,-46233081350.0,84981163350.0,116986420000.0,-38748081950.0
24/02/2026,18659.80176,22750.0,450.0,0.01978022,18137.00559,19423.88847,18096.7905,55240176.0,1301221538000.0,1081050.0,24872645000.0,56321226.0,1326094183000.0,-1600940.0,1339679.0,167200.0,261261.0,-38464302300.0,32181582300.0,4447340000.0,6282719750.0
23/02/2026,18297.86595,22550.0,200.0,0.00886918,18177.22068,18418.51122,17372.91888,49081205.0,1092249233000.0,250000.0,5500000000.0,49331205.0,1097749233000.0,-1528309.0,-2345199.0,-746600.0,3873508.0,-34819507450.0,-51995062550.0,-16638010000.0,86814570400.0
13/02/2026,18137.00559,21900.0,650.0,0.02968037,17614.20942,18418.51122,17413.13397,32466699.0,728117133100.0,273200.0,5991800000.0,32739899.0,734108933100.0,-1234571.0,-714429.0,-190000.0,1949000.0,-27603007550.0,-16316067450.0,-4196000000.0,43919075000.0
12/02/2026,17614.20942,22200.0,-300.0,-0.01351351,18016.36032,18016.36032,17453.34906,15672119.0,344244869600.0,4988600.0,112093500000.0,20660719.0,456338369600.0,1459159.0,-1397353.0,-317600.0,-61806.0,32124463350.0,-30760703350.0,-6704070000.0,-1363760600.0
11/02/2026,17855.49996,21200.0,1000.0,0.04716981,17171.84343,18056.57541,17131.62834,30275420.0,660726439600.0,1911250.0,42551812500.0,32186670.0,703278252100.0,4488820.0,-6566443.0,-340900.0,2077623.0,97460239750.0,-142731490750.0,-7459050000.0,45271251100.0
10/02/2026,17051.19816,20850.0,350.0,0.01678657,16930.55289,17252.27361,16568.61708,24424703.0,511535827950.0,7026600.0,155057420000.0,31451303.0,666593247950.0,2632360.0,-2879440.0,-207200.0,247080.0,55436549000.0,-60589263000.0,-4352830000.0,5152714000.0
09/02/2026,16769.69253,21200.0,-350.0,-0.01650943,17332.70379,17413.13397,16769.69253,20855223.0,439591750200.0,2270100.0,49029400000.0,23125323.0,488621150200.0,922056.0,596094.0,-400000.0,-1518150.0,19500208250.0,12636581750.0,-8347500000.0,-32136790000.0
06/02/2026,17051.19816,22200.0,-1000.0,-0.04504505,17775.06978,17815.28487,17051.19816,38448743.0,829804375950.0,3959900.0,88978817600.0,42408643.0,918783193550.0,-6852950.0,8781513.0,45800.0,-1928563.0,-147336596150.0,189138765150.0,990665000.0,-41802168850.0
05/02/2026,17855.49996,22600.0,-400.0,-0.01769912,18338.08104,18338.08104,17775.06978,20602514.0,458952362950.0,241400.0,5436370000.0,20843914.0,464388732950.0,1292315.0,-1087278.0,-1481500.0,-205037.0,28909288200.0,-24292686200.0,-32827400000.0,-4616601100.0
04/02/2026,18177.22068,22700.0,-100.0,-0.00440529,18458.72631,18860.87721,18177.22068,29588635.0,679377547700.0,7044600.0,152997420000.0,36633235.0,832374967700.0,6645369.0,-4273019.0,-322500.0,-2372350.0,152542359500.0,-97953482500.0,-7255475000.0,-54588877500.0
03/02/2026,18257.65086,21900.0,800.0,0.03652968,17815.28487,18539.15649,17775.06978,35185615.0,798687534000.0,1463400.0,32307906000.0,36649015.0,830995440000.0,5350312.0,-5781082.0,1072700.0,430770.0,121964222800.0,-131735722800.0,24468030000.0,9771500000.0
02/02/2026,17614.20942,22600.0,-700.0,-0.03097345,18217.43577,18217.43577,17332.70379,36827170.0,808619046950.0,3195645.0,73998076750.0,40022815.0,882617123700.0,4345031.0,1840758.0,-229500.0,-6185789.0,96153219550.0,40714971450.0,-5011575000.0,-136868190250.0
30/01/2026,18177.22068,22000.0,600.0,0.02727273,17815.28487,18257.65086,17413.13397,29059127.0,648203972600.0,1051400.0,23168650000.0,30110527.0,671372622600.0,1128459.0,-1182229.0,2295600.0,53770.0,24962419650.0,-26503764650.0,51625080000.0,1541345000.0
29/01/2026,17694.6396,22050.0,-50.0,-0.00226757,17855.49996,18257.65086,17694.6396,20268471.0,450405104300.0,300000.0,6935000000.0,20568471.0,457340104300.0,2430702.0,-2001802.0,-1405800.0,-428900.0,53967195600.0,-44703170600.0,-30830555000.0,-9264025000.0
28/01/2026,17734.85469,22600.0,-550.0,-0.02433628,18338.08104,18338.08104,17493.56415,46550883.0,1029147290700.0,23156400.0,502381690000.0,69707283.0,1531528980700.0,-296067.0,2861647.0,1386200.0,-2565580.0,-7552557000.0,64378065000.0,30651215000.0,-56825508000.0
27/01/2026,18177.22068,22750.0,-150.0,-0.00659341,18458.72631,18579.37158,17976.14523,35457706.0,804363922500.0,3700000.0,84535000000.0,39157706.0,888898922500.0,-1564635.0,1233535.0,429100.0,331100.0,-35224454550.0,27786009550.0,9815230000.0,7438445000.0
26/01/2026,18297.86595,24300.0,-1550.0,-0.06378601,19544.53374,19544.53374,18177.22068,63159561.0,1463188329950.0,4055200.0,98625200000.0,67214761.0,1561813529950.0,-2787402.0,3299182.0,1709800.0,-511780.0,-63196134000.0,75842845000.0,39607915000.0,-12646710500.0
23/01/2026,19544.53374,24600.0,-300.0,-0.01219512,19866.25446,20228.19027,19464.10356,39720549.0,978936995450.0,100000.0,2515000000.0,39820549.0,981451995450.0,1938343.0,-2730758.0,-2239000.0,792415.0,47806752600.0,-67299797600.0,-54726160000.0,19493045250.0
22/01/2026,19785.82428,24350.0,250.0,0.01026694,19745.60919,20067.32991,19303.2432,32723352.0,801143153300.0,2397900.0,60878435000.0,35121252.0,862021588300.0,2903144.0,-1172444.0,150300.0,-1730700.0,70727411550.0,-28275326550.0,3595225000.0,-42452085000.0
21/01/2026,19584.74883,25550.0,-1200.0,-0.04696673,20268.40536,20308.62045,19142.38284,83051459.0,2013185649350.0,5655000.0,150646000000.0,88706459.0,2163831649350.0,-1601877.0,3900347.0,2562400.0,-2298470.0,-37956620850.0,94096970850.0,62144855000.0,-56140349500.0
20/01/2026,20549.91099,26000.0,-450.0,-0.01730769,21072.70716,21072.70716,20147.76009,47674463.0,1219827552950.0,3637151.0,94792740964.0,51311614.0,1314620293914.0,-1575410.0,5860067.0,445600.0,-4284657.0,-39326741100.0,149879094101.0,11372445000.0,-110552352050.0
19/01/2026,20911.8468,24700.0,1300.0,0.05263158,19906.46955,21233.56752,19705.3941,68138065.0,1753081995950.0,640000.0,15456300000.0,68778065.0,1768538295950.0,3943870.0,-5773760.0,364500.0,1829890.0,101388771050.0,-147342101050.0,9254110000.0,45953330000.0
16/01/2026,19866.25446,25100.0,-400.0,-0.01593625,20469.48081,20469.48081,19464.10356,50512084.0,1251617473100.0,3850000.0,90552100000.0,54362084.0,1342169573100.0,1832120.0,4361630.0,425700.0,-6193750.0,46549708700.0,107436316300.0,10526915000.0,-153986025000.0
15/01/2026,20187.97518,24700.0,400.0,0.01619433,20027.11482,20710.77135,19705.3941,70481222.0,1771995318150.0,280000.0,7280000000.0,70761222.0,1779275318150.0,7117048.0,-2192392.0,831700.0,-4924656.0,178932547700.0,-55018957700.0,20963850000.0,-123913590000.0
14/01/2026,19866.25446,24400.0,300.0,0.01229508,19866.25446,20187.97518,19061.95266,62600098.0,1530676471750.0,0.0,0.0,62600098.0,1530676471750.0,-4031676.0,688987.0,1020600.0,3342689.0,-97889704600.0,18284861600.0,24941935000.0,79604843950.0
13/01/2026,19624.96392,22850.0,1550.0,0.0678337,18901.0923,19624.96392,18860.87721,101502765.0,2452864473450.0,3669500.0,84050800000.0,105172265.0,2536915273450.0,1100113.0,-6613695.0,-3835800.0,5513582.0,27379920599.0,-160926098600.0,-94039190000.0,133546178000.0
12/01/2026,18378.29613,21400.0,1450.0,0.06775701,17372.91888,18378.29613,17252.27361,61581430.0,1393172334500.0,2875000.0,65693750000.0,64456430.0,1458866084500.0,-5302176.0,4568994.0,-1139500.0,733182.0,-119105262000.0,104062804000.0,-25936405000.0,15042458700.0
09/01/2026,17212.05852,22000.0,-600.0,-0.02727273,17935.93014,18016.36032,16809.90762,58494901.0,1250640969950.0,2480000.0,55550000000.0,60974901.0,1306190969950.0,-5367752.0,14595526.0,222200.0,-9227774.0,-114248450400.0,312058469400.0,4667270000.0,-197810018750.0
08/01/2026,17694.6396,21850.0,150.0,0.00686499,17694.6396,18297.86595,17453.34906,47509197.0,1058305126450.0,3401800.0,78090500000.0,50910997.0,1136395626450.0,845788.0,-3894272.0,19900.0,3048484.0,20108446200.0,-87521929200.0,593790000.0,67413482700.0
07/01/2026,17573.99433,21000.0,850.0,0.04047619,17171.84343,17855.49996,17131.62834,31437135.0,683419943400.0,865000.0,18220000000.0,32302135.0,701639943400.0,-2350175.0,-1112537.0,-27400.0,3462712.0,-50940880000.0,-24144889000.0,-586020000.0,75085769000.0
06/01/2026,16890.3378,21000.0,0.0,0.0,17010.98307,17292.4887,16206.68127,43191412.0,897709674550.0,581001.0,12201021000.0,43772413.0,909910695550.0,-6086350.0,1811145.0,205200.0,4275205.0,-124548248550.0,36851022550.0,4173070000.0,87697226500.0
05/01/2026,16890.3378,22500.0,-1500.0,-0.06666667,18217.43577,18217.43577,16850.12271,81308525.0,1742512540800.0,250000.0,5745000000.0,81558525.0,1748257540800.0,-895614.0,8292296.0,11400.0,-7396682.0,-17976845300.0,178519450300.0,264685000.0,-160542604700.0
31/12/2025,18096.7905,22900.0,-400.0,-0.01746725,18539.15649,18539.15649,18016.36032,19053873.0,431828090900.0,4500000.0,101250000000.0,23553873.0,533078090900.0,864210.0,85642.0,525600.0,-949852.0,19639952950.0,1893826050.0,11839760000.0,-21533779550.0
30/12/2025,18418.51122,22800.0,100.0,0.00438596,18458.72631,18619.58667,18257.65086,24753377.0,567375395350.0,7814130.0,185553815500.0,32567507.0,752929210850.0,-4712525.0,2065025.0,-2449500.0,2647500.0,-108110355750.0,47434680750.0,-55994235000.0,60675675000.0
29/12/2025,18338.08104,22800.0,0.0,0.0,18498.9414,18659.80176,18257.65086,13708096.0,314247253400.0,2910000.0,66366000000.0,16618096.0,380613253400.0,554457.0,-1011757.0,-301600.0,457300.0,12537680551.0,-23045300550.0,-6858930000.0,10507620000.0
26/12/2025,18338.08104,23000.0,-200.0,-0.00869565,18498.9414,18740.23194,17654.42451,45236209.0,1023097531450.0,1442000.0,35072000000.0,46678209.0,1058169531450.0,1214258.0,-1431638.0,180800.0,217380.0,27723566700.0,-32381555700.0,4158080000.0,4657989000.0
25/12/2025,18498.9414,23600.0,-600.0,-0.02542373,19061.95266,19584.74883,18498.9414,37877285.0,899985698850.0,1155000.0,25901250000.0,39032285.0,925886948850.0,1896201.0,-804341.0,5800.0,-1091860.0,45520054750.0,-19591903750.0,336685000.0,-25928151000.0
24/12/2025,18981.52248,23900.0,-300.0,-0.0125523,19222.81302,19303.2432,18780.44703,27940061.0,660874628550.0,230000.0,5530000000.0,28170061.0,666404628550.0,2947578.0,-2393878.0,495100.0,-553700.0,69705736100.0,-56522826101.0,11743685000.0,-13182910000.0
23/12/2025,19222.81302,23500.0,400.0,0.01702128,19061.95266,19544.53374,18780.44703,49142458.0,1164951582650.0,1253200.0,29032959200.0,50395658.0,1193984541850.0,2980319.0,-7110721.0,-75800.0,4130402.0,69275109850.0,-167090248850.0,-1894540000.0,97815139100.0
22/12/2025,18901.0923,22300.0,1200.0,0.05381166,18217.43577,19061.95266,18016.36032,53328186.0,1233551741900.0,420000.0,9667000000.0,53748186.0,1243218741900.0,1864607.0,-5777580.0,1770400.0,3912973.0,43666446900.0,-134775647900.0,41209160000.0,91109201100.0
19/12/2025,17935.93014,22000.0,300.0,0.01363636,17815.28487,18096.7905,17654.42451,30823839.0,685241547550.0,1330100.0,30616700000.0,32153939.0,715858247550.0,-3943289.0,-2818706.0,895400.0,6761995.0,-87634382601.0,-62922155400.0,19959410000.0,150556537950.0
18/12/2025,17694.6396,22250.0,-250.0,-0.01123596,17976.14523,17976.14523,17453.34906,25587318.0,561926144650.0,460000.0,10374500000.0,26047318.0,572300644650.0,-998911.0,451511.0,110000.0,547400.0,-22088281150.0,9976416150.0,2421250000.0,12111865000.0
17/12/2025,17895.71505,22900.0,-650.0,-0.02838428,18418.51122,18458.72631,17775.06978,23727230.0,532082784300.0,1527000.0,35980000000.0,25254230.0,568062784300.0,-362170.0,1558493.0,620000.0,-1196323.0,-7718832200.0,34521601200.0,13873000000.0,-26802768450.0
16/12/2025,18418.51122,21800.0,1100.0,0.05045872,17694.6396,18539.15649,16890.3378,49683731.0,1094290088500.0,1160000.0,23823000000.0,50843731.0,1118113088500.0,5725782.0,-9698791.0,0.0,3973009.0,128087598700.0,-213840445700.0,-15500000.0,85752847300.0
15/12/2025,17533.77924,21800.0,0.0,0.0,17573.99433,17976.14523,17171.84343,35442252.0,774998561100.0,305000.0,6694000000.0,35747252.0,781692561100.0,2763358.0,-9791958.0,1601400.0,7028600.0,60336769100.0,-214276394100.0,34903575000.0,153939625000.0
12/12/2025,17533.77924,23400.0,-1600.0,-0.06837607,18981.52248,18981.52248,17533.77924,42285071.0,949712424050.0,160000.0,3997000000.0,42445071.0,953709424050.0,4741028.0,-4357488.0,725200.0,-383540.0,106375206550.0,-97111882550.0,16242435000.0,-9263324000.0
11/12/2025,18820.66212,23000.0,400.0,0.0173913,18619.58667,19021.73757,18458.72631,24958990.0,579589466450.0,588000.0,13720000000.0,25546990.0,593309466450.0,2183918.0,-4402936.0,310400.0,2219018.0,50638409500.0,-102215436500.0,7203000000.0,51577026200.0
10/12/2025,18498.9414,23500.0,-500.0,-0.0212766,18901.0923,19303.2432,18338.08104,29290892.0,685446562750.0,250000.0,6145000000.0,29540892.0,691591562750.0,251483.0,47517.0,375500.0,-299000.0,6040378700.0,1378966300.0,8730055000.0,-7419345000.0
09/12/2025,18901.0923,23550.0,-50.0,-0.00212314,18659.80176,19021.73757,18016.36032,59348636.0,1363097530400.0,1318000.0,32765900000.0,60666636.0,1395863430400.0,-2637914.0,2831174.0,697100.0,-193260.0,-60740828050.0,65550512050.0,16023420000.0,-4809684000.0
08/12/2025,18941.30739,24400.0,-850.0,-0.03483607,19745.60919,19745.60919,18901.0923,31330822.0,750300370050.0,440000.0,11299000000.0,31770822.0,761599370050.0,-98590.0,1282578.0,525300.0,-1183988.0,-1830093100.0,29992215100.0,12525845000.0,-28162121100.0
05/12/2025,19624.96392,25050.0,-650.0,-0.0259481,20228.19027,20389.05063,19584.74883,33297765.0,823632258100.0,658000.0,16456300000.0,33955765.0,840088558100.0,2531492.0,593694.0,2770000.0,-3125186.0,63070771950.0,14468219050.0,68482150000.0,-77538991650.0
04/12/2025,20147.76009,24300.0,750.0,0.0308642,19705.3941,20308.62045,19705.3941,54496052.0,1357366246150.0,50000.0,1255000000.0,54546052.0,1358621246150.0,7964951.0,-5253491.0,4020600.0,-2711460.0,198623009450.0,-130921325450.0,100249270000.0,-67701684000.0
03/12/2025,19544.53374,24450.0,-150.0,-0.00613497,19826.03937,19826.03937,19263.02811,31597993.0,764130460950.0,1888000.0,47934900000.0,33485993.0,812065360950.0,1390313.0,-25738.0,-10000.0,-1364575.0,33447042450.0,-422419450.0,-241000000.0,-33024622500.0
02/12/2025,19665.17901,24500.0,-50.0,-0.00204082,19745.60919,19745.60919,18981.52248,40975216.0,988989260400.0,50000.0,1150000000.0,41025216.0,990139260400.0,-4081916.0,6449313.0,0.0,-2367397.0,-99117400050.0,157142451050.0,0.0,-58025050900.0
01/12/2025,19705.3941,24500.0,0.0,0.0,19785.82428,20187.97518,19343.45829,36448285.0,894459876950.0,844000.0,21099000000.0,37292285.0,915558876950.0,2372310.0,-3446514.0,0.0,1074204.0,58564564850.0,-85108821850.0,0.0,26544257800.0
28/11/2025,19705.3941,25150.0,-650.0,-0.02584493,20429.26572,20429.26572,19584.74883,58465640.0,1446920977500.0,5614000.0,143903300000.0,64079640.0,1590824277500.0,-1456312.0,-2849648.0,0.0,4305960.0,-36137676251.0,-70046643750.0,0.0,106184319950.0
27/11/2025,20228.19027,24500.0,650.0,0.02653061,20107.545,20952.06189,19946.68464,69117423.0,1765441194250.0,408000.0,9801000000.0,69525423.0,1775242194250.0,-10099937.0,8045557.0,-800.0,2054380.0,-256743805250.0,203841995250.0,-20840000.0,52901810000.0
26/11/2025,19705.3941,22900.0,1600.0,0.069869,18619.58667,19705.3941,18579.37158,62818471.0,1524809345150.0,498300.0,11601120000.0,63316771.0,1536410465150.0,-10988243.0,6819473.0,-300.0,4168770.0,-268229885500.0,166873860500.0,-434760000.0,101356025000.0
25/11/2025,18418.51122,23550.0,-650.0,-0.02760085,19021.73757,19021.73757,18016.36032,52396359.0,1202852382250.0,558000.0,13435100000.0,52954359.0,1216287482250.0,-3225906.0,2702465.0,0.0,523441.0,-74170204551.0,63181365550.0,0.0,10988839850.0
24/11/2025,18941.30739,23300.0,250.0,0.01072961,18941.30739,19303.2432,18659.80176,30345577.0,713546479850.0,538250.0,11990025000.0,30883827.0,725536504850.0,-2433497.0,3900563.0,0.0,-1467066.0,-56976819150.0,91422172150.0,0.0,-34445353050.0
21/11/2025,18740.23194,24550.0,-1250.0,-0.0509165,19383.67338,19423.88847,18498.9414,67549489.0,1587441244100.0,3482000.0,80958350000.0,71031489.0,1668399594100.0,15578860.0,14387140.0,0.0,-29966000.0,366458788100.0,337750841900.0,0.0,-704209630000.0
20/11/2025,19745.60919,25000.0,-450.0,-0.018,20107.545,20389.05063,19383.67338,37895349.0,932423269200.0,1005000.0,26271000000.0,38900349.0,958694269200.0,-4992330.0,1650837.0,-14600.0,3341493.0,-121135967200.0,39503727200.0,-362605000.0,81632239300.0
19/11/2025,20107.545,26000.0,-1000.0,-0.03846154,20871.63171,20911.8468,19745.60919,42831793.0,1080326370400.0,358000.0,9285000000.0,43189793.0,1089611370400.0,-2974995.0,3507795.0,0.0,-532800.0,-75143882650.0,88946162650.0,0.0,-13802280000.0
18/11/2025,20911.8468,26000.0,0.0,0.0,20992.27698,21474.85806,20590.12608,44359071.0,1157248519600.0,540100.0,13280420000.0,44899171.0,1170528939600.0,-1643337.0,7444467.0,-25000.0,-5801130.0,-42348359401.0,193867316400.0,-110855000.0,-151518956500.0
17/11/2025,20911.8468,25800.0,200.0,0.00775194,20871.63171,21032.49207,20549.91099,30026995.0,775420918800.0,3598600.0,92858080000.0,33625595.0,868278998800.0,-3006726.0,6546399.0,2405000.0,-3539673.0,-77472492300.0,169023770300.0,61798930000.0,-91551277500.0
14/11/2025,20750.98644,25000.0,800.0,0.032,20027.11482,21112.92225,19866.25446,47766867.0,1214138199300.0,520400.0,13010000000.0,48287267.0,1227148199300.0,-13795721.0,14275071.0,4521000.0,-479350.0,-348852003750.0,362061438750.0,114717280000.0,-13209435000.0
13/11/2025,20107.545,25450.0,-450.0,-0.01768173,20509.6959,20549.91099,19946.68464,36141350.0,903671301450.0,345900.0,8788880000.0,36487250.0,912460181450.0,15623.0,5162277.0,-50000.0,-5177900.0,532844850.0,129168750150.0,-1275000000.0,-129701595000.0
12/11/2025,20469.48081,24350.0,1100.0,0.04517454,19946.68464,20710.77135,19584.74883,52155368.0,1309412122950.0,6410900.0,160544000000.0,58566268.0,1469956122950.0,-2958010.0,8954316.0,2050000.0,-5996306.0,-73847028950.0,224035380950.0,51484200000.0,-150188352800.0
11/11/2025,19584.74883,23400.0,950.0,0.04059829,19061.95266,19624.96392,18659.80176,41173065.0,980503611400.0,6143000.0,151658300000.0,47316065.0,1132161911400.0,1050999.0,-1257299.0,6200.0,206300.0,23911242900.0,-28671012900.0,146930000.0,4759770000.0
10/11/2025,18820.66212,24500.0,-1100.0,-0.04489796,19584.74883,19986.89973,18498.9414,60778034.0,1449849172200.0,1668100.0,43704220000.0,62446134.0,1493553392200.0,-4520679.0,1391629.0,450800.0,3129050.0,-106057527000.0,32812169000.0,10583920000.0,73245357800.0
07/11/2025,19705.3941,26250.0,-1750.0,-0.06666667,21112.92225,21434.64297,19705.3941,32239364.0,827402264700.0,3438000.0,85237600000.0,35677364.0,912639864700.0,3591710.0,-2628110.0,15200.0,-963600.0,92151183150.0,-66066683150.0,399590000.0,-26084500000.0
06/11/2025,21112.92225,27050.0,-800.0,-0.02957486,21716.1486,21877.00896,20952.06189,26186724.0,692369067300.0,100000.0,2707500000.0,26286724.0,695076567300.0,3063634.0,-916334.0,-195700.0,-2147300.0,81140536801.0,-24452136800.0,-5152700000.0,-56688400000.0
05/11/2025,21756.36369,27850.0,-800.0,-0.02872531,22399.80513,22399.80513,21515.07315,32164942.0,875683135350.0,1008000.0,26827500000.0,33172942.0,902510635350.0,1425291.0,1381595.0,0.0,-2806886.0,38917908550.0,38067007450.0,0.0,-76984916500.0
04/11/2025,22399.80513,26050.0,1800.0,0.06909789,20670.55626,22399.80513,20670.55626,63226834.0,1696456719400.0,9637000.0,251632425000.0,72863834.0,1948089144400.0,-2651736.0,-9804035.0,-640000.0,12455771.0,-69665723400.0,-256653566600.0,-17853280000.0,326319290000.0
03/11/2025,20952.06189,28000.0,-1950.0,-0.06964286,22520.4504,22641.09567,20952.06189,70772259.0,1884232040350.0,3758000.0,101922100000.0,74530259.0,1986154140350.0,4638029.0,6034760.0,-35000.0,-10672789.0,124311773899.0,159461236100.0,485250000.0,-283773010250.0
31/10/2025,22520.4504,29300.0,-1300.0,-0.0443686,23324.7522,24048.62382,22158.51459,47758633.0,1373865549500.0,7530500.0,213926750000.0,55289133.0,1587792299500.0,-7527541.0,3721355.0,320000.0,3806186.0,-214423914350.0,106922579350.0,9171460000.0,107501335400.0
30/10/2025,23566.04274,31500.0,-2200.0,-0.06984127,25415.93688,25415.93688,23566.04274,65660009.0,1962303663550.0,0.0,0.0,65660009.0,1962303663550.0,-1784366.0,14680321.0,336000.0,-12895955.0,-52291374349.0,441971220350.0,10938205000.0,-389679845400.0
29/10/2025,25335.5067,32000.0,-500.0,-0.015625,25777.87269,25898.51796,25013.78598,26730634.0,847827037750.0,1006000.0,32348000000.0,27736634.0,880175037750.0,-2361641.0,6687141.0,75500.0,-4325500.0,-74596596200.0,212267186200.0,2603895000.0,-137670590000.0
28/10/2025,25737.6576,31000.0,1000.0,0.03225806,25335.5067,25737.6576,24812.71053,27833612.0,872743173900.0,2000000.0,66200000000.0,29833612.0,938943173900.0,-2127877.0,2031619.0,-28700.0,96258.0,-67267993600.0,64279537600.0,-1055850000.0,2988456100.0
27/10/2025,24933.3558,30950.0,50.0,0.00161551,24933.3558,26461.52922,24772.49544,56395869.0,1778193837000.0,518800.0,14962600000.0,56914669.0,1793156437000.0,-11803706.0,11187816.0,-161800.0,615890.0,-369265108000.0,349916732000.0,-5526890000.0,19348376050.0
24/10/2025,24893.14071,33100.0,-2150.0,-0.06495468,26340.88395,26381.09904,24893.14071,51402629.0,1625936894000.0,58000.0,1902400000.0,51460629.0,1627839294000.0,2938489.0,1519663.0,228500.0,-4458152.0,93865140799.0,49643458200.0,7641085000.0,-143508598400.0
23/10/2025,26622.38958,34800.0,-1700.0,-0.04885057,28150.563,28150.563,26622.38958,22109480.0,754755767250.0,1306000.0,45090000000.0,23415480.0,799845767250.0,183629.0,1739722.0,41000.0,-1923351.0,6812398650.0,59734096350.0,1410400000.0,-66546495000.0
22/10/2025,27989.70264,34700.0,100.0,0.00288184,28029.91773,28230.99318,26139.8085,35343493.0,1188790705300.0,2400000.0,79200000000.0,37743493.0,1267990705300.0,-838878.0,3170370.0,72900.0,-2331492.0,-26758771250.0,106367128250.0,2439725000.0,-79608356650.0
21/10/2025,27909.27246,35750.0,-1050.0,-0.02937063,28592.92899,29115.72516,26863.68012,76690422.0,2674997008800.0,1240000.0,44330000000.0,77930422.0,2719327008800.0,-13033483.0,9391183.0,-447600.0,3642300.0,-458206197300.0,331757377300.0,-15245635000.0,126448820000.0
20/10/2025,28753.78935,38400.0,-2650.0,-0.06901042,30724.32876,31367.7702,28753.78935,45048379.0,1677643184050.0,0.0,0.0,45048379.0,1677643184050.0,1318046.0,-4582117.0,546500.0,3264071.0,55912410550.0,-178007998550.0,20090755000.0,122095588900.0
17/10/2025,30885.18912,39550.0,-1150.0,-0.02907712,31930.78146,32292.71727,30764.54385,42472768.0,1660774381950.0,420500.0,15609120000.0,42893268.0,1676383501950.0,5634828.0,-4041278.0,4700.0,-1593550.0,221535648950.0,-159076086950.0,186045000.0,-62459562500.0
16/10/2025,31810.13619,39600.0,-50.0,-0.00126263,32212.28709,32534.00781,31528.63056,37120252.0,1476170052150.0,0.0,0.0,37120252.0,1476170052150.0,512249.0,-3753748.0,8000.0,3241499.0,21703479600.0,-150471555600.0,318560000.0,128768075150.0
15/10/2025,31850.35128,39100.0,500.0,0.01278772,32011.21164,32332.93236,31488.41547,42922425.0,1704826597400.0,100000.0,3650000000.0,43022425.0,1708476597400.0,6673092.0,-7096674.0,1016400.0,423582.0,265641912951.0,-282479990950.0,40461900000.0,16838077900.0
14/10/2025,31448.20038,37500.0,1600.0,0.04266667,30724.32876,32212.28709,30643.89858,76609977.0,2997702773000.0,1190000.0,45046000000.0,77799977.0,3042748773000.0,12253263.0,-14706655.0,-855400.0,2453392.0,481501160350.0,-576036460350.0,-33102070000.0,94535300350.0
13/10/2025,30161.3175,37650.0,-150.0,-0.00398406,29799.38169,30281.96277,29517.87606,33224063.0,1233381121000.0,0.0,0.0,33224063.0,1233381121000.0,1122338.0,-2676475.0,-844800.0,1554137.0,41753068150.0,-99619133150.0,-31356180000.0,57866065400.0
10/10/2025,30281.96277,38100.0,-450.0,-0.01181102,30563.4684,31126.47966,30121.10241,40704663.0,1545379126900.0,1470000.0,52185000000.0,42174663.0,1597564126900.0,6066270.0,-3209087.0,-899000.0,-2857183.0,230987585900.0,-122678161900.0,-34101615000.0,-108309423500.0
09/10/2025,30643.89858,38100.0,0.0,0.0,31287.34002,31287.34002,30241.74768,31767888.0,1208752686400.0,4047000.0,157618500000.0,35814888.0,1366371186400.0,5592729.0,-2052266.0,-368000.0,-3540463.0,213903816550.0,-78909554550.0,-13928100000.0,-134994262000.0
08/10/2025,30643.89858,37500.0,600.0,0.016,30965.6193,31166.69475,29397.23079,41812324.0,1571565070850.0,8123000.0,283652700000.0,49935324.0,1855217770850.0,3985995.0,-2347546.0,-1690000.0,-1638449.0,151861743300.0,-90836236300.0,-63139800000.0,-61025506450.0
07/10/2025,30161.3175,37950.0,-450.0,-0.01185771,30563.4684,31287.34002,30040.67223,27396580.0,1037803239600.0,4595000.0,162605000000.0,31991580.0,1200408239600.0,2334179.0,-1675541.0,-143000.0,-658638.0,88157307300.0,-63637828300.0,-5407855000.0,-24519479100.0
06/10/2025,30523.25331,35500.0,2450.0,0.06901408,29357.0157,30523.25331,28954.8648,44778475.0,1680707299650.0,7030061.0,241528219100.0,51808536.0,1922235518750.0,703768.0,-4601140.0,-346000.0,3897372.0,25291028950.0,-172848485950.0,-12979760000.0,147557456750.0
03/10/2025,28552.7139,36200.0,-700.0,-0.01933702,29035.29498,29035.29498,28230.99318,22126214.0,785245811800.0,3154250.0,106578050000.0,25280464.0,891823861800.0,803392.0,401149.0,163300.0,-1204541.0,28660266750.0,14168625250.0,5802700000.0,-42828892250.0
02/10/2025,29115.72516,37000.0,-800.0,-0.0216,30161.3175,30161.3175,28995.07989,14725078.0,538982627550.0,6917400.0,246299190000.0,21642478.0,785281817550.0,-61649.0,1763948.0,169300.0,-1702299.0,-1990652650.0,64162110650.0,6092550000.0,-62171457050.0
01/10/2025,29759.1666,36100.0,900.0,0.02493075,29598.30624,30402.60804,29397.23079,31108284.0,1156362013950.0,5400000.0,181650000000.0,36508284.0,1338012013950.0,3225814.0,-5486524.0,22700.0,2260710.0,120288755650.0,-204661109650.0,812420000.0,84372353250.0
30/09/2025,29035.29498,36100.0,0.0,0.0,29357.0157,29357.0157,28271.20827,17675973.0,633876723950.0,0.0,0.0,17675973.0,633876723950.0,-178383.0,2420784.0,207400.0,-2242401.0,-5735874200.0,86365184200.0,7446135000.0,-80629310600.0
29/09/2025,29035.29498,36000.0,100.0,0.00277778,28954.8648,29517.87606,28552.7139,17412043.0,625561126450.0,2658000.0,99186000000.0,20070043.0,724747126450.0,-2053197.0,4259159.0,-218000.0,-2205962.0,-73304910850.0,152556632850.0,-7813060000.0,-79251722000.0
26/09/2025,28954.8648,37250.0,-1250.0,-0.03355705,30080.88732,30080.88732,28914.64971,22054389.0,804690044200.0,1950000.0,74037500000.0,24004389.0,878727544200.0,964532.0,3696959.0,121000.0,-4661491.0,35526012150.0,134696213850.0,4339335000.0,-170222225150.0
25/09/2025,29960.24205,37100.0,150.0,0.00404313,30000.45714,30563.4684,29799.38169,24982744.0,933819582850.0,15420000.0,544408500000.0,40402744.0,1478228082850.0,2505228.0,103535.0,60000.0,-2608763.0,93565001250.0,3848525750.0,2225750000.0,-97413526750.0
24/09/2025,29839.59678,36900.0,200.0,0.00542005,29879.81187,29879.81187,28954.8648,25953101.0,950617604000.0,5425000.0,189598750000.0,31378101.0,1140216354000.0,-711197.0,3229497.0,28100.0,-2518300.0,-24808561649.0,117371981650.0,1050735000.0,-92563420000.0
23/09/2025,29678.73642,36150.0,750.0,0.02074689,29075.51007,29920.02696,28753.78935,23347286.0,857861726100.0,12600000.0,425880000000.0,35947286.0,1283741726100.0,-3334498.0,-3435426.0,-196100.0,6769924.0,-123043835250.0,-126633537750.0,-7032745000.0,249677373000.0
22/09/2025,29075.51007,35200.0,950.0,0.02698864,28954.8648,29115.72516,26984.32539,47715818.0,1668311516500.0,1674000.0,58246000000.0,49389818.0,1726557516500.0,-3357392.0,-1401744.0,-10100.0,4759136.0,-126845698150.0,-46532898850.0,-413140000.0,173378596800.0
19/09/2025,28311.42336,37000.0,-1800.0,-0.04864865,29839.59678,30161.3175,28311.42336,39125288.0,1415218799500.0,2930000.0,110440000000.0,42055288.0,1525658799500.0,6530225.0,-498330.0,-23800.0,-6031895.0,231309300700.0,-29229525700.0,-894045000.0,-202079774800.0
18/09/2025,29759.1666,36500.0,500.0,0.01369863,29517.87606,30121.10241,28713.57426,27634097.0,1010851900500.0,0.0,0.0,27634097.0,1010851900500.0,1716077.0,1601791.0,-17700.0,-3317868.0,63424627100.0,58021970900.0,-654055000.0,-121446598600.0
17/09/2025,29357.0157,38000.0,-1500.0,-0.03947368,30161.3175,30322.17786,29357.0157,20229201.0,749682992200.0,111000.0,3996000000.0,20340201.0,753678992200.0,-787803.0,1273485.0,-275000.0,-485682.0,-29715251150.0,47517918150.0,-10126390000.0,-17802666750.0
16/09/2025,30563.4684,37450.0,550.0,0.01468625,32131.85691,32131.85691,30161.3175,62396426.0,2432151200600.0,150000.0,5557500000.0,62546426.0,2437708700600.0,6121949.0,-16705202.0,-123600.0,10583253.0,235640961000.0,-648212311000.0,-4680960000.0,412571350850.0
15/09/2025,30121.10241,35000.0,2450.0,0.07,29357.0157,30121.10241,28954.8648,49414790.0,1835258783800.0,4339000.0,141334450000.0,53753790.0,1976593233800.0,1792032.0,-7341357.0,267900.0,5549325.0,66347678500.0,-271589626500.0,9852355000.0,205241948200.0
12/09/2025,28150.563,34800.0,200.0,0.00574713,28190.77809,28271.20827,27627.76683,27332534.0,952511014550.0,4550395.0,148937837500.0,31882929.0,1101448852050.0,-4490819.0,8149838.0,-731400.0,-3659019.0,-156866952000.0,284025886000.0,-25457725000.0,-127158934450.0
11/09/2025,27989.70264,35800.0,-1000.0,-0.02793296,28713.57426,28713.57426,26783.24994,44968309.0,1527282734650.0,10700000.0,366980000000.0,55668309.0,1894262734650.0,-3562888.0,6236356.0,287500.0,-2673468.0,-119596386800.0,211193603800.0,9872830000.0,-91597216650.0
10/09/2025,28794.00444,35500.0,300.0,0.0084507,29276.58552,29316.80061,28271.20827,33147584.0,1182272908500.0,18638000.0,617776200000.0,51785584.0,1800049108500.0,4360868.0,-3864289.0,-1950100.0,-496579.0,155538595601.0,-137743309600.0,-69498430000.0,-17795285550.0
09/09/2025,28552.7139,33500.0,2000.0,0.05970149,26220.23868,28552.7139,25375.72179,38484016.0,1262906226300.0,8630000.0,271379000000.0,47114016.0,1534285226300.0,-1573699.0,-383711.0,153800.0,1957410.0,-47640480150.0,-14074062850.0,4951245000.0,61714543500.0
08/09/2025,26944.1103,36000.0,-2500.0,-0.06944444,28914.64971,28914.64971,26944.1103,48982573.0,1670775434700.0,5248000.0,193319800000.0,54230573.0,1864095234700.0,-278628.0,2962236.0,445600.0,-2683608.0,-11013353550.0,102660649550.0,15104485000.0,-91647295100.0
05/09/2025,28954.8648,37500.0,-1500.0,-0.04,30563.4684,30563.4684,28552.7139,38211276.0,1406962399250.0,2832000.0,107999400000.0,41043276.0,1514961799250.0,-550421.0,2328221.0,-413600.0,-1777800.0,-19964447900.0,86296467900.0,-15314420000.0,-66332020000.0
04/09/2025,30161.3175,37450.0,50.0,0.00133511,30442.82313,30523.25331,29839.59678,24546691.0,918765555800.0,2355000.0,90868000000.0,26901691.0,1009633555800.0,2543264.0,-1196364.0,82900.0,-1346900.0,95583639650.0,-45267804650.0,3103475000.0,-50315835000.0
03/09/2025,30121.10241,37700.0,-250.0,-0.0066313,30241.74768,30442.82313,29678.73642,22954461.0,857254733950.0,150000.0,5310000000.0,23104461.0,862564733950.0,3348428.0,193348.0,301200.0,-3541776.0,125432334450.0,6873231550.0,11234840000.0,-132305566000.0
29/08/2025,30322.17786,38400.0,-700.0,-0.01822917,31206.90984,31568.84565,30281.96277,64723915.0,2500597490350.0,50000.0,1945000000.0,64773915.0,2502542490350.0,11207377.0,-2497649.0,-2788900.0,-8709728.0,434153781950.0,-96596820950.0,-106037865000.0,-337556961450.0
28/08/2025,30885.18912,36850.0,1550.0,0.04206242,29759.1666,30925.40421,28834.21953,58131489.0,2173517031400.0,316100.0,10923230000.0,58447589.0,2184440261400.0,3387406.0,-1559028.0,36799.0,-1828378.0,130746365050.0,-65791865050.0,1594358000.0,-64954499500.0
27/08/2025,29638.52133,34850.0,2000.0,0.05738881,28995.07989,29960.24205,28552.7139,61205150.0,2242501739300.0,650000.0,23737500000.0,61855150.0,2266239239300.0,6207146.0,-8479522.0,186500.0,2272376.0,227574569850.0,-310697101850.0,6883400000.0,83122531750.0
26/08/2025,28029.91773,32600.0,2250.0,0.0690184,26099.59341,28029.91773,25978.94814,32139891.0,1087471711200.0,6983900.0,224655865000.0,39123791.0,1312127576200.0,-2410363.0,-1921915.0,50600.0,4332278.0,-82248436450.0,-63356414550.0,1755820000.0,145604850750.0
25/08/2025,26220.23868,34500.0,-1900.0,-0.05507246,29316.80061,29316.80061,25978.94814,35685019.0,1231328989250.0,1580000.0,50958000000.0,37265019.0,1282286989250.0,4380241.0,-2183498.0,-228700.0,-2196743.0,155365335101.0,-75180700100.0,-7896905000.0,-80184635100.0
22/08/2025,27748.4121,35000.0,-500.0,-0.01428571,27667.98192,28552.7139,26461.52922,43525462.0,1488027599550.0,1300000.0,42900000000.0,44825462.0,1530927599550.0,-3835938.0,-1469985.0,457300.0,5305923.0,-129268243850.0,-51329544150.0,16172075000.0,180597788450.0
21/08/2025,28150.563,36500.0,-1500.0,-0.04109589,30000.45714,30161.3175,28150.563,33703132.0,1210704312550.0,9650000.0,335300000000.0,43353132.0,1546004312550.0,1553906.0,1706933.0,-200900.0,-3260839.0,57677239700.0,60269088300.0,-7062705000.0,-117946327700.0
20/08/2025,29357.0157,36300.0,200.0,0.00550964,29196.15534,30121.10241,27185.40084,48785626.0,1749776053750.0,3101000.0,105729000000.0,51886626.0,1855505053750.0,256287.0,-5915587.0,-197100.0,5659300.0,14178822050.0,-215850482050.0,-7733260000.0,201671660000.0
19/08/2025,29196.15534,37000.0,-700.0,-0.01891892,29960.24205,30603.68349,28794.00444,33075651.0,1229833808250.0,2710500.0,93666725000.0,35786151.0,1323500533250.0,-1289858.0,3662515.0,694700.0,-2372657.0,-47251514551.0,136469450550.0,25866995000.0,-89217936500.0
18/08/2025,29759.1666,34700.0,2300.0,0.06628242,29276.58552,29759.1666,28351.63845,39030827.0,1408638473550.0,100000.0,3230000000.0,39130827.0,1411868473550.0,2305160.0,2197645.0,701900.0,-4502805.0,83261197100.0,78976896900.0,25512940000.0,-162238094000.0
15/08/2025,27909.27246,32450.0,2250.0,0.06933744,27909.27246,27909.27246,26944.1103,45142884.0,1557935619250.0,7025086.0,217961097200.0,52167970.0,1775896716450.0,-229884.0,-4801786.0,146700.0,5031670.0,-8304931250.0,-165171623750.0,4801120000.0,173476554500.0
14/08/2025,26099.59341,30350.0,2100.0,0.06919275,24531.2049,26099.59341,24490.98981,38597812.0,1238148264750.0,200000.0,5660000000.0,38797812.0,1243808264750.0,2108863.0,-4224338.0,130100.0,2115475.0,64036542001.0,-130690242000.0,4159070000.0,66653700050.0
13/08/2025,24410.55963,30000.0,350.0,0.01166667,24129.054,24490.98981,22761.74094,61980405.0,1826766132700.0,155086.0,4327080000.0,62135491.0,1831093212700.0,2460737.0,-3565952.0,505200.0,1105215.0,78870196300.0,-110897170300.0,14974585000.0,32026974000.0
12/08/2025,24129.054,29250.0,750.0,0.02564103,23807.33328,24289.91436,23324.7522,31330592.0,931790939200.0,1348000.0,36806900000.0,32678592.0,968597839200.0,5150584.0,-3377884.0,434600.0,-1772700.0,153020134400.0,-100607559400.0,12802300000.0,-52412575000.0
11/08/2025,23525.82765,28500.0,750.0,0.02631579,23324.7522,24088.83891,22842.17112,46915768.0,1375000621500.0,426000.0,11322050000.0,47341768.0,1386322671500.0,1891631.0,-760971.0,-2302000.0,-1130660.0,56141772000.0,-23840260000.0,-67942705000.0,-32301512000.0
08/08/2025,22922.6013,28350.0,150.0,0.00529101,22962.81639,23485.61256,22399.80513,52308487.0,1490646425250.0,1220000.0,32425000000.0,53528487.0,1523071425250.0,-2554161.0,3949079.0,169870.0,-1394918.0,-72720624350.0,112643550350.0,5278421000.0,-39922926100.0
07/08/2025,22801.95603,28500.0,-150.0,-0.00526316,23485.61256,23485.61256,22319.37495,39992440.0,1129181086650.0,0.0,0.0,39992440.0,1129181086650.0,-2513060.0,6467521.0,-794400.0,-3954461.0,-70216142650.0,182325402650.0,-22475400000.0,-112109259150.0
06/08/2025,22922.6013,26800.0,1700.0,0.06343284,21675.93351,23043.24657,21273.78261,60228722.0,1675424522450.0,2450000.0,64850000000.0,62678722.0,1740274522450.0,-15409023.0,10426115.0,-2739434.0,4982908.0,-430932045150.0,292742255150.0,-75429939000.0,138189789700.0
05/08/2025,21555.28824,27700.0,-900.0,-0.03249097,22882.38621,22882.38621,20750.98644,77867931.0,2121425719700.0,219600.0,5772236800.0,78087531.0,2127197956500.0,-1470307.0,6556599.0,-1285378.0,-5086292.0,-41586402401.0,182267544400.0,-32586647000.0,-140681142400.0
04/08/2025,22279.15986,26300.0,1400.0,0.05323194,20389.05063,22440.02022,20348.83554,45138770.0,1195359604300.0,360000.0,8820000000.0,45498770.0,1204179604300.0,-3619218.0,363923.0,-484000.0,3255295.0,-94697828100.0,7620250100.0,-12414770000.0,87077578000.0
01/08/2025,21153.13734,27300.0,-1000.0,-0.03663004,21957.43914,22359.59004,20911.8468,50266483.0,1345945609500.0,600000.0,15270000000.0,50866483.0,1361215609500.0,-3604749.0,1237948.0,401600.0,2366801.0,-95168228700.0,33101687700.0,10828430000.0,62066541100.0
31/07/2025,21957.43914,25600.0,1700.0,0.06640625,21153.13734,21957.43914,20549.91099,54250559.0,1441582829650.0,1250000.0,31300000000.0,55500559.0,1472882829650.0,-1935807.0,3520845.0,780900.0,-1585038.0,-53215592150.0,96036533150.0,20753710000.0,-42820940750.0
30/07/2025,20590.12608,23950.0,1650.0,0.06889353,19624.96392,20590.12608,18860.87721,73073678.0,1810947229950.0,986537.0,23842088000.0,74060215.0,1834789317950.0,845552.0,-5820046.0,560200.0,4974494.0,21180228500.0,-143342004500.0,13678950000.0,122161775900.0
29/07/2025,19263.02811,25700.0,-1750.0,-0.06809339,21997.65423,21997.65423,19263.02811,118914991.0,3037093442250.0,1550000.0,37700000000.0,120464991.0,3074793442250.0,-6781588.0,16461721.0,2284500.0,-9680133.0,-165602156000.0,423097400000.0,58294945000.0,-257495244450.0
28/07/2025,20670.55626,24050.0,1650.0,0.06860707,20590.12608,20670.55626,20228.19027,33012475.0,847067985850.0,2984300.0,68943900000.0,35996775.0,916011885850.0,2611545.0,1479521.0,2038900.0,-4091066.0,66885924001.0,37968362000.0,52333855000.0,-104854286200.0
25/07/2025,19343.45829,22500.0,1550.0,0.06888889,18418.51122,19343.45829,18257.65086,35409553.0,843436307800.0,117000.0,2457000000.0,35526553.0,845893307800.0,-5555088.0,4749820.0,136700.0,805268.0,-132007865949.0,112429576950.0,3253070000.0,19578288750.0
24/07/2025,18096.7905,21650.0,850.0,0.03926097,17694.6396,18096.7905,17212.05852,45029415.0,985564172450.0,4715000.0,95213500000.0,49744415.0,1080777672450.0,199483.0,-4559604.0,772800.0,4360121.0,4787371750.0,-100532949750.0,17030565000.0,95745577600.0
23/07/2025,17413.13397,20650.0,1000.0,0.04842615,17292.4887,17734.85469,16769.69253,64803193.0,1398555291850.0,890000.0,17132500000.0,65693193.0,1415687791850.0,1950394.0,9039573.0,-440600.0,-10989967.0,43011207800.0,195428969200.0,-9364155000.0,-238440177450.0
22/07/2025,16608.83217,19300.0,1350.0,0.06994819,15402.37947,16608.83217,15362.16438,61760912.0,1255308225450.0,183500.0,3706775000.0,61944412.0,1259015000450.0,-433913.0,-1779092.0,-2054800.0,2213005.0,-10571576451.0,-32158592550.0,-41564150000.0,42730169500.0
21/07/2025,15523.02474,18850.0,450.0,0.02387268,15643.67001,15844.74546,14960.01348,71073665.0,1356668062650.0,690000.0,12154500000.0,71763665.0,1368822562650.0,3539388.0,972162.0,-554200.0,-4511550.0,65776603750.0,20323056250.0,-10493050000.0,-86099660000.0
18/07/2025,15161.08893,17650.0,1200.0,0.06798867,14397.00222,15161.08893,14316.57204,65043113.0,1203740217200.0,490000.0,8370000000.0,65533113.0,1212110217200.0,3331809.0,-7953379.0,-6019900.0,4621570.0,62371736150.0,-146951507150.0,-110519940000.0,84579771500.0
17/07/2025,14195.92677,17100.0,550.0,0.03216374,14236.14186,14477.4324,13954.63623,51317565.0,906569945300.0,800000.0,12788100000.0,52117565.0,919358045300.0,-2064977.0,4968005.0,742600.0,-2903028.0,-36088950300.0,88251420300.0,13250960000.0,-52162470600.0
16/07/2025,13753.56078,16000.0,1100.0,0.06875,12868.8288,13753.56078,12868.8288,91948330.0,1547174687050.0,1225000.0,20713250000.0,93173330.0,1567887937050.0,-6965385.0,4449436.0,405900.0,2515949.0,-117747292550.0,75419534550.0,6822685000.0,42327758900.0
15/07/2025,12868.8288,15800.0,200.0,0.01265823,12667.75335,13431.84006,12627.53826,60635277.0,987093164400.0,2950000.0,46383600000.0,63585277.0,1033476764400.0,4601117.0,-3052339.0,657400.0,-1548778.0,75916037850.0,-49955891850.0,10675450000.0,-25960146050.0
14/07/2025,12707.96844,15850.0,-50.0,-0.00315457,12748.18353,12788.39862,12346.03263,46494004.0,729731062800.0,3065000.0,48761750000.0,49559004.0,778492812800.0,-335836.0,138435.0,-43800.0,197401.0,-5526999599.0,2087864600.0,-726565000.0,3439135650.0
11/07/2025,12748.18353,15600.0,250.0,0.01602564,12547.10808,12949.25898,12426.46281,50668008.0,798759265700.0,860000.0,13015000000.0,51528008.0,811774265700.0,-2242634.0,-11199.0,30900.0,2253833.0,-35459436600.0,114007600.0,480665000.0,35345428800.0
10/07/2025,12547.10808,15550.0,50.0,0.00321543,12587.32317,12667.75335,12225.38736,46321128.0,718644471350.0,265000.0,3872500000.0,46586128.0,722516971350.0,-5440886.0,1013186.0,1527600.0,4427700.0,-84865897350.0,16266122350.0,23667940000.0,68599775000.0
09/07/2025,12506.89299,15150.0,400.0,0.02640264,12305.81754,12868.8288,12305.81754,60356913.0,942249599400.0,800000.0,11755000000.0,61156913.0,954004599400.0,2317002.0,-7608450.0,327287.0,5291448.0,35648132550.0,-118085947550.0,5083151000.0,82437814750.0
08/07/2025,12185.17227,14850.0,300.0,0.02020202,11943.88173,12225.38736,11863.45155,55695824.0,835614951300.0,165000.0,2310000000.0,55860824.0,837924951300.0,-135696.0,-10099004.0,265500.0,10234700.0,-1980437950.0,-151427582050.0,4018770000.0,153408020000.0
07/07/2025,11943.88173,14550.0,300.0,0.02061856,11863.45155,12225.38736,11702.59119,69967069.0,1041611746800.0,240000.0,3359200000.0,70207069.0,1044970946800.0,582352.0,1152798.0,73300.0,-1735150.0,8061176850.0,17901596150.0,1088155000.0,-25962772500.0
04/07/2025,11702.59119,14150.0,400.0,0.02826855,11501.51574,11903.66664,11501.51574,74349538.0,1075884297850.0,2538200.0,35714436200.0,76887738.0,1111598734050.0,-7056182.0,3718431.0,-1500.0,3337751.0,-102571683900.0,54438921900.0,-23700000.0,48132761950.0
03/07/2025,11380.87047,13650.0,500.0,0.03663004,11018.93466,11742.80628,10938.50448,125443258.0,1779834526250.0,800000.0,10372500000.0,126243258.0,1790207026250.0,-27091946.0,21551231.0,-26500.0,5540715.0,-384390943250.0,306173337250.0,-379150000.0,78217606250.0
02/07/2025,10978.71957,12800.0,850.0,0.06640625,10295.06304,10978.71957,10295.06304,120989116.0,1617079451400.0,2776000.0,33428600000.0,123765116.0,1650508051400.0,4126400.0,-13009552.0,21000.0,8883152.0,59384292750.0,-177008879750.0,282975000.0,117624586200.0
01/07/2025,10295.06304,12750.0,50.0,0.00392157,10375.49322,10375.49322,10174.41777,25911682.0,331313495100.0,2322000.0,30560400000.0,28233682.0,361873895100.0,-1361204.0,985007.0,24500.0,376197.0,-17466990850.0,12647738850.0,314825000.0,4819251600.0
30/06/2025,10254.84795,12700.0,50.0,0.00393701,10375.49322,10455.9234,10254.84795,19161579.0,246346460100.0,200000.0,2647100000.0,19361579.0,248993560100.0,1221897.0,-2977541.0,-805500.0,1755644.0,15606571850.0,-38267341850.0,-10373175000.0,22660770400.0
27/06/2025,10214.63286,12700.0,0.0,0.0,10335.27813,10375.49322,10174.41777,16834615.0,214652279750.0,0.0,0.0,16834615.0,214652279750.0,2542977.0,12116.0,-1393500.0,-2555093.0,32464454900.0,89092100.0,-17730075000.0,-32553547150.0
26/06/2025,10214.63286,12850.0,-150.0,-0.01167315,10295.06304,10335.27813,10134.20268,17674107.0,224893792600.0,200000.0,2601600000.0,17874107.0,227495392600.0,-1741081.0,1756881.0,-1397300.0,-15800.0,-22171788050.0,22373453050.0,-17784970000.0,-201665000.0
25/06/2025,10335.27813,12900.0,-50.0,-0.00387597,10415.70831,10455.9234,10295.06304,21464806.0,276546015950.0,0.0,0.0,21464806.0,276546015950.0,1941929.0,-1449924.0,-1367500.0,-492005.0,24979425600.0,-18626851600.0,-17604350000.0,-6352574250.0
24/06/2025,10375.49322,12450.0,450.0,0.03614458,10214.63286,10536.35358,10174.41777,53389464.0,687242141100.0,250000.0,3200850000.0,53639464.0,690442991100.0,7406112.0,-10111017.0,-1969500.0,2704905.0,95079308800.0,-129780807800.0,-25439875000.0,34701499750.0
23/06/2025,10013.55741,12550.0,-100.0,-0.00796813,10013.55741,10053.7725,9772.26687,22303687.0,275308333800.0,3100000.0,39990000000.0,25403687.0,315298333800.0,-822419.0,1853718.0,-1000.0,-1031299.0,-10167578250.0,22970891250.0,-23665000.0,-12803312600.0
20/06/2025,10093.98759,12450.0,100.0,0.00803213,10093.98759,10214.63286,10053.7725,14695637.0,184765092800.0,1000000.0,13160000000.0,15695637.0,197925092800.0,340759.0,-907859.0,-9700.0,567100.0,4268416699.0,-11383356700.0,-85550000.0,7114940000.0
19/06/2025,10013.55741,12600.0,-150.0,-0.01190476,10134.20268,10134.20268,9973.34232,15401377.0,192273238050.0,0.0,0.0,15401377.0,192273238050.0,1293836.0,92214.0,-430400.0,-1386050.0,16184377500.0,1151887500.0,-5330520000.0,-17336265000.0
18/06/2025,10134.20268,12500.0,76.0,0.00606835,10254.84795,10295.06304,10093.98759,22721858.0,287930891550.0,11600000.0,142525000000.0,34321858.0,430455891550.0,-2165690.0,3548735.0,-287100.0,-1383045.0,-27386698200.0,44907824200.0,-3613670000.0,-17521126500.0
17/06/2025,10073.124001308,13300.0,-150.0,-0.0112782,10226.327408172,10264.628259888,10034.823149592,27637818.0,365044439900.0,9500000.0,126350000000.0,37137818.0,491394439900.0,-3511918.0,3965328.0,1898000.0,-453410.0,-46425071050.0,52416158050.0,25007465000.0,-5991087500.0
16/06/2025,10188.026556456,13000.0,300.0,0.02307692,9881.619742728,10188.026556456,9881.619742728,23987716.0,314656746650.0,0.0,0.0,23987716.0,314656746650.0,-2871070.0,1855820.0,355800.0,1015250.0,-37832832050.0,24587145050.0,4606480000.0,13245687500.0
13/06/2025,9958.22144616,13400.0,-400.0,-0.02985075,10073.124001308,10149.72570474,9805.018039296,65968737.0,858822802550.0,50000.0,660000000.0,66018737.0,859482802550.0,-2015626.0,7896866.0,710000.0,-5881240.0,-25992979700.0,103129060700.0,9467850000.0,-77136081000.0
12/06/2025,10264.628259888,13300.0,100.0,0.0075188,10264.628259888,10379.530815036,10226.327408172,26893276.0,362071488000.0,539000.0,7529900000.0,27432276.0,369601388000.0,-2268618.0,-1618230.0,-226500.0,3886848.0,-30548041550.0,-21857763450.0,-3036750000.0,52405805600.0
11/06/2025,10188.026556456,13200.0,100.0,0.00757576,10226.327408172,10341.22996332,10111.424853024,23933758.0,319567125450.0,3500000.0,46550000000.0,27433758.0,366117125450.0,-3857573.0,-1407327.0,718100.0,5264900.0,-51550826750.0,-18855833250.0,9581340000.0,70406660000.0
10/06/2025,10111.424853024,13150.0,50.0,0.00380228,10073.124001308,10302.929111604,10073.124001308,38525173.0,513064522850.0,200000.0,2800000000.0,38725173.0,515864522850.0,3249029.0,-10903192.0,1900000.0,7654163.0,43371993800.0,-145375099800.0,25268500000.0,102003106000.0
09/06/2025,10073.124001308,13550.0,-400.0,-0.0295203,10379.530815036,10456.132518468,10034.823149592,37908778.0,506161871000.0,995300.0,13287490000.0,38904078.0,519449361000.0,1652940.0,-3493040.0,790000.0,1840100.0,21849419299.0,-46087134300.0,10540010000.0,24237715000.0
06/06/2025,10379.530815036,13850.0,-300.0,-0.02166065,10571.035073616,10609.335925332,10302.929111604,47697566.0,651005095850.0,7013000.0,100205900000.0,54710566.0,751210995850.0,1422644.0,-1474844.0,2148700.0,52200.0,19202979399.0,-19954024400.0,29305575000.0,751045000.0
05/06/2025,10609.335925332,14100.0,-250.0,-0.0177305,10800.840183912,10877.441887344,10494.433370184,50723507.0,704773500300.0,5397000.0,78654200000.0,56120507.0,783427700300.0,279493.0,3596007.0,222200.0,-3875500.0,3883126049.0,50334903950.0,3077470000.0,-54218030000.0
04/06/2025,10800.840183912,14050.0,50.0,0.00355872,10800.840183912,10992.344442492,10724.23848048,39336364.0,555661466600.0,65000.0,913650000.0,39401364.0,556575116600.0,-1202742.0,1282242.0,-13200.0,-79500.0,-16964613800.0,18014298800.0,-189115000.0,-1049685000.0
03/06/2025,10762.539332196,13900.0,150.0,0.01079137,10839.141035628,11068.946145924,10685.937628764,65423748.0,928942385600.0,1400000.0,18436000000.0,66823748.0,947378385600.0,-623493.0,545593.0,448700.0,77900.0,-8770317750.0,7417417750.0,6375170000.0,1352900000.0
02/06/2025,10647.636777048,13650.0,250.0,0.01831502,10417.831666752,10647.636777048,10341.22996332,33489952.0,460095520350.0,0.0,0.0,33489952.0,460095520350.0,-834207.0,-3977393.0,124300.0,4811600.0,-11353640499.0,-54841149500.0,1685475000.0,66194790000.0
30/05/2025,10456.132518468,13900.0,-250.0,-0.01798561,10647.636777048,10800.840183912,10341.22996332,44896501.0,618751913600.0,50000.0,695000000.0,44946501.0,619446913600.0,-6326756.0,6508056.0,219800.0,-181300.0,-86700623700.0,89129208700.0,3002580000.0,-2428585000.0
29/05/2025,10647.636777048,13800.0,100.0,0.00724638,10647.636777048,10915.74273906,10494.433370184,55376506.0,776439049050.0,0.0,0.0,55376506.0,776439049050.0,-4363029.0,1239057.0,242700.0,3123972.0,-60761432250.0,17065382250.0,3401165000.0,43696050800.0
28/05/2025,10571.035073616,13600.0,200.0,0.01470588,10609.335925332,10877.441887344,10379.530815036,74846170.0,1038773954350.0,2320000.0,30063000000.0,77166170.0,1068836954350.0,-1675105.0,3377105.0,0.0,-1702000.0,-22534285250.0,46464065250.0,0.0,-23929780000.0
27/05/2025,10417.831666752,13550.0,50.0,0.00369004,10456.132518468,10609.335925332,10302.929111604,46203526.0,631051967050.0,4470000.0,58794500000.0,50673526.0,689846467050.0,-478473.0,11017821.0,-327300.0,-10539348.0,-6395359801.0,150416336800.0,-4465830000.0,-144020977600.0
26/05/2025,10379.530815036,13400.0,150.0,0.01119403,10302.929111604,10456.132518468,9919.920594444,54047595.0,721161976800.0,2350000.0,30580000000.0,56397595.0,751741976800.0,4640407.0,2282893.0,-85800.0,-6923300.0,61617332250.0,31286772750.0,-1138005000.0,-92904105000.0
23/05/2025,10264.628259888,13550.0,-150.0,-0.01107011,10571.035073616,10609.335925332,10188.026556456,42513501.0,575046442150.0,180000.0,2385500000.0,42693501.0,577431942150.0,4876163.0,-2700261.0,226722.0,-2175902.0,65959667050.0,-36472972050.0,3061884000.0,-29486694600.0
22/05/2025,10379.530815036,13400.0,150.0,0.01119403,10302.929111604,10915.74273906,10226.327408172,105925219.0,1465797240250.0,100000.0,1400000000.0,106025219.0,1467197240250.0,-12210202.0,1553724.0,250000.0,10656478.0,-169026529351.0,21426265350.0,3355000000.0,147600264000.0
21/05/2025,10264.628259888,13300.0,100.0,0.0075188,10302.929111604,10417.831666752,10149.72570474,49426759.0,663585265400.0,20000.0,266000000.0,49446759.0,663851265400.0,-3535570.0,3846870.0,-4200.0,-311300.0,-47447917450.0,51578402450.0,-55650000.0,-4130485000.0
20/05/2025,10188.026556456,12800.0,500.0,0.0390625,9843.318891012,10264.628259888,9728.416335864,64813247.0,848652842500.0,172000.0,2244600000.0,64985247.0,850897442500.0,-13902351.0,5375811.0,9900.0,8526540.0,-181726954200.0,70002949200.0,127875000.0,111724005000.0
19/05/2025,9805.018039296,13050.0,-250.0,-0.01915709,9919.920594444,10073.124001308,9805.018039296,43209615.0,559807297400.0,120000.0,1579000000.0,43329615.0,561386297400.0,-230495.0,-297904.0,311900.0,528399.0,-3150853350.0,-3786455650.0,4069865000.0,6937308650.0
16/05/2025,9996.522297876,13100.0,-50.0,-0.00381679,10073.124001308,10264.628259888,9996.522297876,67975961.0,897731119550.0,0.0,0.0,67975961.0,897731119550.0,2868927.0,-2205227.0,-14100.0,-663700.0,37511904500.0,-28652174500.0,-186195000.0,-8859730000.0
15/05/2025,10034.823149592,12850.0,250.0,0.01945525,9919.920594444,10073.124001308,9728.416335864,47932676.0,620561498900.0,0.0,0.0,47932676.0,620561498900.0,1136428.0,-3854328.0,6600.0,2717900.0,15064256000.0,-49971811000.0,86130000.0,34907555000.0
14/05/2025,9843.318891012,12850.0,0.0,0.0,9843.318891012,10034.823149592,9728.416335864,37225910.0,478377147950.0,5980000.0,76544000000.0,43205910.0,554921147950.0,1689541.0,-2273341.0,-9900.0,583800.0,21896126700.0,-29269301699.0,-127380000.0,7373175000.0
13/05/2025,9843.318891012,12600.0,250.0,0.01984127,9881.619742728,10149.72570474,9728.416335864,60492960.0,784532276850.0,350000.0,4385000000.0,60842960.0,788917276850.0,-5228853.0,2061442.0,-6600.0,3167411.0,-68288118500.0,27333770500.0,-85635000.0,40954348000.0
12/05/2025,9651.814632432,12450.0,150.0,0.01204819,9613.513780716,9690.115484148,9498.611225568,29474481.0,368807687950.0,2300000.0,29900000000.0,31774481.0,398707687950.0,-1750057.0,1568605.0,199600.0,181452.0,-21912127600.0,19635672600.0,2510475000.0,2276455750.0
09/05/2025,9536.912077284,12400.0,50.0,0.00403226,9575.212929,9805.018039296,9498.611225568,38843820.0,489803918200.0,0.0,0.0,38843820.0,489803918200.0,3644843.0,-6416943.0,13000.0,2772100.0,45919175650.0,-81137795650.0,164975000.0,35218620000.0
08/05/2025,9498.611225568,12150.0,250.0,0.02057613,9383.70867042,9575.212929,9345.407818704,25763473.0,318513883200.0,0.0,0.0,25763473.0,318513883200.0,718907.0,-3106407.0,23100.0,2387500.0,8832199750.0,-38369899750.0,286275000.0,29537700000.0
07/05/2025,9307.106966988,12300.0,-150.0,-0.01219512,9383.70867042,9498.611225568,9268.806115272,27047557.0,330630609700.0,6370000.0,80239500000.0,33417557.0,410870109700.0,1693596.0,-2586596.0,13200.0,893000.0,20679464000.0,-31632794000.0,160380000.0,10953330000.0
06/05/2025,9422.009522136,12450.0,-150.0,-0.01204819,9613.513780716,9690.115484148,9383.70867042,30965533.0,386523163900.0,0.0,0.0,30965533.0,386523163900.0,-1110852.0,1511089.0,0.0,-400237.0,-13667088250.0,18595991250.0,0.0,-4928902500.0
05/05/2025,9536.912077284,11950.0,500.0,0.041841,9268.806115272,9651.814632432,9230.505263556,33798103.0,416596159100.0,6350000.0,79360000000.0,40148103.0,495956159100.0,3111989.0,-2157863.0,0.0,-954126.0,39185235850.0,-27190634850.0,0.0,-11994601000.0
29/04/2025,9153.903560124,12050.0,-100.0,-0.00829876,9230.505263556,9307.106966988,9153.903560124,17992529.0,216634531150.0,99000.0,1212750000.0,18091529.0,217847281150.0,2852500.0,-191700.0,0.0,-2660800.0,34107155000.0,-2317800000.0,0.0,-31789355000.0
28/04/2025,9230.505263556,12000.0,50.0,0.00416667,9307.106966988,9345.407818704,9153.903560124,18911855.0,227727575350.0,0.0,0.0,18911855.0,227727575350.0,411700.0,-877100.0,0.0,465400.0,4981155000.0,-10576420000.0,0.0,5595265000.0
25/04/2025,9192.20441184,12100.0,-100.0,-0.00826446,9383.70867042,9383.70867042,9115.602708408,24858642.0,299813263900.0,99000.0,1212750000.0,24957642.0,301026013900.0,1516100.0,-1025800.0,0.0,-490300.0,18344175000.0,-12411470000.0,0.0,-5932705000.0
24/04/2025,9268.806115272,12250.0,-150.0,-0.0122449,9498.611225568,9498.611225568,9077.301856692,42204877.0,510789143650.0,0.0,0.0,42204877.0,510789143650.0,-532897.0,-1056903.0,-300.0,1589800.0,-6344358250.0,-12703891750.0,-3690000.0,19048250000.0
23/04/2025,9383.70867042,12200.0,50.0,0.00409836,9690.115484148,9728.416335864,9383.70867042,23708519.0,293697369950.0,1200000.0,15000000000.0,24908519.0,308697369950.0,3427497.0,-2046507.0,0.0,-1380990.0,42473252450.0,-25356156450.0,0.0,-17117096000.0
22/04/2025,9345.407818704,12500.0,-300.0,-0.024,9383.70867042,9613.513780716,8924.098449828,109314653.0,1293083780800.0,12785000.0,164354500000.0,122099653.0,1457438280800.0,1346943.0,730800.0,-62200.0,-2077743.0,16823534950.0,8564120000.0,-765720000.0,-25387654950.0
21/04/2025,9575.212929,12700.0,-200.0,-0.01574803,9919.920594444,9996.522297876,9422.009522136,42558796.0,535097572050.0,2000000.0,25400000000.0,44558796.0,560497572050.0,2500238.0,9400.0,-3500.0,-2509638.0,31637483800.0,98485000.0,-44275000.0,-31735968800.0
18/04/2025,9728.416335864,12550.0,150.0,0.01195219,9766.71718758,10111.424853024,9651.814632432,90269265.0,1164340685750.0,0.0,0.0,90269265.0,1164340685750.0,-4043300.0,10415500.0,9959000.0,-6372200.0,-51875165000.0,133301985000.0,127130490000.0,-81426820000.0
17/04/2025,9613.513780716,12450.0,100.0,0.00803213,9422.009522136,9805.018039296,9422.009522136,37159048.0,465517707100.0,0.0,0.0,37159048.0,465517707100.0,335739.0,530250.0,-25700.0,-865989.0,4506665550.0,6688602500.0,-320240000.0,-11195268050.0
16/04/2025,9536.912077284,12600.0,-150.0,-0.01190476,9766.71718758,9843.318891012,9460.310373852,30529153.0,382833141500.0,100000.0,1257500000.0,30629153.0,384090641500.0,92729.0,-1437029.0,38500.0,1344300.0,1092174100.0,-17897544100.0,481425000.0,16805370000.0
15/04/2025,9651.814632432,12700.0,-100.0,-0.00787402,9728.416335864,10034.823149592,9383.70867042,51470395.0,651865435800.0,145000.0,1741500000.0,51615395.0,653606935800.0,-2802829.0,-602471.0,-50200.0,3405300.0,-35135516350.0,-7396323650.0,-628465000.0,42531840000.0
14/04/2025,9728.416335864,11900.0,800.0,0.06722689,9230.505263556,9728.416335864,9115.602708408,61266892.0,760642081450.0,0.0,0.0,61266892.0,760642081450.0,-2200435.0,-3084965.0,-62800.0,5285400.0,-26580278250.0,-37927216750.0,-793195000.0,64507495000.0
11/04/2025,9115.602708408,11150.0,750.0,0.06726457,8962.399301544,9115.602708408,8655.992487816,72008200.0,839699958400.0,0.0,0.0,72008200.0,839699958400.0,-589096.0,598279.0,-38100.0,-9183.0,-6866111750.0,6998801150.0,-432590000.0,-132689400.0
10/04/2025,8541.089932668,10450.0,700.0,0.06698565,8541.089932668,8541.089932668,8541.089932668,1235362.0,13774283000.0,5243000.0,54789350000.0,6478362.0,68563633000.0,103924.0,-900.0,-200.0,-103024.0,1158752600.0,-10035000.0,-2230000.0,-1148717600.0
09/04/2025,8004.878008644,11200.0,-750.0,-0.06696429,8004.878008644,8464.488229236,8004.878008644,92938292.0,978192386550.0,0.0,0.0,92938292.0,978192386550.0,3173282.0,480954.0,-1136.0,-3654236.0,33983184600.0,5140675200.0,-11925000.0,-39123859800.0
08/04/2025,8579.390784384,12000.0,-800.0,-0.06666667,8885.797598112,9039.001004976,8579.390784384,21598886.0,243705246550.0,598000.0,7069400000.0,22196886.0,250774646550.0,1518299.0,-118400.0,-12000.0,-1399899.0,17173873800.0,-1328395000.0,-135000000.0,-15845478800.0
04/04/2025,9192.20441184,12050.0,-50.0,-0.00414938,8617.6916361,9192.20441184,8617.6916361,77571788.0,892068157950.0,1448000.0,18244800000.0,79019788.0,910312957950.0,-341404.0,118800.0,-96100.0,222604.0,-3812669600.0,1474410000.0,-1134365000.0,2338259600.0
03/04/2025,9230.505263556,12950.0,-900.0,-0.06949807,9536.912077284,9651.814632432,9230.505263556,71188170.0,872471939200.0,1920600.0,24871770000.0,73108770.0,897343709200.0,-6168470.0,4589600.0,4990100.0,1578870.0,-76748422450.0,57489360000.0,62404845000.0,19259062450.0
02/04/2025,9919.920594444,12500.0,450.0,0.036,9651.814632432,10034.823149592,9575.212929,62113482.0,800142041450.0,5718000.0,69271300000.0,67831482.0,869413341450.0,-7068028.0,2828364.0,2908364.0,4239664.0,-91233346900.0,36776213450.0,37673963000.0,54457133450.0
01/04/2025,9575.212929,12250.0,250.0,0.02040816,9460.310373852,9651.814632432,9422.009522136,20164245.0,251386997700.0,5000000.0,63000000000.0,25164245.0,314386997700.0,-686100.0,43200.0,0.0,642900.0,-8563609000.0,525364500.0,-15000.0,8038244500.0
31/03/2025,9383.70867042,12550.0,-300.0,-0.02390438,9536.912077284,9575.212929,9383.70867042,27408066.0,338543873050.0,8000000.0,101200000000.0,35408066.0,439743873050.0,2084300.0,-307600.0,-38000.0,-1776700.0,25881980000.0,-3810915000.0,-466940000.0,-22071065000.0
28/03/2025,9613.513780716,12550.0,0.0,0.0,9613.513780716,9728.416335864,9498.611225568,34021503.0,427569038150.0,17030000.0,216540000000.0,51051503.0,644109038150.0,742300.0,-418400.0,-39000.0,-323900.0,9347245000.0,-5273725000.0,-490375000.0,-4073520000.0
27/03/2025,9613.513780716,12600.0,-50.0,-0.00396825,9728.416335864,9766.71718758,9613.513780716,25077137.0,316870060300.0,50000.0,587500000.0,25127137.0,317457560300.0,-7287000.0,7766900.0,8012000.0,-479900.0,-92044425000.0,98118390000.0,101230700000.0,-6073965000.0
26/03/2025,9651.814632432,12450.0,150.0,0.01204819,9536.912077284,9805.018039296,9498.611225568,48819725.0,617692708150.0,4530000.0,53448000000.0,53349725.0,671140708150.0,-16776527.0,15595484.0,17010443.0,1181043.0,-212671233250.0,197693124700.0,215555239000.0,14978108550.0
25/03/2025,9536.912077284,12350.0,100.0,0.00809717,9536.912077284,9843.318891012,9422.009522136,58800035.0,741992416400.0,970000.0,11834000000.0,59770035.0,753826416400.0,81000.0,-395950.0,-14050.0,314950.0,1258604100.0,-5022699550.0,-179195000.0,3764095450.0
24/03/2025,9460.310373852,12250.0,100.0,0.00816327,9383.70867042,9460.310373852,9268.806115272,25086492.0,307336111900.0,0.0,0.0,25086492.0,307336111900.0,-497400.0,145500.0,82000.0,351900.0,-6076425000.0,1778155000.0,1006810000.0,4298270000.0
21/03/2025,9383.70867042,12300.0,-50.0,-0.00406504,9345.407818704,9536.912077284,9345.407818704,28567981.0,352039287100.0,1175000.0,14314500000.0,29742981.0,366353787100.0,1652121.0,221500.0,134500.0,-1873621.0,20281432250.0,2743285000.0,1657620000.0,-23024717250.0
20/03/2025,9422.009522136,12100.0,200.0,0.01652893,9307.106966988,9498.611225568,9230.505263556,24826136.0,303345894550.0,0.0,0.0,24826136.0,303345894550.0,-568596.0,173598.0,-24002.0,394998.0,-6913594201.0,2101672100.0,-293103000.0,4811922100.0
19/03/2025,9268.806115272,12200.0,-100.0,-0.00819672,9307.106966988,9345.407818704,9115.602708408,25792483.0,310949616250.0,970000.0,11834000000.0,26762483.0,322783616250.0,1076530.0,-870663.0,-246363.0,-205867.0,13010224800.0,-10519311000.0,-2974826000.0,-2490913800.0
18/03/2025,9345.407818704,12300.0,-100.0,-0.00813008,9536.912077284,9575.212929,9268.806115272,32923263.0,405627484400.0,32.0,390400.0,32923295.0,405627874800.0,550450.0,-378200.0,-283400.0,-172250.0,6717237000.0,-4600393500.0,-3490383000.0,-2116843500.0
17/03/2025,9422.009522136,12300.0,0.0,0.0,9422.009522136,9536.912077284,9383.70867042,22906920.0,282595812100.0,400000.0,5260000000.0,23306920.0,287855812100.0,-3330084.0,296500.0,-185800.0,3033584.0,-41094383200.0,3664660000.0,-2291445000.0,37429723200.0
14/03/2025,9422.009522136,12200.0,100.0,0.00819672,9268.806115272,9498.611225568,9230.505263556,33581226.0,409641678650.0,30000000.0,368880000000.0,63581226.0,778521678650.0,169668.0,412266.0,-4534.0,-581934.0,2081555799.0,5034959600.0,-55580000.0,-7116515400.0
13/03/2025,9345.407818704,12450.0,-250.0,-0.02008032,9498.611225568,9575.212929,9268.806115272,41323060.0,509090569400.0,18000000.0,238500000000.0,59323060.0,747590569400.0,-1037016.0,2193668.0,33768.0,-1156652.0,-12890225000.0,27238643000.0,413003000.0,-14348418000.0
12/03/2025,9536.912077284,11950.0,500.0,0.041841,9192.20441184,9575.212929,9192.20441184,87959591.0,1081651622800.0,0.0,0.0,87959591.0,1081651622800.0,-31272115.0,34319054.0,30001644.0,-3046939.0,-385138517450.0,422286100950.0,368906980000.0,-37147583500.0
11/03/2025,9153.903560124,11900.0,50.0,0.00420168,8962.399301544,9230.505263556,8847.496746396,46007807.0,543869414900.0,0.0,0.0,46007807.0,543869414900.0,5348685.0,81200.0,16800.0,-5429885.0,63065183750.0,928220000.0,197660000.0,-63993403750.0
10/03/2025,9115.602708408,11850.0,50.0,0.00421941,9115.602708408,9307.106966988,9077.301856692,39665090.0,475257863650.0,1000000.0,11400000000.0,40665090.0,486657863650.0,-1010493.0,-236100.0,220000.0,1246593.0,-12096049000.0,-2841195000.0,2628895000.0,14937244000.0
07/03/2025,9077.301856692,11850.0,0.0,0.0,9192.20441184,9307.106966988,9039.001004976,40189222.0,479761909200.0,0.0,0.0,40189222.0,479761909200.0,181820.0,-406090.0,-228200.0,224270.0,2130406000.0,-4856999500.0,-2720285000.0,2726593500.0
06/03/2025,9077.301856692,11100.0,750.0,0.06756757,8617.6916361,9077.301856692,8579.390784384,113141825.0,1314812089800.0,1000000.0,11400000000.0,114141825.0,1326212089800.0,-4951000.0,-2352100.0,-1451000.0,7303100.0,-56893195000.0,-27316820000.0,-17072795000.0,84210015000.0
05/03/2025,8502.789080952,11500.0,-400.0,-0.03478261,8809.19589468,8962.399301544,8502.789080952,59879318.0,683077311850.0,134000.0,1513800000.0,60013318.0,684591111850.0,2926328.0,-1947828.0,-1479600.0,-978500.0,33176259800.0,-21824449800.0,-16581630000.0,-11351810000.0
04/03/2025,8809.19589468,11800.0,-300.0,-0.02542373,8962.399301544,9077.301856692,8426.18737752,96317589.0,1105088626600.0,0.0,0.0,96317589.0,1105088626600.0,-2245064.0,6024450.0,-1080900.0,-3779386.0,-27126898700.0,71445062500.0,-12029760000.0,-44318163800.0
03/03/2025,9039.001004976,11450.0,350.0,0.03056769,8770.895042964,9192.20441184,8655.992487816,65480290.0,764587984950.0,0.0,0.0,65480290.0,764587984950.0,2139640.0,-2603200.0,-1540000.0,463560.0,24901188000.0,-30056725000.0,-17466200000.0,5155537000.0
28/02/2025,8770.895042964,11500.0,-50.0,-0.00434783,8809.19589468,8962.399301544,8694.293339532,35643679.0,410519773750.0,0.0,0.0,35643679.0,410519773750.0,4287923.0,-4263823.0,-4165100.0,-24100.0,49184151600.0,-48944596600.0,-47795755000.0,-239555000.0
27/02/2025,8809.19589468,11450.0,50.0,0.00436681,8809.19589468,8885.797598112,8579.390784384,39576835.0,450640302600.0,0.0,0.0,39576835.0,450640302600.0,-1014800.0,-124800.0,468800.0,1139600.0,-11392540000.0,-1421890000.0,5401090000.0,12814430000.0
26/02/2025,8770.895042964,11450.0,0.0,0.0,8809.19589468,8962.399301544,8732.594191248,36958926.0,426001052800.0,50000.0,577500000.0,37008926.0,426578552800.0,-11500.0,-2075900.0,-2078300.0,2087400.0,-133980000.0,-23837070000.0,-23935550000.0,23971050000.0
25/02/2025,8770.895042964,11500.0,-50.0,-0.00434783,8847.496746396,8962.399301544,8732.594191248,51610841.0,597467106500.0,50000.0,580000000.0,51660841.0,598047106500.0,-117400.0,855900.0,515100.0,-738500.0,-1389215000.0,9951935000.0,5969755000.0,-8562720000.0
24/02/2025,8809.19589468,11300.0,200.0,0.01769912,8617.6916361,8847.496746396,8541.089932668,42269473.0,482171886150.0,2720000.0,29098000000.0,44989473.0,511269886150.0,-1413550.0,122700.0,6500.0,1290850.0,-15964052500.0,1370070000.0,72500000.0,14593982500.0
21/02/2025,8655.992487816,11250.0,50.0,0.00444444,8579.390784384,8655.992487816,8502.789080952,29397588.0,329922951150.0,0.0,0.0,29397588.0,329922951150.0,-2167050.0,908700.0,768900.0,1258350.0,-24335687500.0,10190180000.0,8622510000.0,14145507500.0
20/02/2025,8617.6916361,11200.0,50.0,0.00446429,8617.6916361,8770.895042964,8502.789080952,49093990.0,551722750650.0,310500.0,3353400000.0,49404490.0,555076150650.0,-3194158.0,4970582.0,4762282.0,-1776424.0,-35864162800.0,55963096600.0,53617587000.0,-20098933800.0
19/02/2025,8579.390784384,10950.0,250.0,0.02283105,8464.488229236,8579.390784384,8387.886525804,49103339.0,546299141900.0,189500.0,2037125000.0,49292839.0,548336266900.0,-4035105.0,4724605.0,5776800.0,-689500.0,-45040593250.0,52656823250.0,64386675000.0,-7616230000.0
18/02/2025,8387.886525804,10750.0,200.0,0.01860465,8311.284822372,8541.089932668,8196.382267224,42368883.0,462904379500.0,430000.0,4622500000.0,42798883.0,467526879500.0,-47300.0,-1207700.0,-14000.0,1255000.0,-346365000.0,-13327455000.0,-154000000.0,13673820000.0
17/02/2025,8234.68311894,10150.0,600.0,0.0591133,7813.373750064,8311.284822372,7775.072898348,87822306.0,931057438100.0,0.0,0.0,87822306.0,931057438100.0,-4172350.0,3138050.0,-47700.0,1034300.0,-44867005000.0,33657005000.0,-505240000.0,11210000000.0
14/02/2025,7775.072898348,10050.0,100.0,0.00995025,7736.772046632,7889.975453496,7736.772046632,25233274.0,256884673700.0,355000.0,3816250000.0,25588274.0,260700923700.0,-1785519.0,-179800.0,29000.0,1965319.0,-18215030649.0,-1838780000.0,295275000.0,20053810650.0
13/02/2025,7698.471194916,9980.0,70.0,0.00701403,7644.8500025136,7813.373750064,7629.5296618272,17353273.0,174938682060.0,0.0,0.0,17353273.0,174938682060.0,1035071.0,-848900.0,-920000.0,-186171.0,10385299550.0,-8492514000.0,-9207653000.0,-1892785550.0
12/02/2025,7644.8500025136,9940.0,40.0,0.00402414,7614.2093211408,7775.072898348,7614.2093211408,15571319.0,156448472590.0,0.0,0.0,15571319.0,156448472590.0,1153367.0,-1354200.0,-1399000.0,200833.0,11524637700.0,-13534376000.0,-13982361000.0,2009738300.0
11/02/2025,7614.2093211408,9960.0,-20.0,-0.00200803,7629.5296618272,7660.1703432,7614.2093211408,8595186.0,85633612160.0,0.0,0.0,8595186.0,85633612160.0,-79800.0,79500.0,12100.0,300.0,-795236000.0,793029000.0,120031000.0,2207000.0
10/02/2025,7629.5296618272,10100.0,-140.0,-0.0139,7698.471194916,7736.772046632,7614.2093211408,20733586.0,207008016170.0,385000.0,4138750000.0,21118586.0,211146766170.0,267900.0,-467700.0,-35000.0,199800.0,2676564000.0,-4677544000.0,-349965000.0,2000980000.0
07/02/2025,7736.772046632,10050.0,50.0,0.00497512,7775.072898348,7775.072898348,7660.1703432,10819593.0,108973876950.0,1450000.0,15587500000.0,12269593.0,124561376950.0,-158700.0,594500.0,627200.0,-435800.0,-1574535000.0,5974325000.0,6303890000.0,-4399790000.0
06/02/2025,7698.471194916,9990.0,60.0,0.00600601,7736.772046632,7889.975453496,7660.1703432,23322195.0,236027141680.0,0.0,0.0,23322195.0,236027141680.0,1617100.0,1543100.0,943100.0,-3160200.0,16389250000.0,15627015000.0,9504705000.0,-32016265000.0
05/02/2025,7652.5101728568,10150.0,-160.0,-0.01576355,7813.373750064,7813.373750064,7637.1898321704,18891102.0,189566679050.0,0.0,0.0,18891102.0,189566679050.0,3370602.0,827798.0,876800.0,-4198400.0,33891356000.0,8268267000.0,8772120000.0,-42159623000.0
04/02/2025,7775.072898348,9840.0,310.0,0.03150407,7560.5881287384,7775.072898348,7560.5881287384,24075946.0,241585375700.0,90000.0,891090000.0,24165946.0,242476465700.0,1556200.0,-60000.0,6400.0,-1496200.0,15596364000.0,-589760000.0,67702000.0,-15006604000.0
03/02/2025,7537.6076177088,9890.0,-50.0,-0.00505561,7353.763529472,7660.1703432,7353.763529472,11032948.0,108453710680.0,0.0,0.0,11032948.0,108453710680.0,1123700.0,-734900.0,-107600.0,-388800.0,11091233000.0,-7226319000.0,-1058576000.0,-3864914000.0
24/01/2025,7575.9084694248,9580.0,310.0,0.03235908,7353.763529472,7660.1703432,7353.763529472,23391941.0,230210795170.0,1320002.0,13200019490.0,24711943.0,243410814660.0,-2280754.0,-118200.0,133400.0,2398954.0,-22386211569.0,-1166705000.0,1313281000.0,23552916570.0
23/01/2025,7338.4431887856,9430.0,150.0,0.01590668,7238.860974324,7392.064381188,7223.5406336376,13942359.0,132938116930.0,0.0,0.0,13942359.0,132938116930.0,-1284400.0,807500.0,40500.0,476900.0,-12257147000.0,7705831000.0,385875000.0,4551316000.0
22/01/2025,7223.5406336376,9580.0,-150.0,-0.01565762,7346.1033591288,7407.3847218744,7223.5406336376,9688166.0,92267891290.0,2350000.0,23702500000.0,12038166.0,115970391290.0,-393500.0,414000.0,-20100.0,-20500.0,-3754168000.0,3949610000.0,-190910000.0,-195442000.0
21/01/2025,7338.4431887856,9530.0,50.0,0.00524659,7300.1423370696,7392.064381188,7284.8219963832,11198601.0,107101344430.0,41000.0,392780000.0,11239601.0,107494124430.0,-1601607.0,-164600.0,1800.0,1766207.0,-15295707340.0,-1575364000.0,17100000.0,16871071340.0
20/01/2025,7300.1423370696,9470.0,60.0,0.0063358,7254.1813150104,7353.763529472,7208.2202929512,14104993.0,134245813540.0,2350000.0,20703500000.0,16454993.0,154949313540.0,-1594946.0,324000.0,-26100.0,1270946.0,-15196739079.0,3081765000.0,-247734000.0,12114974080.0
17/01/2025,7254.1813150104,9420.0,50.0,0.00530786,7261.8414853536,7307.8025074128,7215.8804632944,8466276.0,80255243270.0,1746320.0,16537650400.0,10212596.0,96792893670.0,-34700.0,26700.0,27000.0,8000.0,-328585000.0,252726000.0,255555000.0,75859000.0
16/01/2025,7215.8804632944,9250.0,170.0,0.01837838,7146.9389302056,7506.966936336,7146.9389302056,14608875.0,139682195830.0,0.0,0.0,14608875.0,139682195830.0,213305.0,-63500.0,-29700.0,-149805.0,2020172250.0,-606383000.0,-285147000.0,-1413789250.0
15/01/2025,7085.65756746,9040.0,210.0,0.02323009,6924.7939902528,7116.2982488328,6924.7939902528,11086383.0,101349114000.0,0.0,0.0,11086383.0,101349114000.0,-73800.0,-51300.0,-10800.0,125100.0,-669423000.0,-467418000.0,-99036000.0,1136841000.0
14/01/2025,6924.7939902528,9120.0,-80.0,-0.00877193,6986.0753529984,7077.9973971168,6924.7939902528,10714274.0,97464736400.0,1000000.0,9200000000.0,11714274.0,106664736400.0,502000.0,-47300.0,-92800.0,-454700.0,4570275000.0,-431904000.0,-844284000.0,-4138371000.0
13/01/2025,6986.0753529984,9200.0,-80.0,-0.00869565,7009.055864028,7077.9973971168,6917.1338199096,17496772.0,159615947890.0,350000.0,3220000000.0,17846772.0,162835947890.0,-382799.0,259099.0,22500.0,123700.0,-3487943800.0,2362612800.0,205245000.0,1125331000.0
10/01/2025,7047.356715744,9560.0,-360.0,-0.0376569,7323.1228480992,7346.1033591288,7047.356715744,20393354.0,190985957550.0,1000000.0,9500000000.0,21393354.0,200485957550.0,81849.0,-11600.0,67500.0,-70249.0,775215910.0,-105602000.0,639495000.0,-669613910.0
09/01/2025,7323.1228480992,9640.0,-80.0,-0.00829876,7361.4236998152,7415.0448922176,7323.1228480992,5555868.0,53414833050.0,0.0,0.0,5555868.0,53414833050.0,149789.0,12100.0,31000.0,-161889.0,1442175850.0,114703000.0,297166000.0,-1556878850.0
08/01/2025,7384.4042108448,9500.0,140.0,0.01473684,7277.16182604,7422.7050625608,7277.16182604,7528673.0,72319512420.0,0.0,0.0,7528673.0,72319512420.0,78900.0,-10400.0,-10600.0,-68500.0,756181000.0,-99497000.0,-101427000.0,-656684000.0
07/01/2025,7277.16182604,9600.0,-100.0,-0.01041667,7392.064381188,7453.3457439336,7246.5211446672,12113290.0,116162352030.0,0.0,0.0,12113290.0,116162352030.0,293745.0,-221600.0,-188000.0,-72145.0,2825806050.0,-2125069000.0,-1801975000.0,-700737050.0
06/01/2025,7353.763529472,9860.0,-260.0,-0.02636917,7552.9279583952,7575.9084694248,7307.8025074128,14307658.0,139201796320.0,2315960.0,24433378000.0,16623618.0,163635174320.0,889600.0,29500.0,-113700.0,-919100.0,8577444000.0,312553000.0,-1090112000.0,-8889997000.0
03/01/2025,7552.9279583952,9940.0,-80.0,-0.00804829,7621.869491484,7660.1703432,7552.9279583952,10945510.0,108662238060.0,0.0,0.0,10945510.0,108662238060.0,278475.0,653300.0,13500.0,-931775.0,2798585120.0,6469307000.0,134235000.0,-9267892120.0
02/01/2025,7614.2093211408,9850.0,90.0,0.00913706,7537.6076177088,7736.772046632,7537.6076177088,8596011.0,85643665220.0,0.0,0.0,8596011.0,85643665220.0,99718.0,-335200.0,0.0,235482.0,997022900.0,-3353017000.0,0.0,2355994100.0
31/12/2024,7545.267788052,10000.0,-150.0,-0.015,7660.1703432,7698.471194916,7545.267788052,14720822.0,146427711000.0,0.0,0.0,14720822.0,146427711000.0,274800.0,714400.0,2700.0,-989200.0,2738066000.0,7118489000.0,26973000.0,-9856555000.0
30/12/2024,7660.1703432,10150.0,-150.0,-0.01477833,7775.072898348,7813.373750064,7652.5101728568,12063079.0,121405749400.0,40000.0,408000000.0,12103079.0,121813749400.0,708100.0,130300.0,18000.0,-838400.0,7093581000.0,1312555000.0,181305000.0,-8406136000.0
27/12/2024,7775.072898348,10150.0,0.0,0.0,7775.072898348,7851.67460178,7736.772046632,9090182.0,92264821050.0,0.0,0.0,9090182.0,92264821050.0,246700.0,-9500.0,-13500.0,-237200.0,2503925000.0,-96600000.0,-137250000.0,-2407325000.0
26/12/2024,7775.072898348,10250.0,-100.0,-0.0097561,7851.67460178,7889.975453496,7775.072898348,7505568.0,76533879100.0,0.0,0.0,7505568.0,76533879100.0,-319401.0,3300.0,63300.0,316101.0,-3258395201.0,33775000.0,645990000.0,3224620200.0
25/12/2024,7851.67460178,10100.0,150.0,0.01485149,7736.772046632,7966.577156928,7736.772046632,14042667.0,144111818100.0,1020000.0,10200000000.0,15062667.0,154311818100.0,-1211600.0,-18500.0,115400.0,1230100.0,-12439775000.0,-182080000.0,1182260000.0,12621855000.0
24/12/2024,7736.772046632,10200.0,-100.0,-0.00980392,7813.373750064,7851.67460178,7698.471194916,10970939.0,111216352450.0,1980000.0,20375000000.0,12950939.0,131591352450.0,131331.0,101300.0,17000.0,-232631.0,1345139650.0,1024235000.0,171425000.0,-2369374650.0
23/12/2024,7813.373750064,10300.0,-100.0,-0.00970874,7889.975453496,7928.276305212,7813.373750064,10014744.0,102709229450.0,1020000.0,10710000000.0,11034744.0,113419229450.0,156624.0,-29325.0,0.0,-127299.0,1603736000.0,-298861250.0,0.0,-1304874750.0
20/12/2024,7889.975453496,10200.0,100.0,0.00980392,7851.67460178,7889.975453496,7736.772046632,28829669.0,295728754800.0,2598000.0,27928500000.0,31427669.0,323657254800.0,-10069701.0,-115000.0,-72500.0,10184701.0,-103784232250.0,-1179945000.0,-740625000.0,104964177250.0
19/12/2024,7813.373750064,10350.0,-150.0,-0.01449275,7851.67460178,7889.975453496,7736.772046632,19962020.0,203993708050.0,1000000.0,10700000000.0,20962020.0,214693708050.0,469700.0,-165500.0,-54000.0,-304200.0,4796675000.0,-1677325000.0,-551250000.0,-3119350000.0
18/12/2024,7928.276305212,10300.0,50.0,0.00485437,7889.975453496,8004.878008644,7851.67460178,13451177.0,139061975500.0,0.0,0.0,13451177.0,139061975500.0,1140772.0,-84400.0,1800.0,-1056372.0,11793760200.0,-875915000.0,18990000.0,-10917845200.0
17/12/2024,7889.975453496,10350.0,-50.0,-0.00483092,7966.577156928,7966.577156928,7889.975453496,13220143.0,136795365100.0,362000.0,3511400000.0,13582143.0,140306765100.0,-2519738.0,-13500.0,-2786.0,2533238.0,-26101847000.0,-140490000.0,-28696000.0,26242337000.0
16/12/2024,7928.276305212,10050.0,300.0,0.02985075,7698.471194916,7966.577156928,7698.471194916,23372040.0,239877038000.0,0.0,0.0,23372040.0,239877038000.0,-3649240.0,-107300.0,56700.0,3756540.0,-37328923600.0,-1135500000.0,581310000.0,38464423600.0
13/12/2024,7698.471194916,10150.0,-100.0,-0.00985222,7736.772046632,7813.373750064,7698.471194916,8833232.0,89351735450.0,1050000.0,10500000000.0,9883232.0,99851735450.0,-241769.0,-400.0,0.0,242169.0,-2462940350.0,-4060000.0,0.0,2467000350.0
12/12/2024,7775.072898348,10150.0,0.0,0.0,7775.072898348,7851.67460178,7736.772046632,8536329.0,86893238700.0,0.0,0.0,8536329.0,86893238700.0,-455632.0,14100.0,2300.0,441532.0,-4638426950.0,136960000.0,23480000.0,4501466950.0
11/12/2024,7775.072898348,10200.0,-50.0,-0.00490196,7851.67460178,7889.975453496,7736.772046632,12135054.0,123691339250.0,1050000.0,10500000000.0,13185054.0,134191339250.0,-139596.0,-212100.0,5400.0,351696.0,-1424598800.0,-2176080000.0,54945000.0,3600678800.0
10/12/2024,7813.373750064,10250.0,-50.0,-0.00487805,7813.373750064,7928.276305212,7813.373750064,12198155.0,125315995450.0,0.0,0.0,12198155.0,125315995450.0,-358696.0,117000.0,-9000.0,241696.0,-3677664450.0,1190900000.0,-92925000.0,2486764450.0
09/12/2024,7851.67460178,10200.0,50.0,0.00490196,7851.67460178,7966.577156928,7813.373750064,16028109.0,164875405550.0,0.0,0.0,16028109.0,164875405550.0,-433106.0,-315000.0,-9000.0,748106.0,-4461334550.0,-3239235000.0,-92475000.0,7700569550.0
06/12/2024,7813.373750064,10350.0,-150.0,-0.01449275,7966.577156928,8043.17886036,7813.373750064,24878923.0,256260875850.0,0.0,0.0,24878923.0,256260875850.0,-3408500.0,-278400.0,-4500.0,3686900.0,-34912785000.0,-2910960000.0,-46125000.0,37823745000.0
05/12/2024,7928.276305212,9710.0,640.0,0.06591143,7468.66608462,7928.276305212,7361.4236998152,36641851.0,369722630970.0,410000.0,4141000000.0,37051851.0,373863630970.0,-1734015.0,-75100.0,9900.0,1809115.0,-17305204250.0,-802053000.0,96426000.0,18107257250.0
04/12/2024,7438.0254032472,9880.0,-170.0,-0.01720648,7568.2482990816,7606.5491507976,7438.0254032472,15783073.0,154794820210.0,0.0,0.0,15783073.0,154794820210.0,203700.0,-89400.0,1800.0,-114300.0,2009845000.0,-884722000.0,17145000.0,-1125123000.0
03/12/2024,7568.2482990816,10050.0,-170.0,-0.01691542,7660.1703432,7736.772046632,7568.2482990816,20601885.0,205227531540.0,410000.0,4141000000.0,21011885.0,209368531540.0,668200.0,346100.0,-12600.0,-1014300.0,6677193000.0,3444223000.0,-126000000.0,-10121416000.0
02/12/2024,7698.471194916,10050.0,0.0,0.0,7775.072898348,7813.373750064,7660.1703432,8437668.0,84980642800.0,2389100.0,24932090000.0,10826768.0,109912732800.0,169500.0,-16200.0,-5400.0,-153300.0,1702795000.0,-162435000.0,-54405000.0,-1540360000.0
29/11/2024,7698.471194916,10000.0,50.0,0.005,7660.1703432,7813.373750064,7644.8500025136,15921421.0,160101133320.0,408000.0,4365600000.0,16329421.0,164466733320.0,464234.0,48566.0,50000.0,-512800.0,4682045700.0,485634300.0,501621000.0,-5167680000.0
28/11/2024,7660.1703432,10050.0,-50.0,-0.00497512,7775.072898348,7813.373750064,7660.1703432,11567357.0,116676302900.0,1379100.0,14440730000.0,12946457.0,131117032900.0,62200.0,170100.0,-18900.0,-232300.0,638630000.0,1712585000.0,-190125000.0,-2351215000.0
27/11/2024,7698.471194916,10100.0,-50.0,-0.0049505,7775.072898348,7813.373750064,7660.1703432,8484267.0,85514565400.0,0.0,0.0,8484267.0,85514565400.0,-90512.0,-53900.0,35000.0,144412.0,-913632400.0,-543670000.0,352730000.0,1457302400.0
26/11/2024,7736.772046632,9830.0,270.0,0.02746694,7529.9474473656,7851.67460178,7529.9474473656,25005331.0,252824008100.0,0.0,0.0,25005331.0,252824008100.0,-608156.0,148500.0,80700.0,459656.0,-6062813900.0,1488133000.0,812470000.0,4574680900.0
25/11/2024,7529.9474473656,9720.0,110.0,0.01131687,7445.6855735904,7575.9084694248,7445.6855735904,13247986.0,129996697600.0,1000000.0,9600000000.0,14247986.0,139596697600.0,-594070.0,-79430.0,-49500.0,673500.0,-5838831099.0,-779422900.0,-485775000.0,6618254000.0
22/11/2024,7445.6855735904,9870.0,-150.0,-0.01519757,7552.9279583952,7568.2482990816,7445.6855735904,13567580.0,132852848520.0,200000.0,1836000000.0,13767580.0,134688848520.0,1261801.0,-839400.0,40600.0,-422401.0,12378285780.0,-8230954000.0,393836000.0,-4147331780.0
21/11/2024,7560.5881287384,9680.0,190.0,0.0196281,7430.365232904,7568.2482990816,7415.0448922176,12219684.0,119470488420.0,0.0,0.0,12219684.0,119470488420.0,-92047.0,100900.0,45000.0,-8853.0,-922361370.0,984102000.0,439875000.0,-61740630.0
20/11/2024,7415.0448922176,9580.0,100.0,0.01043841,7338.4431887856,7537.6076177088,7231.2008039808,20082135.0,194500044620.0,1580500.0,14824500000.0,21662635.0,209324544620.0,1220400.0,112000.0,12000.0,-1332400.0,11836032000.0,1123775000.0,118905000.0,-12959807000.0
19/11/2024,7338.4431887856,9900.0,-320.0,-0.03232323,7583.568639768,7637.1898321704,7338.4431887856,14866760.0,144896233910.0,0.0,0.0,14866760.0,144896233910.0,1618054.0,55100.0,0.0,-1673154.0,15885047621.0,561882000.0,0.0,-16446929620.0
18/11/2024,7583.568639768,9700.0,200.0,0.02061856,7392.064381188,7736.772046632,7392.064381188,24081606.0,235590589790.0,0.0,0.0,24081606.0,235590589790.0,-234950.0,-276250.0,-189000.0,511200.0,-2185638000.0,-2756618000.0,-1834508000.0,4942256000.0
15/11/2024,7430.365232904,9920.0,-220.0,-0.02217742,7591.2288101112,7660.1703432,7353.763529472,29367373.0,287109906380.0,0.0,0.0,29367373.0,287109906380.0,1360144.0,-709280.0,-75400.0,-650864.0,13519958961.0,-6925974800.0,-733625000.0,-6593984160.0
14/11/2024,7598.8889804544,10150.0,-230.0,-0.0226601,7736.772046632,7813.373750064,7583.568639768,20743727.0,208405851080.0,0.0,0.0,20743727.0,208405851080.0,2735800.0,-224700.0,-63000.0,-2511100.0,27523015000.0,-2253515000.0,-635400000.0,-25269500000.0
13/11/2024,7775.072898348,10400.0,-250.0,-0.02403846,7928.276305212,7966.577156928,7660.1703432,38002439.0,385667455700.0,874000.0,9526600000.0,38876439.0,395194055700.0,3233205.0,-55500.0,54000.0,-3177705.0,32817618750.0,-583940000.0,556425000.0,-32233678750.0
12/11/2024,7966.577156928,10500.0,-100.0,-0.00952381,8081.479712076,8158.081415508,7928.276305212,16111917.0,169227616400.0,3045000.0,29749650000.0,19156917.0,198977266400.0,577600.0,-52500.0,107600.0,-525100.0,6061830000.0,-558950000.0,1132765000.0,-5502880000.0
11/11/2024,8043.17886036,10650.0,-150.0,-0.01408451,8158.081415508,8196.382267224,8004.878008644,18369788.0,193826889800.0,974000.0,10596600000.0,19343788.0,204423489800.0,1535625.0,-12200.0,-59400.0,-1523425.0,16272506250.0,-129030000.0,-627120000.0,-16143476250.0
08/11/2024,8158.081415508,10750.0,-100.0,-0.00930233,8272.983970656,8311.284822372,8158.081415508,10140281.0,108665670000.0,0.0,0.0,10140281.0,108665670000.0,514465.0,107550.0,200.0,-622015.0,5512585500.0,1168460000.0,2940000.0,-6681045500.0
07/11/2024,8234.68311894,10800.0,-50.0,-0.00462963,8349.585674088,8387.886525804,8234.68311894,11319598.0,122664103650.0,427635.0,4297731750.0,11747233.0,126961835400.0,147134.0,38800.0,133200.0,-185934.0,1604430600.0,414670000.0,1441320000.0,-2019100600.0
06/11/2024,8272.983970656,10600.0,200.0,0.01886792,8196.382267224,8311.284822372,8119.780563792,15283630.0,164291694900.0,0.0,0.0,15283630.0,164291694900.0,-1005115.0,-224075.0,-7975.0,1229190.0,-10756820800.0,-2414131200.0,-85331000.0,13170952000.0
05/11/2024,8119.780563792,10750.0,-150.0,-0.01395349,8234.68311894,8311.284822372,8119.780563792,9909712.0,106034409900.0,50000.0,550000000.0,9959712.0,106584409900.0,1844508.0,-42508.0,-72208.0,-1802000.0,19671836000.0,-453576000.0,-774436000.0,-19218260000.0
04/11/2024,8234.68311894,10750.0,0.0,0.0,8311.284822372,8311.284822372,8043.17886036,25148487.0,268095519950.0,6600000.0,67380000000.0,31748487.0,335475519950.0,-975100.0,-126000.0,-205400.0,1101100.0,-10365960000.0,-1344805000.0,-2184080000.0,11710765000.0
01/11/2024,8234.68311894,10950.0,-200.0,-0.01826484,8349.585674088,8387.886525804,8234.68311894,11114449.0,120308055100.0,50000.0,512500000.0,11164449.0,120820555100.0,1019990.0,118400.0,24000.0,-1138390.0,11005397000.0,1280225000.0,260130000.0,-12285622000.0
31/10/2024,8387.886525804,10850.0,100.0,0.00921659,8349.585674088,8426.18737752,8272.983970656,13723201.0,149689097750.0,0.0,0.0,13723201.0,149689097750.0,-2320427.0,65527.0,-138073.0,2254900.0,-25360711600.0,694141600.0,-1504683000.0,24666570000.0
30/10/2024,8311.284822372,11000.0,-150.0,-0.01363636,8426.18737752,8464.488229236,8272.983970656,14327208.0,156587922900.0,207000.0,2277000000.0,14534208.0,158864922900.0,394200.0,273100.0,49000.0,-667300.0,4331370000.0,2981090000.0,534100000.0,-7312460000.0
29/10/2024,8426.18737752,10950.0,50.0,0.00456621,8426.18737752,8541.089932668,8387.886525804,14666863.0,161874761100.0,3022005.0,33242055000.0,17688868.0,195116816100.0,54359.0,309500.0,53900.0,-363859.0,597681500.0,3425410000.0,596575000.0,-4023091500.0
28/10/2024,8387.886525804,11100.0,-150.0,-0.01351351,8426.18737752,8502.789080952,8349.585674088,32936683.0,361558321650.0,0.0,0.0,32936683.0,361558321650.0,2165047.0,-520260.0,-53500.0,-1644787.0,23749929099.0,-5668277000.0,-585960000.0,-18081652100.0
25/10/2024,8502.789080952,11250.0,-150.0,-0.01333333,8694.293339532,8694.293339532,8502.789080952,11390912.0,127690363050.0,0.0,0.0,11390912.0,127690363050.0,984959.0,-57800.0,-7100.0,-927159.0,11051741700.0,-652915000.0,-82515000.0,-10398826700.0
24/10/2024,8617.6916361,11450.0,-200.0,-0.01746725,8770.895042964,8770.895042964,8617.6916361,15057590.0,170519668900.0,0.0,0.0,15057590.0,170519668900.0,485779.0,322000.0,-38000.0,-807779.0,5502816250.0,3657700000.0,-433315000.0,-9160516250.0
23/10/2024,8770.895042964,11500.0,-50.0,-0.00434783,8809.19589468,8847.496746396,8732.594191248,8941414.0,102429873000.0,0.0,0.0,8941414.0,102429873000.0,161643.0,-86840.0,-32740.0,-74803.0,1852312650.0,-993748000.0,-374438000.0,-858564650.0
22/10/2024,8809.19589468,11550.0,-50.0,-0.004329,8847.496746396,8962.399301544,8732.594191248,14415750.0,166147491550.0,0.0,0.0,14415750.0,166147491550.0,276001.0,257700.0,-33500.0,-533701.0,3188621550.0,2967795000.0,-387395000.0,-6156416550.0
21/10/2024,8847.496746396,11400.0,150.0,0.0132,8732.594191248,9039.001004976,8655.992487816,29174694.0,338164742650.0,0.0,0.0,29174694.0,338164742650.0,1676149.0,-2893849.0,-2749.0,1217700.0,19658267900.0,-33631212900.0,-31878000.0,13972945000.0
18/10/2024,8732.594191248,11450.0,-50.0,-0.00436681,8885.797598112,8885.797598112,8732.594191248,8811902.0,101103965700.0,0.0,0.0,8811902.0,101103965700.0,816706.0,-391000.0,-394200.0,-425706.0,9361474000.0,-4481385000.0,-4518185000.0,-4880089000.0
17/10/2024,8770.895042964,11300.0,150.0,0.01327434,8694.293339532,8770.895042964,8541.089932668,16474260.0,186095203700.0,0.0,0.0,16474260.0,186095203700.0,-391628.0,-59900.0,-59800.0,451528.0,-4427664199.0,-684250000.0,-678210000.0,5111914200.0
16/10/2024,8655.992487816,11300.0,0.0,0.0,8694.293339532,8809.19589468,8579.390784384,20860999.0,236696076900.0,0.0,0.0,20860999.0,236696076900.0,7336400.0,-5214300.0,-5400.0,-2122100.0,83260895000.0,-59175875000.0,-61720000.0,-24085020000.0
15/10/2024,8655.992487816,11500.0,-200.0,-0.0173913,8809.19589468,8885.797598112,8655.992487816,19084904.0,218175093400.0,0.0,0.0,19084904.0,218175093400.0,2456200.0,-505100.0,-775100.0,-1951100.0,27966170000.0,-5660220000.0,-8799185000.0,-22305950000.0
14/10/2024,8809.19589468,11900.0,-400.0,-0.03361345,9153.903560124,9230.505263556,8732.594191248,47413812.0,550250144500.0,10800000.0,129320000000.0,58213812.0,679570144500.0,2774300.0,-809300.0,35100.0,-1965000.0,32157975000.0,-9144410000.0,406250000.0,-23013565000.0
11/10/2024,9115.602708408,11850.0,50.0,0.00421941,9077.301856692,9115.602708408,9039.001004976,12861182.0,152400032650.0,100000.0,1110000000.0,12961182.0,153510032650.0,86166.0,-209200.0,-2700.0,123034.0,1034398400.0,-2488520000.0,-31995000.0,1454121600.0
10/10/2024,9077.301856692,12050.0,-200.0,-0.01659751,9307.106966988,9345.407818704,9000.70015326,27580072.0,330548669350.0,0.0,0.0,27580072.0,330548669350.0,-742340.0,1242800.0,1108500.0,-500460.0,-8932431000.0,14871385000.0,13233800000.0,-5938954000.0
09/10/2024,9230.505263556,12000.0,50.0,0.00416667,9230.505263556,9345.407818704,9115.602708408,18938402.0,228033682500.0,100000.0,1225000000.0,19038402.0,229258682500.0,1043100.0,-1251500.0,-103000.0,208400.0,12609795000.0,-15099590000.0,-1245335000.0,2489795000.0
08/10/2024,9192.20441184,11850.0,150.0,0.01265823,9077.301856692,9307.106966988,8962.399301544,27952874.0,334195185550.0,10000000.0,110750000000.0,37952874.0,444945185550.0,-2241978.0,110100.0,0.0,2131878.0,-26944780400.0,1284130000.0,7130000.0,25660650400.0
07/10/2024,9077.301856692,11800.0,50.0,0.00423729,9077.301856692,9153.903560124,8962.399301544,11842321.0,140057704700.0,50000.0,627500000.0,11892321.0,140685204700.0,-543600.0,612300.0,900.0,-68700.0,-6464310000.0,7257990000.0,12355000.0,-793680000.0
04/10/2024,9039.001004976,11850.0,-50.0,-0.00421941,9077.301856692,9153.903560124,9000.70015326,14100609.0,166902608950.0,0.0,0.0,14100609.0,166902608950.0,156899.0,-713800.0,44600.0,556901.0,1873248151.0,-8470505000.0,527245000.0,6597256850.0
03/10/2024,9077.301856692,12200.0,-350.0,-0.02868852,9422.009522136,9460.310373852,8962.399301544,36118542.0,434018283150.0,0.0,0.0,36118542.0,434018283150.0,603188.0,-300500.0,-292600.0,-302688.0,7679628000.0,-3855290000.0,-3494855000.0,-3824338000.0
02/10/2024,9345.407818704,12350.0,-150.0,-0.01214575,9422.009522136,9498.611225568,9307.106966988,21612671.0,264491411700.0,0.0,0.0,21612671.0,264491411700.0,325012.0,-986700.0,0.0,661688.0,3964734449.0,-12043025000.0,0.0,8078290550.0
01/10/2024,9460.310373852,12000.0,350.0,0.02916667,9268.806115272,9690.115484148,9192.20441184,50117804.0,621638393750.0,7000000.0,78400000000.0,57117804.0,700038393750.0,-507887.0,403300.0,9600.0,104587.0,-6294247700.0,5035400000.0,111660000.0,1258847700.0
30/09/2024,9192.20441184,11900.0,100.0,0.00840336,9153.903560124,9345.407818704,9039.001004976,23715592.0,284924670850.0,0.0,0.0,23715592.0,284924670850.0,-804787.0,439500.0,-48000.0,365287.0,-9587745450.0,5249065000.0,-577800000.0,4338680450.0
27/09/2024,9115.602708408,11950.0,-50.0,-0.0041841,9192.20441184,9307.106966988,9077.301856692,23213533.0,278450087250.0,0.0,0.0,23213533.0,278450087250.0,-540174.0,340500.0,-54900.0,199674.0,-6446941700.0,4051815000.0,-657905000.0,2395126700.0
26/09/2024,9153.903560124,12000.0,-50.0,-0.00416667,9230.505263556,9268.806115272,9115.602708408,19675020.0,235869816250.0,254000.0,2870200000.0,19929020.0,238740016250.0,-2359868.0,405000.0,67100.0,1954868.0,-28278182900.0,4853745000.0,803635000.0,23424437900.0
25/09/2024,9192.20441184,11400.0,600.0,0.05263158,8770.895042964,9192.20441184,8770.895042964,39879916.0,469957385450.0,0.0,0.0,39879916.0,469957385450.0,-4447037.0,272450.0,-5400.0,4174587.0,-52402739450.0,3175162500.0,-62910000.0,49227576950.0
24/09/2024,8732.594191248,11350.0,50.0,0.00440529,8732.594191248,8770.895042964,8655.992487816,7787068.0,88553871800.0,309000.0,3505450000.0,8096068.0,92059321800.0,-707571.0,-140100.0,-17400.0,847671.0,-8047983300.0,-1596420000.0,-197245000.0,9644403300.0
23/09/2024,8694.293339532,11250.0,100.0,0.00888889,8732.594191248,8770.895042964,8655.992487816,9296219.0,105760239900.0,3000000.0,35400000000.0,12296219.0,141160239900.0,-1124119.0,4800.0,4900.0,1119319.0,-12791574400.0,55600000.0,56840000.0,12735974400.0
20/09/2024,8617.6916361,11400.0,-150.0,-0.01315789,8809.19589468,8885.797598112,8617.6916361,34793300.0,394657361050.0,50000.0,580000000.0,34843300.0,395237361050.0,16006700.0,958700.0,53900.0,-16965400.0,179994795000.0,10838090000.0,614950000.0,-190832885000.0
19/09/2024,8732.594191248,11350.0,50.0,0.00440529,8770.895042964,8809.19589468,8655.992487816,8368962.0,95385620550.0,0.0,0.0,8368962.0,95385620550.0,-73300.0,84700.0,227900.0,-11400.0,-836675000.0,966390000.0,2602940000.0,-129715000.0
18/09/2024,8694.293339532,11300.0,50.0,0.00442478,8694.293339532,8885.797598112,8655.992487816,15525994.0,177441487800.0,110000.0,1160500000.0,15635994.0,178601987800.0,606342.0,92000.0,49000.0,-698342.0,6954468000.0,1035630000.0,551790000.0,-7990098000.0
17/09/2024,8655.992487816,11050.0,250.0,0.02262443,8464.488229236,8655.992487816,8464.488229236,10045044.0,112104649750.0,14554300.0,171240740000.0,24599344.0,283345389750.0,-562900.0,944200.0,294500.0,-381300.0,-6279840000.0,10553990000.0,3303935000.0,-4274150000.0
16/09/2024,8464.488229236,11300.0,-250.0,-0.02212389,8732.594191248,8732.594191248,8464.488229236,12154955.0,136189581100.0,32075000.0,366870250000.0,44229955.0,503059831100.0,747397.0,-111500.0,-8700.0,-635897.0,8400191100.0,-1246680000.0,-98170000.0,-7153511100.0
13/09/2024,8655.992487816,11250.0,50.0,0.00444444,8732.594191248,8809.19589468,8617.6916361,11845642.0,134609792600.0,2000000.0,21000000000.0,13845642.0,155609792600.0,-671400.0,43300.0,-7600.0,628100.0,-7608755000.0,489505000.0,-86395000.0,7119250000.0
12/09/2024,8617.6916361,11300.0,-50.0,-0.00442478,8809.19589468,8847.496746396,8617.6916361,8025110.0,91292225150.0,300000.0,3300000000.0,8325110.0,94592225150.0,-3500.0,-39200.0,-21800.0,42700.0,-36080000.0,-447050000.0,-248275000.0,483130000.0
11/09/2024,8655.992487816,11350.0,-50.0,-0.00440529,8694.293339532,8809.19589468,8541.089932668,14815959.0,167813338050.0,0.0,0.0,14815959.0,167813338050.0,-569035.0,86900.0,43900.0,482135.0,-6406760500.0,978460000.0,496010000.0,5428300500.0
10/09/2024,8694.293339532,11650.0,-300.0,-0.02575107,9039.001004976,9039.001004976,8617.6916361,21335144.0,245065878850.0,205000.0,2226300000.0,21540144.0,247292178850.0,-1748770.0,1229600.0,-5600.0,519170.0,-20090425601.0,14246245000.0,-63460000.0,5844180600.0
09/09/2024,8924.098449828,11800.0,-150.0,-0.01271186,9039.001004976,9039.001004976,8847.496746396,14064955.0,163988831450.0,50000.0,575000000.0,14114955.0,164563831450.0,68600.0,690900.0,-76300.0,-759500.0,823830000.0,8047985000.0,-890395000.0,-8871815000.0
06/09/2024,9039.001004976,11900.0,-100.0,-0.00840336,9115.602708408,9153.903560124,8924.098449828,17927624.0,211074927600.0,0.0,0.0,17927624.0,211074927600.0,467203.0,-350200.0,-68700.0,-117003.0,5466650400.0,-4094955000.0,-808670000.0,-1371695400.0
05/09/2024,9115.602708408,12000.0,-100.0,-0.00833333,9307.106966988,9345.407818704,9039.001004976,20048210.0,240228754950.0,0.0,0.0,20048210.0,240228754950.0,-604309.0,212400.0,-245800.0,391909.0,-7248238901.0,2547265000.0,-2970790000.0,4700973900.0
04/09/2024,9192.20441184,12150.0,-150.0,-0.01234568,9115.602708408,9268.806115272,9077.301856692,20358881.0,243188280300.0,0.0,0.0,20358881.0,243188280300.0,-706900.0,-402500.0,-40800.0,1109400.0,-8446915000.0,-4808930000.0,-487205000.0,13255845000.0
30/08/2024,9307.106966988,12150.0,0.0,0.0,9345.407818704,9345.407818704,9115.602708408,40950523.0,494429375300.0,2040000.0,24452000000.0,42990523.0,518881375300.0,-1753313.0,1581800.0,130200.0,171513.0,-21329787100.0,19257500000.0,1573945000.0,2072287100.0
29/08/2024,9307.106966988,12050.0,100.0,0.00829876,9268.806115272,9460.310373852,9115.602708408,54523414.0,661896604200.0,0.0,0.0,54523414.0,661896604200.0,-3535500.0,3500000.0,32400.0,35500.0,-42909600000.0,42484000000.0,391745000.0,425600000.0
28/08/2024,9230.505263556,11900.0,150.0,0.01260504,9153.903560124,9230.505263556,8924.098449828,36330769.0,431729249700.0,350000.0,4095000000.0,36680769.0,435824249700.0,627535.0,-63600.0,-1300.0,-563935.0,7465294650.0,-764670000.0,-15535000.0,-6700624650.0
27/08/2024,9115.602708408,12150.0,-250.0,-0.02057613,9268.806115272,9307.106966988,9039.001004976,26451460.0,316286026550.0,82000.0,1000400000.0,26533460.0,317286426550.0,1323600.0,-9200.0,0.0,-1314400.0,15824390000.0,-76920000.0,0.0,-15747470000.0
26/08/2024,9307.106966988,12150.0,0.0,0.0,9422.009522136,9498.611225568,9230.505263556,31274626.0,381774957600.0,390000.0,4720000000.0,31664626.0,386494957600.0,-5672.0,58200.0,-9800.0,-52528.0,-60133400.0,705635000.0,-120785000.0,-645501600.0
23/08/2024,9307.106966988,12150.0,0.0,0.0,9307.106966988,9383.70867042,9115.602708408,28516217.0,344613054650.0,0.0,0.0,28516217.0,344613054650.0,-474550.0,733500.0,13900.0,-258950.0,-5714450000.0,8845660000.0,166655000.0,-3131210000.0
22/08/2024,9307.106966988,12250.0,-100.0,-0.00816327,9383.70867042,9383.70867042,9230.505263556,18608750.0,226039125450.0,350000.0,4200000000.0,18958750.0,230239125450.0,2099820.0,-1813400.0,-71400.0,-286420.0,25429293000.0,-21946355000.0,-867840000.0,-3482938000.0
21/08/2024,9383.70867042,12150.0,100.0,0.00823045,9268.806115272,9383.70867042,9153.903560124,22602419.0,273458238200.0,0.0,0.0,22602419.0,273458238200.0,-1024800.0,1354800.0,14500.0,-330000.0,-12448135000.0,16432120000.0,175890000.0,-3983985000.0
20/08/2024,9307.106966988,12000.0,150.0,0.0125,9192.20441184,9460.310373852,9000.70015326,37755146.0,454446751950.0,350000.0,4200000000.0,38105146.0,458646751950.0,-802500.0,904800.0,172000.0,-102300.0,-9738150000.0,11026070000.0,2074430000.0,-1287920000.0
19/08/2024,9192.20441184,11950.0,50.0,0.0041841,9345.407818704,9383.70867042,9077.301856692,25147491.0,302098199250.0,30000.0,334500000.0,25177491.0,302432699250.0,611280.0,-59200.0,-90800.0,-552080.0,7320802000.0,-708010000.0,-1087165000.0,-6612792000.0
16/08/2024,9153.903560124,11200.0,750.0,0.06696429,8617.6916361,9153.903560124,8579.390784384,55180014.0,645044251450.0,0.0,0.0,55180014.0,645044251450.0,136193.0,194600.0,4400.0,-330793.0,1622235900.0,2193045000.0,50465000.0,-3815280900.0
15/08/2024,8579.390784384,11100.0,100.0,0.00900901,8541.089932668,8579.390784384,8349.585674088,15154488.0,167385848150.0,0.0,0.0,15154488.0,167385848150.0,-1054000.0,955300.0,1200.0,98700.0,-11709505000.0,10641545000.0,13385000.0,1067960000.0
14/08/2024,8502.789080952,11350.0,-250.0,-0.02202643,8770.895042964,8770.895042964,8464.488229236,17986548.0,201147402950.0,0.0,0.0,17986548.0,201147402950.0,-758803.0,640400.0,2600.0,118403.0,-8531494199.0,7214055000.0,29120000.0,1317439200.0
13/08/2024,8694.293339532,11500.0,-150.0,-0.01304348,8809.19589468,8809.19589468,8541.089932668,15180951.0,171644299250.0,600000.0,6715200000.0,15780951.0,178359499250.0,-800100.0,166300.0,21500.0,633800.0,-9067610000.0,1876615000.0,244320000.0,7190995000.0
12/08/2024,8809.19589468,11350.0,150.0,0.01321586,8732.594191248,8809.19589468,8655.992487816,13026656.0,148558223600.0,0.0,0.0,13026656.0,148558223600.0,-564770.0,-54600.0,27300.0,619370.0,-6414081000.0,-620965000.0,312120000.0,7035046000.0
09/08/2024,8694.293339532,11100.0,250.0,0.02252252,8655.992487816,8770.895042964,8541.089932668,21623246.0,244661848950.0,200000.0,2290000000.0,21823246.0,246951848950.0,-340000.0,514500.0,0.0,-174500.0,-3879410000.0,5850930000.0,0.0,-1971520000.0
08/08/2024,8502.789080952,11150.0,-50.0,-0.0044843,8426.18737752,8694.293339532,8426.18737752,11733037.0,130717453800.0,0.0,0.0,11733037.0,130717453800.0,262800.0,227900.0,63300.0,-490700.0,2978535000.0,2525560000.0,701530000.0,-5504095000.0
07/08/2024,8541.089932668,11150.0,0.0,0.0,8617.6916361,8617.6916361,8387.886525804,11785056.0,130536378350.0,0.0,0.0,11785056.0,130536378350.0,424800.0,631900.0,4500.0,-1056700.0,4676290000.0,7041625000.0,49485000.0,-11717915000.0
06/08/2024,8541.089932668,10850.0,300.0,0.02764977,8541.089932668,8617.6916361,8311.284822372,15207984.0,168176284200.0,735000.0,8379000000.0,15942984.0,176555284200.0,105480.0,125600.0,-10400.0,-231080.0,1148003150.0,1399170000.0,-115830000.0,-2547173150.0
05/08/2024,8311.284822372,11500.0,-650.0,-0.05652174,8541.089932668,8809.19589468,8234.68311894,24616833.0,272401806050.0,0.0,0.0,24616833.0,272401806050.0,266987.0,-103100.0,-10400.0,-163887.0,3020158800.0,-1178710000.0,-119795000.0,-1841448800.0
02/08/2024,8809.19589468,11150.0,350.0,0.03139013,8502.789080952,8847.496746396,8426.18737752,24823802.0,279443539550.0,0.0,0.0,24823802.0,279443539550.0,2887830.0,1060500.0,10200.0,-3948330.0,32589496500.0,11874915000.0,117105000.0,-44464411500.0
01/08/2024,8541.089932668,11250.0,-100.0,-0.00888889,8847.496746396,8847.496746396,8349.585674088,32803473.0,368659443200.0,0.0,0.0,32803473.0,368659443200.0,5134215.0,1161185.0,33800.0,-6295400.0,58271963000.0,13024627000.0,379170000.0,-71296590000.0
31/07/2024,8617.6916361,10550.0,700.0,0.0664,8617.6916361,8617.6916361,8502.789080952,28668987.0,322250762450.0,2620600.0,26202292000.0,31289587.0,348453054450.0,-67086.0,1115600.0,0.0,-1048514.0,-706842500.0,12500975000.0,0.0,-11794132500.0
30/07/2024,8088.1287399339,13900.0,-700.0,-0.05035971,8517.0446579607,8517.0446579607,8088.1287399339,39962338.0,535707284050.0,1300000.0,17550000000.0,41262338.0,553257284050.0,721600.0,293900.0,9100.0,-1015500.0,9968210000.0,3920580000.0,122330000.0,-13888790000.0
29/07/2024,8517.0446579607,13800.0,100.0,0.00724638,8517.0446579607,8700.8657656865,8486.4078066731,22032212.0,308775070200.0,0.0,0.0,22032212.0,308775070200.0,-4511900.0,6100.0,1400.0,4505800.0,-63310470000.0,87160000.0,19740000.0,63223310000.0
26/07/2024,8455.7709553854,14050.0,-250.0,-0.01779359,8700.8657656865,8700.8657656865,8363.8604015226,20244664.0,280468281150.0,200000.0,3000000000.0,20444664.0,283468281150.0,1632366.0,-77600.0,4700.0,-1554766.0,22788607300.0,-1066045000.0,65620000.0,-21722562300.0
25/07/2024,8608.9552118236,14500.0,-450.0,-0.03103448,8884.6868734122,8884.6868734122,8578.318360536,9190122.0,130042739650.0,0.0,0.0,9190122.0,130042739650.0,1302100.0,-20900.0,-6000.0,-1281200.0,18534070000.0,-296175000.0,-85265000.0,-18237895000.0
24/07/2024,8884.6868734122,13950.0,550.0,0.03942652,8302.5866989473,8915.3237246999,8302.5866989473,18628058.0,260677682650.0,0.0,0.0,18628058.0,260677682650.0,-1179938.0,301900.0,-23500.0,878038.0,-16182413500.0,4224440000.0,-339365000.0,11957973500.0
23/07/2024,8547.6815092483,14750.0,-800.0,-0.05423729,9160.4185350009,9191.0553862885,8517.0446579607,31449929.0,448033107500.0,0.0,0.0,31449929.0,448033107500.0,-1040572.0,80300.0,-64600.0,960272.0,-14547106400.0,1071320000.0,-957105000.0,13475786400.0
22/07/2024,9037.8711298504,15800.0,-1050.0,-0.0664557,9436.1501965895,9528.0607504524,9037.8711298504,27578235.0,414418541200.0,1100000.0,16170000000.0,28678235.0,430588541200.0,-1240800.0,9600.0,19500.0,1231200.0,-18495430000.0,114870000.0,293830000.0,18380560000.0
19/07/2024,9681.2450068906,16950.0,-1150.0,-0.06784661,10324.6188839308,10355.2557352184,9681.2450068906,55236784.0,888345606800.0,0.0,0.0,55236784.0,888345606800.0,2247350.0,-836200.0,-282100.0,-1411150.0,37212300000.0,-13706515000.0,-4504800000.0,-23505785000.0
18/07/2024,10385.892586506,16600.0,350.0,0.02108434,10232.7083300679,10385.892586506,10048.8872223421,7971811.0,132664072700.0,0.0,0.0,7971811.0,132664072700.0,183800.0,-59200.0,-68900.0,-124600.0,3060675000.0,-982780000.0,-1145430000.0,-2077895000.0
17/07/2024,10171.4346274926,16900.0,-300.0,-0.01775148,10477.8031403689,10539.0768429442,10079.5240736297,14007875.0,236814826350.0,0.0,0.0,14007875.0,236814826350.0,862131.0,-96600.0,45500.0,-765531.0,14554978551.0,-1664710000.0,772720000.0,-12890268550.0
16/07/2024,10355.2557352184,16850.0,50.0,0.00296736,10385.892586506,10539.0768429442,10324.6188839308,8492678.0,144508074500.0,0.0,0.0,8492678.0,144508074500.0,-268200.0,147000.0,35100.0,121200.0,-4564450000.0,2498825000.0,596830000.0,2065625000.0
15/07/2024,10324.6188839308,16850.0,0.0,0.0,10385.892586506,10416.5294377937,10293.9820326431,5486930.0,92562098300.0,40100.0,721800000.0,5527030.0,93283898300.0,-270425.0,24200.0,-4700.0,246225.0,-4567472901.0,408165000.0,-79495000.0,4159307900.0
12/07/2024,10324.6188839308,17200.0,-350.0,-0.02034884,10569.7136942318,10600.3505455194,10324.6188839308,9461568.0,161042809050.0,0.0,0.0,9461568.0,161042809050.0,69690.0,-30700.0,-25900.0,-38990.0,1196363500.0,-527120000.0,-444745000.0,-669243500.0
11/07/2024,10539.0768429442,17000.0,200.0,0.01176471,10508.4399916565,10600.3505455194,10447.1662890813,9640179.0,165811173300.0,0.0,0.0,9640179.0,165811173300.0,-838000.0,369400.0,-3900.0,468600.0,-14411580000.0,6348755000.0,-67080000.0,8062825000.0
10/07/2024,10416.5294377937,17250.0,-250.0,-0.01449275,10569.7136942318,10600.3505455194,10416.5294377937,6095907.0,104188984400.0,0.0,0.0,6095907.0,104188984400.0,-53300.0,126900.0,114100.0,-73600.0,-910295000.0,2165535000.0,1945740000.0,-1255240000.0
09/07/2024,10569.7136942318,16800.0,450.0,0.02678571,10293.9820326431,10600.3505455194,10293.9820326431,13008381.0,222296900650.0,0.0,0.0,13008381.0,222296900650.0,-605000.0,30800.0,76400.0,574200.0,-10336150000.0,532330000.0,1328145000.0,9803820000.0
08/07/2024,10293.9820326431,16800.0,0.0,0.0,10385.892586506,10447.1662890813,10263.3451813555,6439917.0,108640085850.0,0.0,0.0,6439917.0,108640085850.0,181500.0,49200.0,-53600.0,-230700.0,3045790000.0,835910000.0,-905025000.0,-3881700000.0
05/07/2024,10293.9820326431,16950.0,-150.0,-0.00884956,10416.5294377937,10416.5294377937,10232.7083300679,6756741.0,113704036150.0,0.0,0.0,6756741.0,113704036150.0,108618.0,-118000.0,-11000.0,9382.0,1830330100.0,-1988485000.0,-185010000.0,158154900.0
04/07/2024,10385.892586506,17050.0,-100.0,-0.0058651,10477.8031403689,10600.3505455194,10355.2557352184,6219958.0,106276116100.0,0.0,0.0,6219958.0,106276116100.0,-15400.0,25700.0,48100.0,-10300.0,-270745000.0,445595000.0,828295000.0,-174850000.0
03/07/2024,10447.1662890813,16850.0,200.0,0.01186944,10324.6188839308,10508.4399916565,10324.6188839308,7898644.0,134210779500.0,0.0,0.0,7898644.0,134210779500.0,98007.0,-130700.0,-11800.0,32693.0,1659699700.0,-2216105000.0,-199300000.0,556405300.0
02/07/2024,10324.6188839308,16600.0,250.0,0.01506024,10232.7083300679,10324.6188839308,10202.0714787803,5465127.0,91538256950.0,0.0,0.0,5465127.0,91538256950.0,200200.0,-153400.0,-5400.0,-46800.0,3343795000.0,-2562000000.0,-86250000.0,-781795000.0
01/07/2024,10171.4346274926,16400.0,200.0,0.01219512,10110.1609249174,10202.0714787803,9956.9766684792,6411487.0,105430892350.0,0.0,0.0,6411487.0,105430892350.0,-29000.0,48300.0,76800.0,-19300.0,-495860000.0,789105000.0,1266065000.0,-293245000.0
28/06/2024,10048.8872223421,16800.0,-400.0,-0.02380952,10293.9820326431,10355.2557352184,9926.3398171916,15200895.0,251431745650.0,0.0,0.0,15200895.0,251431745650.0,1278268.0,321500.0,5200.0,-1599768.0,21072003300.0,5314010000.0,86710000.0,-26386013300.0
27/06/2024,10293.9820326431,16800.0,0.0,0.0,10293.9820326431,10385.892586506,10202.0714787803,7152724.0,120120527900.0,0.0,0.0,7152724.0,120120527900.0,46300.0,31200.0,11700.0,-77500.0,779005000.0,522360000.0,196300000.0,-1301365000.0
26/06/2024,10293.9820326431,16800.0,0.0,0.0,10293.9820326431,10447.1662890813,10232.7083300679,7792678.0,131285513150.0,0.0,0.0,7792678.0,131285513150.0,221539.0,18700.0,0.0,-240239.0,3720201350.0,320750000.0,0.0,-4040951350.0
25/06/2024,10293.9820326431,16700.0,100.0,0.00598802,10293.9820326431,10385.892586506,10202.0714787803,10808675.0,181322627800.0,0.0,0.0,10808675.0,181322627800.0,-259161.0,-246200.0,0.0,505361.0,-4338527850.0,-4121215000.0,0.0,8459742850.0
24/06/2024,10232.7083300679,17500.0,-800.0,-0.04571429,10722.8979506699,10784.1716532452,10171.4346274926,33202065.0,561941281750.0,0.0,0.0,33202065.0,561941281750.0,41400.0,-127400.0,39400.0,86000.0,716087500.0,-2128425000.0,666765000.0,1412337500.0
21/06/2024,10722.8979506699,17600.0,-100.0,-0.00568182,10814.8085045328,10906.7190583957,10722.8979506699,15263192.0,269321535300.0,0.0,0.0,15263192.0,269321535300.0,1986900.0,-660400.0,-52000.0,-1326500.0,34940240000.0,-11681365000.0,-918475000.0,-23258875000.0
20/06/2024,10784.1716532452,18050.0,-450.0,-0.02493075,11121.1770174091,11121.1770174091,10784.1716532452,22943982.0,409371017650.0,0.0,0.0,22943982.0,409371017650.0,947300.0,-220800.0,3500.0,-726500.0,16999620000.0,-3953485000.0,62520000.0,-13046135000.0
19/06/2024,11059.9033148339,18200.0,-150.0,-0.00824176,11151.8138686967,11213.087571272,11029.2664635462,15754073.0,285487944150.0,51198.0,921564000.0,15805271.0,286409508150.0,997500.0,-312300.0,17800.0,-685200.0,18053105001.0,-5643145000.0,323610000.0,-12409960000.0
18/06/2024,11151.8138686967,18200.0,0.0,0.0,11243.7244225596,11304.9981251349,11121.1770174091,13427962.0,245470379950.0,0.0,0.0,13427962.0,245470379950.0,290000.0,-173100.0,8900.0,-116900.0,5298915000.0,-3165260000.0,162635000.0,-2133655000.0
17/06/2024,11151.8138686967,18200.0,0.0,0.0,11151.8138686967,11274.3612738473,11059.9033148339,17134073.0,311893910350.0,0.0,0.0,17134073.0,311893910350.0,701000.0,44500.0,14300.0,-745500.0,12752900000.0,810835000.0,260520000.0,-13563735000.0
14/06/2024,11151.8138686967,18900.0,-700.0,-0.03703704,11672.6403405864,11764.5508944493,11151.8138686967,32268883.0,607363925150.0,0.0,0.0,32268883.0,607363925150.0,-647700.0,586200.0,-51600.0,61500.0,-12229735000.0,11124500000.0,-986165000.0,1105235000.0
13/06/2024,11580.7297867235,19050.0,-150.0,-0.00787402,11764.5508944493,11795.1877457369,11580.7297867235,15167951.0,288389949900.0,0.0,0.0,15167951.0,288389949900.0,-377800.0,380800.0,-38000.0,-3000.0,-7213905000.0,7271015000.0,-722825000.0,-57110000.0
12/06/2024,11672.6403405864,18350.0,700.0,0.03814714,11304.9981251349,11795.1877457369,11274.3612738473,50549806.0,956155075650.0,0.0,0.0,50549806.0,956155075650.0,-1118344.0,891700.0,31700.0,226644.0,-21079879951.0,16952100000.0,602230000.0,4127779950.0
11/06/2024,11243.7244225596,18250.0,100.0,0.00547945,11243.7244225596,11274.3612738473,11090.5401661215,17094107.0,311526745300.0,0.0,0.0,17094107.0,311526745300.0,1591600.0,-398900.0,-99700.0,-1192700.0,29010010000.0,-7274140000.0,-1819280000.0,-21735870000.0
10/06/2024,11182.4507199844,18050.0,200.0,0.01108033,11121.1770174091,11304.9981251349,11090.5401661215,14506885.0,265046370150.0,90000.0,1530000000.0,14596885.0,266576370150.0,1059985.0,103485.0,-19500.0,-1163470.0,19331855850.0,1882922750.0,-356200000.0,-21214778600.0
07/06/2024,11059.9033148339,18100.0,-50.0,-0.00276243,11151.8138686967,11182.4507199844,11059.9033148339,12234877.0,221590467500.0,0.0,0.0,12234877.0,221590467500.0,563000.0,-668000.0,600.0,105000.0,10150750000.0,-12060525000.0,10860000.0,1909775000.0
06/06/2024,11090.5401661215,18150.0,-50.0,-0.00275482,11151.8138686967,11243.7244225596,11029.2664635462,11668803.0,211778734700.0,90000.0,1737000000.0,11758803.0,213515734700.0,-786643.0,745700.0,16800.0,40943.0,-14272585449.0,13534740000.0,305550000.0,737845450.0
05/06/2024,11121.1770174091,18250.0,-100.0,-0.00547945,11274.3612738473,11335.6349764225,11121.1770174091,13277305.0,242778169100.0,0.0,0.0,13277305.0,242778169100.0,143360.0,130100.0,31000.0,-273460.0,2605272000.0,2379675000.0,567150000.0,-4984947000.0
04/06/2024,11182.4507199844,18350.0,-100.0,-0.00544959,11274.3612738473,11427.5455302854,11182.4507199844,17649925.0,325349851950.0,0.0,0.0,17649925.0,325349851950.0,279693.0,-233793.0,17600.0,-45900.0,5138000851.0,-4292965850.0,323605000.0,-845035000.0
03/06/2024,11243.7244225596,18000.0,350.0,0.01944444,11151.8138686967,11335.6349764225,11151.8138686967,23345265.0,428594527150.0,100000.0,1880000000.0,23445265.0,430474527150.0,-1042523.0,182816.0,10916.0,859707.0,-19126946350.0,3359683600.0,200434000.0,15767262750.0
31/05/2024,11029.2664635462,17900.0,100.0,0.00558659,10967.992760971,11182.4507199844,10967.992760971,16874268.0,305455507450.0,0.0,0.0,16874268.0,305455507450.0,232300.0,206000.0,47600.0,-438300.0,4222570000.0,3736475000.0,860855000.0,-7959045000.0
30/05/2024,10967.992760971,18000.0,-100.0,-0.00555556,10876.0822071081,11059.9033148339,10753.5348019576,21948883.0,389811299350.0,0.0,0.0,21948883.0,389811299350.0,315900.0,-88800.0,6500.0,-227100.0,5622770000.0,-1582615000.0,114400000.0,-4040155000.0
29/05/2024,11029.2664635462,18150.0,-150.0,-0.00826446,11121.1770174091,11274.3612738473,10967.992760971,18821838.0,340726473850.0,0.0,0.0,18821838.0,340726473850.0,-1600.0,514100.0,12900.0,-512500.0,-90820000.0,9399700000.0,234785000.0,-9308880000.0
28/05/2024,11121.1770174091,17900.0,250.0,0.01396648,11029.2664635462,11151.8138686967,10967.992760971,15174455.0,274241464000.0,0.0,0.0,15174455.0,274241464000.0,764975.0,-648600.0,-7800.0,-116375.0,13861788750.0,-11764665000.0,-141180000.0,-2097123750.0
27/05/2024,10967.992760971,17700.0,200.0,0.01129944,10845.4453558205,10998.6296122586,10722.8979506699,11677849.0,206841782300.0,0.0,0.0,11677849.0,206841782300.0,290355.0,-255300.0,0.0,-35055.0,5197443500.0,-4544650000.0,0.0,-652793500.0
24/05/2024,10845.4453558205,18400.0,-700.0,-0.03804348,11121.1770174091,11182.4507199844,10692.2610993823,34739802.0,621507369700.0,0.0,0.0,34739802.0,621507369700.0,4339300.0,-338300.0,-23800.0,-4001000.0,78034645000.0,-6044235000.0,-433150000.0,-71990410000.0
23/05/2024,11274.3612738473,18200.0,200.0,0.01098901,11121.1770174091,11274.3612738473,10814.8085045328,29139132.0,525320963900.0,0.0,0.0,29139132.0,525320963900.0,1082300.0,-19600.0,-58200.0,-1062700.0,19659025000.0,-407860000.0,-1059285000.0,-19251165000.0
22/05/2024,11151.8138686967,18300.0,-100.0,-0.00546448,11243.7244225596,11488.8192328607,11090.5401661215,28472154.0,525107403200.0,0.0,0.0,28472154.0,525107403200.0,1086774.0,-640700.0,-20200.0,-446074.0,20067889200.0,-11844265000.0,-372945000.0,-8223624200.0
21/05/2024,11213.087571272,18250.0,50.0,0.00273973,11182.4507199844,11274.3612738473,10998.6296122586,20787311.0,377892328850.0,0.0,0.0,20787311.0,377892328850.0,-36004.0,139900.0,-9100.0,-103896.0,-636340450.0,2530680000.0,-165555000.0,-1894339550.0
20/05/2024,11182.4507199844,18250.0,0.0,0.0,11335.6349764225,11396.9086789978,11182.4507199844,22187740.0,408977152400.0,0.0,0.0,22187740.0,408977152400.0,158600.0,-14200.0,9200.0,-144400.0,2927790000.0,-260595000.0,169420000.0,-2667195000.0
17/05/2024,11182.4507199844,18150.0,100.0,0.00550964,11151.8138686967,11304.9981251349,11059.9033148339,20806759.0,379158876850.0,0.0,0.0,20806759.0,379158876850.0,1030469.0,-364700.0,-45100.0,-665769.0,18797570800.0,-6659685000.0,-820065000.0,-12137885800.0
16/05/2024,11121.1770174091,17850.0,300.0,0.01680672,11090.5401661215,11243.7244225596,11029.2664635462,27152597.0,494198188500.0,60000.0,1053000000.0,27212597.0,495251188500.0,779784.0,-324200.0,38700.0,-455584.0,14198844600.0,-5880935000.0,705825000.0,-8317909600.0
15/05/2024,10937.3559096833,17500.0,350.0,0.02,10722.8979506699,11121.1770174091,10722.8979506699,27866630.0,496679100550.0,120000.0,2186000000.0,27986630.0,498865100550.0,-247600.0,343800.0,-1900.0,-96200.0,-4362790000.0,6133740000.0,-32545000.0,-1770950000.0
14/05/2024,10722.8979506699,17550.0,-50.0,-0.002849,10784.1716532452,10876.0822071081,10692.2610993823,9988150.0,175292878050.0,60000.0,1053000000.0,10048150.0,176345878050.0,203175.0,-68400.0,34200.0,-134775.0,3554182600.0,-1189750000.0,599430000.0,-2364432600.0
13/05/2024,10753.5348019576,17550.0,0.0,0.0,10784.1716532452,10906.7190583957,10661.6242480947,17705986.0,311702538500.0,0.0,0.0,17705986.0,311702538500.0,156100.0,-107000.0,-147400.0,-49100.0,2734085000.0,-1865470000.0,-2589240000.0,-868615000.0
10/05/2024,10753.5348019576,17250.0,300.0,0.0173913,10661.6242480947,10784.1716532452,10508.4399916565,18470912.0,320834471150.0,0.0,0.0,18470912.0,320834471150.0,-815751.0,324200.0,32800.0,491551.0,-14152610000.0,5634870000.0,566595000.0,8517740000.0
09/05/2024,10569.7136942318,17500.0,-250.0,-0.01428571,10784.1716532452,10845.4453558205,10539.0768429442,17259007.0,300608799050.0,0.0,0.0,17259007.0,300608799050.0,2083000.0,-391900.0,-14700.0,-1691100.0,36355835000.0,-6779430000.0,-257225000.0,-29576405000.0
08/05/2024,10722.8979506699,17500.0,0.0,0.0,10600.3505455194,10876.0822071081,10508.4399916565,22967088.0,400517720300.0,0.0,0.0,22967088.0,400517720300.0,1653757.0,-1630100.0,-1816600.0,-23657.0,29090974300.0,-28628725000.0,-31894855000.0,-462249300.0
07/05/2024,10722.8979506699,17600.0,-100.0,-0.00568182,10784.1716532452,10814.8085045328,10630.9873968071,14667054.0,256189500300.0,30000.0,505500000.0,14697054.0,256695000300.0,425469.0,-477200.0,-648800.0,51731.0,7458287500.0,-8350375000.0,-11356270000.0,892087500.0
06/05/2024,10784.1716532452,16800.0,800.0,0.04761905,10416.5294377937,10814.8085045328,10355.2557352184,28668954.0,498168794050.0,70000.0,1095500000.0,28738954.0,499264294050.0,448700.0,-2275100.0,-2235800.0,1826400.0,8354995000.0,-39955490000.0,-39262035000.0,31600495000.0
03/05/2024,10293.9820326431,16750.0,50.0,0.00298507,10416.5294377937,10477.8031403689,10232.7083300679,14418415.0,244385764750.0,30000.0,504000000.0,14448415.0,244889764750.0,469700.0,-521200.0,39000.0,51500.0,8019295000.0,-8891520000.0,662025000.0,872225000.0
02/05/2024,10263.3451813555,16850.0,-100.0,-0.00593472,10324.6188839308,10385.892586506,10171.4346274926,11512836.0,193056619450.0,0.0,0.0,11512836.0,193056619450.0,238708.0,-158400.0,-24700.0,-80308.0,4015195000.0,-2655400000.0,-413725000.0,-1359795000.0
26/04/2024,10324.6188839308,17100.0,-250.0,-0.01461988,10232.7083300679,10477.8031403689,10232.7083300679,16462092.0,278065080750.0,0.0,0.0,16462092.0,278065080750.0,231800.0,7400.0,5200.0,-239200.0,3916210000.0,118890000.0,87695000.0,-4035100000.0
25/04/2024,10477.8031403689,17250.0,-150.0,-0.00869565,10508.4399916565,10539.0768429442,10355.2557352184,15166220.0,258268262600.0,196000.0,3446400000.0,15362220.0,261714662600.0,306450.0,553800.0,-6000.0,-860250.0,5227655000.0,9435070000.0,-100950000.0,-14662725000.0
24/04/2024,10569.7136942318,16550.0,700.0,0.04229607,10355.2557352184,10661.6242480947,10263.3451813555,26371195.0,451965105200.0,0.0,0.0,26371195.0,451965105200.0,40173.0,751897.0,-11000.0,-792070.0,660611750.0,12876908750.0,-189380000.0,-13537520500.0
23/04/2024,10140.797776205,17150.0,-600.0,-0.03498542,10508.4399916565,10539.0768429442,10079.5240736297,20906648.0,350644216000.0,96000.0,1646400000.0,21002648.0,352290616000.0,1244464.0,-63797.0,6500.0,-1180667.0,21239647550.0,-1052749750.0,109915000.0,-20186897800.0
22/04/2024,10508.4399916565,16300.0,850.0,0.05214724,10324.6188839308,10661.6242480947,10202.0714787803,27935772.0,474996405900.0,0.0,0.0,27935772.0,474996405900.0,726700.0,-725377.0,24623.0,-1323.0,12344574750.0,-12248155150.0,415020000.0,-96419600.0
19/04/2024,9987.6135197669,17000.0,-700.0,-0.04117647,10171.4346274926,10539.0768429442,9803.7924120411,47427441.0,784620456600.0,0.0,0.0,47427441.0,784620456600.0,-3061745.0,122900.0,75800.0,2938845.0,-49933190050.0,2015840000.0,1272940000.0,47917350050.0
17/04/2024,10416.5294377937,17850.0,-850.0,-0.04761905,11029.2664635462,11059.9033148339,10416.5294377937,32314273.0,563749898850.0,0.0,0.0,32314273.0,563749898850.0,3548670.0,-4214400.0,-4737900.0,665730.0,62257963050.0,-73848765000.0,-83043190000.0,11590801950.0
16/04/2024,10937.3559096833,18150.0,-300.0,-0.01652893,11090.5401661215,11151.8138686967,10385.892586506,62517746.0,1095275441150.0,0.0,0.0,62517746.0,1095275441150.0,97323.0,-3331000.0,-4930100.0,3233677.0,3114916800.0,-58988540000.0,-86948665000.0,55873623200.0
15/04/2024,11121.1770174091,19500.0,-1350.0,-0.06923077,11917.7351508874,12101.5562586132,11121.1770174091,43881940.0,830231564600.0,0.0,0.0,43881940.0,830231564600.0,2443288.0,-799700.0,26000.0,-1643588.0,47649872600.0,-15139740000.0,503100000.0,-32510132600.0
12/04/2024,11948.3720021751,19150.0,350.0,0.01827676,11887.0982995998,12070.9194073256,11764.5508944493,22803414.0,443389811250.0,0.0,0.0,22803414.0,443389811250.0,717391.0,-104700.0,-72400.0,-612691.0,13882211050.0,-1998140000.0,-1394675000.0,-11884071050.0
11/04/2024,11733.9140431617,19200.0,-50.0,-0.00260417,11611.3666380112,11856.4614483122,11580.7297867235,26488990.0,506016119600.0,0.0,0.0,26488990.0,506016119600.0,681402.0,-312700.0,-19000.0,-368702.0,13006003400.0,-5985310000.0,-367280000.0,-7020693400.0
10/04/2024,11764.5508944493,19650.0,-450.0,-0.02290076,12040.282556038,12040.282556038,11764.5508944493,17473552.0,339322813000.0,0.0,0.0,17473552.0,339322813000.0,-182562.0,200800.0,-9100.0,-18238.0,-3570817800.0,3908070000.0,-175510000.0,-337252200.0
09/04/2024,12040.282556038,18950.0,700.0,0.03693931,11703.277191874,12040.282556038,11611.3666380112,27611953.0,531640382150.0,0.0,0.0,27611953.0,531640382150.0,-1949116.0,119100.0,14000.0,1830016.0,-37600376500.0,2249090000.0,265930000.0,35351286500.0
08/04/2024,11611.3666380112,19300.0,-350.0,-0.01813472,11917.7351508874,11917.7351508874,11611.3666380112,33951206.0,650051588550.0,0.0,0.0,33951206.0,650051588550.0,-1883908.0,836100.0,119500.0,1047808.0,-36103859400.0,15979160000.0,2290510000.0,20124699400.0
05/04/2024,11825.8245970246,20100.0,-800.0,-0.039801,12132.1931099008,12162.8299611885,11825.8245970246,51531113.0,1008023726450.0,0.0,0.0,51531113.0,1008023726450.0,-563900.0,506300.0,-13600.0,57600.0,-10986410000.0,9916950000.0,-266135000.0,1069460000.0
04/04/2024,12316.0142176266,20500.0,-400.0,-0.0195122,12591.7458792153,12622.3827305029,12254.7405150514,30671326.0,621494458150.0,0.0,0.0,30671326.0,621494458150.0,30441.0,11300.0,23400.0,-41741.0,604269350.0,247060000.0,476060000.0,-851329350.0
03/04/2024,12561.1090279276,20950.0,-450.0,-0.02147971,12867.4775408039,13112.572351105,12561.1090279276,42450856.0,890842429000.0,0.0,0.0,42450856.0,890842429000.0,502289.0,-446300.0,-89100.0,-55989.0,10401592900.0,-9224910000.0,-1868820000.0,-1176682900.0
02/04/2024,12836.8406895163,20550.0,400.0,0.01946472,12561.1090279276,12836.8406895163,12346.6510689142,25872297.0,532023680700.0,0.0,0.0,25872297.0,532023680700.0,311700.0,-168200.0,-19200.0,-143500.0,6430480000.0,-3457120000.0,-394890000.0,-2973360000.0
01/04/2024,12591.7458792153,20550.0,0.0,0.0,12530.47217664,12744.9301356534,12316.0142176266,31825507.0,648680483450.0,4000000.0,78480000000.0,35825507.0,727160483450.0,341000.0,-430100.0,-4400.0,89100.0,7086050000.0,-8929835000.0,-86735000.0,1843785000.0
29/03/2024,12591.7458792153,21000.0,-450.0,-0.02142857,12867.4775408039,12867.4775408039,12561.1090279276,29223933.0,603585085500.0,0.0,0.0,29223933.0,603585085500.0,1107200.0,-135000.0,-6500.0,-972200.0,22911351850.0,-2783940000.0,-134225000.0,-20127411850.0
28/03/2024,12867.4775408039,21000.0,0.0,0.0,13020.6617972421,13020.6617972421,12714.2932843658,29134782.0,609920623850.0,580000.0,11924000000.0,29714782.0,621844623850.0,1445800.0,-1425400.0,-1447800.0,-20400.0,30069825000.0,-29647910000.0,-30124435000.0,-421915000.0
27/03/2024,12867.4775408039,20950.0,50.0,0.00238663,13081.9354998173,13081.9354998173,12683.6564330782,26469831.0,555464889000.0,9000000.0,175500000000.0,35469831.0,730964889000.0,-356455.0,-48150.0,-57900.0,404605.0,-7566478000.0,-1014387500.0,-1219075000.0,8580865500.0
26/03/2024,12836.8406895163,20200.0,750.0,0.03712871,12377.2879202019,12836.8406895163,12132.1931099008,35867644.0,732695876900.0,0.0,0.0,35867644.0,732695876900.0,-3087800.0,253800.0,3200.0,2834000.0,-63157005000.0,5241295000.0,69375000.0,57915710000.0
25/03/2024,12377.2879202019,20150.0,50.0,0.00248139,12683.6564330782,12683.6564330782,12254.7405150514,40046640.0,816405641800.0,0.0,0.0,40046640.0,816405641800.0,2145961.0,-2168500.0,0.0,22539.0,43616582201.0,-44125970000.0,0.0,509387800.0
22/03/2024,12346.6510689142,20150.0,0.0,0.0,12499.8353253524,12683.6564330782,12193.4668124761,39375453.0,801175950800.0,106600.0,1998750000.0,39482053.0,803174700800.0,2258354.0,-1679600.0,0.0,-578754.0,45921182899.0,-34148275000.0,0.0,-11772907900.0
21/03/2024,12346.6510689142,20000.0,150.0,0.0075,12591.7458792153,12622.3827305029,12224.1036637637,32814400.0,664386551750.0,70000.0,1400000000.0,32884400.0,665786551750.0,107846.0,-546900.0,0.0,439054.0,2098126500.0,-10932605000.0,0.0,8834478500.0
20/03/2024,12254.7405150514,19300.0,700.0,0.03626943,11887.0982995998,12254.7405150514,11764.5508944493,28830583.0,563247520650.0,150000.0,2895000000.0,28980583.0,566142520650.0,906573.0,249000.0,0.0,-1155573.0,17584192050.0,4901095000.0,0.0,-22485287050.0
19/03/2024,11825.8245970246,19750.0,-450.0,-0.02278481,12224.1036637637,12224.1036637637,11825.8245970246,23916971.0,467716322550.0,0.0,0.0,23916971.0,467716322550.0,2130600.0,-91900.0,0.0,-2038700.0,41786095000.0,-1731030000.0,0.0,-40055065000.0
18/03/2024,12101.5562586132,20800.0,-1050.0,-0.05048077,12867.4775408039,12990.0249459544,11856.4614483122,62737344.0,1244032413750.0,130000.0,2600000000.0,62867344.0,1246632413750.0,-131682.0,-336000.0,0.0,467682.0,-2201107399.0,-6610475000.0,0.0,8811582400.0
15/03/2024,12744.9301356534,20800.0,0.0,0.0,12744.9301356534,12990.0249459544,12407.9247714895,25401381.0,524347632450.0,0.0,0.0,25401381.0,524347632450.0,-536474.0,80900.0,0.0,455574.0,-10830655800.0,1638610000.0,0.0,9192045800.0
14/03/2024,12744.9301356534,20100.0,700.0,0.03482587,12346.6510689142,13143.2092023926,12254.7405150514,46846498.0,971714363950.0,1060000.0,20198000000.0,47906498.0,991912363950.0,-2208973.0,-159100.0,0.0,2368073.0,-45778783800.0,-3375180000.0,0.0,49153963800.0
13/03/2024,12316.0142176266,18800.0,1300.0,0.06914894,11550.0929354359,12316.0142176266,11550.0929354359,37296099.0,729874225850.0,24000000.0,420300000000.0,61296099.0,1150174225850.0,-113153.0,238800.0,0.0,-125647.0,-2369198650.0,4780240000.0,0.0,-2411041350.0
12/03/2024,11519.4560841483,19400.0,-600.0,-0.03092784,11733.9140431617,11795.1877457369,11458.182381573,34320379.0,649097689150.0,0.0,0.0,34320379.0,649097689150.0,7859466.0,-191600.0,0.0,-7667866.0,148878454350.0,-3620385000.0,0.0,-145258069350.0
11/03/2024,11887.0982995998,19450.0,-50.0,-0.00257069,11917.7351508874,12040.282556038,11519.4560841483,34047201.0,657596813850.0,0.0,0.0,34047201.0,657596813850.0,-183192.0,-957100.0,0.0,1140292.0,-3512682600.0,-18608305000.0,0.0,22120987600.0
08/03/2024,11917.7351508874,19800.0,-350.0,-0.01767677,12224.1036637637,12346.6510689142,11887.0982995998,38539230.0,760545203600.0,95000.0,1881000000.0,38634230.0,762426203600.0,862682.0,-325000.0,0.0,-537682.0,16943443050.0,-6396750000.0,0.0,-10546693050.0
07/03/2024,12132.1931099008,18700.0,1100.0,0.05882353,11458.182381573,12254.7405150514,11427.5455302854,63138648.0,1226932549800.0,9070000.0,158809000000.0,72208648.0,1385741549800.0,-7060000.0,-293600.0,0.0,7353600.0,-136784230000.0,-5732335000.0,0.0,142516565000.0
06/03/2024,11458.182381573,19100.0,-400.0,-0.02094241,11733.9140431617,11825.8245970246,11366.2718277101,28521200.0,537855778950.0,0.0,0.0,28521200.0,537855778950.0,6520121.0,-371500.0,0.0,-6148621.0,123224174800.0,-6972265000.0,0.0,-116251909800.0
05/03/2024,11703.277191874,18900.0,200.0,0.01058201,11611.3666380112,11733.9140431617,11396.9086789978,29874125.0,563252526600.0,51500.0,973350000.0,29925625.0,564225876600.0,565581.0,336700.0,0.0,-902281.0,10542781900.0,6351500000.0,0.0,-16894281900.0
04/03/2024,11580.7297867235,18900.0,0.0,0.0,11825.8245970246,11856.4614483122,11519.4560841483,25311130.0,481956161500.0,0.0,0.0,25311130.0,481956161500.0,-1154519.0,11500.0,0.0,1143019.0,-22001747900.0,220245000.0,0.0,21781502900.0
01/03/2024,11580.7297867235,18300.0,600.0,0.03278689,11243.7244225596,11611.3666380112,11243.7244225596,38401521.0,720297600350.0,562900.0,9597445000.0,38964421.0,729895045350.0,-6659538.0,-154296.0,0.0,6813834.0,-124650607300.0,-2894650200.0,0.0,127545257500.0
29/02/2024,11213.087571272,18150.0,150.0,0.00826446,11213.087571272,11519.4560841483,11121.1770174091,36502953.0,672237709700.0,0.0,0.0,36502953.0,672237709700.0,-2357600.0,239800.0,0.0,2117800.0,-43635420000.0,4432230000.0,0.0,39203190000.0
28/02/2024,11121.1770174091,18100.0,50.0,0.00276243,11151.8138686967,11304.9981251349,11029.2664635462,28146337.0,513523214050.0,0.0,0.0,28146337.0,513523214050.0,-2251672.0,2279000.0,0.0,-27328.0,-41190128400.0,41686845000.0,0.0,-496716600.0
27/02/2024,11090.5401661215,17950.0,150.0,0.00835655,11090.5401661215,11304.9981251349,10967.992760971,22085902.0,400747238100.0,450000.0,8505000000.0,22535902.0,409252238100.0,-1492348.0,-41424.0,0.0,1533772.0,-27074729600.0,-744403000.0,0.0,27819132600.0
26/02/2024,10998.6296122586,17500.0,450.0,0.02571429,10692.2610993823,11121.1770174091,10600.3505455194,24951633.0,441198451400.0,0.0,0.0,24951633.0,441198451400.0,-370200.0,696200.0,0.0,-326000.0,-7082360000.0,12359390000.0,0.0,-5277030000.0
23/02/2024,10722.8979506699,18050.0,-550.0,-0.03047091,11151.8138686967,11151.8138686967,10692.2610993823,37260198.0,663402899500.0,0.0,0.0,37260198.0,663402899500.0,7846300.0,65100.0,0.0,-7911400.0,140705625000.0,1165020000.0,0.0,-141870645000.0
22/02/2024,11059.9033148339,18350.0,-300.0,-0.01634877,11213.087571272,11274.3612738473,11059.9033148339,15184124.0,275769716950.0,0.0,0.0,15184124.0,275769716950.0,263079.0,-211300.0,0.0,-51779.0,4787689000.0,-3829480000.0,0.0,-958209000.0
21/02/2024,11243.7244225596,18300.0,50.0,0.00273224,11243.7244225596,11335.6349764225,11121.1770174091,24694970.0,452532612750.0,0.0,0.0,24694970.0,452532612750.0,-1692691.0,-17400.0,0.0,1710091.0,-31059939850.0,-314640000.0,0.0,31374579850.0
20/02/2024,11213.087571272,17900.0,400.0,0.02234637,11029.2664635462,11458.182381573,11029.2664635462,49431837.0,909848822750.0,0.0,0.0,49431837.0,909848822750.0,-9104838.0,1185800.0,0.0,7919038.0,-167578393700.0,21824805000.0,0.0,145753588700.0
19/02/2024,10967.992760971,17950.0,-50.0,-0.00278552,10998.6296122586,11029.2664635462,10722.8979506699,27342174.0,484627811250.0,4721320.0,81422694000.0,32063494.0,566050505250.0,167695.0,-218800.0,0.0,51105.0,2977327500.0,-3883490000.0,0.0,906162500.0
16/02/2024,10998.6296122586,17850.0,100.0,0.00560224,10937.3559096833,11121.1770174091,10906.7190583957,21896804.0,393284416900.0,0.0,0.0,21896804.0,393284416900.0,2829008.0,-56600.0,0.0,-2772408.0,50780077200.0,-1011205000.0,0.0,-49768872200.0
15/02/2024,10937.3559096833,18100.0,-250.0,-0.01381215,11151.8138686967,11182.4507199844,10906.7190583957,24616350.0,443752788200.0,0.0,0.0,24616350.0,443752788200.0,4368900.0,-1696700.0,0.0,-2672200.0,78871030000.0,-30635990000.0,0.0,-48235040000.0
07/02/2024,11090.5401661215,18000.0,100.0,0.00555556,11090.5401661215,11182.4507199844,10937.3559096833,16142433.0,291547314850.0,0.0,0.0,16142433.0,291547314850.0,1892600.0,-496600.0,0.0,-1396000.0,34189500000.0,-8974195000.0,0.0,-25215305000.0
06/02/2024,11029.2664635462,17800.0,200.0,0.01123596,10967.992760971,11213.087571272,10937.3559096833,25534514.0,463308009450.0,2988000.0,50912760000.0,28522514.0,514220769450.0,-2706500.0,195800.0,0.0,2510700.0,-49105685000.0,3546420000.0,0.0,45559265000.0
05/02/2024,10906.7190583957,17700.0,100.0,0.00564972,10876.0822071081,10967.992760971,10814.8085045328,15560891.0,276174066950.0,0.0,0.0,15560891.0,276174066950.0,691700.0,-125300.0,0.0,-566400.0,12231340000.0,-2229710000.0,0.0,-10001630000.0
02/02/2024,10845.4453558205,17400.0,300.0,0.01724138,10753.5348019576,11029.2664635462,10692.2610993823,39028355.0,691382173550.0,10020000.0,180848000000.0,49048355.0,872230173550.0,-898300.0,70700.0,0.0,827600.0,-16007670000.0,1271125000.0,0.0,14736545000.0
01/02/2024,10661.6242480947,17450.0,-50.0,-0.00286533,10722.8979506699,10753.5348019576,10630.9873968071,12075260.0,210666529800.0,0.0,0.0,12075260.0,210666529800.0,-61465.0,-23900.0,0.0,85365.0,-1073504500.0,-417170000.0,0.0,1490674500.0
31/01/2024,10692.2610993823,17400.0,50.0,0.00287356,10692.2610993823,10967.992760971,10661.6242480947,37304438.0,658916517850.0,10000000.0,162000000000.0,47304438.0,820916517850.0,-3665600.0,-839800.0,0.0,4505400.0,-65057630000.0,-14875115000.0,0.0,79932745000.0
30/01/2024,10661.6242480947,17250.0,150.0,0.0087,10569.7136942318,10661.6242480947,10477.8031403689,14189067.0,244189562350.0,50000.0,900000000.0,14239067.0,245089562350.0,750420.0,-65140.0,0.0,-685280.0,12796589000.0,-1116208000.0,0.0,-11680381000.0
29/01/2024,10569.7136942318,17350.0,-100.0,-0.00576369,10661.6242480947,10753.5348019576,10569.7136942318,14753642.0,256193785500.0,0.0,0.0,14753642.0,256193785500.0,572910.0,-178800.0,0.0,-394110.0,9949293500.0,-3115835000.0,0.0,-6833458500.0
26/01/2024,10630.9873968071,17350.0,0.0,0.0,10630.9873968071,10722.8979506699,10600.3505455194,13986586.0,243240865750.0,0.0,0.0,13986586.0,243240865750.0,-27000.0,22400.0,0.0,4600.0,-483405000.0,402660000.0,0.0,80745000.0
25/01/2024,10630.9873968071,17400.0,-50.0,-0.00287356,10753.5348019576,10753.5348019576,10630.9873968071,9970417.0,173723946550.0,0.0,0.0,9970417.0,173723946550.0,214100.0,-109800.0,0.0,-104300.0,3721660000.0,-1906905000.0,0.0,-1814755000.0
24/01/2024,10661.6242480947,17350.0,50.0,0.00288184,10630.9873968071,10845.4453558205,10630.9873968071,24401060.0,427836376950.0,0.0,0.0,24401060.0,427836376950.0,-449715.0,-6385.0,0.0,456100.0,-7838356000.0,-141739000.0,0.0,7980095000.0
23/01/2024,10630.9873968071,17350.0,0.0,0.0,10661.6242480947,10722.8979506699,10600.3505455194,16663747.0,289744103550.0,0.0,0.0,16663747.0,289744103550.0,-726600.0,10600.0,0.0,716000.0,-12625905000.0,180350000.0,0.0,12445555000.0
22/01/2024,10630.9873968071,17350.0,0.0,0.0,10722.8979506699,10784.1716532452,10447.1662890813,23013519.0,397270200800.0,0.0,0.0,23013519.0,397270200800.0,586727.0,22300.0,0.0,-609027.0,10140087500.0,385095000.0,0.0,-10525182500.0
19/01/2024,10630.9873968071,17450.0,-100.0,-0.00573066,10906.7190583957,10967.992760971,10600.3505455194,26835493.0,470172325400.0,0.0,0.0,26835493.0,470172325400.0,286800.0,-10700.0,0.0,-276100.0,4986220000.0,-194385000.0,0.0,-4791835000.0
18/01/2024,10692.2610993823,17450.0,0.0,0.0,10722.8979506699,10845.4453558205,10630.9873968071,19274028.0,337613644050.0,20000.0,349000000.0,19294028.0,337962644050.0,-2734800.0,2847100.0,0.0,-112300.0,-47977650000.0,49945525000.0,0.0,-1967875000.0
17/01/2024,10692.2610993823,17050.0,400.0,0.02346041,10508.4399916565,10998.6296122586,10447.1662890813,52836086.0,929778806850.0,20000.0,350000000.0,52856086.0,930128806850.0,-4340171.0,2873900.0,0.0,1466271.0,-76711137650.0,50875070000.0,0.0,25836067650.0
16/01/2024,10447.1662890813,16700.0,350.0,0.02095808,10202.0714787803,10447.1662890813,10171.4346274926,17249272.0,290393366850.0,40000.0,622000000.0,17289272.0,291015366850.0,-2710500.0,2966000.0,0.0,-255500.0,-45732605000.0,50023365000.0,0.0,-4290760000.0
15/01/2024,10232.7083300679,16950.0,-250.0,-0.01474926,10477.8031403689,10539.0768429442,10232.7083300679,21284629.0,359773946800.0,0.0,0.0,21284629.0,359773946800.0,-2958700.0,2960400.0,0.0,-1700.0,-50141545000.0,50168880000.0,0.0,-27335000.0
12/01/2024,10385.892586506,17200.0,-250.0,-0.01453488,10447.1662890813,10630.9873968071,10324.6188839308,36638892.0,626324516000.0,0.0,0.0,36638892.0,626324516000.0,-327100.0,247200.0,0.0,79900.0,-5564965000.0,4194050000.0,0.0,1370915000.0
11/01/2024,10539.0768429442,16700.0,500.0,0.02994012,10355.2557352184,10600.3505455194,10293.9820326431,42524459.0,727746511700.0,140000.0,2302000000.0,42664459.0,730048511700.0,-3420560.0,856000.0,0.0,2564560.0,-58518030000.0,14630105000.0,0.0,43887925000.0
10/01/2024,10232.7083300679,16950.0,-250.0,-0.01474926,10385.892586506,10416.5294377937,10171.4346274926,18716164.0,314418060200.0,30000.0,508500000.0,18746164.0,314926560200.0,193800.0,-325400.0,0.0,131600.0,3255765000.0,-5472015000.0,0.0,2216250000.0
09/01/2024,10385.892586506,16900.0,50.0,0.00295858,10447.1662890813,10600.3505455194,10355.2557352184,25705983.0,438340774800.0,40000.0,676000000.0,25745983.0,439016774800.0,-670800.0,666600.0,0.0,4200.0,-11576635000.0,11502595000.0,0.0,74040000.0
08/01/2024,10355.2557352184,16750.0,150.0,0.00895522,10355.2557352184,10508.4399916565,10263.3451813555,20213131.0,342676826700.0,30000.0,502500000.0,20243131.0,343179326700.0,-13500.0,67400.0,0.0,-53900.0,-268925000.0,1179705000.0,0.0,-910780000.0
05/01/2024,10263.3451813555,16750.0,0.0,0.0,10355.2557352184,10355.2557352184,10171.4346274926,12796484.0,214295914350.0,30000.0,502500000.0,12826484.0,214798414350.0,-95800.0,95000.0,0.0,800.0,-1600995000.0,1587710000.0,0.0,13285000.0
04/01/2024,10263.3451813555,16650.0,100.0,0.00600601,10232.7083300679,10569.7136942318,10232.7083300679,31659189.0,537120883400.0,0.0,0.0,31659189.0,537120883400.0,-737100.0,558700.0,0.0,178400.0,-12608140000.0,9552245000.0,0.0,3055895000.0
03/01/2024,10202.0714787803,16400.0,250.0,0.0152439,10018.2503710545,10202.0714787803,10018.2503710545,13675809.0,226134074750.0,0.0,0.0,13675809.0,226134074750.0,191500.0,-265600.0,0.0,74100.0,3161705000.0,-4407140000.0,0.0,1245435000.0
02/01/2024,10048.8872223421,17100.0,-700.0,-0.04093567,10600.3505455194,10630.9873968071,9895.702965904,51750576.0,863663179850.0,1830000.0,29541160000.0,53580576.0,893204339850.0,592400.0,-467500.0,0.0,-124900.0,9940855000.0,-7837675000.0,0.0,-2103180000.0
29/12/2023,10477.8031403689,17100.0,0.0,0.0,10539.0768429442,10569.7136942318,10447.1662890813,13099145.0,224361971950.0,90000.0,1642500000.0,13189145.0,226004471950.0,488200.0,-487500.0,0.0,-700.0,8353015000.0,-8340990000.0,0.0,-12025000.0
28/12/2023,10477.8031403689,17100.0,0.0,0.0,10447.1662890813,10600.3505455194,10416.5294377937,17097182.0,292936706500.0,120000.0,1925000000.0,17217182.0,294861706500.0,-169045.0,61845.0,0.0,107200.0,-2902559500.0,1061894500.0,0.0,1840665000.0
27/12/2023,10477.8031403689,17100.0,0.0,0.0,10539.0768429442,10692.2610993823,10477.8031403689,19919955.0,344014955150.0,2092000.0,33746500000.0,22011955.0,377761455150.0,873349.0,-411000.0,0.0,-462349.0,15045430351.0,-7072735000.0,0.0,-7972695350.0
26/12/2023,10477.8031403689,16900.0,200.0,0.01183432,10447.1662890813,10539.0768429442,10385.892586506,15366048.0,262104824900.0,0.0,0.0,15366048.0,262104824900.0,-507300.0,569900.0,0.0,-62600.0,-8672645000.0,9741360000.0,0.0,-1068715000.0
25/12/2023,10355.2557352184,16700.0,200.0,0.01197605,10263.3451813555,10477.8031403689,10171.4346274926,19448495.0,329124019600.0,0.0,0.0,19448495.0,329124019600.0,-352430.0,269100.0,0.0,83330.0,-5969149000.0,4569945000.0,0.0,1399204000.0
22/12/2023,10232.7083300679,16850.0,-150.0,-0.00890208,10355.2557352184,10508.4399916565,10202.0714787803,19624313.0,332034712500.0,2562000.0,43108900000.0,22186313.0,375143612500.0,154600.0,19200.0,0.0,-173800.0,2627975000.0,328220000.0,0.0,-2956195000.0
21/12/2023,10324.6188839308,16950.0,-100.0,-0.00589971,10232.7083300679,10355.2557352184,10232.7083300679,10024125.0,168543902350.0,99000.0,1685550000.0,10123125.0,170229452350.0,460600.0,30500.0,0.0,-491100.0,7729225000.0,512420000.0,0.0,-8241645000.0
20/12/2023,10385.892586506,16800.0,150.0,0.00892857,10355.2557352184,10508.4399916565,10232.7083300679,17485550.0,296221262950.0,130000.0,2171000000.0,17615550.0,298392262950.0,-350900.0,929400.0,0.0,-578500.0,-6022520000.0,15743210000.0,0.0,-9720690000.0
19/12/2023,10293.9820326431,16400.0,400.0,0.02439024,10048.8872223421,10293.9820326431,10018.2503710545,16403000.0,270992790000.0,0.0,0.0,16403000.0,270992790000.0,-614831.0,573000.0,0.0,41831.0,-10112997399.0,9450460000.0,0.0,662537400.0
18/12/2023,10048.8872223421,16500.0,-100.0,-0.00606061,10171.4346274926,10202.0714787803,10018.2503710545,12673206.0,208961212200.0,0.0,0.0,12673206.0,208961212200.0,387200.0,-105100.0,0.0,-282100.0,6387155000.0,-1738750000.0,0.0,-4648405000.0
15/12/2023,10110.1609249174,16450.0,50.0,0.00303951,10048.8872223421,10355.2557352184,9987.6135197669,24040417.0,398606541350.0,130000.0,2210000000.0,24170417.0,400816541350.0,3009544.0,-87700.0,0.0,-2921844.0,49662291000.0,-1461945000.0,0.0,-48200346000.0
14/12/2023,10079.5240736297,16600.0,-150.0,-0.00903614,10324.6188839308,10355.2557352184,10048.8872223421,24080111.0,400138193400.0,0.0,0.0,24080111.0,400138193400.0,260700.0,-93800.0,0.0,-166900.0,4336405000.0,-1571265000.0,0.0,-2765140000.0
13/12/2023,10171.4346274926,17100.0,-500.0,-0.02923977,10600.3505455194,10630.9873968071,10171.4346274926,28229674.0,476738933900.0,1000000.0,15950000000.0,29229674.0,492688933900.0,85335.0,3300.0,0.0,-88635.0,1436793500.0,88480000.0,0.0,-1525273500.0
12/12/2023,10477.8031403689,17100.0,0.0,0.0,10539.0768429442,10630.9873968071,10447.1662890813,12591758.0,216034621050.0,0.0,0.0,12591758.0,216034621050.0,21200.0,-120800.0,0.0,99600.0,362685000.0,-2074790000.0,0.0,1712105000.0
11/12/2023,10477.8031403689,17200.0,-100.0,-0.00581395,10416.5294377937,10600.3505455194,10171.4346274926,41146251.0,695179189650.0,70000.0,1204000000.0,41216251.0,696383189650.0,2347300.0,-2128200.0,0.0,-219100.0,39415205000.0,-35737370000.0,0.0,-3677835000.0
08/12/2023,10539.0768429442,17450.0,-250.0,-0.01432665,10722.8979506699,10784.1716532452,10416.5294377937,23887806.0,414696647100.0,0.0,0.0,23887806.0,414696647100.0,-9210.0,-5700.0,0.0,14910.0,-145219000.0,-112065000.0,0.0,257284000.0
07/12/2023,10692.2610993823,18050.0,-600.0,-0.033241,11059.9033148339,11090.5401661215,10416.5294377937,73901842.0,1290581900200.0,0.0,0.0,73901842.0,1290581900200.0,2095105.0,-1456100.0,0.0,-639005.0,36056021300.0,-25059605000.0,0.0,-10996416300.0
06/12/2023,11059.9033148339,17700.0,350.0,0.01977401,10845.4453558205,11121.1770174091,10784.1716532452,29391050.0,523947151850.0,0.0,0.0,29391050.0,523947151850.0,1792825.0,106900.0,0.0,-1899725.0,31870713500.0,1910170000.0,0.0,-33780883500.0
05/12/2023,10845.4453558205,17800.0,-100.0,-0.00561798,10906.7190583957,10998.6296122586,10784.1716532452,32039232.0,568698761550.0,0.0,0.0,32039232.0,568698761550.0,1211919.0,260500.0,0.0,-1472419.0,21471479150.0,4614340000.0,0.0,-26085819150.0
04/12/2023,10906.7190583957,16700.0,1100.0,0.06586826,10508.4399916565,10937.3559096833,10477.8031403689,68855918.0,1209667240150.0,100000.0,1700000000.0,68955918.0,1211367240150.0,1070215.0,-359365.0,0.0,-710850.0,18943955150.0,-6644504500.0,0.0,-12299450650.0
01/12/2023,10232.7083300679,16400.0,300.0,0.01829268,10171.4346274926,10324.6188839308,9987.6135197669,29428437.0,487893448000.0,60000.0,984000000.0,29488437.0,488877448000.0,-555500.0,709700.0,0.0,-154200.0,-9370415000.0,11895530000.0,0.0,-2525115000.0
30/11/2023,10048.8872223421,16450.0,-50.0,-0.00303951,10018.2503710545,10355.2557352184,10018.2503710545,38618995.0,643294664400.0,0.0,0.0,38618995.0,643294664400.0,-227800.0,703000.0,0.0,-475200.0,-3856910000.0,11811515000.0,0.0,-7954605000.0
29/11/2023,10079.5240736297,16250.0,200.0,0.01230769,10048.8872223421,10140.797776205,9926.3398171916,24057246.0,394409423050.0,0.0,0.0,24057246.0,394409423050.0,800903.0,88397.0,0.0,-889300.0,13094484050.0,1441200950.0,0.0,-14535685000.0
28/11/2023,9956.9766684792,16100.0,150.0,0.00931677,9865.0661146163,9987.6135197669,9497.4238991648,35577979.0,564819597600.0,0.0,0.0,35577979.0,564819597600.0,747925.0,-676500.0,0.0,-71425.0,11839391250.0,-10614930000.0,0.0,-1224461250.0
27/11/2023,9865.0661146163,16600.0,-500.0,-0.03012048,10171.4346274926,10171.4346274926,9834.4292633287,22106287.0,359403723700.0,0.0,0.0,22106287.0,359403723700.0,438100.0,350300.0,0.0,-788400.0,7167680000.0,5717890000.0,0.0,-12885570000.0
24/11/2023,10171.4346274926,16000.0,600.0,0.0375,9987.6135197669,10171.4346274926,9558.6976017401,56872317.0,914421083000.0,20000.0,302000000.0,56892317.0,914723083000.0,-968465.0,-34635.0,0.0,1003100.0,-15264416500.0,-676018500.0,0.0,15940435000.0
23/11/2023,9803.7924120411,17200.0,-1200.0,-0.06976744,10661.6242480947,10722.8979506699,9803.7924120411,45219237.0,762933062650.0,0.0,0.0,45219237.0,762933062650.0,650200.0,-135700.0,0.0,-514500.0,11436915000.0,-2191145000.0,0.0,-9245770000.0
22/11/2023,10539.0768429442,17000.0,200.0,0.01176471,10416.5294377937,10600.3505455194,10263.3451813555,42760356.0,728642760350.0,66500.0,1126850000.0,42826856.0,729769610350.0,-270600.0,690000.0,0.0,-419400.0,-4691415000.0,11780190000.0,0.0,-7088775000.0
21/11/2023,10416.5294377937,16900.0,100.0,0.00591716,10477.8031403689,10569.7136942318,10263.3451813555,29384689.0,499298988050.0,0.0,0.0,29384689.0,499298988050.0,510500.0,665500.0,0.0,-1176000.0,8600115000.0,11328670000.0,0.0,-19928785000.0
20/11/2023,10355.2557352184,16200.0,700.0,0.04320988,9681.2450068906,10416.5294377937,9681.2450068906,49146357.0,805775376000.0,93000.0,1500000000.0,49239357.0,807275376000.0,-1086511.0,-31289.0,0.0,1117800.0,-17675247600.0,-492297400.0,0.0,18167545000.0
17/11/2023,9926.3398171916,16800.0,-600.0,-0.03571429,10293.9820326431,10447.1662890813,9803.7924120411,61247668.0,1005852793000.0,0.0,0.0,61247668.0,1005852793000.0,5688834.0,-4433900.0,0.0,-1254934.0,93022181650.0,-71933690000.0,0.0,-21088491650.0
16/11/2023,10293.9820326431,16350.0,450.0,0.02752294,9895.702965904,10293.9820326431,9834.4292633287,35450003.0,578810915250.0,734000.0,12680732000.0,36184003.0,591491647250.0,-1547700.0,107400.0,0.0,1440300.0,-25073205000.0,1699620000.0,0.0,23373585000.0
15/11/2023,10018.2503710545,16150.0,200.0,0.0123839,10324.6188839308,10355.2557352184,9865.0661146163,40189417.0,665916943950.0,0.0,0.0,40189417.0,665916943950.0,187600.0,-272000.0,0.0,84400.0,3248890000.0,-4709220000.0,0.0,1460330000.0
14/11/2023,9895.702965904,15950.0,200.0,0.01253918,10048.8872223421,10232.7083300679,9803.7924120411,34915491.0,570232358050.0,51000.0,816000000.0,34966491.0,571048358050.0,162100.0,257200.0,0.0,-419300.0,2650720000.0,4274680000.0,0.0,-6925400000.0
13/11/2023,9773.1555607535,15750.0,200.0,0.01269841,9773.1555607535,9926.3398171916,9344.2396427267,45333064.0,715108555250.0,0.0,0.0,45333064.0,715108555250.0,1226700.0,-416000.0,0.0,-810700.0,19437485000.0,-6524225000.0,0.0,-12913260000.0
10/11/2023,9650.6081556029,15600.0,150.0,0.00961538,9436.1501965895,10079.5240736297,9405.5133453019,56233028.0,898080944850.0,71000.0,1107000000.0,56304028.0,899187944850.0,64265.0,-1220200.0,0.0,1155935.0,800893250.0,-19299680000.0,0.0,18498786750.0
09/11/2023,9558.6976017401,14600.0,1000.0,0.06849315,9282.9659401514,9558.6976017401,9191.0553862885,61702532.0,954099924800.0,0.0,0.0,61702532.0,954099924800.0,1099300.0,-764500.0,0.0,-334800.0,17037530000.0,-11945745000.0,0.0,-5091785000.0
08/11/2023,8945.9605759875,13650.0,950.0,0.06959707,8363.8604015226,8945.9605759875,8302.5866989473,46791003.0,667326165250.0,40000.0,560000000.0,46831003.0,667886165250.0,-1552100.0,-24300.0,0.0,1576400.0,-21845110000.0,-439815000.0,0.0,22284925000.0
07/11/2023,8363.8604015226,13850.0,-200.0,-0.01444043,8363.8604015226,8639.5920631112,8271.9498476597,29531777.0,406478866950.0,1070000.0,15744500000.0,30601777.0,422223366950.0,-81984.0,-178300.0,0.0,260284.0,-1102747600.0,-2444540000.0,0.0,3547287600.0
06/11/2023,8486.4078066731,13650.0,200.0,0.01465201,8486.4078066731,8517.0446579607,8271.9498476597,26577049.0,364183687500.0,0.0,0.0,26577049.0,364183687500.0,5206300.0,-2755300.0,0.0,-2451000.0,71121190000.0,-37629395000.0,0.0,-33491795000.0
03/11/2023,8363.8604015226,13650.0,0.0,0.0,8455.7709553854,8639.5920631112,8210.6761450844,39573920.0,541776658450.0,0.0,0.0,39573920.0,541776658450.0,5443669.0,-4423400.0,0.0,-1020269.0,74325337200.0,-60118425000.0,0.0,-14206912200.0
02/11/2023,8363.8604015226,12800.0,850.0,0.06640625,8088.1287399339,8363.8604015226,7996.218186071,34193276.0,458100110300.0,20000.0,239000000.0,34213276.0,458339110300.0,1301500.0,-762300.0,0.0,-539200.0,17251470000.0,-10176885000.0,0.0,-7074585000.0
01/11/2023,7843.0339296329,12050.0,750.0,0.06224066,7506.028565469,7843.0339296329,7291.5706064556,38904384.0,480694895300.0,0.0,0.0,38904384.0,480694895300.0,-1615600.0,-1411000.0,0.0,3026600.0,-19818515000.0,-17406165000.0,0.0,37224680000.0
31/10/2023,7383.4811603184,12650.0,-600.0,-0.04743083,7720.4865244824,7965.5813347834,7230.2969038803,36026768.0,447661746750.0,0.0,0.0,36026768.0,447661746750.0,-1263877.0,-1659261.0,0.0,2923138.0,-15772907950.0,-20929042750.0,0.0,36701950700.0
30/10/2023,7751.12337577,13600.0,-950.0,-0.06985294,8149.4024425092,8302.5866989473,7751.12337577,21236061.0,277461869950.0,1000000.0,12650000000.0,22236061.0,290111869950.0,-1593785.0,904500.0,0.0,689285.0,-20796667550.0,11764915000.0,0.0,9031752550.0
27/10/2023,8333.2235502349,13650.0,-50.0,-0.003663,8578.318360536,8578.318360536,7904.3076322081,32411587.0,435475694800.0,0.0,0.0,32411587.0,435475694800.0,289800.0,1298600.0,0.0,-1588400.0,4177435000.0,17296355000.0,0.0,-21473790000.0
26/10/2023,8363.8604015226,14650.0,-1000.0,-0.06825939,8731.5026169741,8762.1394682617,8363.8604015226,46476726.0,639844806350.0,0.0,0.0,46476726.0,639844806350.0,960340.0,1945900.0,0.0,-2906240.0,13018896000.0,26975545000.0,0.0,-39994441000.0
25/10/2023,8976.5974272751,14700.0,-50.0,-0.00340136,9068.507981138,9344.2396427267,8945.9605759875,24904334.0,372519620300.0,0.0,0.0,24904334.0,372519620300.0,3586100.0,-2471200.0,0.0,-1114900.0,53498535000.0,-36815715000.0,0.0,-16682820000.0
24/10/2023,9007.2342785627,14400.0,300.0,0.02083333,8945.9605759875,9068.507981138,8792.7763195494,17876631.0,261026153700.0,400000.0,6000000000.0,18276631.0,267026153700.0,817700.0,12400.0,0.0,-830100.0,11855375000.0,147360000.0,0.0,-12002735000.0
23/10/2023,8823.413170837,15000.0,-600.0,-0.04,9191.0553862885,9252.3290888638,8762.1394682617,20973116.0,306897276200.0,0.0,0.0,20973116.0,306897276200.0,2757700.0,34600.0,0.0,-2792300.0,40519710000.0,501155000.0,0.0,-41020865000.0
20/10/2023,9191.0553862885,14400.0,600.0,0.04166667,8854.0500221246,9252.3290888638,8455.7709553854,27973976.0,404271012300.0,0.0,0.0,27973976.0,404271012300.0,91300.0,526500.0,0.0,-617800.0,1409135000.0,7438635000.0,0.0,-8847770000.0
19/10/2023,8823.413170837,14850.0,-450.0,-0.03030303,9160.4185350009,9282.9659401514,8792.7763195494,23736149.0,350364602650.0,0.0,0.0,23736149.0,350364602650.0,-569000.0,973300.0,0.0,-404300.0,-8290575000.0,14351065000.0,0.0,-6060490000.0
18/10/2023,9099.1448324256,14300.0,550.0,0.03846154,9007.2342785627,9374.8764940143,8762.1394682617,48854230.0,726320199950.0,0.0,0.0,48854230.0,726320199950.0,-5330852.0,2609352.0,0.0,2721500.0,-79594249000.0,38850344000.0,0.0,40743905000.0
17/10/2023,8762.1394682617,15300.0,-1000.0,-0.06535948,9497.4238991648,9681.2450068906,8762.1394682617,21895728.0,334990203950.0,0.0,0.0,21895728.0,334990203950.0,-1416910.0,185700.0,0.0,1231210.0,-22012320000.0,2813675000.0,0.0,19198645000.0
16/10/2023,9374.8764940143,15700.0,-400.0,-0.02547771,9619.9713043153,9711.8818581782,9374.8764940143,19240273.0,299128047950.0,0.0,0.0,19240273.0,299128047950.0,1139280.0,111000.0,0.0,-1250280.0,17799666000.0,1705575000.0,0.0,-19505241000.0
13/10/2023,9619.9713043153,15900.0,-200.0,-0.01257862,9497.4238991648,9834.4292633287,9344.2396427267,27361747.0,426065444700.0,0.0,0.0,27361747.0,426065444700.0,2201700.0,-2343700.0,0.0,142000.0,34067195000.0,-36255895000.0,0.0,2188700000.0
12/10/2023,9742.5187094658,16050.0,-150.0,-0.00934579,9987.6135197669,9987.6135197669,9650.6081556029,20761416.0,333079277200.0,200000.0,3155000000.0,20961416.0,336234277200.0,192230.0,10600.0,0.0,-202830.0,3073052500.0,169675000.0,0.0,-3242727500.0
11/10/2023,9834.4292633287,15550.0,500.0,0.03215434,9558.6976017401,9834.4292633287,9374.8764940143,22648960.0,354718227350.0,0.0,0.0,22648960.0,354718227350.0,1300100.0,-1644200.0,0.0,344100.0,20239285000.0,-25657125000.0,0.0,5417840000.0
10/10/2023,9528.0607504524,15450.0,100.0,0.00647249,9619.9713043153,9895.702965904,9497.4238991648,31685211.0,501019636150.0,0.0,0.0,31685211.0,501019636150.0,79600.0,180800.0,0.0,-260400.0,1324385000.0,2829255000.0,0.0,-4153640000.0
09/10/2023,9466.7870478772,15150.0,300.0,0.01980198,9344.2396427267,9528.0607504524,9221.6922375761,25321492.0,387736618150.0,0.0,0.0,25321492.0,387736618150.0,776200.0,124100.0,0.0,-900300.0,11846890000.0,1898565000.0,0.0,-13745455000.0
06/10/2023,9282.9659401514,14200.0,950.0,0.06690141,8670.2289143988,9282.9659401514,8670.2289143988,37834606.0,553917225350.0,0.0,0.0,37834606.0,553917225350.0,-5400730.0,2153500.0,0.0,3247230.0,-78399165000.0,31286870000.0,0.0,47112295000.0
05/10/2023,8700.8657656865,15150.0,-950.0,-0.06270627,9344.2396427267,9466.7870478772,8700.8657656865,23181982.0,343146206550.0,0.0,0.0,23181982.0,343146206550.0,1323240.0,53400.0,0.0,-1376640.0,20000692500.0,807345000.0,0.0,-20808037500.0
04/10/2023,9282.9659401514,14900.0,250.0,0.01677852,8608.9552118236,9619.9713043153,8608.9552118236,44964009.0,670283202250.0,0.0,0.0,44964009.0,670283202250.0,-3260105.0,1040600.0,0.0,2219505.0,-48024060500.0,15383315000.0,0.0,32640745500.0
03/10/2023,9129.7816837133,16000.0,-1100.0,-0.06875,9589.3344530277,9681.2450068906,9129.7816837133,37159431.0,562461903250.0,0.0,0.0,37159431.0,562461903250.0,-11040.0,675700.0,0.0,-664660.0,1757000.0,10029820000.0,0.0,-10031577000.0
02/10/2023,9803.7924120411,15750.0,250.0,0.01587302,9681.2450068906,10110.1609249174,9589.3344530277,30489188.0,490429769250.0,7.0,102550.0,30489195.0,490429871800.0,5914892.0,-7291400.0,0.0,1376508.0,94894154400.0,-117082425000.0,0.0,22188270600.0
29/09/2023,9650.6081556029,15900.0,-150.0,-0.00943396,9895.702965904,10018.2503710545,9619.9713043153,20665501.0,330174086700.0,6.0,88800.0,20665507.0,330174175500.0,1275909.0,-395300.0,0.0,-880609.0,20295620800.0,-6301470000.0,0.0,-13994150800.0
28/09/2023,9742.5187094658,16550.0,-650.0,-0.03927492,10079.5240736297,10079.5240736297,9619.9713043153,31380707.0,501260884900.0,1.0,15400.0,31380708.0,501260900300.0,2828420.0,350900.0,0.0,-3179320.0,45303444149.0,5653155000.0,0.0,-50956599150.0
27/09/2023,10140.797776205,15700.0,850.0,0.05414013,9681.2450068906,10140.797776205,9068.507981138,47839731.0,744449504600.0,1.0,14650.0,47839732.0,744449519250.0,107340.0,-422887.0,0.0,315547.0,1417093000.0,-6008187200.0,0.0,4591094200.0
26/09/2023,9619.9713043153,16550.0,-850.0,-0.05135952,9803.7924120411,10539.0768429442,9497.4238991648,56094816.0,912844651950.0,7.0,107800.0,56094823.0,912844759750.0,-2205550.0,858600.0,0.0,1346950.0,-35437007250.0,14002205000.0,0.0,21434802250.0
25/09/2023,10140.797776205,17750.0,-1200.0,-0.06760563,10692.2610993823,10906.7190583957,10140.797776205,38772524.0,657690569600.0,10.0,165500.0,38772534.0,657690735100.0,-1114548.0,168300.0,0.0,946248.0,-19201641600.0,2886965000.0,0.0,16314676600.0
22/09/2023,10876.0822071081,19050.0,-1300.0,-0.06824147,11243.7244225596,11335.6349764225,10876.0822071081,64666753.0,1158042045850.0,950005.0,16862588750.0,65616758.0,1174904634600.0,327500.0,-121300.0,0.0,-206200.0,5983850000.0,-2213570000.0,0.0,-3770280000.0
21/09/2023,11672.6403405864,19750.0,-700.0,-0.03544304,12101.5562586132,12101.5562586132,11611.3666380112,31443666.0,606946251600.0,50007.0,952628800.0,31493673.0,607898880400.0,908743.0,-161700.0,0.0,-747043.0,17548466650.0,-3054855000.0,0.0,-14493611650.0
20/09/2023,12101.5562586132,18800.0,950.0,0.05053191,11580.7297867235,12132.1931099008,11458.182381573,26485135.0,512006519500.0,6.0,105000.0,26485141.0,512006624500.0,-982793.0,-66900.0,0.0,1049693.0,-18940840350.0,-1307430000.0,0.0,20248270350.0
19/09/2023,11519.4560841483,19050.0,-250.0,-0.01312336,11795.1877457369,11825.8245970246,11151.8138686967,38615750.0,720201707500.0,0.0,0.0,38615750.0,720201707500.0,-787104.0,-106400.0,0.0,893504.0,-14744856550.0,-1933770000.0,0.0,16678626550.0
18/09/2023,11672.6403405864,19600.0,-550.0,-0.02806122,11887.0982995998,12009.6457047503,11580.7297867235,30846049.0,592445957850.0,400000.0,7300000000.0,31246049.0,599745957850.0,394526.0,-84700.0,0.0,-309826.0,7638479400.0,-1635385000.0,0.0,-6003094400.0
15/09/2023,12009.6457047503,19300.0,300.0,0.01554404,11948.3720021751,12040.282556038,11519.4560841483,34394987.0,668180608650.0,0.0,0.0,34394987.0,668180608650.0,-7998420.0,-190246.0,0.0,8188666.0,-156695529401.0,-3731699900.0,0.0,160427229300.0
14/09/2023,11825.8245970246,20000.0,-700.0,-0.035,12254.7405150514,12316.0142176266,11733.9140431617,40427546.0,790704070800.0,0.0,0.0,40427546.0,790704070800.0,5345845.0,-5226320.0,0.0,-119525.0,105020107851.0,-102819666000.0,0.0,-2200441850.0
13/09/2023,12254.7405150514,20600.0,-600.0,-0.02912621,12622.3827305029,12714.2932843658,12101.5562586132,38067492.0,774348901500.0,0.0,0.0,38067492.0,774348901500.0,3059270.0,-2758000.0,0.0,-301270.0,62481653500.0,-56378935000.0,0.0,-6102718500.0
12/09/2023,12622.3827305029,19300.0,1300.0,0.06735751,11856.4614483122,12622.3827305029,11733.9140431617,38173322.0,759574340400.0,0.0,0.0,38173322.0,759574340400.0,1294256.0,-4401300.0,0.0,3107044.0,25179550450.0,-86776405000.0,0.0,61596854550.0
11/09/2023,11825.8245970246,19800.0,-500.0,-0.0253,12224.1036637637,12316.0142176266,11825.8245970246,44909435.0,883097838150.0,900000.0,18900000000.0,45809435.0,901997838150.0,3582877.0,-4097160.0,0.0,514283.0,71010541250.0,-81251432950.0,0.0,10240891700.0
08/09/2023,12132.1931099008,19900.0,-100.0,-0.00502513,12101.5562586132,12346.6510689142,12070.9194073256,26301122.0,523191693450.0,7.0,129850.0,26301129.0,523191823300.0,8195.0,-1218100.0,0.0,1209905.0,170465500.0,-24261875000.0,0.0,24091409500.0
07/09/2023,12193.4668124761,20100.0,-200.0,-0.00995025,12377.2879202019,12377.2879202019,12070.9194073256,31472120.0,625368206100.0,4.0,74800.0,31472124.0,625368280900.0,-628714.0,122300.0,0.0,506414.0,-12536213400.0,2450150000.0,0.0,10086063400.0
06/09/2023,12316.0142176266,19650.0,450.0,0.02290076,12040.282556038,12499.8353253524,11795.1877457369,42723471.0,848908274100.0,1.0,18300.0,42723472.0,848908292400.0,-278902.0,75600.0,0.0,203302.0,-5537924750.0,1460090000.0,0.0,4077834750.0
05/09/2023,12040.282556038,19800.0,-150.0,-0.00757576,12224.1036637637,12224.1036637637,11948.3720021751,31387750.0,618654709550.0,3.0,55350.0,31387753.0,618654764900.0,485555.0,269600.0,0.0,-755155.0,9616120650.0,5286160000.0,0.0,-14902280650.0
31/08/2023,12132.1931099008,19450.0,350.0,0.01799486,11948.3720021751,12132.1931099008,11764.5508944493,33033564.0,644094217850.0,0.0,0.0,33033564.0,644094217850.0,-5507100.0,110400.0,0.0,5396700.0,-108903570000.0,2129670000.0,0.0,106773900000.0
30/08/2023,11917.7351508874,18750.0,700.0,0.03733333,11488.8192328607,11948.3720021751,11213.087571272,37990411.0,716805309150.0,1000001.0,18000017450.0,38990412.0,734805326600.0,-502800.0,-3750.0,0.0,506550.0,-9411115000.0,-92845000.0,0.0,9503960000.0
29/08/2023,11488.8192328607,18750.0,0.0,0.0,11642.0034892988,11642.0034892988,11090.5401661215,38035737.0,707866686300.0,1.0,17450.0,38035738.0,707866703750.0,375588.0,-219688.0,0.0,-155900.0,6976215300.0,-4102240300.0,0.0,-2873975000.0
28/08/2023,11488.8192328607,18200.0,550.0,0.03021978,11213.087571272,11488.8192328607,11151.8138686967,32161185.0,592280944250.0,4.0,67800.0,32161189.0,592281012050.0,-1182324.0,-171200.0,0.0,1353524.0,-21605819200.0,-3239865000.0,0.0,24845684200.0
25/08/2023,11151.8138686967,17850.0,350.0,0.01960784,10937.3559096833,11213.087571272,10753.5348019576,42451859.0,764694773000.0,3.0,49950.0,42451862.0,764694822950.0,-463762.0,-201000.0,0.0,664762.0,-8310145950.0,-3729190000.0,0.0,12039335950.0
24/08/2023,10937.3559096833,16700.0,1150.0,0.06886228,10355.2557352184,10937.3559096833,10171.4346274926,38722576.0,664079792500.0,570007.0,9072108850.0,39292583.0,673151901350.0,-704320.0,87000.0,0.0,617320.0,-11810300000.0,1467280000.0,0.0,10343020000.0
23/08/2023,10232.7083300679,17000.0,-300.0,-0.01764706,10600.3505455194,10630.9873968071,10110.1609249174,26071776.0,438005453150.0,6.0,95100.0,26071782.0,438005548250.0,1149780.0,157500.0,0.0,-1307280.0,19318246000.0,2623410000.0,0.0,-21941656000.0
22/08/2023,10416.5294377937,16400.0,600.0,0.03658537,10171.4346274926,10416.5294377937,9374.8764940143,41755655.0,675204725050.0,0.0,0.0,41755655.0,675204725050.0,-4662.0,41500.0,0.0,-36838.0,-142582801.0,647135000.0,0.0,-504552200.0
21/08/2023,10048.8872223421,16950.0,-550.0,-0.03244838,10293.9820326431,10355.2557352184,9681.2450068906,40508229.0,662244662600.0,0.0,0.0,40508229.0,662244662600.0,391600.0,-1048000.0,0.0,656400.0,6030310000.0,-16611040000.0,0.0,10580730000.0
18/08/2023,10385.892586506,18200.0,-1250.0,-0.0687,10937.3559096833,11029.2664635462,10385.892586506,37053500.0,642959491900.0,0.0,0.0,37053500.0,642959491900.0,924487.0,-337100.0,0.0,-587387.0,16457444650.0,-6042705000.0,0.0,-10414739650.0
17/08/2023,11151.8138686967,18250.0,-50.0,-0.00273973,11243.7244225596,11458.182381573,11059.9033148339,30811789.0,566277658050.0,0.0,0.0,30811789.0,566277658050.0,255700.0,584900.0,0.0,-840600.0,4640665001.0,10844920000.0,0.0,-15485585000.0
16/08/2023,11182.4507199844,17150.0,1100.0,0.06413994,10416.5294377937,11182.4507199844,10324.6188839308,43491613.0,765132457200.0,120000.0,2076000000.0,43611613.0,767208457200.0,-358757.0,573000.0,0.0,-214243.0,-6429456850.0,10182055000.0,0.0,-3752598150.0
15/08/2023,10508.4399916565,17000.0,150.0,0.00882353,10477.8031403689,10508.4399916565,10171.4346274926,30115472.0,510241958100.0,0.0,0.0,30115472.0,510241958100.0,89859.0,-8546.0,0.0,-81313.0,1433534700.0,-103979700.0,0.0,-1329555000.0
14/08/2023,10416.5294377937,16200.0,800.0,0.04938272,10048.8872223421,10416.5294377937,9926.3398171916,40857195.0,681217092000.0,400000.0,6480000000.0,41257195.0,687697092000.0,133715.0,-649200.0,0.0,515485.0,2177223250.0,-10726465000.0,0.0,8549241750.0
11/08/2023,9926.3398171916,16050.0,150.0,0.00934579,9926.3398171916,9926.3398171916,9528.0607504524,19703725.0,312329038350.0,0.0,0.0,19703725.0,312329038350.0,779300.0,-418800.0,0.0,-360500.0,12222085000.0,-6585790000.0,0.0,-5636295000.0
10/08/2023,9834.4292633287,16250.0,-200.0,-0.01230769,10048.8872223421,10048.8872223421,9681.2450068906,21721759.0,348501505000.0,0.0,0.0,21721759.0,348501505000.0,1304837.0,-788600.0,0.0,-516237.0,20987748000.0,-12714605000.0,0.0,-8273143000.0
09/08/2023,9956.9766684792,16100.0,150.0,0.00931677,9834.4292633287,10110.1609249174,9681.2450068906,23022967.0,371601542400.0,0.0,0.0,23022967.0,371601542400.0,-1126354.0,-150000.0,0.0,1276354.0,-18155620750.0,-2415705000.0,0.0,20571325750.0
08/08/2023,9865.0661146163,16900.0,-800.0,-0.04733728,10447.1662890813,10447.1662890813,9865.0661146163,25995005.0,429698895150.0,24800.0,415821600.0,26019805.0,430114716750.0,74873.0,34587.0,0.0,-109460.0,1391583301.0,483714200.0,0.0,-1875297500.0
07/08/2023,10355.2557352184,16750.0,150.0,0.00895522,10416.5294377937,10508.4399916565,10232.7083300679,22871715.0,385862888200.0,0.0,0.0,22871715.0,385862888200.0,837300.0,-300200.0,0.0,-537100.0,14122690000.0,-5086030000.0,0.0,-9036660000.0
04/08/2023,10263.3451813555,16850.0,-100.0,-0.00593472,10416.5294377937,10416.5294377937,10110.1609249174,21468967.0,359285881100.0,0.0,0.0,21468967.0,359285881100.0,627334.0,-133400.0,0.0,-493934.0,10537697200.0,-2293245000.0,0.0,-8244452200.0
03/08/2023,10324.6188839308,16350.0,500.0,0.03058104,10018.2503710545,10447.1662890813,9895.702965904,37908754.0,632462648150.0,150000.0,2377500000.0,38058754.0,634840148150.0,879260.0,-290200.0,0.0,-589060.0,14664975000.0,-4865455000.0,0.0,-9799520000.0
02/08/2023,10018.2503710545,15300.0,1050.0,0.06862745,9313.602791439,10018.2503710545,9252.3290888638,29710110.0,465275793900.0,400000.0,6140000000.0,30110110.0,471415793900.0,-515675.0,-498825.0,0.0,1014500.0,-7808797500.0,-7826812500.0,0.0,15635610000.0
01/08/2023,9374.8764940143,15700.0,-400.0,-0.02547771,9803.7924120411,9803.7924120411,9282.9659401514,27416189.0,422806324150.0,0.0,0.0,27416189.0,422806324150.0,1000900.0,141500.0,0.0,-1142400.0,15501400000.0,2098620000.0,0.0,-17600020000.0
31/07/2023,9619.9713043153,15200.0,500.0,0.03289474,9497.4238991648,9619.9713043153,9313.602791439,29153516.0,449728349850.0,0.0,0.0,29153516.0,449728349850.0,-574914.0,908200.0,0.0,-333286.0,-8823765200.0,13930395000.0,0.0,-5106629800.0
28/07/2023,9313.602791439,14450.0,750.0,0.0519,8823.413170837,9313.602791439,8792.7763195494,33482796.0,493310097450.0,120000.0,1680000000.0,33602796.0,494990097450.0,-114827.0,-572864.0,0.0,687691.0,-1717870099.0,-8341033050.0,0.0,10058903150.0
27/07/2023,8854.0500221246,14400.0,50.0,0.00347222,8976.5974272751,9007.2342785627,8639.5920631112,19498656.0,281138791150.0,63478.0,971114400.0,19562134.0,282109905550.0,-26400.0,90200.0,0.0,-63800.0,-359570000.0,1286695000.0,0.0,-927125000.0
26/07/2023,8823.413170837,14000.0,400.0,0.02857143,8578.318360536,8823.413170837,8425.1341040978,18335886.0,257744046900.0,120000.0,1680000000.0,18455886.0,259424046900.0,-786468.0,-160126.0,0.0,946594.0,-10952754700.0,-2261285100.0,0.0,13214039800.0
25/07/2023,8578.318360536,14250.0,-250.0,-0.01754386,8731.5026169741,8762.1394682617,8486.4078066731,16245289.0,228417398500.0,0.0,0.0,16245289.0,228417398500.0,-336400.0,198500.0,0.0,137900.0,-4703040000.0,2759085000.0,0.0,1943955000.0
24/07/2023,8731.5026169741,14000.0,250.0,0.01785714,8700.8657656865,8731.5026169741,8425.1341040978,19349757.0,270426023100.0,0.0,0.0,19349757.0,270426023100.0,273935.0,-280000.0,0.0,6065.0,3873015000.0,-3951595000.0,0.0,78580000.0
21/07/2023,8578.318360536,13550.0,450.0,0.03321033,8547.6815092483,8700.8657656865,8425.1341040978,24413114.0,341886174700.0,0.0,0.0,24413114.0,341886174700.0,-279623.0,11500.0,0.0,268123.0,-3898825850.0,139325000.0,0.0,3759500850.0
20/07/2023,8302.5866989473,13100.0,450.0,0.03435115,8118.7655912215,8333.2235502349,7996.218186071,21313813.0,284100145450.0,110000.0,1408000000.0,21423813.0,285508145450.0,-459500.0,-200600.0,0.0,660100.0,-6111545000.0,-2714590000.0,0.0,8826135000.0
19/07/2023,8026.8550373586,12900.0,200.0,0.01550388,8026.8550373586,8363.8604015226,7904.3076322081,34527650.0,460720406550.0,0.0,0.0,34527650.0,460720406550.0,-325221.0,-222500.0,0.0,547721.0,-4253166150.0,-2990120000.0,0.0,7243286150.0
18/07/2023,7904.3076322081,12800.0,100.0,0.0078125,7904.3076322081,7904.3076322081,7659.2128219071,13883970.0,176904605500.0,0.0,0.0,13883970.0,176904605500.0,-263300.0,-117500.0,0.0,380800.0,-3344080000.0,-1494260000.0,0.0,4838340000.0
17/07/2023,7843.0339296329,12500.0,300.0,0.024,7934.9444834958,8057.4918886463,7751.12337577,26761184.0,346081126250.0,385700.0,4807250000.0,27146884.0,350888376250.0,193277.0,-297906.0,0.0,104629.0,2472742250.0,-3827657400.0,0.0,1354915150.0
14/07/2023,7659.2128219071,11700.0,800.0,0.06837607,7291.5706064556,7659.2128219071,7199.6600525927,42283293.0,513947955350.0,0.0,0.0,42283293.0,513947955350.0,-1956344.0,1325494.0,0.0,630850.0,-23715523100.0,16076785600.0,0.0,7638737500.0
13/07/2023,7169.023201305,11350.0,350.0,0.030837,7046.4757961545,7199.6600525927,7015.8389448669,14439813.0,167921688950.0,120000.0,1411000000.0,14559813.0,169332688950.0,-373083.0,218678.0,0.0,154405.0,-4345485000.0,2553153250.0,0.0,1792331750.0
12/07/2023,6954.5652422916,11500.0,-150.0,-0.01304348,7046.4757961545,7138.3863500174,6923.928391004,12488564.0,142872733700.0,0.0,0.0,12488564.0,142872733700.0,213200.0,-89200.0,0.0,-124000.0,2446285001.0,-1033380000.0,0.0,-1412905000.0
11/07/2023,7046.4757961545,11550.0,-50.0,-0.004329,7138.3863500174,7260.9337551679,7046.4757961545,19704976.0,230040102500.0,100000.0,1175000000.0,19804976.0,231215102500.0,-1207543.0,1177550.0,0.0,29993.0,-14141859150.0,13795580000.0,0.0,346279150.0
10/07/2023,7077.1126474422,11350.0,200.0,0.01762115,7046.4757961545,7107.7494987298,6954.5652422916,18574635.0,213177536200.0,0.0,0.0,18574635.0,213177536200.0,634512.0,-453800.0,0.0,-180712.0,7255120401.0,-5176035000.0,0.0,-2079085400.0
07/07/2023,6954.5652422916,11200.0,150.0,0.01339286,6678.833580703,6985.2020935793,6556.2861755525,24717199.0,271935615950.0,0.0,0.0,24717199.0,271935615950.0,-168673.0,225225.0,0.0,-56552.0,-1849542999.0,2442464000.0,0.0,-592921000.0
06/07/2023,6862.6546884288,11500.0,-300.0,-0.02608696,6954.5652422916,7077.1126474422,6678.833580703,20334842.0,228187739550.0,3838195.0,45779398500.0,24173037.0,273967138050.0,1777800.0,-1457100.0,0.0,-320700.0,19965885000.0,-16335790000.0,0.0,-3630095000.0
05/07/2023,7046.4757961545,11500.0,0.0,0.0,7107.7494987298,7199.6600525927,7015.8389448669,21831658.0,252908823950.0,0.0,0.0,21831658.0,252908823950.0,386184.0,-107100.0,0.0,-279084.0,4487031000.0,-1252220000.0,0.0,-3234811000.0
04/07/2023,7046.4757961545,10950.0,550.0,0.05022831,6709.4704319906,7077.1126474422,6678.833580703,19403732.0,218431379550.0,110000.0,1221000000.0,19513732.0,219652379550.0,-177920.0,-362100.0,0.0,540020.0,-1934694000.0,-4159925000.0,0.0,6094619000.0
03/07/2023,6709.4704319906,10800.0,150.0,0.01388889,6678.833580703,6770.7441345659,6586.9230268401,8000380.0,86861609100.0,0.0,0.0,8000380.0,86861609100.0,413700.0,-120800.0,0.0,-292900.0,4473380000.0,-1308650000.0,0.0,-3164730000.0
30/06/2023,6617.5598781277,10700.0,100.0,0.00934579,6495.0124729772,6648.1967294154,6495.0124729772,12213833.0,131246842600.0,0.0,0.0,12213833.0,131246842600.0,-167775.0,-180325.0,0.0,348100.0,-1825315000.0,-1929535000.0,0.0,3754850000.0
29/06/2023,6556.2861755525,11200.0,-500.0,-0.04464286,6862.6546884288,6862.6546884288,6525.6493242648,16240659.0,177016255750.0,0.0,0.0,16240659.0,177016255750.0,412611.0,8900.0,0.0,-421511.0,4540916550.0,100300000.0,0.0,-4641216550.0
28/06/2023,6862.6546884288,11100.0,100.0,0.00900901,6801.3809858535,7015.8389448669,6648.1967294154,16520732.0,183920509850.0,1410000.0,15510000000.0,17930732.0,199430509850.0,-628177.0,320188.0,0.0,307989.0,-6976314600.0,3532050000.0,0.0,3444264600.0
27/06/2023,6801.3809858535,11500.0,-400.0,-0.03478261,7138.3863500174,7138.3863500174,6678.833580703,23764621.0,266120092400.0,0.0,0.0,23764621.0,266120092400.0,-382024.0,880424.0,0.0,-498400.0,-4317772400.0,9894007400.0,0.0,-5576235000.0
26/06/2023,7046.4757961545,12200.0,-700.0,-0.05737705,7352.8443090308,7414.1180116061,6954.5652422916,68564514.0,783158191550.0,0.0,0.0,68564514.0,783158191550.0,4466179.0,-3106600.0,0.0,-1359579.0,50784171650.0,-35273405000.0,0.0,-15510766650.0
23/06/2023,7475.3917141813,11800.0,400.0,0.03389831,7260.9337551679,7597.9391193318,7169.023201305,19876432.0,237602035350.0,0.0,0.0,19876432.0,237602035350.0,-22673.0,512833.0,0.0,-490160.0,-296079750.0,6034992750.0,0.0,-5738913000.0
22/06/2023,7230.2969038803,11600.0,200.0,0.01724138,7199.6600525927,7230.2969038803,7046.4757961545,13292649.0,154900277700.0,6750000.0,77625000000.0,20042649.0,232525277700.0,509800.0,-196400.0,0.0,-313400.0,5925610000.0,-2291715000.0,0.0,-3633895000.0
21/06/2023,7107.7494987298,11050.0,550.0,0.04977376,6832.0178371411,7138.3863500174,6770.7441345659,21290250.0,244233445850.0,2146000.0,23547600000.0,23436250.0,267781045850.0,489665.0,-451900.0,0.0,-37765.0,5652325800.0,-5218675000.0,0.0,-433650800.0
20/06/2023,6770.7441345659,10900.0,150.0,0.01376147,6678.833580703,6770.7441345659,6556.2861755525,10664216.0,116039190150.0,4000000.0,44000000000.0,14664216.0,160039190150.0,-98300.0,172600.0,0.0,-74300.0,-1084680000.0,1874990000.0,0.0,-790310000.0
19/06/2023,6678.833580703,10900.0,0.0,0.0,6709.4704319906,6801.3809858535,6617.5598781277,13017361.0,142241157250.0,68000.0,693600000.0,13085361.0,142934757250.0,-4300.0,233100.0,0.0,-228800.0,-18670000.0,2534645000.0,0.0,-2515975000.0
16/06/2023,6678.833580703,10650.0,250.0,0.02347418,6709.4704319906,6954.5652422916,6648.1967294154,30389514.0,337835509500.0,0.0,0.0,30389514.0,337835509500.0,3590414.0,-563800.0,0.0,-3026614.0,39319448200.0,-6141915000.0,0.0,-33177533200.0
15/06/2023,6525.6493242648,10600.0,50.0,0.00471698,6495.0124729772,6556.2861755525,6372.4650678267,15113885.0,159872904300.0,0.0,0.0,15113885.0,159872904300.0,-1450300.0,485300.0,0.0,965000.0,-15327325000.0,5128190000.0,0.0,10199135000.0
14/06/2023,6495.0124729772,10900.0,-300.0,-0.02752294,6709.4704319906,6770.7441345659,6495.0124729772,17030449.0,185344017900.0,0.0,0.0,17030449.0,185344017900.0,-2050135.0,1092225.0,0.0,957910.0,-22383955250.0,11937768750.0,0.0,10446186500.0
13/06/2023,6678.833580703,11000.0,-100.0,-0.00909091,6801.3809858535,6893.2915397164,6678.833580703,16158881.0,177999838200.0,0.0,0.0,16158881.0,177999838200.0,-130934.0,157600.0,0.0,-26666.0,-1431404699.0,1724725000.0,0.0,-293320300.0
12/06/2023,6740.1072832782,11200.0,-200.0,-0.01785714,6923.928391004,6954.5652422916,6648.1967294154,14622514.0,161966226000.0,5900020.0,68953533740.0,20522534.0,230919759740.0,1075426.0,-246900.0,0.0,-828526.0,11970500000.0,-2708900000.0,0.0,-9261600000.0
09/06/2023,6862.6546884288,10700.0,500.0,0.04672897,6617.5598781277,6862.6546884288,6556.2861755525,22493984.0,245925861800.0,0.0,0.0,22493984.0,245925861800.0,-661375.0,3000.0,0.0,658375.0,-7229372000.0,31405000.0,0.0,7197967000.0
08/06/2023,6556.2861755525,10800.0,-100.0,-0.00925926,6586.9230268401,6923.928391004,6556.2861755525,31858778.0,349819764300.0,5960020.0,60193202000.0,37818798.0,410012966300.0,-1694180.0,1896200.0,0.0,-202020.0,-18589559000.0,20798005000.0,0.0,-2208446000.0
07/06/2023,6617.5598781277,10450.0,350.0,0.03349282,6433.738770402,6617.5598781277,6280.5545139638,15977293.0,167651701300.0,0.0,0.0,15977293.0,167651701300.0,-195260.0,369500.0,0.0,-174240.0,-2007460000.0,3832650000.0,0.0,-1825190000.0
06/06/2023,6403.1019191143,9970.0,480.0,0.04814443,6108.9881467531,6403.1019191143,6078.3512954655,20659018.0,210208719380.0,80000.0,744000000.0,20739018.0,210952719380.0,-169500.0,137500.0,0.0,32000.0,-1708940000.0,1352876000.0,0.0,356064000.0
05/06/2023,6108.9881467531,9970.0,0.0,0.0,6188.6439601009,6280.5545139638,6059.9691846929,23123562.0,232234294100.0,0.0,0.0,23123562.0,232234294100.0,-1320169.0,2415500.0,0.0,-1095331.0,-13108659800.0,24123510000.0,0.0,-11014850200.0
02/06/2023,6108.9881467531,9760.0,210.0,0.02151639,6041.5870739203,6188.6439601009,6041.5870739203,23517042.0,234241205480.0,83000.0,755300000.0,23600042.0,234996505480.0,-4060285.0,5166300.0,0.0,-1106015.0,-40317876599.0,51320826000.0,0.0,-11002949400.0
01/06/2023,5980.3133713451,9370.0,390.0,0.0416222,5759.7280420741,6004.8228523752,5741.3459313016,17989505.0,172262959830.0,280000.0,2444600000.0,18269505.0,174707559830.0,-1000400.0,718300.0,0.0,282100.0,-9711946000.0,6969559000.0,0.0,2742387000.0
31/05/2023,5741.3459313016,9450.0,-80.0,-0.00846561,5790.3648933618,5821.0017446494,5729.0911907865,15672718.0,147743486340.0,0.0,0.0,15672718.0,147743486340.0,-172700.0,-65800.0,0.0,238500.0,-1634198000.0,-623091000.0,0.0,2257289000.0
30/05/2023,5790.3648933618,9500.0,-50.0,-0.00526316,5839.383855422,5906.7849282548,5729.0911907865,19304671.0,182652592980.0,1372700.0,12883380000.0,20677371.0,195535972980.0,608266.0,41890.0,0.0,-650156.0,5754454060.0,404398700.0,0.0,-6158852760.0
29/05/2023,5821.0017446494,9080.0,420.0,0.04625551,5649.4353774387,5821.0017446494,5606.543785636,15563047.0,144469394250.0,0.0,0.0,15563047.0,144469394250.0,884710.0,-150230.0,0.0,-734480.0,8178878100.0,-1392301700.0,0.0,-6786576400.0
26/05/2023,5563.6521938333,8750.0,330.0,0.03771429,5379.8310861075,5698.4543394989,5343.0668645624,18994574.0,169840239260.0,0.0,0.0,18994574.0,169840239260.0,877070.0,-219900.0,0.0,-657170.0,7782808900.0,-2012166000.0,0.0,-5770642900.0
25/05/2023,5361.448975335,8513.0,237.0,0.02783977,5392.0858266226,5477.869010228,5343.0668645624,19230073.0,169589685790.0,165000.0,1311750000.0,19395073.0,170901435790.0,-56650.0,-45100.0,0.0,101750.0,-499291500.0,-400391000.0,0.0,899682500.0
24/05/2023,5216.4655912495,9750.0,40.0,0.00410256,5237.7790359533,5296.3910088886,5173.838701842,23936652.0,234238863000.0,0.0,0.0,23936652.0,234238863000.0,114900.0,-149700.0,0.0,34800.0,1121072000.0,-1472834000.0,0.0,351762000.0
23/05/2023,5195.1521465458,9860.0,-110.0,-0.01115619,5301.7193700646,5355.0029818241,5152.5252571382,21685813.0,213786080260.0,0.0,0.0,21685813.0,213786080260.0,706300.0,-51600.0,0.0,-654700.0,7016005000.0,-551317000.0,0.0,-6464688000.0
22/05/2023,5253.7641194811,9800.0,60.0,0.00612245,5275.0775641849,5381.6447877038,5179.1670630179,15830529.0,156805592880.0,0.0,0.0,15830529.0,156805592880.0,472630.0,193800.0,0.0,-666430.0,4726956150.0,1894730000.0,0.0,-6621686150.0
19/05/2023,5221.7939524254,9500.0,300.0,0.03157895,5115.2267289065,5227.1223136015,5061.9431171471,23340845.0,225692280000.0,0.0,0.0,23340845.0,225692280000.0,-1204800.0,127600.0,0.0,1077200.0,-11715604000.0,1244085000.0,0.0,10471519000.0
18/05/2023,5061.9431171471,9940.0,-440.0,-0.04426559,5328.3611759443,5461.570205343,5061.9431171471,22003533.0,219183167950.0,0.0,0.0,22003533.0,219183167950.0,-566060.0,170790.0,0.0,395270.0,-5677278500.0,1711211000.0,0.0,3966067500.0
17/05/2023,5296.3910088886,10300.0,-360.0,-0.03495146,5488.2120112227,5568.1374288618,5264.420841833,17499327.0,176802363050.0,0.0,0.0,17499327.0,176802363050.0,983640.0,-191400.0,0.0,-792240.0,9948057000.0,-1897505000.0,0.0,-8050552000.0
16/05/2023,5488.2120112227,9650.0,650.0,0.06735751,5168.510340666,5488.2120112227,5147.1968959622,23508031.0,235175600710.0,250000.0,2245000000.0,23758031.0,237420600710.0,-186050.0,-172000.0,0.0,358050.0,-1814252300.0,-1737564000.0,0.0,3551816300.0
15/05/2023,5141.8685347863,10000.0,-350.0,-0.035,5461.570205343,5514.8538171023,5141.8685347863,21783244.0,217189543500.0,5250000.0,49075000000.0,27033244.0,266264543500.0,1143150.0,323900.0,0.0,-1467050.0,11519709500.0,3247248000.0,0.0,-14766957500.0
12/05/2023,5328.3611759443,9450.0,550.0,0.05820106,5035.3013112674,5328.3611759443,4960.7042548042,22167893.0,215294825110.0,50000.0,475000000.0,22217893.0,215769825110.0,-325050.0,-193800.0,0.0,518850.0,-3065608630.0,-1894773000.0,0.0,4960381630.0
11/05/2023,5035.3013112674,9610.0,-160.0,-0.01664932,5115.2267289065,5163.18197949,5024.6445889155,20214123.0,192798519240.0,0.0,0.0,20214123.0,192798519240.0,-374670.0,174500.0,0.0,200170.0,-3579349100.0,1652902000.0,0.0,1926447100.0
10/05/2023,5120.5550900826,9410.0,200.0,0.02125399,5088.5849230269,5168.510340666,5088.5849230269,14106573.0,135761637190.0,0.0,0.0,14106573.0,135761637190.0,-48240.0,149900.0,0.0,-101660.0,-467841200.0,1438436000.0,0.0,-970594800.0
09/05/2023,5013.9878665637,8800.0,610.0,0.06931818,4699.6145571829,5013.9878665637,4630.3458618956,27550218.0,246658577830.0,0.0,0.0,27550218.0,246658577830.0,-155920.0,161000.0,0.0,-5080.0,-1321289480.0,1378923000.0,0.0,-57633520.0
08/05/2023,4688.9578348311,8790.0,10.0,0.00113766,4747.5698077664,4848.8086701093,4688.9578348311,25491968.0,227863057530.0,0.0,0.0,25491968.0,227863057530.0,189100.0,62100.0,0.0,-251200.0,1704176000.0,541983000.0,0.0,-2246159000.0
05/05/2023,4683.629473655,8490.0,300.0,0.03533569,4534.4353607286,4715.5996407107,4534.4353607286,24171039.0,210648258490.0,115400.0,923200000.0,24286439.0,211571458490.0,551293.0,-26100.0,0.0,-525193.0,4769836160.0,-221506000.0,0.0,-4548330160.0
04/05/2023,4523.7786383767,7940.0,550.0,0.06926952,4236.0471348757,4523.7786383767,4204.07696782,37494364.0,310906029300.0,0.0,0.0,37494364.0,310906029300.0,-525220.0,-142200.0,0.0,667420.0,-4312018080.0,-1227464000.0,0.0,5539482080.0
28/04/2023,4230.7187736998,7820.0,120.0,0.01534527,4188.0918842923,4246.7038572276,4177.4351619403,8063499.0,63729157900.0,0.0,0.0,8063499.0,63729157900.0,-655600.0,266900.0,0.0,388700.0,-5196672000.0,2120405000.0,0.0,3076267000.0
27/04/2023,4166.7784395885,7900.0,-80.0,-0.01012658,4220.0620513479,4273.3456631073,4156.1217172366,7883798.0,62229440920.0,0.0,0.0,7883798.0,62229440920.0,1058732.0,-9232.0,0.0,-1049500.0,8340270240.0,-68056240.0,0.0,-8272214000.0
26/04/2023,4209.405328996,7820.0,80.0,0.01023018,4156.1217172366,4225.3904125238,4150.7933560606,9110187.0,71519533210.0,0.0,0.0,9110187.0,71519533210.0,219900.0,33900.0,0.0,-253800.0,1723738001.0,264385000.0,0.0,-1988123000.0
25/04/2023,4166.7784395885,8040.0,-220.0,-0.02736318,4326.6292748668,4385.2412478022,4134.8082725328,14211019.0,113839409840.0,0.0,0.0,14211019.0,113839409840.0,407000.0,67000.0,0.0,-474000.0,3304594000.0,517505000.0,0.0,-3822099000.0
24/04/2023,4284.0023854592,7750.0,290.0,0.03741935,4129.4799113568,4310.6441913389,4081.5246607734,17203059.0,136145837450.0,0.0,0.0,17203059.0,136145837450.0,-22000.0,-6400.0,0.0,28400.0,-227180000.0,-50986000.0,0.0,278166000.0
21/04/2023,4129.4799113568,7620.0,130.0,0.01706037,4070.8679384214,4252.0322184036,4070.8679384214,12827596.0,99882470480.0,0.0,0.0,12827596.0,99882470480.0,117000.0,-210300.0,0.0,93300.0,940317000.0,-1661200000.0,0.0,720883000.0
20/04/2023,4060.2112160696,7630.0,-10.0,-0.00131062,4065.5395772456,4102.8381054771,4049.5544937177,4882041.0,37316734630.0,0.0,0.0,4882041.0,37316734630.0,303700.0,-240000.0,0.0,-63700.0,2316201000.0,-1833054000.0,0.0,-483147000.0
19/04/2023,4065.5395772456,7800.0,-170.0,-0.02179487,4182.7635231163,4252.0322184036,4054.8828548937,9191511.0,71827161190.0,0.0,0.0,9191511.0,71827161190.0,321100.0,45300.0,0.0,-366400.0,2513595000.0,340630000.0,0.0,-2854225000.0
18/04/2023,4156.1217172366,7670.0,130.0,0.01694915,4102.8381054771,4188.0918842923,4065.5395772456,9072185.0,70218598270.0,0.0,0.0,9072185.0,70218598270.0,356272.0,-97700.0,0.0,-258572.0,2742688620.0,-758189000.0,0.0,-1984499620.0
17/04/2023,4086.8530219493,7500.0,170.0,0.02266667,4022.912687838,4102.8381054771,3996.2708819582,9277946.0,70572409020.0,0.0,0.0,9277946.0,70572409020.0,-238600.0,48000.0,0.0,190600.0,-1816466001.0,361360000.0,0.0,1455106000.0
14/04/2023,3996.2708819582,7900.0,-400.0,-0.05063291,4241.3754960517,4257.3605795794,3996.2708819582,17123646.0,132584418350.0,0.0,0.0,17123646.0,132584418350.0,1232100.0,-24100.0,0.0,-1208000.0,9625535000.0,-169041000.0,0.0,-9456494000.0
13/04/2023,4209.405328996,8100.0,-200.0,-0.02469136,4321.3009136909,4347.9427195706,4188.0918842923,16244049.0,129476017200.0,0.0,0.0,16244049.0,129476017200.0,407000.0,-256400.0,0.0,-150600.0,3246775000.0,-2063693000.0,0.0,-1183082000.0
12/04/2023,4315.9725525149,8300.0,-200.0,-0.02409639,4443.8532207376,4449.1815819135,4310.6441913389,11060691.0,90973447040.0,0.0,0.0,11060691.0,90973447040.0,1260100.0,-1302500.0,0.0,42400.0,10384216000.0,-10732347000.0,0.0,348131000.0
11/04/2023,4422.5397760338,8150.0,150.0,0.01840491,4337.2859972187,4422.5397760338,4236.0471348757,14496642.0,117938828100.0,0.0,0.0,14496642.0,117938828100.0,2445500.0,-3031400.0,0.0,585900.0,19964617000.0,-24722813000.0,0.0,4758196000.0
10/04/2023,4342.6143583946,8070.0,80.0,0.00991326,4422.5397760338,4513.1219160248,4326.6292748668,15163769.0,125725484570.0,0.0,0.0,15163769.0,125725484570.0,1959719.0,-2107900.0,0.0,148181.0,16240805891.0,-17476286000.0,0.0,1235480110.0
07/04/2023,4299.987468987,7890.0,180.0,0.02281369,4220.0620513479,4315.9725525149,4188.0918842923,16160009.0,129068705400.0,0.0,0.0,16160009.0,129068705400.0,331400.0,-1018900.0,0.0,687500.0,2708939000.0,-8185584000.0,0.0,5476645000.0
06/04/2023,4204.07696782,8340.0,-450.0,-0.05395683,4465.1666654414,4523.7786383767,4156.1217172366,17196817.0,140834584320.0,0.0,0.0,17196817.0,140834584320.0,511710.0,161400.0,0.0,-673110.0,4292188800.0,1277561000.0,0.0,-5569749800.0
05/04/2023,4443.8532207376,8250.0,90.0,0.01090909,4369.2561642744,4459.8383042654,4326.6292748668,10565270.0,87416267410.0,5164600.0,39704274000.0,15729870.0,127120541410.0,180900.0,-181700.0,0.0,800.0,1513657000.0,-1522690000.0,0.0,9033000.0
04/04/2023,4395.897970154,8040.0,210.0,0.0261194,4294.6591078112,4411.8830536819,4230.7187736998,17157612.0,138697223460.0,0.0,0.0,17157612.0,138697223460.0,-186300.0,-50000.0,0.0,236300.0,-1486652000.0,-425051000.0,0.0,1911703000.0
03/04/2023,4284.0023854592,7700.0,340.0,0.04415584,4284.0023854592,4284.0023854592,4214.733690172,14593430.0,116644835500.0,0.0,0.0,14593430.0,116644835500.0,-224190.0,90690.0,0.0,133500.0,-1791888700.0,725423700.0,0.0,1066465000.0
31/03/2023,4102.8381054771,7570.0,130.0,0.01717305,4033.5694101899,4156.1217172366,3953.6439925507,14386227.0,109780053270.0,0.0,0.0,14386227.0,109780053270.0,73800.0,23600.0,0.0,-97400.0,530949000.0,182219000.0,0.0,-713168000.0
30/03/2023,4033.5694101899,7580.0,-10.0,-0.00131926,4150.7933560606,4150.7933560606,4028.2410490139,10165985.0,77900687900.0,0.0,0.0,10165985.0,77900687900.0,275000.0,149600.0,0.0,-424600.0,2102041000.0,1148092000.0,0.0,-3250133000.0
29/03/2023,4038.8977713658,7570.0,10.0,0.001321,4022.912687838,4065.5395772456,3969.6290760786,7455567.0,56192774950.0,0.0,0.0,7455567.0,56192774950.0,23410.0,95500.0,0.0,-118910.0,176310700.0,722303000.0,0.0,-898613700.0
28/03/2023,4033.5694101899,7590.0,-20.0,-0.00263505,4118.823189005,4172.1068007644,4012.2559654861,12695319.0,97055143830.0,0.0,0.0,12695319.0,97055143830.0,-368650.0,115300.0,0.0,253350.0,-2843722880.0,884374000.0,0.0,1959348880.0
27/03/2023,4044.2261325418,7260.0,330.0,0.04545455,3889.7036584393,4086.8530219493,3884.3752972634,16190858.0,121985646690.0,0.0,0.0,16190858.0,121985646690.0,-476800.0,161800.0,0.0,315000.0,-3588220000.0,1227767000.0,0.0,2360453000.0
24/03/2023,3868.3902137356,7070.0,190.0,0.02687412,3820.4349631521,3916.3454643191,3815.1066019762,10338719.0,74981161980.0,0.0,0.0,10338719.0,74981161980.0,510.0,-113700.0,0.0,113190.0,3738400.0,-822189000.0,0.0,818450600.0
23/03/2023,3767.1513513927,7050.0,20.0,0.00283688,3703.2110172813,3804.4498796242,3703.2110172813,5810427.0,41032528340.0,0.0,0.0,5810427.0,41032528340.0,-268900.0,24700.0,0.0,244200.0,-1893143000.0,172316000.0,0.0,1720827000.0
22/03/2023,3756.4946290408,7060.0,-10.0,-0.00141643,3804.4498796242,3804.4498796242,3756.4946290408,3043956.0,21575175540.0,0.0,0.0,3043956.0,21575175540.0,-162800.0,22600.0,0.0,140200.0,-1155156000.0,159814000.0,0.0,995342000.0
21/03/2023,3761.8229902167,6960.0,100.0,0.01436782,3783.1364349205,3783.1364349205,3676.5692114016,2265612.0,15865705030.0,0.0,0.0,2265612.0,15865705030.0,-89600.0,-400.0,0.0,90000.0,-629484000.0,-3115000.0,0.0,632599000.0
20/03/2023,3708.5393784573,7280.0,-320.0,-0.04395604,3815.1066019762,3820.4349631521,3708.5393784573,4900485.0,34515922250.0,0.0,0.0,4900485.0,34515922250.0,151700.0,-2000.0,0.0,-149700.0,1069205000.0,-14060000.0,0.0,-1055145000.0
17/03/2023,3879.0469360875,7000.0,280.0,0.04,3788.4647960965,3879.0469360875,3719.1961008091,9304052.0,67062179150.0,0.0,0.0,9304052.0,67062179150.0,-6152100.0,-202500.0,0.0,6354600.0,-44806836000.0,-1474216000.0,0.0,46281052000.0
16/03/2023,3729.852823161,7200.0,-200.0,-0.02777778,3783.1364349205,3825.763324328,3729.852823161,6494419.0,46046424940.0,1950000.0,13357500000.0,8444419.0,59403924940.0,-54600.0,33000.0,0.0,21600.0,-387204000.0,233957000.0,0.0,153247000.0
15/03/2023,3836.4200466799,6730.0,470.0,0.06983655,3719.1961008091,3836.4200466799,3671.2408502256,15325871.0,109346071810.0,1947500.0,14022000000.0,17273371.0,123368071810.0,87600.0,-317400.0,0.0,229800.0,632957000.0,-2274611000.0,0.0,1641654000.0
14/03/2023,3585.9870714106,6770.0,-40.0,-0.00590842,3612.6288772902,3644.5990443459,3564.6736267067,4709349.0,31936196220.0,0.0,0.0,4709349.0,31936196220.0,180708.0,492.0,0.0,-181200.0,1222062840.0,3287160.0,0.0,-1225350000.0
13/03/2023,3607.3005161143,6810.0,-40.0,-0.00587372,3585.9870714106,3623.2855996421,3559.3452655308,5952479.0,40170993330.0,0.0,0.0,5952479.0,40170993330.0,400100.0,300.0,0.0,-400400.0,2699686000.0,2022000.0,0.0,-2701708000.0
10/03/2023,3628.6139608181,6940.0,-130.0,-0.01873199,3671.2408502256,3681.8975725776,3628.6139608181,2472440.0,16927469440.0,3726500.0,25526525000.0,6198940.0,42453994440.0,12600.0,16500.0,0.0,-29100.0,84707000.0,113617000.0,0.0,-198324000.0
09/03/2023,3697.8826561053,6850.0,90.0,0.01313869,3665.9124890497,3756.4946290408,3665.9124890497,7019160.0,48914858180.0,1942600.0,13306810000.0,8961760.0,62221668180.0,297100.0,20500.0,0.0,-317600.0,2070963000.0,142930000.0,0.0,-2213893000.0
08/03/2023,3649.9274055219,6780.0,70.0,0.01032448,3570.0019878827,3655.2557666978,3559.3452655308,3791644.0,25681541730.0,0.0,0.0,3791644.0,25681541730.0,-202300.0,44600.0,0.0,157700.0,-1368422000.0,299031000.0,0.0,1069391000.0
07/03/2023,3612.6288772902,6750.0,30.0,0.00444444,3601.9721549384,3644.5990443459,3559.3452655308,3622303.0,24569491390.0,0.0,0.0,3622303.0,24569491390.0,58900.0,5400.0,0.0,-64300.0,388160000.0,36646000.0,0.0,-424806000.0
06/03/2023,3596.6437937624,6650.0,100.0,0.01503759,3596.6437937624,3676.5692114016,3596.6437937624,2950142.0,20101584660.0,0.0,0.0,2950142.0,20101584660.0,-115676.0,5400.0,0.0,110276.0,-791734120.0,37396000.0,0.0,754338120.0
03/03/2023,3543.360182003,6800.0,-150.0,-0.02205882,3633.942321994,3671.2408502256,3543.360182003,3257893.0,21918415730.0,0.0,0.0,3257893.0,21918415730.0,49100.0,50100.0,0.0,-99200.0,326651000.0,338173000.0,0.0,-664824000.0
02/03/2023,3623.2855996421,6920.0,-120.0,-0.01734104,3719.1961008091,3719.1961008091,3617.9572384662,3311540.0,22711766460.0,0.0,0.0,3311540.0,22711766460.0,43400.0,5500.0,0.0,-48900.0,294025000.0,38115000.0,0.0,-332140000.0
01/03/2023,3687.2259337534,6570.0,350.0,0.05327245,3516.7183761232,3687.2259337534,3479.4198478917,5214128.0,35003121600.0,0.0,0.0,5214128.0,35003121600.0,-598710.0,79400.0,0.0,519310.0,-4038135300.0,538022000.0,0.0,3500113300.0
28/02/2023,3500.7332925954,6600.0,-30.0,-0.00454545,3570.0019878827,3617.9572384662,3500.7332925954,7763234.0,51761539980.0,0.0,0.0,7763234.0,51761539980.0,1698050.0,-3400.0,0.0,-1694650.0,11246482671.0,-22527000.0,0.0,-11223955670.0
27/02/2023,3516.7183761232,6780.0,-180.0,-0.02654867,3559.3452655308,3591.3154325864,3506.0616537713,12984465.0,86638428540.0,0.0,0.0,12984465.0,86638428540.0,167627.0,36473.0,0.0,-204100.0,1110430880.0,242403120.0,0.0,-1352834000.0
24/02/2023,3612.6288772902,7000.0,-220.0,-0.03142857,3772.4797125686,3772.4797125686,3612.6288772902,12661284.0,87258178590.0,0.0,0.0,12661284.0,87258178590.0,300212.0,13988.0,0.0,-314200.0,2067996700.0,96032300.0,0.0,-2164029000.0
23/02/2023,3729.852823161,7030.0,-30.0,-0.00426743,3724.5244619851,3735.181184337,3559.3452655308,12518068.0,85741321590.0,0.0,0.0,12518068.0,85741321590.0,877371.0,-8900.0,0.0,-868471.0,6010883890.0,-63705000.0,0.0,-5947178890.0
22/02/2023,3745.8379066889,7450.0,-420.0,-0.05637584,3756.4946290408,3879.0469360875,3740.5095455129,12583752.0,89514010270.0,0.0,0.0,12583752.0,89514010270.0,105407.0,4000.0,0.0,-109407.0,743123401.0,28552000.0,0.0,-771675400.0
21/02/2023,3969.6290760786,7640.0,-190.0,-0.02486911,4129.4799113568,4134.8082725328,3969.6290760786,8567434.0,65183593370.0,0.0,0.0,8567434.0,65183593370.0,108746.0,1000.0,0.0,-109746.0,826446411.0,7532000.0,0.0,-833978410.0
20/02/2023,4070.8679384214,7190.0,450.0,0.06258693,3841.7484078559,4076.1962995975,3841.7484078559,8206221.0,61206527680.0,0.0,0.0,8206221.0,61206527680.0,-638800.0,-27100.0,0.0,665900.0,-4728193000.0,-204445000.0,0.0,4932638000.0
17/02/2023,3831.091685504,7180.0,10.0,0.00139276,3788.4647960965,3916.3454643191,3788.4647960965,7375327.0,53395047970.0,0.0,0.0,7375327.0,53395047970.0,75434.0,-142000.0,0.0,66566.0,545053400.0,-1028173000.0,0.0,483119600.0
16/02/2023,3825.763324328,6850.0,330.0,0.04817518,3703.2110172813,3831.091685504,3703.2110172813,6315891.0,44730853530.0,0.0,0.0,6315891.0,44730853530.0,-427740.0,1300.0,0.0,426440.0,-3030291020.0,9114000.0,0.0,3021177020.0
15/02/2023,3649.9274055219,6760.0,90.0,0.01331361,3570.0019878827,3713.8677396332,3570.0019878827,5334188.0,36768714250.0,4880100.0,32941476000.0,10214288.0,69710190250.0,-188710.0,103600.0,0.0,85110.0,-1306254600.0,714305000.0,0.0,591949600.0
14/02/2023,3601.9721549384,6660.0,100.0,0.01501502,3570.0019878827,3617.9572384662,3543.360182003,4066107.0,27339798640.0,0.0,0.0,4066107.0,27339798640.0,245900.0,45200.0,0.0,-291100.0,1646695000.0,305520000.0,0.0,-1952215000.0
13/02/2023,3548.6885431789,7160.0,-500.0,-0.0698324,3777.8080737445,3777.8080737445,3548.6885431789,14994012.0,100843867660.0,0.0,0.0,14994012.0,100843867660.0,247600.0,464500.0,0.0,-712100.0,1701980000.0,3103798000.0,0.0,-4805778000.0
10/02/2023,3815.1066019762,7430.0,-270.0,-0.03633917,3942.9872701988,3964.3007149025,3815.1066019762,7732947.0,56394917170.0,0.0,0.0,7732947.0,56394917170.0,13901.0,-2101.0,0.0,-11800.0,98295290.0,-15114290.0,0.0,-83181000.0
09/02/2023,3958.9723537267,7440.0,-10.0,-0.00134409,3969.6290760786,4022.912687838,3927.002186671,4457224.0,33334565550.0,0.0,0.0,4457224.0,33334565550.0,-96400.0,6800.0,0.0,89600.0,-722370000.0,50564000.0,0.0,671806000.0
08/02/2023,3964.3007149025,7330.0,110.0,0.01500682,3942.9872701988,4022.912687838,3868.3902137356,6537339.0,48159658690.0,2961000.0,21644910000.0,9498339.0,69804568690.0,-92620.0,4500.0,0.0,88120.0,-705185601.0,33197000.0,0.0,671988600.0
07/02/2023,3905.6887419672,7600.0,-270.0,-0.03552632,4044.2261325418,4113.494827829,3895.0320196154,10679657.0,80720444070.0,20000.0,146600000.0,10699657.0,80867044070.0,313800.0,-303500.0,0.0,-10300.0,2345478000.0,-2265634000.0,0.0,-79844000.0
06/02/2023,4049.5544937177,7330.0,270.0,0.03683492,3863.0618525597,4049.5544937177,3836.4200466799,6367974.0,47046159900.0,0.0,0.0,6367974.0,47046159900.0,-170800.0,-10000.0,0.0,180800.0,-1260390000.0,-75311000.0,0.0,1335701000.0
03/02/2023,3905.6887419672,7250.0,80.0,0.01103448,3889.7036584393,3948.3156313748,3841.7484078559,7250550.0,53130554800.0,1167000.0,8752500000.0,8417550.0,61883054800.0,-143800.0,74700.0,0.0,69100.0,-1049919000.0,545480000.0,0.0,504439000.0
02/02/2023,3863.0618525597,7350.0,-100.0,-0.01360544,3942.9872701988,3969.6290760786,3847.0767690318,11011974.0,80544367360.0,0.0,0.0,11011974.0,80544367360.0,-156659.0,238500.0,0.0,-81841.0,-1139385650.0,1742874000.0,0.0,-603488350.0
01/02/2023,3916.3454643191,7900.0,-550.0,-0.06962025,4257.3605795794,4284.0023854592,3916.3454643191,20268481.0,156745380390.0,0.0,0.0,20268481.0,156745380390.0,25180.0,22000.0,0.0,-47180.0,244176801.0,162754000.0,0.0,-406930800.0
31/01/2023,4209.405328996,7770.0,130.0,0.01673102,4140.1366337087,4209.405328996,3974.9574372545,16708660.0,127892866480.0,0.0,0.0,16708660.0,127892866480.0,300.0,-99400.0,0.0,99100.0,-1658000.0,-758379000.0,0.0,760037000.0
30/01/2023,4140.1366337087,8000.0,-230.0,-0.02875,4262.6889407555,4289.3307466351,4140.1366337087,14738083.0,116666071380.0,0.0,0.0,14738083.0,116666071380.0,56600.0,6100.0,0.0,-62700.0,453723000.0,49290000.0,0.0,-503013000.0
27/01/2023,4262.6889407555,7750.0,250.0,0.03225806,4166.7784395885,4337.2859972187,4140.1366337087,13362122.0,106288282340.0,0.0,0.0,13362122.0,106288282340.0,-1142220.0,158820.0,0.0,983400.0,-9059957600.0,1242783600.0,0.0,7817174000.0
19/01/2023,4129.4799113568,7600.0,150.0,0.01973684,3969.6290760786,4145.4649948847,3958.9723537267,14146983.0,108211064000.0,0.0,0.0,14146983.0,108211064000.0,-1061500.0,183100.0,0.0,878400.0,-8129438000.0,1392592000.0,0.0,6736846000.0
18/01/2023,4049.5544937177,7600.0,0.0,0.0,4076.1962995975,4097.5097443012,3980.2857984304,10398905.0,78701798200.0,0.0,0.0,10398905.0,78701798200.0,-676200.0,2100.0,0.0,674100.0,-5117885000.0,15712000.0,0.0,5102173000.0
17/01/2023,4049.5544937177,7250.0,350.0,0.04827586,3889.7036584393,4049.5544937177,3863.0618525597,10440257.0,77542521260.0,0.0,0.0,10440257.0,77542521260.0,-594000.0,-100900.0,0.0,694900.0,-4382044000.0,-751659000.0,0.0,5133703000.0
16/01/2023,3863.0618525597,7290.0,-40.0,-0.00548697,3884.3752972634,3900.3603807912,3777.8080737445,6769171.0,48663181340.0,2074100.0,14933520000.0,8843271.0,63596701340.0,100700.0,58300.0,0.0,-159000.0,704656000.0,421244000.0,0.0,-1125900000.0
13/01/2023,3884.3752972634,7150.0,140.0,0.01958042,3825.763324328,3969.6290760786,3825.763324328,14466690.0,106250229050.0,5780000.0,41327000000.0,20246690.0,147577229050.0,-399090.0,29500.0,0.0,369590.0,-2947469200.0,216389000.0,0.0,2731080200.0
12/01/2023,3809.7782408002,7040.0,110.0,0.015625,3761.8229902167,3831.091685504,3756.4946290408,6749337.0,48052075510.0,6320000.0,44551600000.0,13069337.0,92603675510.0,-658900.0,143300.0,0.0,515600.0,-4691942000.0,1024728000.0,0.0,3667214000.0
11/01/2023,3751.1662678647,7000.0,40.0,0.00571429,3772.4797125686,3889.7036584393,3751.1662678647,8040366.0,57582333710.0,6919076.0,51559279240.0,14959442.0,109141612950.0,-536800.0,-800.0,0.0,537600.0,-3848995000.0,-7606000.0,0.0,3856601000.0
10/01/2023,3729.852823161,7050.0,-50.0,-0.0070922,3767.1513513927,3783.1364349205,3633.942321994,6651130.0,46549167610.0,100000.0,754000000.0,6751130.0,47303167610.0,-661600.0,269500.0,0.0,392100.0,-4661550000.0,1886724000.0,0.0,2774826000.0
09/01/2023,3756.4946290408,7030.0,20.0,0.00284495,3793.7931572723,3809.7782408002,3756.4946290408,7563003.0,53632423040.0,0.0,0.0,7563003.0,53632423040.0,-678400.0,174200.0,0.0,504200.0,-4820481000.0,1234889000.0,0.0,3585592000.0
06/01/2023,3745.8379066889,7130.0,-100.0,-0.01402525,3815.1066019762,3911.0171031431,3735.181184337,10141267.0,72769632620.0,11000000.0,78100000000.0,21141267.0,150869632620.0,-213400.0,11700.0,0.0,201700.0,-1538979000.0,84661000.0,0.0,1454318000.0
05/01/2023,3799.1215184484,6960.0,170.0,0.02442529,3767.1513513927,3831.091685504,3681.8975725776,9046096.0,63688027590.0,3671500.0,26089100000.0,12717596.0,89777127590.0,-493800.0,-129100.0,0.0,622900.0,-3478954000.0,-905630000.0,0.0,4384584000.0
04/01/2023,3708.5393784573,6950.0,10.0,0.00143885,3783.1364349205,3884.3752972634,3708.5393784573,11720957.0,83279606400.0,0.0,0.0,11720957.0,83279606400.0,-160400.0,-12700.0,0.0,173100.0,-1145664000.0,-81964000.0,0.0,1227628000.0
03/01/2023,3703.2110172813,6500.0,450.0,0.06923077,3474.0914867156,3703.2110172813,3468.7631255398,9769952.0,67345583180.0,0.0,0.0,9769952.0,67345583180.0,-780300.0,-1800.0,0.0,782100.0,-5364151000.0,-12737000.0,0.0,5376888000.0
30/12/2022,3463.4347643638,6680.0,-180.0,-0.02694611,3596.6437937624,3607.3005161143,3463.4347643638,6528343.0,43036921370.0,0.0,0.0,6528343.0,43036921370.0,1435604.0,-1065304.0,0.0,-370300.0,9473416841.0,-7028141840.0,0.0,-2445275000.0
29/12/2022,3559.3452655308,6800.0,-120.0,-0.01764706,3585.9870714106,3665.9124890497,3543.360182003,5501083.0,37169399800.0,45020.0,319642000.0,5546103.0,37489041800.0,-309200.0,-12900.0,0.0,322100.0,-2099083000.0,-86569000.0,0.0,2185652000.0
28/12/2022,3623.2855996421,6910.0,-110.0,-0.01591896,3676.5692114016,3713.8677396332,3591.3154325864,6317434.0,43287505340.0,0.0,0.0,6317434.0,43287505340.0,450480.0,-4780.0,0.0,-445700.0,3049837400.0,-32634400.0,0.0,-3017203000.0
27/12/2022,3681.8975725776,6460.0,450.0,0.06965944,3404.8227914284,3681.8975725776,3362.1959020209,10956520.0,72064620230.0,220000.0,1520200000.0,11176520.0,73584820230.0,-626916.0,-6200.0,0.0,633116.0,-4100471160.0,-39446000.0,0.0,4139917160.0
26/12/2022,3442.12131966,6940.0,-480.0,-0.06916427,3687.2259337534,3697.8826561053,3442.12131966,14374789.0,94366749450.0,0.0,0.0,14374789.0,94366749450.0,-149810.0,239000.0,0.0,-89190.0,-930765000.0,1551575000.0,0.0,-620810000.0
23/12/2022,3697.8826561053,7200.0,-260.0,-0.03611111,3809.7782408002,3879.0469360875,3676.5692114016,8405679.0,59221312110.0,6945000.0,50004000000.0,15350679.0,109225312110.0,349400.0,130700.0,0.0,-480100.0,2470956000.0,919657000.0,0.0,-3390613000.0
22/12/2022,3836.4200466799,7180.0,20.0,0.00278552,3889.7036584393,3916.3454643191,3628.6139608181,13231127.0,93572121060.0,0.0,0.0,13231127.0,93572121060.0,75300.0,22800.0,0.0,-98100.0,595762000.0,162936000.0,0.0,-758698000.0
21/12/2022,3825.763324328,7720.0,-540.0,-0.06994819,4209.405328996,4230.7187736998,3825.763324328,20831543.0,152512765030.0,0.0,0.0,20831543.0,152512765030.0,739700.0,-14500.0,0.0,-725200.0,5618867000.0,-95802000.0,0.0,-5523065000.0
20/12/2022,4113.494827829,8300.0,-580.0,-0.06987952,4422.5397760338,4470.4950266172,4113.494827829,25570819.0,201176689130.0,0.0,0.0,25570819.0,201176689130.0,512400.0,-11801.0,0.0,-500599.0,4084035990.0,-93095730.0,0.0,-3990940260.0
19/12/2022,4422.5397760338,8300.0,0.0,0.0,4475.8233877933,4710.2712795348,4411.8830536819,25344011.0,218179563210.0,0.0,0.0,25344011.0,218179563210.0,-329428.0,-68700.0,0.0,398128.0,-2852268300.0,-576108000.0,0.0,3428376300.0
16/12/2022,4422.5397760338,8270.0,30.0,0.00362757,4326.6292748668,4465.1666654414,4289.3307466351,14018300.0,115940200140.0,0.0,0.0,14018300.0,115940200140.0,-2192601.0,18100.0,0.0,2174501.0,-18201500200.0,149835000.0,0.0,18051665200.0
15/12/2022,4406.5546925059,8420.0,-150.0,-0.01781473,4395.897970154,4518.4502772008,4278.6740242833,12748452.0,105414778160.0,0.0,0.0,12748452.0,105414778160.0,-344000.0,-14300.0,0.0,358300.0,-2865466000.0,-118187000.0,0.0,2983653000.0
14/12/2022,4486.4801101451,8430.0,-10.0,-0.00118624,4609.0324171918,4625.0175007197,4422.5397760338,14171729.0,120529618510.0,0.0,0.0,14171729.0,120529618510.0,396100.0,101200.0,0.0,-497300.0,3378535000.0,859131000.0,0.0,-4237666000.0
13/12/2022,4491.8084713211,7890.0,540.0,0.06844106,4220.0620513479,4491.8084713211,4097.5097443012,15958668.0,128084137750.0,0.0,0.0,15958668.0,128084137750.0,-557136.0,-35874.0,0.0,593010.0,-4392479850.0,-305434550.0,0.0,4697914400.0
12/12/2022,4204.07696782,8460.0,-570.0,-0.06737589,4582.3906113122,4731.5847242386,4204.07696782,21526190.0,183000687240.0,0.0,0.0,21526190.0,183000687240.0,-552500.0,12000.0,0.0,540500.0,-4635822860.0,111227000.0,0.0,4524595860.0
09/12/2022,4507.793554849,7980.0,480.0,0.06015038,4465.1666654414,4513.1219160248,4315.9725525149,23669098.0,197884237360.0,0.0,0.0,23669098.0,197884237360.0,191200.0,-408000.0,0.0,216800.0,1582540000.0,-3387596000.0,0.0,1805056000.0
08/12/2022,4252.0322184036,7460.0,520.0,0.06970509,4081.5246607734,4252.0322184036,4070.8679384214,18954428.0,150546939690.0,600000.0,4788000000.0,19554428.0,155334939690.0,20300.0,-18800.0,0.0,-1500.0,181590000.0,-173224000.0,0.0,-8366000.0
07/12/2022,3974.9574372545,8020.0,-560.0,-0.06982544,4246.7038572276,4257.3605795794,3974.9574372545,20639845.0,156243975400.0,29764358.0,240774664000.0,50404203.0,397018639400.0,146900.0,-18100.0,0.0,-128800.0,1108601000.0,-154178000.0,0.0,-954423000.0
06/12/2022,4273.3456631073,8620.0,-600.0,-0.06960557,4507.793554849,4593.047333664,4273.3456631073,24709042.0,203138115170.0,54300578.0,442774797400.0,79009620.0,645912912570.0,8735.0,115400.0,0.0,-124135.0,41179420.0,975370000.0,0.0,-1016549420.0
05/12/2022,4593.047333664,8550.0,70.0,0.00818713,4742.2414465905,4763.5548912942,4534.4353607286,21783386.0,189162393720.0,0.0,0.0,21783386.0,189162393720.0,1033632.0,-214700.0,0.0,-818932.0,8966463800.0,-1891018000.0,0.0,-7075445800.0
02/12/2022,4555.7488054324,8000.0,550.0,0.06875,4182.7635231163,4555.7488054324,4086.8530219493,19027298.0,154136587990.0,18260000.0,146398000000.0,37287298.0,300534587990.0,-398976.0,-214024.0,0.0,613000.0,-3163184070.0,-1799150930.0,0.0,4962335000.0
01/12/2022,4262.6889407555,7860.0,140.0,0.0178117,4289.3307466351,4481.1517489692,4172.1068007644,24998072.0,205890259270.0,26730000.0,211059000000.0,51728072.0,416949259270.0,6031.0,120000.0,0.0,-126031.0,53910060.0,992820000.0,0.0,-1046730060.0
30/11/2022,4188.0918842923,7740.0,120.0,0.01550388,4134.8082725328,4278.6740242833,3996.2708819582,15309770.0,118908060260.0,6400000.0,49920000000.0,21709770.0,168828060260.0,-527653.0,305700.0,0.0,221953.0,-4100512100.0,2389301000.0,0.0,1711211100.0
29/11/2022,4124.1515501809,7600.0,140.0,0.01842105,4049.5544937177,4310.6441913389,3879.0469360875,18058263.0,138121317120.0,0.0,0.0,18058263.0,138121317120.0,-72600.0,83900.0,0.0,-11300.0,-542021000.0,623923000.0,0.0,-81902000.0
28/11/2022,4049.5544937177,7370.0,230.0,0.0312076,3996.2708819582,4134.8082725328,3735.181184337,34956453.0,260822177310.0,0.0,0.0,34956453.0,260822177310.0,-57902.0,161102.0,0.0,-103200.0,-468524170.0,1210865170.0,0.0,-742341000.0
25/11/2022,3927.002186671,6890.0,480.0,0.06966618,3873.7185749115,3927.002186671,3756.4946290408,13106225.0,94809113200.0,891000.0,5867310000.0,13997225.0,100676423200.0,77500.0,2500.0,0.0,-80000.0,557080000.0,122000.0,0.0,-557202000.0
24/11/2022,3671.2408502256,6440.0,450.0,0.06987578,3399.4944302525,3671.2408502256,3330.2257349652,10821472.0,71425451090.0,0.0,0.0,10821472.0,71425451090.0,-116546.0,-10754.0,-354.0,127300.0,-717471960.0,-77327040.0,-2326000.0,794799000.0
23/11/2022,3431.4645973081,6850.0,-410.0,-0.05985401,3591.3154325864,3713.8677396332,3431.4645973081,9755183.0,65432323080.0,0.0,0.0,9755183.0,65432323080.0,-299628.0,35300.0,0.0,264328.0,-2010672080.0,236775000.0,0.0,1773897080.0
22/11/2022,3649.9274055219,6800.0,50.0,0.00735294,3570.0019878827,3873.7185749115,3511.3900149473,18312174.0,129325983840.0,0.0,0.0,18312174.0,129325983840.0,-532900.0,137000.0,-6000.0,395900.0,-3723516000.0,974452000.0,-41078000.0,2749064000.0
21/11/2022,3623.2855996421,6470.0,330.0,0.05100464,3543.360182003,3660.5841278738,3426.1362361322,13188528.0,86901206630.0,0.0,0.0,13188528.0,86901206630.0,491447.0,-246947.0,-1847.0,-244500.0,3227451660.0,-1631422660.0,-11951000.0,-1596029000.0
18/11/2022,3447.449680836,6050.0,420.0,0.06942149,3250.3003173261,3447.449680836,3042.4942314642,19703872.0,121603380690.0,0.0,0.0,19703872.0,121603380690.0,560147.0,-339500.0,36600.0,-220647.0,3495045830.0,-2180211000.0,222439000.0,-1314834830.0
17/11/2022,3223.6585114463,5660.0,390.0,0.06890459,3127.7480102793,3223.6585114463,3122.4196491034,6044396.0,36419798360.0,0.0,0.0,6044396.0,36419798360.0,-66100.0,-100.0,0.0,66200.0,-399077000.0,-605000.0,0.0,399682000.0
16/11/2022,3015.8524255845,5290.0,370.0,0.06994329,2621.5536985646,3015.8524255845,2621.5536985646,15310380.0,79397092820.0,77872.0,440755520.0,15388252.0,79837848340.0,-494204.0,-1100.0,5900.0,495304.0,-2559849160.0,-24860000.0,29489000.0,2584709160.0
15/11/2022,2818.7030620745,5680.0,-390.0,-0.06866197,2834.6881456024,2925.2702855934,2818.7030620745,7870621.0,41789295730.0,0.0,0.0,7870621.0,41789295730.0,-1015180.0,-90500.0,0.0,1105680.0,-5381960201.0,-480314000.0,0.0,5862274200.0
14/11/2022,3026.5091479364,6100.0,-420.0,-0.06885246,3143.7330938072,3159.718177335,3026.5091479364,13077466.0,74621712380.0,1020980.0,6656789600.0,14098446.0,81278501980.0,84500.0,-62600.0,0.0,-21900.0,487721000.0,-370798000.0,0.0,-116923000.0
11/11/2022,3250.3003173261,6510.0,-410.0,-0.06298003,3522.0467372992,3612.6288772902,3250.3003173261,10414620.0,67505198900.0,200000.0,1392000000.0,10614620.0,68897198900.0,451700.0,-165900.0,-100.0,-285800.0,2966022000.0,-1078742000.0,-610000.0,-1887280000.0
10/11/2022,3468.7631255398,7000.0,-490.0,-0.07,3623.2855996421,3687.2259337534,3468.7631255398,5493252.0,36181519430.0,120000.0,898800000.0,5613252.0,37080319430.0,523400.0,-13100.0,0.0,-510300.0,3459402000.0,-85370000.0,0.0,-3374032000.0
09/11/2022,3729.852823161,6960.0,40.0,0.00574713,3783.1364349205,3873.7185749115,3665.9124890497,6037750.0,43006756310.0,0.0,0.0,6037750.0,43006756310.0,106220.0,-2520.0,-200.0,-103700.0,758294000.0,-18294000.0,-1421000.0,-740000000.0
08/11/2022,3708.5393784573,6530.0,430.0,0.06584992,3356.867540845,3708.5393784573,3330.2257349652,7373050.0,49285271770.0,0.0,0.0,7373050.0,49285271770.0,-305280.0,-3720.0,0.0,309000.0,-2022741800.0,-28556200.0,0.0,2051298000.0
07/11/2022,3479.4198478917,7020.0,-490.0,-0.06980057,3745.8379066889,3809.7782408002,3479.4198478917,10235933.0,67775960210.0,0.0,0.0,10235933.0,67775960210.0,566000.0,-2700.0,0.0,-563300.0,3749516000.0,-17618000.0,0.0,-3731898000.0
04/11/2022,3740.5095455129,7540.0,-520.0,-0.06896552,3996.2708819582,3996.2708819582,3740.5095455129,13101019.0,93580796100.0,0.0,0.0,13101019.0,93580796100.0,498804.0,57900.0,0.0,-556704.0,3598144680.0,440278000.0,0.0,-4038422680.0
03/11/2022,4017.584326662,7540.0,0.0,0.0,3889.7036584393,4070.8679384214,3889.7036584393,8332030.0,62632217330.0,0.0,0.0,8332030.0,62632217330.0,248802.0,-191800.0,-100.0,-57002.0,1880016100.0,-1454630000.0,-757000.0,-425386100.0
02/11/2022,4017.584326662,7680.0,-140.0,-0.01822917,4092.1813831253,4129.4799113568,3985.6141596064,8595121.0,65322819390.0,0.0,0.0,8595121.0,65322819390.0,348065.0,-224060.0,0.0,-124005.0,2635619100.0,-1703097000.0,0.0,-932522100.0
01/11/2022,4092.1813831253,7500.0,180.0,0.024,4076.1962995975,4188.0918842923,4017.584326662,12933594.0,99643132380.0,0.0,0.0,12933594.0,99643132380.0,2299768.0,-1958864.0,0.0,-340904.0,17578418660.0,-14972954330.0,0.0,-2605464330.0
31/10/2022,3996.2708819582,7210.0,290.0,0.04022191,3841.7484078559,4049.5544937177,3681.8975725776,10669103.0,77334196600.0,0.0,0.0,10669103.0,77334196600.0,269285.0,111291.0,-2209.0,-380576.0,1934588360.0,809948200.0,-16128000.0,-2744536560.0
28/10/2022,3841.7484078559,6740.0,470.0,0.06973294,3756.4946290408,3841.7484078559,3729.852823161,16799109.0,120864074820.0,0.0,0.0,16799109.0,120864074820.0,-467820.0,-5470.0,-200.0,473290.0,-3373122000.0,-36558300.0,-1442000.0,3409680300.0
27/10/2022,3591.3154325864,6300.0,440.0,0.06984127,3436.7929584841,3591.3154325864,3410.1511526044,9407191.0,62796060670.0,1272106.0,7454541160.0,10679297.0,70250601830.0,-482210.0,-239390.0,-290.0,721600.0,-3197200590.0,-1592439410.0,-1911000.0,4789640000.0
26/10/2022,3356.867540845,6600.0,-300.0,-0.04545455,3596.6437937624,3671.2408502256,3356.867540845,4446011.0,29096213830.0,0.0,0.0,4446011.0,29096213830.0,185238.0,-17738.0,0.0,-167500.0,1191680810.0,-120035810.0,0.0,-1071645000.0
25/10/2022,3516.7183761232,6740.0,-140.0,-0.02077151,3394.1660690765,3836.4200466799,3340.8824573171,10958543.0,71966080400.0,71000.0,501200000.0,11029543.0,72467280400.0,-903283.0,-66300.0,0.0,969583.0,-5896039311.0,-424419000.0,0.0,6320458310.0
24/10/2022,3591.3154325864,7240.0,-500.0,-0.06906077,3852.4051302078,3857.7334913836,3591.3154325864,10964668.0,74929471110.0,0.0,0.0,10964668.0,74929471110.0,-478600.0,12200.0,0.0,466400.0,-3307724000.0,85846000.0,0.0,3221878000.0
21/10/2022,3857.7334913836,7780.0,-540.0,-0.06940874,4156.1217172366,4177.4351619403,3857.7334913836,11967554.0,88008187210.0,0.0,0.0,11967554.0,88008187210.0,383803.0,26297.0,0.0,-410100.0,2846365099.0,190630900.0,0.0,-3036996000.0
20/10/2022,4145.4649948847,8090.0,-310.0,-0.03831891,4262.6889407555,4299.987468987,4102.8381054771,7648444.0,60206643110.0,0.0,0.0,7648444.0,60206643110.0,263906.0,-59906.0,-106.0,-204000.0,2068359520.0,-475124520.0,-826000.0,-1593235000.0
19/10/2022,4310.6441913389,8270.0,-180.0,-0.02176542,4449.1815819135,4470.4950266172,4284.0023854592,7811708.0,63989289650.0,0.0,0.0,7811708.0,63989289650.0,25600.0,6100.0,-200.0,-31700.0,197794000.0,50267000.0,-1638000.0,-248061000.0
18/10/2022,4406.5546925059,8300.0,-30.0,-0.00361446,4577.0622501361,4582.3906113122,4406.5546925059,11005728.0,93043780790.0,25388.0,195995360.0,11031116.0,93239776150.0,429500.0,-25100.0,0.0,-404400.0,3642580000.0,-218348000.0,0.0,-3424232000.0
17/10/2022,4422.5397760338,7910.0,390.0,0.04930468,4214.733690172,4422.5397760338,4188.0918842923,12928316.0,104597049960.0,0.0,0.0,12928316.0,104597049960.0,87745.0,-200138.0,0.0,112393.0,714636549.0,-1629917550.0,0.0,915281000.0
14/10/2022,4214.733690172,7400.0,510.0,0.06891892,4209.405328996,4214.733690172,4124.1515501809,9874310.0,77848686520.0,0.0,0.0,9874310.0,77848686520.0,-100677.0,-1701.0,0.0,102378.0,-794640070.0,-13641910.0,0.0,808281980.0
13/10/2022,3942.9872701988,7600.0,-200.0,-0.02631579,4097.5097443012,4129.4799113568,3916.3454643191,7762207.0,58398687670.0,0.0,0.0,7762207.0,58398687670.0,1059322.0,-636300.0,0.0,-423022.0,7990018310.0,-4815786000.0,0.0,-3174232310.0
12/10/2022,4049.5544937177,7560.0,40.0,0.00529101,3783.1364349205,4257.3605795794,3783.1364349205,10083796.0,76435877620.0,0.0,0.0,10083796.0,76435877620.0,-9588.0,-412011.0,0.0,421599.0,57652459.0,-3232648280.0,0.0,3174995820.0
11/10/2022,4028.2410490139,8120.0,-560.0,-0.06896552,4315.9725525149,4315.9725525149,4028.2410490139,6804645.0,52164494290.0,0.0,0.0,6804645.0,52164494290.0,313951.0,17800.0,0.0,-331751.0,2450546250.0,139059000.0,0.0,-2589605250.0
10/10/2022,4326.6292748668,7980.0,140.0,0.01754386,4049.5544937177,4395.897970154,3990.9425207823,8507400.0,67517073160.0,0.0,0.0,8507400.0,67517073160.0,-428410.0,-1400.0,0.0,429810.0,-3417272800.0,-16734000.0,0.0,3434006800.0
07/10/2022,4252.0322184036,8570.0,-590.0,-0.06884481,4321.3009136909,4518.4502772008,4252.0322184036,17162905.0,137324680900.0,20000.0,183200000.0,17182905.0,137507880900.0,2815600.0,-3103500.0,0.0,287900.0,22476251000.0,-24788248000.0,0.0,2311997000.0
06/10/2022,4566.4055277843,9210.0,-640.0,-0.06948969,4907.4206430448,4912.7490042206,4566.4055277843,11421037.0,99611833060.0,61400.0,565494000.0,11482437.0,100177327060.0,65320.0,29500.0,0.0,-94820.0,591757599.0,242184000.0,0.0,-833941600.0
05/10/2022,4907.4206430448,8630.0,580.0,0.06720742,4715.5996407107,4912.7490042206,4710.2712795348,7694819.0,69574810430.0,0.0,0.0,7694819.0,69574810430.0,-142100.0,-485000.0,0.0,627100.0,-1236039000.0,-4409005000.0,0.0,5645044000.0
04/10/2022,4598.37569484,9120.0,-490.0,-0.05372807,4982.017699508,4982.017699508,4598.37569484,9085806.0,81719745660.0,370000.0,3374400000.0,9455806.0,85094145660.0,-137300.0,-61900.0,0.0,199200.0,-1262793000.0,-563528000.0,0.0,1826321000.0
03/10/2022,4859.4653924612,9800.0,-680.0,-0.06938776,5195.1521465458,5211.1372300736,4859.4653924612,5929230.0,55234648580.0,80000.0,824000000.0,6009230.0,56058648580.0,186505.0,30495.0,0.0,-217000.0,1745490250.0,285286750.0,0.0,-2030777000.0
30/09/2022,5221.7939524254,9300.0,500.0,0.05376344,4928.7340877485,5221.7939524254,4683.629473655,9102336.0,83546558390.0,820000.0,8090200000.0,9922336.0,91636758390.0,-714600.0,21600.0,0.0,693000.0,-6512515000.0,194676000.0,0.0,6317839000.0
29/09/2022,4955.3758936282,10000.0,-700.0,-0.07,5488.2120112227,5514.8538171023,4955.3758936282,8212364.0,81762742280.0,0.0,0.0,8212364.0,81762742280.0,225870.0,-76910.0,0.0,-148960.0,2263138000.0,-767103000.0,0.0,-1496035000.0
28/09/2022,5328.3611759443,10100.0,-100.0,-0.00990099,5328.3611759443,5488.2120112227,5301.7193700646,8035671.0,80955236400.0,0.0,0.0,8035671.0,80955236400.0,-8342.0,-26158.0,0.0,34500.0,-95605850.0,-261924150.0,0.0,357530000.0
27/09/2022,5381.6447877038,10400.0,-300.0,-0.02884615,5621.4210406212,5648.062846501,5355.0029818241,8137202.0,83478694000.0,0.0,0.0,8137202.0,83478694000.0,90643.0,-258400.0,0.0,167900.0,937950200.0,-2657295000.0,0.0,1720820000.0
26/09/2022,5541.4956229821,11050.0,-650.0,-0.05882353,5727.9882641401,5781.2718758996,5488.2120112227,14772971.0,153709828450.0,0.0,0.0,14772971.0,153709828450.0,365700.0,-427700.0,0.0,62000.0,3767805000.0,-4403390000.0,0.0,635585000.0
23/09/2022,5887.8390994185,11400.0,-350.0,-0.03070175,6100.9735464563,6127.615352336,5861.1972935388,7112337.0,80042463250.0,0.0,0.0,7112337.0,80042463250.0,419297.0,-255737.0,-7.0,-163600.0,4712239600.0,-2867782600.0,-79000.0,-1844915000.0
22/09/2022,6074.3317405766,11150.0,250.0,0.02242152,5807.9136817793,6154.2571582157,5807.9136817793,8014377.0,89493961350.0,0.0,0.0,8014377.0,89493961350.0,-186800.0,129400.0,0.0,57400.0,-2081915000.0,1450500000.0,0.0,631415000.0
21/09/2022,5941.1227111779,11500.0,-350.0,-0.03043478,6100.9735464563,6127.615352336,5887.8390994185,4385657.0,49307081850.0,0.0,0.0,4385657.0,49307081850.0,96224.0,5900.0,0.0,-102200.0,1083770000.0,66220000.0,0.0,-1150845000.0
20/09/2022,6127.615352336,11150.0,350.0,0.03139013,6021.0481288171,6127.615352336,5594.7792347416,9656184.0,106411427550.0,0.0,0.0,9656184.0,106411427550.0,351200.0,-592400.0,0.0,241200.0,3735665000.0,-6359880000.0,0.0,2624215000.0
19/09/2022,5941.1227111779,11950.0,-800.0,-0.06694561,6314.107993494,6367.3916052535,5941.1227111779,6770912.0,76845000300.0,590000.0,7050500000.0,7360912.0,83895500300.0,55831.0,7911.0,0.0,-63800.0,658460850.0,89327150.0,0.0,-748455000.0
16/09/2022,6367.3916052535,12100.0,-150.0,-0.01239669,6394.0334111332,6473.9588287724,6180.8989640954,5889530.0,69975637800.0,0.0,0.0,5889530.0,69975637800.0,-626198.0,-10752.0,0.0,637000.0,-7482737850.0,-128027150.0,0.0,7611365000.0
15/09/2022,6447.3170228926,12350.0,-250.0,-0.02024291,6660.4514699304,6660.4514699304,6447.3170228926,3884232.0,47715425500.0,0.0,0.0,3884232.0,47715425500.0,405799.0,-12899.0,0.0,-392900.0,4970361300.0,-163126300.0,0.0,-4807235000.0
14/09/2022,6580.5260522913,12000.0,350.0,0.02916667,6180.8989640954,6607.167858171,6180.8989640954,6238967.0,74638943650.0,0.0,0.0,6238967.0,74638943650.0,-264320.0,-18000.0,0.0,282300.0,-3144641000.0,-212250000.0,0.0,3356655000.0
13/09/2022,6394.0334111332,12100.0,-100.0,-0.00826446,6500.6006346521,6500.6006346521,6314.107993494,4063286.0,48781076850.0,0.0,0.0,4063286.0,48781076850.0,107714.0,-127613.0,0.0,19800.0,1280814100.0,-1520191000.0,0.0,238185000.0
12/09/2022,6447.3170228926,12300.0,-200.0,-0.01626016,6660.4514699304,6687.0932758102,6420.6752170129,2898060.0,35626844850.0,30000.0,369000000.0,2928060.0,35995844850.0,118631.0,6769.0,0.0,-125300.0,1452815800.0,83199700.0,0.0,-1534785000.0
09/09/2022,6553.8842464115,12000.0,300.0,0.025,6500.6006346521,6553.8842464115,6100.9735464563,5845400.0,69736855000.0,0.0,0.0,5845400.0,69736855000.0,100100.0,-150900.0,0.0,50800.0,1222215000.0,-1819275000.0,0.0,597060000.0
08/09/2022,6394.0334111332,12200.0,-200.0,-0.01639344,6607.167858171,6633.8096640507,6367.3916052535,8525900.0,103614520000.0,0.0,0.0,8525900.0,103614520000.0,-144100.0,51400.0,0.0,92700.0,-1692365000.0,627050000.0,0.0,1065315000.0
07/09/2022,6500.6006346521,13050.0,-850.0,-0.0651341,6953.5113346073,7033.4367522465,6473.9588287724,11008900.0,140190910000.0,0.0,0.0,11008900.0,140190910000.0,456000.0,-209100.0,0.0,-246900.0,5872200000.0,-2609205000.0,0.0,-3262995000.0
06/09/2022,6953.5113346073,13400.0,-350.0,-0.0261194,7246.5711992843,7273.213005164,6953.5113346073,8523300.0,114080345000.0,0.0,0.0,8523300.0,114080345000.0,1080800.0,-449800.0,0.0,-631000.0,14417730000.0,-5960030000.0,0.0,-8457700000.0
05/09/2022,7140.0039757654,13600.0,-200.0,-0.01470588,7246.5711992843,7353.1384228032,7140.0039757654,4375100.0,59325000000.0,0.0,0.0,4375100.0,59325000000.0,-11600.0,208700.0,0.0,-197100.0,-174510000.0,2845135000.0,0.0,-2670625000.0
31/08/2022,7246.5711992843,13400.0,200.0,0.01492537,7033.4367522465,7273.213005164,6980.1531404871,7019800.0,94138820000.0,0.0,0.0,7019800.0,94138820000.0,-10600.0,-274000.0,0.0,284600.0,-124040000.0,-3696185000.0,0.0,3820225000.0
30/08/2022,7140.0039757654,13800.0,-400.0,-0.02898551,7486.3474522018,7512.9892580815,7140.0039757654,6384000.0,87703450000.0,0.0,0.0,6384000.0,87703450000.0,371100.0,-40800.0,0.0,-330300.0,5108660000.0,-563840000.0,0.0,-4544820000.0
29/08/2022,7353.1384228032,14100.0,-300.0,-0.0212766,7273.213005164,7353.1384228032,7006.7949463668,14182900.0,190447320000.0,1132000.0,15055600000.0,15314900.0,205502920000.0,-234700.0,388400.0,0.0,-153700.0,-3081965000.0,5142680000.0,0.0,-2060715000.0
26/08/2022,7512.9892580815,14151.0,-900.0,-0.06,7726.1237051192,7806.0491227585,7512.9892580815,8237800.0,117960220000.0,0.0,0.0,8237800.0,117960220000.0,207400.0,-13100.0,0.0,-194300.0,2966510000.0,-188740000.0,0.0,-2777770000.0
25/08/2022,7540.1639000789,14950.0,50.0,0.00334448,7515.0300204119,7690.9671780804,7489.8961407449,9602300.0,144537630000.0,0.0,0.0,9602300.0,144537630000.0,-105600.0,54200.0,0.0,51400.0,-1585355000.0,814290000.0,0.0,771065000.0
24/08/2022,7515.0300204119,15000.0,-50.0,-0.00333333,7565.2977797457,7640.6994187465,7464.762261078,9339500.0,140414035000.0,0.0,0.0,9339500.0,140414035000.0,98700.0,-70200.0,0.0,-28500.0,1463600000.0,-1057125000.0,0.0,-406475000.0
23/08/2022,7540.1639000789,14850.0,150.0,0.01010101,7389.3606220772,7540.1639000789,7188.2895847418,10857800.0,158943960000.0,0.0,0.0,10857800.0,158943960000.0,87300.0,77000.0,0.0,-164300.0,1271095000.0,1123875000.0,0.0,-2394970000.0
22/08/2022,7464.762261078,14650.0,200.0,0.01365188,7364.2267424104,7615.5655390797,7288.8251034095,11429800.0,169811250000.0,0.0,0.0,11429800.0,169811250000.0,825900.0,70600.0,0.0,-896500.0,12220445000.0,1059900000.0,0.0,-13280345000.0
19/08/2022,7364.2267424104,14400.0,250.0,0.01736111,7238.5573440757,7515.0300204119,7238.5573440757,11380600.0,167220295000.0,0.0,0.0,11380600.0,167220295000.0,-121700.0,193200.0,0.0,-71500.0,-1824625000.0,2867395000.0,0.0,-1042770000.0
18/08/2022,7238.5573440757,14000.0,400.0,0.02857143,6987.2185474064,7313.9589830764,6936.9507880725,11684100.0,166243220000.0,0.0,0.0,11684100.0,166243220000.0,205300.0,-592800.0,0.0,387500.0,3003865000.0,-8496075000.0,0.0,5492210000.0
17/08/2022,7037.4863067401,14000.0,0.0,0.0,7037.4863067401,7188.2895847418,6962.0846677395,9177100.0,129159855000.0,0.0,0.0,9177100.0,129159855000.0,-325900.0,-42100.0,0.0,368000.0,-4604270000.0,-590365000.0,0.0,5194635000.0
16/08/2022,7037.4863067401,13900.0,100.0,0.00719424,6987.2185474064,7112.887945741,6911.8169084056,6334300.0,88346940000.0,0.0,0.0,6334300.0,88346940000.0,-62200.0,23300.0,0.0,38900.0,-868850000.0,323160000.0,0.0,545690000.0
15/08/2022,6987.2185474064,13650.0,250.0,0.01831502,7087.7540660741,7188.2895847418,6962.0846677395,11103400.0,156400285000.0,0.0,0.0,11103400.0,156400285000.0,158100.0,8900.0,0.0,-167000.0,2197150000.0,125145000.0,0.0,-2322295000.0
12/08/2022,6861.5491490718,12800.0,850.0,0.06640625,6434.273194734,6861.5491490718,6434.273194734,16525400.0,220897225000.0,0.0,0.0,16525400.0,220897225000.0,-1096700.0,554600.0,0.0,542100.0,-14598685000.0,7350050000.0,0.0,7248635000.0
11/08/2022,6434.273194734,13300.0,-500.0,-0.03759398,6836.4152694048,6911.8169084056,6358.8715557331,13368000.0,176936015000.0,0.0,0.0,13368000.0,176936015000.0,-259800.0,505200.0,0.0,-245400.0,-3341005000.0,6617455000.0,0.0,-3276450000.0
10/08/2022,6685.6119914033,13300.0,0.0,0.0,6585.0764727356,6836.4152694048,6534.8087134016,8531900.0,113863240000.0,0.0,0.0,8531900.0,113863240000.0,-664300.0,650600.0,0.0,13700.0,-8844300000.0,8663525000.0,0.0,180775000.0
09/08/2022,6685.6119914033,13200.0,100.0,0.00757576,6559.9425930685,6710.7458710701,6484.5409540678,8497200.0,111701235000.0,0.0,0.0,8497200.0,111701235000.0,80300.0,-48200.0,0.0,-32100.0,1050335000.0,-630825000.0,0.0,-419510000.0
08/08/2022,6635.3442320693,12800.0,400.0,0.03125,6534.8087134016,6786.1475100709,6484.5409540678,13347000.0,175892185000.0,0.0,0.0,13347000.0,175892185000.0,747300.0,-201300.0,-100.0,-546000.0,9878760000.0,-2671485000.0,-1340000.0,-7207275000.0
05/08/2022,6434.273194734,12000.0,800.0,0.06666667,5981.8633607292,6434.273194734,5981.8633607292,12129200.0,150520125000.0,0.0,0.0,12129200.0,150520125000.0,-1149200.0,831100.0,0.0,318100.0,-14374895000.0,10401035000.0,0.0,3973860000.0
04/08/2022,6032.1311200631,11950.0,50.0,0.0041841,6208.0682777316,6208.0682777316,5956.7294810623,8897600.0,107710785000.0,0.0,0.0,8897600.0,107710785000.0,191300.0,350200.0,0.0,-541500.0,2293640000.0,4209700000.0,0.0,-6503340000.0
03/08/2022,6006.9972403962,11750.0,200.0,0.01702128,5831.0600827277,6032.1311200631,5805.9262030607,7512500.0,88523410000.0,0.0,0.0,7512500.0,88523410000.0,-145300.0,115100.0,0.0,30200.0,-1719525000.0,1362975000.0,0.0,356550000.0
02/08/2022,5906.4617217284,11800.0,-50.0,-0.00423729,5956.7294810623,6082.3988793969,5856.1939623945,8454100.0,100202175000.0,0.0,0.0,8454100.0,100202175000.0,479400.0,-298200.0,0.0,-181200.0,5652495000.0,-3505395000.0,0.0,-2147100000.0
01/08/2022,5931.5956013953,11100.0,700.0,0.06306306,5629.9890453922,5956.7294810623,5579.7212860584,11577400.0,133936840000.0,0.0,0.0,11577400.0,133936840000.0,-342400.0,97100.0,0.0,245300.0,-3953025000.0,1124950000.0,0.0,2828075000.0
29/07/2022,5579.7212860584,11100.0,0.0,0.0,5579.7212860584,5680.256804726,5529.4535267244,6276700.0,69996420000.0,0.0,0.0,6276700.0,69996420000.0,-108100.0,-25500.0,0.0,133600.0,-1209860000.0,-283760000.0,0.0,1493620000.0
28/07/2022,5579.7212860584,10700.0,400.0,0.03738318,5504.3196470575,5655.1229250592,5428.9180080567,7983100.0,88163205000.0,0.0,0.0,7983100.0,88163205000.0,-162300.0,-10600.0,0.0,172900.0,-1793130000.0,-118540000.0,0.0,1911670000.0
27/07/2022,5378.6502487229,10550.0,150.0,0.01421801,5202.7130910544,5403.7841283898,5202.7130910544,4017000.0,42524665000.0,0.0,0.0,4017000.0,42524665000.0,-174500.0,9200.0,0.0,165300.0,-1859410000.0,97610000.0,0.0,1761800000.0
26/07/2022,5303.2486097221,10650.0,-100.0,-0.00938967,5353.516369056,5378.6502487229,5278.1147300552,2811600.0,29869920000.0,0.0,0.0,2811600.0,29869920000.0,-54000.0,15100.0,0.0,38900.0,-577435000.0,160685000.0,0.0,416750000.0
25/07/2022,5353.516369056,10750.0,-100.0,-0.00930233,5353.516369056,5479.1857673906,5227.8469707213,6262100.0,66526195000.0,0.0,0.0,6262100.0,66526195000.0,-42000.0,-23800.0,0.0,65800.0,-447605000.0,-254840000.0,0.0,702445000.0
22/07/2022,5403.7841283898,10950.0,-200.0,-0.01826484,5529.4535267244,5554.5874063914,5353.516369056,5315100.0,57818005000.0,0.0,0.0,5315100.0,57818005000.0,62500.0,-39400.0,0.0,-23100.0,682050000.0,-431490000.0,0.0,-250560000.0
21/07/2022,5504.3196470575,11200.0,-250.0,-0.02232143,5579.7212860584,5629.9890453922,5454.0518877237,4772800.0,52469870000.0,0.0,0.0,4772800.0,52469870000.0,398400.0,6600.0,-100.0,-405000.0,4376775000.0,71630000.0,-1110000.0,-4448405000.0
20/07/2022,5629.9890453922,10700.0,500.0,0.04672897,5479.1857673906,5680.256804726,5428.9180080567,7581100.0,84193015000.0,0.0,0.0,7581100.0,84193015000.0,36600.0,-84400.0,0.0,47800.0,412015000.0,-936375000.0,0.0,524360000.0
19/07/2022,5378.6502487229,11300.0,-600.0,-0.05309735,5428.9180080567,5479.1857673906,5252.9808503882,5876600.0,62795420000.0,0.0,0.0,5876600.0,62795420000.0,252900.0,-8100.0,0.0,-244800.0,2677775000.0,-87250000.0,0.0,-2590525000.0
18/07/2022,5378.6351683951,10950.0,350.0,0.03196347,5283.4380857686,5473.8322510216,5259.638815112,7058600.0,80059180000.0,0.0,0.0,7058600.0,80059180000.0,-112300.0,1500.0,0.0,110800.0,-1275200000.0,17065000.0,0.0,1258135000.0
15/07/2022,5212.0402737988,11100.0,-150.0,-0.01351351,5259.638815112,5378.6351683951,5212.0402737988,7255600.0,80324020000.0,0.0,0.0,7255600.0,80324020000.0,1156400.0,-515200.0,0.0,-641200.0,12795895000.0,-5692685000.0,0.0,-7103210000.0
14/07/2022,5283.4380857686,10550.0,550.0,0.0521327,4974.0475672326,5331.0366270819,4950.248296576,9094100.0,97722080000.0,1340000.0,14137000000.0,10434100.0,111859080000.0,224400.0,201100.0,-100.0,-425500.0,2313085000.0,2175005000.0,-1055000.0,-4488090000.0
13/07/2022,5021.6461085459,10450.0,100.0,0.00956938,5021.6461085459,5116.8431911723,4950.248296576,5916100.0,62505195000.0,1360000.0,14212000000.0,7276100.0,76717195000.0,469300.0,4900.0,0.0,-474200.0,4945305000.0,51900000.0,0.0,-4997205000.0
12/07/2022,4974.0475672326,10100.0,350.0,0.03465347,4855.0512139496,4974.0475672326,4783.6534019797,5182100.0,53210245000.0,0.0,0.0,5182100.0,53210245000.0,396900.0,-3200.0,0.0,-393700.0,4051490000.0,-29020000.0,0.0,-4022470000.0
11/07/2022,4807.4526726363,10500.0,-400.0,-0.03809524,4974.0475672326,5069.2446498591,4736.0548606664,7088300.0,72489242000.0,2715000.0,29060750000.0,9803300.0,101549992000.0,161600.0,-400.0,0.0,-161200.0,1639293000.0,450000.0,0.0,-1639743000.0
08/07/2022,4997.8468378893,10050.0,450.0,0.04477612,4902.6497552628,5045.4453792025,4807.4526726363,6561700.0,68223535000.0,0.0,0.0,6561700.0,68223535000.0,-168700.0,-20800.0,0.0,189500.0,-1765705000.0,-217880000.0,0.0,1983585000.0
07/07/2022,4783.6534019797,9970.0,80.0,0.00802407,4755.0942771917,4878.8504846062,4712.2555900099,4759200.0,47548355000.0,3640000.0,37396000000.0,8399200.0,84944355000.0,171900.0,23700.0,-100.0,-195600.0,1710144000.0,236429000.0,-1005000.0,-1946573000.0
06/07/2022,4745.5745689292,10200.0,-230.0,-0.02254902,4731.2950065352,4926.4490259194,4688.4563193532,6736100.0,67435026000.0,0.0,0.0,6736100.0,67435026000.0,-162100.0,107900.0,-100.0,54200.0,-1618509000.0,1077025000.0,-997000.0,541484000.0
05/07/2022,4855.0512139496,10100.0,100.0,0.00990099,4807.4526726363,4997.8468378893,4664.6570486967,8001300.0,81677910000.0,0.0,0.0,8001300.0,81677910000.0,-151900.0,140800.0,-14100.0,11100.0,-1576998000.0,1464213000.0,-142410000.0,112785000.0
04/07/2022,4807.4526726363,9570.0,530.0,0.0553814,4712.2555900099,4855.0512139496,4664.6570486967,7298300.0,73436796000.0,0.0,0.0,7298300.0,73436796000.0,139100.0,51400.0,0.0,-190500.0,1400252000.0,513525000.0,0.0,-1913777000.0
01/07/2022,4555.1804036762,8950.0,620.0,0.06927374,4283.8687181908,4555.1804036762,4260.0694475342,7744800.0,71029865000.0,0.0,0.0,7744800.0,71029865000.0,-171100.0,-9700.0,0.0,180800.0,-1602720000.0,-87128000.0,0.0,1689848000.0
30/06/2022,4260.0694475342,9610.0,-660.0,-0.06867846,4607.5387991208,4688.4563193532,4260.0694475342,5308200.0,50435727000.0,0.0,0.0,5308200.0,50435727000.0,291100.0,-4500.0,0.0,-286600.0,2800048000.0,-43666000.0,0.0,-2756382000.0
29/06/2022,4574.2198202015,9610.0,0.0,0.0,4498.0621541004,4659.8971945653,4498.0621541004,4782600.0,46219201000.0,0.0,0.0,4782600.0,46219201000.0,90300.0,-400.0,-100.0,-89900.0,871272000.0,-3873000.0,-962000.0,-867399000.0
28/06/2022,4574.2198202015,9750.0,-140.0,-0.01435897,4640.85777804,4745.5745689292,4550.420549545,5032400.0,48938151000.0,0.0,0.0,5032400.0,48938151000.0,255400.0,3400.0,0.0,-258800.0,2481812000.0,29386000.0,0.0,-2511198000.0
27/06/2022,4640.85777804,9120.0,630.0,0.06907895,4369.5460925545,4640.85777804,4336.2271136353,4481600.0,42294113000.0,0.0,0.0,4481600.0,42294113000.0,-173300.0,-12700.0,-300.0,186000.0,-1608736000.0,-122621000.0,-2841000.0,1731357000.0
24/06/2022,4340.9869677666,9100.0,20.0,0.0021978,4331.4672595041,4421.9044879991,4298.1482805848,3895700.0,35664247000.0,0.0,0.0,3895700.0,35664247000.0,151400.0,47200.0,-100.0,-198600.0,1390002000.0,430873000.0,-909000.0,-1820875000.0
23/06/2022,4331.4672595041,8650.0,450.0,0.05202312,4212.470906221,4402.8650714738,4141.0730942511,4869100.0,44189774000.0,681300.0,5484465000.0,5550400.0,49674239000.0,283400.0,-12800.0,-100.0,-270600.0,2582235000.0,-117399000.0,-886000.0,-2464836000.0
22/06/2022,4117.2738235945,8090.0,560.0,0.06922126,4045.8760116247,4117.2738235945,3993.5176161801,6019100.0,51578593000.0,0.0,0.0,6019100.0,51578593000.0,-253400.0,373300.0,0.0,-119900.0,-2196067000.0,3201612000.0,0.0,-1005545000.0
21/06/2022,3850.7219922404,8270.0,180.0,0.02176542,3722.2059306946,4179.1519273017,3669.8475352501,5787100.0,47445428000.0,0.0,0.0,5787100.0,47445428000.0,-358200.0,-67900.0,-200.0,426100.0,-2887969000.0,-583329000.0,-1700000.0,3471298000.0
20/06/2022,3936.3993666042,8890.0,-620.0,-0.06974128,4188.6716355643,4360.026384292,3936.3993666042,6658600.0,56987780000.0,250000.0,2067500000.0,6908600.0,59055280000.0,123500.0,800.0,0.0,-124300.0,1156020000.0,6097000.0,0.0,-1162117000.0
17/06/2022,4231.5103227463,9550.0,-660.0,-0.06910995,4283.8687181908,4450.4636127871,4231.5103227463,11650600.0,103821953000.0,0.0,0.0,11650600.0,103821953000.0,-2103600.0,605500.0,-100.0,1498100.0,-18729204000.0,5392269000.0,-889000.0,13336935000.0
16/06/2022,4545.6606954136,10250.0,-700.0,-0.06829268,4997.8468378893,5045.4453792025,4540.9008412822,7922100.0,79159805000.0,2085000.0,19890900000.0,10007100.0,99050705000.0,447700.0,-32800.0,-100.0,-414900.0,4582592000.0,-333278000.0,-1040000.0,-4249314000.0
15/06/2022,4878.8504846062,11000.0,-750.0,-0.06818182,5354.8358977385,5354.8358977385,4878.8504846062,8433700.0,88057200000.0,800000.0,8800000000.0,9233700.0,96857200000.0,443100.0,27100.0,0.0,-470200.0,4707050000.0,278305000.0,0.0,-4985355000.0
14/06/2022,5235.8395444554,11500.0,-500.0,-0.04347826,5331.0366270819,5497.6315216782,5164.4417324856,5356400.0,60049360000.0,26000.0,278200000.0,5382400.0,60327560000.0,285900.0,6100.0,0.0,-292000.0,3215455000.0,67750000.0,0.0,-3283205000.0
13/06/2022,5473.8322510216,12350.0,-900.0,-0.07258065,5569.0293336481,5759.4234989009,5473.8322510216,8690300.0,101313785000.0,0.0,0.0,8690300.0,101313785000.0,-657500.0,1122300.0,0.0,-464800.0,-7500610000.0,12948960000.0,0.0,-5448350000.0
10/06/2022,5878.419852184,12500.0,-150.0,-0.012,5854.6205815274,6092.6132880935,5783.2227695576,8666500.0,108795810000.0,0.0,0.0,8666500.0,108795810000.0,-79600.0,-6100.0,0.0,85700.0,-1005000000.0,-76505000.0,0.0,1081505000.0
09/06/2022,5949.8176641539,12450.0,0.0,0.0,5997.4162054671,6045.0147467803,5926.0183934972,5010900.0,62902045000.0,0.0,0.0,5010900.0,62902045000.0,-71700.0,-7200.0,-100.0,78900.0,-903835000.0,-90015000.0,-1250000.0,993850000.0
08/06/2022,5926.0183934972,11800.0,650.0,0.05508475,5711.8249575877,5997.4162054671,5688.0256869311,6285300.0,77165520000.0,2000000.0,25200000000.0,8285300.0,102365520000.0,-653300.0,328100.0,-500.0,325200.0,-8005290000.0,4001945000.0,-6225000.0,4003345000.0
07/06/2022,5616.6278749613,12100.0,-300.0,-0.02479339,5711.8249575877,5759.4234989009,5426.2337097083,7556600.0,88187210000.0,0.0,0.0,7556600.0,88187210000.0,112600.0,4100.0,0.0,-116700.0,1309560000.0,48340000.0,0.0,-1357900000.0
06/06/2022,5759.4234989009,12550.0,-500.0,-0.03968254,5973.6169348105,6068.814017437,5759.4234989009,7560400.0,94255720000.0,0.0,0.0,7560400.0,94255720000.0,-215000.0,74900.0,0.0,140100.0,-2705515000.0,937575000.0,0.0,1767940000.0
03/06/2022,5973.6169348105,12700.0,-150.0,-0.01181102,5997.4162054671,6140.2118294068,5807.0220402142,6727000.0,84434845000.0,680000.0,8296000000.0,7407000.0,92730845000.0,48000.0,3100.0,0.0,-51100.0,579665000.0,38760000.0,0.0,-618425000.0
02/06/2022,6045.0147467803,12950.0,-300.0,-0.02307692,6164.0111000634,6283.0074533465,5997.4162054671,8794000.0,113963205000.0,0.0,0.0,8794000.0,113963205000.0,40200.0,-2300.0,-100.0,-37900.0,498985000.0,-28960000.0,-1295000.0,-470025000.0
01/06/2022,6164.0111000634,13100.0,-150.0,-0.01145038,6235.4089120333,6306.8067240031,6021.2154761238,6240800.0,80628595000.0,1254000.0,16176600000.0,7494800.0,96805195000.0,321500.0,-8900.0,-1200.0,-312600.0,4135870000.0,-115110000.0,-15420000.0,-4020760000.0
31/05/2022,6235.4089120333,13100.0,0.0,0.0,6187.8103707201,6283.0074533465,6068.814017437,7675900.0,99852005000.0,690000.0,9039000000.0,8365900.0,108891005000.0,-1321100.0,-20100.0,0.0,1341200.0,-17314190000.0,-261215000.0,0.0,17575405000.0
30/05/2022,6235.4089120333,13050.0,50.0,0.00383142,6187.8103707201,6378.2045359729,6140.2118294068,7516100.0,98793850000.0,960000.0,12480000000.0,8476100.0,111273850000.0,-111700.0,2600.0,0.0,109100.0,-1474540000.0,34075000.0,0.0,1440465000.0
27/05/2022,6211.6096413766,13000.0,50.0,0.00384615,6187.8103707201,6283.0074533465,6092.6132880935,6687700.0,86999740000.0,607000.0,7891000000.0,7294700.0,94890740000.0,90800.0,-194500.0,-100.0,103700.0,1185795000.0,-2540160000.0,-1300000.0,1354365000.0
26/05/2022,6187.8103707201,12800.0,200.0,0.015625,6187.8103707201,6425.8030772861,6092.6132880935,10277600.0,134924800000.0,1010000.0,12928000000.0,11287600.0,147852800000.0,332400.0,-169900.0,-100.0,-162500.0,4361545000.0,-2231750000.0,-1310000.0,-2129795000.0
25/05/2022,6092.6132880935,12000.0,800.0,0.06666667,5759.4234989009,6092.6132880935,5759.4234989009,9662200.0,121295255000.0,1030000.0,12145000000.0,10692200.0,133440255000.0,-286100.0,-38000.0,0.0,324100.0,-3570435000.0,-479620000.0,0.0,4050055000.0
24/05/2022,5711.8249575877,11950.0,50.0,0.0041841,5664.2264162745,5735.6242282444,5331.0366270819,8148300.0,94344205000.0,960000.0,10752000000.0,9108300.0,105096205000.0,118100.0,-228600.0,0.0,110500.0,1313105000.0,-2591390000.0,0.0,1278285000.0
23/05/2022,5688.0256869311,12700.0,-750.0,-0.05905512,6068.814017437,6116.4125587502,5640.4271456179,8774600.0,107674870000.0,595000.0,7080500000.0,9369600.0,114755370000.0,110000.0,-64900.0,-200.0,-45100.0,1332430000.0,-800660000.0,-2520000.0,-531770000.0
20/05/2022,6045.0147467803,12650.0,50.0,0.00395257,6140.2118294068,6283.0074533465,5949.8176641539,7018500.0,89740370000.0,0.0,0.0,7018500.0,89740370000.0,-70500.0,23700.0,-100.0,46800.0,-921160000.0,311390000.0,-1315000.0,609770000.0
19/05/2022,6021.2154761238,12550.0,100.0,0.00796813,5711.8249575877,6164.0111000634,5711.8249575877,9725200.0,122394455000.0,0.0,0.0,9725200.0,122394455000.0,-283100.0,265700.0,0.0,17400.0,-3645555000.0,3432130000.0,0.0,213425000.0
18/05/2022,5973.6169348105,11750.0,800.0,0.06808511,5854.6205815274,5973.6169348105,5759.4234989009,5256700.0,65598595000.0,0.0,0.0,5256700.0,65598595000.0,-144100.0,139600.0,0.0,4500.0,-1807835000.0,1752000000.0,0.0,55835000.0
17/05/2022,5592.8286043046,11000.0,750.0,0.06818182,5140.6424618289,5592.8286043046,5140.6424618289,3380500.0,38978850000.0,0.0,0.0,3380500.0,38978850000.0,207300.0,-478500.0,0.0,271200.0,2377075000.0,-5484495000.0,0.0,3107420000.0
16/05/2022,5235.8395444554,10850.0,150.0,0.01382488,5378.6351683951,5521.4307923348,5235.8395444554,4978000.0,56650860000.0,0.0,0.0,4978000.0,56650860000.0,-364900.0,-24700.0,0.0,389600.0,-4154580000.0,-271475000.0,0.0,4426055000.0
13/05/2022,5164.4417324856,11650.0,-800.0,-0.06866953,5473.8322510216,5616.6278749613,5164.4417324856,5848300.0,65021470000.0,20000.0,249000000.0,5868300.0,65270470000.0,-298400.0,-5200.0,0.0,303600.0,-3343565000.0,-63725000.0,0.0,3407290000.0
12/05/2022,5545.2300629914,12500.0,-850.0,-0.068,5902.2191228407,6021.2154761238,5545.2300629914,3386300.0,40800215000.0,40000.0,534000000.0,3426300.0,41334215000.0,-424300.0,402500.0,0.0,21800.0,-5099300000.0,4857210000.0,0.0,242090000.0
11/05/2022,5949.8176641539,12500.0,0.0,0.0,6045.0147467803,6092.6132880935,5711.8249575877,2434000.0,30411440000.0,0.0,0.0,2434000.0,30411440000.0,91800.0,-154100.0,0.0,62300.0,1146000000.0,-1926000000.0,0.0,780000000.0
10/05/2022,5949.8176641539,13000.0,-500.0,-0.03846154,5759.4234989009,6187.8103707201,5759.4234989009,6333400.0,77843480000.0,20000.0,278000000.0,6353400.0,78121480000.0,-765800.0,466300.0,0.0,299500.0,-9393970000.0,5701950000.0,0.0,3692020000.0
09/05/2022,6187.8103707201,13950.0,-950.0,-0.06810036,6425.8030772861,6425.8030772861,6187.8103707201,4234300.0,55274960000.0,0.0,0.0,4234300.0,55274960000.0,5100.0,-82500.0,0.0,77400.0,60485000.0,-1082510000.0,0.0,1022025000.0
06/05/2022,6639.9965131957,15000.0,-1050.0,-0.07,6735.1935958222,6996.985573045,6639.9965131957,4426600.0,62872640000.0,0.0,0.0,4426600.0,62872640000.0,-22000.0,-10600.0,0.0,32600.0,-330020000.0,-138400000.0,0.0,468420000.0
05/05/2022,7139.7811969847,15050.0,-50.0,-0.00332226,7282.5768209244,7377.7739035508,7092.1826556714,2872100.0,43465390000.0,0.0,0.0,2872100.0,43465390000.0,-62000.0,128300.0,0.0,-66300.0,-940705000.0,1940290000.0,0.0,-999585000.0
04/05/2022,7163.5804676413,15500.0,-450.0,-0.02903226,7234.9782796111,7377.7739035508,7139.7811969847,2507100.0,38062940000.0,40000.0,578000000.0,2547100.0,38640940000.0,23100.0,-4600.0,0.0,-18500.0,348345000.0,-67550000.0,0.0,-280795000.0
29/04/2022,7377.7739035508,15050.0,450.0,0.02990033,7139.7811969847,7472.9709861773,6996.985573045,4248100.0,64896080000.0,1593000.0,23974650000.0,5841100.0,88870730000.0,-179600.0,38000.0,0.0,141600.0,-2666430000.0,518415000.0,0.0,2148015000.0
28/04/2022,7163.5804676413,15200.0,-150.0,-0.00986842,7187.3797382979,7377.7739035508,7139.7811969847,2946600.0,44934160000.0,0.0,0.0,2946600.0,44934160000.0,296000.0,-154900.0,0.0,-141100.0,4509270000.0,-2362935000.0,0.0,-2146335000.0
27/04/2022,7234.9782796111,15100.0,100.0,0.00662252,7234.9782796111,7377.7739035508,7068.3833850148,2066000.0,31196520000.0,0.0,0.0,2066000.0,31196520000.0,127400.0,43300.0,0.0,-170700.0,1926485000.0,653175000.0,0.0,-2579660000.0
26/04/2022,7187.3797382979,14250.0,850.0,0.05964912,6568.5987012259,7187.3797382979,6425.8030772861,4433000.0,62891675000.0,1380000.0,20700000000.0,5813000.0,83591675000.0,-560600.0,-1200.0,0.0,561800.0,-7852070000.0,-110760000.0,0.0,7962830000.0
25/04/2022,6782.7921371355,15300.0,-1050.0,-0.06862745,7377.7739035508,7496.7702568339,6782.7921371355,3258000.0,48174085000.0,40000.0,654000000.0,3298000.0,48828085000.0,-171700.0,-29500.0,0.0,201200.0,-2563430000.0,-409625000.0,0.0,2973055000.0
22/04/2022,7282.5768209244,15500.0,-200.0,-0.01290323,7520.5695274905,7734.7629634,7139.7811969847,3169700.0,49665575000.0,591000.0,9160500000.0,3760700.0,58826075000.0,113900.0,2600.0,0.0,-116500.0,1788980000.0,40450000.0,0.0,-1829430000.0
21/04/2022,7377.7739035508,15900.0,-400.0,-0.02515723,7044.5841143581,7782.3615047133,7044.5841143581,7428700.0,112488360000.0,1020000.0,15140000000.0,8448700.0,127628360000.0,-888200.0,229000.0,0.0,659200.0,-13463905000.0,3389795000.0,0.0,10074110000.0
20/04/2022,7568.1680688037,16500.0,-600.0,-0.03636364,7853.7593166831,8044.153481936,7520.5695274905,3262200.0,53156300000.0,0.0,0.0,3262200.0,53156300000.0,-415400.0,20200.0,0.0,395200.0,-6817995000.0,337235000.0,0.0,6480760000.0
19/04/2022,7853.7593166831,17500.0,-1000.0,-0.05714286,8305.9454591588,8520.1388950683,7758.5622340567,3888900.0,66745795000.0,0.0,0.0,3888900.0,66745795000.0,-403800.0,-28000.0,0.0,431800.0,-7027365000.0,-434870000.0,0.0,7462235000.0
18/04/2022,8329.7447298154,18800.0,-1300.0,-0.06914894,8662.934519008,8853.3286842609,8329.7447298154,5405600.0,95825180000.0,0.0,0.0,5405600.0,95825180000.0,-265700.0,79000.0,0.0,186700.0,-4704220000.0,1384900000.0,0.0,3319320000.0
15/04/2022,8948.5257668874,20200.0,-1400.0,-0.06930693,9400.7119093631,9519.7082626462,8948.5257668874,5245200.0,101725135000.0,1200000.0,24000000000.0,6445200.0,125725135000.0,-106300.0,219900.0,0.0,-113600.0,-2059685000.0,4270300000.0,0.0,-2210615000.0
14/04/2022,9614.9053452726,21500.0,-1300.0,-0.06046512,10281.2849236579,10281.2849236579,9614.9053452726,3609700.0,74983685000.0,180000.0,3600000000.0,3789700.0,78583685000.0,423500.0,9900.0,0.0,-433400.0,8835605000.0,203155000.0,0.0,-9038760000.0
13/04/2022,10233.6863823447,20650.0,850.0,0.04116223,9710.1024278992,10328.8834649711,9329.3140973932,4040900.0,83114870000.0,600000.0,12240000000.0,4640900.0,95354870000.0,17600.0,263300.0,0.0,-280900.0,342780000.0,5332035000.0,0.0,-5674815000.0
12/04/2022,9829.0987811822,20400.0,250.0,0.0122549,9710.1024278992,9971.8944051219,9210.3177441103,5637900.0,113710870000.0,580000.0,11832000000.0,6217900.0,125542870000.0,-765500.0,-12500.0,0.0,778000.0,-16087615000.0,-278935000.0,0.0,16366550000.0
08/04/2022,9710.1024278992,21900.0,-1500.0,-0.06849315,10376.4820062844,10424.0805475976,9710.1024278992,12119200.0,251699540000.0,360000.0,7560000000.0,12479200.0,259259540000.0,1484100.0,-1129000.0,0.0,-355100.0,31157545000.0,-23748085000.0,0.0,-7409460000.0
07/04/2022,10424.0805475976,22600.0,-700.0,-0.03097345,10757.2703367902,10923.8652313865,10281.2849236579,8841500.0,194544405000.0,0.0,0.0,8841500.0,194544405000.0,88000.0,347700.0,0.0,-435700.0,1981930000.0,7602210000.0,0.0,-9584140000.0
06/04/2022,10757.2703367902,23900.0,-1300.0,-0.05439331,10923.8652313865,11185.6572086093,10590.6754421939,14836200.0,336869165000.0,0.0,0.0,14836200.0,336869165000.0,37500.0,240700.0,0.0,-278200.0,807980000.0,5460095000.0,0.0,-6268075000.0
05/04/2022,11376.0513738622,24400.0,-500.0,-0.0204918,11471.2484564886,11875.8360576512,11328.452832549,6667400.0,161694380000.0,0.0,0.0,6667400.0,161694380000.0,-2400.0,-27600.0,0.0,30000.0,-53285000.0,-671485000.0,0.0,724770000.0
04/04/2022,11614.0440804284,23000.0,1400.0,0.06086957,11138.058667296,11709.2411630549,11042.8615846696,12005800.0,290732845000.0,0.0,0.0,12005800.0,290732845000.0,-34500.0,-71600.0,0.0,106100.0,-834380000.0,-1741295000.0,0.0,2575675000.0
01/04/2022,10947.6645020432,22550.0,450.0,0.01995565,10852.4674194167,10947.6645020432,10685.8725248204,2937200.0,66674935000.0,0.0,0.0,2937200.0,66674935000.0,-85200.0,53200.0,0.0,32000.0,-1928050000.0,1199675000.0,0.0,728375000.0
31/03/2022,10733.4710661336,22500.0,50.0,0.00222222,10804.8688781034,11090.4601259828,10709.671795477,2993300.0,68272700000.0,0.0,0.0,2993300.0,68272700000.0,296300.0,-117600.0,0.0,-178700.0,6732740000.0,-2663815000.0,0.0,-4068925000.0
30/03/2022,10709.671795477,23250.0,-750.0,-0.03225806,10900.0659607299,11114.2593966395,10566.8761715373,3858500.0,87768070000.0,0.0,0.0,3858500.0,87768070000.0,98900.0,10600.0,0.0,-109500.0,2225015000.0,197525000.0,0.0,-2422540000.0
29/03/2022,11066.6608553262,22200.0,1050.0,0.0472973,10804.8688781034,11185.6572086093,10733.4710661336,4009400.0,92030220000.0,140000.0,2996000000.0,4149400.0,95026220000.0,96400.0,-87600.0,0.0,-8800.0,2216975000.0,-2020245000.0,0.0,-196730000.0
28/03/2022,10566.8761715373,23500.0,-1300.0,-0.05531915,10971.4637726997,11066.6608553262,10543.0769008807,9281200.0,209997565000.0,0.0,0.0,9281200.0,209997565000.0,129800.0,166100.0,0.0,-295900.0,2903740000.0,3802290000.0,0.0,-6706030000.0
25/03/2022,11185.6572086093,23950.0,-450.0,-0.01878914,11376.0513738622,11399.8506445189,11185.6572086093,5643300.0,133618405000.0,0.0,0.0,5643300.0,133618405000.0,-147100.0,136600.0,0.0,10500.0,-3474425000.0,3225925000.0,0.0,248500000.0
24/03/2022,11399.8506445189,24000.0,-50.0,-0.00208333,11495.0477271453,11685.4418923982,11399.8506445189,5437000.0,131536215000.0,0.0,0.0,5437000.0,131536215000.0,149600.0,-100700.0,0.0,-48900.0,3614325000.0,-2435095000.0,0.0,-1179230000.0
23/03/2022,11423.6499151754,23200.0,800.0,0.03448276,11114.2593966395,11518.8469978019,10971.4637726997,12810000.0,303435470000.0,2370000.0,57030000000.0,15180000.0,360465470000.0,124000.0,-99000.0,0.0,-25000.0,2969500000.0,-2386560000.0,0.0,-582940000.0
22/03/2022,11042.8615846696,23000.0,200.0,0.00869565,10995.2630433564,11138.058667296,10900.0659607299,8792400.0,204223400000.0,300000.0,6900000000.0,9092400.0,211123400000.0,-12200.0,54300.0,0.0,-42100.0,-292400000.0,1270030000.0,0.0,-977630000.0
21/03/2022,10947.6645020432,22800.0,200.0,0.00877193,10971.4637726997,11090.4601259828,10923.8652313865,6300400.0,145109685000.0,0.0,0.0,6300400.0,145109685000.0,1316800.0,-1311700.0,0.0,-5100.0,30287360000.0,-30170140000.0,0.0,-117220000.0
18/03/2022,10852.4674194167,21950.0,850.0,0.03872437,10566.8761715373,11019.062314013,10424.0805475976,6473500.0,146195785000.0,0.0,0.0,6473500.0,146195785000.0,-803700.0,-8400.0,0.0,812100.0,-18302975000.0,-175450000.0,0.0,18478425000.0
17/03/2022,10447.8798182542,22050.0,-100.0,-0.00453515,10614.4747128506,10614.4747128506,10424.0805475976,1847600.0,40731525000.0,227300.0,5011965000.0,2074900.0,45743490000.0,9900.0,10000.0,0.0,-19900.0,218380000.0,220270000.0,0.0,-438650000.0
16/03/2022,10495.4783595674,22000.0,50.0,0.00227273,10614.4747128506,10662.0732541637,10447.8798182542,1521000.0,33561375000.0,0.0,0.0,1521000.0,33561375000.0,93100.0,-4200.0,0.0,-88900.0,2051485000.0,-92590000.0,0.0,-1958895000.0
15/03/2022,10471.6790889108,21800.0,200.0,0.00917431,10352.6827356277,10614.4747128506,10352.6827356277,2096300.0,46018335000.0,0.0,0.0,2096300.0,46018335000.0,-169200.0,-900.0,0.0,170100.0,-3714410000.0,-19680000.0,0.0,3734090000.0
14/03/2022,10376.4820062844,22400.0,-600.0,-0.02678571,10614.4747128506,10614.4747128506,10281.2849236579,2930400.0,64264110000.0,140000.0,2940000000.0,3070400.0,67204110000.0,-149700.0,22600.0,0.0,127100.0,-3273760000.0,491800000.0,0.0,2781960000.0
11/03/2022,10662.0732541637,22900.0,-500.0,-0.02183406,10852.4674194167,10900.0659607299,10519.2776302241,3271200.0,73826695000.0,0.0,0.0,3271200.0,73826695000.0,85800.0,53800.0,0.0,-139600.0,1923120000.0,1210665000.0,0.0,-3133785000.0
10/03/2022,10900.0659607299,22850.0,50.0,0.00218818,11114.2593966395,11185.6572086093,10900.0659607299,2632100.0,61093760000.0,0.0,0.0,2632100.0,61093760000.0,51200.0,-4500.0,0.0,-46700.0,1180780000.0,-105300000.0,0.0,-1075480000.0
09/03/2022,10876.2666900733,22800.0,50.0,0.00219298,10947.6645020432,11090.4601259828,10709.671795477,3590200.0,81862350000.0,0.0,0.0,3590200.0,81862350000.0,-49400.0,86600.0,0.0,-37200.0,-1116035000.0,1961150000.0,0.0,-845115000.0
08/03/2022,10852.4674194167,23050.0,-250.0,-0.01084599,10804.8688781034,11233.2557499225,10804.8688781034,5297300.0,123009645000.0,0.0,0.0,5297300.0,123009645000.0,-600.0,6700.0,0.0,-6100.0,-15570000.0,151460000.0,0.0,-135890000.0
07/03/2022,10971.4637726997,22900.0,150.0,0.00655022,10900.0659607299,11114.2593966395,10781.0696074469,3942000.0,90863685000.0,0.0,0.0,3942000.0,90863685000.0,47800.0,1800.0,0.0,-49600.0,1101265000.0,39700000.0,0.0,-1140965000.0
04/03/2022,10900.0659607299,22550.0,350.0,0.01552106,10828.6681487601,11090.4601259828,10828.6681487601,3146200.0,72627680000.0,0.0,0.0,3146200.0,72627680000.0,19200.0,-40600.0,0.0,21400.0,442700000.0,-941000000.0,0.0,498300000.0
03/03/2022,10733.4710661336,22200.0,350.0,0.01576577,10709.671795477,10781.0696074469,10519.2776302241,3011500.0,67339500000.0,0.0,0.0,3011500.0,67339500000.0,72300.0,-32800.0,0.0,-39500.0,1617265000.0,-733230000.0,0.0,-884035000.0
02/03/2022,10566.8761715373,22650.0,-450.0,-0.01986755,10709.671795477,10781.0696074469,10495.4783595674,3074800.0,68605810000.0,0.0,0.0,3074800.0,68605810000.0,37900.0,29200.0,-100.0,-67100.0,846810000.0,649645000.0,-2245000.0,-1496455000.0
01/03/2022,10781.0696074469,22900.0,-250.0,-0.01091703,10852.4674194167,10923.8652313865,10733.4710661336,3497500.0,79554645000.0,0.0,0.0,3497500.0,79554645000.0,75200.0,1400.0,0.0,-76600.0,1709005000.0,31895000.0,0.0,-1740900000.0
28/02/2022,10900.0659607299,23300.0,-400.0,-0.01716738,10900.0659607299,11042.8615846696,10828.6681487601,3402300.0,78073235000.0,0.0,0.0,3402300.0,78073235000.0,193000.0,38400.0,0.0,-231400.0,4413860000.0,885120000.0,0.0,-5298980000.0
25/02/2022,11090.4601259828,22850.0,450.0,0.01969365,10947.6645020432,11257.0550205791,10733.4710661336,5429100.0,126245200000.0,0.0,0.0,5429100.0,126245200000.0,575100.0,-25000.0,-100.0,-550100.0,13322125000.0,-585775000.0,-2330000.0,-12736350000.0
24/02/2022,10876.2666900733,27950.0,-5100.0,-0.18246869,10947.6645020432,10947.6645020432,10328.8834649711,10102200.0,231042205000.0,0.0,0.0,10102200.0,231042205000.0,619600.0,24400.0,-800.0,-644000.0,14086920000.0,552055000.0,-18400000.0,-14638975000.0
23/02/2022,10221.303621822,27800.0,150.0,0.00539568,10312.7285200494,10312.7285200494,10056.7388050127,11564300.0,322410240000.0,200000.0,5940000000.0,11764300.0,328350240000.0,-182700.0,41800.0,-100.0,140900.0,-5105775000.0,1163115000.0,-2795000.0,3942660000.0
22/02/2022,10166.4486828856,29200.0,-1400.0,-0.04794521,10532.1482757951,10587.0032147316,10166.4486828856,5432000.0,153580925000.0,114000.0,3300800000.0,5546000.0,156881725000.0,2600.0,143200.0,0.0,-145800.0,71945000.0,4009530000.0,0.0,-4081475000.0
21/02/2022,10678.4281129589,28500.0,700.0,0.0245614,10459.0083572132,10751.5680315409,10422.4383979223,6478300.0,188023720000.0,0.0,0.0,6478300.0,188023720000.0,-31900.0,-35400.0,-100.0,67300.0,-965070000.0,-1021495000.0,-2920000.0,1986565000.0
18/02/2022,10422.4383979223,28200.0,300.0,0.0106383,10203.0186421766,10532.1482757951,10111.5937439492,3950800.0,111935960000.0,0.0,0.0,3950800.0,111935960000.0,-38200.0,28000.0,0.0,10200.0,-1072220000.0,787835000.0,0.0,284385000.0
17/02/2022,10312.7285200494,28650.0,-450.0,-0.01570681,10587.0032147316,10587.0032147316,10239.5886014674,2616900.0,74096290000.0,0.0,0.0,2616900.0,74096290000.0,-13400.0,55800.0,-800.0,-42400.0,-377515000.0,1574990000.0,-22920000.0,-1197475000.0
16/02/2022,10477.2933368587,28250.0,400.0,0.01415929,10440.7233775677,10550.4332554406,10367.5834589858,1726800.0,49330960000.0,0.0,0.0,1726800.0,49330960000.0,-600.0,-17000.0,0.0,17600.0,-14940000.0,-486650000.0,0.0,501590000.0
15/02/2022,10331.0134996949,28400.0,-150.0,-0.00528169,10312.7285200494,10605.2881943771,10093.3087643036,1962800.0,55336175000.0,0.0,0.0,1962800.0,55336175000.0,98400.0,27900.0,-400.0,-126300.0,2784490000.0,780185000.0,-11220000.0,-3564675000.0
14/02/2022,10385.8684386313,28350.0,50.0,0.00176367,10349.2984793404,10788.1379908318,10166.4486828856,4594400.0,132819470000.0,0.0,0.0,4594400.0,132819470000.0,129800.0,-400.0,-700.0,-129400.0,3748190000.0,-11270000.0,-19880000.0,-3736920000.0
11/02/2022,10367.5834589858,27450.0,900.0,0.03278689,10111.5937439492,10568.7182350862,10111.5937439492,3019200.0,85752090000.0,0.0,0.0,3019200.0,85752090000.0,-700.0,1800.0,-200.0,-1100.0,-18970000.0,50030000.0,-5670000.0,-31060000.0
10/02/2022,10038.4538253673,27200.0,250.0,0.00919118,9947.0289271398,10239.5886014674,9855.6040289124,2517700.0,69491875000.0,0.0,0.0,2517700.0,69491875000.0,3800.0,-2600.0,-1800.0,-1200.0,120420000.0,-82845000.0,-49860000.0,-37575000.0
09/02/2022,9947.0289271398,26600.0,600.0,0.02255639,9764.179130685,10111.5937439492,9709.3241917486,2543400.0,69499220000.0,373300.0,9239175000.0,2916700.0,78738395000.0,27000.0,-4200.0,-7200.0,-22800.0,735010000.0,-114430000.0,-196560000.0,-620580000.0
08/02/2022,9727.6091713941,27100.0,-500.0,-0.01845018,9837.319049267,9873.8890085579,9435.0494970665,1800800.0,48155100000.0,0.0,0.0,1800800.0,48155100000.0,61200.0,7300.0,-100.0,-68500.0,1633505000.0,194680000.0,-2690000.0,-1828185000.0
07/02/2022,9910.4589678489,25800.0,1300.0,0.0503876,9691.0392121031,9965.3139067853,9544.7593749393,2248000.0,60155255000.0,0.0,0.0,2248000.0,60155255000.0,-76000.0,-52100.0,-2100.0,128100.0,-2042135000.0,-1382415000.0,-56165000.0,3424550000.0
28/01/2022,9435.0494970665,24900.0,900.0,0.03614458,9215.6297413208,9453.334476712,9142.4898227388,2252500.0,57297850000.0,0.0,0.0,2252500.0,57297850000.0,109700.0,-44100.0,0.0,-65600.0,2786210000.0,-1125530000.0,0.0,-1660680000.0
27/01/2022,9105.9198634479,24100.0,800.0,0.03319502,8813.3601891202,9124.2048430934,8484.2305555017,2352700.0,57655695000.0,0.0,0.0,2352700.0,57655695000.0,-194300.0,-700.0,-1000.0,195000.0,-4831025000.0,-17045000.0,-23850000.0,4848070000.0
26/01/2022,8813.3601891202,24600.0,-500.0,-0.0203252,9032.779944866,9252.1997006117,8813.3601891202,2905800.0,71467520000.0,0.0,0.0,2905800.0,71467520000.0,-59600.0,107900.0,0.0,-48300.0,-1441120000.0,2623340000.0,0.0,-1182220000.0
25/01/2022,8996.209985575,24950.0,-350.0,-0.01402806,8557.3704740836,9142.4898227388,8557.3704740836,4122700.0,99803020000.0,0.0,0.0,4122700.0,99803020000.0,-400700.0,11000.0,-1000.0,389700.0,-9660350000.0,262615000.0,-23795000.0,9397735000.0
24/01/2022,9124.2048430934,26800.0,-1850.0,-0.06902985,9544.7593749393,9617.8992935212,9124.2048430934,4290500.0,108040715000.0,0.0,0.0,4290500.0,108040715000.0,-38400.0,65200.0,0.0,-26800.0,-979585000.0,1656015000.0,0.0,-676430000.0
21/01/2022,9800.7490899761,27600.0,-800.0,-0.02898551,10166.4486828856,10221.303621822,9800.7490899761,3217800.0,87760600000.0,50000.0,1285000000.0,3267800.0,89045600000.0,337500.0,44500.0,-6800.0,-382000.0,9165660000.0,1195795000.0,-186930000.0,-10361455000.0
20/01/2022,10093.3087643036,26750.0,850.0,0.0317757,9764.179130685,10166.4486828856,9727.6091713941,2883500.0,78341840000.0,0.0,0.0,2883500.0,78341840000.0,145800.0,12400.0,-2000.0,-158200.0,3905195000.0,326825000.0,-54160000.0,-4232020000.0
19/01/2022,9782.4641103305,26600.0,150.0,0.0056391,9873.8890085579,10093.3087643036,9617.8992935212,3925700.0,105502795000.0,0.0,0.0,3925700.0,105502795000.0,291900.0,12800.0,-100.0,-304700.0,7828515000.0,340475000.0,-2675000.0,-8168990000.0
18/01/2022,9727.6091713941,28600.0,-2000.0,-0.06993007,9873.8890085579,10166.4486828856,9727.6091713941,7524200.0,201077175000.0,6200000.0,170900000000.0,13724200.0,371977175000.0,-184700.0,111900.0,-200.0,72800.0,-4935330000.0,2987390000.0,-5320000.0,1947940000.0
17/01/2022,10459.0083572132,30750.0,-2150.0,-0.0699187,11263.5474616142,11428.1122784236,10459.0083572132,9027000.0,264457995000.0,2770000.0,84485000000.0,11797000.0,348942995000.0,317700.0,-74600.0,0.0,-243100.0,9246465000.0,-2158070000.0,0.0,-7088395000.0
14/01/2022,11245.2624819688,30500.0,250.0,0.00819672,10897.8478687046,11519.537176651,10824.7079501227,4081800.0,123796040000.0,60000.0,1956000000.0,4141800.0,125752040000.0,-120000.0,25200.0,-4400.0,94800.0,-3595620000.0,719055000.0,-133030000.0,2876565000.0
13/01/2022,11153.8375837414,32000.0,-1500.0,-0.046875,11702.3869731057,11848.6668102695,11080.6976651595,5788000.0,179772110000.0,0.0,0.0,5788000.0,179772110000.0,225400.0,4600.0,-700.0,-230000.0,7025860000.0,144655000.0,-21350000.0,-7170515000.0
12/01/2022,11702.3869731057,32150.0,-150.0,-0.00466563,11702.3869731057,12068.0865660153,11044.1277058685,8295700.0,262636490000.0,49000.0,1617000000.0,8344700.0,264253490000.0,-92100.0,-64400.0,-400.0,156500.0,-2832205000.0,-2118585000.0,-12985000.0,4950790000.0
11/01/2022,11757.2419120422,33000.0,-850.0,-0.02575758,12360.6462403429,12360.6462403429,11702.3869731057,5141000.0,168945015000.0,94000.0,3102000000.0,5235000.0,172047015000.0,-7500.0,27000.0,0.0,-19500.0,-228010000.0,882005000.0,0.0,-653995000.0
10/01/2022,12068.0865660153,34600.0,-1600.0,-0.04624277,12781.2007721889,13018.9055075801,12068.0865660153,7506900.0,258602380000.0,0.0,0.0,7506900.0,258602380000.0,176400.0,39300.0,-2100.0,-215700.0,6127755000.0,1320990000.0,-72900000.0,-7448745000.0
07/01/2022,12653.2059146705,32800.0,1800.0,0.05487805,11921.8067288515,12799.4857518343,11921.8067288515,9756900.0,331142870000.0,0.0,0.0,9756900.0,331142870000.0,-500500.0,299700.0,-3800.0,200800.0,-16863995000.0,10116495000.0,-125020000.0,6747500000.0
06/01/2022,11994.9466474334,33200.0,-400.0,-0.01204819,12068.0865660153,12159.5114642426,11848.6668102695,5728800.0,187520995000.0,2000000.0,62000000000.0,7728800.0,249520995000.0,-116200.0,67100.0,-100.0,49100.0,-3801455000.0,2201875000.0,-3265000.0,1599580000.0
05/01/2022,12141.2264845972,33300.0,-100.0,-0.003003,12214.3664031791,12415.5011792793,12086.3715456607,6366800.0,213394205000.0,0.0,0.0,6366800.0,213394205000.0,77900.0,-138100.0,0.0,60200.0,2633755000.0,-4655985000.0,0.0,2022230000.0
04/01/2022,12177.7964438881,33000.0,300.0,0.00909091,12250.9363624699,12433.7861589248,12013.2316270788,5597400.0,186840020000.0,0.0,0.0,5597400.0,186840020000.0,80500.0,-56700.0,-4700.0,-23800.0,2685455000.0,-1897355000.0,-157135000.0,-788100000.0
31/12/2021,12068.0865660153,33100.0,-100.0,-0.00302115,12287.5063217611,12616.6359553796,12068.0865660153,5897900.0,198135720000.0,143000.0,4733300000.0,6040900.0,202869020000.0,-54900.0,-38700.0,-400.0,93600.0,-1905845000.0,-1302565000.0,-13300000.0,3208410000.0
30/12/2021,12104.6565253063,30950.0,2150.0,0.06946688,11409.827298778,12104.6565253063,11373.2573394871,8765100.0,285943315000.0,0.0,0.0,8765100.0,285943315000.0,-269200.0,-17100.0,-2200.0,286300.0,-8703000000.0,-552840000.0,-69300000.0,9255840000.0
29/12/2021,11318.4024005506,30950.0,0.0,0.0,11318.4024005506,11556.1071359419,11153.8375837414,3358800.0,104198595000.0,130000.0,3744000000.0,3488800.0,107942595000.0,-84000.0,25000.0,-100.0,59000.0,-2630330000.0,783260000.0,-3065000.0,1847070000.0
28/12/2021,11318.4024005506,31400.0,-450.0,-0.01433121,11556.1071359419,11556.1071359419,11263.5474616142,4049900.0,126439675000.0,0.0,0.0,4049900.0,126439675000.0,-31300.0,-54900.0,-1900.0,86200.0,-1009940000.0,-1701310000.0,-59470000.0,2711250000.0
27/12/2021,11482.9672173599,30200.0,1200.0,0.0397351,11793.811871333,11793.811871333,11226.9775023233,2740200.0,86354670000.0,0.0,0.0,2740200.0,86354670000.0,39600.0,-45300.0,-200.0,5700.0,1248140000.0,-1420195000.0,-6355000.0,172055000.0
24/12/2021,11044.1277058685,29600.0,600.0,0.02027027,10897.8478687046,11153.8375837414,10788.1379908318,4223800.0,126433510000.0,110000.0,3030500000.0,4333800.0,129464010000.0,341000.0,-218700.0,-4900.0,-122300.0,10157920000.0,-6531950000.0,-147000000.0,-3625970000.0
23/12/2021,10824.7079501227,31100.0,-1500.0,-0.04823151,11373.2573394871,11482.9672173599,10623.5731740225,8831100.0,265903870000.0,250000.0,7237500000.0,9081100.0,273141370000.0,-27500.0,61800.0,-2700.0,-34300.0,-732960000.0,1899880000.0,-81155000.0,-1166920000.0
22/12/2021,11373.2573394871,32400.0,-1300.0,-0.04012346,11848.6668102695,12013.2316270788,11336.6873801961,7362800.0,234053410000.0,295000.0,8909000000.0,7657800.0,242962410000.0,-190100.0,175300.0,-200.0,14800.0,-6126890000.0,5593175000.0,-6440000.0,533715000.0
21/12/2021,11848.6668102695,32600.0,-200.0,-0.00613497,11775.5268916876,12031.5166067243,11757.2419120422,4247800.0,138004795000.0,0.0,0.0,4247800.0,138004795000.0,-123400.0,68700.0,-4400.0,54700.0,-4015700000.0,2228615000.0,-143000000.0,1787085000.0
20/12/2021,11921.8067288515,32400.0,200.0,0.0062,11994.9466474334,12232.6513828246,11702.3869731057,5644900.0,185835045000.0,100000.0,3220000000.0,5744900.0,189055045000.0,39900.0,48400.0,-1700.0,-88300.0,1301650000.0,1580075000.0,-55520000.0,-2881725000.0
17/12/2021,11848.6668102695,31550.0,850.0,0.02694136,11556.1071359419,11848.6668102695,11556.1071359419,5746600.0,183643460000.0,300000.0,10110000000.0,6046600.0,193753460000.0,-27500.0,32700.0,-8100.0,-5200.0,-870710000.0,1035660000.0,-256740000.0,-164950000.0
16/12/2021,11537.8221562965,32000.0,-450.0,-0.0140625,11921.8067288515,11921.8067288515,11446.397258069,5348800.0,170630495000.0,400000.0,13640000000.0,5748800.0,184270495000.0,7200.0,4300.0,-4100.0,-11500.0,225755000.0,138845000.0,-131200000.0,-364600000.0
15/12/2021,11702.3869731057,33200.0,-1200.0,-0.03614458,12068.0865660153,12159.5114642426,11702.3869731057,5252600.0,171194610000.0,2897000.0,102843500000.0,8149600.0,274038110000.0,161200.0,35600.0,-400.0,-196800.0,5270720000.0,1148400000.0,-12800000.0,-6419120000.0
14/12/2021,12141.2264845972,32600.0,600.0,0.01840491,11994.9466474334,12415.5011792793,11812.0968509786,7366200.0,244903050000.0,0.0,0.0,7366200.0,244903050000.0,305100.0,-44700.0,-600.0,-260400.0,10190545000.0,-1487685000.0,-19920000.0,-8702860000.0
13/12/2021,11921.8067288515,32050.0,550.0,0.01716069,11757.2419120422,12031.5166067243,11592.6770952328,4516800.0,146329405000.0,2844800.0,97166800000.0,7361600.0,243496205000.0,45600.0,-6200.0,-4800.0,-39400.0,1461750000.0,-200415000.0,-155795000.0,-1261335000.0
10/12/2021,11720.6719527511,31700.0,350.0,0.01104101,11702.3869731057,11994.9466474334,11610.9620748783,6849000.0,220089545000.0,91700.0,2705150000.0,6940700.0,222794695000.0,97600.0,-2500.0,-300.0,-95100.0,3136485000.0,-85125000.0,-9615000.0,-3051360000.0
09/12/2021,11592.6770952328,30000.0,1700.0,0.05666667,10824.7079501227,11592.6770952328,10696.7130926045,5878300.0,180623745000.0,0.0,0.0,5878300.0,180623745000.0,-397800.0,-27000.0,-28900.0,424800.0,-12352855000.0,-814800000.0,-874820000.0,13167655000.0
08/12/2021,10970.9877872866,31400.0,-1400.0,-0.04458599,11556.1071359419,11592.6770952328,10970.9877872866,5292300.0,163074445000.0,0.0,0.0,5292300.0,163074445000.0,251100.0,26400.0,-500.0,-277500.0,7781595000.0,816055000.0,-15000000.0,-8597650000.0
07/12/2021,11482.9672173599,31250.0,150.0,0.0048,11428.1122784236,11775.5268916876,10824.7079501227,12042700.0,367610670000.0,299900.0,9371875000.0,12342600.0,376982545000.0,-686700.0,178200.0,0.0,508500.0,-20971845000.0,5496485000.0,0.0,15475360000.0
06/12/2021,11428.1122784236,33550.0,-2300.0,-0.0685544,11921.8067288515,12177.7964438881,11428.1122784236,10707000.0,340298655000.0,0.0,0.0,10707000.0,340298655000.0,-446000.0,34300.0,0.0,411700.0,-14198595000.0,1074025000.0,0.0,13124570000.0
03/12/2021,12269.2213421154,36050.0,-2500.0,-0.06934813,13201.7553040348,13348.0351411987,12269.2213421154,19976300.0,683155165000.0,0.0,0.0,19976300.0,683155165000.0,39900.0,90400.0,0.0,-130300.0,1439265000.0,3078645000.0,0.0,-4517910000.0
02/12/2021,13183.4703243895,36600.0,-550.0,-0.01502732,13384.6051004897,13457.7450190716,13092.045426162,9421300.0,342626710000.0,0.0,0.0,9421300.0,342626710000.0,141000.0,-25100.0,-16100.0,-115900.0,5141930000.0,-914975000.0,-585975000.0,-4226955000.0
01/12/2021,13384.6051004897,36550.0,50.0,0.00136799,13238.3252633259,13677.1647748173,13238.3252633259,7696800.0,282688225000.0,350000.0,11900000000.0,8046800.0,294588225000.0,318900.0,-11400.0,-3200.0,-307500.0,11734310000.0,-428950000.0,-118040000.0,-11305360000.0
30/11/2021,13366.3201208441,35850.0,700.0,0.0195258,13384.6051004897,13750.3046933991,13110.3304058075,9944400.0,365297985000.0,0.0,0.0,9944400.0,365297985000.0,476000.0,81500.0,0.0,-557500.0,17434930000.0,2900435000.0,0.0,-20335365000.0
29/11/2021,13110.3304058075,33550.0,2300.0,0.0685544,12031.5166067243,13110.3304058075,11958.3766881424,18524600.0,636141065000.0,0.0,0.0,18524600.0,636141065000.0,-893400.0,1166000.0,-100.0,-272600.0,-32453450000.0,41649860000.0,-3350000.0,-9196410000.0
26/11/2021,12269.2213421154,33500.0,50.0,0.00149254,12433.7861589248,12653.2059146705,12104.6565253063,11951600.0,405370230000.0,200000.0,6240000000.0,12151600.0,411610230000.0,186400.0,-124300.0,0.0,-62100.0,6359165000.0,-4264420000.0,0.0,-2094745000.0
25/11/2021,12250.9363624699,33000.0,500.0,0.01515152,11629.2470545238,12433.7861589248,11446.397258069,24712700.0,807379825000.0,3016335.0,92903118000.0,27729035.0,900282943000.0,-97000.0,-87000.0,0.0,184000.0,-3184390000.0,-2988400000.0,0.0,6172790000.0
24/11/2021,12068.0865660153,33000.0,0.0,0.0,12616.6359553796,12689.7758739614,12068.0865660153,7637300.0,258880300000.0,0.0,0.0,7637300.0,258880300000.0,539000.0,-227100.0,0.0,-311900.0,18360595000.0,-7794755000.0,0.0,-10565840000.0
23/11/2021,12068.0865660153,32000.0,1000.0,0.03125,11556.1071359419,12177.7964438881,10970.9877872866,9378000.0,294680925000.0,0.0,0.0,9378000.0,294680925000.0,-379700.0,13200.0,0.0,366500.0,-11863630000.0,408150000.0,0.0,11455480000.0
22/11/2021,11702.3869731057,33900.0,-1900.0,-0.0560472,12452.0711385702,12945.7655889981,11702.3869731057,10174200.0,341882390000.0,0.0,0.0,10174200.0,341882390000.0,28000.0,-78800.0,0.0,50800.0,1117855000.0,-2842050000.0,0.0,1724195000.0
19/11/2021,12397.2161996338,32400.0,1500.0,0.0462963,12433.7861589248,12671.4908943161,11153.8375837414,11810000.0,400772375000.0,0.0,0.0,11810000.0,400772375000.0,148700.0,-63400.0,0.0,-85300.0,5164545000.0,-2250920000.0,0.0,-2913625000.0
18/11/2021,11848.6668102695,30300.0,2100.0,0.06930693,11336.6873801961,11848.6668102695,11153.8375837414,8159800.0,259236445000.0,0.0,0.0,8159800.0,259236445000.0,302800.0,-281400.0,0.0,-21400.0,9514095000.0,-8845205000.0,0.0,-668890000.0
17/11/2021,11080.6976651595,30200.0,100.0,0.00331126,11044.1277058685,11409.827298778,10788.1379908318,5930500.0,180794090000.0,0.0,0.0,5930500.0,180794090000.0,65200.0,-68200.0,0.0,3000.0,2046205000.0,-2136940000.0,0.0,90735000.0
16/11/2021,11044.1277058685,30900.0,-700.0,-0.02265372,11281.8324412598,11281.8324412598,10788.1379908318,4872600.0,147175660000.0,0.0,0.0,4872600.0,147175660000.0,-11700.0,-6000.0,0.0,17700.0,-366340000.0,-176975000.0,0.0,543315000.0
15/11/2021,11300.1174209052,28950.0,1950.0,0.06735751,10970.9877872866,11318.4024005506,10605.2881943771,7153000.0,217617725000.0,0.0,0.0,7153000.0,217617725000.0,171100.0,-139800.0,-100.0,-31300.0,5287990000.0,-4302910000.0,-3090000.0,-985080000.0
12/11/2021,10587.0032147316,29600.0,-650.0,-0.02195946,10824.7079501227,10861.2779094138,10276.1585607585,7145200.0,206001340000.0,0.0,0.0,7145200.0,206001340000.0,163600.0,-110000.0,0.0,-53600.0,4712785000.0,-3182725000.0,0.0,-1530060000.0
11/11/2021,10824.7079501227,29850.0,-250.0,-0.00837521,10788.1379908318,11190.4075430323,10257.8735811129,8962800.0,261460825000.0,500000.0,13950000000.0,9462800.0,275410825000.0,59200.0,-47000.0,0.0,-12200.0,1758645000.0,-1377385000.0,0.0,-381260000.0
10/11/2021,10916.1328483501,29100.0,750.0,0.0257732,10970.9877872866,10970.9877872866,10641.858153668,3786000.0,112309565000.0,0.0,0.0,3786000.0,112309565000.0,-33300.0,48100.0,0.0,-14800.0,-986980000.0,1432080000.0,0.0,-445100000.0
09/11/2021,10641.858153668,27950.0,1150.0,0.0411449,10422.4383979223,10714.9980722499,10239.5886014674,8639800.0,246716410000.0,0.0,0.0,8639800.0,246716410000.0,-351800.0,101700.0,0.0,250100.0,-9994880000.0,2908885000.0,0.0,7085995000.0
08/11/2021,10221.303621822,26150.0,1800.0,0.06883365,9691.0392121031,10221.303621822,9617.8992935212,7619100.0,210475495000.0,140000.0,3668000000.0,7759100.0,214143495000.0,-425100.0,533700.0,-100.0,-108600.0,-11912755000.0,14838550000.0,-2795000.0,-2925795000.0
05/11/2021,9563.0443545848,25650.0,500.0,0.01949318,9691.0392121031,9782.4641103305,9380.1945581301,6058200.0,159703010000.0,0.0,0.0,6058200.0,159703010000.0,102400.0,-11000.0,0.0,-91400.0,2717015000.0,-291250000.0,0.0,-2425765000.0
04/11/2021,9380.1945581301,24000.0,1650.0,0.06875,8849.9301484113,9380.1945581301,8776.7902298293,6943200.0,174900080000.0,0.0,0.0,6943200.0,174900080000.0,-91500.0,75500.0,0.0,16000.0,-2313015000.0,1923225000.0,0.0,389790000.0
03/11/2021,8776.7902298293,24950.0,-950.0,-0.03807615,9325.3396191936,9380.1945581301,8776.7902298293,10187100.0,253228550000.0,0.0,0.0,10187100.0,253228550000.0,-167500.0,133000.0,0.0,34500.0,-4122350000.0,3247535000.0,0.0,874815000.0
02/11/2021,9124.2048430934,23750.0,1200.0,0.05052632,8849.9301484113,9215.6297413208,8776.7902298293,6413900.0,158876160000.0,0.0,0.0,6413900.0,158876160000.0,80900.0,-72000.0,0.0,-8900.0,2030120000.0,-1806710000.0,0.0,-223410000.0
01/11/2021,8685.365331602,22200.0,1550.0,0.06981982,8337.9507183378,8685.365331602,8246.5258201104,6836500.0,159557185000.0,0.0,0.0,6836500.0,159557185000.0,279900.0,-176600.0,-2300.0,-103300.0,6594670000.0,-4142125000.0,-54625000.0,-2452545000.0
29/10/2021,8118.5309625921,21400.0,800.0,0.03738318,8008.8210847193,8155.100921883,7862.5412475554,6828700.0,149937165000.0,850000.0,17425000000.0,7678700.0,167362165000.0,-23400.0,13600.0,0.0,9800.0,-513240000.0,305280000.0,0.0,207960000.0
28/10/2021,7825.9712882644,20900.0,500.0,0.02392345,7679.6914511005,7935.6811661372,7661.4064714551,5384200.0,115405365000.0,0.0,0.0,5384200.0,115405365000.0,419800.0,-412500.0,0.0,-7300.0,8989500000.0,-8833330000.0,0.0,-156170000.0
27/10/2021,7643.1214918097,20750.0,150.0,0.00722892,7606.5515325187,7661.4064714551,7496.8416546459,3964900.0,82160810000.0,0.0,0.0,3964900.0,82160810000.0,115900.0,-314900.0,0.0,199000.0,2324995000.0,-6472625000.0,0.0,4147630000.0
26/10/2021,7588.2665528732,20800.0,-50.0,-0.00240385,7515.1266342913,7697.9764307461,7350.5618174821,3024200.0,62354845000.0,0.0,0.0,3024200.0,62354845000.0,-5400.0,17600.0,0.0,-12200.0,-106830000.0,361255000.0,0.0,-254425000.0
25/10/2021,7606.5515325187,21200.0,-400.0,-0.01886792,7899.1112068464,7899.1112068464,7606.5515325187,3899500.0,82421485000.0,0.0,0.0,3899500.0,82421485000.0,-26200.0,200.0,0.0,26000.0,-551405000.0,2715000.0,0.0,548690000.0
22/10/2021,7752.8313696825,20600.0,600.0,0.02912621,7606.5515325187,7844.2562679099,7606.5515325187,5327500.0,112574440000.0,0.0,0.0,5327500.0,112574440000.0,38500.0,-69100.0,-5000.0,30600.0,806285000.0,-1456420000.0,-105500000.0,650135000.0
21/10/2021,7533.4116139368,20400.0,200.0,0.00980392,7460.2716953548,7606.5515325187,7332.2768378366,3616900.0,73279285000.0,0.0,0.0,3616900.0,73279285000.0,-29500.0,28300.0,-100.0,1200.0,-615805000.0,592150000.0,-2050000.0,23655000.0
20/10/2021,7460.2716953548,20550.0,-150.0,-0.00729927,7515.1266342913,7661.4064714551,7240.8519396091,5213100.0,106452760000.0,0.0,0.0,5213100.0,106452760000.0,136100.0,-298000.0,0.0,161900.0,2826930000.0,-6139600000.0,0.0,3312670000.0
19/10/2021,7515.1266342913,20000.0,550.0,0.0275,7533.4116139368,7771.116349328,7405.4167564184,5930400.0,123424970000.0,0.0,0.0,5930400.0,123424970000.0,-5400.0,13000.0,0.0,-7600.0,-117090000.0,275000000.0,0.0,-157910000.0
18/10/2021,7313.9918581911,18700.0,1300.0,0.06951872,6875.1523466996,7313.9918581911,6875.1523466996,9036800.0,176330905000.0,0.0,0.0,9036800.0,176330905000.0,-14000.0,32900.0,0.0,-18900.0,-287050000.0,650395000.0,0.0,-363345000.0
15/10/2021,6838.5823874087,18800.0,-100.0,-0.00531915,6911.7223059906,6930.007285636,6802.0124281177,2432900.0,45712780000.0,0.0,0.0,2432900.0,45712780000.0,-94500.0,100000.0,0.0,-5500.0,-1767595000.0,1871000000.0,0.0,-103405000.0
14/10/2021,6875.1523466996,18700.0,100.0,0.00534759,6802.0124281177,6930.007285636,6802.0124281177,2088500.0,39220190000.0,0.0,0.0,2088500.0,39220190000.0,-114200.0,120000.0,0.0,-5800.0,-2146840000.0,2255650000.0,0.0,-108810000.0
13/10/2021,6838.5823874087,18900.0,-200.0,-0.01058201,6948.2922652816,7021.4321838634,6820.2974077632,2204300.0,41623540000.0,0.0,0.0,2204300.0,41623540000.0,1500.0,7200.0,0.0,-8700.0,30190000.0,133240000.0,0.0,-163430000.0
12/10/2021,6911.7223059906,18250.0,650.0,0.03561644,6674.0175705994,7058.0021431545,6674.0175705994,5453700.0,103458540000.0,0.0,0.0,5453700.0,103458540000.0,-100400.0,187000.0,0.0,-86600.0,-1915630000.0,3555445000.0,0.0,-1639815000.0
11/10/2021,6674.0175705994,17950.0,300.0,0.01671309,6582.592672372,6674.0175705994,6564.3076927265,2766100.0,50098940000.0,0.0,0.0,2766100.0,50098940000.0,-82400.0,77600.0,2300.0,4800.0,-1491015000.0,1404375000.0,41975000.0,86640000.0
08/10/2021,6564.3076927265,18100.0,-150.0,-0.00828729,6655.7325909539,6674.0175705994,6564.3076927265,2797500.0,50541390000.0,0.0,0.0,2797500.0,50541390000.0,-110600.0,99100.0,0.0,11500.0,-1996020000.0,1788645000.0,0.0,207375000.0
07/10/2021,6619.1626316629,18050.0,50.0,0.00277008,6600.8776520174,6692.3025502448,6564.3076927265,2201800.0,39840235000.0,0.0,0.0,2201800.0,39840235000.0,-12600.0,-3000.0,0.0,15600.0,-227025000.0,-54600000.0,0.0,281625000.0
06/10/2021,6600.8776520174,18350.0,-300.0,-0.01634877,6728.8725095357,6783.7274484722,6600.8776520174,1617900.0,29440860000.0,0.0,0.0,1617900.0,29440860000.0,800.0,0.0,0.0,-800.0,15195000.0,0.0,0.0,-15195000.0
05/10/2021,6710.5875298902,17550.0,800.0,0.04558405,6509.45275379,6765.4424688268,6436.3128352081,2859900.0,51582505000.0,0.0,0.0,2859900.0,51582505000.0,-1800.0,0.0,0.0,1800.0,-32910000.0,0.0,0.0,32910000.0
04/10/2021,6418.0278555627,17650.0,-100.0,-0.00566572,6472.8827944991,6509.45275379,6344.8879369807,2126400.0,37141240000.0,0.0,0.0,2126400.0,37141240000.0,-49500.0,200.0,0.0,49300.0,-861915000.0,3495000.0,0.0,858420000.0
01/10/2021,6454.5978148536,17900.0,-250.0,-0.01396648,6436.3128352081,6546.022713081,6436.3128352081,1558200.0,27648870000.0,27678.0,460838700.0,1585878.0,28109708700.0,-52300.0,5400.0,0.0,46900.0,-925215000.0,95335000.0,0.0,829880000.0
30/09/2021,6546.022713081,17700.0,200.0,0.01129944,6509.45275379,6619.1626316629,6509.45275379,1014300.0,18172780000.0,50000.0,850000000.0,1064300.0,19022780000.0,-35800.0,300.0,0.0,35500.0,-640805000.0,5340000.0,0.0,635465000.0
29/09/2021,6472.8827944991,18000.0,-300.0,-0.01666667,6582.592672372,6582.592672372,6418.0278555627,1358800.0,24113465000.0,0.0,0.0,1358800.0,24113465000.0,-18600.0,4800.0,0.0,13800.0,-329855000.0,84890000.0,0.0,244965000.0
28/09/2021,6582.592672372,17900.0,100.0,0.00558659,6436.3128352081,6637.4476113083,6363.1729166263,2096800.0,37272880000.0,0.0,0.0,2096800.0,37272880000.0,-13600.0,0.0,0.0,13600.0,-237560000.0,0.0,0.0,237560000.0
27/09/2021,6546.022713081,18650.0,-750.0,-0.04021448,6820.2974077632,6911.7223059906,6546.022713081,2627100.0,47945890000.0,0.0,0.0,2627100.0,47945890000.0,-28100.0,15000.0,0.0,13100.0,-511000000.0,277500000.0,0.0,233500000.0
24/09/2021,6820.2974077632,18750.0,-100.0,-0.00533333,6856.8673670541,6984.8622245724,6820.2974077632,1656200.0,31188685000.0,50000.0,1000000000.0,1706200.0,32188685000.0,176700.0,10000.0,0.0,-186700.0,3332020000.0,188000000.0,0.0,-3520020000.0
23/09/2021,6856.8673670541,18650.0,100.0,0.00536193,6875.1523466996,7094.5721024453,6765.4424688268,3411700.0,64085010000.0,0.0,0.0,3411700.0,64085010000.0,250800.0,-6800.0,0.0,-244000.0,4678865000.0,-127720000.0,0.0,-4551145000.0
22/09/2021,6820.2974077632,18600.0,50.0,0.00268817,6802.0124281177,6875.1523466996,6710.5875298902,2208700.0,41040950000.0,0.0,0.0,2208700.0,41040950000.0,186200.0,-11000.0,0.0,-175200.0,3462915000.0,-203050000.0,0.0,-3259865000.0
21/09/2021,6802.0124281177,19000.0,-400.0,-0.02105263,6802.0124281177,6911.7223059906,6710.5875298902,2809700.0,52226105000.0,0.0,0.0,2809700.0,52226105000.0,174500.0,0.0,0.0,-174500.0,3224300000.0,0.0,0.0,-3224300000.0
20/09/2021,6948.2922652816,19450.0,-450.0,-0.02313625,7185.9970006727,7240.8519396091,6911.7223059906,3003400.0,58036530000.0,0.0,0.0,3003400.0,58036530000.0,-29400.0,0.0,0.0,29400.0,-559995000.0,-2250000.0,0.0,562245000.0
17/09/2021,7112.8570820908,18850.0,600.0,0.03183024,7112.8570820908,7240.8519396091,7003.1472042179,3209400.0,62588880000.0,0.0,0.0,3209400.0,62588880000.0,4400.0,-49900.0,0.0,45500.0,91490000.0,-976350000.0,0.0,884860000.0
16/09/2021,6893.4373263451,18800.0,50.0,0.00265957,6911.7223059906,6984.8622245724,6820.2974077632,1600200.0,30100895000.0,0.0,0.0,1600200.0,30100895000.0,9600.0,-15000.0,0.0,5400.0,181435000.0,-282975000.0,0.0,101540000.0
15/09/2021,6875.1523466996,18400.0,400.0,0.02173913,6582.592672372,6911.7223059906,6582.592672372,3261400.0,59958825000.0,0.0,0.0,3261400.0,59958825000.0,56400.0,-37300.0,0.0,-19100.0,1043450000.0,-701755000.0,0.0,-341695000.0
14/09/2021,6728.8725095357,19000.0,-600.0,-0.03157895,6820.2974077632,6856.8673670541,6692.3025502448,3646600.0,67623110000.0,0.0,0.0,3646600.0,67623110000.0,-101100.0,40000.0,0.0,61100.0,-1864690000.0,737500000.0,0.0,1127190000.0
13/09/2021,6948.2922652816,19600.0,-600.0,-0.03061224,7131.1420617363,7149.4270413817,6930.007285636,3034700.0,58068590000.0,0.0,0.0,3034700.0,58068590000.0,-26500.0,31300.0,5000.0,-4800.0,-500880000.0,593025000.0,96500000.0,-92145000.0
10/09/2021,7167.7120210272,19600.0,0.0,0.0,7185.9970006727,7222.5669599637,7131.1420617363,2800000.0,54905295000.0,0.0,0.0,2800000.0,54905295000.0,90000.0,-99200.0,0.0,9200.0,1757600000.0,-1938330000.0,0.0,180730000.0
09/09/2021,7167.7120210272,19500.0,100.0,0.00512821,7569.9815732277,7588.2665528732,6966.577244927,11534500.0,229439505000.0,0.0,0.0,11534500.0,229439505000.0,538400.0,-511800.0,0.0,-26600.0,10514855000.0,-9979525000.0,0.0,-535330000.0
08/09/2021,7131.1420617363,18250.0,1250.0,0.06849315,7131.1420617363,7131.1420617363,7131.1420617363,1466200.0,28590900000.0,40000.0,680000000.0,1506200.0,29270900000.0,31900.0,-25000.0,0.0,-6900.0,622050000.0,-487500000.0,0.0,-134550000.0
07/09/2021,6674.0175705994,17093.0,1157.0,0.06768853,6674.0175705994,6674.0175705994,6674.0175705994,611600.0,11161700000.0,40000.0,640000000.0,651600.0,11801700000.0,4900.0,-4700.0,0.0,-200.0,89425000.0,-85775000.0,0.0,-3650000.0
06/09/2021,6250.9945665013,27000.0,-250.0,-0.00925926,6321.099178462,6531.4130143443,6250.9945665013,10275300.0,279005300000.0,0.0,0.0,10275300.0,279005300000.0,-256900.0,189600.0,0.0,67300.0,-6964455000.0,5143595000.0,0.0,1820860000.0
01/09/2021,6309.4150764686,27500.0,-500.0,-0.01818182,6332.7832804554,6391.2037904228,6286.0468724816,6641500.0,179733830000.0,40000.0,1100000000.0,6681500.0,180833830000.0,-178400.0,177800.0,-1700.0,600.0,-4837855000.0,4827740000.0,-45985000.0,10115000.0
31/08/2021,6426.2560964031,28700.0,-1200.0,-0.04181185,6706.6745442462,6706.6745442462,6426.2560964031,6082500.0,170315080000.0,40000.0,1220000000.0,6122500.0,171535080000.0,-110200.0,20700.0,0.0,89500.0,-3092265000.0,588475000.0,0.0,2503790000.0
30/08/2021,6706.6745442462,28100.0,600.0,0.02135231,6823.5155641808,6846.8837681677,6683.3063402593,4240500.0,122602195000.0,0.0,0.0,4240500.0,122602195000.0,-25900.0,-30900.0,0.0,56800.0,-753600000.0,-899180000.0,0.0,1652780000.0
27/08/2021,6566.4653203246,26300.0,1800.0,0.06844106,6145.8376485601,6566.4653203246,5993.9443226451,6261900.0,169855060000.0,0.0,0.0,6261900.0,169855060000.0,158400.0,-134700.0,0.0,-23700.0,4343075000.0,-3679765000.0,0.0,-663310000.0
26/08/2021,6145.8376485601,27600.0,-1300.0,-0.04710145,6449.62430039,6683.3063402593,6145.8376485601,4204000.0,115613505000.0,0.0,0.0,4204000.0,115613505000.0,-34200.0,5100.0,0.0,29100.0,-968185000.0,173225000.0,0.0,794960000.0
25/08/2021,6449.62430039,28650.0,-1050.0,-0.03664921,6659.9381362724,6659.9381362724,6262.6786684946,4966000.0,135687900000.0,0.0,0.0,4966000.0,135687900000.0,-34800.0,34800.0,0.0,0.0,-953675000.0,959645000.0,0.0,-5970000.0
24/08/2021,6694.9904422526,30800.0,-2150.0,-0.06980519,7220.7750319584,7360.9842558799,6694.9904422526,10549500.0,307389960000.0,120000.0,3948000000.0,10669500.0,311337960000.0,-48700.0,36800.0,0.0,11900.0,-1341500000.0,995050000.0,0.0,346450000.0
23/08/2021,7197.4068279715,29500.0,1300.0,0.0441,6893.6201761416,7290.8796439192,6893.6201761416,7469900.0,228526215000.0,0.0,0.0,7469900.0,228526215000.0,3300.0,-69100.0,0.0,65800.0,136665000.0,-2142175000.0,0.0,2005510000.0
20/08/2021,6893.6201761416,28100.0,1400.0,0.04982206,7010.4611960762,7022.1452980696,6566.4653203246,13701800.0,405952875000.0,0.0,0.0,13701800.0,405952875000.0,56700.0,-40200.0,0.0,-16500.0,1759845000.0,-1254675000.0,0.0,-505170000.0
19/08/2021,6566.4653203246,26300.0,1800.0,0.06844106,6227.6263625143,6566.4653203246,6215.9422605208,6117800.0,169829205000.0,0.0,0.0,6117800.0,169829205000.0,8300.0,-22200.0,0.0,13900.0,247570000.0,-628340000.0,0.0,380770000.0
18/08/2021,6145.8376485601,24600.0,1700.0,0.06910569,5678.4735688217,6145.8376485601,5631.7371608478,7827200.0,200733260000.0,0.0,0.0,7827200.0,200733260000.0,8600.0,-65800.0,1700.0,57200.0,243940000.0,-1707190000.0,41735000.0,1463250000.0
17/08/2021,5748.5781807824,24050.0,550.0,0.02286902,5842.0509967301,5865.419200717,5678.4735688217,5228900.0,129132410000.0,0.0,0.0,5228900.0,129132410000.0,-26500.0,41900.0,0.0,-15400.0,-653395000.0,1036500000.0,0.0,-383105000.0
16/08/2021,5620.0530588543,22500.0,1550.0,0.06888889,5421.4233249656,5620.0530588543,5386.3710189852,5670200.0,134551235000.0,0.0,0.0,5670200.0,134551235000.0,67200.0,-32300.0,0.0,-34900.0,1615505000.0,-773435000.0,0.0,-842070000.0
13/08/2021,5257.845897057,22700.0,-200.0,-0.00881057,5304.582305031,5304.582305031,5164.3730811094,3284600.0,73450620000.0,0.0,0.0,3284600.0,73450620000.0,-52200.0,60000.0,0.0,-7800.0,-1158935000.0,1337625000.0,0.0,-178690000.0
12/08/2021,5304.582305031,23050.0,-350.0,-0.01518438,5292.8982030375,5374.6869169917,5281.214101044,3052200.0,69381710000.0,0.0,0.0,3052200.0,69381710000.0,-84700.0,137800.0,0.0,-53100.0,-1919380000.0,3127580000.0,0.0,-1208200000.0
11/08/2021,5386.3710189852,23500.0,-450.0,-0.01914894,5491.5279369263,5491.5279369263,5386.3710189852,2819400.0,65504445000.0,0.0,0.0,2819400.0,65504445000.0,-130200.0,129900.0,0.0,300.0,-3022185000.0,3015210000.0,0.0,6975000.0
10/08/2021,5491.5279369263,23550.0,-50.0,-0.00212314,5514.8961409133,5538.2643449001,5398.0551209786,3205200.0,74988145000.0,0.0,0.0,3205200.0,74988145000.0,-10800.0,5000.0,0.0,5800.0,-251740000.0,116300000.0,0.0,135440000.0
09/08/2021,5503.2120389197,23200.0,350.0,0.01508621,5351.3187130047,5561.632548887,5339.6346110114,2400800.0,56188845000.0,0.0,0.0,2400800.0,56188845000.0,-2300.0,-3600.0,0.0,5900.0,-50400000.0,-84770000.0,0.0,135170000.0
06/08/2021,5421.4233249656,22750.0,450.0,0.01978022,5374.6869169917,5585.000752874,5374.6869169917,3358100.0,78670880000.0,0.0,0.0,3358100.0,78670880000.0,31200.0,-23500.0,0.0,-7700.0,729790000.0,-549650000.0,0.0,-180140000.0
05/08/2021,5316.2664070244,22150.0,600.0,0.02708804,5141.0048771225,5316.2664070244,5105.9525711421,3645100.0,82104790000.0,0.0,0.0,3645100.0,82104790000.0,25300.0,-29500.0,0.0,4200.0,570980000.0,-666950000.0,0.0,95970000.0
04/08/2021,5176.0571831028,21800.0,350.0,0.01605505,5141.0048771225,5246.1617950637,5094.2684691486,3005700.0,66566600000.0,0.0,0.0,3005700.0,66566600000.0,-10100.0,10300.0,0.0,-200.0,-222710000.0,227150000.0,0.0,-4440000.0
03/08/2021,5094.2684691486,21900.0,-100.0,-0.00456621,5094.2684691486,5141.0048771225,5024.1638571879,2231900.0,48581735000.0,0.0,0.0,2231900.0,48581735000.0,1100.0,1100.0,0.0,-2200.0,24045000.0,24075000.0,0.0,-48120000.0
02/08/2021,5117.6366731356,22200.0,-300.0,-0.01351351,5187.7412850964,5199.4253870898,5070.9002651617,2118400.0,46631475000.0,0.0,0.0,2118400.0,46631475000.0,17400.0,-17600.0,0.0,200.0,394350000.0,-398220000.0,0.0,3870000.0
30/07/2021,5187.7412850964,21700.0,500.0,0.02304147,5094.2684691486,5304.582305031,5035.8479591814,2662100.0,58913455000.0,0.0,0.0,2662100.0,58913455000.0,13600.0,-10300.0,0.0,-3300.0,304535000.0,-230780000.0,0.0,-73755000.0
29/07/2021,5070.9002651617,21700.0,0.0,0.0,5094.2684691486,5141.0048771225,5012.4797551944,1452600.0,31415600000.0,0.0,0.0,1452600.0,31415600000.0,-1600.0,15100.0,0.0,-13500.0,-33670000.0,325660000.0,0.0,-291990000.0
28/07/2021,5070.9002651617,22100.0,-400.0,-0.01809955,5070.9002651617,5141.0048771225,5024.1638571879,3066400.0,66525165000.0,0.0,0.0,3066400.0,66525165000.0,-26700.0,700.0,0.0,26000.0,-583975000.0,15155000.0,0.0,568820000.0
27/07/2021,5164.3730811094,22500.0,-400.0,-0.01777778,5257.845897057,5316.2664070244,5117.6366731356,2631900.0,58675725000.0,40000.0,960000000.0,2671900.0,59635725000.0,-57600.0,58800.0,-100.0,-1200.0,-1289170000.0,1317235000.0,-2205000.0,-28065000.0
26/07/2021,5257.845897057,21750.0,750.0,0.03448276,5047.5320611747,5304.582305031,4965.7433472206,2708300.0,60172290000.0,0.0,0.0,2708300.0,60172290000.0,33600.0,-51700.0,0.0,18100.0,790570000.0,-1192460000.0,0.0,401890000.0
23/07/2021,5082.5843671552,20350.0,1400.0,0.06879607,4755.4295113384,5082.5843671552,4673.6407973841,6588500.0,140943395000.0,0.0,0.0,6588500.0,140943395000.0,-87700.0,-9900.0,-25000.0,97600.0,-1906700000.0,-198875000.0,-538750000.0,2105575000.0
22/07/2021,4755.4295113384,20400.0,-50.0,-0.00245098,4767.1136133317,4802.1659193122,4603.5361854233,2540300.0,51439705000.0,0.0,0.0,2540300.0,51439705000.0,-8800.0,5100.0,0.0,3700.0,-178005000.0,102705000.0,0.0,75300000.0
21/07/2021,4767.1136133317,20550.0,-150.0,-0.00729927,4907.3228372533,4907.3228372533,4697.009001371,2020900.0,41734300000.0,0.0,0.0,2020900.0,41734300000.0,6200.0,-300.0,0.0,-5900.0,128520000.0,-6360000.0,0.0,-122160000.0
20/07/2021,4802.1659193122,20600.0,-50.0,-0.00242718,4603.5361854233,4837.2182252926,4486.6951654888,5155200.0,101982500000.0,0.0,0.0,5155200.0,101982500000.0,-113600.0,111000.0,5000.0,2600.0,-2217250000.0,2165755000.0,97500000.0,51495000.0
19/07/2021,4813.8500213056,22100.0,-1500.0,-0.0678733,4837.2182252926,4977.4274492141,4813.8500213056,3186400.0,65953670000.0,0.0,0.0,3186400.0,65953670000.0,-8700.0,7700.0,5000.0,1000.0,-179285000.0,158785000.0,103000000.0,20500000.0
16/07/2021,5164.3730811094,22300.0,-200.0,-0.00896861,5211.1094890833,5257.845897057,5105.9525711421,2014500.0,44627400000.0,0.0,0.0,2014500.0,44627400000.0,2200.0,-3000.0,0.0,800.0,49695000.0,-67370000.0,0.0,17675000.0
15/07/2021,5211.1094890833,21750.0,550.0,0.02528736,5082.5843671552,5257.845897057,5047.5320611747,1965600.0,43166245000.0,0.0,0.0,1965600.0,43166245000.0,-1500.0,-900.0,0.0,2400.0,-31765000.0,-20400000.0,0.0,52165000.0
14/07/2021,5082.5843671552,21400.0,350.0,0.01635514,5059.2161631683,5269.5299990506,4907.3228372533,3629000.0,78729845000.0,0.0,0.0,3629000.0,78729845000.0,-10500.0,0.0,0.0,10500.0,-228175000.0,0.0,0.0,228175000.0
13/07/2021,5000.795653201,22350.0,-950.0,-0.04250559,5234.4776930701,5269.5299990506,4860.5864292794,4779200.0,102099475000.0,0.0,0.0,4779200.0,102099475000.0,15400.0,16800.0,15000.0,-32200.0,321915000.0,355870000.0,317250000.0,-677785000.0
12/07/2021,5222.7935910767,24000.0,-1650.0,-0.06875,5398.0551209786,5479.8438349329,5222.7935910767,3111200.0,69932080000.0,0.0,0.0,3111200.0,69932080000.0,-4300.0,-13600.0,0.0,17900.0,-98175000.0,-303845000.0,0.0,402020000.0
09/07/2021,5608.3689568609,25600.0,-1600.0,-0.0625,5842.0509967301,5958.8920166648,5585.000752874,4080500.0,100942330000.0,20000.0,544000000.0,4100500.0,101486330000.0,-25200.0,20700.0,-300.0,4500.0,-601855000.0,499950000.0,-7200000.0,101905000.0
08/07/2021,5982.2602206517,26500.0,-900.0,-0.03396226,6215.9422605208,6215.9422605208,5958.8920166648,1895500.0,49390585000.0,0.0,0.0,1895500.0,49390585000.0,-3700.0,700.0,0.0,3000.0,-96935000.0,18105000.0,0.0,78830000.0
07/07/2021,6192.5740565339,25900.0,600.0,0.02316602,6052.3648326124,6192.5740565339,5678.4735688217,4765200.0,120286055000.0,930506.0,22518245200.0,5695706.0,142804300200.0,-568100.0,66300.0,0.0,501800.0,-14388370000.0,1645515000.0,0.0,12742855000.0
06/07/2021,6052.3648326124,27750.0,-1850.0,-0.06666667,6472.992504377,6472.992504377,6052.3648326124,6419500.0,173749470000.0,0.0,0.0,6419500.0,173749470000.0,341800.0,-331100.0,0.0,-10700.0,9337295000.0,-9035835000.0,0.0,-301460000.0
05/07/2021,6484.6766063704,28450.0,-700.0,-0.0246,6636.5699322854,6648.2540342789,6426.2560964031,4191300.0,117001815000.0,0.0,0.0,4191300.0,117001815000.0,234800.0,-233300.0,0.0,-1500.0,6578205000.0,-6532335000.0,0.0,-45870000.0
02/07/2021,6648.2540342789,28500.0,-50.0,-0.00175439,6753.41095222,6776.7791562068,6589.8335243116,4438300.0,126641860000.0,0.0,0.0,4438300.0,126641860000.0,114700.0,-63300.0,0.0,-51400.0,3301870000.0,-1826440000.0,0.0,-1475430000.0
01/07/2021,6659.9381362724,28250.0,250.0,0.00884956,6589.8335243116,6800.1473601939,6496.3607083639,5020900.0,142515015000.0,0.0,0.0,5020900.0,142515015000.0,218500.0,-177100.0,-100.0,-41400.0,6169275000.0,-4986320000.0,-2845000.0,-1182955000.0
30/06/2021,6601.517626305,28850.0,-600.0,-0.0208,6694.9904422526,6730.042748233,6601.517626305,3996000.0,114000275000.0,0.0,0.0,3996000.0,114000275000.0,157200.0,-155700.0,0.0,-1500.0,4480955000.0,-4438060000.0,0.0,-42895000.0
29/06/2021,6741.7268502267,29300.0,-450.0,-0.0154,6846.8837681677,6952.0406861089,6718.3586462397,5649700.0,164455995000.0,0.0,0.0,5649700.0,164455995000.0,202700.0,-214800.0,0.0,12100.0,5937850000.0,-6290180000.0,0.0,352330000.0
28/06/2021,6846.8837681677,29600.0,-300.0,-0.01013514,7092.2499100304,7127.3022160107,6846.8837681677,5324200.0,158962535000.0,0.0,0.0,5324200.0,158962535000.0,526500.0,-544600.0,0.0,18100.0,15711730000.0,-16252735000.0,0.0,541005000.0
25/06/2021,6916.9883801284,28900.0,700.0,0.02422145,6846.8837681677,6998.7770940826,6683.3063402593,3209600.0,93957515000.0,0.0,0.0,3209600.0,93957515000.0,269800.0,-265200.0,0.0,-4600.0,7974925000.0,-7839840000.0,0.0,-135085000.0
24/06/2021,6753.41095222,29150.0,-250.0,-0.00857633,6858.5678701612,6870.2519721545,6753.41095222,2393700.0,69593640000.0,6500000.0,176800000000.0,8893700.0,246393640000.0,-36200.0,26700.0,0.0,9500.0,-1053090000.0,776260000.0,0.0,276830000.0
23/06/2021,6811.8314621873,29700.0,-550.0,-0.01851852,6916.9883801284,7057.1976040499,6776.7791562068,2892300.0,85082830000.0,0.0,0.0,2892300.0,85082830000.0,-144600.0,138600.0,0.0,6000.0,-4223825000.0,4046430000.0,0.0,177395000.0
22/06/2021,6940.3565841154,30100.0,-400.0,-0.01328904,7162.3545219912,7244.1432359454,6928.6724821219,3561500.0,107499460000.0,0.0,0.0,3561500.0,107499460000.0,-110800.0,102500.0,0.0,8300.0,-3321365000.0,3072430000.0,0.0,248935000.0
21/06/2021,7033.8294000631,28500.0,1600.0,0.05614035,6694.9904422526,7115.6181140173,6683.3063402593,6626500.0,198589535000.0,100000.0,2868000000.0,6726500.0,201457535000.0,-169600.0,124000.0,0.0,45600.0,-5181795000.0,3793740000.0,0.0,1388055000.0
18/06/2021,6659.9381362724,28050.0,450.0,0.01604278,6578.1494223182,6730.042748233,6578.1494223182,2982600.0,84849780000.0,0.0,0.0,2982600.0,84849780000.0,-700.0,0.0,0.0,700.0,-19955000.0,0.0,0.0,19955000.0
17/06/2021,6554.7812183313,28250.0,-200.0,-0.00707965,6519.7289123508,6589.8335243116,6426.2560964031,2789300.0,77734190000.0,0.0,0.0,2789300.0,77734190000.0,600.0,-5000.0,0.0,4400.0,17260000.0,-139800000.0,0.0,122540000.0
16/06/2021,6601.517626305,28450.0,-200.0,-0.00702988,6671.6222382659,6753.41095222,6543.0971163378,2770700.0,78587695000.0,0.0,0.0,2770700.0,78587695000.0,-6200.0,-4500.0,0.0,10700.0,-174885000.0,-127125000.0,0.0,302010000.0
15/06/2021,6648.2540342789,28250.0,200.0,0.00707965,6601.517626305,6776.7791562068,6601.517626305,3361600.0,96204740000.0,0.0,0.0,3361600.0,96204740000.0,-17000.0,-5000.0,0.0,22000.0,-482470000.0,-144250000.0,0.0,626720000.0
14/06/2021,6601.517626305,27750.0,500.0,0.01801802,6484.6766063704,6765.0950542135,6367.8355864358,5030000.0,140987970000.0,0.0,0.0,5030000.0,140987970000.0,16100.0,7000.0,0.0,-23100.0,450635000.0,191150000.0,0.0,-641785000.0
11/06/2021,6484.6766063704,27050.0,700.0,0.025878,6543.0971163378,6589.8335243116,6332.7832804554,3401400.0,94472660000.0,0.0,0.0,3401400.0,94472660000.0,-36200.0,-1200.0,0.0,37400.0,-992605000.0,-33420000.0,0.0,1026025000.0
10/06/2021,6321.099178462,27500.0,-450.0,-0.01636364,6426.2560964031,6589.8335243116,6286.0468724816,3648800.0,99809310000.0,0.0,0.0,3648800.0,99809310000.0,15700.0,15000.0,0.0,-30700.0,440170000.0,408000000.0,0.0,-848170000.0
09/06/2021,6426.2560964031,27850.0,-350.0,-0.01256733,6356.1514844424,6741.7268502267,6075.7330365993,7420500.0,202171640000.0,0.0,0.0,7420500.0,202171640000.0,-47200.0,46400.0,0.0,800.0,-1253285000.0,1234190000.0,0.0,19095000.0
08/06/2021,6508.0448103573,29900.0,-2050.0,-0.06856187,6893.6201761416,6928.6724821219,6508.0448103573,6156400.0,175476650000.0,0.0,0.0,6156400.0,175476650000.0,-162100.0,151100.0,0.0,11000.0,-4561250000.0,4249330000.0,0.0,311920000.0
07/06/2021,6987.0929920893,31000.0,-1100.0,-0.03548387,7302.5637459126,7314.2478479061,6776.7791562068,7282300.0,218672725000.0,0.0,0.0,7282300.0,218672725000.0,-1058200.0,34400.0,-600.0,1023800.0,-31655720000.0,1023930000.0,-18570000.0,30631790000.0
04/06/2021,7244.1432359454,32300.0,-1300.0,-0.04024768,7594.6662957492,7653.0868057165,7033.8294000631,8296300.0,261522510000.0,762900.0,25938600000.0,9059200.0,287461110000.0,-1043400.0,-13400.0,0.0,1056800.0,-33142635000.0,-418825000.0,0.0,33561460000.0
03/06/2021,7547.9298877752,30700.0,1600.0,0.05211726,7220.7750319584,7653.0868057165,7220.7750319584,8538100.0,270396525000.0,0.0,0.0,8538100.0,270396525000.0,-585400.0,-158700.0,-8000.0,744100.0,-18539465000.0,-5080825000.0,-255600000.0,23620290000.0
02/06/2021,7174.0386239845,30400.0,300.0,0.00986842,6835.1996661743,7232.4591339519,6800.1473601939,6074400.0,184659240000.0,0.0,0.0,6074400.0,184659240000.0,-847700.0,-67900.0,0.0,915600.0,-25857380000.0,-2083370000.0,0.0,27940750000.0
01/06/2021,7103.9340120238,28750.0,1650.0,0.0573913,6858.5678701612,7185.722725978,6858.5678701612,6575100.0,199488065000.0,0.0,0.0,6575100.0,199488065000.0,-474200.0,-82100.0,0.0,556300.0,-14445010000.0,-2524380000.0,0.0,16969390000.0
31/05/2021,6718.3586462397,26900.0,1850.0,0.06877323,6309.4150764686,6718.3586462397,6309.4150764686,8932500.0,252209840000.0,0.0,0.0,8932500.0,252209840000.0,-145700.0,19000.0,0.0,126700.0,-4164870000.0,522750000.0,0.0,3642120000.0
28/05/2021,6286.0468724816,26500.0,400.0,0.01509434,6192.5740565339,6286.0468724816,6087.4171385928,5169000.0,136843140000.0,0.0,0.0,5169000.0,136843140000.0,-5900.0,2900.0,0.0,3000.0,-159175000.0,80625000.0,0.0,78550000.0
27/05/2021,6192.5740565339,27400.0,-900.0,-0.03284672,6402.8878924162,6414.5719944096,6145.8376485601,2410800.0,64809035000.0,20000.0,576000000.0,2430800.0,65385035000.0,-29300.0,26000.0,-100.0,3300.0,-776650000.0,688160000.0,-2740000.0,88490000.0
26/05/2021,6402.8878924162,27200.0,200.0,0.00735294,6262.6786684946,6508.0448103573,6192.5740565339,4350300.0,118607130000.0,0.0,0.0,4350300.0,118607130000.0,24300.0,-11500.0,0.0,-12800.0,666735000.0,-315595000.0,0.0,-351140000.0
25/05/2021,6356.1514844424,27200.0,0.0,0.0,6309.4150764686,6356.1514844424,6192.5740565339,3197200.0,85687125000.0,0.0,0.0,3197200.0,85687125000.0,-88400.0,90400.0,0.0,-2000.0,-2357880000.0,2412410000.0,0.0,-54530000.0
24/05/2021,6356.1514844424,26800.0,400.0,0.01492537,6309.4150764686,6356.1514844424,6087.4171385928,4417700.0,117750260000.0,0.0,0.0,4417700.0,117750260000.0,-31000.0,40800.0,0.0,-9800.0,-813625000.0,1077095000.0,0.0,-263470000.0
21/05/2021,6262.6786684946,27900.0,-1100.0,-0.03942652,6274.3627704882,6519.7289123508,6239.3104645077,2543300.0,69209375000.0,0.0,0.0,2543300.0,69209375000.0,-5900.0,3400.0,0.0,2500.0,-160385000.0,92305000.0,0.0,68080000.0
20/05/2021,6519.7289123508,26350.0,1550.0,0.05882353,6169.205852547,6554.7812183313,6169.205852547,4843800.0,133047685000.0,0.0,0.0,4843800.0,133047685000.0,15600.0,-10500.0,0.0,-5100.0,428805000.0,-294425000.0,0.0,-134380000.0
19/05/2021,6157.5217505536,25050.0,1300.0,0.05189621,6005.6284246386,6169.205852547,5935.5238126777,2730500.0,71124960000.0,0.0,0.0,2730500.0,71124960000.0,9500.0,-9300.0,0.0,-200.0,248370000.0,-243300000.0,0.0,-5070000.0
18/05/2021,5853.7350987236,26550.0,-1500.0,-0.05649718,6122.4694445732,6192.5740565339,5795.3145887563,8274700.0,211200745000.0,20000.0,568000000.0,8294700.0,211768745000.0,100.0,-9700.0,0.0,9600.0,21970000.0,-261135000.0,0.0,239165000.0
17/05/2021,6204.2581585273,28000.0,-1450.0,-0.05178571,6566.4653203246,6624.885830292,6192.5740565339,6786900.0,184878325000.0,0.0,0.0,6786900.0,184878325000.0,-17700.0,0.0,0.0,17700.0,-481555000.0,6800000.0,0.0,474755000.0
14/05/2021,6543.0971163378,27850.0,150.0,0.005386,6508.0448103573,6753.41095222,6508.0448103573,4570100.0,129247320000.0,0.0,0.0,4570100.0,129247320000.0,-29500.0,30000.0,0.0,-500.0,-839300000.0,853000000.0,0.0,-13700000.0
13/05/2021,6508.0448103573,28550.0,-700.0,-0.02451839,6671.6222382659,6671.6222382659,6508.0448103573,6372000.0,178961655000.0,0.0,0.0,6372000.0,178961655000.0,-1500.0,14400.0,-100.0,-12900.0,-40510000.0,403820000.0,-2805000.0,-363310000.0
12/05/2021,6671.6222382659,29400.0,-850.0,-0.02891156,6776.7791562068,6800.1473601939,6531.4130143443,7616100.0,216934225000.0,500000.0,15500000000.0,8116100.0,232434225000.0,-24100.0,0.0,0.0,24100.0,-682455000.0,0.0,0.0,682455000.0
11/05/2021,6870.2519721545,30100.0,-700.0,-0.02325581,7045.5135020565,7057.1976040499,6776.7791562068,6543800.0,195778795000.0,0.0,0.0,6543800.0,195778795000.0,-74700.0,55900.0,0.0,18800.0,-2235270000.0,1670500000.0,0.0,564770000.0
10/05/2021,7033.8294000631,30600.0,-500.0,-0.01633987,7150.6704199977,7197.4068279715,6987.0929920893,8264100.0,251298150000.0,0.0,0.0,8264100.0,251298150000.0,-36300.0,19900.0,-100.0,16400.0,-1109600000.0,602760000.0,-3030000.0,506840000.0
07/05/2021,7150.6704199977,30250.0,350.0,0.01157025,7068.8817060435,7302.5637459126,7068.8817060435,8000900.0,246103115000.0,0.0,0.0,8000900.0,246103115000.0,-67200.0,29900.0,0.0,37300.0,-2053590000.0,907675000.0,0.0,1145915000.0
06/05/2021,7068.8817060435,30000.0,250.0,0.00833333,7022.1452980696,7197.4068279715,6998.7770940826,4035100.0,122544845000.0,0.0,0.0,4035100.0,122544845000.0,-52500.0,45100.0,0.0,7400.0,-1589195000.0,1365855000.0,0.0,223340000.0
05/05/2021,7010.4611960762,31750.0,-1750.0,-0.05511811,7255.8273379388,7279.1955419258,6987.0929920893,9117300.0,276312520000.0,0.0,0.0,9117300.0,276312520000.0,-136300.0,99700.0,0.0,36600.0,-4110885000.0,3004715000.0,0.0,1106170000.0
04/05/2021,7419.4047658473,34100.0,-2350.0,-0.06891496,7711.5073156838,7711.5073156838,7419.4047658473,9321700.0,298595950000.0,0.0,0.0,9321700.0,298595950000.0,-120000.0,35700.0,0.0,84300.0,-3849430000.0,1135890000.0,0.0,2713540000.0
29/04/2021,7968.5575595398,33950.0,150.0,0.00441826,7921.8211515661,8132.1349874483,7699.8232136903,10145700.0,341635305000.0,0.0,0.0,10145700.0,341635305000.0,410100.0,-356600.0,0.0,-53500.0,14020930000.0,-12188985000.0,0.0,-1831945000.0
28/04/2021,7933.5052535594,35050.0,-1100.0,-0.03138374,8143.8190894418,8248.9760073829,7933.5052535594,10243700.0,353870615000.0,0.0,0.0,10243700.0,353870615000.0,-97200.0,110500.0,0.0,-13300.0,-3325970000.0,3797250000.0,0.0,-471280000.0
27/04/2021,8190.5554974156,34350.0,700.0,0.02037846,7840.0324376118,8213.9237014025,7606.3503977427,15593000.0,526059705000.0,0.0,0.0,15593000.0,526059705000.0,-148200.0,159100.0,-300.0,-10900.0,-4835950000.0,5202325000.0,-9885000.0,-366375000.0
26/04/2021,8026.9780695071,33850.0,500.0,0.01477105,7921.8211515661,8178.8713954222,7816.6642336249,11024800.0,378428220000.0,0.0,0.0,11024800.0,378428220000.0,76500.0,-55200.0,-100.0,-21300.0,2574940000.0,-1839835000.0,-3450000.0,-735105000.0
23/04/2021,7910.1370495727,31650.0,2200.0,0.06951027,7396.0365618604,7910.1370495727,7384.3524598668,13639700.0,447137515000.0,0.0,0.0,13639700.0,447137515000.0,340500.0,-325000.0,0.0,-15500.0,11453435000.0,-10947500000.0,0.0,-505935000.0
22/04/2021,7396.0365618604,29600.0,2050.0,0.0693,6893.6201761416,7396.0365618604,6823.5155641808,17688000.0,549217590000.0,0.0,0.0,17688000.0,549217590000.0,506300.0,-502400.0,0.0,-3900.0,16026765000.0,-15906735000.0,0.0,-120030000.0
20/04/2021,6916.9883801284,29600.0,0.0,0.0,6928.6724821219,7033.8294000631,6835.1996661743,4819700.0,143412620000.0,0.0,0.0,4819700.0,143412620000.0,15900.0,0.0,0.0,-15900.0,470015000.0,0.0,0.0,-470015000.0
19/04/2021,6916.9883801284,28800.0,800.0,0.02777778,6730.042748233,6928.6724821219,6613.2017282984,4975200.0,144586990000.0,0.0,0.0,4975200.0,144586990000.0,300.0,0.0,0.0,-300.0,8760000.0,0.0,0.0,-8760000.0
16/04/2021,6730.042748233,29250.0,-450.0,-0.01538462,6776.7791562068,6858.5678701612,6531.4130143443,5691000.0,163858085000.0,0.0,0.0,5691000.0,163858085000.0,15800.0,-9100.0,-100.0,-6700.0,455795000.0,-262515000.0,-2845000.0,-193280000.0
15/04/2021,6835.1996661743,30100.0,-850.0,-0.0282392,7033.8294000631,7045.5135020565,6835.1996661743,5152100.0,152781855000.0,0.0,0.0,5152100.0,152781855000.0,-120500.0,89300.0,0.0,31200.0,-3543885000.0,2626740000.0,0.0,917145000.0
14/04/2021,7033.8294000631,30000.0,100.0,0.00333333,6940.3565841154,7092.2499100304,6905.304278135,5198900.0,155734685000.0,0.0,0.0,5198900.0,155734685000.0,2300.0,-900.0,0.0,-1400.0,68965000.0,-26820000.0,0.0,-42145000.0
13/04/2021,7010.4611960762,30900.0,-900.0,-0.02912621,7174.0386239845,7185.722725978,6893.6201761416,6634600.0,199938015000.0,0.0,0.0,6634600.0,199938015000.0,-36200.0,35800.0,0.0,400.0,-1073190000.0,1060905000.0,0.0,12285000.0
12/04/2021,7220.7750319584,31250.0,-350.0,-0.0112,7267.5114399321,7302.5637459126,7127.3022160107,5260300.0,162569525000.0,0.0,0.0,5260300.0,162569525000.0,-2200.0,5300.0,0.0,-3100.0,-54015000.0,150330000.0,0.0,-96315000.0
09/04/2021,7302.5637459126,31400.0,-150.0,-0.00477707,7267.5114399321,7360.9842558799,7209.090929965,3767800.0,117768185000.0,0.0,0.0,3767800.0,117768185000.0,-3500.0,400.0,0.0,3100.0,-108890000.0,12470000.0,0.0,96420000.0
08/04/2021,7337.6160518931,30800.0,600.0,0.01948052,7197.4068279715,7360.9842558799,7197.4068279715,5598200.0,174317400000.0,0.0,0.0,5598200.0,174317400000.0,16000.0,5000.0,0.0,-21000.0,497950000.0,155700000.0,0.0,-653650000.0
07/04/2021,7197.4068279715,30750.0,50.0,0.00162602,7185.722725978,7209.090929965,7010.4611960762,4532800.0,137333805000.0,0.0,0.0,4532800.0,137333805000.0,-2000.0,-10000.0,0.0,12000.0,-59835000.0,-302250000.0,0.0,362085000.0
06/04/2021,7185.722725978,31000.0,-250.0,-0.00806452,7150.6704199977,7290.8796439192,6998.7770940826,6179300.0,188612260000.0,0.0,0.0,6179300.0,188612260000.0,-16500.0,400.0,0.0,16100.0,-497250000.0,11465000.0,0.0,485785000.0
05/04/2021,7244.1432359454,31300.0,-300.0,-0.00958466,7314.2478479061,7325.9319498996,7033.8294000631,6614800.0,202329465000.0,0.0,0.0,6614800.0,202329465000.0,-97000.0,0.0,0.0,97000.0,-2972340000.0,0.0,0.0,2972340000.0
02/04/2021,7314.2478479061,31950.0,-650.0,-0.02034429,7489.509377808,7536.2457857818,7127.3022160107,5286200.0,166526820000.0,0.0,0.0,5286200.0,166526820000.0,134600.0,-142000.0,8000.0,7400.0,4100280000.0,-4335940000.0,245600000.0,235660000.0
01/04/2021,7466.1411738211,30950.0,1000.0,0.03231018,7244.1432359454,7501.1934798015,7209.090929965,4302000.0,135221410000.0,0.0,0.0,4302000.0,135221410000.0,1149400.0,-1142500.0,-400.0,-6900.0,36499555000.0,-36282535000.0,-12660000.0,-217020000.0
31/03/2021,7232.4591339519,30000.0,950.0,0.03166667,7010.4611960762,7431.0888678407,6765.0950542135,7887000.0,236168450000.0,0.0,0.0,7887000.0,236168450000.0,-300.0,-1200.0,0.0,1500.0,-25985000.0,-16500000.0,0.0,42485000.0
30/03/2021,7010.4611960762,32050.0,-2050.0,-0.06396256,7290.8796439192,7349.3001538865,6975.4088900958,9769200.0,295305060000.0,0.0,0.0,9769200.0,295305060000.0,-78000.0,40900.0,0.0,37100.0,-2340875000.0,1224695000.0,0.0,1116180000.0
29/03/2021,7489.509377808,33000.0,-950.0,-0.02878788,7723.1914176773,7723.1914176773,7466.1411738211,5481100.0,176900265000.0,0.0,0.0,5481100.0,176900265000.0,-15600.0,-100.0,0.0,15700.0,-505420000.0,-3320000.0,0.0,508740000.0
26/03/2021,7711.5073156838,33800.0,-800.0,-0.02366864,7898.4529475791,7898.4529475791,7349.3001538865,6447200.0,211019215000.0,0.0,0.0,6447200.0,211019215000.0,799700.0,-801800.0,0.0,2100.0,25794355000.0,-25861925000.0,0.0,67570000.0
25/03/2021,7898.4529475791,31800.0,2000.0,0.06289308,7431.0888678407,7945.1893555529,7033.8294000631,12478600.0,397638945000.0,0.0,0.0,12478600.0,397638945000.0,1247100.0,-1289200.0,0.0,42100.0,42088090000.0,-43407275000.0,0.0,1319185000.0
24/03/2021,7431.0888678407,34050.0,-2250.0,-0.0660793,7840.0324376118,7851.7165396052,7407.7206638538,8392300.0,272857410000.0,0.0,0.0,8392300.0,272857410000.0,-87300.0,110000.0,0.0,-22700.0,-2765925000.0,3490250000.0,0.0,-724325000.0
23/03/2021,7956.8734575465,35600.0,-1550.0,-0.04353933,8319.0806193437,8319.0806193437,7781.6119276444,7267200.0,250810865000.0,0.0,0.0,7267200.0,250810865000.0,11800.0,-13000.0,-100.0,1200.0,414165000.0,-454375000.0,-3405000.0,40210000.0
22/03/2021,8319.0806193437,36050.0,-450.0,-0.01248266,8447.6057412719,8459.2898432651,8062.0303754875,8022600.0,282783950000.0,0.0,0.0,8022600.0,282783950000.0,14400.0,-15900.0,0.0,1500.0,512695000.0,-565200000.0,0.0,52505000.0
19/03/2021,8424.2375372848,37350.0,-1300.0,-0.03480589,8728.0241891148,8728.0241891148,8178.8713954222,9668100.0,348663280000.0,0.0,0.0,9668100.0,348663280000.0,-20900.0,14000.0,0.0,6900.0,-749265000.0,502940000.0,0.0,246325000.0
18/03/2021,8728.0241891148,38850.0,-1500.0,-0.03861004,9101.9154529055,9136.9677588858,8622.8672711736,7047300.0,266168275000.0,0.0,0.0,7047300.0,266168275000.0,-5800.0,2800.0,0.0,3000.0,-214035000.0,99635000.0,0.0,114400000.0
17/03/2021,9078.5472489186,39000.0,-150.0,-0.00384615,9113.599554899,9230.4405748336,8868.2334130363,7192500.0,278283190000.0,0.0,0.0,7192500.0,278283190000.0,5800.0,-18600.0,0.0,12800.0,238695000.0,-727800000.0,0.0,489105000.0
16/03/2021,9113.599554899,41450.0,-2450.0,-0.05910736,9686.1205525786,9686.1205525786,9008.4426369578,7723600.0,303502550000.0,0.0,0.0,7723600.0,303502550000.0,-900.0,-4400.0,-100.0,5300.0,-20510000.0,-185880000.0,-3855000.0,206390000.0
15/03/2021,9686.1205525786,38750.0,2700.0,0.06967742,9078.5472489186,9686.1205525786,9066.8631469252,8765500.0,350294200000.0,0.0,0.0,8765500.0,350294200000.0,21300.0,-1900.0,0.0,-19400.0,849485000.0,-70885000.0,0.0,-778600000.0
12/03/2021,9055.1790449317,36250.0,2500.0,0.06896552,8494.3421492456,9055.1790449317,8435.9216392782,8782600.0,330572675000.0,0.0,0.0,8782600.0,330572675000.0,281600.0,-290600.0,0.0,9000.0,10916525000.0,-11260500000.0,0.0,343975000.0
11/03/2021,8470.9739452587,36000.0,250.0,0.00694444,8459.2898432651,8494.3421492456,8178.8713954222,6155700.0,220017665000.0,0.0,0.0,6155700.0,220017665000.0,292700.0,-298300.0,0.0,5600.0,10551145000.0,-10753015000.0,0.0,201870000.0
10/03/2021,8412.5534352914,37550.0,-1550.0,-0.0412783,8763.0764950952,8774.7605970887,8330.7647213371,6086300.0,220789205000.0,0.0,0.0,6086300.0,220789205000.0,17800.0,-15300.0,-100.0,-2500.0,639775000.0,-547350000.0,-3570000.0,-92425000.0
09/03/2021,8774.7605970887,40200.0,-2650.0,-0.0659204,9370.649798755,9405.7021047355,8739.7082911082,7942400.0,303166540000.0,0.0,0.0,7942400.0,303166540000.0,-19400.0,15800.0,0.0,3600.0,-730045000.0,593830000.0,0.0,136215000.0
08/03/2021,9394.018002742,40150.0,50.0,0.00124533,9417.386206729,9580.9636346373,9312.2292887878,8958000.0,360949110000.0,0.0,0.0,8958000.0,360949110000.0,-2000.0,12800.0,0.0,-10800.0,-81215000.0,515560000.0,0.0,-434345000.0
05/03/2021,9382.3339007486,38700.0,1450.0,0.0374677,9078.5472489186,9394.018002742,8634.551373167,8436100.0,326615300000.0,0.0,0.0,8436100.0,326615300000.0,42100.0,-41700.0,0.0,-400.0,1659020000.0,-1644275000.0,0.0,-14745000.0
04/03/2021,9043.4949429382,37650.0,1050.0,0.02788845,8879.9175150298,9043.4949429382,8611.1831691802,6189500.0,234924685000.0,0.0,0.0,6189500.0,234924685000.0,24300.0,-25100.0,0.0,800.0,930465000.0,-956765000.0,0.0,26300000.0
03/03/2021,8798.1288010756,35200.0,2450.0,0.06960227,8295.7124153568,8798.1288010756,8213.9237014025,8186500.0,297815415000.0,0.0,0.0,8186500.0,297815415000.0,289100.0,-298000.0,0.0,8900.0,10409280000.0,-10731255000.0,0.0,321975000.0
02/03/2021,8225.607803396,34150.0,1050.0,0.03074671,8038.6621715006,8225.607803396,7688.1391116968,5252900.0,178195610000.0,0.0,0.0,5252900.0,178195610000.0,-52100.0,51500.0,0.0,600.0,-1728335000.0,1707835000.0,0.0,20500000.0
01/03/2021,7980.2416615334,34650.0,-500.0,-0.01443001,8132.1349874483,8202.2395994091,7711.5073156838,4637500.0,157171300000.0,0.0,0.0,4637500.0,157171300000.0,-32000.0,33400.0,0.0,-1400.0,-1077990000.0,1130700000.0,0.0,-52710000.0
26/02/2021,8097.082681468,32400.0,2250.0,0.06944444,7559.6139897689,8097.082681468,7466.1411738211,7261900.0,245215215000.0,0.0,0.0,7261900.0,245215215000.0,210900.0,-206500.0,0.0,-4400.0,7148545000.0,-6997085000.0,0.0,-151460000.0
25/02/2021,7571.2980917621,30300.0,2100.0,0.06930693,7115.6181140173,7571.2980917621,6998.7770940826,5007600.0,156339390000.0,999999.0,28289971650.0,6007599.0,184629361650.0,-50500.0,53700.0,0.0,-3200.0,-1535965000.0,1639645000.0,0.0,-103680000.0
24/02/2021,7080.5658080368,31900.0,-1600.0,-0.05015674,7454.4570718275,7454.4570718275,7022.1452980696,5647000.0,173864660000.0,0.0,0.0,5647000.0,173864660000.0,84100.0,-77300.0,0.0,-6800.0,2593345000.0,-2386800000.0,0.0,-206545000.0
23/02/2021,7454.4570718275,29850.0,2050.0,0.06867672,7010.4611960762,7454.4570718275,6846.8837681677,7911200.0,243247190000.0,0.0,0.0,7911200.0,243247190000.0,72400.0,-78700.0,0.0,6300.0,2299320000.0,-2491125000.0,0.0,191805000.0
22/02/2021,6975.4088900958,27900.0,1950.0,0.06989247,6624.885830292,6975.4088900958,6613.2017282984,6571700.0,193391860000.0,0.0,0.0,6571700.0,193391860000.0,79000.0,-80000.0,0.0,1000.0,2350650000.0,-2380500000.0,0.0,29850000.0
19/02/2021,6519.7289123508,26100.0,1800.0,0.06896552,6075.7330365993,6519.7289123508,5970.5761186582,6433800.0,172991835000.0,0.0,0.0,6433800.0,172991835000.0,-71600.0,72000.0,0.0,-400.0,-1825500000.0,1836000000.0,0.0,-10500000.0
18/02/2021,6099.1012405863,26750.0,-650.0,-0.02429907,6250.9945665013,6262.6786684946,6075.7330365993,1920000.0,50735655000.0,0.0,0.0,1920000.0,50735655000.0,27900.0,-2000.0,0.0,-25900.0,735820000.0,-53100000.0,0.0,-682720000.0
17/02/2021,6250.9945665013,26150.0,600.0,0.02294455,6145.8376485601,6286.0468724816,6145.8376485601,1982400.0,52696785000.0,0.0,0.0,1982400.0,52696785000.0,-900.0,900.0,0.0,0.0,-23870000.0,23870000.0,0.0,0.0
09/02/2021,6110.7853425796,25250.0,900.0,0.0356,5912.1556086908,6157.5217505536,5888.787404704,2844400.0,73295380000.0,0.0,0.0,2844400.0,73295380000.0,-16500.0,18500.0,0.0,-2000.0,-417400000.0,468000000.0,0.0,-50600000.0
08/02/2021,5900.4715066975,26000.0,-750.0,-0.02884615,6099.1012405863,6157.5217505536,5818.6827927432,3073900.0,79121465000.0,0.0,0.0,3073900.0,79121465000.0,-10000.0,10000.0,0.0,0.0,-250500000.0,250500000.0,0.0,0.0
05/02/2021,6075.7330365993,25800.0,200.0,0.00775194,6052.3648326124,6087.4171385928,5958.8920166648,1692100.0,43722440000.0,0.0,0.0,1692100.0,43722440000.0,10000.0,0.0,0.0,-10000.0,259000000.0,0.0,0.0,-259000000.0
04/02/2021,6028.9966286254,26100.0,-300.0,-0.01149425,6122.4694445732,6180.8899545405,5958.8920166648,2448200.0,63714175000.0,0.0,0.0,2448200.0,63714175000.0,-22500.0,1500.0,0.0,21000.0,-591510000.0,39225000.0,0.0,552285000.0
03/02/2021,6099.1012405863,24400.0,1700.0,0.06967213,5725.2099767954,6099.1012405863,5701.8417728086,3050000.0,77435985000.0,0.0,0.0,3050000.0,77435985000.0,54000.0,-56000.0,-200.0,2000.0,1377005000.0,-1427205000.0,-4970000.0,50200000.0
02/02/2021,5701.8417728086,22900.0,1500.0,0.06550218,5398.0551209786,5701.8417728086,5257.845897057,3864300.0,91095195000.0,0.0,0.0,3864300.0,91095195000.0,-1000.0,0.0,0.0,1000.0,-23650000.0,0.0,0.0,23650000.0
01/02/2021,5351.3187130047,22950.0,-50.0,-0.00217865,5421.4233249656,5620.0530588543,5327.9505090179,3911900.0,91143515000.0,0.0,0.0,3911900.0,91143515000.0,95400.0,-95500.0,0.0,100.0,2192195000.0,-2194500000.0,0.0,2305000.0
29/01/2021,5363.0028149982,21450.0,1500.0,0.06993007,4661.9566953906,5363.0028149982,4661.9566953906,2202500.0,47512000000.0,0.0,0.0,2202500.0,47512000000.0,50300.0,-50300.0,-300.0,0.0,1139600000.0,-1139600000.0,-6600000.0,0.0
28/01/2021,5012.4797551944,23050.0,-1600.0,-0.06941432,5012.4797551944,5070.9002651617,5012.4797551944,1943500.0,41717975000.0,0.0,0.0,1943500.0,41717975000.0,-48300.0,48300.0,0.0,0.0,-1035285000.0,1035285000.0,0.0,0.0
27/01/2021,5386.3710189852,24750.0,-1700.0,-0.06868687,5783.6304867629,5865.419200717,5386.3710189852,3007400.0,72327305000.0,0.0,0.0,3007400.0,72327305000.0,-40800.0,42900.0,-100.0,-2100.0,-992225000.0,1041715000.0,-2400000.0,-49490000.0
26/01/2021,5783.6304867629,26200.0,-1450.0,-0.05534351,6192.5740565339,6192.5740565339,5725.2099767954,2428400.0,61700660000.0,457700.0,11442500000.0,2886100.0,73143160000.0,-150600.0,175000.0,0.0,-24400.0,-3880820000.0,4480250000.0,0.0,-599430000.0
25/01/2021,6122.4694445732,27100.0,-900.0,-0.03321033,6367.8355864358,6367.8355864358,5958.8920166648,3178300.0,83091150000.0,0.0,0.0,3178300.0,83091150000.0,-17700.0,17000.0,0.0,700.0,-432680000.0,409850000.0,0.0,22830000.0
22/01/2021,6332.7832804554,27600.0,-500.0,-0.01811594,6461.3084023835,6519.7289123508,6204.2581585273,4398900.0,119403120000.0,0.0,0.0,4398900.0,119403120000.0,29800.0,-100.0,-100.0,-29700.0,818055000.0,-2750000.0,-2750000.0,-815305000.0
21/01/2021,6449.62430039,27200.0,400.0,0.01470588,6367.8355864358,6472.992504377,6309.4150764686,3763100.0,102913380000.0,0.0,0.0,3763100.0,102913380000.0,-9800.0,15000.0,0.0,-5200.0,-265940000.0,408750000.0,0.0,-142810000.0
20/01/2021,6356.1514844424,27050.0,150.0,0.00554529,6239.3104645077,6356.1514844424,5888.787404704,5723500.0,150656495000.0,0.0,0.0,5723500.0,150656495000.0,-237300.0,234500.0,0.0,2800.0,-5848830000.0,5767065000.0,0.0,81765000.0
19/01/2021,6321.099178462,28700.0,-1650.0,-0.05749129,6753.41095222,6753.41095222,6239.3104645077,5344700.0,148758030000.0,0.0,0.0,5344700.0,148758030000.0,43900.0,-43900.0,0.0,0.0,1283350000.0,-1283350000.0,0.0,0.0
18/01/2021,6706.6745442462,26850.0,1850.0,0.0689013,6426.2560964031,6706.6745442462,6391.2037904228,6137300.0,173311255000.0,0.0,0.0,6137300.0,173311255000.0,-38600.0,25000.0,0.0,13600.0,-1085515000.0,702750000.0,0.0,382765000.0
15/01/2021,6274.3627704882,25100.0,1750.0,0.0697,6017.3125266319,6274.3627704882,5935.5238126777,5288100.0,140056880000.0,0.0,0.0,5288100.0,140056880000.0,-16800.0,16000.0,0.0,800.0,-437350000.0,415700000.0,0.0,21650000.0
14/01/2021,5865.419200717,24700.0,400.0,0.0162,5771.9463847693,5877.1033027105,5608.3689568609,3526300.0,87083605000.0,0.0,0.0,3526300.0,87083605000.0,-15200.0,13100.0,0.0,2100.0,-376705000.0,325465000.0,0.0,51240000.0
13/01/2021,5771.9463847693,25100.0,-400.0,-0.01593626,5865.419200717,5865.419200717,5690.1576708151,3205600.0,79224100000.0,1000000.0,25000000000.0,4205600.0,104224100000.0,-35100.0,40000.0,0.0,-4900.0,-865745000.0,986500000.0,0.0,-120755000.0
12/01/2021,5865.419200717,24750.0,350.0,0.01414141,5783.6304867629,5900.4715066975,5690.1576708151,3057600.0,75766310000.0,0.0,0.0,3057600.0,75766310000.0,-17300.0,2400.0,0.0,14900.0,-439725000.0,59360000.0,0.0,380365000.0
11/01/2021,5783.6304867629,24350.0,400.0,0.0164271,5888.787404704,5912.1556086908,5701.8417728086,3365300.0,83652455000.0,0.0,0.0,3365300.0,83652455000.0,-78100.0,82400.0,0.0,-4300.0,-1931405000.0,2037030000.0,0.0,-105625000.0
08/01/2021,5690.1576708151,20300.0,4050.0,0.19950739,5690.1576708151,5690.1576708151,5690.1576708151,484900.0,11807315000.0,0.0,0.0,484900.0,11807315000.0,-46000.0,46000.0,0.0,0.0,-1120100000.0,1120100000.0,0.0,0.0
