NGÀY,GIÁ,GIÁ THÔ,THAY ĐỔI,%THAY ĐỔI,MỞ,CAO,THẤP,KL KHỚP,GT KHỚP,KL THỎA THUẬN,GT THỎA THUẬN,TỔNG KHỐI LƯỢNG,TỔNG GIÁ TRỊ,KL Cá Nhân Khớp Ròng,KL Tổ chức Khớp Ròng,KL Tự doanh Khớp Ròng,KL Nước Ngoài Khớp Ròng,GT Cá Nhân Khớp Ròng,GT Tổ chức Khớp Ròng,GT Tự doanh Khớp Ròng,GT Nước Ngoài Khớp Ròng
04/09/2026,10850.0,10900.0,-50.0,-0.00458716,10750.0,10950.0,10650.0,975350.0,10532468600.0,0.0,0.0,975350.0,10532468600.0,1400.0,0.0,0.0,-1400.0,15330000.0,0.0,0.0,-15330000.0
03/09/2026,10900.0,11050.0,-150.0,-0.01357466,10800.0,10950.0,10650.0,1313698.0,14171412450.0,0.0,0.0,1313698.0,14171412450.0,-800.0,0.0,0.0,800.0,-8640000.0,0.0,0.0,8640000.0
28/08/2026,11050.0,10950.0,100.0,0.00913242,10950.0,11050.0,10700.0,1423626.0,15519132800.0,0.0,0.0,1423626.0,15519132800.0,-650502.0,453002.0,0.0,197500.0,-7135919700.0,4962264699.0,0.0,2173655000.0
27/08/2026,10950.0,10950.0,0.0,0.0,10950.0,10950.0,10600.0,1211577.0,13063768150.0,0.0,0.0,1211577.0,13063768150.0,-69379.0,199179.0,0.0,-129800.0,-766638600.0,2168983600.0,0.0,-1402345000.0
26/08/2026,10950.0,10900.0,50.0,0.00458716,10850.0,10950.0,10550.0,1318645.0,14242722900.0,0.0,0.0,1318645.0,14242722900.0,-292389.0,354389.0,0.0,-62000.0,-3186920250.0,3856495250.0,0.0,-669575000.0
25/08/2026,10900.0,11050.0,-150.0,-0.01357466,10950.0,11000.0,10600.0,1396360.0,15051995450.0,0.0,0.0,1396360.0,15051995450.0,50684.0,-50584.0,0.0,-100.0,508694951.0,-507834950.0,0.0,-860000.0
24/08/2026,11050.0,10450.0,600.0,0.05741627,10450.0,11100.0,10250.0,3073582.0,33029675600.0,1550700.0,15072804000.0,4624282.0,48102479600.0,-169798.0,46098.0,0.0,123700.0,-1789453350.0,480823350.0,0.0,1308630000.0
21/08/2026,10450.0,9800.0,650.0,0.06632653,9700.0,10450.0,9700.0,2488284.0,25442300670.0,0.0,0.0,2488284.0,25442300670.0,-289726.0,104626.0,0.0,185100.0,-3022396870.0,1121194870.0,0.0,1901202000.0
20/08/2026,9800.0,9870.0,-70.0,-0.0070922,9890.0,9890.0,9700.0,471920.0,4610435290.0,47500.0,436050000.0,519420.0,5046485290.0,-233183.0,246083.0,0.0,-12900.0,-2275696300.0,2402397300.0,0.0,-126701000.0
19/08/2026,9870.0,9710.0,160.0,0.01647786,9720.0,9890.0,9560.0,651523.0,6332930410.0,0.0,0.0,651523.0,6332930410.0,-169191.0,227191.0,0.0,-58000.0,-1652642790.0,2219179790.0,0.0,-566537000.0
18/08/2026,9710.0,9900.0,-190.0,-0.01919192,9830.0,10000.0,9710.0,481608.0,4727975740.0,0.0,0.0,481608.0,4727975740.0,-45906.0,65806.0,0.0,-19900.0,-439837920.0,637475920.0,0.0,-197638000.0
17/08/2026,9900.0,9950.0,-50.0,-0.00502513,9950.0,10150.0,9750.0,895250.0,8907761410.0,0.0,0.0,895250.0,8907761410.0,60797.0,-38397.0,0.0,-22400.0,581571620.0,-359366620.0,0.0,-222205000.0
14/08/2026,9950.0,9870.0,80.0,0.00810537,9870.0,10150.0,9700.0,1154695.0,11409335520.0,0.0,0.0,1154695.0,11409335520.0,-164765.0,199565.0,0.0,-34800.0,-1612830330.0,1961668330.0,0.0,-348838000.0
13/08/2026,9870.0,9990.0,-120.0,-0.01201201,10000.0,10050.0,9780.0,875957.0,8681819770.0,0.0,0.0,875957.0,8681819770.0,-69398.0,99798.0,0.0,-30400.0,-679964910.0,986024910.0,0.0,-306060000.0
12/08/2026,9990.0,10000.0,-10.0,-0.001,10150.0,10150.0,9910.0,569514.0,5688357400.0,0.0,0.0,569514.0,5688357400.0,-206395.0,207595.0,0.0,-1200.0,-2062393350.0,2074425350.0,0.0,-12032000.0
11/08/2026,10000.0,10200.0,-200.0,-0.01960784,10100.0,10200.0,10000.0,661866.0,6673697200.0,0.0,0.0,661866.0,6673697200.0,-114947.0,92447.0,0.0,22500.0,-1155103000.0,928388000.0,0.0,226715000.0
10/08/2026,10200.0,9750.0,450.0,0.04615385,9890.0,10200.0,9750.0,1064040.0,10693295900.0,0.0,0.0,1064040.0,10693295900.0,-16431.0,-10769.0,0.0,27200.0,-171032060.0,-103507940.0,0.0,274540000.0
07/08/2026,9750.0,9930.0,-180.0,-0.01812689,9830.0,9880.0,9750.0,859352.0,8425448830.0,1568000.0,14488320000.0,2427352.0,22913768830.0,-16230.0,64430.0,0.0,-48200.0,-156122300.0,628682300.0,0.0,-472560000.0
06/08/2026,9930.0,9950.0,-20.0,-0.00201005,9960.0,10000.0,9710.0,961535.0,9461437570.0,0.0,0.0,961535.0,9461437570.0,-123158.0,199358.0,0.0,-76200.0,-1222358970.0,1976472970.0,0.0,-754114000.0
05/08/2026,9950.0,10250.0,-300.0,-0.02926829,10400.0,10450.0,9950.0,1556481.0,15705961220.0,0.0,0.0,1556481.0,15705961220.0,-244339.0,230874.0,0.0,13465.0,-2450966500.0,2319221000.0,0.0,131745500.0
04/08/2026,10250.0,10150.0,100.0,0.00985222,10300.0,10300.0,10050.0,881881.0,9000182550.0,0.0,0.0,881881.0,9000182550.0,73050.0,-28650.0,0.0,-44400.0,746628000.0,-293403000.0,0.0,-453225000.0
03/08/2026,10150.0,9520.0,630.0,0.06617647,9640.0,10150.0,9530.0,1738973.0,17266508190.0,0.0,0.0,1738973.0,17266508190.0,-383703.0,187803.0,0.0,195900.0,-3792767320.0,1855821320.0,0.0,1936946000.0
31/07/2026,9520.0,9800.0,-280.0,-0.02857143,9810.0,9870.0,9520.0,828684.0,7981959140.0,0.0,0.0,828684.0,7981959140.0,142243.0,-54143.0,0.0,-88100.0,1364629410.0,-505876410.0,0.0,-858753000.0
30/07/2026,9800.0,9400.0,400.0,0.04255319,9390.0,9800.0,9390.0,1054836.0,10165034790.0,0.0,0.0,1054836.0,10165034790.0,45190.0,-59690.0,0.0,14500.0,459148020.0,-592145020.0,0.0,132997000.0
29/07/2026,9400.0,9600.0,-200.0,-0.02083333,9500.0,9700.0,9400.0,582245.0,5502623460.0,0.0,0.0,582245.0,5502623460.0,82414.0,-85814.0,0.0,3400.0,779881650.0,-808514650.0,0.0,28633000.0
28/07/2026,9600.0,9490.0,110.0,0.01159115,9400.0,9730.0,8830.0,759521.0,7201366610.0,0.0,0.0,759521.0,7201366610.0,-21337.0,22537.0,0.0,-1200.0,-191073350.0,208468350.0,0.0,-17395000.0
27/07/2026,9490.0,9880.0,-390.0,-0.03947368,9790.0,9890.0,9490.0,748496.0,7230525330.0,521700.0,4799640000.0,1270196.0,12030165330.0,62643.0,-6743.0,0.0,-55900.0,615964370.0,-69425370.0,0.0,-546539000.0
24/07/2026,9880.0,9910.0,-30.0,-0.00302725,9890.0,9970.0,9670.0,804944.0,7896019210.0,0.0,0.0,804944.0,7896019210.0,125464.0,-37164.0,0.0,-88300.0,1226624269.0,-359783270.0,0.0,-866841000.0
23/07/2026,9910.0,9780.0,130.0,0.01329243,9980.0,10150.0,9360.0,1179425.0,11472189900.0,0.0,0.0,1179425.0,11472189900.0,-107895.0,-14905.0,0.0,122800.0,-1112830050.0,-69189950.0,0.0,1182020000.0
22/07/2026,9780.0,9970.0,-190.0,-0.01905717,9910.0,10150.0,9650.0,1456536.0,14350554090.0,70000.0,696500000.0,1526536.0,15047054090.0,-272090.0,285590.0,0.0,-13500.0,-2668328130.0,2811730130.0,0.0,-143402000.0
21/07/2026,9970.0,9850.0,120.0,0.01218274,9870.0,10300.0,9870.0,854449.0,8590650410.0,0.0,0.0,854449.0,8590650410.0,-28910.0,-16490.0,0.0,45400.0,-276303700.0,-174341300.0,0.0,450645000.0
20/07/2026,9850.0,10500.0,-650.0,-0.06190476,10400.0,10600.0,9850.0,1871958.0,18828022640.0,0.0,0.0,1871958.0,18828022640.0,163210.0,-163710.0,0.0,500.0,1641581380.0,-1646581380.0,0.0,5000000.0
17/07/2026,10500.0,10900.0,-400.0,-0.03669725,10750.0,10750.0,10500.0,569275.0,6026025200.0,0.0,0.0,569275.0,6026025200.0,136355.0,-33755.0,0.0,-102600.0,1455373550.0,-360618550.0,0.0,-1094755000.0
16/07/2026,10900.0,10700.0,200.0,0.01869159,10550.0,10900.0,10300.0,1563912.0,16548083800.0,0.0,0.0,1563912.0,16548083800.0,-38642.0,55042.0,0.0,-16400.0,-484663400.0,665133400.0,0.0,-180470000.0
15/07/2026,10700.0,11050.0,-350.0,-0.03167421,11000.0,11150.0,10700.0,764446.0,8316546000.0,0.0,0.0,764446.0,8316546000.0,-17863.0,11363.0,0.0,6500.0,-173327300.0,110557300.0,0.0,62770000.0
14/07/2026,11050.0,10600.0,450.0,0.04245283,10600.0,11250.0,10500.0,1484560.0,16261092950.0,0.0,0.0,1484560.0,16261092950.0,49123.0,-91622.0,0.0,42499.0,505370201.0,-969494700.0,0.0,464124500.0
13/07/2026,10600.0,10750.0,-150.0,-0.01395349,10800.0,10850.0,10500.0,1065269.0,11338568100.0,0.0,0.0,1065269.0,11338568100.0,35903.0,-69203.0,0.0,33300.0,368960500.0,-723255500.0,0.0,354295000.0
10/07/2026,10750.0,10900.0,-150.0,-0.01376147,10800.0,11050.0,10750.0,787639.0,8574502500.0,0.0,0.0,787639.0,8574502500.0,-3863.0,5363.0,0.0,-1500.0,-41005750.0,57180750.0,0.0,-16175000.0
09/07/2026,10900.0,11200.0,-300.0,-0.02678571,11150.0,11150.0,10850.0,340837.0,3731848500.0,0.0,0.0,340837.0,3731848500.0,26451.0,15549.0,0.0,-42000.0,288527000.0,173303000.0,0.0,-461830000.0
08/07/2026,11200.0,10900.0,300.0,0.02752294,10850.0,11250.0,10850.0,1167919.0,12947318300.0,0.0,0.0,1167919.0,12947318300.0,-118018.0,104918.0,0.0,13100.0,-1337506050.0,1192356050.0,0.0,145150000.0
07/07/2026,10900.0,10700.0,200.0,0.01869159,10600.0,10900.0,10450.0,1188221.0,12619230500.0,0.0,0.0,1188221.0,12619230500.0,180591.0,24109.0,0.0,-204700.0,1898439250.0,270110750.0,0.0,-2168550000.0
06/07/2026,10700.0,11150.0,-450.0,-0.04035874,11200.0,11200.0,10450.0,2278662.0,24595111700.0,0.0,0.0,2278662.0,24595111700.0,298508.0,-383808.0,0.0,85300.0,3283241351.0,-4150591350.0,0.0,867350000.0
03/07/2026,11150.0,11150.0,0.0,0.0,11150.0,11250.0,11050.0,715435.0,7963430200.0,0.0,0.0,715435.0,7963430200.0,11280.0,31820.0,0.0,-43100.0,126743250.0,354026750.0,0.0,-480770000.0
02/07/2026,11150.0,11250.0,-100.0,-0.00888889,11250.0,11400.0,11150.0,900157.0,10105292550.0,0.0,0.0,900157.0,10105292550.0,193479.0,-179914.0,0.0,-13565.0,2167499650.0,-2015573100.0,0.0,-151926550.0
01/07/2026,11250.0,11350.0,-100.0,-0.00881057,11350.0,11400.0,11150.0,1195869.0,13479399450.0,0.0,0.0,1195869.0,13479399450.0,104171.0,-98171.0,0.0,-6000.0,1184713000.0,-1116438000.0,0.0,-68275000.0
30/06/2026,11350.0,11300.0,50.0,0.00442478,11350.0,11400.0,11250.0,710196.0,8037887200.0,0.0,0.0,710196.0,8037887200.0,-11487.0,29987.0,0.0,-18500.0,-131452350.0,340987350.0,0.0,-209535000.0
29/06/2026,11300.0,11150.0,150.0,0.01345291,11200.0,11300.0,11050.0,582453.0,6525453100.0,0.0,0.0,582453.0,6525453100.0,25649.0,14351.0,0.0,-40000.0,286345150.0,160679850.0,0.0,-447025000.0
26/06/2026,11150.0,11300.0,-150.0,-0.01327434,11250.0,11300.0,11100.0,463604.0,5183038250.0,0.0,0.0,463604.0,5183038250.0,-42551.0,68251.0,0.0,-25700.0,-471660000.0,760190000.0,0.0,-288530000.0
25/06/2026,11300.0,11300.0,0.0,0.0,11400.0,11400.0,11150.0,466638.0,5255869750.0,0.0,0.0,466638.0,5255869750.0,-186553.0,189953.0,0.0,-3400.0,-2107433050.0,2145758050.0,0.0,-38325000.0
24/06/2026,11300.0,11450.0,-150.0,-0.01310044,11400.0,11450.0,11100.0,1055590.0,11862689400.0,0.0,0.0,1055590.0,11862689400.0,38163.0,-62263.0,0.0,24100.0,424554850.0,-692644850.0,0.0,268090000.0
23/06/2026,11450.0,11550.0,-100.0,-0.00865801,11500.0,11600.0,11200.0,1413459.0,16084167500.0,0.0,0.0,1413459.0,16084167500.0,21717.0,-5217.0,-66.0,-16500.0,251390100.0,-61290100.0,-756000.0,-190100000.0
22/06/2026,11550.0,11500.0,50.0,0.00434783,11500.0,11700.0,11450.0,521784.0,6020256050.0,0.0,0.0,521784.0,6020256050.0,-14671.0,23271.0,0.0,-8600.0,-162736900.0,261886900.0,0.0,-99150000.0
19/06/2026,11500.0,11650.0,-150.0,-0.01287554,11600.0,12000.0,11500.0,888343.0,10396341150.0,0.0,0.0,888343.0,10396341150.0,-97906.0,105506.0,0.0,-7600.0,-1140226900.0,1230096900.0,0.0,-89870000.0
18/06/2026,11650.0,11850.0,-200.0,-0.01687764,12000.0,12000.0,11650.0,941103.0,11069859050.0,0.0,0.0,941103.0,11069859050.0,-37384.0,38484.0,0.0,-1100.0,-438644400.0,451704400.0,0.0,-13060000.0
17/06/2026,11850.0,11550.0,300.0,0.02597403,11750.0,12100.0,11700.0,2787535.0,33241182500.0,0.0,0.0,2787535.0,33241182500.0,-202192.0,337192.0,0.0,-135000.0,-2398619100.0,4029254099.0,0.0,-1630635000.0
16/06/2026,11550.0,11300.0,250.0,0.02212389,11350.0,11650.0,11350.0,1186919.0,13647423150.0,0.0,0.0,1186919.0,13647423150.0,57141.0,-26441.0,0.0,-30700.0,654618600.0,-297653600.0,0.0,-356965000.0
15/06/2026,11300.0,11150.0,150.0,0.01345291,11300.0,11400.0,11150.0,744173.0,8391007000.0,0.0,0.0,744173.0,8391007000.0,47777.0,-45777.0,0.0,-2000.0,537264950.0,-513679950.0,0.0,-23585000.0
12/06/2026,11150.0,11250.0,-100.0,-0.00888889,11300.0,11350.0,11150.0,807376.0,9081693900.0,0.0,0.0,807376.0,9081693900.0,132719.0,-71919.0,0.0,-60800.0,1491774800.0,-811384800.0,0.0,-680390000.0
11/06/2026,11250.0,11200.0,50.0,0.00446429,11250.0,11300.0,11050.0,524661.0,5876706250.0,0.0,0.0,524661.0,5876706250.0,-105720.0,123120.0,0.0,-17400.0,-1189295600.0,1384685600.0,0.0,-195390000.0
10/06/2026,11200.0,11100.0,100.0,0.00900901,11050.0,11500.0,11000.0,1446887.0,16377904450.0,0.0,0.0,1446887.0,16377904450.0,200867.0,-176067.0,0.0,-24800.0,2278086600.0,-1986981600.0,0.0,-291105000.0
09/06/2026,11100.0,11100.0,0.0,0.0,11100.0,11200.0,10950.0,671699.0,7440290350.0,0.0,0.0,671699.0,7440290350.0,-79108.0,102508.0,0.0,-23400.0,-873048451.0,1132623450.0,0.0,-259575000.0
08/06/2026,11100.0,11200.0,-100.0,-0.00892857,11100.0,11200.0,10850.0,1628362.0,17882672950.0,0.0,0.0,1628362.0,17882672950.0,-64681.0,-1919.0,0.0,66600.0,-712844600.0,-13275400.0,0.0,726120000.0
05/06/2026,11200.0,11300.0,-100.0,-0.00884956,11350.0,11350.0,11100.0,790313.0,8829661600.0,0.0,0.0,790313.0,8829661600.0,-104388.0,148988.0,0.0,-44600.0,-1167170851.0,1667790850.0,0.0,-500620000.0
04/06/2026,11300.0,11250.0,50.0,0.00444444,11200.0,11300.0,11100.0,913066.0,10241392800.0,0.0,0.0,913066.0,10241392800.0,101757.0,-71957.0,0.0,-29800.0,1130674500.0,-795569500.0,0.0,-335105000.0
03/06/2026,11250.0,11100.0,150.0,0.01351351,11150.0,11350.0,11100.0,1381708.0,15487577750.0,0.0,0.0,1381708.0,15487577750.0,-30357.0,-166943.0,0.0,197300.0,-339792250.0,-1868172750.0,0.0,2207965000.0
02/06/2026,11100.0,11600.0,-500.0,-0.04310345,11600.0,11650.0,11100.0,2207522.0,24817448500.0,0.0,0.0,2207522.0,24817448500.0,83217.0,-143317.0,0.0,60100.0,928218300.0,-1588123300.0,0.0,659905000.0
01/06/2026,11600.0,11500.0,100.0,0.00869565,11600.0,11700.0,11400.0,1222023.0,14109420750.0,0.0,0.0,1222023.0,14109420750.0,50120.0,-68120.0,0.0,18000.0,583971500.0,-789756500.0,0.0,205785000.0
29/05/2026,11500.0,11400.0,100.0,0.00877193,11400.0,11700.0,11400.0,1192923.0,13814900000.0,0.0,0.0,1192923.0,13814900000.0,-304706.0,83106.0,0.0,221600.0,-3525889800.0,957739800.0,0.0,2568150000.0
28/05/2026,11400.0,11800.0,-400.0,-0.03389831,11850.0,11900.0,11350.0,1740350.0,20218433050.0,0.0,0.0,1740350.0,20218433050.0,173009.0,-189609.0,0.0,16600.0,2035087350.0,-2223567350.0,0.0,188480000.0
27/05/2026,11800.0,12000.0,-200.0,-0.01666667,12100.0,12100.0,11800.0,1327562.0,15761907950.0,1643000.0,20361699000.0,2970562.0,36123606950.0,297769.0,-275302.0,0.0,-22467.0,3533868050.0,-3265159100.0,0.0,-268708950.0
26/05/2026,12000.0,12050.0,-50.0,-0.00414938,11950.0,12350.0,11900.0,2725320.0,32976376200.0,0.0,0.0,2725320.0,32976376200.0,653050.0,-661650.0,-27300.0,8600.0,7877154251.0,-7981524250.0,-328235000.0,104370000.0
25/05/2026,12050.0,11950.0,100.0,0.0083682,11850.0,12150.0,11800.0,1557185.0,18673672700.0,0.0,0.0,1557185.0,18673672700.0,58055.0,-24355.0,0.0,-33700.0,694545799.0,-286870800.0,0.0,-407675000.0
22/05/2026,11950.0,11850.0,100.0,0.00843882,11900.0,12150.0,11850.0,1439419.0,17227688300.0,0.0,0.0,1439419.0,17227688300.0,112738.0,-69338.0,0.0,-43400.0,1349272150.0,-829822150.0,0.0,-519450000.0
21/05/2026,11850.0,12100.0,-250.0,-0.02066116,12150.0,12300.0,11600.0,3819752.0,45254034750.0,0.0,0.0,3819752.0,45254034750.0,1156247.0,-978047.0,0.0,-178200.0,13641467300.0,-11490417300.0,0.0,-2151050000.0
20/05/2026,12100.0,13000.0,-900.0,-0.06923077,12900.0,13000.0,12100.0,9406880.0,115077047000.0,0.0,0.0,9406880.0,115077047000.0,989972.0,-859672.0,0.0,-130300.0,12095071550.0,-10417356550.0,0.0,-1677715000.0
19/05/2026,13000.0,13350.0,-350.0,-0.02621723,13500.0,13500.0,13000.0,3439263.0,45410767550.0,0.0,0.0,3439263.0,45410767550.0,-436775.0,446475.0,0.0,-9700.0,-5750050550.0,5884760550.0,0.0,-134710000.0
18/05/2026,13350.0,13000.0,350.0,0.02692308,12800.0,13400.0,12700.0,6075136.0,80264530300.0,0.0,0.0,6075136.0,80264530300.0,-1420201.0,1215501.0,0.0,204700.0,-18928646099.0,16254626100.0,0.0,2674020000.0
15/05/2026,13000.0,12700.0,300.0,0.02362205,12800.0,13300.0,12650.0,4181045.0,54285019650.0,0.0,0.0,4181045.0,54285019650.0,22848.0,-146348.0,0.0,123500.0,341031349.0,-1935256350.0,0.0,1594225000.0
14/05/2026,12700.0,12700.0,0.0,0.0,12650.0,12900.0,12650.0,1091388.0,13919338550.0,1643000.0,20208900000.0,2734388.0,34128238550.0,88226.0,-20426.0,0.0,-67800.0,1136027900.0,-270837900.0,0.0,-865190000.0
13/05/2026,12700.0,12850.0,-150.0,-0.01167315,12850.0,13050.0,12700.0,2004939.0,25702929750.0,0.0,0.0,2004939.0,25702929750.0,128788.0,1612.0,27300.0,-130400.0,1663907800.0,8712200.0,350885000.0,-1672620000.0
12/05/2026,12850.0,12800.0,50.0,0.00390625,12800.0,13250.0,12800.0,2047468.0,26625796900.0,0.0,0.0,2047468.0,26625796900.0,155629.0,72571.0,0.0,-228200.0,2025812549.0,923742450.0,0.0,-2949555000.0
11/05/2026,12800.0,12950.0,-150.0,-0.01158301,13100.0,13250.0,12650.0,3287509.0,42364628050.0,0.0,0.0,3287509.0,42364628050.0,287586.0,-245686.0,0.0,-41900.0,3774865651.0,-3228765650.0,0.0,-546100000.0
08/05/2026,12950.0,13200.0,-250.0,-0.01893939,13100.0,13200.0,12850.0,1791094.0,23184316450.0,0.0,0.0,1791094.0,23184316450.0,527216.0,133884.0,0.0,-661100.0,6811564150.0,1736980850.0,0.0,-8548545000.0
07/05/2026,13200.0,13150.0,50.0,0.00380228,13150.0,13400.0,13000.0,2943619.0,38788070750.0,0.0,0.0,2943619.0,38788070750.0,37448.0,196152.0,0.0,-233600.0,518110850.0,2565739150.0,0.0,-3083850000.0
06/05/2026,13150.0,12800.0,350.0,0.02734375,12850.0,13150.0,12700.0,1451477.0,18808316000.0,0.0,0.0,1451477.0,18808316000.0,308012.0,-254212.0,0.0,-53800.0,3970114651.0,-3275824650.0,0.0,-694290000.0
05/05/2026,12800.0,13100.0,-300.0,-0.02290076,13100.0,13250.0,12600.0,3074733.0,39323820150.0,0.0,0.0,3074733.0,39323820150.0,293119.0,-216219.0,-22400.0,-76900.0,3760343651.0,-2766643650.0,-287060000.0,-993700000.0
04/05/2026,13100.0,13000.0,100.0,0.00769231,13100.0,13750.0,13050.0,3808473.0,50684933650.0,0.0,0.0,3808473.0,50684933650.0,-87022.0,-222878.0,0.0,309900.0,-1259905000.0,-2864800001.0,0.0,4124705000.0
29/04/2026,13000.0,13300.0,-300.0,-0.02255639,13250.0,13500.0,13000.0,3452513.0,45755310000.0,0.0,0.0,3452513.0,45755310000.0,-1029498.0,1018998.0,0.0,10500.0,-13548942450.0,13413472450.0,0.0,135470000.0
28/04/2026,13300.0,13300.0,0.0,0.0,13300.0,13600.0,13000.0,2842883.0,37909184350.0,0.0,0.0,2842883.0,37909184350.0,-285353.0,187153.0,0.0,98200.0,-3797112950.0,2496137950.0,0.0,1300975000.0
24/04/2026,13300.0,12800.0,500.0,0.0390625,12900.0,13350.0,12450.0,3978054.0,51474531300.0,0.0,0.0,3978054.0,51474531300.0,66565.0,-5665.0,-91100.0,-60900.0,642811500.0,211613500.0,-1193930000.0,-854425000.0
23/04/2026,12800.0,13000.0,-200.0,-0.01538462,13000.0,13100.0,12550.0,4028657.0,51426677900.0,0.0,0.0,4028657.0,51426677900.0,861671.0,-677271.0,-22700.0,-184400.0,11016222450.0,-8648622450.0,-291695000.0,-2367600000.0
22/04/2026,13000.0,13250.0,-250.0,-0.01886792,13150.0,13400.0,12900.0,2831217.0,36949553000.0,0.0,0.0,2831217.0,36949553000.0,143508.0,165946.0,0.0,-309454.0,1833878150.0,2196760700.0,0.0,-4030638850.0
21/04/2026,13250.0,13500.0,-250.0,-0.01851852,13500.0,13500.0,13050.0,3507672.0,46405919500.0,0.0,0.0,3507672.0,46405919500.0,587912.0,-377212.0,0.0,-210700.0,7760507600.0,-4973602600.0,0.0,-2786905000.0
20/04/2026,13500.0,13500.0,0.0,0.0,13400.0,13550.0,13250.0,2540489.0,33944305700.0,0.0,0.0,2540489.0,33944305700.0,345099.0,-164199.0,-22100.0,-180900.0,4560386750.0,-2147231750.0,-296975000.0,-2413155000.0
17/04/2026,13500.0,13900.0,-400.0,-0.02877698,13750.0,13950.0,13450.0,2717895.0,37069339100.0,0.0,0.0,2717895.0,37069339100.0,530716.0,-230516.0,-217600.0,-300200.0,7234206300.0,-3125881300.0,-2938295000.0,-4108325000.0
16/04/2026,13900.0,13800.0,100.0,0.00724638,13650.0,13900.0,13150.0,4923182.0,66402166100.0,0.0,0.0,4923182.0,66402166100.0,281306.0,553294.0,-26300.0,-834600.0,3783848399.0,7467711600.0,-353075000.0,-11251560000.0
15/04/2026,13800.0,13950.0,-150.0,-0.01075269,14000.0,14200.0,13600.0,2602185.0,36116334850.0,0.0,0.0,2602185.0,36116334850.0,-138079.0,90379.0,0.0,47700.0,-1915969200.0,1245024200.0,0.0,670945000.0
14/04/2026,13950.0,13950.0,0.0,0.0,14100.0,14300.0,13650.0,3753020.0,52414734250.0,0.0,0.0,3753020.0,52414734250.0,-426146.0,469946.0,0.0,-43800.0,-5917024800.0,6470684800.0,0.0,-553660000.0
13/04/2026,13950.0,14000.0,-50.0,-0.00357143,13750.0,14200.0,13700.0,3237987.0,45042073000.0,0.0,0.0,3237987.0,45042073000.0,-458769.0,662369.0,22400.0,-203600.0,-6340623650.0,9162573650.0,309680000.0,-2821950000.0
10/04/2026,14000.0,14100.0,-100.0,-0.0070922,14300.0,14400.0,13600.0,3223370.0,44702685500.0,0.0,0.0,3223370.0,44702685500.0,-955.0,108055.0,308700.0,-107100.0,4299950.0,1494835050.0,4265225000.0,-1499135000.0
09/04/2026,14100.0,13800.0,300.0,0.02173913,13800.0,14450.0,13650.0,5228966.0,73365025750.0,50.0,642500.0,5229016.0,73365668250.0,473887.0,-473987.0,0.0,100.0,6651322950.0,-6660127950.0,0.0,8805000.0
08/04/2026,13800.0,12900.0,900.0,0.06976744,13500.0,13800.0,13150.0,4021187.0,54832024000.0,0.0,0.0,4021187.0,54832024000.0,-32770.0,55070.0,0.0,-22300.0,-428923650.0,732278650.0,0.0,-303355000.0
07/04/2026,12900.0,12450.0,450.0,0.03614458,12600.0,13100.0,12300.0,3939332.0,49843391300.0,0.0,0.0,3939332.0,49843391300.0,-305656.0,-236844.0,0.0,542500.0,-3806698150.0,-3017501850.0,0.0,6824200000.0
06/04/2026,12450.0,13350.0,-900.0,-0.06741573,13000.0,13400.0,12450.0,5629824.0,71701651200.0,0.0,0.0,5629824.0,71701651200.0,-72605.0,-202995.0,22700.0,275600.0,-818007700.0,-2661707300.0,292930000.0,3479715000.0
03/04/2026,13350.0,13550.0,-200.0,-0.01476015,13550.0,13600.0,13000.0,2884714.0,38325520300.0,0.0,0.0,2884714.0,38325520300.0,-15164.0,117836.0,0.0,-102672.0,-254481550.0,1625477750.0,0.0,-1370996200.0
02/04/2026,13550.0,13300.0,250.0,0.01879699,13350.0,13850.0,12750.0,5611777.0,74625096350.0,0.0,0.0,5611777.0,74625096350.0,358201.0,-759801.0,0.0,401600.0,4540437750.0,-9855982750.0,0.0,5315545000.0
01/04/2026,13300.0,13900.0,-600.0,-0.04316547,14050.0,14100.0,13300.0,4743916.0,64686558050.0,0.0,0.0,4743916.0,64686558050.0,241208.0,-324008.0,22100.0,82800.0,3541830400.0,-4615750400.0,301735000.0,1073920000.0
31/03/2026,13900.0,13550.0,350.0,0.02583026,13750.0,14250.0,13250.0,5445844.0,74792464500.0,150.0,1905000.0,5445994.0,74794369500.0,-817563.0,278592.0,0.0,538971.0,-11371592350.0,3916173350.0,0.0,7455419000.0
30/03/2026,13550.0,13000.0,550.0,0.04230769,12800.0,13700.0,12800.0,5652441.0,75353742750.0,400000.0,5016000000.0,6052441.0,80369742750.0,292854.0,76046.0,26300.0,-368900.0,4026019600.0,961725400.0,356625000.0,-4987745000.0
27/03/2026,13000.0,12150.0,850.0,0.06995885,12150.0,13000.0,12150.0,5794229.0,74386136900.0,0.0,0.0,5794229.0,74386136900.0,-1148233.0,1119233.0,0.0,29000.0,-14865538401.0,14506398400.0,0.0,359140000.0
26/03/2026,12150.0,12100.0,50.0,0.00413223,12050.0,12400.0,12050.0,2760421.0,33725762500.0,400000.0,4920000000.0,3160421.0,38645762500.0,86609.0,-272109.0,0.0,185500.0,1057783949.0,-3283263950.0,0.0,2225480000.0
25/03/2026,12100.0,11550.0,550.0,0.04761905,11900.0,12350.0,11750.0,5340747.0,64869839100.0,1610000.0,19870500000.0,6950747.0,84740339100.0,911385.0,-947485.0,0.0,36100.0,11198009800.0,-11684069800.0,0.0,486060000.0
24/03/2026,11550.0,10800.0,750.0,0.06944444,11200.0,11550.0,11050.0,3552378.0,40792545300.0,1980000.0,19899000000.0,5532378.0,60691545300.0,-538475.0,289675.0,0.0,248800.0,-6172081950.0,3380066951.0,0.0,2792015000.0
23/03/2026,10800.0,11050.0,-250.0,-0.02262443,11050.0,11250.0,10650.0,2975477.0,32567466650.0,0.0,0.0,2975477.0,32567466650.0,438002.0,-480318.0,0.0,42316.0,4834658050.0,-5272570050.0,0.0,437911800.0
20/03/2026,11050.0,11150.0,-100.0,-0.00896861,11100.0,11400.0,11050.0,1416828.0,15835538100.0,0.0,0.0,1416828.0,15835538100.0,265311.0,-367411.0,0.0,102100.0,2954897650.0,-4093917650.0,0.0,1139020000.0
19/03/2026,11150.0,11100.0,50.0,0.0045045,10800.0,11500.0,10800.0,2043156.0,22892425800.0,950000.0,10450000000.0,2993156.0,33342425800.0,-287989.0,-248811.0,0.0,536800.0,-3233896000.0,-2768204000.0,0.0,6002100000.0
18/03/2026,11100.0,11150.0,-50.0,-0.0044843,11150.0,11200.0,10950.0,1195756.0,13218759950.0,0.0,0.0,1195756.0,13218759950.0,329193.0,-354293.0,0.0,25100.0,3629222400.0,-3909527400.0,0.0,280305000.0
17/03/2026,11150.0,11200.0,-50.0,-0.00446429,11400.0,11400.0,11050.0,976715.0,10932080650.0,1000000.0,11000000000.0,1976715.0,21932080650.0,166843.0,36357.0,0.0,-203200.0,1867075950.0,411644050.0,0.0,-2278720000.0
16/03/2026,11200.0,11200.0,0.0,0.0,11250.0,11500.0,11000.0,1505939.0,16979245150.0,150000.0,1680000000.0,1655939.0,18659245150.0,259582.0,-43982.0,0.0,-215600.0,2966391850.0,-514101850.0,0.0,-2452290000.0
13/03/2026,11200.0,11000.0,200.0,0.01818182,10750.0,11500.0,10750.0,2061807.0,23049037000.0,1000000.0,11000000000.0,3061807.0,34049037000.0,-26081.0,37781.0,0.0,-11700.0,-256842650.0,414112650.0,0.0,-157270000.0
12/03/2026,11000.0,10800.0,200.0,0.01851852,11000.0,11200.0,10800.0,2613404.0,28682586950.0,0.0,0.0,2613404.0,28682586950.0,665461.0,-1111461.0,0.0,446000.0,7312779650.0,-12204219650.0,0.0,4891440000.0
11/03/2026,10800.0,10100.0,700.0,0.06930693,10400.0,10800.0,10200.0,2175777.0,22998657450.0,0.0,0.0,2175777.0,22998657450.0,-56798.0,-103002.0,0.0,159800.0,-649108150.0,-1005586849.0,0.0,1654695000.0
10/03/2026,10100.0,9820.0,280.0,0.02851324,9800.0,10500.0,9800.0,3667418.0,36901381600.0,0.0,0.0,3667418.0,36901381600.0,-11619.0,-68281.0,0.0,79900.0,-162627040.0,-656505960.0,0.0,819133000.0
09/03/2026,9820.0,10550.0,-730.0,-0.06919431,9820.0,10200.0,9820.0,1566613.0,15392834570.0,0.0,0.0,1566613.0,15392834570.0,201867.0,-218667.0,0.0,16800.0,1980189610.0,-2145936610.0,0.0,165747000.0
06/03/2026,10550.0,11000.0,-450.0,-0.04090909,11250.0,11250.0,10550.0,2374340.0,25925551900.0,0.0,0.0,2374340.0,25925551900.0,-525626.0,521426.0,0.0,4200.0,-5679890850.0,5661560850.0,0.0,18330000.0
05/03/2026,11000.0,11050.0,-50.0,-0.00452489,11300.0,11400.0,11000.0,1305353.0,14567795550.0,0.0,0.0,1305353.0,14567795550.0,-392605.0,275005.0,0.0,117600.0,-4366954500.0,3052004500.0,0.0,1314950000.0
04/03/2026,11050.0,11300.0,-250.0,-0.02212389,11300.0,11500.0,10800.0,2275152.0,25011117700.0,0.0,0.0,2275152.0,25011117700.0,342898.0,-418698.0,0.0,75800.0,3831008300.0,-4650763300.0,0.0,819755000.0
03/03/2026,11300.0,11150.0,150.0,0.01345291,11200.0,11500.0,11150.0,1532030.0,17376322500.0,0.0,0.0,1532030.0,17376322500.0,191262.0,-395862.0,0.0,204600.0,2179461151.0,-4502086150.0,0.0,2322625000.0
02/03/2026,11150.0,11750.0,-600.0,-0.05106383,11100.0,11400.0,11100.0,2924435.0,33048872550.0,0.0,0.0,2924435.0,33048872550.0,862316.0,-680716.0,0.0,-181600.0,9746165950.0,-7676590950.0,0.0,-2069575000.0
27/02/2026,11750.0,12000.0,-250.0,-0.02083333,12000.0,12000.0,11450.0,2558007.0,29824376750.0,0.0,0.0,2558007.0,29824376750.0,118678.0,68922.0,0.0,-187600.0,1395344000.0,804051000.0,0.0,-2199395000.0
26/02/2026,12000.0,12150.0,-150.0,-0.01234568,12150.0,12150.0,11850.0,928386.0,11131543900.0,0.0,0.0,928386.0,11131543900.0,34198.0,39502.0,0.0,-73700.0,401320300.0,482034700.0,0.0,-883355000.0
25/02/2026,12150.0,12400.0,-250.0,-0.02016129,12450.0,12450.0,12000.0,2139777.0,26036472350.0,0.0,0.0,2139777.0,26036472350.0,-212234.0,295134.0,0.0,-82900.0,-2583202200.0,3594922200.0,0.0,-1011720000.0
24/02/2026,12400.0,12300.0,100.0,0.00813008,12250.0,12400.0,12100.0,1646794.0,20174396500.0,0.0,0.0,1646794.0,20174396500.0,159727.0,-157527.0,0.0,-2200.0,1947813350.0,-1922588350.0,0.0,-25225000.0
23/02/2026,12300.0,12300.0,0.0,0.0,12350.0,12350.0,12100.0,1298966.0,15860661950.0,0.0,0.0,1298966.0,15860661950.0,108599.0,-12499.0,0.0,-96100.0,1324947500.0,-149232500.0,0.0,-1175715000.0
13/02/2026,12300.0,12200.0,100.0,0.00819672,12100.0,12300.0,11950.0,2865285.0,34948610000.0,0.0,0.0,2865285.0,34948610000.0,-721551.0,911951.0,0.0,-190400.0,-8820258500.0,11150538500.0,0.0,-2330280000.0
12/02/2026,12200.0,11600.0,600.0,0.05172414,11850.0,12200.0,11550.0,3221424.0,38360414350.0,0.0,0.0,3221424.0,38360414350.0,-1046592.0,815492.0,0.0,231100.0,-12486831350.0,9738896350.0,0.0,2747935000.0
11/02/2026,11600.0,10850.0,750.0,0.06912442,10850.0,11600.0,10850.0,2221528.0,25352511000.0,0.0,0.0,2221528.0,25352511000.0,-420534.0,270134.0,0.0,150400.0,-4713992750.0,3039952750.0,0.0,1674040000.0
10/02/2026,10850.0,10800.0,50.0,0.00462963,10700.0,11000.0,10700.0,1011653.0,10966117850.0,0.0,0.0,1011653.0,10966117850.0,148522.0,-168522.0,0.0,20000.0,1595297450.0,-1813667450.0,0.0,218370000.0
09/02/2026,10800.0,10800.0,0.0,0.0,11000.0,11000.0,10700.0,815710.0,8796983300.0,0.0,0.0,815710.0,8796983300.0,150766.0,101634.0,0.0,-252400.0,1632813751.0,1093231250.0,0.0,-2726045000.0
06/02/2026,10800.0,11200.0,-400.0,-0.03571429,11150.0,11150.0,10750.0,2221361.0,24319380450.0,0.0,0.0,2221361.0,24319380450.0,467926.0,72274.0,0.0,-540200.0,5139889300.0,798685700.0,0.0,-5938575000.0
05/02/2026,11200.0,11400.0,-200.0,-0.01754386,11400.0,11550.0,11200.0,1563512.0,17705390950.0,0.0,0.0,1563512.0,17705390950.0,407672.0,-322372.0,0.0,-85300.0,4594851450.0,-3633481450.0,0.0,-961370000.0
04/02/2026,11400.0,11250.0,150.0,0.01333333,11250.0,11450.0,11200.0,1390328.0,15734816500.0,0.0,0.0,1390328.0,15734816500.0,-126533.0,-159667.0,0.0,286200.0,-1442521150.0,-1805328850.0,0.0,3247850000.0
03/02/2026,11250.0,11200.0,50.0,0.00446429,11200.0,11400.0,11150.0,1208703.0,13534378500.0,0.0,0.0,1208703.0,13534378500.0,58208.0,8192.0,0.0,-66400.0,649646900.0,93638100.0,0.0,-743285000.0
02/02/2026,11200.0,11550.0,-350.0,-0.03030303,11400.0,11600.0,11150.0,1704880.0,19184289600.0,0.0,0.0,1704880.0,19184289600.0,-234158.0,418958.0,0.0,-184800.0,-2628737650.0,4710892650.0,0.0,-2082155000.0
30/01/2026,11550.0,11300.0,250.0,0.02212389,11350.0,11700.0,11300.0,2068483.0,23894100800.0,0.0,0.0,2068483.0,23894100800.0,305684.0,-406884.0,0.0,101200.0,3521953200.0,-4687408200.0,0.0,1165455000.0
29/01/2026,11300.0,11200.0,100.0,0.00892857,11350.0,11400.0,11200.0,1044260.0,11781485900.0,0.0,0.0,1044260.0,11781485900.0,-125420.0,73120.0,0.0,52300.0,-1408385450.0,815735450.0,0.0,592650000.0
28/01/2026,11200.0,11050.0,150.0,0.01357466,11200.0,11400.0,10950.0,1471157.0,16319151400.0,0.0,0.0,1471157.0,16319151400.0,202125.0,139175.0,0.0,-341300.0,2231916900.0,1538628100.0,0.0,-3770545000.0
27/01/2026,11050.0,11000.0,50.0,0.00454545,11050.0,11350.0,11000.0,1183478.0,13140806700.0,0.0,0.0,1183478.0,13140806700.0,115902.0,-70802.0,0.0,-45100.0,1307709901.0,-793759900.0,0.0,-513950000.0
26/01/2026,11000.0,11550.0,-550.0,-0.04761905,11550.0,11550.0,11000.0,1655706.0,18552703650.0,0.0,0.0,1655706.0,18552703650.0,191658.0,145442.0,0.0,-337100.0,2148174250.0,1651255750.0,0.0,-3799430000.0
23/01/2026,11550.0,11750.0,-200.0,-0.01702128,11900.0,11950.0,11450.0,1391420.0,16203650250.0,0.0,0.0,1391420.0,16203650250.0,150585.0,148615.0,0.0,-299200.0,1765536850.0,1725128150.0,0.0,-3490665000.0
22/01/2026,11750.0,11000.0,750.0,0.06818182,11100.0,11750.0,11050.0,4706804.0,54476163700.0,0.0,0.0,4706804.0,54476163700.0,860709.0,-1613809.0,0.0,753100.0,10028602100.0,-18619307100.0,0.0,8590705000.0
21/01/2026,11000.0,11350.0,-350.0,-0.030837,11250.0,11350.0,10900.0,2513672.0,27863072400.0,0.0,0.0,2513672.0,27863072400.0,622961.0,-307560.0,0.0,-315401.0,6941174400.0,-3416563400.0,0.0,-3524611350.0
20/01/2026,11350.0,11300.0,50.0,0.00442478,11450.0,11450.0,11200.0,1187795.0,13395725650.0,0.0,0.0,1187795.0,13395725650.0,-218099.0,41899.0,0.0,176200.0,-2467214350.0,475829350.0,0.0,1991385000.0
19/01/2026,11300.0,11350.0,-50.0,-0.00440529,11500.0,11500.0,11250.0,873225.0,9904713650.0,0.0,0.0,873225.0,9904713650.0,17105.0,-122705.0,0.0,105600.0,186547700.0,-1388242700.0,0.0,1201695000.0
16/01/2026,11350.0,11400.0,-50.0,-0.00438596,11600.0,11600.0,11200.0,1897735.0,21459584550.0,0.0,0.0,1897735.0,21459584550.0,108072.0,245228.0,0.0,-353300.0,1235044950.0,2758315050.0,0.0,-3993360000.0
15/01/2026,11400.0,11450.0,-50.0,-0.00436681,11400.0,11600.0,11250.0,1994264.0,22736380300.0,0.0,0.0,1994264.0,22736380300.0,-162531.0,16131.0,0.0,146400.0,-1829542450.0,172132450.0,0.0,1657410000.0
14/01/2026,11450.0,11900.0,-450.0,-0.03781513,11900.0,11900.0,11300.0,3077702.0,35612819950.0,0.0,0.0,3077702.0,35612819950.0,185813.0,-137013.0,0.0,-48800.0,2163581000.0,-1593051000.0,0.0,-570530000.0
13/01/2026,11900.0,11550.0,350.0,0.03030303,11850.0,11950.0,11700.0,2339919.0,27676629800.0,0.0,0.0,2339919.0,27676629800.0,-150746.0,-52644.0,0.0,203390.0,-1791614700.0,-614883300.0,0.0,2406497500.0
12/01/2026,11550.0,11200.0,350.0,0.03125,11200.0,11700.0,10900.0,3087238.0,34930845900.0,0.0,0.0,3087238.0,34930845900.0,-240192.0,-226808.0,0.0,467000.0,-2774383700.0,-2492096300.0,0.0,5266480000.0
09/01/2026,11200.0,12000.0,-800.0,-0.06666667,12100.0,12150.0,11200.0,8037661.0,91355114050.0,0.0,0.0,8037661.0,91355114050.0,333184.0,-183384.0,0.0,-149800.0,3830670600.0,-2087360600.0,0.0,-1743310000.0
08/01/2026,12000.0,12250.0,-250.0,-0.02040816,12150.0,12400.0,11950.0,1410693.0,17107743250.0,0.0,0.0,1410693.0,17107743250.0,-278924.0,286324.0,0.0,-7400.0,-3368437500.0,3454792500.0,0.0,-86355000.0
07/01/2026,12250.0,12050.0,200.0,0.01659751,12050.0,12250.0,12000.0,1382541.0,16771192250.0,0.0,0.0,1382541.0,16771192250.0,122194.0,-339194.0,0.0,217000.0,1483488549.0,-4111043550.0,0.0,2627555000.0
06/01/2026,12050.0,11800.0,250.0,0.02118644,11900.0,12400.0,11900.0,2533098.0,30712806550.0,0.0,0.0,2533098.0,30712806550.0,15412.0,-371612.0,0.0,356200.0,193665650.0,-4512230650.0,0.0,4318565000.0
05/01/2026,11800.0,12500.0,-700.0,-0.056,12500.0,12700.0,11800.0,2852027.0,34614571150.0,1000000.0,13350000000.0,3852027.0,47964571150.0,116506.0,-195306.0,0.0,78800.0,1459924050.0,-2350029050.0,0.0,890105000.0
31/12/2025,12500.0,12700.0,-200.0,-0.01574803,12600.0,12700.0,12450.0,1842707.0,23180011300.0,0.0,0.0,1842707.0,23180011300.0,-7248.0,-41052.0,0.0,48300.0,-85974700.0,-522755300.0,0.0,608730000.0
30/12/2025,12700.0,12850.0,-150.0,-0.01167315,12900.0,12900.0,12600.0,1762727.0,22433801000.0,0.0,0.0,1762727.0,22433801000.0,-239319.0,99219.0,0.0,140100.0,-3039120450.0,1258500450.0,0.0,1780620000.0
29/12/2025,12850.0,13050.0,-200.0,-0.01532567,13050.0,13150.0,12850.0,919935.0,11927501550.0,1000000.0,13900000000.0,1919935.0,25827501550.0,-244533.0,166533.0,0.0,78000.0,-3164266650.0,2152691650.0,0.0,1011575000.0
26/12/2025,13050.0,13050.0,0.0,0.0,12900.0,13100.0,12550.0,2410398.0,31040951350.0,0.0,0.0,2410398.0,31040951350.0,710455.0,-640455.0,0.0,-70000.0,9124931350.0,-8215816350.0,0.0,-909115000.0
25/12/2025,13050.0,13200.0,-150.0,-0.01136364,13200.0,13300.0,13050.0,1459182.0,19213511050.0,1000000.0,13900000000.0,2459182.0,33113511050.0,248307.0,-293107.0,0.0,44800.0,3263944350.0,-3866389350.0,0.0,602445000.0
24/12/2025,13200.0,13200.0,0.0,0.0,13200.0,13400.0,13150.0,637845.0,8448744350.0,0.0,0.0,637845.0,8448744350.0,-53367.0,42367.0,0.0,11000.0,-708944951.0,562374950.0,0.0,146570000.0
23/12/2025,13200.0,13450.0,-250.0,-0.01858736,13500.0,13550.0,13200.0,807015.0,10790576800.0,1020400.0,14170789600.0,1827415.0,24961366400.0,123695.0,-97295.0,0.0,-26400.0,1655226850.0,-1295966850.0,0.0,-359260000.0
22/12/2025,13450.0,13350.0,100.0,0.00749064,13250.0,13550.0,13250.0,809710.0,10868120300.0,0.0,0.0,809710.0,10868120300.0,-18678.0,-15822.0,0.0,34500.0,-241430900.0,-220444100.0,0.0,461875000.0
19/12/2025,13350.0,13350.0,0.0,0.0,13300.0,13400.0,13100.0,1047607.0,13928778150.0,1000000.0,13900000000.0,2047607.0,27828778150.0,-99759.0,28059.0,20400.0,71700.0,-1328615750.0,374050750.0,270390000.0,954565000.0
18/12/2025,13350.0,13250.0,100.0,0.00754717,13300.0,13400.0,13100.0,795374.0,10548756150.0,20000.0,247000000.0,815374.0,10795756150.0,60141.0,-56241.0,0.0,-3900.0,810745350.0,-760340350.0,0.0,-50405000.0
17/12/2025,13250.0,13350.0,-100.0,-0.00749064,13400.0,13450.0,13200.0,611517.0,8136437100.0,3013000.0,38972110000.0,3624517.0,47108547100.0,-29559.0,-25541.0,0.0,55100.0,-396343550.0,-339891450.0,0.0,736235000.0
16/12/2025,13350.0,13000.0,350.0,0.02692308,12950.0,13400.0,12600.0,1487300.0,19378367000.0,0.0,0.0,1487300.0,19378367000.0,-70577.0,-273423.0,0.0,344000.0,-915185350.0,-3538454650.0,0.0,4453640000.0
15/12/2025,13000.0,13050.0,-50.0,-0.00383142,13100.0,13450.0,13000.0,1784489.0,23483523550.0,2400000.0,29180000000.0,4184489.0,52663523550.0,276137.0,-415237.0,0.0,139100.0,3673164550.0,-5491534550.0,0.0,1818370000.0
12/12/2025,13050.0,13800.0,-750.0,-0.05434783,13850.0,13900.0,13050.0,1528157.0,20401136650.0,0.0,0.0,1528157.0,20401136650.0,412929.0,-426029.0,0.0,13100.0,5509345450.0,-5677110450.0,0.0,167765000.0
11/12/2025,13800.0,13750.0,50.0,0.00363636,13750.0,13900.0,13700.0,990861.0,13659256150.0,0.0,0.0,990861.0,13659256150.0,210001.0,-198001.0,0.0,-12000.0,2892673500.0,-2726783500.0,0.0,-165890000.0
10/12/2025,13750.0,13800.0,-50.0,-0.00362319,13750.0,13850.0,13700.0,558132.0,7682782100.0,106900.0,1379010000.0,665032.0,9061792100.0,35999.0,-19499.0,0.0,-16500.0,495152950.0,-268017950.0,0.0,-227135000.0
09/12/2025,13800.0,13900.0,-100.0,-0.00719424,13900.0,14000.0,13450.0,2143495.0,29272017800.0,0.0,0.0,2143495.0,29272017800.0,755698.0,-488298.0,0.0,-267400.0,10358902800.0,-6653137800.0,0.0,-3705765000.0
08/12/2025,13900.0,14050.0,-150.0,-0.01067616,14150.0,14150.0,13800.0,1346685.0,18785258400.0,0.0,0.0,1346685.0,18785258400.0,-39892.0,383092.0,0.0,-343200.0,-567522550.0,5348302550.0,0.0,-4780780000.0
05/12/2025,14050.0,14450.0,-400.0,-0.02768166,14450.0,14450.0,14000.0,1138634.0,16108575350.0,4513000.0,69497978000.0,5651634.0,85606553350.0,-36038.0,122338.0,0.0,-86300.0,-496087950.0,1723227950.0,0.0,-1227140000.0
04/12/2025,14450.0,14050.0,400.0,0.02846975,14050.0,14450.0,14050.0,1874520.0,26821567550.0,0.0,0.0,1874520.0,26821567550.0,-14262.0,-106038.0,0.0,120300.0,-218934150.0,-1497510850.0,0.0,1716445000.0
03/12/2025,14050.0,13900.0,150.0,0.01079137,13950.0,14100.0,13850.0,1156655.0,16154030100.0,0.0,0.0,1156655.0,16154030100.0,-103842.0,-65358.0,0.0,169200.0,-1462536201.0,-910263800.0,0.0,2372800000.0
02/12/2025,13900.0,13950.0,-50.0,-0.00358423,13850.0,14000.0,13750.0,1597267.0,22113274300.0,0.0,0.0,1597267.0,22113274300.0,164437.0,-133237.0,0.0,-31200.0,2280344250.0,-1846564250.0,0.0,-433780000.0
01/12/2025,13950.0,14100.0,-150.0,-0.0106383,14100.0,14150.0,13850.0,1402732.0,19617469900.0,0.0,0.0,1402732.0,19617469900.0,367124.0,-26124.0,0.0,-341000.0,5136372951.0,-369837950.0,0.0,-4766535000.0
28/11/2025,14100.0,14200.0,-100.0,-0.00704225,14250.0,14300.0,14050.0,1029497.0,14563896300.0,0.0,0.0,1029497.0,14563896300.0,18889.0,84483.0,0.0,-103372.0,259433850.0,1198453150.0,0.0,-1457887400.0
27/11/2025,14200.0,14450.0,-250.0,-0.01730104,14500.0,14500.0,14150.0,1127824.0,16116169500.0,0.0,0.0,1127824.0,16116169500.0,147067.0,-146567.0,0.0,-500.0,2093874951.0,-2089299950.0,0.0,-4575000.0
26/11/2025,14450.0,14100.0,350.0,0.0248227,14250.0,14450.0,14100.0,1625643.0,23207576200.0,0.0,0.0,1625643.0,23207576200.0,183259.0,-531059.0,0.0,347800.0,2604406050.0,-7577001050.0,0.0,4972595000.0
25/11/2025,14100.0,14450.0,-350.0,-0.02422145,14350.0,14500.0,14000.0,1740810.0,24771698750.0,75700.0,1018165000.0,1816510.0,25789863750.0,668706.0,-418306.0,0.0,-250400.0,9525275700.0,-5970385700.0,0.0,-3554890000.0
24/11/2025,14450.0,14500.0,-50.0,-0.00344828,14550.0,14600.0,14400.0,1419396.0,20577688500.0,0.0,0.0,1419396.0,20577688500.0,-245071.0,222771.0,0.0,22300.0,-3543027250.0,3217627250.0,0.0,325400000.0
21/11/2025,14500.0,14200.0,300.0,0.02112676,14300.0,14550.0,14150.0,1784933.0,25727879750.0,0.0,0.0,1784933.0,25727879750.0,67854.0,-316052.0,-5.0,248198.0,978565900.0,-4550616900.0,-72000.0,3572051000.0
20/11/2025,14200.0,14100.0,100.0,0.0070922,14300.0,14500.0,14100.0,1776030.0,25322663700.0,2273000.0,29900600000.0,4049030.0,55223263700.0,641967.0,-305767.0,0.0,-336200.0,9189114300.0,-4370354300.0,0.0,-4818760000.0
19/11/2025,14100.0,14850.0,-750.0,-0.05050505,14850.0,14850.0,14100.0,3187596.0,46012743100.0,300000.0,4155000000.0,3487596.0,50167743100.0,318923.0,-138923.0,0.0,-180000.0,4552466400.0,-1926261400.0,0.0,-2626205000.0
18/11/2025,14850.0,15100.0,-250.0,-0.01655629,15150.0,15150.0,14700.0,2142496.0,31761718250.0,2200000.0,35497500000.0,4342496.0,67259218250.0,466441.0,-305441.0,0.0,-161000.0,6924656800.0,-4533711800.0,0.0,-2390945000.0
17/11/2025,15100.0,14800.0,300.0,0.02027027,15000.0,15250.0,14900.0,1718073.0,25883342050.0,147100.0,2029980000.0,1865173.0,27913322050.0,1591.0,120009.0,0.0,-121600.0,36327350.0,1803062650.0,0.0,-1839390000.0
14/11/2025,14800.0,14800.0,0.0,0.0,14650.0,15150.0,14600.0,1432561.0,21306997400.0,2150000.0,29692500000.0,3582561.0,50999497400.0,24460.0,415640.0,0.0,-440100.0,378164050.0,6195125950.0,0.0,-6573290000.0
13/11/2025,14800.0,14650.0,150.0,0.01023891,14650.0,14950.0,14600.0,1481587.0,21884785900.0,2190000.0,29942000000.0,3671587.0,51826785900.0,292943.0,37857.0,0.0,-330800.0,4334848600.0,555541400.0,0.0,-4890390000.0
12/11/2025,14650.0,14300.0,350.0,0.02447552,14400.0,14750.0,14300.0,1220632.0,17767184850.0,0.0,0.0,1220632.0,17767184850.0,-377171.0,397571.0,0.0,-20400.0,-5504919950.0,5793859950.0,0.0,-288940000.0
11/11/2025,14300.0,14300.0,0.0,0.0,14350.0,14500.0,14150.0,1345466.0,19245532250.0,3987100.0,60954275000.0,5332566.0,80199807250.0,339391.0,-258191.0,0.0,-81200.0,4848503300.0,-3684613300.0,0.0,-1163890000.0
10/11/2025,14300.0,14200.0,100.0,0.00704225,14000.0,14650.0,14000.0,2149671.0,30997582300.0,500000.0,7575000000.0,2649671.0,38572582300.0,-43557.0,-25343.0,0.0,68900.0,-637372850.0,-352252150.0,0.0,989625000.0
07/11/2025,14200.0,14700.0,-500.0,-0.03401361,14700.0,14700.0,14200.0,1700169.0,24544273150.0,0.0,0.0,1700169.0,24544273150.0,310438.0,-67638.0,0.0,-242800.0,4543431100.0,-1006426100.0,0.0,-3537005000.0
06/11/2025,14700.0,14700.0,0.0,0.0,14700.0,14950.0,14400.0,1845543.0,27087940850.0,0.0,0.0,1845543.0,27087940850.0,175064.0,-199364.0,0.0,24300.0,2588650300.0,-2925085300.0,0.0,336435000.0
05/11/2025,14700.0,14850.0,-150.0,-0.01010101,14800.0,14850.0,14500.0,1447860.0,21145902550.0,0.0,0.0,1447860.0,21145902550.0,154215.0,-55915.0,0.0,-98300.0,2267598050.0,-830218050.0,0.0,-1437380000.0
04/11/2025,14850.0,13900.0,950.0,0.06834532,13500.0,14850.0,13500.0,5676454.0,79995822850.0,0.0,0.0,5676454.0,79995822850.0,1111466.0,-2382766.0,0.0,1271300.0,15480976200.0,-33161991200.0,0.0,17681015000.0
03/11/2025,13900.0,14900.0,-1000.0,-0.06711409,14650.0,14900.0,13900.0,5580629.0,79911094900.0,0.0,0.0,5580629.0,79911094900.0,843955.0,-473755.0,0.0,-370200.0,12354140700.0,-6873875700.0,0.0,-5480265000.0
31/10/2025,14900.0,15600.0,-700.0,-0.04487179,15350.0,15600.0,14900.0,3232207.0,49023432400.0,100000.0,1460000000.0,3332207.0,50483432400.0,908807.0,-520207.0,0.0,-388600.0,13721080200.0,-7810615200.0,0.0,-5910465000.0
30/10/2025,15600.0,15650.0,-50.0,-0.00319489,15450.0,15650.0,15200.0,2956943.0,45629224050.0,0.0,0.0,2956943.0,45629224050.0,-385550.0,524750.0,0.0,-139200.0,-5930988550.0,8084473550.0,0.0,-2153485000.0
29/10/2025,15650.0,15500.0,150.0,0.00967742,15500.0,15650.0,15200.0,2505152.0,38914832900.0,0.0,0.0,2505152.0,38914832900.0,11974.0,470726.0,0.0,-482700.0,153597450.0,7346362550.0,0.0,-7499960000.0
28/10/2025,15500.0,14850.0,650.0,0.04377104,14250.0,15500.0,14250.0,5522087.0,80917595600.0,0.0,0.0,5522087.0,80917595600.0,-555405.0,-84885.0,-20000.0,640290.0,-7973406950.0,-1272590050.0,-296565000.0,9245996500.0
27/10/2025,14850.0,15650.0,-800.0,-0.05111821,15750.0,15850.0,14850.0,3589984.0,54709704450.0,0.0,0.0,3589984.0,54709704450.0,-195677.0,734887.0,0.0,-539210.0,-2715571150.0,11096954150.0,0.0,-8381383150.0
24/10/2025,15650.0,15600.0,50.0,0.00320513,15450.0,16000.0,15050.0,5197978.0,79645711000.0,0.0,0.0,5197978.0,79645711000.0,301030.0,-256130.0,0.0,-44900.0,4332970450.0,-3733810450.0,0.0,-599160000.0
23/10/2025,15600.0,16150.0,-550.0,-0.03405573,16300.0,16300.0,15600.0,3831384.0,60828208300.0,0.0,0.0,3831384.0,60828208300.0,472879.0,249521.0,0.0,-722400.0,7519984150.0,4015355850.0,0.0,-11535340000.0
22/10/2025,16150.0,15700.0,450.0,0.02866242,15950.0,16300.0,15500.0,4115710.0,65115217050.0,0.0,0.0,4115710.0,65115217050.0,-451228.0,682028.0,0.0,-230800.0,-7291895500.0,10982600500.0,0.0,-3690705000.0
21/10/2025,15700.0,16850.0,-1150.0,-0.06824926,16550.0,17000.0,15700.0,9523869.0,152321862300.0,0.0,0.0,9523869.0,152321862300.0,-251513.0,-317387.0,-50000.0,568900.0,-3986893250.0,-5114256750.0,-810000000.0,9101150000.0
20/10/2025,16850.0,18100.0,-1250.0,-0.06906077,17900.0,18000.0,16850.0,7657814.0,132873498250.0,0.0,0.0,7657814.0,132873498250.0,311995.0,-338545.0,0.0,26550.0,5831096750.0,-5931836750.0,0.0,100740000.0
17/10/2025,18100.0,18450.0,-350.0,-0.01897019,18450.0,18600.0,18100.0,5755634.0,105375702800.0,0.0,0.0,5755634.0,105375702800.0,620690.0,-288190.0,20000.0,-332500.0,11357949550.0,-5234739550.0,366000000.0,-6123210000.0
16/10/2025,18450.0,18200.0,250.0,0.01373626,18350.0,18700.0,18000.0,4404513.0,80833810400.0,0.0,0.0,4404513.0,80833810400.0,444682.0,272118.0,0.0,-716800.0,8138641050.0,5008188950.0,0.0,-13146830000.0
15/10/2025,18200.0,18000.0,200.0,0.01111111,18000.0,18250.0,17550.0,6426468.0,115073923800.0,0.0,0.0,6426468.0,115073923800.0,-194666.0,301566.0,0.0,-106900.0,-3423759700.0,5379064700.0,0.0,-1955305000.0
14/10/2025,18000.0,19100.0,-1100.0,-0.05759162,19200.0,19250.0,17950.0,13685926.0,252168860350.0,250000.0,4785000000.0,13935926.0,256953860350.0,-738789.0,1503189.0,-170000.0,-764400.0,-13144399700.0,27538204700.0,-3117000000.0,-14393805000.0
13/10/2025,19100.0,19450.0,-350.0,-0.01799486,19100.0,19700.0,19050.0,10848209.0,209182324950.0,0.0,0.0,10848209.0,209182324950.0,-224292.0,336892.0,-260000.0,-112600.0,-4137321950.0,6448176950.0,-5039500000.0,-2310855000.0
10/10/2025,19450.0,19700.0,-250.0,-0.01269036,19950.0,20200.0,19250.0,10182183.0,199366046750.0,0.0,0.0,10182183.0,199366046750.0,1039929.0,208071.0,-420000.0,-1248000.0,20477937800.0,3827082200.0,-8320925000.0,-24305020000.0
09/10/2025,19700.0,19100.0,600.0,0.03141361,19150.0,19700.0,19150.0,5641855.0,109778254750.0,0.0,0.0,5641855.0,109778254750.0,294687.0,392413.0,0.0,-687100.0,5682355550.0,7625179450.0,0.0,-13307535000.0
08/10/2025,19100.0,18350.0,750.0,0.04087193,18600.0,19350.0,18300.0,8928298.0,168211665100.0,0.0,0.0,8928298.0,168211665100.0,-340431.0,956931.0,0.0,-616500.0,-6507595900.0,18185805900.0,0.0,-11678210000.0
07/10/2025,18350.0,18950.0,-600.0,-0.03166227,19050.0,19050.0,18300.0,5359866.0,99939443100.0,0.0,0.0,5359866.0,99939443100.0,-651695.0,320095.0,0.0,331600.0,-12121440000.0,5890325000.0,0.0,6231115000.0
06/10/2025,18950.0,17850.0,1100.0,0.06162465,18300.0,19000.0,18150.0,6759160.0,126478290700.0,0.0,0.0,6759160.0,126478290700.0,445687.0,-1237987.0,0.0,792300.0,8333987850.0,-23196407850.0,0.0,14862420000.0
03/10/2025,17850.0,18450.0,-600.0,-0.03252033,18100.0,18350.0,17650.0,6519475.0,116400280150.0,0.0,0.0,6519475.0,116400280150.0,478159.0,-44759.0,100000.0,-433400.0,8529171701.0,-784626700.0,1785000000.0,-7744545000.0
02/10/2025,18450.0,18700.0,-250.0,-0.01336898,18850.0,18850.0,18000.0,4935282.0,91053655650.0,0.0,0.0,4935282.0,91053655650.0,-322586.0,868686.0,0.0,-546100.0,-5997020400.0,16126905400.0,0.0,-10129885000.0
01/10/2025,18700.0,17850.0,850.0,0.04761905,18050.0,19050.0,17850.0,16298368.0,304065207350.0,0.0,0.0,16298368.0,304065207350.0,-1952074.0,1002974.0,0.0,949100.0,-36396382700.0,18498002700.0,0.0,17898380000.0
30/09/2025,17850.0,18000.0,-150.0,-0.00833333,17950.0,18000.0,17100.0,4635081.0,81839692000.0,4487100.0,81665220000.0,9122181.0,163504912000.0,-799474.0,671074.0,250000.0,128400.0,-14117464400.0,11986474400.0,4472950000.0,2130990000.0
29/09/2025,18000.0,18050.0,-50.0,-0.00277008,18250.0,18400.0,17650.0,5876249.0,105797444800.0,0.0,0.0,5876249.0,105797444800.0,-135186.0,-27314.0,0.0,162500.0,-2400654550.0,-442410450.0,0.0,2843065000.0
26/09/2025,18050.0,17400.0,650.0,0.03735632,17450.0,18400.0,17400.0,14174324.0,253506484400.0,0.0,0.0,14174324.0,253506484400.0,732902.0,-2238702.0,0.0,1505800.0,13196166200.0,-40083961200.0,0.0,26887795000.0
25/09/2025,17400.0,17100.0,300.0,0.01754386,17100.0,17500.0,17050.0,6860918.0,118805424300.0,0.0,0.0,6860918.0,118805424300.0,-331016.0,-775984.0,0.0,1107000.0,-5797769850.0,-13419585150.0,0.0,19217355000.0
24/09/2025,17100.0,16600.0,500.0,0.03012048,16600.0,17100.0,16400.0,2049718.0,34342869750.0,0.0,0.0,2049718.0,34342869750.0,-121307.0,-137993.0,0.0,259300.0,-1997051150.0,-2337693850.0,0.0,4334745000.0
23/09/2025,16600.0,16450.0,150.0,0.00911854,16500.0,16650.0,16350.0,1251775.0,20660612900.0,0.0,0.0,1251775.0,20660612900.0,-171079.0,-35921.0,0.0,207000.0,-2837677301.0,-586692700.0,0.0,3424370000.0
22/09/2025,16450.0,16700.0,-250.0,-0.01497006,16600.0,16900.0,16300.0,3380798.0,56009954750.0,0.0,0.0,3380798.0,56009954750.0,336459.0,-112459.0,0.0,-224000.0,5586440050.0,-1888810050.0,0.0,-3697630000.0
19/09/2025,16700.0,16700.0,0.0,0.0,16850.0,16900.0,16550.0,2282859.0,38082002950.0,0.0,0.0,2282859.0,38082002950.0,635634.0,-504134.0,0.0,-131500.0,10598139150.0,-8409749150.0,0.0,-2188390000.0
18/09/2025,16700.0,16700.0,0.0,0.0,16850.0,16900.0,16500.0,1848724.0,30742407850.0,0.0,0.0,1848724.0,30742407850.0,281429.0,-98629.0,0.0,-182800.0,4678890150.0,-1631290150.0,0.0,-3047600000.0
17/09/2025,16700.0,17050.0,-350.0,-0.02052786,17150.0,17250.0,16650.0,3373959.0,57137284300.0,0.0,0.0,3373959.0,57137284300.0,-156823.0,345423.0,0.0,-188600.0,-2645809050.0,5810464050.0,0.0,-3164655000.0
16/09/2025,17050.0,17350.0,-300.0,-0.01729107,17600.0,17600.0,17000.0,3696373.0,63800799100.0,0.0,0.0,3696373.0,63800799100.0,-774672.0,1179472.0,0.0,-404800.0,-13319589650.0,20364269650.0,0.0,-7044680000.0
15/09/2025,17350.0,17000.0,350.0,0.02058824,17050.0,17600.0,16950.0,4570549.0,79031034300.0,0.0,0.0,4570549.0,79031034300.0,411946.0,-211846.0,0.0,-200100.0,7272732250.0,-3760817250.0,0.0,-3511915000.0
12/09/2025,17000.0,17000.0,0.0,0.0,17000.0,17400.0,16850.0,2871555.0,49075382150.0,0.0,0.0,2871555.0,49075382150.0,-10639.0,361939.0,0.0,-351300.0,-160031250.0,6171431250.0,0.0,-6011400000.0
11/09/2025,17000.0,16900.0,100.0,0.00591716,16700.0,17000.0,16000.0,4091835.0,67407486350.0,0.0,0.0,4091835.0,67407486350.0,134068.0,669132.0,-454.0,-803200.0,1981006449.0,11210858550.0,-7423000.0,-13191865000.0
10/09/2025,16900.0,17000.0,-100.0,-0.00588235,17000.0,17000.0,16400.0,3611730.0,60082804200.0,0.0,0.0,3611730.0,60082804200.0,-179826.0,743426.0,0.0,-563600.0,-3049304000.0,12432039000.0,0.0,-9382735000.0
09/09/2025,17000.0,16500.0,500.0,0.03030303,16800.0,17100.0,16200.0,5121735.0,85156633450.0,0.0,0.0,5121735.0,85156633450.0,-343893.0,-343707.0,0.0,687600.0,-5779654850.0,-5661930150.0,0.0,11441585000.0
08/09/2025,16500.0,17500.0,-1000.0,-0.05714286,17400.0,17900.0,16500.0,10789637.0,185840176300.0,0.0,0.0,10789637.0,185840176300.0,-2099585.0,386485.0,0.0,1713100.0,-36081447800.0,6646997800.0,0.0,29434450000.0
05/09/2025,17500.0,17650.0,-150.0,-0.00849858,18150.0,18150.0,17500.0,9017899.0,161330160800.0,0.0,0.0,9017899.0,161330160800.0,-594515.0,-103485.0,0.0,698000.0,-10562740200.0,-1884669800.0,0.0,12447410000.0
04/09/2025,17650.0,16500.0,1150.0,0.06969697,16750.0,17650.0,16600.0,13087263.0,227163737450.0,0.0,0.0,13087263.0,227163737450.0,98474.0,24026.0,0.0,-122500.0,1747319750.0,388830250.0,0.0,-2136150000.0
03/09/2025,16500.0,15800.0,700.0,0.0443038,15950.0,16550.0,15850.0,4495175.0,73470098450.0,0.0,0.0,4495175.0,73470098450.0,-17319.0,-385181.0,0.0,402500.0,-296095550.0,-6211164449.0,0.0,6507260000.0
29/08/2025,15800.0,16000.0,-200.0,-0.0125,16200.0,16200.0,15800.0,3618568.0,57877186900.0,0.0,0.0,3618568.0,57877186900.0,172030.0,-59830.0,0.0,-112200.0,2763831100.0,-971781100.0,0.0,-1792050000.0
28/08/2025,16000.0,15650.0,350.0,0.02236422,15800.0,16000.0,15600.0,3681399.0,58022806300.0,0.0,0.0,3681399.0,58022806300.0,336922.0,-321022.0,0.0,-15900.0,5321844700.0,-5074614700.0,0.0,-247230000.0
27/08/2025,15650.0,16000.0,-350.0,-0.021875,16000.0,16400.0,15650.0,5851858.0,93258935350.0,0.0,0.0,5851858.0,93258935350.0,-67132.0,838732.0,0.0,-771600.0,-984436850.0,13447086850.0,0.0,-12462650000.0
26/08/2025,16000.0,15400.0,600.0,0.03896104,15400.0,16000.0,15300.0,4024419.0,63248053400.0,0.0,0.0,4024419.0,63248053400.0,-363606.0,306406.0,0.0,57200.0,-5803366050.0,4888466050.0,0.0,914900000.0
25/08/2025,15400.0,15350.0,50.0,0.00325733,15150.0,15650.0,14750.0,7257019.0,109925785950.0,0.0,0.0,7257019.0,109925785950.0,-1296415.0,851715.0,65700.0,444700.0,-19681096800.0,13057881800.0,985500000.0,6623215000.0
22/08/2025,15350.0,16500.0,-1150.0,-0.06969697,16000.0,16300.0,15350.0,20250823.0,314530956050.0,0.0,0.0,20250823.0,314530956050.0,415573.0,-828973.0,-267500.0,413400.0,6398134000.0,-12793799000.0,-4109905000.0,6395665000.0
21/08/2025,16500.0,17150.0,-650.0,-0.03790087,17200.0,17250.0,16500.0,8599823.0,144801811450.0,0.0,0.0,8599823.0,144801811450.0,39109.0,935101.0,0.0,-974210.0,807896100.0,15712768900.0,0.0,-16520664300.0
20/08/2025,17150.0,17750.0,-600.0,-0.03380282,17950.0,18000.0,16700.0,7326191.0,127134479750.0,0.0,0.0,7326191.0,127134479750.0,24077.0,153523.0,0.0,-177600.0,811393300.0,2240091700.0,0.0,-3051485000.0
19/08/2025,17750.0,17400.0,350.0,0.02011494,17400.0,17950.0,17150.0,7751782.0,136214318400.0,0.0,0.0,7751782.0,136214318400.0,-261706.0,-194994.0,0.0,456700.0,-4695028150.0,-3303861850.0,0.0,7998890000.0
18/08/2025,17400.0,17300.0,100.0,0.00578035,17300.0,17500.0,16550.0,7806485.0,133462138900.0,0.0,0.0,7806485.0,133462138900.0,-774838.0,76438.0,0.0,698400.0,-13417614351.0,1492184350.0,0.0,11925430000.0
15/08/2025,17300.0,18250.0,-950.0,-0.05205479,18350.0,18450.0,17200.0,16182567.0,285291778250.0,0.0,0.0,16182567.0,285291778250.0,-1594911.0,2386459.0,0.0,-791548.0,-27778861000.0,42077430000.0,0.0,-14298569800.0
14/08/2025,18250.0,18550.0,-300.0,-0.01617251,18600.0,18650.0,18200.0,8588165.0,157145934600.0,0.0,0.0,8588165.0,157145934600.0,-901205.0,868405.0,0.0,32800.0,-16430932000.0,15864352000.0,0.0,566580000.0
13/08/2025,18550.0,18450.0,100.0,0.00542005,18750.0,18950.0,18000.0,9417730.0,174128844900.0,0.0,0.0,9417730.0,174128844900.0,-522912.0,312512.0,-100.0,210400.0,-9656459100.0,5772749100.0,-1850000.0,3883710000.0
12/08/2025,18450.0,17900.0,550.0,0.03072626,18050.0,18500.0,17800.0,10520630.0,191135019750.0,0.0,0.0,10520630.0,191135019750.0,339288.0,-987331.0,0.0,648043.0,6110563450.0,-17823405450.0,0.0,11712841850.0
11/08/2025,17900.0,17700.0,200.0,0.01129944,17850.0,18250.0,17750.0,9052467.0,162606748350.0,70000.0,1239000000.0,9122467.0,163845748350.0,-521966.0,170046.0,-27600.0,351920.0,-9315448600.0,2957884600.0,-496560000.0,6357564000.0
08/08/2025,17700.0,17700.0,0.0,0.0,17700.0,18000.0,17200.0,10363019.0,181974996700.0,0.0,0.0,10363019.0,181974996700.0,-572281.0,1533081.0,0.0,-960800.0,-10161494650.0,27035074650.0,0.0,-16873580000.0
07/08/2025,17700.0,17100.0,600.0,0.03508772,17350.0,17900.0,17200.0,11654123.0,204601089200.0,100000.0,1719000000.0,11754123.0,206320089200.0,1083405.0,-749605.0,751800.0,-333800.0,18862384050.0,-12895619050.0,13125140000.0,-5966765000.0
06/08/2025,17100.0,17600.0,-500.0,-0.02840909,17600.0,17600.0,16950.0,11837011.0,202474797850.0,0.0,0.0,11837011.0,202474797850.0,101253.0,1770421.0,-500022.0,-1871674.0,1731038000.0,30311936000.0,-8527876000.0,-32042974100.0
05/08/2025,17600.0,17900.0,-300.0,-0.01675978,18200.0,18250.0,16650.0,16408384.0,288418538450.0,0.0,0.0,16408384.0,288418538450.0,457033.0,1603267.0,0.0,-2060300.0,8464112750.0,28608597250.0,0.0,-37072710000.0
04/08/2025,17900.0,18600.0,-700.0,-0.03763441,18350.0,18400.0,17450.0,13557388.0,242296913950.0,0.0,0.0,13557388.0,242296913950.0,-1531711.0,2748411.0,-98000.0,-1216700.0,-27475987000.0,49350117000.0,-1758450000.0,-21874130000.0
01/08/2025,18600.0,18900.0,-300.0,-0.01587302,18950.0,18950.0,18100.0,10467220.0,193305213400.0,0.0,0.0,10467220.0,193305213400.0,342750.0,-763050.0,-10000.0,420300.0,6428813550.0,-14106098550.0,-184000000.0,7677285000.0
31/07/2025,18900.0,18250.0,650.0,0.03561644,19500.0,19500.0,17000.0,35354509.0,682632849750.0,0.0,0.0,35354509.0,682632849750.0,-3460448.0,568548.0,-213700.0,2891900.0,-69240847000.0,13445782000.0,-4168370000.0,55795065000.0
30/07/2025,18250.0,17100.0,1150.0,0.06725146,18250.0,18250.0,17950.0,15195472.0,277279232000.0,30000.0,478500000.0,15225472.0,277757732000.0,-319810.0,242220.0,-470000.0,77590.0,-5838493301.0,4424020300.0,-8577500000.0,1414472500.0
29/07/2025,17100.0,18350.0,-1250.0,-0.06811989,18450.0,18450.0,17100.0,14713503.0,258083978400.0,0.0,0.0,14713503.0,258083978400.0,2055144.0,-1286844.0,-100.0,-768300.0,35833418700.0,-22106448700.0,-1840000.0,-13726970000.0
28/07/2025,18350.0,18150.0,200.0,0.01101928,18200.0,18800.0,18000.0,11226928.0,205656622600.0,0.0,0.0,11226928.0,205656622600.0,661995.0,918005.0,16600.0,-1580000.0,12080415150.0,17012469850.0,302925000.0,-29092885000.0
25/07/2025,18150.0,17600.0,550.0,0.03125,17500.0,18200.0,17500.0,5669721.0,101300575500.0,0.0,0.0,5669721.0,101300575500.0,101700.0,-1182800.0,0.0,1081100.0,1820875400.0,-21002625400.0,0.0,19181750000.0
24/07/2025,17600.0,17850.0,-250.0,-0.0140056,17850.0,17900.0,17500.0,3568233.0,63044325950.0,0.0,0.0,3568233.0,63044325950.0,-260635.0,305035.0,0.0,-44400.0,-4622068400.0,5435583400.0,0.0,-813515000.0
23/07/2025,17850.0,17500.0,350.0,0.02,17800.0,18250.0,17500.0,6567078.0,116981586150.0,0.0,0.0,6567078.0,116981586150.0,-320951.0,462375.0,0.0,-141424.0,-5607224700.0,8292299700.0,0.0,-2685075000.0
22/07/2025,17500.0,17000.0,500.0,0.02941176,16800.0,17500.0,16600.0,5561729.0,94934879900.0,0.0,0.0,5561729.0,94934879900.0,-810750.0,-455150.0,8500.0,1265900.0,-13877240100.0,-7701999900.0,143445000.0,21579240000.0
21/07/2025,17000.0,17450.0,-450.0,-0.02578797,17250.0,17350.0,16800.0,8149172.0,138999868900.0,0.0,0.0,8149172.0,138999868900.0,-444035.0,-546265.0,0.0,990300.0,-7499121550.0,-9367253450.0,0.0,16866375000.0
18/07/2025,17450.0,17450.0,0.0,0.0,17600.0,17850.0,17050.0,5444205.0,94702304800.0,0.0,0.0,5444205.0,94702304800.0,149486.0,-631686.0,16600.0,482200.0,2517573650.0,-10805693650.0,290520000.0,8288120000.0
17/07/2025,17450.0,17150.0,300.0,0.01749271,17350.0,17900.0,17150.0,7519138.0,131277838400.0,0.0,0.0,7519138.0,131277838400.0,34922.0,678478.0,0.0,-713400.0,593757300.0,11857707700.0,0.0,-12451465000.0
16/07/2025,17150.0,16550.0,600.0,0.03625378,16400.0,17350.0,16400.0,8221628.0,138617212750.0,0.0,0.0,8221628.0,138617212750.0,2399003.0,-2555103.0,179800.0,156100.0,40450180050.0,-42928160050.0,3088215000.0,2477980000.0
15/07/2025,16550.0,16500.0,50.0,0.0030303,16550.0,16650.0,16250.0,6132653.0,101021433700.0,0.0,0.0,6132653.0,101021433700.0,719950.0,-496050.0,0.0,-223900.0,11829162851.0,-8123212850.0,0.0,-3705950000.0
14/07/2025,16500.0,16300.0,200.0,0.01226994,16400.0,16700.0,16000.0,6571339.0,107340576600.0,0.0,0.0,6571339.0,107340576600.0,-389120.0,-275980.0,0.0,665100.0,-6267247650.0,-4660972350.0,0.0,10928220000.0
11/07/2025,16300.0,16350.0,-50.0,-0.0030581,16300.0,16500.0,16000.0,7871336.0,127448699550.0,0.0,0.0,7871336.0,127448699550.0,-688291.0,630991.0,-1000.0,57300.0,-11082615850.0,10076025850.0,-16400000.0,1006590000.0
10/07/2025,16350.0,16150.0,200.0,0.0123839,16350.0,16500.0,16100.0,4289606.0,69859127850.0,0.0,0.0,4289606.0,69859127850.0,363218.0,-308718.0,-100.0,-54500.0,5875451650.0,-4983416650.0,-1620000.0,-892035000.0
09/07/2025,16150.0,16450.0,-300.0,-0.01823708,16400.0,16450.0,16050.0,8994431.0,145931581650.0,0.0,0.0,8994431.0,145931581650.0,-1342858.0,2189158.0,19095.0,-846300.0,-21662923300.0,35449153300.0,312203000.0,-13786230000.0
08/07/2025,16450.0,16400.0,50.0,0.00304878,16600.0,16750.0,16050.0,5957204.0,97457983150.0,0.0,0.0,5957204.0,97457983150.0,320593.0,86307.0,0.0,-406900.0,5234205050.0,1546239950.0,0.0,-6780445000.0
07/07/2025,16400.0,15750.0,650.0,0.04126984,15900.0,16450.0,15700.0,7862569.0,126662543200.0,0.0,0.0,7862569.0,126662543200.0,19543.0,500657.0,0.0,-520200.0,114687000.0,8085423000.0,0.0,-8200110000.0
04/07/2025,15750.0,15200.0,550.0,0.03618421,15300.0,16100.0,15200.0,12707840.0,199592044900.0,0.0,0.0,12707840.0,199592044900.0,-1254135.0,-214165.0,10000.0,1468300.0,-19589678800.0,-3292966200.0,155000000.0,22882645000.0
03/07/2025,15200.0,15200.0,0.0,0.0,15150.0,15650.0,15000.0,5747606.0,87661590750.0,0.0,0.0,5747606.0,87661590750.0,-564575.0,364275.0,190000.0,200300.0,-8657649800.0,5633159800.0,2883500000.0,3024490000.0
02/07/2025,15200.0,14800.0,400.0,0.02702703,14800.0,15200.0,14650.0,4423646.0,66524977700.0,0.0,0.0,4423646.0,66524977700.0,-697430.0,-789470.0,0.0,1486900.0,-10594081750.0,-11897773250.0,0.0,22491855000.0
01/07/2025,14800.0,15250.0,-450.0,-0.0295082,15200.0,15200.0,14750.0,5158330.0,76959667700.0,0.0,0.0,5158330.0,76959667700.0,271709.0,296356.0,0.0,-568065.0,4102753250.0,4403718750.0,0.0,-8506472800.0
30/06/2025,15250.0,15150.0,100.0,0.00660066,15100.0,15350.0,15000.0,5289091.0,80314147350.0,0.0,0.0,5289091.0,80314147350.0,-570444.0,-525456.0,0.0,1095900.0,-8719571650.0,-7922068350.0,0.0,16641640000.0
27/06/2025,15150.0,15100.0,50.0,0.00331126,15050.0,15200.0,14950.0,2922990.0,44064225300.0,0.0,0.0,2922990.0,44064225300.0,274806.0,103194.0,0.0,-378000.0,4127130750.0,1552114250.0,0.0,-5679245000.0
26/06/2025,15100.0,14950.0,150.0,0.01003344,14950.0,15350.0,14800.0,5464336.0,82216727200.0,0.0,0.0,5464336.0,82216727200.0,-30309.0,345809.0,0.0,-315500.0,-487731800.0,5198976800.0,0.0,-4711245000.0
25/06/2025,14950.0,14900.0,50.0,0.0033557,14900.0,15000.0,14650.0,4236313.0,62917988850.0,0.0,0.0,4236313.0,62917988850.0,376907.0,-198407.0,0.0,-178500.0,5602197700.0,-2950867700.0,0.0,-2651330000.0
24/06/2025,14900.0,14700.0,200.0,0.01360544,14900.0,15100.0,14800.0,4148551.0,61938526900.0,0.0,0.0,4148551.0,61938526900.0,698869.0,-320391.0,0.0,-378478.0,10453671050.0,-4797099049.0,0.0,-5656572000.0
23/06/2025,14700.0,14900.0,-200.0,-0.01342282,14700.0,14900.0,14450.0,6958981.0,101805310150.0,0.0,0.0,6958981.0,101805310150.0,545172.0,-1133372.0,0.0,588200.0,7975522649.0,-16563642650.0,0.0,8588120000.0
20/06/2025,14900.0,15050.0,-150.0,-0.00996678,15000.0,15050.0,14700.0,7426641.0,110059526850.0,0.0,0.0,7426641.0,110059526850.0,1027108.0,-445508.0,-400.0,-581600.0,15223867500.0,-6550052500.0,-5880000.0,-8673815000.0
19/06/2025,15050.0,15250.0,-200.0,-0.01311475,15250.0,15250.0,14850.0,4898306.0,73506015650.0,0.0,0.0,4898306.0,73506015650.0,-180342.0,459242.0,0.0,-278900.0,-2662149450.0,6867264450.0,0.0,-4205115000.0
18/06/2025,15250.0,15500.0,-250.0,-0.01612903,15900.0,15900.0,15150.0,7688112.0,118350383400.0,0.0,0.0,7688112.0,118350383400.0,604903.0,1875269.0,0.0,-2480172.0,9454915600.0,28740100400.0,0.0,-38195015850.0
17/06/2025,15500.0,15300.0,200.0,0.0130719,15250.0,15750.0,15250.0,6913943.0,107304549450.0,0.0,0.0,6913943.0,107304549450.0,346476.0,-910376.0,0.0,563900.0,5379273000.0,-14157923000.0,0.0,8778650000.0
16/06/2025,15300.0,15300.0,0.0,0.0,15250.0,15600.0,15000.0,6708315.0,102482981250.0,0.0,0.0,6708315.0,102482981250.0,905892.0,-1121492.0,0.0,215600.0,13785182701.0,-17098727700.0,0.0,3313545000.0
13/06/2025,15300.0,15500.0,-200.0,-0.01290323,15150.0,15400.0,14650.0,12294667.0,184877452350.0,0.0,0.0,12294667.0,184877452350.0,1058175.0,-427675.0,0.0,-630500.0,16028649050.0,-6482174050.0,0.0,-9546475000.0
12/06/2025,15500.0,15500.0,0.0,0.0,15600.0,15700.0,15250.0,10306511.0,158647316150.0,0.0,0.0,10306511.0,158647316150.0,2323478.0,-4013178.0,0.0,1689700.0,35635163601.0,-61593228600.0,0.0,25958065000.0
11/06/2025,15500.0,15600.0,-100.0,-0.00641026,15650.0,15650.0,15150.0,4335175.0,66765905050.0,0.0,0.0,4335175.0,66765905050.0,196562.0,-42362.0,0.0,-154200.0,2997450050.0,-615090051.0,0.0,-2382360000.0
10/06/2025,15600.0,15700.0,-100.0,-0.00636943,15800.0,15800.0,15350.0,6044041.0,94195925250.0,0.0,0.0,6044041.0,94195925250.0,19433.0,220167.0,0.0,-239600.0,371193349.0,3396611650.0,0.0,-3767805000.0
09/06/2025,15700.0,15150.0,550.0,0.03630363,15000.0,16100.0,14900.0,7937409.0,123136997250.0,0.0,0.0,7937409.0,123136997250.0,-1267230.0,1140530.0,28500.0,126700.0,-19682558550.0,17668713550.0,430350000.0,2013845000.0
06/06/2025,15150.0,14700.0,450.0,0.03061224,14850.0,15200.0,14450.0,8120140.0,120790798750.0,0.0,0.0,8120140.0,120790798750.0,-779571.0,-953529.0,0.0,1733100.0,-11441736550.0,-14280768450.0,0.0,25722505000.0
05/06/2025,14700.0,14800.0,-100.0,-0.00675676,14650.0,14800.0,14050.0,10544354.0,151846735750.0,0.0,0.0,10544354.0,151846735750.0,756967.0,-318624.0,0.0,-438343.0,11077792750.0,-4645529750.0,0.0,-6432262800.0
04/06/2025,14800.0,15150.0,-350.0,-0.02310231,15150.0,15200.0,14700.0,7778036.0,115740843550.0,0.0,0.0,7778036.0,115740843550.0,1572471.0,-1188971.0,-101500.0,-383500.0,23391716250.0,-17665831250.0,-1511615000.0,-5725885000.0
03/06/2025,15150.0,15150.0,0.0,0.0,15200.0,15250.0,14750.0,6599998.0,98843710900.0,0.0,0.0,6599998.0,98843710900.0,256698.0,1644940.0,0.0,-1901638.0,3857576400.0,24620242600.0,0.0,-28477819400.0
02/06/2025,15150.0,14700.0,450.0,0.03061224,14500.0,15150.0,14500.0,6919389.0,103283022650.0,0.0,0.0,6919389.0,103283022650.0,-248033.0,-527967.0,0.0,776000.0,-3652372300.0,-7921827700.0,0.0,11574200000.0
30/05/2025,14700.0,14750.0,-50.0,-0.00338983,14800.0,14800.0,14450.0,5725793.0,83409251750.0,0.0,0.0,5725793.0,83409251750.0,167635.0,-60797.0,0.0,-106838.0,2397462950.0,-857132950.0,0.0,-1540330500.0
29/05/2025,14750.0,14400.0,350.0,0.02430556,14450.0,14900.0,14400.0,5410583.0,79232147300.0,0.0,0.0,5410583.0,79232147300.0,-811120.0,573720.0,0.0,237400.0,-11870787350.0,8426577350.0,0.0,3444210000.0
28/05/2025,14400.0,14650.0,-250.0,-0.01706485,14950.0,15000.0,14200.0,8225987.0,120539346150.0,0.0,0.0,8225987.0,120539346150.0,1083290.0,533510.0,0.0,-1616800.0,15952240000.0,7798015000.0,0.0,-23750255000.0
27/05/2025,14650.0,14600.0,50.0,0.00342466,14650.0,15100.0,14350.0,7220460.0,105285125350.0,0.0,0.0,7220460.0,105285125350.0,-1390369.0,1851341.0,0.0,-460972.0,-20204486750.0,26969527750.0,0.0,-6765041250.0
26/05/2025,14600.0,13900.0,700.0,0.05035971,14300.0,14850.0,13800.0,16335863.0,238227256150.0,0.0,0.0,16335863.0,238227256150.0,-453052.0,-766048.0,0.0,1219100.0,-6491983200.0,-10817736800.0,0.0,17309720000.0
23/05/2025,13900.0,13350.0,550.0,0.0411985,13550.0,14000.0,13400.0,10308397.0,141683690150.0,0.0,0.0,10308397.0,141683690150.0,983750.0,-2717150.0,0.0,1733400.0,13241361550.0,-37174611550.0,0.0,23933250000.0
22/05/2025,13350.0,13350.0,0.0,0.0,13300.0,13950.0,13100.0,10423351.0,141552497950.0,0.0,0.0,10423351.0,141552497950.0,-1343356.0,1780756.0,-5.0,-437400.0,-18221933750.0,24280598750.0,-68000.0,-6058665000.0
21/05/2025,13350.0,13250.0,100.0,0.00754717,13600.0,13600.0,12950.0,8221860.0,108685683450.0,0.0,0.0,8221860.0,108685683450.0,245910.0,1466884.0,0.0,-1712794.0,3360160650.0,19163793349.0,0.0,-22523954300.0
20/05/2025,13250.0,13000.0,250.0,0.01923077,13050.0,13250.0,12850.0,7464366.0,97015897650.0,0.0,0.0,7464366.0,97015897650.0,1323797.0,-1169697.0,0.0,-154100.0,17334044750.0,-15301914750.0,0.0,-2032130000.0
19/05/2025,13000.0,13200.0,-200.0,-0.01515152,13000.0,13350.0,12850.0,9539343.0,124155456500.0,0.0,0.0,9539343.0,124155456500.0,-1818761.0,840261.0,50000.0,978500.0,-23572696900.0,10864331900.0,645000000.0,12708365000.0
16/05/2025,13200.0,13200.0,0.0,0.0,13200.0,13800.0,13050.0,8899255.0,118332460950.0,0.0,0.0,8899255.0,118332460950.0,-734385.0,-126415.0,0.0,860800.0,-9741197150.0,-1677967850.0,0.0,11419165000.0
15/05/2025,13200.0,13250.0,-50.0,-0.00377358,13400.0,13400.0,12650.0,10785248.0,139467901850.0,0.0,0.0,10785248.0,139467901850.0,-3441566.0,2866766.0,0.0,574800.0,-44429304550.0,37053659550.0,0.0,7375645000.0
14/05/2025,13250.0,13050.0,200.0,0.01532567,13050.0,13550.0,12900.0,6581322.0,86733884050.0,0.0,0.0,6581322.0,86733884050.0,-551241.0,1261441.0,0.0,-710200.0,-7341677050.0,16736937051.0,0.0,-9395260000.0
13/05/2025,13050.0,13050.0,0.0,0.0,13200.0,13250.0,12850.0,9978112.0,129720012850.0,0.0,0.0,9978112.0,129720012850.0,-3109222.0,3087622.0,0.0,21600.0,-40373255400.0,40115745400.0,0.0,257510000.0
12/05/2025,13050.0,12350.0,700.0,0.05668016,12600.0,13200.0,12450.0,14054362.0,182017133800.0,0.0,0.0,14054362.0,182017133800.0,-3403359.0,3112459.0,0.0,290900.0,-44312744050.0,40534204050.0,0.0,3778540000.0
09/05/2025,12350.0,12250.0,100.0,0.00816327,12450.0,12850.0,12250.0,11147753.0,138495693350.0,0.0,0.0,11147753.0,138495693350.0,-3033382.0,2600882.0,101500.0,432500.0,-37631943601.0,32283543600.0,1273715000.0,5348400000.0
08/05/2025,12250.0,11450.0,800.0,0.069869,11500.0,12250.0,11500.0,14417357.0,175994472350.0,0.0,0.0,14417357.0,175994472350.0,-3291909.0,2979109.0,100000.0,312800.0,-40134443400.0,36341938400.0,1223500000.0,3792505000.0
07/05/2025,11450.0,11150.0,300.0,0.02690583,11200.0,11450.0,11000.0,5786082.0,65051047650.0,0.0,0.0,5786082.0,65051047650.0,-415868.0,623468.0,90000.0,-207600.0,-4864023301.0,7168398300.0,996500000.0,-2304375000.0
06/05/2025,11150.0,11000.0,150.0,0.01363636,11100.0,11400.0,11100.0,5500040.0,61677721150.0,0.0,0.0,5500040.0,61677721150.0,1238183.0,-643813.0,0.0,-594370.0,13770810300.0,-7132612299.0,0.0,-6638198450.0
05/05/2025,11000.0,11000.0,0.0,0.0,11100.0,11250.0,10850.0,1805784.0,19819834750.0,0.0,0.0,1805784.0,19819834750.0,-48456.0,2656.0,0.0,45800.0,-531067850.0,26017850.0,0.0,505050000.0
29/04/2025,11000.0,10850.0,150.0,0.01382488,10850.0,11200.0,10600.0,4049671.0,44015524000.0,0.0,0.0,4049671.0,44015524000.0,-604000.0,226400.0,74400.0,377600.0,-6639550000.0,2533775000.0,800300000.0,4105775000.0
28/04/2025,10850.0,11000.0,-150.0,-0.01363636,11000.0,11000.0,10550.0,3758670.0,40492115050.0,0.0,0.0,3758670.0,40492115050.0,-1235200.0,311300.0,0.0,923900.0,-13301835001.0,3377485000.0,0.0,9924350000.0
25/04/2025,11000.0,11300.0,-300.0,-0.02654867,11450.0,11450.0,11000.0,4130125.0,45891190000.0,0.0,0.0,4130125.0,45891190000.0,-118700.0,201100.0,0.0,-82400.0,-1261885000.0,2212210000.0,0.0,-950325000.0
24/04/2025,11300.0,11300.0,0.0,0.0,11350.0,11600.0,11100.0,6654914.0,75304629750.0,0.0,0.0,6654914.0,75304629750.0,642651.0,153349.0,150000.0,-796000.0,7399255050.0,1683469950.0,1680000000.0,-9082725000.0
23/04/2025,11300.0,11000.0,300.0,0.02727273,11300.0,11500.0,10950.0,5771738.0,64984626000.0,0.0,0.0,5771738.0,64984626000.0,-231820.0,95220.0,0.0,136600.0,-2582782000.0,1076327000.0,0.0,1506455000.0
22/04/2025,11000.0,11150.0,-150.0,-0.01345291,11050.0,11450.0,10400.0,10676198.0,113813731550.0,0.0,0.0,10676198.0,113813731550.0,183200.0,179800.0,0.0,-363000.0,2153045000.0,1975485000.0,0.0,-4128530000.0
21/04/2025,11150.0,11000.0,150.0,0.01363636,11000.0,11400.0,10750.0,6507747.0,71764016600.0,0.0,0.0,6507747.0,71764016600.0,-545500.0,19800.0,0.0,525700.0,-5953760000.0,221870000.0,0.0,5731890000.0
18/04/2025,11000.0,11150.0,-150.0,-0.01345291,11400.0,11500.0,11000.0,5484415.0,61899109450.0,0.0,0.0,5484415.0,61899109450.0,624064.0,-3464.0,0.0,-620600.0,7053188200.0,-38188200.0,0.0,-7015000000.0
17/04/2025,11150.0,10500.0,650.0,0.06190476,10400.0,11200.0,10400.0,9983202.0,109822681100.0,0.0,0.0,9983202.0,109822681100.0,-70100.0,-52364.0,0.0,122464.0,-732269851.0,-568952600.0,0.0,1301222450.0
16/04/2025,10500.0,10500.0,0.0,0.0,10500.0,10700.0,10100.0,5420935.0,56228005050.0,0.0,0.0,5420935.0,56228005050.0,79700.0,-511900.0,0.0,432200.0,876905000.0,-5330260000.0,0.0,4453355000.0
15/04/2025,10500.0,10900.0,-400.0,-0.03669725,10900.0,11000.0,10200.0,5844943.0,61978026450.0,0.0,0.0,5844943.0,61978026450.0,-198400.0,-10000.0,0.0,208400.0,-2071920000.0,-37680000.0,0.0,2109600000.0
14/04/2025,10900.0,10400.0,500.0,0.04807692,10550.0,10950.0,10350.0,5319492.0,56519048750.0,0.0,0.0,5319492.0,56519048750.0,-237792.0,50492.0,24400.0,187300.0,-2501892850.0,532642850.0,259860000.0,1969250000.0
11/04/2025,10400.0,9720.0,680.0,0.06995885,10350.0,10400.0,9720.0,12961267.0,132366591400.0,0.0,0.0,12961267.0,132366591400.0,-1723890.0,1820100.0,361200.0,-96210.0,-17655994900.0,18605222000.0,3691726000.0,-949227100.0
09/04/2025,9090.0,9770.0,-680.0,-0.06960082,9090.0,9320.0,9090.0,7228319.0,65852133220.0,0.0,0.0,7228319.0,65852133220.0,825400.0,-550900.0,-546200.0,-274500.0,7571766000.0,-5026268000.0,-4983539000.0,-2545498000.0
08/04/2025,9770.0,10500.0,-730.0,-0.06952381,9950.0,10300.0,9770.0,2770661.0,27207591230.0,0.0,0.0,2770661.0,27207591230.0,856809.0,-767609.0,-753800.0,-89200.0,8381152000.0,-7516688000.0,-7381885000.0,-864464000.0
04/04/2025,10500.0,10400.0,100.0,0.00961538,9680.0,10500.0,9680.0,14372920.0,141931730990.0,0.0,0.0,14372920.0,141931730990.0,-600024.0,232824.0,-200000.0,367200.0,-6284524200.0,2601692200.0,-1999228000.0,3682832000.0
03/04/2025,10400.0,11150.0,-750.0,-0.06726457,10400.0,10800.0,10400.0,6316221.0,66066890450.0,0.0,0.0,6316221.0,66066890450.0,-87905.0,13100.0,0.0,74805.0,-924992000.0,136240000.0,0.0,788752000.0
02/04/2025,11150.0,10450.0,700.0,0.06698565,10500.0,11150.0,10350.0,12134036.0,133723319010.0,0.0,0.0,12134036.0,133723319010.0,-686071.0,1013801.0,300000.0,-327730.0,-7760471700.0,11297791200.0,3345000000.0,-3537319500.0
01/04/2025,10450.0,10500.0,-50.0,-0.0047619,10500.0,10600.0,10150.0,5475021.0,56675666480.0,0.0,0.0,5475021.0,56675666480.0,-576094.0,378894.0,18900.0,197200.0,-5951934399.0,3929194400.0,193725000.0,2022740000.0
31/03/2025,10500.0,10300.0,200.0,0.01941748,10300.0,10650.0,10200.0,6084145.0,63542244950.0,1000000.0,9800000000.0,7084145.0,73342244950.0,-556600.0,220100.0,0.0,336500.0,-5765135000.0,2297315000.0,0.0,3467820000.0
28/03/2025,10300.0,9840.0,460.0,0.04674797,10250.0,10500.0,10200.0,13328372.0,139099987450.0,0.0,0.0,13328372.0,139099987450.0,-1131380.0,811270.0,220000.0,320110.0,-11756904000.0,8464875000.0,2288460000.0,3292029000.0
27/03/2025,9840.0,9200.0,640.0,0.06956522,9280.0,9840.0,9210.0,4072179.0,38838230890.0,1000000.0,9800000000.0,5072179.0,48638230890.0,-464400.0,207500.0,21100.0,256900.0,-4406341000.0,1990415000.0,199850000.0,2415926000.0
26/03/2025,9200.0,8790.0,410.0,0.04664391,9010.0,9300.0,9010.0,3776135.0,34602606620.0,0.0,0.0,3776135.0,34602606620.0,-15100.0,-34400.0,0.0,49500.0,-132914000.0,-315940000.0,0.0,448854000.0
25/03/2025,8790.0,8760.0,30.0,0.00342466,8760.0,8880.0,8710.0,1429474.0,12562008340.0,0.0,0.0,1429474.0,12562008340.0,65100.0,0.0,0.0,-65100.0,570763000.0,0.0,0.0,-570763000.0
24/03/2025,8760.0,8600.0,160.0,0.01860465,8600.0,8820.0,8600.0,1803351.0,15731700900.0,0.0,0.0,1803351.0,15731700900.0,76200.0,1000.0,0.0,-77200.0,663375000.0,8680000.0,0.0,-672055000.0
21/03/2025,8600.0,8700.0,-100.0,-0.01149425,8700.0,8880.0,8600.0,2116656.0,18443187550.0,0.0,0.0,2116656.0,18443187550.0,-44400.0,7100.0,0.0,37300.0,-388982000.0,62845000.0,0.0,326137000.0
20/03/2025,8700.0,8760.0,-60.0,-0.00684932,8880.0,8880.0,8620.0,2207754.0,19208896350.0,0.0,0.0,2207754.0,19208896350.0,49400.0,-17100.0,0.0,-32300.0,435420000.0,-148535000.0,0.0,-286885000.0
19/03/2025,8760.0,8820.0,-60.0,-0.00680272,8810.0,8920.0,8700.0,2214404.0,19461432490.0,0.0,0.0,2214404.0,19461432490.0,-183050.0,-8200.0,0.0,191250.0,-1598993520.0,-73064000.0,0.0,1672057520.0
18/03/2025,8820.0,8800.0,20.0,0.00227273,8900.0,8920.0,8750.0,1856015.0,16382823770.0,0.0,0.0,1856015.0,16382823770.0,213700.0,0.0,0.0,-213700.0,1892483000.0,0.0,0.0,-1892483000.0
17/03/2025,8800.0,8280.0,520.0,0.06280193,8380.0,8850.0,8380.0,7088008.0,61844961020.0,0.0,0.0,7088008.0,61844961020.0,-927300.0,-7900.0,0.0,935200.0,-8013647000.0,-69308000.0,0.0,8082955000.0
14/03/2025,8280.0,8250.0,30.0,0.00363636,8240.0,8350.0,8230.0,1215596.0,10064236330.0,0.0,0.0,1215596.0,10064236330.0,-49500.0,-4000.0,0.0,53500.0,-411220000.0,-32980000.0,0.0,444200000.0
13/03/2025,8250.0,8260.0,-10.0,-0.00121065,8250.0,8420.0,8200.0,1973681.0,16383873100.0,0.0,0.0,1973681.0,16383873100.0,-70900.0,-12000.0,0.0,82900.0,-587596000.0,-98831000.0,0.0,686427000.0
12/03/2025,8260.0,8360.0,-100.0,-0.01196172,8390.0,8390.0,8240.0,1120374.0,9271234770.0,0.0,0.0,1120374.0,9271234770.0,65200.0,29000.0,0.0,-94200.0,540699000.0,239224000.0,0.0,-779923000.0
11/03/2025,8360.0,8340.0,20.0,0.00239808,8250.0,8360.0,8190.0,2634761.0,21707449460.0,505000.0,4141000000.0,3139761.0,25848449460.0,-246900.0,29700.0,0.0,217200.0,-2026033000.0,243628000.0,0.0,1782405000.0
10/03/2025,8340.0,8350.0,-10.0,-0.0011976,8450.0,8460.0,8270.0,1948087.0,16268890940.0,0.0,0.0,1948087.0,16268890940.0,348100.0,-4400.0,0.0,-343700.0,2915186000.0,-37120000.0,0.0,-2878066000.0
07/03/2025,8350.0,8310.0,40.0,0.00481348,8350.0,8580.0,8350.0,3599184.0,30418188010.0,0.0,0.0,3599184.0,30418188010.0,1157000.0,8100.0,0.0,-1165100.0,9784605000.0,69356000.0,0.0,-9853961000.0
06/03/2025,8310.0,8260.0,50.0,0.00605327,8300.0,8320.0,8250.0,1635560.0,13542716190.0,0.0,0.0,1635560.0,13542716190.0,515000.0,-18000.0,0.0,-497000.0,4267101000.0,-148940000.0,0.0,-4118161000.0
05/03/2025,8260.0,8260.0,0.0,0.0,8260.0,8440.0,8260.0,2902510.0,24190757690.0,0.0,0.0,2902510.0,24190757690.0,159700.0,7300.0,0.0,-167000.0,1331691000.0,61888000.0,0.0,-1393579000.0
04/03/2025,8260.0,8300.0,-40.0,-0.00481928,8280.0,8320.0,8170.0,2133984.0,17600929570.0,0.0,0.0,2133984.0,17600929570.0,225000.0,-1600.0,0.0,-223400.0,1858076000.0,-13198000.0,0.0,-1844878000.0
03/03/2025,8300.0,8240.0,60.0,0.00728155,8200.0,8300.0,8100.0,2653018.0,21824560850.0,0.0,0.0,2653018.0,21824560850.0,684100.0,31300.0,0.0,-715400.0,5630300000.0,257324000.0,0.0,-5887624000.0
28/02/2025,8240.0,8270.0,-30.0,-0.00362757,8290.0,8330.0,8180.0,1453057.0,12003795790.0,0.0,0.0,1453057.0,12003795790.0,357900.0,43900.0,0.0,-401800.0,2960172000.0,362809000.0,0.0,-3322981000.0
27/02/2025,8270.0,8130.0,140.0,0.01722017,8160.0,8370.0,8110.0,3941846.0,32526932970.0,0.0,0.0,3941846.0,32526932970.0,802500.0,36900.0,0.0,-839400.0,6633620000.0,303342000.0,0.0,-6936962000.0
26/02/2025,8130.0,8100.0,30.0,0.0037037,8200.0,8220.0,8070.0,1765979.0,14331091160.0,0.0,0.0,1765979.0,14331091160.0,411300.0,6400.0,0.0,-417700.0,3337331000.0,51910000.0,0.0,-3389241000.0
25/02/2025,8100.0,8000.0,100.0,0.0125,8100.0,8170.0,8030.0,1826392.0,14798205210.0,0.0,0.0,1826392.0,14798205210.0,354600.0,-300.0,0.0,-354300.0,2875276000.0,-2424000.0,0.0,-2872852000.0
24/02/2025,8000.0,8140.0,-140.0,-0.01719902,8150.0,8150.0,7970.0,2067255.0,16633830120.0,0.0,0.0,2067255.0,16633830120.0,460400.0,500.0,0.0,-460900.0,3709494000.0,3746000.0,0.0,-3713240000.0
21/02/2025,8140.0,8060.0,80.0,0.00992556,8040.0,8230.0,8000.0,3195969.0,25971226100.0,0.0,0.0,3195969.0,25971226100.0,145100.0,70200.0,70000.0,-215300.0,1187290000.0,570228000.0,568600000.0,-1757518000.0
20/02/2025,8060.0,8200.0,-140.0,-0.01707317,8250.0,8250.0,8030.0,3194977.0,25907390220.0,0.0,0.0,3194977.0,25907390220.0,-195309.0,268309.0,269909.0,-73000.0,-1587001030.0,2186196030.0,2200126000.0,-599195000.0
19/02/2025,8200.0,7700.0,500.0,0.06493506,7790.0,8230.0,7710.0,10261170.0,82587121730.0,0.0,0.0,10261170.0,82587121730.0,3885079.0,627000.0,600000.0,-4512079.0,31118409260.0,5119430000.0,4917300000.0,-36237839260.0
18/02/2025,7700.0,7350.0,350.0,0.04761905,7350.0,7700.0,7350.0,4448578.0,33894456310.0,0.0,0.0,4448578.0,33894456310.0,1198400.0,2100.0,0.0,-1200500.0,9166292000.0,15610000.0,0.0,-9181902000.0
17/02/2025,7350.0,7300.0,50.0,0.00684932,7310.0,7440.0,7310.0,1089060.0,8034828850.0,0.0,0.0,1089060.0,8034828850.0,-38300.0,16000.0,0.0,22300.0,-283235000.0,118018000.0,0.0,165217000.0
14/02/2025,7300.0,7240.0,60.0,0.00828729,7240.0,7340.0,7240.0,1250507.0,9129910590.0,0.0,0.0,1250507.0,9129910590.0,249000.0,1500.0,0.0,-250500.0,1818378000.0,10956000.0,0.0,-1829334000.0
13/02/2025,7240.0,7250.0,-10.0,-0.00137931,7250.0,7260.0,7200.0,1099748.0,7945876680.0,0.0,0.0,1099748.0,7945876680.0,18500.0,5000.0,0.0,-23500.0,133384000.0,36100000.0,0.0,-169484000.0
12/02/2025,7250.0,7260.0,-10.0,-0.00137741,7220.0,7340.0,7220.0,410360.0,2976694300.0,0.0,0.0,410360.0,2976694300.0,36200.0,0.0,0.0,-36200.0,262765000.0,0.0,0.0,-262765000.0
11/02/2025,7260.0,7210.0,50.0,0.00693481,7210.0,7350.0,7210.0,753495.0,5474435830.0,0.0,0.0,753495.0,5474435830.0,93400.0,3000.0,0.0,-96400.0,677405000.0,21824000.0,0.0,-699229000.0
10/02/2025,7210.0,7290.0,-80.0,-0.011,7230.0,7270.0,7210.0,565776.0,4090417720.0,0.0,0.0,565776.0,4090417720.0,198000.0,-13900.0,0.0,-184100.0,1431640000.0,-100536000.0,0.0,-1331104000.0
07/02/2025,7290.0,7340.0,-50.0,-0.00681199,7340.0,7370.0,7290.0,771603.0,5651839380.0,0.0,0.0,771603.0,5651839380.0,126618.0,-10000.0,0.0,-116618.0,928020740.0,-73400000.0,0.0,-854620740.0
06/02/2025,7340.0,7410.0,-70.0,-0.00944669,7410.0,7430.0,7320.0,706031.0,5200839980.0,0.0,0.0,706031.0,5200839980.0,88500.0,40000.0,0.0,-128500.0,653230000.0,295400000.0,0.0,-948630000.0
05/02/2025,7410.0,7320.0,90.0,0.01229508,7350.0,7450.0,7330.0,1352208.0,10022772790.0,0.0,0.0,1352208.0,10022772790.0,90700.0,-9500.0,0.0,-81200.0,675491001.0,-70785000.0,0.0,-604706000.0
04/02/2025,7320.0,7230.0,90.0,0.01244813,7200.0,7330.0,7200.0,772483.0,5606936180.0,0.0,0.0,772483.0,5606936180.0,165900.0,0.0,0.0,-165900.0,1203865001.0,0.0,0.0,-1203865000.0
03/02/2025,7230.0,7310.0,-80.0,-0.01094391,7310.0,7310.0,7190.0,606961.0,4386803810.0,0.0,0.0,606961.0,4386803810.0,157400.0,500.0,0.0,-157900.0,1137547001.0,3610000.0,0.0,-1141157000.0
24/01/2025,7310.0,7180.0,130.0,0.01810585,7160.0,7330.0,7160.0,1199851.0,8707375370.0,0.0,0.0,1199851.0,8707375370.0,201200.0,25600.0,0.0,-226800.0,1474540000.0,187050000.0,0.0,-1661590000.0
23/01/2025,7180.0,7120.0,60.0,0.00842697,7120.0,7220.0,7110.0,364869.0,2612743040.0,0.0,0.0,364869.0,2612743040.0,31700.0,0.0,0.0,-31700.0,226112000.0,0.0,0.0,-226112000.0
22/01/2025,7120.0,7230.0,-110.0,-0.01521438,7250.0,7250.0,7110.0,863207.0,6172675350.0,0.0,0.0,863207.0,6172675350.0,226300.0,0.0,0.0,-226300.0,1620597000.0,0.0,0.0,-1620597000.0
21/01/2025,7230.0,7160.0,70.0,0.00977654,7190.0,7250.0,7150.0,1238479.0,8906566250.0,0.0,0.0,1238479.0,8906566250.0,475500.0,0.0,0.0,-475500.0,3422583000.0,0.0,0.0,-3422583000.0
20/01/2025,7160.0,7190.0,-30.0,-0.00417246,7200.0,7230.0,7160.0,462721.0,3329010790.0,0.0,0.0,462721.0,3329010790.0,-17100.0,0.0,0.0,17100.0,-123442000.0,0.0,0.0,123442000.0
17/01/2025,7190.0,7080.0,110.0,0.01553672,7100.0,7230.0,7100.0,487381.0,3496120610.0,0.0,0.0,487381.0,3496120610.0,-8200.0,0.0,0.0,8200.0,-59372000.0,0.0,0.0,59372000.0
16/01/2025,7080.0,7150.0,-70.0,-0.00979021,7200.0,7280.0,7080.0,364142.0,2613167620.0,0.0,0.0,364142.0,2613167620.0,28500.0,25000.0,0.0,-53500.0,205066000.0,179850000.0,0.0,-384916000.0
15/01/2025,7150.0,7050.0,100.0,0.0141844,7060.0,7160.0,7060.0,313216.0,2231367510.0,0.0,0.0,313216.0,2231367510.0,-2800.0,14000.0,0.0,-11200.0,-20308000.0,99960000.0,0.0,-79652000.0
14/01/2025,7050.0,7080.0,-30.0,-0.00423729,7100.0,7120.0,7010.0,284732.0,2017247220.0,0.0,0.0,284732.0,2017247220.0,37600.0,-3100.0,0.0,-34500.0,266625000.0,-22010000.0,0.0,-244615000.0
13/01/2025,7080.0,7000.0,80.0,0.01142857,7000.0,7100.0,6950.0,705101.0,4957689720.0,0.0,0.0,705101.0,4957689720.0,49400.0,500.0,0.0,-49900.0,347758001.0,3501000.0,0.0,-351259000.0
10/01/2025,7000.0,7110.0,-110.0,-0.01547117,7150.0,7150.0,7000.0,662483.0,4681710980.0,0.0,0.0,662483.0,4681710980.0,68300.0,-15700.0,0.0,-52600.0,482886000.0,-110477000.0,0.0,-372409000.0
09/01/2025,7110.0,7130.0,-20.0,-0.00280505,7130.0,7160.0,7100.0,582691.0,4148505740.0,0.0,0.0,582691.0,4148505740.0,61900.0,1500.0,0.0,-63400.0,439676000.0,10728000.0,0.0,-450404000.0
08/01/2025,7130.0,7020.0,110.0,0.01566952,7020.0,7170.0,6990.0,826137.0,5842565330.0,0.0,0.0,826137.0,5842565330.0,39900.0,0.0,0.0,-39900.0,279744000.0,0.0,0.0,-279744000.0
07/01/2025,7020.0,7100.0,-80.0,-0.01126761,7100.0,7160.0,6990.0,916894.0,6483473530.0,0.0,0.0,916894.0,6483473530.0,291000.0,-1000.0,0.0,-290000.0,2059269000.0,-7160000.0,0.0,-2052109000.0
06/01/2025,7100.0,7260.0,-160.0,-0.02203857,7300.0,7300.0,7100.0,845734.0,6087609380.0,0.0,0.0,845734.0,6087609380.0,219500.0,-2600.0,0.0,-216900.0,1587377000.0,-18876000.0,0.0,-1568501000.0
03/01/2025,7260.0,7420.0,-160.0,-0.02156334,7430.0,7430.0,7260.0,1055435.0,7743129210.0,0.0,0.0,1055435.0,7743129210.0,385713.0,1000.0,0.0,-386713.0,2835071681.0,7260000.0,0.0,-2842331680.0
02/01/2025,7420.0,7420.0,0.0,0.0,7430.0,7460.0,7400.0,425979.0,3160806810.0,0.0,0.0,425979.0,3160806810.0,21200.0,0.0,0.0,-21200.0,157098000.0,0.0,0.0,-157098000.0
31/12/2024,7420.0,7420.0,0.0,0.0,7380.0,7470.0,7380.0,1122777.0,8318622980.0,0.0,0.0,1122777.0,8318622980.0,151200.0,4200.0,0.0,-155400.0,1119546000.0,31434000.0,0.0,-1150980000.0
30/12/2024,7420.0,7430.0,-10.0,-0.0013459,7430.0,7450.0,7380.0,661943.0,4908139420.0,0.0,0.0,661943.0,4908139420.0,235500.0,-66400.0,0.0,-169100.0,1745793000.0,-492341000.0,0.0,-1253452000.0
27/12/2024,7430.0,7580.0,-150.0,-0.01978892,7580.0,7600.0,7420.0,1175151.0,8779044740.0,0.0,0.0,1175151.0,8779044740.0,307900.0,-15100.0,0.0,-292800.0,2303462000.0,-112850000.0,0.0,-2190612000.0
26/12/2024,7580.0,7650.0,-70.0,-0.00915033,7660.0,7680.0,7570.0,681709.0,5185596130.0,0.0,0.0,681709.0,5185596130.0,-16500.0,5600.0,0.0,10900.0,-123065000.0,42472000.0,0.0,80593000.0
25/12/2024,7650.0,7450.0,200.0,0.02684564,7460.0,7650.0,7450.0,1717686.0,13000678390.0,0.0,0.0,1717686.0,13000678390.0,-283300.0,18100.0,0.0,265200.0,-2140327000.0,138280000.0,0.0,2002047000.0
24/12/2024,7450.0,7550.0,-100.0,-0.01324503,7550.0,7550.0,7400.0,736755.0,5489392850.0,0.0,0.0,736755.0,5489392850.0,-25000.0,900.0,0.0,24100.0,-186114000.0,6723000.0,0.0,179391000.0
23/12/2024,7550.0,7340.0,210.0,0.02861035,7360.0,7550.0,7360.0,941620.0,7028482820.0,0.0,0.0,941620.0,7028482820.0,-67884.0,7384.0,0.0,60500.0,-506079280.0,55827280.0,0.0,450252000.0
20/12/2024,7340.0,7350.0,-10.0,-0.00136054,7370.0,7390.0,7310.0,758643.0,5572910500.0,0.0,0.0,758643.0,5572910500.0,146700.0,-15000.0,0.0,-131700.0,1077321000.0,-110270000.0,0.0,-967051000.0
19/12/2024,7350.0,7500.0,-150.0,-0.02,7420.0,7450.0,7300.0,1712332.0,12640430330.0,0.0,0.0,1712332.0,12640430330.0,458600.0,-77300.0,0.0,-381300.0,3382926000.0,-569663000.0,0.0,-2813263000.0
18/12/2024,7500.0,7410.0,90.0,0.01214575,7410.0,7520.0,7390.0,503243.0,3750843120.0,0.0,0.0,503243.0,3750843120.0,102500.0,29900.0,0.0,-132400.0,764094000.0,222850000.0,0.0,-986944000.0
17/12/2024,7410.0,7460.0,-50.0,-0.00670241,7460.0,7500.0,7370.0,682804.0,5063257490.0,0.0,0.0,682804.0,5063257490.0,197179.0,1000.0,-79.0,-198179.0,1462747490.0,7420000.0,-578000.0,-1470167490.0
16/12/2024,7460.0,7520.0,-60.0,-0.00797872,7520.0,7570.0,7440.0,951382.0,7140677730.0,0.0,0.0,951382.0,7140677730.0,525600.0,-1100.0,0.0,-524500.0,3948561000.0,-8335000.0,0.0,-3940226000.0
13/12/2024,7520.0,7630.0,-110.0,-0.01441678,7650.0,7650.0,7520.0,745179.0,5631434470.0,0.0,0.0,745179.0,5631434470.0,249500.0,-19000.0,0.0,-230500.0,1886827001.0,-143467000.0,0.0,-1743360000.0
12/12/2024,7630.0,7720.0,-90.0,-0.01165803,7740.0,7780.0,7560.0,1681811.0,12932756690.0,0.0,0.0,1681811.0,12932756690.0,625400.0,2400.0,-200.0,-627800.0,4828954001.0,18372000.0,-1548000.0,-4847326000.0
11/12/2024,7720.0,7820.0,-100.0,-0.01278772,7820.0,7840.0,7700.0,1468785.0,11378005170.0,0.0,0.0,1468785.0,11378005170.0,335600.0,500.0,0.0,-336100.0,2597799000.0,3865000.0,0.0,-2601664000.0
10/12/2024,7820.0,7800.0,20.0,0.0025641,7840.0,7860.0,7800.0,995216.0,7784644510.0,0.0,0.0,995216.0,7784644510.0,137100.0,20900.0,0.0,-158000.0,1072899000.0,164063000.0,0.0,-1236962000.0
09/12/2024,7800.0,7750.0,50.0,0.00645161,7770.0,7840.0,7610.0,1457610.0,11324210520.0,0.0,0.0,1457610.0,11324210520.0,-217500.0,39500.0,0.0,178000.0,-1694224000.0,308031000.0,0.0,1386193000.0
06/12/2024,7750.0,7750.0,0.0,0.0,7770.0,7840.0,7740.0,1794665.0,13930446790.0,0.0,0.0,1794665.0,13930446790.0,-75100.0,-10000.0,0.0,85100.0,-581631000.0,-77500000.0,0.0,659131000.0
05/12/2024,7750.0,7510.0,240.0,0.03195739,7510.0,7780.0,7460.0,1516428.0,11565308900.0,0.0,0.0,1516428.0,11565308900.0,-259600.0,-500.0,0.0,260100.0,-2000940000.0,-3875000.0,0.0,2004815000.0
04/12/2024,7510.0,7620.0,-110.0,-0.0144357,7630.0,7740.0,7450.0,1692857.0,12844005770.0,0.0,0.0,1692857.0,12844005770.0,-22700.0,40200.0,0.0,-17500.0,-167294000.0,303411000.0,0.0,-136117000.0
03/12/2024,7620.0,7790.0,-170.0,-0.02182285,7690.0,7820.0,7620.0,999114.0,7725791240.0,0.0,0.0,999114.0,7725791240.0,257100.0,-29500.0,0.0,-227600.0,1995122000.0,-228772000.0,0.0,-1766350000.0
02/12/2024,7790.0,7580.0,210.0,0.02770449,7600.0,7970.0,7580.0,2296377.0,17854950630.0,0.0,0.0,2296377.0,17854950630.0,-12100.0,-3800.0,0.0,15900.0,-59278000.0,-29914000.0,0.0,89192000.0
29/11/2024,7580.0,7560.0,20.0,0.0026455,7560.0,7590.0,7500.0,921639.0,6962750730.0,0.0,0.0,921639.0,6962750730.0,-63900.0,-19700.0,0.0,83600.0,-484872000.0,-147959000.0,0.0,632831000.0
28/11/2024,7560.0,7520.0,40.0,0.00531915,7600.0,7650.0,7530.0,922356.0,6998522580.0,0.0,0.0,922356.0,6998522580.0,95700.0,-200.0,0.0,-95500.0,726962000.0,-1499000.0,0.0,-725463000.0
27/11/2024,7520.0,7580.0,-60.0,-0.00791557,7620.0,7620.0,7500.0,485006.0,3658218310.0,0.0,0.0,485006.0,3658218310.0,97500.0,0.0,0.0,-97500.0,738142000.0,0.0,0.0,-738142000.0
26/11/2024,7580.0,7480.0,100.0,0.01336898,7500.0,7700.0,7500.0,2115317.0,16101070560.0,0.0,0.0,2115317.0,16101070560.0,-194200.0,16000.0,0.0,178200.0,-1477640000.0,121370000.0,0.0,1356270000.0
25/11/2024,7480.0,7410.0,70.0,0.00944669,7420.0,7530.0,7410.0,703808.0,5264287930.0,0.0,0.0,703808.0,5264287930.0,-113900.0,45000.0,0.0,68900.0,-848447001.0,336223000.0,0.0,512224000.0
22/11/2024,7410.0,7470.0,-60.0,-0.00803213,7490.0,7540.0,7390.0,872253.0,6503013000.0,0.0,0.0,872253.0,6503013000.0,-6000.0,-3000.0,0.0,9000.0,-45134000.0,-22379000.0,0.0,67513000.0
21/11/2024,7470.0,7470.0,0.0,0.0,7450.0,7480.0,7400.0,638744.0,4745957910.0,0.0,0.0,638744.0,4745957910.0,3260.0,5040.0,0.0,-8300.0,26338000.0,37548000.0,0.0,-63886000.0
20/11/2024,7470.0,7390.0,80.0,0.01082544,7390.0,7580.0,7290.0,1799408.0,13490756680.0,0.0,0.0,1799408.0,13490756680.0,-267200.0,13000.0,0.0,254200.0,-2003511000.0,96672000.0,0.0,1906839000.0
19/11/2024,7390.0,7400.0,-10.0,-0.00135135,7430.0,7640.0,7350.0,1755803.0,13119393510.0,0.0,0.0,1755803.0,13119393510.0,-155800.0,-22000.0,0.0,177800.0,-1160151000.0,-164390000.0,0.0,1324541000.0
18/11/2024,7400.0,7030.0,370.0,0.05263158,7000.0,7450.0,6980.0,1528007.0,11094766040.0,0.0,0.0,1528007.0,11094766040.0,-260168.0,2000.0,0.0,258168.0,-1923220359.0,13310000.0,0.0,1909910360.0
15/11/2024,7030.0,7190.0,-160.0,-0.02225313,7180.0,7180.0,6980.0,1378106.0,9712334450.0,0.0,0.0,1378106.0,9712334450.0,279600.0,82800.0,0.0,-362400.0,1974396001.0,583100000.0,0.0,-2557496000.0
14/11/2024,7190.0,7260.0,-70.0,-0.00964187,7310.0,7310.0,7180.0,509634.0,3692771780.0,0.0,0.0,509634.0,3692771780.0,66700.0,-10700.0,0.0,-56000.0,482948000.0,-78105000.0,0.0,-404843000.0
13/11/2024,7260.0,7320.0,-60.0,-0.00819672,7300.0,7340.0,6870.0,1419267.0,10302020650.0,0.0,0.0,1419267.0,10302020650.0,-43900.0,0.0,0.0,43900.0,-317070000.0,0.0,0.0,317070000.0
12/11/2024,7320.0,7410.0,-90.0,-0.01214575,7440.0,7470.0,7320.0,543440.0,4018600890.0,0.0,0.0,543440.0,4018600890.0,108523.0,-63300.0,0.0,-45223.0,800422760.0,-467115000.0,0.0,-333307760.0
11/11/2024,7410.0,7340.0,70.0,0.00953678,7340.0,7450.0,7290.0,1460759.0,10720016930.0,0.0,0.0,1460759.0,10720016930.0,-243059.0,-32341.0,-41.0,275400.0,-1785887440.0,-237797560.0,-294000.0,2023685000.0
08/11/2024,7340.0,7400.0,-60.0,-0.00810811,7450.0,7480.0,7320.0,548510.0,4054188250.0,0.0,0.0,548510.0,4054188250.0,18400.0,-800.0,0.0,-17600.0,138432000.0,-5974000.0,0.0,-132458000.0
07/11/2024,7400.0,7380.0,20.0,0.00271003,7400.0,7500.0,7380.0,1199828.0,8906288530.0,0.0,0.0,1199828.0,8906288530.0,-132300.0,39700.0,0.0,92600.0,-983084001.0,296242000.0,0.0,686842000.0
06/11/2024,7380.0,7150.0,230.0,0.03216783,7190.0,7400.0,7160.0,1174423.0,8542838040.0,0.0,0.0,1174423.0,8542838040.0,-290300.0,-1500.0,0.0,291800.0,-2105206000.0,-10795000.0,0.0,2116001000.0
05/11/2024,7150.0,7110.0,40.0,0.00562588,7090.0,7190.0,7090.0,604995.0,4320548210.0,0.0,0.0,604995.0,4320548210.0,-148700.0,-15000.0,0.0,163700.0,-1061572000.0,-107090000.0,0.0,1168662000.0
04/11/2024,7110.0,7260.0,-150.0,-0.02066116,7230.0,7230.0,7080.0,1898834.0,13542736610.0,0.0,0.0,1898834.0,13542736610.0,26200.0,20700.0,0.0,-46900.0,189095000.0,146984000.0,0.0,-336079000.0
01/11/2024,7260.0,7310.0,-50.0,-0.00683995,7260.0,7320.0,7260.0,1260537.0,9159940190.0,0.0,0.0,1260537.0,9159940190.0,-24900.0,-1800.0,0.0,26700.0,-180941000.0,-13132000.0,0.0,194073000.0
31/10/2024,7310.0,7300.0,10.0,0.00136986,7300.0,7340.0,7270.0,740002.0,5399062940.0,0.0,0.0,740002.0,5399062940.0,28400.0,0.0,0.0,-28400.0,206891000.0,0.0,0.0,-206891000.0
30/10/2024,7300.0,7390.0,-90.0,-0.01217862,7400.0,7450.0,7260.0,808865.0,5919680560.0,0.0,0.0,808865.0,5919680560.0,111200.0,-600.0,0.0,-110600.0,817604000.0,-4419000.0,0.0,-813185000.0
29/10/2024,7390.0,7220.0,170.0,0.02354571,7300.0,7590.0,7280.0,1845129.0,13660226820.0,0.0,0.0,1845129.0,13660226820.0,474342.0,-374542.0,0.0,-99800.0,3520620800.0,-2778376800.0,0.0,-742244000.0
28/10/2024,7220.0,7140.0,80.0,0.01120448,7200.0,7280.0,7150.0,954765.0,6891162800.0,0.0,0.0,954765.0,6891162800.0,-55900.0,-200.0,0.0,56100.0,-405095000.0,-1432000.0,0.0,406527000.0
25/10/2024,7140.0,7200.0,-60.0,-0.00833333,7150.0,7220.0,7140.0,894562.0,6417258560.0,0.0,0.0,894562.0,6417258560.0,191600.0,12000.0,0.0,-203600.0,1376818000.0,85827000.0,0.0,-1462645000.0
24/10/2024,7200.0,7190.0,10.0,0.00139082,7150.0,7390.0,7150.0,1812647.0,13135540170.0,0.0,0.0,1812647.0,13135540170.0,-144200.0,21700.0,0.0,122500.0,-1033367000.0,158105000.0,0.0,875262000.0
23/10/2024,7190.0,7130.0,60.0,0.00841515,7180.0,7190.0,7100.0,746411.0,5332123020.0,0.0,0.0,746411.0,5332123020.0,-127700.0,2000.0,0.0,125700.0,-912995001.0,14294000.0,0.0,898701000.0
22/10/2024,7130.0,7120.0,10.0,0.00140449,7120.0,7220.0,7080.0,1612064.0,11532535810.0,0.0,0.0,1612064.0,11532535810.0,-228000.0,8700.0,0.0,219300.0,-1638669000.0,61686000.0,0.0,1576983000.0
21/10/2024,7120.0,7230.0,-110.0,-0.0152,7250.0,7250.0,7100.0,1368363.0,9820753630.0,0.0,0.0,1368363.0,9820753630.0,-14600.0,11000.0,0.0,3600.0,-100451000.0,78420000.0,0.0,22031000.0
18/10/2024,7230.0,7280.0,-50.0,-0.00686813,7340.0,7360.0,7230.0,1417455.0,10320857380.0,0.0,0.0,1417455.0,10320857380.0,213900.0,-11300.0,0.0,-202600.0,1557773000.0,-82304000.0,0.0,-1475469000.0
17/10/2024,7280.0,7150.0,130.0,0.01818182,7120.0,7300.0,7100.0,1694170.0,12203167780.0,0.0,0.0,1694170.0,12203167780.0,-93100.0,-6000.0,0.0,99100.0,-670535000.0,-43160000.0,0.0,713695000.0
16/10/2024,7150.0,6940.0,210.0,0.03025937,7110.0,7270.0,7050.0,2465650.0,17687055710.0,0.0,0.0,2465650.0,17687055710.0,-295800.0,-14500.0,0.0,310300.0,-2125630000.0,-103647000.0,0.0,2229277000.0
15/10/2024,6940.0,7450.0,-510.0,-0.06845638,7470.0,7530.0,6930.0,6990149.0,50385531190.0,0.0,0.0,6990149.0,50385531190.0,-21900.0,-170100.0,0.0,192000.0,-143827000.0,-1186714000.0,0.0,1330541000.0
14/10/2024,7450.0,8010.0,-560.0,-0.06991261,7460.0,7790.0,7450.0,9209387.0,68843325190.0,0.0,0.0,9209387.0,68843325190.0,135948.0,-118248.0,-48.0,-17700.0,1021951601.0,-882245600.0,-358000.0,-139706000.0
11/10/2024,8010.0,7950.0,60.0,0.00754717,7950.0,8100.0,7950.0,787761.0,6327024600.0,0.0,0.0,787761.0,6327024600.0,-97000.0,-2000.0,0.0,99000.0,-776667000.0,-16060000.0,0.0,792727000.0
10/10/2024,7950.0,8010.0,-60.0,-0.00749064,8110.0,8110.0,7900.0,1338239.0,10691466730.0,0.0,0.0,1338239.0,10691466730.0,253500.0,1600.0,0.0,-255100.0,2027365000.0,12773000.0,0.0,-2040138000.0
09/10/2024,8010.0,8070.0,-60.0,-0.00743494,8070.0,8170.0,8000.0,1176638.0,9464930360.0,0.0,0.0,1176638.0,9464930360.0,152500.0,1700.0,0.0,-154200.0,1227989001.0,13719000.0,0.0,-1241708000.0
08/10/2024,8070.0,8150.0,-80.0,-0.00981595,8160.0,8200.0,8030.0,781616.0,6323491030.0,0.0,0.0,781616.0,6323491030.0,172792.0,500.0,0.0,-173292.0,1398381640.0,4020000.0,0.0,-1402401640.0
07/10/2024,8150.0,8210.0,-60.0,-0.00730816,8250.0,8310.0,8130.0,625959.0,5125802720.0,0.0,0.0,625959.0,5125802720.0,144200.0,0.0,0.0,-144200.0,1179484001.0,0.0,0.0,-1179484000.0
04/10/2024,8210.0,8350.0,-140.0,-0.01676647,8320.0,8350.0,8210.0,849326.0,7021437210.0,0.0,0.0,849326.0,7021437210.0,348100.0,33600.0,0.0,-381700.0,2881345000.0,278797000.0,0.0,-3160142000.0
03/10/2024,8350.0,8580.0,-230.0,-0.02680653,8550.0,8600.0,8000.0,1748636.0,14784165680.0,0.0,0.0,1748636.0,14784165680.0,-21118.0,-2182.0,0.0,23300.0,-175952250.0,-18286750.0,0.0,194239000.0
02/10/2024,8580.0,8630.0,-50.0,-0.00579374,8690.0,8690.0,8530.0,1173026.0,10087408350.0,0.0,0.0,1173026.0,10087408350.0,132000.0,-35000.0,0.0,-97000.0,1136250000.0,-301100000.0,0.0,-835150000.0
01/10/2024,8630.0,8590.0,40.0,0.00465658,8680.0,8740.0,8600.0,1215660.0,10546608830.0,0.0,0.0,1215660.0,10546608830.0,-127800.0,8500.0,0.0,119300.0,-1113079000.0,74956000.0,0.0,1038123000.0
30/09/2024,8590.0,8720.0,-130.0,-0.01490826,8700.0,8730.0,8590.0,1233443.0,10636492960.0,0.0,0.0,1233443.0,10636492960.0,178903.0,-3000.0,0.0,-175903.0,1542476800.0,-25820000.0,0.0,-1516656800.0
27/09/2024,8720.0,8760.0,-40.0,-0.00456621,8790.0,8810.0,8710.0,787951.0,6901015240.0,0.0,0.0,787951.0,6901015240.0,-29420.0,4420.0,0.0,25000.0,-257857560.0,38638560.0,0.0,219219000.0
26/09/2024,8760.0,8720.0,40.0,0.00458716,8750.0,8830.0,8720.0,1239235.0,10883707450.0,0.0,0.0,1239235.0,10883707450.0,-120200.0,4500.0,0.0,115700.0,-1054994000.0,39519000.0,0.0,1015475000.0
25/09/2024,8720.0,8590.0,130.0,0.01513388,8600.0,8770.0,8580.0,1872170.0,16173303180.0,0.0,0.0,1872170.0,16173303180.0,-139900.0,15600.0,0.0,124300.0,-1213723000.0,134768000.0,0.0,1078955000.0
24/09/2024,8590.0,8600.0,-10.0,-0.00116279,8600.0,8640.0,8520.0,960137.0,8215847200.0,0.0,0.0,960137.0,8215847200.0,311608.0,-188008.0,0.0,-123600.0,2666229800.0,-1606621800.0,0.0,-1059608000.0
23/09/2024,8600.0,8780.0,-180.0,-0.02050114,8810.0,8810.0,8600.0,1198851.0,10387829790.0,0.0,0.0,1198851.0,10387829790.0,49100.0,-29800.0,0.0,-19300.0,426492000.0,-258052000.0,0.0,-168440000.0
20/09/2024,8780.0,8850.0,-70.0,-0.0079096,8950.0,8950.0,8740.0,992873.0,8792133570.0,0.0,0.0,992873.0,8792133570.0,30500.0,5100.0,0.0,-35600.0,270517000.0,45228000.0,0.0,-315745000.0
19/09/2024,8850.0,8710.0,140.0,0.01607348,8770.0,8850.0,8750.0,1331320.0,11705980660.0,0.0,0.0,1331320.0,11705980660.0,-69112.0,-41180.0,0.0,110292.0,-606491220.0,-362295200.0,0.0,968786420.0
18/09/2024,8710.0,8700.0,10.0,0.00114943,8710.0,8830.0,8700.0,1161103.0,10169172870.0,0.0,0.0,1161103.0,10169172870.0,206130.0,-10808.0,-10008.0,-195322.0,1806159100.0,-95105760.0,-88070000.0,-1711053340.0
17/09/2024,8700.0,8720.0,-20.0,-0.00229358,8650.0,8710.0,8450.0,1266929.0,10911473680.0,0.0,0.0,1266929.0,10911473680.0,80400.0,-179200.0,0.0,98800.0,678680000.0,-1538726000.0,0.0,860046000.0
16/09/2024,8720.0,8760.0,-40.0,-0.00456621,8780.0,8780.0,8650.0,991229.0,8613258430.0,100000.0,860000000.0,1091229.0,9473258430.0,204900.0,-205900.0,0.0,1000.0,1782135000.0,-1790820000.0,0.0,8685000.0
13/09/2024,8760.0,8780.0,-20.0,-0.0022779,8780.0,8780.0,8660.0,737775.0,6432635560.0,0.0,0.0,737775.0,6432635560.0,97900.0,-99300.0,0.0,1400.0,851109000.0,-863296000.0,0.0,12187000.0
12/09/2024,8780.0,8830.0,-50.0,-0.00566251,8770.0,8890.0,8650.0,1301158.0,11348476430.0,0.0,0.0,1301158.0,11348476430.0,-191800.0,112600.0,100000.0,79200.0,-1688165000.0,990828000.0,878000000.0,697337000.0
11/09/2024,8830.0,8870.0,-40.0,-0.00450958,8640.0,8830.0,8610.0,856564.0,7472127970.0,0.0,0.0,856564.0,7472127970.0,62300.0,-94100.0,0.0,31800.0,537621000.0,-813474000.0,0.0,275853000.0
10/09/2024,8870.0,8870.0,0.0,0.0,8880.0,8880.0,8600.0,1369902.0,11998395550.0,0.0,0.0,1369902.0,11998395550.0,-81200.0,81200.0,0.0,0.0,-716257000.0,716257000.0,0.0,0.0
09/09/2024,8870.0,8900.0,-30.0,-0.00337079,8850.0,8870.0,8730.0,915710.0,8060105360.0,0.0,0.0,915710.0,8060105360.0,40600.0,-38600.0,0.0,-2000.0,352421000.0,-334726000.0,0.0,-17695000.0
06/09/2024,8900.0,8930.0,-30.0,-0.00335946,8910.0,8910.0,8780.0,656256.0,5812201050.0,0.0,0.0,656256.0,5812201050.0,15500.0,-18900.0,0.0,3400.0,137080000.0,-167306000.0,0.0,30226000.0
05/09/2024,8930.0,8870.0,60.0,0.00676437,8900.0,9000.0,8840.0,1107746.0,9857671430.0,0.0,0.0,1107746.0,9857671430.0,8900.0,-14300.0,0.0,5400.0,78727000.0,-127251000.0,0.0,48524000.0
04/09/2024,8870.0,9100.0,-230.0,-0.02527473,8990.0,9050.0,8800.0,1399999.0,12451156840.0,0.0,0.0,1399999.0,12451156840.0,61200.0,-78600.0,0.0,17400.0,542764000.0,-697569000.0,0.0,154805000.0
30/08/2024,9100.0,9200.0,-100.0,-0.01086957,9200.0,9200.0,9070.0,1430818.0,13053622370.0,100000.0,934800000.0,1530818.0,13988422370.0,233700.0,-225400.0,0.0,-8300.0,2131411000.0,-2055509000.0,0.0,-75902000.0
29/08/2024,9200.0,9350.0,-150.0,-0.01604278,9290.0,9300.0,9190.0,1337160.0,12325940630.0,0.0,0.0,1337160.0,12325940630.0,196900.0,-197900.0,0.0,1000.0,1816576000.0,-1825836000.0,0.0,9260000.0
28/08/2024,9350.0,9390.0,-40.0,-0.00425985,9380.0,9380.0,9180.0,1335811.0,12383887490.0,0.0,0.0,1335811.0,12383887490.0,-172300.0,-29300.0,100000.0,201600.0,-1612828000.0,-270819000.0,933355000.0,1883647000.0
27/08/2024,9390.0,9400.0,-10.0,-0.00106383,9380.0,9420.0,9210.0,2044344.0,19042173830.0,270000.0,2523960000.0,2314344.0,21566133830.0,157500.0,-171300.0,0.0,13800.0,1461217000.0,-1589547000.0,0.0,128330000.0
26/08/2024,9400.0,9450.0,-50.0,-0.00529101,9490.0,9500.0,9310.0,1596008.0,15003297820.0,200000.0,1869400000.0,1796008.0,16872697820.0,205900.0,-224000.0,0.0,18100.0,1933192000.0,-2103710000.0,0.0,170518000.0
23/08/2024,9450.0,9500.0,-50.0,-0.00526316,9470.0,9490.0,9260.0,1682993.0,15708350520.0,200000.0,1878000000.0,1882993.0,17586350520.0,7900.0,-71900.0,100000.0,64000.0,66965000.0,-666124000.0,935187000.0,599159000.0
22/08/2024,9500.0,9400.0,100.0,0.0106383,9400.0,9500.0,9260.0,2276717.0,21328055900.0,160000.0,1486400000.0,2436717.0,22814455900.0,-712649.0,-36551.0,140000.0,749200.0,-6732514501.0,-325626500.0,1315772000.0,7058141000.0
21/08/2024,9400.0,9400.0,0.0,0.0,9390.0,9410.0,9200.0,2263871.0,21161799810.0,100000.0,924500000.0,2363871.0,22086299810.0,-730500.0,115300.0,200000.0,615200.0,-6876354001.0,1094769000.0,1877124000.0,5781585000.0
20/08/2024,9400.0,9300.0,100.0,0.01075269,9230.0,9500.0,9110.0,2497807.0,23287826710.0,0.0,0.0,2497807.0,23287826710.0,-417768.0,192968.0,190000.0,224800.0,-3932097040.0,1817023040.0,1789308000.0,2115074000.0
19/08/2024,9300.0,9300.0,0.0,0.0,9340.0,9340.0,9170.0,1720625.0,15883053910.0,0.0,0.0,1720625.0,15883053910.0,128100.0,-105200.0,0.0,-22900.0,1180642000.0,-967729000.0,0.0,-212913000.0
16/08/2024,9300.0,8760.0,540.0,0.06164384,8680.0,9350.0,8680.0,2953802.0,26916853730.0,0.0,0.0,2953802.0,26916853730.0,-283883.0,121483.0,100000.0,162400.0,-2631589500.0,1137333500.0,930657000.0,1494256000.0
15/08/2024,8760.0,8750.0,10.0,0.00114286,8760.0,8790.0,8560.0,1256778.0,10911488440.0,426800.0,3850162800.0,1683578.0,14761651240.0,-238400.0,70000.0,200000.0,168400.0,-2093959001.0,623360000.0,1745584000.0,1470599000.0
14/08/2024,8750.0,8680.0,70.0,0.00806452,8700.0,8790.0,8540.0,1511756.0,13091291300.0,0.0,0.0,1511756.0,13091291300.0,186400.0,-7500.0,0.0,-178900.0,1610745000.0,-64928000.0,0.0,-1545817000.0
13/08/2024,8680.0,8550.0,130.0,0.01520468,8500.0,8690.0,8440.0,2709447.0,23192344870.0,0.0,0.0,2709447.0,23192344870.0,35200.0,111700.0,160000.0,-146900.0,290974000.0,962872000.0,1375310000.0,-1253846000.0
12/08/2024,8550.0,8610.0,-60.0,-0.00696864,8700.0,8720.0,8480.0,1255358.0,10753162180.0,0.0,0.0,1255358.0,10753162180.0,-53700.0,50000.0,0.0,3700.0,-459426000.0,427500000.0,0.0,31926000.0
09/08/2024,8610.0,8610.0,0.0,0.0,8610.0,9100.0,8080.0,6971747.0,60329262070.0,20000.0,184000000.0,6991747.0,60513262070.0,-424100.0,159300.0,100000.0,264800.0,-3547239000.0,1368308000.0,857390000.0,2178931000.0
08/08/2024,8610.0,9250.0,-640.0,-0.06918919,9210.0,9290.0,8610.0,3393396.0,29869941470.0,20000.0,194000000.0,3413396.0,30063941470.0,-271200.0,55500.0,0.0,215700.0,-2395741000.0,505160000.0,0.0,1890581000.0
07/08/2024,9250.0,9250.0,0.0,0.0,9230.0,9280.0,9090.0,974646.0,8965696730.0,0.0,0.0,974646.0,8965696730.0,-5300.0,20000.0,0.0,-14700.0,-48703000.0,185000000.0,0.0,-136297000.0
06/08/2024,9250.0,8890.0,360.0,0.04049494,8880.0,9290.0,8840.0,1407687.0,12683154310.0,0.0,0.0,1407687.0,12683154310.0,-57800.0,200.0,0.0,57600.0,-520513000.0,1823000.0,0.0,518690000.0
05/08/2024,8890.0,9550.0,-660.0,-0.06910995,9300.0,9350.0,8890.0,2868520.0,25781733090.0,0.0,0.0,2868520.0,25781733090.0,122000.0,1000.0,0.0,-123000.0,1117714000.0,9160000.0,0.0,-1126874000.0
02/08/2024,9550.0,9490.0,60.0,0.00632244,9330.0,9590.0,9020.0,1768285.0,16471645460.0,0.0,0.0,1768285.0,16471645460.0,275268.0,-6600.0,0.0,-268668.0,2556725200.0,-59927000.0,0.0,-2496798200.0
01/08/2024,9490.0,9930.0,-440.0,-0.0443,10100.0,10150.0,9300.0,2768593.0,26983014360.0,0.0,0.0,2768593.0,26983014360.0,485882.0,-6900.0,0.0,-478982.0,4846185400.0,-66274000.0,0.0,-4779911400.0
31/07/2024,9952.87,10700.0,-150.0,-0.01401869,10235.89,10235.89,9764.19,1429088.0,15039287700.0,0.0,0.0,1429088.0,15039287700.0,135100.0,16800.0,0.0,-151900.0,1437785000.0,176985000.0,0.0,-1614770000.0
30/07/2024,10094.38,10750.0,-50.0,-0.00465116,10330.23,10330.23,9905.7,1719713.0,18344646650.0,0.0,0.0,1719713.0,18344646650.0,-478400.0,174800.0,166800.0,303600.0,-5113585001.0,1870815000.0,1784720000.0,3242770000.0
29/07/2024,10141.55,10400.0,350.0,0.03365385,9905.7,10188.72,9811.36,1796516.0,19116663750.0,0.0,0.0,1796516.0,19116663750.0,-174000.0,75500.0,0.0,98500.0,-1876515000.0,820240000.0,0.0,1056275000.0
26/07/2024,9811.36,10350.0,50.0,0.00483092,9764.19,9858.53,9528.34,702138.0,7204944200.0,0.0,0.0,702138.0,7204944200.0,26000.0,10000.0,0.0,-36000.0,274655000.0,103500000.0,0.0,-378155000.0
25/07/2024,9764.19,10500.0,-150.0,-0.01428571,9717.02,9858.53,9622.68,660793.0,6815528600.0,0.0,0.0,660793.0,6815528600.0,214900.0,112500.0,0.0,-327400.0,2216880001.0,1163720000.0,0.0,-3380600000.0
24/07/2024,9905.7,10250.0,250.0,0.02439024,9434.0,10000.04,9424.566,2541746.0,26080212600.0,0.0,0.0,2541746.0,26080212600.0,-241800.0,129500.0,0.0,112300.0,-2499885000.0,1357555000.0,0.0,1142330000.0
23/07/2024,9669.85,10200.0,50.0,0.00490196,9528.34,9858.53,9528.34,1975915.0,20289632450.0,0.0,0.0,1975915.0,20289632450.0,-265100.0,137900.0,0.0,127200.0,-2716100000.0,1421195000.0,0.0,1294905000.0
22/07/2024,9622.68,10950.0,-750.0,-0.06849315,10377.4,10377.4,9622.68,3388663.0,35297217100.0,30000.0,348000000.0,3418663.0,35645217100.0,205100.0,-44900.0,0.0,-160200.0,2243385000.0,-477270000.0,0.0,-1766115000.0
19/07/2024,10330.23,11150.0,-200.0,-0.01793722,10707.59,10707.59,10094.38,1245987.0,13607555400.0,0.0,0.0,1245987.0,13607555400.0,180200.0,0.0,0.0,-180200.0,1978960000.0,-50000.0,0.0,-1978910000.0
18/07/2024,10518.91,11200.0,-50.0,-0.00446429,10566.08,10754.76,10141.55,2892001.0,31739255900.0,30000.0,357000000.0,2922001.0,32096255900.0,241200.0,122100.0,0.0,-363300.0,2642160000.0,1379465000.0,0.0,-4021625000.0
17/07/2024,10566.08,11800.0,-600.0,-0.05084746,11132.12,11226.46,10377.4,2625233.0,29822973350.0,0.0,0.0,2625233.0,29822973350.0,31300.0,-19100.0,0.0,-12200.0,367935000.0,-220745000.0,0.0,-147190000.0
16/07/2024,11132.12,11550.0,250.0,0.02164502,11037.78,11415.14,10943.44,3140023.0,37257060650.0,0.0,0.0,3140023.0,37257060650.0,-456600.0,1000.0,0.0,455600.0,-5386195000.0,11380000.0,0.0,5374815000.0
15/07/2024,10896.27,11450.0,100.0,0.00873362,10754.76,11084.95,10754.76,3033326.0,35204882750.0,0.0,0.0,3033326.0,35204882750.0,-964200.0,20100.0,0.0,944100.0,-11224445000.0,234140000.0,0.0,10990305000.0
12/07/2024,10801.93,11550.0,-100.0,-0.00865801,10990.61,10990.61,10754.76,2476440.0,28519896000.0,0.0,0.0,2476440.0,28519896000.0,180100.0,-4000.0,0.0,-176100.0,2079420000.0,-46115000.0,0.0,-2033305000.0
11/07/2024,10896.27,11600.0,-50.0,-0.00431034,11132.12,11179.29,10849.1,2135088.0,24882072800.0,0.0,0.0,2135088.0,24882072800.0,523520.0,-8800.0,0.0,-514720.0,6110642000.0,-102520000.0,0.0,-6008122000.0
10/07/2024,10943.44,11550.0,50.0,0.004329,10849.1,11179.29,10660.42,3306180.0,38113495700.0,0.0,0.0,3306180.0,38113495700.0,718100.0,118600.0,-200.0,-836700.0,8225635000.0,1382520000.0,-2270000.0,-9608155000.0
09/07/2024,10896.27,11150.0,400.0,0.03587444,10613.25,10990.61,10471.74,4207667.0,48030237550.0,0.0,0.0,4207667.0,48030237550.0,182300.0,270200.0,0.0,-452500.0,2132415000.0,3063875000.0,0.0,-5196290000.0
08/07/2024,10518.91,11150.0,0.0,0.0,10518.91,10754.76,10377.4,1964824.0,21942090550.0,0.0,0.0,1964824.0,21942090550.0,446100.0,-1400.0,0.0,-444700.0,5006045000.0,-15715000.0,0.0,-4990330000.0
05/07/2024,10518.91,11250.0,-100.0,-0.00888889,10849.1,10849.1,10518.91,1719303.0,19419748500.0,0.0,0.0,1719303.0,19419748500.0,503300.0,-25300.0,0.0,-478000.0,5688025000.0,-284825000.0,0.0,-5403200000.0
04/07/2024,10613.25,10900.0,350.0,0.03211009,10377.4,10754.76,10377.4,2847009.0,31914432400.0,0.0,0.0,2847009.0,31914432400.0,359200.0,15000.0,0.0,-374200.0,4042245000.0,165950000.0,0.0,-4208195000.0
03/07/2024,10283.06,10900.0,0.0,0.0,10377.4,10518.91,10283.06,1605959.0,17664383200.0,32000.0,352000000.0,1637959.0,18016383200.0,402200.0,7500.0,0.0,-409700.0,4417250000.0,82850000.0,0.0,-4500100000.0
02/07/2024,10283.06,10700.0,200.0,0.01869159,10283.06,10283.06,10094.38,1347396.0,14576441100.0,0.0,0.0,1347396.0,14576441100.0,123700.0,19500.0,0.0,-143200.0,1338710000.0,212100000.0,0.0,-1550810000.0
01/07/2024,10094.38,10650.0,50.0,0.00469484,10188.72,10283.06,9952.87,1675204.0,18000252800.0,0.0,0.0,1675204.0,18000252800.0,39700.0,15500.0,0.0,-55200.0,438585000.0,167400000.0,0.0,-605985000.0
28/06/2024,10047.21,11250.0,-600.0,-0.05333333,10566.08,10660.42,10047.21,3598521.0,39308725000.0,0.0,0.0,3598521.0,39308725000.0,35000.0,33300.0,0.0,-68300.0,449735000.0,366580000.0,0.0,-816315000.0
27/06/2024,10613.25,11200.0,50.0,0.00446429,10613.25,10754.76,10471.74,2197250.0,24739207050.0,0.0,0.0,2197250.0,24739207050.0,-73300.0,1600.0,0.0,71700.0,-813150000.0,18265000.0,0.0,794885000.0
26/06/2024,10566.08,11300.0,-100.0,-0.00884956,10660.42,10754.76,10188.72,2464664.0,27471247400.0,0.0,0.0,2464664.0,27471247400.0,206200.0,30100.0,-100.0,-236300.0,2329025000.0,343110000.0,-1130000.0,-2672135000.0
25/06/2024,10660.42,11050.0,250.0,0.02262443,10377.4,10707.59,10377.4,2765995.0,30898290750.0,0.0,0.0,2765995.0,30898290750.0,-335800.0,-39800.0,0.0,375600.0,-3732460000.0,-443780000.0,0.0,4176240000.0
24/06/2024,10424.57,11850.0,-800.0,-0.06751055,11226.46,11509.48,10424.57,10615007.0,123105312100.0,0.0,0.0,10615007.0,123105312100.0,-796800.0,213000.0,0.0,583800.0,-8927725000.0,2388845000.0,0.0,6538880000.0
21/06/2024,11179.29,12400.0,-550.0,-0.04435484,11698.16,11698.16,11132.12,7001814.0,84113124800.0,0.0,0.0,7001814.0,84113124800.0,-418700.0,81000.0,0.0,337700.0,-5013860000.0,974320000.0,0.0,4039540000.0
20/06/2024,11698.16,11650.0,750.0,0.06437768,11226.46,11698.16,10943.44,9707571.0,116709728500.0,0.0,0.0,9707571.0,116709728500.0,-908500.0,-12000.0,0.0,920500.0,-10799675000.0,-144240000.0,0.0,10943915000.0
19/06/2024,10990.61,10900.0,750.0,0.06880734,10377.4,10990.61,10377.4,10389254.0,120307796550.0,0.0,0.0,10389254.0,120307796550.0,-615747.0,242447.0,0.0,373300.0,-7090462550.0,2803127550.0,0.0,4287335000.0
18/06/2024,10283.06,10400.0,500.0,0.04807692,9858.53,10283.06,9858.53,6634313.0,71628441150.0,0.0,0.0,6634313.0,71628441150.0,-1577900.0,-17500.0,0.0,1595400.0,-17040990000.0,-188880000.0,0.0,17229870000.0
17/06/2024,9811.36,10450.0,-50.0,-0.00478469,10047.21,10047.21,9669.85,3894781.0,40827715600.0,0.0,0.0,3894781.0,40827715600.0,-4100.0,800.0,0.0,3300.0,-41760000.0,8515000.0,0.0,33245000.0
14/06/2024,9858.53,10500.0,-50.0,-0.0047619,9952.87,10141.55,9858.53,4102741.0,43489419950.0,0.0,0.0,4102741.0,43489419950.0,275100.0,-276300.0,0.0,1200.0,2932595000.0,-2945415000.0,0.0,12820000.0
13/06/2024,9905.7,10400.0,100.0,0.00961538,9952.87,10094.38,9858.53,3889534.0,41167012400.0,0.0,0.0,3889534.0,41167012400.0,160600.0,-149400.0,0.0,-11200.0,1703975000.0,-1584795000.0,0.0,-119180000.0
12/06/2024,9811.36,9910.0,490.0,0.04944501,9301.924,9905.7,9301.924,2865089.0,29270975170.0,0.0,0.0,2865089.0,29270975170.0,-9900.0,-60900.0,-100.0,70800.0,-132706000.0,-610851000.0,-993000.0,743557000.0
11/06/2024,9349.094,10100.0,-190.0,-0.01881188,9575.51,9575.51,9311.358,2983603.0,29728079550.0,0.0,0.0,2983603.0,29728079550.0,804800.0,-457300.0,0.0,-347500.0,8005860000.0,-4540451000.0,0.0,-3465409000.0
10/06/2024,9528.34,10100.0,0.0,0.0,9622.68,9717.02,9481.17,1587970.0,16066934200.0,0.0,0.0,1587970.0,16066934200.0,510908.0,-498308.0,0.0,-12600.0,5169321600.0,-5040101600.0,0.0,-129220000.0
07/06/2024,9528.34,10050.0,50.0,0.00497512,9622.68,9622.68,9481.17,1832899.0,18551609650.0,0.0,0.0,1832899.0,18551609650.0,238300.0,-186800.0,0.0,-51500.0,2411085001.0,-1890170000.0,0.0,-520915000.0
06/06/2024,9481.17,10200.0,-150.0,-0.01470588,9622.68,9764.19,9481.17,2242777.0,22780711850.0,0.0,0.0,2242777.0,22780711850.0,141600.0,-90000.0,0.0,-51600.0,1442480000.0,-918000000.0,0.0,-524480000.0
05/06/2024,9622.68,10300.0,-100.0,-0.00970874,9717.02,9858.53,9622.68,2108562.0,21663000650.0,0.0,0.0,2108562.0,21663000650.0,-29600.0,175500.0,0.0,-145900.0,-311295000.0,1812235000.0,0.0,-1500940000.0
04/06/2024,9717.02,10350.0,-50.0,-0.00483092,9811.36,9952.87,9717.02,2447218.0,25418601650.0,0.0,0.0,2447218.0,25418601650.0,637505.0,-805500.0,0.0,167995.0,6618972251.0,-8374740000.0,0.0,1755767750.0
03/06/2024,9764.19,10300.0,50.0,0.00485437,9717.02,9905.7,9717.02,2201125.0,22815101300.0,0.0,0.0,2201125.0,22815101300.0,98896.0,27004.0,-96.0,-125900.0,1027653600.0,279491400.0,-994000.0,-1307145000.0
31/05/2024,9717.02,10400.0,-100.0,-0.00961538,9858.53,10141.55,9717.02,2024414.0,21159199900.0,0.0,0.0,2024414.0,21159199900.0,284602.0,35600.0,0.0,-320202.0,2994215900.0,369635000.0,0.0,-3363850900.0
30/05/2024,9811.36,10750.0,-350.0,-0.03255814,9905.7,10047.21,9669.85,2814148.0,29288186150.0,0.0,0.0,2814148.0,29288186150.0,353000.0,5100.0,0.0,-358100.0,3652630000.0,52790000.0,0.0,-3705420000.0
29/05/2024,10141.55,10550.0,200.0,0.01895735,9952.87,10283.06,9811.36,4689551.0,50227093600.0,0.0,0.0,4689551.0,50227093600.0,-29307.0,48300.0,-150000.0,-18993.0,-260798850.0,545080000.0,-1607500000.0,-284281150.0
28/05/2024,9952.87,10350.0,200.0,0.01932367,9952.87,9952.87,9811.36,1911770.0,20044047450.0,0.0,0.0,1911770.0,20044047450.0,-517300.0,90000.0,0.0,427300.0,-5425360000.0,945245000.0,0.0,4480115000.0
27/05/2024,9764.19,10200.0,150.0,0.01470588,9575.51,9858.53,9528.34,2197763.0,22646111350.0,0.0,0.0,2197763.0,22646111350.0,-447100.0,-500.0,0.0,447600.0,-4602115000.0,-5125000.0,0.0,4607240000.0
24/05/2024,9622.68,10650.0,-450.0,-0.04225352,10047.21,10141.55,9434.0,6165522.0,63501233150.0,0.0,0.0,6165522.0,63501233150.0,-355500.0,51800.0,0.0,303700.0,-3579440000.0,535015000.0,0.0,3044425000.0
23/05/2024,10047.21,10600.0,50.0,0.00471698,9905.7,10235.89,9905.7,4009287.0,42987630450.0,0.0,0.0,4009287.0,42987630450.0,-1356200.0,576400.0,0.0,779800.0,-14547585000.0,6183100000.0,0.0,8364485000.0
22/05/2024,10000.04,10450.0,150.0,0.01435407,9858.53,10141.55,9858.53,6181855.0,65555809850.0,0.0,0.0,6181855.0,65555809850.0,-581700.0,-55100.0,0.0,636800.0,-6172180000.0,-583990000.0,0.0,6756170000.0
21/05/2024,9858.53,10150.0,300.0,0.02955665,9575.51,9905.7,9405.698,5518029.0,56476936700.0,0.0,0.0,5518029.0,56476936700.0,-920200.0,-63300.0,0.0,983500.0,-9416488000.0,-653090000.0,0.0,10069578000.0
20/05/2024,9575.51,10400.0,-250.0,-0.02403846,10000.04,10188.72,9528.34,5281127.0,55406363100.0,0.0,0.0,5281127.0,55406363100.0,-282700.0,-95300.0,-30000.0,378000.0,-2934885000.0,-1018175000.0,-323000000.0,3953060000.0
17/05/2024,9811.36,9920.0,480.0,0.0483871,9415.132,9858.53,9339.66,5621880.0,57058931850.0,0.0,0.0,5621880.0,57058931850.0,-579570.0,-488100.0,-500000.0,1067670.0,-5933622500.0,-4902640000.0,-5028500000.0,10836262500.0
16/05/2024,9358.528,9920.0,0.0,0.0,9481.17,9528.34,9349.094,2674369.0,26681715600.0,0.0,0.0,2674369.0,26681715600.0,-6500.0,-6600.0,-20000.0,13100.0,-63829000.0,-64962000.0,-200000000.0,128791000.0
15/05/2024,9358.528,9900.0,20.0,0.0020202,9367.962,9528.34,9292.49,3222138.0,32151641920.0,0.0,0.0,3222138.0,32151641920.0,-158600.0,-178700.0,-130000.0,337300.0,-1589313000.0,-1784474000.0,-1300000000.0,3373787000.0
14/05/2024,9339.66,9840.0,60.0,0.00609756,9339.66,9434.0,9245.32,1563174.0,15459480380.0,0.0,0.0,1563174.0,15459480380.0,-95700.0,-7300.0,0.0,103000.0,-945402000.0,-72261000.0,0.0,1017663000.0
13/05/2024,9283.056,9990.0,-150.0,-0.01501502,9575.51,9575.51,9150.98,1905944.0,18812820750.0,0.0,0.0,1905944.0,18812820750.0,212400.0,-200.0,0.0,-212200.0,2106009000.0,-1952000.0,0.0,-2104057000.0
10/05/2024,9424.566,9800.0,190.0,0.01938776,9377.396,9622.68,9254.754,4241475.0,42451175690.0,0.0,0.0,4241475.0,42451175690.0,-445530.0,-78200.0,0.0,523730.0,-4458190900.0,-782424000.0,0.0,5240614900.0
09/05/2024,9245.32,10050.0,-250.0,-0.02487562,9622.68,9622.68,9150.98,3090873.0,30533025610.0,0.0,0.0,3090873.0,30533025610.0,-182200.0,39800.0,0.0,142400.0,-1783823000.0,395649000.0,0.0,1388174000.0
08/05/2024,9481.17,10100.0,-50.0,-0.0049505,9434.0,9669.85,9254.754,3355831.0,33736416330.0,0.0,0.0,3355831.0,33736416330.0,-554517.0,-19320.0,0.0,573837.0,-5548567560.0,-190919000.0,0.0,5739486560.0
07/05/2024,9528.34,9690.0,410.0,0.04231166,9150.98,9717.02,9141.546,5880345.0,58691693040.0,0.0,0.0,5880345.0,58691693040.0,-428000.0,-29500.0,0.0,457500.0,-4207648000.0,-293138000.0,0.0,4500786000.0
06/05/2024,9141.546,9100.0,590.0,0.06483516,8594.374,9150.98,8584.94,2883736.0,27498919980.0,0.0,0.0,2883736.0,27498919980.0,-368300.0,-12800.0,0.0,381100.0,-3533147000.0,-121797000.0,0.0,3654944000.0
03/05/2024,8584.94,9190.0,-90.0,-0.00979325,8773.62,8773.62,8566.072,2137666.0,19537429190.0,0.0,0.0,2137666.0,19537429190.0,43300.0,-95400.0,0.0,52100.0,392948000.0,-871180000.0,0.0,478232000.0
02/05/2024,8669.846,8830.0,360.0,0.0407701,8490.6,8745.318,8490.6,1481994.0,13615921540.0,0.0,0.0,1481994.0,13615921540.0,-200900.0,-16800.0,0.0,217700.0,-1847312000.0,-154946000.0,0.0,2002258000.0
26/04/2024,8330.222,8760.0,70.0,0.00799087,8188.712,8349.09,8113.24,1038516.0,9089325980.0,0.0,0.0,1038516.0,9089325980.0,-202200.0,108900.0,0.0,93300.0,-1775654000.0,960364000.0,0.0,815290000.0
25/04/2024,8264.184,8770.0,-10.0,-0.00114025,8283.052,8349.09,8113.24,682799.0,5966100350.0,0.0,0.0,682799.0,5966100350.0,-84800.0,0.0,0.0,84800.0,-738585000.0,0.0,0.0,738585000.0
24/04/2024,8273.618,8210.0,560.0,0.0682095,7839.654,8283.052,7830.22,1634192.0,13949092980.0,0.0,0.0,1634192.0,13949092980.0,-418700.0,32300.0,0.0,386400.0,-3565507000.0,282859000.0,0.0,3282648000.0
23/04/2024,7745.314,8510.0,-300.0,-0.03525264,8018.9,8066.07,7547.2,1287895.0,10780572260.0,0.0,0.0,1287895.0,10780572260.0,-64400.0,300.0,0.0,64100.0,-531789000.0,2544000.0,0.0,529245000.0
22/04/2024,8028.334,8400.0,110.0,0.01309524,7867.956,8113.24,7867.956,1324582.0,11239606990.0,0.0,0.0,1324582.0,11239606990.0,-130900.0,190100.0,0.0,-59200.0,-1123505000.0,1630193000.0,0.0,-506688000.0
19/04/2024,7924.56,8600.0,-200.0,-0.02325581,8075.504,8075.504,7556.634,2804282.0,23303311060.0,0.0,0.0,2804282.0,23303311060.0,-89600.0,107100.0,0.0,-17500.0,-733270000.0,897935000.0,0.0,-164665000.0
17/04/2024,8113.24,8830.0,-230.0,-0.02604757,8396.26,8396.26,8113.24,1636842.0,14265502830.0,0.0,0.0,1636842.0,14265502830.0,-46900.0,7900.0,-100.0,39000.0,-393845000.0,69528000.0,-872000.0,324317000.0
16/04/2024,8330.222,9160.0,-330.0,-0.0360262,8537.77,8584.94,8037.768,4808941.0,42154133950.0,0.0,0.0,4808941.0,42154133950.0,-310532.0,122400.0,0.0,188132.0,-2644560360.0,1083127000.0,0.0,1561433360.0
15/04/2024,8641.544,9840.0,-680.0,-0.06910569,9235.886,9235.886,8641.544,5112264.0,48230879780.0,0.0,0.0,5112264.0,48230879780.0,-1177400.0,-31300.0,0.0,1208700.0,-10890550000.0,-303435000.0,0.0,11193985000.0
12/04/2024,9283.056,9840.0,0.0,0.0,9245.32,9301.924,9245.32,1815688.0,17855764400.0,0.0,0.0,1815688.0,17855764400.0,-393700.0,-34000.0,0.0,427700.0,-3874763000.0,-334718000.0,0.0,4209481000.0
11/04/2024,9283.056,9310.0,530.0,0.05692803,8764.186,9339.66,8726.45,4988666.0,48067535210.0,0.0,0.0,4988666.0,48067535210.0,-1097326.0,-17174.0,0.0,1114500.0,-10574604060.0,-167519940.0,0.0,10742124000.0
10/04/2024,8783.054,9310.0,0.0,0.0,8849.092,8971.734,8735.884,1360079.0,12729249930.0,0.0,0.0,1360079.0,12729249930.0,-159700.0,100000.0,0.0,59700.0,-1488411000.0,932508000.0,0.0,555903000.0
09/04/2024,8783.054,9250.0,60.0,0.00648649,8679.28,8783.054,8613.242,2048987.0,18839074760.0,0.0,0.0,2048987.0,18839074760.0,7600.0,-50700.0,0.0,43100.0,64940000.0,-463590000.0,0.0,398650000.0
08/04/2024,8726.45,9450.0,-200.0,-0.02116402,8943.432,8943.432,8688.714,1257282.0,11685698190.0,0.0,0.0,1257282.0,11685698190.0,84500.0,25200.0,0.0,-109700.0,788068000.0,234826000.0,0.0,-1022894000.0
05/04/2024,8915.13,9400.0,50.0,0.00531915,8707.582,9028.338,8698.148,3150538.0,29715157400.0,0.0,0.0,3150538.0,29715157400.0,-17000.0,99800.0,0.0,-82800.0,-180293000.0,951639000.0,0.0,-771346000.0
04/04/2024,8867.96,9210.0,190.0,0.02062975,8688.714,9150.98,8547.204,3219921.0,30040913430.0,0.0,0.0,3219921.0,30040913430.0,-336700.0,153000.0,0.0,183700.0,-3174366000.0,1440835000.0,0.0,1733531000.0
03/04/2024,8688.714,9410.0,-200.0,-0.02125399,8867.96,8877.394,8688.714,2918099.0,27122008990.0,0.0,0.0,2918099.0,27122008990.0,30800.0,106800.0,-200.0,-137600.0,289797000.0,988627000.0,-1866000.0,-1278424000.0
02/04/2024,8877.394,9300.0,110.0,0.01182796,8679.28,8896.262,8632.11,3273561.0,30559474880.0,0.0,0.0,3273561.0,30559474880.0,-1077600.0,366400.0,0.0,711200.0,-10087197000.0,3436755000.0,0.0,6650442000.0
01/04/2024,8773.62,9380.0,-80.0,-0.00852878,8783.054,8943.432,8707.582,2259485.0,21035969970.0,0.0,0.0,2259485.0,21035969970.0,451651.0,-5000.0,0.0,-446651.0,4212388891.0,-46300000.0,0.0,-4166088890.0
29/03/2024,8849.092,9150.0,230.0,0.02513661,8641.544,8962.3,8632.11,3225664.0,29916247960.0,0.0,0.0,3225664.0,29916247960.0,105400.0,-293400.0,-300000.0,188000.0,960817000.0,-2687639000.0,-2748603000.0,1726822000.0
28/03/2024,8632.11,9170.0,-20.0,-0.00218103,8726.45,8726.45,8603.808,1578328.0,14468838940.0,0.0,0.0,1578328.0,14468838940.0,2800.0,11000.0,0.0,-13800.0,24200000.0,100600000.0,0.0,-124800000.0
27/03/2024,8650.978,9100.0,70.0,0.00769231,8773.62,8773.62,8603.808,2212681.0,20287242910.0,0.0,0.0,2212681.0,20287242910.0,117800.0,-40600.0,-50100.0,-77200.0,1081345000.0,-371356000.0,-458641000.0,-709989000.0
26/03/2024,8584.94,8990.0,110.0,0.01223582,8490.6,8764.186,8386.826,2254838.0,20502708560.0,0.0,0.0,2254838.0,20502708560.0,318500.0,-45500.0,-50000.0,-273000.0,2885685001.0,-408930000.0,-450000000.0,-2476755000.0
25/03/2024,8481.166,9240.0,-250.0,-0.02705628,8698.148,8754.752,8424.562,3217638.0,29198306360.0,0.0,0.0,3217638.0,29198306360.0,-307800.0,-10600.0,0.0,318400.0,-2794393000.0,-96390000.0,0.0,2890783000.0
22/03/2024,8717.016,9330.0,-90.0,-0.0096463,8801.922,8867.96,8641.544,1994118.0,18403389850.0,0.0,0.0,1994118.0,18403389850.0,-29200.0,-63800.0,0.0,93000.0,-267335000.0,-589329000.0,0.0,856664000.0
21/03/2024,8801.922,8800.0,530.0,0.06022727,8490.6,8877.394,8254.75,10516083.0,96185645770.0,0.0,0.0,10516083.0,96185645770.0,-1786500.0,-286400.0,0.0,2072900.0,-16622740000.0,-2601629000.0,0.0,19224369000.0
20/03/2024,8301.92,8700.0,100.0,0.01149425,8132.108,8330.222,8132.108,2229577.0,19475497460.0,0.0,0.0,2229577.0,19475497460.0,-271400.0,106100.0,0.0,165300.0,-2377938000.0,932527000.0,0.0,1445411000.0
19/03/2024,8207.58,8850.0,-150.0,-0.01694915,8433.996,8481.166,8188.712,1848498.0,16261331220.0,0.0,0.0,1848498.0,16261331220.0,41400.0,200.0,0.0,-41600.0,368169000.0,1729000.0,0.0,-369898000.0
18/03/2024,8349.09,8480.0,370.0,0.04363208,8000.032,8396.26,7858.522,5770409.0,49833661410.0,0.0,0.0,5770409.0,49833661410.0,-222300.0,-20700.0,0.0,243000.0,-1887953000.0,-181769000.0,0.0,2069722000.0
15/03/2024,8000.032,8390.0,90.0,0.01072706,7981.164,8113.24,7877.39,1705852.0,14476845050.0,0.0,0.0,1705852.0,14476845050.0,190500.0,-137300.0,0.0,-53200.0,1613075000.0,-1161301000.0,0.0,-451774000.0
14/03/2024,7915.126,8330.0,60.0,0.00720288,8009.466,8066.07,7858.522,1999647.0,16846961060.0,0.0,0.0,1999647.0,16846961060.0,-108000.0,1600.0,0.0,106400.0,-913077000.0,13416000.0,0.0,899661000.0
13/03/2024,7858.522,8200.0,130.0,0.01585366,7735.88,7924.56,7726.446,1664089.0,13790647830.0,0.0,0.0,1664089.0,13790647830.0,-221900.0,0.0,0.0,221900.0,-1838886000.0,0.0,0.0,1838886000.0
12/03/2024,7735.88,8290.0,-90.0,-0.01085645,7820.786,7867.956,7688.71,2305095.0,18957719670.0,0.0,0.0,2305095.0,18957719670.0,-114600.0,-271700.0,0.0,386300.0,-958427000.0,-2222211000.0,0.0,3180638000.0
11/03/2024,7820.786,8480.0,-190.0,-0.02240566,7990.598,8075.504,7764.182,2229046.0,18790493190.0,0.0,0.0,2229046.0,18790493190.0,686300.0,-664000.0,0.0,-22300.0,5806080000.0,-5618956000.0,0.0,-187124000.0
08/03/2024,8000.032,8590.0,-110.0,-0.01280559,8113.24,8132.108,7990.598,2560115.0,21769284980.0,0.0,0.0,2560115.0,21769284980.0,88400.0,0.0,0.0,-88400.0,753939000.0,0.0,0.0,-753939000.0
07/03/2024,8103.806,8650.0,-60.0,-0.00693642,8160.41,8198.146,8018.9,3840535.0,32854966440.0,0.0,0.0,3840535.0,32854966440.0,610000.0,135200.0,0.0,-745200.0,5224482000.0,1154484000.0,0.0,-6378966000.0
06/03/2024,8160.41,8700.0,-50.0,-0.00574713,8207.58,8283.052,8084.938,2564340.0,22292738920.0,0.0,0.0,2564340.0,22292738920.0,122200.0,13400.0,0.0,-135600.0,1061837000.0,115660000.0,0.0,-1177497000.0
05/03/2024,8207.58,8860.0,-160.0,-0.01805869,8358.524,8358.524,8198.146,1902521.0,16622590410.0,0.0,0.0,1902521.0,16622590410.0,95600.0,22100.0,0.0,-117700.0,835863000.0,193143000.0,0.0,-1029006000.0
04/03/2024,8358.524,8560.0,300.0,0.03504673,8113.24,8584.94,8113.24,4640530.0,41436088890.0,0.0,0.0,4640530.0,41436088890.0,-906000.0,-98500.0,0.0,1004500.0,-8050005000.0,-889079000.0,0.0,8939084000.0
01/03/2024,8075.504,8490.0,70.0,0.00824499,8018.9,8103.806,8000.032,1913970.0,16300987160.0,0.0,0.0,1913970.0,16300987160.0,-142600.0,77700.0,0.0,64900.0,-1209943000.0,659627000.0,0.0,550316000.0
29/02/2024,8009.466,8500.0,-10.0,-0.00117647,8018.9,8113.24,7981.164,2539021.0,21603102240.0,0.0,0.0,2539021.0,21603102240.0,82560.0,91340.0,0.0,-173900.0,697734801.0,777842200.0,0.0,-1475577000.0
28/02/2024,8018.9,8600.0,-100.0,-0.01162791,8132.108,8188.712,8009.466,2016121.0,17257945220.0,0.0,0.0,2016121.0,17257945220.0,176308.0,127992.0,0.0,-304300.0,1513354480.0,1095181520.0,0.0,-2608536000.0
27/02/2024,8113.24,8480.0,120.0,0.01415094,8037.768,8160.41,8009.466,1549006.0,13227314850.0,0.0,0.0,1549006.0,13227314850.0,313790.0,-19090.0,0.0,-294700.0,2680150480.0,-162611480.0,0.0,-2517539000.0
26/02/2024,8000.032,8500.0,-20.0,-0.00235294,8018.9,8066.07,7924.56,2477043.0,21050975980.0,0.0,0.0,2477043.0,21050975980.0,264100.0,-2400.0,0.0,-261700.0,2249922000.0,-20422000.0,0.0,-2229500000.0
23/02/2024,8018.9,8900.0,-400.0,-0.04494382,8415.128,8452.864,8018.9,4614928.0,40206367220.0,0.0,0.0,4614928.0,40206367220.0,498600.0,-2700.0,0.0,-495900.0,4359615000.0,-22926000.0,0.0,-4336689000.0
22/02/2024,8396.26,8600.0,300.0,0.03488372,8122.674,8490.6,8122.674,5484083.0,48489578870.0,0.0,0.0,5484083.0,48489578870.0,-525574.0,67000.0,0.0,458574.0,-4638008640.0,594082000.0,0.0,4043926640.0
21/02/2024,8113.24,8640.0,-40.0,-0.00462963,8132.108,8198.146,8056.636,1739736.0,14965945000.0,0.0,0.0,1739736.0,14965945000.0,-118400.0,-6000.0,0.0,124400.0,-1023812000.0,-51640000.0,0.0,1075452000.0
20/02/2024,8150.976,8580.0,60.0,0.00699301,8094.372,8264.184,8094.372,2759768.0,23825565300.0,0.0,0.0,2759768.0,23825565300.0,-523300.0,-15100.0,0.0,538400.0,-4514383000.0,-129914000.0,0.0,4644297000.0
19/02/2024,8094.372,8650.0,-70.0,-0.00809249,8113.24,8160.41,8018.9,3821367.0,32690164650.0,173000.0,1496450000.0,3994367.0,34186614650.0,-143800.0,-9700.0,0.0,153500.0,-1240531000.0,-83516000.0,0.0,1324047000.0
16/02/2024,8160.41,8710.0,-60.0,-0.00688863,8301.92,8301.92,8066.07,3442720.0,29774152090.0,0.0,0.0,3442720.0,29774152090.0,569400.0,-21900.0,0.0,-547500.0,4918768000.0,-189187000.0,0.0,-4729581000.0
15/02/2024,8217.014,8570.0,140.0,0.01633606,8094.372,8273.618,8094.372,2825172.0,24612384160.0,85400.0,731878000.0,2910572.0,25344262160.0,-183184.0,-2000.0,0.0,185184.0,-1600837770.0,-17520000.0,0.0,1618357770.0
07/02/2024,8084.938,8590.0,-20.0,-0.00232829,8113.24,8113.24,7933.994,3496609.0,29798473610.0,0.0,0.0,3496609.0,29798473610.0,325900.0,0.0,0.0,-325900.0,2775260000.0,-7000.0,0.0,-2775253000.0
06/02/2024,8103.806,8510.0,80.0,0.00940071,8028.334,8160.41,7952.862,2298587.0,19661526360.0,85400.0,726754000.0,2383987.0,20388280360.0,313700.0,-5700.0,0.0,-308000.0,2682234000.0,-46951000.0,0.0,-2635283000.0
05/02/2024,8028.334,8220.0,290.0,0.03527981,7764.182,8273.618,7764.182,5327350.0,45694178650.0,0.0,0.0,5327350.0,45694178650.0,-114620.0,48220.0,0.0,66400.0,-960071200.0,412953200.0,0.0,547118000.0
02/02/2024,7754.748,8220.0,0.0,0.0,7830.22,7858.522,7735.88,2873602.0,23760027100.0,0.0,0.0,2873602.0,23760027100.0,134242.0,-5000.0,0.0,-129242.0,1110766050.0,-41350000.0,0.0,-1069416050.0
01/02/2024,7754.748,7690.0,530.0,0.06892068,7264.18,7754.748,7254.746,10571519.0,85856884420.0,0.0,0.0,10571519.0,85856884420.0,-631098.0,-7902.0,0.0,639000.0,-5068361560.0,-89085440.0,0.0,5157447000.0
31/01/2024,7254.746,7870.0,-180.0,-0.02287166,7424.558,7433.992,7169.84,5613211.0,43539789790.0,0.0,0.0,5613211.0,43539789790.0,-467800.0,20000.0,0.0,447800.0,-3618286000.0,157100000.0,0.0,3461186000.0
30/01/2024,7424.558,7690.0,180.0,0.0234,7452.86,7500.03,7358.52,5403856.0,42502514430.0,0.0,0.0,5403856.0,42502514430.0,-737466.0,-2034.0,0.0,739500.0,-5801644800.0,-16062200.0,0.0,5817707000.0
29/01/2024,7254.746,7190.0,500.0,0.06954103,6915.122,7254.746,6915.122,7347256.0,55803875150.0,0.0,0.0,7347256.0,55803875150.0,-197859.0,-19240.0,0.0,217099.0,-1491399780.0,-144743600.0,0.0,1636143380.0
26/01/2024,6783.046,7200.0,-10.0,-0.00138889,6783.046,6830.216,6783.046,840739.0,6060114210.0,0.0,0.0,840739.0,6060114210.0,5000.0,0.0,0.0,-5000.0,36000000.0,0.0,0.0,-36000000.0
25/01/2024,6792.48,7220.0,-20.0,-0.00277008,6820.782,6867.952,6783.046,838653.0,6049250530.0,33300.0,240426000.0,871953.0,6289676530.0,-13500.0,-1100.0,0.0,14600.0,-97354000.0,-7942000.0,0.0,105296000.0
24/01/2024,6811.348,7220.0,0.0,0.0,6811.348,6849.084,6764.178,1325388.0,9551601890.0,0.0,0.0,1325388.0,9551601890.0,-17700.0,0.0,0.0,17700.0,-127916000.0,0.0,0.0,127916000.0
23/01/2024,6811.348,7230.0,-10.0,-0.00138313,6792.48,6858.518,6783.046,799640.0,5765876730.0,0.0,0.0,799640.0,5765876730.0,-2000.0,2000.0,0.0,0.0,-14420000.0,14420000.0,0.0,0.0
22/01/2024,6820.782,7260.0,-30.0,-0.00413223,6886.82,6886.82,6754.744,1511004.0,10888384740.0,0.0,0.0,1511004.0,10888384740.0,27200.0,0.0,0.0,-27200.0,196041000.0,0.0,0.0,-196041000.0
19/01/2024,6849.084,7270.0,-10.0,-0.00137552,6877.386,6933.99,6849.084,1841442.0,13422915540.0,0.0,0.0,1841442.0,13422915540.0,-9400.0,-5000.0,0.0,14400.0,-68894000.0,-36350000.0,0.0,105244000.0
18/01/2024,6858.518,7270.0,0.0,0.0,6886.82,6952.858,6839.65,1446825.0,10544117880.0,0.0,0.0,1446825.0,10544117880.0,-19700.0,0.0,0.0,19700.0,-143884000.0,0.0,0.0,143884000.0
17/01/2024,6858.518,7290.0,-20.0,-0.00274348,6924.556,6943.424,6858.518,1215883.0,8893721410.0,0.0,0.0,1215883.0,8893721410.0,-51400.0,-16000.0,0.0,67400.0,-376021000.0,-117250000.0,0.0,493271000.0
16/01/2024,6877.386,7280.0,10.0,0.00137363,6858.518,6924.556,6830.216,1428315.0,10385082760.0,500400.0,3642912000.0,1928715.0,14027994760.0,-300.0,5000.0,0.0,-4700.0,-2147000.0,36300000.0,0.0,-34153000.0
15/01/2024,6867.952,7250.0,30.0,0.00413793,6886.82,6990.594,6867.952,2750199.0,20243935040.0,0.0,0.0,2750199.0,20243935040.0,-150500.0,-5700.0,0.0,156200.0,-1111910000.0,-41932000.0,0.0,1153842000.0
12/01/2024,6839.65,7360.0,-110.0,-0.01494565,6830.216,6943.424,6754.744,3126851.0,22682370700.0,0.0,0.0,3126851.0,22682370700.0,116700.0,-116000.0,0.0,-700.0,846763000.0,-842748000.0,0.0,-4015000.0
11/01/2024,6943.424,7430.0,-70.0,-0.00942127,7047.198,7056.632,6915.122,1865008.0,13793396860.0,0.0,0.0,1865008.0,13793396860.0,-20500.0,-7000.0,0.0,27500.0,-152210000.0,-51950000.0,0.0,204160000.0
10/01/2024,7009.462,7400.0,30.0,0.00405405,6933.99,7037.764,6896.254,3374117.0,24997585720.0,0.0,0.0,3374117.0,24997585720.0,-52300.0,1000.0,0.0,51300.0,-387826000.0,7280000.0,0.0,380546000.0
09/01/2024,6981.16,7310.0,90.0,0.0123119,6905.688,7084.934,6905.688,3056058.0,22683673690.0,0.0,0.0,3056058.0,22683673690.0,-33200.0,-10000.0,0.0,43200.0,-245992000.0,-73950000.0,0.0,319942000.0
08/01/2024,6896.254,7400.0,-90.0,-0.01216216,6981.16,7056.632,6896.254,2010945.0,14884529130.0,0.0,0.0,2010945.0,14884529130.0,28300.0,4200.0,0.0,-32500.0,209225000.0,30700000.0,0.0,-239925000.0
05/01/2024,6981.16,7240.0,160.0,0.02209945,6839.65,6981.16,6773.612,4143192.0,30305382740.0,0.0,0.0,4143192.0,30305382740.0,-47831.0,2600.0,0.0,45231.0,-350356400.0,18411000.0,0.0,331945400.0
04/01/2024,6830.216,7370.0,-130.0,-0.01763908,6981.16,6981.16,6830.216,2545261.0,18612009110.0,0.0,0.0,2545261.0,18612009110.0,115400.0,-24100.0,0.0,-91300.0,843160000.0,-176714000.0,0.0,-666446000.0
03/01/2024,6952.858,7110.0,260.0,0.03656821,6707.574,6981.16,6698.14,4183327.0,30231522210.0,0.0,0.0,4183327.0,30231522210.0,38600.0,12100.0,0.0,-50700.0,273548000.0,89077000.0,0.0,-362625000.0
02/01/2024,6707.574,7200.0,-90.0,-0.0125,6830.216,6830.216,6679.272,3023689.0,21631778440.0,0.0,0.0,3023689.0,21631778440.0,26600.0,300.0,0.0,-26900.0,191470000.0,2166000.0,0.0,-193636000.0
29/12/2023,6792.48,7220.0,-20.0,-0.00277008,6849.084,6867.952,6792.48,1609885.0,11630551120.0,0.0,0.0,1609885.0,11630551120.0,-400.0,-7000.0,0.0,7400.0,-3677000.0,-50400000.0,0.0,54077000.0
28/12/2023,6811.348,7300.0,-80.0,-0.0109589,6886.82,6915.122,6811.348,2341139.0,17009967990.0,0.0,0.0,2341139.0,17009967990.0,-24208.0,24908.0,0.0,-700.0,-176194711.0,180444710.0,0.0,-4250000.0
27/12/2023,6886.82,7200.0,100.0,0.01388889,6792.48,6971.726,6783.046,2121409.0,15517007500.0,0.0,0.0,2121409.0,15517007500.0,-15000.0,-400.0,0.0,15400.0,-108256000.0,-2932000.0,0.0,111188000.0
26/12/2023,6792.48,7200.0,0.0,0.0,6877.386,6877.386,6764.178,2170756.0,15651230140.0,0.0,0.0,2170756.0,15651230140.0,-41300.0,9400.0,0.0,31900.0,-298798000.0,68156000.0,0.0,230642000.0
25/12/2023,6792.48,7240.0,-40.0,-0.00552486,6820.782,6924.556,6698.14,2746550.0,19888801140.0,0.0,0.0,2746550.0,19888801140.0,-17000.0,200.0,0.0,16800.0,-123247000.0,1434000.0,0.0,121813000.0
22/12/2023,6830.216,7350.0,-110.0,-0.01496599,6962.292,7075.5,6764.178,2786275.0,20390076450.0,0.0,0.0,2786275.0,20390076450.0,64500.0,0.0,0.0,-64500.0,471201000.0,0.0,0.0,-471201000.0
21/12/2023,6933.99,7200.0,150.0,0.02083333,6754.744,6990.594,6698.14,3311481.0,24245323930.0,390000.0,2808000000.0,3701481.0,27053323930.0,-105932.0,5100.0,0.0,100832.0,-774879960.0,37283000.0,0.0,737596960.0
20/12/2023,6792.48,7220.0,-20.0,-0.00277008,6830.216,6924.556,6650.97,3256660.0,23409569310.0,0.0,0.0,3256660.0,23409569310.0,95575.0,-97975.0,0.0,2400.0,683801000.0,-699574000.0,0.0,15773000.0
19/12/2023,6811.348,7400.0,-180.0,-0.02432432,7075.5,7207.576,6613.234,4787432.0,35161060430.0,0.0,0.0,4787432.0,35161060430.0,240279.0,-30700.0,0.0,-209579.0,1751782590.0,-221198000.0,0.0,-1530584590.0
18/12/2023,6981.16,6920.0,480.0,0.06936416,6603.8,6981.16,6556.63,12013047.0,87799521850.0,0.0,0.0,12013047.0,87799521850.0,-56200.0,90700.0,0.0,-34500.0,-427620000.0,674801000.0,0.0,-247181000.0
15/12/2023,6528.328,6670.0,250.0,0.03748126,6292.478,6584.932,6292.478,3394607.0,23317969480.0,0.0,0.0,3394607.0,23317969480.0,-167201.0,-23600.0,0.0,190801.0,-1136125640.0,-162973000.0,0.0,1299098640.0
14/12/2023,6292.478,6660.0,10.0,0.0015015,6405.686,6415.12,6292.478,1948523.0,13133884920.0,0.0,0.0,1948523.0,13133884920.0,-34100.0,0.0,0.0,34100.0,-229735000.0,0.0,0.0,229735000.0
13/12/2023,6283.044,6790.0,-130.0,-0.0191458,6415.12,6471.724,6283.044,3649587.0,24816010260.0,0.0,0.0,3649587.0,24816010260.0,353581.0,-29000.0,0.0,-324581.0,2405635510.0,-196941000.0,0.0,-2208694510.0
12/12/2023,6405.686,6730.0,60.0,0.0089153,6377.384,6443.422,6349.082,1949900.0,13218572630.0,0.0,0.0,1949900.0,13218572630.0,14600.0,-49800.0,0.0,35200.0,98739000.0,-337140000.0,0.0,238401000.0
11/12/2023,6349.082,6760.0,-30.0,-0.00443787,6396.252,6500.026,6330.214,2071818.0,14022012230.0,0.0,0.0,2071818.0,14022012230.0,104.0,2196.0,0.0,-2300.0,573040.0,14789960.0,0.0,-15363000.0
08/12/2023,6377.384,6660.0,100.0,0.01501502,6283.044,6650.97,6283.044,3896549.0,26656433910.0,0.0,0.0,3896549.0,26656433910.0,79404.0,29400.0,0.0,-108804.0,547454140.0,196968000.0,0.0,-744422140.0
07/12/2023,6283.044,6720.0,-60.0,-0.00892857,6358.516,6396.252,6141.534,3813497.0,25387631030.0,0.0,0.0,3813497.0,25387631030.0,125200.0,-129600.0,0.0,4400.0,840522000.0,-868735000.0,0.0,28213000.0
06/12/2023,6339.648,6510.0,210.0,0.03225806,6141.534,6471.724,6132.1,3907159.0,26067443830.0,0.0,0.0,3907159.0,26067443830.0,-6000.0,-30000.0,0.0,36000.0,-35057000.0,-201000000.0,0.0,236057000.0
05/12/2023,6141.534,6460.0,50.0,0.00773994,6113.232,6160.402,6075.496,2881893.0,18680121160.0,0.0,0.0,2881893.0,18680121160.0,-129700.0,100100.0,0.0,29600.0,-840665000.0,648648000.0,0.0,192017000.0
04/12/2023,6094.364,6210.0,250.0,0.04025765,5990.59,6113.232,5886.816,3960674.0,25277750920.0,0.0,0.0,3960674.0,25277750920.0,-127900.0,-9800.0,0.0,137700.0,-815991000.0,-61858000.0,0.0,877849000.0
01/12/2023,5858.514,6220.0,-10.0,-0.00160772,5933.986,5933.986,5820.778,1117820.0,6944896140.0,0.0,0.0,1117820.0,6944896140.0,-43200.0,-200.0,0.0,43400.0,-266438000.0,-1254000.0,0.0,267692000.0
30/11/2023,5867.948,6200.0,20.0,0.00322581,5849.08,5990.59,5849.08,1463794.0,9174239700.0,0.0,0.0,1463794.0,9174239700.0,57100.0,-3100.0,0.0,-54000.0,355226000.0,-19432000.0,0.0,-335794000.0
29/11/2023,5849.08,6190.0,10.0,0.00161551,5849.08,5905.684,5820.778,1334729.0,8273706250.0,0.0,0.0,1334729.0,8273706250.0,14040.0,-740.0,0.0,-13300.0,86941370.0,-4596370.0,0.0,-82345000.0
28/11/2023,5839.646,6140.0,50.0,0.00814332,5792.476,5839.646,5688.702,1100074.0,6714639070.0,0.0,0.0,1100074.0,6714639070.0,56400.0,-4700.0,0.0,-51700.0,344933000.0,-29486000.0,0.0,-315447000.0
27/11/2023,5792.476,6200.0,-60.0,-0.00967742,5971.722,5971.722,5773.608,826663.0,5123938340.0,0.0,0.0,826663.0,5123938340.0,39800.0,5000.0,0.0,-44800.0,248251000.0,30890000.0,0.0,-279141000.0
24/11/2023,5849.08,6300.0,-100.0,-0.01587302,5943.42,5962.288,5717.004,2790747.0,17253226910.0,0.0,0.0,2790747.0,17253226910.0,27400.0,5700.0,0.0,-33100.0,168912000.0,35176000.0,0.0,-204088000.0
23/11/2023,5943.42,6420.0,-120.0,-0.01869159,6084.93,6226.44,5943.42,3479831.0,22516296730.0,0.0,0.0,3479831.0,22516296730.0,-78900.0,50000.0,0.0,28900.0,-516010000.0,328005000.0,0.0,188005000.0
22/11/2023,6056.628,6420.0,0.0,0.0,6075.496,6132.1,5990.59,1375159.0,8820638550.0,216000.0,1291680000.0,1591159.0,10112318550.0,-105300.0,125100.0,0.0,-19800.0,-677709000.0,804642000.0,0.0,-126933000.0
21/11/2023,6056.628,6390.0,30.0,0.00469484,6037.76,6141.534,6000.024,1518918.0,9769940410.0,0.0,0.0,1518918.0,9769940410.0,8500.0,-6300.0,0.0,-2200.0,54832000.0,-40540000.0,0.0,-14292000.0
20/11/2023,6028.326,6290.0,100.0,0.01589825,5830.212,6056.628,5801.91,1482709.0,9321815480.0,0.0,0.0,1482709.0,9321815480.0,-67700.0,3000.0,0.0,64700.0,-427361000.0,18490000.0,0.0,408871000.0
17/11/2023,5933.986,6270.0,20.0,0.00318979,5962.288,6207.572,5896.25,5957553.0,38375112930.0,0.0,0.0,5957553.0,38375112930.0,-28800.0,45100.0,0.0,-16300.0,-186348000.0,288807000.0,0.0,-102459000.0
16/11/2023,5915.118,6180.0,90.0,0.01456311,5811.344,5915.118,5726.438,1066048.0,6614229810.0,0.0,0.0,1066048.0,6614229810.0,-55700.0,-16800.0,0.0,72500.0,-344449000.0,-104690000.0,0.0,449139000.0
15/11/2023,5830.212,6160.0,20.0,0.00324675,5943.42,5962.288,5801.91,2255241.0,14064750260.0,0.0,0.0,2255241.0,14064750260.0,-20500.0,7100.0,0.0,13400.0,-129893000.0,44342000.0,0.0,85551000.0
14/11/2023,5811.344,6130.0,30.0,0.00489396,5867.948,5905.684,5773.608,1213349.0,7510061210.0,0.0,0.0,1213349.0,7510061210.0,-9100.0,8000.0,0.0,1100.0,-56328000.0,49430000.0,0.0,6898000.0
13/11/2023,5783.042,6180.0,-50.0,-0.00809061,5773.608,5971.722,5745.306,1799542.0,11140722560.0,0.0,0.0,1799542.0,11140722560.0,113300.0,-100500.0,0.0,-12800.0,697831000.0,-618075000.0,0.0,-79756000.0
10/11/2023,5830.212,6200.0,-20.0,-0.00322581,5830.212,5990.59,5754.74,2046500.0,12752896490.0,0.0,0.0,2046500.0,12752896490.0,-9900.0,-30000.0,0.0,39900.0,-61438000.0,-187500000.0,0.0,248938000.0
09/11/2023,5849.08,6100.0,100.0,0.01639344,5773.608,5943.42,5735.872,2594107.0,16096369710.0,0.0,0.0,2594107.0,16096369710.0,28400.0,-18900.0,0.0,-9500.0,176444000.0,-116807000.0,0.0,-59637000.0
08/11/2023,5754.74,5710.0,390.0,0.06830123,5415.116,5754.74,5396.248,1587742.0,9367335270.0,0.0,0.0,1587742.0,9367335270.0,-151300.0,97000.0,0.0,54300.0,-882843000.0,564484000.0,0.0,318359000.0
07/11/2023,5386.814,5750.0,-40.0,-0.00695652,5386.814,5462.286,5377.38,1037515.0,5949433140.0,0.0,0.0,1037515.0,5949433140.0,-56200.0,11000.0,0.0,45200.0,-322877000.0,63539000.0,0.0,259338000.0
06/11/2023,5424.55,5740.0,10.0,0.00174216,5452.852,5490.588,5377.38,794451.0,4578683530.0,0.0,0.0,794451.0,4578683530.0,14700.0,14000.0,0.0,-28700.0,84408000.0,80700000.0,0.0,-165108000.0
03/11/2023,5415.116,5680.0,60.0,0.01056338,5452.852,5528.324,5367.946,1412840.0,8150723480.0,0.0,0.0,1412840.0,8150723480.0,-5100.0,5700.0,0.0,-600.0,-27715000.0,32968000.0,0.0,-5253000.0
02/11/2023,5358.512,5310.0,370.0,0.06967985,5113.228,5358.512,5113.228,1609632.0,9018076110.0,0.0,0.0,1609632.0,9018076110.0,5900.0,100.0,0.0,-6000.0,31506000.0,568000.0,0.0,-32074000.0
01/11/2023,5009.454,5200.0,110.0,0.02115385,4905.68,5113.228,4858.51,2018864.0,10617217280.0,0.0,0.0,2018864.0,10617217280.0,-139700.0,-20200.0,0.0,159900.0,-735114000.0,-104971000.0,0.0,840085000.0
31/10/2023,4905.68,5550.0,-350.0,-0.06306306,5349.078,5349.078,4877.378,2576045.0,13923118260.0,0.0,0.0,2576045.0,13923118260.0,25862.0,-23862.0,0.0,-2000.0,152541450.0,-126874450.0,0.0,-25667000.0
30/10/2023,5235.87,5820.0,-270.0,-0.04639175,5490.588,5518.89,5235.87,918780.0,5304340950.0,0.0,0.0,918780.0,5304340950.0,5100.0,-5100.0,0.0,0.0,29629000.0,-29629000.0,0.0,0.0
27/10/2023,5490.588,5800.0,20.0,0.00344828,5471.72,5594.362,5235.87,1801906.0,10430347390.0,0.0,0.0,1801906.0,10430347390.0,35200.0,0.0,0.0,-35200.0,204392000.0,0.0,0.0,-204392000.0
26/10/2023,5471.72,6230.0,-430.0,-0.06902087,5820.778,5849.08,5471.72,4341629.0,25495252930.0,0.0,0.0,4341629.0,25495252930.0,213452.0,-166000.0,0.0,-47452.0,1272924120.0,-996102000.0,0.0,-276822120.0
25/10/2023,5877.382,6310.0,-80.0,-0.01267829,6009.458,6018.892,5877.382,1120380.0,7097277240.0,0.0,0.0,1120380.0,7097277240.0,57600.0,-45000.0,0.0,-12600.0,365697000.0,-285750000.0,0.0,-79947000.0
24/10/2023,5952.854,6200.0,110.0,0.01774194,5877.382,5952.854,5849.08,1696183.0,10641631150.0,0.0,0.0,1696183.0,10641631150.0,-28900.0,0.0,0.0,28900.0,-181603000.0,0.0,0.0,181603000.0
23/10/2023,5849.08,6200.0,0.0,0.0,5896.25,5952.854,5820.778,1064347.0,6623379200.0,0.0,0.0,1064347.0,6623379200.0,31200.0,-30000.0,0.0,-1200.0,194100000.0,-186600000.0,0.0,-7500000.0
20/10/2023,5849.08,6060.0,140.0,0.02310231,5735.872,5896.25,5707.57,1537841.0,9422311180.0,0.0,0.0,1537841.0,9422311180.0,-26900.0,14900.0,0.0,12000.0,-165830000.0,91707000.0,0.0,74123000.0
19/10/2023,5717.004,6180.0,-120.0,-0.01941748,5867.948,5867.948,5660.4,1582899.0,9638062120.0,0.0,0.0,1582899.0,9638062120.0,-10100.0,9900.0,0.0,200.0,-60063000.0,58845000.0,0.0,1218000.0
18/10/2023,5830.212,6350.0,-170.0,-0.02677165,5990.59,6037.76,5575.494,2718592.0,16770564090.0,0.0,0.0,2718592.0,16770564090.0,-63700.0,70000.0,0.0,-6300.0,-402353000.0,442446000.0,0.0,-40093000.0
17/10/2023,5990.59,6530.0,-180.0,-0.02756508,6198.138,6207.572,5990.59,1151368.0,7430132010.0,0.0,0.0,1151368.0,7430132010.0,-31200.0,-500.0,0.0,31700.0,-198055000.0,-3240000.0,0.0,201295000.0
16/10/2023,6160.402,6400.0,130.0,0.0203125,6094.364,6245.308,6084.93,2382566.0,15554453290.0,0.0,0.0,2382566.0,15554453290.0,-19900.0,20000.0,0.0,-100.0,-128840000.0,129500000.0,0.0,-660000.0
13/10/2023,6037.76,6450.0,-50.0,-0.00775194,6000.024,6113.232,5896.25,1978936.0,12575406530.0,0.0,0.0,1978936.0,12575406530.0,-33100.0,31200.0,0.0,1900.0,-210350000.0,197976000.0,0.0,12374000.0
12/10/2023,6084.93,6440.0,10.0,0.0015528,6179.27,6217.006,6066.062,1799800.0,11728803090.0,0.0,0.0,1799800.0,11728803090.0,-50000.0,50000.0,0.0,0.0,-326200000.0,326200000.0,0.0,0.0
11/10/2023,6075.496,6400.0,40.0,0.00625,6037.76,6084.93,5943.42,1551507.0,9893464250.0,0.0,0.0,1551507.0,9893464250.0,-12700.0,4500.0,0.0,8200.0,-81189000.0,28795000.0,0.0,52394000.0
10/10/2023,6037.76,6450.0,-50.0,-0.00775194,6113.232,6150.968,6009.458,1935477.0,12460578140.0,0.0,0.0,1935477.0,12460578140.0,-18190.0,7000.0,0.0,11190.0,-116984510.0,45110000.0,0.0,71874510.0
09/10/2023,6084.93,6390.0,60.0,0.00938967,6037.76,6084.93,5943.42,1498582.0,9593408060.0,0.0,0.0,1498582.0,9593408060.0,6900.0,38700.0,0.0,-45600.0,45431000.0,246490000.0,0.0,-291921000.0
06/10/2023,6028.326,6000.0,390.0,0.065,5660.4,6037.76,5660.4,3440864.0,21507120270.0,0.0,0.0,3440864.0,21507120270.0,132400.0,7700.0,0.0,-140100.0,799651000.0,46960000.0,0.0,-846611000.0
05/10/2023,5660.4,6020.0,-20.0,-0.00332226,5717.004,5773.608,5584.928,1949471.0,11757159410.0,0.0,0.0,1949471.0,11757159410.0,-300.0,300.0,0.0,0.0,-1834000.0,1834000.0,0.0,0.0
04/10/2023,5679.268,5940.0,80.0,0.01346801,5471.72,5783.042,5471.72,1588033.0,9496577560.0,0.0,0.0,1588033.0,9496577560.0,-100800.0,-300.0,0.0,101100.0,-607857000.0,-1779000.0,0.0,609636000.0
03/10/2023,5603.796,6380.0,-440.0,-0.06896552,5943.42,5943.42,5603.796,3782450.0,22830902620.0,0.0,0.0,3782450.0,22830902620.0,7500.0,6600.0,0.0,-14100.0,48716000.0,40302000.0,0.0,-89018000.0
02/10/2023,6018.892,6280.0,100.0,0.01592357,5915.118,6037.76,5849.08,2125640.0,13481198390.0,0.0,0.0,2125640.0,13481198390.0,14900.0,9900.0,0.0,-24800.0,92795000.0,62473000.0,0.0,-155268000.0
29/09/2023,5924.552,6370.0,-90.0,-0.01412873,6084.93,6084.93,5905.684,2218304.0,14113974300.0,0.0,0.0,2218304.0,14113974300.0,38500.0,-100.0,0.0,-38400.0,246586000.0,-638000.0,0.0,-245948000.0
28/09/2023,6009.458,6490.0,-120.0,-0.01848998,6037.76,6113.232,5886.816,1422707.0,8992986290.0,0.0,0.0,1422707.0,8992986290.0,200.0,300.0,0.0,-500.0,1297000.0,1898000.0,0.0,-3195000.0
27/09/2023,6122.666,6240.0,250.0,0.0400641,5849.08,6122.666,5566.06,5368446.0,32672345670.0,0.0,0.0,5368446.0,32672345670.0,-28008.0,-13792.0,0.0,41800.0,-171247460.0,-81249540.0,0.0,252497000.0
26/09/2023,5886.816,6700.0,-460.0,-0.06865672,6226.44,6405.686,5886.816,5657411.0,36340935210.0,0.0,0.0,5657411.0,36340935210.0,-35600.0,6900.0,0.0,28700.0,-223340000.0,44665000.0,0.0,178675000.0
25/09/2023,6320.78,7200.0,-500.0,-0.06944444,6792.48,6886.82,6320.78,8334038.0,57035049670.0,0.0,0.0,8334038.0,57035049670.0,36936.0,30300.0,0.0,-67236.0,272279640.0,215619000.0,0.0,-487898640.0
22/09/2023,6792.48,7720.0,-520.0,-0.06735751,7075.5,7169.84,6773.612,5822236.0,42804325190.0,0.0,0.0,5822236.0,42804325190.0,-46700.0,133500.0,0.0,-86800.0,-328805000.0,975290000.0,0.0,-646485000.0
21/09/2023,7283.048,7450.0,270.0,0.03624161,7066.066,7405.69,7009.462,10684145.0,82347618190.0,0.0,0.0,10684145.0,82347618190.0,77500.0,-56200.0,0.0,-21300.0,593646000.0,-431908000.0,0.0,-161738000.0
20/09/2023,7028.33,7250.0,200.0,0.02758621,6971.726,7056.632,6849.084,3337073.0,24656939740.0,0.0,0.0,3337073.0,24656939740.0,-78900.0,7100.0,0.0,71800.0,-583179000.0,52120000.0,0.0,531059000.0
19/09/2023,6839.65,7150.0,100.0,0.01398601,6745.31,6839.65,6641.536,2872437.0,20581700730.0,0.0,0.0,2872437.0,20581700730.0,-112092.0,38800.0,0.0,73292.0,-804759440.0,279859000.0,0.0,524900440.0
18/09/2023,6745.31,7250.0,-100.0,-0.0137931,6849.084,6877.386,6641.536,3942590.0,28164752490.0,0.0,0.0,3942590.0,28164752490.0,201700.0,-16000.0,0.0,-185700.0,1445968000.0,-114137000.0,0.0,-1331831000.0
15/09/2023,6839.65,7390.0,-140.0,-0.01894452,6981.16,7018.896,6792.48,2904913.0,21239117470.0,0.0,0.0,2904913.0,21239117470.0,344300.0,-219200.0,0.0,-125100.0,2503555000.0,-1586721000.0,0.0,-916834000.0
14/09/2023,6971.726,7400.0,-10.0,-0.00135135,6981.16,7028.33,6773.612,4488844.0,32689497820.0,0.0,0.0,4488844.0,32689497820.0,311700.0,-49800.0,0.0,-261900.0,2267253000.0,-363683000.0,0.0,-1903570000.0
13/09/2023,6981.16,7300.0,100.0,0.01369863,6981.16,7245.312,6858.518,7466453.0,56068704730.0,0.0,0.0,7466453.0,56068704730.0,-143298.0,245000.0,0.0,-101702.0,-1084627000.0,1840746000.0,0.0,-756119000.0
12/09/2023,6886.82,7130.0,170.0,0.02384292,6792.48,6886.82,6641.536,2871228.0,20610860650.0,0.0,0.0,2871228.0,20610860650.0,-30000.0,0.0,0.0,30000.0,-223507000.0,0.0,0.0,223507000.0
11/09/2023,6726.442,7410.0,-280.0,-0.0378,7075.5,7075.5,6726.442,5812575.0,42162610850.0,0.0,0.0,5812575.0,42162610850.0,470100.0,-115900.0,0.0,-354200.0,3412992000.0,-827096000.0,0.0,-2585896000.0
08/09/2023,6990.594,7390.0,20.0,0.00270636,6962.292,7141.538,6933.99,5798293.0,43345666510.0,0.0,0.0,5798293.0,43345666510.0,-518800.0,484400.0,0.0,34400.0,-3880128000.0,3621652000.0,0.0,258476000.0
07/09/2023,6971.726,7160.0,230.0,0.03212291,6792.48,7075.5,6792.48,5219987.0,38530591080.0,0.0,0.0,5219987.0,38530591080.0,-481500.0,355600.0,0.0,125900.0,-3542998000.0,2610824000.0,0.0,932174000.0
06/09/2023,6754.744,7200.0,-40.0,-0.00555556,6698.14,6839.65,6632.102,7658639.0,54559833430.0,0.0,0.0,7658639.0,54559833430.0,55700.0,-44300.0,0.0,-11400.0,396059000.0,-314385000.0,0.0,-81674000.0
05/09/2023,6792.48,7490.0,-290.0,-0.03871829,7160.406,7198.142,6783.046,8036971.0,59272489550.0,0.0,0.0,8036971.0,59272489550.0,277900.0,-13700.0,0.0,-264200.0,2051071000.0,-97733000.0,0.0,-1953338000.0
31/08/2023,7066.066,7580.0,-90.0,-0.01187335,7188.708,7188.708,7028.33,4619045.0,34667902360.0,0.0,0.0,4619045.0,34667902360.0,227795.0,-48600.0,0.0,-179195.0,1713597400.0,-365824000.0,0.0,-1347773400.0
30/08/2023,7150.972,7350.0,230.0,0.03129252,7066.066,7320.784,6990.594,5660777.0,42989486160.0,0.0,0.0,5660777.0,42989486160.0,70700.0,-56000.0,0.0,-14700.0,536602000.0,-424148000.0,0.0,-112454000.0
29/08/2023,6933.99,7060.0,290.0,0.04107649,6745.31,7075.5,6735.876,5577661.0,41044211040.0,0.0,0.0,5577661.0,41044211040.0,-89100.0,13600.0,0.0,75500.0,-653300000.0,99560000.0,0.0,553740000.0
28/08/2023,6660.404,7030.0,30.0,0.00426743,6726.442,6726.442,6584.932,5154561.0,36405208440.0,0.0,0.0,5154561.0,36405208440.0,-48400.0,-55500.0,0.0,103900.0,-346500000.0,-391824000.0,0.0,738324000.0
25/08/2023,6632.102,7140.0,-110.0,-0.01540616,6735.876,6820.782,6509.46,5708331.0,40615567940.0,0.0,0.0,5708331.0,40615567940.0,-107143.0,120100.0,0.0,-12957.0,-754235479.0,843090000.0,0.0,-88854520.0
24/08/2023,6735.876,7140.0,0.0,0.0,6792.48,6811.348,6603.8,5100021.0,36335382650.0,0.0,0.0,5100021.0,36335382650.0,297400.0,-282600.0,0.0,-14800.0,2085566000.0,-1980660000.0,0.0,-104906000.0
23/08/2023,6735.876,7220.0,-80.0,-0.01108033,6981.16,7075.5,6679.272,3872120.0,28100376600.0,0.0,0.0,3872120.0,28100376600.0,313811.0,28200.0,0.0,-342011.0,2281877900.0,206694000.0,0.0,-2488571900.0
22/08/2023,6811.348,6750.0,470.0,0.06962963,6500.026,6811.348,6179.27,7889220.0,55229493450.0,0.0,0.0,7889220.0,55229493450.0,-663138.0,524392.0,0.0,138746.0,-4699241280.0,3686577920.0,0.0,1012663360.0
21/08/2023,6367.95,6890.0,-140.0,-0.0203193,6405.686,6603.8,6094.364,6869382.0,45945337540.0,0.0,0.0,6869382.0,45945337540.0,-673200.0,-14900.0,0.0,688100.0,-4480766000.0,-99842000.0,0.0,4580608000.0
18/08/2023,6500.026,7400.0,-510.0,-0.0689,6745.31,6933.99,6500.026,7399411.0,52024879390.0,0.0,0.0,7399411.0,52024879390.0,-239800.0,-39400.0,0.0,279200.0,-1681113000.0,-280836000.0,0.0,1961949000.0
17/08/2023,6981.16,7810.0,-410.0,-0.0524968,7452.86,7452.86,6981.16,6830745.0,52254944660.0,0.0,0.0,6830745.0,52254944660.0,-66400.0,212300.0,0.0,-145900.0,-504621000.0,1633508000.0,0.0,-1128887000.0
16/08/2023,7367.954,7950.0,-140.0,-0.01761006,7490.596,7528.332,7273.614,3973488.0,31251170220.0,0.0,0.0,3973488.0,31251170220.0,98437.0,-61000.0,0.0,-37437.0,778179031.0,-482328000.0,0.0,-295851030.0
15/08/2023,7500.03,7860.0,90.0,0.01145038,7641.54,7641.54,7169.84,8392393.0,65996006030.0,0.0,0.0,8392393.0,65996006030.0,401751.0,19247.0,0.0,-420998.0,3187374960.0,146615040.0,0.0,-3333990000.0
14/08/2023,7415.124,7350.0,510.0,0.06938776,7094.368,7415.124,7075.5,8136108.0,63180234610.0,0.0,0.0,8136108.0,63180234610.0,206500.0,-3600.0,0.0,-202900.0,1581468000.0,-29317000.0,0.0,-1552151000.0
11/08/2023,6933.99,6920.0,430.0,0.06213873,6613.234,6933.99,6415.12,8362455.0,58805420160.0,0.0,0.0,8362455.0,58805420160.0,-161320.0,-69800.0,0.0,231120.0,-1118997200.0,-500593000.0,0.0,1619590200.0
10/08/2023,6528.328,7200.0,-280.0,-0.03888889,6613.234,6792.48,6509.46,6532082.0,45866939640.0,0.0,0.0,6532082.0,45866939640.0,-116100.0,15200.0,0.0,100900.0,-817288000.0,108401000.0,0.0,708887000.0
09/08/2023,6792.48,6940.0,260.0,0.03746398,6679.272,6886.82,6509.46,8992686.0,64401163900.0,0.0,0.0,8992686.0,64401163900.0,899800.0,-742000.0,0.0,-157800.0,6442256000.0,-5312265000.0,0.0,-1129991000.0
08/08/2023,6547.196,6490.0,450.0,0.06933744,6547.196,6547.196,6415.12,17679555.0,122297928710.0,0.0,0.0,17679555.0,122297928710.0,690500.0,-456600.0,0.0,-233900.0,4781356000.0,-3165422000.0,0.0,-1615934000.0
07/08/2023,6122.666,6070.0,420.0,0.06919275,6018.892,6122.666,5943.42,3207503.0,20690550400.0,0.0,0.0,3207503.0,20690550400.0,-24000.0,26500.0,0.0,-2500.0,-160588000.0,172030000.0,0.0,-11442000.0
04/08/2023,5726.438,5680.0,390.0,0.06866197,5377.38,5726.438,5367.946,9913825.0,59147767140.0,210000.0,1260000000.0,10123825.0,60407767140.0,-249600.0,22500.0,0.0,227100.0,-1509414000.0,130606000.0,0.0,1378808000.0
03/08/2023,5358.512,5620.0,60.0,0.01067616,5301.908,5433.984,5283.04,4234472.0,24065546320.0,0.0,0.0,4234472.0,24065546320.0,-97500.0,97400.0,0.0,100.0,-554472000.0,553901000.0,0.0,571000.0
02/08/2023,5301.908,5440.0,180.0,0.03308824,5113.228,5301.908,5094.36,3547448.0,19620567340.0,0.0,0.0,3547448.0,19620567340.0,-370100.0,87500.0,0.0,282600.0,-2045975000.0,482290000.0,0.0,1563685000.0
01/08/2023,5132.096,5710.0,-270.0,-0.04728546,5452.852,5452.852,5132.096,6417612.0,35754856030.0,0.0,0.0,6417612.0,35754856030.0,-4700.0,188700.0,0.0,-184000.0,-30577000.0,1059250000.0,0.0,-1028673000.0
31/07/2023,5386.814,5440.0,270.0,0.04963235,5273.606,5471.72,5160.398,4888652.0,27649290680.0,0.0,0.0,4888652.0,27649290680.0,-52000.0,209300.0,0.0,-157300.0,-298492000.0,1182073000.0,0.0,-883581000.0
28/07/2023,5132.096,5270.0,170.0,0.0323,5122.662,5169.832,5009.454,5382674.0,29185220180.0,0.0,0.0,5382674.0,29185220180.0,128400.0,-1300.0,0.0,-127100.0,694180000.0,-7106000.0,0.0,-687074000.0
27/07/2023,4971.718,5160.0,110.0,0.02131783,4877.378,4971.718,4858.51,3479546.0,18175339600.0,0.0,0.0,3479546.0,18175339600.0,30600.0,86700.0,0.0,-117300.0,156396000.0,453208000.0,0.0,-609604000.0
26/07/2023,4867.944,5100.0,60.0,0.01176471,4811.34,4952.85,4811.34,5077476.0,26377757210.0,0.0,0.0,5077476.0,26377757210.0,181900.0,-11000.0,0.0,-170900.0,942920000.0,-57420000.0,0.0,-885500000.0
25/07/2023,4811.34,5100.0,0.0,0.0,4839.642,4858.51,4764.17,2345258.0,11988616210.0,0.0,0.0,2345258.0,11988616210.0,-35900.0,30000.0,0.0,5900.0,-183787000.0,153530000.0,0.0,30257000.0
24/07/2023,4811.34,5020.0,80.0,0.01593625,4745.302,4849.076,4717.0,2658752.0,13440030950.0,0.0,0.0,2658752.0,13440030950.0,-160000.0,-100.0,0.0,160100.0,-807299000.0,-505000.0,0.0,807804000.0
21/07/2023,4735.868,4990.0,30.0,0.00601202,4717.0,4764.17,4688.698,1267116.0,6351071380.0,0.0,0.0,1267116.0,6351071380.0,-6500.0,-900.0,0.0,7400.0,-32597000.0,-4500000.0,0.0,37097000.0
20/07/2023,4707.566,4980.0,10.0,0.00200803,4622.66,4707.566,4622.66,1336505.0,6608223110.0,0.0,0.0,1336505.0,6608223110.0,12700.0,0.0,0.0,-12700.0,62878000.0,0.0,0.0,-62878000.0
19/07/2023,4698.132,5080.0,-100.0,-0.01968504,4792.472,4811.34,4698.132,2789520.0,14012176410.0,0.0,0.0,2789520.0,14012176410.0,348500.0,-202700.0,0.0,-145800.0,1754695000.0,-1022310000.0,0.0,-732385000.0
18/07/2023,4792.472,5120.0,-40.0,-0.0078125,4820.774,4839.642,4764.17,1660964.0,8438172540.0,0.0,0.0,1660964.0,8438172540.0,3200.0,7300.0,0.0,-10500.0,16269000.0,37226000.0,0.0,-53495000.0
17/07/2023,4830.208,5040.0,80.0,0.0159,4773.604,4877.378,4773.604,3875237.0,19787646100.0,0.0,0.0,3875237.0,19787646100.0,232100.0,0.0,0.0,-232100.0,1169698000.0,0.0,0.0,-1169698000.0
14/07/2023,4754.736,5040.0,0.0,0.0,4773.604,4811.34,4717.0,3057912.0,15420117460.0,0.0,0.0,3057912.0,15420117460.0,439700.0,-1000.0,0.0,-438700.0,2218053000.0,-5035000.0,0.0,-2213018000.0
13/07/2023,4754.736,5030.0,10.0,0.00198807,4801.906,4801.906,4726.434,1700882.0,8567910000.0,0.0,0.0,1700882.0,8567910000.0,71900.0,0.0,0.0,-71900.0,363562000.0,0.0,0.0,-363562000.0
12/07/2023,4745.302,5060.0,-30.0,-0.00592885,4811.34,4858.51,4726.434,1848612.0,9355421100.0,0.0,0.0,1848612.0,9355421100.0,33600.0,500.0,0.0,-34100.0,169044000.0,2560000.0,0.0,-171604000.0
11/07/2023,4773.604,4870.0,190.0,0.03901437,4622.66,4811.34,4613.226,6469328.0,32470904700.0,0.0,0.0,6469328.0,32470904700.0,-209300.0,100500.0,0.0,108800.0,-1056035000.0,507300000.0,0.0,548735000.0
10/07/2023,4594.358,4830.0,40.0,0.00828157,4547.188,4603.792,4547.188,1857735.0,9019166050.0,0.0,0.0,1857735.0,9019166050.0,-72361.0,0.0,0.0,72361.0,-350751460.0,0.0,0.0,350751460.0
07/07/2023,4556.622,4840.0,-10.0,-0.00206612,4584.924,4622.66,4518.886,1399225.0,6741711220.0,0.0,0.0,1399225.0,6741711220.0,23600.0,0.0,0.0,-23600.0,113442000.0,0.0,0.0,-113442000.0
06/07/2023,4566.056,4800.0,40.0,0.00833333,4537.754,4650.962,4490.584,2483146.0,12087306790.0,0.0,0.0,2483146.0,12087306790.0,40100.0,0.0,0.0,-40100.0,196713000.0,0.0,0.0,-196713000.0
05/07/2023,4528.32,4760.0,40.0,0.00840336,4528.32,4547.188,4509.452,2071790.0,9942709490.0,0.0,0.0,2071790.0,9942709490.0,-150700.0,5000.0,0.0,145700.0,-723952000.0,24000000.0,0.0,699952000.0
04/07/2023,4490.584,4720.0,40.0,0.00847458,4443.414,4547.188,4415.112,1147948.0,5446108890.0,0.0,0.0,1147948.0,5446108890.0,47600.0,6000.0,0.0,-53600.0,226089000.0,28220000.0,0.0,-254309000.0
03/07/2023,4452.848,4780.0,-60.0,-0.0125523,4566.056,4566.056,4415.112,1677429.0,7925936140.0,0.0,0.0,1677429.0,7925936140.0,313444.0,-50000.0,0.0,-263444.0,1483398201.0,-235462000.0,0.0,-1247936200.0
30/06/2023,4509.452,4805.0,-25.0,-0.00520291,4613.226,4613.226,4481.15,1815570.0,8735712720.0,0.0,0.0,1815570.0,8735712720.0,159464.0,-8000.0,0.0,-151464.0,769601040.0,-38680000.0,0.0,-730921040.0
29/06/2023,4533.923796,5210.0,-20.0,-0.00383877,4551.395564,4568.867332,4498.98026,2248253.0,11676314920.0,0.0,0.0,2248253.0,11676314920.0,-28200.0,0.0,0.0,28200.0,-146601000.0,0.0,0.0,146601000.0
28/06/2023,4551.395564,5190.0,20.0,0.00385356,4542.65968,4586.3391,4533.923796,2993148.0,15577165460.0,0.0,0.0,2993148.0,15577165460.0,-94000.0,-200.0,0.0,94200.0,-489862000.0,-744000.0,0.0,490606000.0
27/06/2023,4533.923796,5190.0,0.0,0.0,4595.074984,4603.810868,4507.716144,1835844.0,9522205070.0,0.0,0.0,1835844.0,9522205070.0,31100.0,3100.0,0.0,-34200.0,160638000.0,16088000.0,0.0,-176726000.0
26/06/2023,4533.923796,5300.0,-110.0,-0.02075472,4630.01852,4656.226172,4525.187912,2718681.0,14196500200.0,0.0,0.0,2718681.0,14196500200.0,56900.0,4200.0,0.0,-61100.0,297038000.0,21940000.0,0.0,-318978000.0
23/06/2023,4630.01852,5370.0,-70.0,-0.01303538,4673.69794,4699.905592,4603.810868,1789273.0,9531138080.0,0.0,0.0,1789273.0,9531138080.0,33600.0,20900.0,0.0,-54500.0,178285000.0,111796000.0,0.0,-290081000.0
22/06/2023,4691.169708,5270.0,100.0,0.01897533,4612.546752,4708.641476,4595.074984,2338184.0,12444893970.0,0.0,0.0,2338184.0,12444893970.0,-104235.0,-565.0,0.0,104800.0,-555646890.0,-3000110.0,0.0,558647000.0
21/06/2023,4603.810868,5200.0,70.0,0.01346154,4542.65968,4603.810868,4525.187912,1183920.0,6178837010.0,0.0,0.0,1183920.0,6178837010.0,-132000.0,-18300.0,0.0,150300.0,-690381000.0,-96005000.0,0.0,786386000.0
20/06/2023,4542.65968,5100.0,100.0,0.01960784,4455.30084,4542.65968,4455.30084,760951.0,3919564890.0,0.0,0.0,760951.0,3919564890.0,-38800.0,-100.0,0.0,38900.0,-200996000.0,-511000.0,0.0,201507000.0
19/06/2023,4455.30084,5160.0,-60.0,-0.01162791,4472.772608,4507.716144,4411.62142,2091246.0,10663032760.0,0.0,0.0,2091246.0,10663032760.0,132600.0,-132600.0,0.0,0.0,675390000.0,-675390000.0,0.0,0.0
16/06/2023,4507.716144,5180.0,-20.0,-0.003861,4560.131448,4603.810868,4472.772608,2375973.0,12348897630.0,0.0,0.0,2375973.0,12348897630.0,50600.0,1000.0,0.0,-51600.0,262681000.0,5190000.0,0.0,-267871000.0
15/06/2023,4525.187912,5270.0,-90.0,-0.0170778,4621.282636,4621.282636,4507.716144,1588758.0,8283715320.0,0.0,0.0,1588758.0,8283715320.0,108200.0,-59500.0,0.0,-48700.0,562230000.0,-307746000.0,0.0,-254484000.0
14/06/2023,4603.810868,5380.0,-110.0,-0.0204461,4743.585012,4752.320896,4586.3391,1990763.0,10653786450.0,0.0,0.0,1990763.0,10653786450.0,64046.0,2200.0,0.0,-66246.0,341053030.0,11606000.0,0.0,-352659030.0
13/06/2023,4699.905592,5400.0,-20.0,-0.0037037,4761.05678,4761.05678,4673.69794,2222336.0,11978595680.0,0.0,0.0,2222336.0,11978595680.0,-26200.0,77000.0,0.0,-50800.0,-142006000.0,415423000.0,0.0,-273417000.0
12/06/2023,4717.37736,5290.0,110.0,0.02079395,4699.905592,4717.37736,4630.01852,2680828.0,14384400930.0,0.0,0.0,2680828.0,14384400930.0,40600.0,37000.0,0.0,-77600.0,219025600.0,198250000.0,0.0,-417275600.0
09/06/2023,4621.282636,5320.0,-30.0,-0.0056391,4673.69794,4673.69794,4498.98026,2400556.0,12603566160.0,0.0,0.0,2400556.0,12603566160.0,-66500.0,104100.0,0.0,-37600.0,-345723000.0,544640000.0,0.0,-198917000.0
08/06/2023,4647.490288,5220.0,100.0,0.01915709,4568.867332,4787.264432,4568.867332,4344196.0,23369600780.0,0.0,0.0,4344196.0,23369600780.0,-45000.0,16100.0,0.0,28900.0,-233202000.0,80200000.0,0.0,153002000.0
07/06/2023,4560.131448,5100.0,120.0,0.02352941,4498.98026,4621.282636,4464.036724,3183671.0,16543665630.0,0.0,0.0,3183671.0,16543665630.0,-21845.0,87145.0,0.0,-65300.0,-114124500.0,453137500.0,0.0,-339013000.0
06/06/2023,4455.30084,5020.0,80.0,0.01593625,4376.677884,4490.244376,4376.677884,2571497.0,13102260700.0,0.0,0.0,2571497.0,13102260700.0,-283700.0,-2200.0,0.0,285900.0,-1447985000.0,-11161000.0,0.0,1459146000.0
05/06/2023,4385.413768,5020.0,0.0,0.0,4455.30084,4472.772608,4376.677884,1787277.0,9032548250.0,0.0,0.0,1787277.0,9032548250.0,-69800.0,10200.0,0.0,59600.0,-353430000.0,52089000.0,0.0,301341000.0
02/06/2023,4385.413768,5120.0,-100.0,-0.01953125,4542.65968,4560.131448,4385.413768,3831722.0,19469858470.0,0.0,0.0,3831722.0,19469858470.0,155700.0,-22000.0,0.0,-133700.0,791407000.0,-113086000.0,0.0,-678321000.0
01/06/2023,4472.772608,5000.0,120.0,0.024,4394.149652,4568.867332,4394.149652,3537237.0,18078711470.0,0.0,0.0,3537237.0,18078711470.0,-69200.0,71100.0,0.0,-1900.0,-352010000.0,362761000.0,0.0,-10751000.0
31/05/2023,4367.942,4930.0,70.0,0.01419878,4341.734348,4437.829072,4324.26258,3393527.0,16983405410.0,0.0,0.0,3393527.0,16983405410.0,7300.0,5100.0,0.0,-12400.0,35646000.0,26054000.0,0.0,-61700000.0
30/05/2023,4306.790812,5050.0,-120.0,-0.02376238,4455.30084,4455.30084,4280.58316,3359407.0,16670953140.0,0.0,0.0,3359407.0,16670953140.0,-5000.0,51900.0,0.0,-46900.0,-22538000.0,254990000.0,0.0,-232452000.0
29/05/2023,4411.62142,4850.0,200.0,0.04123711,4271.847276,4437.829072,4271.847276,3336011.0,16755172550.0,0.0,0.0,3336011.0,16755172550.0,-165100.0,49300.0,0.0,115800.0,-832590000.0,249423000.0,0.0,583167000.0
26/05/2023,4236.90374,4710.0,140.0,0.02972399,4167.016668,4271.847276,4123.337248,2813805.0,13573808000.0,0.0,0.0,2813805.0,13573808000.0,-77600.0,15600.0,0.0,62000.0,-374963000.0,75750000.0,0.0,299213000.0
25/05/2023,4114.601364,4750.0,-40.0,-0.00842105,4149.5449,4167.016668,4105.86548,1798562.0,8511165370.0,0.0,0.0,1798562.0,8511165370.0,-204000.0,110100.0,0.0,93900.0,-966234000.0,520371000.0,0.0,445863000.0
24/05/2023,4149.5449,4680.0,70.0,0.01495726,4097.129596,4219.431972,4097.129596,2515190.0,11985617740.0,0.0,0.0,2515190.0,11985617740.0,-262400.0,116100.0,0.0,146300.0,-1250550000.0,553807000.0,0.0,696743000.0
23/05/2023,4088.393712,4720.0,-40.0,-0.00847458,4114.601364,4184.488436,4062.18606,1643561.0,7714007100.0,0.0,0.0,1643561.0,7714007100.0,-9842.0,3200.0,0.0,6642.0,-46398040.0,14839000.0,0.0,31559040.0
22/05/2023,4123.337248,4620.0,100.0,0.02164502,4140.809016,4158.280784,4044.714292,2198501.0,10303543040.0,0.0,0.0,2198501.0,10303543040.0,-26400.0,-3000.0,0.0,29400.0,-120905000.0,-17120000.0,0.0,138025000.0
19/05/2023,4035.978408,4780.0,-160.0,-0.0334728,4201.960204,4201.960204,3983.563104,5576704.0,26039648090.0,0.0,0.0,5576704.0,26039648090.0,106314.0,-8400.0,0.0,-97914.0,503950780.0,-46781000.0,0.0,-457169780.0
18/05/2023,4175.752552,4810.0,-30.0,-0.00623701,4280.58316,4280.58316,4175.752552,4409115.0,21268444100.0,0.0,0.0,4409115.0,21268444100.0,81400.0,-2000.0,0.0,-79400.0,391448000.0,-9620000.0,0.0,-381828000.0
17/05/2023,4201.960204,4500.0,310.0,0.06888889,4018.50664,4201.960204,3974.82722,10484130.0,49797817060.0,0.0,0.0,10484130.0,49797817060.0,-254500.0,-2900.0,0.0,257400.0,-1203070000.0,-14647000.0,0.0,1217717000.0
16/05/2023,3931.1478,4590.0,-90.0,-0.01960784,4009.770756,4018.50664,3904.940148,2142787.0,9748130820.0,0.0,0.0,2142787.0,9748130820.0,-10100.0,-1100.0,0.0,11200.0,-46251000.0,-4924000.0,0.0,51175000.0
15/05/2023,4009.770756,4580.0,10.0,0.00218341,4035.978408,4105.86548,3974.82722,2323598.0,10704152100.0,0.0,0.0,2323598.0,10704152100.0,-16200.0,1000.0,0.0,15200.0,-75221000.0,4620000.0,0.0,70601000.0
12/05/2023,4001.034872,4590.0,-10.0,-0.00217865,4018.50664,4053.450176,3939.883684,2070464.0,9466663720.0,0.0,0.0,2070464.0,9466663720.0,10200.0,-500.0,0.0,-9700.0,48066000.0,-2290000.0,0.0,-45776000.0
11/05/2023,4009.770756,4550.0,40.0,0.00879121,3992.298988,4088.393712,3992.298988,4206109.0,19441006730.0,0.0,0.0,4206109.0,19441006730.0,-63200.0,8900.0,0.0,54300.0,-292130000.0,41104000.0,0.0,251026000.0
10/05/2023,3974.82722,4470.0,80.0,0.01789709,3931.1478,4053.450176,3922.411916,3707944.0,16994636940.0,0.0,0.0,3707944.0,16994636940.0,-151300.0,-3400.0,0.0,154700.0,-690256000.0,-16787000.0,0.0,707043000.0
09/05/2023,3904.940148,4520.0,-50.0,-0.01106195,3966.091336,3974.82722,3904.940148,1369269.0,6155507850.0,0.0,0.0,1369269.0,6155507850.0,-19000.0,6000.0,0.0,13000.0,-85568000.0,27240000.0,0.0,58328000.0
08/05/2023,3948.619568,4420.0,100.0,0.02262443,3869.996612,3957.355452,3817.581308,3147141.0,14105622820.0,0.0,0.0,3147141.0,14105622820.0,-38500.0,3000.0,0.0,35500.0,-173016000.0,13235000.0,0.0,159781000.0
05/05/2023,3861.260728,4430.0,-10.0,-0.00225734,3869.996612,3896.204264,3800.10954,1629193.0,7144095560.0,0.0,0.0,1629193.0,7144095560.0,32200.0,0.0,0.0,-32200.0,141581000.0,0.0,0.0,-141581000.0
04/05/2023,3869.996612,4370.0,60.0,0.01372998,3817.581308,3939.883684,3817.581308,2195800.0,9713889210.0,0.0,0.0,2195800.0,9713889210.0,82200.0,-12100.0,0.0,-70100.0,362363000.0,-53784000.0,0.0,-308579000.0
28/04/2023,3817.581308,4260.0,110.0,0.0258216,3756.43012,3843.78896,3756.43012,1933869.0,8424432060.0,0.0,0.0,1933869.0,8424432060.0,-46900.0,29900.0,0.0,17000.0,-205628000.0,129880000.0,0.0,75748000.0
27/04/2023,3721.486584,4180.0,80.0,0.01913876,3677.807164,3747.694236,3677.807164,1026830.0,4362049420.0,0.0,0.0,1026830.0,4362049420.0,-5500.0,800.0,0.0,4700.0,-22431000.0,3382000.0,0.0,19049000.0
26/04/2023,3651.599512,4170.0,10.0,0.00239808,3642.863628,3686.543048,3625.39186,512080.0,2138030860.0,0.0,0.0,512080.0,2138030860.0,-30500.0,900.0,0.0,29600.0,-127606000.0,3735000.0,0.0,123871000.0
25/04/2023,3642.863628,4200.0,-30.0,-0.00714286,3669.07128,3712.7507,3625.39186,1117323.0,4687104130.0,0.0,0.0,1117323.0,4687104130.0,217800.0,0.0,0.0,-217800.0,913145000.0,0.0,0.0,-913145000.0
24/04/2023,3669.07128,4160.0,40.0,0.00961538,3660.335396,3730.222468,3634.127744,844257.0,3552696470.0,0.0,0.0,844257.0,3552696470.0,-65049.0,90600.0,0.0,-25551.0,-274184390.0,380980000.0,0.0,-106795610.0
21/04/2023,3634.127744,4160.0,0.0,0.0,3651.599512,3686.543048,3616.655976,593856.0,2478384640.0,0.0,0.0,593856.0,2478384640.0,15500.0,-1600.0,0.0,-13900.0,64507000.0,-6657000.0,0.0,-57850000.0
20/04/2023,3634.127744,4200.0,-40.0,-0.00952381,3686.543048,3686.543048,3634.127744,679853.0,2848572040.0,0.0,0.0,679853.0,2848572040.0,3300.0,100.0,0.0,-3400.0,13913000.0,419000.0,0.0,-14332000.0
19/04/2023,3669.07128,4270.0,-70.0,-0.01639344,3738.958352,3738.958352,3660.335396,842869.0,3569475880.0,0.0,0.0,842869.0,3569475880.0,13600.0,2100.0,0.0,-15700.0,56840000.0,8924000.0,0.0,-65764000.0
18/04/2023,3730.222468,4220.0,50.0,0.01184834,3721.486584,3747.694236,3651.599512,838743.0,3541969390.0,0.0,0.0,838743.0,3541969390.0,42200.0,100.0,0.0,-42300.0,177612000.0,425000.0,0.0,-178037000.0
17/04/2023,3686.543048,4210.0,10.0,0.0023753,3686.543048,3730.222468,3660.335396,897676.0,3779537280.0,0.0,0.0,897676.0,3779537280.0,-56600.0,300.0,0.0,56300.0,-238723000.0,1263000.0,0.0,237460000.0
14/04/2023,3677.807164,4390.0,-180.0,-0.04100228,3835.053076,3843.78896,3677.807164,1832199.0,7865727520.0,0.0,0.0,1832199.0,7865727520.0,6600.0,-400.0,0.0,-6200.0,29293000.0,-1712000.0,0.0,-27581000.0
13/04/2023,3835.053076,4400.0,-10.0,-0.00227273,3869.996612,3896.204264,3791.373656,1201439.0,5272478560.0,0.0,0.0,1201439.0,5272478560.0,12800.0,-500.0,0.0,-12300.0,56070000.0,-2278000.0,0.0,-53792000.0
12/04/2023,3843.78896,4420.0,-20.0,-0.00452489,3852.524844,3913.676032,3817.581308,2040794.0,9011428700.0,0.0,0.0,2040794.0,9011428700.0,135600.0,-142900.0,0.0,7300.0,603317000.0,-636190000.0,0.0,32873000.0
11/04/2023,3861.260728,4420.0,0.0,0.0,3835.053076,3861.260728,3677.807164,2172192.0,9435239490.0,100000.0,450000000.0,2272192.0,9885239490.0,2500.0,-10100.0,0.0,7600.0,11741000.0,-44673000.0,0.0,32932000.0
10/04/2023,3861.260728,4440.0,-20.0,-0.0045045,3966.091336,3974.82722,3826.317192,2956023.0,13197047160.0,150000.0,712500000.0,3106023.0,13909547160.0,-147100.0,126900.0,0.0,20200.0,-654016000.0,564350000.0,0.0,89666000.0
07/04/2023,3878.732496,4420.0,20.0,0.00452489,3878.732496,3922.411916,3791.373656,2381745.0,10509187880.0,70000.0,322000000.0,2451745.0,10831187880.0,-123100.0,108200.0,0.0,14900.0,-543303000.0,477670000.0,0.0,65633000.0
06/04/2023,3861.260728,4380.0,40.0,0.00913242,3852.524844,4088.393712,3843.78896,7475992.0,34433642940.0,0.0,0.0,7475992.0,34433642940.0,561200.0,103200.0,0.0,-664400.0,2626766000.0,477328000.0,0.0,-3104094000.0
05/04/2023,3826.317192,4370.0,10.0,0.00228833,3808.845424,3869.996612,3782.637772,2090945.0,9154317510.0,0.0,0.0,2090945.0,9154317510.0,-6100.0,0.0,0.0,6100.0,-26619000.0,5000.0,0.0,26614000.0
04/04/2023,3817.581308,4300.0,70.0,0.01627907,3756.43012,3817.581308,3712.7507,2353995.0,10113965990.0,0.0,0.0,2353995.0,10113965990.0,-34800.0,-10500.0,0.0,45300.0,-149381000.0,-45221000.0,0.0,194602000.0
03/04/2023,3756.43012,4140.0,160.0,0.03864734,3695.278932,3756.43012,3669.07128,2479868.0,10573953840.0,0.0,0.0,2479868.0,10573953840.0,-79800.0,-43600.0,0.0,123400.0,-340777000.0,-185298000.0,0.0,526075000.0
31/03/2023,3616.655976,4200.0,-60.0,-0.01428571,3669.07128,3686.543048,3572.976556,1633137.0,6756903090.0,0.0,0.0,1633137.0,6756903090.0,-15800.0,12000.0,0.0,3800.0,-65094000.0,49299000.0,0.0,15795000.0
30/03/2023,3669.07128,4170.0,30.0,0.00719424,3677.807164,3712.7507,3642.863628,2357887.0,9938447160.0,0.0,0.0,2357887.0,9938447160.0,-12200.0,25400.0,0.0,-13200.0,-52898000.0,108074000.0,0.0,-55176000.0
29/03/2023,3642.863628,4180.0,-10.0,-0.00239234,3704.014816,3704.014816,3642.863628,862017.0,3611361670.0,0.0,0.0,862017.0,3611361670.0,24300.0,-100.0,0.0,-24200.0,101642000.0,-420000.0,0.0,-101222000.0
28/03/2023,3651.599512,4090.0,90.0,0.02200489,3607.920092,3712.7507,3607.920092,3575853.0,15012379910.0,0.0,0.0,3575853.0,15012379910.0,-23600.0,-19400.0,0.0,43000.0,-99032000.0,-81158000.0,0.0,180190000.0
27/03/2023,3572.976556,4080.0,10.0,0.00245098,3599.184208,3599.184208,3564.240672,1180796.0,4825385750.0,0.0,0.0,1180796.0,4825385750.0,-13000.0,-200.0,0.0,13200.0,-53119000.0,-818000.0,0.0,53937000.0
24/03/2023,3564.240672,4070.0,10.0,0.002457,3581.71244,3607.920092,3555.504788,1171993.0,4804688840.0,0.0,0.0,1171993.0,4804688840.0,-8000.0,12400.0,0.0,-4400.0,-32541000.0,50546000.0,0.0,-18005000.0
23/03/2023,3555.504788,4070.0,0.0,0.0,3546.768904,3581.71244,3529.297136,627191.0,2549791010.0,0.0,0.0,627191.0,2549791010.0,-8900.0,0.0,0.0,8900.0,-36175000.0,0.0,0.0,36175000.0
22/03/2023,3555.504788,4070.0,0.0,0.0,3599.184208,3607.920092,3555.504788,850507.0,3490380530.0,0.0,0.0,850507.0,3490380530.0,-7600.0,1200.0,0.0,6400.0,-31352000.0,4925000.0,0.0,26427000.0
21/03/2023,3555.504788,4070.0,0.0,0.0,3581.71244,3581.71244,3529.297136,628412.0,2557525690.0,0.0,0.0,628412.0,2557525690.0,-12900.0,0.0,0.0,12900.0,-52615000.0,0.0,0.0,52615000.0
20/03/2023,3555.504788,4090.0,-20.0,-0.00488998,3590.448324,3651.599512,3546.768904,1339970.0,5504581750.0,0.0,0.0,1339970.0,5504581750.0,46000.0,0.0,0.0,-46000.0,188637000.0,0.0,0.0,-188637000.0
17/03/2023,3572.976556,4040.0,50.0,0.01237624,3581.71244,3607.920092,3555.504788,1010150.0,4143823570.0,0.0,0.0,1010150.0,4143823570.0,1000.0,-1000.0,0.0,0.0,4120000.0,-4120000.0,0.0,0.0
16/03/2023,3529.297136,4130.0,-90.0,-0.02179177,3581.71244,3581.71244,3511.825368,612917.0,2491672360.0,0.0,0.0,612917.0,2491672360.0,-900.0,3000.0,0.0,-2100.0,-3632000.0,12200000.0,0.0,-8568000.0
15/03/2023,3607.920092,3980.0,150.0,0.03768844,3546.768904,3625.39186,3494.3536,1136786.0,4659051640.0,0.0,0.0,1136786.0,4659051640.0,-50400.0,4600.0,0.0,45800.0,-207686000.0,19026000.0,0.0,188660000.0
14/03/2023,3476.881832,4080.0,-100.0,-0.0245098,3564.240672,3599.184208,3459.410064,1566169.0,6268987110.0,0.0,0.0,1566169.0,6268987110.0,49500.0,800.0,0.0,-50300.0,200444000.0,3237000.0,0.0,-203681000.0
13/03/2023,3564.240672,4150.0,-70.0,-0.01686747,3581.71244,3616.655976,3538.03302,1024064.0,4206569710.0,0.0,0.0,1024064.0,4206569710.0,38100.0,-31300.0,0.0,-6800.0,156824000.0,-128956000.0,0.0,-27868000.0
10/03/2023,3625.39186,4190.0,-40.0,-0.00954654,3625.39186,3642.863628,3572.976556,672965.0,2780825010.0,0.0,0.0,672965.0,2780825010.0,28600.0,0.0,0.0,-28600.0,118240000.0,0.0,0.0,-118240000.0
09/03/2023,3660.335396,4200.0,-10.0,-0.00238095,3669.07128,3712.7507,3616.655976,1327628.0,5566638760.0,0.0,0.0,1327628.0,5566638760.0,14900.0,-1200.0,0.0,-13700.0,62236000.0,-5028000.0,0.0,-57208000.0
08/03/2023,3669.07128,4100.0,100.0,0.02439024,3555.504788,3669.07128,3529.297136,1322712.0,5415768600.0,0.0,0.0,1322712.0,5415768600.0,73100.0,-51300.0,0.0,-21800.0,298685000.0,-210533000.0,0.0,-88152000.0
07/03/2023,3581.71244,4130.0,-30.0,-0.00726392,3651.599512,3651.599512,3564.240672,598178.0,2463358670.0,0.0,0.0,598178.0,2463358670.0,102500.0,1100.0,0.0,-103600.0,422494000.0,4525000.0,0.0,-427019000.0
06/03/2023,3607.920092,4050.0,80.0,0.01975309,3660.335396,3695.278932,3607.920092,924431.0,3860864510.0,0.0,0.0,924431.0,3860864510.0,80800.0,-7700.0,0.0,-73100.0,336848000.0,-32081000.0,0.0,-304767000.0
03/03/2023,3538.03302,4130.0,-80.0,-0.01937046,3651.599512,3651.599512,3538.03302,1075258.0,4418617350.0,0.0,0.0,1075258.0,4418617350.0,40800.0,-4000.0,0.0,-36800.0,167313001.0,-16601000.0,0.0,-150712000.0
02/03/2023,3607.920092,4150.0,-20.0,-0.00481928,3634.127744,3669.07128,3607.920092,1433232.0,5972618820.0,0.0,0.0,1433232.0,5972618820.0,-23000.0,-10000.0,0.0,33000.0,-96132000.0,-41464000.0,0.0,137596000.0
01/03/2023,3625.39186,4040.0,110.0,0.02722772,3520.561252,3625.39186,3468.145948,1312078.0,5327155170.0,0.0,0.0,1312078.0,5327155170.0,-27700.0,-1100.0,0.0,28800.0,-118388000.0,-5284000.0,0.0,123672000.0
28/02/2023,3529.297136,4040.0,0.0,0.0,3572.976556,3625.39186,3511.825368,2422140.0,9839220300.0,0.0,0.0,2422140.0,9839220300.0,32990.0,2900.0,0.0,-35890.0,134491600.0,11873000.0,0.0,-146364600.0
27/02/2023,3529.297136,4190.0,-150.0,-0.03579952,3625.39186,3634.127744,3529.297136,1840250.0,7509708500.0,0.0,0.0,1840250.0,7509708500.0,31300.0,100.0,0.0,-31400.0,127625000.0,450000.0,0.0,-128075000.0
24/02/2023,3660.335396,4260.0,-70.0,-0.01643192,3730.222468,3800.10954,3651.599512,1843752.0,7818494720.0,0.0,0.0,1843752.0,7818494720.0,-3600.0,10000.0,0.0,-6400.0,-15662000.0,41979000.0,0.0,-26317000.0
23/02/2023,3721.486584,4320.0,-60.0,-0.01388889,3782.637772,3800.10954,3634.127744,2835140.0,12043134790.0,0.0,0.0,2835140.0,12043134790.0,16600.0,-200.0,0.0,-16400.0,66664000.0,350000.0,0.0,-67014000.0
22/02/2023,3773.901888,4500.0,-180.0,-0.04,3852.524844,4018.50664,3773.901888,4004726.0,17777879790.0,0.0,0.0,4004726.0,17777879790.0,-108400.0,17800.0,0.0,90600.0,-482756000.0,79516000.0,0.0,403240000.0
21/02/2023,3931.1478,4610.0,-110.0,-0.02386117,4114.601364,4184.488436,3852.524844,4164023.0,19189784340.0,0.0,0.0,4164023.0,19189784340.0,-20095.0,37900.0,0.0,-17805.0,-86464000.0,169306000.0,0.0,-82842000.0
20/02/2023,4027.242524,4310.0,300.0,0.06960557,3765.166004,4027.242524,3765.166004,6136201.0,27996184250.0,0.0,0.0,6136201.0,27996184250.0,14900.0,62900.0,0.0,-77800.0,69359000.0,289787000.0,0.0,-359146000.0
17/02/2023,3765.166004,4180.0,130.0,0.03110048,3660.335396,3791.373656,3651.599512,4051140.0,17392028110.0,0.0,0.0,4051140.0,17392028110.0,31100.0,9700.0,0.0,-40800.0,134097000.0,41814000.0,0.0,-175911000.0
16/02/2023,3651.599512,4140.0,40.0,0.00966184,3634.127744,3677.807164,3599.184208,1116316.0,4652189960.0,0.0,0.0,1116316.0,4652189960.0,-79600.0,2000.0,0.0,77600.0,-332418000.0,8300000.0,0.0,324118000.0
15/02/2023,3616.655976,4070.0,70.0,0.01719902,3511.825368,3642.863628,3511.825368,1524634.0,6236597770.0,0.0,0.0,1524634.0,6236597770.0,-28500.0,3000.0,0.0,25500.0,-117214000.0,12380000.0,0.0,104834000.0
14/02/2023,3555.504788,4090.0,-20.0,-0.00488998,3503.089484,3642.863628,3494.3536,472458.0,1921072770.0,0.0,0.0,472458.0,1921072770.0,70000.0,-1500.0,0.0,-68500.0,286393000.0,-6127000.0,0.0,-280266000.0
13/02/2023,3572.976556,4290.0,-200.0,-0.04662005,3721.486584,3721.486584,3485.617716,1624840.0,6575239280.0,0.0,0.0,1624840.0,6575239280.0,157100.0,200.0,0.0,-157300.0,644707000.0,818000.0,0.0,-645525000.0
10/02/2023,3747.694236,4130.0,160.0,0.03874092,3625.39186,3756.43012,3607.920092,1628841.0,6841594570.0,0.0,0.0,1628841.0,6841594570.0,-20900.0,3000.0,0.0,17900.0,-88269000.0,12590000.0,0.0,75679000.0
09/02/2023,3607.920092,4130.0,0.0,0.0,3599.184208,3686.543048,3590.448324,515488.0,2147105400.0,0.0,0.0,515488.0,2147105400.0,-40800.0,100.0,0.0,40700.0,-169621000.0,415000.0,0.0,169206000.0
08/02/2023,3607.920092,4100.0,30.0,0.00731707,3599.184208,3686.543048,3503.089484,843608.0,3480944790.0,0.0,0.0,843608.0,3480944790.0,-23800.0,-4000.0,0.0,27800.0,-99952000.0,-16006000.0,0.0,115958000.0
07/02/2023,3581.71244,4250.0,-150.0,-0.03529412,3782.637772,3782.637772,3564.240672,1198360.0,5032078000.0,0.0,0.0,1198360.0,5032078000.0,-28200.0,-5300.0,0.0,33500.0,-119900000.0,-21758000.0,0.0,141658000.0
06/02/2023,3712.7507,4090.0,160.0,0.0391198,3581.71244,3712.7507,3581.71244,1590868.0,6692904770.0,0.0,0.0,1590868.0,6692904770.0,-94.0,100.0,0.0,-6.0,-393799.0,419000.0,0.0,-25200.0
03/02/2023,3572.976556,4100.0,-10.0,-0.00243902,3581.71244,3607.920092,3538.03302,776348.0,3181427060.0,0.0,0.0,776348.0,3181427060.0,101200.0,-75300.0,0.0,-25900.0,415134000.0,-308799000.0,0.0,-106335000.0
02/02/2023,3581.71244,4100.0,0.0,0.0,3634.127744,3651.599512,3511.825368,1584359.0,6459763250.0,0.0,0.0,1584359.0,6459763250.0,125700.0,-124000.0,0.0,-1700.0,513221000.0,-506312000.0,0.0,-6909000.0
01/02/2023,3581.71244,4290.0,-190.0,-0.04428904,3782.637772,3861.260728,3581.71244,2816145.0,12122788870.0,0.0,0.0,2816145.0,12122788870.0,-36000.0,3100.0,0.0,32900.0,-156047000.0,13457000.0,0.0,142590000.0
31/01/2023,3747.694236,4300.0,-10.0,-0.00232558,3765.166004,3861.260728,3642.863628,1686407.0,7215561440.0,0.0,0.0,1686407.0,7215561440.0,66957.0,-26700.0,0.0,-40257.0,283644290.0,-112917000.0,0.0,-170727290.0
30/01/2023,3756.43012,4020.0,280.0,0.06965174,3590.448324,3756.43012,3564.240672,3889418.0,16500895420.0,0.0,0.0,3889418.0,16500895420.0,-15800.0,800.0,0.0,15000.0,-66627000.0,3398000.0,0.0,63229000.0
27/01/2023,3511.825368,3920.0,100.0,0.0255102,3450.67418,3625.39186,3450.67418,1233564.0,4980098430.0,0.0,0.0,1233564.0,4980098430.0,-71150.0,1450.0,0.0,69700.0,-285667599.0,5775600.0,0.0,279892000.0
19/01/2023,3424.466528,3920.0,0.0,0.0,3398.258876,3476.881832,3389.522992,1269729.0,5000955520.0,0.0,0.0,1269729.0,5000955520.0,14400.0,-40400.0,0.0,26000.0,56667000.0,-159451000.0,0.0,102784000.0
18/01/2023,3424.466528,3750.0,170.0,0.04533333,3293.428268,3441.938296,3275.9565,1327419.0,5124410210.0,0.0,0.0,1327419.0,5124410210.0,-61400.0,3900.0,0.0,57500.0,-235320000.0,15121000.0,0.0,220199000.0
17/01/2023,3275.9565,3610.0,140.0,0.03878116,3214.805312,3319.63592,3162.390008,1011861.0,3734768710.0,90000.0,333000000.0,1101861.0,4067768710.0,-51000.0,-4500.0,0.0,55500.0,-186534000.0,-16963000.0,0.0,203497000.0
16/01/2023,3153.654124,3670.0,-60.0,-0.01634877,3206.069428,3214.805312,3109.974704,770876.0,2803621450.0,0.0,0.0,770876.0,2803621450.0,27900.0,-5400.0,0.0,-22500.0,101963000.0,-19480000.0,0.0,-82483000.0
13/01/2023,3206.069428,3680.0,-10.0,-0.00271739,3284.692384,3284.692384,3197.333544,539305.0,1990270210.0,0.0,0.0,539305.0,1990270210.0,-500.0,0.0,0.0,500.0,-1955000.0,0.0,0.0,1955000.0
12/01/2023,3214.805312,3720.0,-40.0,-0.01075269,3275.9565,3284.692384,3197.333544,324839.0,1199320130.0,0.0,0.0,324839.0,1199320130.0,3600.0,0.0,0.0,-3600.0,13276000.0,0.0,0.0,-13276000.0
11/01/2023,3249.748848,3680.0,40.0,0.01086957,3258.484732,3302.164152,3232.27708,457120.0,1706170400.0,0.0,0.0,457120.0,1706170400.0,-18994.0,0.0,0.0,18994.0,-71119560.0,0.0,0.0,71119560.0
10/01/2023,3214.805312,3690.0,-10.0,-0.00271003,3162.390008,3267.220616,3153.654124,712012.0,2607170370.0,0.0,0.0,712012.0,2607170370.0,15900.0,0.0,0.0,-15900.0,57874000.0,0.0,0.0,-57874000.0
09/01/2023,3223.541196,3720.0,-30.0,-0.00806452,3319.63592,3319.63592,3223.541196,738372.0,2766872270.0,0.0,0.0,738372.0,2766872270.0,18600.0,-100.0,0.0,-18500.0,69577000.0,-377000.0,0.0,-69200000.0
06/01/2023,3249.748848,3750.0,-30.0,-0.008,3267.220616,3398.258876,3232.27708,1023342.0,3872518590.0,0.0,0.0,1023342.0,3872518590.0,23850.0,-50.0,0.0,-23800.0,89680000.0,-191000.0,0.0,-89489000.0
05/01/2023,3275.9565,3760.0,-10.0,-0.00265957,3267.220616,3310.900036,3232.27708,508128.0,1900224490.0,0.0,0.0,508128.0,1900224490.0,10100.0,0.0,0.0,-10100.0,37507000.0,0.0,0.0,-37507000.0
04/01/2023,3284.692384,3770.0,-10.0,-0.00265252,3319.63592,3354.579456,3267.220616,905092.0,3418584490.0,53783.0,188778330.0,958875.0,3607362820.0,-4000.0,9000.0,0.0,-5000.0,-15448000.0,34173000.0,0.0,-18725000.0
03/01/2023,3293.428268,3600.0,170.0,0.04722222,3144.91824,3293.428268,3109.974704,777304.0,2889083750.0,0.0,0.0,777304.0,2889083750.0,-59500.0,14900.0,0.0,44600.0,-221283000.0,54700000.0,0.0,166583000.0
30/12/2022,3144.91824,3680.0,-80.0,-0.02173913,3214.805312,3223.541196,3136.182356,625965.0,2269504550.0,0.0,0.0,625965.0,2269504550.0,47000.0,-4600.0,0.0,-42400.0,171345001.0,-16684000.0,0.0,-154661000.0
29/12/2022,3214.805312,3670.0,10.0,0.0027248,3188.59766,3232.27708,3188.59766,404076.0,1486736240.0,0.0,0.0,404076.0,1486736240.0,2300.0,300.0,0.0,-2600.0,8218000.0,1102000.0,0.0,-9320000.0
28/12/2022,3206.069428,3690.0,-20.0,-0.00542005,3232.27708,3275.9565,3171.125892,465875.0,1716769350.0,0.0,0.0,465875.0,1716769350.0,-10045.0,1245.0,0.0,8800.0,-37150600.0,4586600.0,0.0,32564000.0
27/12/2022,3223.541196,3530.0,160.0,0.04532578,3057.5594,3223.541196,3057.5594,521284.0,1872443950.0,0.0,0.0,521284.0,1872443950.0,-14151.0,1100.0,0.0,13051.0,-50793500.0,3963000.0,0.0,46830500.0
26/12/2022,3083.767052,3790.0,-260.0,-0.06860158,3310.900036,3310.900036,3083.767052,1112963.0,4023890470.0,0.0,0.0,1112963.0,4023890470.0,60800.0,-200.0,0.0,-60600.0,223457000.0,-730000.0,0.0,-222727000.0
23/12/2022,3310.900036,3780.0,10.0,0.0026455,3310.900036,3319.63592,3223.541196,438197.0,1634596760.0,0.0,0.0,438197.0,1634596760.0,26000.0,18100.0,0.0,-44100.0,96190000.0,67988000.0,0.0,-164178000.0
22/12/2022,3302.164152,3720.0,60.0,0.01612903,3345.843572,3345.843572,3188.59766,483921.0,1806379130.0,0.0,0.0,483921.0,1806379130.0,51800.0,29000.0,0.0,-80800.0,193177000.0,109180000.0,0.0,-302357000.0
21/12/2022,3249.748848,3760.0,-40.0,-0.0106383,3363.31534,3389.522992,3214.805312,2012481.0,7526430540.0,0.0,0.0,2012481.0,7526430540.0,89858.0,-30358.0,0.0,-59500.0,336899060.0,-112341060.0,0.0,-224558000.0
20/12/2022,3284.692384,4000.0,-240.0,-0.06,3494.3536,3503.089484,3249.748848,1526272.0,5864036560.0,0.0,0.0,1526272.0,5864036560.0,-4500.0,1900.0,0.0,2600.0,-15866000.0,7402000.0,0.0,8464000.0
19/12/2022,3494.3536,4140.0,-140.0,-0.03381643,3572.976556,3677.807164,3494.3536,2473552.0,10144282190.0,0.0,0.0,2473552.0,10144282190.0,78200.0,-5300.0,0.0,-72900.0,315417000.0,-21143000.0,0.0,-294274000.0
16/12/2022,3616.655976,4160.0,-20.0,-0.00480769,3581.71244,3651.599512,3555.504788,1907872.0,7871864050.0,0.0,0.0,1907872.0,7871864050.0,29400.0,-30000.0,0.0,600.0,121964000.0,-124300000.0,0.0,2336000.0
15/12/2022,3634.127744,4170.0,-10.0,-0.00239808,3651.599512,3730.222468,3581.71244,1898425.0,7929615640.0,0.0,0.0,1898425.0,7929615640.0,41300.0,-200.0,0.0,-41100.0,169765000.0,-819000.0,0.0,-168946000.0
14/12/2022,3642.863628,3900.0,270.0,0.06923077,3529.297136,3642.863628,3468.145948,2633985.0,10908328840.0,0.0,0.0,2633985.0,10908328840.0,-25500.0,29900.0,0.0,-4400.0,-106720000.0,124683000.0,0.0,-17963000.0
13/12/2022,3406.99476,3880.0,20.0,0.00515464,3389.522992,3415.730644,3310.900036,1222251.0,4726216870.0,0.0,0.0,1222251.0,4726216870.0,3200.0,700.0,0.0,-3900.0,10911000.0,2732000.0,0.0,-13643000.0
12/12/2022,3389.522992,3950.0,-70.0,-0.01772152,3450.67418,3572.976556,3389.522992,1614200.0,6428586700.0,0.0,0.0,1614200.0,6428586700.0,-295900.0,9300.0,0.0,286600.0,-1187847000.0,36039000.0,0.0,1151808000.0
09/12/2022,3450.67418,3960.0,-10.0,-0.00252525,3572.976556,3572.976556,3372.051224,1594241.0,6239071800.0,0.0,0.0,1594241.0,6239071800.0,62100.0,500.0,0.0,-62600.0,244070000.0,1959000.0,0.0,-246029000.0
08/12/2022,3459.410064,3760.0,200.0,0.05319149,3406.99476,3511.825368,3398.258876,2323423.0,9232377760.0,0.0,0.0,2323423.0,9232377760.0,-480880.0,3280.0,0.0,477600.0,-1902914001.0,13000000.0,0.0,1889914000.0
07/12/2022,3284.692384,4030.0,-270.0,-0.06699752,3494.3536,3581.71244,3284.692384,2718363.0,10603284000.0,0.0,0.0,2718363.0,10603284000.0,411700.0,-76600.0,0.0,-335100.0,1595916000.0,-301668000.0,0.0,-1294248000.0
06/12/2022,3520.561252,4230.0,-200.0,-0.04728132,3651.599512,3861.260728,3511.825368,4469061.0,18688008920.0,0.0,0.0,4469061.0,18688008920.0,44400.0,-26600.0,0.0,-17800.0,184730000.0,-114502000.0,0.0,-70228000.0
05/12/2022,3695.278932,4180.0,50.0,0.01196172,3712.7507,3756.43012,3651.599512,2881287.0,12165543510.0,0.0,0.0,2881287.0,12165543510.0,57704.0,-100.0,0.0,-57604.0,242717800.0,-422000.0,0.0,-242295800.0
02/12/2022,3651.599512,4090.0,90.0,0.02200489,3546.768904,3651.599512,3476.881832,2741902.0,11097081640.0,0.0,0.0,2741902.0,11097081640.0,-44400.0,300.0,0.0,44100.0,-180246000.0,1213000.0,0.0,179033000.0
01/12/2022,3572.976556,4040.0,50.0,0.01237624,3669.07128,3712.7507,3529.297136,4456196.0,18539989840.0,0.0,0.0,4456196.0,18539989840.0,-116354.0,21200.0,0.0,95154.0,-485483180.0,87494000.0,0.0,397989180.0
30/11/2022,3529.297136,3970.0,70.0,0.01763224,3494.3536,3572.976556,3406.99476,2844506.0,11442427660.0,0.0,0.0,2844506.0,11442427660.0,197700.0,700.0,0.0,-198400.0,791406000.0,2835000.0,0.0,-794241000.0
29/11/2022,3468.145948,3930.0,40.0,0.01017812,3564.240672,3572.976556,3310.900036,4211743.0,16464985070.0,0.0,0.0,4211743.0,16464985070.0,1080700.0,-7800.0,0.0,-1072900.0,4168192000.0,-33987000.0,0.0,-4134205000.0
28/11/2022,3433.202412,3680.0,250.0,0.06793478,3328.371804,3433.202412,3328.371804,1953036.0,7634165640.0,0.0,0.0,1953036.0,7634165640.0,-49600.0,29100.0,0.0,20500.0,-194399000.0,113817000.0,0.0,80582000.0
25/11/2022,3214.805312,3500.0,180.0,0.05142857,3162.390008,3214.805312,3075.031168,1673554.0,6062340720.0,0.0,0.0,1673554.0,6062340720.0,-139200.0,2800.0,0.0,136400.0,-502604000.0,10042000.0,0.0,492562000.0
24/11/2022,3057.5594,3500.0,0.0,0.0,3118.710588,3179.861776,2961.464676,1628966.0,5664187980.0,0.0,0.0,1628966.0,5664187980.0,-63363.0,-137.0,-135.0,63500.0,-222063371.0,-254630.0,-470000.0,222318000.0
23/11/2022,3057.5594,3650.0,-150.0,-0.04109589,3162.390008,3284.692384,3040.087632,2513355.0,9130394170.0,0.0,0.0,2513355.0,9130394170.0,-110400.0,92000.0,0.0,18400.0,-400516000.0,333710000.0,0.0,66806000.0
22/11/2022,3188.59766,3420.0,230.0,0.06725146,3144.91824,3188.59766,3101.23882,4066789.0,14798958000.0,0.0,0.0,4066789.0,14798958000.0,-66400.0,-3700.0,0.0,70100.0,-240727000.0,-13466000.0,0.0,254193000.0
21/11/2022,2987.672328,3200.0,220.0,0.06875,2882.84172,2987.672328,2821.690532,1940167.0,6555290170.0,0.0,0.0,1940167.0,6555290170.0,-170950.0,9850.0,-250.0,161100.0,-576970750.0,33699750.0,-836000.0,543271000.0
18/11/2022,2795.48288,3090.0,110.0,0.03559871,2778.011112,2865.369952,2542.142244,2985769.0,9347742940.0,0.0,0.0,2985769.0,9347742940.0,34700.0,300.0,0.0,-35000.0,66370000.0,960000.0,0.0,-67330000.0
17/11/2022,2699.388156,2890.0,200.0,0.06920415,2664.44462,2699.388156,2620.7652,2066081.0,6362241390.0,0.0,0.0,2066081.0,6362241390.0,-141900.0,-127800.0,0.0,269700.0,-439305000.0,-393092000.0,0.0,832397000.0
16/11/2022,2524.670476,2710.0,180.0,0.06642066,2210.178652,2524.670476,2210.178652,3567746.0,9509409010.0,0.0,0.0,3567746.0,9509409010.0,-463000.0,42600.0,0.0,420400.0,-1279809000.0,119067000.0,0.0,1160742000.0
15/11/2022,2367.424564,2910.0,-200.0,-0.06872852,2367.424564,2480.991056,2367.424564,1222482.0,3316648930.0,0.0,0.0,1222482.0,3316648930.0,-235400.0,0.0,0.0,235400.0,-640013000.0,0.0,0.0,640013000.0
14/11/2022,2542.142244,3120.0,-210.0,-0.06730769,2550.878128,2725.595808,2542.142244,2231933.0,6515048050.0,0.0,0.0,2231933.0,6515048050.0,-71800.0,-100.0,0.0,71900.0,-210985000.0,-291000.0,0.0,211276000.0
11/11/2022,2725.595808,3350.0,-230.0,-0.06865672,3013.87998,3022.615864,2725.595808,2081466.0,6649925230.0,0.0,0.0,2081466.0,6649925230.0,-192300.0,105700.0,0.0,86600.0,-607307000.0,329784000.0,0.0,277523000.0
10/11/2022,2926.52114,3600.0,-250.0,-0.06944444,3136.182356,3153.654124,2926.52114,1247812.0,4255640890.0,0.0,0.0,1247812.0,4255640890.0,11500.0,-200.0,0.0,-11300.0,39888000.0,-672000.0,0.0,-39216000.0
09/11/2022,3144.91824,3520.0,80.0,0.02272727,3144.91824,3232.27708,3127.446472,967815.0,3517038760.0,0.0,0.0,967815.0,3517038760.0,-214800.0,0.0,0.0,214800.0,-778106000.0,0.0,0.0,778106000.0
08/11/2022,3075.031168,3460.0,60.0,0.01734104,3022.615864,3118.710588,2970.20056,930118.0,3248033650.0,0.0,0.0,930118.0,3248033650.0,-64086.0,2300.0,0.0,61786.0,-222414550.0,8049000.0,0.0,214365550.0
07/11/2022,3022.615864,3710.0,-250.0,-0.06738544,3223.541196,3241.012964,3022.615864,1926685.0,6726413900.0,0.0,0.0,1926685.0,6726413900.0,-39508.0,0.0,0.0,39508.0,-136370200.0,0.0,0.0,136370200.0
04/11/2022,3241.012964,3960.0,-250.0,-0.06313131,3485.617716,3485.617716,3241.012964,1134176.0,4289420250.0,0.0,0.0,1134176.0,4289420250.0,21000.0,-1000.0,0.0,-20000.0,78769000.0,-3726000.0,0.0,-75043000.0
03/11/2022,3459.410064,4060.0,-100.0,-0.02463054,3520.561252,3546.768904,3459.410064,1121664.0,4481958990.0,0.0,0.0,1121664.0,4481958990.0,100.0,0.0,0.0,-100.0,176000.0,0.0,0.0,-176000.0
02/11/2022,3546.768904,4080.0,-20.0,-0.00490196,3555.504788,3625.39186,3511.825368,435700.0,1771295040.0,0.0,0.0,435700.0,1771295040.0,14400.0,-100.0,0.0,-14300.0,57847000.0,-403000.0,0.0,-57444000.0
01/11/2022,3564.240672,4030.0,50.0,0.01240695,3599.184208,3625.39186,3520.561252,654902.0,2673866930.0,0.0,0.0,654902.0,2673866930.0,-21300.0,0.0,0.0,21300.0,-86697000.0,0.0,0.0,86697000.0
31/10/2022,3520.561252,3980.0,50.0,0.01256281,3511.825368,3669.07128,3398.258876,789136.0,3156182590.0,0.0,0.0,789136.0,3156182590.0,8200.0,-1000.0,0.0,-7200.0,32657000.0,-3960000.0,0.0,-28697000.0
28/10/2022,3476.881832,3990.0,-10.0,-0.00250627,3572.976556,3625.39186,3468.145948,788597.0,3190899720.0,754800.0,2807856000.0,1543397.0,5998755720.0,12100.0,0.0,0.0,-12100.0,48980000.0,0.0,0.0,-48980000.0
27/10/2022,3485.617716,3740.0,250.0,0.06684492,3406.99476,3485.617716,3057.5594,1080154.0,4174616390.0,649100.0,2258868000.0,1729254.0,6433484390.0,-40064.0,64.0,0.0,40000.0,-155730280.0,240280.0,0.0,155490000.0
26/10/2022,3267.220616,3900.0,-160.0,-0.04102564,3197.333544,3572.976556,3197.333544,975138.0,3751615660.0,0.0,0.0,975138.0,3751615660.0,-8473.0,-3527.0,-3327.0,12000.0,-32756770.0,-13432230.0,-12648000.0,46189000.0
25/10/2022,3406.99476,4170.0,-270.0,-0.0647482,3476.881832,3669.07128,3389.522992,2254800.0,8926263040.0,0.0,0.0,2254800.0,8926263040.0,-35600.0,2100.0,0.0,33500.0,-142859000.0,8570000.0,0.0,134289000.0
24/10/2022,3642.863628,4480.0,-310.0,-0.06919643,3931.1478,4097.129596,3642.863628,1604012.0,6831032720.0,0.0,0.0,1604012.0,6831032720.0,200.0,-1900.0,0.0,1700.0,1010000.0,-8163000.0,0.0,7153000.0
21/10/2022,3913.676032,4810.0,-330.0,-0.06860707,4193.22432,4201.960204,3913.676032,1592456.0,7322180650.0,0.0,0.0,1592456.0,7322180650.0,-4700.0,-3600.0,0.0,8300.0,-22845000.0,-16352000.0,0.0,39197000.0
20/10/2022,4201.960204,4860.0,-50.0,-0.01028807,4280.58316,4280.58316,4175.752552,624317.0,3008231950.0,17.0,76840.0,624334.0,3008308790.0,1600.0,0.0,0.0,-1600.0,8048000.0,0.0,0.0,-8048000.0
19/10/2022,4245.639624,4920.0,-60.0,-0.01219512,4298.054928,4332.998464,4236.90374,526175.0,2579941660.0,0.0,0.0,526175.0,2579941660.0,-2700.0,0.0,0.0,2700.0,-13245000.0,0.0,0.0,13245000.0
18/10/2022,4298.054928,4810.0,110.0,0.02286902,4315.526696,4455.30084,4271.847276,1041679.0,5182093570.0,0.0,0.0,1041679.0,5182093570.0,-995.0,1000.0,0.0,-5.0,-4909750.0,4934000.0,0.0,-24250.0
17/10/2022,4201.960204,4800.0,10.0,0.00208333,4245.639624,4245.639624,4132.073132,397047.0,1900555310.0,0.0,0.0,397047.0,1900555310.0,17600.0,-400.0,0.0,-17200.0,84580000.0,-1912000.0,0.0,-82668000.0
14/10/2022,4193.22432,4790.0,10.0,0.00208768,4228.167856,4280.58316,4184.488436,747518.0,3629187390.0,0.0,0.0,747518.0,3629187390.0,-409.0,109.0,0.0,300.0,-1995620.0,540620.0,0.0,1455000.0
13/10/2022,4184.488436,4830.0,-40.0,-0.00828157,4236.90374,4271.847276,4149.5449,542723.0,2613150380.0,0.0,0.0,542723.0,2613150380.0,800.0,-200.0,-100.0,-600.0,4036000.0,-955000.0,-478000.0,-3081000.0
12/10/2022,4219.431972,4650.0,180.0,0.03870968,4018.50664,4280.58316,3939.883684,1434215.0,6806646040.0,0.0,0.0,1434215.0,6806646040.0,-106000.0,1800.0,0.0,104200.0,-524782000.0,8367000.0,0.0,516415000.0
11/10/2022,4062.18606,4990.0,-340.0,-0.06813627,4367.942,4367.942,4062.18606,1572535.0,7408504720.0,0.0,0.0,1572535.0,7408504720.0,8139.0,-100.0,0.0,-8039.0,41087760.0,-466000.0,0.0,-40621760.0
10/10/2022,4359.206116,4920.0,70.0,0.01422764,4280.58316,4411.62142,4105.86548,1212118.0,5948476980.0,0.0,0.0,1212118.0,5948476980.0,4200.0,-1000.0,0.0,-3200.0,20447000.0,-4905000.0,0.0,-15542000.0
07/10/2022,4298.054928,5290.0,-370.0,-0.06994329,4464.036724,4586.3391,4298.054928,1984028.0,9891941470.0,136000.0,721480000.0,2120028.0,10613421470.0,23201.0,3300.0,0.0,-26501.0,117901000.0,16250000.0,0.0,-134151000.0
06/10/2022,4621.282636,5610.0,-320.0,-0.057041,4900.830924,4935.77446,4586.3391,1054008.0,5730982500.0,0.0,0.0,1054008.0,5730982500.0,58500.0,-2300.0,0.0,-56200.0,318469000.0,-12219000.0,0.0,-306250000.0
05/10/2022,4900.830924,5450.0,160.0,0.0293578,4970.717996,4970.717996,4839.679736,834633.0,4671875770.0,0.0,0.0,834633.0,4671875770.0,23100.0,-500.0,0.0,-22600.0,128722000.0,-2805000.0,0.0,-125917000.0
04/10/2022,4761.05678,5570.0,-120.0,-0.02154399,4979.45388,5066.81272,4761.05678,1103107.0,6177400130.0,0.0,0.0,1103107.0,6177400130.0,26700.0,-900.0,0.0,-25800.0,148859000.0,-4764000.0,0.0,-144095000.0
03/10/2022,4865.887388,5910.0,-340.0,-0.05752961,5171.643328,5311.417472,4848.41562,1155449.0,6712446870.0,0.0,0.0,1155449.0,6712446870.0,91753.0,-18653.0,0.0,-73100.0,538082190.0,-106260190.0,0.0,-431822000.0
30/09/2022,5162.907444,5900.0,10.0,0.00169492,5031.869184,5232.794516,4892.09504,1942814.0,11187093470.0,0.0,0.0,1942814.0,11187093470.0,102184.0,-5000.0,0.0,-97184.0,598409340.0,-27903000.0,0.0,-570506340.0
29/09/2022,5154.17156,6220.0,-320.0,-0.05144695,5590.96576,5590.96576,5145.435676,1497044.0,9187976320.0,0.0,0.0,1497044.0,9187976320.0,81100.0,2000.0,0.0,-83100.0,506988000.0,12230000.0,0.0,-519218000.0
28/09/2022,5433.719848,6480.0,-260.0,-0.04012346,5756.947556,5879.249932,5398.776312,2632978.0,17048077510.0,0.0,0.0,2632978.0,17048077510.0,156761.0,4339.0,-161.0,-161100.0,1014668700.0,28049300.0,-1054000.0,-1042718000.0
27/09/2022,5660.852832,6060.0,420.0,0.06930693,5311.417472,5660.852832,5311.417472,3592831.0,23050619100.0,0.0,0.0,3592831.0,23050619100.0,-46100.0,20700.0,0.0,25400.0,-297829000.0,133468000.0,0.0,164361000.0
26/09/2022,5293.945704,6000.0,60.0,0.01,5066.81272,5398.776312,5066.81272,2248993.0,13656697040.0,0.0,0.0,2248993.0,13656697040.0,27700.0,-19400.0,0.0,-8300.0,169441000.0,-119347000.0,0.0,-50094000.0
23/09/2022,5241.5304,6000.0,0.0,0.0,5241.5304,5390.040428,5206.586864,1546060.0,9430606860.0,0.0,0.0,1546060.0,9430606860.0,-769.0,1119.0,-96.0,-300.0,-4850720.0,6846720.0,-581000.0,-1692000.0
22/09/2022,5241.5304,5710.0,290.0,0.05078809,4944.510344,5241.5304,4944.510344,1203876.0,7049494830.0,0.0,0.0,1203876.0,7049494830.0,-21660.0,-3700.0,0.0,25400.0,-123598400.0,-21111000.0,0.0,144943000.0
21/09/2022,4988.189764,5720.0,-10.0,-0.00174825,4970.717996,5066.81272,4944.510344,605512.0,3469995070.0,0.0,0.0,605512.0,3469995070.0,21200.0,-10800.0,0.0,-10400.0,121082000.0,-61782000.0,0.0,-59300000.0
20/09/2022,4996.925648,5700.0,20.0,0.00350877,4979.45388,5023.1333,4848.41562,648721.0,3686989510.0,0.0,0.0,648721.0,3686989510.0,12800.0,200.0,0.0,-13000.0,72634000.0,1139000.0,0.0,-73773000.0
19/09/2022,4979.45388,5890.0,-190.0,-0.03225806,5232.794516,5232.794516,4892.09504,889784.0,5087788380.0,0.0,0.0,889784.0,5087788380.0,65314.0,-414.0,0.0,-64900.0,377435280.0,-2344280.0,0.0,-375091000.0
16/09/2022,5145.435676,6050.0,-160.0,-0.02644628,5285.20982,5285.20982,5145.435676,1291961.0,7705359760.0,0.0,0.0,1291961.0,7705359760.0,526136.0,-136.0,0.0,-526000.0,3143332050.0,-815050.0,0.0,-3142517000.0
15/09/2022,5285.20982,6040.0,10.0,0.00165563,5328.88924,5355.096892,5241.5304,316061.0,1912374340.0,0.0,0.0,316061.0,1912374340.0,35400.0,0.0,0.0,-35400.0,213741000.0,0.0,0.0,-213741000.0
14/09/2022,5276.473936,6020.0,20.0,0.00332226,5162.907444,5372.56866,5136.699792,710781.0,4237320390.0,0.0,0.0,710781.0,4237320390.0,-15698.0,-300.0,0.0,16000.0,-93120060.0,-1779000.0,0.0,94911000.0
13/09/2022,5259.002168,6020.0,0.0,0.0,5267.738052,5311.417472,5241.5304,309062.0,1859576210.0,0.0,0.0,309062.0,1859576210.0,22370.0,-304.0,0.0,-22100.0,134343070.0,-1812680.0,0.0,-132734000.0
12/09/2022,5259.002168,5980.0,40.0,0.00668896,5390.040428,5390.040428,5250.266284,530976.0,3212441450.0,0.0,0.0,530976.0,3212441450.0,-10236.0,1036.0,0.0,9200.0,-62210310.0,6458310.0,0.0,55752000.0
09/09/2022,5224.058632,6020.0,-40.0,-0.00664452,5267.738052,5267.738052,5119.228024,666100.0,3961207000.0,0.0,0.0,666100.0,3961207000.0,52300.0,-100.0,0.0,-52200.0,312078000.0,-585000.0,0.0,-311493000.0
08/09/2022,5259.002168,6050.0,-30.0,-0.00495868,5355.096892,5398.776312,5197.85098,959200.0,5783439000.0,0.0,0.0,959200.0,5783439000.0,-9300.0,4300.0,0.0,5000.0,-54026000.0,25958000.0,0.0,28068000.0
07/09/2022,5285.20982,6410.0,-360.0,-0.05616225,5599.701644,5634.64518,5285.20982,1226500.0,7693626000.0,0.0,0.0,1226500.0,7693626000.0,62200.0,0.0,0.0,-62200.0,394544000.0,0.0,0.0,-394544000.0
06/09/2022,5599.701644,6420.0,-10.0,-0.00155763,5617.173412,5687.060484,5599.701644,806300.0,5203525000.0,0.0,0.0,806300.0,5203525000.0,1900.0,100.0,0.0,-2000.0,12110000.0,650000.0,0.0,-12760000.0
05/09/2022,5608.437528,6480.0,-60.0,-0.00925926,5660.852832,5678.3246,5582.229876,679000.0,4370748000.0,0.0,0.0,679000.0,4370748000.0,17100.0,6300.0,0.0,-23400.0,110237000.0,40582000.0,0.0,-150819000.0
31/08/2022,5660.852832,6480.0,0.0,0.0,5608.437528,5695.796368,5573.493992,686200.0,4413244000.0,0.0,0.0,686200.0,4413244000.0,18400.0,-2400.0,0.0,-16000.0,117673000.0,-15354000.0,0.0,-102319000.0
30/08/2022,5660.852832,6500.0,-20.0,-0.00307692,5695.796368,5765.68344,5590.96576,663300.0,4310600000.0,0.0,0.0,663300.0,4310600000.0,67800.0,-5900.0,0.0,-61900.0,441206000.0,-38410000.0,0.0,-402796000.0
29/08/2022,5678.3246,6680.0,-180.0,-0.02694611,5713.268136,5765.68344,5590.96576,1516100.0,9809030000.0,0.0,0.0,1516100.0,9809030000.0,68200.0,-500.0,0.0,-67700.0,441747000.0,-3253000.0,0.0,-438494000.0
26/08/2022,5835.570512,6670.0,10.0,0.00149925,5835.570512,6027.75996,5835.570512,1927500.0,13049815000.0,0.0,0.0,1927500.0,13049815000.0,18300.0,-19800.0,0.0,1500.0,123178000.0,-133415000.0,0.0,10237000.0
25/08/2022,5826.834628,6590.0,80.0,0.01213961,5774.419324,5879.249932,5765.68344,1463100.0,9755776000.0,0.0,0.0,1463100.0,9755776000.0,-49500.0,-2400.0,0.0,51900.0,-330566000.0,-15919000.0,0.0,346485000.0
24/08/2022,5756.947556,6550.0,40.0,0.00610687,5765.68344,5809.36286,5678.3246,668500.0,4404605000.0,0.0,0.0,668500.0,4404605000.0,-41000.0,100.0,0.0,40900.0,-270257000.0,666000.0,0.0,269591000.0
23/08/2022,5722.00402,6430.0,120.0,0.01866252,5503.60692,5722.00402,5468.663384,774100.0,4923004000.0,0.0,0.0,774100.0,4923004000.0,-29000.0,7400.0,0.0,21600.0,-186324000.0,47459000.0,0.0,138865000.0
22/08/2022,5617.173412,6600.0,-170.0,-0.02575758,5765.68344,5765.68344,5582.229876,774200.0,5007712000.0,0.0,0.0,774200.0,5007712000.0,53500.0,11800.0,0.0,-65300.0,345431000.0,76391000.0,0.0,-421822000.0
19/08/2022,5765.68344,6650.0,-50.0,-0.0075188,5818.098744,5826.834628,5722.00402,785100.0,5188039000.0,0.0,0.0,785100.0,5188039000.0,47600.0,4100.0,0.0,-51700.0,313807000.0,26992000.0,0.0,-340799000.0
18/08/2022,5809.36286,6720.0,-70.0,-0.01041667,5879.249932,5879.249932,5765.68344,1729700.0,11507341000.0,0.0,0.0,1729700.0,11507341000.0,-539900.0,-29100.0,0.0,569000.0,-3588362000.0,-194101000.0,0.0,3782463000.0
17/08/2022,5870.514048,6780.0,-60.0,-0.00884956,5975.344656,5975.344656,5853.04228,1171400.0,7933227000.0,0.0,0.0,1171400.0,7933227000.0,20800.0,-300.0,0.0,-20500.0,140395000.0,-2041000.0,0.0,-138354000.0
16/08/2022,5922.929352,6820.0,-40.0,-0.0058651,5984.08054,6001.552308,5922.929352,783900.0,5339970000.0,0.0,0.0,783900.0,5339970000.0,-26400.0,1100.0,0.0,25300.0,-180352000.0,7495000.0,0.0,172857000.0
15/08/2022,5957.872888,6800.0,20.0,0.00294118,5966.608772,5992.816424,5922.929352,1230900.0,8386249000.0,0.0,0.0,1230900.0,8386249000.0,-8700.0,900.0,0.0,7800.0,-59160000.0,6147000.0,0.0,53013000.0
12/08/2022,5940.40112,6790.0,10.0,0.00147275,5940.40112,5957.872888,5861.778164,833100.0,5641665000.0,0.0,0.0,833100.0,5641665000.0,-25500.0,-3200.0,0.0,28700.0,-174488000.0,-21508000.0,0.0,195996000.0
11/08/2022,5931.665236,6860.0,-70.0,-0.01020408,6071.43938,6115.1188,5870.514048,1298700.0,8904951000.0,0.0,0.0,1298700.0,8904951000.0,-14700.0,9600.0,0.0,5100.0,-100611000.0,65241000.0,0.0,35370000.0
10/08/2022,5992.816424,6870.0,-10.0,-0.0014556,6001.552308,6097.647032,5957.872888,1021300.0,7043815000.0,0.0,0.0,1021300.0,7043815000.0,59300.0,-63900.0,0.0,4600.0,408524000.0,-440332000.0,0.0,31808000.0
09/08/2022,6001.552308,6780.0,90.0,0.01327434,5896.7217,6115.1188,5896.7217,2042300.0,14056888000.0,0.0,0.0,2042300.0,14056888000.0,27200.0,400.0,0.0,-27600.0,184555000.0,2706000.0,0.0,-187261000.0
08/08/2022,5922.929352,6790.0,-10.0,-0.00147275,5931.665236,6027.75996,5905.457584,702900.0,4786960000.0,0.0,0.0,702900.0,4786960000.0,20400.0,200.0,-300.0,-20600.0,138141000.0,1347000.0,-2052000.0,-139488000.0
05/08/2022,5931.665236,6730.0,60.0,0.0089153,5879.249932,5940.40112,5809.36286,1115600.0,7507160000.0,0.0,0.0,1115600.0,7507160000.0,-112000.0,200.0,0.0,111800.0,-756808000.0,1358000.0,0.0,755450000.0
04/08/2022,5879.249932,6760.0,-30.0,-0.00443787,5940.40112,6115.1188,5853.04228,1622200.0,11093853000.0,0.0,0.0,1622200.0,11093853000.0,40300.0,-7900.0,0.0,-32400.0,276257000.0,-55103000.0,0.0,-221154000.0
03/08/2022,5905.457584,6690.0,70.0,0.01046338,5774.419324,5992.816424,5774.419324,1665900.0,11269326000.0,0.0,0.0,1665900.0,11269326000.0,-23500.0,0.0,0.0,23500.0,-157322000.0,14000.0,0.0,157308000.0
02/08/2022,5844.306396,6450.0,240.0,0.0372093,5643.381064,5931.665236,5590.96576,2464700.0,16217288000.0,0.0,0.0,2464700.0,16217288000.0,-25700.0,-9900.0,0.0,35600.0,-170516000.0,-64147000.0,0.0,234663000.0
01/08/2022,5634.64518,6310.0,140.0,0.022187,5512.342804,5660.852832,5503.60692,1011300.0,6480929000.0,0.0,0.0,1011300.0,6480929000.0,-30500.0,-12700.0,0.0,43200.0,-197729000.0,-80850000.0,0.0,278579000.0
29/07/2022,5512.342804,6400.0,-90.0,-0.0140625,5617.173412,5660.852832,5503.60692,844500.0,5398205000.0,0.0,0.0,844500.0,5398205000.0,-30100.0,10000.0,0.0,20100.0,-192433000.0,63000000.0,0.0,129433000.0
28/07/2022,5590.96576,6240.0,160.0,0.02564103,5590.96576,5634.64518,5538.550456,1769200.0,11358226000.0,0.0,0.0,1769200.0,11358226000.0,-296300.0,9400.0,0.0,286900.0,-1901443000.0,60349000.0,0.0,1841094000.0
27/07/2022,5451.191616,6190.0,50.0,0.00807754,5398.776312,5451.191616,5328.88924,687900.0,4246248000.0,0.0,0.0,687900.0,4246248000.0,-16100.0,4500.0,0.0,11600.0,-100728000.0,27743000.0,0.0,72985000.0
26/07/2022,5407.512196,6250.0,-60.0,-0.0096,5459.9275,5468.663384,5407.512196,1303900.0,8118019000.0,0.0,0.0,1303900.0,8118019000.0,-5800.0,11700.0,0.0,-5900.0,-36128000.0,72773000.0,0.0,-36645000.0
25/07/2022,5459.9275,6380.0,-130.0,-0.02037618,5521.078688,5573.493992,5433.719848,662400.0,4173103000.0,0.0,0.0,662400.0,4173103000.0,36500.0,-100.0,0.0,-36400.0,230287000.0,-632000.0,0.0,-229655000.0
22/07/2022,5573.493992,6340.0,40.0,0.00630915,5538.550456,5634.64518,5538.550456,668400.0,4272318000.0,0.0,0.0,668400.0,4272318000.0,-26100.0,100.0,0.0,26000.0,-167468000.0,640000.0,0.0,166828000.0
21/07/2022,5538.550456,6500.0,-160.0,-0.02461538,5722.00402,5722.00402,5529.814572,1110500.0,7108618000.0,0.0,0.0,1110500.0,7108618000.0,9500.0,300.0,-100.0,-9800.0,60761000.0,1924000.0,-649000.0,-62685000.0
20/07/2022,5678.3246,6280.0,220.0,0.03503185,5634.64518,5765.68344,5538.550456,1425400.0,9229348000.0,0.0,0.0,1425400.0,9229348000.0,87000.0,-127200.0,0.0,40200.0,565348000.0,-823789000.0,0.0,258441000.0
19/07/2022,5486.135152,6400.0,-120.0,-0.01875,5582.229876,5608.437528,5486.135152,1173600.0,7441117000.0,0.0,0.0,1173600.0,7441117000.0,-5400.0,5300.0,0.0,100.0,-33998000.0,33661000.0,0.0,337000.0
18/07/2022,5590.96576,6290.0,110.0,0.01748808,5556.022224,5643.381064,5521.078688,953500.0,6105307000.0,200000.0,1264280000.0,1153500.0,7369587000.0,-11100.0,1800.0,0.0,9300.0,-71054000.0,11529000.0,0.0,59525000.0
15/07/2022,5494.871036,6240.0,50.0,0.00801282,5468.663384,5625.909296,5468.663384,1226600.0,7790269000.0,0.0,0.0,1226600.0,7790269000.0,-18300.0,-1700.0,0.0,20000.0,-116786000.0,-10792000.0,0.0,127578000.0
14/07/2022,5451.191616,6250.0,-10.0,-0.0016,5433.719848,5547.28634,5416.24808,1494700.0,9370303000.0,0.0,0.0,1494700.0,9370303000.0,-21300.0,-500.0,-500.0,21800.0,-133543000.0,-3126000.0,-3129000.0,136669000.0
13/07/2022,5459.9275,6300.0,-50.0,-0.00793651,5468.663384,5582.229876,5459.9275,1580200.0,9966939000.0,200000.0,1260000000.0,1780200.0,11226939000.0,34900.0,-1000.0,0.0,-33900.0,220004000.0,-6280000.0,0.0,-213724000.0
12/07/2022,5503.60692,5940.0,360.0,0.06060606,5241.5304,5503.60692,5241.5304,1389700.0,8591734000.0,0.0,0.0,1389700.0,8591734000.0,2900.0,1900.0,0.0,-4800.0,19187000.0,11789000.0,0.0,-30976000.0
11/07/2022,5189.115096,5820.0,120.0,0.02061856,5154.17156,5363.832776,5066.81272,1873000.0,11087321000.0,0.0,0.0,1873000.0,11087321000.0,-18200.0,-22200.0,0.0,40400.0,-104183000.0,-134379000.0,0.0,238562000.0
08/07/2022,5084.284488,5520.0,300.0,0.05434783,4961.982112,5154.17156,4865.887388,1627100.0,9469165000.0,0.0,0.0,1627100.0,9469165000.0,-25800.0,7900.0,-100.0,17900.0,-151379000.0,46581000.0,-563000.0,104798000.0
07/07/2022,4822.207968,5540.0,-20.0,-0.00361011,4813.472084,4883.359156,4699.905592,616400.0,3386221000.0,0.0,0.0,616400.0,3386221000.0,61100.0,100.0,-100.0,-61200.0,335716000.0,549000.0,-552000.0,-336265000.0
06/07/2022,4839.679736,5630.0,-90.0,-0.01598579,4892.09504,4961.982112,4822.207968,747600.0,4183102000.0,200000.0,1048000000.0,947600.0,5231102000.0,16900.0,0.0,0.0,-16900.0,92800000.0,0.0,0.0,-92800000.0
05/07/2022,4918.302692,5730.0,-100.0,-0.01745201,4988.189764,5031.869184,4892.09504,851300.0,4818985000.0,0.0,0.0,851300.0,4818985000.0,87600.0,-11700.0,-11800.0,-75900.0,496638000.0,-65694000.0,-66263000.0,-430944000.0
04/07/2022,5005.661532,5600.0,130.0,0.02321429,5023.1333,5066.81272,4935.77446,684100.0,3914514000.0,0.0,0.0,684100.0,3914514000.0,7900.0,0.0,-100.0,-7900.0,44457000.0,4000.0,-570000.0,-44461000.0
01/07/2022,4892.09504,5540.0,60.0,0.01083032,4892.09504,4953.246228,4682.433824,632400.0,3486768000.0,200000.0,1075200000.0,832400.0,4561968000.0,32400.0,100.0,0.0,-32500.0,174631000.0,551000.0,0.0,-175182000.0
30/06/2022,4839.679736,5800.0,-260.0,-0.04482759,5023.1333,5189.115096,4839.679736,925600.0,5319164000.0,0.0,0.0,925600.0,5319164000.0,77100.0,-100.0,0.0,-77000.0,447030000.0,-568000.0,0.0,-446462000.0
29/06/2022,5066.81272,5830.0,-30.0,-0.0051458,5031.869184,5110.49214,4979.45388,1291500.0,7459088000.0,0.0,0.0,1291500.0,7459088000.0,-3100.0,400.0,-100.0,2700.0,-18311000.0,2311000.0,-579000.0,16000000.0
28/06/2022,5093.020372,5680.0,150.0,0.02640845,4988.189764,5189.115096,4892.09504,1338100.0,7795118000.0,0.0,0.0,1338100.0,7795118000.0,18000.0,2100.0,-100.0,-20100.0,104645000.0,12319000.0,-581000.0,-116964000.0
27/06/2022,4961.982112,5390.0,290.0,0.05380334,4708.641476,5014.397416,4630.01852,1052300.0,5807483000.0,200000.0,1004000000.0,1252300.0,6811483000.0,-88500.0,-200.0,-400.0,88700.0,-486113000.0,-1070000.0,-2168000.0,487183000.0
24/06/2022,4708.641476,5350.0,40.0,0.00747664,4673.69794,4769.792664,4664.962056,808500.0,4366674000.0,0.0,0.0,808500.0,4366674000.0,-39800.0,1000.0,0.0,38800.0,-215392000.0,5450000.0,0.0,209942000.0
23/06/2022,4673.69794,5290.0,60.0,0.01134216,4630.01852,4708.641476,4577.603216,757700.0,4028116000.0,0.0,0.0,757700.0,4028116000.0,1400.0,1800.0,-200.0,-3200.0,7260000.0,9609000.0,-1060000.0,-16869000.0
22/06/2022,4621.282636,4950.0,340.0,0.06868687,4533.923796,4621.282636,4394.149652,1519900.0,7957187000.0,855317.0,4021011370.0,2375217.0,11978198370.0,-6300.0,0.0,0.0,6300.0,-34629000.0,0.0,0.0,34629000.0
21/06/2022,4324.26258,5090.0,-140.0,-0.02750491,4245.639624,4472.772608,4245.639624,1574100.0,7861464000.0,50000.0,237000000.0,1624100.0,8098464000.0,-125600.0,-9600.0,0.0,135200.0,-629126000.0,-47468000.0,0.0,676594000.0
20/06/2022,4446.564956,5470.0,-380.0,-0.06946984,4778.528548,4804.7362,4446.564956,1743700.0,9013266000.0,0.0,0.0,1743700.0,9013266000.0,25300.0,400.0,0.0,-25700.0,134051000.0,2202000.0,0.0,-136253000.0
17/06/2022,4778.528548,5880.0,-410.0,-0.06972789,4892.09504,4970.717996,4778.528548,2313700.0,12703363000.0,0.0,0.0,2313700.0,12703363000.0,78900.0,-13100.0,0.0,-65800.0,433673000.0,-71825000.0,0.0,-361848000.0
16/06/2022,5136.699792,5880.0,0.0,0.0,5285.20982,5407.512196,5136.699792,1363000.0,8217397000.0,0.0,0.0,1363000.0,8217397000.0,68200.0,-2900.0,-200.0,-65300.0,412495000.0,-17639000.0,-1220000.0,-394856000.0
15/06/2022,5136.699792,6300.0,-420.0,-0.06666667,5547.28634,5643.381064,5119.228024,3266000.0,20216330000.0,0.0,0.0,3266000.0,20216330000.0,188400.0,-600.0,0.0,-187800.0,1189656000.0,-3619000.0,0.0,-1186037000.0
14/06/2022,5503.60692,6510.0,-210.0,-0.03225806,5503.60692,5687.060484,5442.455732,1126000.0,7177767000.0,0.0,0.0,1126000.0,7177767000.0,76000.0,-300.0,0.0,-75700.0,483785000.0,-1941000.0,0.0,-481844000.0
13/06/2022,5687.060484,6990.0,-480.0,-0.06866953,5853.04228,5975.344656,5687.060484,2413800.0,15959412000.0,0.0,0.0,2413800.0,15959412000.0,116400.0,12700.0,0.0,-129100.0,778044000.0,83622000.0,0.0,-861666000.0
10/06/2022,6106.382916,6980.0,10.0,0.00143266,6027.75996,6228.685292,6001.552308,2841500.0,19888915000.0,0.0,0.0,2841500.0,19888915000.0,-104600.0,29500.0,-100.0,75100.0,-728725000.0,204908000.0,-699000.0,523817000.0
09/06/2022,6097.647032,6900.0,80.0,0.0115942,6106.382916,6106.382916,5984.08054,1136600.0,7850196000.0,0.0,0.0,1136600.0,7850196000.0,-55400.0,600.0,-100.0,54800.0,-382449000.0,4133000.0,-695000.0,378316000.0
08/06/2022,6027.75996,6640.0,260.0,0.03915663,5896.7217,6097.647032,5870.514048,915300.0,6269577000.0,0.0,0.0,915300.0,6269577000.0,-90000.0,-800.0,-800.0,90800.0,-615479000.0,-5490000.0,-5481000.0,620969000.0
07/06/2022,5800.626976,6800.0,-160.0,-0.02352941,5853.04228,5949.137004,5660.852832,2421300.0,15975512000.0,0.0,0.0,2421300.0,15975512000.0,26200.0,-1900.0,0.0,-24300.0,172462000.0,-12528000.0,0.0,-159934000.0
06/06/2022,5940.40112,7150.0,-350.0,-0.04895105,6202.47764,6246.15706,5940.40112,2024800.0,14168333000.0,0.0,0.0,2024800.0,14168333000.0,-200.0,300.0,0.0,-100.0,-2721000.0,2117000.0,0.0,604000.0
03/06/2022,6246.15706,7150.0,0.0,0.0,6289.83648,6307.308248,6132.590568,1061800.0,7567863000.0,0.0,0.0,1061800.0,7567863000.0,-41200.0,0.0,0.0,41200.0,-294872000.0,0.0,0.0,294872000.0
02/06/2022,6246.15706,7370.0,-220.0,-0.02985075,6447.082392,6551.913,6202.47764,1975100.0,14432032000.0,0.0,0.0,1975100.0,14432032000.0,75100.0,-400.0,-100.0,-74700.0,551908000.0,-2965000.0,-746000.0,-548943000.0
01/06/2022,6438.346508,7310.0,60.0,0.00820793,6377.19532,6551.913,6307.308248,3184000.0,23639183000.0,0.0,0.0,3184000.0,23639183000.0,-31200.0,-200.0,0.0,31400.0,-230261000.0,-1472000.0,0.0,231733000.0
31/05/2022,6385.931204,7320.0,-10.0,-0.00136612,6385.931204,6455.818276,6324.780016,1473400.0,10777681000.0,0.0,0.0,1473400.0,10777681000.0,-67100.0,4000.0,0.0,63100.0,-491648000.0,29430000.0,0.0,462218000.0
30/05/2022,6394.667088,7270.0,50.0,0.00687758,6377.19532,6516.969464,6342.251784,1663600.0,12268454000.0,0.0,0.0,1663600.0,12268454000.0,-55100.0,-2400.0,-600.0,57500.0,-407145000.0,-17674000.0,-4424000.0,424819000.0
27/05/2022,6350.987668,7010.0,260.0,0.03708987,6115.1188,6429.610624,6115.1188,3054400.0,22008485000.0,0.0,0.0,3054400.0,22008485000.0,-354600.0,-400.0,-200.0,355000.0,-2551276000.0,-2877000.0,-1402000.0,2554153000.0
26/05/2022,6123.854684,7060.0,-50.0,-0.00708215,6289.83648,6289.83648,5940.40112,1783500.0,12565959000.0,0.0,0.0,1783500.0,12565959000.0,-8200.0,-200.0,-100.0,8400.0,-56996000.0,-1419000.0,-713000.0,58415000.0
25/05/2022,6167.534104,6650.0,410.0,0.06165414,5826.834628,6202.47764,5818.098744,1954600.0,13518874000.0,0.0,0.0,1954600.0,13518874000.0,-59500.0,-8200.0,0.0,67700.0,-403861000.0,-56372000.0,0.0,460233000.0
24/05/2022,5809.36286,6710.0,-60.0,-0.00894188,5940.40112,5940.40112,5590.96576,1726900.0,11390398000.0,0.0,0.0,1726900.0,11390398000.0,484300.0,600.0,0.0,-484900.0,3231987000.0,3991000.0,0.0,-3235978000.0
23/05/2022,5861.778164,6880.0,-170.0,-0.0247093,6071.43938,6115.1188,5783.155208,977300.0,6679903000.0,0.0,0.0,977300.0,6679903000.0,10300.0,-300.0,0.0,-10000.0,69362000.0,-2034000.0,0.0,-67328000.0
20/05/2022,6010.288192,6870.0,10.0,0.0014556,6027.75996,6158.79822,5984.08054,1342900.0,9347785000.0,0.0,0.0,1342900.0,9347785000.0,-21500.0,1400.0,0.0,20100.0,-150925000.0,9759000.0,0.0,141166000.0
19/05/2022,6001.552308,6990.0,-120.0,-0.01716738,5853.04228,6062.703496,5844.306396,1002000.0,6845634000.0,0.0,0.0,1002000.0,6845634000.0,78900.0,2200.0,-400.0,-81100.0,535874000.0,14670000.0,-2729000.0,-550544000.0
18/05/2022,6106.382916,6750.0,240.0,0.03555556,5949.137004,6193.741756,5949.137004,1275900.0,8887830000.0,0.0,0.0,1275900.0,8887830000.0,-44500.0,4700.0,-1500.0,39800.0,-309977000.0,32439000.0,-10455000.0,277538000.0
17/05/2022,5896.7217,6310.0,440.0,0.06973059,5512.342804,5896.7217,5486.135152,1333500.0,8686618000.0,0.0,0.0,1333500.0,8686618000.0,-56600.0,-200.0,0.0,56800.0,-370090000.0,-1234000.0,0.0,371324000.0
16/05/2022,5512.342804,6240.0,70.0,0.01121795,5678.3246,5783.155208,5477.399268,1683400.0,10914278000.0,0.0,0.0,1683400.0,10914278000.0,-239600.0,-92300.0,0.0,331900.0,-1589889000.0,-593162000.0,0.0,2183051000.0
13/05/2022,5451.191616,6700.0,-460.0,-0.06865672,5853.04228,5984.08054,5451.191616,2207800.0,14096520000.0,0.0,0.0,2207800.0,14096520000.0,-3600.0,-300.0,0.0,3900.0,-19395000.0,-1872000.0,0.0,21267000.0
12/05/2022,5853.04228,7200.0,-500.0,-0.06944444,6202.47764,6289.83648,5853.04228,1351100.0,9307135000.0,0.0,0.0,1351100.0,9307135000.0,59200.0,14500.0,0.0,-73700.0,418794000.0,101063000.0,0.0,-519857000.0
11/05/2022,6289.83648,7100.0,100.0,0.01408451,6246.15706,6368.459436,6123.854684,666800.0,4776263000.0,0.0,0.0,666800.0,4776263000.0,5500.0,0.0,0.0,-5500.0,36143000.0,12000.0,0.0,-36155000.0
10/05/2022,6202.47764,6980.0,120.0,0.01719198,5853.04228,6202.47764,5774.419324,1035600.0,7134049000.0,0.0,0.0,1035600.0,7134049000.0,-67200.0,-900.0,0.0,68100.0,-453380000.0,-6247000.0,0.0,459627000.0
09/05/2022,6097.647032,7500.0,-520.0,-0.06933333,6377.19532,6508.23358,6097.647032,2286600.0,16131461000.0,0.0,0.0,2286600.0,16131461000.0,-27000.0,700.0,0.0,26300.0,-190472000.0,4858000.0,0.0,185614000.0
06/05/2022,6551.913,7810.0,-310.0,-0.0396927,6674.215376,6805.253636,6551.913,1163400.0,8906093000.0,0.0,0.0,1163400.0,8906093000.0,44900.0,1300.0,0.0,-46200.0,343152000.0,10057000.0,0.0,-353209000.0
05/05/2022,6822.725404,8050.0,-240.0,-0.02981366,7111.009576,7119.74546,6770.3101,1414700.0,11219064000.0,0.0,0.0,1414700.0,11219064000.0,89900.0,3700.0,0.0,-93600.0,716744000.0,28793000.0,0.0,-745537000.0
04/05/2022,7032.38662,8070.0,-20.0,-0.00247831,7076.06604,7154.688996,6988.7072,1678000.0,13573992000.0,0.0,0.0,1678000.0,13573992000.0,27100.0,2200.0,0.0,-29300.0,216558000.0,17482000.0,0.0,-234040000.0
29/04/2022,7049.858388,7860.0,210.0,0.02671756,6857.66894,7111.009576,6822.725404,1568600.0,12536815000.0,0.0,0.0,1568600.0,12536815000.0,-19500.0,-2500.0,0.0,22000.0,-156359000.0,-19886000.0,0.0,176245000.0
28/04/2022,6866.404824,7900.0,-40.0,-0.00506329,6927.556012,7119.74546,6813.98952,1698200.0,13516425000.0,0.0,0.0,1698200.0,13516425000.0,275100.0,3600.0,0.0,-278700.0,2186509000.0,28948000.0,0.0,-2215457000.0
27/04/2022,6901.34836,7550.0,350.0,0.04635762,6551.913,6918.820128,6377.19532,1766200.0,13621899000.0,0.0,0.0,1766200.0,13621899000.0,144700.0,-100.0,0.0,-144600.0,1110983000.0,-747000.0,0.0,-1110236000.0
26/04/2022,6595.59242,7100.0,450.0,0.06338028,6202.47764,6595.59242,5992.816424,2262300.0,16466995000.0,0.0,0.0,2262300.0,16466995000.0,-189100.0,-1200.0,0.0,190300.0,-1363580000.0,-8358000.0,0.0,1371938000.0
25/04/2022,6202.47764,7450.0,-350.0,-0.04697987,6639.27184,6726.63068,6071.43938,2428200.0,17855317000.0,0.0,0.0,2428200.0,17855317000.0,-64300.0,8700.0,0.0,55600.0,-447988000.0,63818000.0,0.0,384170000.0
22/04/2022,6508.23358,7210.0,240.0,0.0332871,6307.308248,6717.894796,6289.83648,2317700.0,17226755000.0,0.0,0.0,2317700.0,17226755000.0,-145700.0,25800.0,0.0,119900.0,-1082061000.0,194712000.0,0.0,887349000.0
21/04/2022,6298.572364,7750.0,-540.0,-0.06967742,6342.251784,6656.743608,6298.572364,5190100.0,37754255000.0,0.0,0.0,5190100.0,37754255000.0,-325800.0,6300.0,0.0,319500.0,-2390726000.0,45471000.0,0.0,2345255000.0
20/04/2022,6770.3101,8180.0,-430.0,-0.05256724,7076.06604,7180.896648,6682.95126,2454500.0,19410402000.0,0.0,0.0,2454500.0,19410402000.0,-348700.0,10500.0,0.0,338200.0,-2770102000.0,81751000.0,0.0,2688351000.0
19/04/2022,7145.953112,8790.0,-610.0,-0.06939704,7687.57792,7853.559716,7145.953112,3142800.0,26794246000.0,0.0,0.0,3142800.0,26794246000.0,-41900.0,21000.0,0.0,20900.0,-355382000.0,174652000.0,0.0,180730000.0
18/04/2022,7678.842036,9450.0,-660.0,-0.06984127,8255.41038,8255.41038,7678.842036,4405900.0,39431358000.0,0.0,0.0,4405900.0,39431358000.0,12100.0,3200.0,0.0,-15300.0,112054000.0,28619000.0,0.0,-140673000.0
15/04/2022,8255.41038,9910.0,-460.0,-0.04641776,8648.52516,8648.52516,8054.485048,2893600.0,27882329000.0,0.0,0.0,2893600.0,27882329000.0,-17300.0,200.0,0.0,17100.0,-166321000.0,1959000.0,0.0,164362000.0
14/04/2022,8657.261044,9950.0,-40.0,-0.0040201,8823.24284,8823.24284,8657.261044,1450100.0,14478121000.0,0.0,0.0,1450100.0,14478121000.0,600.0,-600.0,0.0,0.0,5961000.0,-5961000.0,0.0,0.0
13/04/2022,8692.20458,9700.0,250.0,0.0257732,8395.184524,8709.676348,8211.73096,2461900.0,23860785000.0,0.0,0.0,2461900.0,23860785000.0,-41100.0,9600.0,0.0,31500.0,-400622000.0,93495000.0,0.0,307127000.0
12/04/2022,8473.80748,10250.0,-550.0,-0.05365854,8997.96052,9128.99878,8386.44864,3257000.0,32742483000.0,0.0,0.0,3257000.0,32742483000.0,-10900.0,6200.0,0.0,4700.0,-107867000.0,61302000.0,0.0,46565000.0
08/04/2022,8954.2811,10350.0,-100.0,-0.00966184,9085.31936,9216.35762,8910.60168,2743200.0,28438005000.0,0.0,0.0,2743200.0,28438005000.0,-2700.0,1700.0,0.0,1000.0,-29065000.0,18815000.0,0.0,10250000.0
07/04/2022,9041.63994,10550.0,-200.0,-0.01895735,9260.03704,9347.39588,9041.63994,3212200.0,33713440000.0,0.0,0.0,3212200.0,33713440000.0,1000.0,-1000.0,0.0,0.0,10570000.0,-10570000.0,0.0,0.0
06/04/2022,9216.35762,10900.0,-350.0,-0.03211009,9347.39588,9522.11356,9085.31936,4865100.0,52004030000.0,0.0,0.0,4865100.0,52004030000.0,94000.0,-2900.0,0.0,-91100.0,1010285000.0,-31290000.0,0.0,-978995000.0
05/04/2022,9522.11356,11000.0,-100.0,-0.00909091,9609.4724,9696.83124,9522.11356,2437100.0,26750410000.0,0.0,0.0,2437100.0,26750410000.0,36800.0,-5000.0,0.0,-31800.0,404100000.0,-54835000.0,0.0,-349265000.0
04/04/2022,9609.4724,11000.0,0.0,0.0,9609.4724,9784.19008,9522.11356,3830700.0,42344105000.0,0.0,0.0,3830700.0,42344105000.0,138100.0,-120600.0,0.0,-17500.0,1515830000.0,-1322575000.0,0.0,-193255000.0
01/04/2022,9609.4724,10650.0,350.0,0.03286385,9260.03704,9609.4724,9216.35762,4270900.0,46023830000.0,0.0,0.0,4270900.0,46023830000.0,-181900.0,152000.0,0.0,29900.0,-1967185000.0,1647035000.0,0.0,320150000.0
31/03/2022,9303.71646,11200.0,-550.0,-0.04910714,9958.90776,10002.58718,9303.71646,5703200.0,62948160000.0,0.0,0.0,5703200.0,62948160000.0,995600.0,-10300.0,0.0,-985300.0,11016205000.0,-131215000.0,0.0,-10884990000.0
30/03/2022,9784.19008,11700.0,-500.0,-0.04273504,10046.2666,10570.41964,9740.51066,10303300.0,119036550000.0,0.0,0.0,10303300.0,119036550000.0,836300.0,10600.0,0.0,-846900.0,9890210000.0,92530000.0,0.0,-9982740000.0
29/03/2022,10220.98428,11200.0,500.0,0.04464286,9871.54892,10220.98428,9871.54892,4891600.0,56339015000.0,0.0,0.0,4891600.0,56339015000.0,-38000.0,-10700.0,0.0,48700.0,-439030000.0,-122270000.0,0.0,561300000.0
28/03/2022,9784.19008,11800.0,-600.0,-0.05084746,10089.94602,10308.34312,9609.4724,7193900.0,81880435000.0,0.0,0.0,7193900.0,81880435000.0,85800.0,15100.0,0.0,-100900.0,957585000.0,177365000.0,0.0,-1134950000.0
25/03/2022,10308.34312,11150.0,650.0,0.05829596,9827.8695,10395.70196,9784.19008,14447400.0,169453505000.0,0.0,0.0,14447400.0,169453505000.0,-191300.0,84200.0,0.0,107100.0,-2207385000.0,979300000.0,0.0,1228085000.0
24/03/2022,9740.51066,11000.0,150.0,0.01363636,9609.4724,9871.54892,9522.11356,4600600.0,51138725000.0,0.0,0.0,4600600.0,51138725000.0,-191200.0,4300.0,0.0,186900.0,-2110135000.0,45700000.0,0.0,2064435000.0
23/03/2022,9609.4724,11050.0,-50.0,-0.00452489,9696.83124,9784.19008,9565.79298,3376000.0,37312425000.0,0.0,0.0,3376000.0,37312425000.0,-58400.0,5300.0,0.0,53100.0,-646705000.0,58240000.0,0.0,588465000.0
22/03/2022,9653.15182,11050.0,0.0,0.0,9740.51066,9915.22834,9653.15182,4468700.0,49961995000.0,0.0,0.0,4468700.0,49961995000.0,34600.0,-7400.0,0.0,-27200.0,385695000.0,-83770000.0,0.0,-301925000.0
21/03/2022,9653.15182,10750.0,300.0,0.02790698,9434.75472,9784.19008,9391.0753,4187600.0,45952985000.0,0.0,0.0,4187600.0,45952985000.0,-134900.0,500.0,0.0,134400.0,-1484805000.0,5795000.0,0.0,1479010000.0
18/03/2022,9391.0753,10800.0,-50.0,-0.00462963,9522.11356,9653.15182,9391.0753,3024000.0,32832345000.0,0.0,0.0,3024000.0,32832345000.0,57000.0,58000.0,0.0,-115000.0,616305000.0,631300000.0,0.0,-1247605000.0
17/03/2022,9434.75472,10600.0,200.0,0.01886792,9478.43414,9609.4724,9303.71646,3822600.0,41423370000.0,0.0,0.0,3822600.0,41423370000.0,33200.0,-2400.0,0.0,-30800.0,357035000.0,-25740000.0,0.0,-331295000.0
16/03/2022,9260.03704,10600.0,0.0,0.0,9260.03704,9434.75472,9260.03704,1946600.0,20770655000.0,0.0,0.0,1946600.0,20770655000.0,29900.0,-5600.0,0.0,-24300.0,317860000.0,-58920000.0,0.0,-258940000.0
15/03/2022,9260.03704,10350.0,250.0,0.02415459,9085.31936,9347.39588,8954.2811,3448400.0,35973040000.0,0.0,0.0,3448400.0,35973040000.0,-22600.0,8600.0,0.0,14000.0,-234465000.0,89465000.0,0.0,145000000.0
14/03/2022,9041.63994,11050.0,-700.0,-0.06334842,9522.11356,9565.79298,8997.96052,7799200.0,82464905000.0,0.0,0.0,7799200.0,82464905000.0,42100.0,55800.0,0.0,-97900.0,461325000.0,591920000.0,0.0,-1053245000.0
11/03/2022,9653.15182,11200.0,-150.0,-0.01339286,9740.51066,10002.58718,9609.4724,6092400.0,68108110000.0,0.0,0.0,6092400.0,68108110000.0,-188500.0,-1600.0,0.0,190100.0,-2122150000.0,-18195000.0,0.0,2140345000.0
10/03/2022,9784.19008,11200.0,0.0,0.0,10046.2666,10046.2666,9784.19008,3721800.0,42166290000.0,0.0,0.0,3721800.0,42166290000.0,9300.0,155500.0,0.0,-164800.0,106035000.0,1757425000.0,0.0,-1863460000.0
09/03/2022,9784.19008,11300.0,-100.0,-0.00884956,10046.2666,10177.30486,9784.19008,7549900.0,86149870000.0,0.0,0.0,7549900.0,86149870000.0,77400.0,36900.0,0.0,-114300.0,878480000.0,424120000.0,0.0,-1302600000.0
08/03/2022,9871.54892,11250.0,50.0,0.00444444,9784.19008,10439.38138,9740.51066,12171500.0,141302165000.0,0.0,0.0,12171500.0,141302165000.0,313700.0,-385000.0,0.0,71300.0,3606930000.0,-4401250000.0,0.0,794320000.0
07/03/2022,9827.8695,11150.0,100.0,0.00896861,9696.83124,10002.58718,9609.4724,5578200.0,62662890000.0,0.0,0.0,5578200.0,62662890000.0,41200.0,-87400.0,0.0,46200.0,454105000.0,-974740000.0,0.0,520635000.0
04/03/2022,9740.51066,10900.0,250.0,0.02293578,9609.4724,9915.22834,9522.11356,6561100.0,72781105000.0,0.0,0.0,6561100.0,72781105000.0,847100.0,2300.0,0.0,-849400.0,9244690000.0,24435000.0,0.0,-9269125000.0
03/03/2022,9522.11356,10850.0,50.0,0.00460829,9565.79298,9784.19008,9434.75472,5037800.0,55119020000.0,0.0,0.0,5037800.0,55119020000.0,95000.0,-33300.0,0.0,-61700.0,1041035000.0,-367260000.0,0.0,-673775000.0
02/03/2022,9478.43414,11150.0,-300.0,-0.02690583,9784.19008,9827.8695,9434.75472,4528700.0,49880955000.0,0.0,0.0,4528700.0,49880955000.0,110700.0,-10000.0,-200.0,-100700.0,1218740000.0,-110020000.0,-2220000.0,-1108720000.0
01/03/2022,9740.51066,10900.0,250.0,0.02293578,9609.4724,10046.2666,9609.4724,6126300.0,68809035000.0,0.0,0.0,6126300.0,68809035000.0,23500.0,15900.0,-200.0,-39400.0,256395000.0,181040000.0,-2230000.0,-437435000.0
28/02/2022,9522.11356,10950.0,-50.0,-0.00456621,9609.4724,9653.15182,9391.0753,3663400.0,39998930000.0,0.0,0.0,3663400.0,39998930000.0,67400.0,-5300.0,-100.0,-62100.0,736295000.0,-58870000.0,-1090000.0,-677425000.0
25/02/2022,9565.79298,10600.0,350.0,0.03301887,9522.11356,9696.83124,9391.0753,4639200.0,50553470000.0,0.0,0.0,4639200.0,50553470000.0,39900.0,-800.0,-300.0,-39100.0,432460000.0,-8740000.0,-3285000.0,-423720000.0
24/02/2022,9260.03704,11150.0,-550.0,-0.04932735,9696.83124,9827.8695,9085.31936,6805900.0,73863565000.0,0.0,0.0,6805900.0,73863565000.0,74900.0,-19300.0,-5400.0,-55600.0,804220000.0,-210940000.0,-59580000.0,-593280000.0
23/02/2022,9740.51066,11350.0,-200.0,-0.01762115,9915.22834,9958.90776,9740.51066,5170500.0,58240205000.0,0.0,0.0,5170500.0,58240205000.0,134900.0,-600.0,-200.0,-134300.0,1518140000.0,-6865000.0,-2230000.0,-1511275000.0
22/02/2022,9915.22834,10900.0,450.0,0.0412844,9653.15182,10002.58718,9478.43414,11599300.0,129477755000.0,0.0,0.0,11599300.0,129477755000.0,169000.0,-4200.0,0.0,-164800.0,1880080000.0,-47070000.0,0.0,-1833010000.0
21/02/2022,9522.11356,10200.0,700.0,0.06862745,9128.99878,9522.11356,9041.63994,3755700.0,40550440000.0,0.0,0.0,3755700.0,40550440000.0,64900.0,-10200.0,0.0,-54700.0,706870000.0,-110290000.0,0.0,-596580000.0
18/02/2022,8910.60168,10050.0,150.0,0.01492537,8718.412232,8954.2811,8683.468696,3723400.0,37829471000.0,0.0,0.0,3723400.0,37829471000.0,33800.0,-5100.0,0.0,-28700.0,344734000.0,-51670000.0,0.0,-293064000.0
17/02/2022,8779.56342,10200.0,-150.0,-0.01470588,8997.96052,8997.96052,8779.56342,1917300.0,19469905000.0,0.0,0.0,1917300.0,19469905000.0,-21400.0,-4000.0,0.0,25400.0,-219055000.0,-40725000.0,0.0,259780000.0
16/02/2022,8910.60168,9910.0,290.0,0.02926337,8648.52516,9085.31936,8648.52516,3837900.0,39035337000.0,0.0,0.0,3837900.0,39035337000.0,-51600.0,-9400.0,0.0,61000.0,-523715000.0,-96785000.0,0.0,620500000.0
15/02/2022,8657.261044,9830.0,80.0,0.00813835,8569.902204,8735.884,8569.902204,1696500.0,16763408000.0,0.0,0.0,1696500.0,16763408000.0,9400.0,-18000.0,0.0,8600.0,92910000.0,-177698000.0,0.0,84788000.0
14/02/2022,8587.373972,10100.0,-270.0,-0.02673267,8561.16632,8735.884,8561.16632,1534200.0,15178931000.0,0.0,0.0,1534200.0,15178931000.0,6500.0,2400.0,0.0,-8900.0,63899000.0,23853000.0,0.0,-87752000.0
11/02/2022,8823.24284,10250.0,-150.0,-0.01463415,8823.24284,8997.96052,8779.56342,1275900.0,12949565000.0,0.0,0.0,1275900.0,12949565000.0,-16400.0,-300.0,0.0,16700.0,-167015000.0,-2965000.0,0.0,169980000.0
10/02/2022,8954.2811,10250.0,0.0,0.0,8997.96052,9216.35762,8779.56342,2007700.0,20777855000.0,0.0,0.0,2007700.0,20777855000.0,88200.0,26800.0,0.0,-115000.0,908250000.0,278750000.0,0.0,-1187000000.0
09/02/2022,8954.2811,9900.0,350.0,0.03535354,8578.638088,9085.31936,8517.4869,2536900.0,25706359000.0,0.0,0.0,2536900.0,25706359000.0,-4000.0,-900.0,-400.0,4900.0,-41550000.0,-9205000.0,-4080000.0,50755000.0
08/02/2022,8648.52516,9950.0,-50.0,-0.00502513,8683.468696,8718.412232,8569.902204,1102500.0,10935340000.0,0.0,0.0,1102500.0,10935340000.0,-24600.0,400.0,0.0,24200.0,-243727000.0,3984000.0,0.0,239743000.0
07/02/2022,8692.20458,9500.0,450.0,0.04736842,8299.0898,8709.676348,8299.0898,1080400.0,10640102000.0,0.0,0.0,1080400.0,10640102000.0,-56800.0,-44000.0,-50000.0,100800.0,-580610000.0,-415569000.0,-475000000.0,996179000.0
28/01/2022,8299.0898,9130.0,370.0,0.04052574,7993.33386,8299.0898,7862.2956,1433000.0,13222357000.0,0.0,0.0,1433000.0,13222357000.0,-36900.0,5800.0,0.0,31100.0,-346342000.0,53712000.0,0.0,292630000.0
27/01/2022,7975.862092,9200.0,-70.0,-0.0076087,8037.01328,8194.259192,7914.710904,1527000.0,13996952000.0,0.0,0.0,1527000.0,13996952000.0,12200.0,9800.0,0.0,-22000.0,111406000.0,89450000.0,0.0,-200856000.0
26/01/2022,8037.01328,9710.0,-510.0,-0.05252317,8631.053392,8631.053392,8037.01328,2246000.0,21310934000.0,0.0,0.0,2246000.0,21310934000.0,199300.0,1400.0,0.0,-200700.0,1884891000.0,13210000.0,0.0,-1898101000.0
25/01/2022,8482.543364,9580.0,130.0,0.01356994,8002.069744,8569.902204,7862.2956,1252700.0,11839172000.0,0.0,0.0,1252700.0,11839172000.0,-202400.0,-1100.0,0.0,203500.0,-1910773000.0,-10724000.0,0.0,1921497000.0
24/01/2022,8368.976872,10300.0,-720.0,-0.06990291,8910.60168,8910.60168,8368.976872,2626900.0,25565668000.0,0.0,0.0,2626900.0,25565668000.0,103900.0,200.0,0.0,-104100.0,1024361000.0,1937000.0,0.0,-1026298000.0
21/01/2022,8997.96052,10350.0,-50.0,-0.00483092,9172.6782,9260.03704,8735.884,2319000.0,24085205000.0,0.0,0.0,2319000.0,24085205000.0,335300.0,11700.0,0.0,-347000.0,3491955000.0,122880000.0,0.0,-3614835000.0
20/01/2022,9041.63994,9710.0,640.0,0.06591143,8482.543364,9041.63994,8316.561568,2550200.0,25516941000.0,0.0,0.0,2550200.0,25516941000.0,77100.0,-600.0,-100.0,-76500.0,754096000.0,-5961000.0,-1035000.0,-748135000.0
19/01/2022,8482.543364,9360.0,350.0,0.03739316,8185.523308,8631.053392,8098.164468,2836300.0,27002847000.0,0.0,0.0,2836300.0,27002847000.0,-127500.0,12200.0,0.0,115300.0,-1199569000.0,115881000.0,0.0,1083688000.0
18/01/2022,8176.787424,10050.0,-690.0,-0.06865672,8342.76922,8735.884,8168.05154,4382200.0,41860145000.0,0.0,0.0,4382200.0,41860145000.0,-483000.0,-1400.0,0.0,484400.0,-4649700000.0,-13393000.0,0.0,4663093000.0
17/01/2022,8779.56342,10800.0,-750.0,-0.06944444,9522.11356,9609.4724,8779.56342,4647100.0,47709340000.0,0.0,0.0,4647100.0,47709340000.0,229200.0,3100.0,0.0,-232300.0,2408655000.0,32005000.0,0.0,-2440660000.0
14/01/2022,9434.75472,10400.0,400.0,0.03846154,8648.52516,9609.4724,8482.543364,4437500.0,46356857000.0,0.0,0.0,4437500.0,46356857000.0,-193500.0,-14500.0,0.0,208000.0,-1879484000.0,-119800000.0,0.0,1999284000.0
13/01/2022,9085.31936,11150.0,-750.0,-0.06726457,9740.51066,9958.90776,9085.31936,9429500.0,100374860000.0,0.0,0.0,9429500.0,100374860000.0,-115200.0,-57400.0,0.0,172600.0,-1138410000.0,-635075000.0,0.0,1773485000.0
12/01/2022,9740.51066,11950.0,-800.0,-0.06694561,10089.94602,10395.70196,9740.51066,9776700.0,110052490000.0,0.0,0.0,9776700.0,110052490000.0,2600.0,-27700.0,-100.0,25100.0,-4840000.0,-306255000.0,-1145000.0,311095000.0
11/01/2022,10439.38138,12550.0,-600.0,-0.04780876,10745.13732,11050.89326,10395.70196,7227600.0,88172205000.0,0.0,0.0,7227600.0,88172205000.0,-13100.0,-100.0,0.0,13200.0,-172565000.0,-4765000.0,0.0,177330000.0
10/01/2022,10963.53442,12400.0,150.0,0.01209677,11007.21384,11575.0463,10963.53442,8418800.0,108225275000.0,0.0,0.0,8418800.0,108225275000.0,151600.0,22300.0,0.0,-173900.0,1966010000.0,282390000.0,0.0,-2248400000.0
07/01/2022,10832.49616,12450.0,-50.0,-0.00401606,11007.21384,11269.29036,10832.49616,6988400.0,88317130000.0,0.0,0.0,6988400.0,88317130000.0,-75200.0,263700.0,0.0,-188500.0,-961910000.0,3349225000.0,0.0,-2387315000.0
06/01/2022,10876.17558,11650.0,800.0,0.06866953,10177.30486,10876.17558,10177.30486,12226900.0,149150255000.0,0.0,0.0,12226900.0,149150255000.0,-343100.0,-103500.0,0.0,446600.0,-4109280000.0,-1266565000.0,0.0,5375845000.0
05/01/2022,10177.30486,11300.0,350.0,0.03097345,10002.58718,10308.34312,9871.54892,5053900.0,58555135000.0,0.0,0.0,5053900.0,58555135000.0,25100.0,-124000.0,0.0,98900.0,305500000.0,-1455130000.0,0.0,1149630000.0
04/01/2022,9871.54892,11150.0,150.0,0.01345291,10002.58718,10133.62544,9827.8695,4307000.0,49254820000.0,0.0,0.0,4307000.0,49254820000.0,-37000.0,-27600.0,-100.0,64600.0,-428870000.0,-317705000.0,-1135000.0,746575000.0
31/12/2021,9740.51066,11550.0,-400.0,-0.03463203,10177.30486,10177.30486,9696.83124,5048600.0,57111025000.0,0.0,0.0,5048600.0,57111025000.0,-11400.0,41000.0,0.0,-29600.0,-128495000.0,464215000.0,0.0,-335720000.0
30/12/2021,10089.94602,11600.0,-50.0,-0.00431034,10177.30486,10264.6637,10002.58718,4097200.0,47544490000.0,0.0,0.0,4097200.0,47544490000.0,-235600.0,100.0,0.0,235500.0,-2738610000.0,1110000.0,0.0,2737500000.0
29/12/2021,10133.62544,12000.0,-400.0,-0.03333333,10483.0608,10483.0608,10133.62544,4448500.0,52550535000.0,0.0,0.0,4448500.0,52550535000.0,45600.0,2000.0,0.0,-47600.0,537410000.0,23060000.0,0.0,-560470000.0
28/12/2021,10483.0608,12000.0,0.0,0.0,10570.41964,10701.4579,10264.6637,7218200.0,86875795000.0,0.0,0.0,7218200.0,86875795000.0,155200.0,-207900.0,0.0,52700.0,1845765000.0,-2494165000.0,0.0,648400000.0
27/12/2021,10483.0608,11550.0,450.0,0.03896104,10089.94602,10657.77848,9871.54892,7305600.0,85528545000.0,0.0,0.0,7305600.0,85528545000.0,-165000.0,19000.0,0.0,146000.0,-1944365000.0,220465000.0,0.0,1723900000.0
24/12/2021,10089.94602,12100.0,-550.0,-0.04545455,10483.0608,10657.77848,10046.2666,6823600.0,80354750000.0,0.0,0.0,6823600.0,80354750000.0,597600.0,-368800.0,0.0,-228800.0,7043865000.0,-4341695000.0,0.0,-2702170000.0
23/12/2021,10570.41964,11800.0,300.0,0.02542373,10483.0608,10745.13732,10046.2666,7811900.0,93536965000.0,0.0,0.0,7811900.0,93536965000.0,170800.0,114400.0,0.0,-285200.0,2003330000.0,1381480000.0,0.0,-3384810000.0
22/12/2021,10308.34312,11068.0,732.0,0.06613661,9958.90776,10308.34312,9958.90776,11788200.0,138482275000.0,50000.0,565000000.0,11838200.0,139047275000.0,1703300.0,-61000.0,0.0,-1642300.0,20119760000.0,-720845000.0,0.0,-19398915000.0
21/12/2021,9669.195270966,12500.0,450.0,0.036,9333.2000685,9855.859272336,8997.204866034,10670800.0,134402060000.0,0.0,0.0,10670800.0,134402060000.0,-28500.0,-52100.0,0.0,80600.0,-380390000.0,-643335000.0,0.0,1023725000.0
20/12/2021,9333.2000685,12650.0,-150.0,-0.01185771,9445.198469322,9594.529670418,9034.537666308,4100900.0,51255205000.0,0.0,0.0,4100900.0,51255205000.0,-596100.0,-15300.0,0.0,611400.0,-7453470000.0,-198115000.0,0.0,7651585000.0
17/12/2021,9445.198469322,12750.0,-100.0,-0.00784314,9781.193671788,9893.19207261,9445.198469322,5800600.0,75364845000.0,0.0,0.0,5800600.0,75364845000.0,114800.0,-9000.0,0.0,-105800.0,1489840000.0,-116700000.0,0.0,-1373140000.0
16/12/2021,9519.86406987,11950.0,800.0,0.06694561,9034.537666308,9519.86406987,8885.206465212,11512600.0,143121980000.0,0.0,0.0,11512600.0,143121980000.0,-353700.0,246600.0,0.0,107100.0,-4309255000.0,2988330000.0,0.0,1320925000.0
15/12/2021,8922.539265486,11800.0,150.0,0.01271186,8810.540864664,8959.87206576,8735.875264116,4616500.0,54677315000.0,0.0,0.0,4616500.0,54677315000.0,-76300.0,21500.0,0.0,54800.0,-923980000.0,263085000.0,0.0,660895000.0
14/12/2021,8810.540864664,12100.0,-300.0,-0.02479339,9183.868867404,9295.867268226,8698.542463842,5416200.0,65156935000.0,0.0,0.0,5416200.0,65156935000.0,264900.0,-198600.0,0.0,-66300.0,3147240000.0,-2366460000.0,0.0,-780780000.0
13/12/2021,9034.537666308,11350.0,750.0,0.0660793,8959.87206576,9034.537666308,8810.540864664,6401400.0,76935820000.0,0.0,0.0,6401400.0,76935820000.0,-393700.0,200.0,-900.0,393500.0,-4732435000.0,2265000.0,-10890000.0,4730170000.0
10/12/2021,8474.545662198,11500.0,-150.0,-0.01304348,8623.876863294,8698.542463842,8362.547261376,2842900.0,32595995000.0,0.0,0.0,2842900.0,32595995000.0,22500.0,0.0,0.0,-22500.0,271650000.0,0.0,0.0,-271650000.0
09/12/2021,8586.54406302,11300.0,200.0,0.01769912,8362.547261376,8810.540864664,8287.881660828,4770900.0,54748890000.0,0.0,0.0,4770900.0,54748890000.0,24700.0,35100.0,-600.0,-59800.0,282230000.0,399830000.0,-6900000.0,-682060000.0
08/12/2021,8437.212861924,11100.0,200.0,0.01801802,8437.212861924,8586.54406302,8213.21606028,3737200.0,42102935000.0,0.0,0.0,3737200.0,42102935000.0,39600.0,2200.0,0.0,-41800.0,447615000.0,24480000.0,0.0,-472095000.0
07/12/2021,8287.881660828,10400.0,700.0,0.06730769,7989.219258636,8287.881660828,7765.222456992,3781100.0,40861450000.0,0.0,0.0,3781100.0,40861450000.0,-433500.0,101000.0,0.0,332500.0,-4668390000.0,1098715000.0,0.0,3569675000.0
06/12/2021,7765.222456992,11150.0,-750.0,-0.06726457,8362.547261376,8511.878462472,7765.222456992,7402400.0,78947545000.0,0.0,0.0,7402400.0,78947545000.0,-72900.0,49400.0,0.0,23500.0,-783410000.0,544020000.0,0.0,239390000.0
03/12/2021,8325.214461102,11950.0,-800.0,-0.06694561,8922.539265486,8997.204866034,8325.214461102,6791600.0,78197965000.0,0.0,0.0,6791600.0,78197965000.0,15900.0,164400.0,0.0,-180300.0,234805000.0,1857575000.0,0.0,-2092380000.0
02/12/2021,8922.539265486,12000.0,-50.0,-0.00416667,8997.204866034,9183.868867404,8885.206465212,3773500.0,45381365000.0,0.0,0.0,3773500.0,45381365000.0,221400.0,-48900.0,0.0,-172500.0,2647725000.0,-589395000.0,0.0,-2058330000.0
01/12/2021,8959.87206576,12250.0,-250.0,-0.02040816,9109.203266856,9333.2000685,8847.873664938,5098100.0,61623885000.0,0.0,0.0,5098100.0,61623885000.0,479500.0,-800.0,0.0,-478700.0,5771450000.0,-9730000.0,0.0,-5761720000.0
30/11/2021,9146.53606713,11950.0,300.0,0.0251046,9071.870466582,9407.865669048,8847.873664938,8504000.0,103655185000.0,0.0,0.0,8504000.0,103655185000.0,671600.0,-322600.0,0.0,-349000.0,8171340000.0,-3939215000.0,0.0,-4232125000.0
29/11/2021,8922.539265486,11600.0,350.0,0.03017241,8250.548860554,9034.537666308,8250.548860554,5445700.0,63372920000.0,0.0,0.0,5445700.0,63372920000.0,-82600.0,14900.0,0.0,67700.0,-963615000.0,173340000.0,0.0,790275000.0
26/11/2021,8661.209663568,11750.0,-150.0,-0.01276596,9034.537666308,9109.203266856,8474.545662198,5851300.0,69022170000.0,0.0,0.0,5851300.0,69022170000.0,278900.0,62900.0,-100.0,-341800.0,3269960000.0,753410000.0,-1190000.0,-4023370000.0
25/11/2021,8773.20806439,11000.0,750.0,0.06818182,8213.21606028,8773.20806439,8063.884859184,6701400.0,77336365000.0,0.0,0.0,6701400.0,77336365000.0,-248800.0,206000.0,0.0,42800.0,-2932120000.0,2420500000.0,0.0,511620000.0
24/11/2021,8213.21606028,11000.0,0.0,0.0,8511.878462472,8623.876863294,8138.550459732,5880000.0,66419780000.0,0.0,0.0,5880000.0,66419780000.0,-83600.0,121900.0,-100.0,-38300.0,-966205000.0,1390280000.0,-1120000.0,-424075000.0
23/11/2021,8213.21606028,11250.0,-250.0,-0.02222222,7839.88805754,8437.212861924,7839.88805754,10610700.0,113045470000.0,0.0,0.0,10610700.0,113045470000.0,5000.0,9000.0,0.0,-14000.0,84435000.0,94900000.0,0.0,-179335000.0
22/11/2021,8399.88006165,12050.0,-800.0,-0.06639004,8997.204866034,8997.204866034,8399.88006165,8441900.0,96772325000.0,0.0,0.0,8441900.0,96772325000.0,-15400.0,200.0,0.0,15200.0,-210910000.0,8760000.0,0.0,202150000.0
19/11/2021,8997.204866034,12350.0,-300.0,-0.0242915,9631.862470692,9631.862470692,8586.54406302,12386100.0,152323660000.0,0.0,0.0,12386100.0,152323660000.0,410900.0,20700.0,0.0,-431600.0,5240085000.0,249390000.0,0.0,-5489475000.0
18/11/2021,9221.201667678,11550.0,800.0,0.06926407,8885.206465212,9221.201667678,8885.206465212,8062200.0,99171355000.0,0.0,0.0,8062200.0,99171355000.0,136300.0,62700.0,0.0,-199000.0,1676905000.0,769185000.0,0.0,-2446090000.0
17/11/2021,8623.876863294,10800.0,750.0,0.06944444,8026.55205891,8623.876863294,7914.553658088,7962500.0,88492895000.0,0.0,0.0,7962500.0,88492895000.0,-218800.0,47000.0,0.0,171800.0,-2419150000.0,517100000.0,0.0,1902050000.0
16/11/2021,8063.884859184,11550.0,-750.0,-0.06493506,8213.21606028,8847.873664938,8026.55205891,12425700.0,137046715000.0,0.0,0.0,12425700.0,137046715000.0,287200.0,-39800.0,0.0,-247400.0,3186830000.0,-451975000.0,0.0,-2734855000.0
15/11/2021,8623.876863294,10800.0,750.0,0.06944444,8623.876863294,8623.876863294,8063.884859184,8948000.0,102620040000.0,0.0,0.0,8948000.0,102620040000.0,249200.0,-242000.0,0.0,-7200.0,2765890000.0,-2680100000.0,0.0,-85790000.0
12/11/2021,8063.884859184,10100.0,700.0,0.06930693,7989.219258636,8063.884859184,7802.555257266,6868400.0,73961070000.0,0.0,0.0,6868400.0,73961070000.0,58300.0,-50500.0,0.0,-7800.0,630905000.0,-545350000.0,0.0,-85555000.0
11/11/2021,7541.225655348,9440.0,660.0,0.06991525,7093.23205206,7541.225655348,7055.899251786,8519500.0,85503616000.0,0.0,0.0,8519500.0,85503616000.0,-127600.0,19800.0,0.0,107800.0,-1269790000.0,199135000.0,0.0,1070655000.0
10/11/2021,7048.4326917312,9300.0,140.0,0.01505376,6936.4342909092,7085.7654920052,6884.1683705256,3817700.0,35622032000.0,0.0,0.0,3817700.0,35622032000.0,35900.0,2900.0,0.0,-38800.0,322573000.0,26870000.0,0.0,-349443000.0
09/11/2021,6943.900850964,9450.0,-150.0,-0.01587302,7160.4310925532,7160.4310925532,6869.235250416,4736000.0,44537041000.0,0.0,0.0,4736000.0,44537041000.0,142400.0,20000.0,0.0,-162400.0,1334331000.0,185908000.0,0.0,-1520239000.0
08/11/2021,7055.899251786,9080.0,370.0,0.0407489,6869.235250416,7167.897652608,6824.4358900872,7715300.0,72140468000.0,0.0,0.0,7715300.0,72140468000.0,-775000.0,790000.0,770000.0,-15000.0,-7248369000.0,7402300000.0,7214300000.0,-153931000.0
05/11/2021,6779.6365297584,8810.0,270.0,0.03064699,6675.1046889912,6802.0362099228,6667.6381289364,3860700.0,34797382000.0,0.0,0.0,3860700.0,34797382000.0,33700.0,-20200.0,0.0,-13500.0,303398000.0,-183301000.0,0.0,-120097000.0
04/11/2021,6578.0394082788,8520.0,290.0,0.03403756,6361.5091666896,6607.905648498,6354.0426066348,5021400.0,43724222000.0,0.0,0.0,5021400.0,43724222000.0,-437300.0,-24400.0,0.0,461700.0,-3815176000.0,-210690000.0,0.0,4025866000.0
03/11/2021,6361.5091666896,9050.0,-530.0,-0.05856354,6794.569649868,6869.235250416,6346.57604658,11463800.0,101541670000.0,0.0,0.0,11463800.0,101541670000.0,-800600.0,701300.0,700000.0,99300.0,-6863619000.0,5975309000.0,5964000000.0,888310000.0
02/11/2021,6757.236849594,9180.0,-130.0,-0.01416122,6854.3021303064,6943.900850964,6742.3037294844,7032400.0,64303713000.0,0.0,0.0,7032400.0,64303713000.0,-244000.0,215300.0,0.0,28700.0,-2248682000.0,1985281000.0,0.0,263401000.0
01/11/2021,6854.3021303064,8950.0,230.0,0.02569832,6794.569649868,7018.566451512,6719.90404932,6330000.0,58251247000.0,0.0,0.0,6330000.0,58251247000.0,471800.0,-20400.0,0.0,-451400.0,4372121000.0,-188745000.0,0.0,-4183376000.0
29/10/2021,6682.571249046,8460.0,490.0,0.05791962,6376.4422867992,6704.9709292104,6346.57604658,6967000.0,61516849000.0,0.0,0.0,6967000.0,61516849000.0,24300.0,74400.0,0.0,-98700.0,223496000.0,634338000.0,0.0,-857834000.0
28/10/2021,6316.7098063608,8010.0,450.0,0.05617978,6040.4470843332,6398.8419669636,5995.6477240044,11201000.0,94631420000.0,0.0,0.0,11201000.0,94631420000.0,-333600.0,148100.0,0.0,185500.0,-2817345000.0,1250023000.0,0.0,1567322000.0
27/10/2021,5980.7146038948,7950.0,60.0,0.00754717,5965.7814837852,6077.7798846072,5958.3149237304,4456000.0,35886159000.0,0.0,0.0,4456000.0,35886159000.0,-148100.0,-1000.0,0.0,149100.0,-1193835000.0,-8010000.0,0.0,1201845000.0
26/10/2021,5935.915243566,8000.0,-50.0,-0.00625,5973.24804384,6018.0474041688,5823.916842744,5150200.0,40946159000.0,200000.0,1510000000.0,5350200.0,42456159000.0,-39900.0,2800.0,0.0,37100.0,-317883000.0,21893000.0,0.0,295990000.0
25/10/2021,5973.24804384,7650.0,350.0,0.04575163,5808.9837226344,6032.9805242784,5794.0506025248,6958400.0,55484321000.0,0.0,0.0,6958400.0,55484321000.0,-153200.0,-13000.0,0.0,166200.0,-1225413000.0,-103785000.0,0.0,1329198000.0
22/10/2021,5711.918441922,7520.0,130.0,0.01728723,5622.3197212644,5749.251242196,5614.8531612096,5094900.0,38830592000.0,0.0,0.0,5094900.0,38830592000.0,17500.0,-15000.0,0.0,-2500.0,132510000.0,-113600000.0,0.0,-18910000.0
21/10/2021,5614.8531612096,7500.0,20.0,0.00266667,5682.0522017028,5711.918441922,5562.587240826,3612900.0,27351278000.0,0.0,0.0,3612900.0,27351278000.0,129800.0,-31300.0,0.0,-98500.0,976707000.0,-234920000.0,0.0,-741787000.0
20/10/2021,5599.9200411,7190.0,310.0,0.04311544,5398.3229196204,5599.9200411,5398.3229196204,6524000.0,48192256000.0,0.0,0.0,6524000.0,48192256000.0,-92000.0,8000.0,0.0,84000.0,-678473000.0,58070000.0,0.0,620403000.0
19/10/2021,5368.4566794012,7180.0,10.0,0.00139276,5375.923239456,5443.1222799492,5353.5235592916,2492000.0,17965439000.0,0.0,0.0,2492000.0,17965439000.0,-8400.0,-4000.0,0.0,12400.0,-60412000.0,-28880000.0,0.0,89292000.0
18/10/2021,5360.9901193464,7200.0,-20.0,-0.00277778,5375.923239456,5450.588840004,5338.590439182,2501900.0,18070895000.0,0.0,0.0,2501900.0,18070895000.0,57400.0,0.0,0.0,-57400.0,414096000.0,0.0,0.0,-414096000.0
15/10/2021,5375.923239456,7160.0,40.0,0.00558659,5360.9901193464,5472.9885201684,5331.1238791272,3064700.0,22151061000.0,0.0,0.0,3064700.0,22151061000.0,-76300.0,9100.0,0.0,67200.0,-552827000.0,66403000.0,0.0,486424000.0
14/10/2021,5346.0569992368,7070.0,90.0,0.01272984,5316.1907590176,5413.25603973,5293.7910788532,2725600.0,19570863000.0,0.0,0.0,2725600.0,19570863000.0,-222700.0,45200.0,0.0,177500.0,-1600319000.0,324323000.0,0.0,1275996000.0
13/10/2021,5278.8579587436,7030.0,40.0,0.0056899,5256.4582785792,5375.923239456,5256.4582785792,2543800.0,18060443000.0,0.0,0.0,2543800.0,18060443000.0,-23100.0,0.0,0.0,23100.0,-162524000.0,0.0,0.0,162524000.0
12/10/2021,5248.9917185244,7080.0,-50.0,-0.00706215,5308.7241989628,5338.590439182,5241.5251584696,2993800.0,21131755000.0,0.0,0.0,2993800.0,21131755000.0,-15900.0,0.0,0.0,15900.0,-112197000.0,0.0,0.0,112197000.0
11/10/2021,5286.3245187984,7120.0,-40.0,-0.00561798,5338.590439182,5368.4566794012,5256.4582785792,3184200.0,22572048000.0,0.0,0.0,3184200.0,22572048000.0,-172900.0,600.0,0.0,172300.0,-1224296000.0,4253000.0,0.0,1220043000.0
08/10/2021,5316.1907590176,7280.0,-160.0,-0.02197802,5510.3213204424,5510.3213204424,5316.1907590176,3638700.0,26253056000.0,0.0,0.0,3638700.0,26253056000.0,-107400.0,26200.0,0.0,81200.0,-769986000.0,189557000.0,0.0,580429000.0
07/10/2021,5435.6557198944,7070.0,210.0,0.02970297,5301.257638908,5517.7878804972,5286.3245187984,4766700.0,34630919000.0,0.0,0.0,4766700.0,34630919000.0,-102500.0,-9500.0,0.0,112000.0,-743188000.0,-68905000.0,0.0,812093000.0
06/10/2021,5278.8579587436,6930.0,140.0,0.02020202,5226.59203836,5331.1238791272,5219.1254783052,3918600.0,27630115000.0,0.0,0.0,3918600.0,27630115000.0,-7500.0,-1400.0,0.0,8900.0,-53669000.0,-9896000.0,0.0,63565000.0
05/10/2021,5174.3261179764,6950.0,-20.0,-0.0028777,5263.924838634,5271.3913986888,5174.3261179764,2416300.0,16859859000.0,0.0,0.0,2416300.0,16859859000.0,72900.0,-10000.0,0.0,-62900.0,508269000.0,-69676000.0,0.0,-438593000.0
04/10/2021,5189.259238086,6650.0,300.0,0.04511278,4972.7289964968,5278.8579587436,4972.7289964968,4164300.0,28725636000.0,0.0,0.0,4164300.0,28725636000.0,-95600.0,0.0,0.0,95600.0,-663051000.0,0.0,0.0,663051000.0
01/10/2021,4965.262436442,6630.0,20.0,0.00301659,4935.3961962228,5054.8611570996,4912.9965160584,2244200.0,14968592000.0,898803.0,5545614510.0,3143003.0,20514206510.0,-20000.0,-55000.0,0.0,75000.0,-132276000.0,-368500000.0,0.0,500776000.0
30/09/2021,4950.3293163324,6620.0,10.0,0.00151057,4987.6621166064,5077.260837264,4912.9965160584,1450900.0,9660515000.0,0.0,0.0,1450900.0,9660515000.0,208500.0,-212300.0,-300.0,3800.0,1392004000.0,-1417633000.0,-2013000.0,25629000.0
29/09/2021,4942.8627562776,6590.0,30.0,0.00455235,4927.929636168,4957.7958763872,4853.26403562,1343500.0,8824817000.0,0.0,0.0,1343500.0,8824817000.0,-73600.0,-24000.0,0.0,97600.0,-484272000.0,-159314000.0,0.0,643586000.0
28/09/2021,4920.4630761132,6550.0,40.0,0.00610687,4853.26403562,4957.7958763872,4778.598435072,3362900.0,21812095000.0,0.0,0.0,3362900.0,21812095000.0,-99000.0,15400.0,0.0,83600.0,-651106000.0,100096000.0,0.0,551010000.0
27/09/2021,4890.596835894,6950.0,-400.0,-0.05755396,5159.3929978668,5189.259238086,4890.596835894,5818800.0,39223149000.0,0.0,0.0,5818800.0,39223149000.0,91600.0,-14600.0,0.0,-77000.0,614026000.0,-96094000.0,0.0,-517932000.0
24/09/2021,5189.259238086,6920.0,30.0,0.00433526,5174.3261179764,5316.1907590176,5107.1270774832,3497400.0,24373101000.0,0.0,0.0,3497400.0,24373101000.0,-69800.0,-6000.0,0.0,75800.0,-483826000.0,-41053000.0,0.0,524879000.0
23/09/2021,5166.8595579216,7150.0,-230.0,-0.03216783,5704.4518818672,5704.4518818672,5166.8595579216,8501800.0,62211081000.0,0.0,0.0,8501800.0,62211081000.0,298900.0,80600.0,0.0,-379500.0,2152553000.0,596444000.0,0.0,-2748997000.0
22/09/2021,5338.590439182,6690.0,460.0,0.06875934,5151.926437812,5338.590439182,5010.0617967708,8420200.0,59511822000.0,0.0,0.0,8420200.0,59511822000.0,-16000.0,-72100.0,-100.0,88100.0,-108958000.0,-508902000.0,-704000.0,617860000.0
21/09/2021,4995.1286766612,6710.0,-20.0,-0.00298063,4942.8627562776,5017.5283568256,4883.1302758392,3223400.0,21455222000.0,0.0,0.0,3223400.0,21455222000.0,-23200.0,20000.0,0.0,3200.0,-155681000.0,133600000.0,0.0,22081000.0
20/09/2021,5010.0617967708,6670.0,40.0,0.005997,5017.5283568256,5122.0601975928,4980.1955565516,3962700.0,26822100000.0,0.0,0.0,3962700.0,26822100000.0,43800.0,0.0,0.0,-43800.0,297333000.0,0.0,0.0,-297333000.0
17/09/2021,4980.1955565516,6670.0,0.0,0.0,4942.8627562776,5039.92803699,4942.8627562776,2161600.0,14477806000.0,0.0,0.0,2161600.0,14477806000.0,20600.0,-15000.0,0.0,-5600.0,134840000.0,-100950000.0,0.0,-33890000.0
16/09/2021,4980.1955565516,6750.0,-80.0,-0.01185185,5077.260837264,5092.1939573736,4957.7958763872,2359700.0,15878137000.0,0.0,0.0,2359700.0,15878137000.0,15200.0,-11000.0,0.0,-4200.0,101284000.0,-74336000.0,0.0,-26948000.0
15/09/2021,5039.92803699,6450.0,300.0,0.04651163,4845.7974755652,5114.593637538,4800.9981152364,5718800.0,38435075000.0,0.0,0.0,5718800.0,38435075000.0,-207300.0,0.0,0.0,207300.0,-1393852000.0,0.0,0.0,1393852000.0
14/09/2021,4815.931235346,6470.0,-20.0,-0.00309119,4815.931235346,4853.26403562,4786.0649951268,2094900.0,13542551000.0,0.0,0.0,2094900.0,13542551000.0,-21500.0,0.0,0.0,21500.0,-138925000.0,0.0,0.0,138925000.0
13/09/2021,4830.8643554556,6460.0,10.0,0.00154799,4898.0633959488,4912.9965160584,4808.4646752912,2439500.0,15866183000.0,0.0,0.0,2439500.0,15866183000.0,3300.0,80000.0,0.0,-83300.0,22073000.0,517500000.0,0.0,-539573000.0
10/09/2021,4823.3977954008,6290.0,170.0,0.02702703,4853.26403562,4942.8627562776,4823.3977954008,2603900.0,16979254000.0,0.0,0.0,2603900.0,16979254000.0,-131700.0,216000.0,0.0,-84300.0,-856732000.0,1401360000.0,0.0,-544628000.0
09/09/2021,4696.4662744692,6220.0,70.0,0.01125402,4651.6669141404,4763.6653149624,4644.2003540856,1484200.0,9340912000.0,0.0,0.0,1484200.0,9340912000.0,-6500.0,0.0,0.0,6500.0,-41030000.0,0.0,0.0,41030000.0
08/09/2021,4644.2003540856,6460.0,-240.0,-0.0371517,4786.0649951268,4823.3977954008,4629.267233976,3639200.0,22977432000.0,0.0,0.0,3639200.0,22977432000.0,49800.0,0.0,0.0,-49800.0,311532000.0,0.0,0.0,-311532000.0
07/09/2021,4823.3977954008,6740.0,-280.0,-0.04154303,5032.4614769352,5054.8611570996,4815.931235346,2599200.0,17146817000.0,0.0,0.0,2599200.0,17146817000.0,36000.0,0.0,0.0,-36000.0,233900000.0,0.0,0.0,-233900000.0
06/09/2021,5032.4614769352,6600.0,140.0,0.02121212,4935.3961962228,5084.7273973188,4935.3961962228,2584200.0,17376331000.0,0.0,0.0,2584200.0,17376331000.0,37800.0,1200.0,0.0,-39000.0,244367000.0,8004000.0,0.0,-252371000.0
01/09/2021,4927.929636168,6420.0,180.0,0.02803738,4815.931235346,4972.7289964968,4778.598435072,3856500.0,25321181000.0,0.0,0.0,3856500.0,25321181000.0,46600.0,-200.0,-200.0,-46400.0,304961000.0,-1306000.0,-1306000.0,-303655000.0
31/08/2021,4793.5315551816,6210.0,210.0,0.03381643,4651.6669141404,4920.4630761132,4636.7337940308,3752200.0,23996909000.0,0.0,0.0,3752200.0,23996909000.0,21300.0,34700.0,0.0,-56000.0,146255000.0,225123000.0,0.0,-371378000.0
30/08/2021,4636.7337940308,6000.0,210.0,0.035,4562.0681934828,4696.4662744692,4539.6685133184,2013400.0,12445640000.0,0.0,0.0,2013400.0,12445640000.0,-118900.0,0.0,0.0,118900.0,-733832000.0,0.0,0.0,733832000.0
27/08/2021,4479.93603288,6000.0,0.0,0.0,4465.0029127704,4517.268833154,4405.270432332,1435400.0,8560339000.0,0.0,0.0,1435400.0,8560339000.0,-43100.0,0.0,0.0,43100.0,-258292000.0,0.0,0.0,258292000.0
26/08/2021,4479.93603288,5990.0,10.0,0.00166945,4479.93603288,4554.601633428,4442.603232606,1041600.0,6270182000.0,0.0,0.0,1041600.0,6270182000.0,-38400.0,500.0,0.0,37900.0,-231889000.0,3015000.0,0.0,228874000.0
25/08/2021,4472.4694728252,5990.0,0.0,0.0,4450.0697926608,4479.93603288,4405.270432332,1257800.0,7471089000.0,0.0,0.0,1257800.0,7471089000.0,29200.0,0.0,0.0,-29200.0,172304000.0,0.0,0.0,-172304000.0
24/08/2021,4472.4694728252,6010.0,-20.0,-0.00332779,4517.268833154,4554.601633428,4405.270432332,1336500.0,7984458000.0,0.0,0.0,1336500.0,7984458000.0,27200.0,0.0,0.0,-27200.0,163605000.0,0.0,0.0,-163605000.0
23/08/2021,4487.4025929348,6190.0,-180.0,-0.0291,4614.3341138664,4621.8006739212,4487.4025929348,1801900.0,10959015000.0,0.0,0.0,1801900.0,10959015000.0,61600.0,0.0,0.0,-61600.0,375229000.0,0.0,0.0,-375229000.0
20/08/2021,4621.8006739212,6280.0,-90.0,-0.01433121,4703.932834524,4733.7990747432,4487.4025929348,3066600.0,19166331000.0,0.0,0.0,3066600.0,19166331000.0,9900.0,-39000.0,0.0,29100.0,61692000.0,-245640000.0,0.0,183948000.0
19/08/2021,4688.9997144144,6300.0,-20.0,-0.0031746,4703.932834524,4726.3325146884,4688.9997144144,1533300.0,9654483000.0,0.0,0.0,1533300.0,9654483000.0,-27300.0,700.0,0.0,26600.0,-171671000.0,4396000.0,0.0,167275000.0
18/08/2021,4703.932834524,6340.0,-40.0,-0.00630915,4696.4662744692,4763.6653149624,4696.4662744692,1488900.0,9398477000.0,0.0,0.0,1488900.0,9398477000.0,80100.0,1500.0,0.0,-81600.0,505725000.0,9540000.0,0.0,-515265000.0
17/08/2021,4733.7990747432,6350.0,-10.0,-0.0015748,4778.598435072,4778.598435072,4681.5331543596,1744000.0,11050907000.0,0.0,0.0,1744000.0,11050907000.0,4700.0,-1500.0,0.0,-3200.0,28775000.0,-9510000.0,0.0,-19265000.0
16/08/2021,4741.265634798,6280.0,70.0,0.0111465,4703.932834524,4793.5315551816,4688.9997144144,2287700.0,14519730000.0,0.0,0.0,2287700.0,14519730000.0,-16400.0,-11000.0,0.0,27400.0,-105242000.0,-69531000.0,0.0,174773000.0
13/08/2021,4688.9997144144,6350.0,-70.0,-0.01102362,4748.7321948528,4756.1987549076,4629.267233976,1989200.0,12509327000.0,0.0,0.0,1989200.0,12509327000.0,-275500.0,0.0,0.0,275500.0,-1720864000.0,0.0,0.0,1720864000.0
12/08/2021,4741.265634798,6330.0,20.0,0.00315956,4726.3325146884,4838.3309155104,4681.5331543596,1890300.0,12023806000.0,0.0,0.0,1890300.0,12023806000.0,5800.0,-25500.0,0.0,19700.0,37722000.0,-162560000.0,0.0,124838000.0
11/08/2021,4726.3325146884,6260.0,70.0,0.01118211,4748.7321948528,4756.1987549076,4688.9997144144,1893300.0,11988574000.0,0.0,0.0,1893300.0,11988574000.0,-17800.0,700.0,0.0,17100.0,-113025000.0,4433000.0,0.0,108592000.0
10/08/2021,4674.0665943048,6180.0,80.0,0.01294498,4636.7337940308,4748.7321948528,4629.267233976,2029400.0,12713515000.0,0.0,0.0,2029400.0,12713515000.0,69400.0,-69900.0,-100.0,500.0,433717000.0,-436664000.0,-621000.0,2947000.0
09/08/2021,4614.3341138664,6190.0,-10.0,-0.00161551,4569.5347535376,4636.7337940308,4562.0681934828,1630200.0,10052813000.0,0.0,0.0,1630200.0,10052813000.0,-59200.0,-300.0,0.0,59500.0,-366136000.0,-1839000.0,0.0,367975000.0
06/08/2021,4621.8006739212,6240.0,-50.0,-0.00801282,4651.6669141404,4688.9997144144,4599.4009937568,2309500.0,14352379000.0,0.0,0.0,2309500.0,14352379000.0,-194300.0,600.0,0.0,193700.0,-1204509000.0,3716000.0,0.0,1200793000.0
05/08/2021,4659.1334741952,6090.0,150.0,0.02463054,4532.2019532636,4666.60003425,4517.268833154,1791000.0,11100078000.0,0.0,0.0,1791000.0,11100078000.0,-38400.0,-12100.0,0.0,50500.0,-237704000.0,-75643000.0,0.0,313347000.0
04/08/2021,4547.1350733732,5970.0,120.0,0.0201005,4479.93603288,4606.8675538116,4465.0029127704,2309100.0,13967585000.0,0.0,0.0,2309100.0,13967585000.0,2200.0,-37000.0,0.0,34800.0,13960000.0,-222370000.0,0.0,208410000.0
03/08/2021,4457.5363527156,5950.0,20.0,0.00336134,4442.603232606,4479.93603288,4435.1366725512,1452300.0,8666774000.0,0.0,0.0,1452300.0,8666774000.0,-78800.0,-9300.0,0.0,88100.0,-469552000.0,-55974000.0,0.0,525526000.0
02/08/2021,4442.603232606,5960.0,-10.0,-0.00167785,4442.603232606,4479.93603288,4420.2035524416,1280500.0,7622517000.0,0.0,0.0,1280500.0,7622517000.0,-10200.0,-30900.0,0.0,41100.0,-61693000.0,-183564000.0,0.0,245257000.0
30/07/2021,4450.0697926608,5960.0,0.0,0.0,4479.93603288,4509.8022730992,4427.6701124964,1837400.0,10950925000.0,0.0,0.0,1837400.0,10950925000.0,48700.0,-8200.0,0.0,-40500.0,290920000.0,-48978000.0,0.0,-241942000.0
29/07/2021,4450.0697926608,6000.0,-40.0,-0.00666667,4479.93603288,4539.6685133184,4435.1366725512,1479900.0,8868777000.0,0.0,0.0,1479900.0,8868777000.0,21100.0,-31000.0,0.0,9900.0,127403000.0,-186000000.0,0.0,58597000.0
28/07/2021,4479.93603288,5930.0,70.0,0.01180438,4427.6701124964,4509.8022730992,4427.6701124964,1161400.0,6953869000.0,0.0,0.0,1161400.0,6953869000.0,-4800.0,0.0,0.0,4800.0,-28186000.0,0.0,0.0,28186000.0
27/07/2021,4427.6701124964,5910.0,20.0,0.00338409,4457.5363527156,4547.1350733732,4427.6701124964,1216800.0,7290229000.0,0.0,0.0,1216800.0,7290229000.0,-23300.0,4400.0,-200.0,18900.0,-138687000.0,26293000.0,-1202000.0,112394000.0
26/07/2021,4412.7369923868,5900.0,10.0,0.00169492,4405.270432332,4465.0029127704,4330.604831784,724500.0,4246543000.0,0.0,0.0,724500.0,4246543000.0,-62200.0,-300.0,-300.0,62500.0,-362247000.0,-1785000.0,-1785000.0,364032000.0
23/07/2021,4405.270432332,5930.0,-30.0,-0.00505902,4427.6701124964,4479.93603288,4367.937632058,1359600.0,8084013000.0,0.0,0.0,1359600.0,8084013000.0,-78600.0,34700.0,0.0,43900.0,-467472000.0,206625000.0,0.0,260847000.0
22/07/2021,4427.6701124964,5800.0,130.0,0.02241379,4330.604831784,4479.93603288,4330.604831784,1424100.0,8408497000.0,0.0,0.0,1424100.0,8408497000.0,-51400.0,0.0,0.0,51400.0,-303048000.0,0.0,0.0,303048000.0
21/07/2021,4330.604831784,5800.0,0.0,0.0,4353.0045119484,4397.8038722772,4315.6717116744,593500.0,3464683000.0,0.0,0.0,593500.0,3464683000.0,-30700.0,0.0,0.0,30700.0,-178115000.0,0.0,0.0,178115000.0
20/07/2021,4330.604831784,5630.0,170.0,0.03019538,4203.6733108524,4353.0045119484,4181.273630688,1160000.0,6646367000.0,66000.0,345840000.0,1226000.0,6992207000.0,5900.0,-400.0,0.0,-5500.0,33051000.0,-2277000.0,0.0,-30774000.0
19/07/2021,4203.6733108524,6020.0,-390.0,-0.06478405,4263.4057912908,4412.7369923868,4181.273630688,1680100.0,9587493000.0,0.0,0.0,1680100.0,9587493000.0,12200.0,-10000.0,0.0,-2200.0,69817000.0,-57100000.0,0.0,-12717000.0
16/07/2021,4494.8691529896,6050.0,-30.0,-0.00495868,4524.7353932088,4591.934433702,4494.8691529896,1387700.0,8423555000.0,0.0,0.0,1387700.0,8423555000.0,57100.0,-6800.0,0.0,-50300.0,347169000.0,-41287000.0,0.0,-305882000.0
15/07/2021,4517.268833154,6000.0,50.0,0.00833333,4427.6701124964,4554.601633428,4427.6701124964,989700.0,5959096000.0,0.0,0.0,989700.0,5959096000.0,14200.0,100.0,0.0,-14300.0,84656000.0,609000.0,0.0,-85265000.0
14/07/2021,4479.93603288,6100.0,-100.0,-0.01639344,4539.6685133184,4614.3341138664,4367.937632058,1181200.0,7142317000.0,0.0,0.0,1181200.0,7142317000.0,59700.0,0.0,0.0,-59700.0,357940000.0,0.0,0.0,-357940000.0
13/07/2021,4554.601633428,5770.0,330.0,0.05719237,4405.270432332,4554.601633428,4293.27203151,2007800.0,11913620000.0,0.0,0.0,2007800.0,11913620000.0,-80000.0,17000.0,-200.0,63000.0,-470946000.0,100144000.0,-1158000.0,370802000.0
12/07/2021,4308.2051516196,6200.0,-430.0,-0.06935484,4629.267233976,4666.60003425,4308.2051516196,4106000.0,23899556000.0,0.0,0.0,4106000.0,23899556000.0,89300.0,0.0,0.0,-89300.0,514535000.0,0.0,0.0,-514535000.0
09/07/2021,4629.267233976,6500.0,-300.0,-0.04615385,4800.9981152364,4898.0633959488,4629.267233976,2344700.0,14937093000.0,0.0,0.0,2344700.0,14937093000.0,-34500.0,-4000.0,0.0,38500.0,-215374000.0,-25081000.0,0.0,240455000.0
08/07/2021,4853.26403562,6450.0,50.0,0.00775194,4860.7305956748,4987.6621166064,4786.0649951268,2044400.0,13335831000.0,0.0,0.0,2044400.0,13335831000.0,96800.0,10000.0,0.0,-106800.0,635169000.0,65000000.0,0.0,-700169000.0
07/07/2021,4815.931235346,6650.0,-200.0,-0.03007519,4965.262436442,5039.92803699,4711.3993945788,2841500.0,18505887000.0,0.0,0.0,2841500.0,18505887000.0,64300.0,0.0,0.0,-64300.0,422464000.0,0.0,0.0,-422464000.0
06/07/2021,4965.262436442,6870.0,-220.0,-0.03202329,5129.5267576476,5189.259238086,4965.262436442,2393500.0,16332747000.0,0.0,0.0,2393500.0,16332747000.0,101200.0,1500.0,0.0,-102700.0,692747000.0,10260000.0,0.0,-703007000.0
05/07/2021,5129.5267576476,7060.0,-190.0,-0.0269,5271.3913986888,5271.3913986888,5114.593637538,2361300.0,16350183000.0,0.0,0.0,2361300.0,16350183000.0,173600.0,1800.0,0.0,-175400.0,1201789000.0,12554000.0,0.0,-1214343000.0
02/07/2021,5271.3913986888,6960.0,100.0,0.01436782,5301.257638908,5375.923239456,5271.3913986888,4006800.0,28574038000.0,0.0,0.0,4006800.0,28574038000.0,-24000.0,13600.0,0.0,10400.0,-172750000.0,97042000.0,0.0,75708000.0
01/07/2021,5196.7257981408,6950.0,10.0,0.00143885,5211.6589182504,5219.1254783052,5077.260837264,2117200.0,14635019000.0,0.0,0.0,2117200.0,14635019000.0,-30900.0,5400.0,0.0,25500.0,-213799000.0,37359000.0,0.0,176440000.0
30/06/2021,5189.259238086,6960.0,-10.0,-0.0014,5196.7257981408,5323.6573190724,5144.4598777572,2647500.0,18472804000.0,0.0,0.0,2647500.0,18472804000.0,19000.0,5000.0,-200.0,-24000.0,134993000.0,34930000.0,-1404000.0,-169923000.0
29/06/2021,5196.7257981408,7050.0,-90.0,-0.0128,5263.924838634,5286.3245187984,5196.7257981408,2314100.0,16226219000.0,0.0,0.0,2314100.0,16226219000.0,103000.0,0.0,0.0,-103000.0,721430000.0,0.0,0.0,-721430000.0
28/06/2021,5263.924838634,7050.0,0.0,0.0,5293.7910788532,5301.257638908,5226.59203836,2418300.0,17000413000.0,0.0,0.0,2418300.0,17000413000.0,900.0,-100.0,-100.0,-800.0,6322000.0,-701000.0,-701000.0,-5621000.0
25/06/2021,5263.924838634,6960.0,90.0,0.01293103,5204.1923581956,5271.3913986888,5189.259238086,1975500.0,13843064000.0,14800000.0,110112000000.0,16775500.0,123955064000.0,3900.0,0.0,0.0,-3900.0,27275000.0,0.0,0.0,-27275000.0
24/06/2021,5196.7257981408,7030.0,-70.0,-0.00995733,5248.9917185244,5301.257638908,5174.3261179764,3244700.0,22784380000.0,0.0,0.0,3244700.0,22784380000.0,-1700.0,0.0,0.0,1700.0,-11949000.0,0.0,0.0,11949000.0
23/06/2021,5248.9917185244,7230.0,-200.0,-0.02766252,5375.923239456,5413.25603973,5234.0585984148,5639400.0,40024724000.0,0.0,0.0,5639400.0,40024724000.0,-102500.0,-6900.0,0.0,109400.0,-730379000.0,-49143000.0,0.0,779522000.0
22/06/2021,5398.3229196204,7500.0,-270.0,-0.036,5652.1859614836,5674.585641648,5375.923239456,6647900.0,48857932000.0,0.0,0.0,6647900.0,48857932000.0,84900.0,-15700.0,0.0,-69200.0,624138000.0,-113618000.0,0.0,-510520000.0
21/06/2021,5599.9200411,7440.0,60.0,0.00806452,5599.9200411,5868.7162030728,5599.9200411,5994000.0,46025970000.0,0.0,0.0,5994000.0,46025970000.0,19500.0,-5700.0,0.0,-13800.0,143564000.0,-42660000.0,0.0,-100904000.0
18/06/2021,5555.1206807712,6960.0,480.0,0.06896552,5263.924838634,5555.1206807712,5234.0585984148,11122000.0,81228717000.0,0.0,0.0,11122000.0,81228717000.0,5700.0,-7800.0,0.0,2100.0,41886000.0,-57329000.0,0.0,15443000.0
17/06/2021,5196.7257981408,6840.0,120.0,0.01754386,5077.260837264,5219.1254783052,5069.7942772092,2626300.0,18194525000.0,0.0,0.0,2626300.0,18194525000.0,-85600.0,1900.0,0.0,83700.0,-593899000.0,13046000.0,0.0,580853000.0
16/06/2021,5107.1270774832,6800.0,40.0,0.00588235,5136.9933177024,5151.926437812,5054.8611570996,1749900.0,11986527000.0,0.0,0.0,1749900.0,11986527000.0,-22100.0,2400.0,0.0,19700.0,-151461000.0,16508000.0,0.0,134953000.0
15/06/2021,5077.260837264,6750.0,50.0,0.00740741,5039.92803699,5144.4598777572,5039.92803699,2349400.0,15978662000.0,0.0,0.0,2349400.0,15978662000.0,-64000.0,-49400.0,0.0,113400.0,-433907000.0,-336032000.0,0.0,769939000.0
14/06/2021,5039.92803699,6780.0,-30.0,-0.00442478,5077.260837264,5211.6589182504,5032.4614769352,2410000.0,16506497000.0,0.0,0.0,2410000.0,16506497000.0,-116600.0,0.0,0.0,116600.0,-796293000.0,0.0,0.0,796293000.0
11/06/2021,5062.3277171544,6710.0,70.0,0.01043219,5010.0617967708,5114.593637538,5002.595236716,1436500.0,9725371000.0,0.0,0.0,1436500.0,9725371000.0,-101200.0,0.0,0.0,101200.0,-689184000.0,0.0,0.0,689184000.0
10/06/2021,5010.0617967708,6720.0,-10.0,-0.0014881,5039.92803699,5039.92803699,4965.262436442,2058700.0,13776918000.0,0.0,0.0,2058700.0,13776918000.0,200400.0,-37000.0,0.0,-163400.0,1343836000.0,-248732000.0,0.0,-1095104000.0
09/06/2021,5017.5283568256,6700.0,20.0,0.00298507,5077.260837264,5084.7273973188,4927.929636168,2577900.0,17276666000.0,0.0,0.0,2577900.0,17276666000.0,112400.0,-8800.0,0.0,-103600.0,751393000.0,-58818000.0,0.0,-692575000.0
08/06/2021,5002.595236716,6910.0,-210.0,-0.03039074,5159.3929978668,5226.59203836,5002.595236716,2592000.0,17825847000.0,0.0,0.0,2592000.0,17825847000.0,-82500.0,10400.0,0.0,72100.0,-564609000.0,71874000.0,0.0,492735000.0
07/06/2021,5159.3929978668,6930.0,-20.0,-0.002886,5196.7257981408,5271.3913986888,5151.926437812,2844000.0,19854758000.0,0.0,0.0,2844000.0,19854758000.0,-196200.0,0.0,0.0,196200.0,-1372313000.0,0.0,0.0,1372313000.0
04/06/2021,5174.3261179764,7020.0,-90.0,-0.01282051,5293.7910788532,5331.1238791272,5122.0601975928,4176500.0,29329410000.0,0.0,0.0,4176500.0,29329410000.0,152900.0,0.0,0.0,-152900.0,1065027000.0,0.0,0.0,-1065027000.0
03/06/2021,5241.5251584696,6800.0,220.0,0.03235294,5129.5267576476,5271.3913986888,5129.5267576476,3786900.0,26282002000.0,0.0,0.0,3786900.0,26282002000.0,-192400.0,8400.0,0.0,184000.0,-1330796000.0,58731000.0,0.0,1272065000.0
02/06/2021,5077.260837264,6660.0,140.0,0.02102102,4972.7289964968,5129.5267576476,4972.7289964968,1989300.0,13459586000.0,0.0,0.0,1989300.0,13459586000.0,-347900.0,-100.0,-100.0,348000.0,-2369875000.0,-680000.0,-680000.0,2370555000.0
01/06/2021,4972.7289964968,6660.0,0.0,0.0,5002.595236716,5010.0617967708,4935.3961962228,2476400.0,16472171000.0,0.0,0.0,2476400.0,16472171000.0,67800.0,1300.0,0.0,-69100.0,451406000.0,8617000.0,0.0,-460023000.0
31/05/2021,4972.7289964968,6900.0,-240.0,-0.03478261,5084.7273973188,5084.7273973188,4935.3961962228,4208700.0,28193167000.0,0.0,0.0,4208700.0,28193167000.0,146700.0,800.0,0.0,-147500.0,976648000.0,5360000.0,0.0,-982008000.0
28/05/2021,5151.926437812,6850.0,50.0,0.00729927,5226.59203836,5226.59203836,5122.0601975928,1714100.0,11831728000.0,0.0,0.0,1714100.0,11831728000.0,87300.0,-10000.0,0.0,-77300.0,602365000.0,-69000000.0,0.0,-533365000.0
27/05/2021,5114.593637538,6930.0,-80.0,-0.01154401,5226.59203836,5316.1907590176,5114.593637538,2417900.0,16939361000.0,0.0,0.0,2417900.0,16939361000.0,50000.0,4800.0,-200.0,-54800.0,352228000.0,32850000.0,-1400000.0,-385078000.0
26/05/2021,5174.3261179764,6850.0,80.0,0.01167883,5114.593637538,5331.1238791272,5077.260837264,4570800.0,31925455000.0,0.0,0.0,4570800.0,31925455000.0,-373400.0,-1000.0,0.0,374400.0,-2565084000.0,-7080000.0,0.0,2572164000.0
25/05/2021,5114.593637538,6820.0,30.0,0.00439883,5136.9933177024,5181.7926780312,5114.593637538,2182800.0,15044744000.0,0.0,0.0,2182800.0,15044744000.0,21400.0,-52500.0,0.0,31100.0,147844000.0,-362470000.0,0.0,214626000.0
24/05/2021,5092.1939573736,6710.0,110.0,0.01639344,5189.259238086,5196.7257981408,5092.1939573736,1814800.0,12499451000.0,0.0,0.0,1814800.0,12499451000.0,-10600.0,9000.0,0.0,1600.0,-73451000.0,62350000.0,0.0,11101000.0
21/05/2021,5010.0617967708,6700.0,10.0,0.00149254,4987.6621166064,5226.59203836,4935.3961962228,1961200.0,13363723000.0,0.0,0.0,1961200.0,13363723000.0,17500.0,0.0,0.0,-17500.0,119574000.0,0.0,0.0,-119574000.0
20/05/2021,5002.595236716,6880.0,-180.0,-0.02616279,5136.9933177024,5136.9933177024,5002.595236716,3233200.0,21822170000.0,0.0,0.0,3233200.0,21822170000.0,87400.0,300.0,0.0,-87700.0,590152000.0,2019000.0,0.0,-592171000.0
19/05/2021,5136.9933177024,6930.0,-50.0,-0.00721501,5174.3261179764,5226.59203836,5129.5267576476,1982100.0,13697903000.0,0.0,0.0,1982100.0,13697903000.0,23100.0,-4500.0,0.0,-18600.0,159575000.0,-31010000.0,0.0,-128565000.0
18/05/2021,5174.3261179764,7050.0,-120.0,-0.01702128,5263.924838634,5293.7910788532,5174.3261179764,2546700.0,17849576000.0,0.0,0.0,2546700.0,17849576000.0,103800.0,25500.0,0.0,-129300.0,726724000.0,177990000.0,0.0,-904714000.0
17/05/2021,5263.924838634,7060.0,-10.0,-0.00141643,5331.1238791272,5338.590439182,5263.924838634,3095600.0,21993700000.0,0.0,0.0,3095600.0,21993700000.0,54400.0,-15100.0,-100.0,-39300.0,385602000.0,-107314000.0,-714000.0,-278288000.0
14/05/2021,5271.3913986888,7050.0,10.0,0.00141844,5301.257638908,5353.5235592916,5256.4582785792,2517900.0,17820547000.0,0.0,0.0,2517900.0,17820547000.0,73500.0,-100.0,-100.0,-73400.0,518868000.0,-709000.0,-709000.0,-518159000.0
13/05/2021,5263.924838634,7200.0,-150.0,-0.02083333,5346.0569992368,5398.3229196204,5263.924838634,2376700.0,16984420000.0,0.0,0.0,2376700.0,16984420000.0,112300.0,-40300.0,-300.0,-72000.0,798402000.0,-284154000.0,-2154000.0,-514248000.0
12/05/2021,5375.923239456,7050.0,150.0,0.0212766,5263.924838634,5405.7894796752,5256.4582785792,4184400.0,30001567000.0,0.0,0.0,4184400.0,30001567000.0,69400.0,-50300.0,0.0,-19100.0,499919000.0,-363666000.0,0.0,-136253000.0
11/05/2021,5263.924838634,6680.0,370.0,0.05538922,5196.7257981408,5301.257638908,5077.260837264,4328800.0,30090953000.0,0.0,0.0,4328800.0,30090953000.0,-8900.0,-34000.0,0.0,42900.0,-66572000.0,-234750000.0,0.0,301322000.0
10/05/2021,4987.6621166064,6680.0,0.0,0.0,4987.6621166064,5039.92803699,4927.929636168,2246300.0,14965281000.0,0.0,0.0,2246300.0,14965281000.0,50000.0,-30000.0,0.0,-20000.0,332982000.0,-199970000.0,0.0,-133012000.0
07/05/2021,4987.6621166064,6800.0,-120.0,-0.01764706,5084.7273973188,5129.5267576476,4927.929636168,2922800.0,19650642000.0,0.0,0.0,2922800.0,19650642000.0,86100.0,-8000.0,0.0,-78100.0,575473000.0,-54930000.0,0.0,-520543000.0
06/05/2021,5077.260837264,6790.0,10.0,0.00147275,5151.926437812,5301.257638908,5077.260837264,2955600.0,20517777000.0,0.0,0.0,2955600.0,20517777000.0,60000.0,-30000.0,0.0,-30000.0,420651000.0,-208798000.0,0.0,-211853000.0
05/05/2021,5069.7942772092,6680.0,110.0,0.01646707,5039.92803699,5181.7926780312,5002.595236716,3163900.0,21508417000.0,0.0,0.0,3163900.0,21508417000.0,81100.0,-154000.0,0.0,72900.0,538822000.0,-1038403000.0,0.0,499581000.0
04/05/2021,4987.6621166064,6830.0,-150.0,-0.02196193,4860.7305956748,5039.92803699,4860.7305956748,2628100.0,17407873000.0,0.0,0.0,2628100.0,17407873000.0,2500.0,60000.0,0.0,-62500.0,16496000.0,396314000.0,0.0,-412810000.0
29/04/2021,5099.6605174284,6800.0,30.0,0.00441176,5151.926437812,5151.926437812,5077.260837264,2033100.0,13915784000.0,0.0,0.0,2033100.0,13915784000.0,40000.0,0.0,0.0,-40000.0,273738000.0,0.0,0.0,-273738000.0
28/04/2021,5077.260837264,6800.0,0.0,0.0,5047.3945970448,5189.259238086,4972.7289964968,1958700.0,13402290000.0,0.0,0.0,1958700.0,13402290000.0,-51700.0,-8800.0,0.0,60500.0,-355522000.0,-60132000.0,0.0,415654000.0
27/04/2021,5077.260837264,6800.0,0.0,0.0,5077.260837264,5144.4598777572,4987.6621166064,1460800.0,9919764000.0,0.0,0.0,1460800.0,9919764000.0,-108600.0,-200.0,-200.0,108800.0,-738933000.0,-198000.0,-1350000.0,739131000.0
26/04/2021,5077.260837264,6970.0,-170.0,-0.02439024,5226.59203836,5263.924838634,5039.92803699,3267800.0,22643813000.0,0.0,0.0,3267800.0,22643813000.0,173100.0,-36000.0,0.0,-137100.0,1200479000.0,-251000000.0,0.0,-949479000.0
23/04/2021,5204.1923581956,6800.0,170.0,0.025,5002.595236716,5331.1238791272,4980.1955565516,3973600.0,27412134000.0,0.0,0.0,3973600.0,27412134000.0,-252200.0,4900.0,-100.0,247300.0,-1754059000.0,34806000.0,-694000.0,1719253000.0
22/04/2021,5077.260837264,7200.0,-400.0,-0.0556,5301.257638908,5368.4566794012,5077.260837264,4382400.0,30792742000.0,0.0,0.0,4382400.0,30792742000.0,100100.0,3000.0,0.0,-103100.0,712183000.0,20593000.0,0.0,-732776000.0
20/04/2021,5375.923239456,7330.0,-130.0,-0.01773533,5472.9885201684,5584.9869209904,5338.590439182,4591300.0,33502236000.0,0.0,0.0,4591300.0,33502236000.0,106200.0,0.0,0.0,-106200.0,776463000.0,0.0,0.0,-776463000.0
19/04/2021,5472.9885201684,7440.0,-110.0,-0.01478495,5525.254440552,5547.6541207164,5338.590439182,3597900.0,26273569000.0,0.0,0.0,3597900.0,26273569000.0,245100.0,-33500.0,0.0,-211600.0,1787914000.0,-242710000.0,0.0,-1545204000.0
16/04/2021,5555.1206807712,7770.0,-330.0,-0.04247104,5749.251242196,5816.4502826892,5450.588840004,6793100.0,51313569000.0,0.0,0.0,6793100.0,51313569000.0,95900.0,-4600.0,0.0,-91300.0,728449000.0,-33690000.0,0.0,-694759000.0
15/04/2021,5801.5171625796,7820.0,-50.0,-0.00639386,5831.3834027988,5891.1158832372,5779.1174824152,8075500.0,63028848000.0,0.0,0.0,8075500.0,63028848000.0,-438300.0,-3000.0,-100.0,441300.0,-3435140000.0,-23368000.0,-779000.0,3458508000.0
14/04/2021,5838.8499628536,7790.0,30.0,0.00385109,5756.7178022508,5891.1158832372,5711.918441922,6544500.0,50726853000.0,0.0,0.0,6544500.0,50726853000.0,52600.0,-1100.0,-200.0,-51500.0,385445000.0,-7395000.0,-1546000.0,-378050000.0
13/04/2021,5816.4502826892,8080.0,-290.0,-0.03589109,6047.913644388,6107.6461248264,5794.0506025248,7496900.0,59654869000.0,0.0,0.0,7496900.0,59654869000.0,-50800.0,-62000.0,0.0,112800.0,-422282000.0,-481199000.0,0.0,903481000.0
12/04/2021,6032.9805242784,7740.0,340.0,0.04392765,5808.9837226344,6122.579244936,5756.7178022508,9676900.0,76619496000.0,0.0,0.0,9676900.0,76619496000.0,-228200.0,8600.0,0.0,219600.0,-1826059000.0,66926000.0,0.0,1759133000.0
09/04/2021,5779.1174824152,7800.0,-60.0,-0.00769231,5808.9837226344,5816.4502826892,5734.3181220864,5724700.0,44182445000.0,0.0,0.0,5724700.0,44182445000.0,132400.0,18300.0,0.0,-150700.0,1022516000.0,141934000.0,0.0,-1164450000.0
08/04/2021,5823.916842744,7800.0,0.0,0.0,5965.7814837852,5965.7814837852,5794.0506025248,4570000.0,35939036000.0,0.0,0.0,4570000.0,35939036000.0,160500.0,55000.0,0.0,-215500.0,1240220000.0,439000000.0,0.0,-1679220000.0
07/04/2021,5823.916842744,7650.0,150.0,0.01960784,5786.58404247,5898.582443292,5764.1843623056,5660100.0,44117204000.0,0.0,0.0,5660100.0,44117204000.0,-252500.0,-47400.0,0.0,299900.0,-1972835000.0,-367806000.0,0.0,2340641000.0
06/04/2021,5711.918441922,7700.0,-50.0,-0.00649351,5741.7846821412,5846.3165229084,5682.0522017028,8999000.0,69379800000.0,0.0,0.0,8999000.0,69379800000.0,-333700.0,4500.0,0.0,329200.0,-2577982000.0,34342000.0,0.0,2543640000.0
05/04/2021,5749.251242196,7910.0,-210.0,-0.02654867,5861.249643018,5883.6493231824,5696.9853218124,8313000.0,64466677000.0,0.0,0.0,8313000.0,64466677000.0,-349600.0,351300.0,-100.0,-1700.0,-2724558000.0,2736707000.0,-781000.0,-12149000.0
02/04/2021,5906.0490033468,7720.0,190.0,0.0246114,6167.3786052648,6167.3786052648,5898.582443292,10771600.0,87418751000.0,0.0,0.0,10771600.0,87418751000.0,315100.0,31500.0,0.0,-346600.0,2601047000.0,260173000.0,0.0,-2861220000.0
01/04/2021,5764.1843623056,7220.0,500.0,0.06925208,5644.7194014288,5764.1843623056,5644.7194014288,8833200.0,67911951000.0,0.0,0.0,8833200.0,67911951000.0,28300.0,-200.0,-200.0,-28100.0,219064000.0,-1606000.0,-1544000.0,-217458000.0
31/03/2021,5390.8563595656,6750.0,470.0,0.06962963,5114.593637538,5390.8563595656,5077.260837264,12868000.0,91804597000.0,0.0,0.0,12868000.0,91804597000.0,-126400.0,63600.0,0.0,62800.0,-902709000.0,460028000.0,0.0,442681000.0
30/03/2021,5039.92803699,6690.0,60.0,0.00896861,5039.92803699,5077.260837264,5002.595236716,4189200.0,28252851000.0,0.0,0.0,4189200.0,28252851000.0,-71500.0,-2500.0,0.0,74000.0,-483459000.0,-16899000.0,0.0,500358000.0
29/03/2021,4995.1286766612,6450.0,240.0,0.0372093,4838.3309155104,4995.1286766612,4838.3309155104,4248700.0,27991282000.0,0.0,0.0,4248700.0,27991282000.0,-78800.0,-2800.0,-1200.0,81600.0,-520150000.0,-18548000.0,-7916000.0,538698000.0
26/03/2021,4815.931235346,6560.0,-110.0,-0.01676829,4853.26403562,4898.0633959488,4569.5347535376,3241800.0,20571106000.0,0.0,0.0,3241800.0,20571106000.0,101100.0,7200.0,0.0,-108300.0,645012000.0,44852000.0,0.0,-689864000.0
25/03/2021,4898.0633959488,6500.0,60.0,0.00923077,4927.929636168,4972.7289964968,4853.26403562,3759900.0,24695934000.0,0.0,0.0,3759900.0,24695934000.0,151700.0,16200.0,0.0,-167900.0,998622000.0,106356000.0,0.0,-1104978000.0
24/03/2021,4853.26403562,6690.0,-190.0,-0.0284006,4942.8627562776,4972.7289964968,4778.598435072,4042200.0,26573016000.0,0.0,0.0,4042200.0,26573016000.0,247100.0,-39700.0,-200.0,-207400.0,1623885000.0,-257255000.0,-1305000.0,-1366630000.0
23/03/2021,4995.1286766612,6730.0,-40.0,-0.00594354,5024.9949168804,5122.0601975928,4987.6621166064,4121400.0,27918056000.0,0.0,0.0,4121400.0,27918056000.0,87400.0,-500.0,0.0,-86900.0,587275000.0,-3387000.0,0.0,-583888000.0
22/03/2021,5024.9949168804,6730.0,0.0,0.0,5024.9949168804,5136.9933177024,5024.9949168804,2905000.0,19681234000.0,0.0,0.0,2905000.0,19681234000.0,34800.0,0.0,0.0,-34800.0,235255000.0,0.0,0.0,-235255000.0
19/03/2021,5024.9949168804,6740.0,-10.0,-0.00148368,5024.9949168804,5062.3277171544,4935.3961962228,3355100.0,22539539000.0,0.0,0.0,3355100.0,22539539000.0,102900.0,-51000.0,0.0,-51900.0,689468000.0,-340742000.0,0.0,-348726000.0
18/03/2021,5032.4614769352,6710.0,30.0,0.00447094,5039.92803699,5107.1270774832,4980.1955565516,3937600.0,26577878000.0,0.0,0.0,3937600.0,26577878000.0,47800.0,33000.0,-100.0,-80800.0,322223000.0,222630000.0,-674000.0,-544853000.0
17/03/2021,5010.0617967708,6860.0,-150.0,-0.02186589,5144.4598777572,5196.7257981408,5010.0617967708,5234400.0,35845379000.0,0.0,0.0,5234400.0,35845379000.0,231000.0,2600.0,0.0,-233600.0,1586139000.0,17678000.0,0.0,-1603817000.0
16/03/2021,5122.0601975928,6790.0,70.0,0.01030928,5226.59203836,5248.9917185244,5122.0601975928,8319900.0,57734840000.0,0.0,0.0,8319900.0,57734840000.0,82600.0,1500.0,0.0,-84100.0,570237000.0,6930000.0,0.0,-577167000.0
15/03/2021,5069.7942772092,6740.0,50.0,0.0074184,5114.593637538,5159.3929978668,5039.92803699,4756200.0,32549204000.0,50000.0,334500000.0,4806200.0,32883704000.0,33800.0,-7900.0,0.0,-25900.0,230927000.0,-54019000.0,0.0,-176908000.0
12/03/2021,5032.4614769352,6510.0,230.0,0.03533026,4920.4630761132,5077.260837264,4868.1971557296,5278600.0,34913626000.0,0.0,0.0,5278600.0,34913626000.0,33000.0,-600.0,0.0,-32400.0,215760000.0,-3980000.0,0.0,-211780000.0
11/03/2021,4860.7305956748,6460.0,50.0,0.00773994,4890.596835894,4920.4630761132,4845.7974755652,4564900.0,29802818000.0,0.0,0.0,4564900.0,29802818000.0,125500.0,-88000.0,0.0,-37500.0,818841000.0,-574140000.0,0.0,-244701000.0
10/03/2021,4823.3977954008,6370.0,90.0,0.01412873,4778.598435072,4890.596835894,4741.265634798,4568900.0,29352152000.0,0.0,0.0,4568900.0,29352152000.0,-85200.0,-200.0,-200.0,85400.0,-548605000.0,-1280000.0,-1280000.0,549885000.0
09/03/2021,4756.1987549076,6430.0,-60.0,-0.00933126,4800.9981152364,4890.596835894,4741.265634798,4154900.0,26732743000.0,0.0,0.0,4154900.0,26732743000.0,67200.0,-85300.0,0.0,18100.0,427783000.0,-547344000.0,0.0,119561000.0
08/03/2021,4800.9981152364,6460.0,-30.0,-0.00464396,4898.0633959488,4942.8627562776,4793.5315551816,5035800.0,32743694000.0,0.0,0.0,5035800.0,32743694000.0,360300.0,-154600.0,-100.0,-205700.0,2333591000.0,-997973000.0,-647000.0,-1335618000.0
05/03/2021,4823.3977954008,6120.0,340.0,0.05555556,4599.4009937568,4845.7974755652,4591.934433702,3452800.0,21749664000.0,0.0,0.0,3452800.0,21749664000.0,43000.0,-7100.0,0.0,-35900.0,264047000.0,-44757000.0,0.0,-219290000.0
04/03/2021,4569.5347535376,6290.0,-170.0,-0.02702703,4778.598435072,4927.929636168,4569.5347535376,5659400.0,36228067000.0,0.0,0.0,5659400.0,36228067000.0,1195700.0,-802600.0,-500.0,-393100.0,7647709000.0,-5165947000.0,-3215000.0,-2481762000.0
03/03/2021,4696.4662744692,6140.0,150.0,0.02442997,4569.5347535376,4718.8659546336,4547.1350733732,6262300.0,38579637000.0,0.0,0.0,6262300.0,38579637000.0,2596800.0,-1453900.0,-100.0,-1142900.0,15932816000.0,-8898925000.0,-615000.0,-7033891000.0
02/03/2021,4584.4678736472,6110.0,30.0,0.00490998,4651.6669141404,4651.6669141404,4539.6685133184,3757200.0,23028716000.0,0.0,0.0,3757200.0,23028716000.0,1385200.0,-569000.0,0.0,-816200.0,8476064000.0,-3478011000.0,0.0,-4998053000.0
01/03/2021,4562.0681934828,6090.0,20.0,0.00328407,4554.601633428,4659.1334741952,4554.601633428,2818000.0,17414113000.0,0.0,0.0,2818000.0,17414113000.0,333800.0,-317700.0,0.0,-16100.0,2061019000.0,-1961372000.0,0.0,-99647000.0
26/02/2021,4547.1350733732,6060.0,30.0,0.0049505,4442.603232606,4547.1350733732,4442.603232606,2862600.0,17223782000.0,0.0,0.0,2862600.0,17223782000.0,-363500.0,361200.0,0.0,2300.0,-2192464000.0,2178456000.0,0.0,14008000.0
25/02/2021,4524.7353932088,6000.0,60.0,0.01,4591.934433702,4614.3341138664,4479.93603288,2884700.0,17504711000.0,0.0,0.0,2884700.0,17504711000.0,33000.0,20300.0,0.0,-53300.0,201552000.0,120596000.0,0.0,-322148000.0
24/02/2021,4479.93603288,6210.0,-210.0,-0.03381643,4703.932834524,4711.3993945788,4442.603232606,3608100.0,22248725000.0,0.0,0.0,3608100.0,22248725000.0,245000.0,-96100.0,0.0,-148900.0,1516072000.0,-600784000.0,0.0,-915288000.0
23/02/2021,4636.7337940308,6140.0,70.0,0.01140065,4599.4009937568,4726.3325146884,4562.0681934828,3202100.0,19852148000.0,0.0,0.0,3202100.0,19852148000.0,41100.0,-94200.0,0.0,53100.0,249342000.0,-579129000.0,0.0,329787000.0
22/02/2021,4584.4678736472,6220.0,-80.0,-0.01286174,4659.1334741952,4696.4662744692,4562.0681934828,2916500.0,18155061000.0,0.0,0.0,2916500.0,18155061000.0,95300.0,70000.0,0.0,-165300.0,591399000.0,436900000.0,0.0,-1028299000.0
19/02/2021,4644.2003540856,6320.0,-100.0,-0.01582278,4629.267233976,4808.4646752912,4599.4009937568,2519900.0,15836224000.0,0.0,0.0,2519900.0,15836224000.0,99800.0,-1600.0,0.0,-98200.0,625188000.0,-10204000.0,0.0,-614984000.0
18/02/2021,4718.8659546336,6090.0,230.0,0.03776683,4554.601633428,4838.3309155104,4517.268833154,3931200.0,24576491000.0,0.0,0.0,3931200.0,24576491000.0,252100.0,-1100.0,-100.0,-251000.0,1578904000.0,-6968000.0,-628000.0,-1571936000.0
17/02/2021,4547.1350733732,5700.0,390.0,0.06842105,4323.1382717292,4547.1350733732,4285.8054714552,2948200.0,17367822000.0,0.0,0.0,2948200.0,17367822000.0,-24500.0,-8700.0,0.0,33200.0,-138441000.0,-51998000.0,0.0,190439000.0
09/02/2021,4255.939231236,5400.0,300.0,0.0556,4031.942429592,4255.939231236,4031.942429592,1987500.0,11051789000.0,0.0,0.0,1987500.0,11051789000.0,-4700.0,0.0,0.0,4700.0,-33624000.0,0.0,0.0,33624000.0
08/02/2021,4031.942429592,5750.0,-350.0,-0.06086957,4330.604831784,4360.4710720032,4031.942429592,3785300.0,21373572000.0,0.0,0.0,3785300.0,21373572000.0,306400.0,9400.0,-600.0,-315800.0,1705799000.0,54841000.0,-3459000.0,-1760640000.0
05/02/2021,4293.27203151,5590.0,160.0,0.02862254,4233.5395510716,4360.4710720032,4203.6733108524,2935900.0,16822952000.0,0.0,0.0,2935900.0,16822952000.0,15000.0,8700.0,-200.0,-23700.0,86474000.0,49828000.0,-1140000.0,-136302000.0
04/02/2021,4173.8070706332,5650.0,-60.0,-0.01061947,4241.0061111264,4323.1382717292,4106.60803014,2938000.0,16574370000.0,0.0,0.0,2938000.0,16574370000.0,340800.0,82700.0,-100.0,-423500.0,1915431000.0,468552000.0,-564000.0,-2383983000.0
03/02/2021,4218.606430962,5320.0,330.0,0.06203008,3972.2099491536,4233.5395510716,3949.8102689892,4167600.0,22767719000.0,0.0,0.0,4167600.0,22767719000.0,129600.0,126200.0,-400.0,-255800.0,723403000.0,679740000.0,-2152000.0,-1403143000.0
02/02/2021,3972.2099491536,5250.0,70.0,0.01333333,3882.611228496,3972.2099491536,3733.2800274,3503700.0,18025895000.0,0.0,0.0,3503700.0,18025895000.0,-141000.0,122200.0,0.0,18800.0,-741100000.0,631346000.0,0.0,109754000.0
01/02/2021,3919.94402877,5640.0,-390.0,-0.06914894,4211.1398709072,4293.27203151,3919.94402877,5081600.0,27244676000.0,0.0,0.0,5081600.0,27244676000.0,-128500.0,353000.0,0.0,-224500.0,-612358000.0,1856150000.0,0.0,-1243792000.0
29/01/2021,4211.1398709072,5560.0,80.0,0.01438849,3867.6781083864,4330.604831784,3867.6781083864,6843300.0,36953000000.0,0.0,0.0,6843300.0,36953000000.0,-260800.0,1000.0,0.0,259800.0,-1409649000.0,5180000.0,0.0,1404469000.0
28/01/2021,4151.4073904688,5970.0,-410.0,-0.06867672,4151.4073904688,4330.604831784,4151.4073904688,4508100.0,25121798000.0,0.0,0.0,4508100.0,25121798000.0,-329500.0,0.0,0.0,329500.0,-1850430000.0,0.0,0.0,1850430000.0
27/01/2021,4457.5363527156,6410.0,-440.0,-0.06864275,4674.0665943048,4815.931235346,4457.5363527156,6472200.0,39704490000.0,0.0,0.0,6472200.0,39704490000.0,-100400.0,31100.0,-200.0,69300.0,-614822000.0,188680000.0,-1242000.0,426142000.0
26/01/2021,4786.0649951268,6890.0,-480.0,-0.06966618,5166.8595579216,5174.3261179764,4786.0649951268,8121200.0,54243060000.0,0.0,0.0,8121200.0,54243060000.0,23700.0,2500.0,-100.0,-26200.0,137441000.0,16295000.0,-687000.0,-153736000.0
25/01/2021,5144.4598777572,6900.0,-10.0,-0.00144928,5144.4598777572,5308.7241989628,5077.260837264,5198800.0,36037879000.0,0.0,0.0,5198800.0,36037879000.0,162300.0,-31800.0,0.0,-130500.0,1109077000.0,-224508000.0,0.0,-884569000.0
22/01/2021,5151.926437812,7100.0,-200.0,-0.02816901,5263.924838634,5353.5235592916,5151.926437812,6142900.0,43225546000.0,0.0,0.0,6142900.0,43225546000.0,186000.0,-147500.0,-1100.0,-38500.0,1302165000.0,-1032919000.0,-7818000.0,-269246000.0
21/01/2021,5301.257638908,6820.0,280.0,0.04105572,5196.7257981408,5301.257638908,4972.7289964968,6351900.0,43873454000.0,0.0,0.0,6351900.0,43873454000.0,229400.0,5400.0,0.0,-234800.0,1567718000.0,35540000.0,0.0,-1603258000.0
20/01/2021,5092.1939573736,6970.0,-150.0,-0.0215208,5204.1923581956,5256.4582785792,4845.7974755652,5714700.0,38021570000.0,0.0,0.0,5714700.0,38021570000.0,396500.0,-191700.0,0.0,-204800.0,2561807000.0,-1236747000.0,0.0,-1325060000.0
19/01/2021,5204.1923581956,7480.0,-510.0,-0.06818182,5584.9869209904,5622.3197212644,5196.7257981408,7211900.0,51816691000.0,0.0,0.0,7211900.0,51816691000.0,-765000.0,513700.0,0.0,251300.0,-5521789000.0,3641720000.0,0.0,1880069000.0
18/01/2021,5584.9869209904,7030.0,450.0,0.06401138,5375.923239456,5614.8531612096,5301.257638908,7319900.0,53974426000.0,0.0,0.0,7319900.0,53974426000.0,-709500.0,-2000.0,0.0,711500.0,-5189270000.0,-16460000.0,0.0,5205730000.0
15/01/2021,5248.9917185244,6710.0,320.0,0.0477,5114.593637538,5278.8579587436,5039.92803699,4696900.0,32363358000.0,0.0,0.0,4696900.0,32363358000.0,-368400.0,9000.0,0.0,359400.0,-2560887000.0,63330000.0,0.0,2497557000.0
14/01/2021,5010.0617967708,6500.0,210.0,0.0323,4927.929636168,5069.7942772092,4875.6637157844,6675200.0,44554753000.0,0.0,0.0,6675200.0,44554753000.0,-431700.0,130000.0,0.0,301700.0,-2887220000.0,873300000.0,0.0,2013920000.0
13/01/2021,4853.26403562,6950.0,-450.0,-0.0647482,5226.59203836,5226.59203836,4853.26403562,7909300.0,53868305000.0,0.0,0.0,7909300.0,53868305000.0,198100.0,79000.0,0.0,-277100.0,1347405000.0,547298000.0,0.0,-1894703000.0
12/01/2021,5189.259238086,6800.0,150.0,0.02205882,5114.593637538,5204.1923581956,5039.92803699,6315700.0,43391763000.0,0.0,0.0,6315700.0,43391763000.0,-242400.0,-26500.0,-100.0,268900.0,-1682188000.0,-181319000.0,-693000.0,1863507000.0
11/01/2021,5077.260837264,6450.0,350.0,0.05426357,4912.9965160584,5122.0601975928,4853.26403562,8476300.0,56305688000.0,0.0,0.0,8476300.0,56305688000.0,-178700.0,-1000.0,0.0,179700.0,-1188374000.0,-6740000.0,0.0,1195114000.0
08/01/2021,4815.931235346,6290.0,160.0,0.0254372,4733.7990747432,4980.1955565516,4681.5331543596,6730600.0,43477437000.0,0.0,0.0,6730600.0,43477437000.0,-116500.0,3900.0,-100.0,112600.0,-769887000.0,24515000.0,-645000.0,745372000.0
07/01/2021,4696.4662744692,6260.0,30.0,0.0048,4733.7990747432,4778.598435072,4666.60003425,4737100.0,29790059000.0,0.0,0.0,4737100.0,29790059000.0,-169200.0,13400.0,0.0,155800.0,-1070099000.0,84490000.0,0.0,985609000.0
06/01/2021,4674.0665943048,6200.0,60.0,0.00967742,4629.267233976,4912.9965160584,4599.4009937568,7255400.0,46199833000.0,0.0,0.0,7255400.0,46199833000.0,-107800.0,20000.0,0.0,87800.0,-688065000.0,130010000.0,0.0,558055000.0
05/01/2021,4629.267233976,6230.0,-30.0,-0.00481541,4584.4678736472,4688.9997144144,4584.4678736472,5226800.0,32464205000.0,0.0,0.0,5226800.0,32464205000.0,-398300.0,117200.0,0.0,281100.0,-2472047000.0,722952000.0,0.0,1749095000.0
04/01/2021,4651.6669141404,6040.0,190.0,0.03145695,4584.4678736472,4778.598435072,4502.3357130444,5429100.0,33698389000.0,0.0,0.0,5429100.0,33698389000.0,-221200.0,51000.0,0.0,170200.0,-1367498000.0,318070000.0,0.0,1049428000.0
31/12/2020,4509.8022730992,6050.0,-10.0,-0.00165289,4517.268833154,4614.3341138664,4479.93603288,6141900.0,37354240000.0,0.0,0.0,6141900.0,37354240000.0,-324790.0,82140.0,-50.0,242650.0,-1982503400.0,497456600.0,-302000.0,1485046800.0
30/12/2020,4517.268833154,6180.0,-130.0,-0.0210356,4591.934433702,4718.8659546336,4494.8691529896,6562520.0,40580908600.0,0.0,0.0,6562520.0,40580908600.0,257300.0,382870.0,-10.0,-640170.0,1556166300.0,2393765000.0,-60300.0,-3949931300.0
29/12/2020,4614.3341138664,5810.0,370.0,0.0636833,4442.603232606,4636.7337940308,4405.270432332,14476670.0,89495108600.0,0.0,0.0,14476670.0,89495108600.0,-348570.0,63600.0,-20.0,284970.0,-2167560400.0,398672500.0,-124200.0,1768887900.0
28/12/2020,4338.0713918388,5430.0,380.0,0.06998158,4181.273630688,4338.0713918388,4173.8070706332,8761790.0,50604747600.0,0.0,0.0,8761790.0,50604747600.0,-124190.0,74000.0,0.0,50190.0,-713510600.0,430200000.0,0.0,283310600.0
25/12/2020,4054.3421097564,5310.0,120.0,0.02259887,3927.4105888248,4069.275229866,3875.1446684412,5586730.0,29922615300.0,0.0,0.0,5586730.0,29922615300.0,-474580.0,-1000.0,0.0,475580.0,-2553301400.0,-5430000.0,0.0,2558731400.0
24/12/2020,3964.7433890988,5400.0,-90.0,-0.01666667,4121.5411502496,4181.273630688,3807.945627948,5135230.0,27254099300.0,0.0,0.0,5135230.0,27254099300.0,163190.0,17570.0,0.0,-180760.0,831115700.0,92981000.0,0.0,-924096700.0
23/12/2020,4031.942429592,5260.0,140.0,0.02661597,3994.609629318,4196.2067507976,3957.276829044,9306220.0,51116392200.0,0.0,0.0,9306220.0,51116392200.0,199650.0,-75510.0,-4330.0,-124140.0,1075640400.0,-415928300.0,-23425300.0,-659712100.0
22/12/2020,3927.4105888248,5130.0,130.0,0.02534113,3807.945627948,3957.276829044,3793.0125078384,7333270.0,38091271600.0,0.0,0.0,7333270.0,38091271600.0,-105370.0,0.0,0.0,105370.0,-542447600.0,0.0,0.0,542447600.0
21/12/2020,3830.3453081124,5140.0,-10.0,-0.00194553,3852.7449882768,3934.8771488796,3770.612827674,4563300.0,23431808600.0,0.0,0.0,4563300.0,23431808600.0,47040.0,-140.0,-140.0,-46900.0,239838900.0,-715400.0,-715400.0,-239123500.0
18/12/2020,3837.8118681672,5140.0,0.0,0.0,3875.1446684412,3964.7433890988,3837.8118681672,5542600.0,28913542000.0,0.0,0.0,5542600.0,28913542000.0,52240.0,95880.0,0.0,-148120.0,270056800.0,497953700.0,0.0,-768010500.0
17/12/2020,3837.8118681672,4950.0,190.0,0.03838384,3703.4137871808,3875.1446684412,3681.0141070164,9357070.0,47221408300.0,0.0,0.0,9357070.0,47221408300.0,-142730.0,127880.0,0.0,14850.0,-706284800.0,633863600.0,0.0,72421200.0
16/12/2020,3695.947227126,4900.0,50.0,0.01020408,3673.5475469616,3718.3469072904,3658.614426852,5073270.0,25080366200.0,0.0,0.0,5073270.0,25080366200.0,-44820.0,59060.0,0.0,-14240.0,-221428500.0,291740000.0,0.0,-70311500.0
15/12/2020,3658.614426852,4920.0,-20.0,-0.00406504,3658.614426852,3710.8803472356,3598.8819464136,3937100.0,19355957300.0,0.0,0.0,3937100.0,19355957300.0,66070.0,0.0,0.0,-66070.0,324376500.0,0.0,0.0,-324376500.0
14/12/2020,3673.5475469616,4800.0,120.0,0.025,3621.281626578,3673.5475469616,3576.4822662492,4403450.0,21229402500.0,0.0,0.0,4403450.0,21229402500.0,-42890.0,82540.0,0.0,-39650.0,-207291500.0,396796800.0,0.0,-189505300.0
11/12/2020,3583.948826304,4790.0,10.0,0.00208768,3606.3485064684,3606.3485064684,3546.61602603,2143230.0,10252296200.0,0.0,0.0,2143230.0,10252296200.0,-1390.0,4180.0,0.0,-2790.0,-7449800.0,19980400.0,0.0,-12530600.0
10/12/2020,3576.4822662492,4930.0,-140.0,-0.02839757,3681.0141070164,3703.4137871808,3569.0157061944,3692650.0,17919873600.0,0.0,0.0,3692650.0,17919873600.0,164970.0,20000.0,0.0,-184970.0,796183500.0,98000000.0,0.0,-894183500.0
09/12/2020,3681.0141070164,4880.0,50.0,0.0102459,3658.614426852,3695.947227126,3643.6813067424,1796440.0,8814034100.0,0.0,0.0,1796440.0,8814034100.0,-87800.0,0.0,0.0,87800.0,-431407700.0,0.0,0.0,431407700.0
08/12/2020,3643.6813067424,5000.0,-120.0,-0.024,3733.2800274,3733.2800274,3643.6813067424,3634690.0,17935246800.0,0.0,0.0,3634690.0,17935246800.0,423000.0,75000.0,0.0,-498000.0,2094490700.0,368950000.0,0.0,-2463440700.0
07/12/2020,3733.2800274,4860.0,140.0,0.02880658,3621.281626578,3778.0793877288,3621.281626578,4401330.0,21866046900.0,0.0,0.0,4401330.0,21866046900.0,-487810.0,0.0,0.0,487810.0,-2421241600.0,0.0,0.0,2421241600.0
04/12/2020,3628.7481866328,4900.0,-40.0,-0.00816327,3651.1478667972,3688.4806670712,3628.7481866328,1906850.0,9324187900.0,450000.0,2218500000.0,2356850.0,11542687900.0,-7520.0,-2600.0,0.0,10120.0,-36765200.0,-12714000.0,0.0,49479200.0
03/12/2020,3658.614426852,4800.0,100.0,0.02083333,3621.281626578,3673.5475469616,3576.4822662492,2442380.0,11849399600.0,97570.0,436137900.0,2539950.0,12285537500.0,-263680.0,20000.0,0.0,243680.0,-1279633000.0,96200000.0,0.0,1183433000.0
02/12/2020,3583.948826304,4870.0,-70.0,-0.01437372,3636.2147466876,3636.2147466876,3583.948826304,1834480.0,8845862200.0,0.0,0.0,1834480.0,8845862200.0,-29360.0,18410.0,-90.0,10950.0,-142173800.0,89107100.0,-432900.0,53066700.0
01/12/2020,3636.2147466876,4880.0,-10.0,-0.00204918,3509.283225756,3636.2147466876,3509.283225756,2738480.0,13046863100.0,0.0,0.0,2738480.0,13046863100.0,-54220.0,300.0,0.0,53920.0,-259005500.0,1440000.0,0.0,257565500.0
30/11/2020,3643.6813067424,4990.0,-110.0,-0.02204409,3725.8134673452,3725.8134673452,3643.6813067424,2151430.0,10586495000.0,0.0,0.0,2151430.0,10586495000.0,-2040.0,0.0,0.0,2040.0,-10036700.0,0.0,0.0,10036700.0
27/11/2020,3725.8134673452,5000.0,-10.0,-0.002,3748.2131475096,3755.6797075644,3703.4137871808,1095900.0,5469095100.0,0.0,0.0,1095900.0,5469095100.0,-11740.0,0.0,0.0,11740.0,-58367400.0,0.0,0.0,58367400.0
26/11/2020,3733.2800274,4920.0,80.0,0.01626016,3658.614426852,3778.0793877288,3628.7481866328,2256580.0,11166754700.0,0.0,0.0,2256580.0,11166754700.0,41400.0,-30000.0,0.0,-11400.0,202390400.0,-147400000.0,0.0,-54990400.0
25/11/2020,3673.5475469616,4950.0,-30.0,-0.00606061,3695.947227126,3725.8134673452,3666.0809869068,2693940.0,13272530400.0,0.0,0.0,2693940.0,13272530400.0,34700.0,-140000.0,0.0,105300.0,169637900.0,-690500000.0,0.0,520862100.0
24/11/2020,3695.947227126,5020.0,-70.0,-0.01394422,3755.6797075644,3755.6797075644,3643.6813067424,2809360.0,13869022100.0,0.0,0.0,2809360.0,13869022100.0,-4870.0,-52780.0,0.0,57650.0,-25354700.0,-258833900.0,0.0,284188600.0
23/11/2020,3748.2131475096,5130.0,-110.0,-0.0214425,3845.278428222,3852.7449882768,3740.7465874548,2802370.0,14200596100.0,0.0,0.0,2802370.0,14200596100.0,97490.0,-75000.0,0.0,-22490.0,490524500.0,-376650000.0,0.0,-113874500.0
20/11/2020,3830.3453081124,4900.0,230.0,0.04693878,3658.614426852,3860.2115483316,3651.1478667972,5315770.0,26800249200.0,0.0,0.0,5315770.0,26800249200.0,19730.0,1800.0,0.0,-21530.0,94593200.0,9270000.0,0.0,-103863200.0
19/11/2020,3658.614426852,4740.0,160.0,0.03375527,3539.1494659752,3673.5475469616,3539.1494659752,4435380.0,21484391100.0,0.0,0.0,4435380.0,21484391100.0,-81700.0,30800.0,0.0,50900.0,-396313800.0,149080000.0,0.0,247233800.0
18/11/2020,3539.1494659752,4750.0,-10.0,-0.00210526,3546.61602603,3621.281626578,3531.6829059204,2789610.0,13269087600.0,0.0,0.0,2789610.0,13269087600.0,220080.0,-218000.0,0.0,-2080.0,1045459200.0,-1035711100.0,0.0,-9748100.0
17/11/2020,3546.61602603,4720.0,30.0,0.00635593,3509.283225756,3569.0157061944,3509.283225756,2748770.0,13016277900.0,0.0,0.0,2748770.0,13016277900.0,-50880.0,-27000.0,0.0,77880.0,-241751300.0,-128450000.0,0.0,370201300.0
16/11/2020,3524.2163458656,4770.0,-50.0,-0.01048218,3583.948826304,3598.8819464136,3509.283225756,2356100.0,11231770800.0,0.0,0.0,2356100.0,11231770800.0,428250.0,-431990.0,0.0,3740.0,2036421100.0,-2054775600.0,0.0,18354500.0
13/11/2020,3561.5491461396,4650.0,120.0,0.02580645,3486.8835455916,3598.8819464136,3464.4838654272,2707460.0,12846032500.0,0.0,0.0,2707460.0,12846032500.0,-97840.0,20000.0,0.0,77840.0,-465318300.0,96000000.0,0.0,369318300.0
12/11/2020,3471.950425482,4690.0,-40.0,-0.00852878,3531.6829059204,3531.6829059204,3449.5507453176,1658180.0,7735000000.0,0.0,0.0,1658180.0,7735000000.0,282080.0,-213510.0,0.0,-68570.0,1315580800.0,-996391800.0,0.0,-319189000.0
11/11/2020,3501.8166657012,4650.0,40.0,0.00860215,3471.950425482,3539.1494659752,3471.950425482,1057500.0,4954000000.0,0.0,0.0,1057500.0,4954000000.0,23720.0,-60090.0,0.0,36370.0,111748100.0,-282634800.0,0.0,170886700.0
10/11/2020,3471.950425482,4730.0,-80.0,-0.01691332,3583.948826304,3583.948826304,3471.950425482,2170960.0,10220865100.0,0.0,0.0,2170960.0,10220865100.0,351050.0,-351410.0,0.0,360.0,1644748500.0,-1647439100.0,0.0,2690600.0
09/11/2020,3531.6829059204,4740.0,-10.0,-0.0021097,3524.2163458656,3606.3485064684,3449.5507453176,3275540.0,15466077500.0,0.0,0.0,3275540.0,15466077500.0,492980.0,-422380.0,0.0,-70600.0,2331088700.0,-1997147500.0,0.0,-333941200.0
06/11/2020,3539.1494659752,4750.0,-10.0,-0.00210526,3546.61602603,3576.4822662492,3479.4169855368,1713010.0,8065295700.0,0.0,0.0,1713010.0,8065295700.0,472050.0,-220620.0,0.0,-251430.0,2217144900.0,-1035645500.0,0.0,-1181499400.0
05/11/2020,3546.61602603,4810.0,-60.0,-0.01247401,3591.4153863588,3636.2147466876,3546.61602603,3208980.0,15443008300.0,0.0,0.0,3208980.0,15443008300.0,94640.0,-158470.0,0.0,63830.0,453825200.0,-762270100.0,0.0,308444900.0
04/11/2020,3591.4153863588,4830.0,-20.0,-0.00414079,3628.7481866328,3651.1478667972,3569.0157061944,1303800.0,6299551600.0,0.0,0.0,1303800.0,6299551600.0,22530.0,-420.0,0.0,-22110.0,108124300.0,-2041200.0,0.0,-106083100.0
03/11/2020,3606.3485064684,4670.0,160.0,0.03426124,3531.6829059204,3621.281626578,3509.283225756,1365490.0,6513246600.0,0.0,0.0,1365490.0,6513246600.0,-216450.0,0.0,0.0,216450.0,-1028866200.0,0.0,0.0,1028866200.0
02/11/2020,3486.8835455916,4620.0,50.0,0.01082251,3471.950425482,3509.283225756,3434.617625208,1539230.0,7176182600.0,0.0,0.0,1539230.0,7176182600.0,-32100.0,-164670.0,4330.0,196770.0,-151578200.0,-765918900.0,20221100.0,917497100.0
30/10/2020,3449.5507453176,4630.0,-10.0,-0.00215983,3457.0173053724,3509.283225756,3397.284824934,1392050.0,6419538000.0,0.0,0.0,1392050.0,6419538000.0,135905.0,51330.0,-4090.0,-187330.0,625945400.0,235669700.0,-18895900.0,-861615100.0
29/10/2020,3457.0173053724,4600.0,30.0,0.00652174,3434.617625208,3554.0825860848,3389.8182648792,3298890.0,15255101300.0,0.0,0.0,3298890.0,15255101300.0,-748171.0,583380.0,0.0,164720.0,-3460547000.0,2695550400.0,0.0,764996600.0
28/10/2020,3434.617625208,4820.0,-220.0,-0.04564315,3569.0157061944,3621.281626578,3359.95202466,4178920.0,19638267500.0,0.0,0.0,4178920.0,19638267500.0,-538892.0,924080.0,0.0,-386240.0,-2542263300.0,4346956300.0,0.0,-1804693000.0
27/10/2020,3598.8819464136,4930.0,-110.0,-0.02231237,3681.0141070164,3718.3469072904,3598.8819464136,3544740.0,17312803500.0,0.0,0.0,3544740.0,17312803500.0,-734920.0,843500.0,0.0,-108580.0,-3592311500.0,4121535000.0,0.0,-529223500.0
26/10/2020,3681.0141070164,5020.0,-90.0,-0.01792829,3770.612827674,3793.0125078384,3681.0141070164,2709290.0,13596295400.0,0.0,0.0,2709290.0,13596295400.0,193064.0,-167130.0,0.0,-25860.0,964877500.0,-836573400.0,0.0,-128304100.0
23/10/2020,3748.2131475096,4960.0,60.0,0.01209677,3822.8787480576,3860.2115483316,3710.8803472356,3265650.0,16533339300.0,0.0,0.0,3265650.0,16533339300.0,517374.0,-590280.0,0.0,74240.0,2591204700.0,-2968370200.0,0.0,377165500.0
22/10/2020,3703.4137871808,5010.0,-50.0,-0.00998004,3733.2800274,3755.6797075644,3643.6813067424,3951750.0,19643413300.0,0.0,0.0,3951750.0,19643413300.0,-9753.0,-54920.0,0.0,64320.0,-46882400.0,-274718000.0,0.0,321600400.0
21/10/2020,3740.7465874548,5190.0,-180.0,-0.03468208,3912.4774687152,3912.4774687152,3733.2800274,3386670.0,17311121200.0,0.0,0.0,3386670.0,17311121200.0,152736.0,-195330.0,0.0,42830.0,782375900.0,-1000774400.0,0.0,218398500.0
20/10/2020,3875.1446684412,5150.0,40.0,0.00776699,3882.611228496,3964.7433890988,3852.7449882768,3098970.0,16205845800.0,0.0,0.0,3098970.0,16205845800.0,297310.0,-348600.0,0.0,51200.0,1550696900.0,-1821118100.0,0.0,270421200.0
19/10/2020,3845.278428222,5160.0,-10.0,-0.00193798,3860.2115483316,3919.94402877,3778.0793877288,2857090.0,14701701300.0,0.0,0.0,2857090.0,14701701300.0,183629.0,-205400.0,0.0,21620.0,947147900.0,-1059843000.0,0.0,112695100.0
16/10/2020,3852.7449882768,5150.0,10.0,0.00194175,3845.278428222,3897.5443486056,3807.945627948,2134450.0,11001042900.0,0.0,0.0,2134450.0,11001042900.0,-305663.0,220290.0,0.0,85410.0,-1573859200.0,1134908000.0,0.0,438951200.0
15/10/2020,3845.278428222,5300.0,-150.0,-0.02830189,3927.4105888248,3957.276829044,3830.3453081124,3855560.0,20100694200.0,0.0,0.0,3855560.0,20100694200.0,344993.0,-301940.0,0.0,-42860.0,1782987800.0,-1559714800.0,0.0,-223273000.0
14/10/2020,3957.276829044,5240.0,60.0,0.01145038,3957.276829044,4002.0761893728,3919.94402877,3900690.0,20694658700.0,0.0,0.0,3900690.0,20694658700.0,696051.0,-744000.0,0.0,47620.0,3688797900.0,-3941384100.0,0.0,252586200.0
13/10/2020,3912.4774687152,5180.0,60.0,0.01158301,3867.6781083864,3927.4105888248,3845.278428222,3388170.0,17627704400.0,0.0,0.0,3388170.0,17627704400.0,287691.0,-353500.0,0.0,65660.0,1485856800.0,-1830705000.0,0.0,344848200.0
12/10/2020,3867.6781083864,5320.0,-140.0,-0.02631579,4031.942429592,4069.275229866,3867.6781083864,6104690.0,32529398000.0,0.0,0.0,6104690.0,32529398000.0,724334.0,-661630.0,0.0,-65180.0,3875888400.0,-3535026900.0,0.0,-340861500.0
09/10/2020,3972.2099491536,5230.0,90.0,0.01720841,3905.0109086604,4054.3421097564,3875.1446684412,4319460.0,22897776700.0,0.0,0.0,4319460.0,22897776700.0,103530.0,-57360.0,0.0,-163980.0,541119200.0,-308308800.0,0.0,-867816400.0
08/10/2020,3905.0109086604,5350.0,-120.0,-0.02242991,3987.1430692632,4024.4758695372,3897.5443486056,4090490.0,21605901400.0,0.0,0.0,4090490.0,21605901400.0,-534180.0,615000.0,0.0,-157980.0,-2814794000.0,3240483300.0,0.0,-833924800.0
07/10/2020,3994.609629318,5220.0,130.0,0.02490421,3890.0777885508,4061.8086698112,3867.6781083864,7049370.0,37642242700.0,0.0,0.0,7049370.0,37642242700.0,-294770.0,148130.0,0.0,34200.0,-1595351800.0,796379400.0,0.0,195039400.0
06/10/2020,3897.5443486056,5030.0,190.0,0.03777336,3800.4790678932,3934.8771488796,3770.612827674,6545970.0,34040324000.0,31000.0,145080000.0,6576970.0,34185404000.0,-91150.0,-56000.0,0.0,16660.0,-485149300.0,-283038600.0,0.0,88172400.0
05/10/2020,3755.6797075644,4870.0,160.0,0.03285421,3733.2800274,3815.4121880028,3725.8134673452,5994190.0,30228798900.0,0.0,0.0,5994190.0,30228798900.0,-114340.0,160350.0,0.0,-212590.0,-581396000.0,806780500.0,0.0,-1065669900.0
02/10/2020,3636.2147466876,4950.0,-80.0,-0.01616162,3673.5475469616,3755.6797075644,3524.2163458656,4630240.0,22713043600.0,0.0,0.0,4630240.0,22713043600.0,-332690.0,473030.0,4080.0,-292790.0,-1608343700.0,2311186400.0,19869600.0,-1446540900.0
01/10/2020,3695.947227126,4910.0,40.0,0.00814664,3695.947227126,3755.6797075644,3688.4806670712,2495070.0,12432130600.0,0.0,0.0,2495070.0,12432130600.0,-348230.0,398400.0,-3600.0,-87550.0,-1741128200.0,1992660000.0,-17820000.0,-437838600.0
30/09/2020,3666.0809869068,4920.0,-10.0,-0.00203252,3673.5475469616,3703.4137871808,3621.281626578,1618820.0,7937015000.0,0.0,0.0,1618820.0,7937015000.0,-10680.0,-30000.0,0.0,20000.0,-53096600.0,-146800000.0,0.0,99178400.0
29/09/2020,3673.5475469616,4970.0,-50.0,-0.01006036,3778.0793877288,3822.8787480576,3673.5475469616,5476840.0,27577766800.0,0.0,0.0,5476840.0,27577766800.0,805790.0,61000.0,0.0,-960420.0,4076899700.0,300960000.0,0.0,-4848907800.0
28/09/2020,3710.8803472356,4800.0,170.0,0.03541667,3606.3485064684,3733.2800274,3576.4822662492,3234460.0,15854873500.0,0.0,0.0,3234460.0,15854873500.0,1770.0,22980.0,0.0,-44230.0,-14743600.0,127099800.0,0.0,-208523100.0
25/09/2020,3583.948826304,4780.0,20.0,0.0041841,3569.0157061944,3613.8150665232,3546.61602603,1855190.0,8892727400.0,0.0,0.0,1855190.0,8892727400.0,-87220.0,-120000.0,0.0,190970.0,-416363300.0,-575100000.0,0.0,913523700.0
24/09/2020,3569.0157061944,4820.0,-40.0,-0.00829876,3583.948826304,3606.3485064684,3569.0157061944,1679170.0,8060493600.0,0.0,0.0,1679170.0,8060493600.0,80830.0,-25980.0,0.0,-60830.0,388164400.0,-124483800.0,0.0,-292270000.0
23/09/2020,3598.8819464136,4810.0,10.0,0.002079,3621.281626578,3636.2147466876,3546.61602603,2220220.0,10705825100.0,0.0,0.0,2220220.0,10705825100.0,587910.0,-240000.0,0.0,-361910.0,2831307100.0,-1155200000.0,0.0,-1743768400.0
22/09/2020,3591.4153863588,4830.0,-20.0,-0.00414079,3606.3485064684,3621.281626578,3554.0825860848,2881060.0,13822135100.0,0.0,0.0,2881060.0,13822135100.0,-292120.0,275000.0,0.0,38400.0,-1403741600.0,1320440000.0,0.0,184809600.0
21/09/2020,3606.3485064684,4890.0,-60.0,-0.01226994,3673.5475469616,3688.4806670712,3606.3485064684,1903260.0,9265543100.0,0.0,0.0,1903260.0,9265543100.0,106280.0,-158000.0,0.0,54440.0,513081700.0,-767640000.0,0.0,268329500.0
18/09/2020,3651.1478667972,4900.0,-10.0,-0.00204082,3658.614426852,3703.4137871808,3621.281626578,1161250.0,5666907500.0,0.0,0.0,1161250.0,5666907500.0,226120.0,-241300.0,0.0,-16620.0,1101184300.0,-1175494000.0,0.0,-80934200.0
17/09/2020,3658.614426852,4770.0,130.0,0.02725367,3569.0157061944,3733.2800274,3539.1494659752,4601400.0,22527105900.0,0.0,0.0,4601400.0,22527105900.0,-112930.0,-14150.0,0.0,103080.0,-539461400.0,-69542000.0,0.0,490982800.0
16/09/2020,3561.5491461396,4750.0,20.0,0.00421053,3524.2163458656,3606.3485064684,3524.2163458656,1690970.0,8062745300.0,0.0,0.0,1690970.0,8062745300.0,-235730.0,160000.0,0.0,56830.0,-1125012100.0,763550000.0,0.0,271069700.0
15/09/2020,3546.61602603,4820.0,-70.0,-0.01452282,3613.8150665232,3643.6813067424,3531.6829059204,2609730.0,12501616900.0,0.0,0.0,2609730.0,12501616900.0,-1040.0,-65000.0,0.0,12190.0,-2380100.0,-311850000.0,0.0,58397500.0
14/09/2020,3598.8819464136,4770.0,50.0,0.01048218,3583.948826304,3651.1478667972,3576.4822662492,1890060.0,9148819600.0,0.0,0.0,1890060.0,9148819600.0,-28000.0,-21000.0,0.0,-51720.0,-136787800.0,-101410000.0,0.0,-251558500.0
11/09/2020,3561.5491461396,4680.0,90.0,0.01923077,3494.3501056464,3606.3485064684,3494.3501056464,2987620.0,14265345900.0,0.0,0.0,2987620.0,14265345900.0,5770.0,-224200.0,0.0,64030.0,33734100.0,-1074368000.0,0.0,305610300.0
10/09/2020,3494.3501056464,4600.0,80.0,0.0173913,3471.950425482,3569.0157061944,3449.5507453176,3547890.0,16735133100.0,0.0,0.0,3547890.0,16735133100.0,-294290.0,288300.0,0.0,-15820.0,-1385182900.0,1361739400.0,0.0,-79109700.0
09/09/2020,3434.617625208,4640.0,-40.0,-0.00862069,3419.6845050984,3457.0173053724,3404.7513849888,1865740.0,8575855400.0,0.0,0.0,1865740.0,8575855400.0,-49900.0,-29400.0,0.0,56830.0,-229147300.0,-135390000.0,0.0,261370600.0
08/09/2020,3464.4838654272,4550.0,90.0,0.01978022,3389.8182648792,3479.4169855368,3382.3517048244,2291890.0,10518111700.0,0.0,0.0,2291890.0,10518111700.0,-504940.0,0.0,0.0,406400.0,-2327578600.0,0.0,0.0,1870412600.0
07/09/2020,3397.284824934,4490.0,60.0,0.01336303,3359.95202466,3486.8835455916,3345.0189045504,3339850.0,15297942400.0,0.0,0.0,3339850.0,15297942400.0,-833370.0,281880.0,0.0,472430.0,-3794269400.0,1285024200.0,0.0,2149630800.0
04/09/2020,3352.4854646052,4590.0,-100.0,-0.02178649,3382.3517048244,3397.284824934,3322.619224386,2238510.0,10073154100.0,0.0,0.0,2238510.0,10073154100.0,-28270.0,270000.0,0.0,-52760.0,-127674800.0,1216500000.0,0.0,-236880400.0
03/09/2020,3427.1510651532,4590.0,0.0,0.0,3464.4838654272,3464.4838654272,3404.7513849888,2561360.0,11783925800.0,0.0,0.0,2561360.0,11783925800.0,246390.0,-22460.0,0.0,-248610.0,1134534100.0,-103480200.0,0.0,-1144980000.0
01/09/2020,3427.1510651532,4510.0,80.0,0.01773836,3359.95202466,3442.0841852628,3330.0857844408,2621800.0,11897588900.0,0.0,0.0,2621800.0,11897588900.0,-57410.0,-20400.0,3600.0,95680.0,-278179000.0,-90996000.0,16524000.0,448217800.0
31/08/2020,3367.4185847148,4620.0,-110.0,-0.02380952,3449.5507453176,3457.0173053724,3330.0857844408,3252160.0,14811793400.0,0.0,0.0,3252160.0,14811793400.0,-82970.0,82000.0,0.0,-8480.0,-378626800.0,373110000.0,0.0,-37070100.0
28/08/2020,3449.5507453176,4680.0,-60.0,-0.01282051,3494.3501056464,3569.0157061944,3434.617625208,3340570.0,15755543500.0,0.0,0.0,3340570.0,15755543500.0,-338660.0,309640.0,0.0,20290.0,-1599838600.0,1462260700.0,0.0,96381400.0
27/08/2020,3494.3501056464,4600.0,80.0,0.0173913,3434.617625208,3501.8166657012,3419.6845050984,2568180.0,11936302600.0,0.0,0.0,2568180.0,11936302600.0,-80720.0,23600.0,0.0,41130.0,-376460300.0,110143000.0,0.0,192446300.0
26/08/2020,3434.617625208,4400.0,200.0,0.04545455,3270.3533040024,3457.0173053724,3270.3533040024,4561650.0,20610874600.0,0.0,0.0,4561650.0,20610874600.0,-221670.0,200.0,0.0,162070.0,-1006076100.0,6008000.0,0.0,729059000.0
25/08/2020,3285.286424112,4510.0,-110.0,-0.02439024,3412.2179450436,3412.2179450436,3285.286424112,2775400.0,12396864800.0,0.0,0.0,2775400.0,12396864800.0,-250080.0,155000.0,0.0,-38460.0,-1120529100.0,696200000.0,0.0,-171325700.0
24/08/2020,3367.4185847148,4320.0,190.0,0.04398148,3262.8867439476,3389.8182648792,3255.4201838928,3963150.0,17570682700.0,0.0,0.0,3963150.0,17570682700.0,-414400.0,-2000.0,0.0,105340.0,-1835857300.0,-8920000.0,0.0,468460800.0
21/08/2020,3225.5539436736,4270.0,50.0,0.0117096,3203.1542635092,3247.953623838,3203.1542635092,2686480.0,11592155100.0,0.0,0.0,2686480.0,11592155100.0,-82790.0,9000.0,0.0,40490.0,-357949200.0,38890000.0,0.0,175502600.0
20/08/2020,3188.2211433996,4270.0,0.0,0.0,3188.2211433996,3262.8867439476,3180.7545833448,2741970.0,11827425200.0,0.0,0.0,2741970.0,11827425200.0,-43930.0,148000.0,0.0,-101990.0,-189510600.0,637420000.0,0.0,-438806500.0
19/08/2020,3188.2211433996,4300.0,-30.0,-0.00697674,3210.620823564,3233.0205037284,3173.28802329,1101980.0,4731029400.0,0.0,0.0,1101980.0,4731029400.0,-76190.0,102000.0,0.0,-19420.0,-328079700.0,439124500.0,0.0,-83490200.0
18/08/2020,3210.620823564,4260.0,40.0,0.00938967,3180.7545833448,3270.3533040024,3180.7545833448,2012070.0,8699578500.0,0.0,0.0,2012070.0,8699578500.0,-97240.0,24000.0,0.0,34550.0,-420402800.0,102960000.0,0.0,149532200.0
17/08/2020,3180.7545833448,4270.0,-10.0,-0.00234192,3158.3549031804,3195.6877034544,3143.4217830708,2230740.0,9472545500.0,0.0,0.0,2230740.0,9472545500.0,-571650.0,522350.0,0.0,21820.0,-2427139300.0,2217539000.0,0.0,92732700.0
14/08/2020,3188.2211433996,4300.0,-30.0,-0.00697674,3210.620823564,3225.5539436736,3135.955223016,2125980.0,9027300700.0,0.0,0.0,2125980.0,9027300700.0,-33080.0,202460.0,0.0,-20880.0,-146770300.0,860568000.0,0.0,-88005800.0
13/08/2020,3210.620823564,4220.0,80.0,0.01895735,3210.620823564,3233.0205037284,3150.8883431256,1370080.0,5865778600.0,0.0,0.0,1370080.0,5865778600.0,-135670.0,40330.0,0.0,126580.0,-580367500.0,171746700.0,0.0,544361200.0
12/08/2020,3150.8883431256,4300.0,-80.0,-0.01860465,3210.620823564,3240.4870637832,3135.955223016,2643570.0,11264946600.0,0.0,0.0,2643570.0,11264946600.0,-11510.0,0.0,0.0,-56010.0,-47254500.0,0.0,0.0,-239741300.0
11/08/2020,3210.620823564,4360.0,-60.0,-0.01376147,3277.8198640572,3285.286424112,3203.1542635092,2373600.0,10251548400.0,0.0,0.0,2373600.0,10251548400.0,-8540.0,-108800.0,0.0,-34130.0,-36896500.0,-469044100.0,0.0,-146277300.0
10/08/2020,3255.4201838928,4330.0,30.0,0.00692841,3277.8198640572,3322.619224386,3240.4870637832,2661150.0,11660348500.0,0.0,0.0,2661150.0,11660348500.0,-214150.0,-138270.0,0.0,352640.0,-942088500.0,-602841500.0,0.0,1545835200.0
07/08/2020,3233.0205037284,4330.0,0.0,0.0,3210.620823564,3345.0189045504,3210.620823564,2862080.0,12514399800.0,0.0,0.0,2862080.0,12514399800.0,264320.0,-283600.0,0.0,-47690.0,1133310600.0,-1221180500.0,0.0,-207243500.0
06/08/2020,3233.0205037284,4180.0,150.0,0.03588517,3106.0889827968,3315.1526643312,3091.1558626872,3884550.0,16577546700.0,0.0,0.0,3884550.0,16577546700.0,-884600.0,-2660.0,-10.0,372700.0,-3816093500.0,-11634300.0,-42300.0,1582288700.0
05/08/2020,3121.0221029064,4130.0,50.0,0.01210654,3061.289622468,3203.1542635092,3061.289622468,2921050.0,12269266900.0,0.0,0.0,2921050.0,12269266900.0,-364040.0,-314870.0,0.0,644590.0,-1536295100.0,-1325213900.0,0.0,2718045000.0
04/08/2020,3083.6893026324,4140.0,-10.0,-0.00241546,3210.620823564,3225.5539436736,3076.2227425776,3235730.0,13632921100.0,0.0,0.0,3235730.0,13632921100.0,-146160.0,-71110.0,0.0,-163050.0,-651200500.0,-305599300.0,0.0,-683479200.0
03/08/2020,3091.1558626872,3870.0,270.0,0.06976744,3091.1558626872,3091.1558626872,2986.62402192,5036130.0,20839093200.0,0.0,0.0,5036130.0,20839093200.0,653160.0,-846200.0,0.0,250440.0,2704313000.0,-3503268000.0,0.0,1036742800.0
31/07/2020,2889.5587412076,3620.0,250.0,0.06906077,2889.5587412076,2889.5587412076,2822.3597007144,1969680.0,7622467700.0,0.0,0.0,1969680.0,7622467700.0,-14170.0,0.0,0.0,1000.0,-54837900.0,0.0,0.0,3870000.0
30/07/2020,2702.8947398376,3530.0,90.0,0.02549575,2635.6956993444,2755.1606602212,2635.6956993444,1146460.0,4154634600.0,0.0,0.0,1146460.0,4154634600.0,-151130.0,124560.0,0.0,-36320.0,-547815900.0,450994700.0,0.0,-132425500.0
29/07/2020,2635.6956993444,3770.0,-240.0,-0.06366048,2695.4281797828,2762.627220276,2620.7625792348,2972470.0,10499698900.0,0.0,0.0,2972470.0,10499698900.0,-235710.0,267000.0,0.0,-48180.0,-834386600.0,945210000.0,0.0,-169991100.0
28/07/2020,2814.8931406596,3670.0,100.0,0.02724796,2740.2275401116,2837.292820824,2687.961619728,2169870.0,8070071000.0,0.0,0.0,2169870.0,8070071000.0,-173460.0,102800.0,0.0,68600.0,-637690800.0,375960000.0,0.0,254644300.0
27/07/2020,2740.2275401116,3940.0,-270.0,-0.06852792,2740.2275401116,2799.96002055,2740.2275401116,4440860.0,16348098100.0,0.0,0.0,4440860.0,16348098100.0,-803120.0,781600.0,0.0,63750.0,-2952640700.0,2872372000.0,0.0,236249800.0
24/07/2020,2941.8246615912,4230.0,-290.0,-0.06855792,3135.955223016,3135.955223016,2941.8246615912,4326540.0,17358849600.0,0.0,0.0,4326540.0,17358849600.0,-464570.0,501000.0,0.0,-72510.0,-1869686000.0,2016570000.0,0.0,-293859000.0
23/07/2020,3158.3549031804,4290.0,-60.0,-0.01398601,3203.1542635092,3203.1542635092,3098.622422742,2030230.0,8554536100.0,0.0,0.0,2030230.0,8554536100.0,20430.0,-87000.0,0.0,-38610.0,85177100.0,-365991200.0,0.0,-162171300.0
22/07/2020,3203.1542635092,4410.0,-120.0,-0.02721088,3285.286424112,3315.1526643312,3203.1542635092,1958560.0,8557911700.0,0.0,0.0,1958560.0,8557911700.0,70060.0,0.0,0.0,-78070.0,306353200.0,0.0,0.0,-341343300.0
21/07/2020,3292.7529841668,4310.0,100.0,0.02320186,3262.8867439476,3322.619224386,3240.4870637832,2377930.0,10445838500.0,0.0,0.0,2377930.0,10445838500.0,-7600.0,-1170.0,0.0,-38080.0,-34660500.0,-5136300.0,0.0,-166288800.0
20/07/2020,3218.0873836188,4180.0,130.0,0.03110048,3135.955223016,3247.953623838,3128.4886629612,2974570.0,12739214300.0,0.0,0.0,2974570.0,12739214300.0,-61000.0,15710.0,0.0,16450.0,-261724900.0,66341400.0,0.0,70356400.0
17/07/2020,3121.0221029064,4200.0,-20.0,-0.0047619,3135.955223016,3143.4217830708,3113.5555428516,868070.0,3637413300.0,0.0,0.0,868070.0,3637413300.0,-51050.0,0.0,0.0,16090.0,-213551400.0,0.0,0.0,67336000.0
16/07/2020,3135.955223016,4190.0,10.0,0.00238663,3135.955223016,3143.4217830708,3091.1558626872,1246110.0,5201506300.0,0.0,0.0,1246110.0,5201506300.0,-480.0,0.0,0.0,-31520.0,-1608900.0,0.0,0.0,-131590100.0
15/07/2020,3128.4886629612,4200.0,-10.0,-0.00238095,3135.955223016,3158.3549031804,3121.0221029064,922030.0,3874473200.0,0.0,0.0,922030.0,3874473200.0,12380.0,0.0,0.0,-26380.0,51888000.0,0.0,0.0,-110528300.0
14/07/2020,3135.955223016,4160.0,40.0,0.00961538,3083.6893026324,3135.955223016,3083.6893026324,791210.0,3298026800.0,0.0,0.0,791210.0,3298026800.0,61100.0,0.0,0.0,-62600.0,253593900.0,0.0,0.0,-259833900.0
13/07/2020,3106.0889827968,4190.0,-30.0,-0.0071599,3128.4886629612,3180.7545833448,3106.0889827968,1960350.0,8228783100.0,0.0,0.0,1960350.0,8228783100.0,30600.0,-10.0,-10.0,-67050.0,129314200.0,-42100.0,-42100.0,-281745700.0
10/07/2020,3128.4886629612,4240.0,-50.0,-0.01179245,3165.8214632352,3188.2211433996,3113.5555428516,1637100.0,6888430400.0,0.0,0.0,1637100.0,6888430400.0,21340.0,0.0,0.0,-25440.0,89312400.0,0.0,0.0,-106295900.0
09/07/2020,3165.8214632352,4130.0,110.0,0.02663438,3083.6893026324,3180.7545833448,3068.7561825228,2428960.0,10190306400.0,0.0,0.0,2428960.0,10190306400.0,87220.0,0.0,0.0,12180.0,367159600.0,0.0,0.0,50965900.0
08/07/2020,3083.6893026324,4060.0,70.0,0.01724138,3031.4233822488,3083.6893026324,3023.956822194,1543600.0,6326332800.0,0.0,0.0,1543600.0,6326332800.0,-120340.0,0.0,0.0,119070.0,-494281600.0,0.0,0.0,489077400.0
07/07/2020,3031.4233822488,4170.0,-110.0,-0.0263789,3135.955223016,3150.8883431256,3031.4233822488,2181380.0,9025930700.0,0.0,0.0,2181380.0,9025930700.0,362930.0,-299140.0,0.0,-112890.0,1511833000.0,-1248024300.0,0.0,-467071600.0
06/07/2020,3113.5555428516,4190.0,-20.0,-0.00477327,3180.7545833448,3195.6877034544,3106.0889827968,1800440.0,7554779500.0,0.0,0.0,1800440.0,7554779500.0,23120.0,0.0,0.0,-43870.0,95885500.0,0.0,0.0,-183634400.0
03/07/2020,3128.4886629612,4160.0,30.0,0.00721154,3121.0221029064,3210.620823564,3076.2227425776,1765780.0,7398944600.0,0.0,0.0,1765780.0,7398944600.0,-2180.0,0.0,0.0,-48570.0,-6958800.0,0.0,0.0,-201593700.0
02/07/2020,3106.0889827968,4160.0,0.0,0.0,3173.28802329,3173.28802329,3061.289622468,1658270.0,6931334400.0,0.0,0.0,1658270.0,6931334400.0,199360.0,0.0,0.0,-248180.0,829005800.0,0.0,0.0,-1032581400.0
01/07/2020,3106.0889827968,3890.0,270.0,0.06940874,2986.62402192,3106.0889827968,2911.958421372,3410850.0,13964580800.0,0.0,0.0,3410850.0,13964580800.0,-552080.0,299140.0,0.0,161230.0,-2265670100.0,1241032200.0,0.0,649753300.0
30/06/2020,2904.4918613172,4000.0,-110.0,-0.0275,3038.8899423036,3083.6893026324,2852.2259409336,3458920.0,13819377600.0,0.0,0.0,3458920.0,13819377600.0,123180.0,1000.0,0.0,54010.0,477788800.0,3850000.0,0.0,220530700.0
29/06/2020,2986.62402192,4260.0,-260.0,-0.06103286,3173.28802329,3173.28802329,2971.6909018104,3466900.0,14042891700.0,0.0,0.0,3466900.0,14042891700.0,-140840.0,0.0,0.0,42000.0,-574156500.0,0.0,0.0,175775100.0
26/06/2020,3180.7545833448,4320.0,-60.0,-0.01388889,3247.953623838,3277.8198640572,3128.4886629612,1509360.0,6425176600.0,0.0,0.0,1509360.0,6425176600.0,92830.0,0.0,0.0,-135000.0,391235600.0,0.0,0.0,-569753500.0
25/06/2020,3225.5539436736,4320.0,0.0,0.0,3135.955223016,3247.953623838,3098.622422742,2247890.0,9517742100.0,0.0,0.0,2247890.0,9517742100.0,-94800.0,-1000.0,0.0,47230.0,-403958700.0,-4350000.0,0.0,201092100.0
24/06/2020,3225.5539436736,4450.0,-130.0,-0.02921348,3352.4854646052,3367.4185847148,3225.5539436736,2050320.0,9013114100.0,0.0,0.0,2050320.0,9013114100.0,-259160.0,0.0,0.0,227540.0,-1126459500.0,0.0,0.0,987304000.0
23/06/2020,3322.619224386,4490.0,-40.0,-0.00890869,3337.5523444956,3427.1510651532,3270.3533040024,4036770.0,18028054800.0,0.0,0.0,4036770.0,18028054800.0,-176710.0,44000.0,0.0,31820.0,-799152300.0,203696400.0,0.0,144441600.0
22/06/2020,3352.4854646052,4540.0,-50.0,-0.01101322,3352.4854646052,3457.0173053724,3330.0857844408,2581850.0,11672138800.0,0.0,0.0,2581850.0,11672138800.0,160360.0,0.0,0.0,-183420.0,719540500.0,0.0,0.0,-826126900.0
19/06/2020,3389.8182648792,4500.0,40.0,0.00888889,3359.95202466,3434.617625208,3337.5523444956,2681820.0,12118813100.0,0.0,0.0,2681820.0,12118813100.0,23370.0,0.0,0.0,-132980.0,99184600.0,0.0,0.0,-598603600.0
18/06/2020,3359.95202466,4360.0,140.0,0.03211009,3210.620823564,3389.8182648792,3076.2227425776,5157040.0,22029905500.0,0.0,0.0,5157040.0,22029905500.0,28680.0,-19100.0,-19700.0,1490.0,130047800.0,-80228700.0,-82718700.0,-284500.0
17/06/2020,3255.4201838928,4660.0,-300.0,-0.06437768,3583.948826304,3583.948826304,3240.4870637832,5396070.0,24284831500.0,0.0,0.0,5396070.0,24284831500.0,470100.0,-397990.0,0.0,-94230.0,2165553900.0,-1846371200.0,0.0,-423869300.0
16/06/2020,3479.2333081595,4990.0,70.0,0.01402806,3437.9775772327,3561.744770013,3437.9775772327,5284430.0,26886300700.0,0.0,0.0,5284430.0,26886300700.0,-260920.0,0.0,0.0,265070.0,-1335881300.0,0.0,0.0,1357149800.0
15/06/2020,3431.1016220782,5300.0,-310.0,-0.05849057,3747.3955591836,3898.6665725818,3431.1016220782,7115430.0,38158531200.0,0.0,0.0,7115430.0,38158531200.0,-163200.0,-48000.0,0.0,-160720.0,-883202500.0,-257600000.0,0.0,-856953900.0
12/06/2020,3644.2562318666,4990.0,310.0,0.06212425,3300.4584741434,3644.2562318666,3293.5825189889,7905720.0,39655942200.0,0.0,0.0,7905720.0,39655942200.0,-26410.0,-301000.0,0.0,291240.0,-109229000.0,-1546660000.0,0.0,1485641100.0
11/06/2020,3431.1016220782,5360.0,-370.0,-0.06902985,3850.5348865006,3939.9223035086,3431.1016220782,10468830.0,57646828200.0,0.0,0.0,10468830.0,57646828200.0,-162720.0,-306710.0,0.0,-109490.0,-843340400.0,-1747142300.0,0.0,-618676400.0
10/06/2020,3685.5119627934,5010.0,350.0,0.06986028,3403.5978014603,3685.5119627934,3348.5901602246,6766360.0,35142187200.0,0.0,0.0,6766360.0,35142187200.0,208060.0,21800.0,0.0,-180850.0,1053449400.0,83499000.0,0.0,-935746200.0
09/06/2020,3444.8535323871,4920.0,90.0,0.01829268,3541.1169045496,3547.9928597041,3334.8382499157,5964750.0,30138294500.0,0.0,0.0,5964750.0,30138294500.0,-287160.0,-111040.0,-40.0,162720.0,-1450528200.0,-566609000.0,-204000.0,824100200.0
08/06/2020,3382.9699359969,4600.0,320.0,0.06956522,3300.4584741434,3382.9699359969,3272.9546535255,4955710.0,24133698700.0,0.0,0.0,4955710.0,24133698700.0,-163710.0,197500.0,0.0,-68080.0,-806125600.0,963750000.0,0.0,-325573000.0
05/06/2020,3162.939371054,4350.0,250.0,0.05747126,3052.9240885826,3176.691281363,3052.9240885826,5627700.0,25513114700.0,0.0,0.0,5627700.0,25513114700.0,-307090.0,275000.0,0.0,-58620.0,-1399876000.0,1250300000.0,0.0,-263026600.0
04/06/2020,2991.0404921924,4240.0,110.0,0.0259434,2991.0404921924,3107.9317298183,2949.7847612656,7085690.0,31147797200.0,0.0,0.0,7085690.0,31147797200.0,-613780.0,649700.0,0.0,-14580.0,-2679016300.0,2837818000.0,0.0,-63830000.0
03/06/2020,2915.4049854933,3970.0,270.0,0.06801008,2750.3820617861,2915.4049854933,2729.7541963227,5128220.0,21448460900.0,0.0,0.0,5128220.0,21448460900.0,155350.0,0.0,0.0,-35310.0,639183700.0,0.0,0.0,-135720200.0
02/06/2020,2729.7541963227,4120.0,-150.0,-0.03640777,2867.273299412,2874.1492545665,2729.7541963227,2839240.0,11515283800.0,0.0,0.0,2839240.0,11515283800.0,194760.0,10000.0,0.0,-329940.0,794202400.0,41100000.0,0.0,-1339433800.0
01/06/2020,2832.8935236397,4080.0,40.0,0.00980392,2846.6454339486,2881.025209721,2819.1416133308,3982460.0,16527351700.0,0.0,0.0,3982460.0,16527351700.0,-100070.0,5000.0,0.0,23790.0,-412720000.0,20750000.0,0.0,99121000.0
29/05/2020,2805.3897030219,3950.0,130.0,0.03291139,2702.2503757049,2839.7694787942,2667.8705999325,1870890.0,7535203100.0,0.0,0.0,1870890.0,7535203100.0,-68980.0,0.0,0.0,81820.0,-270596600.0,0.0,0.0,327253700.0
28/05/2020,2716.0022860138,3870.0,80.0,0.02067183,2709.1263308593,2743.5061066317,2647.2427344691,2105120.0,8264877700.0,0.0,0.0,2105120.0,8264877700.0,-245470.0,7000.0,0.0,146890.0,-971555400.0,27700000.0,0.0,583884800.0
27/05/2020,2660.9946447781,4110.0,-240.0,-0.05839416,2826.0175684852,2853.5213891031,2640.3667793147,5855110.0,23420247500.0,0.0,0.0,5855110.0,23420247500.0,149410.0,-305000.0,0.0,13080.0,559081000.0,-1191144800.0,0.0,56952900.0
26/05/2020,2826.0175684852,4150.0,-40.0,-0.00963855,2860.3973442576,2867.273299412,2812.2656581763,4700790.0,19353000000.0,0.0,0.0,4700790.0,19353000000.0,8960.0,-51000.0,0.0,-32880.0,40073800.0,-211290000.0,0.0,-134936600.0
25/05/2020,2853.5213891031,4120.0,30.0,0.00728155,2887.9011648754,2956.6607164201,2846.6454339486,2984390.0,12499034800.0,0.0,0.0,2984390.0,12499034800.0,27800.0,0.0,0.0,-100430.0,116014200.0,0.0,0.0,-418202500.0
22/05/2020,2832.8935236397,4200.0,-80.0,-0.01904762,2915.4049854933,2915.4049854933,2832.8935236397,2151160.0,8975100800.0,0.0,0.0,2151160.0,8975100800.0,41630.0,5000.0,0.0,-94530.0,174342100.0,20990000.0,0.0,-394182800.0
21/05/2020,2887.9011648754,4130.0,70.0,0.01694915,2860.3973442576,2942.9088061112,2839.7694787942,1465440.0,6150309600.0,0.0,0.0,1465440.0,6150309600.0,-23730.0,29600.0,0.0,13530.0,-100467700.0,124384000.0,0.0,57550700.0
20/05/2020,2839.7694787942,4110.0,20.0,0.00486618,2819.1416133308,2860.3973442576,2819.1416133308,1045020.0,4305799400.0,0.0,0.0,1045020.0,4305799400.0,11230.0,-47000.0,0.0,460.0,46196100.0,-193170000.0,0.0,1894600.0
19/05/2020,2826.0175684852,4110.0,0.0,0.0,2887.9011648754,2915.4049854933,2819.1416133308,2430690.0,10043172000.0,0.0,0.0,2430690.0,10043172000.0,-48730.0,6690.0,0.0,19930.0,-197903400.0,26577900.0,0.0,82260200.0
18/05/2020,2826.0175684852,4170.0,-60.0,-0.01438849,2867.273299412,2874.1492545665,2798.5137478674,2277460.0,9377262900.0,0.0,0.0,2277460.0,9377262900.0,473900.0,10000.0,0.0,-515170.0,1952132300.0,41000000.0,0.0,-2120940500.0
15/05/2020,2867.273299412,4350.0,-180.0,-0.04137931,3052.9240885826,3052.9240885826,2867.273299412,2628380.0,11222849500.0,0.0,0.0,2628380.0,11222849500.0,5870.0,8600.0,0.0,-68370.0,22036500.0,37130000.0,0.0,-290528200.0
14/05/2020,2991.0404921924,4300.0,50.0,0.01162791,2949.7847612656,3094.1798195094,2936.0328509567,2779690.0,12150214300.0,0.0,0.0,2779690.0,12150214300.0,-196850.0,10200.0,0.0,75460.0,-855397600.0,43294000.0,0.0,327933500.0
13/05/2020,2956.6607164201,4240.0,60.0,0.01415094,2908.5290303388,3039.1721782737,2853.5213891031,2499450.0,10670532000.0,0.0,0.0,2499450.0,10670532000.0,-170240.0,-55000.0,0.0,25770.0,-721299100.0,-241744200.0,0.0,107801100.0
12/05/2020,2915.4049854933,4220.0,20.0,0.00473934,2922.2809406478,2936.0328509567,2874.1492545665,2290910.0,9686887400.0,0.0,0.0,2290910.0,9686887400.0,-21520.0,-52440.0,0.0,59570.0,-91048000.0,-221906700.0,0.0,253197700.0
11/05/2020,2901.6530751844,4220.0,0.0,0.0,2901.6530751844,2970.412626729,2860.3973442576,2965200.0,12542090900.0,0.0,0.0,2965200.0,12542090900.0,-162240.0,-3000.0,0.0,46040.0,-689518200.0,-12400000.0,0.0,196934700.0
08/05/2020,2901.6530751844,4220.0,0.0,0.0,2922.2809406478,2956.6607164201,2874.1492545665,2350290.0,9922252800.0,0.0,0.0,2350290.0,9922252800.0,-393370.0,291640.0,0.0,98180.0,-1656450300.0,1229320800.0,0.0,413249800.0
07/05/2020,2901.6530751844,4290.0,-70.0,-0.01631702,2929.1568958022,2956.6607164201,2894.7771200299,1851190.0,7897611500.0,0.0,0.0,1851190.0,7897611500.0,-279480.0,25800.0,0.0,6570.0,-1195433100.0,110408000.0,0.0,28129600.0
06/05/2020,2949.7847612656,4100.0,190.0,0.04634146,2839.7694787942,3004.7924025013,2819.1416133308,4737840.0,20156106000.0,0.0,0.0,4737840.0,20156106000.0,-77810.0,-25900.0,0.0,2390.0,-333825000.0,-110615100.0,0.0,8419700.0
05/05/2020,2819.1416133308,3950.0,150.0,0.03797468,2743.5061066317,2867.273299412,2722.8782411683,3135510.0,12693754100.0,0.0,0.0,3135510.0,12693754100.0,-170030.0,600.0,0.0,82120.0,-689014100.0,2406000.0,0.0,332702300.0
04/05/2020,2716.0022860138,4170.0,-220.0,-0.05275779,2791.6377927129,2860.3973442576,2716.0022860138,3183560.0,12837462900.0,0.0,0.0,3183560.0,12837462900.0,122300.0,88000.0,0.0,-277910.0,493253200.0,356490000.0,0.0,-1122565200.0
29/04/2020,2867.273299412,4140.0,30.0,0.00724638,3039.1721782737,3039.1721782737,2860.3973442576,5572600.0,24010739900.0,0.0,0.0,5572600.0,24010739900.0,287740.0,-78000.0,0.0,-159330.0,1242064100.0,-345240000.0,0.0,-675231200.0
28/04/2020,2846.6454339486,3870.0,270.0,0.06976744,2846.6454339486,2846.6454339486,2846.6454339486,481960.0,1995314400.0,0.0,0.0,481960.0,1995314400.0,4120.0,-4000.0,0.0,0.0,17056800.0,-16560000.0,0.0,0.0
27/04/2020,2660.9946447781,3620.0,250.0,0.06906077,2660.9946447781,2660.9946447781,2660.9946447781,352950.0,1365916500.0,0.0,0.0,352950.0,1365916500.0,32200.0,-15050.0,-15050.0,0.0,124614000.0,-58243500.0,-58243500.0,0.0
24/04/2020,2489.0957659164,3630.0,-10.0,-0.00275482,2475.3438556075,2544.1034071522,2427.2121695263,884340.0,3203255300.0,0.0,0.0,884340.0,3203255300.0,-2530.0,0.0,0.0,13610.0,-10275600.0,0.0,0.0,50065600.0
23/04/2020,2495.9717210709,3620.0,10.0,0.00276243,2516.5995865343,2550.9793623066,2447.8400349897,741410.0,2684725100.0,0.0,0.0,741410.0,2684725100.0,20650.0,20.0,0.0,-38740.0,74372100.0,72400.0,0.0,-140284500.0
22/04/2020,2489.0957659164,3540.0,80.0,0.02259887,2310.3209319003,2530.3514968432,2310.3209319003,1204930.0,4261000000.0,0.0,0.0,1204930.0,4261000000.0,-107120.0,-50000.0,0.0,146060.0,-377982900.0,-180229000.0,0.0,517527300.0
21/04/2020,2434.0881246807,3800.0,-260.0,-0.06842105,2550.9793623066,2599.1110483879,2434.0881246807,3185820.0,11430000000.0,0.0,0.0,3185820.0,11430000000.0,-148640.0,30000.0,0.0,-23920.0,-545072500.0,114689000.0,0.0,-83186500.0
20/04/2020,2612.8629586968,3890.0,-90.0,-0.02313625,2681.6225102415,2695.3744205504,2612.8629586968,2510070.0,9667000000.0,0.0,0.0,2510070.0,9667000000.0,35420.0,-1000.0,0.0,-41290.0,136932400.0,-3560000.0,0.0,-158249300.0
17/04/2020,2674.746555087,3680.0,210.0,0.05706522,2571.60722777,2674.746555087,2530.3514968432,1536090.0,5809000000.0,0.0,0.0,1536090.0,5809000000.0,27820.0,0.0,0.0,-29760.0,102181400.0,0.0,0.0,-111533200.0
16/04/2020,2530.3514968432,3600.0,80.0,0.02222222,2578.4831829245,2647.2427344691,2440.9640798352,2964770.0,11187000000.0,0.0,0.0,2964770.0,11187000000.0,88710.0,-112000.0,0.0,-38130.0,336577700.0,-424190200.0,0.0,-142520800.0
15/04/2020,2475.3438556075,3370.0,230.0,0.06824926,2317.1968870548,2475.3438556075,2303.4449767459,2086890.0,7345000000.0,0.0,0.0,2086890.0,7345000000.0,-50580.0,-20.0,0.0,31020.0,-174077200.0,-72000.0,0.0,106125200.0
14/04/2020,2317.1968870548,3390.0,-20.0,-0.00589971,2337.8247525182,2351.5766628271,2282.8171112825,1115920.0,3744000000.0,0.0,0.0,1115920.0,3744000000.0,-16030.0,0.0,0.0,26730.0,-55703700.0,0.0,0.0,91783700.0
13/04/2020,2330.9487973637,3360.0,30.0,0.00892857,2310.3209319003,2406.5843040629,2282.8171112825,999740.0,3411000000.0,0.0,0.0,999740.0,3411000000.0,-119840.0,0.0,0.0,119190.0,-408764600.0,0.0,0.0,406288400.0
10/04/2020,2310.3209319003,3400.0,-40.0,-0.01176471,2289.693066437,2337.8247525182,2255.3132906646,2065740.0,6867000000.0,11999980.0,43559927400.0,14065720.0,50426927400.0,-42610.0,0.0,0.0,12110.0,-142853500.0,0.0,0.0,41485900.0
09/04/2020,2337.8247525182,3440.0,-40.0,-0.01162791,2399.7083489084,2420.3362143718,2317.1968870548,2089590.0,7161191700.0,750000.0,2760000000.0,2839590.0,9921191700.0,-15240.0,10000.0,0.0,20970.0,-49149700.0,34400000.0,0.0,73611300.0
08/04/2020,2365.3285731361,3400.0,40.0,0.01176471,2241.5613803557,2427.2121695263,2241.5613803557,1269870.0,4260987600.0,750000.0,2722500000.0,2019870.0,6983487600.0,-57690.0,10000.0,0.0,46490.0,-192466800.0,33851800.0,0.0,155303400.0
07/04/2020,2337.8247525182,3470.0,-70.0,-0.02017291,2427.2121695263,2427.2121695263,2303.4449767459,892290.0,3042106800.0,750000.0,2782500000.0,1642290.0,5824606800.0,50820.0,0.0,0.0,-12860.0,174678000.0,0.0,0.0,-43215200.0
06/04/2020,2385.9564385995,3250.0,220.0,0.06769231,2269.0652009736,2385.9564385995,2269.0652009736,1631520.0,5568217700.0,750000.0,2602500000.0,2381520.0,8170717700.0,-151740.0,0.0,0.0,79310.0,-512337600.0,0.0,0.0,269762900.0
03/04/2020,2234.6854252012,3140.0,110.0,0.03503185,2200.3056494289,2234.6854252012,2159.0499185021,2464910.0,7851000000.0,10000000.0,33500000000.0,12464910.0,41351000000.0,1317380.0,0.0,0.0,-1467850.0,4180816600.0,0.0,0.0,-4663674900.0
01/04/2020,2159.0499185021,3010.0,130.0,0.04318937,2069.6625014941,2186.55373912,2069.6625014941,550060.0,1719000000.0,0.0,0.0,550060.0,1719000000.0,-64080.0,0.0,0.0,55110.0,-202051300.0,0.0,0.0,174118700.0
31/03/2020,2069.6625014941,3040.0,-30.0,-0.00986842,2090.2903669575,2200.3056494289,1994.0269947949,1151230.0,3541000000.0,0.0,0.0,1151230.0,3541000000.0,-30130.0,-40.0,-40.0,6540.0,-93435900.0,-126400.0,-126400.0,21781100.0
30/03/2020,2090.2903669575,3250.0,-210.0,-0.06461538,2104.0422772664,2131.5460978842,2083.414411803,2284620.0,6946000000.0,0.0,0.0,2284620.0,6946000000.0,-165400.0,-16000.0,0.0,168540.0,-507441600.0,-48840000.0,0.0,517239300.0
27/03/2020,2234.6854252012,3390.0,-140.0,-0.04129794,2303.4449767459,2379.080483445,2200.3056494289,1341570.0,4466000000.0,0.0,0.0,1341570.0,4466000000.0,-171800.0,0.0,0.0,139900.0,-575833000.0,0.0,0.0,469947800.0
26/03/2020,2330.9487973637,3640.0,-250.0,-0.06868132,2475.3438556075,2475.3438556075,2330.9487973637,1697420.0,5865000000.0,0.0,0.0,1697420.0,5865000000.0,-37340.0,0.0,0.0,22000.0,-129291000.0,0.0,0.0,77180000.0
25/03/2020,2502.8476762254,3560.0,80.0,0.02247191,2599.1110483879,2599.1110483879,2468.467900453,1190690.0,4375000000.0,0.0,0.0,1190690.0,4375000000.0,166510.0,0.0,0.0,-143720.0,612805000.0,0.0,0.0,-522958000.0
24/03/2020,2447.8400349897,3330.0,230.0,0.06906907,2200.3056494289,2447.8400349897,2200.3056494289,2522110.0,8602000000.0,0.0,0.0,2522110.0,8602000000.0,-177470.0,-3000.0,0.0,147990.0,-607384300.0,-10680000.0,0.0,508767900.0
23/03/2020,2289.693066437,3580.0,-250.0,-0.0698324,2296.5690215914,2337.8247525182,2289.693066437,3018700.0,10062000000.0,0.0,0.0,3018700.0,10062000000.0,-23830.0,12000.0,0.0,-17930.0,-79394600.0,39960000.0,0.0,-59886200.0
20/03/2020,2461.5919452986,3760.0,-180.0,-0.04787234,2681.6225102415,2681.6225102415,2440.9640798352,1685510.0,6317000000.0,0.0,0.0,1685510.0,6317000000.0,157420.0,-85350.0,0.0,-149130.0,618193000.0,-332865000.0,0.0,-555336400.0
19/03/2020,2585.359138079,4040.0,-280.0,-0.06930693,2722.8782411683,2722.8782411683,2585.359138079,3015450.0,11438000000.0,0.0,0.0,3015450.0,11438000000.0,256100.0,0.0,0.0,-233520.0,978957600.0,0.0,0.0,-888800000.0
18/03/2020,2777.885882404,3910.0,130.0,0.03324808,2736.6301514772,2812.2656581763,2674.746555087,2813730.0,11279000000.0,0.0,0.0,2813730.0,11279000000.0,148740.0,0.0,0.0,-166180.0,591484000.0,0.0,0.0,-661138900.0
17/03/2020,2688.4984653959,3730.0,180.0,0.04825737,2420.3362143718,2688.4984653959,2420.3362143718,1705470.0,6478000000.0,0.0,0.0,1705470.0,6478000000.0,47210.0,0.0,0.0,-61260.0,183986900.0,0.0,0.0,-236442700.0
16/03/2020,2564.7312726156,3710.0,20.0,0.00539084,2550.9793623066,2709.1263308593,2509.7236313798,2429470.0,9232000000.0,500000.0,1850000000.0,2929470.0,11082000000.0,18530.0,0.0,0.0,-110630.0,74820200.0,0.0,0.0,-424092200.0
13/03/2020,2550.9793623066,3880.0,-170.0,-0.04381443,2482.219810762,2660.9946447781,2482.219810762,3812440.0,13924000000.0,0.0,0.0,3812440.0,13924000000.0,-159980.0,900.0,0.0,185390.0,-599165900.0,3249000.0,0.0,691110300.0
12/03/2020,2667.8705999325,4170.0,-290.0,-0.06954436,2674.746555087,2709.1263308593,2667.8705999325,1275590.0,4957000000.0,0.0,0.0,1275590.0,4957000000.0,-14020.0,0.0,0.0,33140.0,-56265300.0,0.0,0.0,130829200.0
11/03/2020,2867.273299412,4480.0,-310.0,-0.06919643,3162.939371054,3183.5672365174,2867.273299412,3826270.0,16524000000.0,0.0,0.0,3826270.0,16524000000.0,-45930.0,9600.0,0.0,32950.0,-203858900.0,40164000.0,0.0,152090900.0
10/03/2020,3080.4279092005,4660.0,-180.0,-0.03862661,2984.1645370379,3231.6989225987,2984.1645370379,4630600.0,20365000000.0,0.0,0.0,4630600.0,20365000000.0,-258100.0,3000.0,0.0,212390.0,-1157265500.0,13760000.0,0.0,955034200.0
09/03/2020,3204.1951019808,5010.0,-350.0,-0.06986028,3204.1951019808,3204.1951019808,3204.1951019808,960080.0,4474000000.0,0.0,0.0,960080.0,4474000000.0,-10080.0,2600.0,0.0,0.0,-46972800.0,12116000.0,0.0,0.0
06/03/2020,3444.8535323871,5130.0,-120.0,-0.02339181,3499.8611736228,3506.7371287773,3403.5978014603,2312680.0,11606000000.0,0.0,0.0,2312680.0,11606000000.0,-46880.0,3600.0,0.0,20270.0,-236075100.0,18128000.0,0.0,102358600.0
05/03/2020,3527.3649942407,5140.0,-10.0,-0.00194553,3520.4890390862,3616.7524112488,3492.9852184684,2204720.0,11353000000.0,0.0,0.0,2204720.0,11353000000.0,-55620.0,5000.0,0.0,38000.0,-288970100.0,25550000.0,0.0,198813400.0
04/03/2020,3534.2409493952,5120.0,20.0,0.00390625,3568.6207251675,3747.3955591836,3437.9775772327,3448680.0,18118000000.0,0.0,0.0,3448680.0,18118000000.0,105740.0,-1000.0,0.0,-151620.0,537161300.0,-5320000.0,0.0,-793172300.0
03/03/2020,3520.4890390862,4790.0,330.0,0.06889353,3506.7371287773,3520.4890390862,3444.8535323871,4302900.0,21984000000.0,0.0,0.0,4302900.0,21984000000.0,103530.0,2980.0,0.0,-111730.0,520529900.0,15227600.0,0.0,-563259400.0
02/03/2020,3293.5825189889,4480.0,310.0,0.06919643,3197.3191468264,3293.5825189889,3107.9317298183,2572260.0,12175000000.0,0.0,0.0,2572260.0,12175000000.0,-40820.0,-1000.0,0.0,32720.0,-198977600.0,-4630000.0,0.0,161298800.0
28/02/2020,3080.4279092005,4290.0,190.0,0.04428904,2956.6607164201,3135.4355504362,2936.0328509567,3932030.0,17591000000.0,0.0,0.0,3932030.0,17591000000.0,75640.0,-30000.0,0.0,-80280.0,333470600.0,-133500000.0,0.0,-356739600.0
27/02/2020,2949.7847612656,4010.0,280.0,0.06982544,2757.2580169406,2949.7847612656,2757.2580169406,2110450.0,8925000000.0,0.0,0.0,2110450.0,8925000000.0,-56520.0,-1000.0,0.0,36100.0,-237587000.0,-4290000.0,0.0,151711900.0
26/02/2020,2757.2580169406,4150.0,-140.0,-0.03373494,2764.1339720951,2846.6454339486,2702.2503757049,1344650.0,5411000000.0,0.0,0.0,1344650.0,5411000000.0,-79480.0,1290.0,0.0,78980.0,-321868200.0,5213400.0,0.0,320138600.0
25/02/2020,2853.5213891031,4210.0,-60.0,-0.01425178,2750.3820617861,2853.5213891031,2702.2503757049,3279450.0,13239000000.0,0.0,0.0,3279450.0,13239000000.0,-238080.0,-42000.0,0.0,228240.0,-972950600.0,-169733600.0,0.0,928774900.0
24/02/2020,2894.7771200299,4520.0,-310.0,-0.06858407,3094.1798195094,3094.1798195094,2894.7771200299,2567140.0,11054000000.0,0.0,0.0,2567140.0,11054000000.0,-124290.0,0.0,0.0,58930.0,-544418600.0,0.0,0.0,255017300.0
21/02/2020,3107.9317298183,4500.0,20.0,0.00444444,3059.8000437371,3245.4508329076,3032.2962231192,2221360.0,10102000000.0,0.0,0.0,2221360.0,10102000000.0,-15810.0,-2420.0,0.0,-10010.0,-71524100.0,-11602200.0,0.0,-44610000.0
20/02/2020,3094.1798195094,4750.0,-250.0,-0.05263158,3266.078698371,3300.4584741434,3052.9240885826,2649680.0,12179000000.0,0.0,0.0,2649680.0,12179000000.0,295010.0,7600.0,0.0,-317080.0,1386563900.0,34946000.0,0.0,-1486131100.0
19/02/2020,3266.078698371,4700.0,50.0,0.0106383,3183.5672365174,3327.9622947612,3183.5672365174,1582740.0,7547000000.0,0.0,0.0,1582740.0,7547000000.0,22910.0,13350.0,0.0,-43000.0,111573200.0,62525000.0,0.0,-206400000.0
18/02/2020,3231.6989225987,4500.0,200.0,0.04444444,3094.1798195094,3279.83060868,3066.6759988915,2902990.0,13526000000.0,0.0,0.0,2902990.0,13526000000.0,-81970.0,2000.0,0.0,15000.0,-386171700.0,8720000.0,0.0,70800000.0
17/02/2020,3094.1798195094,4430.0,70.0,0.01580135,3046.0481334281,3128.5595952817,2977.2885818835,1231900.0,5446000000.0,0.0,0.0,1231900.0,5446000000.0,121900.0,-73900.0,0.0,-52120.0,535348100.0,-325097300.0,0.0,-228677900.0
14/02/2020,3046.0481334281,4320.0,110.0,0.02546296,3087.3038643549,3156.0634158996,2991.0404921924,2312700.0,10331000000.0,0.0,0.0,2312700.0,10331000000.0,187880.0,-72240.0,0.0,-86850.0,833843900.0,-317227200.0,0.0,-387817600.0
13/02/2020,2970.412626729,4040.0,280.0,0.06930693,2784.7618375585,2970.412626729,2743.5061066317,2977490.0,12336000000.0,0.0,0.0,2977490.0,12336000000.0,66790.0,23000.0,0.0,-99750.0,295435100.0,94280000.0,0.0,-430468100.0
12/02/2020,2777.885882404,4100.0,-60.0,-0.01463415,2819.1416133308,2867.273299412,2743.5061066317,2516700.0,10194000000.0,0.0,0.0,2516700.0,10194000000.0,2620.0,57000.0,0.0,-64000.0,13059500.0,230740000.0,0.0,-261200100.0
11/02/2020,2819.1416133308,4030.0,70.0,0.01736973,2819.1416133308,2881.025209721,2819.1416133308,999090.0,4131000000.0,0.0,0.0,999090.0,4131000000.0,13880.0,5000.0,0.0,-18000.0,57172800.0,20700000.0,0.0,-74219900.0
10/02/2020,2771.0099272495,4030.0,0.0,0.0,2729.7541963227,2949.7847612656,2688.4984653959,3653890.0,15024000000.0,0.0,0.0,3653890.0,15024000000.0,-1390.0,-3010.0,-10.0,-38500.0,-12704300.0,-13847100.0,-42100.0,-153090000.0
07/02/2020,2771.0099272495,3770.0,260.0,0.06896552,2771.0099272495,2771.0099272495,2681.6225102415,4587800.0,18430000000.0,0.0,0.0,4587800.0,18430000000.0,125370.0,660.0,0.0,-178100.0,482575200.0,1509800.0,0.0,-692511900.0
06/02/2020,2592.2350932334,3530.0,240.0,0.06798867,2413.4602592173,2592.2350932334,2413.4602592173,696070.0,2606000000.0,0.0,0.0,696070.0,2606000000.0,180.0,0.0,0.0,0.0,652400.0,0.0,0.0,0.0
05/02/2020,2427.2121695263,3530.0,0.0,0.0,2427.2121695263,2495.9717210709,2385.9564385995,1475740.0,5200000000.0,0.0,0.0,1475740.0,5200000000.0,122320.0,84600.0,0.0,-208020.0,429799600.0,298180000.0,0.0,-731817600.0
04/02/2020,2427.2121695263,3680.0,-150.0,-0.04076087,2509.7236313798,2530.3514968432,2379.080483445,1268330.0,4509000000.0,0.0,0.0,1268330.0,4509000000.0,-74850.0,51800.0,0.0,-56250.0,-264199700.0,184726000.0,0.0,-203369900.0
03/02/2020,2530.3514968432,3830.0,-150.0,-0.03916449,2647.2427344691,2647.2427344691,2454.7159901441,1667130.0,6125000000.0,0.0,0.0,1667130.0,6125000000.0,-131990.0,25200.0,0.0,-31500.0,-498278800.0,96440000.0,0.0,-115632500.0
31/01/2020,2633.4908241602,3630.0,200.0,0.05509642,2612.8629586968,2667.8705999325,2578.4831829245,5111080.0,19715000000.0,0.0,0.0,5111080.0,19715000000.0,-56260.0,6880.0,0.0,-8000.0,-216573800.0,26704400.0,0.0,-31300000.0
30/01/2020,2495.9717210709,3400.0,230.0,0.06764706,2372.2045282905,2495.9717210709,2372.2045282905,3169980.0,11291000000.0,0.0,0.0,3169980.0,11291000000.0,618050.0,-419190.0,-40.0,-199090.0,2178645400.0,-1481912400.0,-140400.0,-697532900.0
22/01/2020,2337.8247525182,3400.0,0.0,0.0,2351.5766628271,2413.4602592173,2303.4449767459,515940.0,1768000000.0,0.0,0.0,515940.0,1768000000.0,66790.0,7000.0,0.0,-73840.0,228981400.0,23634700.0,0.0,-252784600.0
21/01/2020,2337.8247525182,3230.0,170.0,0.05263158,2234.6854252012,2351.5766628271,2220.9335148923,384660.0,1286000000.0,0.0,0.0,384660.0,1286000000.0,-10000.0,0.0,0.0,0.0,-32926800.0,0.0,0.0,0.0
20/01/2020,2220.9335148923,3130.0,100.0,0.03194888,2152.1739633476,2248.4373355102,2152.1739633476,477700.0,1535000000.0,0.0,0.0,477700.0,1535000000.0,360.0,-760.0,0.0,0.0,1876400.0,-3156400.0,0.0,0.0
17/01/2020,2152.1739633476,3130.0,0.0,0.0,2186.55373912,2186.55373912,2145.2980081932,305740.0,959000000.0,0.0,0.0,305740.0,959000000.0,-146660.0,146660.0,0.0,0.0,-459452000.0,459452000.0,0.0,0.0
16/01/2020,2152.1739633476,3140.0,-10.0,-0.00318471,2131.5460978842,2159.0499185021,2131.5460978842,267520.0,834000000.0,0.0,0.0,267520.0,834000000.0,-184340.0,184240.0,0.0,100.0,-575099100.0,574785100.0,0.0,314000.0
15/01/2020,2159.0499185021,3050.0,90.0,0.0295082,2110.9182324209,2186.55373912,2110.9182324209,470820.0,1471000000.0,0.0,0.0,470820.0,1471000000.0,-71350.0,71350.0,0.0,0.0,-222610300.0,222610300.0,0.0,0.0
14/01/2020,2097.1663221119,3020.0,30.0,0.00993377,2124.6701427298,2165.9258736566,2083.414411803,424300.0,1307000000.0,0.0,0.0,424300.0,1307000000.0,10060.0,-11040.0,0.0,0.0,30596600.0,-33591600.0,0.0,0.0
13/01/2020,2076.5384566485,3050.0,-30.0,-0.00983607,2090.2903669575,2117.7941875753,2062.7865463396,287740.0,873000000.0,0.0,0.0,287740.0,873000000.0,4010.0,-10.0,-10.0,0.0,12225600.0,-30600.0,-30600.0,0.0
10/01/2020,2097.1663221119,3080.0,-30.0,-0.00974026,2152.1739633476,2152.1739633476,2097.1663221119,322040.0,992000000.0,0.0,0.0,322040.0,992000000.0,2970.0,0.0,0.0,-3270.0,9170900.0,0.0,0.0,-10103900.0
09/01/2020,2117.7941875753,3070.0,10.0,0.00325733,2145.2980081932,2159.0499185021,2110.9182324209,339110.0,1046000000.0,0.0,0.0,339110.0,1046000000.0,-8270.0,10000.0,0.0,0.0,-25437000.0,30800000.0,0.0,0.0
08/01/2020,2110.9182324209,3180.0,-110.0,-0.0345912,2186.55373912,2186.55373912,2042.1586808762,286210.0,892000000.0,0.0,0.0,286210.0,892000000.0,58530.0,0.0,0.0,-57020.0,182285700.0,0.0,0.0,-177520300.0
07/01/2020,2186.55373912,3150.0,30.0,0.00952381,2159.0499185021,2214.0575597378,2159.0499185021,319700.0,1013000000.0,0.0,0.0,319700.0,1013000000.0,67110.0,-5800.0,0.0,-61300.0,212268400.0,-18460000.0,0.0,-193776400.0
06/01/2020,2165.9258736566,3210.0,-60.0,-0.01869159,2186.55373912,2193.4296942744,2138.4220530387,635420.0,1997000000.0,0.0,0.0,635420.0,1997000000.0,127170.0,10.0,0.0,-124180.0,399315600.0,31400.0,0.0,-390015200.0
03/01/2020,2207.1816045834,3220.0,-10.0,-0.00310559,2227.8094700468,2227.8094700468,2179.6777839655,616370.0,1971000000.0,0.0,0.0,616370.0,1971000000.0,129450.0,0.0,0.0,-132500.0,413799100.0,0.0,0.0,-423579100.0
31/12/2019,2152.1739633476,3160.0,-30.0,-0.00949367,2172.801828811,2186.55373912,2152.1739633476,408420.0,1286000000.0,0.0,0.0,408420.0,1286000000.0,80.0,0.0,0.0,0.0,253800.0,0.0,0.0,0.0
30/12/2019,2172.801828811,3160.0,0.0,0.0,2207.1816045834,2214.0575597378,2159.0499185021,382740.0,1213000000.0,0.0,0.0,382740.0,1213000000.0,33720.0,-20.0,-20.0,-33600.0,106893600.0,-63400.0,-63400.0,-106512900.0
27/12/2019,2172.801828811,3210.0,-50.0,-0.01557632,2220.9335148923,2248.4373355102,2172.801828811,734810.0,2349000000.0,0.0,0.0,734810.0,2349000000.0,-1900.0,0.0,0.0,100.0,-6113000.0,0.0,0.0,320000.0
26/12/2019,2207.1816045834,3280.0,-70.0,-0.02134146,2255.3132906646,2275.941156128,2207.1816045834,840460.0,2736000000.0,0.0,0.0,840460.0,2736000000.0,17000.0,0.0,0.0,0.0,54960000.0,0.0,0.0,0.0
25/12/2019,2255.3132906646,3280.0,0.0,0.0,2255.3132906646,2296.5690215914,2241.5613803557,629820.0,2072000000.0,0.0,0.0,629820.0,2072000000.0,21500.0,0.0,0.0,0.0,70830000.0,-310000.0,0.0,0.0
24/12/2019,2255.3132906646,3330.0,-50.0,-0.01501502,2303.4449767459,2310.3209319003,2255.3132906646,699200.0,2317000000.0,0.0,0.0,699200.0,2317000000.0,-7200.0,690.0,0.0,0.0,-23379200.0,1832200.0,0.0,0.0
23/12/2019,2289.693066437,3270.0,60.0,0.01834862,2248.4373355102,2317.1968870548,2248.4373355102,791360.0,2621000000.0,0.0,0.0,791360.0,2621000000.0,33670.0,0.0,0.0,-30150.0,111862700.0,0.0,0.0,-99933000.0
20/12/2019,2248.4373355102,3240.0,30.0,0.00925926,2214.0575597378,2303.4449767459,2214.0575597378,729380.0,2395000000.0,0.0,0.0,729380.0,2395000000.0,-280.0,0.0,0.0,1000.0,-905200.0,0.0,0.0,3320000.0
19/12/2019,2227.8094700468,3400.0,-160.0,-0.04705882,2303.4449767459,2324.0728422093,2227.8094700468,1251450.0,4137000000.0,0.0,0.0,1251450.0,4137000000.0,19900.0,0.0,0.0,0.0,65341200.0,0.0,0.0,0.0
18/12/2019,2337.8247525182,3550.0,-150.0,-0.04225352,2440.9640798352,2440.9640798352,2337.8247525182,614740.0,2126000000.0,0.0,0.0,614740.0,2126000000.0,5800.0,0.0,0.0,-5800.0,20299900.0,0.0,0.0,-20299900.0
17/12/2019,2440.9640798352,3430.0,120.0,0.03498542,2358.4526179816,2523.4755416888,2358.4526179816,2496640.0,8897000000.0,0.0,0.0,2496640.0,8897000000.0,76820.0,-640.0,0.0,-75760.0,276518900.0,-2272000.0,0.0,-272750500.0
16/12/2019,2358.4526179816,3210.0,220.0,0.06853583,2227.8094700468,2358.4526179816,2186.55373912,2863940.0,9690000000.0,0.0,0.0,2863940.0,9690000000.0,179890.0,-30000.0,0.0,-222090.0,609466000.0,-102900000.0,0.0,-752723300.0
13/12/2019,2207.1816045834,3200.0,10.0,0.003125,2220.9335148923,2227.8094700468,2172.801828811,490820.0,1568000000.0,0.0,0.0,490820.0,1568000000.0,4020.0,-10000.0,0.0,2000.0,13014000.0,-32200000.0,0.0,6320000.0
12/12/2019,2200.3056494289,3270.0,-70.0,-0.02140673,2255.3132906646,2296.5690215914,2200.3056494289,634190.0,2073000000.0,0.0,0.0,634190.0,2073000000.0,88920.0,9000.0,0.0,-102260.0,293923000.0,29580000.0,0.0,-337623000.0
11/12/2019,2248.4373355102,3060.0,210.0,0.06862745,2104.0422772664,2248.4373355102,2104.0422772664,1447130.0,4635000000.0,0.0,0.0,1447130.0,4635000000.0,353070.0,0.0,0.0,-356000.0,1125702000.0,0.0,0.0,-1135178600.0
10/12/2019,2104.0422772664,3140.0,-80.0,-0.02547771,2172.801828811,2172.801828811,2104.0422772664,445240.0,1380000000.0,0.0,0.0,445240.0,1380000000.0,-1000.0,0.0,0.0,0.0,-3060000.0,0.0,0.0,0.0
09/12/2019,2159.0499185021,3070.0,70.0,0.0228013,2110.9182324209,2179.6777839655,2110.9182324209,372110.0,1158000000.0,0.0,0.0,372110.0,1158000000.0,124780.0,0.0,0.0,-132300.0,386877600.0,0.0,0.0,-410195800.0
06/12/2019,2110.9182324209,3060.0,10.0,0.00326797,2131.5460978842,2159.0499185021,2104.0422772664,340150.0,1049000000.0,0.0,0.0,340150.0,1049000000.0,177030.0,0.0,0.0,-177020.0,547256200.0,0.0,0.0,-547225200.0
05/12/2019,2104.0422772664,3110.0,-50.0,-0.01607717,2145.2980081932,2179.6777839655,2104.0422772664,478740.0,1484000000.0,0.0,0.0,478740.0,1484000000.0,139830.0,1630.0,0.0,-113370.0,436525400.0,5051800.0,0.0,-353901200.0
04/12/2019,2138.4220530387,3170.0,-60.0,-0.01892744,2152.1739633476,2186.55373912,2131.5460978842,750130.0,2336000000.0,0.0,0.0,750130.0,2336000000.0,-5000.0,1300.0,0.0,1700.0,-15615000.0,4051000.0,0.0,5304000.0
03/12/2019,2179.6777839655,3230.0,-60.0,-0.01857585,2200.3056494289,2200.3056494289,2131.5460978842,557340.0,1756000000.0,0.0,0.0,557340.0,1756000000.0,120.0,0.0,0.0,0.0,377200.0,0.0,0.0,0.0
02/12/2019,2220.9335148923,3260.0,-30.0,-0.00920245,2255.3132906646,2255.3132906646,2193.4296942744,291130.0,939000000.0,362000.0,1180120000.0,653130.0,2119120000.0,-50.0,0.0,0.0,0.0,-163000.0,0.0,0.0,0.0
29/11/2019,2241.5613803557,3290.0,-30.0,-0.00911854,2248.4373355102,2324.0728422093,2234.6854252012,735400.0,2445000000.0,0.0,0.0,735400.0,2445000000.0,-46790.0,-1000.0,0.0,18700.0,-157043500.0,-3360000.0,0.0,63037000.0
28/11/2019,2262.1892458191,3080.0,210.0,0.06818182,2117.7941875753,2262.1892458191,2117.7941875753,2573700.0,8327000000.0,0.0,0.0,2573700.0,8327000000.0,111650.0,-89410.0,0.0,-15000.0,358404200.0,-285508800.0,0.0,-49050000.0
27/11/2019,2117.7941875753,3070.0,10.0,0.00325733,2110.9182324209,2117.7941875753,2097.1663221119,206390.0,632000000.0,0.0,0.0,206390.0,632000000.0,2500.0,-2500.0,0.0,0.0,7700000.0,-7700000.0,0.0,0.0
26/11/2019,2110.9182324209,3030.0,40.0,0.01320132,2083.414411803,2124.6701427298,2083.414411803,554320.0,1695000000.0,0.0,0.0,554320.0,1695000000.0,-50.0,0.0,0.0,0.0,-152500.0,0.0,0.0,0.0
25/11/2019,2083.414411803,3060.0,-30.0,-0.00980392,2104.0422772664,2104.0422772664,2062.7865463396,341390.0,1034000000.0,442000.0,1348300000.0,783390.0,2382300000.0,-5000.0,5000.0,0.0,0.0,-15150100.0,15100000.0,0.0,0.0
22/11/2019,2104.0422772664,3050.0,10.0,0.0033,2110.9182324209,2110.9182324209,2076.5384566485,278350.0,847000000.0,0.0,0.0,278350.0,847000000.0,-100.0,0.0,0.0,0.0,-305000.0,0.0,0.0,0.0
21/11/2019,2097.1663221119,3070.0,-20.0,-0.00651466,2083.414411803,2117.7941875753,2083.414411803,328750.0,1003000000.0,0.0,0.0,328750.0,1003000000.0,82860.0,0.0,0.0,-82860.0,253530200.0,0.0,0.0,-253530200.0
20/11/2019,2110.9182324209,3070.0,0.0,0.0,2110.9182324209,2110.9182324209,2069.6625014941,432650.0,1321000000.0,0.0,0.0,432650.0,1321000000.0,205520.0,0.0,0.0,-204720.0,628082000.0,0.0,0.0,-625642000.0
19/11/2019,2110.9182324209,3020.0,50.0,0.01655629,2097.1663221119,2117.7941875753,2090.2903669575,288240.0,883000000.0,0.0,0.0,288240.0,883000000.0,-13790.0,12000.0,0.0,-8210.0,-42480400.0,36840000.0,0.0,-25059600.0
18/11/2019,2076.5384566485,3040.0,-20.0,-0.00657895,2104.0422772664,2104.0422772664,2076.5384566485,138290.0,418000000.0,0.0,0.0,138290.0,418000000.0,60.0,0.0,0.0,0.0,183600.0,0.0,0.0,0.0
15/11/2019,2090.2903669575,3020.0,20.0,0.00662252,2076.5384566485,2097.1663221119,2076.5384566485,201510.0,610000000.0,20000.0,61000000.0,221510.0,671000000.0,20680.0,-2700.0,0.0,-19090.0,62644400.0,-8205000.0,0.0,-57813600.0
14/11/2019,2076.5384566485,3020.0,0.0,0.0,2097.1663221119,2104.0422772664,2076.5384566485,357670.0,1085000000.0,0.0,0.0,357670.0,1085000000.0,3000.0,0.0,0.0,-3000.0,9150000.0,0.0,0.0,-9150000.0
13/11/2019,2076.5384566485,3040.0,-20.0,-0.00657895,2076.5384566485,2110.9182324209,2076.5384566485,386500.0,1175000000.0,0.0,0.0,386500.0,1175000000.0,17110.0,0.0,0.0,0.0,51536200.0,0.0,0.0,0.0
12/11/2019,2090.2903669575,3010.0,30.0,0.00996678,2083.414411803,2097.1663221119,2062.7865463396,376620.0,1141000000.0,0.0,0.0,376620.0,1141000000.0,9580.0,-1600.0,0.0,-5000.0,28947600.0,-4848000.0,0.0,-15100000.0
11/11/2019,2069.6625014941,3030.0,-20.0,-0.00660066,2083.414411803,2090.2903669575,2055.9105911851,724450.0,2176000000.0,0.0,0.0,724450.0,2176000000.0,2940.0,0.0,0.0,-3000.0,8820000.0,0.0,0.0,-9000000.0
08/11/2019,2083.414411803,2980.0,50.0,0.01677852,2062.7865463396,2097.1663221119,2062.7865463396,438630.0,1326000000.0,0.0,0.0,438630.0,1326000000.0,1450.0,2960.0,0.0,-3900.0,4372100.0,8968800.0,0.0,-11795600.0
07/11/2019,2049.0346360307,3060.0,-80.0,-0.02614379,2110.9182324209,2110.9182324209,2028.4067705673,1062310.0,3175000000.0,0.0,0.0,1062310.0,3175000000.0,235760.0,11600.0,0.0,-267760.0,704479000.0,34568000.0,0.0,-800305000.0
06/11/2019,2104.0422772664,3060.0,0.0,0.0,2104.0422772664,2110.9182324209,2062.7865463396,345350.0,1046000000.0,0.0,0.0,345350.0,1046000000.0,-140.0,16030.0,0.0,-14410.0,94200.0,48090000.0,0.0,-43745400.0
05/11/2019,2104.0422772664,3120.0,-60.0,-0.01923077,2138.4220530387,2152.1739633476,2055.9105911851,1292400.0,3928000000.0,0.0,0.0,1292400.0,3928000000.0,-33150.0,22000.0,0.0,11150.0,-100026000.0,66640000.0,0.0,33386000.0
04/11/2019,2145.2980081932,3160.0,-40.0,-0.01265823,2179.6777839655,2179.6777839655,2145.2980081932,83830.0,263000000.0,0.0,0.0,83830.0,263000000.0,100.0,0.0,0.0,-100.0,317000.0,0.0,0.0,-317000.0
01/11/2019,2172.801828811,3170.0,-10.0,-0.00315457,2179.6777839655,2179.6777839655,2145.2980081932,438810.0,1381000000.0,0.0,0.0,438810.0,1381000000.0,1980.0,0.0,0.0,-1980.0,6256800.0,0.0,0.0,-6256800.0
31/10/2019,2179.6777839655,3170.0,0.0,0.0,2179.6777839655,2227.8094700468,2165.9258736566,344040.0,1096000000.0,0.0,0.0,344040.0,1096000000.0,7990.0,2010.0,0.0,1000.0,25318000.0,6372000.0,0.0,3180000.0
30/10/2019,2179.6777839655,3140.0,30.0,0.00955414,2165.9258736566,2179.6777839655,2138.4220530387,260230.0,817000000.0,0.0,0.0,260230.0,817000000.0,-11050.0,11050.0,0.0,0.0,-34676000.0,34676000.0,0.0,0.0
29/10/2019,2159.0499185021,3120.0,20.0,0.00641026,2145.2980081932,2186.55373912,2138.4220530387,517220.0,1622000000.0,20000.0,64000000.0,537220.0,1686000000.0,-15870.0,-30.0,-30.0,10900.0,-49991400.0,-93900.0,-93900.0,34385300.0
28/10/2019,2145.2980081932,3160.0,-40.0,-0.01265823,2165.9258736566,2200.3056494289,2131.5460978842,535260.0,1675493300.0,0.0,0.0,535260.0,1675493300.0,-29490.0,10000.0,0.0,-4510.0,-92753600.0,31400000.0,0.0,-14241400.0
25/10/2019,2172.801828811,3350.0,-190.0,-0.05671642,2303.4449767459,2303.4449767459,2165.9258736566,777760.0,2491000000.0,0.0,0.0,777760.0,2491000000.0,-13310.0,12010.0,0.0,-5000.0,-42332600.0,38301600.0,0.0,-16000000.0
24/10/2019,2303.4449767459,3360.0,-10.0,-0.00297619,2330.9487973637,2330.9487973637,2275.941156128,256900.0,860000000.0,0.0,0.0,256900.0,860000000.0,9970.0,0.0,0.0,-10000.0,33199500.0,0.0,0.0,-33300000.0
23/10/2019,2310.3209319003,3350.0,10.0,0.00298507,2330.9487973637,2330.9487973637,2289.693066437,328030.0,1100000000.0,0.0,0.0,328030.0,1100000000.0,8640.0,-37320.0,0.0,0.0,28879300.0,-124957300.0,0.0,0.0
22/10/2019,2303.4449767459,3260.0,90.0,0.02760736,2241.5613803557,2365.3285731361,2234.6854252012,477710.0,1595000000.0,0.0,0.0,477710.0,1595000000.0,18650.0,0.0,0.0,-20000.0,63582500.0,0.0,0.0,-68000000.0
21/10/2019,2241.5613803557,3250.0,10.0,0.00307692,2214.0575597378,2262.1892458191,2214.0575597378,308150.0,1001000000.0,0.0,0.0,308150.0,1001000000.0,-10.0,10.0,0.0,0.0,-32600.0,32600.0,0.0,0.0
18/10/2019,2234.6854252012,3300.0,-50.0,-0.01515152,2255.3132906646,2296.5690215914,2234.6854252012,325220.0,1067000000.0,0.0,0.0,325220.0,1067000000.0,-12070.0,1210.0,0.0,-100.0,-39776600.0,4001600.0,0.0,-331000.0
17/10/2019,2269.0652009736,3350.0,-50.0,-0.01492537,2310.3209319003,2310.3209319003,2200.3056494289,567740.0,1867000000.0,0.0,0.0,567740.0,1867000000.0,3890.0,0.0,0.0,0.0,12996400.0,0.0,0.0,0.0
16/10/2019,2303.4449767459,3340.0,10.0,0.00299401,2317.1968870548,2317.1968870548,2289.693066437,262830.0,879000000.0,0.0,0.0,262830.0,879000000.0,-10000.0,0.0,0.0,0.0,-33400000.0,0.0,0.0,0.0
15/10/2019,2296.5690215914,3350.0,-10.0,-0.00298507,2303.4449767459,2303.4449767459,2269.0652009736,368550.0,1227000000.0,0.0,0.0,368550.0,1227000000.0,-2780.0,0.0,0.0,0.0,-9259400.0,0.0,0.0,0.0
14/10/2019,2303.4449767459,3360.0,-10.0,-0.00297619,2330.9487973637,2351.5766628271,2282.8171112825,690730.0,2329000000.0,0.0,0.0,690730.0,2329000000.0,2430.0,0.0,0.0,0.0,8060600.0,0.0,0.0,0.0
11/10/2019,2310.3209319003,3240.0,120.0,0.03703704,2241.5613803557,2317.1968870548,2241.5613803557,657590.0,2194000000.0,0.0,0.0,657590.0,2194000000.0,5020.0,-1000.0,0.0,-13800.0,16934900.0,-3310000.0,0.0,-45897000.0
10/10/2019,2227.8094700468,3180.0,60.0,0.01886792,2186.55373912,2227.8094700468,2186.55373912,412470.0,1327000000.0,0.0,0.0,412470.0,1327000000.0,7480.0,-3180.0,0.0,-10000.0,23936700.0,-10207800.0,0.0,-32020000.0
09/10/2019,2186.55373912,3140.0,40.0,0.01273885,2152.1739633476,2234.6854252012,2152.1739633476,840730.0,2689000000.0,0.0,0.0,840730.0,2689000000.0,121040.0,-42200.0,0.0,-93580.0,387926500.0,-135114000.0,0.0,-299941800.0
08/10/2019,2159.0499185021,3160.0,-20.0,-0.00632911,2179.6777839655,2193.4296942744,2159.0499185021,382460.0,1208000000.0,0.0,0.0,382460.0,1208000000.0,-3360.0,3000.0,0.0,0.0,-10201600.0,9060000.0,0.0,0.0
04/10/2019,2172.801828811,3130.0,30.0,0.00958466,2131.5460978842,2186.55373912,2131.5460978842,352580.0,1110000000.0,0.0,0.0,352580.0,1110000000.0,40250.0,0.0,0.0,-5000.0,127140000.0,0.0,0.0,-15750000.0
03/10/2019,2152.1739633476,3130.0,0.0,0.0,2145.2980081932,2152.1739633476,2117.7941875753,302510.0,940000000.0,0.0,0.0,302510.0,940000000.0,800.0,-1800.0,0.0,1000.0,2544300.0,-5634300.0,0.0,3090000.0
02/10/2019,2152.1739633476,3120.0,10.0,0.00320513,2145.2980081932,2152.1739633476,2131.5460978842,176500.0,551000000.0,0.0,0.0,176500.0,551000000.0,9900.0,100.0,0.0,0.0,30950300.0,313000.0,0.0,0.0
01/10/2019,2145.2980081932,3100.0,20.0,0.00645161,2159.0499185021,2159.0499185021,2117.7941875753,451290.0,1400000000.0,0.0,0.0,451290.0,1400000000.0,-20000.0,20000.0,0.0,0.0,-61700000.0,61700000.0,0.0,0.0
30/09/2019,2131.5460978842,3100.0,0.0,0.0,2124.6701427298,2159.0499185021,2124.6701427298,513980.0,1599000000.0,0.0,0.0,513980.0,1599000000.0,15000.0,0.0,0.0,0.0,46950000.0,0.0,0.0,0.0
27/09/2019,2131.5460978842,3160.0,-60.0,-0.01898734,2172.801828811,2172.801828811,2131.5460978842,264900.0,826000000.0,0.0,0.0,264900.0,826000000.0,-200.0,0.0,0.0,0.0,-635000.0,0.0,0.0,0.0
26/09/2019,2172.801828811,3200.0,-40.0,-0.0125,2200.3056494289,2200.3056494289,2062.7865463396,439610.0,1378000000.0,0.0,0.0,439610.0,1378000000.0,108180.0,-19380.0,0.0,-89000.0,331106200.0,-62062800.0,0.0,-269676900.0
25/09/2019,2200.3056494289,3040.0,160.0,0.05263158,2090.2903669575,2200.3056494289,2049.0346360307,913600.0,2802000000.0,0.0,0.0,913600.0,2802000000.0,387100.0,0.0,0.0,-413000.0,1167167200.0,0.0,0.0,-1244760200.0
24/09/2019,2090.2903669575,3130.0,-90.0,-0.02875399,2131.5460978842,2145.2980081932,2090.2903669575,311990.0,954000000.0,0.0,0.0,311990.0,954000000.0,-1020.0,-10.0,-10.0,0.0,-3121000.0,-30800.0,-30800.0,0.0
23/09/2019,2152.1739633476,3150.0,-30.0,-0.00952381,2165.9258736566,2200.3056494289,2124.6701427298,354740.0,1107424800.0,0.0,0.0,354740.0,1107424800.0,45390.0,20000.0,0.0,-65390.0,144030900.0,62000000.0,0.0,-206030900.0
20/09/2019,2165.9258736566,3150.0,0.0,0.0,2193.4296942744,2214.0575597378,2165.9258736566,425090.0,1354000000.0,0.0,0.0,425090.0,1354000000.0,-100.0,0.0,0.0,0.0,-317000.0,0.0,0.0,0.0
19/09/2019,2165.9258736566,3040.0,110.0,0.03618421,2083.414411803,2200.3056494289,2083.414411803,1480210.0,4652000000.0,0.0,0.0,1480210.0,4652000000.0,241900.0,-50990.0,0.0,-239780.0,756236600.0,-159159500.0,0.0,-750005900.0
18/09/2019,2090.2903669575,2950.0,90.0,0.03050847,2028.4067705673,2117.7941875753,2028.4067705673,674720.0,2047000000.0,0.0,0.0,674720.0,2047000000.0,101800.0,1200.0,0.0,-100000.0,306472100.0,3641500.0,0.0,-300993600.0
17/09/2019,2028.4067705673,2880.0,70.0,0.02430556,1987.1510396405,2035.2827257217,1966.5231741771,594390.0,1730000000.0,0.0,0.0,594390.0,1730000000.0,165670.0,0.0,0.0,-165670.0,481267000.0,0.0,0.0,-481267000.0
16/09/2019,1980.275084486,2930.0,-50.0,-0.01706485,2014.6548602583,2014.6548602583,1973.3991293315,187230.0,541000000.0,0.0,0.0,187230.0,541000000.0,45580.0,2100.0,0.0,-47680.0,132243500.0,6048000.0,0.0,-138291500.0
13/09/2019,2014.6548602583,2910.0,20.0,0.00687285,2000.9029499494,2035.2827257217,1987.1510396405,118360.0,346000000.0,0.0,0.0,118360.0,346000000.0,20.0,0.0,0.0,0.0,58200.0,0.0,0.0,0.0
12/09/2019,2000.9029499494,2830.0,80.0,0.02826855,1939.0193535592,2000.9029499494,1939.0193535592,350540.0,1014000000.0,0.0,0.0,350540.0,1014000000.0,1530.0,0.0,0.0,-1130.0,4405000.0,0.0,0.0,-3277000.0
10/09/2019,1932.1433984048,2850.0,-40.0,-0.01403509,1959.6472190226,1980.275084486,1925.2674432503,497710.0,1403000000.0,0.0,0.0,497710.0,1403000000.0,-13850.0,10830.0,0.0,0.0,-39343600.0,30836000.0,0.0,0.0
09/09/2019,1959.6472190226,2890.0,-40.0,-0.01384083,1980.275084486,1994.0269947949,1959.6472190226,245720.0,706000000.0,0.0,0.0,245720.0,706000000.0,1380.0,-4260.0,0.0,0.0,3946400.0,-12240800.0,0.0,0.0
06/09/2019,1987.1510396405,2920.0,-30.0,-0.01027397,1994.0269947949,2007.7789051039,1987.1510396405,197750.0,572000000.0,0.0,0.0,197750.0,572000000.0,130.0,0.0,0.0,-130.0,380600.0,0.0,0.0,-380600.0
05/09/2019,2007.7789051039,2940.0,-20.0,-0.00680272,2021.5308154128,2021.5308154128,1980.275084486,144930.0,421000000.0,0.0,0.0,144930.0,421000000.0,7350.0,0.0,0.0,-7350.0,21399000.0,0.0,0.0,-21399000.0
04/09/2019,2021.5308154128,2940.0,0.0,0.0,2028.4067705673,2035.2827257217,1973.3991293315,652120.0,1888000000.0,20000.0,60000000.0,672120.0,1948000000.0,267110.0,-20.0,-20.0,-267390.0,772230900.0,-57400.0,-57400.0,-773049500.0
03/09/2019,2021.5308154128,2990.0,-50.0,-0.01672241,2049.0346360307,2049.0346360307,2021.5308154128,326490.0,965000000.0,0.0,0.0,326490.0,965000000.0,5130.0,0.0,0.0,-5230.0,15288400.0,0.0,0.0,-15585400.0
30/08/2019,2055.9105911851,2990.0,0.0,0.0,2062.7865463396,2083.414411803,2042.1586808762,293130.0,877000000.0,0.0,0.0,293130.0,877000000.0,-3490.0,0.0,0.0,0.0,-10504000.0,0.0,0.0,0.0
29/08/2019,2055.9105911851,2980.0,10.0,0.0033557,2049.0346360307,2090.2903669575,2035.2827257217,173830.0,521000000.0,0.0,0.0,173830.0,521000000.0,20000.0,-20000.0,0.0,0.0,60000000.0,-60000000.0,0.0,0.0
28/08/2019,2049.0346360307,2950.0,30.0,0.01016949,2028.4067705673,2049.0346360307,2014.6548602583,123940.0,365000000.0,0.0,0.0,123940.0,365000000.0,-18510.0,10.0,0.0,18000.0,-54329800.0,29800.0,0.0,52830000.0
27/08/2019,2028.4067705673,2940.0,10.0,0.00340136,2021.5308154128,2062.7865463396,2021.5308154128,382080.0,1132000000.0,0.0,0.0,382080.0,1132000000.0,78640.0,-9400.0,0.0,-69240.0,232470700.0,-28236000.0,0.0,-204234700.0
26/08/2019,2021.5308154128,2990.0,-50.0,-0.01672241,2055.9105911851,2055.9105911851,2021.5308154128,253450.0,750000000.0,0.0,0.0,253450.0,750000000.0,37960.0,0.0,0.0,-67960.0,113393200.0,0.0,0.0,-201593200.0
23/08/2019,2055.9105911851,3000.0,-10.0,-0.00333333,2083.414411803,2083.414411803,2049.0346360307,353340.0,1058000000.0,0.0,0.0,353340.0,1058000000.0,-440.0,440.0,0.0,0.0,-1311200.0,1311200.0,0.0,0.0
22/08/2019,2062.7865463396,3010.0,-10.0,-0.00332226,2069.6625014941,2124.6701427298,2062.7865463396,736150.0,2219000000.0,0.0,0.0,736150.0,2219000000.0,393110.0,0.0,0.0,-393610.0,1185004000.0,0.0,0.0,-1186504000.0
21/08/2019,2069.6625014941,3040.0,-30.0,-0.00986842,2090.2903669575,2090.2903669575,2055.9105911851,468140.0,1406000000.0,0.0,0.0,468140.0,1406000000.0,-1200.0,800.0,0.0,400.0,-3604000.0,2392000.0,0.0,1212000.0
19/08/2019,2090.2903669575,3040.0,0.0,0.0,2090.2903669575,2097.1663221119,2062.7865463396,141490.0,427000000.0,0.0,0.0,141490.0,427000000.0,1730.0,0.0,0.0,-1730.0,5224600.0,0.0,0.0,-5224600.0
16/08/2019,2090.2903669575,3010.0,30.0,0.00996678,2090.2903669575,2097.1663221119,2062.7865463396,238780.0,720000000.0,57000.0,171570000.0,295780.0,891570000.0,-11220.0,1500.0,0.0,9720.0,-33828400.0,4524000.0,0.0,29304400.0
15/08/2019,2069.6625014941,3040.0,-30.0,-0.00986842,2090.2903669575,2104.0422772664,2055.9105911851,140670.0,424000000.0,0.0,0.0,140670.0,424000000.0,-20000.0,0.0,0.0,20000.0,-60735300.0,0.0,0.0,60735300.0
14/08/2019,2090.2903669575,3070.0,-30.0,-0.00977199,2110.9182324209,2131.5460978842,2090.2903669575,129710.0,397000000.0,0.0,0.0,129710.0,397000000.0,13700.0,-15000.0,0.0,0.0,41759000.0,-45750000.0,0.0,0.0
13/08/2019,2110.9182324209,3120.0,-50.0,-0.01602564,2131.5460978842,2145.2980081932,2097.1663221119,240990.0,742000000.0,0.0,0.0,240990.0,742000000.0,15970.0,-12000.0,0.0,680.0,49915500.0,-37640000.0,0.0,2108000.0
12/08/2019,2145.2980081932,3160.0,-40.0,-0.01265823,2152.1739633476,2165.9258736566,2131.5460978842,210950.0,657000000.0,0.0,0.0,210950.0,657000000.0,-3260.0,-17840.0,0.0,24700.0,-9607400.0,-56017600.0,0.0,76920000.0
08/08/2019,2124.6701427298,3050.0,40.0,0.01311475,2097.1663221119,2131.5460978842,2069.6625014941,445830.0,1358000000.0,0.0,0.0,445830.0,1358000000.0,-58650.0,0.0,0.0,54450.0,-177809000.0,0.0,0.0,165023500.0
07/08/2019,2097.1663221119,3000.0,50.0,0.01666667,2083.414411803,2104.0422772664,2069.6625014941,152490.0,463000000.0,0.0,0.0,152490.0,463000000.0,-29750.0,3800.0,0.0,22350.0,-90039100.0,11566000.0,0.0,67553000.0
06/08/2019,2062.7865463396,3010.0,-10.0,-0.00332226,2042.1586808762,2138.4220530387,2028.4067705673,484550.0,1453000000.0,0.0,0.0,484550.0,1453000000.0,-7670.0,600.0,0.0,12400.0,-22638300.0,1788000.0,0.0,36839000.0
05/08/2019,2069.6625014941,3110.0,-100.0,-0.03215434,2145.2980081932,2159.0499185021,2062.7865463396,810880.0,2468000000.0,0.0,0.0,810880.0,2468000000.0,-4800.0,5800.0,0.0,-1000.0,-14928000.0,18008000.0,0.0,-3080000.0
02/08/2019,2138.4220530387,3180.0,-70.0,-0.02201258,2186.55373912,2186.55373912,2138.4220530387,453250.0,1420000000.0,0.0,0.0,453250.0,1420000000.0,913700.0,-3560.0,0.0,100.0,8156247000.0,-31684000.0,0.0,311000.0
01/08/2019,2186.55373912,3270.0,-90.0,-0.02752294,2248.4373355102,2248.4373355102,2186.55373912,561400.0,1797000000.0,0.0,0.0,561400.0,1797000000.0,195360.0,0.0,0.0,-200000.0,625688500.0,0.0,0.0,-640694800.0
31/07/2019,2248.4373355102,3280.0,-10.0,-0.00304878,2255.3132906646,2262.1892458191,2200.3056494289,329910.0,1070000000.0,0.0,0.0,329910.0,1070000000.0,13050.0,1050.0,0.0,-13000.0,42341900.0,3370800.0,0.0,-42115700.0
30/07/2019,2255.3132906646,3300.0,-20.0,-0.00606061,2269.0652009736,2269.0652009736,2207.1816045834,345870.0,1123000000.0,0.0,0.0,345870.0,1123000000.0,-5270.0,4500.0,0.0,0.0,-17127500.0,14625000.0,0.0,0.0
29/07/2019,2269.0652009736,3300.0,0.0,0.0,2269.0652009736,2269.0652009736,2255.3132906646,135170.0,445000000.0,0.0,0.0,135170.0,445000000.0,-22730.0,-5960.0,0.0,28690.0,-74435200.0,-19668000.0,0.0,94103200.0
26/07/2019,2269.0652009736,3280.0,20.0,0.00609756,2262.1892458191,2296.5690215914,2255.3132906646,244590.0,808000000.0,0.0,0.0,244590.0,808000000.0,32840.0,-17910.0,-10.0,-14300.0,108774100.0,-59470900.0,-33100.0,-47216800.0
25/07/2019,2255.3132906646,3290.0,-10.0,-0.00303951,2262.1892458191,2289.693066437,2255.3132906646,237160.0,783000000.0,0.0,0.0,237160.0,783000000.0,-34590.0,-660.0,0.0,35000.0,-113791400.0,-2184600.0,0.0,115150000.0
24/07/2019,2262.1892458191,3310.0,-20.0,-0.0060423,2275.941156128,2296.5690215914,2262.1892458191,110560.0,366000000.0,0.0,0.0,110560.0,366000000.0,-35300.0,0.0,0.0,35300.0,-116843000.0,0.0,0.0,116843000.0
23/07/2019,2275.941156128,3350.0,-40.0,-0.0119403,2303.4449767459,2303.4449767459,2275.941156128,422870.0,1408000000.0,0.0,0.0,422870.0,1408000000.0,-30900.0,0.0,0.0,30400.0,-103505100.0,0.0,0.0,101840000.0
22/07/2019,2303.4449767459,3370.0,-20.0,-0.00593472,2317.1968870548,2330.9487973637,2303.4449767459,290220.0,976000000.0,0.0,0.0,290220.0,976000000.0,44750.0,-5000.0,0.0,-39800.0,149667400.0,-16950000.0,0.0,-132884900.0
19/07/2019,2317.1968870548,3430.0,-60.0,-0.01749271,2372.2045282905,2372.2045282905,2317.1968870548,247360.0,842000000.0,0.0,0.0,247360.0,842000000.0,-10550.0,10000.0,0.0,0.0,-35581500.0,33700000.0,0.0,0.0
18/07/2019,2358.4526179816,3450.0,-20.0,-0.0057971,2358.4526179816,2372.2045282905,2337.8247525182,156660.0,536000000.0,0.0,0.0,156660.0,536000000.0,-600.0,0.0,0.0,0.0,-2046000.0,0.0,0.0,0.0
17/07/2019,2372.2045282905,3470.0,-20.0,-0.00576369,2399.7083489084,2399.7083489084,2372.2045282905,133370.0,461000000.0,0.0,0.0,133370.0,461000000.0,-300.0,0.0,0.0,0.0,-1037500.0,0.0,0.0,0.0
16/07/2019,2385.9564385995,3460.0,10.0,0.00289017,2365.3285731361,2406.5843040629,2365.3285731361,358400.0,1244000000.0,0.0,0.0,358400.0,1244000000.0,10.0,0.0,0.0,0.0,35000.0,0.0,0.0,0.0
15/07/2019,2379.080483445,3500.0,-40.0,-0.01142857,2406.5843040629,2406.5843040629,2372.2045282905,146790.0,510000000.0,72600.0,236676000.0,219390.0,746676000.0,11450.0,-12000.0,0.0,0.0,39861000.0,-41770000.0,0.0,0.0
12/07/2019,2406.5843040629,3460.0,40.0,0.01156069,2406.5843040629,2434.0881246807,2385.9564385995,682220.0,2392000000.0,0.0,0.0,682220.0,2392000000.0,-86700.0,0.0,0.0,87000.0,-304886900.0,0.0,0.0,305949900.0
11/07/2019,2379.080483445,3400.0,60.0,0.01764706,2379.080483445,2379.080483445,2344.7007076727,285870.0,985000000.0,0.0,0.0,285870.0,985000000.0,17320.0,0.0,0.0,2500.0,59612800.0,0.0,0.0,8370000.0
10/07/2019,2337.8247525182,3370.0,30.0,0.00890208,2337.8247525182,2372.2045282905,2330.9487973637,486310.0,1661000000.0,0.0,0.0,486310.0,1661000000.0,8310.0,-8300.0,0.0,0.0,28356900.0,-28323000.0,0.0,0.0
09/07/2019,2317.1968870548,3380.0,-10.0,-0.00295858,2324.0728422093,2330.9487973637,2296.5690215914,319030.0,1072000000.0,0.0,0.0,319030.0,1072000000.0,23560.0,-1400.0,0.0,-22160.0,79357800.0,-4725000.0,0.0,-74632800.0
08/07/2019,2324.0728422093,3400.0,-20.0,-0.00588235,2337.8247525182,2337.8247525182,2296.5690215914,122580.0,413000000.0,0.0,0.0,122580.0,413000000.0,-10750.0,0.0,0.0,740.0,-36142600.0,0.0,0.0,2508600.0
05/07/2019,2337.8247525182,3380.0,20.0,0.00591716,2324.0728422093,2351.5766628271,2317.1968870548,230290.0,782000000.0,0.0,0.0,230290.0,782000000.0,-840.0,0.0,0.0,840.0,-2856000.0,0.0,0.0,2856000.0
02/07/2019,2296.5690215914,3400.0,-60.0,-0.01764706,2344.7007076727,2344.7007076727,2296.5690215914,267970.0,900000000.0,0.0,0.0,267970.0,900000000.0,610.0,0.0,0.0,0.0,2055700.0,0.0,0.0,0.0
01/07/2019,2337.8247525182,3350.0,50.0,0.01492537,2324.0728422093,2351.5766628271,2324.0728422093,832360.0,2829000000.0,0.0,0.0,832360.0,2829000000.0,-25760.0,-240.0,0.0,0.0,-87584000.0,-816000.0,0.0,0.0
28/06/2019,2303.4449767459,3270.0,80.0,0.02446483,2220.9335148923,2303.4449767459,2220.9335148923,484730.0,1598000000.0,0.0,0.0,484730.0,1598000000.0,-20000.0,0.0,0.0,0.0,-65998600.0,0.0,0.0,0.0
27/06/2019,2248.4373355102,3340.0,-70.0,-0.02095808,2296.5690215914,2324.0728422093,2248.4373355102,316390.0,1049000000.0,50000.0,155500000.0,366390.0,1204500000.0,-1810.0,1200.0,0.0,0.0,-5961400.0,3924000.0,0.0,0.0
26/06/2019,2296.5690215914,3360.0,-20.0,-0.00595238,2310.3209319003,2330.9487973637,2289.693066437,562040.0,1890000000.0,0.0,0.0,562040.0,1890000000.0,-1000.0,0.0,0.0,0.0,-3360000.0,0.0,0.0,0.0
25/06/2019,2310.3209319003,3430.0,-70.0,-0.02040816,2330.9487973637,2372.2045282905,2289.693066437,795810.0,2682000000.0,20000.0,70000000.0,815810.0,2752000000.0,-42430.0,1900.0,0.0,500.0,-143295400.0,6384000.0,0.0,1710000.0
24/06/2019,2358.4526179816,3520.0,-90.0,-0.02556818,2420.3362143718,2440.9640798352,2344.7007076727,1003840.0,3489000000.0,0.0,0.0,1003840.0,3489000000.0,-119970.0,5000.0,0.0,4970.0,-417794400.0,17300000.0,0.0,17094400.0
21/06/2019,2420.3362143718,3530.0,-10.0,-0.0028,2427.2121695263,2454.7159901441,2420.3362143718,163610.0,578000000.0,0.0,0.0,163610.0,578000000.0,4990.0,0.0,0.0,-4990.0,17764400.0,0.0,0.0,-17764400.0
20/06/2019,2427.2121695263,3540.0,-10.0,-0.0028,2440.9640798352,2447.8400349897,2406.5843040629,461420.0,1627000000.0,0.0,0.0,461420.0,1627000000.0,18400.0,240.0,0.0,-48640.0,66324000.0,848100.0,0.0,-172672100.0
19/06/2019,2434.0881246807,3560.0,-20.0,-0.00561798,2489.0957659164,2489.0957659164,2420.3362143718,406410.0,1442000000.0,0.0,0.0,406410.0,1442000000.0,38020.0,7000.0,0.0,-75020.0,136801400.0,24920000.0,0.0,-267321400.0
18/06/2019,2447.8400349897,3600.0,-40.0,-0.01111111,2475.3438556075,2509.7236313798,2447.8400349897,266060.0,954000000.0,0.0,0.0,266060.0,954000000.0,10000.0,0.0,0.0,-10000.0,35860400.0,0.0,0.0,-35860400.0
