NGÀY,GIÁ,GIÁ THÔ,THAY ĐỔI,%THAY ĐỔI,MỞ,CAO,THẤP,KL KHỚP,GT KHỚP,KL THỎA THUẬN,GT THỎA THUẬN,TỔNG KHỐI LƯỢNG,TỔNG GIÁ TRỊ,KL Cá Nhân Khớp Ròng,KL Tổ chức Khớp Ròng,KL Tự doanh Khớp Ròng,KL Nước Ngoài Khớp Ròng,GT Cá Nhân Khớp Ròng,GT Tổ chức Khớp Ròng,GT Tự doanh Khớp Ròng,GT Nước Ngoài Khớp Ròng
03/09/2026,8990.0,9190.0,-200.0,-0.02176279,9110.0,9180.0,8990.0,125240.0,1131963950.0,0.0,0.0,125240.0,1131963950.0,11600.0,0.0,0.0,-11600.0,104997000.0,0.0,0.0,-104997000.0
28/08/2026,9190.0,9110.0,80.0,0.00878156,9110.0,9200.0,9080.0,53505.0,488263450.0,0.0,0.0,53505.0,488263450.0,2318.0,-14318.0,0.0,12000.0,20463300.0,-130544300.0,0.0,110081000.0
27/08/2026,9110.0,9230.0,-120.0,-0.01300108,9230.0,9240.0,9100.0,49900.0,455766290.0,0.0,0.0,49900.0,455766290.0,-3494.0,94.0,0.0,3400.0,-31758589.0,892590.0,0.0,30866000.0
26/08/2026,9230.0,9230.0,0.0,0.0,9200.0,9250.0,9140.0,106939.0,985821570.0,0.0,0.0,106939.0,985821570.0,-77991.0,76591.0,0.0,1400.0,-719073661.0,706138660.0,0.0,12935000.0
25/08/2026,9230.0,9240.0,-10.0,-0.00108225,9240.0,9240.0,8600.0,89663.0,807294680.0,0.0,0.0,89663.0,807294680.0,-31098.0,28498.0,0.0,2600.0,-285452910.0,261658910.0,0.0,23794000.0
24/08/2026,9240.0,9230.0,10.0,0.00108342,9240.0,9240.0,9140.0,74353.0,683898370.0,0.0,0.0,74353.0,683898370.0,-20551.0,26251.0,0.0,-5700.0,-188912360.0,241470360.0,0.0,-52558000.0
21/08/2026,9230.0,9000.0,230.0,0.02555556,8930.0,9250.0,8930.0,146502.0,1331697000.0,0.0,0.0,146502.0,1331697000.0,-57108.0,5508.0,0.0,51600.0,-522301000.0,48742000.0,0.0,473559000.0
20/08/2026,9000.0,8920.0,80.0,0.00896861,8860.0,9000.0,8860.0,69426.0,619445840.0,0.0,0.0,69426.0,619445840.0,-27710.0,31510.0,0.0,-3800.0,-246680000.0,280911000.0,0.0,-34231000.0
19/08/2026,8920.0,8990.0,-70.0,-0.00778643,8980.0,8980.0,8850.0,37821.0,337147600.0,0.0,0.0,37821.0,337147600.0,9394.0,-7894.0,0.0,-1500.0,83671121.0,-70301120.0,0.0,-13370000.0
18/08/2026,8990.0,9000.0,-10.0,-0.00111111,9000.0,9000.0,8930.0,89493.0,802644560.0,0.0,0.0,89493.0,802644560.0,-45211.0,44911.0,0.0,300.0,-406224000.0,403578000.0,0.0,2646000.0
17/08/2026,9000.0,9000.0,0.0,0.0,9000.0,9010.0,8870.0,103188.0,926994750.0,0.0,0.0,103188.0,926994750.0,-60383.0,64283.0,0.0,-3900.0,-544475050.0,579249050.0,0.0,-34774000.0
14/08/2026,9000.0,9110.0,-110.0,-0.01207464,9050.0,9080.0,8900.0,47514.0,428539650.0,0.0,0.0,47514.0,428539650.0,12113.0,-6613.0,0.0,-5500.0,108977940.0,-59320940.0,0.0,-49657000.0
13/08/2026,9110.0,9110.0,0.0,0.0,9110.0,9140.0,9050.0,112400.0,1022354000.0,0.0,0.0,112400.0,1022354000.0,-27100.0,35800.0,0.0,-8700.0,-246733000.0,325903000.0,0.0,-79170000.0
12/08/2026,9110.0,9130.0,-20.0,-0.00219058,9110.0,9170.0,9010.0,115772.0,1054594970.0,0.0,0.0,115772.0,1054594970.0,-19037.0,19637.0,0.0,-600.0,-175847669.0,181444670.0,0.0,-5597000.0
11/08/2026,9130.0,9150.0,-20.0,-0.00218579,9270.0,9270.0,9130.0,97634.0,894853880.0,0.0,0.0,97634.0,894853880.0,-2735.0,3853.0,0.0,-1118.0,-25324210.0,35455810.0,0.0,-10131600.0
10/08/2026,9150.0,9090.0,60.0,0.00660066,9100.0,9230.0,9080.0,210470.0,1921343120.0,0.0,0.0,210470.0,1921343120.0,-5115.0,-3485.0,0.0,8600.0,-46625530.0,-31750470.0,0.0,78376000.0
07/08/2026,9090.0,9070.0,20.0,0.00220507,9070.0,9090.0,9020.0,211727.0,1919745540.0,0.0,0.0,211727.0,1919745540.0,-62869.0,88369.0,0.0,-25500.0,-570095171.0,800937170.0,0.0,-230842000.0
06/08/2026,9070.0,9060.0,10.0,0.00110375,9050.0,9080.0,8910.0,121652.0,1096794980.0,0.0,0.0,121652.0,1096794980.0,-20406.0,27206.0,0.0,-6800.0,-185351050.0,246292050.0,0.0,-60941000.0
05/08/2026,9060.0,8850.0,210.0,0.02372881,8880.0,9060.0,8860.0,371217.0,3328149030.0,0.0,0.0,371217.0,3328149030.0,-145942.0,143774.0,0.0,2168.0,-1311204981.0,1291911500.0,0.0,19293480.0
04/08/2026,8850.0,8800.0,50.0,0.00568182,8820.0,8880.0,8800.0,94966.0,838417700.0,0.0,0.0,94966.0,838417700.0,-37351.0,37251.0,0.0,100.0,-329513860.0,328630860.0,0.0,883000.0
03/08/2026,8800.0,8570.0,230.0,0.02683781,8560.0,8880.0,8560.0,130800.0,1148280600.0,0.0,0.0,130800.0,1148280600.0,-10528.0,1628.0,0.0,8900.0,-91532020.0,13378020.0,0.0,78154000.0
31/07/2026,8570.0,8460.0,110.0,0.01300236,8500.0,8600.0,8500.0,136335.0,1168952520.0,0.0,0.0,136335.0,1168952520.0,36310.0,-36810.0,0.0,500.0,310993700.0,-315277700.0,0.0,4284000.0
30/07/2026,8460.0,8300.0,160.0,0.01927711,8210.0,8490.0,8210.0,190677.0,1609316850.0,0.0,0.0,190677.0,1609316850.0,-47596.0,32496.0,0.0,15100.0,-401730380.0,274917380.0,0.0,126813000.0
29/07/2026,8300.0,8200.0,100.0,0.01219512,8300.0,8300.0,8220.0,70499.0,583111780.0,0.0,0.0,70499.0,583111780.0,567.0,-1267.0,0.0,700.0,4499400.0,-10313400.0,0.0,5814000.0
28/07/2026,8200.0,8270.0,-70.0,-0.00846433,8260.0,8260.0,8140.0,114938.0,942380930.0,0.0,0.0,114938.0,942380930.0,40133.0,-37833.0,0.0,-2300.0,329242100.0,-310392100.0,0.0,-18850000.0
27/07/2026,8270.0,8400.0,-130.0,-0.01547619,8400.0,8470.0,8270.0,108261.0,903874710.0,0.0,0.0,108261.0,903874710.0,38301.0,-20301.0,0.0,-18000.0,318332590.0,-167500590.0,0.0,-150832000.0
24/07/2026,8400.0,8530.0,-130.0,-0.01524033,8500.0,8530.0,8300.0,96456.0,812009700.0,0.0,0.0,96456.0,812009700.0,6700.0,-5200.0,0.0,-1500.0,56564000.0,-43739000.0,0.0,-12825000.0
23/07/2026,8530.0,8540.0,-10.0,-0.00117096,8500.0,8610.0,8500.0,96716.0,824535540.0,0.0,0.0,96716.0,824535540.0,-20000.0,24100.0,0.0,-4100.0,-170611000.0,205608000.0,0.0,-34997000.0
22/07/2026,8540.0,8650.0,-110.0,-0.01271676,8510.0,8790.0,8240.0,107672.0,916848020.0,0.0,0.0,107672.0,916848020.0,13002.0,-14402.0,0.0,1400.0,111158370.0,-122332370.0,0.0,11174000.0
21/07/2026,8650.0,8670.0,-20.0,-0.00230681,8510.0,8840.0,8510.0,556104.0,4865414100.0,0.0,0.0,556104.0,4865414100.0,-63601.0,322701.0,0.0,-259100.0,-555181830.0,2830749830.0,0.0,-2275568000.0
20/07/2026,8670.0,9070.0,-400.0,-0.04410143,9050.0,9080.0,8500.0,311566.0,2753667490.0,0.0,0.0,311566.0,2753667490.0,-141891.0,136091.0,0.0,5800.0,-1259742830.0,1208114830.0,0.0,51628000.0
17/07/2026,9070.0,9200.0,-130.0,-0.01413043,9200.0,9200.0,9060.0,63676.0,578392850.0,0.0,0.0,63676.0,578392850.0,5993.0,-4493.0,0.0,-1500.0,54331599.0,-40681600.0,0.0,-13650000.0
16/07/2026,9200.0,9240.0,-40.0,-0.004329,9230.0,9300.0,9010.0,154228.0,1406495000.0,0.0,0.0,154228.0,1406495000.0,22098.0,-5998.0,0.0,-16100.0,202397460.0,-55284460.0,0.0,-147113000.0
15/07/2026,9240.0,9300.0,-60.0,-0.00645161,9370.0,9370.0,9190.0,54571.0,505352890.0,0.0,0.0,54571.0,505352890.0,-11344.0,11344.0,0.0,0.0,-105556230.0,105556230.0,0.0,0.0
14/07/2026,9300.0,9250.0,50.0,0.00540541,9200.0,9350.0,9190.0,195369.0,1809144840.0,0.0,0.0,195369.0,1809144840.0,-62305.0,60405.0,0.0,1900.0,-581354780.0,563616780.0,0.0,17738000.0
13/07/2026,9250.0,9450.0,-200.0,-0.02116402,9430.0,9450.0,9250.0,138412.0,1290964010.0,0.0,0.0,138412.0,1290964010.0,64101.0,-60701.0,0.0,-3400.0,599064530.0,-567054530.0,0.0,-32010000.0
10/07/2026,9450.0,9460.0,-10.0,-0.00105708,9470.0,9510.0,9410.0,38167.0,360820530.0,0.0,0.0,38167.0,360820530.0,10589.0,-9589.0,0.0,-1000.0,100116680.0,-90661680.0,0.0,-9455000.0
09/07/2026,9460.0,9510.0,-50.0,-0.00525762,9510.0,9550.0,9450.0,70105.0,665082600.0,0.0,0.0,70105.0,665082600.0,-1905.0,3205.0,0.0,-1300.0,-18246600.0,30601600.0,0.0,-12355000.0
08/07/2026,9510.0,9510.0,0.0,0.0,9500.0,9550.0,9460.0,79399.0,753596080.0,0.0,0.0,79399.0,753596080.0,23092.0,-20992.0,0.0,-2100.0,219210960.0,-199236960.0,0.0,-19974000.0
07/07/2026,9510.0,9600.0,-90.0,-0.009375,9550.0,9670.0,9460.0,88451.0,842190150.0,0.0,0.0,88451.0,842190150.0,42669.0,-40169.0,0.0,-2500.0,406105230.0,-382158230.0,0.0,-23947000.0
06/07/2026,9600.0,9670.0,-70.0,-0.00723888,9670.0,9690.0,9500.0,84383.0,812669530.0,0.0,0.0,84383.0,812669530.0,38309.0,-28796.0,0.0,-9513.0,367660240.0,-276126270.0,0.0,-91533970.0
03/07/2026,9670.0,9670.0,0.0,0.0,9500.0,9700.0,9500.0,138155.0,1327914620.0,0.0,0.0,138155.0,1327914620.0,-53798.0,51498.0,0.0,2300.0,-518779680.0,497057680.0,0.0,21722000.0
02/07/2026,9670.0,9670.0,0.0,0.0,9670.0,9770.0,9660.0,43697.0,423820040.0,0.0,0.0,43697.0,423820040.0,-7385.0,5009.0,0.0,2376.0,-71607779.0,48521430.0,0.0,23086350.0
01/07/2026,9670.0,9430.0,240.0,0.02545069,9540.0,9680.0,9430.0,247885.0,2373793410.0,0.0,0.0,247885.0,2373793410.0,-130401.0,116901.0,0.0,13500.0,-1247908360.0,1118124360.0,0.0,129784000.0
30/06/2026,9430.0,9430.0,0.0,0.0,9440.0,9540.0,9200.0,187544.0,1759973110.0,0.0,0.0,187544.0,1759973110.0,5686.0,-16386.0,0.0,10700.0,55017870.0,-155754870.0,0.0,100737000.0
29/06/2026,9430.0,9520.0,-90.0,-0.00945378,9460.0,9530.0,9430.0,95415.0,902188290.0,0.0,0.0,95415.0,902188290.0,33607.0,-33607.0,0.0,0.0,317117050.0,-317117050.0,0.0,0.0
26/06/2026,9520.0,9600.0,-80.0,-0.00833333,9610.0,9670.0,9480.0,81673.0,779188140.0,0.0,0.0,81673.0,779188140.0,17278.0,-17278.0,0.0,0.0,164244960.0,-164244960.0,0.0,0.0
25/06/2026,9600.0,9630.0,-30.0,-0.00311526,9630.0,9720.0,9600.0,132838.0,1277549720.0,0.0,0.0,132838.0,1277549720.0,29382.0,-29782.0,0.0,400.0,282329400.0,-286173400.0,0.0,3844000.0
24/06/2026,9630.0,9700.0,-70.0,-0.00721649,9700.0,9720.0,9630.0,124114.0,1199442370.0,0.0,0.0,124114.0,1199442370.0,50804.0,-50804.0,0.0,0.0,490511910.0,-490511910.0,0.0,0.0
23/06/2026,9700.0,9720.0,-20.0,-0.00205761,9720.0,9810.0,9690.0,130773.0,1270090710.0,0.0,0.0,130773.0,1270090710.0,68003.0,-65284.0,0.0,-2719.0,660256110.0,-633804920.0,0.0,-26451190.0
22/06/2026,9720.0,9740.0,-20.0,-0.00205339,9740.0,9760.0,9710.0,42850.0,416907700.0,0.0,0.0,42850.0,416907700.0,18068.0,-17068.0,0.0,-1000.0,175779500.0,-166045500.0,0.0,-9734000.0
19/06/2026,9740.0,9780.0,-40.0,-0.00408998,9770.0,9840.0,9740.0,60426.0,590532960.0,0.0,0.0,60426.0,590532960.0,20976.0,-20976.0,0.0,0.0,204923720.0,-204923720.0,0.0,0.0
18/06/2026,9780.0,9780.0,0.0,0.0,9760.0,9810.0,9760.0,67818.0,663263540.0,0.0,0.0,67818.0,663263540.0,7879.0,-7879.0,0.0,0.0,77186310.0,-77186310.0,0.0,0.0
17/06/2026,9780.0,9770.0,10.0,0.00102354,9790.0,9790.0,9760.0,97625.0,953755890.0,0.0,0.0,97625.0,953755890.0,8194.0,-9494.0,0.0,1300.0,79694210.0,-92395210.0,0.0,12701000.0
16/06/2026,9770.0,9760.0,10.0,0.00102459,9760.0,9840.0,9750.0,97801.0,956047810.0,0.0,0.0,97801.0,956047810.0,16099.0,-14499.0,0.0,-1600.0,157395190.0,-141757190.0,0.0,-15638000.0
15/06/2026,9760.0,9790.0,-30.0,-0.00306435,9740.0,9840.0,9740.0,91978.0,900606170.0,0.0,0.0,91978.0,900606170.0,14329.0,-10729.0,0.0,-3600.0,140046530.0,-104982530.0,0.0,-35064000.0
12/06/2026,9790.0,9820.0,-30.0,-0.00305499,9900.0,9900.0,9750.0,85046.0,834539020.0,0.0,0.0,85046.0,834539020.0,47955.0,-45455.0,0.0,-2500.0,470814620.0,-446175621.0,0.0,-24639000.0
11/06/2026,9820.0,9860.0,-40.0,-0.0040568,9920.0,9920.0,9710.0,129893.0,1272233210.0,0.0,0.0,129893.0,1272233210.0,68938.0,-67938.0,0.0,-1000.0,673912961.0,-664052960.0,0.0,-9860000.0
10/06/2026,9860.0,9920.0,-60.0,-0.00604839,9810.0,9940.0,9810.0,39119.0,386496190.0,0.0,0.0,39119.0,386496190.0,14281.0,-14381.0,0.0,100.0,141136140.0,-142126140.0,0.0,990000.0
09/06/2026,9920.0,9940.0,-20.0,-0.00201207,9940.0,9940.0,9630.0,68441.0,674252390.0,0.0,0.0,68441.0,674252390.0,-3420.0,640.0,0.0,2780.0,-33413560.0,6309560.0,0.0,27104000.0
08/06/2026,9940.0,9940.0,0.0,0.0,9900.0,9940.0,9840.0,154975.0,1531970900.0,0.0,0.0,154975.0,1531970900.0,-471.0,556.0,0.0,-85.0,-5781781.0,6623480.0,0.0,-841700.0
05/06/2026,9940.0,9940.0,0.0,0.0,9950.0,9980.0,9920.0,130306.0,1295908420.0,0.0,0.0,130306.0,1295908420.0,5406.0,-5406.0,0.0,0.0,53646909.0,-53646910.0,0.0,0.0
04/06/2026,9940.0,9950.0,-10.0,-0.00100503,9950.0,10000.0,9900.0,63271.0,629962670.0,0.0,0.0,63271.0,629962670.0,4521.0,-1821.0,0.0,-2700.0,45276090.0,-18411090.0,0.0,-26865000.0
03/06/2026,9950.0,9950.0,0.0,0.0,9990.0,10000.0,9930.0,73805.0,734791660.0,0.0,0.0,73805.0,734791660.0,-34038.0,34138.0,0.0,-100.0,-338971170.0,339970170.0,0.0,-999000.0
02/06/2026,9950.0,10000.0,-50.0,-0.005,10000.0,10050.0,9870.0,130804.0,1300800620.0,0.0,0.0,130804.0,1300800620.0,1854.0,-454.0,0.0,-1400.0,18232910.0,-4275910.0,0.0,-13957000.0
01/06/2026,10000.0,9990.0,10.0,0.001001,9990.0,10100.0,9990.0,47081.0,471989160.0,0.0,0.0,47081.0,471989160.0,16724.0,-16224.0,0.0,-500.0,167158231.0,-162113230.0,0.0,-5045000.0
29/05/2026,9990.0,10000.0,-10.0,-0.001,10000.0,10100.0,9970.0,67213.0,671356290.0,0.0,0.0,67213.0,671356290.0,173.0,27.0,0.0,-200.0,1647990.0,353010.0,0.0,-2001000.0
28/05/2026,10000.0,10000.0,0.0,0.0,10150.0,10150.0,10000.0,60407.0,606536150.0,0.0,0.0,60407.0,606536150.0,137.0,-1637.0,0.0,1500.0,386100.0,-15386100.0,0.0,15000000.0
27/05/2026,10000.0,9970.0,30.0,0.00300903,10050.0,10300.0,9980.0,184823.0,1865651070.0,0.0,0.0,184823.0,1865651070.0,15399.0,33901.0,0.0,-49300.0,151601650.0,341378350.0,0.0,-492980000.0
26/05/2026,9970.0,9950.0,20.0,0.00201005,9960.0,9990.0,9950.0,62899.0,626522130.0,0.0,0.0,62899.0,626522130.0,9560.0,-9660.0,0.0,100.0,95286100.0,-96282100.0,0.0,996000.0
25/05/2026,9950.0,9890.0,60.0,0.00606673,9910.0,9990.0,9900.0,74139.0,737654670.0,0.0,0.0,74139.0,737654670.0,-22135.0,22335.0,0.0,-200.0,-220261300.0,222250300.0,0.0,-1989000.0
22/05/2026,9890.0,9890.0,0.0,0.0,9900.0,9900.0,9840.0,86101.0,850591400.0,0.0,0.0,86101.0,850591400.0,-5705.0,8105.0,0.0,-2400.0,-56210450.0,79897450.0,0.0,-23687000.0
21/05/2026,9890.0,9880.0,10.0,0.00101215,9900.0,9980.0,9880.0,140551.0,1390577290.0,0.0,0.0,140551.0,1390577290.0,22614.0,-11814.0,0.0,-10800.0,223838000.0,-116678000.0,0.0,-107160000.0
20/05/2026,9880.0,10000.0,-120.0,-0.012,10000.0,10050.0,9800.0,230768.0,2289134970.0,0.0,0.0,230768.0,2289134970.0,38821.0,-6821.0,0.0,-32000.0,386463750.0,-68041750.0,0.0,-318422000.0
19/05/2026,10000.0,10050.0,-50.0,-0.00497512,10000.0,10150.0,9990.0,261512.0,2619723700.0,0.0,0.0,261512.0,2619723700.0,35781.0,61119.0,0.0,-96900.0,356656200.0,612726800.0,0.0,-969383000.0
18/05/2026,10050.0,10100.0,-50.0,-0.0049505,10100.0,10100.0,10000.0,237146.0,2379655000.0,0.0,0.0,237146.0,2379655000.0,84678.0,-69278.0,0.0,-15400.0,846463000.0,-691648000.0,0.0,-154815000.0
15/05/2026,10100.0,10150.0,-50.0,-0.00492611,10150.0,10150.0,10050.0,122387.0,1232892400.0,0.0,0.0,122387.0,1232892400.0,49669.0,-41969.0,0.0,-7700.0,500035101.0,-422245100.0,0.0,-77790000.0
14/05/2026,10150.0,10100.0,50.0,0.0049505,10200.0,10200.0,10050.0,91674.0,928131350.0,0.0,0.0,91674.0,928131350.0,24772.0,-19272.0,0.0,-5500.0,251021049.0,-195221050.0,0.0,-55800000.0
13/05/2026,10100.0,10100.0,0.0,0.0,10150.0,10200.0,10050.0,163658.0,1651485350.0,0.0,0.0,163658.0,1651485350.0,5079.0,10321.0,0.0,-15400.0,50668250.0,104951750.0,0.0,-155620000.0
12/05/2026,10100.0,10100.0,0.0,0.0,10150.0,10200.0,10050.0,174025.0,1760982000.0,0.0,0.0,174025.0,1760982000.0,16423.0,-6123.0,0.0,-10300.0,166384600.0,-61814600.0,0.0,-104570000.0
11/05/2026,10100.0,10350.0,-250.0,-0.02415459,10350.0,10350.0,10100.0,466218.0,4741004000.0,0.0,0.0,466218.0,4741004000.0,-76487.0,99487.0,0.0,-23000.0,-777964650.0,1012884650.0,0.0,-234920000.0
08/05/2026,10350.0,10350.0,0.0,0.0,10300.0,10350.0,10250.0,190957.0,1963136450.0,0.0,0.0,190957.0,1963136450.0,-74650.0,80350.0,0.0,-5700.0,-767473350.0,826038350.0,0.0,-58565000.0
07/05/2026,10350.0,10350.0,0.0,0.0,10350.0,10400.0,10300.0,100833.0,1042676900.0,0.0,0.0,100833.0,1042676900.0,2937.0,-2937.0,0.0,0.0,30337550.0,-30337550.0,0.0,0.0
06/05/2026,10350.0,10300.0,50.0,0.00485437,10350.0,10400.0,10250.0,135247.0,1395091350.0,0.0,0.0,135247.0,1395091350.0,-39680.0,37580.0,0.0,2100.0,-409025100.0,387270100.0,0.0,21755000.0
05/05/2026,10300.0,10350.0,-50.0,-0.00483092,10400.0,10400.0,10250.0,199977.0,2060626700.0,0.0,0.0,199977.0,2060626700.0,-33797.0,29597.0,0.0,4200.0,-347589201.0,304179200.0,0.0,43410000.0
04/05/2026,10350.0,10250.0,100.0,0.0097561,10250.0,10350.0,10250.0,167152.0,1724530550.0,0.0,0.0,167152.0,1724530550.0,56853.0,-62853.0,0.0,6000.0,588391500.0,-650196500.0,0.0,61805000.0
29/04/2026,10250.0,10200.0,50.0,0.00490196,10200.0,10250.0,10100.0,255975.0,2603156000.0,0.0,0.0,255975.0,2603156000.0,-27483.0,19083.0,0.0,8400.0,-277901050.0,192076050.0,0.0,85825000.0
28/04/2026,10200.0,10250.0,-50.0,-0.00487805,10250.0,10350.0,10150.0,186442.0,1905989600.0,0.0,0.0,186442.0,1905989600.0,-1318.0,11543.0,0.0,-10225.0,-12354900.0,117062400.0,0.0,-104707500.0
24/04/2026,10250.0,10350.0,-100.0,-0.00966184,10250.0,10400.0,10200.0,270856.0,2779520600.0,0.0,0.0,270856.0,2779520600.0,27874.0,16438.0,0.0,-44312.0,285249400.0,168808600.0,0.0,-454058000.0
23/04/2026,10350.0,10350.0,0.0,0.0,10350.0,10450.0,10150.0,394312.0,4059293950.0,0.0,0.0,394312.0,4059293950.0,-119392.0,157992.0,0.0,-38600.0,-1227754150.0,1626159150.0,0.0,-398405000.0
22/04/2026,10350.0,10350.0,0.0,0.0,10450.0,10500.0,10300.0,333114.0,3456966350.0,0.0,0.0,333114.0,3456966350.0,60887.0,50913.0,0.0,-111800.0,632749350.0,528955650.0,0.0,-1161705000.0
21/04/2026,10350.0,10500.0,-150.0,-0.01428571,10500.0,10600.0,10300.0,534525.0,5554680150.0,0.0,0.0,534525.0,5554680150.0,122345.0,22755.0,0.0,-145100.0,1273570200.0,234379800.0,0.0,-1507950000.0
20/04/2026,10500.0,10550.0,-50.0,-0.00473934,10500.0,10600.0,10450.0,204805.0,2154849740.0,0.0,0.0,204805.0,2154849740.0,77973.0,-35573.0,0.0,-42400.0,820981850.0,-375206850.0,0.0,-445775000.0
17/04/2026,10550.0,10500.0,50.0,0.0047619,10500.0,10700.0,10500.0,271371.0,2868953250.0,0.0,0.0,271371.0,2868953250.0,3512.0,86888.0,0.0,-90400.0,36194950.0,918495050.0,0.0,-954690000.0
16/04/2026,10500.0,10550.0,-50.0,-0.00473934,10600.0,10700.0,10400.0,367616.0,3888737750.0,0.0,0.0,367616.0,3888737750.0,-43156.0,109856.0,0.0,-66700.0,-453136700.0,1158896700.0,0.0,-705760000.0
15/04/2026,10550.0,10600.0,-50.0,-0.00471698,10650.0,10700.0,10450.0,278242.0,2937080700.0,0.0,0.0,278242.0,2937080700.0,-16118.0,63918.0,0.0,-47800.0,-168513650.0,673078650.0,0.0,-504565000.0
14/04/2026,10600.0,10550.0,50.0,0.00473934,10600.0,10650.0,10550.0,220382.0,2334280550.0,0.0,0.0,220382.0,2334280550.0,33726.0,-10326.0,0.0,-23400.0,357551950.0,-109911950.0,0.0,-247640000.0
13/04/2026,10550.0,10500.0,50.0,0.0047619,10500.0,10550.0,10450.0,157676.0,1654306700.0,0.0,0.0,157676.0,1654306700.0,3104.0,-2604.0,0.0,-500.0,31900201.0,-27280200.0,0.0,-4620000.0
10/04/2026,10500.0,10550.0,-50.0,-0.00473934,10550.0,10700.0,10500.0,203887.0,2155809650.0,0.0,0.0,203887.0,2155809650.0,-24651.0,-11649.0,0.0,36300.0,-262337451.0,-122207549.0,0.0,384545000.0
09/04/2026,10550.0,10500.0,50.0,0.0047619,10500.0,10600.0,10400.0,294197.0,3098493950.0,0.0,0.0,294197.0,3098493950.0,-56874.0,-2426.0,0.0,59300.0,-601080150.0,-21909850.0,0.0,622990000.0
08/04/2026,10500.0,10200.0,300.0,0.02941176,10500.0,10600.0,10350.0,368828.0,3867870200.0,0.0,0.0,368828.0,3867870200.0,4795.0,-51595.0,0.0,46800.0,51786800.0,-545521800.0,0.0,493735000.0
07/04/2026,10200.0,10400.0,-200.0,-0.01923077,10400.0,10400.0,10150.0,401082.0,4120850800.0,0.0,0.0,401082.0,4120850800.0,-20238.0,73838.0,0.0,-53600.0,-200555450.0,751725450.0,0.0,-551170000.0
06/04/2026,10400.0,10450.0,-50.0,-0.00478469,10450.0,10450.0,10350.0,154113.0,1603508950.0,0.0,0.0,154113.0,1603508950.0,-11090.0,51090.0,0.0,-40000.0,-115126949.0,531341950.0,0.0,-416215000.0
03/04/2026,10450.0,10450.0,0.0,0.0,10450.0,10550.0,10400.0,127330.0,1328686600.0,0.0,0.0,127330.0,1328686600.0,32296.0,-10896.0,0.0,-21400.0,336569050.0,-113154050.0,0.0,-223415000.0
02/04/2026,10450.0,10650.0,-200.0,-0.01877934,10650.0,10650.0,10400.0,281611.0,2953902900.0,0.0,0.0,281611.0,2953902900.0,60521.0,-64821.0,0.0,4300.0,635378750.0,-680103750.0,0.0,44725000.0
01/04/2026,10650.0,10650.0,0.0,0.0,10700.0,10750.0,10500.0,482581.0,5115081800.0,0.0,0.0,482581.0,5115081800.0,113324.0,-93924.0,0.0,-19400.0,1197836600.0,-988751600.0,0.0,-209085000.0
31/03/2026,10650.0,10650.0,0.0,0.0,10650.0,10850.0,10450.0,491044.0,5232610100.0,0.0,0.0,491044.0,5232610100.0,98862.0,-114062.0,0.0,15200.0,1053214200.0,-1209019200.0,0.0,155805000.0
30/03/2026,10650.0,10550.0,100.0,0.00947867,10500.0,10650.0,10350.0,267456.0,2809049600.0,0.0,0.0,267456.0,2809049600.0,29711.0,-83811.0,0.0,54100.0,311849150.0,-878414150.0,0.0,566565000.0
27/03/2026,10550.0,10350.0,200.0,0.01932367,10350.0,10550.0,10350.0,280860.0,2928953200.0,0.0,0.0,280860.0,2928953200.0,-132479.0,54479.0,0.0,78000.0,-1379034150.0,564754150.0,0.0,814280000.0
26/03/2026,10350.0,10400.0,-50.0,-0.00480769,10400.0,10500.0,10350.0,159832.0,1663943200.0,0.0,0.0,159832.0,1663943200.0,2686.0,-13186.0,0.0,10500.0,27859750.0,-136774750.0,0.0,108915000.0
25/03/2026,10400.0,10350.0,50.0,0.00483092,10300.0,10550.0,10300.0,227768.0,2380236800.0,0.0,0.0,227768.0,2380236800.0,-34322.0,-15278.0,0.0,49600.0,-362775500.0,-155054500.0,0.0,517830000.0
24/03/2026,10350.0,10150.0,200.0,0.01970443,10150.0,10450.0,10150.0,263385.0,2716112450.0,0.0,0.0,263385.0,2716112450.0,-117306.0,69906.0,0.0,47400.0,-1209547400.0,720412400.0,0.0,489135000.0
23/03/2026,10150.0,10500.0,-350.0,-0.03333333,10550.0,10550.0,10000.0,772093.0,7881564250.0,0.0,0.0,772093.0,7881564250.0,-27790.0,32990.0,0.0,-5200.0,-280718500.0,348713500.0,0.0,-67995000.0
20/03/2026,10500.0,10500.0,0.0,0.0,10500.0,10600.0,10450.0,247015.0,2599302000.0,0.0,0.0,247015.0,2599302000.0,-76219.0,13719.0,0.0,62500.0,-801901950.0,143496950.0,0.0,658405000.0
19/03/2026,10500.0,10550.0,-50.0,-0.00473934,10550.0,10650.0,10450.0,341229.0,3589893050.0,0.0,0.0,341229.0,3589893050.0,-175561.0,103169.0,0.0,72392.0,-1847588750.0,1086146750.0,0.0,761441050.0
18/03/2026,10550.0,10750.0,-200.0,-0.01860465,10800.0,10800.0,10550.0,148893.0,1584300300.0,0.0,0.0,148893.0,1584300300.0,25532.0,1068.0,0.0,-26600.0,271693800.0,11666200.0,0.0,-283360000.0
17/03/2026,10750.0,10600.0,150.0,0.01415094,10650.0,10850.0,10650.0,363585.0,3920526250.0,0.0,0.0,363585.0,3920526250.0,25751.0,-37951.0,0.0,12200.0,280240400.0,-410940400.0,0.0,130700000.0
16/03/2026,10600.0,10450.0,150.0,0.01435407,10500.0,10650.0,10500.0,287861.0,3036988450.0,0.0,0.0,287861.0,3036988450.0,4246.0,-42046.0,0.0,37800.0,47737000.0,-446617000.0,0.0,398880000.0
13/03/2026,10450.0,10350.0,100.0,0.00966184,10350.0,10700.0,10250.0,480403.0,5034081500.0,0.0,0.0,480403.0,5034081500.0,-58059.0,18259.0,0.0,39800.0,-597314800.0,184484800.0,0.0,412830000.0
12/03/2026,10350.0,10550.0,-200.0,-0.01895735,10500.0,10500.0,10300.0,117622.0,1221919250.0,0.0,0.0,117622.0,1221919250.0,-30746.0,23246.0,0.0,7500.0,-320848450.0,243078450.0,0.0,77770000.0
11/03/2026,10550.0,10400.0,150.0,0.01442308,10450.0,10600.0,10400.0,156486.0,1644554500.0,0.0,0.0,156486.0,1644554500.0,31658.0,-29858.0,0.0,-1800.0,332499250.0,-313504250.0,0.0,-18995000.0
10/03/2026,10400.0,9960.0,440.0,0.04417671,9970.0,10450.0,9970.0,539980.0,5512630850.0,0.0,0.0,539980.0,5512630850.0,-190804.0,192904.0,0.0,-2100.0,-1941033570.0,1962548570.0,0.0,-21515000.0
09/03/2026,9960.0,10700.0,-740.0,-0.06915888,9970.0,10300.0,9960.0,1964042.0,19594717020.0,0.0,0.0,1964042.0,19594717020.0,-866942.0,830342.0,0.0,36600.0,-8651230930.0,8288229930.0,0.0,363001000.0
06/03/2026,10700.0,10950.0,-250.0,-0.02283105,10950.0,10950.0,10600.0,430704.0,4605344550.0,0.0,0.0,430704.0,4605344550.0,-29355.0,27955.0,0.0,1400.0,-312091700.0,297251700.0,0.0,14840000.0
05/03/2026,10950.0,10900.0,50.0,0.00458716,10950.0,11100.0,10900.0,552169.0,6067306200.0,0.0,0.0,552169.0,6067306200.0,-365514.0,387708.0,0.0,-22194.0,-4016643601.0,4260607600.0,0.0,-243964250.0
04/03/2026,10900.0,11150.0,-250.0,-0.02242152,11050.0,11150.0,10700.0,915288.0,9964775900.0,0.0,0.0,915288.0,9964775900.0,-270697.0,228397.0,0.0,42300.0,-2949351000.0,2489591000.0,0.0,459760000.0
03/03/2026,11150.0,11100.0,50.0,0.0045045,11100.0,11250.0,11050.0,451797.0,5030472350.0,498000.0,5527800000.0,949797.0,10558272350.0,-165100.0,168100.0,0.0,-3000.0,-1840238500.0,1873703500.0,0.0,-33465000.0
02/03/2026,11100.0,11400.0,-300.0,-0.02631579,10950.0,11300.0,10950.0,733142.0,8162671650.0,495000.0,5643000000.0,1228142.0,13805671650.0,-85559.0,164346.0,0.0,-78787.0,-958110751.0,1840963750.0,0.0,-882853750.0
27/02/2026,11400.0,11450.0,-50.0,-0.00436681,11450.0,11500.0,11300.0,363448.0,4134188000.0,0.0,0.0,363448.0,4134188000.0,18140.0,19060.0,0.0,-37200.0,204819550.0,218630450.0,0.0,-423450000.0
26/02/2026,11450.0,11450.0,0.0,0.0,11500.0,11500.0,11300.0,403372.0,4597690100.0,0.0,0.0,403372.0,4597690100.0,-16685.0,73285.0,0.0,-56600.0,-191142850.0,835527850.0,0.0,-644385000.0
25/02/2026,11450.0,11600.0,-150.0,-0.01293103,11650.0,11650.0,11400.0,559608.0,6438197650.0,0.0,0.0,559608.0,6438197650.0,156004.0,-103095.0,0.0,-52909.0,1792383750.0,-1181249750.0,0.0,-611134850.0
24/02/2026,11600.0,11350.0,250.0,0.02202643,11500.0,11850.0,11500.0,1130566.0,13144431500.0,0.0,0.0,1130566.0,13144431500.0,243376.0,-204128.0,0.0,-39248.0,2815909150.0,-2353866150.0,0.0,-462043800.0
23/02/2026,11350.0,11200.0,150.0,0.01339286,11500.0,11500.0,11200.0,389315.0,4406163900.0,0.0,0.0,389315.0,4406163900.0,-66627.0,11327.0,0.0,55300.0,-756554000.0,130384000.0,0.0,626170000.0
13/02/2026,11200.0,11200.0,0.0,0.0,11300.0,11300.0,11150.0,345396.0,3875315200.0,0.0,0.0,345396.0,3875315200.0,62781.0,-53681.0,0.0,-9100.0,703181100.0,-601776100.0,0.0,-101405000.0
12/02/2026,11200.0,11250.0,-50.0,-0.00444444,11350.0,11350.0,11150.0,252952.0,2842635700.0,0.0,0.0,252952.0,2842635700.0,76832.0,-51032.0,0.0,-25800.0,862409350.0,-570529350.0,0.0,-291880000.0
11/02/2026,11250.0,11200.0,50.0,0.00446429,11200.0,11350.0,11150.0,508233.0,5723730800.0,0.0,0.0,508233.0,5723730800.0,149219.0,-114119.0,0.0,-35100.0,1679863500.0,-1284483500.0,0.0,-395380000.0
10/02/2026,11200.0,11200.0,0.0,0.0,11200.0,11400.0,11100.0,536198.0,6002872550.0,0.0,0.0,536198.0,6002872550.0,2485.0,21746.0,0.0,-24231.0,27339300.0,249945700.0,0.0,-277285300.0
09/02/2026,11200.0,11300.0,-100.0,-0.00884956,11500.0,11500.0,11150.0,325058.0,3664901800.0,0.0,0.0,325058.0,3664901800.0,92956.0,383.0,0.0,-93339.0,1045855400.0,8573600.0,0.0,-1054429600.0
06/02/2026,11300.0,11750.0,-450.0,-0.03829787,11650.0,11750.0,11300.0,953821.0,10941671600.0,0.0,0.0,953821.0,10941671600.0,-125742.0,-64858.0,0.0,190600.0,-1443455650.0,-744429350.0,0.0,2187885000.0
05/02/2026,11750.0,11900.0,-150.0,-0.01260504,12100.0,12150.0,11600.0,893535.0,10547802300.0,0.0,0.0,893535.0,10547802300.0,-2203.0,-53276.0,0.0,55479.0,2708250.0,-620926250.0,0.0,618217200.0
04/02/2026,11900.0,11150.0,750.0,0.06726457,11250.0,11900.0,11200.0,2109270.0,24590359650.0,0.0,0.0,2109270.0,24590359650.0,-164428.0,-169472.0,0.0,333900.0,-1855376500.0,-2000818500.0,0.0,3856195000.0
03/02/2026,11150.0,11100.0,50.0,0.0045045,11050.0,11250.0,11050.0,516547.0,5744220450.0,0.0,0.0,516547.0,5744220450.0,-86414.0,-2086.0,0.0,88500.0,-960966450.0,-22893550.0,0.0,983860000.0
02/02/2026,11100.0,10900.0,200.0,0.01834862,10900.0,11100.0,10850.0,437922.0,4818993750.0,0.0,0.0,437922.0,4818993750.0,-135536.0,57736.0,0.0,77800.0,-1498180250.0,645505250.0,0.0,852675000.0
30/01/2026,10900.0,10650.0,250.0,0.02347418,10750.0,10950.0,10700.0,244217.0,2652447350.0,0.0,0.0,244217.0,2652447350.0,10292.0,-4792.0,0.0,-5500.0,110993150.0,-50528150.0,0.0,-60465000.0
29/01/2026,10650.0,10600.0,50.0,0.00471698,10750.0,10750.0,10600.0,216394.0,2303577300.0,0.0,0.0,216394.0,2303577300.0,36421.0,-31721.0,0.0,-4700.0,387807700.0,-337527700.0,0.0,-50280000.0
28/01/2026,10600.0,10750.0,-150.0,-0.01395349,10650.0,10800.0,10600.0,329401.0,3513875350.0,0.0,0.0,329401.0,3513875350.0,73261.0,-54461.0,0.0,-18800.0,781490700.0,-580485700.0,0.0,-201005000.0
27/01/2026,10750.0,10800.0,-50.0,-0.00462963,10750.0,10800.0,10700.0,244256.0,2620310350.0,0.0,0.0,244256.0,2620310350.0,-19123.0,11323.0,0.0,7800.0,-203229050.0,119989050.0,0.0,83240000.0
26/01/2026,10800.0,11150.0,-350.0,-0.03139013,11200.0,11200.0,10650.0,535517.0,5833187450.0,0.0,0.0,535517.0,5833187450.0,83841.0,-87915.0,0.0,4074.0,921860150.0,-964021150.0,0.0,42160100.0
23/01/2026,11150.0,11350.0,-200.0,-0.01762115,11350.0,11400.0,11150.0,438763.0,4931287400.0,0.0,0.0,438763.0,4931287400.0,47110.0,-33310.0,0.0,-13800.0,530765100.0,-374510100.0,0.0,-156255000.0
22/01/2026,11350.0,11150.0,200.0,0.01793722,11250.0,11450.0,11050.0,623739.0,7039167650.0,0.0,0.0,623739.0,7039167650.0,-99986.0,68086.0,0.0,31900.0,-1133307550.0,770882550.0,0.0,362425000.0
21/01/2026,11150.0,11400.0,-250.0,-0.02192982,11250.0,11350.0,11050.0,477821.0,5327028050.0,0.0,0.0,477821.0,5327028050.0,-60646.0,85146.0,0.0,-24500.0,-675728450.0,952233450.0,0.0,-276505000.0
20/01/2026,11400.0,11300.0,100.0,0.00884956,11300.0,11700.0,11250.0,1111222.0,12757022600.0,0.0,0.0,1111222.0,12757022600.0,65778.0,-22403.0,0.0,-43375.0,735454550.0,-233605550.0,0.0,-501849150.0
19/01/2026,11300.0,11000.0,300.0,0.02727273,11000.0,11300.0,10950.0,802405.0,9011015800.0,0.0,0.0,802405.0,9011015800.0,-106800.0,29800.0,0.0,77000.0,-1200370050.0,333495050.0,0.0,866875000.0
16/01/2026,11000.0,10950.0,50.0,0.00456621,11000.0,11100.0,10850.0,449723.0,4938133550.0,0.0,0.0,449723.0,4938133550.0,3297.0,11503.0,0.0,-14800.0,37617850.0,126267150.0,0.0,-163885000.0
15/01/2026,10950.0,10950.0,0.0,0.0,11000.0,11150.0,10850.0,451841.0,4952992700.0,0.0,0.0,451841.0,4952992700.0,-35072.0,-17328.0,0.0,52400.0,-381898150.0,-190371850.0,0.0,572270000.0
14/01/2026,10950.0,11050.0,-100.0,-0.00904977,11050.0,11050.0,10850.0,555940.0,6085333350.0,0.0,0.0,555940.0,6085333350.0,65472.0,-22872.0,0.0,-42600.0,718044750.0,-249449750.0,0.0,-468595000.0
13/01/2026,11050.0,10650.0,400.0,0.03755869,10900.0,11200.0,10700.0,1705580.0,18751321450.0,0.0,0.0,1705580.0,18751321450.0,-134038.0,16338.0,0.0,117700.0,-1454277901.0,169167900.0,0.0,1285110000.0
12/01/2026,10650.0,10400.0,250.0,0.02403846,10500.0,10700.0,10400.0,642036.0,6748000550.0,0.0,0.0,642036.0,6748000550.0,-253861.0,195761.0,0.0,58100.0,-2668350450.0,2058905450.0,0.0,609445000.0
09/01/2026,10400.0,10450.0,-50.0,-0.00478469,10500.0,10550.0,10300.0,470816.0,4904350200.0,0.0,0.0,470816.0,4904350200.0,-45282.0,22882.0,0.0,22400.0,-477291500.0,244676500.0,0.0,232615000.0
08/01/2026,10450.0,10600.0,-150.0,-0.01415094,10700.0,10700.0,10450.0,454471.0,4773832100.0,0.0,0.0,454471.0,4773832100.0,46740.0,-93940.0,0.0,47200.0,487059450.0,-983049450.0,0.0,495990000.0
07/01/2026,10600.0,10500.0,100.0,0.00952381,10500.0,10600.0,10500.0,364379.0,3844561500.0,0.0,0.0,364379.0,3844561500.0,-4433.0,-65867.0,0.0,70300.0,-44893550.0,-696911450.0,0.0,741805000.0
06/01/2026,10500.0,10400.0,100.0,0.00961538,10450.0,10600.0,10350.0,440041.0,4623185250.0,0.0,0.0,440041.0,4623185250.0,-145887.0,125687.0,0.0,20200.0,-1533081951.0,1320231950.0,0.0,212850000.0
05/01/2026,10400.0,10400.0,0.0,0.0,10450.0,10500.0,10300.0,349394.0,3629855650.0,0.0,0.0,349394.0,3629855650.0,-94642.0,164042.0,0.0,-69400.0,-985269001.0,1705389000.0,0.0,-720120000.0
31/12/2025,10400.0,10400.0,0.0,0.0,10350.0,10500.0,10300.0,100913.0,1047338050.0,0.0,0.0,100913.0,1047338050.0,-24377.0,9977.0,0.0,14400.0,-253353650.0,103393650.0,0.0,149960000.0
30/12/2025,10400.0,10400.0,0.0,0.0,10400.0,10450.0,10300.0,131151.0,1360200000.0,0.0,0.0,131151.0,1360200000.0,-41946.0,24046.0,0.0,17900.0,-435068400.0,248723400.0,0.0,186345000.0
29/12/2025,10400.0,10450.0,-50.0,-0.00478469,10350.0,10500.0,10350.0,165526.0,1721649250.0,0.0,0.0,165526.0,1721649250.0,-43058.0,23758.0,0.0,19300.0,-446929850.0,246194850.0,0.0,200735000.0
26/12/2025,10450.0,10500.0,-50.0,-0.0047619,10450.0,10500.0,10300.0,375560.0,3898854600.0,0.0,0.0,375560.0,3898854600.0,-21947.0,72947.0,-100.0,-51000.0,-227279700.0,756439700.0,-1045000.0,-529160000.0
25/12/2025,10500.0,10650.0,-150.0,-0.01408451,10650.0,10650.0,10500.0,203432.0,2150045900.0,0.0,0.0,203432.0,2150045900.0,-18039.0,27939.0,0.0,-9900.0,-191739550.0,297509550.0,0.0,-105770000.0
24/12/2025,10650.0,10750.0,-100.0,-0.00930233,10650.0,10750.0,10600.0,160169.0,1705349350.0,0.0,0.0,160169.0,1705349350.0,-1007.0,2107.0,0.0,-1100.0,-12170500.0,23940500.0,0.0,-11770000.0
23/12/2025,10750.0,10600.0,150.0,0.01415094,10750.0,10800.0,10650.0,292994.0,3141098450.0,0.0,0.0,292994.0,3141098450.0,-59223.0,31623.0,100.0,27600.0,-635205350.0,338985350.0,1075000.0,296220000.0
22/12/2025,10600.0,10600.0,0.0,0.0,10550.0,10700.0,10550.0,346204.0,3681090750.0,0.0,0.0,346204.0,3681090750.0,-145190.0,97290.0,0.0,47900.0,-1543567051.0,1033732050.0,0.0,509835000.0
19/12/2025,10600.0,10600.0,0.0,0.0,10600.0,10700.0,10500.0,296798.0,3144918200.0,0.0,0.0,296798.0,3144918200.0,-80109.0,57309.0,0.0,22800.0,-848210501.0,605255500.0,0.0,242955000.0
18/12/2025,10600.0,10550.0,50.0,0.00473934,10500.0,10650.0,10500.0,235359.0,2492823350.0,0.0,0.0,235359.0,2492823350.0,-88597.0,68297.0,0.0,20300.0,-936912700.0,721837700.0,0.0,215075000.0
17/12/2025,10550.0,10500.0,50.0,0.0047619,10500.0,10600.0,10450.0,129817.0,1366849400.0,0.0,0.0,129817.0,1366849400.0,-49929.0,24529.0,0.0,25400.0,-525520900.0,258140900.0,0.0,267380000.0
16/12/2025,10500.0,10350.0,150.0,0.01449275,10350.0,10650.0,10250.0,483563.0,5020767650.0,0.0,0.0,483563.0,5020767650.0,-60313.0,3113.0,0.0,57200.0,-634807101.0,35347100.0,0.0,599460000.0
15/12/2025,10350.0,10300.0,50.0,0.00485437,10250.0,10500.0,10250.0,505528.0,5256248650.0,0.0,0.0,505528.0,5256248650.0,-31818.0,78218.0,0.0,-46400.0,-332355399.0,813645400.0,0.0,-481290000.0
12/12/2025,10300.0,10650.0,-350.0,-0.03286385,10650.0,10750.0,9910.0,498226.0,5237530500.0,0.0,0.0,498226.0,5237530500.0,29454.0,-19754.0,0.0,-9700.0,306987350.0,-204197350.0,0.0,-102790000.0
11/12/2025,10650.0,10700.0,-50.0,-0.0046729,10700.0,10750.0,10650.0,140918.0,1506982150.0,0.0,0.0,140918.0,1506982150.0,39792.0,-41892.0,0.0,2100.0,425622450.0,-448387450.0,0.0,22765000.0
10/12/2025,10700.0,10650.0,50.0,0.00469484,10650.0,10800.0,10600.0,257207.0,2752428850.0,0.0,0.0,257207.0,2752428850.0,-22050.0,28050.0,0.0,-6000.0,-238695400.0,302575400.0,0.0,-63880000.0
09/12/2025,10650.0,10900.0,-250.0,-0.02293578,10900.0,10900.0,10550.0,949644.0,10103536800.0,0.0,0.0,949644.0,10103536800.0,-350351.0,397151.0,0.0,-46800.0,-3727237301.0,4223337300.0,0.0,-496100000.0
08/12/2025,10900.0,10900.0,0.0,0.0,10950.0,11000.0,10850.0,310306.0,3383847750.0,0.0,0.0,310306.0,3383847750.0,-73175.0,92975.0,0.0,-19800.0,-798724200.0,1014709200.0,0.0,-215985000.0
05/12/2025,10900.0,11150.0,-250.0,-0.02242152,11100.0,11150.0,10900.0,315940.0,3476336650.0,0.0,0.0,315940.0,3476336650.0,18757.0,73056.0,0.0,-91813.0,208029100.0,807594900.0,0.0,-1015624300.0
04/12/2025,11150.0,10900.0,250.0,0.02293578,10850.0,11200.0,10800.0,828088.0,9142655750.0,0.0,0.0,828088.0,9142655750.0,-137015.0,85867.0,0.0,51148.0,-1501122150.0,943560150.0,0.0,557561200.0
03/12/2025,10900.0,10850.0,50.0,0.00460829,10900.0,11000.0,10800.0,508409.0,5524020000.0,0.0,0.0,508409.0,5524020000.0,-200367.0,168967.0,0.0,31400.0,-2175195000.0,1832210000.0,0.0,342985000.0
02/12/2025,10850.0,10750.0,100.0,0.00930233,10750.0,10900.0,10700.0,498975.0,5386206250.0,0.0,0.0,498975.0,5386206250.0,-77183.0,3683.0,0.0,73500.0,-838031650.0,42446650.0,0.0,795585000.0
01/12/2025,10750.0,10800.0,-50.0,-0.00462963,10800.0,10850.0,10750.0,364629.0,3932822200.0,0.0,0.0,364629.0,3932822200.0,-116335.0,109135.0,0.0,7200.0,-1255279600.0,1177539600.0,0.0,77740000.0
28/11/2025,10800.0,10800.0,0.0,0.0,10800.0,10850.0,10700.0,638610.0,6882463000.0,0.0,0.0,638610.0,6882463000.0,-255846.0,298446.0,0.0,-42600.0,-2759671801.0,3219001800.0,0.0,-459330000.0
27/11/2025,10800.0,10750.0,50.0,0.00465116,10750.0,10900.0,10750.0,471495.0,5105173700.0,0.0,0.0,471495.0,5105173700.0,-70499.0,49199.0,0.0,21300.0,-765051050.0,533866050.0,0.0,231185000.0
26/11/2025,10750.0,10700.0,50.0,0.0046729,10700.0,10850.0,10650.0,440270.0,4731530700.0,0.0,0.0,440270.0,4731530700.0,-45338.0,106938.0,0.0,-61600.0,-481028000.0,1144128000.0,0.0,-663100000.0
25/11/2025,10700.0,10700.0,0.0,0.0,10750.0,10800.0,10600.0,469681.0,5014001800.0,0.0,0.0,469681.0,5014001800.0,-184189.0,240689.0,0.0,-56500.0,-1967786201.0,2569996200.0,0.0,-602210000.0
24/11/2025,10700.0,10500.0,200.0,0.01904762,10550.0,10800.0,10550.0,463454.0,4960423450.0,0.0,0.0,463454.0,4960423450.0,10121.0,88879.0,-25.0,-99000.0,111953250.0,948966750.0,-266000.0,-1060920000.0
21/11/2025,10500.0,10600.0,-100.0,-0.00943396,10600.0,10600.0,10500.0,284527.0,2995268200.0,0.0,0.0,284527.0,2995268200.0,42292.0,78908.0,0.0,-121200.0,444122300.0,830587700.0,0.0,-1274710000.0
20/11/2025,10600.0,10700.0,-100.0,-0.00934579,10700.0,10800.0,10500.0,444253.0,4704944650.0,0.0,0.0,444253.0,4704944650.0,66067.0,-52961.0,0.0,-13106.0,699405800.0,-559301800.0,0.0,-140104200.0
19/11/2025,10700.0,10800.0,-100.0,-0.00925926,10800.0,10800.0,10600.0,311421.0,3333214650.0,0.0,0.0,311421.0,3333214650.0,7624.0,-24.0,0.0,-7600.0,80933750.0,641250.0,0.0,-81575000.0
18/11/2025,10800.0,10800.0,0.0,0.0,10850.0,10950.0,10700.0,438868.0,4743468700.0,0.0,0.0,438868.0,4743468700.0,19434.0,98616.0,0.0,-118050.0,209049000.0,1065247000.0,0.0,-1274296000.0
17/11/2025,10800.0,10800.0,0.0,0.0,10800.0,10900.0,10800.0,340884.0,3689037050.0,0.0,0.0,340884.0,3689037050.0,14886.0,-42486.0,0.0,27600.0,161077300.0,-458912300.0,0.0,297835000.0
14/11/2025,10800.0,10800.0,0.0,0.0,10700.0,10900.0,10700.0,257158.0,2780148500.0,0.0,0.0,257158.0,2780148500.0,74378.0,-74878.0,0.0,500.0,804804751.0,-809849750.0,0.0,5045000.0
13/11/2025,10800.0,10600.0,200.0,0.01886792,10700.0,10950.0,10600.0,464317.0,5017961350.0,0.0,0.0,464317.0,5017961350.0,26346.0,-23946.0,0.0,-2400.0,282496900.0,-252926900.0,0.0,-29570000.0
12/11/2025,10600.0,10550.0,50.0,0.00473934,10550.0,10750.0,10550.0,374585.0,3980048300.0,0.0,0.0,374585.0,3980048300.0,-122918.0,89618.0,0.0,33300.0,-1304334400.0,950349400.0,0.0,353985000.0
11/11/2025,10550.0,10450.0,100.0,0.00956938,10650.0,10650.0,10400.0,359964.0,3776615000.0,0.0,0.0,359964.0,3776615000.0,-45717.0,41817.0,0.0,3900.0,-480161800.0,439416800.0,0.0,40745000.0
10/11/2025,10450.0,10450.0,0.0,0.0,10500.0,10600.0,10300.0,511977.0,5357987350.0,0.0,0.0,511977.0,5357987350.0,-71548.0,106248.0,0.0,-34700.0,-762125050.0,1126510050.0,0.0,-364385000.0
07/11/2025,10450.0,10750.0,-300.0,-0.02790698,10750.0,10750.0,10400.0,501980.0,5288622700.0,0.0,0.0,501980.0,5288622700.0,67568.0,-30168.0,0.0,-37400.0,710857400.0,-312797400.0,0.0,-398060000.0
06/11/2025,10750.0,10850.0,-100.0,-0.00921659,11000.0,11000.0,10650.0,227980.0,2455437000.0,0.0,0.0,227980.0,2455437000.0,-50170.0,59470.0,0.0,-9300.0,-540362601.0,639807600.0,0.0,-99445000.0
05/11/2025,10850.0,10900.0,-50.0,-0.00458716,10900.0,10900.0,10650.0,322376.0,3467210950.0,0.0,0.0,322376.0,3467210950.0,-63130.0,59130.0,0.0,4000.0,-677506200.0,634871200.0,0.0,42635000.0
04/11/2025,10900.0,10700.0,200.0,0.01869159,10700.0,10950.0,10450.0,771807.0,8212583100.0,0.0,0.0,771807.0,8212583100.0,-71108.0,42808.0,0.0,28300.0,-762597950.0,460957950.0,0.0,301640000.0
03/11/2025,10700.0,11000.0,-300.0,-0.02727273,10950.0,11100.0,10700.0,486261.0,5266148750.0,0.0,0.0,486261.0,5266148750.0,15846.0,14754.0,0.0,-30600.0,178916600.0,153718400.0,0.0,-332635000.0
31/10/2025,11000.0,11300.0,-300.0,-0.02654867,11250.0,11400.0,11000.0,805354.0,8960529750.0,0.0,0.0,805354.0,8960529750.0,57043.0,-39243.0,0.0,-17800.0,621370500.0,-421900500.0,0.0,-199470000.0
30/10/2025,11300.0,11100.0,200.0,0.01801802,11250.0,11550.0,11000.0,1272933.0,14339015900.0,0.0,0.0,1272933.0,14339015900.0,189910.0,-123710.0,0.0,-66200.0,2136234750.0,-1385519750.0,0.0,-750715000.0
29/10/2025,11100.0,10400.0,700.0,0.06730769,10450.0,11100.0,10450.0,1179011.0,12808550700.0,0.0,0.0,1179011.0,12808550700.0,114891.0,-209391.0,0.0,94500.0,1247800750.0,-2264725750.0,0.0,1016925000.0
28/10/2025,10400.0,10350.0,50.0,0.00483092,10250.0,10500.0,10250.0,776217.0,8082886500.0,0.0,0.0,776217.0,8082886500.0,111740.0,-64915.0,0.0,-46825.0,1160408350.0,-672403350.0,0.0,-488005000.0
27/10/2025,10350.0,9920.0,430.0,0.04334677,9930.0,10400.0,9920.0,1151673.0,11747509100.0,0.0,0.0,1151673.0,11747509100.0,-208513.0,197013.0,0.0,11500.0,-2114891850.0,2006097850.0,0.0,108794000.0
24/10/2025,9920.0,10000.0,-80.0,-0.008,10000.0,10000.0,9800.0,542458.0,5366488920.0,0.0,0.0,542458.0,5366488920.0,82300.0,47000.0,0.0,-129300.0,813762430.0,464520570.0,0.0,-1278283000.0
23/10/2025,10000.0,10150.0,-150.0,-0.01477833,10150.0,10150.0,9980.0,271923.0,2732756300.0,0.0,0.0,271923.0,2732756300.0,46281.0,24819.0,0.0,-71100.0,466822750.0,249291250.0,0.0,-716114000.0
22/10/2025,10150.0,9850.0,300.0,0.03045685,9870.0,10250.0,9810.0,994524.0,9979147980.0,0.0,0.0,994524.0,9979147980.0,6925.0,17975.0,0.0,-24900.0,62348120.0,184636880.0,0.0,-246985000.0
21/10/2025,9850.0,9960.0,-110.0,-0.01104418,9450.0,9990.0,9450.0,1527089.0,14790351080.0,0.0,0.0,1527089.0,14790351080.0,55896.0,119104.0,0.0,-175000.0,542036060.0,1165592940.0,0.0,-1707629000.0
20/10/2025,9960.0,10700.0,-740.0,-0.06915888,10600.0,10750.0,9960.0,1425366.0,14640826900.0,0.0,0.0,1425366.0,14640826900.0,171787.0,130013.0,0.0,-301800.0,1767459420.0,1394843580.0,0.0,-3162303000.0
17/10/2025,10700.0,10650.0,50.0,0.00469484,10600.0,10950.0,10550.0,1207897.0,12985360650.0,0.0,0.0,1207897.0,12985360650.0,127895.0,174310.0,0.0,-302205.0,1384642200.0,1876221800.0,0.0,-3260864000.0
16/10/2025,10650.0,11050.0,-400.0,-0.0361991,11050.0,11050.0,10500.0,1645205.0,17589729150.0,0.0,0.0,1645205.0,17589729150.0,259518.0,-96716.0,0.0,-162802.0,2781099400.0,-1030237400.0,0.0,-1750861700.0
15/10/2025,11050.0,11650.0,-600.0,-0.05150215,11650.0,11650.0,11050.0,1619073.0,18269424850.0,0.0,0.0,1619073.0,18269424850.0,52707.0,-25007.0,0.0,-27700.0,612435550.0,-291180550.0,0.0,-321255000.0
14/10/2025,11650.0,12100.0,-450.0,-0.03719008,12050.0,12150.0,11550.0,2756445.0,32449758700.0,0.0,0.0,2756445.0,32449758700.0,-476503.0,653225.0,0.0,-176722.0,-5573041549.0,7681891550.0,0.0,-2108850700.0
13/10/2025,12100.0,12150.0,-50.0,-0.00411523,12050.0,12300.0,12000.0,895858.0,10862102050.0,0.0,0.0,895858.0,10862102050.0,-46238.0,-92462.0,0.0,138700.0,-558038600.0,-1123841400.0,0.0,1681880000.0
10/10/2025,12150.0,12050.0,100.0,0.00829876,12050.0,12350.0,12000.0,691362.0,8376264450.0,0.0,0.0,691362.0,8376264450.0,-93966.0,144866.0,0.0,-50900.0,-1133161500.0,1749641500.0,0.0,-616480000.0
09/10/2025,12050.0,12300.0,-250.0,-0.0203252,12250.0,12300.0,12050.0,804758.0,9747465400.0,0.0,0.0,804758.0,9747465400.0,-155056.0,250156.0,0.0,-95100.0,-1869095300.0,3025035300.0,0.0,-1155940000.0
08/10/2025,12300.0,12300.0,0.0,0.0,12300.0,12350.0,12200.0,298392.0,3662475250.0,0.0,0.0,298392.0,3662475250.0,-5089.0,36089.0,0.0,-31000.0,-63381550.0,444886550.0,0.0,-381505000.0
07/10/2025,12300.0,12300.0,0.0,0.0,12400.0,12450.0,12250.0,304676.0,3752420650.0,0.0,0.0,304676.0,3752420650.0,-4808.0,2618.0,0.0,2190.0,-56323250.0,29621250.0,0.0,26702000.0
06/10/2025,12300.0,12150.0,150.0,0.01234568,12250.0,12450.0,12100.0,672972.0,8262590200.0,0.0,0.0,672972.0,8262590200.0,-105353.0,98753.0,0.0,6600.0,-1295105900.0,1215595900.0,0.0,79510000.0
03/10/2025,12150.0,12400.0,-250.0,-0.02016129,12400.0,12400.0,11950.0,379544.0,4618753750.0,0.0,0.0,379544.0,4618753750.0,18788.0,-21088.0,0.0,2300.0,229823351.0,-257883350.0,0.0,28060000.0
02/10/2025,12400.0,12650.0,-250.0,-0.01976285,12700.0,12700.0,12400.0,379039.0,4738238100.0,0.0,0.0,379039.0,4738238100.0,61050.0,-63450.0,0.0,2400.0,765893700.0,-795823700.0,0.0,29930000.0
01/10/2025,12650.0,12150.0,500.0,0.04115226,12150.0,12750.0,12000.0,1086547.0,13361791500.0,0.0,0.0,1086547.0,13361791500.0,68199.0,-178899.0,0.0,110700.0,847758250.0,-2196903250.0,0.0,1349145000.0
30/09/2025,12150.0,12500.0,-350.0,-0.028,12500.0,12600.0,12050.0,789121.0,9671029050.0,0.0,0.0,789121.0,9671029050.0,26877.0,18123.0,0.0,-45000.0,340631500.0,221278500.0,0.0,-561910000.0
29/09/2025,12500.0,12500.0,0.0,0.0,12500.0,12650.0,12500.0,305723.0,3840248750.0,0.0,0.0,305723.0,3840248750.0,13125.0,5575.0,0.0,-18700.0,166940500.0,69024500.0,0.0,-235965000.0
26/09/2025,12500.0,12750.0,-250.0,-0.01960784,12750.0,12750.0,12500.0,499223.0,6294221950.0,0.0,0.0,499223.0,6294221950.0,-36628.0,22928.0,0.0,13700.0,-463355750.0,290860750.0,0.0,172495000.0
25/09/2025,12750.0,12650.0,100.0,0.00790514,12700.0,12750.0,12600.0,432114.0,5480898650.0,0.0,0.0,432114.0,5480898650.0,-44045.0,-55.0,0.0,44100.0,-558171950.0,91950.0,0.0,558080000.0
24/09/2025,12650.0,12550.0,100.0,0.00796813,12550.0,12650.0,12500.0,314411.0,3952630550.0,0.0,0.0,314411.0,3952630550.0,-11460.0,-8440.0,0.0,19900.0,-144468250.0,-106386750.0,0.0,250855000.0
23/09/2025,12550.0,12450.0,100.0,0.00803213,12500.0,12700.0,12500.0,363471.0,4564696800.0,0.0,0.0,363471.0,4564696800.0,-86087.0,86087.0,0.0,0.0,-1079869350.0,1079869350.0,0.0,0.0
22/09/2025,12450.0,12800.0,-350.0,-0.02734375,12900.0,12900.0,12400.0,934593.0,11758105550.0,0.0,0.0,934593.0,11758105550.0,101275.0,-84275.0,0.0,-17000.0,1254806350.0,-1038386350.0,0.0,-216420000.0
19/09/2025,12800.0,12900.0,-100.0,-0.00775194,12950.0,12950.0,12800.0,434655.0,5585685100.0,0.0,0.0,434655.0,5585685100.0,95773.0,-81467.0,0.0,-14306.0,1227558300.0,-1043101300.0,0.0,-184457400.0
18/09/2025,12900.0,12950.0,-50.0,-0.003861,13100.0,13100.0,12850.0,462284.0,5960770750.0,0.0,0.0,462284.0,5960770750.0,5432.0,13368.0,0.0,-18800.0,69995800.0,172964200.0,0.0,-242960000.0
17/09/2025,12950.0,13100.0,-150.0,-0.01145038,13100.0,13100.0,12950.0,789952.0,10290892350.0,0.0,0.0,789952.0,10290892350.0,-13220.0,8820.0,0.0,4400.0,-176571050.0,119231050.0,0.0,57340000.0
16/09/2025,13100.0,13150.0,-50.0,-0.00380228,13200.0,13250.0,13050.0,890406.0,11718206600.0,0.0,0.0,890406.0,11718206600.0,3660.0,-25060.0,0.0,21400.0,49176550.0,-331551550.0,0.0,282375000.0
15/09/2025,13150.0,13150.0,0.0,0.0,13200.0,13200.0,13050.0,623195.0,8171444600.0,0.0,0.0,623195.0,8171444600.0,1942.0,-730.0,0.0,-1212.0,26689050.0,-10177050.0,0.0,-16512800.0
12/09/2025,13150.0,12900.0,250.0,0.01937984,13000.0,13200.0,12900.0,852767.0,11173654100.0,0.0,0.0,852767.0,11173654100.0,183381.0,-175581.0,0.0,-7800.0,2400292800.0,-2297277800.0,0.0,-103015000.0
11/09/2025,12900.0,13050.0,-150.0,-0.01149425,13100.0,13100.0,12500.0,1085958.0,13836731750.0,0.0,0.0,1085958.0,13836731750.0,-72281.0,145684.0,0.0,-73403.0,-926917200.0,1862126200.0,0.0,-935209450.0
10/09/2025,13050.0,12950.0,100.0,0.00772201,13100.0,13100.0,12950.0,578351.0,7527240950.0,0.0,0.0,578351.0,7527240950.0,32021.0,-33435.0,0.0,1414.0,416293250.0,-434672250.0,0.0,18378400.0
09/09/2025,12950.0,13350.0,-400.0,-0.02996255,13300.0,13350.0,12950.0,1845588.0,24090372800.0,0.0,0.0,1845588.0,24090372800.0,-6666.0,352266.0,0.0,-345600.0,-74061450.0,4615576450.0,0.0,-4541515000.0
08/09/2025,13350.0,13900.0,-550.0,-0.03956835,13850.0,13900.0,13350.0,1786546.0,24350482100.0,0.0,0.0,1786546.0,24350482100.0,28318.0,-10418.0,0.0,-17900.0,380160450.0,-131350450.0,0.0,-248810000.0
05/09/2025,13900.0,14150.0,-250.0,-0.01766784,14250.0,14300.0,13900.0,1542227.0,21710026150.0,0.0,0.0,1542227.0,21710026150.0,56691.0,-14391.0,0.0,-42300.0,806708700.0,-206608700.0,0.0,-600100000.0
04/09/2025,14150.0,13800.0,350.0,0.02536232,13850.0,14200.0,13850.0,1824187.0,25696500100.0,0.0,0.0,1824187.0,25696500100.0,-145155.0,-229808.0,0.0,374963.0,-2025299100.0,-3235796900.0,0.0,5261095700.0
03/09/2025,13800.0,13700.0,100.0,0.00729927,13700.0,13950.0,13650.0,807186.0,11134295050.0,0.0,0.0,807186.0,11134295050.0,-108224.0,61624.0,0.0,46600.0,-1488214550.0,848984550.0,0.0,639230000.0
29/08/2025,13700.0,13700.0,0.0,0.0,13750.0,13850.0,13700.0,1589959.0,21854292350.0,0.0,0.0,1589959.0,21854292350.0,8147.0,-53416.0,0.0,45269.0,109746950.0,-734049950.0,0.0,624302200.0
28/08/2025,13700.0,13850.0,-150.0,-0.01083032,13850.0,13900.0,13700.0,1904671.0,26194982450.0,0.0,0.0,1904671.0,26194982450.0,-424220.0,494420.0,0.0,-70200.0,-5839638151.0,6807133150.0,0.0,-967495000.0
27/08/2025,13850.0,13900.0,-50.0,-0.00359712,13900.0,14100.0,13850.0,1300201.0,18138814150.0,0.0,0.0,1300201.0,18138814150.0,-202621.0,191821.0,0.0,10800.0,-2838834301.0,2688714300.0,0.0,150120000.0
26/08/2025,13900.0,13850.0,50.0,0.00361011,13950.0,13950.0,13600.0,2063078.0,28513862000.0,0.0,0.0,2063078.0,28513862000.0,-514202.0,762807.0,0.0,-248605.0,-7097836600.0,10533050600.0,0.0,-3435214250.0
25/08/2025,13850.0,13900.0,-50.0,-0.00359712,13950.0,14200.0,13850.0,1619200.0,22625982150.0,0.0,0.0,1619200.0,22625982150.0,158966.0,-92266.0,0.0,-66700.0,2212290500.0,-1276530500.0,0.0,-935760000.0
22/08/2025,13900.0,13950.0,-50.0,-0.00358423,13850.0,14500.0,13800.0,2303827.0,32367466650.0,0.0,0.0,2303827.0,32367466650.0,-243578.0,199678.0,0.0,43900.0,-3480355500.0,2868750500.0,0.0,611605000.0
21/08/2025,13950.0,14150.0,-200.0,-0.01413428,14150.0,14200.0,13900.0,1892157.0,26470162450.0,0.0,0.0,1892157.0,26470162450.0,-398269.0,468269.0,0.0,-70000.0,-5572456150.0,6556451150.0,0.0,-983995000.0
20/08/2025,14150.0,14450.0,-300.0,-0.02076125,14400.0,14400.0,13900.0,2864379.0,40245999650.0,0.0,0.0,2864379.0,40245999650.0,42750.0,-174750.0,0.0,132000.0,618826500.0,-2440016500.0,0.0,1821190000.0
19/08/2025,14450.0,14050.0,400.0,0.02846975,14500.0,14750.0,14400.0,2640417.0,38331610150.0,366562.0,4801962200.0,3006979.0,43133572350.0,-149750.0,149950.0,0.0,-200.0,-2174137901.0,2177077900.0,0.0,-2940000.0
18/08/2025,14050.0,14100.0,-50.0,-0.0035461,14200.0,14200.0,13800.0,2541153.0,35516928900.0,0.0,0.0,2541153.0,35516928900.0,-142352.0,82652.0,0.0,59700.0,-1980957850.0,1143957850.0,0.0,837000000.0
15/08/2025,14100.0,14700.0,-600.0,-0.04081633,14700.0,14800.0,14000.0,5302535.0,75770305750.0,0.0,0.0,5302535.0,75770305750.0,-117760.0,102060.0,0.0,15700.0,-1674709600.0,1500104600.0,0.0,174605000.0
14/08/2025,14700.0,15000.0,-300.0,-0.02,15100.0,15100.0,14600.0,4401086.0,64969324300.0,0.0,0.0,4401086.0,64969324300.0,267639.0,118652.0,0.0,-386291.0,3992926600.0,1736610400.0,0.0,-5729536800.0
13/08/2025,15000.0,15200.0,-200.0,-0.01315789,15250.0,15300.0,14850.0,3188939.0,47794905050.0,0.0,0.0,3188939.0,47794905050.0,-406511.0,505711.0,0.0,-99200.0,-6085373550.0,7595148550.0,0.0,-1509775000.0
12/08/2025,15200.0,14850.0,350.0,0.02356902,14900.0,15500.0,14900.0,3468079.0,52691716250.0,0.0,0.0,3468079.0,52691716250.0,33106.0,-185406.0,0.0,152300.0,499724450.0,-2808999450.0,0.0,2309275000.0
11/08/2025,14850.0,14750.0,100.0,0.00677966,14850.0,15200.0,14700.0,3872636.0,57736277100.0,0.0,0.0,3872636.0,57736277100.0,315312.0,510694.0,0.0,-826006.0,4768991000.0,7615223000.0,0.0,-12384214300.0
08/08/2025,14750.0,15200.0,-450.0,-0.02960526,15200.0,15200.0,14600.0,7115208.0,105394718950.0,0.0,0.0,7115208.0,105394718950.0,1487919.0,597681.0,0.0,-2085600.0,22024900600.0,8888019400.0,0.0,-30912920000.0
07/08/2025,15200.0,15150.0,50.0,0.00330033,15250.0,15550.0,15100.0,3755156.0,57359139200.0,0.0,0.0,3755156.0,57359139200.0,529826.0,746674.0,0.0,-1276500.0,8069926850.0,11385673150.0,0.0,-19455600000.0
06/08/2025,15150.0,15450.0,-300.0,-0.01941748,15450.0,15450.0,14900.0,5148243.0,77607436600.0,0.0,0.0,5148243.0,77607436600.0,1262425.0,1162688.0,-65.0,-2425113.0,19025368450.0,17515387550.0,-975000.0,-36540756950.0
05/08/2025,15450.0,16550.0,-1100.0,-0.06646526,16600.0,16600.0,15400.0,15933508.0,252200696100.0,0.0,0.0,15933508.0,252200696100.0,2647723.0,2778712.0,0.0,-5426435.0,41530863950.0,43643324050.0,0.0,-85174188000.0
04/08/2025,16550.0,16850.0,-300.0,-0.01780415,16400.0,16650.0,16150.0,2852525.0,46842960200.0,0.0,0.0,2852525.0,46842960200.0,-200152.0,214765.0,0.0,-14613.0,-3244196650.0,3501981650.0,0.0,-257785200.0
01/08/2025,16850.0,16550.0,300.0,0.01812689,17100.0,17700.0,16700.0,10672904.0,185819426150.0,0.0,0.0,10672904.0,185819426150.0,476023.0,-125623.0,0.0,-350400.0,8405321200.0,-2240506200.0,0.0,-6164815000.0
31/07/2025,16550.0,16900.0,-350.0,-0.02071006,17200.0,17200.0,16150.0,2380619.0,39542739350.0,0.0,0.0,2380619.0,39542739350.0,-72947.0,300347.0,0.0,-227400.0,-1204848850.0,5018543850.0,0.0,-3813695000.0
30/07/2025,16900.0,16400.0,500.0,0.0304878,16350.0,16950.0,15950.0,3625742.0,59240923950.0,0.0,0.0,3625742.0,59240923950.0,-119066.0,-94034.0,0.0,213100.0,-1874984800.0,-1566935200.0,0.0,3441920000.0
29/07/2025,16400.0,17600.0,-1200.0,-0.06818182,17850.0,17850.0,16400.0,7158679.0,120330346900.0,0.0,0.0,7158679.0,120330346900.0,380459.0,185741.0,0.0,-566200.0,6416533800.0,3238281200.0,0.0,-9654815000.0
28/07/2025,17600.0,17050.0,550.0,0.03225806,17500.0,18200.0,17000.0,5130598.0,90744235600.0,0.0,0.0,5130598.0,90744235600.0,263781.0,-246781.0,0.0,-17000.0,4574200950.0,-4316950950.0,0.0,-257250000.0
25/07/2025,17050.0,16700.0,350.0,0.02095808,17000.0,17550.0,16900.0,4024389.0,69162591350.0,0.0,0.0,4024389.0,69162591350.0,503593.0,-500996.0,0.0,-2597.0,8613648900.0,-8562889900.0,0.0,-50758250.0
24/07/2025,16700.0,15650.0,1050.0,0.06709265,15800.0,16700.0,15650.0,7061695.0,114569736900.0,0.0,0.0,7061695.0,114569736900.0,1308363.0,-1349263.0,0.0,40900.0,21124885200.0,-21809245200.0,0.0,684360000.0
23/07/2025,15650.0,15650.0,0.0,0.0,15800.0,15900.0,15500.0,2565250.0,40114816000.0,0.0,0.0,2565250.0,40114816000.0,199098.0,-88223.0,0.0,-110875.0,3132413550.0,-1394386550.0,0.0,-1738027500.0
22/07/2025,15650.0,15550.0,100.0,0.00643087,15500.0,15650.0,15350.0,2367287.0,36623329500.0,0.0,0.0,2367287.0,36623329500.0,256245.0,-238545.0,0.0,-17700.0,3995412951.0,-3718802950.0,0.0,-276610000.0
21/07/2025,15550.0,15700.0,-150.0,-0.00955414,15800.0,16150.0,15500.0,3049755.0,48014788300.0,0.0,0.0,3049755.0,48014788300.0,61617.0,53621.0,0.0,-115238.0,1002374300.0,864740700.0,0.0,-1867115400.0
18/07/2025,15700.0,16150.0,-450.0,-0.02786378,16150.0,16250.0,15600.0,4521375.0,71649927350.0,0.0,0.0,4521375.0,71649927350.0,485495.0,-777195.0,0.0,291700.0,7733135250.0,-12337870250.0,0.0,4604735000.0
17/07/2025,16150.0,16250.0,-100.0,-0.00615385,17250.0,17250.0,16050.0,5677318.0,93871269750.0,0.0,0.0,5677318.0,93871269750.0,301883.0,464617.0,0.0,-766500.0,5057314751.0,7695615250.0,0.0,-12752930000.0
16/07/2025,16250.0,15200.0,1050.0,0.06907895,15750.0,16250.0,15750.0,3576024.0,57846355300.0,0.0,0.0,3576024.0,57846355300.0,517866.0,-609466.0,0.0,91600.0,8363287200.0,-9811982200.0,0.0,1448695000.0
15/07/2025,15200.0,15200.0,0.0,0.0,15300.0,15300.0,15100.0,2170758.0,33023672600.0,0.0,0.0,2170758.0,33023672600.0,92988.0,-469588.0,0.0,376600.0,1414001149.0,-7146376150.0,0.0,5732375000.0
14/07/2025,15200.0,15050.0,150.0,0.00996678,15050.0,15300.0,14800.0,1639798.0,24604351300.0,0.0,0.0,1639798.0,24604351300.0,10369.0,19267.0,0.0,-29636.0,156246300.0,273933700.0,0.0,-430180000.0
11/07/2025,15050.0,15350.0,-300.0,-0.01954397,15350.0,15350.0,15050.0,2292908.0,34733622200.0,0.0,0.0,2292908.0,34733622200.0,452534.0,-288234.0,0.0,-164300.0,6848136150.0,-4350806150.0,0.0,-2497330000.0
10/07/2025,15350.0,15350.0,0.0,0.0,15450.0,15500.0,15250.0,1668974.0,25609770200.0,0.0,0.0,1668974.0,25609770200.0,39613.0,-157213.0,0.0,117600.0,613566750.0,-2416496750.0,0.0,1802930000.0
09/07/2025,15350.0,15250.0,100.0,0.00655738,15200.0,15500.0,15200.0,2158183.0,33121460800.0,0.0,0.0,2158183.0,33121460800.0,-262068.0,-28132.0,-24.0,290200.0,-4022771349.0,-432313650.0,-367000.0,4455085000.0
08/07/2025,15250.0,15300.0,-50.0,-0.00326797,15350.0,15350.0,15150.0,1818689.0,27727718200.0,0.0,0.0,1818689.0,27727718200.0,-224110.0,231110.0,0.0,-7000.0,-3417269750.0,3524464750.0,0.0,-107195000.0
07/07/2025,15300.0,15200.0,100.0,0.00657895,15250.0,15450.0,15150.0,1596629.0,24354694850.0,0.0,0.0,1596629.0,24354694850.0,52698.0,-217498.0,0.0,164800.0,791315550.0,-3308775550.0,0.0,2517460000.0
04/07/2025,15200.0,15250.0,-50.0,-0.00327869,15350.0,15400.0,15150.0,1221841.0,18613459600.0,0.0,0.0,1221841.0,18613459600.0,214938.0,-45038.0,0.0,-169900.0,3271803400.0,-676078400.0,0.0,-2595725000.0
03/07/2025,15250.0,15050.0,200.0,0.01328904,15400.0,15800.0,15100.0,4444435.0,68634594850.0,0.0,0.0,4444435.0,68634594850.0,-57090.0,-129310.0,0.0,186400.0,-842113350.0,-2016526650.0,0.0,2858640000.0
02/07/2025,15050.0,15150.0,-100.0,-0.00660066,15200.0,15200.0,14950.0,942182.0,14172171800.0,0.0,0.0,942182.0,14172171800.0,-140256.0,197256.0,0.0,-57000.0,-2106853550.0,2967843550.0,0.0,-860990000.0
01/07/2025,15150.0,15000.0,150.0,0.01,15200.0,15650.0,15050.0,3618803.0,55557967550.0,0.0,0.0,3618803.0,55557967550.0,-314026.0,269878.0,0.0,44148.0,-4754744550.0,4099625550.0,0.0,655119400.0
30/06/2025,15000.0,14800.0,200.0,0.01351351,14800.0,15000.0,14800.0,1177270.0,17552484700.0,0.0,0.0,1177270.0,17552484700.0,-49844.0,-161356.0,0.0,211200.0,-741694699.0,-2402605300.0,0.0,3144300000.0
27/06/2025,14800.0,14850.0,-50.0,-0.003367,14900.0,14950.0,14800.0,1149976.0,17111263650.0,0.0,0.0,1149976.0,17111263650.0,118337.0,-172737.0,0.0,54400.0,1757505950.0,-2568485950.0,0.0,810980000.0
26/06/2025,14850.0,14600.0,250.0,0.01712329,14600.0,14900.0,14500.0,1090926.0,16006762800.0,0.0,0.0,1090926.0,16006762800.0,57788.0,-107491.0,0.0,49703.0,860835100.0,-1605483100.0,0.0,744648650.0
25/06/2025,14600.0,14600.0,0.0,0.0,14800.0,14800.0,14550.0,748374.0,10953070350.0,0.0,0.0,748374.0,10953070350.0,-33101.0,223149.0,0.0,-190048.0,-481142900.0,3258875900.0,0.0,-2777733200.0
24/06/2025,14600.0,14700.0,-100.0,-0.00680272,14900.0,14950.0,14550.0,916305.0,13477134700.0,0.0,0.0,916305.0,13477134700.0,204649.0,25951.0,0.0,-230600.0,3002237250.0,387062750.0,0.0,-3389300000.0
23/06/2025,14700.0,14700.0,0.0,0.0,14500.0,15000.0,14300.0,1714882.0,25121471600.0,0.0,0.0,1714882.0,25121471600.0,104245.0,121155.0,0.0,-225400.0,1449950700.0,1872419300.0,0.0,-3322370000.0
20/06/2025,14700.0,14850.0,-150.0,-0.01010101,14900.0,15150.0,14650.0,1195132.0,17676072050.0,0.0,0.0,1195132.0,17676072050.0,133054.0,171246.0,0.0,-304300.0,1967677700.0,2536472300.0,0.0,-4504150000.0
19/06/2025,14850.0,15050.0,-200.0,-0.01328904,15100.0,15150.0,14750.0,1239322.0,18434933700.0,0.0,0.0,1239322.0,18434933700.0,195159.0,202441.0,0.0,-397600.0,2919039249.0,3005460750.0,0.0,-5924500000.0
18/06/2025,15050.0,14600.0,450.0,0.03082192,14700.0,15350.0,14700.0,3075172.0,46291366600.0,0.0,0.0,3075172.0,46291366600.0,324887.0,-516987.0,0.0,192100.0,4954502350.0,-7784042350.0,0.0,2829540000.0
17/06/2025,14600.0,14600.0,0.0,0.0,14700.0,14750.0,14450.0,733618.0,10688999400.0,0.0,0.0,733618.0,10688999400.0,12881.0,-15081.0,0.0,2200.0,175861850.0,-207896850.0,0.0,32035000.0
16/06/2025,14600.0,14450.0,150.0,0.01038062,14400.0,14600.0,14300.0,859375.0,12426896550.0,0.0,0.0,859375.0,12426896550.0,92253.0,10747.0,0.0,-103000.0,1318475500.0,162714500.0,0.0,-1481190000.0
13/06/2025,14450.0,14650.0,-200.0,-0.01365188,14600.0,14600.0,14300.0,1324029.0,19096731550.0,0.0,0.0,1324029.0,19096731550.0,50581.0,-54681.0,0.0,4100.0,730274100.0,-788714100.0,0.0,58440000.0
12/06/2025,14650.0,14550.0,100.0,0.00687285,14600.0,14800.0,14550.0,792803.0,11607433950.0,0.0,0.0,792803.0,11607433950.0,39753.0,-101953.0,0.0,62200.0,584641650.0,-1494096650.0,0.0,909455000.0
11/06/2025,14550.0,14500.0,50.0,0.00344828,14550.0,14600.0,14450.0,667420.0,9691611000.0,0.0,0.0,667420.0,9691611000.0,146616.0,162484.0,0.0,-309100.0,2130137800.0,2357722200.0,0.0,-4487860000.0
10/06/2025,14500.0,14550.0,-50.0,-0.00343643,14600.0,14750.0,14450.0,982509.0,14324350850.0,0.0,0.0,982509.0,14324350850.0,144998.0,172102.0,0.0,-317100.0,2114083699.0,2515646300.0,0.0,-4629730000.0
09/06/2025,14550.0,14850.0,-300.0,-0.02020202,14850.0,14900.0,14500.0,1268475.0,18542999400.0,0.0,0.0,1268475.0,18542999400.0,-154038.0,325838.0,0.0,-171800.0,-2257958750.0,4773543750.0,0.0,-2515585000.0
06/06/2025,14850.0,15250.0,-400.0,-0.02622951,15300.0,15300.0,14800.0,1281519.0,19189845050.0,0.0,0.0,1281519.0,19189845050.0,-171426.0,219726.0,0.0,-48300.0,-2553111050.0,3281376050.0,0.0,-728265000.0
05/06/2025,15250.0,15250.0,0.0,0.0,15350.0,15750.0,15250.0,1983641.0,30642416250.0,0.0,0.0,1983641.0,30642416250.0,274166.0,-118431.0,0.0,-155735.0,4245676950.0,-1820489950.0,0.0,-2425187750.0
04/06/2025,15250.0,15050.0,200.0,0.01328904,15000.0,15300.0,15000.0,1850441.0,28063310050.0,0.0,0.0,1850441.0,28063310050.0,46726.0,-308226.0,0.0,261500.0,719386800.0,-4679981800.0,0.0,3960595000.0
03/06/2025,15050.0,15050.0,0.0,0.0,15050.0,15150.0,14800.0,1026432.0,15443453550.0,0.0,0.0,1026432.0,15443453550.0,39548.0,-8448.0,0.0,-31100.0,595254000.0,-127784000.0,0.0,-467470000.0
02/06/2025,15050.0,14700.0,350.0,0.02380952,14450.0,15400.0,14450.0,2182816.0,32734127650.0,0.0,0.0,2182816.0,32734127650.0,326165.0,-207953.0,0.0,-118212.0,4956803850.0,-3165001850.0,0.0,-1791802000.0
30/05/2025,14700.0,14800.0,-100.0,-0.00675676,14800.0,15200.0,14600.0,1050658.0,15571848300.0,0.0,0.0,1050658.0,15571848300.0,159986.0,38114.0,0.0,-198100.0,2399119450.0,541735550.0,0.0,-2940855000.0
29/05/2025,14800.0,14900.0,-100.0,-0.00671141,14800.0,15000.0,14600.0,1790756.0,26508396400.0,0.0,0.0,1790756.0,26508396400.0,-152289.0,152703.0,0.0,-414.0,-2240373400.0,2256462400.0,0.0,-16088600.0
28/05/2025,14900.0,15400.0,-500.0,-0.03246753,15500.0,15500.0,14850.0,3180499.0,48150023450.0,0.0,0.0,3180499.0,48150023450.0,219674.0,-384974.0,0.0,165300.0,3439108700.0,-5913968700.0,0.0,2474860000.0
27/05/2025,15400.0,15400.0,0.0,0.0,15500.0,15550.0,15300.0,1505493.0,23167678600.0,0.0,0.0,1505493.0,23167678600.0,-32617.0,26182.0,0.0,6435.0,-501035350.0,412730350.0,0.0,88305350.0
26/05/2025,15400.0,14650.0,750.0,0.05119454,14850.0,15500.0,14450.0,3405948.0,51343816950.0,0.0,0.0,3405948.0,51343816950.0,153928.0,-469128.0,0.0,315200.0,2226484451.0,-6921219450.0,0.0,4694735000.0
23/05/2025,14650.0,14600.0,50.0,0.00342466,14800.0,15100.0,14650.0,1351045.0,20045314650.0,0.0,0.0,1351045.0,20045314650.0,355117.0,-368617.0,0.0,13500.0,5276334250.0,-5472809250.0,0.0,196475000.0
22/05/2025,14600.0,14600.0,0.0,0.0,14700.0,15200.0,14600.0,2448336.0,36264097550.0,0.0,0.0,2448336.0,36264097550.0,288194.0,-211294.0,-296.0,-76900.0,4279734950.0,-3119434950.0,-4398000.0,-1160300000.0
21/05/2025,14600.0,14700.0,-100.0,-0.00680272,14750.0,14850.0,14450.0,955131.0,13905981650.0,0.0,0.0,955131.0,13905981650.0,-3789.0,25389.0,0.0,-21600.0,-54094900.0,370184900.0,0.0,-316090000.0
20/05/2025,14700.0,14650.0,50.0,0.00341297,14600.0,14850.0,14550.0,630813.0,9269422150.0,0.0,0.0,630813.0,9269422150.0,186105.0,-179999.0,0.0,-6106.0,2737119301.0,-2649537300.0,0.0,-87582600.0
19/05/2025,14650.0,14850.0,-200.0,-0.01346801,14600.0,14850.0,14500.0,703305.0,10309871000.0,0.0,0.0,703305.0,10309871000.0,142196.0,-201696.0,0.0,59500.0,2086692201.0,-2954997200.0,0.0,868305000.0
16/05/2025,14850.0,14950.0,-100.0,-0.00668896,15100.0,15100.0,14600.0,1009153.0,14952407900.0,0.0,0.0,1009153.0,14952407900.0,334159.0,-339059.0,0.0,4900.0,4959157301.0,-5027522300.0,0.0,68365000.0
15/05/2025,14950.0,14650.0,300.0,0.02047782,15050.0,15100.0,14700.0,2361631.0,35238111100.0,0.0,0.0,2361631.0,35238111100.0,483391.0,-554590.0,-163800.0,71199.0,7202005851.0,-8260356850.0,-2453115000.0,1058350050.0
14/05/2025,14650.0,13700.0,950.0,0.06934307,13900.0,14650.0,13900.0,2146277.0,31249849400.0,0.0,0.0,2146277.0,31249849400.0,291884.0,-355084.0,0.0,63200.0,4305255600.0,-5180340600.0,0.0,875085000.0
13/05/2025,13700.0,13750.0,-50.0,-0.00363636,13800.0,13850.0,13600.0,300527.0,4123522450.0,0.0,0.0,300527.0,4123522450.0,60397.0,-46397.0,0.0,-14000.0,829003551.0,-636468550.0,0.0,-192535000.0
12/05/2025,13750.0,13600.0,150.0,0.01102941,13500.0,13750.0,13500.0,314712.0,4286925350.0,0.0,0.0,314712.0,4286925350.0,-72145.0,83345.0,0.0,-11200.0,-982705099.0,1135430100.0,0.0,-152725000.0
09/05/2025,13600.0,13600.0,0.0,0.0,13450.0,13750.0,13450.0,273574.0,3716042800.0,0.0,0.0,273574.0,3716042800.0,51007.0,-38707.0,0.0,-12300.0,697152900.0,-529722900.0,0.0,-167430000.0
08/05/2025,13600.0,14900.0,-1300.0,-0.08724832,14000.0,14000.0,13450.0,729714.0,9896823750.0,0.0,0.0,729714.0,9896823750.0,189774.0,11626.0,-4200.0,-201400.0,2560335451.0,164314550.0,-58800000.0,-2724650000.0
07/05/2025,13900.21,14850.0,50.0,0.003367,13853.565,13900.21,13760.275,290278.0,4298822700.0,0.0,0.0,290278.0,4298822700.0,-8316.0,42716.0,0.0,-34400.0,-122168950.0,629873950.0,0.0,-507705000.0
06/05/2025,13853.565,14900.0,-50.0,-0.0033557,14086.79,14086.79,13806.92,586606.0,8718523050.0,0.0,0.0,586606.0,8718523050.0,35616.0,315684.0,0.0,-351300.0,535202701.0,4683487300.0,0.0,-5218690000.0
05/05/2025,13900.21,14750.0,150.0,0.01016949,13993.5,14133.435,13713.63,524314.0,7779940600.0,0.0,0.0,524314.0,7779940600.0,115793.0,299564.0,0.0,-415357.0,1715752250.0,4441870750.0,0.0,-6157623000.0
29/04/2025,13760.275,14900.0,-150.0,-0.01006711,13993.5,13993.5,13760.275,281870.0,4184912050.0,0.0,0.0,281870.0,4184912050.0,86500.0,200.0,0.0,-86700.0,1285675000.0,2965000.0,0.0,-1288640000.0
28/04/2025,13900.21,14900.0,0.0,0.0,13900.21,14180.08,13853.565,360745.0,5400757900.0,0.0,0.0,360745.0,5400757900.0,96500.0,-71500.0,-54900.0,-25000.0,1444675000.0,-1070755000.0,-821755000.0,-373920000.0
25/04/2025,13900.21,14650.0,250.0,0.01706485,13760.275,13946.855,13666.985,368747.0,5450557950.0,0.0,0.0,368747.0,5450557950.0,-2400.0,0.0,0.0,2400.0,-33585000.0,0.0,0.0,33585000.0
24/04/2025,13666.985,14600.0,50.0,0.00342466,13760.275,13806.92,13573.695,135511.0,1988714000.0,0.0,0.0,135511.0,1988714000.0,17920.0,-16900.0,0.0,-1020.0,265065000.0,-249275000.0,0.0,-15790000.0
23/04/2025,13620.34,14700.0,-100.0,-0.00680272,13806.92,13806.92,13573.695,248388.0,3638612550.0,0.0,0.0,248388.0,3638612550.0,-2600.0,0.0,0.0,2600.0,-38390000.0,0.0,0.0,38390000.0
22/04/2025,13713.63,14850.0,-150.0,-0.01010101,13340.47,13713.63,13013.955,532673.0,7602086450.0,0.0,0.0,532673.0,7602086450.0,-37700.0,0.0,0.0,37700.0,-534570000.0,0.0,0.0,534570000.0
21/04/2025,13853.565,15050.0,-200.0,-0.01328904,13993.5,13993.5,13713.63,147049.0,2179449050.0,0.0,0.0,147049.0,2179449050.0,35600.0,-100.0,0.0,-35500.0,528690001.0,-1480000.0,0.0,-527210000.0
18/04/2025,14040.145,14900.0,150.0,0.01006711,13993.5,14180.08,13806.92,279322.0,4188256250.0,0.0,0.0,279322.0,4188256250.0,-2300.0,0.0,0.0,2300.0,-34525000.0,0.0,0.0,34525000.0
17/04/2025,13900.21,14400.0,500.0,0.03472222,13433.76,13900.21,13340.47,284860.0,4154482200.0,0.0,0.0,284860.0,4154482200.0,54500.0,0.0,0.0,-54500.0,781490000.0,0.0,0.0,-781490000.0
16/04/2025,13433.76,14600.0,-200.0,-0.01369863,13573.695,13620.34,13247.18,305781.0,4401973050.0,0.0,0.0,305781.0,4401973050.0,24000.0,0.0,0.0,-24000.0,351245000.0,0.0,0.0,-351245000.0
15/04/2025,13620.34,14600.0,0.0,0.0,13620.34,13713.63,13387.115,305858.0,4430956150.0,0.0,0.0,305858.0,4430956150.0,-500.0,0.0,0.0,500.0,-7100000.0,0.0,0.0,7100000.0
14/04/2025,13620.34,14600.0,0.0,0.0,13806.92,13806.92,13527.05,405602.0,5930648000.0,839500.0,11501150000.0,1245102.0,17431798000.0,41700.0,0.0,0.0,-41700.0,612780000.0,0.0,0.0,-612780000.0
11/04/2025,13620.34,14250.0,350.0,0.0245614,13713.63,13713.63,13107.245,605047.0,8714148350.0,0.0,0.0,605047.0,8714148350.0,167987.0,0.0,0.0,-167987.0,2416695901.0,0.0,0.0,-2416695900.0
10/04/2025,13293.825,13350.0,900.0,0.06741573,13293.825,13293.825,13293.825,191882.0,2734318500.0,0.0,0.0,191882.0,2734318500.0,-3000.0,0.0,0.0,3000.0,-42750000.0,0.0,0.0,42750000.0
09/04/2025,12454.215,13350.0,0.0,0.0,11754.54,13293.825,11754.54,689788.0,9245453300.0,1000000.0,12500000000.0,1689788.0,21745453300.0,-137400.0,0.0,-5000.0,137400.0,-1845835000.0,0.0,-71250000.0,1845835000.0
08/04/2025,12454.215,14050.0,-700.0,-0.04982206,12967.31,12967.31,12314.28,1563695.0,21140300050.0,0.0,0.0,1563695.0,21140300050.0,-38400.0,-8000.0,-5000.0,46400.0,-509565000.0,-107250000.0,-66950000.0,616815000.0
04/04/2025,13107.245,14750.0,-700.0,-0.04745763,12967.31,13620.34,12827.375,1398612.0,19549743200.0,0.0,0.0,1398612.0,19549743200.0,-161800.0,99600.0,95000.0,62200.0,-2228335000.0,1384040000.0,1320000000.0,844295000.0
03/04/2025,13760.275,15850.0,-1100.0,-0.06940063,13760.275,14646.53,13760.275,1696087.0,25071131750.0,0.0,0.0,1696087.0,25071131750.0,444900.0,23200.0,0.0,-468100.0,6569300000.0,342265000.0,0.0,-6911565000.0
02/04/2025,14786.465,15700.0,150.0,0.00955414,14739.82,14786.465,14646.53,237086.0,3741317950.0,0.0,0.0,237086.0,3741317950.0,26100.0,-1000.0,0.0,-25100.0,412195000.0,-15980000.0,0.0,-396215000.0
01/04/2025,14646.53,15700.0,0.0,0.0,14739.82,14786.465,14599.885,369931.0,5819268500.0,0.0,0.0,369931.0,5819268500.0,25600.0,0.0,0.0,-25600.0,403070000.0,0.0,0.0,-403070000.0
31/03/2025,14646.53,16000.0,-300.0,-0.01875,14786.465,14786.465,14553.24,582289.0,9151796850.0,0.0,0.0,582289.0,9151796850.0,-73100.0,28200.0,42200.0,44900.0,-1144665000.0,440520000.0,660320000.0,704145000.0
28/03/2025,14926.4,15950.0,50.0,0.0031348,14973.045,15066.335,14739.82,501260.0,7990475750.0,0.0,0.0,501260.0,7990475750.0,7600.0,-55600.0,0.0,48000.0,113575000.0,-882850000.0,0.0,769275000.0
27/03/2025,14879.755,16100.0,-150.0,-0.00931677,15019.69,15019.69,14739.82,337583.0,5375841200.0,0.0,0.0,337583.0,5375841200.0,109120.0,-89910.0,0.0,-19210.0,1732496000.0,-1425825500.0,0.0,-306670500.0
26/03/2025,15019.69,15950.0,150.0,0.00940439,15019.69,15112.98,14879.755,390956.0,6282945950.0,0.0,0.0,390956.0,6282945950.0,39000.0,0.0,0.0,-39000.0,626380000.0,0.0,0.0,-626380000.0
25/03/2025,14879.755,15800.0,150.0,0.00949367,14879.755,14973.045,14786.465,322325.0,5142632400.0,0.0,0.0,322325.0,5142632400.0,42600.0,0.0,0.0,-42600.0,679860000.0,0.0,0.0,-679860000.0
24/03/2025,14739.82,15900.0,-100.0,-0.00628931,14926.4,14926.4,14646.53,327341.0,5185026400.0,0.0,0.0,327341.0,5185026400.0,8900.0,31600.0,30700.0,-40500.0,143495000.0,497880000.0,483525000.0,-641375000.0
21/03/2025,14833.11,16150.0,-250.0,-0.01547988,15112.98,15112.98,14786.465,635997.0,10165328850.0,0.0,0.0,635997.0,10165328850.0,295243.0,4857.0,0.0,-300100.0,4722512451.0,77197550.0,0.0,-4799710000.0
20/03/2025,15066.335,16050.0,100.0,0.00623053,15112.98,15159.625,14879.755,514400.0,8263703500.0,0.0,0.0,514400.0,8263703500.0,17900.0,400.0,0.0,-18300.0,287500000.0,6420000.0,0.0,-293920000.0
19/03/2025,14973.045,16050.0,0.0,0.0,14973.045,15066.335,14833.11,831190.0,13311430950.0,0.0,0.0,831190.0,13311430950.0,158100.0,-31700.0,50000.0,-126400.0,2536195000.0,-509180000.0,800000000.0,-2027015000.0
18/03/2025,14973.045,16350.0,-300.0,-0.01834862,15346.205,15346.205,14926.4,1430347.0,23103657950.0,0.0,0.0,1430347.0,23103657950.0,186271.0,-134600.0,0.0,-51671.0,3021076101.0,-2173115000.0,0.0,-847961100.0
17/03/2025,15252.915,16750.0,-400.0,-0.0238806,15766.01,15766.01,15159.625,1394491.0,22856783050.0,0.0,0.0,1394491.0,22856783050.0,201358.0,-34000.0,0.0,-167358.0,3310428950.0,-557220000.0,0.0,-2753208950.0
14/03/2025,15626.075,16650.0,100.0,0.00600601,15532.785,15859.3,15532.785,1219206.0,20462831100.0,0.0,0.0,1219206.0,20462831100.0,252400.0,-10300.0,0.0,-242100.0,4234900000.0,-172545000.0,0.0,-4062355000.0
13/03/2025,15532.785,17650.0,-1000.0,-0.05665722,16558.975,16558.975,15346.205,3096809.0,52570012100.0,0.0,0.0,3096809.0,52570012100.0,-75000.0,49200.0,0.0,25800.0,-1328905000.0,868620000.0,0.0,460285000.0
12/03/2025,16465.685,18000.0,-350.0,-0.01944444,16932.135,16932.135,16465.685,888234.0,15839586950.0,0.0,0.0,888234.0,15839586950.0,119100.0,15000.0,0.0,-134100.0,2120215000.0,266800000.0,0.0,-2387015000.0
11/03/2025,16792.2,17900.0,100.0,0.00558659,16745.555,16792.2,16512.33,890346.0,15902853300.0,0.0,0.0,890346.0,15902853300.0,500.0,-1900.0,0.0,1400.0,3005000.0,-33880000.0,0.0,30875000.0
10/03/2025,16698.91,18000.0,-100.0,-0.00555556,16978.78,17258.65,16605.62,1514602.0,27526688150.0,0.0,0.0,1514602.0,27526688150.0,23300.0,-3700.0,0.0,-19600.0,488465000.0,-67865000.0,0.0,-420600000.0
07/03/2025,16792.2,17550.0,450.0,0.02564103,16419.04,16932.135,16419.04,2827357.0,50850468750.0,0.0,0.0,2827357.0,50850468750.0,-722443.0,176100.0,0.0,546343.0,-12969227550.0,3161150000.0,0.0,9808077550.0
06/03/2025,16372.395,17500.0,50.0,0.00285714,16372.395,16419.04,16045.88,728410.0,12706236550.0,0.0,0.0,728410.0,12706236550.0,1900.0,25000.0,0.0,-26900.0,33875000.0,436250000.0,0.0,-470125000.0
05/03/2025,16325.75,17850.0,-350.0,-0.01960784,16838.845,16838.845,16325.75,635860.0,11237266650.0,0.0,0.0,635860.0,11237266650.0,166400.0,0.0,0.0,-166400.0,2955655000.0,0.0,0.0,-2955655000.0
04/03/2025,16652.265,17300.0,550.0,0.03179191,16139.17,17025.425,16139.17,2487132.0,44437661750.0,0.0,0.0,2487132.0,44437661750.0,-399200.0,16400.0,0.0,382800.0,-7083360000.0,289370000.0,0.0,6793990000.0
03/03/2025,16139.17,17400.0,-100.0,-0.00574713,16652.265,16652.265,16139.17,617110.0,10772783850.0,0.0,0.0,617110.0,10772783850.0,16600.0,-11500.0,0.0,-5100.0,291210000.0,-199725000.0,0.0,-91485000.0
28/02/2025,16232.46,17700.0,-300.0,-0.01694915,16512.33,16698.91,16232.46,925633.0,16273955300.0,0.0,0.0,925633.0,16273955300.0,56400.0,600.0,0.0,-57000.0,996885000.0,10475000.0,0.0,-1007360000.0
27/02/2025,16512.33,17400.0,300.0,0.01724138,16325.75,16605.62,16139.17,1530769.0,26862774650.0,0.0,0.0,1530769.0,26862774650.0,-274000.0,4900.0,6000.0,269100.0,-4803720000.0,86425000.0,104050000.0,4717295000.0
26/02/2025,16232.46,17550.0,-150.0,-0.00854701,16372.395,16698.91,16232.46,1070424.0,18818010400.0,0.0,0.0,1070424.0,18818010400.0,42800.0,700.0,0.0,-43500.0,756460001.0,12440000.0,0.0,-768900000.0
25/02/2025,16372.395,16800.0,750.0,0.04464286,15719.365,16372.395,15719.365,1864745.0,32080395500.0,0.0,0.0,1864745.0,32080395500.0,-172973.0,25000.0,0.0,147973.0,-2956156000.0,427100000.0,0.0,2529056000.0
24/02/2025,15672.72,17000.0,-200.0,-0.01176471,15952.59,16045.88,15672.72,692580.0,11766803850.0,0.0,0.0,692580.0,11766803850.0,-22100.0,1000.0,0.0,21100.0,-379735000.0,17000000.0,0.0,362735000.0
21/02/2025,15859.3,16950.0,50.0,0.00294985,15859.3,15905.945,15672.72,674795.0,11428563950.0,0.0,0.0,674795.0,11428563950.0,-164400.0,103000.0,0.0,61400.0,-2783535001.0,1741135000.0,0.0,1042400000.0
20/02/2025,15812.655,16850.0,100.0,0.00593472,15766.01,16092.525,15719.365,1054444.0,17943049050.0,0.0,0.0,1054444.0,17943049050.0,-195921.0,106883.0,-117.0,89038.0,-3324894400.0,1813370300.0,-1980000.0,1511524100.0
19/02/2025,15719.365,16550.0,300.0,0.01812689,15439.495,15719.365,15346.205,617976.0,10296876200.0,0.0,0.0,617976.0,10296876200.0,-99600.0,-5000.0,0.0,104600.0,-1658920001.0,-82700000.0,0.0,1741620000.0
18/02/2025,15439.495,16550.0,0.0,0.0,15532.785,15626.075,15392.85,323514.0,5368528700.0,0.0,0.0,323514.0,5368528700.0,-700.0,-2900.0,0.0,3600.0,-11630000.0,-48285000.0,0.0,59915000.0
17/02/2025,15439.495,16550.0,0.0,0.0,15486.14,15579.43,15392.85,435369.0,7203841150.0,0.0,0.0,435369.0,7203841150.0,-125200.0,-2100.0,0.0,127300.0,-2070240000.0,-34755000.0,0.0,2104995000.0
14/02/2025,15439.495,16350.0,200.0,0.01223242,15299.56,15532.785,15299.56,499912.0,8231998200.0,0.0,0.0,499912.0,8231998200.0,-500.0,13500.0,0.0,-13000.0,-8710000.0,222865000.0,0.0,-214155000.0
13/02/2025,15252.915,16750.0,-400.0,-0.0238806,15626.075,15719.365,15252.915,1261333.0,20776841150.0,0.0,0.0,1261333.0,20776841150.0,178300.0,-5000.0,0.0,-173300.0,2945725000.0,-82195000.0,0.0,-2863530000.0
12/02/2025,15626.075,16850.0,-100.0,-0.00593472,15719.365,16045.88,15626.075,506781.0,8600188900.0,0.0,0.0,506781.0,8600188900.0,65000.0,-7300.0,0.0,-57700.0,1103215000.0,-125485000.0,0.0,-977730000.0
11/02/2025,15719.365,16850.0,0.0,0.0,15812.655,15812.655,15626.075,466731.0,7860990300.0,0.0,0.0,466731.0,7860990300.0,46600.0,-11500.0,0.0,-35100.0,785135000.0,-193700000.0,0.0,-591435000.0
10/02/2025,15719.365,17000.0,-150.0,-0.0088,15719.365,15952.59,15672.72,637926.0,10803181250.0,0.0,0.0,637926.0,10803181250.0,-100.0,3000.0,9000.0,-2900.0,-615000.0,50550000.0,153200000.0,-49935000.0
07/02/2025,15859.3,16950.0,50.0,0.00294985,15812.655,15859.3,15672.72,374908.0,6345945100.0,0.0,0.0,374908.0,6345945100.0,42100.0,200.0,0.0,-42300.0,713705000.0,3315000.0,0.0,-717020000.0
06/02/2025,15812.655,17100.0,-150.0,-0.00877193,15999.235,16092.525,15719.365,619601.0,10512354350.0,0.0,0.0,619601.0,10512354350.0,-12600.0,21800.0,0.0,-9200.0,-206415000.0,372270000.0,0.0,-165855000.0
05/02/2025,15952.59,17100.0,0.0,0.0,15952.59,16139.17,15812.655,586676.0,10021679150.0,0.0,0.0,586676.0,10021679150.0,88700.0,-21000.0,0.0,-67700.0,1520435000.0,-357650000.0,0.0,-1162785000.0
04/02/2025,15952.59,16800.0,300.0,0.01785714,15766.01,15952.59,15579.43,972485.0,16509200800.0,0.0,0.0,972485.0,16509200800.0,22799.0,-115000.0,0.0,92201.0,382418000.0,-1948485000.0,0.0,1566067000.0
03/02/2025,15672.72,16600.0,200.0,0.01204819,15439.495,15952.59,15346.205,728583.0,12319683500.0,0.0,0.0,728583.0,12319683500.0,20608.0,6500.0,0.0,-27108.0,353526000.0,110500000.0,0.0,-464026000.0
24/01/2025,15486.14,16400.0,200.0,0.01219512,15299.56,15626.075,15299.56,290638.0,4819469250.0,0.0,0.0,290638.0,4819469250.0,30600.0,-15000.0,0.0,-15600.0,506410000.0,-246750000.0,0.0,-259660000.0
23/01/2025,15299.56,16300.0,100.0,0.00613497,15252.915,15346.205,15112.98,247597.0,4050688450.0,0.0,0.0,247597.0,4050688450.0,19800.0,0.0,0.0,-19800.0,324120000.0,0.0,0.0,-324120000.0
22/01/2025,15206.27,16550.0,-250.0,-0.01510574,15532.785,15532.785,15206.27,408944.0,6704305800.0,0.0,0.0,408944.0,6704305800.0,52100.0,0.0,0.0,-52100.0,855130000.0,0.0,0.0,-855130000.0
21/01/2025,15439.495,16600.0,-50.0,-0.00301205,15672.72,15672.72,15392.85,284999.0,4724669100.0,0.0,0.0,284999.0,4724669100.0,47600.0,0.0,0.0,-47600.0,791420001.0,0.0,0.0,-791420000.0
20/01/2025,15486.14,16800.0,-200.0,-0.01190476,15766.01,15952.59,15486.14,525049.0,8864903650.0,0.0,0.0,525049.0,8864903650.0,65400.0,1100.0,0.0,-66500.0,1105110000.0,18260000.0,0.0,-1123370000.0
17/01/2025,15672.72,16600.0,200.0,0.01204819,15626.075,15672.72,15392.85,369942.0,6177296600.0,0.0,0.0,369942.0,6177296600.0,24330.0,-130.0,0.0,-24200.0,404700500.0,-2155500.0,0.0,-402545000.0
16/01/2025,15486.14,16550.0,50.0,0.00302115,15486.14,15672.72,15392.85,199596.0,3321115650.0,0.0,0.0,199596.0,3321115650.0,46900.0,0.0,0.0,-46900.0,782770000.0,0.0,0.0,-782770000.0
15/01/2025,15439.495,16300.0,250.0,0.01533742,15206.27,15439.495,15206.27,195407.0,3215463050.0,0.0,0.0,195407.0,3215463050.0,45908.0,0.0,0.0,-45908.0,754491601.0,0.0,0.0,-754491600.0
14/01/2025,15206.27,16600.0,-300.0,-0.01807229,15532.785,15532.785,15159.625,175593.0,2874485000.0,0.0,0.0,175593.0,2874485000.0,40900.0,-6600.0,0.0,-34300.0,671395000.0,-107660000.0,0.0,-563735000.0
13/01/2025,15486.14,16300.0,300.0,0.01840491,15159.625,15486.14,14926.4,252461.0,4108636450.0,0.0,0.0,252461.0,4108636450.0,19700.0,0.0,0.0,-19700.0,323860000.0,0.0,0.0,-323860000.0
10/01/2025,15206.27,16700.0,-400.0,-0.0239521,15532.785,15532.785,15206.27,469596.0,7707442700.0,0.0,0.0,469596.0,7707442700.0,104800.0,-24800.0,0.0,-80000.0,1723610000.0,-406705000.0,0.0,-1316905000.0
09/01/2025,15579.43,16900.0,-200.0,-0.01183432,15672.72,15719.365,15392.85,285880.0,4753145900.0,0.0,0.0,285880.0,4753145900.0,30100.0,25200.0,0.0,-55300.0,505685000.0,420400000.0,0.0,-926085000.0
08/01/2025,15766.01,16550.0,350.0,0.02114804,15439.495,15766.01,15299.56,330771.0,5492640200.0,0.0,0.0,330771.0,5492640200.0,9575.0,-100.0,0.0,-9475.0,158727600.0,-1650000.0,0.0,-157077600.0
07/01/2025,15439.495,16450.0,100.0,0.00607903,15112.98,15486.14,15112.98,417097.0,6862052100.0,0.0,0.0,417097.0,6862052100.0,22200.0,-100.0,0.0,-22100.0,365240000.0,-1640000.0,0.0,-363600000.0
06/01/2025,15346.205,16700.0,-250.0,-0.01497006,15766.01,15952.59,15112.98,863220.0,14323682000.0,0.0,0.0,863220.0,14323682000.0,-83800.0,34000.0,0.0,49800.0,-1346185000.0,559100000.0,0.0,787085000.0
03/01/2025,15579.43,17050.0,-350.0,-0.02052786,16092.525,16139.17,15579.43,652521.0,11006393950.0,0.0,0.0,652521.0,11006393950.0,11504.0,-6700.0,0.0,-4804.0,203923000.0,-114330000.0,0.0,-89593000.0
02/01/2025,15905.945,16950.0,100.0,0.00589971,15905.945,16232.46,15672.72,336888.0,5759826700.0,0.0,0.0,336888.0,5759826700.0,4100.0,-13900.0,0.0,9800.0,68725000.0,-237550000.0,0.0,168825000.0
31/12/2024,15812.655,17150.0,-200.0,-0.01166181,15999.235,16139.17,15812.655,714893.0,12183128150.0,0.0,0.0,714893.0,12183128150.0,-113400.0,2300.0,0.0,111100.0,-1927930000.0,39805000.0,0.0,1888125000.0
30/12/2024,15999.235,17650.0,-500.0,-0.02832861,16512.33,16512.33,15952.59,602537.0,10407013400.0,1070000.0,18992500000.0,1672537.0,29399513400.0,-72780.0,1600.0,0.0,71180.0,-1246181000.0,27675000.0,0.0,1218506000.0
27/12/2024,16465.685,17950.0,-300.0,-0.01671309,16745.555,17351.94,16372.395,1110138.0,20036695600.0,3230000.0,56544380000.0,4340138.0,76581075600.0,-144000.0,0.0,0.0,144000.0,-2600910000.0,-15000.0,0.0,2600925000.0
26/12/2024,16745.555,17200.0,750.0,0.04360465,16045.88,16792.2,16045.88,2735432.0,48630004500.0,0.0,0.0,2735432.0,48630004500.0,-1248500.0,1074000.0,1070000.0,174500.0,-22163415000.0,19065410000.0,18993160000.0,3098005000.0
25/12/2024,16045.88,17350.0,-150.0,-0.00864553,16232.46,16558.975,16045.88,1320465.0,23162800200.0,0.0,0.0,1320465.0,23162800200.0,-755089.0,743689.0,829989.0,11400.0,-13254504051.0,13055024050.0,14573014000.0,199480000.0
24/12/2024,16185.815,17400.0,-50.0,-0.00287356,16325.75,16605.62,16185.815,2193788.0,38454314800.0,0.0,0.0,2193788.0,38454314800.0,-1124900.0,1045300.0,1050000.0,79600.0,-19696375001.0,18306800000.0,18389990000.0,1389575000.0
23/12/2024,16232.46,17250.0,150.0,0.00869565,16092.525,16465.685,16092.525,2050338.0,35818113450.0,0.0,0.0,2050338.0,35818113450.0,-1448494.0,1397294.0,1350000.0,51200.0,-25303450600.0,24406260600.0,23580335000.0,897190000.0
20/12/2024,16092.525,17200.0,50.0,0.00290698,16045.88,16325.75,15952.59,763371.0,13165974000.0,0.0,0.0,763371.0,13165974000.0,-121499.0,84000.0,0.0,37499.0,-2095722750.0,1456145000.0,0.0,639577750.0
19/12/2024,16045.88,17000.0,200.0,0.01176471,15579.43,16698.91,15579.43,2320505.0,40461401400.0,0.0,0.0,2320505.0,40461401400.0,-299100.0,78400.0,0.0,220700.0,-5182835000.0,1374535000.0,0.0,3808300000.0
18/12/2024,15859.3,16300.0,700.0,0.04294479,15299.56,16045.88,15252.915,2573814.0,43518973900.0,0.0,0.0,2573814.0,43518973900.0,-399100.0,11000.0,0.0,388100.0,-6706615000.0,182275000.0,0.0,6524340000.0
17/12/2024,15206.27,16400.0,-100.0,-0.00609756,15299.56,15299.56,15112.98,245158.0,3991895250.0,0.0,0.0,245158.0,3991895250.0,-15200.0,-2000.0,0.0,17200.0,-248450000.0,-32550000.0,0.0,281000000.0
16/12/2024,15299.56,16200.0,200.0,0.01234568,15112.98,15392.85,15019.69,189309.0,3076390300.0,0.0,0.0,189309.0,3076390300.0,-15400.0,-2100.0,0.0,17500.0,-249430000.0,-34030000.0,0.0,283460000.0
13/12/2024,15112.98,16450.0,-250.0,-0.01519757,15346.205,15672.72,15112.98,591285.0,9760070050.0,0.0,0.0,591285.0,9760070050.0,47600.0,0.0,0.0,-47600.0,791020000.0,0.0,0.0,-791020000.0
12/12/2024,15346.205,16700.0,-250.0,-0.01497006,15579.43,15579.43,15299.56,380918.0,6278000550.0,0.0,0.0,380918.0,6278000550.0,-24892.0,29000.0,0.0,-4108.0,-409638150.0,477500000.0,0.0,-67861850.0
11/12/2024,15579.43,16250.0,450.0,0.02769231,15159.625,15672.72,15066.335,1286107.0,21204052650.0,714800.0,11631225600.0,2000907.0,32835278250.0,-597800.0,22500.0,0.0,575300.0,-9854785001.0,370175000.0,0.0,9484610000.0
10/12/2024,15159.625,16250.0,0.0,0.0,15159.625,15252.915,15019.69,258912.0,4197872900.0,935200.0,14859392800.0,1194112.0,19057265700.0,-27300.0,30000.0,0.0,-2700.0,-444440000.0,488450000.0,0.0,-44010000.0
09/12/2024,15159.625,16050.0,200.0,0.01246106,15159.625,15252.915,15019.69,1193765.0,19424141700.0,0.0,0.0,1193765.0,19424141700.0,-754700.0,709400.0,714800.0,45300.0,-12279395001.0,11543290000.0,11631310000.0,736105000.0
06/12/2024,14973.045,15950.0,100.0,0.00626959,14879.755,14973.045,14879.755,947726.0,15168910600.0,0.0,0.0,947726.0,15168910600.0,-653895.0,574595.0,575200.0,79300.0,-10462925000.0,9192810000.0,9202490000.0,1270115000.0
05/12/2024,14879.755,15500.0,450.0,0.02903226,14506.595,14926.4,14320.015,879647.0,13773880850.0,0.0,0.0,879647.0,13773880850.0,-404800.0,360000.0,360000.0,44800.0,-6352060000.0,5656720000.0,5656720000.0,695340000.0
04/12/2024,14459.95,15650.0,-150.0,-0.00958466,14599.885,14693.175,14366.66,360863.0,5607889300.0,0.0,0.0,360863.0,5607889300.0,78906.0,-5000.0,0.0,-73906.0,1229765100.0,-78295000.0,0.0,-1151470100.0
03/12/2024,14599.885,15800.0,-150.0,-0.00949367,14833.11,14833.11,14553.24,445676.0,6990426100.0,0.0,0.0,445676.0,6990426100.0,114213.0,0.0,0.0,-114213.0,1792983550.0,0.0,0.0,-1792983550.0
02/12/2024,14739.82,15900.0,-100.0,-0.00628931,14973.045,14973.045,14693.175,254567.0,4024622300.0,0.0,0.0,254567.0,4024622300.0,1200.0,-1600.0,0.0,400.0,20225000.0,-25235000.0,0.0,5010000.0
29/11/2024,14833.11,15900.0,0.0,0.0,14739.82,14926.4,14693.175,447879.0,7084559050.0,0.0,0.0,447879.0,7084559050.0,-68400.0,0.0,0.0,68400.0,-1082025000.0,0.0,0.0,1082025000.0
28/11/2024,14833.11,16000.0,-100.0,-0.00625,14833.11,15019.69,14739.82,205388.0,3263912800.0,0.0,0.0,205388.0,3263912800.0,-14719.0,1600.0,0.0,13119.0,-233579600.0,25460000.0,0.0,208119600.0
27/11/2024,14926.4,16000.0,0.0,0.0,15019.69,15019.69,14693.175,213022.0,3386069250.0,0.0,0.0,213022.0,3386069250.0,-12500.0,500.0,0.0,12000.0,-198965000.0,8000000.0,0.0,190965000.0
26/11/2024,14926.4,15900.0,100.0,0.00628931,14833.11,15112.98,14833.11,369292.0,5943243600.0,0.0,0.0,369292.0,5943243600.0,72700.0,500.0,0.0,-73200.0,1175820000.0,7875000.0,0.0,-1183695000.0
25/11/2024,14833.11,15900.0,0.0,0.0,14833.11,14833.11,14553.24,194890.0,3068585800.0,0.0,0.0,194890.0,3068585800.0,5148.0,0.0,0.0,-5148.0,81215101.0,0.0,0.0,-81215100.0
22/11/2024,14833.11,16000.0,-100.0,-0.00625,14926.4,14926.4,14739.82,188986.0,2998334350.0,0.0,0.0,188986.0,2998334350.0,49800.0,1000.0,0.0,-50800.0,790815000.0,15900000.0,0.0,-806715000.0
21/11/2024,14926.4,15900.0,100.0,0.00628931,14833.11,14926.4,14599.885,193032.0,3057743350.0,0.0,0.0,193032.0,3057743350.0,10900.0,6400.0,0.0,-17300.0,173290000.0,101120000.0,0.0,-274410000.0
20/11/2024,14833.11,15550.0,350.0,0.02250804,14413.305,15019.69,14413.305,721649.0,11430043400.0,0.0,0.0,721649.0,11430043400.0,-359400.0,-8000.0,0.0,367400.0,-5685190000.0,-125600000.0,0.0,5810790000.0
19/11/2024,14506.595,15700.0,-150.0,-0.00955414,14646.53,14693.175,14413.305,350120.0,5461140100.0,0.0,0.0,350120.0,5461140100.0,-48900.0,92300.0,0.0,-43400.0,-764110001.0,1442550000.0,0.0,-678440000.0
18/11/2024,14646.53,15400.0,300.0,0.01948052,14366.66,14739.82,14366.66,315091.0,4904537800.0,0.0,0.0,315091.0,4904537800.0,-89945.0,3800.0,0.0,86145.0,-1397399750.0,59090000.0,0.0,1338309750.0
15/11/2024,14366.66,16050.0,-650.0,-0.04049844,14973.045,14973.045,13946.855,1582063.0,24404294900.0,0.0,0.0,1582063.0,24404294900.0,-200700.0,1200.0,0.0,199500.0,-3086440000.0,18780000.0,0.0,3067660000.0
14/11/2024,14973.045,16300.0,-250.0,-0.01533742,15392.85,15392.85,14739.82,1030362.0,16543678750.0,0.0,0.0,1030362.0,16543678750.0,-16900.0,-50000.0,0.0,66900.0,-264165000.0,-807605000.0,0.0,1071770000.0
13/11/2024,15206.27,16150.0,150.0,0.00928793,15066.335,15299.56,15066.335,584852.0,9494344050.0,0.0,0.0,584852.0,9494344050.0,11372.0,-70813.0,-70013.0,59441.0,187592050.0,-1152681250.0,-1138341000.0,965089200.0
12/11/2024,15066.335,16350.0,-200.0,-0.01223242,15299.56,15486.14,15066.335,1011377.0,16495690300.0,0.0,0.0,1011377.0,16495690300.0,96000.0,500.0,0.0,-96500.0,1570040000.0,8135000.0,0.0,-1578175000.0
11/11/2024,15252.915,17000.0,-650.0,-0.03823529,15952.59,15952.59,15252.915,1692485.0,28023852000.0,0.0,0.0,1692485.0,28023852000.0,210700.0,-19800.0,-20000.0,-190900.0,3500595000.0,-326905000.0,-330500000.0,-3173690000.0
08/11/2024,15859.3,17100.0,-100.0,-0.00584795,15999.235,16045.88,15812.655,584331.0,9952382500.0,0.0,0.0,584331.0,9952382500.0,2300.0,-1000.0,0.0,-1300.0,39605000.0,-16990000.0,0.0,-22615000.0
07/11/2024,15952.59,17300.0,-200.0,-0.01156069,16325.75,16605.62,15952.59,2576479.0,45249946550.0,0.0,0.0,2576479.0,45249946550.0,-56500.0,-30500.0,-30000.0,87000.0,-1011715000.0,-527815000.0,-519610000.0,1539530000.0
06/11/2024,16139.17,16950.0,350.0,0.02064897,16045.88,16139.17,15812.655,1260591.0,21575412800.0,0.0,0.0,1260591.0,21575412800.0,-282100.0,17000.0,0.0,265100.0,-4814330000.0,289850000.0,0.0,4524480000.0
05/11/2024,15812.655,16800.0,150.0,0.00892857,15672.72,15952.59,15626.075,452146.0,7649502700.0,0.0,0.0,452146.0,7649502700.0,-58600.0,0.0,0.0,58600.0,-991510000.0,0.0,0.0,991510000.0
04/11/2024,15672.72,17200.0,-400.0,-0.02325581,15905.945,15999.235,15532.785,449851.0,7570154250.0,0.0,0.0,449851.0,7570154250.0,58780.0,3200.0,0.0,-61980.0,995052000.0,53900000.0,0.0,-1048952000.0
01/11/2024,16045.88,17250.0,-50.0,-0.00289855,16045.88,16045.88,15626.075,470153.0,7983162500.0,0.0,0.0,470153.0,7983162500.0,65700.0,300.0,0.0,-66000.0,1115275000.0,5055000.0,0.0,-1120330000.0
31/10/2024,16092.525,17100.0,150.0,0.00877193,15952.59,16139.17,15766.01,1098345.0,18869188450.0,0.0,0.0,1098345.0,18869188450.0,-552700.0,17900.0,0.0,534800.0,-9502665000.0,305880000.0,0.0,9196785000.0
30/10/2024,15952.59,17050.0,50.0,0.00293255,15905.945,16185.815,15766.01,1133673.0,19423434750.0,0.0,0.0,1133673.0,19423434750.0,-26000.0,-100.0,0.0,26100.0,-431165000.0,-3420000.0,0.0,434585000.0
29/10/2024,15905.945,16750.0,300.0,0.01791045,15766.01,15999.235,15532.785,1033908.0,17472896600.0,0.0,0.0,1033908.0,17472896600.0,-108944.0,18000.0,0.0,90944.0,-1828402000.0,304900000.0,0.0,1523502000.0
28/10/2024,15626.075,16750.0,0.0,0.0,15766.01,15812.655,15486.14,456145.0,7628195300.0,0.0,0.0,456145.0,7628195300.0,132600.0,0.0,0.0,-132600.0,2218420000.0,0.0,0.0,-2218420000.0
25/10/2024,15626.075,16500.0,250.0,0.01515152,15392.85,16139.17,15392.85,1000670.0,16904727050.0,0.0,0.0,1000670.0,16904727050.0,423200.0,3100.0,0.0,-426300.0,7144950000.0,52300000.0,0.0,-7197250000.0
24/10/2024,15392.85,16800.0,-300.0,-0.01785714,15766.01,15812.655,15392.85,441104.0,7355860250.0,0.0,0.0,441104.0,7355860250.0,55500.0,300.0,0.0,-55800.0,932335000.0,4995000.0,0.0,-937330000.0
23/10/2024,15672.72,16950.0,-150.0,-0.00884956,15905.945,15905.945,15626.075,585260.0,9856800150.0,0.0,0.0,585260.0,9856800150.0,148900.0,6200.0,0.0,-155100.0,2510025000.0,105330000.0,0.0,-2615355000.0
22/10/2024,15812.655,16750.0,200.0,0.0119403,15952.59,16325.75,15532.785,2264459.0,38786678750.0,0.0,0.0,2264459.0,38786678750.0,470500.0,-1700.0,0.0,-468800.0,8061025000.0,-29290000.0,0.0,-8031735000.0
21/10/2024,15626.075,16400.0,350.0,0.0213,15299.56,15626.075,15252.915,480489.0,7937217050.0,0.0,0.0,480489.0,7937217050.0,148500.0,5000.0,0.0,-153500.0,2451030000.0,82850000.0,0.0,-2533880000.0
18/10/2024,15299.56,16300.0,100.0,0.00613497,15346.205,15626.075,15206.27,808903.0,13375846050.0,0.0,0.0,808903.0,13375846050.0,177025.0,0.0,0.0,-177025.0,2922527500.0,0.0,0.0,-2922527500.0
17/10/2024,15206.27,16350.0,-50.0,-0.0030581,15252.915,15299.56,15066.335,245003.0,3982298650.0,0.0,0.0,245003.0,3982298650.0,8800.0,0.0,0.0,-8800.0,146035000.0,0.0,0.0,-146035000.0
16/10/2024,15252.915,16150.0,200.0,0.0123839,15019.69,15346.205,15019.69,673956.0,10995819700.0,0.0,0.0,673956.0,10995819700.0,151700.0,0.0,0.0,-151700.0,2479600001.0,0.0,0.0,-2479600000.0
15/10/2024,15066.335,16300.0,-150.0,-0.00920245,15206.27,15299.56,15019.69,419454.0,6812599150.0,0.0,0.0,419454.0,6812599150.0,41411.0,-300.0,0.0,-41111.0,674788200.0,-4845000.0,0.0,-669943200.0
14/10/2024,15206.27,16350.0,-50.0,-0.0030581,15252.915,15439.495,15206.27,321751.0,5281041600.0,0.0,0.0,321751.0,5281041600.0,81994.0,-94.0,-94.0,-81900.0,1343425601.0,-1515600.0,-1516000.0,-1341910000.0
11/10/2024,15252.915,16250.0,100.0,0.00615385,15159.625,15392.85,15112.98,357761.0,5853277950.0,0.0,0.0,357761.0,5853277950.0,73200.0,0.0,0.0,-73200.0,1196295000.0,0.0,0.0,-1196295000.0
10/10/2024,15159.625,16300.0,-50.0,-0.00306748,15299.56,15439.495,15159.625,354525.0,5795095350.0,0.0,0.0,354525.0,5795095350.0,103357.0,-29057.0,0.0,-74300.0,1689964851.0,-474434850.0,0.0,-1215530000.0
09/10/2024,15206.27,16300.0,0.0,0.0,15206.27,15392.85,15112.98,469275.0,7651170850.0,0.0,0.0,469275.0,7651170850.0,80400.0,1000.0,0.0,-81400.0,1315350000.0,16350000.0,0.0,-1331700000.0
08/10/2024,15206.27,16400.0,-100.0,-0.00609756,15299.56,15532.785,15206.27,518472.0,8516633300.0,0.0,0.0,518472.0,8516633300.0,47900.0,0.0,0.0,-47900.0,789690000.0,0.0,0.0,-789690000.0
07/10/2024,15299.56,16500.0,-100.0,-0.00606061,15486.14,15486.14,15252.915,298140.0,4903142950.0,0.0,0.0,298140.0,4903142950.0,-20000.0,0.0,0.0,20000.0,-328000000.0,0.0,0.0,328000000.0
04/10/2024,15392.85,16800.0,-300.0,-0.01785714,15719.365,15719.365,15392.85,276232.0,4586817500.0,0.0,0.0,276232.0,4586817500.0,-32900.0,0.0,0.0,32900.0,-543275000.0,0.0,0.0,543275000.0
03/10/2024,15672.72,16700.0,100.0,0.00598802,15626.075,15672.72,15206.27,1323910.0,21904310250.0,0.0,0.0,1323910.0,21904310250.0,28902.0,-21500.0,0.0,-7402.0,480303200.0,-356775000.0,0.0,-123528200.0
02/10/2024,15579.43,16800.0,-100.0,-0.00595238,15672.72,15719.365,15486.14,516970.0,8642385250.0,0.0,0.0,516970.0,8642385250.0,-200.0,0.0,0.0,200.0,-3340000.0,0.0,0.0,3340000.0
01/10/2024,15672.72,16850.0,-50.0,-0.00296736,15719.365,15812.655,15626.075,556189.0,9375719500.0,0.0,0.0,556189.0,9375719500.0,9048.0,-800.0,0.0,-8248.0,152336250.0,-13430000.0,0.0,-138906250.0
30/09/2024,15719.365,16700.0,150.0,0.00898204,15579.43,15766.01,15532.785,578402.0,9694152500.0,0.0,0.0,578402.0,9694152500.0,-13795.0,7200.0,0.0,6595.0,-233526750.0,120290000.0,0.0,113236750.0
27/09/2024,15579.43,16900.0,-200.0,-0.01183432,15766.01,15812.655,15532.785,600610.0,10063631150.0,0.0,0.0,600610.0,10063631150.0,18300.0,-12800.0,0.0,-5500.0,306960000.0,-214280000.0,0.0,-92680000.0
26/09/2024,15766.01,17000.0,-100.0,-0.00588235,15952.59,16185.815,15719.365,463440.0,7884905250.0,0.0,0.0,463440.0,7884905250.0,48500.0,-10200.0,0.0,-38300.0,835250000.0,-174640000.0,0.0,-660610000.0
25/09/2024,15859.3,16650.0,350.0,0.02102102,15626.075,16139.17,15439.495,2051783.0,34416421150.0,0.0,0.0,2051783.0,34416421150.0,106300.0,12500.0,0.0,-118800.0,1806745000.0,214865000.0,0.0,-2021610000.0
24/09/2024,15532.785,16650.0,0.0,0.0,15486.14,15672.72,15486.14,255541.0,4267425450.0,1400000.0,23450000000.0,1655541.0,27717425450.0,-3500.0,0.0,0.0,3500.0,-58175000.0,0.0,0.0,58175000.0
23/09/2024,15532.785,16800.0,-150.0,-0.00892857,15626.075,15672.72,15486.14,470242.0,7844294000.0,0.0,0.0,470242.0,7844294000.0,9200.0,-5000.0,0.0,-4200.0,153770000.0,-83500000.0,0.0,-70270000.0
20/09/2024,15672.72,16900.0,-100.0,-0.00591716,15766.01,15859.3,15672.72,599516.0,10127759650.0,0.0,0.0,599516.0,10127759650.0,-33700.0,1900.0,0.0,31800.0,-572715000.0,32200000.0,0.0,540515000.0
19/09/2024,15766.01,17000.0,-100.0,-0.00588235,15859.3,15859.3,15672.72,500656.0,8441871950.0,0.0,0.0,500656.0,8441871950.0,3000.0,4800.0,0.0,-7800.0,51130000.0,80870000.0,0.0,-132000000.0
18/09/2024,15859.3,17000.0,0.0,0.0,15859.3,15999.235,15766.01,525519.0,8915765900.0,0.0,0.0,525519.0,8915765900.0,32106.0,4200.0,0.0,-36306.0,545225900.0,71180000.0,0.0,-616405900.0
17/09/2024,15859.3,16650.0,350.0,0.02102102,15532.785,15859.3,15439.495,472446.0,7908419700.0,0.0,0.0,472446.0,7908419700.0,946.0,-46.0,0.0,-900.0,15921200.0,-766200.0,0.0,-15155000.0
16/09/2024,15532.785,16950.0,-300.0,-0.01769912,15999.235,15999.235,15392.85,829088.0,13910759800.0,0.0,0.0,829088.0,13910759800.0,47900.0,2500.0,0.0,-50400.0,811935000.0,41625000.0,0.0,-853560000.0
13/09/2024,15812.655,16800.0,150.0,0.00892857,15859.3,15859.3,15672.72,377727.0,6383232300.0,0.0,0.0,377727.0,6383232300.0,19100.0,-8200.0,0.0,-10900.0,323900000.0,-139400000.0,0.0,-184500000.0
12/09/2024,15672.72,17000.0,-200.0,-0.01176471,15999.235,16232.46,15672.72,635622.0,10880367000.0,0.0,0.0,635622.0,10880367000.0,164100.0,-32100.0,-100.0,-132000.0,2816410000.0,-549090000.0,-1720000.0,-2267320000.0
11/09/2024,15859.3,17000.0,0.0,0.0,15859.3,15952.59,15626.075,785580.0,13281679250.0,0.0,0.0,785580.0,13281679250.0,177100.0,-134200.0,0.0,-42900.0,3009040000.0,-2284380000.0,0.0,-724660000.0
10/09/2024,15859.3,16900.0,100.0,0.00591716,15999.235,16139.17,15672.72,656572.0,11163782700.0,0.0,0.0,656572.0,11163782700.0,58100.0,1000.0,0.0,-59100.0,992980000.0,17000000.0,0.0,-1009980000.0
09/09/2024,15766.01,17200.0,-300.0,-0.01744186,15905.945,16139.17,15766.01,766385.0,13059182000.0,0.0,0.0,766385.0,13059182000.0,33100.0,-24100.0,0.0,-9000.0,565100000.0,-408335000.0,0.0,-156765000.0
06/09/2024,16045.88,17350.0,-150.0,-0.00864553,16185.815,16325.75,15905.945,674900.0,11589202550.0,0.0,0.0,674900.0,11589202550.0,-10600.0,-100.0,0.0,10700.0,-179345000.0,-1720000.0,0.0,181065000.0
05/09/2024,16185.815,17850.0,-500.0,-0.0280112,16605.62,16605.62,15952.59,742282.0,12959272800.0,0.0,0.0,742282.0,12959272800.0,63400.0,1000.0,0.0,-64400.0,1106090000.0,17800000.0,0.0,-1123890000.0
04/09/2024,16652.265,16700.0,1150.0,0.06886228,15486.14,16652.265,14739.82,2722351.0,47217952100.0,0.0,0.0,2722351.0,47217952100.0,334700.0,-162200.0,0.0,-172500.0,5846180000.0,-2901375000.0,0.0,-2944805000.0
30/08/2024,15579.43,16850.0,-150.0,-0.00890208,15672.72,15766.01,15579.43,457601.0,7671433600.0,0.0,0.0,457601.0,7671433600.0,68700.0,3500.0,0.0,-72200.0,1152475000.0,58465000.0,0.0,-1210940000.0
29/08/2024,15719.365,16600.0,250.0,0.01506024,15439.495,15766.01,15439.495,882307.0,14775965250.0,0.0,0.0,882307.0,14775965250.0,141500.0,-3500.0,0.0,-138000.0,2367555000.0,-58645000.0,0.0,-2308910000.0
28/08/2024,15486.14,16700.0,-100.0,-0.00598802,15812.655,15812.655,15346.205,685958.0,11427029350.0,0.0,0.0,685958.0,11427029350.0,15600.0,0.0,0.0,-15600.0,261760000.0,0.0,0.0,-261760000.0
27/08/2024,15579.43,17050.0,-350.0,-0.02052786,16092.525,16092.525,15486.14,1067498.0,17923014900.0,0.0,0.0,1067498.0,17923014900.0,-28717.0,-41500.0,0.0,70217.0,-467068250.0,-698890000.0,0.0,1165958250.0
26/08/2024,15905.945,17650.0,-600.0,-0.03399433,16465.685,16465.685,15859.3,1245235.0,21486126200.0,0.0,0.0,1245235.0,21486126200.0,-9600.0,-200.0,0.0,9800.0,-155200000.0,-3410000.0,0.0,158610000.0
23/08/2024,16465.685,17600.0,50.0,0.00284091,16698.91,16698.91,16139.17,895852.0,15681766950.0,0.0,0.0,895852.0,15681766950.0,-192700.0,-9800.0,0.0,202500.0,-3365415001.0,-170975000.0,0.0,3536390000.0
22/08/2024,16419.04,17150.0,450.0,0.02623907,15952.59,16652.265,15766.01,2910050.0,50958157400.0,0.0,0.0,2910050.0,50958157400.0,-259600.0,49800.0,0.0,209800.0,-4408660000.0,870355000.0,0.0,3538305000.0
21/08/2024,15999.235,17350.0,-200.0,-0.01152738,16185.815,16698.91,15952.59,1557806.0,27126894500.0,0.0,0.0,1557806.0,27126894500.0,-208725.0,-5500.0,0.0,214225.0,-3590506250.0,-95350000.0,0.0,3685856250.0
20/08/2024,16185.815,17100.0,250.0,0.01461988,16139.17,16232.46,15719.365,1400170.0,23903422600.0,0.0,0.0,1400170.0,23903422600.0,-86500.0,10300.0,0.0,76200.0,-1458255000.0,175805000.0,0.0,1282450000.0
19/08/2024,15952.59,16000.0,1100.0,0.06875,15112.98,15952.59,15019.69,2227359.0,37692293950.0,0.0,0.0,2227359.0,37692293950.0,207300.0,-116300.0,-130000.0,-91000.0,3564660000.0,-1950330000.0,-2179000000.0,-1614330000.0
16/08/2024,14926.4,15450.0,550.0,0.03559871,14413.305,15112.98,14413.305,1169354.0,18626904750.0,0.0,0.0,1169354.0,18626904750.0,223800.0,-43800.0,0.0,-180000.0,3554155000.0,-683450000.0,0.0,-2870705000.0
15/08/2024,14413.305,15800.0,-350.0,-0.0221519,14739.82,14739.82,14366.66,738048.0,11468901950.0,0.0,0.0,738048.0,11468901950.0,231000.0,-8100.0,0.0,-222900.0,3593160001.0,-125105000.0,0.0,-3468055000.0
14/08/2024,14739.82,16200.0,-400.0,-0.02469136,15112.98,15579.43,14739.82,811400.0,13074868650.0,0.0,0.0,811400.0,13074868650.0,138500.0,1800.0,0.0,-140300.0,2231710000.0,29220000.0,0.0,-2260930000.0
13/08/2024,15112.98,16200.0,0.0,0.0,15112.98,15206.27,14833.11,613990.0,9884464050.0,0.0,0.0,613990.0,9884464050.0,55500.0,42600.0,0.0,-98100.0,894455000.0,686745000.0,0.0,-1581200000.0
12/08/2024,15112.98,15650.0,550.0,0.03514377,14646.53,15206.27,14553.24,1211553.0,19488852450.0,0.0,0.0,1211553.0,19488852450.0,36900.0,-52000.0,-50000.0,15100.0,595440000.0,-834745000.0,-802500000.0,239305000.0
09/08/2024,14599.885,15400.0,250.0,0.01623377,14413.305,14646.53,14226.725,453870.0,7027084850.0,0.0,0.0,453870.0,7027084850.0,5600.0,3000.0,0.0,-8600.0,85615000.0,46650000.0,0.0,-132265000.0
08/08/2024,14366.66,15800.0,-400.0,-0.02531646,14693.175,14693.175,14180.08,603345.0,9334869500.0,0.0,0.0,603345.0,9334869500.0,203909.0,6000.0,0.0,-209909.0,3160106300.0,94200000.0,0.0,-3254306300.0
07/08/2024,14739.82,15500.0,300.0,0.01935484,14459.95,14739.82,14273.37,300167.0,4643504650.0,0.0,0.0,300167.0,4643504650.0,43611.0,-15300.0,-14900.0,-28311.0,678643850.0,-241640000.0,-235420000.0,-437003850.0
06/08/2024,14459.95,15450.0,50.0,0.00323625,14459.95,14599.885,14133.435,574072.0,8851351750.0,0.0,0.0,574072.0,8851351750.0,164300.0,300.0,0.0,-164600.0,2538555000.0,4635000.0,0.0,-2543190000.0
05/08/2024,14413.305,16000.0,-550.0,-0.034375,14833.11,14833.11,14086.79,1469304.0,22580110200.0,962200.0,14875612000.0,2431504.0,37455722200.0,27200.0,-16100.0,0.0,-11100.0,425850000.0,-248360000.0,0.0,-177490000.0
02/08/2024,14926.4,15300.0,700.0,0.04575163,13946.855,15252.915,13946.855,1313455.0,20470757000.0,0.0,0.0,1313455.0,20470757000.0,-457500.0,-85600.0,-65100.0,543100.0,-7117020000.0,-1337060000.0,-1024620000.0,8454080000.0
01/08/2024,14273.37,15650.0,-350.0,-0.02236422,14459.95,14646.53,14133.435,2270756.0,35105209050.0,0.0,0.0,2270756.0,35105209050.0,-652794.0,587100.0,624500.0,65694.0,-10046112400.0,9046805000.0,9623580000.0,999307400.0
31/07/2024,14599.885,15950.0,-300.0,-0.01880878,14973.045,14973.045,14599.885,1227612.0,19415722400.0,0.0,0.0,1227612.0,19415722400.0,405900.0,-358900.0,-267900.0,-47000.0,6426025001.0,-5679335000.0,-4248735000.0,-746690000.0
30/07/2024,14879.755,15550.0,400.0,0.02572347,14506.595,14879.755,14366.66,1591144.0,25007457350.0,0.0,0.0,1591144.0,25007457350.0,232800.0,25400.0,0.0,-258200.0,3656930000.0,397380000.0,0.0,-4054310000.0
29/07/2024,14506.595,15400.0,150.0,0.00974026,14646.53,14646.53,14226.725,464375.0,7162792650.0,0.0,0.0,464375.0,7162792650.0,93300.0,-36500.0,0.0,-56800.0,1438340000.0,-562850000.0,0.0,-875490000.0
26/07/2024,14366.66,15450.0,-50.0,-0.00323625,14413.305,14553.24,14226.725,423772.0,6521950400.0,0.0,0.0,423772.0,6521950400.0,65100.0,-26000.0,0.0,-39100.0,1000000000.0,-399750000.0,0.0,-600250000.0
25/07/2024,14413.305,15450.0,0.0,0.0,14226.725,14413.305,14040.145,317965.0,4869911800.0,0.0,0.0,317965.0,4869911800.0,39600.0,-1500.0,0.0,-38100.0,608670000.0,-22890000.0,0.0,-585780000.0
24/07/2024,14413.305,15050.0,400.0,0.02657807,13713.63,14413.305,13713.63,1054105.0,15820735900.0,0.0,0.0,1054105.0,15820735900.0,4804.0,-131400.0,0.0,126596.0,65054600.0,-1932895000.0,0.0,1867840400.0
23/07/2024,14040.145,15550.0,-500.0,-0.03215434,14646.53,14646.53,13713.63,1132891.0,17214770700.0,0.0,0.0,1132891.0,17214770700.0,104200.0,-118700.0,0.0,14500.0,1583395000.0,-1779970000.0,0.0,196575000.0
22/07/2024,14506.595,16000.0,-450.0,-0.028125,14833.11,14879.755,14180.08,1671190.0,25854773150.0,0.0,0.0,1671190.0,25854773150.0,-42800.0,2900.0,100000.0,39900.0,-593665000.0,11260000.0,1522500000.0,582405000.0
19/07/2024,14926.4,16500.0,-500.0,-0.03030303,15346.205,15392.85,14879.755,777370.0,12544336150.0,0.0,0.0,777370.0,12544336150.0,28490.0,-690.0,0.0,-27800.0,464554500.0,-11089500.0,0.0,-453465000.0
18/07/2024,15392.85,15900.0,600.0,0.03773585,14739.82,15392.85,14739.82,1197139.0,19179937450.0,0.0,0.0,1197139.0,19179937450.0,-99200.0,-3400.0,0.0,102600.0,-1593045000.0,-53565000.0,0.0,1646610000.0
17/07/2024,14833.11,17050.0,-1150.0,-0.06744868,15952.59,16139.17,14833.11,2887490.0,47416368350.0,0.0,0.0,2887490.0,47416368350.0,30614.0,58700.0,0.0,-89314.0,602875100.0,976950000.0,0.0,-1579825100.0
16/07/2024,15905.945,17400.0,-350.0,-0.02011494,16372.395,16605.62,15766.01,1132276.0,19639095500.0,0.0,0.0,1132276.0,19639095500.0,-79900.0,103800.0,0.0,-23900.0,-1386225000.0,1828700000.0,0.0,-442475000.0
15/07/2024,16232.46,17200.0,200.0,0.01162791,16045.88,16605.62,15952.59,858578.0,15008783350.0,0.0,0.0,858578.0,15008783350.0,76000.0,-12000.0,0.0,-64000.0,1339750000.0,-208075000.0,0.0,-1131675000.0
12/07/2024,16045.88,17300.0,-100.0,-0.00578035,16185.815,16279.105,15672.72,1801565.0,30832761000.0,0.0,0.0,1801565.0,30832761000.0,-228100.0,-11000.0,0.0,239100.0,-3897960000.0,-185640000.0,0.0,4083600000.0
11/07/2024,16139.17,17600.0,-300.0,-0.01704545,16792.2,17072.07,15952.59,2237857.0,39612896850.0,0.0,0.0,2237857.0,39612896850.0,310300.0,-62100.0,-91800.0,-248200.0,5565495000.0,-1109320000.0,-1635560000.0,-4456175000.0
10/07/2024,16419.04,16450.0,1150.0,0.06990881,15672.72,16419.04,15579.43,2783902.0,48522856850.0,0.0,0.0,2783902.0,48522856850.0,48731.0,100.0,-100100.0,-48831.0,973210600.0,-48320000.0,-1755760000.0,-924890600.0
09/07/2024,15346.205,16300.0,150.0,0.00920245,15346.205,15672.72,15159.625,1695200.0,28021477000.0,0.0,0.0,1695200.0,28021477000.0,111600.0,1200.0,0.0,-112800.0,1842925000.0,19845000.0,0.0,-1862770000.0
08/07/2024,15206.27,16500.0,-200.0,-0.01212121,15579.43,15626.075,15159.625,1070187.0,17593725700.0,0.0,0.0,1070187.0,17593725700.0,167300.0,-12800.0,-20000.0,-154500.0,2775275000.0,-214380000.0,-332000000.0,-2560895000.0
05/07/2024,15392.85,16200.0,300.0,0.01851852,15066.335,15719.365,15066.335,2045244.0,33904229550.0,0.0,0.0,2045244.0,33904229550.0,28309.0,-51100.0,-20000.0,22791.0,466842600.0,-845645000.0,-334000000.0,378802400.0
04/07/2024,15112.98,16150.0,50.0,0.00309598,14926.4,15299.56,14926.4,1290871.0,20878501950.0,0.0,0.0,1290871.0,20878501950.0,-151049.0,-28100.0,-40100.0,179149.0,-2428053750.0,-453875000.0,-648110000.0,2881928750.0
03/07/2024,15066.335,16500.0,-350.0,-0.02121212,15346.205,15346.205,15066.335,946238.0,15384336650.0,0.0,0.0,946238.0,15384336650.0,-43600.0,81100.0,60000.0,-37500.0,-703995000.0,1313875000.0,971500000.0,-609880000.0
02/07/2024,15392.85,16500.0,0.0,0.0,15439.495,15626.075,14973.045,1391134.0,22773069450.0,0.0,0.0,1391134.0,22773069450.0,396075.0,40300.0,40100.0,-436375.0,6492815000.0,651420000.0,648115000.0,-7144235000.0
01/07/2024,15392.85,16150.0,350.0,0.02167183,15392.85,15392.85,14786.465,1133237.0,18369990050.0,0.0,0.0,1133237.0,18369990050.0,100681.0,-34700.0,0.0,-65981.0,1652739100.0,-562600000.0,0.0,-1090139100.0
28/06/2024,15066.335,16550.0,-400.0,-0.02416918,15159.625,15439.495,14506.595,1321340.0,21180661650.0,0.0,0.0,1321340.0,21180661650.0,-186996.0,-600.0,0.0,187596.0,-2968565199.0,-14795000.0,0.0,2983360200.0
27/06/2024,15439.495,15950.0,600.0,0.03761755,14879.755,15719.365,14833.11,2778136.0,45954840700.0,0.0,0.0,2778136.0,45954840700.0,-462900.0,244900.0,0.0,218000.0,-7618095000.0,4002025000.0,0.0,3616070000.0
26/06/2024,14879.755,15300.0,650.0,0.04248366,14320.015,15066.335,14180.08,1427254.0,22475776100.0,0.0,0.0,1427254.0,22475776100.0,-180600.0,-2000.0,0.0,182600.0,-2843285000.0,-31650000.0,0.0,2874935000.0
25/06/2024,14273.37,15100.0,200.0,0.01324503,14040.145,14413.305,14040.145,507973.0,7753587450.0,0.0,0.0,507973.0,7753587450.0,-100400.0,0.0,0.0,100400.0,-1530355000.0,0.0,0.0,1530355000.0
24/06/2024,14086.79,15550.0,-450.0,-0.02893891,14553.24,14739.82,14086.79,1621441.0,24884590700.0,0.0,0.0,1621441.0,24884590700.0,-198602.0,198900.0,197000.0,-298.0,-2988700399.0,3023665000.0,2994700000.0,-34964600.0
21/06/2024,14506.595,15500.0,50.0,0.00322581,14693.175,15066.335,14506.595,1314693.0,20772170150.0,0.0,0.0,1314693.0,20772170150.0,13100.0,-500.0,0.0,-12600.0,210965000.0,-7900000.0,0.0,-203065000.0
20/06/2024,14459.95,15300.0,200.0,0.0130719,14320.015,14693.175,14273.37,648213.0,10035896500.0,0.0,0.0,648213.0,10035896500.0,-48268.0,21300.0,10000.0,26968.0,-740026600.0,330395000.0,155500000.0,409631600.0
19/06/2024,14273.37,15500.0,-200.0,-0.01290323,14459.95,14553.24,14273.37,463751.0,7154373200.0,0.0,0.0,463751.0,7154373200.0,71101.0,0.0,0.0,-71101.0,1100600250.0,0.0,0.0,-1100600250.0
18/06/2024,14459.95,15250.0,250.0,0.01639344,14273.37,14506.595,14180.08,543069.0,8367980300.0,0.0,0.0,543069.0,8367980300.0,-2377.0,-2640.0,-40.0,5017.0,-37189899.0,-40684000.0,-614000.0,77873900.0
17/06/2024,14226.725,15150.0,100.0,0.00660066,14086.79,14459.95,13993.5,884672.0,13407685950.0,0.0,0.0,884672.0,13407685950.0,71958.0,-87900.0,-85800.0,15942.0,1083582750.0,-1326750000.0,-1294790000.0,243167250.0
14/06/2024,14133.435,15450.0,-300.0,-0.01941748,14506.595,14553.24,14133.435,1059013.0,16246599500.0,0.0,0.0,1059013.0,16246599500.0,-28500.0,101000.0,100000.0,-72500.0,-404200000.0,1530500000.0,1515000000.0,-1126300000.0
13/06/2024,14413.305,15700.0,-250.0,-0.01592357,14739.82,14739.82,14413.305,841257.0,13106104800.0,0.0,0.0,841257.0,13106104800.0,22100.0,-36800.0,-37000.0,14700.0,344350000.0,-570845000.0,-573985000.0,226495000.0
12/06/2024,14646.53,15500.0,200.0,0.01290323,14459.95,14646.53,14366.66,777675.0,12104651150.0,0.0,0.0,777675.0,12104651150.0,1843.0,-2943.0,-43.0,1100.0,28566900.0,-45421900.0,-672000.0,16855000.0
11/06/2024,14459.95,15900.0,-400.0,-0.02515723,14926.4,14926.4,14459.95,1219911.0,19087914150.0,0.0,0.0,1219911.0,19087914150.0,51900.0,21700.0,11000.0,-73600.0,822335001.0,336660000.0,169600000.0,-1158995000.0
10/06/2024,14833.11,16200.0,-300.0,-0.01851852,15206.27,15206.27,14786.465,1013872.0,16285116450.0,0.0,0.0,1013872.0,16285116450.0,73215.0,1985.0,0.0,-75200.0,1184077750.0,31967250.0,0.0,-1216045000.0
07/06/2024,15112.98,16200.0,0.0,0.0,15112.98,15252.915,14739.82,865364.0,13905635550.0,0.0,0.0,865364.0,13905635550.0,370940.0,-251900.0,-264900.0,-119040.0,5960811000.0,-4035955000.0,-4242105000.0,-1924856000.0
06/06/2024,15112.98,15800.0,400.0,0.02531646,14739.82,15579.43,14646.53,2291715.0,37161261300.0,0.0,0.0,2291715.0,37161261300.0,-192100.0,-46400.0,-24400.0,238500.0,-3107155001.0,-761560000.0,-406760000.0,3868715000.0
05/06/2024,14739.82,15800.0,0.0,0.0,14926.4,15112.98,14553.24,1244313.0,19714225450.0,0.0,0.0,1244313.0,19714225450.0,498200.0,-304400.0,-306400.0,-193800.0,7837190000.0,-4786835000.0,-4818285000.0,-3050355000.0
04/06/2024,14739.82,15700.0,100.0,0.00636943,14739.82,14879.755,14320.015,1337599.0,20842028000.0,0.0,0.0,1337599.0,20842028000.0,458300.0,-440000.0,-438300.0,-18300.0,7151935000.0,-6852150000.0,-6825870000.0,-299785000.0
03/06/2024,14646.53,15950.0,-250.0,-0.01567398,14926.4,15159.625,14646.53,946723.0,15080560700.0,0.0,0.0,946723.0,15080560700.0,76450.0,5000.0,0.0,-81450.0,1222382500.0,78500000.0,0.0,-1300882500.0
31/05/2024,14879.755,15900.0,50.0,0.00314465,14833.11,15299.56,14599.885,956890.0,15294223600.0,0.0,0.0,956890.0,15294223600.0,182475.0,0.0,0.0,-182475.0,2920348850.0,-1840000.0,0.0,-2918508850.0
30/05/2024,14833.11,15300.0,600.0,0.03921569,14413.305,14833.11,14040.145,1413519.0,21708334000.0,1000000.0,15690000000.0,2413519.0,37398334000.0,274560.0,98400.0,100400.0,-372960.0,4254211150.0,1487620000.0,1518520000.0,-5741831150.0
29/05/2024,14273.37,16000.0,-700.0,-0.04375,14739.82,15019.69,14273.37,1066280.0,16784718450.0,0.0,0.0,1066280.0,16784718450.0,379463.0,2000.0,0.0,-381463.0,5990637250.0,31805000.0,0.0,-6022442250.0
28/05/2024,14926.4,15300.0,700.0,0.04575163,14459.95,15019.69,14273.37,2405004.0,37776029650.0,0.0,0.0,2405004.0,37776029650.0,-777600.0,1001900.0,1000000.0,-224300.0,-12206715000.0,15719975000.0,15689930000.0,-3513260000.0
27/05/2024,14273.37,14900.0,400.0,0.02684564,13666.985,14320.015,13666.985,952818.0,14418838950.0,0.0,0.0,952818.0,14418838950.0,-240314.0,150000.0,150000.0,90314.0,-3622732000.0,2265375000.0,2265375000.0,1357357000.0
24/05/2024,13900.21,15600.0,-700.0,-0.04487179,14366.66,14739.82,13620.34,2931930.0,44477752100.0,0.0,0.0,2931930.0,44477752100.0,-828314.0,357800.0,360000.0,470514.0,-12550703550.0,5431965000.0,5465000000.0,7118738550.0
23/05/2024,14553.24,15750.0,-150.0,-0.00952381,14366.66,14739.82,14366.66,1029498.0,16042513700.0,0.0,0.0,1029498.0,16042513700.0,25600.0,-76000.0,0.0,50400.0,394820000.0,-1177740000.0,0.0,782920000.0
22/05/2024,14693.175,16300.0,-550.0,-0.03374233,15206.27,15252.915,14553.24,947753.0,15008202000.0,0.0,0.0,947753.0,15008202000.0,239480.0,8910.0,0.0,-248390.0,3792597800.0,141106100.0,0.0,-3933703900.0
21/05/2024,15206.27,15800.0,500.0,0.03164557,14646.53,15206.27,14366.66,1463935.0,22993040200.0,0.0,0.0,1463935.0,22993040200.0,-113400.0,1800.0,0.0,111600.0,-1741965000.0,27980000.0,0.0,1713985000.0
20/05/2024,14739.82,15800.0,0.0,0.0,14739.82,15252.915,14646.53,1376916.0,21945076700.0,0.0,0.0,1376916.0,21945076700.0,-267925.0,0.0,0.0,267925.0,-4263845000.0,0.0,0.0,4263845000.0
17/05/2024,14739.82,15600.0,200.0,0.01282051,14553.24,14739.82,14320.015,1190236.0,18540715650.0,1207400.0,18223288200.0,2397636.0,36764003850.0,-98494.0,-7900.0,0.0,106394.0,-1524606700.0,-122385000.0,0.0,1646991700.0
16/05/2024,14553.24,15200.0,400.0,0.02631579,14739.82,14739.82,14366.66,1873386.0,29279350150.0,1575400.0,22474656400.0,3448786.0,51754006550.0,-111296.0,-184902.0,0.0,296198.0,-1759717600.0,-2868171200.0,0.0,4627888800.0
15/05/2024,14180.08,14250.0,950.0,0.06666667,13387.115,14180.08,13340.47,4574072.0,68878300200.0,0.0,0.0,4574072.0,68878300200.0,-830100.0,1207400.0,1207400.0,-377300.0,-12523900000.0,18219370000.0,18223620000.0,-5695470000.0
14/05/2024,13293.825,14250.0,0.0,0.0,13387.115,13387.115,13107.245,1343083.0,19106251450.0,0.0,0.0,1343083.0,19106251450.0,-695000.0,727400.0,719900.0,-32400.0,-9912360001.0,10364730000.0,10258230000.0,-452370000.0
13/05/2024,13293.825,14250.0,0.0,0.0,13387.115,13433.76,13200.535,1792764.0,25608181750.0,0.0,0.0,1792764.0,25608181750.0,-777613.0,920500.0,920500.0,-142887.0,-11105160900.0,13145840000.0,13145840000.0,-2040679100.0
10/05/2024,13293.825,14100.0,150.0,0.0106383,13247.18,13293.825,13013.955,563950.0,7937039200.0,0.0,0.0,563950.0,7937039200.0,-42370.0,64500.0,54400.0,-22130.0,-595761000.0,907960000.0,764040000.0,-312199000.0
09/05/2024,13153.89,14130.0,-30.0,-0.00212314,13620.34,13666.985,13060.6,1454884.0,20727215650.0,0.0,0.0,1454884.0,20727215650.0,149580.0,124900.0,125000.0,-274480.0,2149317400.0,1770335000.0,1771750000.0,-3919652400.0
08/05/2024,13182.240831,15950.0,600.0,0.03761755,12704.334819,13461.019338,12545.032815,3109834.0,51216972300.0,0.0,0.0,3109834.0,51216972300.0,-107100.0,37300.0,40000.0,69800.0,-1674555000.0,600565000.0,644000000.0,1073990000.0
07/05/2024,12704.334819,15850.0,100.0,0.00630915,12863.636823,12863.636823,12584.858316,1571330.0,25066541700.0,0.0,0.0,1571330.0,25066541700.0,-10100.0,226000.0,228000.0,-215900.0,-169885000.0,3609150000.0,3640940000.0,-3439265000.0
06/05/2024,12624.683817,15550.0,300.0,0.0192926,12465.381813,12863.636823,12465.381813,1355219.0,21520704300.0,0.0,0.0,1355219.0,21520704300.0,-141800.0,224600.0,155600.0,-82800.0,-2250850000.0,3560985000.0,2467685000.0,-1310135000.0
03/05/2024,12385.730811,15900.0,-350.0,-0.02201258,12744.16032,12744.16032,12385.730811,510388.0,8004106050.0,0.0,0.0,510388.0,8004106050.0,73500.0,2000.0,0.0,-75500.0,1156345000.0,31400000.0,0.0,-1187745000.0
02/05/2024,12664.509318,15300.0,600.0,0.03921569,12345.90531,12704.334819,12186.603306,1194104.0,18764802050.0,0.0,0.0,1194104.0,18764802050.0,-99400.0,-7200.0,0.0,106600.0,-1557165000.0,-110810000.0,0.0,1667975000.0
26/04/2024,12186.603306,15200.0,100.0,0.00657895,12106.952304,12186.603306,11987.475801,309486.0,4703982450.0,0.0,0.0,309486.0,4703982450.0,-17199.0,-100.0,0.0,17299.0,-263084800.0,-1515000.0,0.0,264599800.0
25/04/2024,12106.952304,15250.0,-50.0,-0.00327869,12146.777805,12186.603306,11947.6503,334062.0,5038363300.0,0.0,0.0,334062.0,5038363300.0,35700.0,500.0,0.0,-36200.0,544010000.0,7575000.0,0.0,-551585000.0
24/04/2024,12146.777805,15000.0,250.0,0.01666667,12067.126803,12186.603306,11947.6503,449957.0,6828558550.0,0.0,0.0,449957.0,6828558550.0,-44700.0,0.0,0.0,44700.0,-676530000.0,0.0,0.0,676530000.0
23/04/2024,11947.6503,15250.0,-250.0,-0.01639344,12146.777805,12146.777805,11788.348296,306760.0,4590411200.0,0.0,0.0,306760.0,4590411200.0,-50600.0,24000.0,0.0,26600.0,-750680000.0,356645000.0,0.0,394035000.0
22/04/2024,12146.777805,15150.0,100.0,0.00660066,12266.254308,12266.254308,11230.791282,673261.0,10148392800.0,0.0,0.0,673261.0,10148392800.0,89700.0,200.0,0.0,-89900.0,1348220000.0,3040000.0,0.0,-1351260000.0
19/04/2024,12067.126803,15300.0,-150.0,-0.00980392,11828.173797,12345.90531,11708.697294,697866.0,10443123650.0,0.0,0.0,697866.0,10443123650.0,-55550.0,68500.0,0.0,-12950.0,-827725000.0,1028830000.0,0.0,-201105000.0
17/04/2024,12186.603306,15000.0,300.0,0.02,12186.603306,12744.16032,12027.301302,1354167.0,21054961600.0,0.0,0.0,1354167.0,21054961600.0,146000.0,-10700.0,0.0,-135300.0,2245405000.0,-162330000.0,0.0,-2083075000.0
16/04/2024,11947.6503,15400.0,-400.0,-0.02597403,12106.952304,12106.952304,11629.046292,669379.0,10065360650.0,0.0,0.0,669379.0,10065360650.0,154700.0,-57600.0,0.0,-97100.0,2325380000.0,-863495000.0,0.0,-1461885000.0
15/04/2024,12266.254308,15300.0,100.0,0.00653595,12186.603306,12425.556312,12067.126803,978301.0,15030868350.0,0.0,0.0,978301.0,15030868350.0,-87482.0,101625.0,0.0,-14143.0,-1349245850.0,1551968750.0,0.0,-202722900.0
12/04/2024,12186.603306,15200.0,100.0,0.00657895,12106.952304,12226.428807,11987.475801,181531.0,2758978300.0,0.0,0.0,181531.0,2758978300.0,-76900.0,66800.0,0.0,10100.0,-1172210001.0,1018315000.0,0.0,153895000.0
11/04/2024,12106.952304,15250.0,-50.0,-0.00327869,12027.301302,12106.952304,11987.475801,168586.0,2548577550.0,0.0,0.0,168586.0,2548577550.0,-1100.0,0.0,0.0,1100.0,-16815000.0,0.0,0.0,16815000.0
10/04/2024,12146.777805,15400.0,-150.0,-0.00974026,12266.254308,12306.079809,12106.952304,138461.0,2117048750.0,0.0,0.0,138461.0,2117048750.0,-42300.0,53000.0,0.0,-10700.0,-646225000.0,809590000.0,0.0,-163365000.0
09/04/2024,12266.254308,15150.0,250.0,0.01650165,12027.301302,12266.254308,12027.301302,282838.0,4300502300.0,0.0,0.0,282838.0,4300502300.0,-100.0,-5000.0,0.0,5100.0,-1490000.0,-76250000.0,0.0,77740000.0
08/04/2024,12067.126803,15250.0,-100.0,-0.00655738,12146.777805,12226.428807,12067.126803,225424.0,3430946750.0,0.0,0.0,225424.0,3430946750.0,7500.0,0.0,0.0,-7500.0,113880000.0,0.0,0.0,-113880000.0
05/04/2024,12146.777805,15450.0,-200.0,-0.01294498,12106.952304,12266.254308,12027.301302,507867.0,7723342350.0,0.0,0.0,507867.0,7723342350.0,-56216.0,64200.0,0.0,-7984.0,-857886600.0,979750000.0,0.0,-121863400.0
04/04/2024,12306.079809,15450.0,0.0,0.0,12306.079809,12345.90531,12106.952304,412975.0,6335450750.0,0.0,0.0,412975.0,6335450750.0,-254968.0,255600.0,0.0,-632.0,-3911487000.0,3921525000.0,0.0,-10038000.0
03/04/2024,12306.079809,15400.0,50.0,0.00324675,12266.254308,12425.556312,12186.603306,616755.0,9546307100.0,0.0,0.0,616755.0,9546307100.0,-193895.0,223700.0,52700.0,-29805.0,-2997777500.0,3460500000.0,816370000.0,-462722500.0
02/04/2024,12266.254308,15300.0,100.0,0.00653595,12067.126803,12266.254308,12027.301302,370000.0,5631135000.0,0.0,0.0,370000.0,5631135000.0,-51400.0,29200.0,0.0,22200.0,-785745000.0,445080000.0,0.0,340665000.0
01/04/2024,12186.603306,15250.0,50.0,0.00327869,12146.777805,12226.428807,12027.301302,358215.0,5461297350.0,0.0,0.0,358215.0,5461297350.0,-27653.0,20000.0,0.0,7653.0,-421620900.0,304685000.0,0.0,116935900.0
29/03/2024,12146.777805,15500.0,-250.0,-0.01612903,12345.90531,12345.90531,12106.952304,270013.0,4136781300.0,0.0,0.0,270013.0,4136781300.0,99900.0,-70000.0,0.0,-29900.0,1529455000.0,-1070695000.0,0.0,-458760000.0
28/03/2024,12345.90531,15450.0,50.0,0.00323625,12306.079809,12425.556312,12266.254308,644259.0,9993742550.0,0.0,0.0,644259.0,9993742550.0,-114897.0,59500.0,29500.0,55397.0,-1784013500.0,925260000.0,457095000.0,858753500.0
27/03/2024,12306.079809,15450.0,0.0,0.0,12306.079809,12345.90531,12226.428807,482925.0,7457344050.0,0.0,0.0,482925.0,7457344050.0,-47582.0,47982.0,78000.0,-400.0,-731902800.0,738072800.0,1202450000.0,-6170000.0
26/03/2024,12306.079809,15400.0,50.0,0.00324675,12226.428807,12465.381813,12106.952304,542266.0,8399320300.0,0.0,0.0,542266.0,8399320300.0,-38200.0,57200.0,58000.0,-19000.0,-594920000.0,887960000.0,900400000.0,-293040000.0
25/03/2024,12266.254308,15400.0,0.0,0.0,12306.079809,12744.16032,12067.126803,1025697.0,16002021000.0,0.0,0.0,1025697.0,16002021000.0,-37082.0,268700.0,0.0,-231618.0,-622016000.0,4196610000.0,0.0,-3574594000.0
22/03/2024,12266.254308,15450.0,-50.0,-0.00323625,12306.079809,12345.90531,11987.475801,714980.0,10935012400.0,0.0,0.0,714980.0,10935012400.0,13400.0,-19100.0,0.0,5700.0,198790000.0,-289925000.0,0.0,91135000.0
21/03/2024,12306.079809,15000.0,450.0,0.03,11987.475801,12306.079809,11947.6503,760285.0,11585764600.0,0.0,0.0,760285.0,11585764600.0,-173953.0,-2000.0,0.0,175953.0,-2663770000.0,-30900000.0,0.0,2694670000.0
20/03/2024,11947.6503,14850.0,150.0,0.01010101,12067.126803,12067.126803,11828.173797,420572.0,6296820550.0,0.0,0.0,420572.0,6296820550.0,3672.0,5200.0,0.0,-8872.0,55625600.0,77240000.0,0.0,-132865600.0
19/03/2024,11828.173797,14800.0,50.0,0.00337838,11947.6503,12067.126803,11708.697294,432071.0,6424558550.0,0.0,0.0,432071.0,6424558550.0,22500.0,0.0,0.0,-22500.0,338460000.0,10000.0,0.0,-338470000.0
18/03/2024,11788.348296,15200.0,-400.0,-0.02631579,11987.475801,12226.428807,11589.220791,1032206.0,15336347100.0,0.0,0.0,1032206.0,15336347100.0,27253.0,2000.0,0.0,-29253.0,427123500.0,30160000.0,0.0,-457283500.0
15/03/2024,12106.952304,15150.0,50.0,0.00330033,12067.126803,12385.730811,11947.6503,1113424.0,17044339700.0,0.0,0.0,1113424.0,17044339700.0,124600.0,11300.0,0.0,-135900.0,1892225000.0,172455000.0,0.0,-2064680000.0
14/03/2024,12067.126803,14600.0,550.0,0.03767123,11708.697294,12306.079809,11668.871793,2082250.0,31541108000.0,0.0,0.0,2082250.0,31541108000.0,-178300.0,7900.0,0.0,170400.0,-2693525000.0,119610000.0,0.0,2573915000.0
13/03/2024,11629.046292,14350.0,250.0,0.0174216,11509.569789,11629.046292,11390.093286,439716.0,6352174200.0,0.0,0.0,439716.0,6352174200.0,43800.0,-22000.0,0.0,-21800.0,629150000.0,-315045000.0,0.0,-314105000.0
12/03/2024,11429.918787,14400.0,-50.0,-0.00347222,11310.442284,11469.744288,11310.442284,272935.0,3911125900.0,0.0,0.0,272935.0,3911125900.0,62751.0,-20000.0,0.0,-42751.0,897788900.0,-286580000.0,0.0,-611208900.0
11/03/2024,11469.744288,14500.0,-100.0,-0.00689655,11469.744288,11629.046292,11429.918787,362131.0,5231002250.0,0.0,0.0,362131.0,5231002250.0,88540.0,0.0,0.0,-88540.0,1281590000.0,-10000.0,0.0,-1281580000.0
08/03/2024,11549.39529,14700.0,-200.0,-0.01360544,11708.697294,11748.522795,11549.39529,440522.0,6448796250.0,0.0,0.0,440522.0,6448796250.0,-11200.0,0.0,0.0,11200.0,-164005000.0,10000.0,0.0,163995000.0
07/03/2024,11708.697294,14550.0,150.0,0.01030928,11589.220791,11708.697294,11549.39529,374562.0,5466773700.0,0.0,0.0,374562.0,5466773700.0,-5600.0,0.0,0.0,5600.0,-81825000.0,0.0,0.0,81825000.0
06/03/2024,11589.220791,14800.0,-250.0,-0.01689189,11828.173797,11828.173797,11549.39529,298913.0,4375334900.0,0.0,0.0,298913.0,4375334900.0,12600.0,-10300.0,0.0,-2300.0,183900000.0,-150435000.0,0.0,-33465000.0
05/03/2024,11788.348296,14800.0,0.0,0.0,11708.697294,11828.173797,11708.697294,302150.0,4467550450.0,0.0,0.0,302150.0,4467550450.0,1100.0,0.0,0.0,-1100.0,16240000.0,-15000.0,0.0,-16225000.0
04/03/2024,11788.348296,14600.0,200.0,0.01369863,11629.046292,11947.6503,11629.046292,760925.0,11293262750.0,0.0,0.0,760925.0,11293262750.0,-62400.0,10000.0,0.0,52400.0,-931255000.0,148500000.0,0.0,782755000.0
01/03/2024,11629.046292,14450.0,150.0,0.01038062,11629.046292,11629.046292,11469.744288,181070.0,2622057400.0,0.0,0.0,181070.0,2622057400.0,9500.0,0.0,0.0,-9500.0,137775000.0,0.0,0.0,-137775000.0
29/02/2024,11509.569789,14550.0,-100.0,-0.00687285,11668.871793,11668.871793,11469.744288,317306.0,4596965550.0,0.0,0.0,317306.0,4596965550.0,-11000.0,300.0,0.0,10700.0,-159775000.0,4335000.0,0.0,155440000.0
28/02/2024,11589.220791,14550.0,0.0,0.0,11589.220791,11708.697294,11469.744288,287160.0,4171484200.0,0.0,0.0,287160.0,4171484200.0,-5000.0,300.0,0.0,4700.0,-72680000.0,4350000.0,0.0,68330000.0
27/02/2024,11589.220791,14550.0,0.0,0.0,11629.046292,11668.871793,11509.569789,212058.0,3080810150.0,0.0,0.0,212058.0,3080810150.0,-14700.0,100.0,0.0,14600.0,-213540000.0,1455000.0,0.0,212085000.0
26/02/2024,11589.220791,14400.0,150.0,0.01041667,11469.744288,11629.046292,11429.918787,343243.0,4968334950.0,0.0,0.0,343243.0,4968334950.0,4800.0,0.0,0.0,-4800.0,69760000.0,0.0,0.0,-69760000.0
23/02/2024,11469.744288,14800.0,-400.0,-0.02702703,11708.697294,11828.173797,11469.744288,499730.0,7295433400.0,0.0,0.0,499730.0,7295433400.0,27400.0,600.0,0.0,-28000.0,400990000.0,8830000.0,0.0,-409820000.0
22/02/2024,11788.348296,14850.0,-50.0,-0.003367,11867.999298,11907.824799,11708.697294,292293.0,4327166350.0,0.0,0.0,292293.0,4327166350.0,17400.0,-100.0,0.0,-17300.0,258900001.0,-1475000.0,0.0,-257425000.0
21/02/2024,11828.173797,14550.0,300.0,0.02061856,11589.220791,11947.6503,11589.220791,518537.0,7691086700.0,0.0,0.0,518537.0,7691086700.0,13200.0,0.0,0.0,-13200.0,194925000.0,0.0,0.0,-194925000.0
20/02/2024,11589.220791,14800.0,-250.0,-0.01689189,11788.348296,11788.348296,11549.39529,245514.0,3588266400.0,0.0,0.0,245514.0,3588266400.0,14200.0,1300.0,0.0,-15500.0,208140000.0,19110000.0,0.0,-227250000.0
19/02/2024,11788.348296,14300.0,500.0,0.03496503,11390.093286,11947.6503,11310.442284,725394.0,10535812000.0,0.0,0.0,725394.0,10535812000.0,-56300.0,19800.0,0.0,36500.0,-815740000.0,292960000.0,0.0,522780000.0
16/02/2024,11390.093286,14300.0,0.0,0.0,11390.093286,11469.744288,11310.442284,171220.0,2444789600.0,0.0,0.0,171220.0,2444789600.0,-7100.0,0.0,0.0,7100.0,-101495000.0,0.0,0.0,101495000.0
15/02/2024,11390.093286,14400.0,-100.0,-0.00694444,11509.569789,11549.39529,11350.267785,295361.0,4245812950.0,0.0,0.0,295361.0,4245812950.0,5348.0,-2100.0,0.0,-3248.0,77511200.0,-30345000.0,0.0,-47166200.0
07/02/2024,11469.744288,14200.0,200.0,0.01408451,11350.267785,11469.744288,11270.616783,422565.0,6042841350.0,0.0,0.0,422565.0,6042841350.0,112062.0,-4100.0,0.0,-107962.0,1604346100.0,-58990000.0,0.0,-1545356100.0
06/02/2024,11310.442284,14200.0,0.0,0.0,11350.267785,11390.093286,11270.616783,363371.0,5166563750.0,0.0,0.0,363371.0,5166563750.0,-1400.0,0.0,0.0,1400.0,-19945000.0,0.0,0.0,19945000.0
05/02/2024,11310.442284,14100.0,100.0,0.0070922,11230.791282,11310.442284,11190.965781,265000.0,3742785500.0,0.0,0.0,265000.0,3742785500.0,-4900.0,0.0,0.0,4900.0,-69255000.0,0.0,0.0,69255000.0
02/02/2024,11230.791282,14100.0,0.0,0.0,11190.965781,11270.616783,11190.965781,170891.0,2408589800.0,0.0,0.0,170891.0,2408589800.0,2900.0,-400.0,0.0,-2500.0,40870000.0,-5640000.0,0.0,-35230000.0
01/02/2024,11230.791282,14000.0,100.0,0.00714286,11151.14028,11310.442284,11151.14028,197847.0,2784385550.0,0.0,0.0,197847.0,2784385550.0,100.0,-100.0,0.0,0.0,1400000.0,-1400000.0,0.0,0.0
31/01/2024,11151.14028,14150.0,-150.0,-0.01060071,11270.616783,11270.616783,11151.14028,495432.0,6957045000.0,0.0,0.0,495432.0,6957045000.0,16000.0,-5000.0,0.0,-11000.0,225330000.0,-70500000.0,0.0,-154830000.0
30/01/2024,11270.616783,14200.0,-50.0,-0.0035,11390.093286,11390.093286,11230.791282,369056.0,5251432050.0,0.0,0.0,369056.0,5251432050.0,64262.0,-12.0,0.0,-64250.0,915768151.0,-168150.0,0.0,-915600000.0
29/01/2024,11310.442284,14050.0,150.0,0.01067616,11190.965781,11350.267785,11190.965781,504460.0,7156216050.0,0.0,0.0,504460.0,7156216050.0,105300.0,-100.0,0.0,-105200.0,1494180000.0,-1410000.0,0.0,-1492770000.0
26/01/2024,11190.965781,14050.0,0.0,0.0,11190.965781,11230.791282,11151.14028,108699.0,1527913600.0,0.0,0.0,108699.0,1527913600.0,-457.0,0.0,0.0,457.0,-6430850.0,0.0,0.0,6430850.0
25/01/2024,11190.965781,14150.0,-100.0,-0.00706714,11230.791282,11310.442284,11190.965781,143132.0,2014408350.0,0.0,0.0,143132.0,2014408350.0,0.0,0.0,0.0,0.0,5000.0,0.0,0.0,-5000.0
24/01/2024,11270.616783,14150.0,0.0,0.0,11230.791282,11350.267785,11190.965781,243325.0,3435674400.0,0.0,0.0,243325.0,3435674400.0,5100.0,4800.0,0.0,-9900.0,72830000.0,67680000.0,0.0,-140510000.0
23/01/2024,11270.616783,14150.0,0.0,0.0,11270.616783,11390.093286,11230.791282,166712.0,2356126500.0,0.0,0.0,166712.0,2356126500.0,-16900.0,10000.0,0.0,6900.0,-239305000.0,141500000.0,0.0,97805000.0
22/01/2024,11270.616783,14300.0,-150.0,-0.01048951,11270.616783,11350.267785,11190.965781,315669.0,4463976100.0,0.0,0.0,315669.0,4463976100.0,152000.0,-148000.0,0.0,-4000.0,2146050001.0,-2089450000.0,0.0,-56600000.0
19/01/2024,11390.093286,14250.0,50.0,0.00350877,11429.918787,11429.918787,11230.791282,180795.0,2571663600.0,0.0,0.0,180795.0,2571663600.0,39100.0,0.0,0.0,-39100.0,555990000.0,0.0,0.0,-555990000.0
18/01/2024,11350.267785,14250.0,0.0,0.0,11429.918787,11429.918787,11190.965781,290733.0,4109931600.0,0.0,0.0,290733.0,4109931600.0,-32600.0,0.0,0.0,32600.0,-457235000.0,0.0,0.0,457235000.0
17/01/2024,11350.267785,14250.0,0.0,0.0,11350.267785,11509.569789,11310.442284,201715.0,2888632050.0,0.0,0.0,201715.0,2888632050.0,48100.0,0.0,0.0,-48100.0,685890000.0,0.0,0.0,-685890000.0
16/01/2024,11350.267785,14100.0,150.0,0.0106383,11190.965781,11429.918787,11190.965781,121254.0,1721384350.0,0.0,0.0,121254.0,1721384350.0,-6300.0,-2300.0,0.0,8600.0,-90120000.0,-32790000.0,0.0,122910000.0
15/01/2024,11230.791282,14150.0,-50.0,-0.00353357,11270.616783,11310.442284,11230.791282,119415.0,1688752850.0,0.0,0.0,119415.0,1688752850.0,-2100.0,2100.0,0.0,0.0,-29820000.0,29820000.0,0.0,0.0
12/01/2024,11270.616783,14100.0,50.0,0.0035461,11190.965781,11509.569789,11151.14028,485823.0,6885703350.0,0.0,0.0,485823.0,6885703350.0,3000.0,0.0,0.0,-3000.0,43220000.0,0.0,0.0,-43220000.0
11/01/2024,11230.791282,14100.0,0.0,0.0,11230.791282,11350.267785,11230.791282,189310.0,2674567450.0,0.0,0.0,189310.0,2674567450.0,23500.0,0.0,0.0,-23500.0,330885000.0,0.0,0.0,-330885000.0
10/01/2024,11230.791282,14300.0,-200.0,-0.01398601,11390.093286,11390.093286,11230.791282,345845.0,4896436700.0,0.0,0.0,345845.0,4896436700.0,-22625.0,0.0,0.0,22625.0,-318647500.0,0.0,0.0,318647500.0
09/01/2024,11390.093286,14300.0,0.0,0.0,11469.744288,11509.569789,11310.442284,257157.0,3690162450.0,0.0,0.0,257157.0,3690162450.0,-1700.0,13000.0,0.0,-11300.0,-24545000.0,186400000.0,0.0,-161855000.0
08/01/2024,11390.093286,14400.0,-100.0,-0.00694444,11469.744288,11589.220791,11350.267785,278949.0,3998557000.0,0.0,0.0,278949.0,3998557000.0,-73900.0,0.0,0.0,73900.0,-1056810000.0,0.0,0.0,1056810000.0
05/01/2024,11469.744288,14450.0,-50.0,-0.00346021,11589.220791,11589.220791,11350.267785,298122.0,4290509550.0,0.0,0.0,298122.0,4290509550.0,-2400.0,5000.0,0.0,-2600.0,-34245000.0,71750000.0,0.0,-37505000.0
04/01/2024,11509.569789,14000.0,450.0,0.03214286,11190.965781,11708.697294,11151.14028,1589412.0,23004737900.0,0.0,0.0,1589412.0,23004737900.0,-42000.0,29500.0,0.0,12500.0,-608445000.0,426950000.0,0.0,181495000.0
03/01/2024,11151.14028,13950.0,50.0,0.00358423,11071.489278,11151.14028,11071.489278,225962.0,3149716950.0,0.0,0.0,225962.0,3149716950.0,2300.0,400.0,0.0,-2700.0,32185000.0,5560000.0,0.0,-37745000.0
02/01/2024,11111.314779,13900.0,50.0,0.00359712,11230.791282,11230.791282,11071.489278,149054.0,2082046500.0,0.0,0.0,149054.0,2082046500.0,2350.0,-100.0,0.0,-2250.0,32895000.0,-1400000.0,0.0,-31495000.0
29/12/2023,11071.489278,14000.0,-100.0,-0.00714286,11230.791282,11270.616783,11031.663777,278241.0,3878723350.0,0.0,0.0,278241.0,3878723350.0,-2700.0,500.0,0.0,2200.0,-37605000.0,7000000.0,0.0,30605000.0
28/12/2023,11151.14028,14000.0,0.0,0.0,11151.14028,11230.791282,11071.489278,241568.0,3373813500.0,0.0,0.0,241568.0,3373813500.0,-350.0,-50.0,0.0,400.0,-4922500.0,-672500.0,0.0,5595000.0
27/12/2023,11151.14028,14100.0,-100.0,-0.0070922,11230.791282,11230.791282,11111.314779,202097.0,2837152900.0,0.0,0.0,202097.0,2837152900.0,-2200.0,1900.0,0.0,300.0,-30910000.0,26695000.0,0.0,4215000.0
26/12/2023,11230.791282,14100.0,0.0,0.0,11310.442284,11310.442284,11151.14028,186025.0,2616034700.0,0.0,0.0,186025.0,2616034700.0,-11402.0,10100.0,0.0,1302.0,-160263200.0,141905000.0,0.0,18358200.0
25/12/2023,11230.791282,14100.0,0.0,0.0,11310.442284,11310.442284,11151.14028,295632.0,4166443200.0,0.0,0.0,295632.0,4166443200.0,400.0,-400.0,0.0,0.0,5640000.0,-5640000.0,0.0,0.0
22/12/2023,11230.791282,14200.0,-100.0,-0.00704225,11350.267785,11350.267785,11190.965781,147953.0,2088238250.0,0.0,0.0,147953.0,2088238250.0,2900.0,0.0,0.0,-2900.0,40740000.0,0.0,0.0,-40740000.0
20/12/2023,11350.267785,14050.0,200.0,0.01423488,11350.267785,11390.093286,11230.791282,519367.0,7383726200.0,0.0,0.0,519367.0,7383726200.0,-160200.0,159700.0,0.0,500.0,-2280695000.0,2273620000.0,0.0,7075000.0
19/12/2023,11190.965781,14050.0,0.0,0.0,11190.965781,11230.791282,11071.489278,158220.0,2211074400.0,175000.0,2292500000.0,333220.0,4503574400.0,1569.0,100.0,0.0,-1669.0,22047701.0,1395000.0,0.0,-23442700.0
18/12/2023,11190.965781,14200.0,-150.0,-0.01056338,11350.267785,11350.267785,11111.314779,265604.0,3758186350.0,0.0,0.0,265604.0,3758186350.0,-91200.0,-2400.0,0.0,93600.0,-1292900000.0,-34080000.0,0.0,1326980000.0
15/12/2023,11310.442284,14000.0,200.0,0.01428571,11151.14028,11350.267785,11031.663777,293004.0,4126901450.0,0.0,0.0,293004.0,4126901450.0,-133100.0,-16000.0,0.0,149100.0,-1874800000.0,-224930000.0,0.0,2099730000.0
14/12/2023,11151.14028,14000.0,0.0,0.0,11071.489278,11230.791282,11071.489278,276655.0,3881632850.0,0.0,0.0,276655.0,3881632850.0,-93300.0,-36200.0,0.0,129500.0,-1315405000.0,-505495000.0,0.0,1820900000.0
13/12/2023,11151.14028,14250.0,-250.0,-0.01754386,11390.093286,11429.918787,11151.14028,312320.0,4430050750.0,360862.0,5304671400.0,673182.0,9734722150.0,-91900.0,-10000.0,0.0,101900.0,-1306585000.0,-140000000.0,0.0,1446585000.0
12/12/2023,11350.267785,14200.0,50.0,0.00352113,11350.267785,11350.267785,11270.616783,416434.0,5909968650.0,0.0,0.0,416434.0,5909968650.0,-140000.0,-10000.0,0.0,150000.0,-1986170000.0,-142250000.0,0.0,2128420000.0
11/12/2023,11310.442284,14250.0,-50.0,-0.00350877,11350.267785,11350.267785,11190.965781,356805.0,5062947250.0,0.0,0.0,356805.0,5062947250.0,-148900.0,-2100.0,0.0,151000.0,-2114020000.0,-29820000.0,0.0,2143840000.0
08/12/2023,11350.267785,14150.0,100.0,0.00706714,11270.616783,11429.918787,11190.965781,502383.0,7143709400.0,0.0,0.0,502383.0,7143709400.0,-100000.0,0.0,0.0,100000.0,-1420310000.0,0.0,0.0,1420310000.0
07/12/2023,11270.616783,14150.0,0.0,0.0,11390.093286,11429.918787,11071.489278,397212.0,5597444050.0,0.0,0.0,397212.0,5597444050.0,50500.0,-49700.0,0.0,-800.0,708270000.0,-696950000.0,0.0,-11320000.0
06/12/2023,11270.616783,13800.0,350.0,0.02536232,11031.663777,11310.442284,10991.838276,766435.0,10759270300.0,0.0,0.0,766435.0,10759270300.0,8100.0,3200.0,0.0,-11300.0,113810000.0,45030000.0,0.0,-158840000.0
05/12/2023,10991.838276,13850.0,-50.0,-0.00361011,11111.314779,11111.314779,10991.838276,217236.0,3016650250.0,0.0,0.0,217236.0,3016650250.0,100.0,-100.0,0.0,0.0,1395000.0,-1395000.0,0.0,0.0
01/12/2023,10912.187274,13700.0,0.0,0.0,10952.012775,11031.663777,10832.536272,134613.0,1843285500.0,0.0,0.0,134613.0,1843285500.0,0.0,100.0,0.0,-100.0,-10000.0,1370000.0,0.0,-1360000.0
30/11/2023,10912.187274,13800.0,-100.0,-0.00724638,11071.489278,11111.314779,10912.187274,189165.0,2612253500.0,0.0,0.0,189165.0,2612253500.0,25.0,0.0,0.0,-25.0,337500.0,0.0,0.0,-337500.0
28/11/2023,10991.838276,13750.0,50.0,0.00363636,10991.838276,10991.838276,10752.88527,197715.0,2701901400.0,0.0,0.0,197715.0,2701901400.0,-6500.0,10200.0,0.0,-3700.0,-88705000.0,139240000.0,0.0,-50535000.0
27/11/2023,10952.012775,13800.0,-50.0,-0.00362319,11031.663777,11111.314779,10912.187274,147735.0,2039829550.0,0.0,0.0,147735.0,2039829550.0,-20000.0,20000.0,0.0,0.0,-276250000.0,276250000.0,0.0,0.0
24/11/2023,10991.838276,13900.0,-100.0,-0.00719424,10991.838276,11071.489278,10952.012775,300800.0,4159308450.0,0.0,0.0,300800.0,4159308450.0,2920.0,100.0,0.0,-3020.0,40323000.0,1385000.0,0.0,-41708000.0
23/11/2023,11071.489278,13850.0,50.0,0.00361011,11151.14028,11310.442284,11031.663777,533429.0,7502082050.0,0.0,0.0,533429.0,7502082050.0,-22035.0,20300.0,0.0,1735.0,-315842650.0,291410000.0,0.0,24432650.0
22/11/2023,11031.663777,13900.0,-50.0,-0.00359712,11111.314779,11111.314779,10991.838276,180579.0,2504243150.0,0.0,0.0,180579.0,2504243150.0,200.0,100.0,0.0,-300.0,2800000.0,1385000.0,0.0,-4185000.0
21/11/2023,11071.489278,13900.0,0.0,0.0,11230.791282,11230.791282,10952.012775,289755.0,4013008100.0,0.0,0.0,289755.0,4013008100.0,-1900.0,3000.0,0.0,-1100.0,-26055000.0,41370000.0,0.0,-15315000.0
20/11/2023,11071.489278,13900.0,0.0,0.0,10912.187274,11111.314779,10872.361773,186057.0,2580008200.0,0.0,0.0,186057.0,2580008200.0,-200.0,0.0,0.0,200.0,-3100000.0,0.0,0.0,3100000.0
17/11/2023,11071.489278,14000.0,-100.0,-0.00714286,11151.14028,11270.616783,11031.663777,230448.0,3220858700.0,0.0,0.0,230448.0,3220858700.0,-596.0,100.0,0.0,496.0,-8219400.0,1400000.0,0.0,6819400.0
16/11/2023,11151.14028,14000.0,0.0,0.0,11031.663777,11310.442284,11031.663777,103016.0,1446188700.0,0.0,0.0,103016.0,1446188700.0,-500.0,300.0,0.0,200.0,-7015000.0,4200000.0,0.0,2815000.0
15/11/2023,11151.14028,14000.0,0.0,0.0,11350.267785,11390.093286,11151.14028,232350.0,3292847250.0,0.0,0.0,232350.0,3292847250.0,-1300.0,-1200.0,0.0,2500.0,-18610000.0,-16960000.0,0.0,35570000.0
14/11/2023,11151.14028,13950.0,50.0,0.00358423,11151.14028,11310.442284,11151.14028,202472.0,2849684950.0,0.0,0.0,202472.0,2849684950.0,-800.0,2000.0,0.0,-1200.0,-11175000.0,28200000.0,0.0,-17025000.0
13/11/2023,11111.314779,14000.0,-50.0,-0.00357143,11190.965781,11230.791282,11031.663777,198121.0,2768933400.0,0.0,0.0,198121.0,2768933400.0,5221.0,1000.0,0.0,-6221.0,72736701.0,14050000.0,0.0,-86786700.0
10/11/2023,11151.14028,14200.0,-200.0,-0.01408451,11151.14028,11310.442284,11071.489278,193436.0,2716794700.0,0.0,0.0,193436.0,2716794700.0,-1100.0,1000.0,0.0,100.0,-15505000.0,14090000.0,0.0,1415000.0
09/11/2023,11310.442284,14400.0,-200.0,-0.01388889,11390.093286,11509.569789,11310.442284,423840.0,6057031700.0,0.0,0.0,423840.0,6057031700.0,-577.0,-100.0,0.0,677.0,-8304950.0,-1420000.0,0.0,9724950.0
08/11/2023,11469.744288,13800.0,600.0,0.04347826,10991.838276,11549.39529,10872.361773,558731.0,7861947750.0,0.0,0.0,558731.0,7861947750.0,-12600.0,-4000.0,0.0,16600.0,-176465000.0,-56025000.0,0.0,232490000.0
07/11/2023,10991.838276,13900.0,-100.0,-0.00719424,11071.489278,11111.314779,10912.187274,148350.0,2052210950.0,0.0,0.0,148350.0,2052210950.0,-600.0,-400.0,0.0,1000.0,-8280000.0,-5520000.0,0.0,13800000.0
06/11/2023,11071.489278,13700.0,200.0,0.01459854,10991.838276,11071.489278,10832.536272,234110.0,3222663500.0,0.0,0.0,234110.0,3222663500.0,-400.0,0.0,0.0,400.0,-5505000.0,0.0,0.0,5505000.0
03/11/2023,10912.187274,13800.0,-100.0,-0.00724638,10991.838276,10991.838276,10792.710771,116586.0,1593535550.0,0.0,0.0,116586.0,1593535550.0,800.0,0.0,0.0,-800.0,10805000.0,0.0,0.0,-10805000.0
02/11/2023,10991.838276,13150.0,650.0,0.04942966,10633.408767,11071.489278,10513.932264,216466.0,2932709100.0,0.0,0.0,216466.0,2932709100.0,-1000.0,0.0,0.0,1000.0,-13565000.0,0.0,0.0,13565000.0
01/11/2023,10474.106763,13000.0,150.0,0.01153846,10434.281262,10673.234268,10274.979258,189242.0,2474873100.0,0.0,0.0,189242.0,2474873100.0,2500.0,-400.0,0.0,-2100.0,32790000.0,-5230000.0,0.0,-27560000.0
31/10/2023,10354.63026,13250.0,-250.0,-0.01886792,10553.757765,10673.234268,10235.153757,357872.0,4709147450.0,0.0,0.0,357872.0,4709147450.0,-11588.0,-112.0,0.0,11700.0,-152212800.0,-1467200.0,0.0,153680000.0
30/10/2023,10553.757765,13450.0,-200.0,-0.01486989,10553.757765,10713.059769,10354.63026,181590.0,2393924700.0,0.0,0.0,181590.0,2393924700.0,-27200.0,100.0,0.0,27100.0,-361085000.0,1305000.0,0.0,359780000.0
27/10/2023,10713.059769,13200.0,250.0,0.01893939,10752.88527,10752.88527,10075.851753,421318.0,5517987800.0,0.0,0.0,421318.0,5517987800.0,-128900.0,100.0,0.0,128800.0,-1688530000.0,1310000.0,0.0,1687220000.0
26/10/2023,10513.932264,14100.0,-900.0,-0.06382979,11071.489278,11071.489278,10474.106763,896576.0,11944092800.0,0.0,0.0,896576.0,11944092800.0,-13100.0,300.0,0.0,12800.0,-173300000.0,4035000.0,0.0,169265000.0
25/10/2023,11230.791282,14250.0,-150.0,-0.01052632,11350.267785,11350.267785,11151.14028,872652.0,12340962450.0,0.0,0.0,872652.0,12340962450.0,150000.0,0.0,0.0,-150000.0,2117930000.0,0.0,0.0,-2117930000.0
24/10/2023,11350.267785,14300.0,-50.0,-0.0034965,11310.442284,11469.744288,11230.791282,147571.0,2104297550.0,0.0,0.0,147571.0,2104297550.0,3200.0,0.0,0.0,-3200.0,45935000.0,0.0,0.0,-45935000.0
23/10/2023,11390.093286,14500.0,-200.0,-0.0137931,11469.744288,11509.569789,11190.965781,78947.0,1124060650.0,0.0,0.0,78947.0,1124060650.0,-16400.0,0.0,0.0,16400.0,-234025001.0,0.0,0.0,234025000.0
20/10/2023,11549.39529,14400.0,100.0,0.00694444,11390.093286,11549.39529,11071.489278,321603.0,4570068650.0,0.0,0.0,321603.0,4570068650.0,-53100.0,1400.0,0.0,51700.0,-775920000.0,19460000.0,0.0,756460000.0
19/10/2023,11469.744288,14450.0,-50.0,-0.00346021,11549.39529,11549.39529,11151.14028,319775.0,4538376450.0,0.0,0.0,319775.0,4538376450.0,59000.0,-62000.0,0.0,3000.0,835600000.0,-878050000.0,0.0,42450000.0
18/10/2023,11509.569789,14500.0,-50.0,-0.00344828,11469.744288,11549.39529,11071.489278,782373.0,11073580550.0,0.0,0.0,782373.0,11073580550.0,-1400.0,700.0,0.0,700.0,-19395000.0,9800000.0,0.0,9595000.0
17/10/2023,11549.39529,14550.0,-50.0,-0.00343643,11589.220791,11708.697294,11549.39529,343480.0,5001572100.0,0.0,0.0,343480.0,5001572100.0,-5300.0,300.0,0.0,5000.0,-77130000.0,4380000.0,0.0,72750000.0
16/10/2023,11589.220791,15000.0,-450.0,-0.03,11947.6503,11947.6503,11589.220791,462086.0,6788255750.0,0.0,0.0,462086.0,6788255750.0,500.0,100.0,0.0,-600.0,7350000.0,1470000.0,0.0,-8820000.0
13/10/2023,11947.6503,15100.0,-100.0,-0.00662252,11947.6503,12067.126803,11748.522795,343190.0,5115072800.0,0.0,0.0,343190.0,5115072800.0,-63800.0,-100.0,0.0,63900.0,-954395000.0,-1495000.0,0.0,955890000.0
12/10/2023,12027.301302,14800.0,300.0,0.02027027,11788.348296,12226.428807,11708.697294,1153106.0,17308417550.0,0.0,0.0,1153106.0,17308417550.0,-238448.0,30000.0,0.0,208448.0,-3544899800.0,456500000.0,0.0,3088399800.0
11/10/2023,11788.348296,14900.0,-100.0,-0.00671141,11907.824799,11907.824799,11668.871793,175276.0,2584772800.0,0.0,0.0,175276.0,2584772800.0,3400.0,-700.0,0.0,-2700.0,50395000.0,-10465000.0,0.0,-39930000.0
10/10/2023,11867.999298,14750.0,150.0,0.01016949,11828.173797,11907.824799,11748.522795,347225.0,5145369950.0,0.0,0.0,347225.0,5145369950.0,-32200.0,0.0,0.0,32200.0,-479580000.0,0.0,0.0,479580000.0
09/10/2023,11748.522795,14500.0,250.0,0.01724138,11549.39529,11748.522795,11429.918787,442852.0,6470552800.0,0.0,0.0,442852.0,6470552800.0,-100.0,100.0,0.0,0.0,-1460000.0,1465000.0,0.0,-5000.0
06/10/2023,11549.39529,14400.0,100.0,0.00694444,11509.569789,11708.697294,11151.14028,421676.0,6103481650.0,0.0,0.0,421676.0,6103481650.0,-6500.0,0.0,0.0,6500.0,-94725000.0,0.0,0.0,94725000.0
05/10/2023,11469.744288,14550.0,-150.0,-0.01030928,11708.697294,11748.522795,11469.744288,395311.0,5758902150.0,0.0,0.0,395311.0,5758902150.0,-109225.0,0.0,0.0,109225.0,-1597471250.0,0.0,0.0,1597471250.0
04/10/2023,11589.220791,14250.0,300.0,0.02105263,11151.14028,11867.999298,10752.88527,444160.0,6341680250.0,0.0,0.0,444160.0,6341680250.0,8600.0,-10000.0,0.0,1400.0,118020000.0,-137830000.0,0.0,19810000.0
03/10/2023,11350.267785,14950.0,-700.0,-0.04682274,11907.824799,11907.824799,11350.267785,690068.0,10018114350.0,0.0,0.0,690068.0,10018114350.0,-22400.0,700.0,0.0,21700.0,-320215000.0,10115000.0,0.0,310100000.0
29/09/2023,11947.6503,15100.0,-100.0,-0.00662252,12027.301302,12106.952304,11907.824799,210333.0,3170449600.0,0.0,0.0,210333.0,3170449600.0,2024.0,-3000.0,0.0,976.0,30312750.0,-45000000.0,0.0,14687250.0
28/09/2023,12027.301302,15100.0,0.0,0.0,12027.301302,12106.952304,11708.697294,320021.0,4773369200.0,0.0,0.0,320021.0,4773369200.0,-85900.0,0.0,0.0,85900.0,-1289935000.0,0.0,0.0,1289935000.0
27/09/2023,12027.301302,14750.0,350.0,0.02372881,11708.697294,12027.301302,11509.569789,702575.0,10361402450.0,0.0,0.0,702575.0,10361402450.0,-7250.0,-2950.0,0.0,10200.0,-105386900.0,-44543100.0,0.0,149930000.0
26/09/2023,11748.522795,14600.0,150.0,0.01027397,11629.046292,12027.301302,11549.39529,976810.0,14404003250.0,0.0,0.0,976810.0,14404003250.0,-233500.0,-12300.0,0.0,245800.0,-3463770000.0,-180045000.0,0.0,3643815000.0
25/09/2023,11629.046292,15600.0,-1000.0,-0.06410256,12266.254308,12505.207314,11589.220791,1550094.0,23378888550.0,0.0,0.0,1550094.0,23378888550.0,3156.0,4600.0,0.0,-7756.0,61766450.0,70795000.0,0.0,-132561450.0
22/09/2023,12425.556312,16150.0,-550.0,-0.03405573,12704.334819,12704.334819,12345.90531,1458179.0,22970513200.0,0.0,0.0,1458179.0,22970513200.0,-32000.0,14700.0,0.0,17300.0,-504870000.0,232605000.0,0.0,272265000.0
21/09/2023,12863.636823,15800.0,350.0,0.0221519,12704.334819,13102.589829,12624.683817,2015473.0,32622337400.0,0.0,0.0,2015473.0,32622337400.0,4100.0,-1800.0,0.0,-2300.0,66700000.0,-29080000.0,0.0,-37620000.0
19/09/2023,12584.858316,15650.0,150.0,0.00958466,12465.381813,12664.509318,12345.90531,757174.0,11853009750.0,0.0,0.0,757174.0,11853009750.0,-42570.0,100.0,0.0,42470.0,-659704000.0,1570000.0,0.0,658134000.0
18/09/2023,12465.381813,15450.0,200.0,0.01294498,12345.90531,12624.683817,12266.254308,509479.0,7936429100.0,0.0,0.0,509479.0,7936429100.0,-46900.0,10700.0,0.0,36200.0,-727330000.0,167065000.0,0.0,560265000.0
15/09/2023,12306.079809,15600.0,-150.0,-0.00961538,12465.381813,12545.032815,12226.428807,842249.0,13062629800.0,0.0,0.0,842249.0,13062629800.0,12700.0,100.0,0.0,-12800.0,197070000.0,1570000.0,0.0,-198640000.0
14/09/2023,12425.556312,16050.0,-450.0,-0.02803738,12783.985821,12823.811322,12385.730811,1192543.0,18752566050.0,0.0,0.0,1192543.0,18752566050.0,2201.0,-100.0,0.0,-2101.0,35110900.0,-1575000.0,0.0,-33535900.0
13/09/2023,12783.985821,16200.0,-150.0,-0.00925926,13062.764328,13062.764328,12664.509318,1037169.0,16703112150.0,0.0,0.0,1037169.0,16703112150.0,8800.0,-1100.0,0.0,-7700.0,142200000.0,-17830000.0,0.0,-124370000.0
12/09/2023,12903.462324,15900.0,300.0,0.01886792,12823.811322,12903.462324,12545.032815,965847.0,15379045100.0,0.0,0.0,965847.0,15379045100.0,-9200.0,-3000.0,0.0,12200.0,-146125000.0,-47700000.0,0.0,193825000.0
11/09/2023,12664.509318,16150.0,-250.0,-0.0155,12863.636823,13102.589829,12664.509318,1581107.0,25561465000.0,0.0,0.0,1581107.0,25561465000.0,110400.0,-56000.0,0.0,-54400.0,1785335000.0,-906910000.0,0.0,-878425000.0
08/09/2023,12863.636823,16150.0,0.0,0.0,12903.462324,13142.41533,12823.811322,1205699.0,19621001200.0,0.0,0.0,1205699.0,19621001200.0,65000.0,-56100.0,0.0,-8900.0,1056420000.0,-911325000.0,0.0,-145095000.0
07/09/2023,12863.636823,16250.0,-100.0,-0.00615385,13142.41533,13142.41533,12863.636823,1049217.0,17100243350.0,0.0,0.0,1049217.0,17100243350.0,9000.0,-200.0,0.0,-8800.0,145955000.0,-2670000.0,0.0,-143285000.0
06/09/2023,12943.287825,16050.0,200.0,0.01246106,12783.985821,12983.113326,12664.509318,1134365.0,18324677800.0,0.0,0.0,1134365.0,18324677800.0,-50999.0,43900.0,0.0,7099.0,-821639000.0,707020000.0,0.0,114619000.0
05/09/2023,12783.985821,16000.0,50.0,0.003125,12943.287825,12943.287825,12744.16032,852116.0,13715320200.0,0.0,0.0,852116.0,13715320200.0,-4800.0,4800.0,0.0,0.0,-77255000.0,77255000.0,0.0,0.0
31/08/2023,12744.16032,15750.0,250.0,0.01587302,12545.032815,12744.16032,12545.032815,1104806.0,17531421750.0,0.0,0.0,1104806.0,17531421750.0,600.0,1000.0,0.0,-1600.0,9650000.0,15950000.0,0.0,-25600000.0
30/08/2023,12545.032815,15650.0,100.0,0.00638978,12545.032815,12624.683817,12385.730811,572194.0,8963698050.0,0.0,0.0,572194.0,8963698050.0,-4300.0,2800.0,0.0,1500.0,-67305000.0,43830000.0,0.0,23475000.0
29/08/2023,12465.381813,15500.0,150.0,0.00967742,12425.556312,12584.858316,12306.079809,826878.0,12921669750.0,0.0,0.0,826878.0,12921669750.0,7200.0,-200.0,0.0,-7000.0,111565000.0,-3130000.0,0.0,-108435000.0
28/08/2023,12345.90531,15250.0,250.0,0.01639344,12186.603306,12385.730811,12186.603306,435462.0,6716266050.0,0.0,0.0,435462.0,6716266050.0,3900.0,-400.0,0.0,-3500.0,59805000.0,-6160000.0,0.0,-53645000.0
25/08/2023,12146.777805,15500.0,-250.0,-0.01612903,12345.90531,12425.556312,12067.126803,788715.0,12120903900.0,0.0,0.0,788715.0,12120903900.0,11618.0,0.0,0.0,-11618.0,179511300.0,10000.0,0.0,-179521300.0
24/08/2023,12345.90531,15350.0,150.0,0.00977199,12226.428807,12425.556312,12186.603306,460666.0,7106460950.0,0.0,0.0,460666.0,7106460950.0,-23700.0,-1000.0,0.0,24700.0,-365165000.0,-15450000.0,0.0,380615000.0
23/08/2023,12226.428807,15500.0,-150.0,-0.00967742,12345.90531,12425.556312,12226.428807,521209.0,8062384550.0,0.0,0.0,521209.0,8062384550.0,-128790.0,0.0,0.0,128790.0,-1993375000.0,0.0,0.0,1993375000.0
22/08/2023,12345.90531,15250.0,250.0,0.01639344,12146.777805,12345.90531,11788.348296,862390.0,13065580750.0,0.0,0.0,862390.0,13065580750.0,-32000.0,-3100.0,0.0,35100.0,-486375000.0,-46795000.0,0.0,533170000.0
21/08/2023,12146.777805,15400.0,-150.0,-0.00974026,12266.254308,12385.730811,11947.6503,1438937.0,21901016450.0,0.0,0.0,1438937.0,21901016450.0,-2800.0,-111000.0,0.0,113800.0,-54135000.0,-1689060000.0,0.0,1743195000.0
18/08/2023,12266.254308,16500.0,-1100.0,-0.0667,13062.764328,13062.764328,12226.428807,2915575.0,46056138900.0,0.0,0.0,2915575.0,46056138900.0,-853400.0,0.0,0.0,853400.0,-13417275000.0,0.0,0.0,13417275000.0
17/08/2023,13142.41533,17150.0,-650.0,-0.03790087,13660.146843,13660.146843,13142.41533,1849086.0,30997877100.0,0.0,0.0,1849086.0,30997877100.0,-7900.0,21600.0,0.0,-13700.0,-126335000.0,356920000.0,0.0,-230585000.0
16/08/2023,13660.146843,16300.0,850.0,0.05214724,13022.938827,13699.972344,12783.985821,3389846.0,56494099550.0,0.0,0.0,3389846.0,56494099550.0,-1565025.0,-19300.0,0.0,1584325.0,-26083405001.0,-319095000.0,0.0,26402500000.0
15/08/2023,12983.113326,16250.0,50.0,0.00307692,13062.764328,13062.764328,12744.16032,1436878.0,23238520500.0,0.0,0.0,1436878.0,23238520500.0,-273349.0,49.0,0.0,273300.0,-4432182500.0,802500.0,0.0,4431380000.0
14/08/2023,12943.287825,16200.0,50.0,0.00308642,12903.462324,13102.589829,12823.811322,1864199.0,30313081150.0,0.0,0.0,1864199.0,30313081150.0,-346100.0,10000.0,0.0,336100.0,-5632095000.0,163250000.0,0.0,5468845000.0
11/08/2023,12903.462324,15950.0,250.0,0.01567398,12744.16032,12903.462324,12425.556312,1988282.0,31465421050.0,0.0,0.0,1988282.0,31465421050.0,-665700.0,-300.0,0.0,666000.0,-10526875000.0,-4740000.0,0.0,10531615000.0
10/08/2023,12704.334819,16150.0,-200.0,-0.0123839,12863.636823,12983.113326,12664.509318,1972135.0,31651245400.0,0.0,0.0,1972135.0,31651245400.0,-425680.0,4690.0,0.0,420990.0,-6827035000.0,75055000.0,0.0,6751980000.0
09/08/2023,12863.636823,16250.0,-100.0,-0.00615385,12903.462324,12983.113326,12823.811322,1664027.0,26938591650.0,0.0,0.0,1664027.0,26938591650.0,-6386.0,-6900.0,0.0,13286.0,-103111850.0,-112465000.0,0.0,215576850.0
08/08/2023,12943.287825,16300.0,-50.0,-0.00306748,13022.938827,13142.41533,12863.636823,1659348.0,27047411300.0,0.0,0.0,1659348.0,27047411300.0,4311.0,-5450.0,0.0,1139.0,70330750.0,-88912500.0,0.0,18581750.0
07/08/2023,12983.113326,16350.0,-50.0,-0.0030581,13142.41533,13461.019338,12903.462324,3301487.0,54316494900.0,0.0,0.0,3301487.0,54316494900.0,-81113.0,77100.0,0.0,4013.0,-1347973201.0,1281860000.0,0.0,66113200.0
04/08/2023,13022.938827,16100.0,250.0,0.01552795,13022.938827,13102.589829,12783.985821,2017490.0,32753860000.0,0.0,0.0,2017490.0,32753860000.0,-12400.0,-100.0,0.0,12500.0,-199995000.0,-1630000.0,0.0,201625000.0
03/08/2023,12823.811322,15500.0,600.0,0.03870968,12345.90531,13182.240831,12266.254308,6553866.0,106862998800.0,0.0,0.0,6553866.0,106862998800.0,711637.0,-188400.0,0.0,-523237.0,11501732300.0,-3056845000.0,0.0,-8444887300.0
02/08/2023,12345.90531,15550.0,-50.0,-0.00321543,12385.730811,12425.556312,12306.079809,1121494.0,17392474700.0,0.0,0.0,1121494.0,17392474700.0,281700.0,-32500.0,0.0,-249200.0,4370530000.0,-504695000.0,0.0,-3865835000.0
01/08/2023,12385.730811,15750.0,-200.0,-0.01269841,12664.509318,12664.509318,12345.90531,1747567.0,27369646500.0,0.0,0.0,1747567.0,27369646500.0,395937.0,-9200.0,0.0,-386737.0,6195628400.0,-144000000.0,0.0,-6051628400.0
31/07/2023,12545.032815,15450.0,300.0,0.01941748,12306.079809,12624.683817,12306.079809,1930842.0,30259297300.0,0.0,0.0,1930842.0,30259297300.0,216025.0,184600.0,0.0,-400625.0,3379368150.0,2889290000.0,0.0,-6268658150.0
28/07/2023,12306.079809,15600.0,-150.0,-0.0096,12226.428807,12385.730811,12186.603306,2442036.0,37661375750.0,0.0,0.0,2442036.0,37661375750.0,194960.0,-17300.0,0.0,-177660.0,3002954000.0,-267390000.0,0.0,-2735564000.0
27/07/2023,12425.556312,15700.0,-100.0,-0.00636943,12505.207314,12505.207314,12306.079809,1303303.0,20288814100.0,0.0,0.0,1303303.0,20288814100.0,31006.0,-19306.0,0.0,-11700.0,483452400.0,-300502400.0,0.0,-182950000.0
26/07/2023,12505.207314,15750.0,-50.0,-0.0031746,12545.032815,12624.683817,12425.556312,1048172.0,16462693900.0,0.0,0.0,1048172.0,16462693900.0,32782.0,6100.0,0.0,-38882.0,513672050.0,96080000.0,0.0,-609752050.0
25/07/2023,12545.032815,15900.0,-150.0,-0.00943396,12664.509318,12704.334819,12505.207314,1232130.0,19442832800.0,0.0,0.0,1232130.0,19442832800.0,1037.0,7300.0,0.0,-8337.0,15905950.0,115095000.0,0.0,-131000950.0
24/07/2023,12664.509318,15900.0,0.0,0.0,12704.334819,12744.16032,12505.207314,1159254.0,18333634000.0,0.0,0.0,1159254.0,18333634000.0,-46300.0,44900.0,0.0,1400.0,-732390000.0,710050000.0,0.0,22340000.0
21/07/2023,12664.509318,15700.0,200.0,0.01273885,12545.032815,12704.334819,12545.032815,1218863.0,19321061450.0,0.0,0.0,1218863.0,19321061450.0,-36200.0,38800.0,0.0,-2600.0,-573775000.0,614985000.0,0.0,-41210000.0
20/07/2023,12505.207314,15450.0,250.0,0.01618123,12385.730811,12505.207314,12226.428807,612152.0,9466702200.0,0.0,0.0,612152.0,9466702200.0,8500.0,-6400.0,0.0,-2100.0,131300000.0,-98590000.0,0.0,-32710000.0
19/07/2023,12306.079809,15650.0,-200.0,-0.01277955,12505.207314,12664.509318,12306.079809,1364369.0,21276231700.0,0.0,0.0,1364369.0,21276231700.0,-30600.0,31600.0,0.0,-1000.0,-480590000.0,496190000.0,0.0,-15600000.0
18/07/2023,12465.381813,15850.0,-200.0,-0.0126183,12664.509318,12664.509318,12425.556312,860866.0,13528452500.0,0.0,0.0,860866.0,13528452500.0,11800.0,-14400.0,0.0,2600.0,184985000.0,-226060000.0,0.0,41075000.0
17/07/2023,12624.683817,15850.0,0.0,0.0,12704.334819,12704.334819,12584.858316,765214.0,12149545600.0,0.0,0.0,765214.0,12149545600.0,14800.0,-14800.0,0.0,0.0,235300000.0,-235300000.0,0.0,0.0
14/07/2023,12624.683817,16000.0,-150.0,-0.009375,12744.16032,12823.811322,12584.858316,795534.0,12623915700.0,0.0,0.0,795534.0,12623915700.0,2925.0,1000.0,0.0,-3925.0,46420000.0,15850000.0,0.0,-62270000.0
13/07/2023,12744.16032,15800.0,200.0,0.01265823,12744.16032,12783.985821,12624.683817,782469.0,12476776800.0,0.0,0.0,782469.0,12476776800.0,-8100.0,8000.0,0.0,100.0,-129480000.0,127915000.0,0.0,1565000.0
12/07/2023,12584.858316,16000.0,-200.0,-0.0125,12823.811322,12823.811322,12505.207314,1006100.0,15920777650.0,0.0,0.0,1006100.0,15920777650.0,23400.0,5900.0,0.0,-29300.0,370340000.0,93880000.0,0.0,-464220000.0
11/07/2023,12744.16032,16300.0,-300.0,-0.01840491,13022.938827,13142.41533,12744.16032,1339285.0,21687055500.0,0.0,0.0,1339285.0,21687055500.0,-27900.0,30000.0,0.0,-2100.0,-453180000.0,487505000.0,0.0,-34325000.0
10/07/2023,12983.113326,16050.0,250.0,0.01557632,12863.636823,13102.589829,12744.16032,1481087.0,24031505700.0,0.0,0.0,1481087.0,24031505700.0,-3800.0,3800.0,0.0,0.0,-61255000.0,61250000.0,0.0,5000.0
07/07/2023,12783.985821,15600.0,450.0,0.02884615,12385.730811,12903.462324,12266.254308,1067608.0,16920244100.0,0.0,0.0,1067608.0,16920244100.0,-3300.0,-200.0,0.0,3500.0,-51175000.0,-3280000.0,0.0,54455000.0
06/07/2023,12425.556312,15950.0,-350.0,-0.02194357,12545.032815,12744.16032,12345.90531,1030933.0,16254548800.0,0.0,0.0,1030933.0,16254548800.0,-39175.0,34600.0,0.0,4575.0,-620778750.0,548940000.0,0.0,71838750.0
05/07/2023,12704.334819,15650.0,300.0,0.01916933,12545.032815,12704.334819,12425.556312,1185877.0,18655650550.0,0.0,0.0,1185877.0,18655650550.0,-71600.0,41300.0,0.0,30300.0,-1137040000.0,661285000.0,0.0,475755000.0
04/07/2023,12465.381813,15450.0,200.0,0.01294498,12306.079809,12465.381813,12266.254308,657081.0,10209953000.0,0.0,0.0,657081.0,10209953000.0,-3300.0,100.0,0.0,3200.0,-51175000.0,1550000.0,0.0,49625000.0
03/07/2023,12306.079809,15350.0,100.0,0.00651466,12385.730811,12545.032815,12266.254308,576655.0,8957479700.0,0.0,0.0,576655.0,8957479700.0,-18640.0,15200.0,0.0,3440.0,-289002000.0,235835000.0,0.0,53167000.0
30/06/2023,12226.428807,15700.0,-350.0,-0.02229299,12505.207314,12624.683817,11947.6503,1009343.0,15687607500.0,0.0,0.0,1009343.0,15687607500.0,-2200.0,7400.0,0.0,-5200.0,-33025000.0,115380000.0,0.0,-82355000.0
29/06/2023,12505.207314,16150.0,-450.0,-0.02786378,12863.636823,12903.462324,12505.207314,1116488.0,17756401100.0,0.0,0.0,1116488.0,17756401100.0,-64000.0,62700.0,0.0,1300.0,-1020075000.0,999535000.0,0.0,20540000.0
28/06/2023,12863.636823,15550.0,600.0,0.03858521,12465.381813,13022.938827,12385.730811,3082408.0,48864241900.0,0.0,0.0,3082408.0,48864241900.0,-91300.0,103000.0,0.0,-11700.0,-1420090000.0,1608605000.0,0.0,-188515000.0
27/06/2023,12385.730811,15500.0,50.0,0.00322581,12345.90531,12425.556312,12266.254308,647211.0,10029703250.0,0.0,0.0,647211.0,10029703250.0,-23600.0,28300.0,0.0,-4700.0,-365235000.0,438085000.0,0.0,-72850000.0
26/06/2023,12345.90531,15400.0,100.0,0.00649351,12266.254308,12385.730811,12027.301302,955088.0,14639739800.0,0.0,0.0,955088.0,14639739800.0,35200.0,-100.0,0.0,-35100.0,538245000.0,-1540000.0,0.0,-536705000.0
23/06/2023,12266.254308,15550.0,-150.0,-0.0096463,12385.730811,12385.730811,12186.603306,676453.0,10417002500.0,0.0,0.0,676453.0,10417002500.0,8400.0,0.0,0.0,-8400.0,128825000.0,0.0,0.0,-128825000.0
22/06/2023,12385.730811,15400.0,150.0,0.00974026,12385.730811,12505.207314,12306.079809,887096.0,13809817650.0,0.0,0.0,887096.0,13809817650.0,52825.0,-8800.0,0.0,-44025.0,822836250.0,-137350000.0,0.0,-685486250.0
21/06/2023,12266.254308,14919.0,481.0,0.03224077,12425.556312,12425.556312,12067.126803,967377.0,14827697850.0,0.0,0.0,967377.0,14827697850.0,4750.0,10500.0,0.0,-15250.0,71115000.0,160855000.0,0.0,-231970000.0
20/06/2023,11883.7423185453,19050.0,100.0,0.00524934,11852.7142707162,11976.8264620326,11852.7142707162,1170124.0,22425472750.0,0.0,0.0,1170124.0,22425472750.0,-108650.0,71200.0,0.0,37450.0,-2084838000.0,1365440000.0,0.0,719398000.0
19/06/2023,11821.6862228871,18900.0,150.0,0.00793651,11821.6862228871,11976.8264620326,11759.6301272289,874791.0,16703724500.0,0.0,0.0,874791.0,16703724500.0,-46200.0,2900.0,0.0,43300.0,-883045000.0,55345000.0,0.0,827700000.0
16/06/2023,11728.6020793998,18850.0,50.0,0.00265252,11852.7142707162,11914.7703663744,11728.6020793998,962376.0,18310671800.0,0.0,0.0,962376.0,18310671800.0,66700.0,18800.0,0.0,-85500.0,1262750000.0,358160000.0,0.0,-1620910000.0
15/06/2023,11697.5740315707,19200.0,-350.0,-0.01822917,11883.7423185453,11945.7984142035,11635.5179359125,957354.0,18099085900.0,0.0,0.0,957354.0,18099085900.0,228100.0,-12000.0,0.0,-216100.0,4304340001.0,-226955000.0,0.0,-4077385000.0
14/06/2023,11914.7703663744,19700.0,-500.0,-0.02538071,12318.1349881527,12318.1349881527,11914.7703663744,1106956.0,21463334350.0,0.0,0.0,1106956.0,21463334350.0,10440.0,4700.0,0.0,-15140.0,201830000.0,90940000.0,0.0,-292770000.0
13/06/2023,12225.0508446654,19950.0,-250.0,-0.01253133,12411.21913164,12535.3313229564,12162.9947490072,643617.0,12717162300.0,0.0,0.0,643617.0,12717162300.0,4602.0,-18702.0,0.0,14100.0,89439400.0,-369349400.0,0.0,279910000.0
12/06/2023,12380.1910838109,19250.0,700.0,0.03636364,11976.8264620326,12473.2752272982,11945.7984142035,1409681.0,27746657300.0,0.0,0.0,1409681.0,27746657300.0,11370.0,-11600.0,0.0,230.0,218231500.0,-223385000.0,0.0,5153500.0
09/06/2023,11945.7984142035,19250.0,0.0,0.0,12162.9947490072,12194.0227968363,11759.6301272289,1429391.0,27615324900.0,0.0,0.0,1429391.0,27615324900.0,114800.0,-4000.0,0.0,-110800.0,2187335000.0,-76235000.0,0.0,-2111100000.0
08/06/2023,11945.7984142035,18850.0,400.0,0.02122016,11976.8264620326,12411.21913164,11914.7703663744,2097612.0,40960312750.0,0.0,0.0,2097612.0,40960312750.0,-65300.0,37400.0,0.0,27900.0,-1269120000.0,722870000.0,0.0,546250000.0
07/06/2023,11697.5740315707,18900.0,-50.0,-0.0026455,11790.658175058,11914.7703663744,11666.5459837416,745083.0,14126590850.0,0.0,0.0,745083.0,14126590850.0,99000.0,-99000.0,0.0,0.0,1872375000.0,-1872375000.0,0.0,0.0
06/06/2023,11728.6020793998,18800.0,100.0,0.00531915,11666.5459837416,11759.6301272289,11604.4898880834,672535.0,12632911950.0,0.0,0.0,672535.0,12632911950.0,37400.0,-33000.0,0.0,-4400.0,700450000.0,-617200000.0,0.0,-83250000.0
05/06/2023,11666.5459837416,18950.0,-150.0,-0.00791557,12100.938653349,12100.938653349,11666.5459837416,992861.0,18958512000.0,0.0,0.0,992861.0,18958512000.0,16200.0,-7100.0,0.0,-9100.0,308065000.0,-133070000.0,0.0,-174995000.0
02/06/2023,11759.6301272289,18500.0,450.0,0.02432432,11604.4898880834,11976.8264620326,11604.4898880834,1848283.0,35132766450.0,0.0,0.0,1848283.0,35132766450.0,-33800.0,46900.0,0.0,-13100.0,-643465000.0,892790000.0,0.0,-249325000.0
01/06/2023,11480.377696767,18600.0,-100.0,-0.00537634,11542.4337924252,11604.4898880834,11387.2935532797,738080.0,13643237850.0,0.0,0.0,738080.0,13643237850.0,46100.0,-43900.0,0.0,-2200.0,845705000.0,-805190000.0,0.0,-40515000.0
31/05/2023,11542.4337924252,18500.0,100.0,0.00540541,11511.4057445961,11728.6020793998,11387.2935532797,917418.0,17061198300.0,0.0,0.0,917418.0,17061198300.0,-3700.0,-800.0,0.0,4500.0,-68695000.0,-14650000.0,0.0,83345000.0
30/05/2023,11480.377696767,17900.0,600.0,0.03351955,11139.0691706469,11573.4618402543,11139.0691706469,1374178.0,25312537100.0,0.0,0.0,1374178.0,25312537100.0,-37300.0,18900.0,0.0,18400.0,-682995000.0,343460000.0,0.0,339535000.0
29/05/2023,11108.0411228178,17850.0,50.0,0.00280112,11170.097218476,11201.1252663051,11077.0130749887,579741.0,10380445650.0,0.0,0.0,579741.0,10380445650.0,149900.0,0.0,0.0,-149900.0,2684110000.0,0.0,0.0,-2684110000.0
26/05/2023,11077.0130749887,17850.0,0.0,0.0,11108.0411228178,11170.097218476,11045.9850271596,495965.0,8861640100.0,0.0,0.0,495965.0,8861640100.0,-48000.0,48000.0,0.0,0.0,-857875000.0,857875000.0,0.0,0.0
25/05/2023,11077.0130749887,18200.0,-350.0,-0.01923077,11139.0691706469,11232.1533141342,11045.9850271596,508878.0,9118541100.0,0.0,0.0,508878.0,9118541100.0,69100.0,-99600.0,0.0,30500.0,1238735000.0,-1783195000.0,0.0,544460000.0
24/05/2023,11294.2094097924,18100.0,100.0,0.00552486,11232.1533141342,11325.2374576215,11170.097218476,538185.0,9732271500.0,43500.0,739500000.0,581685.0,10471771500.0,13000.0,-28000.0,0.0,15000.0,233285000.0,-503535000.0,0.0,270250000.0
23/05/2023,11232.1533141342,18200.0,-100.0,-0.00549451,11294.2094097924,11325.2374576215,11201.1252663051,577456.0,10458342300.0,33333.0,566661000.0,610789.0,11025003300.0,-54100.0,-100.0,0.0,54200.0,-977525000.0,-1815000.0,0.0,979340000.0
22/05/2023,11294.2094097924,18100.0,100.0,0.00552486,11325.2374576215,11325.2374576215,11201.1252663051,849796.0,15400120350.0,0.0,0.0,849796.0,15400120350.0,-122200.0,4900.0,0.0,117300.0,-2218245000.0,89410000.0,0.0,2128835000.0
19/05/2023,11232.1533141342,17900.0,200.0,0.01117318,11108.0411228178,11356.2655054506,11045.9850271596,893260.0,16102527900.0,0.0,0.0,893260.0,16102527900.0,-150000.0,-1800.0,0.0,151800.0,-2689400000.0,-32420000.0,0.0,2721820000.0
18/05/2023,11108.0411228178,17600.0,300.0,0.01704545,10921.8728358432,11139.0691706469,10921.8728358432,329093.0,5852693100.0,0.0,0.0,329093.0,5852693100.0,-23400.0,0.0,0.0,23400.0,-418650000.0,0.0,0.0,418650000.0
17/05/2023,10921.8728358432,17750.0,-150.0,-0.0084507,11014.9569793305,11170.097218476,10890.8447880141,469441.0,8320386800.0,0.0,0.0,469441.0,8320386800.0,-15000.0,200.0,0.0,14800.0,-266670000.0,3560000.0,0.0,263110000.0
16/05/2023,11014.9569793305,17850.0,-100.0,-0.00560224,11232.1533141342,11232.1533141342,10983.9289315014,423208.0,7563435600.0,0.0,0.0,423208.0,7563435600.0,21887.0,-19950.0,0.0,-1937.0,391826701.0,-357342000.0,0.0,-34484700.0
15/05/2023,11077.0130749887,18200.0,-350.0,-0.01923077,11356.2655054506,11480.377696767,11077.0130749887,1229712.0,22334576600.0,0.0,0.0,1229712.0,22334576600.0,23300.0,500.0,0.0,-23800.0,431570000.0,8950000.0,0.0,-440520000.0
12/05/2023,11294.2094097924,18000.0,200.0,0.01111111,11232.1533141342,11294.2094097924,11045.9850271596,643514.0,11558041400.0,0.0,0.0,643514.0,11558041400.0,100.0,1800.0,0.0,-1900.0,1485000.0,32225000.0,0.0,-33710000.0
11/05/2023,11170.097218476,18200.0,-200.0,-0.01098901,11356.2655054506,11356.2655054506,11108.0411228178,935310.0,16961952150.0,0.0,0.0,935310.0,16961952150.0,-17800.0,17700.0,0.0,100.0,-324270000.0,322460000.0,0.0,1810000.0
10/05/2023,11294.2094097924,18250.0,-50.0,-0.00273973,11356.2655054506,11387.2935532797,11232.1533141342,647752.0,11772843800.0,0.0,0.0,647752.0,11772843800.0,20800.0,200.0,0.0,-21000.0,379085000.0,3645000.0,0.0,-382730000.0
09/05/2023,11325.2374576215,18150.0,100.0,0.00550964,11294.2094097924,11418.3216011088,11170.097218476,443653.0,8072633100.0,0.0,0.0,443653.0,8072633100.0,-2600.0,300.0,0.0,2300.0,-46880000.0,5480000.0,0.0,41400000.0
08/05/2023,11263.1813619633,18350.0,-200.0,-0.01089918,11480.377696767,11480.377696767,11170.097218476,856851.0,15647759550.0,0.0,0.0,856851.0,15647759550.0,-1600.0,-100.0,0.0,1700.0,-29545000.0,-1820000.0,0.0,31365000.0
05/05/2023,11387.2935532797,17650.0,700.0,0.03966006,10859.816740185,11511.4057445961,10859.816740185,874116.0,15721839150.0,0.0,0.0,874116.0,15721839150.0,300.0,100.0,0.0,-400.0,5090000.0,1765000.0,0.0,-6855000.0
04/05/2023,10952.9008836723,17750.0,-100.0,-0.0056338,10921.8728358432,11045.9850271596,10611.5923575522,1031154.0,17950583800.0,0.0,0.0,1031154.0,17950583800.0,43500.0,-59000.0,0.0,15500.0,754320000.0,-1025720000.0,0.0,271400000.0
28/04/2023,11014.9569793305,17500.0,250.0,0.01428571,11108.0411228178,11108.0411228178,10828.7886923559,533846.0,9410305400.0,0.0,0.0,533846.0,9410305400.0,27100.0,-27200.0,0.0,100.0,476000000.0,-477765000.0,0.0,1765000.0
27/04/2023,10859.816740185,17950.0,-450.0,-0.02506964,11077.0130749887,11263.1813619633,10394.3960227485,755905.0,13436148200.0,0.0,0.0,755905.0,13436148200.0,112900.0,0.0,0.0,-112900.0,1970165000.0,0.0,0.0,-1970165000.0
26/04/2023,11139.0691706469,17700.0,250.0,0.01412429,11108.0411228178,11139.0691706469,10921.8728358432,483684.0,8619643500.0,0.0,0.0,483684.0,8619643500.0,2100.0,0.0,0.0,-2100.0,38370000.0,0.0,0.0,-38370000.0
25/04/2023,10983.9289315014,18200.0,-500.0,-0.02747253,11480.377696767,11573.4618402543,10983.9289315014,1176723.0,21270134500.0,0.0,0.0,1176723.0,21270134500.0,41690.0,44100.0,0.0,-85790.0,717965000.0,819645000.0,0.0,-1537610000.0
24/04/2023,11294.2094097924,19500.0,-1300.0,-0.06666667,12007.8545098617,12007.8545098617,11263.1813619633,2649234.0,49275908500.0,0.0,0.0,2649234.0,49275908500.0,888462.0,-3700.0,0.0,-884762.0,16465848200.0,-68400000.0,0.0,-16397448200.0
21/04/2023,12100.938653349,19200.0,300.0,0.015625,11914.7703663744,12380.1910838109,11914.7703663744,1814368.0,35636165400.0,0.0,0.0,1814368.0,35636165400.0,-28310.0,40000.0,0.0,-11690.0,-562645000.0,792920000.0,0.0,-230275000.0
20/04/2023,11914.7703663744,18900.0,300.0,0.01587302,11728.6020793998,11945.7984142035,11728.6020793998,503327.0,9609882450.0,0.0,0.0,503327.0,9609882450.0,2660.0,-1800.0,0.0,-860.0,50875000.0,-34295000.0,0.0,-16580000.0
19/04/2023,11728.6020793998,19200.0,-300.0,-0.015625,12007.8545098617,12131.9667011781,11542.4337924252,980489.0,18912483300.0,1000000.0,17900000000.0,1980489.0,36812483300.0,-13400.0,-1600.0,0.0,15000.0,-258065000.0,-30775000.0,0.0,288840000.0
18/04/2023,11914.7703663744,18700.0,500.0,0.02673797,11759.6301272289,12007.8545098617,11666.5459837416,1189878.0,22630110150.0,1050000.0,18270000000.0,2239878.0,40900110150.0,21800.0,-13300.0,0.0,-8500.0,415470000.0,-253895000.0,0.0,-161575000.0
17/04/2023,11604.4898880834,18500.0,200.0,0.01081081,11480.377696767,11728.6020793998,11387.2935532797,502910.0,9361705700.0,140000.0,2415000000.0,642910.0,11776705700.0,-10500.0,1100.0,0.0,9400.0,-194935000.0,19895000.0,0.0,175040000.0
14/04/2023,11480.377696767,19400.0,-900.0,-0.04639175,12131.9667011781,12131.9667011781,11480.377696767,1046130.0,19860778550.0,0.0,0.0,1046130.0,19860778550.0,-10500.0,1900.0,0.0,8600.0,-196635000.0,36070000.0,0.0,160565000.0
13/04/2023,12038.8825576908,19400.0,0.0,0.0,12411.21913164,12411.21913164,11790.658175058,1336471.0,26124604450.0,0.0,0.0,1336471.0,26124604450.0,2400.0,4700.0,0.0,-7100.0,46165000.0,93055000.0,0.0,-139220000.0
12/04/2023,12038.8825576908,18200.0,1200.0,0.06593407,11418.3216011088,12069.9106055199,11232.1533141342,3157887.0,59023351100.0,950000.0,16102500000.0,4107887.0,75125851100.0,20140.0,-39600.0,0.0,19460.0,382531000.0,-729185000.0,0.0,346654000.0
11/04/2023,11294.2094097924,17900.0,300.0,0.01675978,11232.1533141342,11325.2374576215,10921.8728358432,363839.0,6532260200.0,1500000.0,24975000000.0,1863839.0,31507260200.0,700.0,-700.0,0.0,0.0,12475000.0,-12475000.0,0.0,0.0
10/04/2023,11108.0411228178,17900.0,0.0,0.0,11108.0411228178,11387.2935532797,10983.9289315014,850793.0,15352621150.0,0.0,0.0,850793.0,15352621150.0,2000.0,-4900.0,0.0,2900.0,34285000.0,-86675000.0,0.0,52390000.0
07/04/2023,11108.0411228178,17300.0,600.0,0.03468208,10797.7606445268,11108.0411228178,10580.5643097231,584121.0,10188440900.0,0.0,0.0,584121.0,10188440900.0,-17700.0,0.0,0.0,17700.0,-305940000.0,0.0,0.0,305940000.0
06/04/2023,10735.7045488686,17800.0,-500.0,-0.02808989,11077.0130749887,11139.0691706469,10735.7045488686,554894.0,9774746550.0,0.0,0.0,554894.0,9774746550.0,700.0,100.0,0.0,-800.0,12465000.0,1755000.0,0.0,-14220000.0
05/04/2023,11045.9850271596,18000.0,-200.0,-0.01111111,11170.097218476,11387.2935532797,10952.9008836723,514494.0,9265277600.0,6500000.0,108875000000.0,7014494.0,118140277600.0,-35400.0,51000.0,0.0,-15600.0,-648800000.0,931015000.0,0.0,-282215000.0
04/04/2023,11170.097218476,17650.0,350.0,0.01983003,10921.8728358432,11170.097218476,10828.7886923559,604056.0,10675442750.0,960000.0,17280000000.0,1564056.0,27955442750.0,62392.0,-4100.0,0.0,-58292.0,1112763800.0,-72555000.0,0.0,-1040208800.0
03/04/2023,10952.9008836723,17700.0,-50.0,-0.00282486,11170.097218476,11232.1533141342,10952.9008836723,399783.0,7135386650.0,0.0,0.0,399783.0,7135386650.0,-81000.0,110900.0,0.0,-29900.0,-1459410000.0,1991665000.0,0.0,-532255000.0
31/03/2023,10983.9289315014,16850.0,850.0,0.0504451,10487.4801662358,11014.9569793305,10487.4801662358,823214.0,14353443250.0,0.0,0.0,823214.0,14353443250.0,7200.0,-100.0,0.0,-7100.0,123420000.0,-1770000.0,0.0,-121650000.0
30/03/2023,10456.4521184067,16850.0,0.0,0.0,10549.536261894,10580.5643097231,10363.3679749194,146404.0,2470025700.0,0.0,0.0,146404.0,2470025700.0,-5600.0,8200.0,0.0,-2600.0,-94760000.0,138440000.0,0.0,-43680000.0
29/03/2023,10456.4521184067,16350.0,500.0,0.03058104,10301.3118792612,10518.5082140649,10146.1716401157,219080.0,3634810900.0,0.0,0.0,219080.0,3634810900.0,-1100.0,-100.0,0.0,1200.0,-19045000.0,-890000.0,0.0,19935000.0
28/03/2023,10146.1716401157,16300.0,50.0,0.00306748,10115.1435922866,10239.255783603,10115.1435922866,91303.0,1496977100.0,0.0,0.0,91303.0,1496977100.0,28100.0,100.0,0.0,-28200.0,459835000.0,1635000.0,0.0,-461470000.0
27/03/2023,10115.1435922866,16350.0,-50.0,-0.0030581,10239.255783603,10301.3118792612,10053.0874966284,207959.0,3409051250.0,0.0,0.0,207959.0,3409051250.0,41800.0,0.0,0.0,-41800.0,685235000.0,0.0,0.0,-685235000.0
24/03/2023,10146.1716401157,16350.0,0.0,0.0,10053.0874966284,10239.255783603,10053.0874966284,89650.0,1468663850.0,0.0,0.0,89650.0,1468663850.0,100.0,-100.0,0.0,0.0,1640000.0,-1640000.0,0.0,0.0
23/03/2023,10146.1716401157,16300.0,50.0,0.00306748,10115.1435922866,10146.1716401157,9960.0033531411,80032.0,1295029150.0,0.0,0.0,80032.0,1295029150.0,-13000.0,0.0,0.0,13000.0,-212555000.0,0.0,0.0,212555000.0
22/03/2023,10115.1435922866,16450.0,-150.0,-0.00911854,10332.3399270903,10363.3679749194,10053.0874966284,117571.0,1922911650.0,0.0,0.0,117571.0,1922911650.0,34600.0,0.0,0.0,-34600.0,566620000.0,0.0,0.0,-566620000.0
21/03/2023,10208.2277357739,16100.0,350.0,0.02173913,10115.1435922866,10208.2277357739,10022.0594487993,97940.0,1596823800.0,0.0,0.0,97940.0,1596823800.0,-10300.0,0.0,0.0,10300.0,-167425000.0,0.0,0.0,167425000.0
20/03/2023,9991.0314009702,16750.0,-650.0,-0.03880597,10394.3960227485,10394.3960227485,9991.0314009702,153941.0,2521621800.0,0.0,0.0,153941.0,2521621800.0,9300.0,0.0,0.0,-9300.0,153055000.0,0.0,0.0,-153055000.0
17/03/2023,10394.3960227485,16650.0,100.0,0.00600601,10425.4240705776,10456.4521184067,10363.3679749194,68007.0,1138980600.0,0.0,0.0,68007.0,1138980600.0,-7200.0,-100.0,0.0,7300.0,-120605000.0,-1680000.0,0.0,122285000.0
16/03/2023,10332.3399270903,17000.0,-350.0,-0.02058824,10487.4801662358,10487.4801662358,10208.2277357739,387395.0,6441698300.0,0.0,0.0,387395.0,6441698300.0,-82400.0,60000.0,0.0,22400.0,-1372990000.0,999605000.0,0.0,373385000.0
15/03/2023,10549.536261894,16600.0,400.0,0.02409639,10611.5923575522,10642.6204053813,10456.4521184067,334743.0,5691653450.0,0.0,0.0,334743.0,5691653450.0,-19100.0,0.0,0.0,19100.0,-324940000.0,0.0,0.0,324940000.0
14/03/2023,10301.3118792612,17350.0,-750.0,-0.04322767,10797.7606445268,10797.7606445268,10239.255783603,252498.0,4255916900.0,0.0,0.0,252498.0,4255916900.0,-58600.0,-500.0,0.0,59100.0,-983005000.0,-8410000.0,0.0,991415000.0
13/03/2023,10766.7325966977,17400.0,-50.0,-0.00287356,10859.816740185,10859.816740185,10549.536261894,323378.0,5594332550.0,0.0,0.0,323378.0,5594332550.0,-103700.0,-2800.0,0.0,106500.0,-1790050000.0,-48725000.0,0.0,1838775000.0
10/03/2023,10797.7606445268,17000.0,400.0,0.02352941,10518.5082140649,10859.816740185,10456.4521184067,566762.0,9774852800.0,0.0,0.0,566762.0,9774852800.0,-171500.0,-13400.0,0.0,184900.0,-2973900000.0,-230600000.0,0.0,3204500000.0
09/03/2023,10549.536261894,17000.0,0.0,0.0,10487.4801662358,10642.6204053813,10363.3679749194,176386.0,2986070800.0,0.0,0.0,176386.0,2986070800.0,4500.0,0.0,0.0,-4500.0,73875000.0,0.0,0.0,-73875000.0
08/03/2023,10549.536261894,16500.0,500.0,0.03030303,10053.0874966284,10611.5923575522,10053.0874966284,486418.0,8141851600.0,0.0,0.0,486418.0,8141851600.0,-194700.0,108000.0,0.0,86700.0,-3241280000.0,1809515000.0,0.0,1431765000.0
07/03/2023,10239.255783603,15800.0,700.0,0.0443038,9866.9192096538,10332.3399270903,9835.8911618247,368886.0,5991821150.0,0.0,0.0,368886.0,5991821150.0,-112100.0,0.0,0.0,112100.0,-1827230000.0,0.0,0.0,1827230000.0
06/03/2023,9804.8631139956,15600.0,200.0,0.01282051,9866.9192096538,10053.0874966284,9773.8350661665,255697.0,4083340400.0,0.0,0.0,255697.0,4083340400.0,-70000.0,-1600.0,0.0,71600.0,-1115155000.0,-25200000.0,0.0,1140355000.0
03/03/2023,9680.7509226792,15700.0,-100.0,-0.00636943,9928.975305312,9928.975305312,9649.7228748501,319387.0,5043198900.0,0.0,0.0,319387.0,5043198900.0,-300.0,-300.0,0.0,600.0,-1695000.0,-4920000.0,0.0,6615000.0
02/03/2023,9742.8070183374,15900.0,-200.0,-0.01257862,9866.9192096538,9960.0033531411,9680.7509226792,162096.0,2554192650.0,0.0,0.0,162096.0,2554192650.0,30300.0,-400.0,0.0,-29900.0,479800000.0,-6355000.0,0.0,-473445000.0
01/03/2023,9866.9192096538,15700.0,200.0,0.01273885,9618.694827021,9866.9192096538,9370.4704443882,246011.0,3846852700.0,0.0,0.0,246011.0,3846852700.0,90600.0,3000.0,0.0,-93600.0,1419925000.0,47045000.0,0.0,-1466970000.0
28/02/2023,9742.8070183374,15600.0,100.0,0.00641026,9711.7789705083,9960.0033531411,9618.694827021,153629.0,2417591050.0,0.0,0.0,153629.0,2417591050.0,-1400.0,400.0,0.0,1000.0,-21490000.0,6355000.0,0.0,15135000.0
27/02/2023,9680.7509226792,16100.0,-500.0,-0.0310559,9773.8350661665,10022.0594487993,9680.7509226792,260178.0,4128132900.0,0.0,0.0,260178.0,4128132900.0,20065.0,35.0,0.0,-20100.0,323234150.0,565850.0,0.0,-323800000.0
24/02/2023,9991.0314009702,16700.0,-600.0,-0.03592814,10239.255783603,10456.4521184067,9897.9472574829,351882.0,5732294750.0,0.0,0.0,351882.0,5732294750.0,100600.0,300.0,0.0,-100900.0,1641885000.0,4850000.0,0.0,-1646735000.0
23/02/2023,10363.3679749194,16750.0,-50.0,-0.00298507,10301.3118792612,10394.3960227485,10053.0874966284,299716.0,4924370000.0,0.0,0.0,299716.0,4924370000.0,11600.0,700.0,0.0,-12300.0,191380000.0,11535000.0,0.0,-202915000.0
22/02/2023,10394.3960227485,17100.0,-350.0,-0.02046784,10487.4801662358,10611.5923575522,10363.3679749194,230727.0,3885349700.0,0.0,0.0,230727.0,3885349700.0,-3800.0,100.0,0.0,3700.0,-63800000.0,1700000.0,0.0,62100000.0
21/02/2023,10611.5923575522,17400.0,-300.0,-0.01724138,10828.7886923559,11014.9569793305,10549.536261894,285993.0,4954511850.0,0.0,0.0,285993.0,4954511850.0,3200.0,0.0,0.0,-3200.0,55410000.0,0.0,0.0,-55410000.0
20/02/2023,10797.7606445268,16950.0,450.0,0.02654867,10518.5082140649,10797.7606445268,10425.4240705776,293659.0,5021198450.0,0.0,0.0,293659.0,5021198450.0,-8400.0,0.0,0.0,8400.0,-143200000.0,0.0,0.0,143200000.0
17/02/2023,10518.5082140649,16650.0,300.0,0.01801802,10301.3118792612,10549.536261894,10301.3118792612,261533.0,4419089650.0,0.0,0.0,261533.0,4419089650.0,200.0,-100.0,0.0,-100.0,3365000.0,-1680000.0,0.0,-1685000.0
16/02/2023,10332.3399270903,16500.0,150.0,0.00909091,10363.3679749194,10363.3679749194,10177.1996879448,217423.0,3592413550.0,0.0,0.0,217423.0,3592413550.0,26900.0,-6000.0,0.0,-20900.0,442435000.0,-98495000.0,0.0,-343940000.0
15/02/2023,10239.255783603,16350.0,150.0,0.00917431,10146.1716401157,10363.3679749194,9991.0314009702,162879.0,2675680800.0,0.0,0.0,162879.0,2675680800.0,-4100.0,100.0,0.0,4000.0,-67590000.0,1645000.0,0.0,65945000.0
14/02/2023,10146.1716401157,16350.0,0.0,0.0,10115.1435922866,10270.2838314321,10115.1435922866,132293.0,2170342250.0,0.0,0.0,132293.0,2170342250.0,1500.0,-300.0,0.0,-1200.0,24450000.0,-4890000.0,0.0,-19560000.0
13/02/2023,10146.1716401157,17450.0,-1100.0,-0.06303725,10673.6484532104,10828.7886923559,10084.1155444575,483200.0,8041095950.0,0.0,0.0,483200.0,8041095950.0,-27700.0,-400.0,0.0,28100.0,-458305000.0,-6835000.0,0.0,465140000.0
10/02/2023,10828.7886923559,17550.0,-100.0,-0.00569801,10921.8728358432,10921.8728358432,10580.5643097231,300357.0,5194019100.0,0.0,0.0,300357.0,5194019100.0,6000.0,200.0,0.0,-6200.0,103765000.0,3485000.0,0.0,-107250000.0
09/02/2023,10890.8447880141,17800.0,-250.0,-0.01404494,11045.9850271596,11045.9850271596,10766.7325966977,161860.0,2845301300.0,0.0,0.0,161860.0,2845301300.0,-18700.0,6100.0,0.0,12600.0,-329925000.0,107590000.0,0.0,222335000.0
08/02/2023,11045.9850271596,17750.0,50.0,0.0028169,11045.9850271596,11139.0691706469,10611.5923575522,291798.0,5092194050.0,0.0,0.0,291798.0,5092194050.0,7791.0,0.0,0.0,-7791.0,135934800.0,0.0,0.0,-135934800.0
07/02/2023,11014.9569793305,17800.0,-50.0,-0.00280899,11045.9850271596,11232.1533141342,10797.7606445268,376213.0,6695603050.0,0.0,0.0,376213.0,6695603050.0,-7100.0,-300.0,0.0,7400.0,-127620000.0,-5330000.0,0.0,132950000.0
06/02/2023,11045.9850271596,17800.0,0.0,0.0,11108.0411228178,11139.0691706469,10921.8728358432,141899.0,2516854900.0,0.0,0.0,141899.0,2516854900.0,-1300.0,-400.0,0.0,1700.0,-22960000.0,-7105000.0,0.0,30065000.0
03/02/2023,11045.9850271596,17350.0,450.0,0.0259366,10797.7606445268,11139.0691706469,10766.7325966977,499103.0,8834450550.0,0.0,0.0,499103.0,8834450550.0,400.0,-5400.0,0.0,5000.0,8080000.0,-95580000.0,0.0,87500000.0
02/02/2023,10766.7325966977,18000.0,-650.0,-0.03611111,11170.097218476,11263.1813619633,10642.6204053813,443617.0,7862589300.0,0.0,0.0,443617.0,7862589300.0,-52530.0,-13800.0,0.0,66330.0,-936311800.0,-243370000.0,0.0,1179681800.0
01/02/2023,11170.097218476,18700.0,-700.0,-0.03743316,11666.5459837416,11697.5740315707,11170.097218476,1079039.0,20031297550.0,0.0,0.0,1079039.0,20031297550.0,-258800.0,-21500.0,0.0,280300.0,-4758580000.0,-401350000.0,0.0,5159930000.0
31/01/2023,11604.4898880834,18200.0,500.0,0.02747253,11263.1813619633,11604.4898880834,11077.0130749887,523682.0,9575919650.0,0.0,0.0,523682.0,9575919650.0,43200.0,-40000.0,0.0,-3200.0,792015000.0,-733490000.0,0.0,-58525000.0
30/01/2023,11294.2094097924,18500.0,-300.0,-0.01621622,11480.377696767,11480.377696767,11263.1813619633,564894.0,10322759850.0,0.0,0.0,564894.0,10322759850.0,-19600.0,-8700.0,0.0,28300.0,-356420000.0,-160160000.0,0.0,516580000.0
27/01/2023,11480.377696767,18500.0,0.0,0.0,11759.6301272289,11759.6301272289,11449.3496489379,533695.0,9923654150.0,0.0,0.0,533695.0,9923654150.0,-10900.0,-4000.0,0.0,14900.0,-203730000.0,-74605000.0,0.0,278335000.0
19/01/2023,11480.377696767,18300.0,200.0,0.01092896,11294.2094097924,12131.9667011781,11263.1813619633,1122277.0,21134265000.0,0.0,0.0,1122277.0,21134265000.0,-1800.0,-7000.0,0.0,8800.0,-22265000.0,-132645000.0,0.0,154910000.0
18/01/2023,11356.2655054506,18500.0,-200.0,-0.01081081,11666.5459837416,11666.5459837416,11232.1533141342,633514.0,11672427900.0,0.0,0.0,633514.0,11672427900.0,-12500.0,-8900.0,0.0,21400.0,-228235000.0,-164800000.0,0.0,393035000.0
17/01/2023,11480.377696767,17950.0,550.0,0.03064067,11263.1813619633,11635.5179359125,11139.0691706469,489641.0,8996225500.0,0.0,0.0,489641.0,8996225500.0,5200.0,-10700.0,0.0,5500.0,95980000.0,-196135000.0,0.0,100155000.0
16/01/2023,11139.0691706469,17800.0,150.0,0.00842697,11014.9569793305,11356.2655054506,10890.8447880141,478385.0,8606512250.0,0.0,0.0,478385.0,8606512250.0,21606.0,-16600.0,0.0,-5006.0,388595000.0,-299805000.0,0.0,-88790000.0
13/01/2023,11045.9850271596,18100.0,-300.0,-0.01657459,11232.1533141342,11294.2094097924,11045.9850271596,541178.0,9726332000.0,0.0,0.0,541178.0,9726332000.0,-100.0,-3300.0,0.0,3400.0,-3175000.0,-58650000.0,0.0,61825000.0
12/01/2023,11232.1533141342,17100.0,1000.0,0.05847953,10797.7606445268,11294.2094097924,10704.6765010395,744257.0,13256003150.0,0.0,0.0,744257.0,13256003150.0,4100.0,7000.0,0.0,-11100.0,73730000.0,123420000.0,0.0,-197150000.0
11/01/2023,10611.5923575522,16700.0,400.0,0.0239521,10363.3679749194,10642.6204053813,10363.3679749194,352534.0,5967582600.0,0.0,0.0,352534.0,5967582600.0,-20600.0,-500.0,0.0,21100.0,-346880000.0,-8420000.0,0.0,355300000.0
10/01/2023,10363.3679749194,16600.0,100.0,0.0060241,10301.3118792612,10394.3960227485,10115.1435922866,155529.0,2565914100.0,0.0,0.0,155529.0,2565914100.0,-1300.0,-300.0,0.0,1600.0,-21700000.0,-4970000.0,0.0,26670000.0
09/01/2023,10301.3118792612,16600.0,0.0,0.0,10425.4240705776,10518.5082140649,10239.255783603,198323.0,3300141050.0,0.0,0.0,198323.0,3300141050.0,6100.0,-100.0,0.0,-6000.0,101030000.0,-1690000.0,0.0,-99340000.0
06/01/2023,10301.3118792612,16850.0,-250.0,-0.0148368,10487.4801662358,10611.5923575522,10301.3118792612,252458.0,4245865000.0,0.0,0.0,252458.0,4245865000.0,6100.0,0.0,0.0,-6100.0,102525000.0,0.0,0.0,-102525000.0
05/01/2023,10456.4521184067,17000.0,-150.0,-0.00882353,10673.6484532104,10673.6484532104,10394.3960227485,158957.0,2696714900.0,0.0,0.0,158957.0,2696714900.0,11700.0,0.0,0.0,-11700.0,198290000.0,0.0,0.0,-198290000.0
04/01/2023,10549.536261894,16950.0,50.0,0.00294985,10611.5923575522,10735.7045488686,10394.3960227485,197243.0,3358343800.0,0.0,0.0,197243.0,3358343800.0,11100.0,100.0,0.0,-11200.0,187450000.0,1710000.0,0.0,-189160000.0
03/01/2023,10518.5082140649,16300.0,650.0,0.0398773,10115.1435922866,10549.536261894,10115.1435922866,270343.0,4552406450.0,0.0,0.0,270343.0,4552406450.0,-900.0,-300.0,0.0,1200.0,-14275000.0,-5025000.0,0.0,19300000.0
30/12/2022,10115.1435922866,16050.0,250.0,0.01557632,10208.2277357739,10270.2838314321,9991.0314009702,182285.0,2989255750.0,0.0,0.0,182285.0,2989255750.0,2800.0,200.0,0.0,-3000.0,46030000.0,3260000.0,0.0,-49290000.0
29/12/2022,9960.0033531411,15700.0,350.0,0.02229299,9835.8911618247,10115.1435922866,9742.8070183374,249083.0,3972446450.0,0.0,0.0,249083.0,3972446450.0,-7290.0,0.0,0.0,7290.0,-119317000.0,0.0,0.0,119317000.0
28/12/2022,9742.8070183374,15850.0,-150.0,-0.00946372,9835.8911618247,9866.9192096538,9618.694827021,68841.0,1086317000.0,0.0,0.0,68841.0,1086317000.0,2406.0,0.0,0.0,-2406.0,37903600.0,0.0,0.0,-37903600.0
27/12/2022,9835.8911618247,15450.0,400.0,0.02588997,9587.6667791919,9835.8911618247,9184.3021574136,220578.0,3391540500.0,0.0,0.0,220578.0,3391540500.0,-12100.0,-200.0,0.0,12300.0,-187525000.0,-3090000.0,0.0,190615000.0
26/12/2022,9587.6667791919,16600.0,-1150.0,-0.06927711,10394.3960227485,10394.3960227485,9587.6667791919,295857.0,4685966200.0,0.0,0.0,295857.0,4685966200.0,-7900.0,-6000.0,0.0,13900.0,-118135000.0,-96080000.0,0.0,214215000.0
23/12/2022,10301.3118792612,16700.0,-100.0,-0.00598802,10301.3118792612,10363.3679749194,9991.0314009702,136289.0,2243081050.0,0.0,0.0,136289.0,2243081050.0,15600.0,0.0,0.0,-15600.0,256895001.0,0.0,0.0,-256895000.0
22/12/2022,10363.3679749194,16600.0,100.0,0.0060241,10456.4521184067,10487.4801662358,9991.0314009702,198407.0,3253464500.0,0.0,0.0,198407.0,3253464500.0,-7800.0,300.0,0.0,7500.0,-127855000.0,4965000.0,0.0,122890000.0
21/12/2022,10301.3118792612,16800.0,-200.0,-0.01190476,10456.4521184067,10518.5082140649,9804.8631139956,543757.0,8829352550.0,0.0,0.0,543757.0,8829352550.0,4300.0,-900.0,0.0,-3400.0,76195000.0,-14360000.0,0.0,-61835000.0
20/12/2022,10425.4240705776,17000.0,-200.0,-0.01176471,10363.3679749194,10735.7045488686,10177.1996879448,778447.0,12995053750.0,0.0,0.0,778447.0,12995053750.0,-40400.0,-2400.0,0.0,42800.0,-677085000.0,-39790000.0,0.0,716875000.0
19/12/2022,10549.536261894,17250.0,-250.0,-0.01449275,10797.7606445268,11077.0130749887,10549.536261894,418128.0,7301376000.0,0.0,0.0,418128.0,7301376000.0,-17900.0,-500.0,0.0,18400.0,-313255000.0,-8760000.0,0.0,322015000.0
16/12/2022,10704.6765010395,17000.0,250.0,0.01470588,10425.4240705776,10766.7325966977,10363.3679749194,475267.0,8176488650.0,0.0,0.0,475267.0,8176488650.0,-33900.0,2700.0,0.0,31200.0,-584800000.0,46390000.0,0.0,538410000.0
15/12/2022,10549.536261894,17400.0,-400.0,-0.02298851,10766.7325966977,10797.7606445268,10518.5082140649,280816.0,4811341250.0,25000.0,465000000.0,305816.0,5276341250.0,-16500.0,0.0,0.0,16500.0,-283260000.0,0.0,0.0,283260000.0
14/12/2022,10797.7606445268,17400.0,0.0,0.0,10859.816740185,10983.9289315014,10673.6484532104,510247.0,8884707750.0,0.0,0.0,510247.0,8884707750.0,-2500.0,0.0,0.0,2500.0,-42895000.0,20000.0,0.0,42875000.0
13/12/2022,10797.7606445268,17100.0,300.0,0.01754386,10611.5923575522,10797.7606445268,10239.255783603,370885.0,6286248100.0,0.0,0.0,370885.0,6286248100.0,-18500.0,-100.0,0.0,18600.0,-313475000.0,-1700000.0,0.0,315175000.0
12/12/2022,10611.5923575522,17050.0,50.0,0.00293255,10580.5643097231,11045.9850271596,10549.536261894,536168.0,9345926550.0,350000.0,5600000000.0,886168.0,14945926550.0,900.0,-4000.0,0.0,3100.0,13795000.0,-71200000.0,0.0,57405000.0
09/12/2022,10580.5643097231,17200.0,-150.0,-0.00872093,10549.536261894,10673.6484532104,10363.3679749194,278829.0,4719137250.0,0.0,0.0,278829.0,4719137250.0,-805.0,310.0,0.0,495.0,-12441950.0,5266950.0,0.0,7175000.0
08/12/2022,10673.6484532104,16850.0,350.0,0.02077151,10642.6204053813,10859.816740185,10456.4521184067,470398.0,8046387600.0,340000.0,5440000000.0,810398.0,13486387600.0,4700.0,-1300.0,0.0,-3400.0,81570000.0,-22340000.0,0.0,-59230000.0
07/12/2022,10456.4521184067,16800.0,50.0,0.00297619,10425.4240705776,10580.5643097231,9991.0314009702,472182.0,7856185600.0,0.0,0.0,472182.0,7856185600.0,2238.0,-100.0,0.0,-2138.0,38303900.0,-1680000.0,0.0,-36623900.0
06/12/2022,10425.4240705776,17000.0,-200.0,-0.01176471,10363.3679749194,11263.1813619633,10270.2838314321,721758.0,12413092000.0,0.0,0.0,721758.0,12413092000.0,-32100.0,-4800.0,0.0,36900.0,-532970000.0,-84905000.0,0.0,617875000.0
05/12/2022,10549.536261894,16650.0,350.0,0.02102102,10549.536261894,10797.7606445268,10425.4240705776,945198.0,16097161500.0,0.0,0.0,945198.0,16097161500.0,10405.0,-13500.0,0.0,3095.0,176289500.0,-229225000.0,0.0,52935500.0
02/12/2022,10332.3399270903,16100.0,550.0,0.03416149,9991.0314009702,10425.4240705776,9711.7789705083,406323.0,6590259550.0,0.0,0.0,406323.0,6590259550.0,-8902.0,302.0,0.0,8600.0,-141198400.0,5078400.0,0.0,136120000.0
01/12/2022,9991.0314009702,16400.0,-300.0,-0.01829268,10549.536261894,10642.6204053813,9804.8631139956,601629.0,9983613950.0,0.0,0.0,601629.0,9983613950.0,2800.0,-7900.0,0.0,5100.0,48125000.0,-133615000.0,0.0,85490000.0
30/11/2022,10177.1996879448,16250.0,150.0,0.00923077,10115.1435922866,10425.4240705776,9804.8631139956,463386.0,7564073800.0,0.0,0.0,463386.0,7564073800.0,2600.0,-100.0,0.0,-2500.0,42950000.0,-1650000.0,0.0,-41300000.0
29/11/2022,10084.1155444575,16100.0,150.0,0.00931677,10115.1435922866,10270.2838314321,9525.6106835337,707280.0,11338728700.0,0.0,0.0,707280.0,11338728700.0,11600.0,-20200.0,0.0,8600.0,187165000.0,-322240000.0,0.0,135075000.0
28/11/2022,9991.0314009702,15200.0,900.0,0.05921053,9866.9192096538,9991.0314009702,9618.694827021,478678.0,7593390300.0,0.0,0.0,478678.0,7593390300.0,-6585.0,-1915.0,0.0,8500.0,-104691250.0,-30533750.0,0.0,135225000.0
25/11/2022,9432.5265400464,14250.0,950.0,0.06666667,8998.133870439,9432.5265400464,8874.0216791226,565812.0,8465217650.0,0.0,0.0,565812.0,8465217650.0,-10997.0,19897.0,-3.0,-8900.0,-170379350.0,302484350.0,-41000.0,-132105000.0
24/11/2022,8842.9936312935,14100.0,150.0,0.0106383,8749.9094878062,8905.0497269517,8439.6290095152,247452.0,3463593550.0,0.0,0.0,247452.0,3463593550.0,-1300.0,1000.0,0.0,300.0,-18755000.0,14585000.0,0.0,4170000.0
23/11/2022,8749.9094878062,14700.0,-600.0,-0.04081633,9122.2460617554,9246.3582530718,8749.9094878062,334498.0,4816064300.0,0.0,0.0,334498.0,4816064300.0,14700.0,-4000.0,0.0,-10700.0,213545000.0,-56800000.0,0.0,-156745000.0
22/11/2022,9122.2460617554,14200.0,500.0,0.03521127,8842.9936312935,9401.4984922173,8563.7412008316,911091.0,13616721250.0,0.0,0.0,911091.0,13616721250.0,106933.0,2094.0,-6.0,-109027.0,1588796800.0,30899800.0,-85000.0,-1619696600.0
21/11/2022,8811.9655834644,14200.0,0.0,0.0,8998.133870439,9060.1899660972,8656.8253443189,406768.0,5798470600.0,0.0,0.0,406768.0,5798470600.0,133985.0,-85.0,-85.0,-133900.0,1909345250.0,-1185250.0,-1185000.0,-1908160000.0
18/11/2022,8811.9655834644,14000.0,200.0,0.01428571,8563.7412008316,8905.0497269517,8191.4046268824,615214.0,8481640150.0,0.0,0.0,615214.0,8481640150.0,78400.0,0.0,0.0,-78400.0,1083585000.0,0.0,0.0,-1083585000.0
17/11/2022,8687.853392148,13650.0,350.0,0.02564103,8687.853392148,8936.0777747808,8470.6570573443,445953.0,6233356550.0,0.0,0.0,445953.0,6233356550.0,18500.0,4000.0,0.0,-22500.0,260890000.0,57200000.0,0.0,-318090000.0
16/11/2022,8470.6570573443,12800.0,850.0,0.06640625,7415.7034311549,8470.6570573443,7415.7034311549,1082369.0,13675943000.0,0.0,0.0,1082369.0,13675943000.0,-78500.0,39900.0,0.0,38600.0,-972020000.0,476805000.0,0.0,495215000.0
15/11/2022,7943.1802442496,13750.0,-950.0,-0.06909091,8098.3204833951,8191.4046268824,7943.1802442496,350169.0,4515655600.0,0.0,0.0,350169.0,4515655600.0,-46300.0,20000.0,0.0,26300.0,-599930001.0,257650000.0,0.0,342280000.0
14/11/2022,8532.7131530025,14750.0,-1000.0,-0.06779661,8594.7692486607,8874.0216791226,8532.7131530025,770028.0,10682433150.0,0.0,0.0,770028.0,10682433150.0,-81800.0,25000.0,0.0,56800.0,-1134420000.0,344740000.0,0.0,789680000.0
11/11/2022,9153.2741095845,15850.0,-1100.0,-0.06940063,10022.0594487993,10146.1716401157,9153.2741095845,1737027.0,25991034350.0,0.0,0.0,1737027.0,25991034350.0,-79000.0,49800.0,0.0,29200.0,-1162845000.0,735950000.0,0.0,426895000.0
10/11/2022,9835.8911618247,17000.0,-1150.0,-0.06764706,10518.5082140649,10518.5082140649,9835.8911618247,738592.0,11851157900.0,0.0,0.0,738592.0,11851157900.0,-46300.0,37100.0,0.0,9200.0,-739805000.0,591585000.0,0.0,148220000.0
09/11/2022,10549.536261894,16750.0,250.0,0.01492537,10549.536261894,10797.7606445268,10549.536261894,336359.0,5784811100.0,0.0,0.0,336359.0,5784811100.0,11000.0,15100.0,0.0,-26100.0,193000000.0,259715000.0,0.0,-452715000.0
08/11/2022,10394.3960227485,16600.0,150.0,0.00903614,10301.3118792612,10487.4801662358,9991.0314009702,432412.0,7157657950.0,0.0,0.0,432412.0,7157657950.0,-17097.0,3000.0,0.0,14097.0,-281238900.0,48600000.0,0.0,232638900.0
07/11/2022,10301.3118792612,17800.0,-1200.0,-0.06741573,10859.816740185,11108.0411228178,10301.3118792612,784624.0,13192197400.0,0.0,0.0,784624.0,13192197400.0,-18693.0,10700.0,0.0,7993.0,-308603801.0,178275000.0,0.0,130328800.0
04/11/2022,11045.9850271596,19100.0,-1300.0,-0.06806283,11790.658175058,11852.7142707162,11045.9850271596,892667.0,16135146050.0,0.0,0.0,892667.0,16135146050.0,-11300.0,2200.0,0.0,9100.0,-203730000.0,39825000.0,0.0,163905000.0
03/11/2022,11852.7142707162,19600.0,-500.0,-0.0255102,11821.6862228871,12225.0508446654,11821.6862228871,273077.0,5278913550.0,0.0,0.0,273077.0,5278913550.0,-1980.0,0.0,0.0,1980.0,-38308600.0,0.0,0.0,38308600.0
02/11/2022,12162.9947490072,20200.0,-600.0,-0.02970297,12411.21913164,12535.3313229564,12162.9947490072,337736.0,6720806800.0,0.0,0.0,337736.0,6720806800.0,26500.0,100.0,0.0,-26600.0,529005000.0,2010000.0,0.0,-531015000.0
01/11/2022,12535.3313229564,20100.0,100.0,0.00497512,12659.4435142728,12659.4435142728,12225.0508446654,282575.0,5683437650.0,0.0,0.0,282575.0,5683437650.0,10000.0,-1500.0,0.0,-8500.0,200970000.0,-29110000.0,0.0,-171860000.0
31/10/2022,12473.2752272982,20300.0,-200.0,-0.00985222,12659.4435142728,12659.4435142728,11728.6020793998,770105.0,15071112100.0,0.0,0.0,770105.0,15071112100.0,-900.0,0.0,0.0,900.0,-15940000.0,0.0,0.0,15940000.0
28/10/2022,12597.3874186146,20650.0,-350.0,-0.01694915,13062.8081360511,13062.8081360511,12597.3874186146,382355.0,7877657300.0,0.0,0.0,382355.0,7877657300.0,49920.0,-100.0,0.0,-49820.0,1032206600.0,-2085000.0,0.0,-1030121600.0
27/10/2022,12814.5837534183,19300.0,1350.0,0.06994819,12007.8545098617,12814.5837534183,12007.8545098617,1405889.0,28020238950.0,0.0,0.0,1405889.0,28020238950.0,-5000.0,2400.0,0.0,2600.0,-102150000.0,50130000.0,0.0,52020000.0
26/10/2022,11976.8264620326,19600.0,-300.0,-0.01530612,12411.21913164,12411.21913164,11976.8264620326,356646.0,7019436550.0,0.0,0.0,356646.0,7019436550.0,392.0,-492.0,-492.0,100.0,7530300.0,-9505300.0,-9505000.0,1975000.0
25/10/2022,12162.9947490072,19300.0,300.0,0.01554404,11945.7984142035,12535.3313229564,11883.7423185453,612158.0,12066453600.0,0.0,0.0,612158.0,12066453600.0,-17603.0,-100.0,0.0,17703.0,-351124000.0,-1985000.0,0.0,353109000.0
24/10/2022,11976.8264620326,20700.0,-1400.0,-0.06763285,12907.6678969056,13031.780088222,11976.8264620326,1051996.0,20921198750.0,0.0,0.0,1051996.0,20921198750.0,-30090.0,-11000.0,0.0,41090.0,-597399500.0,-224015000.0,0.0,821414500.0
21/10/2022,12845.6118012474,22250.0,-1550.0,-0.06966292,13807.4812839495,13869.5373796077,12845.6118012474,1781731.0,37362731250.0,0.0,0.0,1781731.0,37362731250.0,7000.0,-10500.0,0.0,3500.0,149970000.0,-221250000.0,0.0,71280000.0
20/10/2022,13807.4812839495,22000.0,250.0,0.01136364,13652.341044804,13900.5654274368,13342.060566513,949938.0,20791066700.0,65.0,1332500.0,950003.0,20792399200.0,-181675.0,-7000.0,0.0,188675.0,-4003770000.0,-153115000.0,0.0,4156885000.0
19/10/2022,13652.341044804,22700.0,-700.0,-0.030837,14117.7617622405,14148.7898100696,13652.341044804,549765.0,12256734150.0,0.0,0.0,549765.0,12256734150.0,800.0,-2000.0,-100.0,1200.0,18100000.0,-43990000.0,-2220000.0,25890000.0
18/10/2022,14086.7337144114,22950.0,-250.0,-0.01089325,14521.1263840188,14521.1263840188,13776.4532361204,816682.0,18705401000.0,0.0,0.0,816682.0,18705401000.0,26900.0,100.0,0.0,-27000.0,619255000.0,2225000.0,0.0,-621480000.0
17/10/2022,14241.8739535569,22600.0,350.0,0.01548673,13838.5093317786,14552.1544318479,13838.5093317786,575462.0,13096253000.0,0.0,0.0,575462.0,13096253000.0,15403.0,0.0,0.0,-15403.0,345639450.0,0.0,0.0,-345639450.0
14/10/2022,14024.6776187532,22800.0,-200.0,-0.00877193,14552.1544318479,14769.3507666516,13838.5093317786,2927986.0,68080530100.0,0.0,0.0,2927986.0,68080530100.0,53500.0,-15300.0,0.0,-38200.0,1232090000.0,-346180000.0,0.0,-885910000.0
13/10/2022,14148.7898100696,22000.0,800.0,0.03636364,13683.3690926331,14272.902001386,13652.341044804,500096.0,11202709450.0,0.0,0.0,500096.0,11202709450.0,11575.0,10300.0,0.0,-21875.0,250980000.0,233630000.0,0.0,-484610000.0
12/10/2022,13652.341044804,22050.0,-50.0,-0.00226757,13931.5934752659,14210.8459057278,13652.341044804,906426.0,20315977400.0,0.0,0.0,906426.0,20315977400.0,-9600.0,-5600.0,0.0,15200.0,-217570000.0,-127140000.0,0.0,344710000.0
11/10/2022,13683.3690926331,22050.0,0.0,0.0,14272.902001386,14334.9580970442,13342.060566513,1446344.0,32316435400.0,0.0,0.0,1446344.0,32316435400.0,58187.0,-22900.0,-200.0,-35287.0,1303995500.0,-509180000.0,-4550000.0,-794815500.0
10/10/2022,13683.3690926331,20650.0,1400.0,0.06779661,12969.7239925638,13683.3690926331,12814.5837534183,738592.0,15995839250.0,0.0,0.0,738592.0,15995839250.0,2900.0,-6400.0,0.0,3500.0,57000000.0,-139750000.0,0.0,82750000.0
07/10/2022,12814.5837534183,20000.0,650.0,0.0325,12131.9667011781,13280.0044708548,12131.9667011781,1320512.0,26856324950.0,0.0,0.0,1320512.0,26856324950.0,-90136.0,45200.0,0.0,44936.0,-1831480100.0,919315000.0,0.0,912165100.0
06/10/2022,12411.21913164,20250.0,-250.0,-0.01234568,12659.4435142728,13000.7520403929,12411.21913164,840236.0,17289091400.0,0.0,0.0,840236.0,17289091400.0,-2100.0,15300.0,0.0,-13200.0,-46060000.0,312270000.0,0.0,-266210000.0
05/10/2022,12566.3593707855,18950.0,1300.0,0.06860158,11976.8264620326,12566.3593707855,11976.8264620326,697938.0,13953976950.0,0.0,0.0,697938.0,13953976950.0,13600.0,-2200.0,0.0,-11400.0,270860000.0,-43000000.0,0.0,-227860000.0
04/10/2022,11759.6301272289,20100.0,-1150.0,-0.05721393,12659.4435142728,12721.499609931,11759.6301272289,1104914.0,21590368050.0,0.0,0.0,1104914.0,21590368050.0,25480.0,-7600.0,0.0,-17880.0,503055000.0,-147330000.0,0.0,-355725000.0
03/10/2022,12473.2752272982,21600.0,-1500.0,-0.06944444,13776.4532361204,13776.4532361204,12473.2752272982,610782.0,12687091500.0,0.0,0.0,610782.0,12687091500.0,36354.0,46.0,0.0,-36400.0,776983000.0,1332000.0,0.0,-778315000.0
30/09/2022,13404.1166621712,20950.0,650.0,0.03102625,13000.7520403929,13404.1166621712,12100.938653349,1224270.0,24693942800.0,0.0,0.0,1224270.0,24693942800.0,-15600.0,2600.0,-100.0,13000.0,-288895000.0,58175000.0,-2160000.0,230720000.0
29/09/2022,13000.7520403929,22500.0,-1550.0,-0.06888889,14117.7617622405,14272.902001386,13000.7520403929,492406.0,10846877850.0,0.0,0.0,492406.0,10846877850.0,31500.0,0.0,0.0,-31500.0,722210000.0,0.0,0.0,-722210000.0
28/09/2022,13962.621523095,22900.0,-400.0,-0.01746725,14303.9300492151,14365.9861448733,13714.3971404622,840033.0,19139919750.0,0.0,0.0,840033.0,19139919750.0,22195.0,-3095.0,0.0,-19100.0,503896300.0,-69396300.0,0.0,-434500000.0
27/09/2022,14210.8459057278,22000.0,900.0,0.04090909,13900.5654274368,14397.0141927024,13528.2288534876,969364.0,22080893200.0,0.0,0.0,969364.0,22080893200.0,6840.0,-10400.0,-100.0,3600.0,153027000.0,-237350000.0,-2290000.0,85215000.0
26/09/2022,13652.341044804,22450.0,-450.0,-0.02004454,13435.1447100003,13869.5373796077,13186.9203273675,1074113.0,23191805600.0,0.0,0.0,1074113.0,23191805600.0,-106252.0,282.0,-18.0,105900.0,-2313859601.0,6281600.0,-383000.0,2306045000.0
23/09/2022,13931.5934752659,22050.0,400.0,0.01814059,13807.4812839495,14148.7898100696,13683.3690926331,737784.0,16566997650.0,0.0,0.0,737784.0,16566997650.0,-170847.0,147.0,-53.0,170700.0,-3842784000.0,3649000.0,-1166000.0,3839135000.0
22/09/2022,13683.3690926331,21650.0,400.0,0.01847575,13311.0325186839,13900.5654274368,13155.8922795384,412597.0,9004443200.0,0.0,0.0,412597.0,9004443200.0,-12100.0,-200.0,0.0,12300.0,-264055000.0,-4350000.0,0.0,268405000.0
21/09/2022,13435.1447100003,22000.0,-350.0,-0.01590909,13280.0044708548,13621.3129969749,13280.0044708548,458598.0,9955213900.0,0.0,0.0,458598.0,9955213900.0,98703.0,-119203.0,0.0,20500.0,2145804200.0,-2590924200.0,0.0,445120000.0
20/09/2022,13652.341044804,21300.0,700.0,0.03286385,13217.9483751966,13652.341044804,13217.9483751966,608449.0,13128218500.0,0.0,0.0,608449.0,13128218500.0,-27551.0,-790.0,0.0,28400.0,-596790800.0,-16990500.0,0.0,615040000.0
19/09/2022,13217.9483751966,22600.0,-1300.0,-0.05752212,13962.621523095,13993.6495709241,13062.8081360511,1697893.0,36379848450.0,0.0,0.0,1697893.0,36379848450.0,19316.0,-8099.0,0.0,-11200.0,428066750.0,-180574950.0,0.0,-247110000.0
16/09/2022,14024.6776187532,23600.0,-1000.0,-0.04237288,14583.182479677,14645.2385753352,14024.6776187532,1111983.0,25574593700.0,0.0,0.0,1111983.0,25574593700.0,-2131.0,-1044.0,0.0,3200.0,-45701950.0,-25049950.0,0.0,71290000.0
15/09/2022,14645.2385753352,23100.0,500.0,0.02164502,14334.9580970442,14893.462957968,14334.9580970442,663955.0,15722682700.0,0.0,0.0,663955.0,15722682700.0,-6657.0,9487.0,0.0,-2900.0,-158245200.0,225325200.0,0.0,-68690000.0
14/09/2022,14334.9580970442,23450.0,-350.0,-0.01492537,14086.7337144114,14583.182479677,14055.7056665823,1058318.0,24226071100.0,0.0,0.0,1058318.0,24226071100.0,-77630.0,9430.0,0.0,68200.0,-1773626000.0,214691000.0,0.0,1558935000.0
13/09/2022,14552.1544318479,23650.0,-200.0,-0.00845666,14707.2946709934,14800.3788144807,14334.9580970442,425304.0,9943248850.0,0.0,0.0,425304.0,9943248850.0,4824.0,-6175.0,0.0,1200.0,115425650.0,-144572250.0,0.0,25630000.0
12/09/2022,14676.2666231643,23500.0,150.0,0.00638298,14583.182479677,15017.5751492844,14521.1263840188,627917.0,14910916850.0,0.0,0.0,627917.0,14910916850.0,-3943.0,-1505.0,0.0,5700.0,-94957100.0,-35603900.0,0.0,136345000.0
09/09/2022,14583.182479677,22550.0,950.0,0.0421286,13993.6495709241,14645.2385753352,13993.6495709241,657200.0,15009410000.0,0.0,0.0,657200.0,15009410000.0,-94400.0,-200.0,0.0,94600.0,-2151135000.0,-4550000.0,0.0,2155685000.0
08/09/2022,13993.6495709241,23400.0,-850.0,-0.03632479,14614.2105275061,14645.2385753352,13776.4532361204,1369200.0,31113035000.0,0.0,0.0,1369200.0,31113035000.0,-3500.0,4800.0,0.0,-1300.0,-77790000.0,108945000.0,0.0,-31155000.0
07/09/2022,14521.1263840188,25150.0,-1750.0,-0.0695825,15514.02391455,15576.0800102082,14521.1263840188,2871000.0,69490090000.0,0.0,0.0,2871000.0,69490090000.0,-4000.0,1900.0,0.0,2100.0,-92525000.0,46130000.0,0.0,46395000.0
06/09/2022,15607.1080580373,25850.0,-700.0,-0.0270793,15948.4165841574,16320.7531581066,15607.1080580373,719600.0,18442090000.0,0.0,0.0,719600.0,18442090000.0,12600.0,100.0,0.0,-12700.0,324755000.0,2595000.0,0.0,-327350000.0
05/09/2022,16041.5007276447,25850.0,0.0,0.0,15886.3604884992,16444.865349423,15731.2202493537,751500.0,19419125000.0,0.0,0.0,751500.0,19419125000.0,4400.0,-3400.0,0.0,-1000.0,116220000.0,-86905000.0,0.0,-29315000.0
31/08/2022,16041.5007276447,25600.0,250.0,0.00976563,15700.1922015246,16258.6970624484,15576.0800102082,737600.0,18896745000.0,0.0,0.0,737600.0,18896745000.0,20400.0,-20300.0,0.0,-100.0,525755000.0,-523250000.0,0.0,-2505000.0
30/08/2022,15886.3604884992,26000.0,-400.0,-0.01538462,16134.584871132,16444.865349423,15762.2482971828,698500.0,18004690000.0,0.0,0.0,698500.0,18004690000.0,-4300.0,-1600.0,0.0,5900.0,-111970000.0,-40655000.0,0.0,152625000.0
29/08/2022,16134.584871132,24500.0,1500.0,0.06122449,14831.4068623098,16134.584871132,14645.2385753352,2202600.0,55115915000.0,0.0,0.0,2202600.0,55115915000.0,-210200.0,48000.0,0.0,162200.0,-5264840000.0,1199435000.0,0.0,4065405000.0
26/08/2022,15203.743436259,25100.0,-600.0,-0.02390438,15514.02391455,15576.0800102082,14800.3788144807,1146100.0,28143130000.0,0.0,0.0,1146100.0,28143130000.0,10800.0,5300.0,0.0,-16100.0,266885000.0,129480000.0,0.0,-396365000.0
25/08/2022,15576.0800102082,24550.0,550.0,0.02240326,15141.6873406008,16134.584871132,14924.4910057971,1721200.0,42860700000.0,0.0,0.0,1721200.0,42860700000.0,36000.0,-98700.0,0.0,62700.0,870415000.0,-2397490000.0,0.0,1527075000.0
24/08/2022,15234.7714840881,24200.0,350.0,0.01446281,15172.7153884299,15420.9397710627,15017.5751492844,835200.0,20399980000.0,0.0,0.0,835200.0,20399980000.0,-197300.0,80100.0,0.0,117200.0,-4807225000.0,1953625000.0,0.0,2853600000.0
23/08/2022,15017.5751492844,22650.0,1550.0,0.06843267,13931.5934752659,15017.5751492844,13931.5934752659,1968400.0,46841735000.0,0.0,0.0,1968400.0,46841735000.0,28300.0,-23600.0,0.0,-4700.0,698905000.0,-563145000.0,0.0,-135760000.0
22/08/2022,14055.7056665823,22350.0,300.0,0.01342282,13714.3971404622,14117.7617622405,13714.3971404622,685000.0,15438515000.0,0.0,0.0,685000.0,15438515000.0,21900.0,-7300.0,0.0,-14600.0,491585000.0,-164365000.0,0.0,-327220000.0
19/08/2022,13869.5373796077,21700.0,650.0,0.02995392,13528.2288534876,14148.7898100696,13466.1727578294,702400.0,15635940000.0,0.0,0.0,702400.0,15635940000.0,35600.0,0.0,0.0,-35600.0,793555000.0,0.0,0.0,-793555000.0
18/08/2022,13466.1727578294,22050.0,-350.0,-0.01587302,13652.341044804,13714.3971404622,13062.8081360511,862900.0,18707230000.0,0.0,0.0,862900.0,18707230000.0,-1600.0,-4000.0,0.0,5600.0,-33235000.0,-87420000.0,0.0,120655000.0
17/08/2022,13683.3690926331,22450.0,-400.0,-0.01781737,13993.6495709241,14148.7898100696,13652.341044804,728000.0,16288815000.0,0.0,0.0,728000.0,16288815000.0,6400.0,-9900.0,0.0,3500.0,142960000.0,-220785000.0,0.0,77825000.0
16/08/2022,13931.5934752659,22950.0,-500.0,-0.02178649,14241.8739535569,14241.8739535569,13838.5093317786,649400.0,14639660000.0,0.0,0.0,649400.0,14639660000.0,-6300.0,-1200.0,0.0,7500.0,-141890000.0,-27115000.0,0.0,169005000.0
15/08/2022,14241.8739535569,22750.0,200.0,0.00879121,14397.0141927024,14428.0422405315,14148.7898100696,710200.0,16339630000.0,0.0,0.0,710200.0,16339630000.0,5900.0,1500.0,0.0,-7400.0,136735000.0,34590000.0,0.0,-171325000.0
12/08/2022,14117.7617622405,22350.0,400.0,0.01789709,13838.5093317786,14459.0702883606,13745.4251882913,874900.0,19884620000.0,0.0,0.0,874900.0,19884620000.0,-8000.0,-3900.0,0.0,11900.0,-182240000.0,-85395000.0,0.0,267635000.0
11/08/2022,13869.5373796077,22700.0,-350.0,-0.0154185,14397.0141927024,14583.182479677,13776.4532361204,733800.0,16702650000.0,0.0,0.0,733800.0,16702650000.0,-38000.0,36200.0,0.0,1800.0,-855910000.0,813605000.0,0.0,42305000.0
10/08/2022,14086.7337144114,22250.0,450.0,0.02022472,13714.3971404622,14645.2385753352,13714.3971404622,1020800.0,23364530000.0,0.0,0.0,1020800.0,23364530000.0,20900.0,-3200.0,0.0,-17700.0,477065000.0,-71825000.0,0.0,-405240000.0
09/08/2022,13807.4812839495,22550.0,-300.0,-0.01330377,13993.6495709241,14086.7337144114,13714.3971404622,627700.0,14089170000.0,0.0,0.0,627700.0,14089170000.0,-8500.0,1400.0,0.0,7100.0,-190510000.0,31440000.0,0.0,159070000.0
08/08/2022,13993.6495709241,22150.0,400.0,0.01805869,13838.5093317786,14086.7337144114,13652.341044804,640700.0,14281250000.0,0.0,0.0,640700.0,14281250000.0,-44900.0,-2400.0,0.0,47300.0,-998550000.0,-52900000.0,0.0,1051450000.0
05/08/2022,13745.4251882913,22000.0,150.0,0.00681818,13466.1727578294,14210.8459057278,13466.1727578294,826100.0,18444650000.0,0.0,0.0,826100.0,18444650000.0,-7700.0,-11000.0,0.0,18700.0,-170415000.0,-242665000.0,0.0,413080000.0
04/08/2022,13652.341044804,22150.0,-150.0,-0.00677201,13931.5934752659,14117.7617622405,13528.2288534876,607200.0,13436425000.0,0.0,0.0,607200.0,13436425000.0,-15400.0,0.0,0.0,15400.0,-337585000.0,295000.0,0.0,337290000.0
03/08/2022,13745.4251882913,22500.0,-350.0,-0.01555556,13652.341044804,13962.621523095,13497.2008056585,947300.0,20865130000.0,0.0,0.0,947300.0,20865130000.0,493400.0,-499900.0,0.0,6500.0,10861500000.0,-11002115000.0,0.0,140615000.0
02/08/2022,13962.621523095,21100.0,1400.0,0.06635071,13000.7520403929,13962.621523095,12814.5837534183,1442800.0,31317205000.0,0.0,0.0,1442800.0,31317205000.0,136500.0,-135000.0,0.0,-1500.0,3002850000.0,-2958580000.0,0.0,-44270000.0
01/08/2022,13093.8361838802,21150.0,-50.0,-0.00236407,13342.060566513,13559.2569013167,12907.6678969056,882100.0,18806930000.0,0.0,0.0,882100.0,18806930000.0,90300.0,-26100.0,0.0,-64200.0,1894205000.0,-547760000.0,0.0,-1346445000.0
29/07/2022,13124.8642317093,21150.0,0.0,0.0,13217.9483751966,13559.2569013167,12845.6118012474,776600.0,16421760000.0,0.0,0.0,776600.0,16421760000.0,-6600.0,-14100.0,0.0,20700.0,-142935000.0,-295335000.0,0.0,438270000.0
28/07/2022,13124.8642317093,21450.0,-300.0,-0.01398601,13652.341044804,13652.341044804,13093.8361838802,1060000.0,22811285000.0,0.0,0.0,1060000.0,22811285000.0,-10600.0,29200.0,0.0,-18600.0,-224640000.0,628250000.0,0.0,-403610000.0
27/07/2022,13311.0325186839,20550.0,900.0,0.04379562,12938.6959447347,13404.1166621712,12473.2752272982,727700.0,15167780000.0,0.0,0.0,727700.0,15167780000.0,-18200.0,20500.0,0.0,-2300.0,-385295000.0,439040000.0,0.0,-53745000.0
26/07/2022,12752.5276577601,20150.0,400.0,0.01985112,12783.5557055892,13155.8922795384,12721.499609931,874400.0,18125660000.0,0.0,0.0,874400.0,18125660000.0,56800.0,-10000.0,0.0,-46800.0,1176145000.0,-203110000.0,0.0,-973035000.0
25/07/2022,12504.3032751273,18850.0,1300.0,0.06896552,11697.5740315707,12504.3032751273,11666.5459837416,1557100.0,31032830000.0,0.0,0.0,1557100.0,31032830000.0,64900.0,-83000.0,0.0,18100.0,1311220000.0,-1672720000.0,0.0,361500000.0
22/07/2022,11697.5740315707,18800.0,50.0,0.00265957,11790.658175058,12162.9947490072,11666.5459837416,709600.0,13645725000.0,0.0,0.0,709600.0,13645725000.0,37100.0,-11000.0,0.0,-26100.0,716270000.0,-213655000.0,0.0,-502615000.0
21/07/2022,11666.5459837416,21900.0,-3100.0,-0.14155251,12007.8545098617,12007.8545098617,11604.4898880834,398700.0,7585355000.0,0.0,0.0,398700.0,7585355000.0,55300.0,10900.0,0.0,-66200.0,1046465000.0,209100000.0,0.0,-1255565000.0
20/07/2022,11547.6651212892,21200.0,700.0,0.03301887,11363.1133956065,11547.6651212892,11231.2907344046,1310500.0,28228410000.0,0.0,0.0,1310500.0,28228410000.0,-35400.0,20600.0,0.0,14800.0,-764665000.0,445040000.0,0.0,319625000.0
19/07/2022,11178.5616699238,21500.0,-300.0,-0.01395349,11204.9262021642,11600.39418577,11046.7390087218,599900.0,12888015000.0,0.0,0.0,599900.0,12888015000.0,82300.0,-800.0,0.0,-81500.0,1763765000.0,-17485000.0,0.0,-1746280000.0
18/07/2022,11336.7488633661,22350.0,-850.0,-0.03803132,11890.4040404142,12022.2267016161,11231.2907344046,885200.0,19604980000.0,0.0,0.0,885200.0,19604980000.0,-151400.0,148500.0,0.0,2900.0,-3389745000.0,3322040000.0,0.0,67705000.0
15/07/2022,11784.9459114527,22300.0,50.0,0.00224215,11653.1232502507,12364.9656207412,11600.39418577,1100300.0,24937105000.0,0.0,0.0,1100300.0,24937105000.0,-193200.0,197200.0,0.0,-4000.0,-4398845000.0,4489350000.0,0.0,-90505000.0
14/07/2022,11758.5813792123,22300.0,0.0,0.0,11600.39418577,12233.1429595392,11600.39418577,530000.0,11917855000.0,0.0,0.0,530000.0,11917855000.0,-28100.0,51300.0,-200.0,-23200.0,-619225000.0,1139140000.0,-4460000.0,-519915000.0
13/07/2022,11758.5813792123,21650.0,650.0,0.03002309,12206.7784272988,12206.7784272988,11758.5813792123,1263000.0,29023255000.0,0.0,0.0,1263000.0,29023255000.0,-110800.0,140300.0,0.0,-29500.0,-2549165000.0,3224195000.0,0.0,-675030000.0
12/07/2022,11415.8424600873,20250.0,1400.0,0.0691358,11415.8424600873,11415.8424600873,11415.8424600873,709600.0,15362840000.0,0.0,0.0,709600.0,15362840000.0,29400.0,-7300.0,0.0,-22100.0,636510000.0,-158045000.0,0.0,-478465000.0
11/07/2022,10677.6355573564,19600.0,650.0,0.03316327,10387.6257027122,10809.4582185584,10203.0739770295,466200.0,9380270000.0,0.0,0.0,466200.0,9380270000.0,-7400.0,37000.0,0.0,-29600.0,-144465000.0,741100000.0,0.0,-596635000.0
08/07/2022,10334.8966382314,18800.0,800.0,0.04255319,10150.3449125487,10493.0838316737,10071.2513158276,189600.0,3673720000.0,0.0,0.0,189600.0,3673720000.0,-29700.0,22000.0,0.0,7700.0,-572065000.0,423500000.0,0.0,148565000.0
07/07/2022,9913.0641223852,18800.0,0.0,0.0,9807.6059934237,10018.5222513468,9754.8769289429,166300.0,3123600000.0,0.0,0.0,166300.0,3123600000.0,-22700.0,0.0,-100.0,22700.0,-428150000.0,25000.0,-1865000.0,428125000.0
06/07/2022,9913.0641223852,19600.0,-800.0,-0.04081633,10229.4385092699,10282.1675737506,9860.3350579045,179000.0,3428085000.0,0.0,0.0,179000.0,3428085000.0,-27900.0,25900.0,0.0,2000.0,-532690000.0,494415000.0,0.0,38275000.0
05/07/2022,10334.8966382314,19900.0,-300.0,-0.01507538,10493.0838316737,10545.8128961545,10071.2513158276,219000.0,4274685000.0,0.0,0.0,219000.0,4274685000.0,30200.0,-1200.0,-1100.0,-29000.0,595330000.0,-23465000.0,-21505000.0,-571865000.0
04/07/2022,10493.0838316737,19550.0,350.0,0.01790281,10334.8966382314,10598.5419606353,10334.8966382314,191500.0,3801890000.0,0.0,0.0,191500.0,3801890000.0,900.0,-2900.0,0.0,2000.0,17960000.0,-57810000.0,0.0,39850000.0
01/07/2022,10308.532105991,19400.0,150.0,0.00773196,10229.4385092699,10361.2611704718,9649.4187999814,270700.0,5104050000.0,0.0,0.0,270700.0,5104050000.0,-36000.0,19200.0,0.0,16800.0,-678135000.0,356880000.0,0.0,321255000.0
30/06/2022,10229.4385092699,19900.0,-500.0,-0.02512563,10440.354767193,10756.7291540776,10229.4385092699,244800.0,4845710000.0,0.0,0.0,244800.0,4845710000.0,-27500.0,39000.0,0.0,-11500.0,-537910000.0,763620000.0,0.0,-225710000.0
29/06/2022,10493.0838316737,19800.0,100.0,0.00505051,10334.8966382314,10651.2710251161,10308.532105991,339000.0,6761815000.0,0.0,0.0,339000.0,6761815000.0,-53300.0,48700.0,0.0,4600.0,-1060285000.0,969560000.0,0.0,90725000.0
28/06/2022,10440.354767193,19500.0,300.0,0.01538462,10413.9902349526,10651.2710251161,10282.1675737506,439900.0,8699325000.0,0.0,0.0,439900.0,8699325000.0,106300.0,200.0,0.0,-106500.0,2105345000.0,3970000.0,0.0,-2109315000.0
27/06/2022,10282.1675737506,18850.0,650.0,0.03448276,10018.5222513468,10282.1675737506,9675.7833322218,202000.0,3875000000.0,0.0,0.0,202000.0,3875000000.0,-11900.0,0.0,-100.0,11900.0,-228120000.0,55000.0,-1885000.0,228065000.0
24/06/2022,9939.4286546256,19300.0,-450.0,-0.02331606,10150.3449125487,10255.8030415103,9939.4286546256,130500.0,2493145000.0,0.0,0.0,130500.0,2493145000.0,5100.0,700.0,0.0,-5800.0,97250000.0,13515000.0,0.0,-110765000.0
23/06/2022,10176.7094447891,18600.0,700.0,0.03763441,9807.6059934237,10176.7094447891,9412.1380098179,217100.0,4056675000.0,0.0,0.0,217100.0,4056675000.0,28600.0,-100.0,0.0,-28500.0,535895000.0,-1665000.0,0.0,-534230000.0
22/06/2022,9807.6059934237,17950.0,650.0,0.0362117,9649.4187999814,9860.3350579045,9491.2316065391,246200.0,4533950000.0,0.0,0.0,246200.0,4533950000.0,4000.0,9700.0,0.0,-13700.0,75555000.0,179315000.0,0.0,-254870000.0
21/06/2022,9464.8670742987,17100.0,850.0,0.0497076,8700.2956393275,9570.3252032602,8542.1084458852,677800.0,11842705000.0,0.0,0.0,677800.0,11842705000.0,-27600.0,0.0,0.0,27600.0,-473455000.0,-200000.0,0.0,473655000.0
20/06/2022,9016.6700262121,18350.0,-1250.0,-0.06811989,9807.6059934237,9807.6059934237,9016.6700262121,637700.0,11007615000.0,0.0,0.0,637700.0,11007615000.0,28000.0,17700.0,0.0,-45700.0,491065000.0,318630000.0,0.0,-809695000.0
17/06/2022,9675.7833322218,19700.0,-1350.0,-0.06852792,9860.3350579045,10018.5222513468,9675.7833322218,496400.0,9154840000.0,0.0,0.0,496400.0,9154840000.0,-71200.0,24300.0,0.0,46900.0,-1313035000.0,447225000.0,0.0,865810000.0
16/06/2022,10387.6257027122,18950.0,750.0,0.03957784,10545.8128961545,10545.8128961545,10176.7094447891,329200.0,6471015000.0,0.0,0.0,329200.0,6471015000.0,-11000.0,100.0,0.0,10900.0,-215845000.0,1940000.0,0.0,213905000.0
15/06/2022,9992.1577191064,20350.0,-1400.0,-0.06879607,10756.7291540776,10862.1872830391,9992.1577191064,970800.0,18602655000.0,0.0,0.0,970800.0,18602655000.0,700.0,6800.0,0.0,-7500.0,25005000.0,130040000.0,0.0,-155045000.0
14/06/2022,10730.3646218372,21300.0,-950.0,-0.04460094,10677.6355573564,11231.2907344046,10493.0838316737,544100.0,11237835000.0,0.0,0.0,544100.0,11237835000.0,9200.0,100.0,0.0,-9300.0,188790000.0,2190000.0,0.0,-190980000.0
13/06/2022,11231.2907344046,22850.0,-1550.0,-0.0678337,11389.4779278469,11837.6749759334,11231.2907344046,454000.0,9807510000.0,0.0,0.0,454000.0,9807510000.0,4600.0,8800.0,0.0,-13400.0,104625000.0,189190000.0,0.0,-293815000.0
10/06/2022,12048.5912338565,22650.0,200.0,0.00883002,11943.133104895,12654.9754753854,11837.6749759334,845800.0,19739935000.0,0.0,0.0,845800.0,19739935000.0,33900.0,-1500.0,0.0,-32400.0,805170000.0,-35860000.0,0.0,-769310000.0
09/06/2022,11943.133104895,21950.0,700.0,0.03189066,11574.0296535296,12022.2267016161,11494.9360568084,297500.0,6685145000.0,0.0,0.0,297500.0,6685145000.0,-14100.0,-2400.0,0.0,16500.0,-316135000.0,-53995000.0,0.0,370130000.0
08/06/2022,11574.0296535296,21400.0,550.0,0.02570093,11336.7488633661,11784.9459114527,11336.7488633661,274000.0,6034480000.0,0.0,0.0,274000.0,6034480000.0,-42000.0,-300.0,0.0,42300.0,-924365000.0,-6510000.0,0.0,930875000.0
07/06/2022,11284.0197988853,22000.0,-600.0,-0.02727273,11547.6651212892,11600.39418577,10809.4582185584,562000.0,11815225000.0,0.0,0.0,562000.0,11815225000.0,-300.0,-17100.0,0.0,17400.0,-7315000.0,-355335000.0,0.0,362650000.0
06/06/2022,11600.39418577,22650.0,-650.0,-0.02869757,11784.9459114527,12074.9557660969,11600.39418577,406200.0,9144690000.0,0.0,0.0,406200.0,9144690000.0,23300.0,-17200.0,0.0,-6100.0,520120000.0,-383500000.0,0.0,-136620000.0
03/06/2022,11943.133104895,22800.0,-150.0,-0.00657895,12074.9557660969,12127.6848305777,11705.8523147315,294500.0,6674685000.0,0.0,0.0,294500.0,6674685000.0,13100.0,-300.0,0.0,-12800.0,293755000.0,-6730000.0,0.0,-287025000.0
02/06/2022,12022.2267016161,22300.0,500.0,0.02242152,11864.0395081738,12206.7784272988,11732.2168469719,765000.0,17404400000.0,0.0,0.0,765000.0,17404400000.0,4600.0,6900.0,0.0,-11500.0,98425000.0,158090000.0,0.0,-256515000.0
01/06/2022,11758.5813792123,22300.0,0.0,0.0,11758.5813792123,12074.9557660969,11574.0296535296,363500.0,8098810000.0,0.0,0.0,363500.0,8098810000.0,2500.0,13500.0,0.0,-16000.0,45380000.0,309140000.0,0.0,-354520000.0
31/05/2022,11758.5813792123,22300.0,0.0,0.0,11600.39418577,11995.8621693758,11600.39418577,508300.0,11363245000.0,0.0,0.0,508300.0,11363245000.0,2200.0,0.0,0.0,-2200.0,50085000.0,35000.0,0.0,-50120000.0
30/05/2022,11758.5813792123,22400.0,-100.0,-0.00446429,11811.310443693,11864.0395081738,11494.9360568084,389500.0,8622005000.0,0.0,0.0,389500.0,8622005000.0,18000.0,-900.0,-200.0,-17100.0,398920000.0,-19755000.0,-4390000.0,-379165000.0
27/05/2022,11811.310443693,22400.0,0.0,0.0,11811.310443693,12101.3202983373,11600.39418577,573300.0,12938795000.0,0.0,0.0,573300.0,12938795000.0,29700.0,-300.0,0.0,-29400.0,667480000.0,-6690000.0,0.0,-660790000.0
26/05/2022,11811.310443693,21950.0,450.0,0.02050114,11653.1232502507,12074.9557660969,11204.9262021642,748900.0,16559120000.0,0.0,0.0,748900.0,16559120000.0,55300.0,600.0,0.0,-55900.0,1230460000.0,12960000.0,0.0,-1243420000.0
25/05/2022,11574.0296535296,20650.0,1300.0,0.062954,10914.9163475199,11626.7587180103,10914.9163475199,646000.0,13813320000.0,0.0,0.0,646000.0,13813320000.0,-42900.0,48600.0,0.0,-5700.0,-891350000.0,1019610000.0,0.0,-128260000.0
24/05/2022,10888.5518152795,20850.0,-200.0,-0.00959233,10704.0000895968,10967.6454120007,10387.6257027122,542500.0,11093260000.0,0.0,0.0,542500.0,11093260000.0,11000.0,-4800.0,0.0,-6200.0,220795000.0,-94620000.0,0.0,-126175000.0
23/05/2022,10994.0099442411,20200.0,650.0,0.03217822,10809.4582185584,11046.7390087218,10704.0000895968,868100.0,17961250000.0,0.0,0.0,868100.0,17961250000.0,67800.0,-59800.0,0.0,-8000.0,1397550000.0,-1234590000.0,0.0,-162960000.0
20/05/2022,10651.2710251161,18900.0,1300.0,0.06878307,9965.793186866,10651.2710251161,9965.793186866,897300.0,17885980000.0,0.0,0.0,897300.0,17885980000.0,-69200.0,-1200.0,0.0,70400.0,-1370675000.0,-23595000.0,0.0,1394270000.0
19/05/2022,9965.793186866,18900.0,0.0,0.0,9491.2316065391,10150.3449125487,9491.2316065391,767800.0,14443945000.0,0.0,0.0,767800.0,14443945000.0,69600.0,3000.0,0.0,-72600.0,1325200000.0,57920000.0,0.0,-1383120000.0
18/05/2022,9965.793186866,19000.0,-100.0,-0.00526316,10071.2513158276,10493.0838316737,9965.793186866,865000.0,16642995000.0,0.0,0.0,865000.0,16642995000.0,249700.0,-1700.0,0.0,-248000.0,4812735000.0,-32990000.0,0.0,-4779745000.0
17/05/2022,10018.5222513468,17800.0,1200.0,0.06741573,9122.1281551736,10018.5222513468,8858.4828327698,558600.0,10111770000.0,0.0,0.0,558600.0,10111770000.0,-12300.0,6300.0,0.0,6000.0,-180560000.0,108000000.0,0.0,72560000.0
16/05/2022,9385.7734775775,18600.0,-800.0,-0.04301075,10282.1675737506,10493.0838316737,9280.315348616,836700.0,15522600000.0,0.0,0.0,836700.0,15522600000.0,74600.0,26100.0,0.0,-100700.0,1351640000.0,462580000.0,0.0,-1814220000.0
13/05/2022,9807.6059934237,19950.0,-1350.0,-0.06766917,10545.8128961545,10572.1774283949,9807.6059934237,866100.0,16338810000.0,0.0,0.0,866100.0,16338810000.0,16000.0,-13100.0,0.0,-2900.0,288210000.0,-244790000.0,0.0,-43420000.0
12/05/2022,10519.4483639141,21400.0,-1450.0,-0.06775701,11125.832605443,11811.310443693,10519.4483639141,705900.0,14678520000.0,0.0,0.0,705900.0,14678520000.0,80800.0,500.0,0.0,-81300.0,1738965000.0,9930000.0,0.0,-1748895000.0
11/05/2022,11284.0197988853,21600.0,-200.0,-0.00925926,11705.8523147315,11705.8523147315,10967.6454120007,600200.0,12883155000.0,0.0,0.0,600200.0,12883155000.0,35200.0,29900.0,0.0,-65100.0,754335000.0,653615000.0,0.0,-1407950000.0
10/05/2022,11389.4779278469,22900.0,-1300.0,-0.05676856,11231.2907344046,12233.1429595392,11231.2907344046,1025700.0,22233215000.0,0.0,0.0,1025700.0,22233215000.0,-81000.0,49200.0,0.0,31800.0,-1755660000.0,1078505000.0,0.0,677155000.0
09/05/2022,12074.9557660969,24600.0,-1700.0,-0.06910569,12707.7045398662,12760.433604347,12074.9557660969,548400.0,12708960000.0,0.0,0.0,548400.0,12708960000.0,-39600.0,18500.0,0.0,21100.0,-905175000.0,423850000.0,0.0,481325000.0
06/05/2022,12971.34986227,25200.0,-600.0,-0.02380952,12918.6207977893,13709.5567650009,12892.2562655489,575000.0,14528425000.0,0.0,0.0,575000.0,14528425000.0,39800.0,-1400.0,0.0,-38400.0,1005935000.0,-35740000.0,0.0,-970195000.0
05/05/2022,13287.7242491547,26750.0,-1550.0,-0.05794393,14105.0247486067,14184.1183453278,13234.9951846739,678300.0,17494800000.0,0.0,0.0,678300.0,17494800000.0,137100.0,-400.0,0.0,-136700.0,3573485000.0,-11140000.0,0.0,-3562345000.0
04/05/2022,14105.0247486067,26500.0,250.0,0.00943396,13973.2020874047,14395.0346032509,13709.5567650009,444700.0,11778670000.0,0.0,0.0,444700.0,11778670000.0,109600.0,-9400.0,0.0,-100200.0,2898895000.0,-248060000.0,0.0,-2650835000.0
29/04/2022,13973.2020874047,24950.0,1550.0,0.06212425,12918.6207977893,13973.2020874047,12918.6207977893,722900.0,18592110000.0,0.0,0.0,722900.0,18592110000.0,17600.0,27500.0,0.0,-45100.0,443635000.0,698885000.0,0.0,-1142520000.0
28/04/2022,13155.9015879527,25500.0,-550.0,-0.02156863,13445.911442597,13867.7439584432,13076.8079912316,654800.0,16532970000.0,0.0,0.0,654800.0,16532970000.0,48000.0,35000.0,0.0,-83000.0,1210345000.0,885325000.0,0.0,-2095670000.0
27/04/2022,13445.911442597,24900.0,600.0,0.02409639,13103.172523472,13445.911442597,12654.9754753854,543500.0,13460080000.0,0.0,0.0,543500.0,13460080000.0,122300.0,60700.0,0.0,-183000.0,3028515000.0,1479850000.0,0.0,-4508365000.0
26/04/2022,13129.5370557124,25150.0,-250.0,-0.00994036,12654.9754753854,13182.2661201931,12338.6010885008,679200.0,16281375000.0,0.0,0.0,679200.0,16281375000.0,-40700.0,27600.0,0.0,13100.0,-970850000.0,661610000.0,0.0,309240000.0
25/04/2022,13261.3597169143,27000.0,-1850.0,-0.06851852,14052.2956841259,14447.7636677317,13261.3597169143,556000.0,14450960000.0,0.0,0.0,556000.0,14450960000.0,-110600.0,181800.0,0.0,-71200.0,-2961830000.0,4799925000.0,0.0,-1838095000.0
22/04/2022,14236.8474098086,27100.0,-100.0,-0.00369004,14236.8474098086,14764.1380546163,13815.0148939624,944100.0,25621575000.0,0.0,0.0,944100.0,25621575000.0,-6600.0,100900.0,0.0,-94300.0,-154650000.0,2732195000.0,0.0,-2577545000.0
21/04/2022,14289.5764742894,27550.0,-450.0,-0.01633394,13894.1084906836,14764.1380546163,13525.0050393182,910400.0,24135205000.0,0.0,0.0,910400.0,24135205000.0,-53000.0,42400.0,0.0,10600.0,-1381315000.0,1099845000.0,0.0,281470000.0
20/04/2022,14526.8572644528,28600.0,-1050.0,-0.03671329,14395.0346032509,15555.0740218279,14289.5764742894,1006200.0,28076705000.0,0.0,0.0,1006200.0,28076705000.0,-10400.0,-3200.0,0.0,13600.0,-267995000.0,-88175000.0,0.0,356170000.0
19/04/2022,15080.5124415009,30750.0,-2150.0,-0.0699187,15924.1774731933,16214.1873278376,15080.5124415009,1443600.0,41854720000.0,0.0,0.0,1443600.0,41854720000.0,39500.0,-5700.0,0.0,-33800.0,1147070000.0,-172025000.0,0.0,-975045000.0
18/04/2022,16214.1873278376,33050.0,-2300.0,-0.06959153,17426.9558108953,17426.9558108953,16214.1873278376,1421200.0,44393290000.0,0.0,0.0,1421200.0,44393290000.0,35500.0,-4100.0,0.0,-31400.0,1146405000.0,-136500000.0,0.0,-1009905000.0
15/04/2022,17426.9558108953,34650.0,-1600.0,-0.04617605,18270.6208425877,18718.8178906743,17426.9558108953,771600.0,26575445000.0,0.0,0.0,771600.0,26575445000.0,90700.0,-47900.0,0.0,-42800.0,3133095000.0,-1654410000.0,0.0,-1478685000.0
14/04/2022,18270.6208425877,34450.0,200.0,0.00580552,18323.3499070685,18666.0888261935,18165.1627136261,530100.0,18409335000.0,0.0,0.0,530100.0,18409335000.0,6500.0,11200.0,0.0,-17700.0,222160000.0,390405000.0,0.0,-612565000.0
13/04/2022,18165.1627136261,32200.0,2250.0,0.06987578,16978.7587628088,18165.1627136261,16820.5715693664,897800.0,29667810000.0,0.0,0.0,897800.0,29667810000.0,-28900.0,1000.0,0.0,27900.0,-920905000.0,17380000.0,0.0,903525000.0
12/04/2022,16978.7587628088,34600.0,-2400.0,-0.06936416,18191.5272458665,18824.2760196358,16978.7587628088,724000.0,24807865000.0,0.0,0.0,724000.0,24807865000.0,159300.0,-36900.0,0.0,-122400.0,5408660000.0,-1189080000.0,0.0,-4219580000.0
08/04/2022,18244.2563103473,36750.0,-2150.0,-0.0585034,19035.1922775589,19483.3893256455,18244.2563103473,1046600.0,37084905000.0,0.0,0.0,1046600.0,37084905000.0,13600.0,28100.0,0.0,-41700.0,468440000.0,1015605000.0,0.0,-1484045000.0
07/04/2022,19377.9311966839,37250.0,-500.0,-0.01342282,19852.4927770109,20168.8671638955,19377.9311966839,642100.0,23879820000.0,0.0,0.0,642100.0,23879820000.0,15600.0,33400.0,0.0,-49000.0,572490000.0,1247175000.0,0.0,-1819665000.0
06/04/2022,19641.5765190878,38300.0,-1050.0,-0.02741514,20037.0445026936,20142.5026316551,19615.2119868474,604900.0,22803510000.0,0.0,0.0,604900.0,22803510000.0,-18300.0,51200.0,0.0,-32900.0,-685320000.0,1924655000.0,0.0,-1239335000.0
05/04/2022,20195.2316961359,37100.0,1200.0,0.03234501,19615.2119868474,20300.6898250974,18982.4632130781,739400.0,27672140000.0,0.0,0.0,739400.0,27672140000.0,-49600.0,21400.0,0.0,28200.0,-1842635000.0,793045000.0,0.0,1049590000.0
04/04/2022,19562.4829223666,36500.0,600.0,0.01643836,19509.7538578858,19720.6701158089,19246.108535482,571200.0,21039565000.0,0.0,0.0,571200.0,21039565000.0,700.0,1400.0,0.0,-2100.0,25610000.0,51400000.0,0.0,-77010000.0
01/04/2022,19246.108535482,37200.0,-700.0,-0.0188172,19035.1922775589,19773.3991802897,18718.8178906743,1410700.0,51362955000.0,0.0,0.0,1410700.0,51362955000.0,-30500.0,10700.0,0.0,19800.0,-1115540000.0,389685000.0,0.0,725855000.0
31/03/2022,19615.2119868474,38550.0,-1350.0,-0.03501946,20458.8770185397,21038.8967278282,19457.0247934051,1174500.0,44656480000.0,0.0,0.0,1174500.0,44656480000.0,21900.0,1000.0,0.0,-22900.0,829480000.0,38235000.0,0.0,-867715000.0
30/03/2022,20327.0543573378,38500.0,50.0,0.0012987,20300.6898250974,20748.886873184,19720.6701158089,1125500.0,43125975000.0,0.0,0.0,1125500.0,43125975000.0,2200.0,-200.0,0.0,-2000.0,72615000.0,-8020000.0,0.0,-64595000.0
29/03/2022,20300.6898250974,39500.0,-1000.0,-0.02531646,21091.625792309,21249.8129857513,20300.6898250974,600300.0,23765365000.0,0.0,0.0,600300.0,23765365000.0,1700.0,300.0,0.0,-2000.0,63720000.0,11975000.0,0.0,-75695000.0
28/03/2022,20827.9804699052,37700.0,1800.0,0.04774536,19773.3991802897,21249.8129857513,19536.1183901262,2735500.0,107101600000.0,0.0,0.0,2735500.0,107101600000.0,63100.0,-28000.0,0.0,-35100.0,2435490000.0,-1108970000.0,0.0,-1326520000.0
25/03/2022,19878.8573092512,37700.0,0.0,0.0,19773.3991802897,20195.2316961359,19483.3893256455,894500.0,33501925000.0,0.0,0.0,894500.0,33501925000.0,7600.0,-4000.0,0.0,-3600.0,283940000.0,-151260000.0,0.0,-132680000.0
24/03/2022,19878.8573092512,37900.0,-200.0,-0.00527704,19984.3154382128,20511.6060830205,19562.4829223666,747900.0,28195825000.0,0.0,0.0,747900.0,28195825000.0,-2600.0,-2100.0,0.0,4700.0,-95605000.0,-79265000.0,0.0,174870000.0
23/03/2022,19984.3154382128,35950.0,1950.0,0.054242,18956.0986808377,20037.0445026936,18824.2760196358,1905600.0,70426295000.0,0.0,0.0,1905600.0,70426295000.0,-589100.0,-5200.0,0.0,594300.0,-21952445000.0,-192365000.0,0.0,22144810000.0
22/03/2022,18956.0986808377,33850.0,2100.0,0.0620384,18244.2563103473,18982.4632130781,17822.4237945011,1706100.0,59839475000.0,0.0,0.0,1706100.0,59839475000.0,43800.0,-31400.0,0.0,-12400.0,1542520000.0,-1125440000.0,0.0,-417080000.0
21/03/2022,17848.7883267415,33400.0,450.0,0.01347305,17453.3203431357,18560.6306972319,17453.3203431357,527600.0,18026340000.0,0.0,0.0,527600.0,18026340000.0,-400.0,400.0,0.0,0.0,-14060000.0,13565000.0,0.0,495000.0
18/03/2022,17611.507536578,33600.0,-200.0,-0.00595238,17716.9656655396,17901.5173912223,17532.4139398569,346800.0,11640260000.0,0.0,0.0,346800.0,11640260000.0,9800.0,3100.0,0.0,-12900.0,327765000.0,104010000.0,0.0,-431775000.0
17/03/2022,17716.9656655396,33550.0,50.0,0.00149031,17690.6011332992,18033.3400524242,17690.6011332992,301200.0,10176735000.0,0.0,0.0,301200.0,10176735000.0,4400.0,-100.0,0.0,-4300.0,148530000.0,-3380000.0,0.0,-145150000.0
16/03/2022,17690.6011332992,33000.0,550.0,0.01666667,17400.5912786549,18191.5272458665,17400.5912786549,813300.0,27703710000.0,0.0,0.0,813300.0,27703710000.0,-28800.0,-2000.0,0.0,30800.0,-976420000.0,-68860000.0,0.0,1045280000.0
15/03/2022,17400.5912786549,32500.0,500.0,0.01538462,17136.9459562511,17664.2366010588,16873.3006338472,837900.0,27263495000.0,0.0,0.0,837900.0,27263495000.0,-8000.0,5600.0,0.0,2400.0,-264400000.0,182040000.0,0.0,82360000.0
14/03/2022,17136.9459562511,34250.0,-1750.0,-0.05109489,17954.246455703,17980.6109879434,17136.9459562511,800100.0,26636735000.0,0.0,0.0,800100.0,26636735000.0,5800.0,16200.0,0.0,-22000.0,199075000.0,539265000.0,0.0,-738340000.0
11/03/2022,18059.7045846646,35000.0,-750.0,-0.02142857,18455.1725682704,18824.2760196358,18033.3400524242,998200.0,34949210000.0,0.0,0.0,998200.0,34949210000.0,9200.0,2100.0,0.0,-11300.0,313540000.0,72545000.0,0.0,-386085000.0
10/03/2022,18455.1725682704,35950.0,-950.0,-0.02642559,18982.4632130781,19404.2957289243,18455.1725682704,1181100.0,42285175000.0,0.0,0.0,1181100.0,42285175000.0,54900.0,-20800.0,0.0,-34100.0,1968775000.0,-740060000.0,0.0,-1228715000.0
09/03/2022,18956.0986808377,33600.0,2350.0,0.06994048,17664.2366010588,18956.0986808377,17242.4040852126,1666000.0,56930445000.0,0.0,0.0,1666000.0,56930445000.0,-2700.0,-22000.0,0.0,24700.0,-82925000.0,-732415000.0,0.0,815340000.0
08/03/2022,17716.9656655396,35500.0,-1900.0,-0.05352113,18402.4435037896,18402.4435037896,17716.9656655396,856900.0,29327615000.0,0.0,0.0,856900.0,29327615000.0,50300.0,8000.0,0.0,-58300.0,1723440000.0,272300000.0,0.0,-1995740000.0
07/03/2022,18718.8178906743,34950.0,550.0,0.01573677,18428.80803603,18956.0986808377,17822.4237945011,1338600.0,46073380000.0,0.0,0.0,1338600.0,46073380000.0,-71300.0,32400.0,0.0,38900.0,-2451775000.0,1106370000.0,0.0,1345405000.0
04/03/2022,18428.80803603,35700.0,-750.0,-0.0210084,18824.2760196358,18824.2760196358,18296.9853748281,839500.0,29446390000.0,0.0,0.0,839500.0,29446390000.0,24300.0,-700.0,0.0,-23600.0,851025000.0,-24640000.0,0.0,-826385000.0
03/03/2022,18824.2760196358,35650.0,50.0,0.00140252,18797.9114873954,19193.3794710012,18639.7242939531,611400.0,21933740000.0,0.0,0.0,611400.0,21933740000.0,-104000.0,-400.0,0.0,104400.0,-3729850000.0,-14255000.0,0.0,3744105000.0
02/03/2022,18797.9114873954,36000.0,-350.0,-0.00972222,18613.3597617127,19404.2957289243,17927.8819234627,1384500.0,48907910000.0,0.0,0.0,1384500.0,48907910000.0,-76600.0,24000.0,0.0,52600.0,-2715265000.0,843870000.0,0.0,1871395000.0
01/03/2022,18982.4632130781,38000.0,-2000.0,-0.05263158,19246.108535482,19984.3154382128,18982.4632130781,1183200.0,43514710000.0,0.0,0.0,1183200.0,43514710000.0,-14200.0,-600.0,0.0,14800.0,-533810000.0,-21755000.0,0.0,555565000.0
28/02/2022,20037.0445026936,36500.0,1500.0,0.04109589,19087.9213420397,20142.5026316551,18824.2760196358,884100.0,32604030000.0,0.0,0.0,884100.0,32604030000.0,-212200.0,-800.0,0.0,213000.0,-7898865000.0,-29115000.0,0.0,7927980000.0
25/02/2022,19246.108535482,34900.0,1600.0,0.04584527,18402.4435037896,19351.5666644435,18402.4435037896,949900.0,34193485000.0,0.0,0.0,949900.0,34193485000.0,-162400.0,-1100.0,0.0,163500.0,-5844070000.0,-40280000.0,0.0,5884350000.0
24/02/2022,18402.4435037896,36400.0,-1500.0,-0.04120879,19140.6504065204,19140.6504065204,17875.1528589819,2037800.0,71015495000.0,0.0,0.0,2037800.0,71015495000.0,-7200.0,9300.0,0.0,-2100.0,-239620000.0,317910000.0,0.0,-78290000.0
23/02/2022,19193.3794710012,36500.0,-100.0,-0.00273973,19246.108535482,19615.2119868474,18771.546955155,1044100.0,38109265000.0,0.0,0.0,1044100.0,38109265000.0,17800.0,-34400.0,0.0,16600.0,673060000.0,-1275230000.0,0.0,602170000.0
22/02/2022,19246.108535482,35000.0,1500.0,0.04285714,17927.8819234627,19246.108535482,17558.7784720973,2470200.0,86121930000.0,0.0,0.0,2470200.0,86121930000.0,-11900.0,2200.0,0.0,9700.0,-415005000.0,82715000.0,0.0,332290000.0
21/02/2022,18455.1725682704,33050.0,1950.0,0.05900151,17558.7784720973,18455.1725682704,17479.6848753761,1554400.0,52970925000.0,0.0,0.0,1554400.0,52970925000.0,-41900.0,-2600.0,0.0,44500.0,-1420810000.0,-88385000.0,0.0,1509195000.0
18/02/2022,17426.9558108953,32000.0,1050.0,0.0328125,17136.9459562511,17848.7883267415,16978.7587628088,1747800.0,57826670000.0,0.0,0.0,1747800.0,57826670000.0,-800.0,-10900.0,0.0,11700.0,-24555000.0,-364985000.0,0.0,389540000.0
17/02/2022,16873.3006338472,29950.0,2050.0,0.06844741,15792.3548119914,16873.3006338472,15792.3548119914,2680200.0,84736025000.0,0.0,0.0,2680200.0,84736025000.0,-7700.0,-17300.0,0.0,25000.0,-244365000.0,-546955000.0,0.0,791320000.0
16/02/2022,15792.3548119914,30200.0,-250.0,-0.00827815,16187.8227955972,16187.8227955972,15739.6257475106,445300.0,13389170000.0,0.0,0.0,445300.0,13389170000.0,4200.0,-400.0,0.0,-3800.0,126560000.0,-12235000.0,0.0,-114325000.0
15/02/2022,15924.1774731933,29000.0,1200.0,0.04137931,15502.3449573471,16161.4582633568,15291.428699424,790500.0,23584120000.0,0.0,0.0,790500.0,23584120000.0,-223000.0,8700.0,0.0,214300.0,-6688840000.0,254170000.0,0.0,6434670000.0
14/02/2022,15291.428699424,30800.0,-1800.0,-0.05844156,15924.1774731933,16003.2710699145,15291.428699424,858000.0,25567965000.0,0.0,0.0,858000.0,25567965000.0,24400.0,0.0,0.0,-24400.0,726995000.0,0.0,0.0,-726995000.0
11/02/2022,16240.5518600779,30800.0,0.0,0.0,16319.6454567991,16767.8425048857,16240.5518600779,831400.0,26089005000.0,0.0,0.0,831400.0,26089005000.0,-7300.0,-3100.0,0.0,10400.0,-229500000.0,-96805000.0,0.0,326305000.0
10/02/2022,16240.5518600779,30150.0,650.0,0.02155887,15845.0838764721,16609.6553114434,15845.0838764721,942200.0,29131555000.0,0.0,0.0,942200.0,29131555000.0,-6300.0,-2600.0,0.0,8900.0,-194910000.0,-80100000.0,0.0,275010000.0
09/02/2022,15897.8129409529,30000.0,150.0,0.005,15818.7193442318,16029.6356021549,15660.5321507894,467300.0,14059390000.0,0.0,0.0,467300.0,14059390000.0,5300.0,-6500.0,-6500.0,1200.0,158470000.0,-194350000.0,-194350000.0,35880000.0
08/02/2022,15818.7193442318,29200.0,800.0,0.02739726,15344.1577639048,16135.0937311164,15344.1577639048,585000.0,17469325000.0,0.0,0.0,585000.0,17469325000.0,-1900.0,-6500.0,0.0,8400.0,-59610000.0,-194660000.0,0.0,254270000.0
07/02/2022,15396.8868283856,28400.0,800.0,0.02816901,16003.2710699145,16003.2710699145,15291.428699424,952800.0,28452070000.0,0.0,0.0,952800.0,28452070000.0,-21600.0,12000.0,0.0,9600.0,-643065000.0,356900000.0,0.0,286165000.0
28/01/2022,14975.0543125394,28000.0,400.0,0.01428571,14764.1380546163,15238.6996349433,14658.6799256548,251900.0,7109565000.0,0.0,0.0,251900.0,7109565000.0,-44500.0,4000.0,0.0,40500.0,-1258185000.0,112000000.0,0.0,1146185000.0
27/01/2022,14764.1380546163,28200.0,-200.0,-0.0070922,14869.5961835779,15133.2415059817,14605.950861174,165800.0,4650370000.0,0.0,0.0,165800.0,4650370000.0,3900.0,2000.0,0.0,-5900.0,109230000.0,56000000.0,0.0,-165230000.0
26/01/2022,14869.5961835779,28700.0,-500.0,-0.0174216,15449.6158928664,15449.6158928664,14869.5961835779,292800.0,8430790000.0,0.0,0.0,292800.0,8430790000.0,22400.0,3900.0,-100.0,-26300.0,643440000.0,111180000.0,-2820000.0,-754620000.0
25/01/2022,15133.2415059817,28000.0,700.0,0.025,14395.0346032509,15212.3351027029,14395.0346032509,270900.0,7622875000.0,0.0,0.0,270900.0,7622875000.0,-200.0,2900.0,-100.0,-2700.0,-4880000.0,80300000.0,-2800000.0,-75420000.0
24/01/2022,14764.1380546163,28200.0,-200.0,-0.0070922,14869.5961835779,15555.0740218279,14236.8474098086,501800.0,14244310000.0,0.0,0.0,501800.0,14244310000.0,-2700.0,11600.0,0.0,-8900.0,-78225000.0,326025000.0,0.0,-247800000.0
21/01/2022,14869.5961835779,28200.0,0.0,0.0,15133.2415059817,15133.2415059817,14764.1380546163,253800.0,7168495000.0,0.0,0.0,253800.0,7168495000.0,14100.0,1800.0,0.0,-15900.0,397000000.0,50620000.0,0.0,-447620000.0
20/01/2022,14869.5961835779,28500.0,-300.0,-0.01052632,14869.5961835779,14922.3252480586,13999.5666196451,941600.0,26100685000.0,0.0,0.0,941600.0,26100685000.0,212900.0,-58900.0,0.0,-154000.0,5874410000.0,-1608070000.0,0.0,-4266340000.0
19/01/2022,15027.7833770202,28400.0,100.0,0.00352113,14658.6799256548,15291.428699424,14658.6799256548,217900.0,6221300000.0,0.0,0.0,217900.0,6221300000.0,27200.0,-2500.0,-100.0,-24700.0,771885000.0,-69210000.0,-2850000.0,-702675000.0
18/01/2022,14975.0543125394,29300.0,-900.0,-0.03071672,15185.9705704625,15449.6158928664,14764.1380546163,399000.0,11366140000.0,0.0,0.0,399000.0,11366140000.0,-15200.0,5800.0,-100.0,9400.0,-451620000.0,164090000.0,-2855000.0,287530000.0
17/01/2022,15449.6158928664,28800.0,500.0,0.01736111,15555.0740218279,16056.0001343952,15185.9705704625,1898100.0,56512190000.0,0.0,0.0,1898100.0,56512190000.0,-135300.0,76100.0,0.0,59200.0,-4031465000.0,2274555000.0,0.0,1756910000.0
14/01/2022,15185.9705704625,27900.0,900.0,0.03225806,14685.0444578952,15185.9705704625,14395.0346032509,507400.0,14197745000.0,0.0,0.0,507400.0,14197745000.0,-66000.0,1800.0,-200.0,64200.0,-1847905000.0,49250000.0,-5550000.0,1798655000.0
13/01/2022,14711.4089901355,27500.0,400.0,0.01454545,14764.1380546163,14975.0543125394,14474.1281999721,302300.0,8423685000.0,0.0,0.0,302300.0,8423685000.0,-45300.0,3100.0,-100.0,42200.0,-1264010000.0,86915000.0,-2765000.0,1177095000.0
12/01/2022,14500.4927322124,27700.0,-200.0,-0.00722022,14526.8572644528,14895.9607158182,13709.5567650009,670700.0,18170980000.0,0.0,0.0,670700.0,18170980000.0,-2200.0,7500.0,-300.0,-5300.0,-73600000.0,204725000.0,-8400000.0,-131125000.0
11/01/2022,14605.950861174,28000.0,-300.0,-0.01071429,15027.7833770202,15027.7833770202,14447.7636677317,713800.0,19906795000.0,0.0,0.0,713800.0,19906795000.0,-84200.0,100.0,0.0,84100.0,-2353455000.0,2790000.0,0.0,2350665000.0
10/01/2022,14764.1380546163,29600.0,-1600.0,-0.05405405,15502.3449573471,15871.4484087125,14711.4089901355,800900.0,23094875000.0,0.0,0.0,800900.0,23094875000.0,81500.0,-100.0,-100.0,-81400.0,2383415000.0,-2800000.0,-2800000.0,-2380615000.0
07/01/2022,15607.8030863087,29900.0,-300.0,-0.01003344,16082.3646666356,16082.3646666356,15502.3449573471,446600.0,13305315000.0,0.0,0.0,446600.0,13305315000.0,-30700.0,-800.0,-1000.0,31500.0,-912675000.0,-23630000.0,-29660000.0,936305000.0
06/01/2022,15765.990279751,29100.0,800.0,0.02749141,15185.9705704625,16346.0099890395,15027.7833770202,904800.0,26721320000.0,0.0,0.0,904800.0,26721320000.0,-88100.0,-4600.0,-100.0,92700.0,-2603585000.0,-138065000.0,-2975000.0,2741650000.0
05/01/2022,15344.1577639048,29200.0,-100.0,-0.00342466,15238.6996349433,15344.1577639048,15106.8769737413,598200.0,17272945000.0,0.0,0.0,598200.0,17272945000.0,-32700.0,-2800.0,0.0,35500.0,-948750000.0,-80645000.0,0.0,1029395000.0
04/01/2022,15396.8868283856,29200.0,0.0,0.0,15396.8868283856,15502.3449573471,15054.1479092606,333000.0,9697755000.0,0.0,0.0,333000.0,9697755000.0,-86000.0,-2800.0,-700.0,88800.0,-2506015000.0,-81705000.0,-20300000.0,2587720000.0
31/12/2021,15396.8868283856,27300.0,1900.0,0.06959707,14184.1183453278,15396.8868283856,14078.6602163663,1022800.0,28345925000.0,0.0,0.0,1022800.0,28345925000.0,-1200.0,-23500.0,0.0,24700.0,-12640000.0,-670550000.0,0.0,683190000.0
30/12/2021,14395.0346032509,28200.0,-900.0,-0.03191489,14869.5961835779,14948.689780299,14395.0346032509,887500.0,24533200000.0,0.0,0.0,887500.0,24533200000.0,0.0,4600.0,-100.0,-4600.0,-1735000.0,128485000.0,-2820000.0,-126750000.0
29/12/2021,14869.5961835779,28900.0,-700.0,-0.02422145,15185.9705704625,15185.9705704625,14605.950861174,1315500.0,37001590000.0,0.0,0.0,1315500.0,37001590000.0,-151700.0,3100.0,0.0,148600.0,-4256535000.0,87125000.0,0.0,4169410000.0
28/12/2021,15238.6996349433,29950.0,-1050.0,-0.03505843,16029.6356021549,16029.6356021549,15238.6996349433,800500.0,23324400000.0,0.0,0.0,800500.0,23324400000.0,32000.0,100.0,-300.0,-32100.0,934600000.0,2930000.0,-8730000.0,-937530000.0
27/12/2021,15792.3548119914,29650.0,300.0,0.01011804,15660.5321507894,16346.0099890395,15027.7833770202,556700.0,16353530000.0,0.0,0.0,556700.0,16353530000.0,-41800.0,500.0,0.0,41300.0,-1246375000.0,20935000.0,0.0,1225440000.0
24/12/2021,15634.1676185491,30300.0,-650.0,-0.02145215,16082.3646666356,16346.0099890395,15291.428699424,1066300.0,31652720000.0,0.0,0.0,1066300.0,31652720000.0,1700.0,-400.0,0.0,-1300.0,69905000.0,-11850000.0,0.0,-58055000.0
23/12/2021,15976.9065376741,31900.0,-1600.0,-0.05015674,16820.5715693664,16820.5715693664,15976.9065376741,1021700.0,31555855000.0,0.0,0.0,1021700.0,31555855000.0,-24200.0,0.0,-100.0,24200.0,-740910000.0,55000.0,-3095000.0,740855000.0
22/12/2021,16820.5715693664,31600.0,300.0,0.00949367,17295.1331496934,17295.1331496934,16715.1134404049,1142500.0,36818280000.0,0.0,0.0,1142500.0,36818280000.0,-57000.0,-3400.0,-100.0,60400.0,-1837175000.0,-109175000.0,-3210000.0,1946350000.0
21/12/2021,16662.3843759241,31100.0,500.0,0.01607717,16398.7390535203,16662.3843759241,16346.0099890395,743100.0,23204370000.0,0.0,0.0,743100.0,23204370000.0,-62100.0,4800.0,0.0,57300.0,-1944210000.0,151150000.0,0.0,1793060000.0
20/12/2021,16398.7390535203,31300.0,-200.0,-0.0064,16451.468118001,16846.9361016068,16082.3646666356,637100.0,19899425000.0,0.0,0.0,637100.0,19899425000.0,38700.0,-100.0,-100.0,-38600.0,1191515000.0,-3110000.0,-3110000.0,-1188405000.0
17/12/2021,16504.1971824818,32000.0,-700.0,-0.021875,16873.3006338472,16873.3006338472,16477.8326502414,481600.0,15159650000.0,0.0,0.0,481600.0,15159650000.0,3000.0,22900.0,-100.0,-25900.0,93950000.0,720945000.0,-3150000.0,-814895000.0
16/12/2021,16873.3006338472,31500.0,500.0,0.01587302,16609.6553114434,17136.9459562511,16319.6454567991,979100.0,30727425000.0,0.0,0.0,979100.0,30727425000.0,-123700.0,-82600.0,-100.0,206300.0,-3911895000.0,-2576215000.0,-3140000.0,6488110000.0
15/12/2021,16609.6553114434,31600.0,-100.0,-0.00316456,16398.7390535203,17295.1331496934,16293.2809245587,645900.0,20302670000.0,0.0,0.0,645900.0,20302670000.0,-500.0,-22600.0,0.0,23100.0,-11085000.0,-714880000.0,0.0,725965000.0
14/12/2021,16662.3843759241,32500.0,-900.0,-0.02769231,17136.9459562511,17136.9459562511,16398.7390535203,1013300.0,32089385000.0,0.0,0.0,1013300.0,32089385000.0,13100.0,-200.0,-200.0,-12900.0,408195000.0,-6350000.0,-6350000.0,-401845000.0
13/12/2021,17136.9459562511,32000.0,500.0,0.015625,16873.3006338472,17295.1331496934,16873.3006338472,762400.0,24675190000.0,0.0,0.0,762400.0,24675190000.0,-86100.0,-400.0,-400.0,86500.0,-2790185000.0,-12920000.0,-12920000.0,2803105000.0
10/12/2021,16873.3006338472,32200.0,-200.0,-0.00621118,17400.5912786549,17453.3203431357,16873.3006338472,1100200.0,35765160000.0,0.0,0.0,1100200.0,35765160000.0,-77100.0,-1400.0,-400.0,78500.0,-2494365000.0,-45430000.0,-12880000.0,2539795000.0
09/12/2021,16978.7587628088,30100.0,2100.0,0.06976744,15871.4484087125,16978.7587628088,15686.8966830298,1427000.0,44966955000.0,0.0,0.0,1427000.0,44966955000.0,-60200.0,-51100.0,-700.0,111300.0,-1920525000.0,-1614590000.0,-22320000.0,3535115000.0
08/12/2021,15871.4484087125,30000.0,100.0,0.00333333,15924.1774731933,16319.6454567991,15713.2612152702,496400.0,15058930000.0,0.0,0.0,496400.0,15058930000.0,-3100.0,-2700.0,0.0,5800.0,-97640000.0,-81135000.0,0.0,178775000.0
07/12/2021,15818.7193442318,28900.0,1100.0,0.03806228,15818.7193442318,15818.7193442318,15027.7833770202,582600.0,17075345000.0,0.0,0.0,582600.0,17075345000.0,-2700.0,-200.0,-100.0,2900.0,-79590000.0,-6035000.0,-2910000.0,85625000.0
06/12/2021,15238.6996349433,28900.0,0.0,0.0,15238.6996349433,15924.1774731933,14764.1380546163,1154000.0,33447840000.0,0.0,0.0,1154000.0,33447840000.0,-47600.0,300.0,0.0,47300.0,-1393125000.0,8690000.0,0.0,1384435000.0
03/12/2021,15238.6996349433,30800.0,-1900.0,-0.06168831,16346.0099890395,16583.290779203,15133.2415059817,1314100.0,39111290000.0,0.0,0.0,1314100.0,39111290000.0,18600.0,-6700.0,-3000.0,-11900.0,551350000.0,-203530000.0,-89200000.0,-347820000.0
02/12/2021,16240.5518600779,31300.0,-500.0,-0.01597444,16556.9262469626,17031.4878272895,16082.3646666356,817400.0,25626470000.0,0.0,0.0,817400.0,25626470000.0,38400.0,-3400.0,-500.0,-35000.0,1182025000.0,-106835000.0,-15720000.0,-1075190000.0
01/12/2021,16504.1971824818,30900.0,400.0,0.01294498,15845.0838764721,16609.6553114434,15555.0740218279,1157400.0,35164940000.0,0.0,0.0,1157400.0,35164940000.0,400.0,-900.0,-100.0,500.0,17650000.0,-27415000.0,-3030000.0,9765000.0
30/11/2021,16293.2809245587,30750.0,150.0,0.00487805,16873.3006338472,16873.3006338472,15924.1774731933,1452500.0,44989870000.0,0.0,0.0,1452500.0,44989870000.0,23300.0,900.0,0.0,-24200.0,724310000.0,27990000.0,0.0,-752300000.0
29/11/2021,16214.1873278376,28750.0,2000.0,0.06956522,15133.2415059817,16214.1873278376,15133.2415059817,1536800.0,45920950000.0,0.0,0.0,1536800.0,45920950000.0,-67000.0,800.0,-200.0,66200.0,-1994155000.0,23810000.0,-5940000.0,1970345000.0
26/11/2021,15159.6060382221,26900.0,1850.0,0.06877323,14764.1380546163,15159.6060382221,14474.1281999721,2421900.0,68936570000.0,0.0,0.0,2421900.0,68936570000.0,-14700.0,0.0,0.0,14700.0,-421025000.0,750000.0,0.0,420275000.0
25/11/2021,14184.1183453278,27600.0,-700.0,-0.02536232,14526.8572644528,14553.2217966932,14025.9311518855,868700.0,23413455000.0,0.0,0.0,868700.0,23413455000.0,22700.0,-5000.0,0.0,-17700.0,615200000.0,-135250000.0,0.0,-479950000.0
24/11/2021,14553.2217966932,27450.0,150.0,0.00546448,15027.7833770202,15027.7833770202,14474.1281999721,894900.0,25093985000.0,0.0,0.0,894900.0,25093985000.0,-32000.0,-200.0,-200.0,32200.0,-894510000.0,-5570000.0,-5570000.0,900080000.0
23/11/2021,14474.1281999721,25700.0,1750.0,0.06809339,13182.2661201931,14474.1281999721,13182.2661201931,813500.0,21835030000.0,0.0,0.0,813500.0,21835030000.0,-78500.0,-2400.0,-400.0,80900.0,-2116635000.0,-64480000.0,-10280000.0,2181115000.0
22/11/2021,13551.3695715585,27600.0,-1900.0,-0.06884058,14395.0346032509,14500.4927322124,13551.3695715585,1475000.0,38804290000.0,0.0,0.0,1475000.0,38804290000.0,28900.0,1000.0,0.0,-29900.0,758675000.0,25700000.0,0.0,-784375000.0
19/11/2021,14553.2217966932,28650.0,-1050.0,-0.03664921,15133.2415059817,15238.6996349433,14052.2956841259,1084300.0,30475205000.0,0.0,0.0,1084300.0,30475205000.0,-1000.0,-10900.0,0.0,11900.0,-1965000.0,-307860000.0,0.0,309825000.0
18/11/2021,15106.8769737413,28000.0,650.0,0.02321429,14553.2217966932,15291.428699424,14289.5764742894,1264000.0,35437295000.0,0.0,0.0,1264000.0,35437295000.0,20800.0,1100.0,-400.0,-21900.0,571330000.0,29820000.0,-10980000.0,-601150000.0
17/11/2021,14764.1380546163,27800.0,200.0,0.00719424,14975.0543125394,15291.428699424,14711.4089901355,1560000.0,44502390000.0,0.0,0.0,1560000.0,44502390000.0,-25900.0,-10100.0,-100.0,36000.0,-743430000.0,-290840000.0,-2840000.0,1034270000.0
16/11/2021,14658.6799256548,26000.0,1800.0,0.06923077,13841.3794262028,14658.6799256548,13472.2759748374,2056300.0,55542370000.0,0.0,0.0,2056300.0,55542370000.0,-81900.0,8900.0,0.0,73000.0,-2184420000.0,242655000.0,0.0,1941765000.0
15/11/2021,13709.5567650009,25450.0,550.0,0.021611,13076.8079912316,13973.2020874047,13076.8079912316,970300.0,25036820000.0,0.0,0.0,970300.0,25036820000.0,-89200.0,-300.0,-300.0,89500.0,-2308910000.0,-7935000.0,-7935000.0,2316845000.0
12/11/2021,13419.5469103566,26000.0,-550.0,-0.02115385,13604.0986360393,13762.2858294816,13340.4533136355,798000.0,20413535000.0,0.0,0.0,798000.0,20413535000.0,-10100.0,0.0,0.0,10100.0,-258485000.0,0.0,0.0,258485000.0
11/11/2021,13709.5567650009,26900.0,-900.0,-0.03345725,14210.4828775682,14236.8474098086,13445.911442597,1312700.0,34456460000.0,0.0,0.0,1312700.0,34456460000.0,1000.0,5200.0,-700.0,-6200.0,27785000.0,136400000.0,-18130000.0,-164185000.0
10/11/2021,14184.1183453278,26300.0,600.0,0.02281369,13894.1084906836,14210.4828775682,13656.8277005201,797800.0,21016130000.0,0.0,0.0,797800.0,21016130000.0,13400.0,-35000.0,0.0,21600.0,366680000.0,-933750000.0,0.0,567070000.0
09/11/2021,13867.7439584432,25650.0,650.0,0.02534113,13709.5567650009,14236.8474098086,13525.0050393182,1128000.0,29554070000.0,0.0,0.0,1128000.0,29554070000.0,81800.0,-23000.0,0.0,-58800.0,2143435000.0,-606655000.0,0.0,-1536780000.0
08/11/2021,13525.0050393182,24000.0,1650.0,0.06875,13024.0789267508,13525.0050393182,12734.0690721066,1703200.0,42711295000.0,0.0,0.0,1703200.0,42711295000.0,-28700.0,3000.0,0.0,25700.0,-723650000.0,77550000.0,0.0,646100000.0
05/11/2021,12654.9754753854,23700.0,300.0,0.01265823,12760.433604347,12997.7143945104,12180.4138950585,625600.0,15170840000.0,0.0,0.0,625600.0,15170840000.0,-33900.0,2900.0,-100.0,31000.0,-822710000.0,70470000.0,-2430000.0,752240000.0
04/11/2021,12496.7882819431,23200.0,500.0,0.02155172,12233.1429595392,12628.610943145,12180.4138950585,824500.0,19310985000.0,0.0,0.0,824500.0,19310985000.0,-29700.0,-100.0,-500.0,29800.0,-704140000.0,-2325000.0,-11665000.0,706465000.0
03/11/2021,12233.1429595392,24900.0,-1700.0,-0.06827309,13129.5370557124,13129.5370557124,12233.1429595392,1708600.0,40960740000.0,0.0,0.0,1708600.0,40960740000.0,25200.0,4500.0,0.0,-29700.0,600465000.0,108355000.0,0.0,-708820000.0
02/11/2021,13129.5370557124,24450.0,450.0,0.01840491,12707.7045398662,13366.8178458758,12681.3400076258,989700.0,24634425000.0,0.0,0.0,989700.0,24634425000.0,18000.0,0.0,0.0,-18000.0,442725000.0,0.0,0.0,-442725000.0
01/11/2021,12892.2562655489,25300.0,-850.0,-0.03359684,13340.4533136355,13340.4533136355,12760.433604347,1346600.0,33451715000.0,0.0,0.0,1346600.0,33451715000.0,42600.0,-100.0,-100.0,-42500.0,1049650000.0,-2425000.0,-2425000.0,-1047225000.0
29/10/2021,13340.4533136355,24950.0,350.0,0.01402806,13155.9015879527,13366.8178458758,13076.8079912316,1300600.0,32595525000.0,0.0,0.0,1300600.0,32595525000.0,14400.0,0.0,0.0,-14400.0,356820000.0,0.0,0.0,-356820000.0
28/10/2021,13155.9015879527,24200.0,750.0,0.03099174,13261.3597169143,13445.911442597,12944.9853300297,1633700.0,40936730000.0,0.0,0.0,1633700.0,40936730000.0,-41900.0,49400.0,-600.0,-7500.0,-1045575000.0,1230240000.0,-14865000.0,-184665000.0
27/10/2021,12760.433604347,23400.0,800.0,0.03418803,12391.3301529815,12786.7981365873,12391.3301529815,1379600.0,33014145000.0,0.0,0.0,1379600.0,33014145000.0,17100.0,-12600.0,0.0,-4500.0,403955000.0,-299020000.0,0.0,-104935000.0
26/10/2021,12338.6010885008,23900.0,-500.0,-0.0209205,12496.7882819431,12734.0690721066,12233.1429595392,991100.0,23381785000.0,0.0,0.0,991100.0,23381785000.0,24500.0,-7600.0,0.0,-16900.0,577285000.0,-178760000.0,0.0,-398525000.0
25/10/2021,12602.2464109046,24000.0,-100.0,-0.00416667,12865.8917333085,12997.7143945104,12496.7882819431,1448100.0,34885020000.0,0.0,0.0,1448100.0,34885020000.0,47600.0,-47900.0,0.0,300.0,1149200000.0,-1156460000.0,0.0,7260000.0
22/10/2021,12654.9754753854,23850.0,150.0,0.00628931,12654.9754753854,12760.433604347,12444.0592174623,1792500.0,43006300000.0,0.0,0.0,1792500.0,43006300000.0,318700.0,-1000.0,0.0,-317700.0,7636715000.0,-24050000.0,0.0,-7612665000.0
21/10/2021,12575.8818786643,23000.0,850.0,0.03695652,12233.1429595392,12681.3400076258,12074.9557660969,1708800.0,40353850000.0,0.0,0.0,1708800.0,40353850000.0,-35300.0,-1100.0,-700.0,36400.0,-835550000.0,-25285000.0,-16275000.0,860835000.0
20/10/2021,12127.6848305777,22500.0,500.0,0.02222222,12074.9557660969,12312.2365562604,11864.0395081738,1200200.0,27510850000.0,0.0,0.0,1200200.0,27510850000.0,3100.0,4600.0,0.0,-7700.0,69760000.0,105845000.0,0.0,-175605000.0
19/10/2021,11864.0395081738,22000.0,500.0,0.02272727,11415.8424600873,12127.6848305777,11231.2907344046,1084100.0,23701105000.0,0.0,0.0,1084100.0,23701105000.0,14900.0,-24400.0,0.0,9500.0,339975000.0,-546640000.0,0.0,206665000.0
18/10/2021,11600.39418577,23000.0,-1000.0,-0.04347826,11864.0395081738,12127.6848305777,11600.39418577,2058600.0,46093040000.0,0.0,0.0,2058600.0,46093040000.0,289600.0,-289200.0,-600.0,-400.0,6506570000.0,-6501845000.0,-13590000.0,-4725000.0
15/10/2021,12127.6848305777,23150.0,-150.0,-0.00647948,12259.5074917796,12391.3301529815,11784.9459114527,1590300.0,36577315000.0,0.0,0.0,1590300.0,36577315000.0,246100.0,-222700.0,0.0,-23400.0,5630605000.0,-5093605000.0,0.0,-537000000.0
14/10/2021,12206.7784272988,22900.0,250.0,0.01091703,12074.9557660969,12338.6010885008,11864.0395081738,1444700.0,33270155000.0,0.0,0.0,1444700.0,33270155000.0,13200.0,-13900.0,-900.0,700.0,305400000.0,-321330000.0,-20830000.0,15930000.0
13/10/2021,12074.9557660969,22800.0,100.0,0.00438596,12391.3301529815,12391.3301529815,11969.4976371354,1367000.0,31507500000.0,0.0,0.0,1367000.0,31507500000.0,-38000.0,30000.0,0.0,8000.0,-890390000.0,693720000.0,0.0,196670000.0
12/10/2021,12022.2267016161,21350.0,1450.0,0.06791569,11389.4779278469,12022.2267016161,11152.1971376834,2459000.0,54999920000.0,0.0,0.0,2459000.0,54999920000.0,-90600.0,0.0,0.0,90600.0,-2065635000.0,0.0,0.0,2065635000.0
11/10/2021,11257.6552666449,20400.0,950.0,0.04656863,10783.093686318,11284.0197988853,10783.093686318,867700.0,18351810000.0,0.0,0.0,867700.0,18351810000.0,-11200.0,0.0,0.0,11200.0,-236865000.0,0.0,0.0,236865000.0
08/10/2021,10756.7291540776,20800.0,-400.0,-0.01923077,11125.832605443,11204.9262021642,10756.7291540776,726400.0,15271985000.0,0.0,0.0,726400.0,15271985000.0,-50700.0,55600.0,0.0,-4900.0,-1073645000.0,1176545000.0,0.0,-102900000.0
07/10/2021,10967.6454120007,20200.0,600.0,0.02970297,10704.0000895968,11020.3744764815,10651.2710251161,584300.0,12087450000.0,0.0,0.0,584300.0,12087450000.0,-14000.0,-12100.0,-200.0,26100.0,-290575000.0,-251110000.0,-4090000.0,541685000.0
06/10/2021,10651.2710251161,20300.0,-100.0,-0.00492611,10756.7291540776,10756.7291540776,10572.1774283949,326300.0,6570895000.0,0.0,0.0,326300.0,6570895000.0,15600.0,0.0,0.0,-15600.0,313860000.0,0.0,0.0,-313860000.0
05/10/2021,10704.0000895968,20450.0,-150.0,-0.00733496,10704.0000895968,10835.8227507988,10624.9064928757,239500.0,4850150000.0,0.0,0.0,239500.0,4850150000.0,17700.0,-5000.0,0.0,-12700.0,357075000.0,-100750000.0,0.0,-256325000.0
04/10/2021,10783.093686318,20250.0,200.0,0.00987654,10677.6355573564,10967.6454120007,10493.0838316737,337300.0,6861065000.0,0.0,0.0,337300.0,6861065000.0,17500.0,-3000.0,0.0,-14500.0,352365000.0,-61800000.0,0.0,-290565000.0
01/10/2021,10677.6355573564,19350.0,900.0,0.04651163,10493.0838316737,10862.1872830391,10282.1675737506,458700.0,9270605000.0,65332.0,1175976000.0,524032.0,10446581000.0,-19100.0,-3000.0,0.0,22100.0,-383755000.0,-61950000.0,0.0,445705000.0
30/09/2021,10203.0739770295,19350.0,0.0,0.0,10203.0739770295,10361.2611704718,10071.2513158276,283700.0,5528830000.0,0.0,0.0,283700.0,5528830000.0,96500.0,-900.0,-900.0,-95600.0,1880515000.0,-17595000.0,-17595000.0,-1862920000.0
29/09/2021,10203.0739770295,19700.0,-350.0,-0.0177665,10387.6257027122,10387.6257027122,10123.9803803083,446600.0,8631455000.0,0.0,0.0,446600.0,8631455000.0,138200.0,8000.0,0.0,-146200.0,2674490000.0,154850000.0,0.0,-2829340000.0
28/09/2021,10387.6257027122,19900.0,-200.0,-0.01005025,10282.1675737506,10493.0838316737,10123.9803803083,492400.0,9646145000.0,0.0,0.0,492400.0,9646145000.0,-44000.0,-100.0,-100.0,44100.0,-866140000.0,-1950000.0,-1950000.0,868090000.0
27/09/2021,10493.0838316737,20700.0,-800.0,-0.03864734,10994.0099442411,10994.0099442411,10493.0838316737,667900.0,13463375000.0,0.0,0.0,667900.0,13463375000.0,28300.0,5000.0,0.0,-33300.0,581190000.0,100100000.0,0.0,-681290000.0
24/09/2021,10914.9163475199,20850.0,-150.0,-0.00719424,10888.5518152795,10914.9163475199,10835.8227507988,281100.0,5793760000.0,0.0,0.0,281100.0,5793760000.0,8800.0,-2000.0,0.0,-6800.0,181315000.0,-41200000.0,0.0,-140115000.0
23/09/2021,10994.0099442411,21100.0,-250.0,-0.01184834,11178.5616699238,11231.2907344046,10888.5518152795,550800.0,11518545000.0,0.0,0.0,550800.0,11518545000.0,16800.0,0.0,0.0,-16800.0,348315000.0,0.0,0.0,-348315000.0
22/09/2021,11125.832605443,20500.0,600.0,0.02926829,10914.9163475199,11336.7488633661,10809.4582185584,882600.0,18312510000.0,0.0,0.0,882600.0,18312510000.0,281400.0,4500.0,-500.0,-285900.0,5821790000.0,92900000.0,-10350000.0,-5914690000.0
21/09/2021,10809.4582185584,21050.0,-550.0,-0.02612827,10809.4582185584,11020.3744764815,10651.2710251161,756400.0,15497265000.0,0.0,0.0,756400.0,15497265000.0,208300.0,2000.0,0.0,-210300.0,4265240000.0,41000000.0,0.0,-4306240000.0
20/09/2021,11099.4680732026,21300.0,-250.0,-0.01173709,11494.9360568084,11494.9360568084,11099.4680732026,410700.0,8719340000.0,0.0,0.0,410700.0,8719340000.0,-1700.0,13800.0,0.0,-12100.0,-35900000.0,293160000.0,0.0,-257260000.0
17/09/2021,11231.2907344046,20850.0,450.0,0.02158273,10994.0099442411,11231.2907344046,10941.2808797603,325400.0,6858940000.0,0.0,0.0,325400.0,6858940000.0,-6200.0,23000.0,-300.0,-16800.0,-130490000.0,484915000.0,-6360000.0,-354425000.0
16/09/2021,10994.0099442411,20600.0,250.0,0.01213592,10888.5518152795,11178.5616699238,10862.1872830391,265500.0,5531435000.0,0.0,0.0,265500.0,5531435000.0,93000.0,0.0,0.0,-93000.0,1928255000.0,0.0,0.0,-1928255000.0
15/09/2021,10862.1872830391,20450.0,150.0,0.00733496,10545.8128961545,11178.5616699238,10545.8128961545,547800.0,11280230000.0,0.0,0.0,547800.0,11280230000.0,143400.0,0.0,0.0,-143400.0,2955850000.0,0.0,0.0,-2955850000.0
14/09/2021,10783.093686318,21200.0,-750.0,-0.03537736,11178.5616699238,11178.5616699238,10756.7291540776,1062700.0,21982530000.0,0.0,0.0,1062700.0,21982530000.0,240700.0,0.0,0.0,-240700.0,4970790000.0,0.0,0.0,-4970790000.0
13/09/2021,11178.5616699238,21600.0,-400.0,-0.01851852,11389.4779278469,11600.39418577,11073.1035409622,750700.0,16037150000.0,0.0,0.0,750700.0,16037150000.0,77200.0,60200.0,0.0,-137400.0,1641865000.0,1300690000.0,0.0,-2942555000.0
10/09/2021,11389.4779278469,21950.0,-350.0,-0.01594533,11521.3005890488,11547.6651212892,11389.4779278469,514400.0,11162910000.0,0.0,0.0,514400.0,11162910000.0,80000.0,-1000.0,0.0,-79000.0,1737185000.0,-21750000.0,0.0,-1715435000.0
09/09/2021,11574.0296535296,21650.0,300.0,0.01385681,11336.7488633661,11600.39418577,11336.7488633661,274400.0,5962210000.0,0.0,0.0,274400.0,5962210000.0,11900.0,0.0,0.0,-11900.0,255210000.0,0.0,0.0,-255210000.0
08/09/2021,11415.8424600873,22300.0,-650.0,-0.02914798,11600.39418577,11705.8523147315,11336.7488633661,801700.0,17480210000.0,0.0,0.0,801700.0,17480210000.0,348600.0,-100.0,900.0,-348500.0,7601530000.0,-1980000.0,19620000.0,-7599550000.0
07/09/2021,11758.5813792123,23150.0,-850.0,-0.03671706,12391.3301529815,12417.6946852219,11705.8523147315,1328200.0,30625095000.0,0.0,0.0,1328200.0,30625095000.0,197700.0,-5200.0,-200.0,-192500.0,4598870000.0,-122710000.0,-4460000.0,-4476160000.0
06/09/2021,12206.7784272988,22750.0,400.0,0.01758242,11995.8621693758,12496.7882819431,11732.2168469719,1606600.0,36983920000.0,0.0,0.0,1606600.0,36983920000.0,196900.0,-2000.0,0.0,-194900.0,4464465000.0,-44615000.0,0.0,-4419850000.0
01/09/2021,11995.8621693758,22800.0,-50.0,-0.00219298,11732.2168469719,12074.9557660969,11732.2168469719,515000.0,11653075000.0,0.0,0.0,515000.0,11653075000.0,-63400.0,87000.0,-500.0,-23600.0,-1443290000.0,1978840000.0,-11250000.0,-535550000.0
31/08/2021,12022.2267016161,22200.0,600.0,0.02702703,11705.8523147315,12127.6848305777,11600.39418577,1119500.0,25307460000.0,0.0,0.0,1119500.0,25307460000.0,6200.0,6400.0,0.0,-12600.0,137265000.0,145120000.0,0.0,-282385000.0
30/08/2021,11705.8523147315,21500.0,700.0,0.03255814,11705.8523147315,11732.2168469719,11336.7488633661,597300.0,13144520000.0,0.0,0.0,597300.0,13144520000.0,-25100.0,16400.0,0.0,8700.0,-555605000.0,362795000.0,0.0,192810000.0
27/08/2021,11336.7488633661,21450.0,50.0,0.002331,11073.1035409622,11494.9360568084,10967.6454120007,362200.0,7723180000.0,0.0,0.0,362200.0,7723180000.0,-5100.0,-100.0,-100.0,5200.0,-111855000.0,-2100000.0,-2100000.0,113955000.0
26/08/2021,11310.3843311257,21500.0,-50.0,-0.00232558,11310.3843311257,11494.9360568084,10967.6454120007,418500.0,8911015000.0,0.0,0.0,418500.0,8911015000.0,37800.0,-300.0,0.0,-37500.0,806620000.0,-6310000.0,0.0,-800310000.0
25/08/2021,11336.7488633661,20650.0,850.0,0.04116223,10783.093686318,11336.7488633661,10282.1675737506,614700.0,12577250000.0,0.0,0.0,614700.0,12577250000.0,-51400.0,23400.0,0.0,28000.0,-1050445000.0,485670000.0,0.0,564775000.0
24/08/2021,10888.5518152795,22150.0,-1500.0,-0.06772009,11336.7488633661,11600.39418577,10862.1872830391,1084000.0,22795355000.0,0.0,0.0,1084000.0,22795355000.0,149800.0,-6600.0,-100.0,-143200.0,3141635000.0,-139465000.0,-2065000.0,-3002170000.0
23/08/2021,11679.4877824911,23800.0,-1650.0,-0.06932773,12233.1429595392,12285.87202402,11679.4877824911,1128500.0,25381835000.0,0.0,0.0,1128500.0,25381835000.0,-19100.0,5400.0,0.0,13700.0,-433020000.0,121315000.0,0.0,311705000.0
20/08/2021,12549.5173464239,24700.0,-900.0,-0.03643725,13076.8079912316,13129.5370557124,12496.7882819431,1740100.0,42062075000.0,0.0,0.0,1740100.0,42062075000.0,-189200.0,25000.0,0.0,164200.0,-4509600000.0,598835000.0,0.0,3910765000.0
19/08/2021,13024.0789267508,23100.0,1600.0,0.06926407,12760.433604347,13024.0789267508,12496.7882819431,1713300.0,41180235000.0,0.0,0.0,1713300.0,41180235000.0,-313100.0,9600.0,-200.0,303500.0,-7494125000.0,230115000.0,-4760000.0,7264010000.0
18/08/2021,12180.4138950585,21600.0,1500.0,0.06944444,11442.2069923276,12180.4138950585,11442.2069923276,1526100.0,34688075000.0,0.0,0.0,1526100.0,34688075000.0,300.0,-200.0,-200.0,-100.0,2830000.0,-4440000.0,-4440000.0,1610000.0
17/08/2021,11389.4779278469,21350.0,250.0,0.0117096,11468.571524568,11468.571524568,11257.6552666449,606800.0,13083875000.0,0.0,0.0,606800.0,13083875000.0,6400.0,-4400.0,-3400.0,-2000.0,137250000.0,-95190000.0,-73440000.0,-42060000.0
16/08/2021,11257.6552666449,21200.0,150.0,0.00707547,11389.4779278469,11494.9360568084,11231.2907344046,562400.0,12096870000.0,0.0,0.0,562400.0,12096870000.0,4800.0,1500.0,0.0,-6300.0,102460000.0,32025000.0,0.0,-134485000.0
13/08/2021,11178.5616699238,21550.0,-350.0,-0.0162413,11363.1133956065,11363.1133956065,10862.1872830391,906700.0,19029295000.0,0.0,0.0,906700.0,19029295000.0,9300.0,0.0,0.0,-9300.0,194215000.0,0.0,0.0,-194215000.0
12/08/2021,11363.1133956065,21850.0,-300.0,-0.01372998,11363.1133956065,11600.39418577,11257.6552666449,470900.0,10236040000.0,0.0,0.0,470900.0,10236040000.0,-3800.0,1000.0,0.0,2800.0,-82095000.0,21650000.0,0.0,60445000.0
11/08/2021,11521.3005890488,22650.0,-800.0,-0.03532009,12074.9557660969,12127.6848305777,11494.9360568084,860300.0,19279225000.0,0.0,0.0,860300.0,19279225000.0,38700.0,5400.0,0.0,-44100.0,871685000.0,121230000.0,0.0,-992915000.0
10/08/2021,11943.133104895,21200.0,1450.0,0.06839623,11310.3843311257,11943.133104895,11284.0197988853,912900.0,20013030000.0,0.0,0.0,912900.0,20013030000.0,-121200.0,3200.0,-400.0,118000.0,-2622405000.0,70885000.0,-8680000.0,2551520000.0
09/08/2021,11178.5616699238,21150.0,50.0,0.00236407,11073.1035409622,11204.9262021642,10941.2808797603,520500.0,11004645000.0,0.0,0.0,520500.0,11004645000.0,-7400.0,0.0,0.0,7400.0,-153080000.0,0.0,0.0,153080000.0
06/08/2021,11152.1971376834,21250.0,-100.0,-0.00470588,11099.4680732026,11389.4779278469,11020.3744764815,483300.0,10278900000.0,0.0,0.0,483300.0,10278900000.0,-55900.0,62900.0,0.0,-7000.0,-1192675000.0,1342385000.0,0.0,-149710000.0
05/08/2021,11204.9262021642,21300.0,-50.0,-0.00234742,11204.9262021642,11442.2069923276,11020.3744764815,435200.0,9269135000.0,0.0,0.0,435200.0,9269135000.0,30900.0,0.0,0.0,-30900.0,657915000.0,0.0,0.0,-657915000.0
04/08/2021,11231.2907344046,20000.0,1300.0,0.065,10677.6355573564,11257.6552666449,10519.4483639141,876900.0,18006180000.0,0.0,0.0,876900.0,18006180000.0,-10600.0,-1000.0,0.0,11600.0,-211325000.0,-20450000.0,0.0,231775000.0
03/08/2021,10545.8128961545,19800.0,200.0,0.01010101,10282.1675737506,10704.0000895968,10282.1675737506,413500.0,8229190000.0,0.0,0.0,413500.0,8229190000.0,-108700.0,0.0,0.0,108700.0,-2165305000.0,0.0,0.0,2165305000.0
02/08/2021,10440.354767193,19800.0,0.0,0.0,10123.9803803083,10624.9064928757,10123.9803803083,517400.0,10127950000.0,0.0,0.0,517400.0,10127950000.0,-86100.0,0.0,0.0,86100.0,-1692470000.0,0.0,0.0,1692470000.0
30/07/2021,10440.354767193,20100.0,-300.0,-0.01492537,10598.5419606353,10730.3646218372,10440.354767193,365500.0,7282065000.0,0.0,0.0,365500.0,7282065000.0,26600.0,-100.0,-100.0,-26500.0,529360000.0,-1990000.0,-1990000.0,-527370000.0
29/07/2021,10598.5419606353,20050.0,50.0,0.00249377,10809.4582185584,10809.4582185584,10466.7192994333,302600.0,6082080000.0,0.0,0.0,302600.0,6082080000.0,5400.0,0.0,0.0,-5400.0,108995000.0,0.0,0.0,-108995000.0
28/07/2021,10572.1774283949,19250.0,800.0,0.04155844,10018.5222513468,10835.8227507988,9965.793186866,831600.0,16613285000.0,0.0,0.0,831600.0,16613285000.0,46300.0,-31700.0,-300.0,-14600.0,935500000.0,-644260000.0,-5800000.0,-291240000.0
27/07/2021,10150.3449125487,18850.0,400.0,0.02122016,10018.5222513468,10387.6257027122,10018.5222513468,334400.0,6461130000.0,0.0,0.0,334400.0,6461130000.0,-39500.0,27100.0,-1700.0,12400.0,-757885000.0,522140000.0,-33320000.0,235745000.0
26/07/2021,9939.4286546256,19000.0,-150.0,-0.00789474,9913.0641223852,10018.5222513468,9754.8769289429,371400.0,6927555000.0,0.0,0.0,371400.0,6927555000.0,35400.0,83200.0,0.0,-118600.0,669240000.0,1544395000.0,0.0,-2213635000.0
23/07/2021,10018.5222513468,19350.0,-350.0,-0.01808786,10334.8966382314,10493.0838316737,10018.5222513468,495300.0,9653965000.0,0.0,0.0,495300.0,9653965000.0,125400.0,-3600.0,-600.0,-121800.0,2449315000.0,-70475000.0,-11825000.0,-2378840000.0
22/07/2021,10203.0739770295,18800.0,550.0,0.02925532,9992.1577191064,10308.532105991,9860.3350579045,302600.0,5830685000.0,0.0,0.0,302600.0,5830685000.0,66800.0,-100.0,-100.0,-66700.0,1288845000.0,-1870000.0,-1870000.0,-1286975000.0
21/07/2021,9913.0641223852,18800.0,0.0,0.0,10071.2513158276,10071.2513158276,9860.3350579045,173400.0,3271260000.0,0.0,0.0,173400.0,3271260000.0,52600.0,-300.0,-300.0,-52300.0,992530000.0,-5730000.0,-5730000.0,-986800000.0
20/07/2021,9913.0641223852,19350.0,-550.0,-0.02842377,10044.8867835872,10071.2513158276,9702.1478644621,547300.0,10203195000.0,0.0,0.0,547300.0,10203195000.0,45700.0,133000.0,0.0,-178700.0,867110000.0,2467275000.0,0.0,-3334385000.0
19/07/2021,10203.0739770295,20800.0,-1450.0,-0.06971154,10203.0739770295,10519.4483639141,10203.0739770295,499900.0,9734295000.0,0.0,0.0,499900.0,9734295000.0,-17800.0,33400.0,0.0,-15600.0,-343985000.0,647630000.0,0.0,-303645000.0
16/07/2021,10967.6454120007,20750.0,50.0,0.00240964,11284.0197988853,11284.0197988853,10941.2808797603,247000.0,5179135000.0,0.0,0.0,247000.0,5179135000.0,37900.0,-1300.0,-1300.0,-36600.0,790365000.0,-27235000.0,-27235000.0,-763130000.0
15/07/2021,10941.2808797603,19800.0,950.0,0.0479798,10440.354767193,10967.6454120007,10440.354767193,270200.0,5518195000.0,0.0,0.0,270200.0,5518195000.0,58300.0,0.0,0.0,-58300.0,1184740000.0,0.0,0.0,-1184740000.0
14/07/2021,10440.354767193,20000.0,-200.0,-0.01,10440.354767193,11073.1035409622,10176.7094447891,372500.0,7419930000.0,0.0,0.0,372500.0,7419930000.0,72200.0,-900.0,-900.0,-71300.0,1453805000.0,-17775000.0,-17775000.0,-1436030000.0
13/07/2021,10545.8128961545,20650.0,-650.0,-0.031477,10888.5518152795,10967.6454120007,10440.354767193,624900.0,12616060000.0,0.0,0.0,624900.0,12616060000.0,101300.0,0.0,0.0,-101300.0,2060875000.0,0.0,0.0,-2060875000.0
12/07/2021,10888.5518152795,22200.0,-1550.0,-0.06981982,11284.0197988853,11389.4779278469,10888.5518152795,747300.0,15703490000.0,755900.0,15703000000.0,1503200.0,31406490000.0,10400.0,50000.0,0.0,-60400.0,231080000.0,1040850000.0,0.0,-1271930000.0
09/07/2021,11705.8523147315,23350.0,-1150.0,-0.04925054,12233.1429595392,12312.2365562604,11653.1232502507,669000.0,15188570000.0,0.0,0.0,669000.0,15188570000.0,-2800.0,-200.0,-200.0,3000.0,-64380000.0,-4440000.0,-4440000.0,68820000.0
08/07/2021,12312.2365562604,23800.0,-450.0,-0.01890756,12575.8818786643,12575.8818786643,12127.6848305777,352800.0,8253395000.0,0.0,0.0,352800.0,8253395000.0,-13300.0,0.0,0.0,13300.0,-307740000.0,0.0,0.0,307740000.0
07/07/2021,12549.5173464239,24400.0,-600.0,-0.02459016,12654.9754753854,12865.8917333085,12127.6848305777,492600.0,11581955000.0,0.0,0.0,492600.0,11581955000.0,-24600.0,-1000.0,-1000.0,25600.0,-584280000.0,-23305000.0,-23305000.0,607585000.0
06/07/2021,12865.8917333085,24300.0,100.0,0.00411523,12813.1626688277,13287.7242491547,12813.1626688277,1259600.0,31268270000.0,0.0,0.0,1259600.0,31268270000.0,-4400.0,29700.0,0.0,-25300.0,-113495000.0,740095000.0,0.0,-626600000.0
05/07/2021,12813.1626688277,23400.0,900.0,0.0385,11969.4976371354,12813.1626688277,11943.133104895,999300.0,23238605000.0,0.0,0.0,999300.0,23238605000.0,-172200.0,57900.0,0.0,114300.0,-3951820000.0,1321280000.0,0.0,2630540000.0
02/07/2021,12338.6010885008,23700.0,-300.0,-0.01265823,12496.7882819431,12549.5173464239,12285.87202402,520300.0,12284435000.0,0.0,0.0,520300.0,12284435000.0,-102900.0,111000.0,0.0,-8100.0,-2432295000.0,2623350000.0,0.0,-191055000.0
01/07/2021,12496.7882819431,23400.0,300.0,0.01282051,12338.6010885008,12654.9754753854,12312.2365562604,423000.0,9987200000.0,0.0,0.0,423000.0,9987200000.0,33100.0,900.0,0.0,-34000.0,777360000.0,21430000.0,0.0,-798790000.0
30/06/2021,12338.6010885008,23500.0,-100.0,-0.0043,12180.4138950585,12707.7045398662,11995.8621693758,754500.0,17595975000.0,0.0,0.0,754500.0,17595975000.0,6300.0,-9500.0,-200.0,3200.0,144530000.0,-214975000.0,-4730000.0,70445000.0
29/06/2021,12391.3301529815,24000.0,-500.0,-0.0208,12523.1528141835,12707.7045398662,12338.6010885008,703100.0,16605330000.0,0.0,0.0,703100.0,16605330000.0,500.0,16200.0,0.0,-16700.0,15310000.0,385320000.0,0.0,-400630000.0
28/06/2021,12654.9754753854,24350.0,-350.0,-0.01437372,13024.0789267508,13076.8079912316,12654.9754753854,323100.0,7828465000.0,0.0,0.0,323100.0,7828465000.0,7800.0,0.0,0.0,-7800.0,189380000.0,0.0,0.0,-189380000.0
25/06/2021,12839.5272010681,24000.0,350.0,0.01458333,12707.7045398662,13024.0789267508,12602.2464109046,199100.0,4832855000.0,0.0,0.0,199100.0,4832855000.0,11600.0,-100.0,0.0,-11500.0,280305000.0,-2410000.0,0.0,-277895000.0
24/06/2021,12654.9754753854,24250.0,-250.0,-0.01030928,12786.7981365873,13393.1823781162,12470.4237497027,234000.0,5653285000.0,0.0,0.0,234000.0,5653285000.0,500.0,7600.0,0.0,-8100.0,7270000.0,186275000.0,0.0,-193545000.0
23/06/2021,12786.7981365873,24700.0,-450.0,-0.01821862,12971.34986227,12971.34986227,12654.9754753854,395000.0,9553490000.0,0.0,0.0,395000.0,9553490000.0,-8400.0,0.0,0.0,8400.0,-202580000.0,0.0,0.0,202580000.0
22/06/2021,13024.0789267508,25100.0,-400.0,-0.01593626,13234.9951846739,13551.3695715585,12892.2562655489,583700.0,14457970000.0,0.0,0.0,583700.0,14457970000.0,-5700.0,7000.0,0.0,-1300.0,-139570000.0,174300000.0,0.0,-34730000.0
21/06/2021,13234.9951846739,26200.0,-1100.0,-0.04198473,13709.5567650009,13709.5567650009,13182.2661201931,494000.0,12544870000.0,0.0,0.0,494000.0,12544870000.0,-4400.0,-200.0,0.0,4600.0,-114215000.0,-4400000.0,0.0,118615000.0
18/06/2021,13815.0148939624,26500.0,-300.0,-0.01132075,13999.5666196451,14184.1183453278,13709.5567650009,381700.0,10095105000.0,0.0,0.0,381700.0,10095105000.0,14100.0,-1000.0,0.0,-13100.0,369120000.0,-26550000.0,0.0,-342570000.0
17/06/2021,13973.2020874047,25700.0,800.0,0.0311284,13551.3695715585,14236.8474098086,13340.4533136355,568900.0,14834000000.0,0.0,0.0,568900.0,14834000000.0,13000.0,0.0,0.0,-13000.0,339635000.0,0.0,0.0,-339635000.0
16/06/2021,13551.3695715585,24900.0,800.0,0.03212851,13076.8079912316,13604.0986360393,12760.433604347,847900.0,21219790000.0,0.0,0.0,847900.0,21219790000.0,-204600.0,-6000.0,0.0,210600.0,-5177065000.0,-152500000.0,0.0,5329565000.0
15/06/2021,13129.5370557124,24900.0,0.0,0.0,13261.3597169143,13498.6405070778,13076.8079912316,503600.0,12711080000.0,0.0,0.0,503600.0,12711080000.0,16100.0,-2000.0,0.0,-14100.0,402600000.0,-50650000.0,0.0,-351950000.0
14/06/2021,13129.5370557124,23950.0,950.0,0.03966597,12628.610943145,13287.7242491547,12628.610943145,828000.0,20523925000.0,0.0,0.0,828000.0,20523925000.0,-31400.0,-1000.0,0.0,32400.0,-783895000.0,-24950000.0,0.0,808845000.0
11/06/2021,12628.610943145,23950.0,0.0,0.0,12707.7045398662,12760.433604347,12338.6010885008,253100.0,6057725000.0,0.0,0.0,253100.0,6057725000.0,2700.0,0.0,0.0,-2700.0,64160000.0,0.0,0.0,-64160000.0
10/06/2021,12628.610943145,23150.0,800.0,0.03455724,12206.7784272988,12681.3400076258,11969.4976371354,331000.0,7776185000.0,0.0,0.0,331000.0,7776185000.0,-7100.0,-100.0,-100.0,7200.0,-169215000.0,-2315000.0,-2315000.0,171530000.0
09/06/2021,12206.7784272988,22800.0,350.0,0.01535088,11864.0395081738,12628.610943145,11257.6552666449,604500.0,13563935000.0,0.0,0.0,604500.0,13563935000.0,-33900.0,0.0,0.0,33900.0,-777230000.0,0.0,0.0,777230000.0
08/06/2021,12022.2267016161,24500.0,-1700.0,-0.06938776,12681.3400076258,13076.8079912316,12022.2267016161,813300.0,19167405000.0,0.0,0.0,813300.0,19167405000.0,-8200.0,26500.0,0.0,-18300.0,-171010000.0,616250000.0,0.0,-445240000.0
07/06/2021,12918.6207977893,25550.0,-1050.0,-0.04109589,13445.911442597,13445.911442597,12654.9754753854,290000.0,7096255000.0,0.0,0.0,290000.0,7096255000.0,32500.0,0.0,0.0,-32500.0,793565000.0,0.0,0.0,-793565000.0
04/06/2021,13472.2759748374,25600.0,-50.0,-0.00195313,13551.3695715585,13973.2020874047,13445.911442597,541900.0,14044910000.0,0.0,0.0,541900.0,14044910000.0,-9700.0,0.0,0.0,9700.0,-251950000.0,0.0,0.0,251950000.0
03/06/2021,13498.6405070778,24350.0,1250.0,0.0513347,12654.9754753854,13604.0986360393,12338.6010885008,913500.0,22055130000.0,0.0,0.0,913500.0,22055130000.0,-58800.0,24500.0,3400.0,34300.0,-1399490000.0,587920000.0,82070000.0,811570000.0
02/06/2021,12839.5272010681,25350.0,-1000.0,-0.03944773,13182.2661201931,13182.2661201931,12734.0690721066,809400.0,19824625000.0,0.0,0.0,809400.0,19824625000.0,-200100.0,4100.0,0.0,196000.0,-4919585000.0,101110000.0,0.0,4818475000.0
01/06/2021,13366.8178458758,26700.0,-1350.0,-0.0505618,13867.7439584432,13867.7439584432,13366.8178458758,705000.0,18127035000.0,0.0,0.0,705000.0,18127035000.0,-137900.0,-100.0,-100.0,138000.0,-3541880000.0,-2600000.0,-2600000.0,3544480000.0
31/05/2021,14078.6602163663,27750.0,-1050.0,-0.03783784,14658.6799256548,14658.6799256548,13920.473022924,768200.0,20483125000.0,0.0,0.0,768200.0,20483125000.0,-85200.0,-61300.0,0.0,146500.0,-2256395000.0,-1632040000.0,0.0,3888435000.0
28/05/2021,14632.3153934144,26600.0,1150.0,0.04323308,14395.0346032509,14975.0543125394,14131.389280847,881300.0,24270515000.0,0.0,0.0,881300.0,24270515000.0,-20200.0,0.0,0.0,20200.0,-549005000.0,0.0,0.0,549005000.0
27/05/2021,14025.9311518855,24961.0,1639.0,0.06566243,13709.5567650009,14078.6602163663,13604.0986360393,1076800.0,28614530000.0,0.0,0.0,1076800.0,28614530000.0,-148100.0,30300.0,0.0,117800.0,-3939880000.0,809010000.0,0.0,3130870000.0
26/05/2021,13161.459231349,32300.0,150.0,0.00464396,13100.6204367511,13587.3307935344,12857.2652583594,846700.0,27555810000.0,0.0,0.0,846700.0,27555810000.0,-261600.0,-5700.0,0.0,267300.0,-8503940000.0,-185250000.0,0.0,8689190000.0
25/05/2021,13100.6204367511,32900.0,-600.0,-0.01823708,13181.7388295484,13262.8572223456,12857.2652583594,894700.0,28892095000.0,0.0,0.0,894700.0,28892095000.0,-322200.0,1900.0,0.0,320300.0,-10401570000.0,61320000.0,0.0,10340250000.0
24/05/2021,13343.9756151428,31750.0,1150.0,0.03622047,13120.9000349504,13729.2879809296,12978.9428475553,983100.0,32335415000.0,0.0,0.0,983100.0,32335415000.0,-304200.0,33200.0,0.0,271000.0,-9997020000.0,1094445000.0,0.0,8902575000.0
21/05/2021,12877.5448565587,29700.0,2050.0,0.06902357,12208.3181159817,12877.5448565587,12208.3181159817,1313900.0,41434750000.0,0.0,0.0,1313900.0,41434750000.0,-232700.0,-16400.0,0.0,249100.0,-7364525000.0,-511820000.0,0.0,7876345000.0
20/05/2021,12046.0813303872,27800.0,1900.0,0.06834532,11437.6933844081,12046.0813303872,11275.4565988136,1334600.0,38518980000.0,0.0,0.0,1334600.0,38518980000.0,-20400.0,-30200.0,0.0,50600.0,-594330000.0,-868920000.0,0.0,1463250000.0
19/05/2021,11275.4565988136,28300.0,-500.0,-0.01766784,11356.5749916109,11478.2525808067,11194.3382060164,466000.0,12991700000.0,0.0,0.0,466000.0,12991700000.0,2200.0,-5400.0,0.0,3200.0,58700000.0,-150600000.0,0.0,91900000.0
18/05/2021,11478.2525808067,28250.0,50.0,0.00176991,11457.9729826073,11681.0485627997,11397.1341880095,648900.0,18425085000.0,0.0,0.0,648900.0,18425085000.0,-124500.0,-12600.0,0.0,137100.0,-3528485000.0,-358700000.0,0.0,3887185000.0
17/05/2021,11457.9729826073,26650.0,1600.0,0.06003752,11032.101420422,11559.3709736039,11032.101420422,1002700.0,28074715000.0,0.0,0.0,1002700.0,28074715000.0,2100.0,0.0,0.0,-2100.0,60995000.0,0.0,0.0,-60995000.0
14/05/2021,10809.0258402297,26600.0,50.0,0.0018797,11153.7790096178,11194.3382060164,10788.7462420303,604900.0,16379830000.0,0.0,0.0,604900.0,16379830000.0,-25800.0,6600.0,0.0,19200.0,-713940000.0,180830000.0,0.0,533110000.0
13/05/2021,10788.7462420303,27750.0,-1150.0,-0.04144144,11234.897402415,11356.5749916109,10748.1870456317,706200.0,19252315000.0,0.0,0.0,706200.0,19252315000.0,-33600.0,1300.0,0.0,32300.0,-902165000.0,35410000.0,0.0,866755000.0
12/05/2021,11255.1770006144,27700.0,50.0,0.00180505,10991.5422240234,11417.4137862088,10991.5422240234,598000.0,16481825000.0,0.0,0.0,598000.0,16481825000.0,-91200.0,15000.0,0.0,76200.0,-2517620000.0,412250000.0,0.0,2105370000.0
11/05/2021,11234.897402415,28100.0,-400.0,-0.01423488,11437.6933844081,11640.4893664011,11092.9402150199,635900.0,17869010000.0,0.0,0.0,635900.0,17869010000.0,9100.0,4100.0,0.0,-13200.0,249700000.0,114385000.0,0.0,-364085000.0
10/05/2021,11397.1341880095,26300.0,1800.0,0.06844106,10626.5094564359,11397.1341880095,10606.2298582366,869900.0,23777150000.0,0.0,0.0,869900.0,23777150000.0,-54200.0,40000.0,0.0,14200.0,-1466835000.0,1091000000.0,0.0,375835000.0
07/05/2021,10667.0686528345,25200.0,1100.0,0.04365079,10139.7990996526,10890.1442330269,10058.6807068554,1153400.0,29554005000.0,0.0,0.0,1153400.0,29554005000.0,-41600.0,0.0,0.0,41600.0,-1060640000.0,0.0,0.0,1060640000.0
06/05/2021,10220.9174924498,25550.0,-350.0,-0.01369863,10362.8746798449,10484.5522690407,10200.6378942505,697600.0,17774870000.0,0.0,0.0,697600.0,17774870000.0,-6000.0,2000.0,0.0,4000.0,-153365000.0,51250000.0,0.0,102115000.0
05/05/2021,10362.8746798449,26000.0,-450.0,-0.01730769,10545.3910636386,10707.6278492331,10342.5950816456,776100.0,20157010000.0,0.0,0.0,776100.0,20157010000.0,-10900.0,0.0,0.0,10900.0,-287645000.0,0.0,0.0,287645000.0
04/05/2021,10545.3910636386,25400.0,600.0,0.02362205,9855.8847248623,10565.670661838,9855.8847248623,777300.0,19985215000.0,0.0,0.0,777300.0,19985215000.0,-31100.0,21700.0,0.0,9400.0,-808805000.0,561060000.0,0.0,247745000.0
29/04/2021,10302.035885247,25250.0,150.0,0.00594059,10302.035885247,10667.0686528345,10119.5195014533,406600.0,10420345000.0,0.0,0.0,406600.0,10420345000.0,-6500.0,17300.0,0.0,-10800.0,-174015000.0,446725000.0,0.0,-272710000.0
28/04/2021,10241.1970906491,23600.0,1650.0,0.06991525,9653.0887428692,10241.1970906491,9653.0887428692,1534200.0,38270455000.0,0.0,0.0,1534200.0,38270455000.0,-80400.0,27700.0,0.0,52700.0,-2007900000.0,695290000.0,0.0,1312610000.0
27/04/2021,9571.970350072,23800.0,-200.0,-0.00840336,9490.8519572748,9734.2071356664,9328.6151716804,306000.0,7206025000.0,0.0,0.0,306000.0,7206025000.0,-15400.0,-500.0,-200.0,15900.0,-362015000.0,-11825000.0,-4760000.0,373840000.0
26/04/2021,9653.0887428692,24700.0,-900.0,-0.03643725,10058.6807068554,10058.6807068554,9653.0887428692,654600.0,15815305000.0,0.0,0.0,654600.0,15815305000.0,-101200.0,4900.0,-100.0,96300.0,-2436850000.0,119065000.0,-2435000.0,2317785000.0
23/04/2021,10018.1215104567,24600.0,100.0,0.00406504,9937.0031176595,10058.6807068554,9612.5295464707,496700.0,12074645000.0,0.0,0.0,496700.0,12074645000.0,-23800.0,-600.0,0.0,24400.0,-577305000.0,-14700000.0,0.0,592005000.0
22/04/2021,9977.5623140582,24150.0,450.0,0.0186,10261.4766888483,10342.5950816456,9916.7235194602,1012600.0,25258085000.0,0.0,0.0,1012600.0,25258085000.0,-18600.0,-9100.0,0.0,27700.0,-456590000.0,-228755000.0,0.0,685345000.0
20/04/2021,9795.0459302644,22600.0,1550.0,0.06858407,9409.7335644776,9795.0459302644,9288.0559752817,1287200.0,30482365000.0,0.0,0.0,1287200.0,30482365000.0,7500.0,-11100.0,0.0,3600.0,180710000.0,-266515000.0,0.0,85805000.0
19/04/2021,9166.3783860859,22000.0,600.0,0.02727273,8923.0232076943,9166.3783860859,8882.4640112956,304700.0,6794060000.0,0.0,0.0,304700.0,6794060000.0,-12100.0,-100.0,-100.0,12200.0,-272425000.0,-2590000.0,-2230000.0,275015000.0
16/04/2021,8923.0232076943,22400.0,-400.0,-0.01785714,9085.2599932887,9085.2599932887,8821.6252166977,332100.0,7347920000.0,0.0,0.0,332100.0,7347920000.0,-13200.0,-300.0,-300.0,13500.0,-293775000.0,-6570000.0,-6570000.0,300345000.0
15/04/2021,9085.2599932887,22800.0,-400.0,-0.01754386,9247.4967788831,9328.6151716804,9085.2599932887,307900.0,6959990000.0,0.0,0.0,307900.0,6959990000.0,6600.0,0.0,0.0,-6600.0,149270000.0,0.0,0.0,-149270000.0
14/04/2021,9247.4967788831,22700.0,100.0,0.00440529,9166.3783860859,9288.0559752817,9004.1416004915,343800.0,7784135000.0,0.0,0.0,343800.0,7784135000.0,24000.0,-26100.0,-100.0,2100.0,543305000.0,-594220000.0,-2265000.0,50915000.0
13/04/2021,9206.9375824845,23100.0,-400.0,-0.01731602,9409.7335644776,9531.4111536734,9125.8191896873,437400.0,9963155000.0,0.0,0.0,437400.0,9963155000.0,7800.0,2000.0,0.0,-9800.0,179675000.0,45100000.0,0.0,-224775000.0
12/04/2021,9369.1743680789,22800.0,300.0,0.01315789,9288.0559752817,9409.7335644776,9247.4967788831,1030100.0,23729460000.0,142350.0,3060525000.0,1172450.0,26789985000.0,-3100.0,0.0,0.0,3100.0,-71685000.0,0.0,0.0,71685000.0
09/04/2021,9247.4967788831,22450.0,350.0,0.0155902,9105.539591488,9369.1743680789,9044.7007968901,446600.0,10157155000.0,0.0,0.0,446600.0,10157155000.0,-4600.0,2100.0,0.0,2500.0,-103790000.0,47030000.0,0.0,56760000.0
08/04/2021,9105.539591488,22400.0,50.0,0.00223214,9125.8191896873,9206.9375824845,8983.8620022921,313400.0,7027845000.0,0.0,0.0,313400.0,7027845000.0,-13700.0,0.0,0.0,13700.0,-307280000.0,0.0,0.0,307280000.0
07/04/2021,9085.2599932887,21650.0,750.0,0.03464203,8841.904814897,9105.539591488,8781.0660202992,691300.0,15340575000.0,0.0,0.0,691300.0,15340575000.0,-3700.0,0.0,0.0,3700.0,-82160000.0,0.0,0.0,82160000.0
06/04/2021,8781.0660202992,21400.0,250.0,0.01168224,8720.2272257012,8801.3456184984,8639.108832904,166900.0,3581075000.0,0.0,0.0,166900.0,3581075000.0,-700.0,3000.0,0.0,-2300.0,-15095000.0,64200000.0,0.0,-49105000.0
05/04/2021,8679.6680293026,21400.0,0.0,0.0,8801.3456184984,8801.3456184984,8618.8292347046,364500.0,7770215000.0,0.0,0.0,364500.0,7770215000.0,3200.0,80300.0,0.0,-83500.0,68695000.0,1710380000.0,0.0,-1779075000.0
02/04/2021,8679.6680293026,21500.0,-100.0,-0.00465116,8720.2272257012,8841.904814897,8639.108832904,402700.0,8638025000.0,0.0,0.0,402700.0,8638025000.0,95500.0,5500.0,0.0,-101000.0,2047055000.0,117150000.0,0.0,-2164205000.0
01/04/2021,8720.2272257012,21200.0,300.0,0.01415094,8639.108832904,8801.3456184984,8618.8292347046,290700.0,6226325000.0,0.0,0.0,290700.0,6226325000.0,56700.0,-600.0,-500.0,-56100.0,1210585000.0,-12870000.0,-10725000.0,-1197715000.0
31/03/2021,8598.5496365054,21800.0,-600.0,-0.02752294,8841.904814897,8841.904814897,8598.5496365054,320800.0,6875745000.0,0.0,0.0,320800.0,6875745000.0,10800.0,-100.0,-100.0,-10700.0,230270000.0,-2180000.0,-2180000.0,-228090000.0
30/03/2021,8841.904814897,21800.0,0.0,0.0,8963.5824040929,8963.5824040929,8760.7864220998,320800.0,6984255000.0,0.0,0.0,320800.0,6984255000.0,-24200.0,30000.0,0.0,-5800.0,-525745000.0,652010000.0,0.0,-126265000.0
29/03/2021,8841.904814897,21500.0,300.0,0.01395349,8720.2272257012,8963.5824040929,8720.2272257012,268500.0,5847155000.0,0.0,0.0,268500.0,5847155000.0,-9400.0,-400.0,-400.0,9800.0,-206185000.0,-8680000.0,-8680000.0,214865000.0
26/03/2021,8720.2272257012,21650.0,-150.0,-0.00692841,8740.5068239005,8882.4640112956,8314.6352617151,350700.0,7405595000.0,0.0,0.0,350700.0,7405595000.0,-17300.0,4400.0,0.0,12900.0,-355480000.0,80560000.0,0.0,274920000.0
25/03/2021,8781.0660202992,21900.0,-250.0,-0.01141553,8841.904814897,8882.4640112956,8517.4312437081,521900.0,11243255000.0,0.0,0.0,521900.0,11243255000.0,1100.0,0.0,0.0,-1100.0,20900000.0,0.0,0.0,-20900000.0
24/03/2021,8882.4640112956,22850.0,-950.0,-0.04157549,9125.8191896873,9146.0987878866,8639.108832904,464600.0,10313775000.0,0.0,0.0,464600.0,10313775000.0,5000.0,0.0,0.0,-5000.0,111665000.0,0.0,0.0,-111665000.0
23/03/2021,9267.7763770824,23200.0,-350.0,-0.01508621,9328.6151716804,9389.4539662783,9206.9375824845,330100.0,7567390000.0,0.0,0.0,330100.0,7567390000.0,11700.0,0.0,0.0,-11700.0,268540000.0,0.0,0.0,-268540000.0
22/03/2021,9409.7335644776,22900.0,300.0,0.01310044,9267.7763770824,9592.2499482713,9206.9375824845,526400.0,12215320000.0,0.0,0.0,526400.0,12215320000.0,800.0,0.0,0.0,-800.0,17655000.0,0.0,0.0,-17655000.0
19/03/2021,9288.0559752817,23200.0,-300.0,-0.01293103,9267.7763770824,9430.0131626769,9227.2171806839,217400.0,4975890000.0,0.0,0.0,217400.0,4975890000.0,5200.0,0.0,0.0,-5200.0,118380000.0,0.0,0.0,-118380000.0
18/03/2021,9409.7335644776,23400.0,-200.0,-0.00854701,9571.970350072,9612.5295464707,9288.0559752817,423100.0,9799100000.0,0.0,0.0,423100.0,9799100000.0,8000.0,0.0,0.0,-8000.0,184030000.0,0.0,0.0,-184030000.0
17/03/2021,9490.8519572748,22950.0,450.0,0.01960784,9308.3355734811,9490.8519572748,9146.0987878866,448000.0,10306580000.0,0.0,0.0,448000.0,10306580000.0,-162000.0,0.0,0.0,162000.0,-3742730000.0,0.0,0.0,3742730000.0
16/03/2021,9308.3355734811,23200.0,-250.0,-0.01077586,9389.4539662783,9450.2927608762,9227.2171806839,346200.0,7951940000.0,0.0,0.0,346200.0,7951940000.0,2100.0,-6000.0,0.0,3900.0,49000000.0,-139500000.0,0.0,90500000.0
15/03/2021,9409.7335644776,22500.0,700.0,0.03111111,9166.3783860859,9490.8519572748,9166.3783860859,394500.0,9077065000.0,0.0,0.0,394500.0,9077065000.0,-8500.0,-48300.0,0.0,56800.0,-191345000.0,-1113520000.0,0.0,1304865000.0
12/03/2021,9125.8191896873,22800.0,-300.0,-0.01315789,9166.3783860859,9328.6151716804,9125.8191896873,564200.0,12837930000.0,0.0,0.0,564200.0,12837930000.0,59500.0,-47800.0,0.0,-11700.0,1347010000.0,-1082435000.0,0.0,-264575000.0
11/03/2021,9247.4967788831,23200.0,-400.0,-0.01724138,9409.7335644776,9450.2927608762,9227.2171806839,397800.0,9108245000.0,0.0,0.0,397800.0,9108245000.0,4000.0,5700.0,0.0,-9700.0,91680000.0,130800000.0,0.0,-222480000.0
10/03/2021,9409.7335644776,23300.0,-100.0,-0.00429185,9490.8519572748,9612.5295464707,9166.3783860859,393800.0,9167555000.0,0.0,0.0,393800.0,9167555000.0,7400.0,500.0,-200.0,-7900.0,172405000.0,11385000.0,-4670000.0,-183790000.0
09/03/2021,9450.2927608762,21900.0,1400.0,0.06392694,8801.3456184984,9490.8519572748,8760.7864220998,1242600.0,28168265000.0,0.0,0.0,1242600.0,28168265000.0,-85800.0,89500.0,0.0,-3700.0,-1942015000.0,2014095000.0,0.0,-72080000.0
08/03/2021,8882.4640112956,21700.0,200.0,0.00921659,8781.0660202992,9004.1416004915,8436.3128509109,551400.0,11992665000.0,0.0,0.0,551400.0,11992665000.0,-103200.0,-5700.0,0.0,108900.0,-2252195000.0,-124375000.0,0.0,2376570000.0
05/03/2021,8801.3456184984,21400.0,300.0,0.01401869,8517.4312437081,8841.904814897,8436.3128509109,389100.0,8273480000.0,0.0,0.0,389100.0,8273480000.0,-35200.0,13100.0,0.0,22100.0,-750430000.0,274085000.0,0.0,476345000.0
04/03/2021,8679.6680293026,22000.0,-600.0,-0.02727273,8923.0232076943,8963.5824040929,8476.8720473096,573900.0,12334770000.0,0.0,0.0,573900.0,12334770000.0,1000.0,1900.0,-100.0,-2900.0,22550000.0,40820000.0,-2180000.0,-63370000.0
03/03/2021,8923.0232076943,21500.0,500.0,0.02325581,8923.0232076943,9024.4211986908,8862.1844130964,776400.0,17139145000.0,0.0,0.0,776400.0,17139145000.0,-57500.0,36700.0,0.0,20800.0,-1267575000.0,806285000.0,0.0,461290000.0
02/03/2021,8720.2272257012,20700.0,800.0,0.03864734,8517.4312437081,8821.6252166977,8517.4312437081,753200.0,16099345000.0,0.0,0.0,753200.0,16099345000.0,-105900.0,-8000.0,0.0,113900.0,-2289705000.0,-171300000.0,0.0,2461005000.0
01/03/2021,8395.7536545123,20200.0,500.0,0.02475248,8314.6352617151,8436.3128509109,8294.3556635158,246900.0,5085370000.0,0.0,0.0,246900.0,5085370000.0,2500.0,0.0,0.0,-2500.0,50710000.0,0.0,0.0,-50710000.0
26/02/2021,8192.9576725193,19600.0,600.0,0.03061224,7787.3657085331,8314.6352617151,7787.3657085331,525000.0,10530760000.0,0.0,0.0,525000.0,10530760000.0,-12300.0,2000.0,0.0,10300.0,-246015000.0,39100000.0,0.0,206915000.0
25/02/2021,7949.6024941276,19500.0,100.0,0.00512821,7949.6024941276,8051.0004851242,7787.3657085331,545400.0,10606645000.0,0.0,0.0,545400.0,10606645000.0,-90000.0,0.0,0.0,90000.0,-1752185000.0,0.0,0.0,1752185000.0
24/02/2021,7909.043297729,19750.0,-250.0,-0.01265823,8010.4412887255,8111.8392797221,7868.4841013303,300700.0,5928405000.0,0.0,0.0,300700.0,5928405000.0,-95000.0,0.0,0.0,95000.0,-1879475000.0,0.0,0.0,1879475000.0
23/02/2021,8010.4412887255,20100.0,-350.0,-0.01741294,8051.0004851242,8152.3984761206,7969.8820923269,285400.0,5655770000.0,0.0,0.0,285400.0,5655770000.0,4800.0,1300.0,0.0,-6100.0,94925000.0,25805000.0,0.0,-120730000.0
22/02/2021,8152.3984761206,20250.0,-150.0,-0.00740741,8213.2372707186,8253.7964671172,7990.1616905262,296100.0,5951265000.0,0.0,0.0,296100.0,5951265000.0,17500.0,0.0,0.0,-17500.0,352690000.0,0.0,0.0,-352690000.0
19/02/2021,8213.2372707186,20300.0,-50.0,-0.00246305,8192.9576725193,8355.1944581137,8030.7208869249,347400.0,7043965000.0,0.0,0.0,347400.0,7043965000.0,-57300.0,0.0,0.0,57300.0,-1166440000.0,0.0,0.0,1166440000.0
18/02/2021,8233.5168689179,19450.0,850.0,0.0437018,7949.6024941276,8314.6352617151,7949.6024941276,406200.0,8161445000.0,85300.0,1543930000.0,491500.0,9705375000.0,100.0,-2600.0,-100.0,2500.0,2990000.0,-52710000.0,-2015000.0,49720000.0
17/02/2021,7888.7636995297,19100.0,350.0,0.01832461,7746.8065121346,7909.043297729,7746.8065121346,320800.0,6191970000.0,0.0,0.0,320800.0,6191970000.0,-65100.0,45400.0,0.0,19700.0,-1253130000.0,872255000.0,0.0,380875000.0
09/02/2021,7746.8065121346,18850.0,250.0,0.0133,7523.7309319422,7827.9249049318,7483.1717355436,323400.0,6121090000.0,0.0,0.0,323400.0,6121090000.0,-106300.0,2000.0,0.0,104300.0,-2024845000.0,38200000.0,0.0,1986645000.0
08/02/2021,7645.408521138,19000.0,-150.0,-0.00789474,7909.043297729,7990.1616905262,7300.6553517499,183400.0,3455205000.0,0.0,0.0,183400.0,3455205000.0,18000.0,-1800.0,0.0,-16200.0,339010000.0,-34970000.0,0.0,-304040000.0
05/02/2021,7706.2473157359,19000.0,0.0,0.0,7827.9249049318,7827.9249049318,7685.9677175366,262900.0,5004110000.0,0.0,0.0,262900.0,5004110000.0,3000.0,-2100.0,-100.0,-900.0,57330000.0,-40000000.0,-1900000.0,-17330000.0
04/02/2021,7706.2473157359,19000.0,0.0,0.0,7706.2473157359,7787.3657085331,7544.0105301415,209600.0,3965840000.0,0.0,0.0,209600.0,3965840000.0,-65200.0,300.0,0.0,64900.0,-1236925000.0,4545000.0,0.0,1232380000.0
03/02/2021,7706.2473157359,18500.0,500.0,0.02702703,7422.3329409456,7807.6453067325,7422.3329409456,265400.0,5001420000.0,0.0,0.0,265400.0,5001420000.0,-64200.0,66700.0,-100.0,-2500.0,-1199460000.0,1246315000.0,-1865000.0,-46855000.0
02/02/2021,7503.4513337429,18450.0,50.0,0.00271003,7381.7737445471,7584.5697265402,7341.2145481484,400900.0,7397060000.0,0.0,0.0,400900.0,7397060000.0,-118000.0,167400.0,0.0,-49400.0,-2186645000.0,3091290000.0,0.0,-904645000.0
01/02/2021,7483.1717355436,18450.0,0.0,0.0,7625.1289229387,7909.043297729,7381.7737445471,460700.0,8638285000.0,0.0,0.0,460700.0,8638285000.0,-55600.0,1000.0,0.0,54600.0,-1035295000.0,18740000.0,0.0,1016555000.0
29/01/2021,7483.1717355436,17900.0,550.0,0.03072626,6773.3857985679,7503.4513337429,6753.1062003686,300000.0,5249000000.0,0.0,0.0,300000.0,5249000000.0,-11500.0,1000.0,0.0,10500.0,-199035000.0,16700000.0,0.0,182335000.0
28/01/2021,7260.0961553512,19200.0,-1300.0,-0.06770833,7260.0961553512,7584.5697265402,7260.0961553512,727100.0,13102885000.0,0.0,0.0,727100.0,13102885000.0,-133100.0,113900.0,0.0,19200.0,-2395925000.0,2047650000.0,0.0,348275000.0
27/01/2021,7787.3657085331,20550.0,-1350.0,-0.06569343,8192.9576725193,8355.1944581137,7767.0861103339,424100.0,8313685000.0,984000.0,18843600000.0,1408100.0,27157285000.0,-75600.0,11000.0,0.0,64600.0,-1479760000.0,216800000.0,0.0,1262960000.0
26/01/2021,8334.9148599144,21200.0,-650.0,-0.03066038,8801.3456184984,8801.3456184984,8030.7208869249,444900.0,9075385000.0,0.0,0.0,444900.0,9075385000.0,-64900.0,2100.0,0.0,62800.0,-1320600000.0,42420000.0,0.0,1278180000.0
25/01/2021,8598.5496365054,21200.0,0.0,0.0,8517.4312437081,8882.4640112956,8517.4312437081,495900.0,10704530000.0,0.0,0.0,495900.0,10704530000.0,-8500.0,-11900.0,0.0,20400.0,-184980000.0,-257040000.0,0.0,442020000.0
22/01/2021,8598.5496365054,20500.0,700.0,0.03414634,8355.1944581137,8760.7864220998,8233.5168689179,400200.0,8338225000.0,0.0,0.0,400200.0,8338225000.0,-153400.0,-12400.0,-400.0,165800.0,-3211800000.0,-254800000.0,-8200000.0,3466600000.0
21/01/2021,8314.6352617151,20000.0,500.0,0.025,8111.8392797221,8436.3128509109,8030.7208869249,356500.0,7264180000.0,0.0,0.0,356500.0,7264180000.0,30200.0,-12000.0,0.0,-18200.0,608270000.0,-240000000.0,0.0,-368270000.0
20/01/2021,8111.8392797221,20300.0,-300.0,-0.01477833,8030.7208869249,8314.6352617151,7665.6881193374,570100.0,11180835000.0,0.0,0.0,570100.0,11180835000.0,-122100.0,66900.0,0.0,55200.0,-2390270000.0,1293330000.0,0.0,1096940000.0
19/01/2021,8233.5168689179,21800.0,-1500.0,-0.06880734,8841.904814897,8841.904814897,8233.5168689179,419900.0,8764595000.0,0.0,0.0,419900.0,8764595000.0,-77300.0,89700.0,0.0,-12400.0,-1563375000.0,1825095000.0,0.0,-261720000.0
18/01/2021,8841.904814897,22350.0,-550.0,-0.0246085,9166.3783860859,9166.3783860859,8659.3884311033,525200.0,11523525000.0,0.0,0.0,525200.0,11523525000.0,-33300.0,0.0,0.0,33300.0,-732880000.0,0.0,0.0,732880000.0
15/01/2021,9064.9803950893,20900.0,1450.0,0.0694,8476.8720473096,9064.9803950893,8476.8720473096,1014100.0,22299740000.0,0.0,0.0,1014100.0,22299740000.0,-163700.0,-12000.0,0.0,175700.0,-3554130000.0,-259200000.0,0.0,3813330000.0
14/01/2021,8476.8720473096,21050.0,-150.0,-0.0071,8537.7108419074,8598.5496365054,8274.0760653165,331500.0,6890190000.0,0.0,0.0,331500.0,6890190000.0,-23300.0,18500.0,0.0,4800.0,-472220000.0,372400000.0,0.0,99820000.0
13/01/2021,8537.7108419074,20800.0,250.0,0.01201923,8476.8720473096,8801.3456184984,8436.3128509109,601500.0,12787295000.0,0.0,0.0,601500.0,12787295000.0,8500.0,-12000.0,0.0,3500.0,170595000.0,-253200000.0,0.0,82605000.0
12/01/2021,8436.3128509109,20800.0,0.0,0.0,8517.4312437081,8517.4312437081,8355.1944581137,353100.0,7343375000.0,0.0,0.0,353100.0,7343375000.0,12200.0,-12000.0,0.0,-200.0,253750000.0,-249600000.0,0.0,-4150000.0
11/01/2021,8436.3128509109,20750.0,50.0,0.00240964,8436.3128509109,8537.7108419074,8111.8392797221,641600.0,13307360000.0,0.0,0.0,641600.0,13307360000.0,7100.0,-12100.0,-100.0,5000.0,135975000.0,-251085000.0,-2085000.0,115110000.0
08/01/2021,8416.0332527117,20550.0,200.0,0.00973236,8517.4312437081,8639.108832904,8334.9148599144,478900.0,10058425000.0,0.0,0.0,478900.0,10058425000.0,-47600.0,-13000.0,0.0,60600.0,-1004505000.0,-273000000.0,0.0,1277505000.0
07/01/2021,8334.9148599144,19250.0,1300.0,0.0675,7787.3657085331,8334.9148599144,7787.3657085331,1240800.0,24992980000.0,0.0,0.0,1240800.0,24992980000.0,-139200.0,-13000.0,0.0,152200.0,-2834525000.0,-267150000.0,0.0,3101675000.0
06/01/2021,7807.6453067325,19250.0,0.0,0.0,7807.6453067325,7909.043297729,7787.3657085331,650100.0,12567275000.0,0.0,0.0,650100.0,12567275000.0,34400.0,0.0,0.0,-34400.0,667210000.0,0.0,0.0,-667210000.0
05/01/2021,7807.6453067325,19400.0,-150.0,-0.00773196,7706.2473157359,7949.6024941276,7706.2473157359,267800.0,5182625000.0,0.0,0.0,267800.0,5182625000.0,4300.0,0.0,0.0,-4300.0,83345000.0,0.0,0.0,-83345000.0
04/01/2021,7868.4841013303,18800.0,600.0,0.03191489,7625.1289229387,7909.043297729,7584.5697265402,427000.0,8135265000.0,0.0,0.0,427000.0,8135265000.0,3700.0,0.0,0.0,-3700.0,68750000.0,0.0,0.0,-68750000.0
31/12/2020,7625.1289229387,18550.0,250.0,0.01347709,7625.1289229387,7665.6881193374,7523.7309319422,176130.0,3300913500.0,0.0,0.0,176130.0,3300913500.0,-12150.0,-40.0,-40.0,12190.0,-228920500.0,-752000.0,-752000.0,229672500.0
30/12/2020,7523.7309319422,18650.0,-100.0,-0.00536193,7544.0105301415,7645.408521138,7503.4513337429,317910.0,5933337000.0,0.0,0.0,317910.0,5933337000.0,-112100.0,95360.0,0.0,16740.0,-2085992000.0,1772476000.0,0.0,313516000.0
29/12/2020,7564.2901283408,18900.0,-250.0,-0.01322751,7503.4513337429,7625.1289229387,7503.4513337429,360020.0,6695483000.0,0.0,0.0,360020.0,6695483000.0,-48270.0,49310.0,-20.0,-1040.0,-895557000.0,914699500.0,-372000.0,-19142500.0
28/12/2020,7665.6881193374,18900.0,0.0,0.0,7665.6881193374,7706.2473157359,7523.7309319422,515740.0,9680302500.0,0.0,0.0,515740.0,9680302500.0,-56320.0,63750.0,0.0,-7430.0,-1052389000.0,1191045000.0,0.0,-138656000.0
25/12/2020,7665.6881193374,18850.0,50.0,0.00265252,7645.408521138,7685.9677175366,7381.7737445471,435380.0,8132509000.0,0.0,0.0,435380.0,8132509000.0,-116290.0,-2300.0,0.0,118590.0,-2175420000.0,-43240000.0,0.0,2218660000.0
24/12/2020,7645.408521138,19350.0,-500.0,-0.02583979,7848.2045031311,7868.4841013303,7300.6553517499,563230.0,10416857000.0,0.0,0.0,563230.0,10416857000.0,-42850.0,49980.0,-20.0,-7130.0,-790422000.0,926558000.0,-367000.0,-136136000.0
23/12/2020,7848.2045031311,19650.0,-300.0,-0.01526718,8051.0004851242,8071.2800833234,7848.2045031311,586720.0,11553856500.0,0.0,0.0,586720.0,11553856500.0,-37820.0,43300.0,0.0,-5480.0,-734589500.0,842385000.0,0.0,-107795500.0
22/12/2020,7969.8820923269,19250.0,400.0,0.02077922,7787.3657085331,8111.8392797221,7787.3657085331,669460.0,13130585500.0,0.0,0.0,669460.0,13130585500.0,3190.0,0.0,0.0,-3190.0,64734000.0,0.0,0.0,-64734000.0
21/12/2020,7807.6453067325,18650.0,600.0,0.03217158,7706.2473157359,7909.043297729,7685.9677175366,888950.0,17028778500.0,0.0,0.0,888950.0,17028778500.0,2940.0,-10.0,-10.0,-2930.0,52263000.0,-190000.0,-190000.0,-52073000.0
18/12/2020,7564.2901283408,18400.0,250.0,0.01358696,7462.8921373443,7604.8493247394,7381.7737445471,436490.0,8067081000.0,32000.0,601600000.0,468490.0,8668681000.0,-5140.0,16000.0,0.0,-10860.0,-95434500.0,294400000.0,0.0,-198965500.0
17/12/2020,7462.8921373443,18150.0,250.0,0.0137741,7402.0533427464,7706.2473157359,7361.4941463478,720120.0,13348564500.0,0.0,0.0,720120.0,13348564500.0,12650.0,0.0,0.0,-12650.0,231599000.0,0.0,0.0,-231599000.0
16/12/2020,7361.4941463478,18100.0,50.0,0.00276243,7341.2145481484,7442.612539145,7341.2145481484,367140.0,6689383500.0,0.0,0.0,367140.0,6689383500.0,-4970.0,0.0,0.0,4970.0,-90244000.0,0.0,0.0,90244000.0
15/12/2020,7341.2145481484,18200.0,-100.0,-0.00549451,7422.3329409456,7422.3329409456,7320.9349499491,366510.0,6654051500.0,0.0,0.0,366510.0,6654051500.0,22540.0,0.0,0.0,-22540.0,408337500.0,0.0,0.0,-408337500.0
14/12/2020,7381.7737445471,18300.0,-100.0,-0.00546448,7462.8921373443,7625.1289229387,7300.6553517499,355750.0,6516554500.0,0.0,0.0,355750.0,6516554500.0,6740.0,0.0,0.0,-6740.0,121632500.0,0.0,0.0,-121632500.0
11/12/2020,7422.3329409456,17800.0,500.0,0.02808989,7219.5369589527,7462.8921373443,7219.5369589527,500550.0,9044432000.0,0.0,0.0,500550.0,9044432000.0,-170070.0,-5550.0,0.0,175620.0,-3088786500.0,-99790000.0,0.0,3188576500.0
10/12/2020,7219.5369589527,18350.0,-550.0,-0.02997275,7462.8921373443,7462.8921373443,7219.5369589527,585630.0,10585891500.0,0.0,0.0,585630.0,10585891500.0,26030.0,0.0,0.0,-26030.0,470226500.0,0.0,0.0,-470226500.0
09/12/2020,7442.612539145,18650.0,-300.0,-0.01608579,7584.5697265402,7584.5697265402,7422.3329409456,415880.0,7666217000.0,0.0,0.0,415880.0,7666217000.0,4110.0,0.0,0.0,-4110.0,76892500.0,0.0,0.0,-76892500.0
08/12/2020,7564.2901283408,18100.0,550.0,0.03038674,7422.3329409456,7706.2473157359,7341.2145481484,637030.0,11926871000.0,0.0,0.0,637030.0,11926871000.0,-17350.0,7840.0,0.0,9510.0,-324485000.0,148495000.0,0.0,175990000.0
07/12/2020,7341.2145481484,18250.0,-150.0,-0.00821918,7503.4513337429,7503.4513337429,7300.6553517499,427380.0,7757901000.0,0.0,0.0,427380.0,7757901000.0,-1760.0,-4000.0,0.0,5760.0,-32625500.0,-72200000.0,0.0,104825500.0
04/12/2020,7402.0533427464,18100.0,150.0,0.00828729,7422.3329409456,7483.1717355436,7361.4941463478,476430.0,8693149000.0,0.0,0.0,476430.0,8693149000.0,10280.0,0.0,0.0,-10280.0,187429000.0,0.0,0.0,-187429000.0
03/12/2020,7341.2145481484,18200.0,-100.0,-0.00549451,7381.7737445471,7483.1717355436,7341.2145481484,418290.0,7616693000.0,0.0,0.0,418290.0,7616693000.0,-18160.0,0.0,0.0,18160.0,-330618000.0,0.0,0.0,330618000.0
02/12/2020,7381.7737445471,18500.0,-300.0,-0.01621622,7544.0105301415,7544.0105301415,7320.9349499491,403900.0,7414841000.0,0.0,0.0,403900.0,7414841000.0,-61240.0,-70.0,-70.0,61310.0,-1123115500.0,-1277500.0,-1277500.0,1124393000.0
01/12/2020,7503.4513337429,18150.0,350.0,0.01928375,7199.2573607533,7503.4513337429,7199.2573607533,543590.0,9805277500.0,0.0,0.0,543590.0,9805277500.0,-58590.0,-2000.0,0.0,60590.0,-1058078500.0,-35850000.0,0.0,1093928500.0
30/11/2020,7361.4941463478,17900.0,250.0,0.01396648,7381.7737445471,7584.5697265402,7199.2573607533,831830.0,15073842000.0,0.0,0.0,831830.0,15073842000.0,-23380.0,0.0,0.0,23380.0,-424542000.0,0.0,0.0,424542000.0
27/11/2020,7260.0961553512,17800.0,100.0,0.00561798,7219.5369589527,7300.6553517499,7158.6981643547,428450.0,7625619500.0,0.0,0.0,428450.0,7625619500.0,-7550.0,0.0,0.0,7550.0,-135172500.0,0.0,0.0,135172500.0
26/11/2020,7219.5369589527,18200.0,-400.0,-0.02197802,7361.4941463478,7422.3329409456,7178.977762554,442300.0,7943740000.0,0.0,0.0,442300.0,7943740000.0,-18010.0,0.0,0.0,18010.0,-324818000.0,0.0,0.0,324818000.0
25/11/2020,7381.7737445471,18450.0,-250.0,-0.01355014,7625.1289229387,7665.6881193374,7361.4941463478,645190.0,11933845000.0,0.0,0.0,645190.0,11933845000.0,10090.0,0.0,0.0,-10090.0,185679000.0,0.0,0.0,-185679000.0
24/11/2020,7483.1717355436,17250.0,1200.0,0.06956522,7037.0205751589,7483.1717355436,6996.4613787603,1497740.0,26720655500.0,0.0,0.0,1497740.0,26720655500.0,-167240.0,1500.0,0.0,165740.0,-2941474500.0,27625000.0,0.0,2913849500.0
23/11/2020,6996.4613787603,17500.0,-250.0,-0.01428571,7097.8593697568,7178.977762554,6976.1817805609,433120.0,7518591500.0,0.0,0.0,433120.0,7518591500.0,-40620.0,-200.0,0.0,40820.0,-706824500.0,-3480000.0,0.0,710304500.0
20/11/2020,7097.8593697568,17000.0,500.0,0.02941176,6976.1817805609,7300.6553517499,6813.9449949665,807660.0,14012770000.0,0.0,0.0,807660.0,14012770000.0,-31740.0,-500.0,0.0,32240.0,-552433000.0,-8750000.0,0.0,561183000.0
19/11/2020,6895.0633877637,17700.0,-700.0,-0.03954802,7057.3001733582,7178.977762554,6773.3857985679,1151350.0,19719900000.0,0.0,0.0,1151350.0,19719900000.0,-15660.0,-500.0,0.0,16160.0,-269841500.0,-8675000.0,0.0,278516500.0
18/11/2020,7178.977762554,18000.0,-300.0,-0.01666667,7178.977762554,7341.2145481484,7037.0205751589,1306770.0,22972461500.0,0.0,0.0,1306770.0,22972461500.0,-32500.0,200.0,0.0,32300.0,-570745000.0,3520000.0,0.0,567225000.0
17/11/2020,7300.6553517499,17600.0,400.0,0.02272727,7178.977762554,7503.4513337429,6976.1817805609,481240.0,8637185500.0,0.0,0.0,481240.0,8637185500.0,-5310.0,-4970.0,0.0,10280.0,-88982500.0,-90354000.0,0.0,179336500.0
16/11/2020,7138.4185661554,16550.0,1050.0,0.06344411,7097.8593697568,7178.977762554,6773.3857985679,1361130.0,23781721000.0,0.0,0.0,1361130.0,23781721000.0,-1410.0,5000.0,0.0,-3590.0,-23629000.0,87200000.0,0.0,-63571000.0
13/11/2020,6712.54700397,15500.0,1050.0,0.06774194,6286.6754417846,6712.54700397,6286.6754417846,1900340.0,31061745500.0,0.0,0.0,1900340.0,31061745500.0,-28690.0,500.0,0.0,28190.0,-470566000.0,8025000.0,0.0,462541000.0
12/11/2020,6286.6754417846,15350.0,150.0,0.00977199,6327.2346381832,6327.2346381832,6185.2774507881,233040.0,3578000000.0,0.0,0.0,233040.0,3578000000.0,-9470.0,4970.0,0.0,4500.0,-145586500.0,76289500.0,0.0,69297000.0
11/11/2020,6225.8366471866,15450.0,-100.0,-0.00647249,6286.6754417846,6388.0734327812,6205.5570489874,251940.0,3886000000.0,0.0,0.0,251940.0,3886000000.0,-16680.0,0.0,0.0,16680.0,-257978500.0,0.0,0.0,257978500.0
10/11/2020,6266.3958435853,15800.0,-350.0,-0.0221519,6469.1918255784,6469.1918255784,6266.3958435853,414660.0,6482585500.0,0.0,0.0,414660.0,6482585500.0,-21840.0,0.0,0.0,21840.0,-342660500.0,0.0,0.0,342660500.0
09/11/2020,6408.3530309804,15400.0,400.0,0.02597403,6286.6754417846,6570.5898165749,6286.6754417846,529440.0,8369713500.0,0.0,0.0,529440.0,8369713500.0,-96490.0,-2130.0,0.0,98620.0,-1520726500.0,-33015000.0,0.0,1553741500.0
06/11/2020,6246.116245386,15200.0,200.0,0.01315789,6246.116245386,6286.6754417846,6164.9978525888,188740.0,2889994500.0,0.0,0.0,188740.0,2889994500.0,-41440.0,0.0,0.0,41440.0,-634108000.0,0.0,0.0,634108000.0
05/11/2020,6164.9978525888,15550.0,-350.0,-0.02250804,6306.9550399838,6347.5142363825,6164.9978525888,333110.0,5148151500.0,0.0,0.0,333110.0,5148151500.0,-17840.0,-870.0,0.0,18710.0,-276056000.0,-13441500.0,0.0,289497500.0
04/11/2020,6306.9550399838,15250.0,300.0,0.01967213,6185.2774507881,6327.2346381832,6104.1590579909,535580.0,8224931000.0,0.0,0.0,535580.0,8224931000.0,-15520.0,-1600.0,0.0,17120.0,-237396000.0,-24800000.0,0.0,262196000.0
03/11/2020,6185.2774507881,15200.0,50.0,0.00328947,6246.116245386,6266.3958435853,6124.4386561901,288920.0,4415981500.0,0.0,0.0,288920.0,4415981500.0,-10740.0,-760.0,0.0,11500.0,-163832500.0,-11552000.0,0.0,175384500.0
02/11/2020,6164.9978525888,14450.0,750.0,0.05190311,5921.6426741971,6225.8366471866,5881.0834777985,492340.0,7346241500.0,0.0,0.0,492340.0,7346241500.0,4350.0,-17000.0,0.0,12650.0,62180500.0,-251125000.0,0.0,188944500.0
30/10/2020,5860.8038795992,14450.0,0.0,0.0,5921.6426741971,5921.6426741971,5799.9650850013,100420.0,1448787500.0,0.0,0.0,100420.0,1448787500.0,2974.0,0.0,0.0,-2960.0,42466000.0,0.0,0.0,-42466000.0
29/10/2020,5860.8038795992,14100.0,350.0,0.0248227,5678.2874958054,5962.2018705957,5678.2874958054,246610.0,3534507500.0,0.0,0.0,246610.0,3534507500.0,-28679.0,-4000.0,0.0,32680.0,-407161000.0,-58200000.0,0.0,465361000.0
28/10/2020,5718.8466922041,14300.0,-200.0,-0.01398601,5759.4058886026,5799.9650850013,5556.6099066096,411680.0,5786630500.0,0.0,0.0,411680.0,5786630500.0,25410.0,-25500.0,0.0,60.0,356150500.0,-357000000.0,0.0,849500.0
27/10/2020,5799.9650850013,14300.0,0.0,0.0,5678.2874958054,5840.5242813999,5678.2874958054,188620.0,2683208500.0,0.0,0.0,188620.0,2683208500.0,-12051.0,11010.0,0.0,1040.0,-170250500.0,155490500.0,0.0,14760000.0
26/10/2020,5799.9650850013,14650.0,-350.0,-0.02389079,5941.9222723964,5982.481468795,5759.4058886026,243090.0,3533148000.0,0.0,0.0,243090.0,3533148000.0,-10335.0,9250.0,0.0,1050.0,-149157000.0,133775000.0,0.0,15382000.0
23/10/2020,5941.9222723964,14650.0,0.0,0.0,5982.481468795,6063.5998615922,5860.8038795992,248480.0,3639742500.0,0.0,0.0,248480.0,3639742500.0,-3067.0,3000.0,0.0,40.0,-43491000.0,42900000.0,0.0,591000.0
22/10/2020,5941.9222723964,14400.0,250.0,0.01736111,5840.5242813999,5941.9222723964,5678.2874958054,98410.0,1409186000.0,0.0,0.0,98410.0,1409186000.0,-760.0,750.0,0.0,20.0,-11088000.0,10800000.0,0.0,288000.0
21/10/2020,5840.5242813999,14700.0,-300.0,-0.02040816,5962.2018705957,6043.3202633929,5840.5242813999,155730.0,2277888500.0,0.0,0.0,155730.0,2277888500.0,-1087.0,750.0,0.0,340.0,-16023000.0,11025000.0,0.0,4998000.0
20/10/2020,5962.2018705957,14350.0,350.0,0.02439024,5820.2446832006,6043.3202633929,5759.4058886026,306710.0,4509053000.0,0.0,0.0,306710.0,4509053000.0,-118643.0,0.0,0.0,118630.0,-1748111500.0,0.0,0.0,1748111500.0
19/10/2020,5820.2446832006,14700.0,-350.0,-0.02380952,5921.6426741971,5941.9222723964,5820.2446832006,459270.0,6641940500.0,0.0,0.0,459270.0,6641940500.0,-231.0,0.0,0.0,240.0,-3492000.0,0.0,0.0,3492000.0
16/10/2020,5962.2018705957,15100.0,-400.0,-0.02649007,6205.5570489874,6205.5570489874,5881.0834777985,339080.0,5032210000.0,0.0,0.0,339080.0,5032210000.0,-379.0,0.0,0.0,380.0,-5667000.0,0.0,0.0,5667000.0
15/10/2020,6124.4386561901,15400.0,-300.0,-0.01948052,6327.2346381832,6327.2346381832,6083.8794597915,358910.0,5458136500.0,0.0,0.0,358910.0,5458136500.0,-3168.0,0.0,0.0,3270.0,-49552000.0,0.0,0.0,49552000.0
14/10/2020,6246.116245386,15000.0,400.0,0.02666667,6083.8794597915,6489.4714237776,6083.8794597915,665000.0,10323236500.0,0.0,0.0,665000.0,10323236500.0,-920.0,500.0,0.0,1420.0,-29734000.0,7800000.0,0.0,21934000.0
13/10/2020,6083.8794597915,15200.0,-200.0,-0.01315789,6246.116245386,6246.116245386,6083.8794597915,398340.0,6049427500.0,0.0,0.0,398340.0,6049427500.0,-2924.0,0.0,0.0,2900.0,-44200000.0,0.0,0.0,44200000.0
12/10/2020,6164.9978525888,15600.0,-400.0,-0.02564103,6327.2346381832,6327.2346381832,6144.7182543894,497840.0,7671456500.0,0.0,0.0,497840.0,7671456500.0,1614.0,0.0,0.0,-1490.0,23744000.0,0.0,0.0,-23744000.0
09/10/2020,6327.2346381832,14600.0,1000.0,0.06849315,6327.2346381832,6327.2346381832,6185.2774507881,861480.0,13389159000.0,0.0,0.0,861480.0,13389159000.0,75880.0,0.0,0.0,-23320.0,1182592000.0,0.0,0.0,-363092000.0
08/10/2020,5921.6426741971,14500.0,100.0,0.00689655,6002.7610669943,6023.0406651937,5860.8038795992,248760.0,3644569500.0,0.0,0.0,248760.0,3644569500.0,3210.0,0.0,0.0,-4720.0,47892500.0,0.0,0.0,-69384000.0
07/10/2020,5881.0834777985,14450.0,50.0,0.00346021,5860.8038795992,6063.5998615922,5860.8038795992,373750.0,5502652000.0,0.0,0.0,373750.0,5502652000.0,28210.0,0.0,0.0,-10000.0,409817000.0,3750000.0,0.0,-145080000.0
06/10/2020,5860.8038795992,14800.0,-350.0,-0.02364865,6002.7610669943,6002.7610669943,5860.8038795992,250560.0,3645457500.0,0.0,0.0,250560.0,3645457500.0,2300.0,0.0,0.0,-410.0,33073500.0,0.0,0.0,-6138000.0
05/10/2020,6002.7610669943,14100.0,700.0,0.04964539,5739.1262904034,6063.5998615922,5739.1262904034,317350.0,4640880000.0,0.0,0.0,317350.0,4640880000.0,2860.0,3000.0,0.0,-1400.0,42156500.0,44400000.0,0.0,-20004500.0
02/10/2020,5718.8466922041,13600.0,500.0,0.03676471,5597.1691030082,5718.8466922041,5536.3303084103,567940.0,7908832500.0,0.0,0.0,567940.0,7908832500.0,6130.0,-10000.0,0.0,-8700.0,84265500.0,-138628500.0,0.0,-120328500.0
01/10/2020,5516.050710211,13450.0,150.0,0.01115242,5455.2119156131,5516.050710211,5414.6527192145,278500.0,3749512000.0,151500.0,1969500000.0,430000.0,5719012000.0,81050.0,5000.0,0.0,-5500.0,1085069000.0,67500000.0,0.0,-73993500.0
30/09/2020,5455.2119156131,13150.0,300.0,0.02281369,5313.2547282179,5475.4915138123,5252.41593362,129850.0,1716628000.0,0.0,0.0,129850.0,1716628000.0,2290.0,0.0,0.0,-3850.0,30359500.0,0.0,0.0,-50751500.0
29/09/2020,5333.5343264172,13450.0,-300.0,-0.02230483,5414.6527192145,5414.6527192145,5333.5343264172,198430.0,2632956000.0,0.0,0.0,198430.0,2632956000.0,-100.0,3000.0,0.0,-3030.0,-1453500.0,39900000.0,0.0,-40175500.0
28/09/2020,5455.2119156131,13500.0,-50.0,-0.0037037,5475.4915138123,5475.4915138123,5394.3731210151,203720.0,2733721500.0,229000.0,2977000000.0,432720.0,5710721500.0,6350.0,0.0,0.0,-4490.0,85236500.0,0.0,0.0,-60226000.0
25/09/2020,5475.4915138123,13150.0,350.0,0.02661597,5333.5343264172,5495.7711120117,5313.2547282179,308760.0,4151970500.0,0.0,0.0,308760.0,4151970500.0,0.0,0.0,0.0,-2230.0,-104500.0,0.0,0.0,-29845000.0
24/09/2020,5333.5343264172,13200.0,-50.0,-0.00378788,5394.3731210151,5455.2119156131,5313.2547282179,140810.0,1867041500.0,0.0,0.0,140810.0,1867041500.0,-4360.0,0.0,0.0,-8060.0,-58291000.0,0.0,0.0,-107134500.0
23/09/2020,5353.8139246166,12750.0,450.0,0.03529412,5171.2975408228,5434.9323174138,5151.0179426235,224120.0,2926827000.0,0.0,0.0,224120.0,2926827000.0,-1940.0,0.0,0.0,-4460.0,-26025500.0,0.0,0.0,-57137000.0
22/09/2020,5171.2975408228,12750.0,0.0,0.0,5151.0179426235,5171.2975408228,5110.4587462248,35960.0,454715000.0,0.0,0.0,35960.0,454715000.0,530.0,0.0,0.0,-530.0,6757500.0,0.0,0.0,-6757500.0
21/09/2020,5171.2975408228,12700.0,50.0,0.00393701,5151.0179426235,5191.5771390221,5130.7383444242,136860.0,1739717000.0,0.0,0.0,136860.0,1739717000.0,2900.0,-5000.0,0.0,2000.0,37080000.0,-63750000.0,0.0,25400000.0
18/09/2020,5151.0179426235,12600.0,100.0,0.00793651,5191.5771390221,5191.5771390221,5110.4587462248,25070.0,318509500.0,0.0,0.0,25070.0,318509500.0,-2230.0,0.0,0.0,2230.0,-28442000.0,0.0,0.0,28442000.0
17/09/2020,5110.4587462248,12600.0,0.0,0.0,5151.0179426235,5191.5771390221,5090.1791480256,80330.0,1015614000.0,0.0,0.0,80330.0,1015614000.0,1990.0,2000.0,0.0,-4790.0,25513000.0,25200000.0,0.0,-60833000.0
16/09/2020,5110.4587462248,12800.0,-200.0,-0.015625,5211.8567372214,5211.8567372214,5110.4587462248,57860.0,734151000.0,0.0,0.0,57860.0,734151000.0,-200.0,0.0,0.0,200.0,-2560000.0,0.0,0.0,2560000.0
15/09/2020,5191.5771390221,12900.0,-100.0,-0.00775194,5272.6955318194,5272.6955318194,5130.7383444242,102260.0,1313118000.0,0.0,0.0,102260.0,1313118000.0,8750.0,-4000.0,0.0,6330.0,113154000.0,-51600000.0,0.0,81624000.0
14/09/2020,5232.1363354207,12800.0,100.0,0.0078125,5272.6955318194,5353.8139246166,5171.2975408228,44640.0,575392000.0,0.0,0.0,44640.0,575392000.0,1720.0,-1000.0,0.0,-720.0,22421500.0,-13200000.0,0.0,-9221500.0
11/09/2020,5191.5771390221,12900.0,-100.0,-0.00775194,5252.41593362,5252.41593362,5151.0179426235,22500.0,287117000.0,0.0,0.0,22500.0,287117000.0,-690.0,0.0,0.0,660.0,-8819000.0,0.0,0.0,8432000.0
10/09/2020,5232.1363354207,12400.0,500.0,0.04032258,5069.8995498263,5333.5343264172,5069.8995498263,86170.0,1114682000.0,0.0,0.0,86170.0,1114682000.0,-770.0,-1000.0,0.0,3690.0,-9151500.0,-12996000.0,0.0,47115500.0
09/09/2020,5029.3403534276,12550.0,-150.0,-0.01195219,5029.3403534276,5090.1791480256,5029.3403534276,113950.0,1416966000.0,0.0,0.0,113950.0,1416966000.0,59900.0,0.0,0.0,-60860.0,744860500.0,0.0,0.0,-756855500.0
08/09/2020,5090.1791480256,12600.0,-50.0,-0.00396825,5130.7383444242,5171.2975408228,5069.8995498263,174020.0,2196566000.0,0.0,0.0,174020.0,2196566000.0,57800.0,-10000.0,0.0,-47300.0,730389000.0,-126825000.0,0.0,-597239000.0
07/09/2020,5110.4587462248,12900.0,-300.0,-0.02325581,5211.8567372214,5272.6955318194,5110.4587462248,126280.0,1612495000.0,0.0,0.0,126280.0,1612495000.0,-13020.0,-3430.0,0.0,1770.0,-167336500.0,-43875500.0,0.0,22730000.0
04/09/2020,5232.1363354207,13100.0,-200.0,-0.01526718,5151.0179426235,5272.6955318194,5151.0179426235,95970.0,1233141500.0,0.0,0.0,95970.0,1233141500.0,9530.0,-11900.0,0.0,1810.0,120872500.0,-151295000.0,0.0,23217500.0
03/09/2020,5313.2547282179,13150.0,-50.0,-0.00380228,5414.6527192145,5414.6527192145,5191.5771390221,167630.0,2199149500.0,0.0,0.0,167630.0,2199149500.0,19390.0,5000.0,0.0,-36250.0,258611500.0,65000000.0,0.0,-478822000.0
01/09/2020,5333.5343264172,13350.0,-200.0,-0.01498127,5414.6527192145,5434.9323174138,5333.5343264172,101470.0,1346429500.0,0.0,0.0,101470.0,1346429500.0,-1770.0,0.0,0.0,1780.0,-23417000.0,0.0,0.0,23550500.0
31/08/2020,5414.6527192145,13500.0,-150.0,-0.01111111,5475.4915138123,5475.4915138123,5374.0935228159,47830.0,640791000.0,0.0,0.0,47830.0,640791000.0,-1530.0,0.0,0.0,1340.0,-20619000.0,0.0,0.0,18090000.0
28/08/2020,5475.4915138123,13500.0,0.0,0.0,5475.4915138123,5678.2874958054,5475.4915138123,263490.0,3629116000.0,0.0,0.0,263490.0,3629116000.0,-28270.0,13520.0,-10.0,2220.0,-389401000.0,187827000.0,-136500.0,30493000.0
27/08/2020,5475.4915138123,13300.0,200.0,0.01503759,5394.3731210151,5495.7711120117,5353.8139246166,196560.0,2642793500.0,0.0,0.0,196560.0,2642793500.0,-12690.0,2600.0,0.0,3620.0,-169423000.0,34962000.0,0.0,48733000.0
26/08/2020,5394.3731210151,13000.0,300.0,0.02307692,5252.41593362,5556.6099066096,5232.1363354207,249300.0,3326850500.0,0.0,0.0,249300.0,3326850500.0,-37970.0,1000.0,0.0,1280.0,-497860500.0,13400000.0,0.0,17127000.0
25/08/2020,5272.6955318194,12950.0,50.0,0.003861,5191.5771390221,5272.6955318194,5069.8995498263,117780.0,1510008500.0,0.0,0.0,117780.0,1510008500.0,4220.0,-5000.0,0.0,10.0,54521500.0,-64500000.0,0.0,132500.0
24/08/2020,5252.41593362,13000.0,-50.0,-0.00384615,5313.2547282179,5353.8139246166,5232.1363354207,80590.0,1048022500.0,0.0,0.0,80590.0,1048022500.0,1670.0,0.0,0.0,330.0,21504000.0,0.0,0.0,4646000.0
21/08/2020,5272.6955318194,12750.0,250.0,0.01960784,5191.5771390221,5353.8139246166,5191.5771390221,123660.0,1610713500.0,0.0,0.0,123660.0,1610713500.0,80.0,3000.0,0.0,1740.0,2455500.0,38850000.0,0.0,22558500.0
20/08/2020,5171.2975408228,12300.0,450.0,0.03658537,5029.3403534276,5191.5771390221,5029.3403534276,141450.0,1784650000.0,0.0,0.0,141450.0,1784650000.0,-5900.0,4210.0,0.0,1880.0,-73583000.0,52464500.0,0.0,23531500.0
19/08/2020,4988.7811570291,12250.0,50.0,0.00408163,4968.5015588298,5110.4587462248,4948.2219606304,69780.0,860720500.0,0.0,0.0,69780.0,860720500.0,-12470.0,4990.0,0.0,1780.0,-153291500.0,61027000.0,0.0,21954500.0
18/08/2020,4968.5015588298,12150.0,100.0,0.00823045,4948.2219606304,4968.5015588298,4887.3831660325,35250.0,428835500.0,0.0,0.0,35250.0,428835500.0,-310.0,0.0,0.0,310.0,-3773000.0,0.0,0.0,3773000.0
17/08/2020,4927.9423624311,12200.0,-50.0,-0.00409836,4948.2219606304,4988.7811570291,4867.1035678332,80350.0,969314000.0,0.0,0.0,80350.0,969314000.0,-10980.0,0.0,0.0,0.0,-131800000.0,0.0,0.0,0.0
14/08/2020,4948.2219606304,12300.0,-100.0,-0.00813008,4988.7811570291,5009.0607552284,4927.9423624311,86220.0,1056264000.0,0.0,0.0,86220.0,1056264000.0,-8600.0,0.0,0.0,-590.0,-105361000.0,0.0,0.0,-7256500.0
13/08/2020,4988.7811570291,12300.0,0.0,0.0,4988.7811570291,5049.619951627,4988.7811570291,52200.0,644404000.0,0.0,0.0,52200.0,644404000.0,-1790.0,0.0,0.0,0.0,-21949000.0,0.0,0.0,0.0
12/08/2020,4988.7811570291,12450.0,-150.0,-0.01204819,5029.3403534276,5029.3403534276,4988.7811570291,34850.0,430567000.0,0.0,0.0,34850.0,430567000.0,-3620.0,0.0,0.0,0.0,-44827000.0,0.0,0.0,0.0
11/08/2020,5049.619951627,12400.0,50.0,0.00403226,5069.8995498263,5069.8995498263,5009.0607552284,49010.0,608542500.0,0.0,0.0,49010.0,608542500.0,-6390.0,0.0,0.0,-610.0,-79287500.0,0.0,0.0,-7594500.0
10/08/2020,5029.3403534276,12350.0,50.0,0.00404858,4988.7811570291,5090.1791480256,4988.7811570291,98700.0,1226446000.0,0.0,0.0,98700.0,1226446000.0,-14150.0,0.0,0.0,700.0,-176210500.0,0.0,0.0,8750000.0
07/08/2020,5009.0607552284,12300.0,50.0,0.00406504,4988.7811570291,5029.3403534276,4846.8239696339,54430.0,664056000.0,218290.0,2684967000.0,272720.0,3349023000.0,-690.0,0.0,0.0,80.0,-8886500.0,0.0,0.0,968000.0
06/08/2020,4988.7811570291,12300.0,0.0,0.0,5009.0607552284,5090.1791480256,4968.5015588298,583360.0,7207396000.0,0.0,0.0,583360.0,7207396000.0,-10380.0,0.0,0.0,1000.0,-128377000.0,0.0,0.0,12400000.0
05/08/2020,4988.7811570291,11850.0,450.0,0.03797468,4846.8239696339,5029.3403534276,4826.5443714347,89840.0,1093879500.0,0.0,0.0,89840.0,1093879500.0,-6680.0,0.0,0.0,-2000.0,-82776000.0,0.0,0.0,-24000000.0
04/08/2020,4806.2647732353,11800.0,50.0,0.00423729,4826.5443714347,4948.2219606304,4785.985175036,19570.0,233112000.0,0.0,0.0,19570.0,233112000.0,-1870.0,0.0,0.0,1000.0,-22360000.0,0.0,0.0,12000000.0
03/08/2020,4785.985175036,11450.0,350.0,0.03056769,4623.7483894416,4867.1035678332,4623.7483894416,38670.0,451994500.0,0.0,0.0,38670.0,451994500.0,-1410.0,0.0,0.0,320.0,-16538000.0,0.0,0.0,3776000.0
31/07/2020,4644.0279876409,11700.0,-250.0,-0.02136752,4664.3075858401,4785.985175036,4644.0279876409,60610.0,699180500.0,0.0,0.0,60610.0,699180500.0,-6360.0,0.0,0.0,4320.0,-73023000.0,0.0,0.0,49614000.0
29/07/2020,4745.4259786374,12400.0,-700.0,-0.05645161,4846.8239696339,4867.1035678332,4684.5871840395,246200.0,2869188000.0,0.0,0.0,246200.0,2869188000.0,11870.0,0.0,0.0,10.0,139847500.0,0.0,0.0,116000.0
28/07/2020,5029.3403534276,11950.0,450.0,0.0376569,4704.8667822388,5049.619951627,4704.8667822388,202040.0,2406516500.0,0.0,0.0,202040.0,2406516500.0,5910.0,0.0,0.0,1000.0,71071500.0,0.0,0.0,12000000.0
27/07/2020,4846.8239696339,12800.0,-850.0,-0.06640625,4867.1035678332,5069.8995498263,4846.8239696339,198850.0,2389573000.0,0.0,0.0,198850.0,2389573000.0,4780.0,0.0,0.0,0.0,57622500.0,0.0,0.0,0.0
24/07/2020,5191.5771390221,13550.0,-750.0,-0.05535055,5495.7711120117,5536.3303084103,5130.7383444242,432900.0,5620329000.0,0.0,0.0,432900.0,5620329000.0,14300.0,-9000.0,0.0,-2760.0,181282000.0,-115200000.0,0.0,-35466000.0
23/07/2020,5495.7711120117,13100.0,450.0,0.03435115,5313.2547282179,5536.3303084103,5110.4587462248,355500.0,4676052000.0,0.0,0.0,355500.0,4676052000.0,9170.0,-9310.0,0.0,-900.0,125461500.0,-127700500.0,0.0,-11790000.0
22/07/2020,5313.2547282179,13250.0,-150.0,-0.01132075,5394.3731210151,5434.9323174138,5313.2547282179,56560.0,744933500.0,0.0,0.0,56560.0,744933500.0,-3330.0,-510.0,0.0,1000.0,-43735500.0,-6732000.0,0.0,13100000.0
21/07/2020,5374.0935228159,13200.0,50.0,0.00378788,5353.8139246166,5475.4915138123,5333.5343264172,89930.0,1188515000.0,0.0,0.0,89930.0,1188515000.0,-200.0,-6000.0,0.0,300.0,-2545000.0,-79200000.0,0.0,3960000.0
20/07/2020,5353.8139246166,13450.0,-250.0,-0.01858736,5313.2547282179,5556.6099066096,5313.2547282179,198260.0,2624408500.0,0.0,0.0,198260.0,2624408500.0,-2870.0,-4000.0,0.0,0.0,-37734500.0,-52800000.0,0.0,0.0
17/07/2020,5455.2119156131,13600.0,-150.0,-0.01102941,5475.4915138123,5536.3303084103,5414.6527192145,128000.0,1731222000.0,0.0,0.0,128000.0,1731222000.0,38020.0,-35120.0,0.0,0.0,516782000.0,-477632000.0,0.0,0.0
16/07/2020,5516.050710211,13700.0,-100.0,-0.00729927,5495.7711120117,5576.8895048089,5475.4915138123,184980.0,2511638000.0,0.0,0.0,184980.0,2511638000.0,83650.0,-85810.0,0.0,500.0,1137390000.0,-1166766000.0,0.0,6800000.0
15/07/2020,5556.6099066096,14000.0,-300.0,-0.02142857,5576.8895048089,5678.2874958054,5475.4915138123,183640.0,2513718500.0,0.0,0.0,183640.0,2513718500.0,87880.0,-450.0,0.0,-98530.0,1199428000.0,-6245000.0,0.0,-1345963000.0
14/07/2020,5678.2874958054,14100.0,-100.0,-0.0070922,5678.2874958054,5678.2874958054,5495.7711120117,191820.0,2631808500.0,0.0,0.0,191820.0,2631808500.0,72550.0,17750.0,0.0,-96520.0,992137500.0,244460000.0,0.0,-1321549500.0
13/07/2020,5718.8466922041,14000.0,100.0,0.00714286,5678.2874958054,5779.6854868019,5597.1691030082,199290.0,2797157500.0,0.0,0.0,199290.0,2797157500.0,-10970.0,5000.0,0.0,1970.0,-154183500.0,70300000.0,0.0,27883500.0
10/07/2020,5678.2874958054,13800.0,200.0,0.01449275,5617.4487012075,5881.0834777985,5516.050710211,349650.0,4924558500.0,0.0,0.0,349650.0,4924558500.0,-24280.0,15600.0,0.0,6980.0,-339783000.0,218099000.0,0.0,97374000.0
09/07/2020,5597.1691030082,13750.0,50.0,0.00363636,5576.8895048089,5597.1691030082,5394.3731210151,295390.0,4018456000.0,0.0,0.0,295390.0,4018456000.0,15690.0,10200.0,0.0,-9170.0,215154000.0,137814000.0,0.0,-125811500.0
08/07/2020,5576.8895048089,13900.0,-150.0,-0.01079137,5556.6099066096,5617.4487012075,5475.4915138123,149600.0,2040751500.0,0.0,0.0,149600.0,2040751500.0,-25970.0,-2000.0,0.0,970.0,-354200500.0,-27485000.0,0.0,13202000.0
07/07/2020,5637.7282994068,13900.0,0.0,0.0,5617.4487012075,5698.5670940047,5516.050710211,241560.0,3341118000.0,0.0,0.0,241560.0,3341118000.0,8880.0,400.0,0.0,-8490.0,122229500.0,5485000.0,0.0,-116613000.0
06/07/2020,5637.7282994068,13250.0,650.0,0.0490566,5434.9323174138,5637.7282994068,5232.1363354207,366730.0,4856890500.0,0.0,0.0,366730.0,4856890500.0,-12340.0,1100.0,0.0,4550.0,-162620500.0,15200000.0,0.0,60500000.0
03/07/2020,5374.0935228159,12800.0,450.0,0.03515625,5272.6955318194,5434.9323174138,5272.6955318194,350470.0,4630349500.0,0.0,0.0,350470.0,4630349500.0,-26010.0,2000.0,0.0,11000.0,-342553000.0,26500000.0,0.0,145700000.0
02/07/2020,5191.5771390221,12800.0,0.0,0.0,5232.1363354207,5272.6955318194,5090.1791480256,174670.0,2229904000.0,0.0,0.0,174670.0,2229904000.0,-30540.0,0.0,0.0,0.0,-392230500.0,0.0,0.0,0.0
01/07/2020,5191.5771390221,12000.0,800.0,0.06666667,4887.3831660325,5191.5771390221,4887.3831660325,539680.0,6803723500.0,0.0,0.0,539680.0,6803723500.0,380.0,-2000.0,0.0,-3700.0,-1012500.0,-25450000.0,0.0,-42360000.0
30/06/2020,4867.1035678332,11800.0,200.0,0.01694915,4765.7055768367,4927.9423624311,4765.7055768367,339390.0,4076434000.0,0.0,0.0,339390.0,4076434000.0,3630.0,0.0,0.0,0.0,43555000.0,0.0,0.0,0.0
29/06/2020,4785.985175036,11650.0,150.0,0.01287554,4867.1035678332,4907.6627642319,4785.985175036,322780.0,3840598000.0,0.0,0.0,322780.0,3840598000.0,-12790.0,-10.0,-10.0,10000.0,-152626500.0,-118000.0,-118000.0,119500000.0
26/06/2020,4725.1463804381,11700.0,-50.0,-0.0042735,4806.2647732353,4806.2647732353,4704.8667822388,149730.0,1751742000.0,0.0,0.0,149730.0,1751742000.0,9580.0,0.0,0.0,-10400.0,112584500.0,0.0,0.0,-122200000.0
25/06/2020,4745.4259786374,11900.0,-200.0,-0.01680672,4826.5443714347,4826.5443714347,4725.1463804381,43800.0,513893000.0,0.0,0.0,43800.0,513893000.0,-770.0,0.0,0.0,-3370.0,-9993000.0,0.0,0.0,-38749000.0
24/06/2020,4826.5443714347,11800.0,100.0,0.00847458,4785.985175036,4927.9423624311,4745.4259786374,43750.0,517044500.0,0.0,0.0,43750.0,517044500.0,-2060.0,0.0,0.0,0.0,-24317500.0,0.0,0.0,0.0
23/06/2020,4785.985175036,12150.0,-350.0,-0.02880658,4867.1035678332,4988.7811570291,4785.985175036,92810.0,1111956000.0,0.0,0.0,92810.0,1111956000.0,-3560.0,0.0,0.0,-830.0,-42389000.0,0.0,0.0,-9960000.0
22/06/2020,4927.9423624311,11850.0,300.0,0.02531646,4927.9423624311,5029.3403534276,4806.2647732353,144050.0,1760347500.0,0.0,0.0,144050.0,1760347500.0,-2550.0,0.0,0.0,430.0,-31299000.0,0.0,0.0,5203000.0
18/06/2020,4745.4259786374,11850.0,-150.0,-0.01265823,4785.985175036,4785.985175036,4745.4259786374,41350.0,486836500.0,0.0,0.0,41350.0,486836500.0,-170.0,0.0,0.0,0.0,-1996000.0,0.0,0.0,0.0
17/06/2020,4806.2647732353,11750.0,100.0,0.00851064,4765.7055768367,4867.1035678332,4765.7055768367,134670.0,1599574500.0,0.0,0.0,134670.0,1599574500.0,-2130.0,0.0,0.0,0.0,-25030500.0,0.0,0.0,0.0
16/06/2020,4765.7055768367,11750.0,0.0,0.0,4846.8239696339,4846.8239696339,4725.1463804381,149440.0,1765365000.0,0.0,0.0,149440.0,1765365000.0,17300.0,0.0,0.0,-7580.0,204120000.0,0.0,0.0,-89444000.0
15/06/2020,4765.7055768367,11750.0,0.0,0.0,4745.4259786374,4887.3831660325,4684.5871840395,119570.0,1404789000.0,0.0,0.0,119570.0,1404789000.0,13000.0,0.0,0.0,0.0,151960000.0,0.0,0.0,0.0
12/06/2020,4765.7055768367,11850.0,-100.0,-0.00843882,4725.1463804381,4806.2647732353,4583.1891930429,206250.0,2393991000.0,0.0,0.0,206250.0,2393991000.0,7880.0,0.0,0.0,-390.0,90477500.0,0.0,0.0,-4504500.0
11/06/2020,4806.2647732353,12150.0,-300.0,-0.02469136,4907.6627642319,5029.3403534276,4806.2647732353,385420.0,4649443000.0,0.0,0.0,385420.0,4649443000.0,-18740.0,1000.0,0.0,16800.0,-223022000.0,12000000.0,0.0,199920000.0
10/06/2020,4927.9423624311,12400.0,-250.0,-0.02016129,4927.9423624311,5029.3403534276,4867.1035678332,203440.0,2472254500.0,0.0,0.0,203440.0,2472254500.0,-6330.0,3000.0,0.0,180.0,-77669500.0,36450000.0,0.0,2160000.0
09/06/2020,5029.3403534276,12650.0,-250.0,-0.01976285,5272.6955318194,5272.6955318194,5009.0607552284,151840.0,1924951000.0,0.0,0.0,151840.0,1924951000.0,-15610.0,0.0,0.0,180.0,-200720500.0,0.0,0.0,2286000.0
08/06/2020,5130.7383444242,11850.0,800.0,0.06751055,4826.5443714347,5130.7383444242,4826.5443714347,614550.0,7710361000.0,0.0,0.0,614550.0,7710361000.0,-41540.0,3480.0,0.0,6700.0,-521307000.0,42162000.0,0.0,84705000.0
05/06/2020,4806.2647732353,11600.0,250.0,0.02155172,4704.8667822388,4846.8239696339,4664.3075858401,285290.0,3362724500.0,0.0,0.0,285290.0,3362724500.0,8980.0,-13620.0,0.0,0.0,104201000.0,-159354000.0,0.0,0.0
04/06/2020,4704.8667822388,11600.0,0.0,0.0,4765.7055768367,4785.985175036,4623.7483894416,166580.0,1926764000.0,0.0,0.0,166580.0,1926764000.0,-19260.0,-16160.0,0.0,34700.0,-224279000.0,-188164000.0,0.0,404325000.0
03/06/2020,4704.8667822388,11700.0,-100.0,-0.00854701,4765.7055768367,4765.7055768367,4583.1891930429,145130.0,1677468500.0,0.0,0.0,145130.0,1677468500.0,-4500.0,0.0,0.0,0.0,-51700000.0,0.0,0.0,0.0
02/06/2020,4745.4259786374,11800.0,-100.0,-0.00847458,4826.5443714347,4826.5443714347,4684.5871840395,129400.0,1505872000.0,0.0,0.0,129400.0,1505872000.0,-4250.0,5000.0,0.0,60.0,-49061000.0,57750000.0,0.0,708000.0
01/06/2020,4785.985175036,11550.0,250.0,0.02164502,4623.7483894416,4826.5443714347,4623.7483894416,492260.0,5789394500.0,0.0,0.0,492260.0,5789394500.0,-7480.0,-6000.0,0.0,0.0,-88218500.0,-71050000.0,0.0,0.0
29/05/2020,4684.5871840395,11600.0,-50.0,-0.00431034,4623.7483894416,4725.1463804381,4583.1891930429,109340.0,1245135500.0,0.0,0.0,109340.0,1245135500.0,-8690.0,12690.0,0.0,0.0,-96954000.0,143354000.0,0.0,0.0
28/05/2020,4704.8667822388,11550.0,50.0,0.004329,4684.5871840395,4704.8667822388,4644.0279876409,28290.0,325944500.0,0.0,0.0,28290.0,325944500.0,610.0,0.0,0.0,0.0,7025000.0,0.0,0.0,0.0
27/05/2020,4684.5871840395,11700.0,-150.0,-0.01282051,4745.4259786374,4745.4259786374,4644.0279876409,122610.0,1415360500.0,0.0,0.0,122610.0,1415360500.0,-5000.0,5000.0,0.0,0.0,-57500000.0,57500000.0,0.0,0.0
26/05/2020,4745.4259786374,11400.0,300.0,0.02631579,4583.1891930429,4765.7055768367,4583.1891930429,95430.0,1106000000.0,0.0,0.0,95430.0,1106000000.0,200.0,1310.0,0.0,0.0,2985000.0,14803000.0,0.0,0.0
25/05/2020,4623.7483894416,11750.0,-350.0,-0.02978723,4664.3075858401,4704.8667822388,4542.6299966444,173050.0,1970004500.0,0.0,0.0,173050.0,1970004500.0,-5140.0,18320.0,0.0,0.0,-58879000.0,209084000.0,0.0,0.0
22/05/2020,4765.7055768367,11900.0,-150.0,-0.01260504,4826.5443714347,4826.5443714347,4704.8667822388,112140.0,1314336500.0,0.0,0.0,112140.0,1314336500.0,-1500.0,0.0,0.0,500.0,-17600000.0,0.0,0.0,5900000.0
21/05/2020,4826.5443714347,11900.0,0.0,0.0,4826.5443714347,4927.9423624311,4785.985175036,109550.0,1307311000.0,0.0,0.0,109550.0,1307311000.0,-6140.0,-9420.0,-10.0,20520.0,-72410000.0,-112898000.0,-119000.0,244240000.0
20/05/2020,4826.5443714347,11500.0,400.0,0.03478261,4785.985175036,4887.3831660325,4785.985175036,435110.0,5204463000.0,0.0,0.0,435110.0,5204463000.0,-11900.0,-7000.0,0.0,0.0,-142050000.0,-83900000.0,0.0,0.0
19/05/2020,4664.3075858401,11600.0,-100.0,-0.00862069,4664.3075858401,4765.7055768367,4664.3075858401,167610.0,1932654000.0,0.0,0.0,167610.0,1932654000.0,3170.0,0.0,0.0,3330.0,36480000.0,0.0,0.0,38295000.0
18/05/2020,4704.8667822388,11450.0,150.0,0.01310044,4644.0279876409,4826.5443714347,4623.7483894416,197470.0,2292884500.0,0.0,0.0,197470.0,2292884500.0,-12240.0,5000.0,0.0,0.0,-141567000.0,58250000.0,0.0,0.0
15/05/2020,4644.0279876409,11300.0,150.0,0.01327434,4664.3075858401,4664.3075858401,4562.9095948436,224700.0,2561450000.0,0.0,0.0,224700.0,2561450000.0,-19820.0,3000.0,0.0,320.0,-225001000.0,34200000.0,0.0,3601000.0
14/05/2020,4583.1891930429,11300.0,0.0,0.0,4603.4687912423,4826.5443714347,4583.1891930429,234980.0,2726684000.0,0.0,0.0,234980.0,2726684000.0,-39410.0,3000.0,0.0,860.0,-455269500.0,33952500.0,0.0,10004000.0
13/05/2020,4583.1891930429,11250.0,50.0,0.00444444,4522.3503984451,4603.4687912423,4461.5116038472,159830.0,1785652000.0,0.0,0.0,159830.0,1785652000.0,-27180.0,27000.0,0.0,0.0,-304142000.0,301100000.0,0.0,0.0
12/05/2020,4562.9095948436,11350.0,-100.0,-0.00881057,4603.4687912423,4623.7483894416,4542.6299966444,90090.0,1015609000.0,0.0,0.0,90090.0,1015609000.0,1860.0,0.0,0.0,300.0,21128000.0,0.0,0.0,3370000.0
11/05/2020,4603.4687912423,11200.0,150.0,0.01339286,4481.7912020464,4603.4687912423,4420.9524074485,278410.0,3082142500.0,0.0,0.0,278410.0,3082142500.0,-9180.0,5000.0,0.0,520.0,-102067500.0,55000000.0,0.0,5772000.0
08/05/2020,4542.6299966444,11550.0,-350.0,-0.03030303,4684.5871840395,4684.5871840395,4522.3503984451,145630.0,1648511000.0,0.0,0.0,145630.0,1648511000.0,10680.0,0.0,0.0,300.0,121735500.0,0.0,0.0,3399500.0
07/05/2020,4684.5871840395,11000.0,550.0,0.05,4765.7055768367,4765.7055768367,4623.7483894416,389840.0,4521966500.0,0.0,0.0,389840.0,4521966500.0,14850.0,-1000.0,0.0,2000.0,172676500.0,-11750000.0,0.0,23300000.0
06/05/2020,4461.5116038472,10300.0,700.0,0.06796117,4218.1564254555,4461.5116038472,4218.1564254555,232650.0,2509469000.0,0.0,0.0,232650.0,2509469000.0,16310.0,-4530.0,0.0,0.0,169934500.0,-47791500.0,0.0,0.0
05/05/2020,4177.5972290569,10300.0,0.0,0.0,4238.4360236548,4258.7156218541,4177.5972290569,36780.0,379865000.0,0.0,0.0,36780.0,379865000.0,-7510.0,5030.0,-10.0,0.0,-77403000.0,51809000.0,-103000.0,0.0
04/05/2020,4177.5972290569,10400.0,-100.0,-0.00961538,4299.2748182527,4299.2748182527,4177.5972290569,195840.0,2045324000.0,0.0,0.0,195840.0,2045324000.0,19120.0,-5660.0,0.0,-31530.0,196554000.0,-59147000.0,0.0,-327216000.0
29/04/2020,4218.1564254555,10200.0,200.0,0.01960784,4137.0380326582,4218.1564254555,4137.0380326582,136180.0,1403050500.0,0.0,0.0,136180.0,1403050500.0,27160.0,0.0,0.0,-26300.0,278724500.0,0.0,0.0,-269809000.0
28/04/2020,4137.0380326582,10050.0,150.0,0.01492537,4055.919639861,4177.5972290569,4055.919639861,74510.0,753257000.0,0.0,0.0,74510.0,753257000.0,4070.0,0.0,0.0,1000.0,41402000.0,0.0,0.0,10050000.0
27/04/2020,4076.1992380604,10150.0,-100.0,-0.00985222,4177.5972290569,4177.5972290569,4055.919639861,46360.0,469470000.0,0.0,0.0,46360.0,469470000.0,-7720.0,1380.0,-720.0,0.0,-78227000.0,13869000.0,-7236000.0,0.0
24/04/2020,4116.7584344589,9910.0,240.0,0.02421796,4023.4722827421,4157.3176308576,4015.3604434624,63920.0,642588000.0,0.0,0.0,63920.0,642588000.0,7720.0,2190.0,0.0,-230.0,77392300.0,21762600.0,0.0,-2295400.0
23/04/2020,4019.4163631022,9900.0,10.0,0.0010101,4055.919639861,4055.919639861,4015.3604434624,82960.0,824422400.0,0.0,0.0,82960.0,824422400.0,-4040.0,3000.0,0.0,-60.0,-40106000.0,29790000.0,0.0,-594000.0
22/04/2020,4015.3604434624,9950.0,-50.0,-0.00502513,3853.123657868,4035.6400416617,3853.123657868,87670.0,857000000.0,0.0,0.0,87670.0,857000000.0,-4430.0,5000.0,0.0,-3000.0,-42686200.0,49200000.0,0.0,-29690000.0
21/04/2020,4035.6400416617,10400.0,-450.0,-0.04326923,4218.1564254555,4218.1564254555,4003.1926845428,156610.0,1569000000.0,1755530.0,19402117560.0,1912140.0,20971117560.0,9140.0,0.0,0.0,-5000.0,90656600.0,0.0,0.0,-50000000.0
20/04/2020,4218.1564254555,10500.0,-100.0,-0.00952381,4258.7156218541,4299.2748182527,4076.1992380604,162210.0,1661000000.0,70000.0,731780000.0,232210.0,2392780000.0,-5440.0,0.0,0.0,630.0,-56007000.0,0.0,0.0,6544000.0
17/04/2020,4258.7156218541,10450.0,50.0,0.00478469,4299.2748182527,4299.2748182527,4218.1564254555,296730.0,3113000000.0,0.0,0.0,296730.0,3113000000.0,-51230.0,20000.0,0.0,21090.0,-537796000.0,210000000.0,0.0,221435000.0
16/04/2020,4238.5475614448,12000.0,-50.0,-0.00416667,4256.2820700702,4291.7510873208,4220.8130528196,371880.0,4454000000.0,1755530.0,22119678000.0,2127410.0,26573678000.0,-30210.0,-20050.0,-50.0,6100.0,-363150500.0,-238630500.0,-600000.0,73200000.0
15/04/2020,4256.2820700702,12200.0,-200.0,-0.01639344,4327.2201045713,4398.1581390725,4220.8130528196,386220.0,4633000000.0,70000.0,840000000.0,456220.0,5473000000.0,-15430.0,0.0,0.0,0.0,-184612000.0,0.0,0.0,0.0
14/04/2020,4327.2201045713,11750.0,450.0,0.03829787,4398.1581390725,4415.8926476978,4149.8750183184,549710.0,6642000000.0,0.0,0.0,549710.0,6642000000.0,-4810.0,-4000.0,0.0,-500.0,-59027000.0,-49600000.0,0.0,-6200000.0
13/04/2020,4167.6095269436,11000.0,750.0,0.06818182,4114.4060010679,4167.6095269436,4043.4679665667,551130.0,6468000000.0,0.0,0.0,551130.0,6468000000.0,-35960.0,19000.0,0.0,-100.0,-421702000.0,223250000.0,0.0,-1160000.0
10/04/2020,3901.5918975643,11200.0,-200.0,-0.01785714,3972.5299320655,3990.2644406908,3901.5918975643,111610.0,1240000000.0,0.0,0.0,111610.0,1240000000.0,-1750.0,0.0,0.0,1050.0,-19480000.0,0.0,0.0,11655000.0
09/04/2020,3972.5299320655,11300.0,-100.0,-0.00884956,3954.7954234402,4043.4679665667,3954.7954234402,98380.0,1107266000.0,0.0,0.0,98380.0,1107266000.0,-1480.0,0.0,0.0,-3850.0,-17364500.0,0.0,0.0,-42864500.0
08/04/2020,4007.9989493161,11300.0,0.0,0.0,3990.2644406908,4007.9989493161,3866.1228803137,66810.0,741846500.0,0.0,0.0,66810.0,741846500.0,6520.0,-5560.0,0.0,-820.0,72513000.0,-61800000.0,0.0,-9145000.0
07/04/2020,4007.9989493161,11300.0,0.0,0.0,4007.9989493161,4061.2024751919,3972.5299320655,53270.0,600564500.0,0.0,0.0,53270.0,600564500.0,1690.0,-1440.0,0.0,-430.0,19057500.0,-16272000.0,0.0,-4837500.0
06/04/2020,4007.9989493161,10600.0,700.0,0.06603774,3901.5918975643,4007.9989493161,3830.6538630632,259440.0,2912497000.0,0.0,0.0,259440.0,2912497000.0,-10.0,-1000.0,0.0,-1000.0,519000.0,-11250000.0,0.0,-11700000.0
03/04/2020,3759.715828562,10400.0,200.0,0.01923077,3688.7777940608,3759.715828562,3688.7777940608,69000.0,724000000.0,0.0,0.0,69000.0,724000000.0,-4160.0,4190.0,0.0,0.0,-43241500.0,43557500.0,0.0,0.0
01/04/2020,3688.7777940608,9880.0,520.0,0.05263158,3475.9636905573,3688.7777940608,3475.9636905573,64100.0,665000000.0,0.0,0.0,64100.0,665000000.0,7830.0,1810.0,0.0,-440.0,81832000.0,18204000.0,0.0,-4356000.0
31/03/2020,3504.3389043578,9880.0,0.0,0.0,3600.1052509343,3617.8397595596,3334.0876215549,68790.0,682000000.0,0.0,0.0,68790.0,682000000.0,5110.0,-20.0,-20.0,-5530.0,50798200.0,-197800.0,-197800.0,-54988400.0
30/03/2020,3504.3389043578,10400.0,-520.0,-0.05,3688.7777940608,3688.7777940608,3500.7920026327,185040.0,1839000000.0,0.0,0.0,185040.0,1839000000.0,108090.0,-1000.0,0.0,-107430.0,1070833800.0,-10150000.0,0.0,-1064053000.0
27/03/2020,3688.7777940608,10250.0,150.0,0.01463415,3582.370742309,3688.7777940608,3529.1672164332,140900.0,1451000000.0,0.0,0.0,140900.0,1451000000.0,1000.0,0.0,0.0,-1000.0,10350000.0,0.0,0.0,-10350000.0
26/03/2020,3635.5742681849,10250.0,0.0,0.0,3617.8397595596,3671.0432854356,3582.370742309,55690.0,569000000.0,0.0,0.0,55690.0,569000000.0,-9500.0,0.0,0.0,200.0,-97824500.0,0.0,0.0,2040000.0
25/03/2020,3635.5742681849,10100.0,150.0,0.01485149,3582.370742309,3741.9813199367,3582.370742309,56660.0,586000000.0,0.0,0.0,56660.0,586000000.0,10.0,0.0,0.0,-10.0,102500.0,0.0,0.0,-102500.0
24/03/2020,3582.370742309,10000.0,100.0,0.01,3383.7442457058,3688.7777940608,3383.7442457058,217250.0,2181000000.0,0.0,0.0,217250.0,2181000000.0,7730.0,-5500.0,0.0,-2130.0,77300000.0,-55000000.0,0.0,-21300000.0
23/03/2020,3546.9017250584,10550.0,-550.0,-0.0521327,3688.7777940608,3688.7777940608,3483.0574940075,422470.0,4209000000.0,0.0,0.0,422470.0,4209000000.0,67030.0,0.0,0.0,-67100.0,660971500.0,0.0,0.0,-661669500.0
20/03/2020,3741.9813199367,10550.0,0.0,0.0,3741.9813199367,3866.1228803137,3706.5123026861,82950.0,874000000.0,0.0,0.0,82950.0,874000000.0,13740.0,0.0,0.0,-13760.0,145457500.0,0.0,0.0,-145667500.0
19/03/2020,3741.9813199367,10650.0,-100.0,-0.00938967,3759.715828562,3954.7954234402,3724.2468113114,173150.0,1839000000.0,0.0,0.0,173150.0,1839000000.0,111360.0,0.0,0.0,-111910.0,1180280000.0,0.0,0.0,-1186060000.0
18/03/2020,3777.4503371873,10600.0,50.0,0.00471698,3830.6538630632,3990.2644406908,3759.715828562,96020.0,1028000000.0,0.0,0.0,96020.0,1028000000.0,29590.0,0.0,0.0,-29590.0,317154500.0,0.0,0.0,-317154500.0
17/03/2020,3759.715828562,10950.0,-350.0,-0.03196347,3866.1228803137,3866.1228803137,3759.715828562,233150.0,2488000000.0,0.0,0.0,233150.0,2488000000.0,128910.0,0.0,0.0,-159130.0,1375123500.0,0.0,0.0,-1698521500.0
16/03/2020,3883.857388939,11000.0,-50.0,-0.00454545,3883.857388939,3901.5918975643,3741.9813199367,49540.0,536000000.0,0.0,0.0,49540.0,536000000.0,4520.0,0.0,0.0,-5020.0,49076000.0,0.0,0.0,-54551000.0
13/03/2020,3901.5918975643,11000.0,0.0,0.0,3635.5742681849,3901.5918975643,3635.5742681849,315130.0,3277000000.0,0.0,0.0,315130.0,3277000000.0,11520.0,0.0,0.0,-10510.0,120181000.0,0.0,0.0,-109671000.0
12/03/2020,3901.5918975643,11750.0,-750.0,-0.06382979,3883.857388939,4078.9369838173,3883.857388939,285570.0,3174000000.0,0.0,0.0,285570.0,3174000000.0,510.0,1000.0,0.0,-1510.0,6757000.0,10950000.0,0.0,-17707000.0
11/03/2020,4167.6095269436,12250.0,-500.0,-0.04081633,4344.9546131966,4344.9546131966,4061.2024751919,103040.0,1207000000.0,0.0,0.0,103040.0,1207000000.0,9390.0,0.0,0.0,-7340.0,112174500.0,0.0,0.0,-88342000.0
10/03/2020,4344.9546131966,11850.0,400.0,0.03375527,4061.2024751919,4398.1581390725,4061.2024751919,49590.0,592000000.0,0.0,0.0,49590.0,592000000.0,6570.0,0.0,0.0,-6570.0,78011000.0,0.0,0.0,-78011000.0
09/03/2020,4203.0785441942,12700.0,-850.0,-0.06692913,4220.8130528196,4327.2201045713,4203.0785441942,116270.0,1383000000.0,0.0,0.0,116270.0,1383000000.0,8640.0,0.0,0.0,-9500.0,102637000.0,0.0,0.0,-113050000.0
06/03/2020,4504.5651908242,11900.0,800.0,0.06722689,4220.8130528196,4504.5651908242,4220.8130528196,189680.0,2355000000.0,0.0,0.0,189680.0,2355000000.0,-59300.0,2000.0,0.0,58440.0,-726752000.0,24775000.0,0.0,716411000.0
05/03/2020,4220.8130528196,11600.0,300.0,0.02586207,4132.1405096931,4256.2820700702,4132.1405096931,44200.0,524000000.0,0.0,0.0,44200.0,524000000.0,-12270.0,0.0,0.0,4520.0,-145879500.0,0.0,0.0,53642000.0
04/03/2020,4114.4060010679,11900.0,-300.0,-0.02521008,4114.4060010679,4203.0785441942,4096.6714924425,95280.0,1108000000.0,0.0,0.0,95280.0,1108000000.0,46340.0,0.0,0.0,-46660.0,537367500.0,0.0,0.0,-541079500.0
03/03/2020,4220.8130528196,12000.0,-100.0,-0.00833333,4362.6891218219,4380.4236304472,4096.6714924425,100970.0,1198000000.0,0.0,0.0,100970.0,1198000000.0,71670.0,0.0,0.0,-73630.0,845243000.0,0.0,0.0,-868955000.0
02/03/2020,4256.2820700702,11800.0,200.0,0.01694915,4007.9989493161,4256.2820700702,4007.9989493161,79290.0,916000000.0,0.0,0.0,79290.0,916000000.0,100.0,0.0,0.0,-100.0,1160000.0,0.0,0.0,-1160000.0
28/02/2020,4185.344035569,12550.0,-750.0,-0.05976096,4380.4236304472,4398.1581390725,4149.8750183184,254700.0,3034000000.0,0.0,0.0,254700.0,3034000000.0,6270.0,0.0,0.0,-8290.0,74237000.0,0.0,0.0,-98770000.0
27/02/2020,4451.3616649484,12950.0,-400.0,-0.03088803,4575.5032253254,4610.972242576,4415.8926476978,86930.0,1104000000.0,0.0,0.0,86930.0,1104000000.0,53450.0,0.0,0.0,-53250.0,675442500.0,0.0,0.0,-672957500.0
26/02/2020,4593.2377339508,12900.0,50.0,0.00387597,4628.7067512013,4628.7067512013,4504.5651908242,43170.0,553000000.0,0.0,0.0,43170.0,553000000.0,5360.0,0.0,0.0,-5360.0,68523000.0,0.0,0.0,-68523000.0
25/02/2020,4575.5032253254,13000.0,-100.0,-0.00769231,4540.0342080748,4610.972242576,4540.0342080748,123150.0,1583000000.0,0.0,0.0,123150.0,1583000000.0,64530.0,0.0,0.0,-64580.0,830332500.0,0.0,0.0,-830980000.0
24/02/2020,4610.972242576,13550.0,-550.0,-0.04059041,4770.5828202036,4770.5828202036,4504.5651908242,318290.0,4138000000.0,0.0,0.0,318290.0,4138000000.0,64350.0,0.0,0.0,-64590.0,833700000.0,0.0,0.0,-836857000.0
21/02/2020,4806.0518374542,13750.0,-200.0,-0.01454545,4876.9898719554,4912.458889206,4806.0518374542,46800.0,640000000.0,0.0,0.0,46800.0,640000000.0,14600.0,-2500.0,0.0,-12100.0,200644500.0,-34250000.0,0.0,-166394500.0
20/02/2020,4876.9898719554,13650.0,100.0,0.00732601,4894.7243805807,4912.458889206,4770.5828202036,215940.0,2920000000.0,0.0,0.0,215940.0,2920000000.0,137560.0,10000.0,0.0,-147890.0,1859733000.0,135000000.0,0.0,-1999188000.0
19/02/2020,4841.5208547048,13800.0,-150.0,-0.01086957,4894.7243805807,4947.9279064566,4823.7863460795,162030.0,2220000000.0,0.0,0.0,162030.0,2220000000.0,150820.0,0.0,0.0,-151670.0,2066227500.0,0.0,0.0,-2077937500.0
18/02/2020,4894.7243805807,13950.0,-150.0,-0.01075269,4983.3969237072,4983.3969237072,4894.7243805807,79570.0,1100000000.0,0.0,0.0,79570.0,1100000000.0,43150.0,0.0,0.0,-49850.0,595558500.0,0.0,0.0,-688698500.0
17/02/2020,4947.9279064566,14000.0,-50.0,-0.00357143,4965.6624150818,5001.1314323324,4894.7243805807,42540.0,594000000.0,0.0,0.0,42540.0,594000000.0,-2500.0,0.0,0.0,2300.0,-35039500.0,0.0,0.0,32239500.0
14/02/2020,4965.6624150818,13850.0,150.0,0.01083032,4876.9898719554,4965.6624150818,4823.7863460795,44490.0,613000000.0,0.0,0.0,44490.0,613000000.0,9300.0,0.0,0.0,-10600.0,128332000.0,0.0,0.0,-146287000.0
13/02/2020,4912.458889206,13950.0,-100.0,-0.00716846,4930.1933978312,4947.9279064566,4806.0518374542,73200.0,1006000000.0,0.0,0.0,73200.0,1006000000.0,-4040.0,0.0,0.0,-260.0,-55926500.0,0.0,0.0,-3628500.0
12/02/2020,4947.9279064566,14050.0,-100.0,-0.00711744,4965.6624150818,5001.1314323324,4930.1933978312,104160.0,1457000000.0,0.0,0.0,104160.0,1457000000.0,-630.0,-2200.0,0.0,2830.0,-8875000.0,-30765000.0,0.0,39640000.0
11/02/2020,4983.3969237072,14150.0,-100.0,-0.00706714,5018.8659409578,5036.600449583,4965.6624150818,24430.0,344000000.0,0.0,0.0,24430.0,344000000.0,-5490.0,0.0,0.0,2490.0,-77129000.0,0.0,0.0,35129000.0
10/02/2020,5018.8659409578,14050.0,100.0,0.00711744,5001.1314323324,5018.8659409578,4930.1933978312,66310.0,931000000.0,0.0,0.0,66310.0,931000000.0,930.0,-1500.0,0.0,4070.0,13458500.0,-21225000.0,0.0,57119500.0
07/02/2020,4983.3969237072,13550.0,500.0,0.03690037,4806.0518374542,5054.3349582083,4788.3173288289,71890.0,1005000000.0,0.0,0.0,71890.0,1005000000.0,-10060.0,0.0,0.0,10060.0,-139298500.0,0.0,0.0,139298500.0
06/02/2020,4806.0518374542,13450.0,100.0,0.00743494,4717.3792943278,4859.2553633301,4717.3792943278,70120.0,947000000.0,0.0,0.0,70120.0,947000000.0,23940.0,-37000.0,0.0,13060.0,322388500.0,-499095000.0,0.0,176706500.0
05/02/2020,4770.5828202036,13450.0,0.0,0.0,4770.5828202036,4788.3173288289,4681.9102770772,134010.0,1781000000.0,0.0,0.0,134010.0,1781000000.0,50060.0,-46500.0,0.0,-3610.0,667478500.0,-619627000.0,0.0,-48526500.0
04/02/2020,4770.5828202036,13600.0,-150.0,-0.01102941,4823.7863460795,4894.7243805807,4717.3792943278,50020.0,672000000.0,0.0,0.0,50020.0,672000000.0,3570.0,0.0,0.0,-2570.0,47783000.0,0.0,0.0,-34483000.0
03/02/2020,4823.7863460795,13850.0,-250.0,-0.01805054,4859.2553633301,4894.7243805807,4593.2377339508,317700.0,4214000000.0,0.0,0.0,317700.0,4214000000.0,4470.0,-1300.0,0.0,-3170.0,59537500.0,-17225000.0,0.0,-42312500.0
31/01/2020,4912.458889206,13900.0,-50.0,-0.00359712,4930.1933978312,5036.600449583,4912.458889206,187580.0,2610000000.0,0.0,0.0,187580.0,2610000000.0,21050.0,-20200.0,0.0,-850.0,292234500.0,-280294500.0,0.0,-11940000.0
30/01/2020,4930.1933978312,14350.0,-450.0,-0.03135889,5125.2729927095,5125.2729927095,4894.7243805807,148590.0,2074000000.0,0.0,0.0,148590.0,2074000000.0,5140.0,-10010.0,-10.0,-2630.0,70311000.0,-139752500.0,-142500.0,-36308500.0
22/01/2020,5089.8039754589,14300.0,50.0,0.0034965,5072.0694668335,5143.0075013347,5036.600449583,48250.0,691000000.0,0.0,0.0,48250.0,691000000.0,-3720.0,0.0,0.0,-80.0,-53215500.0,0.0,0.0,-1144500.0
21/01/2020,5072.0694668335,13900.0,400.0,0.02877698,4965.6624150818,5125.2729927095,4947.9279064566,79470.0,1121000000.0,0.0,0.0,79470.0,1121000000.0,-3870.0,50.0,0.0,3820.0,-54253500.0,680000.0,0.0,53573500.0
20/01/2020,4930.1933978312,14000.0,-100.0,-0.00714286,4912.458889206,4965.6624150818,4894.7243805807,50120.0,696000000.0,0.0,0.0,50120.0,696000000.0,-3580.0,150.0,0.0,3430.0,-49777000.0,2100000.0,0.0,47677000.0
17/01/2020,4965.6624150818,14150.0,-150.0,-0.01060071,5018.8659409578,5036.600449583,4912.458889206,106420.0,1490000000.0,0.0,0.0,106420.0,1490000000.0,-270.0,0.0,0.0,270.0,-3780000.0,0.0,0.0,3780000.0
16/01/2020,5018.8659409578,14300.0,-150.0,-0.01048951,5018.8659409578,5125.2729927095,5018.8659409578,167930.0,2385000000.0,0.0,0.0,167930.0,2385000000.0,48270.0,-49500.0,0.0,230.0,684683500.0,-701999500.0,0.0,3166000.0
15/01/2020,5072.0694668335,14350.0,-50.0,-0.00348432,5072.0694668335,5125.2729927095,5036.600449583,42280.0,602000000.0,0.0,0.0,42280.0,602000000.0,-1570.0,0.0,0.0,-1430.0,-22519000.0,0.0,0.0,-20306000.0
14/01/2020,5089.8039754589,14350.0,0.0,0.0,5036.600449583,5125.2729927095,5018.8659409578,92670.0,1324000000.0,0.0,0.0,92670.0,1324000000.0,1850.0,-5000.0,0.0,2960.0,26872000.0,-71750000.0,0.0,42221500.0
13/01/2020,5089.8039754589,14200.0,150.0,0.01056338,5072.0694668335,5125.2729927095,5001.1314323324,107350.0,1531000000.0,0.0,0.0,107350.0,1531000000.0,23620.0,-30000.0,0.0,1780.0,335793500.0,-427010500.0,0.0,25322000.0
10/01/2020,5036.600449583,14650.0,-450.0,-0.03071672,5196.2110272107,5196.2110272107,5036.600449583,119330.0,1727000000.0,0.0,0.0,119330.0,1727000000.0,-3070.0,0.0,0.0,3070.0,-44107000.0,0.0,0.0,44107000.0
09/01/2020,5196.2110272107,14250.0,400.0,0.02807018,5284.8835703372,5284.8835703372,5072.0694668335,160260.0,2334000000.0,0.0,0.0,160260.0,2334000000.0,-26930.0,3780.0,0.0,21650.0,-390182000.0,55377000.0,0.0,312905000.0
08/01/2020,5054.3349582083,15200.0,-950.0,-0.0625,5320.3525875878,5355.8216048383,5018.8659409578,707010.0,10121000000.0,0.0,0.0,707010.0,10121000000.0,6210.0,-27780.0,0.0,16220.0,96236000.0,-401916000.0,0.0,229432000.0
07/01/2020,5391.2906220889,16050.0,-850.0,-0.0529595,5692.7772687188,5692.7772687188,5320.3525875878,275260.0,4242000000.0,0.0,0.0,275260.0,4242000000.0,106640.0,-51500.0,0.0,-55840.0,1639596500.0,-787293000.0,0.0,-863084500.0
06/01/2020,5692.7772687188,16600.0,-550.0,-0.03313253,5887.8568635971,5887.8568635971,5657.3082514682,87320.0,1421000000.0,0.0,0.0,87320.0,1421000000.0,-1200.0,-1680.0,0.0,2880.0,-17322000.0,-28924000.0,0.0,46246000.0
03/01/2020,5887.8568635971,16600.0,0.0,0.0,5905.5913722223,5905.5913722223,5675.0427600935,138740.0,2265000000.0,0.0,0.0,138740.0,2265000000.0,5140.0,8390.0,0.0,-13580.0,81637500.0,138328500.0,0.0,-220766000.0
02/01/2020,5887.8568635971,16500.0,100.0,0.00606061,5852.3878463465,5941.060389473,5834.6533377211,46460.0,771000000.0,0.0,0.0,46460.0,771000000.0,-9960.0,8630.0,0.0,1330.0,-165003500.0,142850000.0,0.0,22153500.0
31/12/2019,5852.3878463465,16500.0,0.0,0.0,5852.3878463465,5852.3878463465,5799.1843204705,43720.0,719000000.0,0.0,0.0,43720.0,719000000.0,-13160.0,13160.0,0.0,0.0,-217171500.0,217171500.0,0.0,0.0
30/12/2019,5852.3878463465,16350.0,150.0,0.00917431,5781.4498118453,5852.3878463465,5763.71530322,76210.0,1247000000.0,0.0,0.0,76210.0,1247000000.0,9160.0,-12000.0,0.0,180.0,149413000.0,-195768000.0,0.0,2929000.0
27/12/2019,5799.1843204705,16350.0,0.0,0.0,5799.1843204705,5852.3878463465,5745.9807945947,94050.0,1536000000.0,0.0,0.0,94050.0,1536000000.0,47690.0,8900.0,0.0,-56590.0,780305500.0,144941000.0,0.0,-925246500.0
26/12/2019,5799.1843204705,16250.0,100.0,0.00615385,5710.5117773441,5816.9188290959,5675.0427600935,91860.0,1486000000.0,0.0,0.0,91860.0,1486000000.0,5770.0,4250.0,0.0,-10020.0,91682500.0,68905000.0,0.0,-160587500.0
25/12/2019,5763.71530322,16850.0,-600.0,-0.03560831,5994.2639153488,5994.2639153488,5745.9807945947,281390.0,4639000000.0,0.0,0.0,281390.0,4639000000.0,39180.0,-58450.0,0.0,16050.0,636956500.0,-955540000.0,0.0,265895000.0
24/12/2019,5976.5294067235,17300.0,-450.0,-0.02601156,6136.1399843511,6136.1399843511,5958.7948980982,314840.0,5340000000.0,0.0,0.0,314840.0,5340000000.0,30670.0,-60680.0,0.0,30010.0,522249500.0,-1029671500.0,0.0,507422000.0
23/12/2019,6136.1399843511,17600.0,-300.0,-0.01704545,6207.0780188523,6278.0160533534,6136.1399843511,146910.0,2564000000.0,0.0,0.0,146910.0,2564000000.0,11870.0,-10020.0,0.0,50.0,205842000.0,-173352000.0,0.0,570000.0
20/12/2019,6242.5470361029,17650.0,-50.0,-0.00283286,6295.7505619788,6295.7505619788,6171.6090016017,87750.0,1539000000.0,0.0,0.0,87750.0,1539000000.0,-18190.0,17310.0,0.0,880.0,-319833000.0,304433000.0,0.0,15400000.0
19/12/2019,6260.2815447282,17550.0,100.0,0.00569801,6153.8744929765,6366.68859648,6153.8744929765,211920.0,3701000000.0,0.0,0.0,211920.0,3701000000.0,-6040.0,16990.0,0.0,-10950.0,-110244500.0,302372000.0,0.0,-192127500.0
18/12/2019,6224.8125274777,17600.0,-50.0,-0.00284091,6224.8125274777,6313.485070604,6189.3435102271,74960.0,1317000000.0,0.0,0.0,74960.0,1317000000.0,36930.0,-21940.0,0.0,-14990.0,648721000.0,-384897000.0,0.0,-263824000.0
17/12/2019,6242.5470361029,17800.0,-200.0,-0.01123596,6295.7505619788,6366.68859648,6207.0780188523,111840.0,1976000000.0,0.0,0.0,111840.0,1976000000.0,-3540.0,7640.0,0.0,-750.0,-61477500.0,134259000.0,0.0,-13361500.0
16/12/2019,6313.485070604,18000.0,-200.0,-0.01111111,6295.7505619788,6366.68859648,6260.2815447282,141430.0,2506000000.0,0.0,0.0,141430.0,2506000000.0,-3900.0,6000.0,0.0,-2100.0,-69898000.0,107278000.0,0.0,-37380000.0
13/12/2019,6384.4231051052,18100.0,-100.0,-0.00552486,6473.0956482317,6473.0956482317,6260.2815447282,204180.0,3644000000.0,0.0,0.0,204180.0,3644000000.0,14400.0,-14000.0,0.0,100.0,250748000.0,-243643000.0,0.0,1795000.0
12/12/2019,6419.8921223557,18100.0,0.0,0.0,6419.8921223557,6561.7681913581,6384.4231051052,196390.0,3571000000.0,0.0,0.0,196390.0,3571000000.0,5330.0,2500.0,0.0,-9100.0,100175000.0,42538500.0,0.0,-165638000.0
11/12/2019,6419.8921223557,18200.0,-100.0,-0.00549451,6526.2991741076,6526.2991741076,6260.2815447282,203200.0,3638000000.0,0.0,0.0,203200.0,3638000000.0,45030.0,47000.0,0.0,-91230.0,801067500.0,844850000.0,0.0,-1631630000.0
10/12/2019,6455.3611396064,18600.0,-400.0,-0.02150538,6668.1752431099,6792.316803487,6455.3611396064,295290.0,5550000000.0,0.0,0.0,295290.0,5550000000.0,-22110.0,14470.0,0.0,3240.0,-415475500.0,270380000.0,0.0,62060500.0
09/12/2019,6597.2372086087,17400.0,1200.0,0.06896552,6171.6090016017,6597.2372086087,6118.4054757259,508410.0,9237000000.0,0.0,0.0,508410.0,9237000000.0,-109780.0,6830.0,0.0,99900.0,-1944834500.0,124704000.0,0.0,1764475500.0
06/12/2019,6171.6090016017,17400.0,0.0,0.0,6207.0780188523,6207.0780188523,6136.1399843511,137900.0,2396000000.0,0.0,0.0,137900.0,2396000000.0,-16620.0,-48000.0,0.0,64270.0,-289623000.0,-833447500.0,0.0,1116997000.0
05/12/2019,6171.6090016017,17500.0,-100.0,-0.00571429,6207.0780188523,6278.0160533534,6118.4054757259,261560.0,4547000000.0,0.0,0.0,261560.0,4547000000.0,-92110.0,22000.0,0.0,68510.0,-1596150000.0,378291000.0,0.0,1190129000.0
04/12/2019,6207.0780188523,17600.0,-100.0,-0.00568182,6242.5470361029,6313.485070604,6171.6090016017,128090.0,2244000000.0,0.0,0.0,128090.0,2244000000.0,-71340.0,20000.0,0.0,50940.0,-1248314000.0,350469000.0,0.0,890845000.0
03/12/2019,6242.5470361029,17400.0,200.0,0.01149425,6100.6709671005,6295.7505619788,6100.6709671005,240070.0,4189000000.0,0.0,0.0,240070.0,4189000000.0,-50880.0,-12430.0,0.0,63110.0,-897199000.0,-211060000.0,0.0,1104779000.0
02/12/2019,6171.6090016017,17400.0,0.0,0.0,6189.3435102271,6260.2815447282,6136.1399843511,222600.0,3880000000.0,0.0,0.0,222600.0,3880000000.0,-81060.0,13040.0,0.0,67450.0,-1408859500.0,223457000.0,0.0,1175484500.0
29/11/2019,6171.6090016017,18000.0,-600.0,-0.03333333,6331.2195792294,6384.4231051052,6171.6090016017,174830.0,3084000000.0,0.0,0.0,174830.0,3084000000.0,-23870.0,26190.0,0.0,-1820.0,-421397000.0,462936000.0,0.0,-32669000.0
28/11/2019,6384.4231051052,18150.0,-150.0,-0.00826446,6490.830156857,6490.830156857,6313.485070604,139310.0,2502000000.0,0.0,0.0,139310.0,2502000000.0,-47280.0,39180.0,0.0,100.0,-850955000.0,703155000.0,0.0,1800000.0
27/11/2019,6437.6266309811,17950.0,200.0,0.01114206,6384.4231051052,6526.2991741076,6366.68859648,407580.0,7418000000.0,0.0,0.0,407580.0,7418000000.0,-7130.0,6000.0,0.0,130.0,-121574000.0,101197000.0,0.0,2377000.0
26/11/2019,6366.68859648,17200.0,750.0,0.04360465,6100.6709671005,6402.1576137305,6100.6709671005,584910.0,10390000000.0,0.0,0.0,584910.0,10390000000.0,-27080.0,22480.0,0.0,3030.0,-482529500.0,401053500.0,0.0,53620000.0
25/11/2019,6100.6709671005,17200.0,0.0,0.0,6100.6709671005,6207.0780188523,6100.6709671005,67260.0,1163000000.0,0.0,0.0,67260.0,1163000000.0,-17710.0,17680.0,0.0,0.0,-306359000.0,305843000.0,0.0,0.0
22/11/2019,6100.6709671005,17550.0,-350.0,-0.0199,6224.8125274777,6224.8125274777,6065.20194985,143510.0,2476000000.0,0.0,0.0,143510.0,2476000000.0,-19910.0,19710.0,0.0,0.0,-343440500.0,339940500.0,0.0,0.0
21/11/2019,6224.8125274777,17350.0,200.0,0.01152738,6153.8744929765,6260.2815447282,6136.1399843511,120810.0,2116000000.0,0.0,0.0,120810.0,2116000000.0,-7050.0,9290.0,0.0,-1740.0,-123510500.0,162930500.0,0.0,-30545000.0
20/11/2019,6153.8744929765,17350.0,0.0,0.0,6171.6090016017,6242.5470361029,6153.8744929765,41620.0,725000000.0,0.0,0.0,41620.0,725000000.0,10.0,0.0,0.0,-10.0,174000.0,0.0,0.0,-174000.0
19/11/2019,6153.8744929765,17700.0,-350.0,-0.01977401,6278.0160533534,6278.0160533534,6136.1399843511,122990.0,2141000000.0,0.0,0.0,122990.0,2141000000.0,-10990.0,11000.0,0.0,10.0,-191691000.0,191866500.0,0.0,173500.0
18/11/2019,6278.0160533534,17600.0,100.0,0.00568182,6153.8744929765,6278.0160533534,6136.1399843511,66760.0,1172000000.0,0.0,0.0,66760.0,1172000000.0,-8000.0,8000.0,0.0,20.0,-140911000.0,140911000.0,0.0,352000.0
15/11/2019,6242.5470361029,17800.0,-200.0,-0.01123596,6348.9540878546,6348.9540878546,6153.8744929765,137330.0,2405000000.0,0.0,0.0,137330.0,2405000000.0,-26550.0,27000.0,0.0,50.0,-467037500.0,474962500.0,0.0,875000.0
14/11/2019,6313.485070604,17250.0,550.0,0.03188406,6029.7329325994,6473.0956482317,6029.7329325994,378550.0,6748000000.0,0.0,0.0,378550.0,6748000000.0,-46530.0,55200.0,0.0,0.0,-833876500.0,987873000.0,0.0,0.0
13/11/2019,6118.4054757259,17150.0,100.0,0.0058309,6100.6709671005,6171.6090016017,6047.4674412247,80430.0,1380000000.0,0.0,0.0,80430.0,1380000000.0,4700.0,0.0,0.0,0.0,80481500.0,0.0,0.0,0.0
12/11/2019,6082.9364584753,17400.0,-250.0,-0.01436782,6171.6090016017,6207.0780188523,6029.7329325994,217590.0,3744000000.0,0.0,0.0,217590.0,3744000000.0,-720.0,0.0,0.0,0.0,-12476500.0,0.0,0.0,0.0
11/11/2019,6171.6090016017,17700.0,-300.0,-0.01694915,6278.0160533534,6331.2195792294,6136.1399843511,146240.0,2569000000.0,0.0,0.0,146240.0,2569000000.0,-20680.0,0.0,0.0,9590.0,-362462000.0,0.0,0.0,168342500.0
08/11/2019,6278.0160533534,18100.0,-400.0,-0.02209945,6419.8921223557,6455.3611396064,6278.0160533534,131860.0,2356000000.0,0.0,0.0,131860.0,2356000000.0,-21870.0,0.0,0.0,18500.0,-390218000.0,0.0,0.0,330283000.0
07/11/2019,6419.8921223557,18050.0,50.0,0.00277008,6419.8921223557,6526.2991741076,6384.4231051052,180390.0,3268000000.0,0.0,0.0,180390.0,3268000000.0,-28600.0,0.0,0.0,20400.0,-517514500.0,0.0,0.0,368299000.0
06/11/2019,6402.1576137305,18300.0,-250.0,-0.0136612,6508.5646654823,6508.5646654823,6384.4231051052,183890.0,3343000000.0,0.0,0.0,183890.0,3343000000.0,-31420.0,0.0,0.0,29420.0,-571755000.0,0.0,0.0,535125000.0
05/11/2019,6490.830156857,17950.0,350.0,0.01949861,6313.485070604,6668.1752431099,6313.485070604,292130.0,5370000000.0,0.0,0.0,292130.0,5370000000.0,-70880.0,640.0,-10.0,25580.0,-1302725500.0,11282000.0,-178000.0,468256500.0
04/11/2019,6366.68859648,17800.0,150.0,0.00842697,6313.485070604,6473.0956482317,6295.7505619788,300260.0,5382000000.0,0.0,0.0,300260.0,5382000000.0,-30310.0,0.0,0.0,19500.0,-542860000.0,0.0,0.0,349980000.0
01/11/2019,6313.485070604,18400.0,-600.0,-0.0326087,6419.8921223557,6632.7062258593,6242.5470361029,566420.0,10115000000.0,0.0,0.0,566420.0,10115000000.0,-62340.0,1000.0,0.0,29300.0,-1113970500.0,17900000.0,0.0,523340000.0
31/10/2019,6526.2991741076,18900.0,-500.0,-0.02645503,6597.2372086087,6721.3787689857,6384.4231051052,163440.0,3005000000.0,0.0,0.0,163440.0,3005000000.0,4380.0,0.0,0.0,600.0,80363000.0,0.0,0.0,11160000.0
30/10/2019,6703.6442603605,18500.0,400.0,0.02162162,6526.2991741076,6951.9273811146,6526.2991741076,375250.0,7045000000.0,0.0,0.0,375250.0,7045000000.0,-21360.0,4210.0,0.0,0.0,-398778500.0,77829000.0,0.0,0.0
29/10/2019,6561.7681913581,19100.0,-600.0,-0.03141361,6668.1752431099,6792.316803487,6490.830156857,410660.0,7688000000.0,0.0,0.0,410660.0,7688000000.0,-24430.0,10200.0,-20.0,160.0,-453139500.0,188245000.0,-380000.0,3037500.0
28/10/2019,6774.5822948617,20500.0,-1400.0,-0.06829268,7200.2105018687,7253.4140277445,6774.5822948617,722990.0,14038718500.0,0.0,0.0,722990.0,14038718500.0,-12960.0,7990.0,-10.0,-1500.0,-247571000.0,152597000.0,-203000.0,-28650000.0
25/10/2019,7271.1485363699,20950.0,-450.0,-0.02147971,7448.4936226228,7537.1661657493,7253.4140277445,209070.0,4361000000.0,0.0,0.0,209070.0,4361000000.0,-48310.0,10030.0,0.0,31500.0,-1013332000.0,210157000.0,0.0,661035000.0
24/10/2019,7430.7591139975,20400.0,550.0,0.02696078,7235.6795191193,7696.7767433769,7235.6795191193,297700.0,6238000000.0,0.0,0.0,297700.0,6238000000.0,-42590.0,2450.0,0.0,38700.0,-884521000.0,51232500.0,0.0,803174500.0
23/10/2019,7235.6795191193,21600.0,-1200.0,-0.05555556,7519.4316571239,7519.4316571239,7235.6795191193,461030.0,9584000000.0,0.0,0.0,461030.0,9584000000.0,-57890.0,69000.0,0.0,-12670.0,-1205448500.0,1435525000.0,0.0,-262537000.0
22/10/2019,7661.3077261263,22500.0,-900.0,-0.04,7980.5288813815,8157.8739676345,7519.4316571239,465450.0,10295000000.0,0.0,0.0,465450.0,10295000000.0,30850.0,13300.0,0.0,-47600.0,653170500.0,292920000.0,0.0,-1023562500.0
21/10/2019,7980.5288813815,23250.0,-750.0,-0.03225806,8814.0507867702,8814.0507867702,7980.5288813815,535460.0,13014000000.0,0.0,0.0,535460.0,13014000000.0,-98750.0,-5000.0,0.0,101810.0,-2466404000.0,-112500000.0,0.0,2530676500.0
18/10/2019,8246.5465107609,21750.0,1500.0,0.06896552,8246.5465107609,8246.5465107609,8228.8120021356,1052070.0,24459000000.0,0.0,0.0,1052070.0,24459000000.0,-167590.0,-33340.0,0.0,192800.0,-3896467500.0,-775155000.0,0.0,4482600000.0
17/10/2019,7714.5112520022,20350.0,1400.0,0.06879607,7714.5112520022,7714.5112520022,7714.5112520022,207270.0,4508000000.0,120000.0,2610000000.0,327270.0,7118000000.0,-41230.0,1000.0,0.0,42000.0,-896752500.0,21750000.0,0.0,913500000.0
16/10/2019,7217.9450104939,19050.0,1300.0,0.06824147,7217.9450104939,7217.9450104939,7217.9450104939,132930.0,2705000000.0,0.0,0.0,132930.0,2705000000.0,99950.0,0.0,0.0,-100100.0,2033982500.0,0.0,0.0,-2037035000.0
15/10/2019,6756.8477862364,17850.0,1200.0,0.06722689,6739.1132776111,6756.8477862364,6561.7681913581,629660.0,11988000000.0,0.0,0.0,629660.0,11988000000.0,-156660.0,36340.0,0.0,119900.0,-2982919500.0,690844500.0,0.0,2284095000.0
14/10/2019,6331.2195792294,17700.0,150.0,0.00847458,6348.9540878546,6402.1576137305,6295.7505619788,30830.0,553000000.0,0.0,0.0,30830.0,553000000.0,-1770.0,0.0,0.0,0.0,-31847000.0,0.0,0.0,0.0
11/10/2019,6278.0160533534,17700.0,0.0,0.0,6313.485070604,6384.4231051052,6171.6090016017,15320.0,271000000.0,0.0,0.0,15320.0,271000000.0,-770.0,0.0,0.0,0.0,-13629000.0,0.0,0.0,0.0
10/10/2019,6278.0160533534,17850.0,-150.0,-0.00840336,6331.2195792294,6561.7681913581,6278.0160533534,30660.0,547000000.0,0.0,0.0,30660.0,547000000.0,20.0,0.0,0.0,0.0,360000.0,0.0,0.0,0.0
09/10/2019,6331.2195792294,17400.0,450.0,0.02586207,6189.3435102271,6366.68859648,6189.3435102271,31960.0,570000000.0,0.0,0.0,31960.0,570000000.0,-1100.0,0.0,0.0,0.0,-19635000.0,0.0,0.0,0.0
08/10/2019,6171.6090016017,17950.0,-550.0,-0.03064067,6224.8125274777,6419.8921223557,6171.6090016017,21570.0,379000000.0,0.0,0.0,21570.0,379000000.0,10.0,0.0,0.0,0.0,176500.0,0.0,0.0,0.0
07/10/2019,6366.68859648,18200.0,-250.0,-0.01373626,6455.3611396064,6544.0336827329,6242.5470361029,24250.0,434000000.0,0.0,0.0,24250.0,434000000.0,1940.0,0.0,0.0,-1940.0,33860000.0,0.0,0.0,-33860000.0
04/10/2019,6455.3611396064,18350.0,-150.0,-0.00817439,6508.5646654823,6561.7681913581,6419.8921223557,10590.0,193000000.0,0.0,0.0,10590.0,193000000.0,650.0,0.0,0.0,0.0,11795000.0,0.0,0.0,0.0
03/10/2019,6508.5646654823,17900.0,450.0,0.02513966,6419.8921223557,6614.971717234,6384.4231051052,85250.0,1569000000.0,0.0,0.0,85250.0,1569000000.0,-1410.0,0.0,0.0,0.0,-25929000.0,0.0,0.0,0.0
02/10/2019,6348.9540878546,17600.0,300.0,0.01704545,6242.5470361029,6384.4231051052,6065.20194985,95200.0,1673000000.0,0.0,0.0,95200.0,1673000000.0,5550.0,0.0,0.0,0.0,99189000.0,0.0,0.0,0.0
01/10/2019,6242.5470361029,17400.0,200.0,0.01149425,6171.6090016017,6526.2991741076,6029.7329325994,54730.0,948000000.0,0.0,0.0,54730.0,948000000.0,-39400.0,0.0,0.0,39400.0,-683784000.0,0.0,0.0,683784000.0
30/09/2019,6171.6090016017,16300.0,1100.0,0.06748466,5941.060389473,6171.6090016017,5852.3878463465,51370.0,876000000.0,0.0,0.0,51370.0,876000000.0,-19550.0,0.0,0.0,19500.0,-335774000.0,0.0,0.0,334934000.0
27/09/2019,5781.4498118453,17500.0,-1200.0,-0.06857143,6029.7329325994,6065.20194985,5781.4498118453,194650.0,3189000000.0,0.0,0.0,194650.0,3189000000.0,-16310.0,0.0,0.0,10810.0,-271688000.0,0.0,0.0,181913000.0
26/09/2019,6207.0780188523,18800.0,-1300.0,-0.06914894,6561.7681913581,6597.2372086087,6207.0780188523,126620.0,2238000000.0,0.0,0.0,126620.0,2238000000.0,-460.0,0.0,0.0,-500.0,-8300000.0,0.0,0.0,-8850000.0
24/09/2019,6916.458363864,19500.0,0.0,0.0,6916.458363864,7005.1309069904,6898.7238552387,17010.0,333000000.0,0.0,0.0,17010.0,333000000.0,4860.0,0.0,0.0,-4860.0,94775000.0,0.0,0.0,-94775000.0
23/09/2019,6916.458363864,19500.0,0.0,0.0,6951.9273811146,7200.2105018687,6916.458363864,97560.0,1922087000.0,0.0,0.0,97560.0,1922087000.0,20940.0,10.0,0.0,-21310.0,412261500.0,202500.0,0.0,-419580000.0
19/09/2019,6898.7238552387,19300.0,150.0,0.00777202,6845.5203293629,6898.7238552387,6845.5203293629,18380.0,355000000.0,0.0,0.0,18380.0,355000000.0,-40.0,0.0,0.0,0.0,-772000.0,0.0,0.0,0.0
18/09/2019,6845.5203293629,19450.0,-150.0,-0.00771208,6898.7238552387,6898.7238552387,6739.1132776111,45420.0,874000000.0,0.0,0.0,45420.0,874000000.0,21650.0,0.0,0.0,-21650.0,415862000.0,0.0,0.0,-415862000.0
17/09/2019,6898.7238552387,19450.0,0.0,0.0,6810.0513121123,6898.7238552387,6810.0513121123,11010.0,212000000.0,0.0,0.0,11010.0,212000000.0,40.0,0.0,0.0,-40.0,778000.0,0.0,0.0,-778000.0
16/09/2019,6898.7238552387,19450.0,0.0,0.0,6898.7238552387,6916.458363864,6810.0513121123,25340.0,491000000.0,0.0,0.0,25340.0,491000000.0,-4810.0,0.0,0.0,4810.0,-93542000.0,0.0,0.0,93542000.0
13/09/2019,6898.7238552387,19500.0,-50.0,-0.0025641,6916.458363864,6916.458363864,6739.1132776111,34720.0,664000000.0,0.0,0.0,34720.0,664000000.0,27150.0,0.0,0.0,-27480.0,517550000.0,0.0,0.0,-523935500.0
12/09/2019,6916.458363864,19300.0,200.0,0.01036269,6810.0513121123,7076.0689414916,6810.0513121123,2020.0,39000000.0,0.0,0.0,2020.0,39000000.0,460.0,0.0,0.0,-220.0,8946000.0,0.0,0.0,-4290000.0
10/09/2019,6810.0513121123,19600.0,-400.0,-0.02040816,6916.458363864,6969.6618897399,6739.1132776111,19450.0,371000000.0,0.0,0.0,19450.0,371000000.0,-120.0,0.0,0.0,0.0,-2287000.0,0.0,0.0,0.0
09/09/2019,6951.9273811146,19650.0,-50.0,-0.00254453,6969.6618897399,7022.8654156157,6880.9893466134,5900.0,115000000.0,0.0,0.0,5900.0,115000000.0,-40.0,0.0,0.0,0.0,-776000.0,0.0,0.0,0.0
06/09/2019,6969.6618897399,19500.0,150.0,0.00769231,6916.458363864,7022.8654156157,6916.458363864,18260.0,356000000.0,0.0,0.0,18260.0,356000000.0,-650.0,0.0,0.0,-150.0,-12700000.0,0.0,0.0,-2925000.0
05/09/2019,6916.458363864,19500.0,0.0,0.0,6969.6618897399,6969.6618897399,6827.7858207376,2250.0,44000000.0,0.0,0.0,2250.0,44000000.0,-500.0,0.0,0.0,0.0,-9625000.0,0.0,0.0,0.0
04/09/2019,6916.458363864,19150.0,350.0,0.01827676,6792.316803487,6916.458363864,6739.1132776111,38080.0,728000000.0,0.0,0.0,38080.0,728000000.0,30.0,-30.0,-30.0,0.0,570000.0,-570000.0,-570000.0,0.0
30/08/2019,6880.9893466134,19500.0,-100.0,-0.00512821,6916.458363864,6916.458363864,6739.1132776111,37610.0,721000000.0,0.0,0.0,37610.0,721000000.0,-470.0,0.0,0.0,300.0,-8970000.0,0.0,0.0,5715000.0
29/08/2019,6916.458363864,19550.0,-50.0,-0.00255754,6951.9273811146,6951.9273811146,6774.5822948617,20350.0,395000000.0,0.0,0.0,20350.0,395000000.0,20.0,0.0,0.0,0.0,382000.0,0.0,0.0,0.0
28/08/2019,6934.1928724893,19800.0,-250.0,-0.01262626,6951.9273811146,6951.9273811146,6632.7062258593,52520.0,1019000000.0,0.0,0.0,52520.0,1019000000.0,-940.0,0.0,0.0,-1060.0,-19705000.0,0.0,0.0,-20695000.0
27/08/2019,7022.8654156157,19800.0,0.0,0.0,7271.1485363699,7271.1485363699,6951.9273811146,15400.0,305000000.0,0.0,0.0,15400.0,305000000.0,-20.0,0.0,0.0,0.0,-398000.0,0.0,0.0,0.0
26/08/2019,7022.8654156157,19800.0,0.0,0.0,6987.3963983652,7022.8654156157,6916.458363864,16520.0,325000000.0,0.0,0.0,16520.0,325000000.0,-20.0,0.0,0.0,0.0,-395000.0,0.0,0.0,0.0
23/08/2019,7022.8654156157,20400.0,-600.0,-0.02941176,6987.3963983652,7235.6795191193,6987.3963983652,16980.0,336000000.0,0.0,0.0,16980.0,336000000.0,4850.0,0.0,0.0,-4850.0,95690000.0,0.0,0.0,-95690000.0
22/08/2019,7235.6795191193,20400.0,0.0,0.0,7235.6795191193,7377.5555881216,6845.5203293629,90370.0,1799000000.0,0.0,0.0,90370.0,1799000000.0,28360.0,-20.0,0.0,-28350.0,567942000.0,-400000.0,0.0,-567746000.0
21/08/2019,7235.6795191193,20600.0,-200.0,-0.00970874,7377.5555881216,7377.5555881216,7200.2105018687,35990.0,739000000.0,0.0,0.0,35990.0,739000000.0,-1090.0,0.0,0.0,1090.0,-22403000.0,0.0,0.0,22403000.0
20/08/2019,7306.6175536204,20600.0,0.0,0.0,7306.6175536204,7448.4936226228,7093.803450117,50480.0,1024000000.0,0.0,0.0,50480.0,1024000000.0,30500.0,0.0,0.0,-30740.0,617800500.0,0.0,0.0,-622720500.0
19/08/2019,7306.6175536204,20900.0,-300.0,-0.01435407,7413.0246053722,7448.4936226228,7235.6795191193,64400.0,1325000000.0,0.0,0.0,64400.0,1325000000.0,-830.0,0.0,0.0,830.0,-17186000.0,0.0,0.0,17186000.0
16/08/2019,7413.0246053722,20900.0,0.0,0.0,7271.1485363699,7413.0246053722,7129.2724673676,111150.0,2278000000.0,0.0,0.0,111150.0,2278000000.0,12020.0,0.0,0.0,-10800.0,246722000.0,0.0,0.0,-221668000.0
15/08/2019,7413.0246053722,20900.0,0.0,0.0,7271.1485363699,7448.4936226228,7271.1485363699,48690.0,1005000000.0,0.0,0.0,48690.0,1005000000.0,5320.0,0.0,0.0,-5620.0,110123000.0,0.0,0.0,-116423000.0
14/08/2019,7413.0246053722,20000.0,900.0,0.045,7590.3696916251,7590.3696916251,7271.1485363699,168880.0,3566000000.0,0.0,0.0,168880.0,3566000000.0,24530.0,0.0,0.0,-22090.0,515232000.0,0.0,0.0,-464159000.0
13/08/2019,7093.803450117,18800.0,1200.0,0.06382979,6650.4407344846,7129.2724673676,6632.7062258593,295000.0,5811000000.0,0.0,0.0,295000.0,5811000000.0,38940.0,10000.0,0.0,-60310.0,760842500.0,197500000.0,0.0,-1182504500.0
12/08/2019,6668.1752431099,18800.0,0.0,0.0,6668.1752431099,6703.6442603605,6668.1752431099,24310.0,457000000.0,0.0,0.0,24310.0,457000000.0,12560.0,0.0,0.0,-12560.0,236219000.0,0.0,0.0,-236219000.0
09/08/2019,6668.1752431099,18750.0,50.0,0.00266667,6597.2372086087,6668.1752431099,6597.2372086087,8350.0,156000000.0,0.0,0.0,8350.0,156000000.0,2340.0,0.0,0.0,-2330.0,43998000.0,0.0,0.0,-43812000.0
08/08/2019,6650.4407344846,18700.0,50.0,0.0026738,6526.2991741076,6668.1752431099,6526.2991741076,19720.0,366000000.0,0.0,0.0,19720.0,366000000.0,3500.0,0.0,0.0,-3450.0,65785000.0,0.0,0.0,-64860000.0
07/08/2019,6632.7062258593,19200.0,-500.0,-0.02604167,6739.1132776111,6739.1132776111,6597.2372086087,32860.0,621000000.0,0.0,0.0,32860.0,621000000.0,16750.0,0.0,0.0,-16750.0,316591000.0,0.0,0.0,-316591000.0
06/08/2019,6810.0513121123,19000.0,200.0,0.01052632,6561.7681913581,6880.9893466134,6561.7681913581,12660.0,240000000.0,0.0,0.0,12660.0,240000000.0,-2130.0,0.0,0.0,2090.0,-40491000.0,0.0,0.0,39731000.0
05/08/2019,6739.1132776111,19200.0,-200.0,-0.01041667,6845.5203293629,6916.458363864,6597.2372086087,56420.0,1069000000.0,0.0,0.0,56420.0,1069000000.0,19530.0,0.0,0.0,-19590.0,371717000.0,0.0,0.0,-372872000.0
02/08/2019,6810.0513121123,18400.0,800.0,0.04347826,6526.2991741076,6916.458363864,6490.830156857,111450.0,2102000000.0,0.0,0.0,111450.0,2102000000.0,-3420.0,0.0,0.0,-37490.0,-122601000.0,0.0,0.0,-716980000.0
01/08/2019,6526.2991741076,18200.0,200.0,0.01098901,6490.830156857,6632.7062258593,6419.8921223557,40430.0,738000000.0,0.0,0.0,40430.0,738000000.0,16930.0,0.0,0.0,-16930.0,307316000.0,0.0,0.0,-307316000.0
31/07/2019,6455.3611396064,18500.0,-300.0,-0.01621622,6561.7681913581,6561.7681913581,6384.4231051052,8690.0,158000000.0,0.0,0.0,8690.0,158000000.0,-100.0,0.0,0.0,100.0,-1830000.0,0.0,0.0,1830000.0
29/07/2019,6650.4407344846,18800.0,-50.0,-0.00265957,6579.5026999834,6650.4407344846,6579.5026999834,4130.0,77000000.0,0.0,0.0,4130.0,77000000.0,500.0,0.0,0.0,-500.0,9375000.0,0.0,0.0,-9375000.0
26/07/2019,6668.1752431099,18800.0,0.0,0.0,6668.1752431099,6668.1752431099,6597.2372086087,23460.0,440000000.0,130000.0,2275000000.0,153460.0,2715000000.0,10.0,-10.0,-10.0,0.0,186000.0,-186000.0,-186000.0,0.0
25/07/2019,6668.1752431099,18400.0,400.0,0.02173913,6419.8921223557,6668.1752431099,6313.485070604,69330.0,1266000000.0,0.0,0.0,69330.0,1266000000.0,3500.0,0.0,0.0,-500.0,64225000.0,0.0,0.0,-9175000.0
24/07/2019,6526.2991741076,19000.0,-600.0,-0.03157895,6437.6266309811,6739.1132776111,6437.6266309811,42390.0,785000000.0,0.0,0.0,42390.0,785000000.0,3050.0,0.0,0.0,-3050.0,57724000.0,0.0,0.0,-57724000.0
23/07/2019,6739.1132776111,19350.0,-350.0,-0.01808786,6934.1928724893,6934.1928724893,6739.1132776111,80540.0,1537000000.0,0.0,0.0,80540.0,1537000000.0,-4480.0,0.0,0.0,4480.0,-85640000.0,0.0,0.0,85640000.0
22/07/2019,6863.2548379881,19500.0,-150.0,-0.00769231,6863.2548379881,6951.9273811146,6845.5203293629,163630.0,3181000000.0,0.0,0.0,163630.0,3181000000.0,48430.0,-42330.0,0.0,-6100.0,942519500.0,-824264500.0,0.0,-118255000.0
19/07/2019,6916.458363864,19750.0,-250.0,-0.01265823,6880.9893466134,7005.1309069904,6845.5203293629,223520.0,4349000000.0,0.0,0.0,223520.0,4349000000.0,-13000.0,0.0,0.0,0.0,-253698500.0,0.0,0.0,0.0
18/07/2019,7005.1309069904,19900.0,-150.0,-0.00753769,7093.803450117,7093.803450117,6863.2548379881,54340.0,1064000000.0,0.0,0.0,54340.0,1064000000.0,-11470.0,0.0,0.0,-530.0,-225850500.0,0.0,0.0,-10370000.0
17/07/2019,7058.3344328664,19800.0,100.0,0.00505051,6969.6618897399,7093.803450117,6969.6618897399,60650.0,1200000000.0,0.0,0.0,60650.0,1200000000.0,4760.0,0.0,0.0,-4760.0,93770000.0,0.0,0.0,-93770000.0
16/07/2019,7022.8654156157,19750.0,50.0,0.00253165,7093.803450117,7093.803450117,6951.9273811146,115670.0,2277000000.0,0.0,0.0,115670.0,2277000000.0,5000.0,0.0,0.0,-5000.0,98862500.0,0.0,0.0,-98862500.0
15/07/2019,7005.1309069904,19200.0,550.0,0.02864583,6827.7858207376,7093.803450117,6739.1132776111,264460.0,5241000000.0,0.0,0.0,264460.0,5241000000.0,94370.0,-87870.0,0.0,-6500.0,1878203500.0,-1750424000.0,0.0,-127779500.0
12/07/2019,6810.0513121123,18800.0,400.0,0.0212766,6668.1752431099,7093.803450117,6668.1752431099,728650.0,14272000000.0,0.0,0.0,728650.0,14272000000.0,337150.0,-100090.0,0.0,-241520.0,6565576000.0,-1968066000.0,0.0,-4683908000.0
11/07/2019,6668.1752431099,17600.0,1200.0,0.06818182,6171.6090016017,6668.1752431099,6171.6090016017,500360.0,9353000000.0,0.0,0.0,500360.0,9353000000.0,3350.0,-100000.0,0.0,-10850.0,79275000.0,-1880000000.0,0.0,-198420000.0
10/07/2019,6242.5470361029,16500.0,1100.0,0.06666667,5852.3878463465,6242.5470361029,5799.1843204705,197260.0,3350000000.0,0.0,0.0,197260.0,3350000000.0,-41640.0,200.0,0.0,-3560.0,-703193500.0,3420000.0,0.0,-59520000.0
09/07/2019,5852.3878463465,16100.0,400.0,0.02484472,5604.1047255924,5852.3878463465,5604.1047255924,230810.0,3760000000.0,0.0,0.0,230810.0,3760000000.0,-75200.0,0.0,0.0,0.0,-1238550000.0,0.0,0.0,0.0
08/07/2019,5710.5117773441,15750.0,350.0,0.02222222,5586.3702169671,5745.9807945947,5586.3702169671,120130.0,1918000000.0,0.0,0.0,120130.0,1918000000.0,-4030.0,0.0,0.0,4000.0,-63471000.0,0.0,0.0,63000000.0
05/07/2019,5586.3702169671,15650.0,100.0,0.00638978,5550.9011997165,5745.9807945947,5550.9011997165,764710.0,12135000000.0,0.0,0.0,764710.0,12135000000.0,562360.0,0.0,0.0,-562360.0,8894812000.0,0.0,0.0,-8894812000.0
04/07/2019,5550.9011997165,15700.0,-50.0,-0.00318471,5444.4941479647,5586.3702169671,5444.4941479647,54790.0,857000000.0,0.0,0.0,54790.0,857000000.0,110.0,0.0,0.0,0.0,1721500.0,0.0,0.0,0.0
03/07/2019,5568.6357083418,15750.0,-50.0,-0.0031746,5568.6357083418,5621.8392342177,5568.6357083418,75310.0,1186000000.0,0.0,0.0,75310.0,1186000000.0,21700.0,0.0,0.0,-21700.0,340700000.0,0.0,0.0,-340700000.0
02/07/2019,5586.3702169671,15700.0,50.0,0.00318471,5604.1047255924,5604.1047255924,5533.1666910912,91590.0,1441000000.0,0.0,0.0,91590.0,1441000000.0,-8090.0,0.0,0.0,8190.0,-127817500.0,0.0,0.0,129397500.0
01/07/2019,5568.6357083418,14950.0,750.0,0.05016722,5355.8216048383,5568.6357083418,5355.8216048383,110360.0,1683000000.0,0.0,0.0,110360.0,1683000000.0,10200.0,0.0,0.0,-8480.0,154624000.0,0.0,0.0,-127820000.0
28/06/2019,5302.6180789624,15000.0,-50.0,-0.00333333,5213.945535836,5391.2906220889,5213.945535836,56580.0,850000000.0,0.0,0.0,56580.0,850000000.0,5340.0,0.0,0.0,-5450.0,80650500.0,0.0,0.0,-82295000.0
27/06/2019,5320.3525875878,15500.0,-500.0,-0.03225806,5497.6976738406,5497.6976738406,5284.8835703372,236400.0,3583000000.0,0.0,0.0,236400.0,3583000000.0,20750.0,-21770.0,0.0,1320.0,315342000.0,-330904000.0,0.0,20212000.0
26/06/2019,5497.6976738406,14950.0,550.0,0.0367893,5302.6180789624,5497.6976738406,5302.6180789624,318240.0,4871000000.0,0.0,0.0,318240.0,4871000000.0,380.0,-280.0,0.0,1400.0,6184000.0,-4284000.0,0.0,21350000.0
25/06/2019,5302.6180789624,14600.0,350.0,0.0239726,5284.8835703372,5391.2906220889,5178.4765185854,320070.0,4796000000.0,0.0,0.0,320070.0,4796000000.0,107820.0,-1000.0,0.0,-107220.0,1616749500.0,-15000000.0,0.0,-1607729500.0
24/06/2019,5178.4765185854,14250.0,350.0,0.0245614,5054.3349582083,5213.945535836,5054.3349582083,174420.0,2525000000.0,0.0,0.0,174420.0,2525000000.0,3490.0,0.0,0.0,-3790.0,50560500.0,0.0,0.0,-54940500.0
19/06/2019,4930.1933978312,13900.0,0.0,0.0,4965.6624150818,4965.6624150818,4894.7243805807,108420.0,1505000000.0,0.0,0.0,108420.0,1505000000.0,-2050.0,0.0,0.0,2050.0,-28700000.0,0.0,0.0,28700000.0
