NGÀY,GIÁ,GIÁ THÔ,THAY ĐỔI,%THAY ĐỔI,MỞ,CAO,THẤP,KL KHỚP,GT KHỚP,KL THỎA THUẬN,GT THỎA THUẬN,TỔNG KHỐI LƯỢNG,TỔNG GIÁ TRỊ,KL Cá Nhân Khớp Ròng,KL Tổ chức Khớp Ròng,KL Tự doanh Khớp Ròng,KL Nước Ngoài Khớp Ròng,GT Cá Nhân Khớp Ròng,GT Tổ chức Khớp Ròng,GT Tự doanh Khớp Ròng,GT Nước Ngoài Khớp Ròng
21/09/2026,27600.0,27500.0,100.0,0.00363636,27500.0,27600.0,27500.0,2319.0,63992500.0,0.0,0.0,2319.0,63992500.0,0.0,0.0,0.0,0.0,0.0,0.0,0.0,0.0
18/09/2026,27500.0,27300.0,200.0,0.00732601,27500.0,27500.0,27500.0,1135.0,31205700.0,0.0,0.0,1135.0,31205700.0,0.0,0.0,0.0,0.0,0.0,0.0,0.0,0.0
17/09/2026,27300.0,27800.0,-500.0,-0.01798561,27100.0,27300.0,27100.0,470.0,12759100.0,0.0,0.0,470.0,12759100.0,0.0,0.0,0.0,0.0,0.0,0.0,0.0,0.0
16/09/2026,27800.0,28500.0,-700.0,-0.0245614,28500.0,28500.0,27800.0,3704.0,103995000.0,0.0,0.0,3704.0,103995000.0,0.0,0.0,0.0,0.0,0.0,0.0,0.0,0.0
15/09/2026,28500.0,27800.0,700.0,0.02517986,28650.0,28650.0,28150.0,2870.0,81890500.0,0.0,0.0,2870.0,81890500.0,0.0,0.0,0.0,0.0,0.0,0.0,0.0,0.0
14/09/2026,27808.745,31500.0,-850.0,-0.02698413,28852.14,28852.14,27808.745,1976.0,62636100.0,0.0,0.0,1976.0,62636100.0,0.0,0.0,0.0,0.0,0.0,0.0,0.0,0.0
11/09/2026,28579.95,31700.0,-200.0,-0.00630915,28716.045,28716.045,27627.285,3144.0,98837800.0,0.0,0.0,3144.0,98837800.0,0.0,0.0,0.0,0.0,0.0,0.0,0.0,0.0
10/09/2026,28761.41,31400.0,300.0,0.00955414,28534.585,28761.41,28353.125,1666.0,52510600.0,0.0,0.0,1666.0,52510600.0,0.0,0.0,0.0,0.0,0.0,0.0,0.0,0.0
09/09/2026,28489.22,31400.0,0.0,0.0,28307.76,28806.775,27264.365,3507.0,109878900.0,0.0,0.0,3507.0,109878900.0,0.0,0.0,0.0,0.0,0.0,0.0,0.0,0.0
08/09/2026,28489.22,31400.0,0.0,0.0,28489.22,28489.22,28489.22,632.0,19837000.0,0.0,0.0,632.0,19837000.0,100.0,0.0,0.0,-100.0,3140000.0,0.0,0.0,-3140000.0
07/09/2026,28489.22,31400.0,0.0,0.0,28489.22,28670.68,28489.22,2430.0,76485200.0,0.0,0.0,2430.0,76485200.0,-100.0,0.0,0.0,100.0,-3180000.0,0.0,0.0,3180000.0
04/09/2026,28489.22,31700.0,-300.0,-0.00946372,28761.41,29033.6,28398.49,1937.0,61225050.0,0.0,0.0,1937.0,61225050.0,0.0,0.0,0.0,0.0,0.0,0.0,0.0,0.0
03/09/2026,28761.41,31100.0,600.0,0.0192926,28262.395,29033.6,28262.395,5785.0,182304000.0,0.0,0.0,5785.0,182304000.0,0.0,0.0,0.0,0.0,0.0,0.0,0.0,0.0
28/08/2026,28217.03,30800.0,300.0,0.00974026,28126.3,28217.03,27581.92,3715.0,114994750.0,0.0,0.0,3715.0,114994750.0,1012.0,-1012.0,0.0,0.0,31471801.0,-31471800.0,0.0,0.0
27/08/2026,27944.84,31100.0,-300.0,-0.0096463,28398.49,28398.49,27944.84,3097.0,95517700.0,0.0,0.0,3097.0,95517700.0,107.0,-107.0,0.0,0.0,3291200.0,-3291200.0,0.0,0.0
26/08/2026,28217.03,30700.0,400.0,0.01302932,27854.11,28670.68,27808.745,6601.0,206897600.0,0.0,0.0,6601.0,206897600.0,3850.0,-3950.0,0.0,100.0,120991451.0,-124061450.0,0.0,3070000.0
25/08/2026,27854.11,29650.0,1050.0,0.03541315,26901.445,27854.11,26901.445,3205.0,95920450.0,0.0,0.0,3205.0,95920450.0,1901.0,-1701.0,0.0,-200.0,56444650.0,-50559650.0,0.0,-5885000.0
24/08/2026,26901.445,29650.0,0.0,0.0,26311.7,26901.445,26311.7,582.0,17098350.0,0.0,0.0,582.0,17098350.0,-327.0,327.0,0.0,0.0,-9496650.0,9496650.0,0.0,0.0
21/08/2026,26901.445,29650.0,0.0,0.0,26901.445,26901.445,26901.445,146.0,4327550.0,0.0,0.0,146.0,4327550.0,144.0,-144.0,0.0,0.0,4270950.0,-4270950.0,0.0,0.0
20/08/2026,26901.445,30000.0,-350.0,-0.01166667,26992.175,26992.175,26901.445,376.0,11164100.0,0.0,0.0,376.0,11164100.0,-234.0,234.0,0.0,0.0,-6953550.0,6953550.0,0.0,0.0
19/08/2026,27219.0,30000.0,0.0,0.0,27219.0,27219.0,27219.0,222.0,6657400.0,0.0,0.0,222.0,6657400.0,116.0,-16.0,0.0,-100.0,3480001.0,-480000.0,0.0,-3000000.0
18/08/2026,27219.0,29000.0,1000.0,0.03448276,26402.43,27219.0,26402.43,379.0,11222700.0,0.0,0.0,379.0,11222700.0,60.0,40.0,0.0,-100.0,1833000.0,1167000.0,0.0,-3000000.0
17/08/2026,26311.7,29550.0,-550.0,-0.01861252,26311.7,26311.7,26311.7,1015.0,29443250.0,0.0,0.0,1015.0,29443250.0,-900.0,900.0,0.0,0.0,-26100000.0,26100000.0,0.0,0.0
14/08/2026,26810.715,30650.0,-1100.0,-0.03588907,27219.0,27219.0,26810.715,1540.0,45781550.0,0.0,0.0,1540.0,45781550.0,1113.0,-1113.0,0.0,0.0,33160050.0,-33160050.0,0.0,0.0
13/08/2026,27808.745,29700.0,950.0,0.03198653,26946.81,27808.745,26538.525,432.0,12905600.0,0.0,0.0,432.0,12905600.0,48.0,-148.0,0.0,100.0,1285600.0,-4255600.0,0.0,2970000.0
12/08/2026,26946.81,30650.0,-950.0,-0.03099511,27763.38,27763.38,26765.35,2241.0,66692500.0,0.0,0.0,2241.0,66692500.0,1720.0,-1720.0,0.0,0.0,51303000.0,-51283000.0,0.0,-20000.0
11/08/2026,27808.745,30550.0,100.0,0.00327332,27718.015,27808.745,27718.015,3581.0,109424550.0,0.0,0.0,3581.0,109424550.0,-1123.0,1123.0,0.0,0.0,-34332650.0,34332650.0,0.0,0.0
10/08/2026,27718.015,30750.0,-200.0,-0.00650407,26311.7,27808.745,26311.7,1594.0,47684750.0,0.0,0.0,1594.0,47684750.0,-893.0,893.0,0.0,0.0,-26394000.0,26394000.0,0.0,0.0
07/08/2026,27899.475,29150.0,1600.0,0.05488851,26311.7,27899.475,26311.7,716.0,21071450.0,0.0,0.0,716.0,21071450.0,-398.0,398.0,0.0,0.0,-11539000.0,11539000.0,0.0,0.0
06/08/2026,26447.795,29500.0,-350.0,-0.01186441,26765.35,28126.3,26447.795,600.0,17980000.0,0.0,0.0,600.0,17980000.0,-200.0,400.0,0.0,-200.0,-5980000.0,12080000.0,0.0,-6100000.0
05/08/2026,26765.35,30350.0,-850.0,-0.02800659,26765.35,26765.35,26765.35,507.0,14987450.0,0.0,0.0,507.0,14987450.0,-100.0,100.0,0.0,0.0,-2950000.0,2950000.0,0.0,0.0
04/08/2026,27536.555,29900.0,450.0,0.01505017,26447.795,27536.555,26447.795,1201.0,35131800.0,0.0,0.0,1201.0,35131800.0,100.0,900.0,0.0,-1000.0,3035000.0,26115000.0,0.0,-29150000.0
03/08/2026,27128.27,29500.0,400.0,0.01355932,28534.585,28534.585,26856.08,1306.0,39942800.0,0.0,0.0,1306.0,39942800.0,-200.0,200.0,0.0,0.0,-5490000.0,5490000.0,0.0,0.0
31/07/2026,26765.35,29700.0,-200.0,-0.00673401,26765.35,27128.27,26765.35,2651.0,78334700.0,0.0,0.0,2651.0,78334700.0,-669.0,669.0,0.0,0.0,-19809300.0,19809300.0,0.0,0.0
30/07/2026,26946.81,29600.0,100.0,0.00337838,26856.08,26946.81,26856.08,1863.0,55170550.0,0.0,0.0,1863.0,55170550.0,-350.0,350.0,0.0,0.0,-10415450.0,10415450.0,0.0,0.0
29/07/2026,26856.08,29650.0,-50.0,-0.00168634,26357.065,26901.445,26357.065,3779.0,111726800.0,0.0,0.0,3779.0,111726800.0,-2368.0,2268.0,0.0,100.0,-69988150.0,67058150.0,0.0,2930000.0
28/07/2026,26901.445,28700.0,950.0,0.03310105,25858.05,26901.445,25858.05,409.0,11803300.0,0.0,0.0,409.0,11803300.0,-9.0,9.0,0.0,0.0,-258300.0,258300.0,0.0,0.0
27/07/2026,26039.51,29000.0,-300.0,-0.01034483,26311.7,26719.985,25994.145,2502.0,72517650.0,0.0,0.0,2502.0,72517650.0,-1399.0,1399.0,0.0,0.0,-40396001.0,40396000.0,0.0,0.0
24/07/2026,26311.7,29850.0,-850.0,-0.02847571,26311.7,26311.7,26311.7,2500.0,72500000.0,0.0,0.0,2500.0,72500000.0,100.0,-100.0,0.0,0.0,2900000.0,-2900000.0,0.0,0.0
23/07/2026,27082.905,29850.0,0.0,0.0,27082.905,27082.905,27082.905,0.0,0.0,0.0,0.0,0.0,0.0,0.0,0.0,0.0,0.0,0.0,0.0,0.0,0.0
22/07/2026,27082.905,29300.0,550.0,0.01877133,26583.89,27082.905,25994.145,1800.0,51880000.0,0.0,0.0,1800.0,51880000.0,600.0,-600.0,0.0,0.0,17390000.0,-17390000.0,0.0,0.0
21/07/2026,26583.89,29450.0,-150.0,-0.00509338,26674.62,26674.62,26583.89,400.0,11740000.0,0.0,0.0,400.0,11740000.0,-100.0,100.0,0.0,0.0,-2920000.0,2920000.0,0.0,0.0
20/07/2026,26719.985,29500.0,-50.0,-0.00169492,26765.35,26765.35,26130.24,502.0,14664000.0,0.0,0.0,502.0,14664000.0,-2.0,2.0,0.0,0.0,81000.0,-81000.0,0.0,0.0
17/07/2026,26765.35,29500.0,0.0,0.0,26765.35,26765.35,26765.35,3010.0,88795000.0,0.0,0.0,3010.0,88795000.0,-1900.0,1900.0,0.0,0.0,-56050000.0,56050000.0,0.0,0.0
16/07/2026,26765.35,29500.0,0.0,0.0,26765.35,26765.35,26765.35,5.0,147500.0,0.0,0.0,5.0,147500.0,5.0,-5.0,0.0,0.0,147500.0,-147500.0,0.0,0.0
15/07/2026,26765.35,29500.0,0.0,0.0,26765.35,26765.35,26765.35,1413.0,41684500.0,0.0,0.0,1413.0,41684500.0,400.0,-300.0,0.0,-100.0,11800000.0,-8850000.0,0.0,-2950000.0
14/07/2026,26765.35,29500.0,0.0,0.0,26765.35,26765.35,26765.35,700.0,20650000.0,0.0,0.0,700.0,20650000.0,0.0,0.0,0.0,0.0,0.0,0.0,0.0,0.0
13/07/2026,26765.35,29500.0,0.0,0.0,26765.35,26765.35,26765.35,212.0,6260400.0,0.0,0.0,212.0,6260400.0,-12.0,12.0,0.0,0.0,-360399.0,360400.0,0.0,0.0
10/07/2026,26765.35,29500.0,0.0,0.0,26765.35,26765.35,26765.35,1005.0,29647500.0,0.0,0.0,1005.0,29647500.0,600.0,-600.0,0.0,0.0,17700000.0,-17700000.0,0.0,0.0
09/07/2026,26765.35,29350.0,150.0,0.00511073,25948.78,26765.35,25948.78,1103.0,32323050.0,0.0,0.0,1103.0,32323050.0,-100.0,100.0,0.0,0.0,-2930001.0,2930000.0,0.0,0.0
08/07/2026,26629.255,28800.0,550.0,0.01909722,26130.24,26629.255,25903.415,604.0,17353800.0,0.0,0.0,604.0,17353800.0,-100.0,400.0,0.0,-300.0,-2855000.0,11420000.0,0.0,-8565000.0
07/07/2026,26130.24,29000.0,-200.0,-0.00689655,26311.7,26311.7,26130.24,1009.0,29201000.0,0.0,0.0,1009.0,29201000.0,100.0,200.0,0.0,-300.0,2860000.0,5780000.0,0.0,-8640000.0
06/07/2026,26311.7,29100.0,-100.0,-0.00343643,26447.795,26856.08,26311.7,818.0,23872000.0,0.0,0.0,818.0,23872000.0,-300.0,300.0,0.0,0.0,-8670000.0,8670000.0,0.0,0.0
03/07/2026,26402.43,29900.0,-800.0,-0.02675585,26402.43,26719.985,26402.43,4212.0,122893700.0,0.0,0.0,4212.0,122893700.0,-3490.0,3390.0,0.0,100.0,-101710001.0,98800000.0,0.0,2910000.0
02/07/2026,27128.27,29900.0,0.0,0.0,27128.27,27128.27,27128.27,0.0,0.0,0.0,0.0,0.0,0.0,0.0,0.0,0.0,0.0,0.0,0.0,0.0,0.0
01/07/2026,27128.27,29900.0,0.0,0.0,26039.51,27128.27,26039.51,2202.0,63439800.0,0.0,0.0,2202.0,63439800.0,-202.0,202.0,0.0,0.0,-5799800.0,5799800.0,0.0,0.0
30/06/2026,27128.27,29900.0,0.0,0.0,27128.27,27128.27,27128.27,2.0,59800.0,0.0,0.0,2.0,59800.0,2.0,-2.0,0.0,0.0,59800.0,-59800.0,0.0,0.0
29/06/2026,27128.27,29900.0,0.0,0.0,27128.27,27128.27,27128.27,3.0,89800.0,0.0,0.0,3.0,89800.0,0.0,0.0,0.0,0.0,0.0,0.0,0.0,0.0
26/06/2026,27128.27,29600.0,300.0,0.01013514,26447.795,27128.27,26447.795,283.0,8324750.0,0.0,0.0,283.0,8324750.0,-130.0,130.0,-80.0,0.0,-3864500.0,3864500.0,-2332000.0,0.0
25/06/2026,26856.08,29900.0,-300.0,-0.01003344,26856.08,26856.08,26856.08,501.0,14829900.0,0.0,0.0,501.0,14829900.0,-300.0,300.0,0.0,0.0,-8880000.0,8880000.0,0.0,0.0
24/06/2026,27128.27,29500.0,400.0,0.01355932,26130.24,27128.27,26130.24,1923.0,57106000.0,0.0,0.0,1923.0,57106000.0,200.0,-200.0,-10.0,0.0,6150000.0,-6150000.0,-290000.0,0.0
23/06/2026,26765.35,29500.0,0.0,0.0,26583.89,26765.35,26583.89,475.0,13937200.0,0.0,0.0,475.0,13937200.0,-160.0,160.0,0.0,0.0,-4715300.0,4715300.0,0.0,0.0
22/06/2026,26765.35,28800.0,700.0,0.02430556,26311.7,26856.08,26311.7,10301.0,300629000.0,0.0,0.0,10301.0,300629000.0,-10200.0,10000.0,0.0,200.0,-297640000.0,291840000.0,0.0,5800000.0
19/06/2026,26130.24,29500.0,-700.0,-0.02372881,26765.35,26765.35,26130.24,1300.0,38280000.0,0.0,0.0,1300.0,38280000.0,1200.0,-1200.0,0.0,0.0,35400000.0,-35400000.0,0.0,0.0
18/06/2026,26765.35,29500.0,0.0,0.0,26765.35,26765.35,26765.35,100.0,2950000.0,0.0,0.0,100.0,2950000.0,0.0,0.0,0.0,0.0,0.0,0.0,0.0,0.0
17/06/2026,26765.35,29500.0,0.0,0.0,26765.35,26765.35,26311.7,2200.0,64100000.0,0.0,0.0,2200.0,64100000.0,-300.0,300.0,0.0,0.0,-8850000.0,8850000.0,0.0,0.0
16/06/2026,26765.35,29400.0,100.0,0.00340136,27128.27,27128.27,26674.62,4105.0,120920000.0,0.0,0.0,4105.0,120920000.0,-3700.0,4000.0,0.0,-300.0,-108850000.0,117820000.0,0.0,-8970000.0
15/06/2026,26674.62,29600.0,-200.0,-0.00675676,26719.985,26719.985,26674.62,1509.0,44409500.0,0.0,0.0,1509.0,44409500.0,400.0,-400.0,0.0,0.0,11785000.0,-11785000.0,0.0,0.0
12/06/2026,26856.08,29600.0,0.0,0.0,26856.08,26856.08,26856.08,1045.0,30950000.0,0.0,0.0,1045.0,30950000.0,45.0,-45.0,0.0,0.0,1350000.0,-1350000.0,0.0,0.0
11/06/2026,26856.08,29650.0,-50.0,-0.00168634,26856.08,26856.08,26856.08,200.0,5920000.0,0.0,0.0,200.0,5920000.0,100.0,-100.0,0.0,0.0,2960000.0,-2960000.0,0.0,0.0
10/06/2026,26901.445,29700.0,-50.0,-0.0016835,26447.795,26901.445,26447.795,300.0,8840000.0,0.0,0.0,300.0,8840000.0,100.0,-100.0,0.0,0.0,2965000.0,-2965000.0,0.0,0.0
09/06/2026,26946.81,29800.0,-100.0,-0.0033557,26583.89,26992.175,26039.51,1000.0,29325000.0,0.0,0.0,1000.0,29325000.0,800.0,-800.0,0.0,0.0,23485000.0,-23485000.0,0.0,0.0
08/06/2026,27037.54,29850.0,-50.0,-0.00167504,27037.54,27037.54,27037.54,414.0,12337900.0,0.0,0.0,414.0,12337900.0,400.0,-400.0,0.0,0.0,11920001.0,-11920000.0,0.0,0.0
05/06/2026,27082.905,29400.0,450.0,0.01530612,27173.635,27173.635,27082.905,2160.0,64501500.0,0.0,0.0,2160.0,64501500.0,-242.0,242.0,0.0,0.0,-7209500.0,7209500.0,0.0,0.0
04/06/2026,26674.62,29000.0,400.0,0.0137931,26311.7,26674.62,26311.7,2100.0,61205000.0,0.0,0.0,2100.0,61205000.0,-1000.0,900.0,0.0,100.0,-29235000.0,26335000.0,0.0,2900000.0
03/06/2026,26311.7,29450.0,-450.0,-0.01528014,26311.7,26311.7,26311.7,121.0,3530000.0,0.0,0.0,121.0,3530000.0,-10.0,10.0,0.0,0.0,-300000.0,300000.0,0.0,0.0
02/06/2026,26719.985,29400.0,50.0,0.00170068,26674.62,26719.985,26311.7,1908.0,55834800.0,0.0,0.0,1908.0,55834800.0,-300.0,0.0,0.0,300.0,-8785000.0,40000.0,0.0,8745000.0
01/06/2026,26674.62,29450.0,-50.0,-0.00169779,26674.62,26674.62,26674.62,101.0,2969550.0,0.0,0.0,101.0,2969550.0,0.0,0.0,0.0,0.0,0.0,0.0,0.0,0.0
29/05/2026,26719.985,29450.0,0.0,0.0,26719.985,26719.985,26719.985,100.0,2945000.0,0.0,0.0,100.0,2945000.0,0.0,0.0,0.0,0.0,0.0,0.0,0.0,0.0
28/05/2026,26719.985,29350.0,100.0,0.00340716,26583.89,26719.985,26583.89,1200.0,35290000.0,0.0,0.0,1200.0,35290000.0,-200.0,200.0,0.0,0.0,-5890000.0,5890000.0,0.0,0.0
27/05/2026,26629.255,29350.0,0.0,0.0,26629.255,26629.255,26493.16,720.0,21095300.0,0.0,0.0,720.0,21095300.0,-109.0,9.0,0.0,100.0,-3189100.0,254100.0,0.0,2935000.0
26/05/2026,26629.255,29250.0,100.0,0.0034188,25903.415,26629.255,25903.415,1901.0,54525300.0,0.0,0.0,1901.0,54525300.0,-1100.0,1100.0,0.0,0.0,-31375000.0,31375000.0,0.0,0.0
25/05/2026,26538.525,29250.0,0.0,0.0,26538.525,26538.525,26538.525,405.0,11854300.0,0.0,0.0,405.0,11854300.0,0.0,300.0,0.0,-300.0,0.0,8775000.0,0.0,-8775000.0
22/05/2026,26538.525,29500.0,-250.0,-0.00847458,26039.51,26538.525,25994.145,2407.0,69137750.0,0.0,0.0,2407.0,69137750.0,-100.0,1100.0,0.0,-1000.0,-2755000.0,31515000.0,0.0,-28760000.0
21/05/2026,26765.35,29000.0,500.0,0.01724138,26311.7,26765.35,26311.7,341.0,9939000.0,0.0,0.0,341.0,9939000.0,200.0,-200.0,0.0,0.0,5800000.0,-5800000.0,0.0,0.0
20/05/2026,26311.7,29000.0,0.0,0.0,26311.7,26311.7,26311.7,0.0,0.0,0.0,0.0,0.0,0.0,0.0,0.0,0.0,0.0,0.0,0.0,0.0,0.0
19/05/2026,26311.7,29000.0,0.0,0.0,26311.7,26311.7,26311.7,1738.0,50403200.0,0.0,0.0,1738.0,50403200.0,1225.0,-1225.0,0.0,0.0,35525001.0,-35525000.0,0.0,0.0
18/05/2026,26311.7,29000.0,0.0,0.0,26311.7,26311.7,25858.05,1123.0,32127000.0,0.0,0.0,1123.0,32127000.0,97.0,-97.0,0.0,0.0,2718000.0,-2718000.0,0.0,0.0
15/05/2026,26311.7,29400.0,-400.0,-0.01360544,26583.89,26583.89,26311.7,2205.0,64337900.0,0.0,0.0,2205.0,64337900.0,1100.0,-600.0,0.0,-500.0,32020000.0,-17520000.0,0.0,-14500000.0
14/05/2026,26674.62,28900.0,500.0,0.01730104,27082.905,27173.635,25858.05,2611.0,76726550.0,0.0,0.0,2611.0,76726550.0,905.0,-105.0,0.0,-800.0,26273900.0,-3353900.0,0.0,-22920000.0
13/05/2026,26220.97,29000.0,-100.0,-0.00344828,26130.24,26220.97,25948.78,2301.0,65954000.0,0.0,0.0,2301.0,65954000.0,0.0,100.0,0.0,-100.0,-5000.0,2885000.0,0.0,-2880000.0
12/05/2026,26311.7,29000.0,0.0,0.0,25903.415,26583.89,25903.415,3010.0,86090000.0,0.0,0.0,3010.0,86090000.0,-190.0,2500.0,0.0,-2310.0,-5330000.0,71295000.0,0.0,-65965000.0
11/05/2026,26311.7,29150.0,-150.0,-0.0051458,26402.43,26629.255,26311.7,2500.0,72650000.0,0.0,0.0,2500.0,72650000.0,-2000.0,800.0,0.0,1200.0,-58000000.0,23200000.0,0.0,34800000.0
08/05/2026,26447.795,29050.0,100.0,0.00344234,26402.43,26447.795,26402.43,1405.0,40934500.0,0.0,0.0,1405.0,40934500.0,700.0,300.0,0.0,-1000.0,20380000.0,8745000.0,0.0,-29125000.0
07/05/2026,26357.065,29050.0,0.0,0.0,26402.43,26402.43,26357.065,5501.0,159819900.0,0.0,0.0,5501.0,159819900.0,-201.0,201.0,0.0,0.0,-5844899.0,5844900.0,0.0,0.0
06/05/2026,26357.065,29000.0,50.0,0.00172414,26311.7,26402.43,26311.7,1500.0,43575000.0,0.0,0.0,1500.0,43575000.0,-700.0,700.0,0.0,0.0,-20335000.0,20335000.0,0.0,0.0
05/05/2026,26311.7,30000.0,-1000.0,-0.03333333,27219.0,27219.0,26311.7,1223.0,35805200.0,0.0,0.0,1223.0,35805200.0,-199.0,199.0,0.0,0.0,-5969900.0,5969900.0,0.0,0.0
04/05/2026,27219.0,30050.0,-50.0,-0.00166389,26946.81,27219.0,26946.81,4936.0,147346350.0,0.0,0.0,4936.0,147346350.0,-1625.0,1625.0,0.0,0.0,-48471250.0,48471250.0,0.0,0.0
29/04/2026,27264.365,30000.0,50.0,0.00166667,27309.73,27309.73,27219.0,1604.0,48175400.0,0.0,0.0,1604.0,48175400.0,796.0,-496.0,0.0,-300.0,23884600.0,-14869600.0,0.0,-9015000.0
28/04/2026,27219.0,29650.0,350.0,0.01180438,27536.555,27581.92,27219.0,859.0,26016400.0,0.0,0.0,859.0,26016400.0,656.0,-656.0,0.0,0.0,19893600.0,-19893600.0,0.0,0.0
24/04/2026,26901.445,29700.0,-50.0,-0.0016835,26946.81,26946.81,26674.62,4603.0,136354100.0,0.0,0.0,4603.0,136354100.0,3498.0,-3498.0,0.0,0.0,103710600.0,-103710600.0,0.0,0.0
23/04/2026,26946.81,29700.0,0.0,0.0,26901.445,26946.81,26901.445,3101.0,92094800.0,0.0,0.0,3101.0,92094800.0,2099.0,-2099.0,0.0,0.0,62340200.0,-62340200.0,0.0,0.0
22/04/2026,26946.81,29750.0,-50.0,-0.00168067,26992.175,26992.175,26946.81,2104.0,62494000.0,0.0,0.0,2104.0,62494000.0,-1700.0,1700.0,0.0,0.0,-50490000.0,50490000.0,0.0,0.0
21/04/2026,26992.175,29750.0,0.0,0.0,26992.175,26992.175,26992.175,2301.0,68455400.0,0.0,0.0,2301.0,68455400.0,-1600.0,1600.0,0.0,0.0,-47600000.0,47600000.0,0.0,0.0
20/04/2026,26992.175,29900.0,-150.0,-0.00501672,26901.445,26992.175,26901.445,415.0,12319800.0,0.0,0.0,415.0,12319800.0,106.0,102.0,0.0,-208.0,3155001.0,3025000.0,0.0,-6180000.0
17/04/2026,27128.27,30000.0,-100.0,-0.00333333,27219.0,27219.0,27128.27,2444.0,73300000.0,0.0,0.0,2444.0,73300000.0,-643.0,643.0,0.0,0.0,-19280000.0,19280000.0,0.0,0.0
16/04/2026,27219.0,30000.0,0.0,0.0,26856.08,27219.0,26856.08,3108.0,92120800.0,0.0,0.0,3108.0,92120800.0,-2200.0,2200.0,0.0,0.0,-65120000.0,65120000.0,0.0,0.0
15/04/2026,27219.0,30000.0,0.0,0.0,26674.62,27219.0,26674.62,1902.0,56593600.0,0.0,0.0,1902.0,56593600.0,-1402.0,1402.0,0.0,0.0,-41743600.0,41743600.0,0.0,0.0
14/04/2026,27219.0,30000.0,0.0,0.0,27219.0,27219.0,27219.0,6214.0,186421050.0,0.0,0.0,6214.0,186421050.0,2198.0,-2198.0,0.0,0.0,65937550.0,-65937550.0,0.0,0.0
13/04/2026,27219.0,29800.0,200.0,0.00671141,26674.62,27219.0,26493.16,4010.0,120011500.0,0.0,0.0,4010.0,120011500.0,1400.0,-1400.0,0.0,0.0,42000000.0,-42000000.0,0.0,0.0
10/04/2026,27037.54,29950.0,-150.0,-0.00500835,27173.635,27173.635,27037.54,5604.0,167673000.0,0.0,0.0,5604.0,167673000.0,-396.0,196.0,0.0,200.0,-11942000.0,5962000.0,0.0,5980000.0
09/04/2026,27173.635,29900.0,50.0,0.00167224,27128.27,27173.635,26402.43,4310.0,128722000.0,0.0,0.0,4310.0,128722000.0,-3490.0,3490.0,0.0,0.0,-104508000.0,104508000.0,0.0,0.0
08/04/2026,27128.27,29850.0,50.0,0.00167504,27219.0,27219.0,26946.81,4917.0,147245000.0,0.0,0.0,4917.0,147245000.0,-2711.0,2711.0,0.0,0.0,-81157799.0,81157800.0,0.0,0.0
07/04/2026,27082.905,29250.0,600.0,0.02051282,26538.525,27082.905,26311.7,1357.0,39528450.0,0.0,0.0,1357.0,39528450.0,-331.0,131.0,0.0,200.0,-9528950.0,3678950.0,0.0,5850000.0
06/04/2026,26538.525,29500.0,-250.0,-0.00847458,26765.35,26765.35,26220.97,600.0,17505000.0,0.0,0.0,600.0,17505000.0,200.0,0.0,0.0,-200.0,5780000.0,0.0,0.0,-5780000.0
03/04/2026,26765.35,29500.0,0.0,0.0,27173.635,27219.0,26674.62,8213.0,244021900.0,0.0,0.0,8213.0,244021900.0,1298.0,-1198.0,0.0,-100.0,38713000.0,-35718000.0,0.0,-2995000.0
02/04/2026,26765.35,29500.0,0.0,0.0,27082.905,27082.905,26765.35,4603.0,136923650.0,0.0,0.0,4603.0,136923650.0,199.0,1.0,0.0,-200.0,5905150.0,44850.0,0.0,-5950000.0
01/04/2026,26765.35,29500.0,0.0,0.0,27672.65,27672.65,26674.62,7110.0,210049500.0,0.0,0.0,7110.0,210049500.0,-1694.0,1794.0,0.0,-100.0,-49868300.0,52918300.0,0.0,-3050000.0
31/03/2026,26765.35,30400.0,-900.0,-0.02960526,27491.19,27491.19,26674.62,3500.0,103635000.0,0.0,0.0,3500.0,103635000.0,2200.0,-2200.0,0.0,0.0,64665000.0,-64665000.0,0.0,0.0
30/03/2026,27581.92,30500.0,-100.0,-0.00327869,27672.65,27672.65,26810.715,4149.0,123052700.0,0.0,0.0,4149.0,123052700.0,2445.0,1092.0,0.0,-3537.0,72544851.0,32140150.0,0.0,-104685900.0
27/03/2026,27672.65,30500.0,0.0,0.0,27672.65,27672.65,27355.095,1850.0,56371600.0,0.0,0.0,1850.0,56371600.0,-139.0,139.0,0.0,0.0,-4190850.0,4190850.0,0.0,0.0
26/03/2026,27672.65,30500.0,0.0,0.0,27672.65,27672.65,26856.08,300.0,9060000.0,0.0,0.0,300.0,9060000.0,100.0,-100.0,0.0,0.0,3140000.0,-3140000.0,0.0,0.0
25/03/2026,27672.65,30400.0,100.0,0.00328947,27581.92,27672.65,26674.62,3214.0,97278600.0,0.0,0.0,3214.0,97278600.0,-295.0,295.0,0.0,0.0,-9012501.0,9012500.0,0.0,0.0
24/03/2026,27581.92,30300.0,100.0,0.00330033,27219.0,27581.92,27128.27,1106.0,33163300.0,0.0,0.0,1106.0,33163300.0,895.0,105.0,0.0,-1000.0,26746400.0,3193600.0,0.0,-29940000.0
23/03/2026,27491.19,30650.0,-350.0,-0.01141925,27763.38,27763.38,26946.81,2310.0,69616600.0,0.0,0.0,2310.0,69616600.0,-1196.0,1096.0,0.0,100.0,-35737201.0,32767200.0,0.0,2970000.0
20/03/2026,27808.745,30700.0,-50.0,-0.00162866,27037.54,27808.745,27037.54,1400.0,41890000.0,0.0,0.0,1400.0,41890000.0,400.0,-400.0,0.0,0.0,12090000.0,-12090000.0,0.0,0.0
19/03/2026,27854.11,30600.0,100.0,0.00326797,26946.81,27899.475,26946.81,341.0,10375800.0,0.0,0.0,341.0,10375800.0,135.0,-135.0,0.0,0.0,4145401.0,-4145400.0,0.0,0.0
18/03/2026,27763.38,30650.0,-50.0,-0.00163132,27718.015,28307.76,26946.81,25400.0,777020000.0,0.0,0.0,25400.0,777020000.0,15300.0,-15300.0,0.0,0.0,468330000.0,-468330000.0,0.0,0.0
17/03/2026,27808.745,30400.0,250.0,0.00822368,27581.92,28035.57,27219.0,3700.0,111885000.0,0.0,0.0,3700.0,111885000.0,-1600.0,1700.0,0.0,-100.0,-47675000.0,50745000.0,0.0,-3070000.0
16/03/2026,27581.92,30450.0,-50.0,-0.00164204,27581.92,27944.84,27536.555,4223.0,128440200.0,0.0,0.0,4223.0,128440200.0,-1303.0,1503.0,0.0,-200.0,-39490000.0,45560000.0,0.0,-6070000.0
13/03/2026,27627.285,30500.0,-50.0,-0.00163934,27672.65,27672.65,27128.27,728.0,22142400.0,0.0,0.0,728.0,22142400.0,-102.0,102.0,0.0,0.0,-3042900.0,3042900.0,0.0,0.0
12/03/2026,27672.65,30450.0,50.0,0.00164204,27491.19,27672.65,27219.0,13203.0,401810550.0,0.0,0.0,13203.0,401810550.0,601.0,-701.0,0.0,100.0,18090450.0,-21140450.0,0.0,3050000.0
11/03/2026,27627.285,29800.0,650.0,0.02181208,27037.54,27672.65,27037.54,13807.0,414577600.0,0.0,0.0,13807.0,414577600.0,12202.0,-12402.0,0.0,200.0,366478600.0,-372448600.0,0.0,5970000.0
10/03/2026,27037.54,29750.0,50.0,0.00168067,26992.175,28035.57,26629.255,26600.0,803890000.0,0.0,0.0,26600.0,803890000.0,12000.0,-11600.0,0.0,-400.0,369075000.0,-357035000.0,0.0,-12040000.0
09/03/2026,26992.175,31950.0,-2200.0,-0.06885759,28716.045,28716.045,26992.175,13806.0,412501650.0,0.0,0.0,13806.0,412501650.0,7295.0,-7295.0,0.0,0.0,217845251.0,-217845250.0,0.0,0.0
06/03/2026,28988.235,31500.0,450.0,0.01428571,28988.235,28988.235,28988.235,101.0,3227450.0,0.0,0.0,101.0,3227450.0,0.0,0.0,0.0,0.0,0.0,0.0,0.0,0.0
05/03/2026,28579.95,31450.0,50.0,0.00158983,27536.555,28625.315,27536.555,2015.0,62333700.0,0.0,0.0,2015.0,62333700.0,-203.0,203.0,0.0,0.0,-6875600.0,6875600.0,0.0,0.0
04/03/2026,28534.585,31000.0,450.0,0.01451613,28534.585,28579.95,28126.3,1999.0,62432700.0,0.0,0.0,1999.0,62432700.0,1245.0,-1245.0,0.0,0.0,38696700.0,-38696700.0,0.0,0.0
03/03/2026,28126.3,31500.0,-500.0,-0.01587302,28353.125,28579.95,28126.3,7004.0,218314250.0,0.0,0.0,7004.0,218314250.0,602.0,-602.0,0.0,0.0,18458000.0,-18458000.0,0.0,0.0
02/03/2026,28579.95,32000.0,-500.0,-0.015625,28579.95,28942.87,28579.95,1917.0,60866500.0,0.0,0.0,1917.0,60866500.0,0.0,0.0,0.0,0.0,0.0,0.0,0.0,0.0
27/02/2026,29033.6,32000.0,0.0,0.0,29033.6,29033.6,29033.6,1911.0,61152400.0,0.0,0.0,1911.0,61152400.0,1898.0,-1898.0,0.0,0.0,60735600.0,-60735600.0,0.0,0.0
26/02/2026,29033.6,31700.0,300.0,0.00946372,28806.775,29305.79,28625.315,2507.0,79747300.0,0.0,0.0,2507.0,79747300.0,694.0,-1094.0,0.0,400.0,21991600.0,-34691600.0,0.0,12700000.0
25/02/2026,28761.41,31600.0,100.0,0.00316456,28716.045,28761.41,28716.045,1212.0,38388600.0,0.0,0.0,1212.0,38388600.0,2.0,-102.0,0.0,100.0,64600.0,-3234600.0,0.0,3170000.0
24/02/2026,28670.68,32600.0,-1000.0,-0.03067485,29305.79,29487.25,28670.68,7703.0,244937400.0,0.0,0.0,7703.0,244937400.0,199.0,-299.0,0.0,100.0,6132600.0,-9292600.0,0.0,3160000.0
23/02/2026,29577.98,31800.0,800.0,0.02515723,28852.14,30258.455,28852.14,7610.0,243453000.0,0.0,0.0,7610.0,243453000.0,-1502.0,1202.0,0.0,300.0,-47763600.0,38223600.0,0.0,9540000.0
13/02/2026,28852.14,31800.0,0.0,0.0,29487.25,30848.2,28852.14,8714.0,284426000.0,0.0,0.0,8714.0,284426000.0,-4014.0,4013.0,0.0,1.0,-128880500.0,128848500.0,0.0,32500.0
12/02/2026,28852.14,31800.0,0.0,0.0,28852.14,28852.14,28852.14,1300.0,41340000.0,0.0,0.0,1300.0,41340000.0,400.0,-400.0,0.0,0.0,12720000.0,-12720000.0,0.0,0.0
11/02/2026,28852.14,32950.0,-1150.0,-0.03490137,29396.52,29396.52,28806.775,7917.0,253051650.0,0.0,0.0,7917.0,253051650.0,-4500.0,4500.0,0.0,0.0,-143480000.0,143520000.0,0.0,-40000.0
10/02/2026,29895.535,31750.0,1200.0,0.03779528,29895.535,29940.9,29895.535,603.0,19873850.0,0.0,0.0,603.0,19873850.0,500.0,-500.0,0.0,0.0,16480000.0,-16480000.0,0.0,0.0
09/02/2026,28806.775,32400.0,-650.0,-0.02006173,29396.52,29396.52,28806.775,1731.0,55574400.0,0.0,0.0,1731.0,55574400.0,270.0,-270.0,0.0,0.0,8808000.0,-8808000.0,0.0,0.0
06/02/2026,29396.52,32000.0,400.0,0.0125,28579.95,29396.52,28217.03,1620.0,50590000.0,0.0,0.0,1620.0,50590000.0,-120.0,120.0,0.0,0.0,-3765000.0,3765000.0,0.0,0.0
05/02/2026,29033.6,32500.0,-500.0,-0.01538462,29487.25,29487.25,29033.6,2400.0,77650000.0,0.0,0.0,2400.0,77650000.0,0.0,100.0,0.0,-100.0,250000.0,2980000.0,0.0,-3230000.0
04/02/2026,29487.25,32500.0,0.0,0.0,30349.185,30349.185,29215.06,1700.0,56005000.0,0.0,0.0,1700.0,56005000.0,-100.0,300.0,0.0,-200.0,-3340000.0,10005000.0,0.0,-6665000.0
03/02/2026,29487.25,32500.0,0.0,0.0,29487.25,29487.25,29260.425,17126.0,556492000.0,0.0,0.0,17126.0,556492000.0,600.0,-600.0,0.0,0.0,19625000.0,-19625000.0,0.0,0.0
02/02/2026,29487.25,32900.0,-400.0,-0.01215805,29850.17,31936.96,29487.25,15315.0,519075800.0,0.0,0.0,15315.0,519075800.0,3599.0,-3799.0,0.0,200.0,127620000.0,-134320000.0,0.0,6700000.0
30/01/2026,29850.17,32750.0,150.0,0.00458015,29714.075,29850.17,29668.71,8816.0,289009000.0,0.0,0.0,8816.0,289009000.0,2600.0,-2600.0,0.0,0.0,85305000.0,-85305000.0,0.0,0.0
29/01/2026,29714.075,32800.0,-50.0,-0.00152439,27944.84,29714.075,27944.84,37006.0,1143961200.0,0.0,0.0,37006.0,1143961200.0,-18100.0,17900.0,0.0,200.0,-558445000.0,552285000.0,0.0,6160000.0
28/01/2026,29759.44,32950.0,-150.0,-0.00455235,29850.17,29850.17,29759.44,2133.0,70187100.0,0.0,0.0,2133.0,70187100.0,-1600.0,1600.0,0.0,0.0,-52640000.0,52640000.0,0.0,0.0
27/01/2026,29895.535,31800.0,1150.0,0.03616352,28852.14,29895.535,28670.68,675.0,21555250.0,0.0,0.0,675.0,21555250.0,93.0,-93.0,0.0,0.0,2969000.0,-2969000.0,0.0,0.0
26/01/2026,28852.14,31900.0,-100.0,-0.0031348,28942.87,28942.87,28852.14,3659.0,116540650.0,0.0,0.0,3659.0,116540650.0,299.0,-299.0,0.0,0.0,9440000.0,-9440000.0,0.0,0.0
23/01/2026,28942.87,32900.0,-1000.0,-0.03039514,29804.805,29804.805,28942.87,3801.0,121540000.0,0.0,0.0,3801.0,121540000.0,-3401.0,3501.0,0.0,-100.0,-108480000.0,111765000.0,0.0,-3285000.0
22/01/2026,29850.17,32950.0,-50.0,-0.00151745,29895.535,29895.535,29668.71,2970.0,97594500.0,0.0,0.0,2970.0,97594500.0,367.0,-367.0,0.0,0.0,11995650.0,-11995650.0,0.0,0.0
21/01/2026,29895.535,33000.0,-50.0,-0.00151515,29895.535,29895.535,29895.535,212.0,6980000.0,0.0,0.0,212.0,6980000.0,12.0,-12.0,0.0,0.0,390000.0,-390000.0,0.0,0.0
20/01/2026,29940.9,33700.0,-700.0,-0.02077151,30485.28,30576.01,29033.6,41039.0,1354211900.0,0.0,0.0,41039.0,1354211900.0,-8016.0,7916.0,0.0,100.0,-261028600.0,257798600.0,0.0,3230000.0
19/01/2026,30576.01,33950.0,-250.0,-0.00736377,30757.47,30757.47,30213.09,5235.0,175528050.0,0.0,0.0,5235.0,175528050.0,-4017.0,4017.0,0.0,0.0,-134667050.0,134667050.0,0.0,0.0
16/01/2026,30802.835,34000.0,-50.0,-0.00147059,30848.2,30984.295,30485.28,27619.0,941148400.0,0.0,0.0,27619.0,941148400.0,-1317.0,1517.0,0.0,-200.0,-43285401.0,50085400.0,0.0,-6800000.0
15/01/2026,30848.2,33500.0,500.0,0.01492537,30303.82,31301.85,30303.82,18749.0,633698600.0,0.0,0.0,18749.0,633698600.0,-1143.0,1143.0,0.0,0.0,-40378400.0,40378400.0,0.0,0.0
14/01/2026,30394.55,32800.0,700.0,0.02134146,29759.44,30394.55,29759.44,11666.0,388856000.0,0.0,0.0,11666.0,388856000.0,1623.0,-1533.0,0.0,-90.0,54045900.0,-51070900.0,0.0,-2975000.0
13/01/2026,29759.44,32200.0,600.0,0.01863354,29215.06,30394.55,29215.06,14470.0,476491300.0,0.0,0.0,14470.0,476491300.0,5788.0,-7788.0,0.0,2000.0,190271800.0,-255611800.0,0.0,65340000.0
12/01/2026,29215.06,31600.0,600.0,0.01898734,28670.68,29215.06,28670.68,5900.0,188000000.0,0.0,0.0,5900.0,188000000.0,3200.0,-3200.0,0.0,0.0,101080000.0,-101080000.0,0.0,0.0
09/01/2026,28670.68,31550.0,50.0,0.00158479,28625.315,29305.79,28625.315,6600.0,210730000.0,0.0,0.0,6600.0,210730000.0,-4000.0,4000.0,0.0,0.0,-127710000.0,127710000.0,0.0,0.0
08/01/2026,28625.315,31500.0,50.0,0.0015873,28579.95,28852.14,28579.95,3823.0,120877900.0,0.0,0.0,3823.0,120877900.0,713.0,-913.0,0.0,200.0,22459900.0,-28794900.0,0.0,6335000.0
07/01/2026,28579.95,31550.0,-50.0,-0.00158479,27763.38,28579.95,27763.38,1608.0,49610750.0,0.0,0.0,1608.0,49610750.0,-800.0,800.0,0.0,0.0,-24300000.0,24300000.0,0.0,0.0
06/01/2026,28625.315,31950.0,-400.0,-0.01251956,28806.775,28942.87,28579.95,616.0,19516200.0,0.0,0.0,616.0,19516200.0,-390.0,290.0,0.0,100.0,-12325501.0,9200500.0,0.0,3125000.0
05/01/2026,28988.235,31200.0,750.0,0.02403846,28126.3,28988.235,27672.65,3856.0,119333750.0,0.0,0.0,3856.0,119333750.0,1647.0,-1847.0,0.0,200.0,51378601.0,-57578600.0,0.0,6200000.0
31/12/2025,28307.76,31900.0,-700.0,-0.02194357,29033.6,29033.6,28307.76,1355.0,42705000.0,0.0,0.0,1355.0,42705000.0,225.0,-225.0,0.0,0.0,7097000.0,-7097000.0,0.0,0.0
30/12/2025,28942.87,31100.0,800.0,0.02572347,28217.03,28942.87,28217.03,401.0,12672000.0,0.0,0.0,401.0,12672000.0,-199.0,199.0,0.0,0.0,-6268000.0,6268000.0,0.0,0.0
29/12/2025,28217.03,31100.0,0.0,0.0,28217.03,28217.03,28217.03,437.0,13603400.0,0.0,0.0,437.0,13603400.0,27.0,-27.0,0.0,0.0,833400.0,-833400.0,0.0,0.0
26/12/2025,28217.03,31150.0,-50.0,-0.00160514,28171.665,28262.395,28171.665,1349.0,42047000.0,0.0,0.0,1349.0,42047000.0,200.0,200.0,0.0,-400.0,6190000.0,6220000.0,0.0,-12410000.0
25/12/2025,28262.395,31150.0,0.0,0.0,28217.03,28262.395,28217.03,800.0,24885000.0,0.0,0.0,800.0,24885000.0,700.0,-700.0,0.0,0.0,21770000.0,-21770000.0,0.0,0.0
24/12/2025,28262.395,32000.0,-850.0,-0.0265625,29033.6,29033.6,28171.665,339.0,10695300.0,0.0,0.0,339.0,10695300.0,0.0,0.0,0.0,0.0,95000.0,-95000.0,0.0,0.0
23/12/2025,29033.6,32300.0,-300.0,-0.00928793,29305.79,29305.79,28217.03,1001.0,31902000.0,0.0,0.0,1001.0,31902000.0,701.0,-701.0,0.0,0.0,22302000.0,-22302000.0,0.0,0.0
22/12/2025,29305.79,32050.0,250.0,0.00780031,29033.6,29351.155,29033.6,2705.0,87201000.0,0.0,0.0,2705.0,87201000.0,-205.0,205.0,0.0,0.0,-6741000.0,6741000.0,0.0,0.0
19/12/2025,29078.965,32300.0,-250.0,-0.00773994,29215.06,29215.06,29078.965,1000.0,32125000.0,0.0,0.0,1000.0,32125000.0,-1000.0,1000.0,0.0,0.0,-32125000.0,32125000.0,0.0,0.0
18/12/2025,29305.79,32100.0,200.0,0.00623053,29033.6,29305.79,28852.14,1301.0,41492100.0,0.0,0.0,1301.0,41492100.0,900.0,-900.0,0.0,0.0,28570000.0,-28570000.0,0.0,0.0
17/12/2025,29124.33,32900.0,-800.0,-0.02431611,29850.17,29850.17,29124.33,1106.0,35947050.0,0.0,0.0,1106.0,35947050.0,-2.0,2.0,0.0,0.0,-145450.0,145450.0,0.0,0.0
16/12/2025,29850.17,31950.0,950.0,0.02973396,28897.505,29850.17,28579.95,7500.0,237115000.0,0.0,0.0,7500.0,237115000.0,4300.0,-4300.0,0.0,0.0,135925000.0,-135925000.0,0.0,0.0
15/12/2025,28988.235,32000.0,-50.0,-0.0015625,29033.6,29078.965,28988.235,807.0,25825000.0,0.0,0.0,807.0,25825000.0,-301.0,301.0,0.0,0.0,-9633000.0,9633000.0,0.0,0.0
12/12/2025,29033.6,32500.0,-500.0,-0.01538462,29487.25,29487.25,29033.6,1600.0,51325000.0,0.0,0.0,1600.0,51325000.0,700.0,-700.0,0.0,0.0,22450000.0,-22450000.0,0.0,0.0
11/12/2025,29487.25,33000.0,-500.0,-0.01515152,29759.44,29759.44,29487.25,1401.0,45863000.0,0.0,0.0,1401.0,45863000.0,101.0,-1101.0,0.0,1000.0,3283000.0,-36083000.0,0.0,32800000.0
10/12/2025,29940.9,33750.0,-750.0,-0.02222222,30621.375,30621.375,29940.9,5640.0,188770000.0,0.0,0.0,5640.0,188770000.0,-1396.0,2396.0,0.0,-1000.0,-47005000.0,80505000.0,0.0,-33500000.0
09/12/2025,30621.375,33500.0,250.0,0.00746269,30848.2,30848.2,29940.9,12081.0,400652300.0,0.0,0.0,12081.0,400652300.0,-3209.0,3209.0,0.0,0.0,-107113500.0,107113500.0,0.0,0.0
08/12/2025,30394.55,32000.0,1500.0,0.046875,29033.6,30848.2,29033.6,17385.0,583132900.0,0.0,0.0,17385.0,583132900.0,-6426.0,6726.0,0.0,-300.0,-216859300.0,226819300.0,0.0,-9960000.0
05/12/2025,29033.6,32200.0,-200.0,-0.00621118,29260.425,29940.9,29033.6,5712.0,185732100.0,0.0,0.0,5712.0,185732100.0,595.0,-95.0,0.0,-500.0,17479000.0,-1029000.0,0.0,-16450000.0
04/12/2025,29215.06,31750.0,450.0,0.01417323,29033.6,29759.44,29033.6,5639.0,181905000.0,0.0,0.0,5639.0,181905000.0,-1096.0,1096.0,0.0,0.0,-35178800.0,35178800.0,0.0,0.0
03/12/2025,28806.775,31600.0,150.0,0.00474684,28670.68,29759.44,28670.68,36209.0,1161894800.0,0.0,0.0,36209.0,1161894800.0,10008.0,-9308.0,0.0,-700.0,324032601.0,-301397600.0,0.0,-22635000.0
02/12/2025,28670.68,31700.0,-100.0,-0.00315457,28761.41,28761.41,28307.76,1212.0,38280400.0,0.0,0.0,1212.0,38280400.0,602.0,-602.0,0.0,0.0,19013401.0,-19013400.0,0.0,0.0
01/12/2025,28761.41,31000.0,700.0,0.02258065,28126.3,28852.14,27763.38,13902.0,439012000.0,0.0,0.0,13902.0,439012000.0,-2300.0,2000.0,0.0,300.0,-72910000.0,63730000.0,0.0,9180000.0
28/11/2025,28126.3,31000.0,0.0,0.0,28126.3,28126.3,28126.3,2700.0,83700000.0,0.0,0.0,2700.0,83700000.0,1900.0,-1900.0,0.0,0.0,58900000.0,-58900000.0,0.0,0.0
27/11/2025,28126.3,31000.0,0.0,0.0,28126.3,28579.95,28126.3,1420.0,44120000.0,0.0,0.0,1420.0,44120000.0,220.0,-320.0,0.0,100.0,6820000.0,-9970000.0,0.0,3150000.0
26/11/2025,28126.3,31000.0,0.0,0.0,28126.3,28307.76,28126.3,1319.0,40951800.0,0.0,0.0,1319.0,40951800.0,1200.0,-1200.0,0.0,0.0,37259200.0,-37259200.0,0.0,0.0
25/11/2025,28126.3,31000.0,0.0,0.0,28852.14,28852.14,28126.3,300.0,9380000.0,0.0,0.0,300.0,9380000.0,0.0,0.0,0.0,0.0,0.0,0.0,0.0,0.0
24/11/2025,28126.3,31000.0,0.0,0.0,28126.3,28126.3,28126.3,0.0,0.0,0.0,0.0,0.0,0.0,0.0,0.0,0.0,0.0,0.0,0.0,0.0,0.0
21/11/2025,28126.3,31300.0,-300.0,-0.00958466,28126.3,28126.3,28126.3,207.0,6421200.0,0.0,0.0,207.0,6421200.0,1.0,-1.0,0.0,0.0,32000.0,-32000.0,0.0,0.0
20/11/2025,28398.49,31600.0,-300.0,-0.00949367,29441.885,29441.885,28262.395,2340.0,73540500.0,0.0,0.0,2340.0,73540500.0,790.0,-990.0,0.0,200.0,24678000.0,-30988000.0,0.0,6310000.0
19/11/2025,28670.68,32000.0,-400.0,-0.0125,28761.41,28761.41,28670.68,1300.0,41100000.0,0.0,0.0,1300.0,41100000.0,-600.0,600.0,0.0,0.0,-18960000.0,18960000.0,0.0,0.0
18/11/2025,29033.6,31500.0,500.0,0.01587302,27536.555,29033.6,27536.555,2377.0,72431200.0,0.0,0.0,2377.0,72431200.0,-17.0,17.0,0.0,0.0,-541200.0,541200.0,0.0,0.0
17/11/2025,28579.95,31500.0,0.0,0.0,28670.68,28670.68,28579.95,3009.0,94796300.0,0.0,0.0,3009.0,94796300.0,1602.0,-1702.0,0.0,100.0,50455101.0,-53605100.0,0.0,3150000.0
14/11/2025,28579.95,31500.0,0.0,0.0,28579.95,28579.95,28579.95,110.0,3471000.0,0.0,0.0,110.0,3471000.0,91.0,-91.0,0.0,0.0,2861100.0,-2861100.0,0.0,0.0
13/11/2025,28579.95,31500.0,0.0,0.0,28852.14,28852.14,28579.95,1100.0,34950000.0,0.0,0.0,1100.0,34950000.0,400.0,-400.0,0.0,0.0,12750000.0,-12750000.0,0.0,0.0
12/11/2025,28579.95,32600.0,-1100.0,-0.03374233,29033.6,29577.98,28579.95,1918.0,60926000.0,0.0,0.0,1918.0,60926000.0,-1100.0,1200.0,0.0,-100.0,-34880000.0,38240000.0,0.0,-3360000.0
11/11/2025,29577.98,32000.0,600.0,0.01875,29033.6,29577.98,27672.65,4342.0,140407500.0,0.0,0.0,4342.0,140407500.0,-1699.0,-901.0,0.0,2600.0,-55294500.0,-29370500.0,0.0,84665000.0
10/11/2025,29033.6,32000.0,0.0,0.0,29124.33,29124.33,29033.6,372.0,11980600.0,0.0,0.0,372.0,11980600.0,-167.0,167.0,0.0,0.0,-5410100.0,5410100.0,0.0,0.0
07/11/2025,29033.6,32000.0,0.0,0.0,29033.6,29215.06,29033.6,10463.0,334846000.0,0.0,0.0,10463.0,334846000.0,1158.0,-1158.0,0.0,0.0,37026000.0,-37026000.0,0.0,0.0
06/11/2025,29033.6,31900.0,100.0,0.0031348,28761.41,29033.6,28761.41,2237.0,71548000.0,0.0,0.0,2237.0,71548000.0,1190.0,-1190.0,0.0,0.0,38081000.0,-38081000.0,0.0,0.0
05/11/2025,28942.87,31100.0,800.0,0.02572347,28307.76,28942.87,28307.76,301.0,9531200.0,0.0,0.0,301.0,9531200.0,301.0,-301.0,0.0,0.0,9531000.0,-9531000.0,0.0,0.0
04/11/2025,28217.03,31800.0,-700.0,-0.02201258,28579.95,28579.95,28217.03,1105.0,34456100.0,0.0,0.0,1105.0,34456100.0,-504.0,504.0,0.0,0.0,-15726100.0,15726100.0,0.0,0.0
03/11/2025,28852.14,31050.0,750.0,0.02415459,29033.6,29033.6,28579.95,5482.0,174547300.0,0.0,0.0,5482.0,174547300.0,204.0,-204.0,0.0,0.0,6547500.0,-6547500.0,0.0,0.0
31/10/2025,28171.665,31000.0,50.0,0.0016129,28670.68,28670.68,27672.65,3522.0,108007250.0,0.0,0.0,3522.0,108007250.0,1990.0,-2490.0,0.0,500.0,60410000.0,-76010000.0,0.0,15600000.0
30/10/2025,28126.3,30400.0,600.0,0.01973684,27672.65,28126.3,27581.92,1560.0,48039200.0,0.0,0.0,1560.0,48039200.0,-1054.0,1054.0,0.0,0.0,-32647600.0,32647600.0,0.0,0.0
29/10/2025,27581.92,30400.0,0.0,0.0,27581.92,27581.92,27400.46,4100.0,124470000.0,0.0,0.0,4100.0,124470000.0,1100.0,-500.0,0.0,-600.0,33310000.0,-15120000.0,0.0,-18190000.0
28/10/2025,27581.92,30200.0,200.0,0.00662252,27581.92,27581.92,27581.92,525.0,15973050.0,0.0,0.0,525.0,15973050.0,-13.0,13.0,0.0,0.0,-403050.0,403050.0,0.0,0.0
27/10/2025,27400.46,30800.0,-600.0,-0.01948052,28126.3,28126.3,27400.46,2713.0,82785700.0,0.0,0.0,2713.0,82785700.0,200.0,-200.0,0.0,0.0,5946650.0,-5946650.0,0.0,0.0
24/10/2025,27944.84,30500.0,300.0,0.00983607,27672.65,28126.3,27672.65,3922.0,119890000.0,0.0,0.0,3922.0,119890000.0,-595.0,595.0,0.0,0.0,-18383800.0,18383800.0,0.0,0.0
23/10/2025,27672.65,30500.0,0.0,0.0,27672.65,27718.015,27672.65,3511.0,107100400.0,0.0,0.0,3511.0,107100400.0,-1300.0,300.0,0.0,1000.0,-39650000.0,9150000.0,0.0,30500000.0
22/10/2025,27672.65,30900.0,-400.0,-0.01294498,27763.38,27763.38,27672.65,4412.0,134730800.0,0.0,0.0,4412.0,134730800.0,489.0,-489.0,0.0,0.0,14910100.0,-14910100.0,0.0,0.0
21/10/2025,28035.57,31000.0,-100.0,-0.00322581,28035.57,28035.57,28035.57,1738.0,53716200.0,0.0,0.0,1738.0,53716200.0,-786.0,786.0,0.0,0.0,-24285000.0,24285000.0,0.0,0.0
20/10/2025,28126.3,31500.0,-500.0,-0.01587302,28579.95,28579.95,28126.3,701.0,21861500.0,0.0,0.0,701.0,21861500.0,-299.0,299.0,0.0,0.0,-9398500.0,9398500.0,0.0,0.0
17/10/2025,28579.95,31700.0,-200.0,-0.00630915,28126.3,28761.41,28126.3,3494.0,109062900.0,0.0,0.0,3494.0,109062900.0,-2331.0,2331.0,0.0,0.0,-72661000.0,72661000.0,0.0,0.0
16/10/2025,28761.41,31700.0,0.0,0.0,28761.41,28761.41,28761.41,800.0,25360000.0,0.0,0.0,800.0,25360000.0,-600.0,600.0,0.0,0.0,-19020000.0,19020000.0,0.0,0.0
15/10/2025,28761.41,32000.0,-300.0,-0.009375,28852.14,28852.14,28761.41,425.0,13492500.0,0.0,0.0,425.0,13492500.0,25.0,-25.0,0.0,0.0,802500.0,-802500.0,0.0,0.0
14/10/2025,29033.6,32000.0,0.0,0.0,29033.6,29033.6,28625.315,2900.0,92205000.0,0.0,0.0,2900.0,92205000.0,100.0,-100.0,0.0,0.0,3290000.0,-3290000.0,0.0,0.0
13/10/2025,29033.6,32000.0,0.0,0.0,29033.6,29124.33,29033.6,2902.0,92944000.0,0.0,0.0,2902.0,92944000.0,-900.0,600.0,0.0,300.0,-28840000.0,19240000.0,0.0,9600000.0
10/10/2025,29033.6,32900.0,-900.0,-0.02735562,29577.98,29577.98,29033.6,2700.0,87900000.0,0.0,0.0,2700.0,87900000.0,-100.0,100.0,0.0,0.0,-3200000.0,3200000.0,0.0,0.0
09/10/2025,29850.17,33450.0,-550.0,-0.01644245,29078.965,30213.09,28942.87,44400.0,1419295000.0,0.0,0.0,44400.0,1419295000.0,7000.0,-6500.0,0.0,-500.0,224175000.0,-207940000.0,0.0,-16235000.0
08/10/2025,30349.185,32500.0,950.0,0.02923077,29124.33,30349.185,29033.6,15601.0,500983450.0,0.0,0.0,15601.0,500983450.0,5300.0,-5700.0,0.0,400.0,170755000.0,-183555000.0,0.0,12800000.0
07/10/2025,29487.25,32500.0,0.0,0.0,29487.25,29487.25,29305.79,9705.0,315082500.0,0.0,0.0,9705.0,315082500.0,5605.0,-4505.0,0.0,-1100.0,182162500.0,-146592500.0,0.0,-35570000.0
06/10/2025,29487.25,32500.0,0.0,0.0,29487.25,29487.25,29169.695,6900.0,223795000.0,0.0,0.0,6900.0,223795000.0,-200.0,200.0,0.0,0.0,-6255000.0,6255000.0,0.0,0.0
03/10/2025,29487.25,32500.0,0.0,0.0,29487.25,29487.25,29487.25,5001.0,162532550.0,0.0,0.0,5001.0,162532550.0,3700.0,-3700.0,0.0,0.0,120250000.0,-120250000.0,0.0,0.0
02/10/2025,29487.25,32500.0,0.0,0.0,29487.25,29487.25,29487.25,3009.0,97792500.0,0.0,0.0,3009.0,97792500.0,1309.0,-1709.0,0.0,400.0,42542000.0,-55542000.0,0.0,13000000.0
01/10/2025,29487.25,32800.0,-300.0,-0.00914634,29487.25,29487.25,29033.6,14319.0,463312900.0,0.0,0.0,14319.0,463312900.0,7710.0,-7710.0,0.0,0.0,249438000.0,-249438000.0,0.0,0.0
30/09/2025,29759.44,33700.0,-900.0,-0.02670623,29940.9,29940.9,29759.44,9515.0,313020500.0,0.0,0.0,9515.0,313020500.0,3295.0,-3295.0,0.0,0.0,108446500.0,-108446500.0,0.0,0.0
29/09/2025,30576.01,33500.0,200.0,0.00597015,30394.55,30576.01,30394.55,2301.0,77283500.0,0.0,0.0,2301.0,77283500.0,-1400.0,1400.0,0.0,0.0,-46940000.0,46940000.0,0.0,0.0
26/09/2025,30394.55,33500.0,0.0,0.0,30394.55,30394.55,30394.55,1.0,33200.0,0.0,0.0,1.0,33200.0,1.0,-1.0,0.0,0.0,33000.0,-33000.0,0.0,0.0
25/09/2025,30394.55,33000.0,500.0,0.01515152,30485.28,30485.28,30394.55,600.0,20150000.0,0.0,0.0,600.0,20150000.0,300.0,-300.0,0.0,0.0,10070000.0,-10070000.0,0.0,0.0
24/09/2025,29940.9,33300.0,-300.0,-0.00900901,30213.09,30213.09,29940.9,1200.0,39840000.0,0.0,0.0,1200.0,39840000.0,-500.0,800.0,0.0,-300.0,-16560000.0,26550000.0,0.0,-9990000.0
23/09/2025,30213.09,33600.0,-300.0,-0.00892857,30485.28,30485.28,30031.63,4100.0,136520000.0,0.0,0.0,4100.0,136520000.0,3100.0,-3400.0,0.0,300.0,103230000.0,-113220000.0,0.0,9990000.0
22/09/2025,30485.28,33600.0,0.0,0.0,30485.28,30666.74,30394.55,4800.0,161200000.0,0.0,0.0,4800.0,161200000.0,200.0,-400.0,0.0,200.0,6470000.0,-13170000.0,0.0,6700000.0
19/09/2025,30485.28,34000.0,-400.0,-0.01176471,30848.2,30848.2,30485.28,2400.0,81480000.0,0.0,0.0,2400.0,81480000.0,900.0,-900.0,0.0,0.0,30560000.0,-30560000.0,0.0,0.0
18/09/2025,30848.2,34200.0,-200.0,-0.00584795,31029.66,31029.66,30802.835,1604.0,54651800.0,0.0,0.0,1604.0,54651800.0,100.0,-100.0,0.0,0.0,3380000.0,-3380000.0,0.0,0.0
17/09/2025,31029.66,34000.0,200.0,0.00588235,31483.31,31483.31,30848.2,404.0,13893200.0,0.0,0.0,404.0,13893200.0,-1.0,1.0,0.0,0.0,-9700.0,9700.0,0.0,0.0
16/09/2025,30848.2,34000.0,0.0,0.0,30848.2,30848.2,30122.36,5110.0,173180000.0,0.0,0.0,5110.0,173180000.0,3202.0,-3192.0,0.0,-10.0,108308000.0,-107968000.0,0.0,-340000.0
15/09/2025,30848.2,34700.0,-700.0,-0.02017291,31437.945,31574.04,30848.2,6333.0,218496400.0,0.0,0.0,6333.0,218496400.0,1405.0,-1505.0,0.0,100.0,49103000.0,-52578000.0,0.0,3475000.0
12/09/2025,31483.31,34250.0,450.0,0.01313869,31075.025,31574.04,30485.28,8417.0,289382700.0,0.0,0.0,8417.0,289382700.0,2199.0,-3099.0,0.0,900.0,74765300.0,-105785300.0,0.0,31020000.0
11/09/2025,31075.025,34400.0,-150.0,-0.00436047,31211.12,31211.12,30938.93,1661.0,56843000.0,0.0,0.0,1661.0,56843000.0,51.0,-51.0,0.0,0.0,1729000.0,-1729000.0,0.0,0.0
10/09/2025,31211.12,34000.0,400.0,0.01176471,30802.835,31211.12,30802.835,9705.0,332842200.0,0.0,0.0,9705.0,332842200.0,4590.0,-4590.0,0.0,0.0,157355500.0,-157355500.0,0.0,0.0
09/09/2025,30848.2,33300.0,700.0,0.02102102,30213.09,30848.2,30213.09,9232.0,312332100.0,0.0,0.0,9232.0,312332100.0,2428.0,-2428.0,0.0,0.0,81558900.0,-81558900.0,0.0,0.0
08/09/2025,30213.09,33650.0,-350.0,-0.01040119,30530.645,30530.645,30213.09,12916.0,431833400.0,0.0,0.0,12916.0,431833400.0,3899.0,-4099.0,0.0,200.0,130646350.0,-137316350.0,0.0,6670000.0
05/09/2025,30530.645,33200.0,450.0,0.01355422,30122.36,30757.47,30122.36,7210.0,242899000.0,0.0,0.0,7210.0,242899000.0,-1100.0,-200.0,0.0,1300.0,-37285000.0,-6625000.0,0.0,43910000.0
04/09/2025,30122.36,33100.0,100.0,0.00302115,30031.63,30122.36,29895.535,11500.0,379655000.0,0.0,0.0,11500.0,379655000.0,2400.0,-2400.0,0.0,0.0,79270000.0,-79270000.0,0.0,0.0
03/09/2025,30031.63,33000.0,100.0,0.0030303,29940.9,30031.63,29940.9,4400.0,145280000.0,0.0,0.0,4400.0,145280000.0,-600.0,-400.0,0.0,1000.0,-19790000.0,-13210000.0,0.0,33000000.0
29/08/2025,29940.9,33000.0,0.0,0.0,29623.345,30394.55,29623.345,2137.0,70536700.0,0.0,0.0,2137.0,70536700.0,1125.0,-1125.0,0.0,0.0,37124700.0,-37124700.0,0.0,0.0
28/08/2025,29940.9,33200.0,-200.0,-0.0060241,29940.9,29940.9,29668.71,8000.0,263810000.0,0.0,0.0,8000.0,263810000.0,2100.0,-2100.0,0.0,0.0,69130000.0,-69130000.0,0.0,0.0
27/08/2025,30122.36,33200.0,0.0,0.0,30122.36,30122.36,29940.9,3001.0,99578200.0,0.0,0.0,3001.0,99578200.0,2000.0,-2100.0,0.0,100.0,66400000.0,-69700000.0,0.0,3300000.0
26/08/2025,30122.36,33250.0,-50.0,-0.00150376,30122.36,30122.36,30122.36,2404.0,79813600.0,0.0,0.0,2404.0,79813600.0,-4.0,4.0,0.0,0.0,-133600.0,133600.0,0.0,0.0
25/08/2025,30167.725,32700.0,550.0,0.01681957,29668.71,30349.185,29668.71,1492.0,49148150.0,0.0,0.0,1492.0,49148150.0,-31.0,31.0,0.0,0.0,-1186750.0,1186750.0,0.0,0.0
22/08/2025,29668.71,33500.0,-800.0,-0.0238806,30394.55,30394.55,29668.71,5807.0,192184500.0,0.0,0.0,5807.0,192184500.0,-3400.0,3100.0,0.0,300.0,-112340000.0,102610000.0,0.0,9730000.0
21/08/2025,30394.55,33500.0,0.0,0.0,29577.98,30621.375,29577.98,5454.0,180047700.0,0.0,0.0,5454.0,180047700.0,964.0,-864.0,0.0,-100.0,30794000.0,-27534000.0,0.0,-3260000.0
20/08/2025,30394.55,33500.0,0.0,0.0,30394.55,30757.47,30303.82,12170.0,407940500.0,0.0,0.0,12170.0,407940500.0,-9400.0,9400.0,0.0,0.0,-314820000.0,314820000.0,0.0,0.0
19/08/2025,30394.55,33800.0,-300.0,-0.00887574,30666.74,30848.2,29940.9,18197.0,611060800.0,0.0,0.0,18197.0,611060800.0,-4840.0,4340.0,0.0,500.0,-163029800.0,146289800.0,0.0,16740000.0
18/08/2025,30666.74,34000.0,-200.0,-0.00588235,30848.2,31120.39,30666.74,13614.0,463179900.0,0.0,0.0,13614.0,463179900.0,-10398.0,10698.0,0.0,-300.0,-353551700.0,363751700.0,0.0,-10200000.0
15/08/2025,30848.2,34000.0,0.0,0.0,30848.2,30848.2,30666.74,46436.0,1576661350.0,0.0,0.0,46436.0,1576661350.0,-20661.0,20661.0,0.0,0.0,-701379001.0,701379000.0,0.0,0.0
14/08/2025,30848.2,33950.0,50.0,0.00147275,30802.835,30893.565,30802.835,34660.0,1178362000.0,0.0,0.0,34660.0,1178362000.0,-10060.0,9860.0,0.0,200.0,-342063500.0,335263500.0,0.0,6800000.0
13/08/2025,30802.835,34000.0,-50.0,-0.00147059,31710.135,31710.135,30802.835,17730.0,603759600.0,0.0,0.0,17730.0,603759600.0,-8109.0,8109.0,0.0,0.0,-275685000.0,275685000.0,0.0,0.0
12/08/2025,30848.2,34200.0,-200.0,-0.00584795,31029.66,31347.215,30848.2,70246.0,2389935000.0,0.0,0.0,70246.0,2389935000.0,-37276.0,35576.0,0.0,1700.0,-1267790000.0,1209990000.0,0.0,57800000.0
11/08/2025,31029.66,35050.0,-850.0,-0.02425107,30848.2,31301.85,30848.2,113301.0,3879300500.0,0.0,0.0,113301.0,3879300500.0,-41100.0,40800.0,0.0,300.0,-1408995000.0,1398755000.0,0.0,10240000.0
08/08/2025,31800.865,35000.0,50.0,0.00142857,33570.1,33570.1,31755.5,20822.0,729931050.0,0.0,0.0,20822.0,729931050.0,-13090.0,12890.0,0.0,200.0,-457893000.0,450893000.0,0.0,7000000.0
07/08/2025,31755.5,36000.0,-1000.0,-0.02777778,32662.8,32662.8,30848.2,66301.0,2300029200.0,100000.0,3400000000.0,166301.0,5700029200.0,-11700.0,11700.0,0.0,0.0,-400735000.0,400735000.0,0.0,0.0
06/08/2025,32662.8,35000.0,1000.0,0.02857143,32662.8,32662.8,32662.8,1117.0,40212000.0,0.0,0.0,1117.0,40212000.0,-900.0,900.0,0.0,0.0,-32400000.0,32400000.0,0.0,0.0
05/08/2025,31755.5,36100.0,-1100.0,-0.03047091,32753.53,32753.53,31755.5,19000.0,679110000.0,0.0,0.0,19000.0,679110000.0,-4600.0,4500.0,0.0,100.0,-164600000.0,160990000.0,0.0,3610000.0
04/08/2025,32753.53,37000.0,-900.0,-0.02432432,31574.04,33388.64,31574.04,4000.0,144530000.0,0.0,0.0,4000.0,144530000.0,-2300.0,2200.0,0.0,100.0,-83450000.0,79840000.0,0.0,3610000.0
01/08/2025,33570.1,37000.0,0.0,0.0,33570.1,33570.1,33570.1,100.0,3700000.0,0.0,0.0,100.0,3700000.0,0.0,0.0,0.0,0.0,0.0,0.0,0.0,0.0
31/07/2025,33570.1,37100.0,-100.0,-0.00269542,33570.1,33570.1,33570.1,902.0,33374200.0,0.0,0.0,902.0,33374200.0,-798.0,898.0,0.0,-100.0,-29525800.0,33225800.0,0.0,-3700000.0
30/07/2025,33660.83,37400.0,-300.0,-0.00802139,33751.56,33751.56,32118.42,1704.0,61198800.0,0.0,0.0,1704.0,61198800.0,-297.0,197.0,0.0,100.0,-10688400.0,6968400.0,0.0,3720000.0
29/07/2025,33933.02,37400.0,0.0,0.0,33933.02,33933.02,33933.02,2.0,74800.0,0.0,0.0,2.0,74800.0,2.0,-2.0,0.0,0.0,74000.0,-74000.0,0.0,0.0
28/07/2025,33933.02,36500.0,900.0,0.02465753,33071.085,33933.02,33071.085,3001.0,109751500.0,0.0,0.0,3001.0,109751500.0,99.0,-199.0,0.0,100.0,3703500.0,-7353500.0,0.0,3650000.0
25/07/2025,33116.45,36000.0,500.0,0.01388889,33116.45,33116.45,33116.45,323.0,11778500.0,0.0,0.0,323.0,11778500.0,5.0,-5.0,0.0,0.0,179500.0,-179500.0,0.0,0.0
24/07/2025,32662.8,36700.0,-700.0,-0.01907357,33297.91,33297.91,32662.8,2401.0,87915200.0,0.0,0.0,2401.0,87915200.0,-699.0,799.0,0.0,-100.0,-25714800.0,29384800.0,0.0,-3670000.0
23/07/2025,33297.91,36100.0,600.0,0.0166205,33297.91,33297.91,33297.91,700.0,25690000.0,0.0,0.0,700.0,25690000.0,-600.0,600.0,0.0,0.0,-22020000.0,22020000.0,0.0,0.0
22/07/2025,32753.53,36100.0,0.0,0.0,32753.53,32753.53,32753.53,1.0,36650.0,0.0,0.0,1.0,36650.0,0.0,0.0,0.0,0.0,0.0,0.0,0.0,0.0
21/07/2025,32753.53,36100.0,0.0,0.0,32753.53,32753.53,32753.53,1001.0,36137300.0,0.0,0.0,1001.0,36137300.0,-900.0,900.0,0.0,0.0,-32489700.0,32489700.0,0.0,0.0
18/07/2025,32753.53,36000.0,100.0,0.00277778,32753.53,32753.53,32753.53,150.0,5456400.0,0.0,0.0,150.0,5456400.0,121.0,-121.0,0.0,0.0,4384900.0,-4384900.0,0.0,0.0
17/07/2025,32662.8,36800.0,-800.0,-0.02173913,33297.91,33297.91,32662.8,604.0,21817400.0,0.0,0.0,604.0,21817400.0,-500.0,300.0,0.0,200.0,-17999801.0,10799800.0,0.0,7200000.0
16/07/2025,33388.64,36700.0,100.0,0.0027248,32753.53,33388.64,32753.53,738.0,27001200.0,0.0,0.0,738.0,27001200.0,-64.0,64.0,0.0,0.0,-2502400.0,2502400.0,0.0,0.0
15/07/2025,33297.91,36700.0,0.0,0.0,33297.91,34023.75,32708.165,4625.0,169935000.0,0.0,0.0,4625.0,169935000.0,1915.0,-1915.0,0.0,0.0,70720000.0,-70720000.0,0.0,0.0
14/07/2025,33297.91,36600.0,100.0,0.00273224,33207.18,33297.91,33207.18,809.0,29644400.0,0.0,0.0,809.0,29644400.0,100.0,-100.0,0.0,0.0,3660000.0,-3660000.0,0.0,0.0
11/07/2025,33207.18,36700.0,-100.0,-0.0027248,33297.91,33297.91,33207.18,400.0,14660000.0,0.0,0.0,400.0,14660000.0,400.0,-400.0,0.0,0.0,14660000.0,-14660000.0,0.0,0.0
10/07/2025,33297.91,36200.0,500.0,0.01381215,32844.26,33297.91,32299.88,1117.0,40665100.0,0.0,0.0,1117.0,40665100.0,-216.0,116.0,0.0,100.0,-7838100.0,4278100.0,0.0,3560000.0
09/07/2025,32844.26,36100.0,100.0,0.00277008,32844.26,32844.26,32844.26,260.0,9415000.0,0.0,0.0,260.0,9415000.0,170.0,-170.0,0.0,0.0,6166000.0,-6166000.0,0.0,0.0
08/07/2025,32753.53,36600.0,-500.0,-0.0136612,33207.18,33207.18,32753.53,300.0,10930000.0,0.0,0.0,300.0,10930000.0,100.0,-100.0,0.0,0.0,3660000.0,-3660000.0,0.0,0.0
07/07/2025,33207.18,36650.0,-50.0,-0.00136426,33207.18,33207.18,33207.18,102.0,3733250.0,0.0,0.0,102.0,3733250.0,-101.0,101.0,0.0,0.0,-3696651.0,3696650.0,0.0,0.0
04/07/2025,33252.545,36500.0,150.0,0.00410959,33252.545,33252.545,33252.545,300.0,10995000.0,0.0,0.0,300.0,10995000.0,-300.0,300.0,0.0,0.0,-10995000.0,10995000.0,0.0,0.0
03/07/2025,33116.45,36300.0,200.0,0.00550964,33116.45,33116.45,33116.45,308.0,11242000.0,0.0,0.0,308.0,11242000.0,300.0,-300.0,0.0,0.0,10950000.0,-10950000.0,0.0,0.0
01/07/2025,32934.99,36700.0,-400.0,-0.01089918,33570.1,33570.1,32934.99,800.0,29530000.0,0.0,0.0,800.0,29530000.0,-200.0,-400.0,0.0,600.0,-7400000.0,-14800000.0,0.0,22200000.0
30/06/2025,33297.91,36650.0,50.0,0.00136426,33297.91,33297.91,33297.91,109.0,3985100.0,0.0,0.0,109.0,3985100.0,9.0,-9.0,0.0,0.0,315100.0,-315100.0,0.0,0.0
27/06/2025,33252.545,36650.0,0.0,0.0,33207.18,33252.545,33207.18,1949.0,71316300.0,0.0,0.0,1949.0,71316300.0,-459.0,559.0,0.0,-100.0,-16826500.0,20486500.0,0.0,-3660000.0
26/06/2025,33252.545,36700.0,-50.0,-0.0013624,33252.545,33252.545,33252.545,151.0,5437550.0,0.0,0.0,151.0,5437550.0,151.0,-101.0,0.0,-50.0,5436651.0,-3701650.0,0.0,-1735900.0
25/06/2025,33297.91,36750.0,-50.0,-0.00136054,33388.64,33388.64,33297.91,1527.0,56052250.0,0.0,0.0,1527.0,56052250.0,25.0,-25.0,0.0,0.0,918500.0,-918500.0,0.0,0.0
24/06/2025,33343.275,36750.0,0.0,0.0,32662.8,33343.275,32662.8,1900.0,69095000.0,0.0,0.0,1900.0,69095000.0,-800.0,800.0,0.0,0.0,-28725000.0,28725000.0,0.0,0.0
19/06/2025,33343.275,36200.0,550.0,0.01519337,33388.64,33388.64,33343.275,732.0,26911000.0,0.0,0.0,732.0,26911000.0,632.0,-532.0,0.0,-100.0,23231000.0,-19551000.0,0.0,-3680000.0
18/06/2025,32844.26,36850.0,-650.0,-0.01763908,31301.85,33615.465,31301.85,1105.0,40095250.0,0.0,0.0,1105.0,40095250.0,200.0,-300.0,0.0,100.0,7390000.0,-10840000.0,0.0,3450000.0
17/06/2025,33434.005,36000.0,850.0,0.02361111,33751.56,33751.56,33388.64,910.0,33568500.0,0.0,0.0,910.0,33568500.0,-190.0,490.0,0.0,-300.0,-7011500.0,18061500.0,0.0,-11050000.0
16/06/2025,32662.8,36600.0,-600.0,-0.01639344,33207.18,33842.29,32662.8,2630.0,95426400.0,0.0,0.0,2630.0,95426400.0,1503.0,-1503.0,0.0,0.0,53739800.0,-53739800.0,0.0,0.0
13/06/2025,33207.18,37850.0,-1250.0,-0.0330251,33207.18,33615.465,33207.18,410.0,15063500.0,0.0,0.0,410.0,15063500.0,-200.0,200.0,0.0,0.0,-7320000.0,7320000.0,0.0,0.0
12/06/2025,34341.305,36300.0,1550.0,0.04269972,33207.18,34477.4,33207.18,1200.0,44365000.0,0.0,0.0,1200.0,44365000.0,-1000.0,1000.0,0.0,0.0,-36780000.0,36780000.0,0.0,0.0
11/06/2025,32934.99,36100.0,200.0,0.00554017,32934.99,32934.99,32934.99,400.0,14520000.0,0.0,0.0,400.0,14520000.0,-400.0,400.0,0.0,0.0,-14520000.0,14520000.0,0.0,0.0
09/06/2025,32753.53,36100.0,2.0,5.54e-05,32753.53,32934.99,32753.53,1936.0,70104800.0,0.0,0.0,1936.0,70104800.0,-405.0,305.0,0.0,100.0,-14646000.0,11016000.0,0.0,3630000.0
06/06/2025,32752.6000175,37500.0,-250.0,-0.00666667,33060.342568,33060.342568,32576.7471315,1500.0,56235000.0,0.0,0.0,1500.0,56235000.0,-800.0,600.0,0.0,200.0,-30050000.0,22630000.0,0.0,7420000.0
05/06/2025,32972.416125,36100.0,1400.0,0.03878116,31785.4091445,32972.416125,31785.4091445,3314.0,123250850.0,0.0,0.0,3314.0,123250850.0,-100.0,100.0,0.0,0.0,-4020000.0,4020000.0,0.0,0.0
04/06/2025,31741.445923,36000.0,100.0,0.00277778,31653.51948,31741.445923,31653.51948,2505.0,90337000.0,0.0,0.0,2505.0,90337000.0,1500.0,-1500.0,0.0,0.0,54060000.0,-54060000.0,0.0,0.0
03/06/2025,31653.51948,37400.0,-1400.0,-0.03743316,32444.857467,32444.857467,30730.2918285,1800.0,64665000.0,0.0,0.0,1800.0,64665000.0,900.0,-1000.0,0.0,100.0,32400000.0,-36000000.0,0.0,3600000.0
02/06/2025,32884.489682,37400.0,0.0,0.0,32884.489682,32884.489682,32884.489682,5.0,187500.0,0.0,0.0,5.0,187500.0,-5.0,5.0,0.0,0.0,-187000.0,187000.0,0.0,0.0
30/05/2025,32884.489682,37200.0,200.0,0.00537634,32884.489682,32884.489682,32444.857467,2919.0,108470600.0,0.0,0.0,2919.0,108470600.0,2514.0,-2614.0,0.0,100.0,93403000.0,-97143000.0,0.0,3740000.0
29/05/2025,32708.636796,36900.0,300.0,0.00813008,32796.563239,32796.563239,32708.636796,203.0,7561000.0,0.0,0.0,203.0,7561000.0,99.0,-99.0,0.0,0.0,3693400.0,-3693400.0,0.0,0.0
28/05/2025,32444.857467,36900.0,0.0,0.0,32444.857467,32444.857467,32444.857467,207.0,7639700.0,0.0,0.0,207.0,7639700.0,200.0,-200.0,0.0,0.0,7379300.0,-7379300.0,0.0,0.0
27/05/2025,32444.857467,36900.0,0.0,0.0,32444.857467,32444.857467,32444.857467,300.0,11070000.0,0.0,0.0,300.0,11070000.0,100.0,-100.0,0.0,0.0,3690000.0,-3690000.0,0.0,0.0
26/05/2025,32444.857467,36800.0,100.0,0.00271739,32444.857467,32444.857467,32093.151695,3520.0,128610000.0,0.0,0.0,3520.0,128610000.0,100.0,-100.0,0.0,0.0,3690000.0,-3690000.0,0.0,0.0
23/05/2025,32356.931024,37300.0,-500.0,-0.01340483,32708.636796,32708.636796,31697.4827015,1702.0,62254800.0,0.0,0.0,1702.0,62254800.0,199.0,-199.0,0.0,0.0,7305100.0,-7305100.0,0.0,0.0
22/05/2025,32796.563239,37300.0,0.0,0.0,32796.563239,32796.563239,32796.563239,3009.0,112235700.0,0.0,0.0,3009.0,112235700.0,-108.0,108.0,0.0,0.0,-4028400.0,4028400.0,0.0,0.0
20/05/2025,32796.563239,36100.0,1200.0,0.033241,31829.372366,32796.563239,31653.51948,3210.0,117121000.0,0.0,0.0,3210.0,117121000.0,210.0,-10.0,0.0,-200.0,8031000.0,-631000.0,0.0,-7400000.0
16/05/2025,31741.445923,38550.0,-2450.0,-0.06355383,31741.445923,31741.445923,31565.593037,3300.0,118540000.0,0.0,0.0,3300.0,118540000.0,3000.0,-3000.0,0.0,0.0,107740000.0,-107740000.0,0.0,0.0
15/05/2025,33895.6437765,36150.0,2400.0,0.06639004,33895.6437765,33895.6437765,33895.6437765,127.0,4881000.0,0.0,0.0,127.0,4881000.0,17.0,-17.0,0.0,0.0,646000.0,-646000.0,0.0,0.0
14/05/2025,31785.4091445,36200.0,-50.0,-0.00138122,31829.372366,32093.151695,31785.4091445,2400.0,86905000.0,0.0,0.0,2400.0,86905000.0,1300.0,-1300.0,0.0,0.0,47055000.0,-47055000.0,0.0,0.0
13/05/2025,31829.372366,37000.0,-800.0,-0.02162162,32444.857467,32444.857467,31697.4827015,10200.0,369195000.0,0.0,0.0,10200.0,369195000.0,6900.0,-7000.0,0.0,100.0,249620000.0,-253310000.0,0.0,3690000.0
09/05/2025,32532.78391,37000.0,0.0,0.0,32444.857467,32532.78391,32444.857467,300.0,11090000.0,0.0,0.0,300.0,11090000.0,100.0,-100.0,0.0,0.0,3690000.0,-3690000.0,0.0,0.0
08/05/2025,32532.78391,35950.0,1050.0,0.02920723,31653.51948,32532.78391,31653.51948,3245.0,117860000.0,0.0,0.0,3245.0,117860000.0,1300.0,-1300.0,0.0,0.0,46800000.0,-46800000.0,0.0,0.0
07/05/2025,31609.5562585,37950.0,-2000.0,-0.05270092,31609.5562585,31609.5562585,31609.5562585,100.0,3595000.0,0.0,0.0,100.0,3595000.0,100.0,-100.0,0.0,0.0,3595000.0,-3595000.0,0.0,0.0
06/05/2025,33368.0851185,37000.0,950.0,0.02567568,32532.78391,33412.04834,32532.78391,701.0,26512000.0,0.0,0.0,701.0,26512000.0,-501.0,501.0,0.0,0.0,-18912000.0,18912000.0,0.0,0.0
22/04/2025,30774.25505,37400.0,-2400.0,-0.06417112,30774.25505,30774.25505,30774.25505,1703.0,59609800.0,0.0,0.0,1703.0,59609800.0,-200.0,0.0,0.0,200.0,-7000000.0,0.0,0.0,7000000.0
21/04/2025,32884.489682,37500.0,-100.0,-0.00266667,32972.416125,32972.416125,32884.489682,401.0,15007500.0,0.0,0.0,401.0,15007500.0,100.0,0.0,0.0,-100.0,3740000.0,0.0,0.0,-3740000.0
18/04/2025,32972.416125,37500.0,0.0,0.0,32884.489682,32972.416125,32093.151695,906.0,33450000.0,0.0,0.0,906.0,33450000.0,100.0,-100.0,0.0,0.0,3745000.0,-3745000.0,0.0,0.0
17/04/2025,32972.416125,37450.0,50.0,0.00133511,32928.4529035,32972.416125,32884.489682,1403.0,52542450.0,0.0,0.0,1403.0,52542450.0,-200.0,0.0,0.0,200.0,-7490000.0,0.0,0.0,7490000.0
27/03/2025,32137.1149165,37000.0,-450.0,-0.01216216,32093.151695,32137.1149165,32093.151695,300.0,10955000.0,0.0,0.0,300.0,10955000.0,-200.0,0.0,0.0,200.0,-7300000.0,0.0,0.0,7300000.0
13/03/2025,32576.7471315,36500.0,550.0,0.01506849,32093.151695,32708.636796,32093.151695,1200.0,43925000.0,0.0,0.0,1200.0,43925000.0,1000.0,0.0,0.0,-1000.0,36500000.0,0.0,0.0,-36500000.0
10/03/2025,33939.606998,36900.0,1700.0,0.04607046,33939.606998,33939.606998,33939.606998,110.0,4229000.0,0.0,0.0,110.0,4229000.0,100.0,0.0,0.0,-100.0,3860000.0,0.0,0.0,-3860000.0
07/03/2025,32444.857467,37700.0,-800.0,-0.02122016,32884.489682,32884.489682,32444.857467,501.0,18647500.0,0.0,0.0,501.0,18647500.0,-200.0,0.0,0.0,200.0,-7480000.0,0.0,0.0,7480000.0
27/02/2025,32532.78391,37000.0,0.0,0.0,31741.445923,32532.78391,31741.445923,410.0,15105000.0,0.0,0.0,410.0,15105000.0,100.0,0.0,0.0,-100.0,3610000.0,0.0,0.0,-3610000.0
19/02/2025,32972.416125,37000.0,500.0,0.01351351,32972.416125,32972.416125,32884.489682,2300.0,86080000.0,0.0,0.0,2300.0,86080000.0,-100.0,0.0,0.0,100.0,-3740000.0,0.0,0.0,3740000.0
14/02/2025,32972.416125,37500.0,0.0,0.0,32972.416125,32972.416125,32972.416125,107.0,4012500.0,0.0,0.0,107.0,4012500.0,-100.0,0.0,0.0,100.0,-3750000.0,0.0,0.0,3750000.0
10/02/2025,31345.7769295,37100.0,-1450.0,-0.0391,32620.710353,33412.04834,31345.7769295,1600.0,59220000.0,0.0,0.0,1600.0,59220000.0,-400.0,0.0,0.0,400.0,-15200000.0,0.0,0.0,15200000.0
03/02/2025,32620.710353,37000.0,100.0,0.0027027,32532.78391,32620.710353,32532.78391,700.0,25940000.0,0.0,0.0,700.0,25940000.0,400.0,0.0,0.0,-400.0,14840000.0,0.0,0.0,-14840000.0
22/01/2025,33412.04834,36500.0,1500.0,0.04109589,32093.151695,34027.533441,32093.151695,700.0,26140000.0,0.0,0.0,700.0,26140000.0,-200.0,0.0,0.0,200.0,-7740000.0,0.0,0.0,7740000.0
17/01/2025,32093.151695,37000.0,-500.0,-0.01351351,31257.8504865,32093.151695,31213.887265,2200.0,80005000.0,0.0,0.0,2200.0,80005000.0,2200.0,0.0,0.0,-2200.0,80005000.0,0.0,0.0,-80005000.0
09/01/2025,32532.78391,37100.0,-100.0,-0.00269542,32532.78391,32532.78391,32532.78391,213.0,7883900.0,0.0,0.0,213.0,7883900.0,213.0,0.0,0.0,-213.0,7883900.0,0.0,0.0,-7883900.0
02/01/2025,32972.416125,38050.0,-550.0,-0.01445466,33148.269011,33148.269011,32972.416125,509.0,19112450.0,0.0,0.0,509.0,19112450.0,-100.0,0.0,0.0,100.0,-3770000.0,0.0,0.0,3770000.0
24/12/2024,32225.0413595,37250.0,-600.0,-0.01610738,33104.3057895,33104.3057895,32137.1149165,300.0,11085000.0,0.0,0.0,300.0,11085000.0,100.0,-100.0,0.0,0.0,3665000.0,-3665000.0,0.0,0.0
19/12/2024,32093.151695,37000.0,-500.0,-0.01351351,32532.78391,32532.78391,32093.151695,11300.0,412740000.0,0.0,0.0,11300.0,412740000.0,-100.0,0.0,0.0,100.0,-3665000.0,0.0,0.0,3665000.0
18/12/2024,32532.78391,38100.0,-1100.0,-0.02887139,32752.6000175,32972.416125,32444.857467,28901.0,1075473100.0,0.0,0.0,28901.0,1075473100.0,-100.0,0.0,0.0,100.0,-3700000.0,0.0,0.0,3700000.0
17/12/2024,33499.974783,38000.0,100.0,0.00263158,33412.04834,33499.974783,32972.416125,1923.0,72234000.0,0.0,0.0,1923.0,72234000.0,300.0,0.0,0.0,-300.0,11300000.0,0.0,0.0,-11300000.0
12/12/2024,33412.04834,38000.0,0.0,0.0,33412.04834,33412.04834,32972.416125,6005.0,225780000.0,0.0,0.0,6005.0,225780000.0,-200.0,0.0,0.0,200.0,-7555000.0,0.0,0.0,7555000.0
11/12/2024,33412.04834,38600.0,-600.0,-0.01554404,34027.533441,34027.533441,33412.04834,15705.0,597668500.0,0.0,0.0,15705.0,597668500.0,100.0,0.0,0.0,-100.0,3865000.0,0.0,0.0,-3865000.0
10/12/2024,33939.606998,38700.0,-100.0,-0.00258398,33851.680555,34027.533441,33412.04834,7402.0,284817400.0,0.0,0.0,7402.0,284817400.0,600.0,0.0,0.0,-600.0,22750000.0,0.0,0.0,-22750000.0
09/12/2024,34027.533441,38700.0,0.0,0.0,34027.533441,34027.533441,34027.533441,608.0,23529600.0,0.0,0.0,608.0,23529600.0,-108.0,0.0,0.0,108.0,-4179600.0,0.0,0.0,4179600.0
29/11/2024,33851.680555,38800.0,-300.0,-0.00773196,34027.533441,34027.533441,33851.680555,500.0,19270000.0,0.0,0.0,500.0,19270000.0,300.0,100.0,0.0,-400.0,11530000.0,3870000.0,0.0,-15400000.0
26/11/2024,33412.04834,38350.0,-350.0,-0.00912647,33763.754112,34203.386327,33412.04834,3248.0,123780000.0,0.0,0.0,3248.0,123780000.0,3000.0,0.0,0.0,-3000.0,114250000.0,0.0,0.0,-114250000.0
11/11/2024,33412.04834,39000.0,-1000.0,-0.02564103,34291.31277,34291.31277,33412.04834,4500.0,172700000.0,0.0,0.0,4500.0,172700000.0,2500.0,0.0,0.0,-2500.0,95300000.0,0.0,0.0,-95300000.0
07/11/2024,34730.944985,39000.0,500.0,0.01282051,34291.31277,34730.944985,34291.31277,2282.0,89466700.0,0.0,0.0,2282.0,89466700.0,60.0,-60.0,-60.0,0.0,2356800.0,-2356800.0,-2357000.0,0.0
01/11/2024,34730.944985,38400.0,1100.0,0.02864583,33851.680555,34730.944985,33851.680555,1110.0,43425000.0,0.0,0.0,1110.0,43425000.0,100.0,0.0,0.0,-100.0,3950000.0,0.0,0.0,-3950000.0
25/10/2024,33675.827669,38850.0,-550.0,-0.01415701,34159.4231055,34159.4231055,33675.827669,709.0,27324650.0,0.0,0.0,709.0,27324650.0,100.0,-100.0,0.0,0.0,3830000.0,-3830000.0,0.0,0.0
21/10/2024,33675.827669,39000.0,-700.0,-0.0179,33763.754112,33851.680555,33675.827669,701.0,26899000.0,0.0,0.0,701.0,26899000.0,-100.0,0.0,0.0,100.0,-3830000.0,0.0,0.0,3830000.0
11/10/2024,33412.04834,37500.0,500.0,0.01333333,32708.636796,33763.754112,32708.636796,4471.0,170249650.0,0.0,0.0,4471.0,170249650.0,47.0,-147.0,-47.0,100.0,1532050.0,-5372050.0,-1652000.0,3840000.0
07/10/2024,32972.416125,37900.0,-400.0,-0.01055409,32576.7471315,33280.1586755,32576.7471315,610.0,22877000.0,0.0,0.0,610.0,22877000.0,100.0,-100.0,0.0,0.0,3705000.0,-3705000.0,0.0,0.0
30/09/2024,32532.78391,36900.0,100.0,0.00271003,32532.78391,32620.710353,32532.78391,1549.0,57318600.0,0.0,0.0,1549.0,57318600.0,220.0,0.0,0.0,-220.0,8134100.0,0.0,0.0,-8134100.0
27/09/2024,32444.857467,37500.0,-600.0,-0.016,32972.416125,32972.416125,32444.857467,4700.0,174010000.0,0.0,0.0,4700.0,174010000.0,3900.0,0.0,0.0,-3900.0,144360000.0,0.0,0.0,-144360000.0
26/09/2024,32972.416125,37900.0,-400.0,-0.01055409,31873.3355875,32972.416125,31873.3355875,2900.0,105750000.0,0.0,0.0,2900.0,105750000.0,500.0,0.0,0.0,-500.0,18750000.0,0.0,0.0,-18750000.0
24/09/2024,33324.121897,38100.0,-200.0,-0.00524934,33499.974783,33499.974783,33324.121897,1600.0,60740000.0,0.0,0.0,1600.0,60740000.0,600.0,-100.0,0.0,-500.0,22840000.0,-3790000.0,0.0,-19050000.0
12/09/2024,33412.04834,38100.0,-100.0,-0.00262467,33412.04834,33499.974783,33412.04834,4500.0,171050000.0,0.0,0.0,4500.0,171050000.0,-100.0,0.0,0.0,100.0,-3800000.0,0.0,0.0,3800000.0
30/08/2024,34203.386327,38600.0,300.0,0.00777202,33412.04834,34247.3495485,33412.04834,900.0,34475000.0,0.0,0.0,900.0,34475000.0,-100.0,100.0,0.0,0.0,-3895000.0,3895000.0,0.0,0.0
27/08/2024,33763.754112,38800.0,-400.0,-0.01030928,34115.459884,34115.459884,32972.416125,886.0,33922100.0,0.0,0.0,886.0,33922100.0,700.0,0.0,0.0,-700.0,26770001.0,0.0,0.0,-26770000.0
23/08/2024,34115.459884,38800.0,0.0,0.0,34511.1288775,34511.1288775,34115.459884,550.0,21260650.0,0.0,0.0,550.0,21260650.0,-500.0,100.0,0.0,400.0,-19445000.0,3925000.0,0.0,15520000.0
22/08/2024,34115.459884,38900.0,-100.0,-0.00257069,34203.386327,34291.31277,33543.9380045,7011.0,271992900.0,0.0,0.0,7011.0,271992900.0,-709.0,0.0,0.0,709.0,-27600100.0,0.0,0.0,27600100.0
21/08/2024,34203.386327,39350.0,-450.0,-0.01143583,33499.974783,34555.092099,33499.974783,3711.0,144242300.0,0.0,0.0,3711.0,144242300.0,-3300.0,-100.0,0.0,3400.0,-128330001.0,-3930000.0,0.0,132260000.0
14/08/2024,33411.16907557,39950.0,-450.0,-0.01126408,33495.754313736,33749.510028234,32988.24288474,2100.0,82730000.0,0.0,0.0,2100.0,82730000.0,900.0,0.0,0.0,-900.0,35540000.0,0.0,0.0,-35540000.0
13/08/2024,33791.802647317,39500.0,450.0,0.01139241,31127.367645088,33834.0952664,31127.367645088,6500.0,257745000.0,0.0,0.0,6500.0,257745000.0,100.0,0.0,0.0,-100.0,3995000.0,0.0,0.0,-3995000.0
08/08/2024,32142.39050308,38000.0,0.0,0.0,32226.975741246,32226.975741246,32142.39050308,311.0,11828000.0,0.0,0.0,311.0,11828000.0,-100.0,0.0,0.0,100.0,-3800000.0,0.0,0.0,3800000.0
06/08/2024,32142.39050308,38000.0,0.0,0.0,32142.39050308,32142.39050308,32142.39050308,1909.0,72358250.0,0.0,0.0,1909.0,72358250.0,-100.0,0.0,0.0,100.0,-3800000.0,0.0,0.0,3800000.0
05/08/2024,32142.39050308,39100.0,-1100.0,-0.02813299,32903.657646574,32903.657646574,32057.805264914,3300.0,125660000.0,0.0,0.0,3300.0,125660000.0,0.0,-100.0,0.0,100.0,-10000.0,-3790000.0,0.0,3800000.0
23/07/2024,32142.39050308,38500.0,-500.0,-0.01298701,32226.975741246,32226.975741246,32142.39050308,2722.0,103532050.0,0.0,0.0,2722.0,103532050.0,-100.0,0.0,0.0,100.0,-3800000.0,0.0,0.0,3800000.0
09/07/2024,32988.24288474,39000.0,0.0,0.0,32988.24288474,33284.291218321,32988.24288474,2100.0,82215000.0,0.0,0.0,2100.0,82215000.0,-800.0,0.0,0.0,800.0,-31480000.0,0.0,0.0,31480000.0
02/07/2024,32649.901932076,38500.0,100.0,0.0025974,32988.24288474,32988.24288474,32649.901932076,1200.0,46520000.0,0.0,0.0,1200.0,46520000.0,-200.0,0.0,0.0,200.0,-7720000.0,0.0,0.0,7720000.0
28/06/2024,32649.901932076,40400.0,-1800.0,-0.04455446,34172.436219064,34172.436219064,32649.901932076,1310.0,51120500.0,0.0,0.0,1310.0,51120500.0,-300.0,0.0,0.0,300.0,-11640000.0,0.0,0.0,11640000.0
27/06/2024,34172.436219064,39000.0,1400.0,0.03589744,32988.24288474,34172.436219064,32988.24288474,300.0,11840000.0,0.0,0.0,300.0,11840000.0,-100.0,100.0,0.0,0.0,-4040000.0,4040000.0,0.0,0.0
24/06/2024,32988.24288474,39000.0,0.0,0.0,33664.924790068,33664.924790068,32988.24288474,1500.0,58655000.0,0.0,0.0,1500.0,58655000.0,-100.0,0.0,0.0,100.0,-3900000.0,0.0,0.0,3900000.0
20/06/2024,33368.876456487,38900.0,550.0,0.01413882,32903.657646574,33368.876456487,32311.560979412,1101.0,42594650.0,0.0,0.0,1101.0,42594650.0,100.0,-100.0,0.0,0.0,3835000.0,-3835000.0,0.0,0.0
19/06/2024,32903.657646574,38400.0,500.0,0.01302083,32649.901932076,32903.657646574,32649.901932076,1700.0,65950000.0,0.0,0.0,1700.0,65950000.0,-600.0,0.0,0.0,600.0,-23160000.0,0.0,0.0,23160000.0
18/06/2024,32480.731455744,39100.0,-700.0,-0.01790281,32480.731455744,32649.901932076,32480.731455744,2400.0,92200000.0,0.0,0.0,2400.0,92200000.0,500.0,0.0,0.0,-500.0,19200000.0,0.0,0.0,-19200000.0
17/06/2024,33072.828122906,39800.0,-700.0,-0.01758794,33664.924790068,33664.924790068,33072.828122906,1000.0,39205000.0,0.0,0.0,1000.0,39205000.0,-100.0,100.0,0.0,0.0,-3980000.0,3980000.0,0.0,0.0
14/06/2024,33664.924790068,39800.0,0.0,0.0,32819.072408408,33664.924790068,32734.487170242,5500.0,213800000.0,0.0,0.0,5500.0,213800000.0,3300.0,0.0,0.0,-3300.0,128340000.0,0.0,0.0,-128340000.0
12/06/2024,33664.924790068,39150.0,650.0,0.01660281,34257.02145723,34257.02145723,33664.924790068,6003.0,240850000.0,0.0,0.0,6003.0,240850000.0,-400.0,0.0,0.0,400.0,-15950000.0,0.0,0.0,15950000.0
11/06/2024,33115.120741989,39900.0,-750.0,-0.01879699,33749.510028234,33749.510028234,33115.120741989,7206.0,284367300.0,0.0,0.0,7206.0,284367300.0,-100.0,0.0,0.0,100.0,-3935000.0,0.0,0.0,3935000.0
07/06/2024,33960.973123649,41050.0,-900.0,-0.02192448,34722.240267143,34722.240267143,33072.828122906,7233.0,294299650.0,0.0,0.0,7233.0,294299650.0,-1591.0,-300.0,0.0,1891.0,-64935550.0,-12300000.0,0.0,77235550.0
06/06/2024,34722.240267143,40950.0,100.0,0.002442,34933.703362558,35356.629553388,34679.94764806,12405.0,514084000.0,0.0,0.0,12405.0,514084000.0,400.0,0.0,0.0,-400.0,16560000.0,0.0,0.0,-16560000.0
05/06/2024,34637.655028977,38300.0,2650.0,0.0691906,32396.146217578,34637.655028977,32396.146217578,38059.0,1547768550.0,0.0,0.0,38059.0,1547768550.0,900.0,0.0,0.0,-900.0,36865000.0,85000.0,0.0,-36950000.0
04/06/2024,32396.146217578,38300.0,0.0,0.0,32396.146217578,32396.146217578,32142.39050308,1605.0,61441500.0,0.0,0.0,1605.0,61441500.0,-100.0,-100.0,0.0,200.0,-3830000.0,-3830000.0,0.0,7660000.0
03/06/2024,32396.146217578,38200.0,100.0,0.0026178,32226.975741246,32480.731455744,32142.39050308,2300.0,88100000.0,0.0,0.0,2300.0,88100000.0,-400.0,0.0,0.0,400.0,-15200000.0,0.0,0.0,15200000.0
30/05/2024,32311.560979412,38000.0,200.0,0.00526316,32142.39050308,32565.31669391,31973.220026748,4008.0,153391400.0,0.0,0.0,4008.0,153391400.0,-100.0,0.0,0.0,100.0,-3850000.0,0.0,0.0,3850000.0
27/05/2024,31211.952883254,37500.0,-600.0,-0.016,31719.46431225,31930.927407665,31211.952883254,3900.0,144835000.0,0.0,0.0,3900.0,144835000.0,-200.0,0.0,0.0,200.0,-7440000.0,0.0,0.0,7440000.0
24/05/2024,31719.46431225,37850.0,-350.0,-0.00924703,31973.220026748,32142.39050308,31508.001216835,4700.0,176065000.0,0.0,0.0,4700.0,176065000.0,900.0,0.0,0.0,-900.0,33520000.0,0.0,0.0,-33520000.0
23/05/2024,32015.512645831,37250.0,600.0,0.01610738,31634.879074084,32142.39050308,31550.293835918,3200.0,120145000.0,0.0,0.0,3200.0,120145000.0,900.0,0.0,0.0,-900.0,33660000.0,0.0,0.0,-33660000.0
22/05/2024,31508.001216835,38500.0,-1250.0,-0.03246753,32142.39050308,32565.31669391,31296.53812142,5700.0,216280000.0,0.0,0.0,5700.0,216280000.0,-1000.0,0.0,0.0,1000.0,-37990000.0,0.0,0.0,37990000.0
21/05/2024,32565.31669391,37800.0,700.0,0.01851852,31888.634788582,32988.24288474,31846.342169499,1400.0,53260000.0,0.0,0.0,1400.0,53260000.0,700.0,300.0,0.0,-1000.0,26220000.0,11600000.0,0.0,-37820000.0
20/05/2024,31973.220026748,38050.0,-250.0,-0.0065703,32311.560979412,32311.560979412,31888.634788582,2208.0,83480600.0,0.0,0.0,2208.0,83480600.0,1000.0,0.0,0.0,-1000.0,37825000.0,0.0,0.0,-37825000.0
17/05/2024,32184.683122163,38000.0,50.0,0.00131579,32988.24288474,32988.24288474,32184.683122163,3400.0,130450000.0,0.0,0.0,3400.0,130450000.0,1600.0,0.0,0.0,-1600.0,60975000.0,0.0,0.0,-60975000.0
15/05/2024,32142.39050308,37700.0,300.0,0.00795756,31973.220026748,32142.39050308,31888.634788582,2000.0,75560000.0,0.0,0.0,2000.0,75560000.0,1000.0,0.0,0.0,-1000.0,37810000.0,0.0,0.0,-37810000.0
14/05/2024,31888.634788582,38000.0,-300.0,-0.00789474,32988.24288474,32988.24288474,31888.634788582,1401.0,53469900.0,0.0,0.0,1401.0,53469900.0,1100.0,0.0,0.0,-1100.0,41730000.0,0.0,0.0,-41730000.0
13/05/2024,32142.39050308,37900.0,100.0,0.00263852,32142.39050308,32142.39050308,32057.805264914,1460.0,55440000.0,0.0,0.0,1460.0,55440000.0,100.0,-100.0,0.0,0.0,3790000.0,-3790000.0,0.0,0.0
10/05/2024,32057.805264914,37800.0,100.0,0.0026455,31973.220026748,32057.805264914,31973.220026748,1014.0,38350900.0,0.0,0.0,1014.0,38350900.0,900.0,0.0,0.0,-900.0,34040000.0,0.0,0.0,-34040000.0
09/05/2024,31973.220026748,37250.0,550.0,0.0147651,33411.16907557,33411.16907557,31846.342169499,2200.0,83170000.0,0.0,0.0,2200.0,83170000.0,2000.0,0.0,0.0,-2000.0,75450000.0,0.0,0.0,-75450000.0
07/05/2024,31508.001216835,37200.0,50.0,0.00134409,32226.975741246,32226.975741246,31508.001216835,4210.0,158826000.0,0.0,0.0,4210.0,158826000.0,3000.0,0.0,0.0,-3000.0,112830000.0,0.0,0.0,-112830000.0
06/05/2024,31465.708597752,38500.0,-1300.0,-0.03376623,32565.31669391,32565.31669391,31465.708597752,1803.0,69150500.0,0.0,0.0,1803.0,69150500.0,-100.0,0.0,0.0,100.0,-3815000.0,0.0,0.0,3815000.0
03/05/2024,32565.31669391,38900.0,-400.0,-0.01028278,33834.0952664,33834.0952664,32565.31669391,3804.0,150093600.0,0.0,0.0,3804.0,150093600.0,1000.0,0.0,0.0,-1000.0,38500000.0,0.0,0.0,-38500000.0
02/05/2024,32903.657646574,38100.0,800.0,0.02099738,32142.39050308,32988.24288474,32142.39050308,3750.0,143375000.0,0.0,0.0,3750.0,143375000.0,1200.0,0.0,0.0,-1200.0,45710000.0,0.0,0.0,-45710000.0
19/04/2024,32692.194551159,38300.0,350.0,0.00913838,33326.583837404,33326.583837404,32565.31669391,5114.0,197750600.0,0.0,0.0,5114.0,197750600.0,3400.0,0.0,0.0,-3400.0,131335000.0,0.0,0.0,-131335000.0
17/04/2024,32396.146217578,39000.0,-700.0,-0.01794872,32988.24288474,32988.24288474,32396.146217578,1301.0,50229000.0,0.0,0.0,1301.0,50229000.0,-300.0,0.0,0.0,300.0,-11560000.0,0.0,0.0,11560000.0
16/04/2024,32988.24288474,39500.0,-500.0,-0.01265823,33411.16907557,33411.16907557,32988.24288474,1300.0,51080000.0,0.0,0.0,1300.0,51080000.0,900.0,0.0,0.0,-900.0,35360000.0,0.0,0.0,-35360000.0
10/04/2024,32819.072408408,38800.0,0.0,0.0,34679.94764806,34679.94764806,32819.072408408,2906.0,116860000.0,0.0,0.0,2906.0,116860000.0,1000.0,0.0,0.0,-1000.0,38930000.0,0.0,0.0,-38930000.0
08/04/2024,32649.901932076,38500.0,100.0,0.0025974,32988.24288474,33411.16907557,32649.901932076,3204.0,124996600.0,0.0,0.0,3204.0,124996600.0,1100.0,0.0,0.0,-1100.0,42630000.0,0.0,0.0,-42630000.0
03/04/2024,32565.31669391,38650.0,-150.0,-0.00388098,32565.31669391,32565.31669391,32565.31669391,300.0,11550000.0,0.0,0.0,300.0,11550000.0,-300.0,0.0,0.0,300.0,-11550000.0,0.0,0.0,11550000.0
02/04/2024,32692.194551159,38700.0,-50.0,-0.00129199,32565.31669391,32692.194551159,32565.31669391,600.0,23130000.0,0.0,0.0,600.0,23130000.0,-200.0,100.0,0.0,100.0,-7730000.0,3865000.0,0.0,3865000.0
29/03/2024,32734.487170242,38900.0,-200.0,-0.00514139,32819.072408408,32861.365027491,32734.487170242,900.0,34920000.0,0.0,0.0,900.0,34920000.0,100.0,-100.0,0.0,0.0,3885000.0,-3885000.0,0.0,0.0
26/03/2024,32649.901932076,39000.0,-400.0,-0.01025641,32649.901932076,32903.657646574,32649.901932076,1000.0,38650000.0,0.0,0.0,1000.0,38650000.0,1000.0,0.0,0.0,-1000.0,38650000.0,0.0,0.0,-38650000.0
18/03/2024,32480.731455744,38950.0,-550.0,-0.01412067,32988.24288474,32988.24288474,32142.39050308,8300.0,319935000.0,0.0,0.0,8300.0,319935000.0,100.0,0.0,0.0,-100.0,3840000.0,0.0,0.0,-3840000.0
06/03/2024,33326.583837404,38700.0,700.0,0.01808786,32988.24288474,33411.16907557,32988.24288474,3205.0,126162100.0,0.0,0.0,3205.0,126162100.0,1900.0,0.0,0.0,-1900.0,74860000.0,0.0,0.0,-74860000.0
05/03/2024,32734.487170242,38850.0,-150.0,-0.003861,32903.657646574,32903.657646574,32311.560979412,500.0,19335000.0,0.0,0.0,500.0,19335000.0,100.0,-100.0,0.0,0.0,3870000.0,-3870000.0,0.0,0.0
04/03/2024,32861.365027491,38800.0,50.0,0.00128866,32861.365027491,33072.828122906,32819.072408408,1521.0,59068950.0,0.0,0.0,1521.0,59068950.0,1000.0,0.0,0.0,-1000.0,38815001.0,0.0,0.0,-38815000.0
29/02/2024,32988.24288474,39000.0,0.0,0.0,32988.24288474,33749.510028234,32988.24288474,832.0,32565550.0,0.0,0.0,832.0,32565550.0,-180.0,0.0,0.0,180.0,-7052450.0,0.0,0.0,7052450.0
27/02/2024,32988.24288474,39000.0,0.0,0.0,33157.413361072,33157.413361072,32988.24288474,801.0,31309200.0,0.0,0.0,801.0,31309200.0,-100.0,100.0,0.0,0.0,-3920000.0,3920000.0,0.0,0.0
22/02/2024,33072.828122906,39000.0,100.0,0.0025641,33834.0952664,33834.0952664,33072.828122906,2207.0,87283650.0,0.0,0.0,2207.0,87283650.0,600.0,-100.0,0.0,-500.0,23235001.0,-3965000.0,0.0,-19270000.0
21/02/2024,32988.24288474,39000.0,0.0,0.0,32988.24288474,32988.24288474,32945.950265657,1700.0,66290000.0,0.0,0.0,1700.0,66290000.0,-1000.0,0.0,0.0,1000.0,-39000000.0,0.0,0.0,39000000.0
16/02/2024,33241.998599238,39500.0,-200.0,-0.00506329,33157.413361072,33241.998599238,32988.24288474,1010.0,39618000.0,0.0,0.0,1010.0,39618000.0,-100.0,0.0,0.0,100.0,-3920000.0,0.0,0.0,3920000.0
05/02/2024,32988.24288474,38550.0,450.0,0.01167315,33834.0952664,33834.0952664,32988.24288474,500.0,19695000.0,0.0,0.0,500.0,19695000.0,0.0,0.0,0.0,0.0,15000.0,0.0,0.0,-15000.0
01/02/2024,33580.339551902,38700.0,1000.0,0.02583979,32734.487170242,33580.339551902,32734.487170242,1207.0,47711700.0,0.0,0.0,1207.0,47711700.0,100.0,-100.0,0.0,0.0,3870000.0,-3870000.0,0.0,0.0
29/01/2024,33580.339551902,39000.0,700.0,0.01794872,33072.828122906,33834.0952664,33072.828122906,501.0,19889800.0,0.0,0.0,501.0,19889800.0,-100.0,100.0,0.0,0.0,-4000000.0,4000000.0,0.0,0.0
19/01/2024,33749.510028234,39100.0,800.0,0.02046036,33115.120741989,33749.510028234,32945.950265657,2300.0,90410000.0,0.0,0.0,2300.0,90410000.0,-200.0,0.0,0.0,200.0,-7790000.0,0.0,0.0,7790000.0
17/01/2024,33749.510028234,40000.0,-100.0,-0.0025,33834.0952664,33834.0952664,33749.510028234,1100.0,43950000.0,0.0,0.0,1100.0,43950000.0,100.0,0.0,0.0,-100.0,3990000.0,0.0,0.0,-3990000.0
04/01/2024,33749.510028234,40000.0,-100.0,-0.0025,33411.16907557,33749.510028234,33411.16907557,600.0,23900000.0,0.0,0.0,600.0,23900000.0,100.0,0.0,0.0,-100.0,3950000.0,0.0,0.0,-3950000.0
02/01/2024,33411.16907557,40000.0,-500.0,-0.0125,32819.072408408,33834.0952664,32819.072408408,2407.0,94610000.0,0.0,0.0,2407.0,94610000.0,900.0,-100.0,0.0,-800.0,35110000.0,-3905000.0,0.0,-31205000.0
26/12/2023,34214.728838147,40000.0,450.0,0.01125,34426.191933562,34426.191933562,33834.0952664,1809.0,73208300.0,0.0,0.0,1809.0,73208300.0,-300.0,0.0,0.0,300.0,-12210000.0,0.0,0.0,12210000.0
20/12/2023,32988.24288474,39000.0,0.0,0.0,32988.24288474,32988.24288474,32988.24288474,2903.0,113216950.0,0.0,0.0,2903.0,113216950.0,-100.0,100.0,0.0,0.0,-3900000.0,3900000.0,0.0,0.0
12/12/2023,32988.24288474,40000.0,-1000.0,-0.025,33411.16907557,33411.16907557,32311.560979412,6900.0,267835000.0,0.0,0.0,6900.0,267835000.0,-900.0,-100.0,0.0,1000.0,-34900000.0,-3900000.0,0.0,38800000.0
08/12/2023,33664.924790068,39900.0,-100.0,-0.00250627,33749.510028234,33834.0952664,33664.924790068,3800.0,151390000.0,0.0,0.0,3800.0,151390000.0,-200.0,100.0,0.0,100.0,-7960000.0,3980000.0,0.0,3980000.0
07/12/2023,33749.510028234,41500.0,-1600.0,-0.03855422,34257.02145723,34257.02145723,33749.510028234,17900.0,715065000.0,0.0,0.0,17900.0,715065000.0,-400.0,-100.0,0.0,500.0,-15660000.0,-3990000.0,0.0,19650000.0
04/12/2023,34257.02145723,42000.0,-1500.0,-0.03571429,35525.80002972,35525.80002972,34257.02145723,1738.0,70918150.0,0.0,0.0,1738.0,70918150.0,100.0,-100.0,0.0,0.0,4195001.0,-4195000.0,0.0,0.0
01/12/2023,35525.80002972,40250.0,1750.0,0.04347826,33834.0952664,35864.140982384,33834.0952664,1110.0,45251000.0,0.0,0.0,1110.0,45251000.0,100.0,-100.0,0.0,0.0,4000000.0,-4000000.0,0.0,0.0
24/11/2023,34426.191933562,41000.0,-300.0,-0.00731707,34679.94764806,34679.94764806,33876.387885483,2100.0,85105000.0,0.0,0.0,2100.0,85105000.0,-100.0,100.0,0.0,0.0,-4100000.0,4100000.0,0.0,0.0
06/11/2023,32294.6016391597,39300.0,0.0,0.0,32048.0779625249,32294.6016391597,32048.0779625249,750.0,29500000.0,0.0,0.0,750.0,29500000.0,-100.0,0.0,0.0,100.0,-3930000.0,0.0,0.0,3930000.0
03/11/2023,32294.6016391597,39200.0,100.0,0.00255102,32787.6489924293,33116.3472279424,32294.6016391597,4880.0,194322000.0,0.0,0.0,4880.0,194322000.0,50.0,0.0,0.0,-50.0,1999000.0,0.0,0.0,-1999000.0
01/11/2023,31226.3323737422,38150.0,-150.0,-0.00393185,31472.856050377,31555.0306092553,31144.157814864,8400.0,320065000.0,0.0,0.0,8400.0,320065000.0,100.0,-100.0,0.0,0.0,3820000.0,-3820000.0,0.0,0.0
30/10/2023,32048.0779625249,39500.0,-500.0,-0.01265823,32787.6489924293,32787.6489924293,32048.0779625249,6500.0,258450000.0,0.0,0.0,6500.0,258450000.0,-200.0,0.0,0.0,200.0,-7800000.0,0.0,0.0,7800000.0
20/10/2023,33691.5691400903,40200.0,800.0,0.0199005,33075.2599485033,34061.3546550425,33034.1726690641,3400.0,138890000.0,0.0,0.0,3400.0,138890000.0,0.0,0.0,0.0,0.0,-125000.0,125000.0,0.0,0.0
10/10/2023,33773.7436989686,40600.0,500.0,0.01231527,33280.6963456989,33773.7436989686,33280.6963456989,3200.0,129855000.0,0.0,0.0,3200.0,129855000.0,-100.0,100.0,0.0,0.0,-4060000.0,4060000.0,0.0,0.0
09/10/2023,33362.8709045772,40500.0,100.0,0.00246914,33280.6963456989,33362.8709045772,33280.6963456989,2300.0,93180000.0,0.0,0.0,2300.0,93180000.0,-1500.0,0.0,0.0,1500.0,-60750000.0,0.0,0.0,60750000.0
06/10/2023,33280.6963456989,40500.0,0.0,0.0,33362.8709045772,33362.8709045772,33280.6963456989,6010.0,243817000.0,0.0,0.0,6010.0,243817000.0,-1500.0,-100.0,0.0,1600.0,-60745000.0,-4055000.0,0.0,64800000.0
03/10/2023,34225.703772799,41650.0,0.0,0.0,34225.703772799,34225.703772799,34225.703772799,1100.0,45815000.0,0.0,0.0,1100.0,45815000.0,-100.0,0.0,0.0,100.0,-4165000.0,0.0,0.0,4165000.0
22/09/2023,34965.2748027035,43000.0,-450.0,-0.01046512,35170.7111998991,35170.7111998991,34965.2748027035,7650.0,326633000.0,0.0,0.0,7650.0,326633000.0,100.0,0.0,0.0,-100.0,4280000.0,0.0,0.0,-4280000.0
21/09/2023,35335.0603176557,43350.0,-350.0,-0.00807382,35211.7984793383,35335.0603176557,35211.7984793383,706.0,30258500.0,0.0,0.0,706.0,30258500.0,-100.0,0.0,0.0,100.0,-4300000.0,0.0,0.0,4300000.0
18/09/2023,35663.7585531687,43000.0,400.0,0.00930233,35335.0603176557,35663.7585531687,35129.62392046,3100.0,132985000.0,0.0,0.0,3100.0,132985000.0,-100.0,0.0,0.0,100.0,-4300000.0,0.0,0.0,4300000.0
14/09/2023,35663.7585531687,44000.0,-600.0,-0.01363636,36197.8931858775,36321.1550241949,35088.5366410209,15113.0,650819150.0,0.0,0.0,15113.0,650819150.0,-2000.0,0.0,0.0,2000.0,-86000000.0,0.0,0.0,86000000.0
11/09/2023,35992.4567886818,43000.0,800.0,0.0186,36444.4168625123,36444.4168625123,35252.8857587774,25100.0,1092660000.0,0.0,0.0,25100.0,1092660000.0,-1800.0,-100.0,0.0,1900.0,-78065000.0,-4345000.0,0.0,82410000.0
08/09/2023,35335.0603176557,43450.0,-450.0,-0.01035673,35170.7111998991,35663.7585531687,35170.7111998991,1000.0,42885000.0,0.0,0.0,1000.0,42885000.0,-200.0,0.0,0.0,200.0,-8620000.0,0.0,0.0,8620000.0
07/09/2023,35704.8458326079,42950.0,500.0,0.01164144,35335.0603176557,35745.933112047,35170.7111998991,5010.0,215040000.0,0.0,0.0,5010.0,215040000.0,300.0,0.0,0.0,-300.0,12900000.0,0.0,0.0,-12900000.0
06/09/2023,35293.9730382165,42700.0,250.0,0.0058548,35335.0603176557,35335.0603176557,35252.8857587774,1900.0,81595000.0,0.0,0.0,1900.0,81595000.0,300.0,-100.0,0.0,-200.0,12900000.0,-4295000.0,0.0,-8605000.0
05/09/2023,35088.5366410209,42750.0,-50.0,-0.00116959,35335.0603176557,35335.0603176557,35088.5366410209,6700.0,286635000.0,0.0,0.0,6700.0,286635000.0,100.0,0.0,0.0,-100.0,4300000.0,0.0,0.0,-4300000.0
31/08/2023,35129.62392046,43000.0,-250.0,-0.00581395,35335.0603176557,35335.0603176557,35088.5366410209,7800.0,333590000.0,0.0,0.0,7800.0,333590000.0,-700.0,-200.0,0.0,900.0,-29870000.0,-8560000.0,0.0,38430000.0
28/08/2023,35335.0603176557,43500.0,-500.0,-0.01149425,35704.8458326079,35704.8458326079,35335.0603176557,5239.0,225377500.0,0.0,0.0,5239.0,225377500.0,2000.0,0.0,0.0,-2000.0,86000000.0,0.0,0.0,-86000000.0
25/08/2023,35745.933112047,43000.0,500.0,0.01162791,34924.1875232643,35910.2822298036,34924.1875232643,5900.0,254115000.0,0.0,0.0,5900.0,254115000.0,1900.0,0.0,0.0,-1900.0,81700000.0,0.0,0.0,-81700000.0
24/08/2023,35335.0603176557,42950.0,50.0,0.00116414,35293.9730382165,35335.0603176557,35170.7111998991,1355.0,58159150.0,0.0,0.0,1355.0,58159150.0,150.0,0.0,0.0,-150.0,6417150.0,0.0,0.0,-6417150.0
22/08/2023,35458.3221559731,42750.0,400.0,0.00935673,35129.62392046,35458.3221559731,35006.3620821426,514.0,21981400.0,0.0,0.0,514.0,21981400.0,-100.0,0.0,0.0,100.0,-4275000.0,0.0,0.0,4275000.0
21/08/2023,35129.62392046,42800.0,-50.0,-0.00116822,35170.7111998991,35170.7111998991,35006.3620821426,1004.0,42845000.0,0.0,0.0,1004.0,42845000.0,-100.0,0.0,0.0,100.0,-4280000.0,0.0,0.0,4280000.0
17/08/2023,35663.7585531687,43200.0,200.0,0.00462963,35581.5839942905,35663.7585531687,35047.4493615817,21680.0,930256000.0,0.0,0.0,21680.0,930256000.0,20260.0,-20360.0,0.0,100.0,869096000.0,-873426000.0,0.0,4330000.0
16/08/2023,35499.4094354122,44000.0,-800.0,-0.01818182,35581.5839942905,35745.933112047,35499.4094354122,30563.0,1323502800.0,0.0,0.0,30563.0,1323502800.0,26040.0,0.0,0.0,-26040.0,1127605000.0,0.0,0.0,-1127605000.0
14/08/2023,36814.2023774645,44900.0,-100.0,-0.00222717,36896.3769363428,36896.3769363428,36814.2023774645,2258.0,101277800.0,0.0,0.0,2258.0,101277800.0,730.0,-30.0,0.0,-700.0,32690600.0,-1260600.0,0.0,-31430000.0
04/08/2023,35787.0203914861,43500.0,50.0,0.00114943,35622.6712737296,35787.0203914861,35335.0603176557,5700.0,246335000.0,0.0,0.0,5700.0,246335000.0,-600.0,0.0,0.0,600.0,-25820000.0,0.0,0.0,25820000.0
02/08/2023,35499.4094354122,43000.0,200.0,0.00465116,35335.0603176557,35499.4094354122,35211.7984793383,4235.0,182069100.0,0.0,0.0,4235.0,182069100.0,-500.0,0.0,0.0,500.0,-21425000.0,0.0,0.0,21425000.0
01/08/2023,35335.0603176557,42900.0,100.0,0.002331,35499.4094354122,35499.4094354122,35335.0603176557,6030.0,259309050.0,0.0,0.0,6030.0,259309050.0,-500.0,0.0,0.0,500.0,-21520000.0,0.0,0.0,21520000.0
28/07/2023,35170.7111998991,43000.0,-200.0,-0.0047,35335.0603176557,35335.0603176557,35170.7111998991,1716.0,73628000.0,0.0,0.0,1716.0,73628000.0,-800.0,0.0,0.0,800.0,-34240000.0,0.0,0.0,34240000.0
26/07/2023,35335.0603176557,43000.0,0.0,0.0,35006.3620821426,35335.0603176557,34718.7511260687,1110.0,47440000.0,0.0,0.0,1110.0,47440000.0,-100.0,0.0,0.0,100.0,-4225000.0,0.0,0.0,4225000.0
24/07/2023,35047.4493615817,42600.0,50.0,0.00117371,35499.4094354122,35499.4094354122,35047.4493615817,600.0,25755000.0,0.0,0.0,600.0,25755000.0,-300.0,0.0,0.0,300.0,-12795000.0,0.0,0.0,12795000.0
21/07/2023,35006.3620821426,42900.0,-300.0,-0.00699301,35088.5366410209,35252.8857587774,34924.1875232643,7630.0,325357000.0,0.0,0.0,7630.0,325357000.0,-1000.0,0.0,0.0,1000.0,-42600000.0,0.0,0.0,42600000.0
20/07/2023,35252.8857587774,43000.0,-100.0,-0.00232558,35293.9730382165,35293.9730382165,34800.9256849469,3100.0,132240000.0,0.0,0.0,3100.0,132240000.0,-400.0,-100.0,0.0,500.0,-16965000.0,-4235000.0,0.0,21200000.0
19/07/2023,35335.0603176557,42350.0,650.0,0.01534829,34800.9256849469,35335.0603176557,34800.9256849469,7320.0,313732850.0,0.0,0.0,7320.0,313732850.0,100.0,-100.0,0.0,0.0,4235000.0,-4235000.0,0.0,0.0
18/07/2023,34800.9256849469,42350.0,0.0,0.0,34800.9256849469,34842.0129643861,34800.9256849469,8100.0,343260000.0,0.0,0.0,8100.0,343260000.0,8100.0,-8100.0,0.0,0.0,343260000.0,-343260000.0,0.0,0.0
17/07/2023,34800.9256849469,42900.0,-550.0,-0.0128,35252.8857587774,35252.8857587774,34677.6638466295,13117.0,556985250.0,0.0,0.0,13117.0,556985250.0,9800.0,-10000.0,0.0,200.0,415030000.0,-423480000.0,0.0,8450000.0
14/07/2023,35252.8857587774,42300.0,600.0,0.0141844,34842.0129643861,35252.8857587774,34759.8384055078,10400.0,440060000.0,0.0,0.0,10400.0,440060000.0,10000.0,-10000.0,0.0,0.0,423080000.0,-423080000.0,0.0,0.0
13/07/2023,34759.8384055078,42500.0,-200.0,-0.00470588,34924.1875232643,35745.933112047,34636.5765671904,11900.0,504380000.0,0.0,0.0,11900.0,504380000.0,8700.0,-10000.0,0.0,1300.0,368145000.0,-423135000.0,0.0,54990000.0
12/07/2023,34924.1875232643,42750.0,-250.0,-0.00584795,36115.7186269992,36115.7186269992,34883.1002438252,11500.0,489115000.0,0.0,0.0,11500.0,489115000.0,9900.0,-10000.0,0.0,100.0,420835000.0,-425110000.0,0.0,4275000.0
11/07/2023,35129.62392046,42750.0,0.0,0.0,35335.0603176557,35335.0603176557,35006.3620821426,5558.0,237754300.0,0.0,0.0,5558.0,237754300.0,4500.0,-4500.0,0.0,0.0,192600001.0,-192600000.0,0.0,0.0
10/07/2023,35129.62392046,42500.0,250.0,0.00588235,36649.853259708,36649.853259708,35006.3620821426,10530.0,450631800.0,0.0,0.0,10530.0,450631800.0,9500.0,-10100.0,0.0,600.0,406145001.0,-431795000.0,0.0,25650000.0
07/07/2023,34924.1875232643,42100.0,400.0,0.00950119,35047.4493615817,36156.8059064384,34924.1875232643,15003.0,646191300.0,0.0,0.0,15003.0,646191300.0,10000.0,-10000.0,0.0,0.0,428750000.0,-428750000.0,0.0,0.0
06/07/2023,34595.4892877512,44000.0,-1900.0,-0.04318182,36156.8059064384,36156.8059064384,34595.4892877512,4126.0,178263000.0,0.0,0.0,4126.0,178263000.0,1600.0,-2000.0,0.0,400.0,69760000.0,-86690000.0,0.0,16930000.0
05/07/2023,36156.8059064384,44000.0,0.0,0.0,36321.1550241949,36321.1550241949,36156.8059064384,1908.0,83972200.0,0.0,0.0,1908.0,83972200.0,400.0,-400.0,0.0,0.0,17600000.0,-17600000.0,0.0,0.0
04/07/2023,36156.8059064384,43000.0,1000.0,0.02325581,35745.933112047,36156.8059064384,35417.2348765339,2500.0,108780000.0,0.0,0.0,2500.0,108780000.0,1100.0,-1900.0,0.0,800.0,47900000.0,-82380000.0,0.0,34480000.0
28/06/2023,35581.5839942905,43600.0,-300.0,-0.00688073,35828.1076709253,35828.1076709253,35376.1475970948,1432.0,61933500.0,0.0,0.0,1432.0,61933500.0,800.0,0.0,0.0,-800.0,34520000.0,0.0,0.0,-34520000.0
23/06/2023,36074.6313475601,43300.0,600.0,0.01385681,35458.3221559731,36074.6313475601,35335.0603176557,1800.0,77820000.0,0.0,0.0,1800.0,77820000.0,200.0,0.0,0.0,-200.0,8780000.0,0.0,0.0,-8780000.0
22/06/2023,35581.5839942905,43900.0,-600.0,-0.01366743,35417.2348765339,35581.5839942905,35417.2348765339,2909.0,125717000.0,0.0,0.0,2909.0,125717000.0,200.0,-200.0,0.0,0.0,8620000.0,-8620000.0,0.0,0.0
16/06/2023,35663.7585531687,43300.0,100.0,0.00230947,35581.5839942905,35663.7585531687,35581.5839942905,1210.0,52490000.0,0.0,0.0,1210.0,52490000.0,-1000.0,0.0,0.0,1000.0,-43400000.0,0.0,0.0,43400000.0
14/06/2023,35581.5839942905,43850.0,-550.0,-0.01254276,35458.3221559731,35745.933112047,35458.3221559731,1200.0,51965000.0,0.0,0.0,1200.0,51965000.0,-1000.0,0.0,0.0,1000.0,-43300000.0,0.0,0.0,43300000.0
13/06/2023,36033.544068121,43300.0,550.0,0.01270208,35581.5839942905,36033.544068121,35581.5839942905,1300.0,56345000.0,0.0,0.0,1300.0,56345000.0,300.0,0.0,0.0,-300.0,12990000.0,0.0,0.0,-12990000.0
12/06/2023,35581.5839942905,43100.0,200.0,0.00464037,35499.4094354122,35581.5839942905,35499.4094354122,4500.0,194700000.0,0.0,0.0,4500.0,194700000.0,2100.0,0.0,0.0,-2100.0,90990000.0,0.0,0.0,-90990000.0
09/06/2023,35417.2348765339,43600.0,-500.0,-0.01146789,35910.2822298036,35910.2822298036,35417.2348765339,2500.0,108360000.0,0.0,0.0,2500.0,108360000.0,600.0,0.0,0.0,-600.0,25950000.0,0.0,0.0,-25950000.0
07/06/2023,35828.1076709253,43600.0,0.0,0.0,35828.1076709253,35828.1076709253,33321.7836251381,5500.0,236020000.0,0.0,0.0,5500.0,236020000.0,5300.0,0.0,0.0,-5300.0,227300000.0,0.0,0.0,-227300000.0
05/06/2023,36033.544068121,43550.0,300.0,0.00688863,37389.4242896124,37389.4242896124,35745.933112047,11506.0,505522350.0,0.0,0.0,11506.0,505522350.0,2300.0,0.0,0.0,-2300.0,100765000.0,0.0,0.0,-100765000.0
01/06/2023,35787.0203914861,43900.0,-350.0,-0.00797267,34800.9256849469,35787.0203914861,34800.9256849469,8700.0,371505000.0,0.0,0.0,8700.0,371505000.0,3500.0,0.0,0.0,-3500.0,151205000.0,0.0,0.0,-151205000.0
31/05/2023,36074.6313475601,43900.0,0.0,0.0,36074.6313475601,36074.6313475601,36074.6313475601,1200.0,52680000.0,0.0,0.0,1200.0,52680000.0,100.0,100.0,0.0,-200.0,4390000.0,4390000.0,0.0,-8780000.0
29/05/2023,35745.933112047,43400.0,100.0,0.00230415,35663.7585531687,35745.933112047,35581.5839942905,4305.0,186617500.0,0.0,0.0,4305.0,186617500.0,700.0,0.0,0.0,-700.0,30370000.0,0.0,0.0,-30370000.0
26/05/2023,35663.7585531687,43400.0,0.0,0.0,36444.4168625123,36485.5041419514,35663.7585531687,505.0,22117000.0,0.0,0.0,505.0,22117000.0,200.0,-100.0,0.0,-100.0,8775000.0,-4435000.0,0.0,-4340000.0
23/05/2023,35745.933112047,43600.0,-100.0,-0.00229358,35828.1076709253,36156.8059064384,35745.933112047,1730.0,75693650.0,0.0,0.0,1730.0,75693650.0,500.0,0.0,0.0,-500.0,21630000.0,0.0,0.0,-21630000.0
22/05/2023,35828.1076709253,43500.0,100.0,0.00229885,36156.8059064384,36485.5041419514,35828.1076709253,2701.0,119563500.0,0.0,0.0,2701.0,119563500.0,800.0,0.0,0.0,-800.0,35300000.0,0.0,0.0,-35300000.0
19/05/2023,35745.933112047,43450.0,50.0,0.00115075,35704.8458326079,36074.6313475601,35704.8458326079,2000.0,87435000.0,0.0,0.0,2000.0,87435000.0,400.0,0.0,0.0,-400.0,17480000.0,0.0,0.0,-17480000.0
17/05/2023,35745.933112047,43950.0,-450.0,-0.01023891,35745.933112047,35745.933112047,35745.933112047,714.0,31064600.0,0.0,0.0,714.0,31064600.0,200.0,0.0,0.0,-200.0,8700000.0,0.0,0.0,-8700000.0
16/05/2023,36115.7186269992,44000.0,-50.0,-0.00113636,36115.7186269992,36115.7186269992,36115.7186269992,202.0,8878000.0,0.0,0.0,202.0,8878000.0,-200.0,0.0,0.0,200.0,-8790000.0,0.0,0.0,8790000.0
15/05/2023,36156.8059064384,43500.0,500.0,0.01149425,36074.6313475601,36238.9804653166,35745.933112047,15718.0,688490300.0,0.0,0.0,15718.0,688490300.0,-300.0,-200.0,0.0,500.0,-11580000.0,-8795000.0,0.0,20375000.0
12/05/2023,35745.933112047,43500.0,0.0,0.0,35745.933112047,35745.933112047,35745.933112047,1814.0,78909000.0,0.0,0.0,1814.0,78909000.0,200.0,0.0,0.0,-200.0,8700000.0,0.0,0.0,-8700000.0
11/05/2023,35745.933112047,42500.0,1000.0,0.02352941,34924.1875232643,35745.933112047,34883.1002438252,7910.0,336299500.0,0.0,0.0,7910.0,336299500.0,800.0,100.0,0.0,-900.0,33995000.0,4255000.0,0.0,-38250000.0
10/05/2023,34924.1875232643,43000.0,-500.0,-0.01162791,35335.0603176557,35335.0603176557,34924.1875232643,2277.0,97206600.0,0.0,0.0,2277.0,97206600.0,400.0,0.0,0.0,-400.0,17000000.0,0.0,0.0,-17000000.0
09/05/2023,35335.0603176557,43100.0,-100.0,-0.00232019,35335.0603176557,35376.1475970948,35335.0603176557,1300.0,55905000.0,0.0,0.0,1300.0,55905000.0,200.0,0.0,0.0,-200.0,8600000.0,0.0,0.0,-8600000.0
08/05/2023,35417.2348765339,43100.0,0.0,0.0,35335.0603176557,35622.6712737296,35335.0603176557,900.0,38830000.0,0.0,0.0,900.0,38830000.0,300.0,-100.0,0.0,-200.0,12955000.0,-4335000.0,0.0,-8620000.0
05/05/2023,35417.2348765339,43100.0,0.0,0.0,34513.314728873,35417.2348765339,34513.314728873,1500.0,63725000.0,0.0,0.0,1500.0,63725000.0,400.0,-100.0,0.0,-300.0,16995000.0,-4205000.0,0.0,-12790000.0
28/04/2023,35417.2348765339,43500.0,-400.0,-0.0091954,35417.2348765339,35417.2348765339,35417.2348765339,1201.0,51764000.0,0.0,0.0,1201.0,51764000.0,200.0,0.0,0.0,-200.0,8620000.0,0.0,0.0,-8620000.0
27/04/2023,35745.933112047,43800.0,-300.0,-0.00684932,36156.8059064384,36156.8059064384,35745.933112047,3002.0,131262900.0,0.0,0.0,3002.0,131262900.0,600.0,0.0,0.0,-600.0,26220000.0,10000.0,0.0,-26230000.0
24/04/2023,36074.6313475601,43900.0,0.0,0.0,36074.6313475601,36156.8059064384,36074.6313475601,1004.0,44083950.0,0.0,0.0,1004.0,44083950.0,100.0,0.0,0.0,-100.0,4390000.0,0.0,0.0,-4390000.0
21/04/2023,36074.6313475601,43400.0,500.0,0.01152074,35499.4094354122,36115.7186269992,35499.4094354122,302.0,13191800.0,0.0,0.0,302.0,13191800.0,200.0,-100.0,0.0,-100.0,8710001.0,-4390000.0,0.0,-4320000.0
20/04/2023,35663.7585531687,43400.0,0.0,0.0,35663.7585531687,36115.7186269992,35663.7585531687,518.0,22645200.0,0.0,0.0,518.0,22645200.0,300.0,-200.0,0.0,-100.0,13125000.0,-8785000.0,0.0,-4340000.0
17/04/2023,35663.7585531687,43900.0,-500.0,-0.01138952,36074.6313475601,36074.6313475601,35663.7585531687,1200.0,52630000.0,0.0,0.0,1200.0,52630000.0,200.0,0.0,0.0,-200.0,8730000.0,0.0,0.0,-8730000.0
12/04/2023,35828.1076709253,43500.0,100.0,0.00229885,36033.544068121,36074.6313475601,35745.933112047,2123.0,92854300.0,0.0,0.0,2123.0,92854300.0,500.0,-100.0,0.0,-400.0,21815000.0,-4385000.0,0.0,-17430000.0
11/04/2023,35745.933112047,43700.0,-200.0,-0.00457666,35910.2822298036,35910.2822298036,35745.933112047,900.0,39220000.0,0.0,0.0,900.0,39220000.0,-200.0,0.0,0.0,200.0,-8730000.0,0.0,0.0,8730000.0
10/04/2023,35910.2822298036,43900.0,-200.0,-0.00455581,36074.6313475601,36074.6313475601,35910.2822298036,1627.0,71405300.0,0.0,0.0,1627.0,71405300.0,-500.0,0.0,0.0,500.0,-21950000.0,0.0,0.0,21950000.0
07/04/2023,36074.6313475601,43700.0,200.0,0.00457666,35910.2822298036,36115.7186269992,35910.2822298036,1305.0,57194000.0,0.0,0.0,1305.0,57194000.0,200.0,0.0,0.0,-200.0,8770000.0,-10000.0,0.0,-8760000.0
06/04/2023,35910.2822298036,43650.0,50.0,0.00114548,36156.8059064384,36156.8059064384,35869.1949503644,730.0,32018350.0,0.0,0.0,730.0,32018350.0,0.0,100.0,0.0,-100.0,5000.0,4365000.0,0.0,-4370000.0
05/04/2023,35869.1949503644,43650.0,0.0,0.0,35869.1949503644,35869.1949503644,35869.1949503644,106.0,4626900.0,0.0,0.0,106.0,4626900.0,100.0,-100.0,0.0,0.0,4365001.0,-4365000.0,0.0,0.0
04/04/2023,35869.1949503644,43300.0,350.0,0.00808314,36567.6787008297,36732.0278185862,35828.1076709253,7000.0,307485000.0,0.0,0.0,7000.0,307485000.0,400.0,0.0,0.0,-400.0,16725000.0,0.0,0.0,-16725000.0
03/04/2023,35581.5839942905,43200.0,100.0,0.00231481,35499.4094354122,36156.8059064384,35499.4094354122,1552.0,67143000.0,0.0,0.0,1552.0,67143000.0,1300.0,100.0,0.0,-1400.0,56160000.0,4330000.0,0.0,-60490000.0
31/03/2023,35499.4094354122,43300.0,-100.0,-0.00230947,35828.1076709253,36156.8059064384,35499.4094354122,2800.0,121780000.0,0.0,0.0,2800.0,121780000.0,300.0,200.0,0.0,-500.0,12900000.0,8760000.0,0.0,-21660000.0
30/03/2023,35581.5839942905,43050.0,250.0,0.0058072,36403.3295830732,36403.3295830732,35499.4094354122,1725.0,75696250.0,0.0,0.0,1725.0,75696250.0,600.0,0.0,0.0,-600.0,26090000.0,0.0,0.0,-26090000.0
29/03/2023,35376.1475970948,43900.0,-850.0,-0.01936219,36485.5041419514,36485.5041419514,34924.1875232643,15500.0,665400000.0,0.0,0.0,15500.0,665400000.0,2500.0,200.0,0.0,-2700.0,107625000.0,8610000.0,0.0,-116235000.0
28/03/2023,36074.6313475601,45500.0,-1600.0,-0.03516484,36197.8931858775,36526.5914213906,36074.6313475601,1800.0,79420000.0,0.0,0.0,1800.0,79420000.0,200.0,0.0,0.0,-200.0,8820000.0,0.0,0.0,-8820000.0
24/03/2023,37635.9479662472,44200.0,1600.0,0.0361991,35910.2822298036,37635.9479662472,35745.933112047,3700.0,161850000.0,0.0,0.0,3700.0,161850000.0,900.0,-100.0,0.0,-800.0,39460000.0,-4370000.0,0.0,-35090000.0
22/03/2023,36321.1550241949,44900.0,-700.0,-0.0155902,36649.853259708,36896.3769363428,36321.1550241949,1200.0,53670000.0,0.0,0.0,1200.0,53670000.0,-300.0,0.0,0.0,300.0,-13610000.0,0.0,0.0,13610000.0
21/03/2023,36896.3769363428,44500.0,400.0,0.00898876,36115.7186269992,36896.3769363428,36115.7186269992,1400.0,61715000.0,0.0,0.0,1400.0,61715000.0,200.0,100.0,0.0,-300.0,8705000.0,4490000.0,0.0,-13195000.0
17/03/2023,36978.5514952211,45000.0,0.0,0.0,36321.1550241949,36978.5514952211,36321.1550241949,710.0,31470000.0,0.0,0.0,710.0,31470000.0,100.0,0.0,0.0,-100.0,4420000.0,0.0,0.0,-4420000.0
16/03/2023,36978.5514952211,45000.0,0.0,0.0,36978.5514952211,36978.5514952211,36978.5514952211,700.0,31500000.0,0.0,0.0,700.0,31500000.0,100.0,0.0,0.0,-100.0,4500000.0,0.0,0.0,-4500000.0
15/03/2023,36978.5514952211,44850.0,150.0,0.00334448,36773.1150980254,37142.9006129776,35663.7585531687,4550.0,204515000.0,0.0,0.0,4550.0,204515000.0,800.0,-100.0,0.0,-700.0,35975000.0,-4475000.0,0.0,-31500000.0
10/03/2023,36280.0677447558,44000.0,150.0,0.00340909,36156.8059064384,36280.0677447558,36156.8059064384,720.0,31560300.0,0.0,0.0,720.0,31560300.0,-70.0,0.0,0.0,70.0,-3139700.0,0.0,0.0,3139700.0
09/03/2023,36156.8059064384,44850.0,-850.0,-0.01895206,35910.2822298036,36156.8059064384,35910.2822298036,905.0,39623500.0,0.0,0.0,905.0,39623500.0,100.0,0.0,0.0,-100.0,4370000.0,0.0,0.0,-4370000.0
08/03/2023,36855.2896569036,44950.0,-100.0,-0.00222469,36855.2896569036,36855.2896569036,36855.2896569036,100.0,4485000.0,0.0,0.0,100.0,4485000.0,100.0,-100.0,0.0,0.0,4485000.0,-4485000.0,0.0,0.0
06/03/2023,36978.5514952211,45000.0,0.0,0.0,35335.0603176557,36978.5514952211,35335.0603176557,1620.0,72594800.0,0.0,0.0,1620.0,72594800.0,100.0,-100.0,0.0,0.0,4495000.0,-4495000.0,0.0,0.0
01/03/2023,36978.5514952211,45000.0,0.0,0.0,35828.1076709253,36978.5514952211,35335.0603176557,1500.0,65110000.0,0.0,0.0,1500.0,65110000.0,500.0,0.0,0.0,-500.0,21700000.0,0.0,0.0,-21700000.0
20/02/2023,37389.4242896124,45500.0,0.0,0.0,37307.2497307341,37389.4242896124,37307.2497307341,4400.0,200050000.0,0.0,0.0,4400.0,200050000.0,-1100.0,0.0,0.0,1100.0,-49940000.0,0.0,0.0,49940000.0
16/02/2023,37389.4242896124,45000.0,500.0,0.01111111,37389.4242896124,37471.5988484907,37389.4242896124,1524.0,69384000.0,0.0,0.0,1524.0,69384000.0,-500.0,0.0,0.0,500.0,-22750000.0,0.0,0.0,22750000.0
14/02/2023,36937.4642157819,45000.0,-50.0,-0.00111111,36937.4642157819,36937.4642157819,36937.4642157819,100.0,4495000.0,0.0,0.0,100.0,4495000.0,100.0,-100.0,0.0,0.0,4495000.0,-4495000.0,0.0,0.0
09/02/2023,37718.1225251255,46300.0,-400.0,-0.00863931,37923.5589223211,37923.5589223211,37718.1225251255,600.0,27575000.0,0.0,0.0,600.0,27575000.0,100.0,-100.0,0.0,0.0,4615000.0,-4615000.0,0.0,0.0
08/02/2023,38046.8207606385,45700.0,600.0,0.0131291,38046.8207606385,38046.8207606385,38046.8207606385,212.0,9805500.0,0.0,0.0,212.0,9805500.0,-200.0,0.0,0.0,200.0,-9260000.0,0.0,0.0,9260000.0
02/02/2023,38293.3444372734,46900.0,-300.0,-0.00639659,38457.6935550299,38457.6935550299,37307.2497307341,1800.0,83270000.0,0.0,0.0,1800.0,83270000.0,-100.0,0.0,0.0,100.0,-4680000.0,0.0,0.0,4680000.0
01/02/2023,38539.8681139082,47400.0,-500.0,-0.01054852,38909.6536288604,38909.6536288604,37225.0751718559,2530.0,118047450.0,0.0,0.0,2530.0,118047450.0,130.0,0.0,0.0,-130.0,5897450.0,0.0,0.0,-5897450.0
31/01/2023,38950.7409082995,47500.0,-100.0,-0.00210526,39032.9154671778,39074.0027466169,38868.5663494212,10505.0,499402500.0,0.0,0.0,10505.0,499402500.0,100.0,-100.0,0.0,0.0,4755000.0,-4755000.0,0.0,0.0
30/01/2023,39032.9154671778,45450.0,2050.0,0.04510451,37389.4242896124,39936.8356148387,37389.4242896124,1610.0,75231000.0,0.0,0.0,1610.0,75231000.0,100.0,-100.0,0.0,0.0,4585000.0,-4585000.0,0.0,0.0
27/01/2023,37348.3370101733,46500.0,-1050.0,-0.02258065,37225.0751718559,37718.1225251255,36978.5514952211,5300.0,239235000.0,0.0,0.0,5300.0,239235000.0,100.0,100.0,0.0,-200.0,4595000.0,4465000.0,0.0,-9060000.0
18/01/2023,38457.6935550299,47000.0,-200.0,-0.00425532,38622.0426727864,38622.0426727864,38457.6935550299,506.0,23746400.0,0.0,0.0,506.0,23746400.0,100.0,-100.0,0.0,0.0,4685000.0,-4685000.0,0.0,0.0
17/01/2023,38622.0426727864,44900.0,2100.0,0.0467706,37677.0352456863,38622.0426727864,34348.9656111164,4500.0,198970000.0,0.0,0.0,4500.0,198970000.0,2200.0,-200.0,0.0,-2000.0,94670000.0,-9185000.0,0.0,-85485000.0
13/01/2023,36978.5514952211,45700.0,-700.0,-0.01531729,37553.7734073689,37553.7734073689,36978.5514952211,802.0,36161800.0,0.0,0.0,802.0,36161800.0,100.0,-100.0,0.0,0.0,4570000.0,-4570000.0,0.0,0.0
10/01/2023,37800.2970840037,45800.0,200.0,0.00436681,37800.2970840037,37800.2970840037,37800.2970840037,900.0,41400000.0,0.0,0.0,900.0,41400000.0,-900.0,0.0,0.0,900.0,-41400000.0,0.0,0.0,41400000.0
09/01/2023,37635.9479662472,46450.0,-650.0,-0.01399354,36978.5514952211,37964.6462017603,36978.5514952211,910.0,41511550.0,0.0,0.0,910.0,41511550.0,-100.0,0.0,0.0,100.0,-4580000.0,0.0,0.0,4580000.0
06/01/2023,38170.082598956,45550.0,900.0,0.01975851,37553.7734073689,38211.1698783951,37553.7734073689,720.0,33055000.0,0.0,0.0,720.0,33055000.0,0.0,0.0,0.0,0.0,75000.0,-75000.0,0.0,0.0
03/01/2023,37759.2098045646,46000.0,-50.0,-0.00108696,37759.2098045646,37759.2098045646,37759.2098045646,630.0,28948500.0,0.0,0.0,630.0,28948500.0,100.0,-100.0,0.0,0.0,4595000.0,-4595000.0,0.0,0.0
26/12/2022,36978.5514952211,46500.0,-1500.0,-0.03225806,38087.9080400777,38087.9080400777,36814.2023774645,2913.0,132120600.0,0.0,0.0,2913.0,132120600.0,100.0,-100.0,0.0,0.0,4480000.0,-4480000.0,0.0,0.0
22/12/2022,38211.1698783951,45000.0,1500.0,0.03333333,38622.0426727864,38622.0426727864,37800.2970840037,1702.0,78705000.0,0.0,0.0,1702.0,78705000.0,-100.0,-100.0,0.0,200.0,-4735000.0,-4665000.0,0.0,9400000.0
20/12/2022,38375.5189961516,45750.0,950.0,0.02076503,36978.5514952211,38375.5189961516,36978.5514952211,1502.0,68105600.0,0.0,0.0,1502.0,68105600.0,-100.0,100.0,0.0,0.0,-4520000.0,4520000.0,0.0,0.0
19/12/2022,37594.8606868081,47000.0,-1250.0,-0.02659574,38580.9553933473,39032.9154671778,37512.6861279298,1102.0,51051500.0,0.0,0.0,1102.0,51051500.0,-500.0,500.0,0.0,0.0,-22855000.0,22855000.0,0.0,0.0
15/12/2022,38622.0426727864,46700.0,300.0,0.00642398,38334.4317167125,38622.0426727864,38252.2571578342,1500.0,70100000.0,0.0,0.0,1500.0,70100000.0,0.0,-100.0,0.0,100.0,-5000.0,-4655000.0,0.0,4660000.0
14/12/2022,38375.5189961516,49400.0,-2700.0,-0.05465587,40183.3592914735,40183.3592914735,38375.5189961516,8500.0,400875000.0,0.0,0.0,8500.0,400875000.0,-700.0,400.0,0.0,300.0,-32805000.0,18705000.0,0.0,14100000.0
12/12/2022,40594.2320858649,49600.0,-200.0,-0.00403226,40265.5338503518,40594.2320858649,39443.7882615691,3303.0,160923200.0,0.0,0.0,3303.0,160923200.0,-200.0,0.0,0.0,200.0,-9880000.0,0.0,0.0,9880000.0
09/12/2022,40758.5812036214,49100.0,500.0,0.0101833,40265.5338503518,40758.5812036214,37759.2098045646,11913.0,550331600.0,0.0,0.0,11913.0,550331600.0,-200.0,200.0,0.0,0.0,-9410000.0,9410000.0,0.0,0.0
08/12/2022,40347.7084092301,49500.0,-400.0,-0.00808081,41087.2794391345,41087.2794391345,40347.7084092301,900.0,44850000.0,0.0,0.0,900.0,44850000.0,-500.0,-100.0,0.0,600.0,-24970000.0,-4990000.0,0.0,29960000.0
02/12/2022,37718.1225251255,46000.0,-100.0,-0.00217391,37800.2970840037,37800.2970840037,37430.5115690515,500.0,22900000.0,0.0,0.0,500.0,22900000.0,-200.0,200.0,0.0,0.0,-9110000.0,9110000.0,0.0,0.0
01/12/2022,37800.2970840037,45000.0,1000.0,0.02222222,37019.6387746602,37800.2970840037,37019.6387746602,10209.0,461260000.0,0.0,0.0,10209.0,461260000.0,0.0,0.0,0.0,0.0,45000.0,-45000.0,0.0,0.0
30/11/2022,36978.5514952211,46000.0,-1000.0,-0.02173913,36649.853259708,37718.1225251255,36567.6787008297,14233.0,639089200.0,0.0,0.0,14233.0,639089200.0,-500.0,0.0,0.0,500.0,-22250000.0,0.0,0.0,22250000.0
28/11/2022,36978.5514952211,45300.0,-300.0,-0.00662252,36567.6787008297,37471.5988484907,36567.6787008297,6300.0,284900000.0,0.0,0.0,6300.0,284900000.0,-600.0,0.0,0.0,600.0,-26780000.0,0.0,0.0,26780000.0
25/11/2022,37225.0751718559,45400.0,-100.0,-0.00220264,37307.2497307341,37307.2497307341,37225.0751718559,200.0,9070000.0,0.0,0.0,200.0,9070000.0,-100.0,0.0,0.0,100.0,-4540000.0,0.0,0.0,4540000.0
24/11/2022,37307.2497307341,44650.0,750.0,0.01679731,37389.4242896124,37389.4242896124,36156.8059064384,1000.0,45175000.0,0.0,0.0,1000.0,45175000.0,-100.0,0.0,0.0,100.0,-4540000.0,5000.0,0.0,4535000.0
22/11/2022,36156.8059064384,44000.0,0.0,0.0,36156.8059064384,36156.8059064384,36156.8059064384,32.0,1333900.0,0.0,0.0,32.0,1333900.0,32.0,-32.0,-32.0,0.0,1333900.0,-1333900.0,-1334000.0,0.0
21/11/2022,36156.8059064384,45500.0,-1500.0,-0.03296703,37635.9479662472,37759.2098045646,35869.1949503644,2710.0,120394000.0,0.0,0.0,2710.0,120394000.0,-300.0,0.0,0.0,300.0,-13770000.0,0.0,0.0,13770000.0
18/11/2022,37389.4242896124,43600.0,1900.0,0.04357798,37225.0751718559,37389.4242896124,36567.6787008297,5600.0,253470000.0,0.0,0.0,5600.0,253470000.0,-3800.0,-200.0,0.0,4000.0,-172245000.0,-9020000.0,0.0,181265000.0
17/11/2022,35828.1076709253,43500.0,100.0,0.00229885,35828.1076709253,35828.1076709253,35828.1076709253,910.0,39666000.0,0.0,0.0,910.0,39666000.0,10.0,-10.0,-10.0,0.0,426000.0,-426000.0,-426000.0,0.0
09/11/2022,37800.2970840037,45500.0,500.0,0.01098901,37800.2970840037,37800.2970840037,37800.2970840037,166.0,7537850.0,0.0,0.0,166.0,7537850.0,37.0,0.0,0.0,-37.0,1618750.0,0.0,0.0,-1618750.0
08/11/2022,37389.4242896124,46000.0,-500.0,-0.01086957,37389.4242896124,37389.4242896124,37142.9006129776,2003.0,91002000.0,0.0,0.0,2003.0,91002000.0,-1197.0,0.0,0.0,1197.0,-54468000.0,0.0,0.0,54468000.0
07/11/2022,37800.2970840037,46950.0,-950.0,-0.02023429,37800.2970840037,37841.3843634429,37800.2970840037,1601.0,73650200.0,0.0,0.0,1601.0,73650200.0,-300.0,100.0,0.0,200.0,-13805000.0,4605000.0,0.0,9200000.0
04/11/2022,38580.9553933473,49000.0,-2050.0,-0.04183673,39443.7882615691,40101.1847325953,38539.8681139082,611.0,29204000.0,0.0,0.0,611.0,29204000.0,-200.0,0.0,0.0,200.0,-9600000.0,0.0,0.0,9600000.0
03/11/2022,40265.5338503518,49450.0,-450.0,-0.0091001,38293.3444372734,40676.4066447432,38293.3444372734,300.0,14510000.0,0.0,0.0,300.0,14510000.0,-100.0,100.0,0.0,0.0,-4660000.0,4660000.0,0.0,0.0
01/11/2022,38622.0426727864,46000.0,1000.0,0.02173913,37759.2098045646,38622.0426727864,37759.2098045646,815.0,37677500.0,0.0,0.0,815.0,37677500.0,100.0,-100.0,0.0,0.0,4595000.0,-4595000.0,0.0,0.0
27/10/2022,38416.6062755908,44100.0,2650.0,0.0600907,37553.7734073689,38416.6062755908,37553.7734073689,510.0,23592000.0,0.0,0.0,510.0,23592000.0,100.0,-100.0,0.0,0.0,4675000.0,-4675000.0,0.0,0.0
24/10/2022,37882.471642882,48900.0,-2800.0,-0.05725971,38704.2172316647,38704.2172316647,37882.471642882,1300.0,61125000.0,0.0,0.0,1300.0,61125000.0,-100.0,100.0,0.0,0.0,-4705000.0,4705000.0,0.0,0.0
20/10/2022,40183.3592914735,48950.0,-50.0,-0.00102145,40183.3592914735,40183.3592914735,40183.3592914735,100.0,4890000.0,0.0,0.0,100.0,4890000.0,100.0,-100.0,0.0,0.0,4890000.0,-4890000.0,0.0,0.0
19/10/2022,40224.4465709127,47100.0,1850.0,0.03927813,40224.4465709127,40224.4465709127,40224.4465709127,420.0,20500000.0,0.0,0.0,420.0,20500000.0,120.0,-120.0,0.0,0.0,5815000.0,-5815000.0,0.0,0.0
18/10/2022,38704.2172316647,45500.0,1600.0,0.03516484,38663.1299522256,38704.2172316647,38663.1299522256,500.0,23540000.0,0.0,0.0,500.0,23540000.0,-400.0,100.0,0.0,300.0,-18835000.0,4705000.0,0.0,14130000.0
17/10/2022,37389.4242896124,47100.0,-1600.0,-0.03397028,37060.7260540993,37389.4242896124,37060.7260540993,600.0,27260000.0,0.0,0.0,600.0,27260000.0,-100.0,0.0,0.0,100.0,-4550000.0,0.0,0.0,4550000.0
13/10/2022,38704.2172316647,45000.0,2100.0,0.04666667,37594.8606868081,39032.9154671778,37594.8606868081,1709.0,80328000.0,0.0,0.0,1709.0,80328000.0,100.0,-100.0,0.0,0.0,4695000.0,-4695000.0,0.0,0.0
11/10/2022,36814.2023774645,48000.0,-3200.0,-0.06666667,39443.7882615691,39443.7882615691,36814.2023774645,420.0,19204000.0,0.0,0.0,420.0,19204000.0,-100.0,0.0,0.0,100.0,-4800000.0,0.0,0.0,4800000.0
10/10/2022,39443.7882615691,48200.0,-200.0,-0.00414938,39608.1373793257,39608.1373793257,36978.5514952211,7500.0,340290000.0,0.0,0.0,7500.0,340290000.0,-1100.0,100.0,0.0,1000.0,-49555000.0,4555000.0,0.0,45000000.0
07/10/2022,39608.1373793257,49900.0,-1700.0,-0.03406814,40306.6211297909,41005.1048802562,39443.7882615691,2200.0,108125000.0,0.0,0.0,2200.0,108125000.0,100.0,-100.0,0.0,0.0,4935000.0,-4935000.0,0.0,0.0
06/10/2022,41005.1048802562,50900.0,-1000.0,-0.01964637,41005.1048802562,41005.1048802562,41005.1048802562,501.0,25000900.0,0.0,0.0,501.0,25000900.0,-100.0,0.0,0.0,100.0,-4990000.0,0.0,0.0,4990000.0
05/10/2022,41826.8504690389,51000.0,-100.0,-0.00196078,41909.0250279172,41909.0250279172,40676.4066447432,7500.0,375240000.0,0.0,0.0,7500.0,375240000.0,-1900.0,200.0,0.0,1700.0,-95030000.0,10030000.0,0.0,85000000.0
04/10/2022,41909.0250279172,51000.0,0.0,0.0,41826.8504690389,41909.0250279172,41826.8504690389,470.0,23763200.0,0.0,0.0,470.0,23763200.0,170.0,-100.0,0.0,-70.0,8463200.0,-5090000.0,0.0,-3373200.0
03/10/2022,41909.0250279172,51000.0,0.0,0.0,41909.0250279172,41909.0250279172,41909.0250279172,36.0,1751400.0,0.0,0.0,36.0,1751400.0,36.0,-36.0,0.0,0.0,1751400.0,-1751400.0,0.0,0.0
30/09/2022,41909.0250279172,51000.0,0.0,0.0,41909.0250279172,43141.6434110912,41909.0250279172,500.0,25650000.0,0.0,0.0,500.0,25650000.0,-100.0,0.0,0.0,100.0,-5100000.0,0.0,0.0,5100000.0
28/09/2022,41909.0250279172,52500.0,-1500.0,-0.02857143,43305.9925288478,43552.5162054826,41909.0250279172,16601.0,856933000.0,0.0,0.0,16601.0,856933000.0,-100.0,100.0,0.0,0.0,-5270000.0,5270000.0,0.0,0.0
21/09/2022,44374.2617942653,52500.0,1500.0,0.02857143,43059.468852213,44374.2617942653,43059.468852213,200.0,10640000.0,0.0,0.0,200.0,10640000.0,100.0,-100.0,0.0,0.0,5240000.0,-5240000.0,0.0,0.0
20/09/2022,43141.6434110912,53300.0,-800.0,-0.01500938,43716.8653232391,43716.8653232391,43141.6434110912,2700.0,143010000.0,0.0,0.0,2700.0,143010000.0,1000.0,0.0,0.0,-1000.0,53200000.0,0.0,0.0,-53200000.0
19/09/2022,43799.0398821174,53300.0,0.0,0.0,43799.0398821174,43799.0398821174,43799.0398821174,35.0,1835000.0,0.0,0.0,35.0,1835000.0,6.0,-6.0,0.0,0.0,308400.0,-308400.0,0.0,0.0
15/09/2022,43963.3889998739,53500.0,0.0,0.0,43799.0398821174,43963.3889998739,43799.0398821174,1130.0,60377000.0,0.0,0.0,1130.0,60377000.0,420.0,-120.0,0.0,-300.0,22414000.0,-6364000.0,0.0,-16050000.0
14/09/2022,43963.3889998739,53500.0,0.0,0.0,43881.2144409956,43963.3889998739,43552.5162054826,480.0,25380000.0,0.0,0.0,480.0,25380000.0,360.0,-160.0,0.0,-200.0,19070000.0,-8370000.0,0.0,-10700000.0
13/09/2022,43963.3889998739,53500.0,0.0,0.0,43963.3889998739,43963.3889998739,43963.3889998739,120.0,6376000.0,0.0,0.0,120.0,6376000.0,90.0,-90.0,0.0,0.0,4770000.0,-4770000.0,0.0,0.0
12/09/2022,43963.3889998739,53100.0,400.0,0.00753296,43963.3889998739,43963.3889998739,43963.3889998739,592.0,30938000.0,0.0,0.0,592.0,30938000.0,232.0,-162.0,0.0,0.0,11862000.0,-8222000.0,0.0,0.0
09/09/2022,43634.6907643608,53200.0,-100.0,-0.0018797,43799.0398821174,43799.0398821174,43634.6907643608,1000.0,53190000.0,0.0,0.0,1000.0,53190000.0,800.0,0.0,0.0,-800.0,42530000.0,0.0,0.0,-42530000.0
08/09/2022,43716.8653232391,53900.0,-700.0,-0.01298701,43799.0398821174,43799.0398821174,43716.8653232391,600.0,31930000.0,0.0,0.0,600.0,31930000.0,400.0,100.0,0.0,-500.0,21280000.0,5330000.0,0.0,-26610000.0
07/09/2022,44292.087235387,54000.0,-100.0,-0.00185185,44292.087235387,44292.087235387,44292.087235387,200.0,10780000.0,0.0,0.0,200.0,10780000.0,0.0,-100.0,0.0,100.0,0.0,-5390000.0,0.0,5390000.0
06/09/2022,44374.2617942653,54000.0,0.0,0.0,44292.087235387,44374.2617942653,43963.3889998739,1100.0,59100000.0,0.0,0.0,1100.0,59100000.0,0.0,-100.0,0.0,100.0,0.0,-5390000.0,0.0,5390000.0
05/09/2022,44374.2617942653,54300.0,-300.0,-0.00552486,44374.2617942653,44374.2617942653,44374.2617942653,1500.0,81000000.0,0.0,0.0,1500.0,81000000.0,-800.0,0.0,0.0,800.0,-43200000.0,0.0,0.0,43200000.0
31/08/2022,44620.7854709001,53900.0,400.0,0.00742115,44127.7381176305,44620.7854709001,43716.8653232391,1800.0,96260000.0,0.0,0.0,1800.0,96260000.0,-800.0,300.0,0.0,500.0,-42810000.0,16060000.0,0.0,26750000.0
30/08/2022,44292.087235387,54000.0,-100.0,-0.00185185,44292.087235387,44292.087235387,44292.087235387,1800.0,97020000.0,0.0,0.0,1800.0,97020000.0,400.0,-400.0,0.0,0.0,21560000.0,-21560000.0,0.0,0.0
29/08/2022,44374.2617942653,54000.0,0.0,0.0,44374.2617942653,44785.1345886566,44374.2617942653,1800.0,97250000.0,0.0,0.0,1800.0,97250000.0,100.0,-100.0,0.0,0.0,5400000.0,-5400000.0,0.0,0.0
25/08/2022,44374.2617942653,54000.0,0.0,0.0,44374.2617942653,44374.2617942653,44374.2617942653,1500.0,81000000.0,0.0,0.0,1500.0,81000000.0,500.0,0.0,0.0,-500.0,27000000.0,0.0,0.0,-27000000.0
24/08/2022,44374.2617942653,54000.0,0.0,0.0,44949.4837064131,45196.007383048,44374.2617942653,3800.0,206300000.0,0.0,0.0,3800.0,206300000.0,-1200.0,100.0,0.0,1100.0,-64770000.0,5370000.0,0.0,59400000.0
18/08/2022,44785.1345886566,54400.0,100.0,0.00183824,44456.4363531435,44785.1345886566,44456.4363531435,500.0,27170000.0,0.0,0.0,500.0,27170000.0,0.0,0.0,0.0,0.0,-40000.0,40000.0,0.0,0.0
16/08/2022,44127.7381176305,54700.0,-1000.0,-0.01828154,44949.4837064131,44949.4837064131,43963.3889998739,2600.0,140490000.0,0.0,0.0,2600.0,140490000.0,100.0,-100.0,0.0,0.0,5450000.0,-5450000.0,0.0,0.0
12/08/2022,45031.6582652914,54800.0,0.0,0.0,44456.4363531435,45113.8328241697,42812.9451755781,700.0,37700000.0,0.0,0.0,700.0,37700000.0,-100.0,100.0,0.0,0.0,-5410000.0,5410000.0,0.0,0.0
05/08/2022,44785.1345886566,54600.0,-100.0,-0.0018315,44949.4837064131,44949.4837064131,44785.1345886566,1200.0,65510000.0,0.0,0.0,1200.0,65510000.0,100.0,-100.0,0.0,0.0,5450000.0,-5450000.0,0.0,0.0
04/08/2022,44867.3091475349,54700.0,-100.0,-0.00182815,43963.3889998739,45031.6582652914,43963.3889998739,1500.0,80950000.0,0.0,0.0,1500.0,80950000.0,200.0,-200.0,0.0,0.0,10940000.0,-10940000.0,0.0,0.0
03/08/2022,44949.4837064131,54900.0,-200.0,-0.00364299,45031.6582652914,45031.6582652914,44702.9600297783,2000.0,109220000.0,0.0,0.0,2000.0,109220000.0,-700.0,700.0,0.0,0.0,-38300000.0,38300000.0,0.0,0.0
02/08/2022,45113.8328241697,54400.0,500.0,0.00919118,43963.3889998739,45113.8328241697,43963.3889998739,3000.0,162990000.0,0.0,0.0,3000.0,162990000.0,100.0,-100.0,0.0,0.0,5480000.0,-5480000.0,0.0,0.0
01/08/2022,44702.9600297783,52000.0,2400.0,0.04615385,43634.6907643608,45113.8328241697,43634.6907643608,2500.0,136120000.0,0.0,0.0,2500.0,136120000.0,200.0,-200.0,0.0,0.0,10870000.0,-10870000.0,0.0,0.0
29/07/2022,42730.7706166999,53800.0,-1800.0,-0.03345725,44538.6109120218,45442.5310596828,42730.7706166999,8600.0,468300000.0,0.0,0.0,8600.0,468300000.0,1200.0,-300.0,0.0,-900.0,66030000.0,-16430000.0,0.0,-49600000.0
26/07/2022,44045.5635587522,53800.0,-200.0,-0.00371747,43223.8179699695,44045.5635587522,43223.8179699695,400.0,21140000.0,0.0,0.0,400.0,21140000.0,100.0,-100.0,0.0,0.0,5360000.0,-5360000.0,0.0,0.0
20/07/2022,43634.6907643608,53000.0,100.0,0.00188679,44456.4363531435,44456.4363531435,43634.6907643608,300.0,16030000.0,0.0,0.0,300.0,16030000.0,-100.0,0.0,0.0,100.0,-5310000.0,0.0,0.0,5310000.0
19/07/2022,43552.5162054826,53100.0,-100.0,-0.00188324,43963.3889998739,43963.3889998739,43552.5162054826,800.0,42710000.0,0.0,0.0,800.0,42710000.0,-200.0,100.0,0.0,100.0,-10610000.0,5310000.0,0.0,5300000.0
18/07/2022,43634.6907643608,54500.0,-1400.0,-0.02568807,43716.8653232391,44620.7854709001,43634.6907643608,800.0,42940000.0,0.0,0.0,800.0,42940000.0,100.0,-300.0,0.0,200.0,5280000.0,-16130000.0,0.0,10850000.0
15/07/2022,44785.1345886566,54500.0,0.0,0.0,44785.1345886566,44785.1345886566,44785.1345886566,100.0,5450000.0,0.0,0.0,100.0,5450000.0,-100.0,0.0,0.0,100.0,-5450000.0,0.0,0.0,5450000.0
14/07/2022,44785.1345886566,53300.0,1200.0,0.02251407,42977.2942933347,44785.1345886566,42977.2942933347,800.0,42280000.0,0.0,0.0,800.0,42280000.0,200.0,-200.0,0.0,0.0,10460000.0,-10460000.0,0.0,0.0
13/07/2022,43799.0398821174,53400.0,-100.0,-0.00187266,42977.2942933347,43799.0398821174,42895.1197344564,600.0,31460000.0,0.0,0.0,600.0,31460000.0,-300.0,300.0,0.0,0.0,-15790000.0,15790000.0,0.0,0.0
11/07/2022,43881.2144409956,53800.0,-400.0,-0.00743494,41991.1995867955,43881.2144409956,41991.1995867955,300.0,15610000.0,0.0,0.0,300.0,15610000.0,100.0,-100.0,0.0,0.0,4930000.0,-4930000.0,0.0,0.0
07/07/2022,42895.1197344564,53800.0,-1600.0,-0.02973978,42730.7706166999,42895.1197344564,42730.7706166999,300.0,15640000.0,0.0,0.0,300.0,15640000.0,100.0,-100.0,0.0,0.0,5200000.0,-5200000.0,0.0,0.0
06/07/2022,44209.9126765087,53800.0,0.0,0.0,44127.7381176305,44209.9126765087,44127.7381176305,400.0,21500000.0,0.0,0.0,400.0,21500000.0,-300.0,300.0,0.0,0.0,-16130000.0,16130000.0,0.0,0.0
05/07/2022,44209.9126765087,53000.0,800.0,0.01509434,42895.1197344564,44456.4363531435,42895.1197344564,400.0,21230000.0,0.0,0.0,400.0,21230000.0,0.0,-100.0,-200.0,100.0,-350000.0,-5030000.0,-10440000.0,5380000.0
04/07/2022,43552.5162054826,52100.0,900.0,0.01727447,44620.7854709001,44620.7854709001,42895.1197344564,300.0,15950000.0,0.0,0.0,300.0,15950000.0,-100.0,100.0,0.0,0.0,-5510000.0,5510000.0,0.0,0.0
01/07/2022,42812.9451755781,52700.0,-600.0,-0.0113852,42812.9451755781,44702.9600297783,41087.2794391345,1700.0,89530000.0,0.0,0.0,1700.0,89530000.0,-200.0,200.0,0.0,0.0,-12380000.0,12380000.0,0.0,0.0
29/06/2022,43716.8653232391,53200.0,0.0,0.0,43716.8653232391,43716.8653232391,43141.6434110912,2800.0,147800000.0,0.0,0.0,2800.0,147800000.0,900.0,-1900.0,0.0,1000.0,47480000.0,-99980000.0,0.0,52500000.0
28/06/2022,43716.8653232391,53600.0,-400.0,-0.00746269,43141.6434110912,43716.8653232391,43141.6434110912,1200.0,63270000.0,0.0,0.0,1200.0,63270000.0,-300.0,300.0,0.0,0.0,-15910000.0,15910000.0,0.0,0.0
23/06/2022,44456.4363531435,54100.0,0.0,0.0,42812.9451755781,45524.705618561,42812.9451755781,1000.0,53740000.0,0.0,0.0,1000.0,53740000.0,-200.0,200.0,0.0,0.0,-12040000.0,12040000.0,0.0,0.0
22/06/2022,44456.4363531435,54600.0,-500.0,-0.00915751,42730.7706166999,45524.705618561,41826.8504690389,2100.0,110850000.0,0.0,0.0,2100.0,110850000.0,600.0,-600.0,0.0,0.0,28260000.0,-28260000.0,0.0,0.0
21/06/2022,44867.3091475349,53000.0,1600.0,0.03018868,45031.6582652914,45113.8328241697,41087.2794391345,1400.0,74500000.0,0.0,0.0,1400.0,74500000.0,0.0,0.0,0.0,0.0,-2180000.0,2180000.0,0.0,0.0
20/06/2022,43552.5162054826,53300.0,-300.0,-0.00562852,45442.5310596828,45606.8801774393,43552.5162054826,1700.0,92230000.0,0.0,0.0,1700.0,92230000.0,-100.0,0.0,0.0,100.0,-6490000.0,1190000.0,0.0,5300000.0
17/06/2022,43799.0398821174,54900.0,-1600.0,-0.0291439,44127.7381176305,45113.8328241697,43552.5162054826,3800.0,204780000.0,0.0,0.0,3800.0,204780000.0,-600.0,600.0,0.0,0.0,-33460000.0,33460000.0,0.0,0.0
16/06/2022,45113.8328241697,55000.0,-100.0,-0.00181818,45196.007383048,45196.007383048,44045.5635587522,2300.0,126000000.0,0.0,0.0,2300.0,126000000.0,-300.0,300.0,0.0,0.0,-16840000.0,16840000.0,0.0,0.0
15/06/2022,45196.007383048,55000.0,0.0,0.0,44045.5635587522,45524.705618561,44045.5635587522,600.0,32820000.0,0.0,0.0,600.0,32820000.0,-100.0,100.0,0.0,0.0,-5880000.0,5880000.0,0.0,0.0
14/06/2022,45196.007383048,54100.0,900.0,0.01663586,43963.3889998739,45524.705618561,43963.3889998739,1600.0,86880000.0,0.0,0.0,1600.0,86880000.0,-100.0,100.0,0.0,0.0,-6450000.0,6450000.0,0.0,0.0
13/06/2022,44456.4363531435,55000.0,-900.0,-0.01636364,45606.8801774393,45606.8801774393,44456.4363531435,1500.0,82610000.0,0.0,0.0,1500.0,82610000.0,-300.0,300.0,0.0,0.0,-16700000.0,16700000.0,0.0,0.0
10/06/2022,45196.007383048,54000.0,1000.0,0.01851852,46017.7529718306,46017.7529718306,44374.2617942653,1400.0,76700000.0,0.0,0.0,1400.0,76700000.0,-100.0,100.0,0.0,0.0,-6050000.0,6050000.0,0.0,0.0
09/06/2022,44374.2617942653,54000.0,0.0,0.0,44785.1345886566,45442.5310596828,44374.2617942653,1100.0,60180000.0,0.0,0.0,1100.0,60180000.0,200.0,-200.0,0.0,0.0,10550000.0,-10550000.0,0.0,0.0
08/06/2022,44374.2617942653,55000.0,-1000.0,-0.01818182,44209.9126765087,45360.3565008045,44209.9126765087,1100.0,59950000.0,0.0,0.0,1100.0,59950000.0,-100.0,-100.0,0.0,200.0,-6070000.0,-4910000.0,0.0,10980000.0
07/06/2022,45196.007383048,55000.0,0.0,0.0,45113.8328241697,45524.705618561,43799.0398821174,800.0,43610000.0,0.0,0.0,800.0,43610000.0,0.0,0.0,0.0,0.0,-450000.0,450000.0,0.0,0.0
06/06/2022,45196.007383048,55200.0,-200.0,-0.00362319,45360.3565008045,45442.5310596828,44456.4363531435,2500.0,137840000.0,0.0,0.0,2500.0,137840000.0,100.0,-100.0,0.0,0.0,5380000.0,-5380000.0,0.0,0.0
03/06/2022,45360.3565008045,54300.0,900.0,0.01657459,45524.705618561,45524.705618561,44045.5635587522,1000.0,54680000.0,0.0,0.0,1000.0,54680000.0,-300.0,300.0,0.0,0.0,-16980000.0,16980000.0,0.0,0.0
02/06/2022,44620.7854709001,55300.0,-1000.0,-0.01808318,44785.1345886566,45524.705618561,44538.6109120218,1900.0,103260000.0,0.0,0.0,1900.0,103260000.0,100.0,-100.0,0.0,0.0,5330000.0,-5330000.0,0.0,0.0
01/06/2022,45442.5310596828,54300.0,1000.0,0.01841621,44785.1345886566,45771.2292951958,43305.9925288478,1600.0,87580000.0,0.0,0.0,1600.0,87580000.0,-200.0,200.0,0.0,0.0,-11580000.0,11580000.0,0.0,0.0
31/05/2022,44620.7854709001,54500.0,-200.0,-0.00366972,45606.8801774393,45606.8801774393,44538.6109120218,1100.0,60330000.0,0.0,0.0,1100.0,60330000.0,-100.0,100.0,0.0,0.0,-5700000.0,5700000.0,0.0,0.0
30/05/2022,44785.1345886566,54500.0,0.0,0.0,44785.1345886566,45524.705618561,44374.2617942653,1800.0,98240000.0,0.0,0.0,1800.0,98240000.0,200.0,-400.0,0.0,200.0,10280000.0,-21230000.0,0.0,10950000.0
27/05/2022,44785.1345886566,55500.0,-1000.0,-0.01801802,43716.8653232391,45524.705618561,43716.8653232391,2000.0,110130000.0,0.0,0.0,2000.0,110130000.0,200.0,-200.0,0.0,0.0,10680000.0,-10680000.0,0.0,0.0
26/05/2022,45606.8801774393,55200.0,300.0,0.00543478,45689.0547363176,45689.0547363176,43963.3889998739,1200.0,65790000.0,0.0,0.0,1200.0,65790000.0,-200.0,200.0,0.0,0.0,-11940000.0,11940000.0,0.0,0.0
25/05/2022,45360.3565008045,54900.0,300.0,0.00546448,45113.8328241697,45524.705618561,42648.5960578216,1100.0,59930000.0,0.0,0.0,1100.0,59930000.0,-400.0,400.0,0.0,0.0,-22400000.0,22400000.0,0.0,0.0
24/05/2022,45113.8328241697,55500.0,-600.0,-0.01081081,43305.9925288478,45524.705618561,43305.9925288478,1900.0,102210000.0,0.0,0.0,1900.0,102210000.0,0.0,0.0,0.0,0.0,-850000.0,850000.0,0.0,0.0
23/05/2022,45606.8801774393,54000.0,1500.0,0.02777778,44374.2617942653,46099.9275307089,42895.1197344564,2100.0,113070000.0,0.0,0.0,2100.0,113070000.0,400.0,-400.0,0.0,0.0,19940000.0,-19940000.0,0.0,0.0
20/05/2022,44374.2617942653,54600.0,-600.0,-0.01098901,44867.3091475349,45524.705618561,43552.5162054826,400.0,21700000.0,0.0,0.0,400.0,21700000.0,0.0,0.0,0.0,0.0,-140000.0,140000.0,0.0,0.0
19/05/2022,44867.3091475349,54600.0,0.0,0.0,44374.2617942653,45935.5784129524,44374.2617942653,600.0,33200000.0,0.0,0.0,600.0,33200000.0,-100.0,100.0,0.0,0.0,-5890000.0,5890000.0,0.0,0.0
18/05/2022,44867.3091475349,55500.0,-900.0,-0.01621622,44785.1345886566,46428.625766222,44785.1345886566,900.0,49290000.0,0.0,0.0,900.0,49290000.0,0.0,0.0,0.0,0.0,-200000.0,200000.0,0.0,0.0
17/05/2022,45606.8801774393,54900.0,600.0,0.01092896,45196.007383048,46346.4512073437,45113.8328241697,1600.0,88360000.0,0.0,0.0,1600.0,88360000.0,-300.0,300.0,0.0,0.0,-16910000.0,16910000.0,0.0,0.0
16/05/2022,45113.8328241697,56700.0,-1800.0,-0.03174603,44374.2617942653,47250.3713550047,44374.2617942653,1800.0,99440000.0,0.0,0.0,1800.0,99440000.0,-300.0,300.0,0.0,0.0,-17480000.0,17480000.0,0.0,0.0
13/05/2022,46592.9748839785,56200.0,500.0,0.0088968,46182.1020895872,47250.3713550047,43963.3889998739,4000.0,219180000.0,0.0,0.0,4000.0,219180000.0,200.0,-200.0,0.0,0.0,10430000.0,-10430000.0,0.0,0.0
12/05/2022,46182.1020895872,56100.0,100.0,0.00178253,46264.2766484654,47579.0695905178,46182.1020895872,1800.0,101610000.0,0.0,0.0,1800.0,101610000.0,0.0,0.0,0.0,0.0,-150000.0,150000.0,0.0,0.0
11/05/2022,46099.9275307089,55500.0,600.0,0.01081081,47579.0695905178,47579.0695905178,45771.2292951958,1200.0,68770000.0,0.0,0.0,1200.0,68770000.0,100.0,-100.0,0.0,0.0,5200000.0,-5200000.0,0.0,0.0
10/05/2022,45606.8801774393,56100.0,-600.0,-0.01069519,44374.2617942653,47661.244149396,44374.2617942653,1300.0,72820000.0,0.0,0.0,1300.0,72820000.0,-400.0,400.0,0.0,0.0,-23160000.0,23160000.0,0.0,0.0
09/05/2022,46099.9275307089,58100.0,-2000.0,-0.03442341,47661.244149396,47661.244149396,46099.9275307089,3600.0,204980000.0,0.0,0.0,3600.0,204980000.0,-100.0,100.0,0.0,0.0,-5940000.0,5940000.0,0.0,0.0
06/05/2022,47743.4187082743,57500.0,600.0,0.01043478,46017.7529718306,48072.1169437874,46017.7529718306,700.0,39860000.0,0.0,0.0,700.0,39860000.0,0.0,0.0,0.0,0.0,-410000.0,410000.0,0.0,0.0
04/05/2022,47086.0222372481,58000.0,-700.0,-0.01206897,45771.2292951958,47661.244149396,45771.2292951958,500.0,28700000.0,0.0,0.0,500.0,28700000.0,100.0,-100.0,0.0,0.0,5500000.0,-5500000.0,0.0,0.0
29/04/2022,47661.244149396,58000.0,0.0,0.0,46182.1020895872,47825.5932671526,46182.1020895872,1700.0,97620000.0,0.0,0.0,1700.0,97620000.0,400.0,-300.0,0.0,-100.0,22680000.0,-16880000.0,0.0,-5800000.0
28/04/2022,47661.244149396,58000.0,0.0,0.0,46017.7529718306,47661.244149396,46017.7529718306,3300.0,189440000.0,0.0,0.0,3300.0,189440000.0,-600.0,100.0,0.0,500.0,-34800000.0,5800000.0,0.0,29000000.0
27/04/2022,47661.244149396,55900.0,2100.0,0.03756708,47989.9423849091,47989.9423849091,47661.244149396,200.0,11640000.0,0.0,0.0,200.0,11640000.0,-100.0,100.0,0.0,0.0,-5840000.0,5840000.0,0.0,0.0
26/04/2022,45935.5784129524,58800.0,-2900.0,-0.04931973,45853.4038540741,47989.9423849091,45771.2292951958,1300.0,75120000.0,0.0,0.0,1300.0,75120000.0,100.0,-100.0,0.0,0.0,5070000.0,-5070000.0,0.0,0.0
25/04/2022,48318.6406204222,57100.0,1700.0,0.02977233,46182.1020895872,48482.9897381787,46182.1020895872,3000.0,171470000.0,0.0,0.0,3000.0,171470000.0,-200.0,100.0,0.0,100.0,-11570000.0,5950000.0,0.0,5620000.0
22/04/2022,46921.6731194916,56700.0,400.0,0.00705467,47907.7678260308,48400.8151793004,46757.3240017351,3600.0,205910000.0,0.0,0.0,3600.0,205910000.0,100.0,-100.0,0.0,0.0,5450000.0,-5450000.0,0.0,0.0
20/04/2022,47825.5932671526,58000.0,200.0,0.00344828,47661.244149396,48482.9897381787,47496.8950316395,3500.0,203560000.0,0.0,0.0,3500.0,203560000.0,100.0,-100.0,0.0,0.0,5740000.0,-5740000.0,0.0,0.0
18/04/2022,48072.1169437874,58300.0,200.0,0.00343053,47250.3713550047,48893.8625325701,47250.3713550047,3900.0,225620000.0,0.0,0.0,3900.0,225620000.0,300.0,-300.0,0.0,0.0,16820000.0,-16820000.0,0.0,0.0
15/04/2022,47907.7678260308,58100.0,200.0,0.00344234,48400.8151793004,48400.8151793004,47496.8950316395,2200.0,128380000.0,0.0,0.0,2200.0,128380000.0,-100.0,100.0,0.0,0.0,-5960000.0,5960000.0,0.0,0.0
14/04/2022,47743.4187082743,58400.0,-300.0,-0.00513699,48400.8151793004,48400.8151793004,47168.1967961264,4900.0,285310000.0,0.0,0.0,4900.0,285310000.0,-100.0,100.0,0.0,0.0,-6080000.0,6080000.0,0.0,0.0
13/04/2022,47989.9423849091,58300.0,100.0,0.00171527,48482.9897381787,48482.9897381787,47496.8950316395,800.0,46540000.0,0.0,0.0,800.0,46540000.0,0.0,0.0,0.0,0.0,-100000.0,100000.0,0.0,0.0
12/04/2022,47907.7678260308,58100.0,200.0,0.00344234,48647.3388559352,48647.3388559352,47825.5932671526,3000.0,174940000.0,0.0,0.0,3000.0,174940000.0,-200.0,200.0,0.0,0.0,-11850000.0,11850000.0,0.0,0.0
08/04/2022,47743.4187082743,58600.0,-500.0,-0.00853242,48236.4660615439,48893.8625325701,47743.4187082743,3800.0,223490000.0,0.0,0.0,3800.0,223490000.0,400.0,-400.0,0.0,0.0,23300000.0,-23300000.0,0.0,0.0
07/04/2022,48154.2915026656,59400.0,-800.0,-0.01346801,47825.5932671526,49058.2116503266,47825.5932671526,4000.0,235380000.0,0.0,0.0,4000.0,235380000.0,-500.0,400.0,0.0,100.0,-29730000.0,23880000.0,0.0,5850000.0
06/04/2022,48811.6879736918,59400.0,0.0,0.0,48893.8625325701,48893.8625325701,48482.9897381787,10000.0,593170000.0,0.0,0.0,10000.0,593170000.0,-3300.0,300.0,0.0,3000.0,-196360000.0,17860000.0,0.0,178500000.0
05/04/2022,48811.6879736918,59400.0,0.0,0.0,48482.9897381787,48811.6879736918,45442.5310596828,5100.0,298930000.0,0.0,0.0,5100.0,298930000.0,-400.0,400.0,0.0,0.0,-23810000.0,23810000.0,0.0,0.0
04/04/2022,48811.6879736918,59300.0,100.0,0.00168634,48318.6406204222,48893.8625325701,48236.4660615439,4100.0,242960000.0,0.0,0.0,4100.0,242960000.0,600.0,-600.0,0.0,0.0,35230000.0,-35230000.0,0.0,0.0
01/04/2022,48729.5134148135,59000.0,300.0,0.00508475,48482.9897381787,48729.5134148135,48318.6406204222,3100.0,183440000.0,0.0,0.0,3100.0,183440000.0,0.0,0.0,0.0,0.0,-50000.0,50000.0,0.0,0.0
31/03/2022,48482.9897381787,59300.0,-300.0,-0.00505902,48729.5134148135,48729.5134148135,48072.1169437874,5200.0,307000000.0,0.0,0.0,5200.0,307000000.0,-400.0,400.0,0.0,0.0,-23730000.0,23730000.0,0.0,0.0
30/03/2022,48729.5134148135,59500.0,-200.0,-0.00336134,47825.5932671526,48729.5134148135,47825.5932671526,800.0,47300000.0,0.0,0.0,800.0,47300000.0,-300.0,300.0,0.0,0.0,-17790000.0,17790000.0,0.0,0.0
29/03/2022,48893.8625325701,59500.0,0.0,0.0,48893.8625325701,48893.8625325701,47825.5932671526,2500.0,147020000.0,0.0,0.0,2500.0,147020000.0,-500.0,500.0,0.0,0.0,-29580000.0,29580000.0,0.0,0.0
28/03/2022,48893.8625325701,59400.0,100.0,0.0016835,48811.6879736918,49140.3862092049,48072.1169437874,4000.0,234890000.0,0.0,0.0,4000.0,234890000.0,-100.0,100.0,0.0,0.0,-6060000.0,6060000.0,0.0,0.0
25/03/2022,48811.6879736918,59000.0,400.0,0.00677966,49304.7353269614,49304.7353269614,48318.6406204222,4400.0,260530000.0,0.0,0.0,4400.0,260530000.0,-300.0,300.0,0.0,0.0,-17950000.0,17950000.0,0.0,0.0
24/03/2022,48482.9897381787,59500.0,-500.0,-0.00840336,48893.8625325701,48893.8625325701,48072.1169437874,700.0,41450000.0,0.0,0.0,700.0,41450000.0,100.0,-100.0,0.0,0.0,5800000.0,-5800000.0,0.0,0.0
23/03/2022,48893.8625325701,58500.0,1000.0,0.01709402,48072.1169437874,49304.7353269614,48072.1169437874,6400.0,381550000.0,0.0,0.0,6400.0,381550000.0,100.0,-100.0,0.0,0.0,5650000.0,-5650000.0,0.0,0.0
22/03/2022,48072.1169437874,58800.0,-300.0,-0.00510204,47661.244149396,48482.9897381787,47414.7204727612,1700.0,99530000.0,0.0,0.0,1700.0,99530000.0,0.0,0.0,0.0,0.0,-100000.0,100000.0,0.0,0.0
21/03/2022,48318.6406204222,59000.0,-200.0,-0.00338983,48482.9897381787,48482.9897381787,48154.2915026656,2700.0,159190000.0,0.0,0.0,2700.0,159190000.0,0.0,0.0,0.0,0.0,-20000.0,20000.0,0.0,0.0
17/03/2022,48482.9897381787,58100.0,900.0,0.01549053,47661.244149396,48893.8625325701,47661.244149396,4300.0,253040000.0,0.0,0.0,4300.0,253040000.0,-200.0,200.0,0.0,0.0,-11720000.0,11720000.0,0.0,0.0
16/03/2022,47743.4187082743,58400.0,-300.0,-0.00513699,45606.8801774393,48072.1169437874,45606.8801774393,2300.0,133530000.0,0.0,0.0,2300.0,133530000.0,100.0,-100.0,0.0,0.0,5470000.0,-5470000.0,0.0,0.0
15/03/2022,47989.9423849091,57500.0,900.0,0.01565217,47332.5459138829,48072.1169437874,47332.5459138829,700.0,40680000.0,0.0,0.0,700.0,40680000.0,0.0,0.0,0.0,0.0,-90000.0,90000.0,0.0,0.0
14/03/2022,47250.3713550047,57900.0,-400.0,-0.00690846,47496.8950316395,47496.8950316395,46839.4985606133,2400.0,138030000.0,0.0,0.0,2400.0,138030000.0,200.0,-200.0,0.0,0.0,11540000.0,-11540000.0,0.0,0.0
11/03/2022,47579.0695905178,58800.0,-900.0,-0.01530612,47661.244149396,48482.9897381787,47579.0695905178,1300.0,75520000.0,0.0,0.0,1300.0,75520000.0,100.0,-100.0,0.0,0.0,5590000.0,-5590000.0,0.0,0.0
10/03/2022,48318.6406204222,58000.0,800.0,0.0137931,47661.244149396,48400.8151793004,47661.244149396,1200.0,69810000.0,0.0,0.0,1200.0,69810000.0,-100.0,100.0,0.0,0.0,-5890000.0,5890000.0,0.0,0.0
09/03/2022,47661.244149396,59000.0,-1000.0,-0.01694915,48072.1169437874,48482.9897381787,47661.244149396,2900.0,168630000.0,0.0,0.0,2900.0,168630000.0,100.0,-100.0,0.0,0.0,5800000.0,-5800000.0,0.0,0.0
08/03/2022,48482.9897381787,59500.0,-500.0,-0.00840336,48893.8625325701,48893.8625325701,47661.244149396,1200.0,70440000.0,0.0,0.0,1200.0,70440000.0,-200.0,200.0,0.0,0.0,-11850000.0,11850000.0,0.0,0.0
04/03/2022,48893.8625325701,59500.0,0.0,0.0,48893.8625325701,48893.8625325701,48482.9897381787,7900.0,468160000.0,0.0,0.0,7900.0,468160000.0,300.0,200.0,0.0,-500.0,17720000.0,11900000.0,0.0,-29620000.0
03/03/2022,48893.8625325701,59500.0,0.0,0.0,48072.1169437874,48893.8625325701,48072.1169437874,1500.0,89150000.0,0.0,0.0,1500.0,89150000.0,0.0,0.0,0.0,0.0,-100000.0,100000.0,0.0,0.0
02/03/2022,48893.8625325701,59000.0,500.0,0.00847458,47907.7678260308,48893.8625325701,47907.7678260308,800.0,47280000.0,0.0,0.0,800.0,47280000.0,0.0,0.0,0.0,0.0,-120000.0,120000.0,0.0,0.0
01/03/2022,48482.9897381787,59800.0,-800.0,-0.01337793,47496.8950316395,49140.3862092049,47496.8950316395,800.0,47390000.0,0.0,0.0,800.0,47390000.0,100.0,-100.0,0.0,0.0,5780000.0,-5780000.0,0.0,0.0
28/02/2022,49140.3862092049,59100.0,700.0,0.01184433,48400.8151793004,49140.3862092049,48400.8151793004,500.0,29810000.0,0.0,0.0,500.0,29810000.0,0.0,0.0,0.0,0.0,-90000.0,90000.0,0.0,0.0
25/02/2022,48565.164297057,59000.0,100.0,0.00169492,48400.8151793004,48893.8625325701,48400.8151793004,2600.0,153770000.0,0.0,0.0,2600.0,153770000.0,0.0,0.0,0.0,0.0,-30000.0,30000.0,0.0,0.0
24/02/2022,48482.9897381787,59800.0,-800.0,-0.01337793,49715.6081213527,49715.6081213527,48400.8151793004,3800.0,224300000.0,0.0,0.0,3800.0,224300000.0,-100.0,100.0,0.0,0.0,-6050000.0,6050000.0,0.0,0.0
23/02/2022,49140.3862092049,59500.0,300.0,0.00504202,49962.1317979876,49962.1317979876,48647.3388559352,3900.0,232060000.0,0.0,0.0,3900.0,232060000.0,-100.0,100.0,0.0,0.0,-5980000.0,5980000.0,0.0,0.0
21/02/2022,49304.7353269614,60000.0,0.0,0.0,49633.4335624745,50126.4809157441,49304.7353269614,4300.0,259210000.0,0.0,0.0,4300.0,259210000.0,400.0,200.0,0.0,-600.0,23620000.0,12380000.0,0.0,-36000000.0
18/02/2022,49304.7353269614,61000.0,-1000.0,-0.01639344,49304.7353269614,50126.4809157441,49304.7353269614,3300.0,200000000.0,0.0,0.0,3300.0,200000000.0,400.0,0.0,0.0,-400.0,24000000.0,0.0,0.0,-24000000.0
17/02/2022,50126.4809157441,61000.0,0.0,0.0,50126.4809157441,50126.4809157441,48893.8625325701,2000.0,121440000.0,0.0,0.0,2000.0,121440000.0,300.0,-300.0,0.0,0.0,17880000.0,-17880000.0,0.0,0.0
15/02/2022,50208.6554746224,60800.0,300.0,0.00493421,49962.1317979876,50701.702827892,49715.6081213527,15800.0,962360000.0,0.0,0.0,15800.0,962360000.0,-200.0,200.0,0.0,0.0,-12170000.0,12170000.0,0.0,0.0
14/02/2022,49962.1317979876,60000.0,800.0,0.01333333,49304.7353269614,50126.4809157441,47661.244149396,8000.0,478490000.0,0.0,0.0,8000.0,478490000.0,0.0,200.0,0.0,-200.0,-100000.0,12100000.0,0.0,-12000000.0
11/02/2022,49304.7353269614,61600.0,-1600.0,-0.02597403,50537.3537101354,50537.3537101354,49304.7353269614,1300.0,79050000.0,0.0,0.0,1300.0,79050000.0,-100.0,0.0,0.0,100.0,-6100000.0,0.0,0.0,6100000.0
10/02/2022,50619.5282690137,60317.0,1283.0,0.02127095,50701.702827892,50701.702827892,46839.4985606133,5700.0,338920000.0,0.0,0.0,5700.0,338920000.0,600.0,-500.0,0.0,-100.0,35530000.0,-29360000.0,0.0,-6170000.0
09/02/2022,49565.557376841,62800.0,-100.0,-0.00159236,49644.6093024819,49802.7131537637,49249.3496742775,4800.0,300390000.0,0.0,0.0,4800.0,300390000.0,-100.0,-100.0,-100.0,200.0,-6330000.0,-6230000.0,-6230000.0,12560000.0
08/02/2022,49644.6093024819,61000.0,1800.0,0.0295082,50197.9727819682,50197.9727819682,48300.7265665867,11700.0,737860000.0,0.0,0.0,11700.0,737860000.0,300.0,0.0,0.0,-300.0,19210000.0,0.0,0.0,-19210000.0
26/01/2022,45296.7533922327,59000.0,-1700.0,-0.02881356,46640.6361281279,47431.1553845369,45296.7533922327,1500.0,89030000.0,0.0,0.0,1500.0,89030000.0,100.0,-100.0,0.0,0.0,5730000.0,-5730000.0,0.0,0.0
25/01/2022,46640.6361281279,58900.0,100.0,0.00169779,45929.1687973599,46640.6361281279,45929.1687973599,2200.0,129700000.0,0.0,0.0,2200.0,129700000.0,100.0,0.0,0.0,-100.0,5810000.0,0.0,0.0,-5810000.0
21/01/2022,46877.7919050506,58600.0,700.0,0.01194539,47431.1553845369,47431.1553845369,46324.4284255644,2100.0,125030000.0,0.0,0.0,2100.0,125030000.0,-300.0,300.0,0.0,0.0,-17970000.0,17970000.0,0.0,0.0
20/01/2022,46324.4284255644,54800.0,3800.0,0.06934307,46245.3764999234,46324.4284255644,45217.7014665918,3400.0,197670000.0,0.0,0.0,3400.0,197670000.0,-500.0,500.0,0.0,0.0,-29260000.0,29260000.0,0.0,0.0
19/01/2022,43320.4552512104,56000.0,-1200.0,-0.02142857,44269.0783589011,47352.1034588959,43320.4552512104,6100.0,337930000.0,0.0,0.0,6100.0,337930000.0,4900.0,100.0,0.0,-5000.0,268020000.0,5980000.0,0.0,-274000000.0
18/01/2022,44269.0783589011,59700.0,-3700.0,-0.06197655,47193.9996076142,47193.9996076142,44269.0783589011,6900.0,392640000.0,0.0,0.0,6900.0,392640000.0,4900.0,100.0,0.0,-5000.0,274030000.0,5970000.0,0.0,-280000000.0
17/01/2022,47193.9996076142,60300.0,-600.0,-0.00995025,47826.4150127413,47826.4150127413,47193.9996076142,9200.0,553910000.0,0.0,0.0,9200.0,553910000.0,4500.0,0.0,0.0,-4500.0,270010000.0,0.0,0.0,-270010000.0
13/01/2022,47668.3111614596,60300.0,0.0,0.0,47668.3111614596,47668.3111614596,47510.2073101778,3300.0,198920000.0,0.0,0.0,3300.0,198920000.0,-200.0,200.0,0.0,0.0,-12060000.0,12060000.0,0.0,0.0
12/01/2022,47668.3111614596,60500.0,-200.0,-0.00330579,48063.570789664,48063.570789664,47668.3111614596,1000.0,60460000.0,0.0,0.0,1000.0,60460000.0,200.0,0.0,0.0,-200.0,12160000.0,0.0,0.0,-12160000.0
11/01/2022,47826.4150127413,60500.0,0.0,0.0,47826.4150127413,47826.4150127413,47826.4150127413,1500.0,90750000.0,0.0,0.0,1500.0,90750000.0,-600.0,-600.0,0.0,1200.0,-36300000.0,-36300000.0,0.0,72600000.0
07/01/2022,48616.9342691503,61000.0,500.0,0.00819672,48854.090046073,48854.090046073,47826.4150127413,1500.0,91210000.0,0.0,0.0,1500.0,91210000.0,100.0,0.0,0.0,-100.0,6180000.0,0.0,0.0,-6180000.0
06/01/2022,48221.6746409458,61500.0,-500.0,-0.00813008,48616.9342691503,48854.090046073,48221.6746409458,10100.0,619810000.0,0.0,0.0,10100.0,619810000.0,500.0,0.0,0.0,-500.0,30500000.0,0.0,0.0,-30500000.0
05/01/2022,48616.9342691503,61000.0,500.0,0.00819672,48537.8823435094,48616.9342691503,48221.6746409458,5200.0,319160000.0,0.0,0.0,5200.0,319160000.0,100.0,100.0,0.0,-200.0,6090000.0,6190000.0,0.0,-12280000.0
04/01/2022,48221.6746409458,60500.0,500.0,0.00826446,47905.4669383823,48537.8823435094,47826.4150127413,2500.0,152220000.0,0.0,0.0,2500.0,152220000.0,300.0,100.0,0.0,-400.0,18200000.0,6140000.0,0.0,-24340000.0
31/12/2021,47826.4150127413,59900.0,600.0,0.01001669,47431.1553845369,48221.6746409458,47431.1553845369,5400.0,326890000.0,0.0,0.0,5400.0,326890000.0,2200.0,-2000.0,0.0,-200.0,133540000.0,-121360000.0,0.0,-12180000.0
30/12/2021,47352.1034588959,60000.0,-100.0,-0.00166667,47431.1553845369,47431.1553845369,47035.8957563324,3500.0,208990000.0,0.0,0.0,3500.0,208990000.0,1900.0,-1900.0,0.0,0.0,113000000.0,-113000000.0,0.0,0.0
29/12/2021,47431.1553845369,60300.0,-300.0,-0.00497512,47826.4150127413,47826.4150127413,47431.1553845369,500.0,30200000.0,0.0,0.0,500.0,30200000.0,200.0,0.0,0.0,-200.0,12050000.0,50000.0,0.0,-12100000.0
28/12/2021,47668.3111614596,60300.0,0.0,0.0,47668.3111614596,48221.6746409458,47668.3111614596,1900.0,114640000.0,0.0,0.0,1900.0,114640000.0,-100.0,100.0,0.0,0.0,-6100000.0,6100000.0,0.0,0.0
27/12/2021,47668.3111614596,60000.0,300.0,0.005,47431.1553845369,47668.3111614596,47431.1553845369,4100.0,246180000.0,0.0,0.0,4100.0,246180000.0,100.0,-100.0,0.0,0.0,5970000.0,-5970000.0,0.0,0.0
24/12/2021,47431.1553845369,60300.0,-300.0,-0.00497512,48221.6746409458,48221.6746409458,47273.0515332551,5400.0,323080000.0,0.0,0.0,5400.0,323080000.0,4900.0,-4900.0,0.0,0.0,292900000.0,-292900000.0,0.0,0.0
23/12/2021,47668.3111614596,60500.0,-200.0,-0.00330579,47035.8957563324,47826.4150127413,47035.8957563324,600.0,36050000.0,0.0,0.0,600.0,36050000.0,-100.0,100.0,0.0,0.0,-6050000.0,6050000.0,0.0,0.0
22/12/2021,47826.4150127413,60100.0,400.0,0.00665557,47431.1553845369,48458.8304178685,47431.1553845369,2200.0,133770000.0,0.0,0.0,2200.0,133770000.0,-200.0,200.0,0.0,0.0,-12190000.0,12230000.0,0.0,-40000.0
21/12/2021,47510.2073101778,61100.0,-1000.0,-0.01636661,48300.7265665867,48300.7265665867,47510.2073101778,600.0,36260000.0,0.0,0.0,600.0,36260000.0,-100.0,100.0,0.0,0.0,-6110000.0,6110000.0,0.0,0.0
20/12/2021,48300.7265665867,60500.0,600.0,0.00991736,47114.9476819733,48379.7784922276,47114.9476819733,4700.0,285510000.0,0.0,0.0,4700.0,285510000.0,2600.0,-2300.0,0.0,-300.0,158870000.0,-140540000.0,0.0,-18330000.0
17/12/2021,47826.4150127413,61300.0,-800.0,-0.01305057,48458.8304178685,48458.8304178685,47826.4150127413,3400.0,206770000.0,0.0,0.0,3400.0,206770000.0,800.0,-1000.0,0.0,200.0,48260000.0,-60500000.0,0.0,12240000.0
16/12/2021,48458.8304178685,60100.0,1200.0,0.01996672,47510.2073101778,48458.8304178685,47431.1553845369,3300.0,198550000.0,0.0,0.0,3300.0,198550000.0,200.0,0.0,0.0,-200.0,12260000.0,0.0,0.0,-12260000.0
15/12/2021,47510.2073101778,60100.0,0.0,0.0,47510.2073101778,48616.9342691503,47510.2073101778,5100.0,307470000.0,0.0,0.0,5100.0,307470000.0,3600.0,-3600.0,0.0,0.0,216360000.0,-216360000.0,0.0,0.0
14/12/2021,47510.2073101778,60000.0,100.0,0.00166667,47431.1553845369,48221.6746409458,47035.8957563324,6800.0,408220000.0,0.0,0.0,6800.0,408220000.0,4000.0,-4000.0,0.0,0.0,238420000.0,-238420000.0,0.0,0.0
13/12/2021,47431.1553845369,60000.0,0.0,0.0,48221.6746409458,48221.6746409458,47114.9476819733,4400.0,264020000.0,0.0,0.0,4400.0,264020000.0,3000.0,-3000.0,0.0,0.0,179210000.0,-179210000.0,0.0,0.0
09/12/2021,47589.2592358186,59500.0,700.0,0.01176471,46798.7399794097,47984.5188640231,46798.7399794097,2000.0,119960000.0,0.0,0.0,2000.0,119960000.0,100.0,-100.0,-100.0,0.0,6020000.0,-6020000.0,-6020000.0,0.0
30/11/2021,48933.1419717138,61700.0,200.0,0.00324149,48775.0381204321,49328.4015999183,48775.0381204321,3100.0,192170000.0,0.0,0.0,3100.0,192170000.0,1100.0,-1100.0,0.0,0.0,68300000.0,-68300000.0,0.0,0.0
29/11/2021,48775.0381204321,61900.0,-200.0,-0.00323102,48695.9861947912,48854.090046073,48221.6746409458,2500.0,153960000.0,0.0,0.0,2500.0,153960000.0,-100.0,0.0,0.0,100.0,-6170000.0,0.0,0.0,6170000.0
26/11/2021,48933.1419717138,62000.0,-100.0,-0.0016129,48854.090046073,49012.1938973548,48695.9861947912,4900.0,302880000.0,0.0,0.0,4900.0,302880000.0,-500.0,0.0,0.0,500.0,-30950000.0,0.0,0.0,30950000.0
25/11/2021,49012.1938973548,62300.0,-300.0,-0.00481541,49012.1938973548,49012.1938973548,48854.090046073,7300.0,451380000.0,0.0,0.0,7300.0,451380000.0,-100.0,0.0,0.0,100.0,-6200000.0,0.0,0.0,6200000.0
19/11/2021,49012.1938973548,61900.0,100.0,0.00161551,48379.7784922276,49012.1938973548,48379.7784922276,9900.0,608490000.0,0.0,0.0,9900.0,608490000.0,-600.0,0.0,0.0,600.0,-36900000.0,0.0,0.0,36900000.0
16/11/2021,48854.090046073,61800.0,0.0,0.0,48854.090046073,49407.4535255592,48854.090046073,4100.0,253710000.0,0.0,0.0,4100.0,253710000.0,-100.0,0.0,0.0,100.0,-6250000.0,0.0,0.0,6250000.0
15/11/2021,48854.090046073,62200.0,-400.0,-0.00643087,49170.2977486365,49170.2977486365,48695.9861947912,2600.0,160500000.0,0.0,0.0,2600.0,160500000.0,1400.0,0.0,0.0,-1400.0,86340000.0,0.0,0.0,-86340000.0
12/11/2021,49170.2977486365,62800.0,-600.0,-0.00955414,49170.2977486365,49170.2977486365,49012.1938973548,4900.0,304130000.0,0.0,0.0,4900.0,304130000.0,-100.0,0.0,0.0,100.0,-6210000.0,0.0,0.0,6210000.0
11/11/2021,49644.6093024819,62900.0,-100.0,-0.00158983,49723.6612281228,49723.6612281228,49012.1938973548,4300.0,267880000.0,0.0,0.0,4300.0,267880000.0,-200.0,0.0,0.0,200.0,-12440000.0,0.0,0.0,12440000.0
10/11/2021,49723.6612281228,63000.0,-100.0,-0.0015873,49012.1938973548,49802.7131537637,49012.1938973548,2800.0,175540000.0,0.0,0.0,2800.0,175540000.0,-700.0,0.0,0.0,700.0,-43970000.0,0.0,0.0,43970000.0
02/11/2021,49012.1938973548,62600.0,-600.0,-0.00958466,48695.9861947912,49486.5054512002,48695.9861947912,9100.0,567460000.0,0.0,0.0,9100.0,567460000.0,-1200.0,1700.0,0.0,-500.0,-74830000.0,106190000.0,0.0,-31360000.0
27/10/2021,49407.4535255592,62000.0,500.0,0.00806452,49012.1938973548,49407.4535255592,48616.9342691503,5400.0,334310000.0,0.0,0.0,5400.0,334310000.0,1100.0,0.0,0.0,-1100.0,67800000.0,0.0,0.0,-67800000.0
25/10/2021,49012.1938973548,63000.0,-1000.0,-0.01587302,50593.2324101727,50593.2324101727,48695.9861947912,3600.0,226250000.0,0.0,0.0,3600.0,226250000.0,-300.0,0.0,0.0,300.0,-18950000.0,0.0,0.0,18950000.0
22/10/2021,49802.7131537637,62800.0,200.0,0.00318471,50593.2324101727,50593.2324101727,49802.7131537637,300.0,19100000.0,0.0,0.0,300.0,19100000.0,-100.0,0.0,0.0,100.0,-6400000.0,0.0,0.0,6400000.0
21/10/2021,49644.6093024819,63000.0,-200.0,-0.0031746,49802.7131537637,49802.7131537637,49407.4535255592,3400.0,213810000.0,0.0,0.0,3400.0,213810000.0,-100.0,0.0,0.0,100.0,-6300000.0,0.0,0.0,6300000.0
19/10/2021,49881.7650794046,63000.0,100.0,0.0015873,49802.7131537637,49881.7650794046,49802.7131537637,2700.0,170230000.0,0.0,0.0,2700.0,170230000.0,-1400.0,0.0,0.0,1400.0,-88200000.0,0.0,0.0,88200000.0
18/10/2021,49802.7131537637,63200.0,-200.0,-0.00316456,51225.6478152998,51225.6478152998,49802.7131537637,2700.0,173330000.0,0.0,0.0,2700.0,173330000.0,-1100.0,0.0,0.0,1100.0,-70950000.0,0.0,0.0,70950000.0
15/10/2021,49960.8170050455,62800.0,400.0,0.00636943,51225.6478152998,51225.6478152998,49802.7131537637,2200.0,140720000.0,0.0,0.0,2200.0,140720000.0,-100.0,0.0,0.0,100.0,-6320000.0,0.0,0.0,6320000.0
12/10/2021,49407.4535255592,62500.0,0.0,0.0,49407.4535255592,49407.4535255592,49012.1938973548,5200.0,324070000.0,0.0,0.0,5200.0,324070000.0,1200.0,0.0,0.0,-1200.0,74590000.0,0.0,0.0,-74590000.0
11/10/2021,49407.4535255592,62400.0,100.0,0.00160256,49407.4535255592,49407.4535255592,49012.1938973548,8900.0,555250000.0,0.0,0.0,8900.0,555250000.0,-400.0,0.0,0.0,400.0,-25000000.0,0.0,0.0,25000000.0
07/10/2021,48854.090046073,62000.0,-200.0,-0.00322581,49012.1938973548,49012.1938973548,48854.090046073,5300.0,328250000.0,0.0,0.0,5300.0,328250000.0,-1000.0,0.0,0.0,1000.0,-61800000.0,0.0,0.0,61800000.0
04/10/2021,49012.1938973548,62100.0,-100.0,-0.00161031,49091.2458229957,49091.2458229957,48458.8304178685,2400.0,148390000.0,0.0,0.0,2400.0,148390000.0,1000.0,0.0,0.0,-1000.0,62000000.0,0.0,0.0,-62000000.0
01/10/2021,49091.2458229957,62000.0,100.0,0.0016129,52411.4266999133,52411.4266999133,45612.9610947963,33500.0,2114670000.0,0.0,0.0,33500.0,2114670000.0,2000.0,-2000.0,0.0,0.0,56410000.0,-126600000.0,0.0,70190000.0
30/09/2021,49012.1938973548,60300.0,1700.0,0.02819237,49802.7131537637,49802.7131537637,49012.1938973548,2100.0,131980000.0,0.0,0.0,2100.0,131980000.0,-1000.0,1000.0,0.0,0.0,-62800000.0,62800000.0,0.0,0.0
29/09/2021,47668.3111614596,62600.0,-2300.0,-0.03674121,47589.2592358186,49723.6612281228,47035.8957563324,2600.0,157410000.0,0.0,0.0,2600.0,157410000.0,2000.0,0.0,0.0,-2000.0,119950000.0,0.0,0.0,-119950000.0
28/09/2021,49486.5054512002,59000.0,3600.0,0.06101695,47826.4150127413,49802.7131537637,47826.4150127413,6200.0,388460000.0,0.0,0.0,6200.0,388460000.0,-1000.0,0.0,0.0,1000.0,-62600000.0,0.0,0.0,62600000.0
23/09/2021,49170.2977486365,62100.0,100.0,0.00161031,49012.1938973548,49407.4535255592,49012.1938973548,6100.0,379080000.0,0.0,0.0,6100.0,379080000.0,-200.0,0.0,0.0,200.0,-12500000.0,0.0,0.0,12500000.0
22/09/2021,49091.2458229957,62300.0,-200.0,-0.00321027,49249.3496742775,50593.2324101727,48300.7265665867,5900.0,368580000.0,0.0,0.0,5900.0,368580000.0,800.0,0.0,0.0,-800.0,47750000.0,0.0,0.0,-47750000.0
21/09/2021,49249.3496742775,63400.0,-1100.0,-0.0174,49012.1938973548,49802.7131537637,48616.9342691503,8700.0,540100000.0,0.0,0.0,8700.0,540100000.0,900.0,0.0,0.0,-900.0,55850000.0,0.0,0.0,-55850000.0
16/09/2021,50672.2843358136,67300.0,-3200.0,-0.04754829,53992.4652127312,53992.4652127312,50593.2324101727,22100.0,1474120000.0,0.0,0.0,22100.0,1474120000.0,-2600.0,2000.0,0.0,600.0,-174600000.0,134000000.0,0.0,40600000.0
15/09/2021,53201.9459563222,65100.0,2200.0,0.03379416,55020.1402460628,55020.1402460628,51699.9593691451,49400.0,3389160000.0,0.0,0.0,49400.0,3389160000.0,-20300.0,14400.0,0.0,5900.0,-1402880000.0,994150000.0,0.0,408730000.0
14/09/2021,51462.8035922225,60900.0,4200.0,0.06896552,50909.4401127362,51462.8035922225,50909.4401127362,25800.0,1675930000.0,0.0,0.0,25800.0,1675930000.0,-7200.0,7700.0,0.0,-500.0,-468720000.0,501270000.0,0.0,-32550000.0
13/09/2021,48142.6227153049,57000.0,3900.0,0.06842105,45217.7014665918,48142.6227153049,45217.7014665918,28000.0,1670170000.0,0.0,0.0,28000.0,1670170000.0,-700.0,0.0,0.0,700.0,-41730000.0,0.0,0.0,41730000.0
07/09/2021,44348.130284542,56000.0,100.0,0.00178571,44348.130284542,44664.3379871055,44348.130284542,3100.0,174740000.0,0.0,0.0,3100.0,174740000.0,-300.0,0.0,0.0,300.0,-16940000.0,0.0,0.0,16940000.0
01/09/2021,44269.0783589011,56000.0,0.0,0.0,44664.3379871055,44980.5456896691,43557.6110281331,3500.0,197110000.0,0.0,0.0,3500.0,197110000.0,600.0,0.0,0.0,-600.0,32900000.0,0.0,0.0,-32900000.0
30/08/2021,42925.1956230059,54100.0,200.0,0.00369686,42767.0917717241,42925.1956230059,42688.0398460832,800.0,43360000.0,29930.0,1619213000.0,30730.0,1662573000.0,300.0,0.0,0.0,-300.0,16290000.0,0.0,0.0,-16290000.0
26/08/2021,43399.5071768512,53900.0,1000.0,0.01855288,42608.9879204422,43399.5071768512,42608.9879204422,1500.0,81150000.0,0.0,0.0,1500.0,81150000.0,-800.0,0.0,0.0,800.0,-43120000.0,0.0,0.0,43120000.0
16/08/2021,45612.9610947963,57600.0,100.0,0.00173611,46561.584202487,46561.584202487,45296.7533922327,4500.0,259170000.0,0.0,0.0,4500.0,259170000.0,400.0,0.0,0.0,-400.0,23020000.0,0.0,0.0,-23020000.0
13/08/2021,45533.9091691554,57700.0,-100.0,-0.0017331,45692.0130204372,45692.0130204372,44269.0783589011,6500.0,370760000.0,0.0,0.0,6500.0,370760000.0,100.0,0.0,0.0,-100.0,5780000.0,0.0,0.0,-5780000.0
10/08/2021,44110.9745076193,55000.0,800.0,0.01454545,43794.7668050557,44110.9745076193,43083.2994742877,4900.0,272640000.0,0.0,0.0,4900.0,272640000.0,-500.0,0.0,0.0,500.0,-27600000.0,0.0,0.0,27600000.0
05/08/2021,42688.0398460832,53000.0,1000.0,0.01886792,41897.5205896742,42688.0398460832,41739.4167383925,7500.0,398060000.0,0.0,0.0,7500.0,398060000.0,500.0,0.0,0.0,-500.0,26400000.0,0.0,0.0,-26400000.0
04/08/2021,41897.5205896742,53000.0,0.0,0.0,41897.5205896742,42213.7282922378,41344.157110188,3900.0,205550000.0,0.0,0.0,3900.0,205550000.0,200.0,0.0,0.0,-200.0,10460000.0,0.0,0.0,-10460000.0
29/07/2021,43004.2475486467,51500.0,2900.0,0.05631068,41897.5205896742,43478.5591024921,41897.5205896742,9500.0,515640000.0,0.0,0.0,9500.0,515640000.0,100.0,0.0,0.0,-100.0,5380000.0,0.0,0.0,-5380000.0
28/07/2021,40711.7417050608,48200.0,3300.0,0.06846473,39367.8589691656,40711.7417050608,39367.8589691656,9600.0,491250000.0,0.0,0.0,9600.0,491250000.0,-100.0,-100.0,-100.0,200.0,-5250000.0,-4980000.0,-4980000.0,10230000.0
27/07/2021,38103.0281589113,50900.0,-2700.0,-0.05304519,40237.4301512154,40316.4820768563,37510.1387166046,66000.0,3294230000.0,0.0,0.0,66000.0,3294230000.0,47300.0,-47900.0,0.0,600.0,2347400000.0,-2377710000.0,0.0,30310000.0
26/07/2021,40237.4301512154,51900.0,-1000.0,-0.01926782,40948.8974819835,40948.8974819835,40237.4301512154,30100.0,1535800000.0,0.0,0.0,30100.0,1535800000.0,1200.0,-1300.0,0.0,100.0,61480000.0,-66580000.0,0.0,5100000.0
23/07/2021,41027.9494076244,52000.0,-100.0,-0.00192308,41107.0013332653,41107.0013332653,40711.7417050608,2500.0,129530000.0,0.0,0.0,2500.0,129530000.0,1300.0,-1200.0,-100.0,-100.0,67360000.0,-62170000.0,-5190000.0,-5190000.0
22/07/2021,41107.0013332653,51300.0,700.0,0.01364522,40553.637853779,41581.3128871107,40553.637853779,8700.0,451650000.0,0.0,0.0,8700.0,451650000.0,6600.0,-6700.0,0.0,100.0,341980000.0,-347110000.0,0.0,5130000.0
21/07/2021,40553.637853779,51300.0,0.0,0.0,41897.5205896742,41897.5205896742,40553.637853779,3000.0,156370000.0,0.0,0.0,3000.0,156370000.0,1100.0,-1300.0,0.0,200.0,56920000.0,-67220000.0,0.0,10300000.0
20/07/2021,40553.637853779,51300.0,0.0,0.0,39209.7551178838,40711.7417050608,39130.7031922429,10100.0,510570000.0,0.0,0.0,10100.0,510570000.0,4800.0,-5000.0,0.0,200.0,241870000.0,-251910000.0,0.0,10040000.0
19/07/2021,40553.637853779,53700.0,-2400.0,-0.04469274,41344.157110188,41897.5205896742,40316.4820768563,8000.0,414270000.0,0.0,0.0,8000.0,414270000.0,2200.0,-2300.0,0.0,100.0,114350000.0,-119450000.0,0.0,5100000.0
16/07/2021,42450.8840691605,54000.0,-300.0,-0.00555556,42846.143697365,42846.143697365,42292.7802178787,8300.0,446100000.0,0.0,0.0,8300.0,446100000.0,4100.0,-4100.0,0.0,0.0,220550000.0,-220550000.0,0.0,0.0
15/07/2021,42688.0398460832,54500.0,-500.0,-0.00917431,43162.3513999286,43162.3513999286,41344.157110188,16300.0,871410000.0,0.0,0.0,16300.0,871410000.0,9600.0,-9700.0,0.0,100.0,515460000.0,-520910000.0,0.0,5450000.0
14/07/2021,43083.2994742877,54500.0,0.0,0.0,43083.2994742877,43162.3513999286,42925.1956230059,12600.0,686700000.0,0.0,0.0,12600.0,686700000.0,10000.0,-9900.0,0.0,-100.0,545020000.0,-539590000.0,0.0,-5430000.0
13/07/2021,43083.2994742877,54200.0,300.0,0.00553506,44901.4937640283,44901.4937640283,42925.1956230059,2500.0,136760000.0,0.0,0.0,2500.0,136760000.0,1700.0,-1700.0,0.0,0.0,92930000.0,-92930000.0,0.0,0.0
12/07/2021,42846.143697365,58200.0,-4000.0,-0.06872852,44269.0783589011,44901.4937640283,42846.143697365,8500.0,469520000.0,0.0,0.0,8500.0,469520000.0,1300.0,-1500.0,0.0,200.0,70970000.0,-82170000.0,0.0,11200000.0
09/07/2021,46008.2207230007,58500.0,-300.0,-0.00512821,46324.4284255644,46324.4284255644,45929.1687973599,9600.0,559540000.0,0.0,0.0,9600.0,559540000.0,5000.0,-4100.0,0.0,-900.0,291640000.0,-238930000.0,0.0,-52710000.0
08/07/2021,46245.3764999234,61500.0,-3000.0,-0.04878049,47431.1553845369,47826.4150127413,46245.3764999234,6200.0,369380000.0,0.0,0.0,6200.0,369380000.0,3100.0,-3100.0,0.0,0.0,184750000.0,-184750000.0,0.0,0.0
07/07/2021,48616.9342691503,62100.0,-600.0,-0.00966184,46008.2207230007,49091.2458229957,46008.2207230007,5100.0,303330000.0,0.0,0.0,5100.0,303330000.0,3300.0,-3300.0,-100.0,0.0,194950000.0,-194950000.0,-5820000.0,0.0
06/07/2021,49091.2458229957,61200.0,900.0,0.01470588,47984.5188640231,49091.2458229957,47984.5188640231,17800.0,1083270000.0,0.0,0.0,17800.0,1083270000.0,5400.0,-5400.0,0.0,0.0,328190000.0,-328190000.0,0.0,0.0
05/07/2021,48379.7784922276,62000.0,-800.0,-0.0129,49012.1938973548,49091.2458229957,48379.7784922276,14800.0,912730000.0,0.0,0.0,14800.0,912730000.0,7400.0,-7400.0,0.0,0.0,457600000.0,-457600000.0,0.0,0.0
02/07/2021,49012.1938973548,62000.0,0.0,0.0,49407.4535255592,50197.9727819682,49012.1938973548,16000.0,993710000.0,0.0,0.0,16000.0,993710000.0,14700.0,-15500.0,0.0,800.0,912720000.0,-962420000.0,0.0,49700000.0
01/07/2021,49012.1938973548,65600.0,-3600.0,-0.05487805,51383.7516665816,51383.7516665816,49012.1938973548,40000.0,2503490000.0,0.0,0.0,40000.0,2503490000.0,39200.0,-39000.0,0.0,-200.0,2453560000.0,-2440650000.0,0.0,-12910000.0
29/06/2021,51858.063220427,65500.0,100.0,0.0015,51779.0112947861,52490.4786255541,51779.0112947861,8500.0,557200000.0,0.0,0.0,8500.0,557200000.0,-100.0,0.0,0.0,100.0,-6640000.0,0.0,0.0,6640000.0
25/06/2021,52016.1670717088,64000.0,1800.0,0.028125,50593.2324101727,52490.4786255541,50593.2324101727,2900.0,187670000.0,0.0,0.0,2900.0,187670000.0,-600.0,0.0,0.0,600.0,-38640000.0,0.0,0.0,38640000.0
24/06/2021,50593.2324101727,67000.0,-3000.0,-0.04477612,51383.7516665816,51937.1151460679,50197.9727819682,7700.0,495270000.0,0.0,0.0,7700.0,495270000.0,-300.0,0.0,0.0,300.0,-19710000.0,0.0,0.0,19710000.0
21/06/2021,53360.049807604,64000.0,3500.0,0.0546875,50593.2324101727,53360.049807604,50593.2324101727,25900.0,1707890000.0,0.0,0.0,25900.0,1707890000.0,-1200.0,0.0,0.0,1200.0,-76900000.0,0.0,0.0,76900000.0
18/06/2021,50593.2324101727,62100.0,1900.0,0.03059581,49170.2977486365,50909.4401127362,49091.2458229957,9700.0,615470000.0,0.0,0.0,9700.0,615470000.0,100.0,0.0,0.0,-100.0,6210000.0,0.0,0.0,-6210000.0
17/06/2021,49091.2458229957,62300.0,-200.0,-0.00321027,48616.9342691503,49170.2977486365,48616.9342691503,2100.0,129870000.0,0.0,0.0,2100.0,129870000.0,100.0,0.0,0.0,-100.0,6160000.0,0.0,0.0,-6160000.0
16/06/2021,49249.3496742775,62500.0,-200.0,-0.0032,48221.6746409458,49249.3496742775,48221.6746409458,1000.0,61700000.0,0.0,0.0,1000.0,61700000.0,100.0,0.0,0.0,-100.0,6110000.0,0.0,0.0,-6110000.0
11/06/2021,49407.4535255592,63000.0,-500.0,-0.00793651,49012.1938973548,49407.4535255592,48616.9342691503,6100.0,377480000.0,0.0,0.0,6100.0,377480000.0,-1200.0,0.0,0.0,1200.0,-74040000.0,0.0,0.0,74040000.0
10/06/2021,49802.7131537637,60800.0,2200.0,0.03618421,48221.6746409458,49802.7131537637,48063.570789664,3100.0,191350000.0,0.0,0.0,3100.0,191350000.0,-100.0,0.0,0.0,100.0,-6090000.0,0.0,0.0,6090000.0
07/06/2021,47984.5188640231,60500.0,200.0,0.00330579,47826.4150127413,47984.5188640231,47589.2592358186,4500.0,272270000.0,0.0,0.0,4500.0,272270000.0,3800.0,0.0,0.0,-3800.0,229900000.0,0.0,0.0,-229900000.0
04/06/2021,47826.4150127413,62500.0,-2000.0,-0.032,48300.7265665867,48300.7265665867,47826.4150127413,12200.0,741860000.0,0.0,0.0,12200.0,741860000.0,12200.0,0.0,0.0,-12200.0,741860000.0,0.0,0.0,-741860000.0
03/06/2021,49407.4535255592,62500.0,0.0,0.0,48300.7265665867,49802.7131537637,48300.7265665867,15200.0,931030000.0,0.0,0.0,15200.0,931030000.0,14100.0,0.0,0.0,-14100.0,862260000.0,0.0,0.0,-862260000.0
01/06/2021,49486.5054512002,60700.0,1900.0,0.03130148,48221.6746409458,49486.5054512002,48221.6746409458,1100.0,67450000.0,0.0,0.0,1100.0,67450000.0,300.0,0.0,0.0,-300.0,18320000.0,0.0,0.0,-18320000.0
31/05/2021,47984.5188640231,62800.0,-2100.0,-0.03343949,49644.6093024819,49644.6093024819,47984.5188640231,1100.0,68870000.0,0.0,0.0,1100.0,68870000.0,200.0,0.0,0.0,-200.0,12560000.0,0.0,0.0,-12560000.0
28/05/2021,49644.6093024819,61500.0,1300.0,0.02113821,47747.3630871004,52016.1670717088,47747.3630871004,6200.0,392560000.0,0.0,0.0,6200.0,392560000.0,1600.0,0.0,0.0,-1600.0,103030000.0,0.0,0.0,-103030000.0
27/05/2021,48616.9342691503,61900.0,-400.0,-0.00646204,48933.1419717138,48933.1419717138,48616.9342691503,1300.0,80230000.0,0.0,0.0,1300.0,80230000.0,-600.0,0.0,0.0,600.0,-36900000.0,0.0,0.0,36900000.0
20/05/2021,48221.6746409458,62500.0,-1500.0,-0.024,49012.1938973548,49170.2977486365,47826.4150127413,2000.0,123240000.0,0.0,0.0,2000.0,123240000.0,-100.0,0.0,0.0,100.0,-6220000.0,0.0,0.0,6220000.0
18/05/2021,49407.4535255592,61600.0,900.0,0.01461039,48695.9861947912,49407.4535255592,48695.9861947912,4700.0,289700000.0,0.0,0.0,4700.0,289700000.0,-100.0,0.0,0.0,100.0,-6170000.0,0.0,0.0,6170000.0
12/05/2021,50593.2324101727,65200.0,-1200.0,-0.01840491,50751.3362614544,51541.8555178634,47984.5188640231,20300.0,1282600000.0,0.0,0.0,20300.0,1282600000.0,19700.0,0.0,0.0,-19700.0,1244530000.0,0.0,0.0,-1244530000.0
11/05/2021,51541.8555178634,65300.0,-100.0,-0.00153139,51541.8555178634,51541.8555178634,50751.3362614544,2200.0,142560000.0,0.0,0.0,2200.0,142560000.0,1000.0,0.0,0.0,-1000.0,64680000.0,0.0,0.0,-64680000.0
10/05/2021,51620.9074435043,66700.0,-1400.0,-0.02098951,51146.5958896589,51620.9074435043,50830.3881870954,3700.0,240410000.0,0.0,0.0,3700.0,240410000.0,1100.0,0.0,0.0,-1100.0,70850000.0,0.0,0.0,-70850000.0
04/05/2021,52964.7901793995,67000.0,0.0,0.0,52885.7382537586,52964.7901793995,50909.4401127362,3500.0,232110000.0,0.0,0.0,3500.0,232110000.0,200.0,0.0,0.0,-200.0,13040000.0,0.0,0.0,-13040000.0
27/04/2021,53122.8940306813,67100.0,100.0,0.00149031,53122.8940306813,53122.8940306813,53043.8421050404,700.0,47000000.0,0.0,0.0,700.0,47000000.0,-100.0,0.0,0.0,100.0,-6720000.0,0.0,0.0,6720000.0
19/04/2021,52964.7901793995,68900.0,-1900.0,-0.0275762,54466.7767665765,54466.7767665765,52569.530551195,6500.0,441320000.0,0.0,0.0,6500.0,441320000.0,300.0,0.0,0.0,-300.0,20100000.0,0.0,0.0,-20100000.0
16/04/2021,54466.7767665765,69000.0,-100.0,-0.00144928,54545.8286922174,54545.8286922174,54466.7767665765,6700.0,462270000.0,0.0,0.0,6700.0,462270000.0,100.0,-200.0,-200.0,100.0,6880000.0,-13780000.0,-13780000.0,6900000.0
13/04/2021,55731.6075768308,70500.0,0.0,0.0,56443.0749075988,56443.0749075988,55731.6075768308,2600.0,184550000.0,0.0,0.0,2600.0,184550000.0,-1000.0,0.0,0.0,1000.0,-71000000.0,0.0,0.0,71000000.0
12/04/2021,55731.6075768308,69800.0,700.0,0.01002865,55336.3479486263,55889.7114281126,51541.8555178634,18700.0,1299850000.0,0.0,0.0,18700.0,1299850000.0,9200.0,-5700.0,0.0,-3500.0,639090000.0,-396550000.0,0.0,-242540000.0
09/04/2021,55178.2440973446,70000.0,-200.0,-0.00285714,55336.3479486263,55336.3479486263,54941.0883204219,4100.0,286650000.0,0.0,0.0,4100.0,286650000.0,400.0,0.0,0.0,-400.0,27920000.0,0.0,0.0,-27920000.0
08/04/2021,55336.3479486263,69500.0,500.0,0.00719424,54545.8286922174,56126.8672050353,54545.8286922174,3200.0,223600000.0,0.0,0.0,3200.0,223600000.0,1500.0,0.0,0.0,-1500.0,104590000.0,0.0,0.0,-104590000.0
07/04/2021,54941.0883204219,69400.0,100.0,0.00144092,54862.0363947809,56522.1268332398,54545.8286922174,12300.0,852700000.0,0.0,0.0,12300.0,852700000.0,1600.0,0.0,0.0,-1600.0,110640000.0,0.0,0.0,-110640000.0
06/04/2021,54862.0363947809,70000.0,-600.0,-0.00857143,55336.3479486263,56917.3864614442,54703.9325434992,6900.0,483570000.0,0.0,0.0,6900.0,483570000.0,1300.0,0.0,0.0,-1300.0,90780000.0,0.0,0.0,-90780000.0
02/04/2021,53834.3613614494,71200.0,-3100.0,-0.04353933,56917.3864614442,57075.490312726,53834.3613614494,15300.0,1091910000.0,0.0,0.0,15300.0,1091910000.0,900.0,0.0,0.0,-900.0,63900000.0,0.0,0.0,-63900000.0
01/04/2021,56284.9710563171,71000.0,200.0,0.0028169,56522.1268332398,56522.1268332398,56126.8672050353,2300.0,163810000.0,0.0,0.0,2300.0,163810000.0,300.0,0.0,0.0,-300.0,21320000.0,0.0,0.0,-21320000.0
31/03/2021,56126.8672050353,71000.0,0.0,0.0,56205.9191306762,56364.022981958,56126.8672050353,11200.0,795760000.0,0.0,0.0,11200.0,795760000.0,0.0,-100.0,-100.0,100.0,0.0,-7100000.0,-7100000.0,7100000.0
30/03/2021,56126.8672050353,71100.0,-100.0,-0.00140647,55652.5556511899,56284.9710563171,55652.5556511899,7000.0,496660000.0,0.0,0.0,7000.0,496660000.0,100.0,0.0,0.0,-100.0,7050000.0,0.0,0.0,-7050000.0
25/03/2021,56443.0749075988,70700.0,700.0,0.00990099,56443.0749075988,56443.0749075988,56443.0749075988,300.0,21420000.0,0.0,0.0,300.0,21420000.0,100.0,0.0,0.0,-100.0,7140000.0,0.0,0.0,-7140000.0
19/03/2021,56917.3864614442,71500.0,500.0,0.00699301,56838.3345358033,56917.3864614442,52964.7901793995,15900.0,1118720000.0,0.0,0.0,15900.0,1118720000.0,8000.0,-10000.0,0.0,2000.0,551600000.0,-695550000.0,0.0,143950000.0
18/03/2021,56522.1268332398,72000.0,-500.0,-0.00694444,56522.1268332398,56601.1787588807,56522.1268332398,11400.0,815400000.0,0.0,0.0,11400.0,815400000.0,4200.0,-4200.0,0.0,0.0,300480000.0,-300480000.0,0.0,0.0
17/03/2021,56917.3864614442,71000.0,1000.0,0.01408451,57312.6460896487,57312.6460896487,56126.8672050353,8300.0,594850000.0,0.0,0.0,8300.0,594850000.0,5800.0,-5800.0,0.0,0.0,414150000.0,-414150000.0,0.0,0.0
15/03/2021,57312.6460896487,71400.0,1100.0,0.01540616,56443.0749075988,57312.6460896487,56205.9191306762,700.0,50120000.0,0.0,0.0,700.0,50120000.0,-100.0,0.0,0.0,100.0,-7250000.0,0.0,0.0,7250000.0
11/03/2021,56522.1268332398,72500.0,-1000.0,-0.0137931,57312.6460896487,57707.9057178532,54782.9844691401,2800.0,201570000.0,0.0,0.0,2800.0,201570000.0,1700.0,0.0,0.0,-1700.0,121630000.0,0.0,0.0,-121630000.0
10/03/2021,57312.6460896487,71000.0,1500.0,0.02112676,56126.8672050353,57312.6460896487,56126.8672050353,1000.0,71440000.0,0.0,0.0,1000.0,71440000.0,0.0,-100.0,-100.0,100.0,-50000.0,-7100000.0,-7100000.0,7150000.0
09/03/2021,56126.8672050353,71400.0,-400.0,-0.00560224,57707.9057178532,57707.9057178532,56126.8672050353,4200.0,299480000.0,0.0,0.0,4200.0,299480000.0,1000.0,0.0,0.0,-1000.0,71200000.0,0.0,0.0,-71200000.0
08/03/2021,56443.0749075988,72800.0,-1400.0,-0.01923077,60079.46348708,60079.46348708,56126.8672050353,5100.0,370050000.0,0.0,0.0,5100.0,370050000.0,1400.0,0.0,0.0,-1400.0,100110000.0,0.0,0.0,-100110000.0
04/03/2021,54387.7248409356,73900.0,-5100.0,-0.06901218,58419.3730486212,58419.3730486212,54387.7248409356,14300.0,995820000.0,0.0,0.0,14300.0,995820000.0,14200.0,0.0,0.0,-14200.0,988430000.0,0.0,0.0,-988430000.0
03/03/2021,58419.3730486212,72800.0,1100.0,0.01510989,57549.8018665714,58498.4249742621,56601.1787588807,6900.0,497870000.0,0.0,0.0,6900.0,497870000.0,1300.0,0.0,0.0,-1300.0,93840000.0,0.0,0.0,-93840000.0
02/03/2021,57549.8018665714,73600.0,-800.0,-0.01086957,58182.2172716986,58893.6846024666,57549.8018665714,700.0,51530000.0,0.0,0.0,700.0,51530000.0,-400.0,0.0,0.0,400.0,-29520000.0,0.0,0.0,29520000.0
26/02/2021,57312.6460896487,73000.0,-500.0,-0.00684932,56126.8672050353,58498.4249742621,56126.8672050353,2300.0,165370000.0,0.0,0.0,2300.0,165370000.0,200.0,0.0,0.0,-200.0,14600000.0,0.0,0.0,-14600000.0
19/02/2021,58498.4249742621,74000.0,0.0,0.0,60395.6711896436,60395.6711896436,58498.4249742621,400.0,30000000.0,0.0,0.0,400.0,30000000.0,-100.0,0.0,0.0,100.0,-7550000.0,0.0,0.0,7550000.0
18/02/2021,58498.4249742621,75666.0,-1666.0,-0.02201782,58498.4249742621,61660.5019998979,58498.4249742621,7100.0,525890000.0,0.0,0.0,7100.0,525890000.0,7000.0,-7000.0,0.0,0.0,518090000.0,-518090000.0,0.0,0.0
17/02/2021,59815.5486333279,74900.0,3600.0,0.04806409,60882.3227490816,60882.3227490816,57910.5948551965,9100.0,718010000.0,0.0,0.0,9100.0,718010000.0,-100.0,0.0,0.0,100.0,-7750000.0,0.0,0.0,7750000.0
04/02/2021,57605.8022506954,70700.0,4900.0,0.06930693,57605.8022506954,57605.8022506954,57148.6133439438,5100.0,385020000.0,0.0,0.0,5100.0,385020000.0,-2100.0,0.0,0.0,2100.0,-158580000.0,0.0,0.0,158580000.0
03/02/2021,53872.0928455578,75000.0,-4300.0,-0.05733333,55319.8577169376,59358.3597265764,53338.7057876809,18500.0,1326860000.0,0.0,0.0,18500.0,1326860000.0,13900.0,-100.0,-100.0,-13800.0,994200000.0,-7260000.0,-7260000.0,-986940000.0
02/02/2021,57148.6133439438,74200.0,800.0,0.01078167,58672.576366449,58672.576366449,57148.6133439438,1400.0,107000000.0,0.0,0.0,1400.0,107000000.0,300.0,0.0,0.0,-300.0,22500000.0,0.0,0.0,-22500000.0
01/02/2021,56539.0281349418,74100.0,100.0,0.00134953,56462.8299838165,56615.226286067,56462.8299838165,1100.0,81620000.0,0.0,0.0,1100.0,81620000.0,400.0,0.0,0.0,-400.0,29690000.0,0.0,0.0,-29690000.0
28/01/2021,56386.6318326913,79000.0,-5000.0,-0.06329114,60196.5393889542,60196.5393889542,56005.641077065,6100.0,452760000.0,0.0,0.0,6100.0,452760000.0,900.0,0.0,0.0,-900.0,67500000.0,0.0,0.0,-67500000.0
27/01/2021,60196.5393889542,80000.0,-1000.0,-0.0125,60958.5209002068,60958.5209002068,60196.5393889542,2800.0,222960000.0,0.0,0.0,2800.0,222960000.0,100.0,0.0,0.0,-100.0,8000000.0,0.0,0.0,-8000000.0
26/01/2021,60958.5209002068,81500.0,-1500.0,-0.01840491,62101.4931670857,62101.4931670857,60958.5209002068,1800.0,144440000.0,0.0,0.0,1800.0,144440000.0,1000.0,0.0,0.0,-1000.0,80060000.0,0.0,0.0,-80060000.0
25/01/2021,62101.4931670857,80000.0,1500.0,0.01875,60958.5209002068,62101.4931670857,57377.2077973196,4400.0,346390000.0,0.0,0.0,4400.0,346390000.0,2000.0,0.0,0.0,-2000.0,156210000.0,0.0,0.0,-156210000.0
22/01/2021,60958.5209002068,80700.0,-700.0,-0.0086741,60958.5209002068,60958.5209002068,60958.5209002068,1200.0,96000000.0,0.0,0.0,1200.0,96000000.0,100.0,-100.0,-100.0,0.0,8000000.0,-8000000.0,-8000000.0,0.0
21/01/2021,61491.9079580836,80000.0,700.0,0.00875,60958.5209002068,62939.6728294635,60958.5209002068,8400.0,678290000.0,0.0,0.0,8400.0,678290000.0,1100.0,0.0,0.0,-1100.0,88550000.0,0.0,0.0,-88550000.0
20/01/2021,60958.5209002068,81000.0,-1000.0,-0.01234568,61872.8987137099,63244.4654339645,60958.5209002068,4900.0,393450000.0,0.0,0.0,4900.0,393450000.0,2900.0,-2000.0,0.0,-900.0,232000000.0,-160000000.0,0.0,-72000000.0
19/01/2021,61720.5024114594,83000.0,-2000.0,-0.02409639,62634.8802249625,62634.8802249625,60958.5209002068,3600.0,292200000.0,0.0,0.0,3600.0,292200000.0,0.0,0.0,0.0,0.0,-280000.0,0.0,0.0,280000.0
18/01/2021,63244.4654339645,82400.0,600.0,0.00728155,60958.5209002068,63244.4654339645,60958.5209002068,9100.0,737710000.0,0.0,0.0,9100.0,737710000.0,6900.0,-7200.0,0.0,300.0,558650000.0,-582500000.0,0.0,23850000.0
15/01/2021,62787.2765272131,83000.0,-600.0,-0.0072,62558.6820738372,62863.4746783382,62482.4839227119,2400.0,197200000.0,0.0,0.0,2400.0,197200000.0,200.0,-1000.0,0.0,800.0,16650000.0,-82250000.0,0.0,65600000.0
14/01/2021,63244.4654339645,80500.0,2500.0,0.0311,65149.419212096,65149.419212096,61339.5116558331,14000.0,1181210000.0,0.0,0.0,14000.0,1181210000.0,-9300.0,0.0,0.0,9300.0,-798300000.0,0.0,0.0,798300000.0
13/01/2021,61339.5116558331,78000.0,2500.0,0.03205128,63092.069131714,63092.069131714,59434.5578777016,5300.0,418210000.0,0.0,0.0,5300.0,418210000.0,3200.0,-3000.0,0.0,-200.0,251500000.0,-236000000.0,0.0,-15500000.0
12/01/2021,59434.5578777016,79300.0,-1300.0,-0.01639344,57148.6133439438,59434.5578777016,57148.6133439438,7800.0,601260000.0,0.0,0.0,7800.0,601260000.0,7600.0,-7700.0,0.0,100.0,585960000.0,-593460000.0,0.0,7500000.0
11/01/2021,60425.1338423299,83500.0,-4200.0,-0.0502994,62482.4839227119,62482.4839227119,59205.9634243258,3000.0,238440000.0,0.0,0.0,3000.0,238440000.0,2100.0,0.0,0.0,-2100.0,166220000.0,0.0,0.0,-166220000.0
07/01/2021,60120.341237829,76400.0,2500.0,0.0327,60120.341237829,60120.341237829,59282.1615754511,9200.0,723710000.0,0.0,0.0,9200.0,723710000.0,100.0,0.0,0.0,-100.0,7260000.0,0.0,0.0,-7260000.0
06/01/2021,58215.3874596975,76600.0,-200.0,-0.00261097,60196.5393889542,60196.5393889542,57910.5948551965,1100.0,84560000.0,0.0,0.0,1100.0,84560000.0,-100.0,0.0,0.0,100.0,-7660000.0,0.0,0.0,7660000.0
05/01/2021,58367.7837619479,76500.0,100.0,0.00130719,58139.1893085722,58367.7837619479,58139.1893085722,2000.0,152730000.0,0.0,0.0,2000.0,152730000.0,1000.0,0.0,0.0,-1000.0,76210000.0,0.0,0.0,-76210000.0
31/12/2020,58824.9726686995,78200.0,-1000.0,-0.01278772,57986.7930063216,59434.5578777016,57910.5948551965,1230.0,94222000.0,0.0,0.0,1230.0,94222000.0,-50.0,0.0,0.0,50.0,-3900000.0,0.0,0.0,3900000.0
30/12/2020,59586.9541799521,76000.0,2200.0,0.02894737,57224.8114950691,60196.5393889542,57224.8114950691,2000.0,153375000.0,0.0,0.0,2000.0,153375000.0,100.0,0.0,0.0,-100.0,7600000.0,0.0,0.0,-7600000.0
23/12/2020,57910.5948551965,76700.0,-700.0,-0.00912647,55777.0466236892,60196.5393889542,55777.0466236892,1120.0,84691000.0,0.0,0.0,1120.0,84691000.0,-60.0,0.0,0.0,60.0,-4505000.0,0.0,0.0,4505000.0
21/12/2020,58443.9819130733,75200.0,1500.0,0.01994681,60196.5393889542,60196.5393889542,57148.6133439438,8330.0,630734000.0,0.0,0.0,8330.0,630734000.0,7100.0,-7000.0,0.0,-100.0,534125000.0,-526275000.0,0.0,-7850000.0
18/12/2020,57301.0096461944,74500.0,700.0,0.00939597,60729.926446831,60729.926446831,57301.0096461944,5300.0,405102000.0,0.0,0.0,5300.0,405102000.0,520.0,-520.0,0.0,0.0,39520000.0,-39520000.0,0.0,0.0
16/12/2020,57148.6133439438,76000.0,-1000.0,-0.01315789,57910.5948551965,58672.576366449,57148.6133439438,3680.0,280169000.0,0.0,0.0,3680.0,280169000.0,600.0,0.0,0.0,-600.0,45100000.0,0.0,0.0,-45100000.0
15/12/2020,57910.5948551965,76900.0,-900.0,-0.01170351,57834.3967040712,57910.5948551965,57148.6133439438,3550.0,268575000.0,0.0,0.0,3550.0,268575000.0,-100.0,0.0,0.0,100.0,-7590000.0,0.0,0.0,7590000.0
14/12/2020,58596.3782153238,72600.0,4300.0,0.05922865,55319.8577169376,58596.3782153238,55319.8577169376,5960.0,446732000.0,0.0,0.0,5960.0,446732000.0,-2350.0,0.0,0.0,2350.0,-179561000.0,0.0,0.0,179561000.0
11/12/2020,55319.8577169376,74000.0,-1400.0,-0.01891892,53491.1020899314,56386.6318326913,53491.1020899314,3080.0,223649000.0,0.0,0.0,3080.0,223649000.0,2290.0,0.0,0.0,-2290.0,165701000.0,0.0,0.0,-165701000.0
10/12/2020,56386.6318326913,75000.0,-1000.0,-0.01333333,57148.6133439438,57148.6133439438,56386.6318326913,2060.0,152600000.0,0.0,0.0,2060.0,152600000.0,-280.0,0.0,0.0,280.0,-20720000.0,0.0,0.0,20720000.0
09/12/2020,57148.6133439438,75500.0,-500.0,-0.00662252,55853.2447748145,57148.6133439438,55853.2447748145,1280.0,95525000.0,0.0,0.0,1280.0,95525000.0,-140.0,0.0,0.0,140.0,-10466000.0,0.0,0.0,10466000.0
08/12/2020,57529.6040995702,75000.0,500.0,0.00666667,57148.6133439438,58520.1800641985,56386.6318326913,6240.0,471289000.0,0.0,0.0,6240.0,471289000.0,1830.0,0.0,0.0,-1830.0,137731000.0,0.0,0.0,-137731000.0
07/12/2020,57148.6133439438,73400.0,1600.0,0.02179837,55929.4429259397,58824.9726686995,55929.4429259397,4290.0,324802000.0,0.0,0.0,4290.0,324802000.0,-550.0,0.0,0.0,550.0,-40422000.0,0.0,0.0,40422000.0
04/12/2020,55929.4429259397,74000.0,-600.0,-0.00810811,56386.6318326913,56462.8299838165,55929.4429259397,790.0,58334000.0,0.0,0.0,790.0,58334000.0,220.0,0.0,0.0,-220.0,16162000.0,0.0,0.0,-16162000.0
03/12/2020,56386.6318326913,70100.0,3900.0,0.05563481,52576.7242764284,57148.6133439438,52576.7242764284,10970.0,778313000.0,0.0,0.0,10970.0,778313000.0,-110.0,0.0,0.0,110.0,-12928000.0,0.0,0.0,12928000.0
02/12/2020,53414.9039388062,70200.0,-100.0,-0.0014245,53491.1020899314,53491.1020899314,53338.7057876809,3170.0,222010000.0,0.0,0.0,3170.0,222010000.0,950.0,0.0,0.0,-950.0,66590000.0,0.0,0.0,-66590000.0
01/12/2020,53491.1020899314,70000.0,200.0,0.00285714,52271.9316719272,53491.1020899314,52271.9316719272,4050.0,283602000.0,0.0,0.0,4050.0,283602000.0,1000.0,0.0,0.0,-1000.0,69900000.0,0.0,0.0,-69900000.0
27/11/2020,53567.3002410567,70000.0,300.0,0.00428571,52576.7242764284,53567.3002410567,52576.7242764284,4950.0,345657000.0,0.0,0.0,4950.0,345657000.0,-30.0,0.0,0.0,30.0,-2094000.0,0.0,0.0,2094000.0
24/11/2020,52576.7242764284,68500.0,500.0,0.00729927,52271.9316719272,52805.3187298041,52195.7335208021,3980.0,274341000.0,0.0,0.0,3980.0,274341000.0,-10.0,0.0,0.0,10.0,-685000.0,0.0,0.0,685000.0
20/11/2020,52652.9224275536,69100.0,0.0,0.0,53186.3094854304,53186.3094854304,52652.9224275536,3300.0,228037000.0,0.0,0.0,3300.0,228037000.0,-230.0,0.0,0.0,230.0,-15893000.0,0.0,0.0,15893000.0
13/11/2020,53262.5076365558,70000.0,-100.0,-0.00142857,53338.7057876809,53338.7057876809,53262.5076365558,270.0,18887000.0,0.0,0.0,270.0,18887000.0,-10.0,0.0,0.0,10.0,-700000.0,0.0,0.0,700000.0
12/11/2020,53338.7057876809,70000.0,0.0,0.0,54634.0743568104,54634.0743568104,53338.7057876809,2230.0,158000000.0,0.0,0.0,2230.0,158000000.0,-2190.0,0.0,0.0,2190.0,-155684000.0,0.0,0.0,155684000.0
06/11/2020,54862.6688101861,69400.0,2600.0,0.03746398,52881.5168809294,54862.6688101861,52881.5168809294,1670.0,116985000.0,0.0,0.0,1670.0,116985000.0,-1530.0,0.0,0.0,1530.0,-107255000.0,0.0,0.0,107255000.0
29/10/2020,53262.5076365558,70700.0,-800.0,-0.01131542,53567.3002410567,53567.3002410567,52576.7242764284,2030.0,141880000.0,0.0,0.0,2030.0,141880000.0,-130.0,130.0,0.0,0.0,-9106000.0,9106000.0,0.0,0.0
23/10/2020,54100.6872989335,69000.0,2000.0,0.02898551,53338.7057876809,54100.6872989335,53338.7057876809,6330.0,443143000.0,0.0,0.0,6330.0,443143000.0,-70.0,0.0,0.0,70.0,-4943000.0,0.0,0.0,4943000.0
21/10/2020,52195.7335208021,70000.0,-1500.0,-0.02142857,53262.5076365558,53338.7057876809,52195.7335208021,3470.0,242808000.0,0.0,0.0,3470.0,242808000.0,-10.0,0.0,0.0,10.0,-699000.0,0.0,0.0,699000.0
20/10/2020,53338.7057876809,70000.0,0.0,0.0,51890.940916301,53338.7057876809,51890.940916301,10930.0,764123000.0,0.0,0.0,10930.0,764123000.0,1310.0,0.0,0.0,-1310.0,91505000.0,0.0,0.0,-91505000.0
15/10/2020,53719.6965433072,69500.0,1000.0,0.01438849,53338.7057876809,54100.6872989335,51357.5538584243,12250.0,852794000.0,0.0,0.0,12250.0,852794000.0,-2150.0,0.0,0.0,2150.0,-150327000.0,0.0,0.0,150327000.0
14/10/2020,52957.7150320546,69000.0,500.0,0.00724638,55319.8577169376,55319.8577169376,52957.7150320546,5500.0,382876000.0,0.0,0.0,5500.0,382876000.0,-330.0,0.0,0.0,330.0,-23257000.0,0.0,0.0,23257000.0
13/10/2020,52576.7242764284,71000.0,-2000.0,-0.02816901,54100.6872989335,54100.6872989335,52195.7335208021,2010.0,139582000.0,0.0,0.0,2010.0,139582000.0,120.0,110.0,0.0,-230.0,8285000.0,7585000.0,0.0,-15870000.0
12/10/2020,54100.6872989335,70000.0,1000.0,0.01428571,51052.7612539231,54862.6688101861,51052.7612539231,9250.0,645650000.0,0.0,0.0,9250.0,645650000.0,-2433.0,100.0,0.0,2240.0,-163774000.0,6900000.0,0.0,156874000.0
09/10/2020,53338.7057876809,72300.0,-2300.0,-0.03181189,54786.4706590609,54862.6688101861,51967.1390674263,3040.0,211681000.0,0.0,0.0,3040.0,211681000.0,-1080.0,1000.0,0.0,150.0,-75956000.0,70386000.0,0.0,10400000.0
08/10/2020,55091.2632635619,73500.0,-1200.0,-0.01632653,55624.6503214387,55624.6503214387,52576.7242764284,360.0,25505000.0,0.0,0.0,360.0,25505000.0,-110.0,0.0,0.0,100.0,-8029000.0,0.0,0.0,7300000.0
07/10/2020,56005.641077065,69700.0,3800.0,0.05451937,51814.7427651758,56005.641077065,51433.7520095495,4340.0,306640000.0,0.0,0.0,4340.0,306640000.0,-2590.0,2000.0,0.0,370.0,-187091000.0,147000000.0,0.0,25025000.0
06/10/2020,53110.1113343051,70800.0,-1100.0,-0.01553672,52576.7242764284,53338.7057876809,52119.5353696768,3480.0,240095000.0,0.0,0.0,3480.0,240095000.0,-950.0,0.0,0.0,920.0,-66128000.0,0.0,0.0,64047000.0
05/10/2020,53948.290996683,71800.0,-1000.0,-0.01392758,54481.6780545599,54481.6780545599,52195.7335208021,1380.0,98069000.0,0.0,0.0,1380.0,98069000.0,-200.0,0.0,0.0,-70.0,-14864000.0,0.0,0.0,-4495000.0
02/10/2020,54710.2725079355,73900.0,-2100.0,-0.02841678,56386.6318326913,56386.6318326913,54100.6872989335,2710.0,196486000.0,0.0,0.0,2710.0,196486000.0,-400.0,300.0,0.0,100.0,-28886000.0,21696000.0,0.0,7190000.0
01/10/2020,56310.4336815661,74300.0,-400.0,-0.00538358,54176.8854500587,56310.4336815661,54176.8854500587,3630.0,262851000.0,0.0,0.0,3630.0,262851000.0,-1690.0,1470.0,0.0,0.0,-124219000.0,108457000.0,0.0,0.0
30/09/2020,56615.226286067,75000.0,-700.0,-0.00933333,54329.2817523092,56615.226286067,54176.8854500587,5820.0,418968000.0,0.0,0.0,5820.0,418968000.0,-2730.0,1500.0,0.0,-20.0,-198180000.0,110109000.0,0.0,-1426000.0
29/09/2020,57148.6133439438,75000.0,0.0,0.0,55624.6503214387,57148.6133439438,53186.3094854304,23260.0,1682489000.0,0.0,0.0,23260.0,1682489000.0,-12960.0,12590.0,0.0,-1630.0,-948740000.0,930070000.0,0.0,-123330000.0
28/09/2020,57148.6133439438,72100.0,2900.0,0.04022191,58748.7745175743,58748.7745175743,54938.8669613113,19010.0,1425973000.0,0.0,0.0,19010.0,1425973000.0,1050.0,0.0,0.0,-800.0,78871000.0,0.0,0.0,-59991000.0
25/09/2020,54938.8669613113,67400.0,4700.0,0.06973294,51357.5538584243,54938.8669613113,51357.5538584243,20280.0,1459225000.0,0.0,0.0,20280.0,1459225000.0,490.0,0.0,0.0,-680.0,34427000.0,0.0,0.0,-48106000.0
24/09/2020,51357.5538584243,63000.0,4400.0,0.06984127,48385.8259645392,51357.5538584243,48385.8259645392,27210.0,1816595000.0,0.0,0.0,27210.0,1816595000.0,170.0,0.0,0.0,30.0,11560000.0,0.0,0.0,1920000.0
23/09/2020,48004.8352089128,61200.0,1800.0,0.02941176,46709.4666397834,49833.590835919,46709.4666397834,7480.0,469331000.0,0.0,0.0,7480.0,469331000.0,-510.0,0.0,0.0,250.0,-32255000.0,0.0,0.0,15819000.0
22/09/2020,46633.2684886582,60300.0,900.0,0.01492537,45947.4851285309,46633.2684886582,45947.4851285309,4720.0,287823000.0,0.0,0.0,4720.0,287823000.0,-10.0,0.0,0.0,0.0,-610000.0,0.0,0.0,0.0
21/09/2020,45947.4851285309,59600.0,700.0,0.01174497,45414.098070654,45947.4851285309,45414.098070654,3280.0,197021000.0,0.0,0.0,3280.0,197021000.0,-290.0,0.0,0.0,90.0,-17284000.0,0.0,0.0,5364000.0
18/09/2020,45414.098070654,59000.0,600.0,0.01016949,44575.9184082762,45414.098070654,44575.9184082762,1410.0,83322000.0,0.0,0.0,1410.0,83322000.0,-100.0,0.0,0.0,100.0,-5950000.0,0.0,0.0,5950000.0
17/09/2020,44956.9091639025,58000.0,1000.0,0.01724138,44575.9184082762,44956.9091639025,44194.9276526499,3890.0,228750000.0,0.0,0.0,3890.0,228750000.0,-50.0,0.0,0.0,50.0,-2920000.0,0.0,0.0,2920000.0
16/09/2020,44194.9276526499,58000.0,0.0,0.0,44575.9184082762,44575.9184082762,44194.9276526499,17200.0,997670000.0,0.0,0.0,17200.0,997670000.0,-40.0,0.0,0.0,0.0,-2340000.0,0.0,0.0,0.0
15/09/2020,44194.9276526499,57500.0,500.0,0.00869565,43813.9368970236,44194.9276526499,43813.9368970236,1320.0,76550000.0,0.0,0.0,1320.0,76550000.0,-90.0,0.0,0.0,100.0,-5220000.0,0.0,0.0,5800000.0
14/09/2020,43813.9368970236,57000.0,500.0,0.00877193,43432.9461413973,44956.9091639025,43432.9461413973,7600.0,439786000.0,0.0,0.0,7600.0,439786000.0,220.0,0.0,0.0,-550.0,12873000.0,0.0,0.0,-31826000.0
11/09/2020,43432.9461413973,56000.0,1000.0,0.01785714,44194.9276526499,44194.9276526499,43432.9461413973,570.0,32597000.0,0.0,0.0,570.0,32597000.0,-490.0,0.0,0.0,520.0,-28017000.0,0.0,0.0,29727000.0
09/09/2020,42899.5590835205,55900.0,400.0,0.00715564,42442.370176769,43128.1535368963,42289.9738745185,7960.0,446684000.0,0.0,0.0,7960.0,446684000.0,410.0,0.0,0.0,200.0,23079000.0,0.0,0.0,11110000.0
08/09/2020,42594.7664790195,55600.0,300.0,0.00539568,42670.9646301448,42670.9646301448,42289.9738745185,1590.0,88345000.0,0.0,0.0,1590.0,88345000.0,-400.0,0.0,0.0,0.0,-22220000.0,0.0,0.0,0.0
07/09/2020,42366.1720256437,56000.0,-400.0,-0.00714286,42289.9738745185,42747.1627812699,42289.9738745185,9810.0,547660000.0,0.0,0.0,9810.0,547660000.0,2940.0,0.0,0.0,-3510.0,163883000.0,0.0,0.0,-195578000.0
04/09/2020,42670.9646301448,54000.0,2000.0,0.03703704,41147.0016076396,42670.9646301448,41147.0016076396,41930.0,2303966000.0,0.0,0.0,41930.0,2303966000.0,5270.0,0.0,0.0,-5100.0,294830000.0,0.0,0.0,-285520000.0
03/09/2020,41147.0016076396,55000.0,-1000.0,-0.01818182,41908.9831188921,42670.9646301448,40385.020096387,6090.0,332593000.0,0.0,0.0,6090.0,332593000.0,1040.0,0.0,0.0,-1820.0,55225000.0,0.0,0.0,-97810000.0
01/09/2020,41908.9831188921,52400.0,2600.0,0.04961832,39927.8311896355,41908.9831188921,39623.0385851344,36570.0,1942478000.0,0.0,0.0,36570.0,1942478000.0,340.0,0.0,0.0,100.0,15815000.0,0.0,0.0,5240000.0
31/08/2020,39927.8311896355,52200.0,200.0,0.00383142,39013.4533761324,40385.020096387,39013.4533761324,3100.0,162124000.0,0.0,0.0,3100.0,162124000.0,-240.0,0.0,0.0,0.0,-12488000.0,0.0,0.0,0.0
28/08/2020,39775.4348873849,51000.0,1200.0,0.02352941,38861.0570738819,39927.8311896355,38861.0570738819,5170.0,267925000.0,0.0,0.0,5170.0,267925000.0,-910.0,0.0,0.0,0.0,-46410000.0,0.0,0.0,0.0
27/08/2020,38861.0570738819,50500.0,500.0,0.00990099,38480.0663182555,38861.0570738819,38480.0663182555,3070.0,155942000.0,0.0,0.0,3070.0,155942000.0,-1030.0,0.0,0.0,-100.0,-52033000.0,0.0,0.0,-5050000.0
26/08/2020,38480.0663182555,50000.0,500.0,0.01,38099.0755626292,38861.0570738819,37337.0940513767,2510.0,126367000.0,0.0,0.0,2510.0,126367000.0,-140.0,0.0,0.0,100.0,-7036000.0,0.0,0.0,5057000.0
25/08/2020,38099.0755626292,49000.0,1000.0,0.02040816,37337.0940513767,38099.0755626292,37184.6977491261,3990.0,197021500.0,0.0,0.0,3990.0,197021500.0,110.0,0.0,0.0,120.0,5398000.0,0.0,0.0,5972000.0
24/08/2020,37337.0940513767,48000.0,1000.0,0.02083333,36575.1125401241,37641.8866558778,36575.1125401241,5960.0,291626000.0,0.0,0.0,5960.0,291626000.0,-600.0,0.0,0.0,150.0,-29450000.0,0.0,0.0,7395000.0
21/08/2020,36575.1125401241,48000.0,0.0,0.0,36575.1125401241,37337.0940513767,36575.1125401241,17710.0,850220000.0,0.0,0.0,17710.0,850220000.0,16700.0,0.0,0.0,-16700.0,801520000.0,0.0,0.0,-801520000.0
20/08/2020,36575.1125401241,48000.0,0.0,0.0,36575.1125401241,36803.7069934999,36194.1217844978,25560.0,1226633000.0,0.0,0.0,25560.0,1226633000.0,19620.0,0.0,0.0,-19600.0,941933000.0,0.0,0.0,-941033000.0
19/08/2020,36575.1125401241,48300.0,-300.0,-0.00621118,36727.5088423746,36727.5088423746,36575.1125401241,30140.0,1446867000.0,0.0,0.0,30140.0,1446867000.0,29900.0,0.0,0.0,-30000.0,1435299000.0,0.0,0.0,-1440119000.0
18/08/2020,36803.7069934999,48200.0,100.0,0.00207469,36956.1032957504,36956.1032957504,36575.1125401241,2500.0,120381500.0,0.0,0.0,2500.0,120381500.0,2140.0,0.0,0.0,-2150.0,102941500.0,0.0,0.0,-103424500.0
17/08/2020,36727.5088423746,48500.0,-300.0,-0.00618557,37337.0940513767,37337.0940513767,36727.5088423746,6280.0,303486000.0,0.0,0.0,6280.0,303486000.0,5890.0,0.0,0.0,-6130.0,284627000.0,0.0,0.0,-296227000.0
14/08/2020,36956.1032957504,48500.0,0.0,0.0,36956.1032957504,36956.1032957504,36575.1125401241,10630.0,514004000.0,0.0,0.0,10630.0,514004000.0,9940.0,0.0,0.0,-10140.0,480799000.0,0.0,0.0,-490439000.0
13/08/2020,36956.1032957504,49000.0,-500.0,-0.01020408,36956.1032957504,37413.2922025019,36575.1125401241,5660.0,274873000.0,0.0,0.0,5660.0,274873000.0,5210.0,0.0,0.0,-5360.0,253218000.0,0.0,0.0,-260453000.0
12/08/2020,37337.0940513767,48900.0,100.0,0.00204499,37184.6977491261,37718.0848070029,37184.6977491261,5390.0,265645000.0,0.0,0.0,5390.0,265645000.0,4980.0,0.0,0.0,-5030.0,245401000.0,0.0,0.0,-247876000.0
11/08/2020,37260.8959002514,49500.0,-600.0,-0.01212121,37718.0848070029,38099.0755626292,37260.8959002514,13020.0,639093000.0,0.0,0.0,13020.0,639093000.0,12510.0,0.0,0.0,-12510.0,613843000.0,0.0,0.0,-613843000.0
10/08/2020,37718.0848070029,48600.0,900.0,0.01851852,37032.3014468756,37718.0848070029,37032.3014468756,4970.0,245504000.0,0.0,0.0,4970.0,245504000.0,190.0,0.0,0.0,-100.0,9366000.0,0.0,0.0,-4860000.0
07/08/2020,37032.3014468756,49800.0,-1200.0,-0.02409639,37946.6792603787,37946.6792603787,36956.1032957504,2900.0,141708000.0,0.0,0.0,2900.0,141708000.0,-100.0,0.0,0.0,100.0,-4980000.0,0.0,0.0,4980000.0
06/08/2020,37946.6792603787,49000.0,800.0,0.01632653,37108.4995980009,38022.877411504,37108.4995980009,2280.0,112990000.0,0.0,0.0,2280.0,112990000.0,-900.0,0.0,0.0,900.0,-44696000.0,0.0,0.0,44696000.0
05/08/2020,37337.0940513767,48000.0,1000.0,0.02083333,36803.7069934999,38480.0663182555,36803.7069934999,1310.0,64239000.0,0.0,0.0,1310.0,64239000.0,810.0,0.0,0.0,-810.0,39663000.0,0.0,0.0,-39663000.0
04/08/2020,36575.1125401241,48000.0,0.0,0.0,36651.3106912493,36651.3106912493,36346.5180867483,16140.0,774432000.0,0.0,0.0,16140.0,774432000.0,14650.0,0.0,0.0,-14660.0,703220000.0,0.0,0.0,-703700000.0
03/08/2020,36575.1125401241,48000.0,0.0,0.0,36194.1217844978,36956.1032957504,36194.1217844978,40950.0,1965665000.0,0.0,0.0,40950.0,1965665000.0,40100.0,0.0,0.0,-40100.0,1924800000.0,0.0,0.0,-1924800000.0
31/07/2020,36575.1125401241,47500.0,500.0,0.01052632,37337.0940513767,37337.0940513767,36575.1125401241,3280.0,159690000.0,0.0,0.0,3280.0,159690000.0,-40.0,0.0,0.0,40.0,-1960000.0,0.0,0.0,1960000.0
30/07/2020,36194.1217844978,48000.0,-500.0,-0.01041667,36575.1125401241,36651.3106912493,36194.1217844978,2490.0,119460000.0,0.0,0.0,2490.0,119460000.0,-10.0,0.0,0.0,0.0,-480000.0,0.0,0.0,0.0
29/07/2020,36575.1125401241,49500.0,-1500.0,-0.03030303,37718.0848070029,37718.0848070029,36498.9143889988,11300.0,542470000.0,0.0,0.0,11300.0,542470000.0,-60.0,0.0,0.0,0.0,-2970000.0,0.0,0.0,0.0
28/07/2020,37718.0848070029,47650.0,1850.0,0.03882476,36308.4190111856,37718.0848070029,36270.319935623,1480.0,70708000.0,0.0,0.0,1480.0,70708000.0,-1000.0,0.0,0.0,1000.0,-47600000.0,0.0,0.0,47600000.0
27/07/2020,36308.4190111856,51200.0,-3550.0,-0.06933594,36575.1125401241,36956.1032957504,36308.4190111856,6300.0,301430000.0,0.0,0.0,6300.0,301430000.0,920.0,0.0,0.0,0.0,43884000.0,0.0,0.0,0.0
22/07/2020,40004.0293407607,52500.0,0.0,0.0,40004.0293407607,40385.020096387,40004.0293407607,1640.0,86675000.0,0.0,0.0,1640.0,86675000.0,-30.0,0.0,0.0,30.0,-1590000.0,0.0,0.0,1590000.0
20/07/2020,40004.0293407607,52500.0,0.0,0.0,41756.5868166416,41756.5868166416,40004.0293407607,1250.0,66657000.0,0.0,0.0,1250.0,66657000.0,-1120.0,0.0,0.0,0.0,-59696000.0,0.0,0.0,0.0
17/07/2020,40004.0293407607,53000.0,-500.0,-0.00943396,40080.227491886,40080.227491886,40004.0293407607,520.0,27336000.0,0.0,0.0,520.0,27336000.0,-100.0,0.0,0.0,100.0,-5260000.0,0.0,0.0,5260000.0
15/07/2020,40766.0108520133,53500.0,0.0,0.0,40766.0108520133,40766.0108520133,40385.020096387,2220.0,117860000.0,0.0,0.0,2220.0,117860000.0,-180.0,0.0,0.0,180.0,-9630000.0,0.0,0.0,9630000.0
14/07/2020,40766.0108520133,54800.0,-1300.0,-0.02372263,40385.020096387,40766.0108520133,40385.020096387,1290.0,68505000.0,0.0,0.0,1290.0,68505000.0,-100.0,0.0,0.0,100.0,-5310000.0,0.0,0.0,5310000.0
13/07/2020,41756.5868166416,54800.0,0.0,0.0,41756.5868166416,41756.5868166416,41756.5868166416,130.0,7124000.0,0.0,0.0,130.0,7124000.0,-100.0,0.0,0.0,100.0,-5480000.0,0.0,0.0,5480000.0
10/07/2020,41756.5868166416,54300.0,500.0,0.0092081,41908.9831188921,41908.9831188921,41223.1997587648,8260.0,451593000.0,0.0,0.0,8260.0,451593000.0,-580.0,0.0,0.0,180.0,-31580000.0,0.0,0.0,9900000.0
09/07/2020,41375.5960610153,53500.0,800.0,0.01495327,40766.0108520133,42670.9646301448,40766.0108520133,10140.0,553700000.0,0.0,0.0,10140.0,553700000.0,3160.0,0.0,0.0,-3000.0,175254000.0,0.0,0.0,-166500000.0
08/07/2020,40766.0108520133,53900.0,-400.0,-0.00742115,40385.020096387,40994.605305389,39623.0385851344,210.0,11125000.0,0.0,0.0,210.0,11125000.0,50.0,0.0,0.0,0.0,2690000.0,0.0,0.0,0.0
07/07/2020,41070.8034565144,51400.0,2500.0,0.04863813,40766.0108520133,41147.0016076396,38937.255225007,5910.0,315731000.0,0.0,0.0,5910.0,315731000.0,-5440.0,0.0,0.0,5810.0,-290728000.0,0.0,0.0,310544000.0
06/07/2020,39165.8496783829,52500.0,-1100.0,-0.02095238,40385.020096387,40385.020096387,39165.8496783829,3040.0,159101000.0,0.0,0.0,3040.0,159101000.0,-1760.0,0.0,0.0,1710.0,-92703000.0,0.0,0.0,90133000.0
03/07/2020,40004.0293407607,52200.0,300.0,0.00574713,40308.8219452617,40308.8219452617,39165.8496783829,2220.0,115668000.0,0.0,0.0,2220.0,115668000.0,-710.0,0.0,0.0,700.0,-37512000.0,0.0,0.0,36996000.0
02/07/2020,39775.4348873849,53500.0,-1300.0,-0.02429907,42213.7757233932,42213.7757233932,39775.4348873849,2580.0,135253000.0,0.0,0.0,2580.0,135253000.0,10.0,0.0,0.0,0.0,554000.0,0.0,0.0,0.0
01/07/2020,40766.0108520133,52000.0,1500.0,0.02884615,41604.1905143911,41604.1905143911,39623.0385851344,4120.0,215932000.0,0.0,0.0,4120.0,215932000.0,-1000.0,0.0,0.0,1000.0,-53485000.0,0.0,0.0,53485000.0
30/06/2020,39623.0385851344,52100.0,-100.0,-0.00191939,39623.0385851344,40308.8219452617,39623.0385851344,960.0,50087000.0,0.0,0.0,960.0,50087000.0,-220.0,0.0,0.0,220.0,-11548000.0,0.0,0.0,11548000.0
29/06/2020,39699.2367362596,53300.0,-1200.0,-0.02251407,41832.784967767,41832.784967767,39699.2367362596,6800.0,356336000.0,0.0,0.0,6800.0,356336000.0,-430.0,0.0,0.0,400.0,-22605000.0,0.0,0.0,21000000.0
26/06/2020,40613.6145497628,53300.0,0.0,0.0,40613.6145497628,40613.6145497628,40232.6237941365,830.0,44145000.0,0.0,0.0,830.0,44145000.0,-200.0,0.0,0.0,0.0,-10574000.0,0.0,0.0,0.0
25/06/2020,40613.6145497628,53500.0,-200.0,-0.00373832,40156.4256430112,40766.0108520133,40156.4256430112,2210.0,117257000.0,0.0,0.0,2210.0,117257000.0,-10.0,0.0,0.0,0.0,-535000.0,0.0,0.0,0.0
24/06/2020,40766.0108520133,53500.0,0.0,0.0,39927.8311896355,41451.7942121407,39927.8311896355,2030.0,108951000.0,0.0,0.0,2030.0,108951000.0,-70.0,0.0,0.0,50.0,-3690000.0,0.0,0.0,2620000.0
23/06/2020,40766.0108520133,54500.0,-1000.0,-0.01834862,41527.9923632658,41527.9923632658,40766.0108520133,810.0,43785000.0,0.0,0.0,810.0,43785000.0,-280.0,0.0,0.0,0.0,-15110000.0,0.0,0.0,0.0
19/06/2020,41604.1905143911,53000.0,1600.0,0.03018868,41832.784967767,41832.784967767,40385.020096387,1420.0,77272000.0,0.0,0.0,1420.0,77272000.0,-260.0,0.0,0.0,0.0,-13799000.0,0.0,0.0,0.0
18/06/2020,40385.020096387,52800.0,200.0,0.00378788,39927.8311896355,41147.0016076396,39927.8311896355,3150.0,166596000.0,0.0,0.0,3150.0,166596000.0,-930.0,0.0,0.0,930.0,-48822000.0,0.0,0.0,48822000.0
17/06/2020,40232.6237941365,53100.0,-300.0,-0.00564972,40461.2182475122,40461.2182475122,39699.2367362596,1280.0,67356000.0,0.0,0.0,1280.0,67356000.0,-100.0,0.0,0.0,100.0,-5310000.0,0.0,0.0,5310000.0
16/06/2020,40461.2182475122,53100.0,0.0,0.0,40766.0108520133,40766.0108520133,40461.2182475122,390.0,20856000.0,0.0,0.0,390.0,20856000.0,180.0,0.0,0.0,0.0,9630000.0,0.0,0.0,0.0
15/06/2020,40461.2182475122,54700.0,-1600.0,-0.02925046,41680.3886655164,41680.3886655164,40461.2182475122,1370.0,74041000.0,0.0,0.0,1370.0,74041000.0,80.0,0.0,0.0,0.0,4360000.0,0.0,0.0,0.0
12/06/2020,41680.3886655164,55300.0,-600.0,-0.01084991,41527.9923632658,41756.5868166416,39242.0478295081,7760.0,416672000.0,0.0,0.0,7760.0,416672000.0,1110.0,0.0,0.0,-1160.0,62270000.0,0.0,0.0,-64995000.0
11/06/2020,42137.5775722679,55500.0,-200.0,-0.0036036,41908.9831188921,42289.9738745185,41908.9831188921,7790.0,429143000.0,0.0,0.0,7790.0,429143000.0,1270.0,0.0,0.0,-550.0,70100000.0,0.0,0.0,-30245000.0
10/06/2020,42289.9738745185,55500.0,0.0,0.0,42594.7664790195,42594.7664790195,41908.9831188921,2970.0,164680000.0,0.0,0.0,2970.0,164680000.0,-760.0,0.0,0.0,200.0,-42353000.0,0.0,0.0,11180000.0
09/06/2020,42289.9738745185,56000.0,-500.0,-0.00892857,42670.9646301448,42670.9646301448,42289.9738745185,4210.0,234870000.0,0.0,0.0,4210.0,234870000.0,470.0,0.0,0.0,100.0,26320000.0,0.0,0.0,5600000.0
08/06/2020,42670.9646301448,56000.0,0.0,0.0,42670.9646301448,42670.9646301448,41908.9831188921,11640.0,648564000.0,0.0,0.0,11640.0,648564000.0,230.0,0.0,0.0,0.0,12872000.0,0.0,0.0,0.0
05/06/2020,42670.9646301448,54500.0,1500.0,0.02752294,40385.020096387,42670.9646301448,40385.020096387,17420.0,966943000.0,0.0,0.0,17420.0,966943000.0,210.0,0.0,0.0,200.0,11785000.0,0.0,0.0,11200000.0
04/06/2020,41527.9923632658,54800.0,-300.0,-0.00547445,41756.5868166416,41756.5868166416,41527.9923632658,7230.0,395654000.0,0.0,0.0,7230.0,395654000.0,-100.0,0.0,0.0,300.0,-5480000.0,0.0,0.0,16440000.0
03/06/2020,41756.5868166416,54500.0,300.0,0.00550459,41527.9923632658,41756.5868166416,41527.9923632658,2860.0,156201000.0,0.0,0.0,2860.0,156201000.0,-250.0,0.0,0.0,0.0,-13675000.0,0.0,0.0,0.0
02/06/2020,41527.9923632658,55300.0,-800.0,-0.01446655,41680.3886655164,41908.9831188921,41451.7942121407,29480.0,1607197000.0,0.0,0.0,29480.0,1607197000.0,3120.0,0.0,0.0,-4070.0,169844000.0,0.0,0.0,-221664000.0
01/06/2020,42137.5775722679,55000.0,300.0,0.00545455,41908.9831188921,42137.5775722679,41451.7942121407,3850.0,211669000.0,0.0,0.0,3850.0,211669000.0,-840.0,0.0,0.0,740.0,-46188000.0,0.0,0.0,40682000.0
29/05/2020,41908.9831188921,55000.0,0.0,0.0,41908.9831188921,42213.7757233932,41832.784967767,3140.0,172640000.0,0.0,0.0,3140.0,172640000.0,-1720.0,0.0,0.0,1430.0,-94500000.0,0.0,0.0,78550000.0
28/05/2020,41908.9831188921,55900.0,-900.0,-0.01610018,42899.5590835205,42899.5590835205,41908.9831188921,16490.0,908723000.0,0.0,0.0,16490.0,908723000.0,-740.0,0.0,0.0,110.0,-40499000.0,0.0,0.0,5711000.0
27/05/2020,42594.7664790195,56000.0,-100.0,-0.00178571,43051.9553857711,43051.9553857711,41908.9831188921,4210.0,236051000.0,0.0,0.0,4210.0,236051000.0,-560.0,0.0,0.0,100.0,-31527000.0,0.0,0.0,5630000.0
26/05/2020,42670.9646301448,55500.0,500.0,0.00900901,42289.9738745185,42670.9646301448,40613.6145497628,15700.0,867000000.0,0.0,0.0,15700.0,867000000.0,2510.0,0.0,0.0,-1520.0,138574000.0,0.0,0.0,-83596000.0
25/05/2020,42289.9738745185,56000.0,-500.0,-0.00892857,42747.1627812699,42747.1627812699,42289.9738745185,6760.0,376765000.0,0.0,0.0,6760.0,376765000.0,280.0,0.0,0.0,0.0,15492000.0,0.0,0.0,0.0
22/05/2020,42670.9646301448,56600.0,-600.0,-0.01060071,42670.9646301448,43128.1535368963,42670.9646301448,9210.0,516079000.0,0.0,0.0,9210.0,516079000.0,-1350.0,0.0,0.0,560.0,-75919000.0,0.0,0.0,31643000.0
21/05/2020,43128.1535368963,56500.0,100.0,0.00176991,43051.9553857711,43432.9461413973,43051.9553857711,6790.0,383704000.0,0.0,0.0,6790.0,383704000.0,-190.0,0.0,0.0,30.0,-10765000.0,0.0,0.0,1695000.0
20/05/2020,43051.9553857711,56000.0,500.0,0.00892857,42975.7572346458,43280.5498391468,42747.1627812699,16650.0,939512000.0,0.0,0.0,16650.0,939512000.0,-4530.0,5000.0,0.0,-200.0,-255998000.0,282500000.0,0.0,-11260000.0
19/05/2020,42670.9646301448,55200.0,800.0,0.01449275,43356.7479902721,43356.7479902721,41908.9831188921,14470.0,805674000.0,0.0,0.0,14470.0,805674000.0,-1970.0,1780.0,0.0,0.0,-109793000.0,99146000.0,0.0,0.0
18/05/2020,42061.3794211427,55500.0,-300.0,-0.00540541,42289.9738745185,42289.9738745185,41985.1812700174,7340.0,406861000.0,0.0,0.0,7340.0,406861000.0,-5210.0,5000.0,0.0,0.0,-289155000.0,277500000.0,0.0,0.0
15/05/2020,42289.9738745185,55600.0,-100.0,-0.00179856,42442.370176769,42594.7664790195,42289.9738745185,10300.0,573213000.0,0.0,0.0,10300.0,573213000.0,-5010.0,5000.0,0.0,0.0,-279057000.0,278500000.0,0.0,0.0
14/05/2020,42366.1720256437,56500.0,-900.0,-0.0159292,41147.0016076396,42670.9646301448,41147.0016076396,14400.0,798952000.0,0.0,0.0,14400.0,798952000.0,1890.0,5000.0,0.0,-7820.0,104817000.0,277500000.0,0.0,-433900000.0
13/05/2020,43051.9553857711,56800.0,-300.0,-0.00528169,43051.9553857711,43051.9553857711,40308.8219452617,16760.0,934546000.0,0.0,0.0,16760.0,934546000.0,-3370.0,5000.0,0.0,-2240.0,-197377000.0,282500000.0,0.0,-119563000.0
12/05/2020,43280.5498391468,57100.0,-300.0,-0.00525394,43509.1442925226,43509.1442925226,42899.5590835205,12150.0,687134000.0,0.0,0.0,12150.0,687134000.0,-2970.0,0.0,0.0,0.0,-167630000.0,0.0,0.0,0.0
11/05/2020,43509.1442925226,56800.0,300.0,0.00528169,43280.5498391468,43813.9368970236,43280.5498391468,20370.0,1163780000.0,0.0,0.0,20370.0,1163780000.0,-6730.0,0.0,0.0,30.0,-384345000.0,0.0,0.0,1719000.0
08/05/2020,43280.5498391468,56300.0,500.0,0.00888099,43051.9553857711,43432.9461413973,43051.9553857711,20000.0,1136100000.0,0.0,0.0,20000.0,1136100000.0,-8120.0,0.0,0.0,40.0,-460826000.0,0.0,0.0,2276000.0
07/05/2020,42899.5590835205,54500.0,1800.0,0.03302752,41908.9831188921,43051.9553857711,41147.0016076396,37450.0,2076032000.0,0.0,0.0,37450.0,2076032000.0,-10270.0,0.0,0.0,4560.0,-572653000.0,0.0,0.0,252821000.0
06/05/2020,41527.9923632658,52300.0,2200.0,0.04206501,39851.6330385102,42594.7664790195,39623.0385851344,17300.0,910993000.0,0.0,0.0,17300.0,910993000.0,-7320.0,0.0,0.0,6170.0,-385837000.0,0.0,0.0,325701000.0
05/05/2020,39851.6330385102,54100.0,-1800.0,-0.03327172,38708.6607716313,40766.0108520133,38708.6607716313,8970.0,470249000.0,0.0,0.0,8970.0,470249000.0,-440.0,0.0,0.0,-140.0,-22562000.0,0.0,0.0,-7145000.0
04/05/2020,41223.1997587648,56000.0,-1900.0,-0.03392857,41147.0016076396,41908.9831188921,41147.0016076396,16460.0,897075000.0,0.0,0.0,16460.0,897075000.0,-3330.0,0.0,0.0,4080.0,-181654000.0,0.0,0.0,222829000.0
29/04/2020,42670.9646301448,56000.0,0.0,0.0,42670.9646301448,43432.9461413973,41147.0016076396,14660.0,815970000.0,0.0,0.0,14660.0,815970000.0,-6500.0,0.0,0.0,2440.0,-362012000.0,0.0,0.0,137077000.0
28/04/2020,42670.9646301448,57000.0,-1000.0,-0.01754386,43432.9461413973,44194.9276526499,41147.0016076396,18270.0,1029885000.0,0.0,0.0,18270.0,1029885000.0,-3430.0,7500.0,0.0,0.0,-194659000.0,425500000.0,0.0,0.0
27/04/2020,43432.9461413973,58800.0,-1800.0,-0.03061224,44652.1165594014,44652.1165594014,42670.9646301448,24800.0,1408465000.0,0.0,0.0,24800.0,1408465000.0,-5480.0,2000.0,0.0,520.0,-312177000.0,114400000.0,0.0,29144000.0
24/04/2020,44804.5128616519,59000.0,-200.0,-0.00338983,44194.9276526499,44956.9091639025,43813.9368970236,23660.0,1380913000.0,0.0,0.0,23660.0,1380913000.0,9290.0,0.0,0.0,-10200.0,543786000.0,0.0,0.0,-597354000.0
23/04/2020,44956.9091639025,56000.0,3000.0,0.05357143,45642.6925240299,45642.6925240299,43432.9461413973,16970.0,1002925000.0,0.0,0.0,16970.0,1002925000.0,-4090.0,0.0,0.0,100.0,-244535000.0,0.0,0.0,6106000.0
22/04/2020,42670.9646301448,53700.0,2300.0,0.04283054,40918.4071542638,43051.9553857711,38060.9764870665,17590.0,940000000.0,0.0,0.0,17590.0,940000000.0,-2690.0,0.0,0.0,860.0,-143568500.0,0.0,0.0,45330500.0
21/04/2020,40918.4071542638,57700.0,-4000.0,-0.06932409,46938.0610931592,47014.2592442845,40918.4071542638,75730.0,4456000000.0,0.0,0.0,75730.0,4456000000.0,33530.0,0.0,0.0,-38440.0,1909786000.0,0.0,0.0,-2192859000.0
20/04/2020,43966.3331992741,54000.0,3700.0,0.06851852,41527.9923632658,43966.3331992741,41527.9923632658,55230.0,3180000000.0,0.0,0.0,55230.0,3180000000.0,26890.0,0.0,0.0,-33480.0,1551241000.0,0.0,0.0,-1930226000.0
17/04/2020,41147.0016076396,51000.0,3000.0,0.05882353,41451.7942121407,41451.7942121407,40232.6237941365,43500.0,2309000000.0,0.0,0.0,43500.0,2309000000.0,11080.0,0.0,0.0,-14810.0,587977000.0,0.0,0.0,-786511000.0
16/04/2020,38861.0570738819,49150.0,1850.0,0.03763988,37451.3912780645,40004.0293407607,36575.1125401241,23010.0,1169000000.0,0.0,0.0,23010.0,1169000000.0,7710.0,0.0,0.0,-7680.0,391389000.0,0.0,0.0,-389567000.0
15/04/2020,37451.3912780645,47600.0,1550.0,0.03256303,36346.5180867483,37451.3912780645,36270.319935623,9920.0,477000000.0,0.0,0.0,9920.0,477000000.0,1540.0,0.0,0.0,0.0,74099500.0,0.0,0.0,0.0
14/04/2020,36270.319935623,47000.0,600.0,0.01276596,38175.2737137545,38175.2737137545,35889.3291799967,24200.0,1170000000.0,0.0,0.0,24200.0,1170000000.0,7270.0,0.0,0.0,-7730.0,345538000.0,0.0,0.0,-367928000.0
13/04/2020,35813.1310288715,43950.0,3050.0,0.06939704,35432.1402732452,35813.1310288715,35432.1402732452,13720.0,644000000.0,0.0,0.0,13720.0,644000000.0,3560.0,0.0,0.0,-6000.0,167636000.0,0.0,0.0,-282000000.0
10/04/2020,33489.0874195511,41100.0,2850.0,0.06934307,32612.8086816106,33489.0874195511,32003.2234726085,26950.0,1174000000.0,0.0,0.0,26950.0,1174000000.0,8950.0,0.0,0.0,-8690.0,392081000.0,0.0,0.0,-380518500.0
09/04/2020,31317.4401124812,40950.0,150.0,0.003663,32765.2049838612,33146.1957394875,31241.241961356,43650.0,1816422500.0,0.0,0.0,43650.0,1816422500.0,26200.0,0.0,0.0,-39500.0,1086316500.0,0.0,0.0,-1638017500.0
08/04/2020,31203.1428857933,40950.0,0.0,0.0,32003.2234726085,33146.1957394875,31203.1428857933,8110.0,340828500.0,0.0,0.0,8110.0,340828500.0,3150.0,0.0,0.0,-4500.0,128983000.0,0.0,0.0,-186769000.0
07/04/2020,31203.1428857933,44000.0,-3050.0,-0.06931818,33679.5827973643,34289.1680063663,31203.1428857933,5600.0,239421500.0,0.0,0.0,5600.0,239421500.0,-390.0,0.0,0.0,-470.0,-20532500.0,0.0,0.0,-16868500.0
06/04/2020,33527.1864951137,43200.0,800.0,0.01851852,34632.0596864299,34632.0596864299,33527.1864951137,1000.0,44916000.0,0.0,0.0,1000.0,44916000.0,-670.0,0.0,0.0,0.0,-30083000.0,0.0,0.0,0.0
03/04/2020,32917.6012861117,46450.0,-3250.0,-0.06996771,37603.7875803151,37603.7875803151,32917.6012861117,21400.0,934000000.0,0.0,0.0,21400.0,934000000.0,14150.0,0.0,0.0,-17340.0,610952000.0,0.0,0.0,-750603000.0
01/04/2020,35394.0411976826,44950.0,1500.0,0.03337041,35660.7347266209,35660.7347266209,32384.2142282348,190.0,9000000.0,0.0,0.0,190.0,9000000.0,-10.0,0.0,0.0,0.0,-439000.0,0.0,0.0,0.0
31/03/2020,34251.0689308036,48300.0,-3350.0,-0.06935818,39242.0478295081,39242.0478295081,34251.0689308036,4040.0,183000000.0,0.0,0.0,4040.0,183000000.0,2190.0,0.0,0.0,-2760.0,99714000.0,0.0,0.0,-125486500.0
30/03/2020,36803.7069934999,51900.0,-3600.0,-0.06936416,36803.7069934999,39927.8311896355,36803.7069934999,4230.0,204000000.0,0.0,0.0,4230.0,204000000.0,2190.0,0.0,0.0,-2200.0,105777000.0,0.0,0.0,-106260000.0
27/03/2020,39546.8404340092,51900.0,0.0,0.0,38480.0663182555,39851.6330385102,38403.8681671303,2110.0,107000000.0,0.0,0.0,2110.0,107000000.0,-1000.0,0.0,0.0,0.0,-50500000.0,0.0,0.0,0.0
26/03/2020,39546.8404340092,50000.0,1900.0,0.038,38175.2737137545,39623.0385851344,38175.2737137545,1720.0,87000000.0,0.0,0.0,1720.0,87000000.0,-230.0,0.0,0.0,230.0,-11940000.0,0.0,0.0,11940000.0
23/03/2020,37984.7783359414,53600.0,-3750.0,-0.06996269,40385.020096387,40385.020096387,37984.7783359414,2790.0,140000000.0,0.0,0.0,2790.0,140000000.0,-50.0,0.0,0.0,50.0,-2650000.0,0.0,0.0,2650000.0
18/03/2020,41527.9923632658,52600.0,1900.0,0.03612167,40156.4256430112,41527.9923632658,40156.4256430112,120.0,6000000.0,0.0,0.0,120.0,6000000.0,100.0,0.0,0.0,-100.0,5270000.0,0.0,0.0,-5270000.0
11/03/2020,44652.1165594014,58600.0,0.0,0.0,44728.3147105268,44728.3147105268,44271.1258037752,740.0,43000000.0,0.0,0.0,740.0,43000000.0,-60.0,0.0,0.0,60.0,-3516000.0,0.0,0.0,3516000.0
06/03/2020,47090.4573954097,61000.0,800.0,0.01311475,46480.8721864077,48690.6185690402,46404.6740352824,3920.0,239000000.0,0.0,0.0,3920.0,239000000.0,-3830.0,0.0,0.0,3830.0,-233625000.0,0.0,0.0,233625000.0
02/03/2020,44956.9091639025,61500.0,-2500.0,-0.04065041,47166.6555465351,47242.8536976602,44956.9091639025,310.0,19000000.0,0.0,0.0,310.0,19000000.0,-300.0,0.0,0.0,300.0,-18590000.0,0.0,0.0,18590000.0
27/02/2020,46861.862942034,59000.0,2500.0,0.04237288,47242.8536976602,47242.8536976602,46861.862942034,30.0,2000000.0,0.0,0.0,30.0,2000000.0,-20.0,0.0,0.0,0.0,-1230000.0,0.0,0.0,0.0
25/02/2020,45718.8906751551,60000.0,0.0,0.0,45718.8906751551,45718.8906751551,45718.8906751551,1240.0,74000000.0,0.0,0.0,1240.0,74000000.0,-40.0,0.0,0.0,0.0,-2400000.0,0.0,0.0,0.0
18/02/2020,46480.8721864077,62300.0,-1300.0,-0.02086677,47623.8444532865,47623.8444532865,46480.8721864077,500.0,31000000.0,0.0,0.0,500.0,31000000.0,-90.0,0.0,0.0,90.0,-5580000.0,0.0,0.0,5580000.0
17/02/2020,47471.448151036,62300.0,0.0,0.0,47623.8444532865,49147.8074757917,47471.448151036,7700.0,486000000.0,0.0,0.0,7700.0,486000000.0,4980.0,0.0,0.0,-4980.0,311482000.0,0.0,0.0,-311482000.0
13/02/2020,47395.2499999107,64000.0,-1800.0,-0.028125,48690.6185690402,48690.6185690402,47395.2499999107,400.0,25000000.0,0.0,0.0,400.0,25000000.0,-110.0,0.0,0.0,100.0,-7007000.0,0.0,0.0,6370000.0
12/02/2020,48766.8167201655,64500.0,-500.0,-0.00775194,48385.8259645392,48766.8167201655,46861.862942034,510.0,32000000.0,0.0,0.0,510.0,32000000.0,170.0,0.0,0.0,-170.0,10540000.0,0.0,0.0,-10540000.0
11/02/2020,49147.8074757917,63800.0,700.0,0.01097179,48614.4204179148,49224.0056269169,48004.8352089128,260.0,17000000.0,0.0,0.0,260.0,17000000.0,-50.0,0.0,0.0,0.0,-3205000.0,0.0,0.0,0.0
07/02/2020,46480.8721864077,61000.0,0.0,0.0,46480.8721864077,48004.8352089128,46480.8721864077,40.0,2000000.0,0.0,0.0,40.0,2000000.0,-10.0,0.0,0.0,0.0,-610000.0,0.0,0.0,0.0
06/02/2020,46480.8721864077,61000.0,0.0,0.0,46480.8721864077,48004.8352089128,46480.8721864077,1740.0,108000000.0,0.0,0.0,1740.0,108000000.0,-90.0,0.0,0.0,90.0,-5562000.0,0.0,0.0,5562000.0
04/02/2020,44271.1258037752,61400.0,-3300.0,-0.05374593,46785.6647909087,46785.6647909087,44271.1258037752,3470.0,205000000.0,0.0,0.0,3470.0,205000000.0,-100.0,0.0,0.0,100.0,-6020000.0,0.0,0.0,6020000.0
30/01/2020,52195.7335208021,72000.0,-3500.0,-0.04861111,51814.7427651758,52805.3187298041,51814.7427651758,1150.0,79000000.0,0.0,0.0,1150.0,79000000.0,370.0,0.0,0.0,-370.0,25531000.0,0.0,0.0,-25531000.0
09/01/2020,57148.6133439438,77000.0,-2000.0,-0.02597403,56843.8207394428,57529.6040995702,55015.0651124366,2780.0,207000000.0,0.0,0.0,2780.0,207000000.0,-20.0,0.0,0.0,0.0,-1480000.0,0.0,0.0,0.0
06/01/2020,59358.3597265764,78000.0,-100.0,-0.00128205,59434.5578777016,59434.5578777016,58062.991157447,820.0,63000000.0,0.0,0.0,820.0,63000000.0,260.0,0.0,0.0,-250.0,20279000.0,0.0,0.0,-19500000.0
03/01/2020,59434.5578777016,76100.0,1900.0,0.02496715,59282.1615754511,59434.5578777016,59282.1615754511,220.0,17000000.0,0.0,0.0,220.0,17000000.0,-220.0,0.0,0.0,220.0,-17146000.0,0.0,0.0,17146000.0
31/12/2019,57605.8022506954,77300.0,-1700.0,-0.02199224,58596.3782153238,58596.3782153238,57529.6040995702,140.0,11000000.0,0.0,0.0,140.0,11000000.0,100.0,0.0,0.0,-100.0,7550000.0,0.0,0.0,-7550000.0
30/12/2019,58901.1708198248,77400.0,-100.0,-0.00129199,58901.1708198248,58901.1708198248,58901.1708198248,270.0,21000000.0,0.0,0.0,270.0,21000000.0,-200.0,0.0,0.0,0.0,-15460000.0,0.0,0.0,0.0
27/12/2019,58977.3689709501,77300.0,100.0,0.00129366,58139.1893085722,58977.3689709501,58062.991157447,460.0,35000000.0,0.0,0.0,460.0,35000000.0,20.0,0.0,0.0,-30.0,1540000.0,0.0,0.0,-2310000.0
26/12/2019,58901.1708198248,77500.0,-200.0,-0.00258065,58291.5856108228,58901.1708198248,58291.5856108228,190.0,15000000.0,0.0,0.0,190.0,15000000.0,10.0,0.0,0.0,0.0,765000.0,0.0,0.0,0.0
20/12/2019,59053.5671220753,77700.0,-200.0,-0.002574,59282.1615754511,59282.1615754511,57910.5948551965,140.0,11000000.0,0.0,0.0,140.0,11000000.0,-10.0,0.0,0.0,0.0,-778000.0,0.0,0.0,0.0
18/12/2019,59282.1615754511,78500.0,-700.0,-0.0089172,59586.9541799521,59586.9541799521,58291.5856108228,210.0,16000000.0,0.0,0.0,210.0,16000000.0,-140.0,0.0,0.0,140.0,-10948000.0,0.0,0.0,10948000.0
17/12/2019,59815.5486333279,78700.0,-200.0,-0.0025413,58291.5856108228,59815.5486333279,58291.5856108228,150.0,12000000.0,0.0,0.0,150.0,12000000.0,-90.0,0.0,0.0,90.0,-7065000.0,0.0,0.0,7065000.0
10/12/2019,59967.9449355785,79700.0,-1000.0,-0.01254705,59967.9449355785,60196.5393889542,59967.9449355785,500.0,39000000.0,0.0,0.0,500.0,39000000.0,-380.0,0.0,0.0,80.0,-29950000.0,0.0,0.0,6320000.0
09/12/2019,60729.926446831,78000.0,1700.0,0.02179487,59434.5578777016,60729.926446831,59434.5578777016,6920.0,540000000.0,0.0,0.0,6920.0,540000000.0,-6720.0,0.0,0.0,6700.0,-524525000.0,0.0,0.0,522955000.0
06/12/2019,59434.5578777016,77900.0,100.0,0.0012837,59358.3597265764,59434.5578777016,58748.7745175743,480.0,37000000.0,0.0,0.0,480.0,37000000.0,-460.0,0.0,0.0,90.0,-35790000.0,0.0,0.0,6939000.0
05/12/2019,59358.3597265764,78300.0,-400.0,-0.00510856,57148.6133439438,59358.3597265764,57148.6133439438,160.0,12000000.0,0.0,0.0,160.0,12000000.0,-20.0,0.0,0.0,0.0,-1504000.0,0.0,0.0,0.0
04/12/2019,59663.1523310774,76900.0,1400.0,0.01820546,58596.3782153238,59663.1523310774,58596.3782153238,51520.0,3962000000.0,0.0,0.0,51520.0,3962000000.0,-49160.0,0.0,0.0,-800.0,-3780404000.0,0.0,0.0,-61520000.0
03/12/2019,58596.3782153238,77400.0,-500.0,-0.00645995,58443.9819130733,58977.3689709501,57148.6133439438,42240.0,3248000000.0,0.0,0.0,42240.0,3248000000.0,-9340.0,0.0,0.0,-31550.0,-718384000.0,0.0,0.0,-2425684000.0
02/12/2019,58977.3689709501,78400.0,-1000.0,-0.0127551,56462.8299838165,59358.3597265764,56462.8299838165,1190.0,89000000.0,0.0,0.0,1190.0,89000000.0,330.0,0.0,0.0,-330.0,24706000.0,0.0,0.0,-24706000.0
28/11/2019,59739.3504822027,78000.0,400.0,0.00512821,59815.5486333279,59815.5486333279,56005.641077065,1040.0,78000000.0,0.0,0.0,1040.0,78000000.0,-140.0,0.0,0.0,-10.0,-10766000.0,0.0,0.0,-784000.0
27/11/2019,59434.5578777016,77500.0,500.0,0.00645161,59053.5671220753,59434.5578777016,59053.5671220753,160.0,12000000.0,0.0,0.0,160.0,12000000.0,-140.0,0.0,0.0,0.0,-10906000.0,0.0,0.0,0.0
25/11/2019,59053.5671220753,76700.0,800.0,0.01043025,58520.1800641985,59358.3597265764,58520.1800641985,1710.0,133000000.0,0.0,0.0,1710.0,133000000.0,-1500.0,0.0,0.0,0.0,-116523000.0,0.0,0.0,0.0
15/11/2019,59815.5486333279,78500.0,0.0,0.0,59815.5486333279,59815.5486333279,59815.5486333279,2730.0,214000000.0,0.0,0.0,2730.0,214000000.0,50.0,0.0,0.0,-50.0,3925000.0,0.0,0.0,-3925000.0
13/11/2019,59815.5486333279,75600.0,2900.0,0.03835979,59739.3504822027,59815.5486333279,59663.1523310774,4030.0,316000000.0,0.0,0.0,4030.0,316000000.0,10.0,0.0,0.0,10.0,785000.0,0.0,0.0,785000.0
12/11/2019,57605.8022506954,76000.0,-400.0,-0.00526316,57529.6040995702,57605.8022506954,57529.6040995702,290.0,22000000.0,0.0,0.0,290.0,22000000.0,170.0,0.0,0.0,-170.0,12835000.0,0.0,0.0,-12835000.0
11/11/2019,57910.5948551965,76400.0,-400.0,-0.0052356,56615.226286067,60958.5209002068,56539.0281349418,380.0,29000000.0,0.0,0.0,380.0,29000000.0,190.0,0.0,0.0,0.0,14300000.0,0.0,0.0,0.0
08/11/2019,58215.3874596975,78100.0,-1700.0,-0.02176697,60958.5209002068,60958.5209002068,55624.6503214387,1750.0,133000000.0,0.0,0.0,1750.0,133000000.0,1420.0,0.0,0.0,-1410.0,107599000.0,0.0,0.0,-106800000.0
07/11/2019,59510.7560288269,78000.0,100.0,0.00128205,60196.5393889542,60196.5393889542,59510.7560288269,320.0,25000000.0,0.0,0.0,320.0,25000000.0,-10.0,0.0,0.0,10.0,-790000.0,0.0,0.0,790000.0
06/11/2019,59434.5578777016,77000.0,1000.0,0.01298701,59358.3597265764,59434.5578777016,59282.1615754511,2780.0,217000000.0,0.0,0.0,2780.0,217000000.0,-410.0,0.0,0.0,380.0,-31926000.0,0.0,0.0,29592000.0
05/11/2019,58672.576366449,77800.0,-800.0,-0.01028278,55167.4614146872,58672.576366449,55167.4614146872,1150.0,87000000.0,0.0,0.0,1150.0,87000000.0,-330.0,0.0,0.0,0.0,-24706000.0,0.0,0.0,0.0
04/11/2019,59282.1615754511,76000.0,1800.0,0.02368421,58596.3782153238,59282.1615754511,58596.3782153238,2920.0,225000000.0,0.0,0.0,2920.0,225000000.0,-170.0,0.0,0.0,170.0,-13226000.0,0.0,0.0,13226000.0
01/11/2019,57910.5948551965,76500.0,-500.0,-0.00653595,58291.5856108228,58520.1800641985,57910.5948551965,1230.0,94000000.0,0.0,0.0,1230.0,94000000.0,550.0,0.0,0.0,-630.0,41735000.0,0.0,0.0,-47855000.0
31/10/2019,58291.5856108228,75200.0,1300.0,0.01728723,57682.0004018207,58291.5856108228,57682.0004018207,3010.0,229000000.0,0.0,0.0,3010.0,229000000.0,-20.0,0.0,0.0,20.0,-1514000.0,0.0,0.0,1514000.0
29/10/2019,57301.0096461944,75000.0,200.0,0.00266667,56767.6225883175,57301.0096461944,56767.6225883175,2060.0,155000000.0,0.0,0.0,2060.0,155000000.0,10.0,0.0,0.0,0.0,745000.0,0.0,0.0,0.0
28/10/2019,57148.6133439438,75200.0,-200.0,-0.00265957,57301.0096461944,57301.0096461944,57148.6133439438,930.0,69877000.0,0.0,0.0,930.0,69877000.0,-30.0,0.0,0.0,0.0,-2256000.0,0.0,0.0,0.0
25/10/2019,57301.0096461944,74800.0,400.0,0.00534759,57529.6040995702,57529.6040995702,57148.6133439438,1790.0,135000000.0,0.0,0.0,1790.0,135000000.0,-1670.0,0.0,0.0,1670.0,-125817000.0,0.0,0.0,125817000.0
24/10/2019,56996.2170416933,76000.0,-1200.0,-0.01578947,58215.3874596975,58215.3874596975,56996.2170416933,3540.0,269000000.0,0.0,0.0,3540.0,269000000.0,-20.0,0.0,0.0,20.0,-1520000.0,0.0,0.0,1520000.0
23/10/2019,57910.5948551965,75500.0,500.0,0.00662252,58139.1893085722,58139.1893085722,56462.8299838165,2230.0,169000000.0,0.0,0.0,2230.0,169000000.0,-20.0,0.0,0.0,0.0,-1515000.0,0.0,0.0,0.0
22/10/2019,57529.6040995702,75500.0,0.0,0.0,54176.8854500587,58596.3782153238,54176.8854500587,1880.0,139000000.0,0.0,0.0,1880.0,139000000.0,-100.0,0.0,0.0,100.0,-7110000.0,0.0,0.0,7110000.0
21/10/2019,57529.6040995702,76000.0,-500.0,-0.00657895,57910.5948551965,58596.3782153238,57224.8114950691,1070.0,81000000.0,0.0,0.0,1070.0,81000000.0,-380.0,0.0,0.0,390.0,-28880000.0,0.0,0.0,29640000.0
18/10/2019,57910.5948551965,75800.0,200.0,0.00263852,57834.3967040712,58596.3782153238,57834.3967040712,1090.0,83000000.0,0.0,0.0,1090.0,83000000.0,70.0,0.0,0.0,0.0,5311000.0,0.0,0.0,0.0
16/10/2019,57682.0004018207,74500.0,1200.0,0.01610738,57758.1985529459,57758.1985529459,57148.6133439438,590.0,44000000.0,0.0,0.0,590.0,44000000.0,-550.0,0.0,0.0,550.0,-41250000.0,0.0,0.0,41250000.0
15/10/2019,56767.6225883175,76600.0,-2100.0,-0.02741514,58367.7837619479,58367.7837619479,56615.226286067,570.0,43000000.0,0.0,0.0,570.0,43000000.0,-130.0,0.0,0.0,0.0,-9685000.0,0.0,0.0,0.0
14/10/2019,58367.7837619479,76500.0,100.0,0.00130719,58291.5856108228,58672.576366449,58291.5856108228,32470.0,2487000000.0,0.0,0.0,32470.0,2487000000.0,-24170.0,0.0,0.0,24180.0,-1851228000.0,0.0,0.0,1851998000.0
11/10/2019,58291.5856108228,76500.0,0.0,0.0,58291.5856108228,58291.5856108228,58291.5856108228,330.0,25000000.0,0.0,0.0,330.0,25000000.0,-300.0,0.0,0.0,200.0,-22950000.0,0.0,0.0,15300000.0
10/10/2019,58291.5856108228,76000.0,500.0,0.00657895,58139.1893085722,58291.5856108228,58139.1893085722,510.0,39000000.0,0.0,0.0,510.0,39000000.0,-440.0,0.0,0.0,430.0,-33624000.0,0.0,0.0,32859000.0
09/10/2019,57910.5948551965,76500.0,-500.0,-0.00653595,58215.3874596975,58215.3874596975,57910.5948551965,70.0,5000000.0,0.0,0.0,70.0,5000000.0,-50.0,0.0,0.0,50.0,-3820000.0,0.0,0.0,3820000.0
08/10/2019,58291.5856108228,75600.0,900.0,0.01190476,57910.5948551965,58291.5856108228,57682.0004018207,34620.0,2637000000.0,0.0,0.0,34620.0,2637000000.0,-10.0,0.0,0.0,0.0,-760000.0,0.0,0.0,0.0
07/10/2019,57605.8022506954,75400.0,200.0,0.00265252,57529.6040995702,57910.5948551965,57529.6040995702,17240.0,1309000000.0,0.0,0.0,17240.0,1309000000.0,-240.0,0.0,0.0,260.0,-18184000.0,0.0,0.0,19704000.0
03/10/2019,56767.6225883175,75000.0,-500.0,-0.00666667,56386.6318326913,56767.6225883175,56386.6318326913,1350.0,100000000.0,0.0,0.0,1350.0,100000000.0,-70.0,0.0,0.0,0.0,-5180000.0,0.0,0.0,0.0
02/10/2019,57148.6133439438,76300.0,-1300.0,-0.01703801,58139.1893085722,58139.1893085722,57148.6133439438,5050.0,385000000.0,0.0,0.0,5050.0,385000000.0,4250.0,0.0,0.0,-4170.0,324275000.0,0.0,0.0,-318171000.0
01/10/2019,58139.1893085722,73800.0,2500.0,0.03387534,56234.2355304407,58139.1893085722,56234.2355304407,3000.0,224000000.0,0.0,0.0,3000.0,224000000.0,-1510.0,0.0,0.0,1490.0,-112079000.0,0.0,0.0,110569000.0
30/09/2019,56234.2355304407,74000.0,-200.0,-0.0027027,56386.6318326913,56386.6318326913,56005.641077065,2740.0,202000000.0,0.0,0.0,2740.0,202000000.0,660.0,0.0,0.0,-660.0,48706000.0,0.0,0.0,-48706000.0
27/09/2019,56386.6318326913,74500.0,-500.0,-0.00671141,56615.226286067,56615.226286067,55929.4429259397,3550.0,262000000.0,0.0,0.0,3550.0,262000000.0,2420.0,0.0,0.0,-2500.0,179120000.0,0.0,0.0,-185000000.0
25/09/2019,57605.8022506954,76900.0,-1300.0,-0.01690507,58291.5856108228,58291.5856108228,57224.8114950691,4630.0,351000000.0,0.0,0.0,4630.0,351000000.0,-530.0,0.0,0.0,500.0,-40506000.0,0.0,0.0,38226000.0
24/09/2019,58596.3782153238,77900.0,-1000.0,-0.01283697,59053.5671220753,59053.5671220753,58596.3782153238,2920.0,225000000.0,0.0,0.0,2920.0,225000000.0,100.0,0.0,0.0,-100.0,7755000.0,0.0,0.0,-7755000.0
23/09/2019,59358.3597265764,78800.0,-1300.0,-0.01649746,60044.1430867036,60044.1430867036,59053.5671220753,1730.0,135210000.0,0.0,0.0,1730.0,135210000.0,960.0,0.0,0.0,-960.0,75248000.0,0.0,0.0,-75248000.0
16/09/2019,60425.1338423299,82000.0,-2700.0,-0.03292683,60501.3319934553,61034.719051332,60044.1430867036,10970.0,871000000.0,0.0,0.0,10970.0,871000000.0,5500.0,0.0,0.0,-5500.0,437570000.0,0.0,0.0,-437570000.0
13/09/2019,62482.4839227119,82000.0,0.0,0.0,61415.7098069583,62482.4839227119,61110.9172024573,3610.0,292000000.0,0.0,0.0,3610.0,292000000.0,10.0,0.0,0.0,0.0,834000.0,0.0,0.0,0.0
12/09/2019,62482.4839227119,83000.0,-1000.0,-0.01204819,61415.7098069583,62482.4839227119,61415.7098069583,2170.0,176000000.0,0.0,0.0,2170.0,176000000.0,220.0,0.0,0.0,0.0,18019000.0,0.0,0.0,0.0
11/09/2019,63244.4654339645,84000.0,-1000.0,-0.01190476,62101.4931670857,63244.4654339645,62101.4931670857,600.0,49000000.0,0.0,0.0,600.0,49000000.0,-10.0,0.0,0.0,0.0,-830000.0,0.0,0.0,0.0
10/09/2019,64006.4469452172,84100.0,-100.0,-0.00118906,63244.4654339645,64006.4469452172,59663.1523310774,8650.0,713000000.0,0.0,0.0,8650.0,713000000.0,-70.0,0.0,0.0,70.0,-5545000.0,0.0,0.0,5545000.0
09/09/2019,64082.6450963423,87000.0,-2900.0,-0.03333333,66292.3914789748,66292.3914789748,63244.4654339645,1550.0,132000000.0,0.0,0.0,1550.0,132000000.0,-40.0,0.0,0.0,40.0,-3480000.0,0.0,0.0,3480000.0
06/09/2019,66292.3914789748,86138.0,862.0,0.0100072,61720.5024114594,68121.1471059811,61720.5024114594,2790.0,243000000.0,0.0,0.0,2790.0,243000000.0,-40.0,0.0,0.0,10.0,-3506000.0,0.0,0.0,878000.0
05/09/2019,65635.8758286948,93500.0,200.0,0.00213904,65495.7779080358,65705.9247890242,65215.5820667181,3870.0,362000000.0,0.0,0.0,3870.0,362000000.0,-1140.0,0.0,0.0,1110.0,-106574000.0,0.0,0.0,103779000.0
04/09/2019,65495.7779080358,94000.0,-500.0,-0.00531915,65846.0227096831,65846.0227096831,65145.5331063886,11700.0,1097000000.0,0.0,0.0,11700.0,1097000000.0,3550.0,0.0,0.0,-4250.0,331877000.0,0.0,0.0,-397450000.0
03/09/2019,65846.0227096831,93000.0,1000.0,0.01075269,66056.1695906714,68647.9811228612,65846.0227096831,10300.0,974000000.0,0.0,0.0,10300.0,974000000.0,-500.0,0.0,0.0,100.0,-47843000.0,0.0,0.0,9430000.0
30/08/2019,65145.5331063886,93000.0,0.0,0.0,66336.3654319892,66336.3654319892,65145.5331063886,43470.0,4049000000.0,0.0,0.0,43470.0,4049000000.0,-38220.0,-2000.0,0.0,39220.0,-3560021000.0,-186267000.0,0.0,3651933000.0
29/08/2019,65145.5331063886,93000.0,0.0,0.0,66196.2675113303,66196.2675113303,65145.5331063886,390.0,37000000.0,0.0,0.0,390.0,37000000.0,-300.0,0.0,0.0,300.0,-28350000.0,0.0,0.0,28350000.0
27/08/2019,65635.8758286948,93500.0,200.0,0.00213904,65635.8758286948,65635.8758286948,65215.5820667181,2830.0,265000000.0,0.0,0.0,2830.0,265000000.0,-600.0,0.0,0.0,600.0,-56160000.0,0.0,0.0,56160000.0
19/08/2019,65495.7779080358,94000.0,-500.0,-0.00531915,65846.0227096831,67036.8550352837,65495.7779080358,1520.0,143000000.0,0.0,0.0,1520.0,143000000.0,-90.0,0.0,0.0,0.0,-8415000.0,0.0,0.0,0.0
16/08/2019,65846.0227096831,95000.0,-1000.0,-0.01052632,66546.5123129777,66896.7571146248,65215.5820667181,6450.0,611000000.0,0.0,0.0,6450.0,611000000.0,1670.0,0.0,0.0,-1720.0,157146000.0,0.0,0.0,-161856000.0
15/08/2019,66546.5123129777,95100.0,-100.0,-0.00105152,66616.5612733071,67176.9529559427,65846.0227096831,3100.0,292000000.0,0.0,0.0,3100.0,292000000.0,-100.0,0.0,0.0,100.0,-9510000.0,0.0,0.0,9510000.0
14/08/2019,66616.5612733071,93400.0,1700.0,0.01820128,65846.0227096831,68297.7363212139,65846.0227096831,16210.0,1556000000.0,0.0,0.0,16210.0,1556000000.0,1770.0,2000.0,0.0,-4030.0,172019000.0,193994000.0,0.0,-390907000.0
13/08/2019,65425.7289477064,93200.0,200.0,0.00214592,65285.6310270476,65846.0227096831,65145.5331063886,5560.0,520000000.0,0.0,0.0,5560.0,520000000.0,310.0,0.0,0.0,-350.0,28914000.0,0.0,0.0,-32650000.0
12/08/2019,65285.6310270476,93400.0,-200.0,-0.00214133,65495.7779080358,65495.7779080358,65285.6310270476,3500.0,327000000.0,0.0,0.0,3500.0,327000000.0,-1020.0,0.0,0.0,1010.0,-95268000.0,0.0,0.0,94334000.0
09/08/2019,65425.7289477064,94200.0,-800.0,-0.00849257,65986.120630342,65986.120630342,63114.1132568346,4900.0,450000000.0,0.0,0.0,4900.0,450000000.0,100.0,0.0,0.0,0.0,9540000.0,0.0,0.0,0.0
08/08/2019,65986.120630342,95000.0,-800.0,-0.00842105,66546.5123129777,66546.5123129777,65986.120630342,1320.0,125000000.0,0.0,0.0,1320.0,125000000.0,970.0,0.0,0.0,-970.0,91653000.0,0.0,0.0,-91653000.0
06/08/2019,66546.5123129777,93800.0,1200.0,0.01279318,65846.0227096831,67247.0019162721,65846.0227096831,23640.0,2247000000.0,0.0,0.0,23640.0,2247000000.0,9580.0,0.0,0.0,-9750.0,911616000.0,0.0,0.0,-927536000.0
05/08/2019,65705.9247890242,94000.0,-200.0,-0.00212766,63044.0642965051,65705.9247890242,63044.0642965051,160.0,15000000.0,0.0,0.0,160.0,15000000.0,90.0,0.0,0.0,-90.0,8426000.0,0.0,0.0,-8426000.0
30/07/2019,64445.0435030941,93000.0,-1000.0,-0.01075269,65145.5331063886,65145.5331063886,64445.0435030941,240.0,22000000.0,0.0,0.0,240.0,22000000.0,-20.0,0.0,0.0,20.0,-1860000.0,0.0,0.0,1860000.0
25/07/2019,66406.4143923187,94000.0,800.0,0.00851064,65145.5331063886,66406.4143923187,65145.5331063886,50.0,5000000.0,0.0,0.0,50.0,5000000.0,-10.0,0.0,0.0,0.0,-930000.0,0.0,0.0,0.0
22/07/2019,65075.4841460592,94000.0,-1100.0,-0.01170213,62343.5746932106,65495.7779080358,62343.5746932106,3620.0,335000000.0,0.0,0.0,3620.0,335000000.0,3040.0,0.0,0.0,-3040.0,282709000.0,0.0,0.0,-282709000.0
17/07/2019,65355.6799873769,97000.0,-3700.0,-0.03814433,67247.0019162721,67247.0019162721,64445.0435030941,30.0,3000000.0,0.0,0.0,30.0,3000000.0,-10.0,0.0,0.0,10.0,-933000.0,0.0,0.0,933000.0
16/07/2019,67947.4915195667,94000.0,3000.0,0.03191489,66056.1695906714,67947.4915195667,66056.1695906714,53110.0,5117000000.0,0.0,0.0,53110.0,5117000000.0,100.0,0.0,0.0,0.0,9450000.0,0.0,0.0,0.0
15/07/2019,65846.0227096831,90900.0,3100.0,0.03410341,64445.0435030941,66546.5123129777,63044.0642965051,69870.0,6594000000.0,0.0,0.0,69870.0,6594000000.0,100.0,0.0,0.0,-100.0,9500000.0,0.0,0.0,-9500000.0
11/07/2019,64445.0435030941,91000.0,1000.0,0.01098901,64445.0435030941,64445.0435030941,64304.9455824352,480.0,44000000.0,0.0,0.0,480.0,44000000.0,-100.0,0.0,0.0,0.0,-9200000.0,0.0,0.0,0.0
09/07/2019,64445.0435030941,92000.0,0.0,0.0,61643.0850899161,64445.0435030941,60312.1548436565,140.0,12000000.0,0.0,0.0,140.0,12000000.0,-10.0,0.0,0.0,0.0,-880000.0,0.0,0.0,0.0
08/07/2019,64445.0435030941,92000.0,0.0,0.0,64445.0435030941,64445.0435030941,64445.0435030941,30.0,3000000.0,0.0,0.0,30.0,3000000.0,10.0,0.0,0.0,-10.0,920000.0,0.0,0.0,-920000.0
