NGÀY,GIÁ,GIÁ THÔ,THAY ĐỔI,%THAY ĐỔI,MỞ,CAO,THẤP,KL KHỚP,GT KHỚP,KL THỎA THUẬN,GT THỎA THUẬN,TỔNG KHỐI LƯỢNG,TỔNG GIÁ TRỊ,KL Cá Nhân Khớp Ròng,KL Tổ chức Khớp Ròng,KL Tự doanh Khớp Ròng,KL Nước Ngoài Khớp Ròng,GT Cá Nhân Khớp Ròng,GT Tổ chức Khớp Ròng,GT Tự doanh Khớp Ròng,GT Nước Ngoài Khớp Ròng
03/09/2026,1800.0,1820.0,-20.0,-0.01098901,1810.0,1810.0,1710.0,29502.0,52773880.0,0.0,0.0,29502.0,52773880.0,0.0,0.0,0.0,0.0,0.0,0.0,0.0,0.0
28/08/2026,1820.0,1810.0,10.0,0.00552486,1810.0,1840.0,1800.0,10383.0,18821230.0,0.0,0.0,10383.0,18821230.0,-1500.0,1500.0,0.0,0.0,-2728000.0,2728000.0,0.0,0.0
27/08/2026,1810.0,1820.0,-10.0,-0.00549451,1820.0,1850.0,1800.0,28253.0,51337400.0,0.0,0.0,28253.0,51337400.0,4499.0,-4499.0,0.0,0.0,8151180.0,-8151180.0,0.0,0.0
26/08/2026,1820.0,1810.0,10.0,0.00552486,1750.0,1880.0,1750.0,20801.0,37144860.0,0.0,0.0,20801.0,37144860.0,-6801.0,6801.0,0.0,0.0,-12048860.0,12048860.0,0.0,0.0
25/08/2026,1810.0,1800.0,10.0,0.00555556,1800.0,1900.0,1770.0,38284.0,68252700.0,0.0,0.0,38284.0,68252700.0,-1760.0,1760.0,0.0,0.0,-3238401.0,3238400.0,0.0,0.0
24/08/2026,1800.0,1790.0,10.0,0.00558659,1790.0,1900.0,1780.0,75606.0,136399860.0,0.0,0.0,75606.0,136399860.0,-18000.0,18000.0,0.0,0.0,-32548000.0,32548000.0,0.0,0.0
21/08/2026,1790.0,1780.0,10.0,0.00561798,1830.0,1830.0,1780.0,28860.0,51845800.0,0.0,0.0,28860.0,51845800.0,-2140.0,2140.0,0.0,0.0,-3859200.0,3859200.0,0.0,0.0
20/08/2026,1780.0,1780.0,0.0,0.0,1780.0,1860.0,1740.0,34401.0,61290780.0,0.0,0.0,34401.0,61290780.0,26500.0,-26500.0,0.0,0.0,46883001.0,-46883000.0,0.0,0.0
19/08/2026,1780.0,1800.0,-20.0,-0.01111111,1800.0,1800.0,1780.0,7404.0,13247200.0,0.0,0.0,7404.0,13247200.0,6298.0,-6298.0,0.0,0.0,11275400.0,-11275400.0,0.0,0.0
18/08/2026,1800.0,1800.0,0.0,0.0,1800.0,1820.0,1760.0,22822.0,40585620.0,0.0,0.0,22822.0,40585620.0,-4600.0,4600.0,0.0,0.0,-8210000.0,8210000.0,0.0,0.0
17/08/2026,1800.0,1770.0,30.0,0.01694915,1760.0,1840.0,1760.0,63821.0,113918380.0,0.0,0.0,63821.0,113918380.0,-25900.0,25900.0,0.0,0.0,-46164000.0,46164000.0,0.0,0.0
14/08/2026,1770.0,1790.0,-20.0,-0.01117318,1820.0,1820.0,1770.0,51912.0,92893800.0,0.0,0.0,51912.0,92893800.0,24902.0,-24902.0,0.0,0.0,44404600.0,-44404600.0,0.0,0.0
13/08/2026,1790.0,1780.0,10.0,0.00561798,1850.0,1850.0,1770.0,30526.0,54555490.0,0.0,0.0,30526.0,54555490.0,22330.0,-22330.0,0.0,0.0,39810700.0,-39810700.0,0.0,0.0
12/08/2026,1780.0,1770.0,10.0,0.00564972,1790.0,1810.0,1770.0,27704.0,49687100.0,0.0,0.0,27704.0,49687100.0,-14800.0,14800.0,0.0,0.0,-26490000.0,26490000.0,0.0,0.0
11/08/2026,1770.0,1750.0,20.0,0.01142857,1830.0,1830.0,1750.0,50993.0,90790590.0,0.0,0.0,50993.0,90790590.0,3400.0,-3400.0,0.0,0.0,6042000.0,-6042000.0,0.0,0.0
10/08/2026,1750.0,1780.0,-30.0,-0.01685393,1780.0,1780.0,1720.0,40803.0,71117460.0,0.0,0.0,40803.0,71117460.0,16700.0,-16700.0,0.0,0.0,29354000.0,-29354000.0,0.0,0.0
07/08/2026,1780.0,1780.0,0.0,0.0,1830.0,1830.0,1780.0,9670.0,17445560.0,0.0,0.0,9670.0,17445560.0,1343.0,-1343.0,0.0,0.0,2439830.0,-2439830.0,0.0,0.0
06/08/2026,1780.0,1820.0,-40.0,-0.02197802,1820.0,1820.0,1780.0,49600.0,88684000.0,0.0,0.0,49600.0,88684000.0,15400.0,-15400.0,0.0,0.0,27485000.0,-27485000.0,0.0,0.0
05/08/2026,1820.0,1800.0,20.0,0.01111111,1860.0,1860.0,1770.0,380851.0,686108860.0,0.0,0.0,380851.0,686108860.0,6400.0,-6400.0,0.0,0.0,11803000.0,-11803000.0,0.0,0.0
04/08/2026,1800.0,1770.0,30.0,0.01694915,1720.0,1870.0,1720.0,17936.0,32152300.0,0.0,0.0,17936.0,32152300.0,8298.0,-8298.0,0.0,0.0,14847420.0,-14847420.0,0.0,0.0
03/08/2026,1770.0,1800.0,-30.0,-0.01666667,1800.0,1800.0,1720.0,60767.0,108242600.0,0.0,0.0,60767.0,108242600.0,-7500.0,7500.0,0.0,0.0,-13470000.0,13470000.0,0.0,0.0
31/07/2026,1800.0,1840.0,-40.0,-0.02173913,1800.0,1810.0,1790.0,26944.0,48468150.0,0.0,0.0,26944.0,48468150.0,-4800.0,4800.0,0.0,0.0,-8693000.0,8693000.0,0.0,0.0
30/07/2026,1840.0,1780.0,60.0,0.03370787,1800.0,1840.0,1800.0,23615.0,42534570.0,0.0,0.0,23615.0,42534570.0,-2000.0,2000.0,0.0,0.0,-3602000.0,3602000.0,0.0,0.0
29/07/2026,1780.0,1830.0,-50.0,-0.0273224,1830.0,1840.0,1710.0,134132.0,238116560.0,0.0,0.0,134132.0,238116560.0,90400.0,-90400.0,0.0,0.0,161401000.0,-161401000.0,0.0,0.0
28/07/2026,1830.0,1800.0,30.0,0.01666667,1770.0,1830.0,1770.0,40901.0,73140800.0,0.0,0.0,40901.0,73140800.0,-900.0,900.0,0.0,0.0,-1583000.0,1583000.0,0.0,0.0
27/07/2026,1800.0,1810.0,-10.0,-0.00552486,1830.0,1830.0,1760.0,49804.0,89705510.0,0.0,0.0,49804.0,89705510.0,-41400.0,41400.0,0.0,0.0,-74502001.0,74502000.0,0.0,0.0
24/07/2026,1810.0,1890.0,-80.0,-0.04232804,1890.0,1890.0,1760.0,65479.0,117036310.0,0.0,0.0,65479.0,117036310.0,-9002.0,9002.0,0.0,0.0,-16089780.0,16089780.0,0.0,0.0
23/07/2026,1890.0,1870.0,20.0,0.01069519,1870.0,1890.0,1810.0,55200.0,101426000.0,0.0,0.0,55200.0,101426000.0,-2400.0,2400.0,0.0,0.0,-4244000.0,4244000.0,0.0,0.0
22/07/2026,1870.0,1860.0,10.0,0.00537634,1960.0,1960.0,1830.0,16079.0,30190340.0,0.0,0.0,16079.0,30190340.0,5600.0,-5600.0,0.0,0.0,10660000.0,-10660000.0,0.0,0.0
21/07/2026,1860.0,1860.0,0.0,0.0,1860.0,1900.0,1800.0,8050.0,14849500.0,0.0,0.0,8050.0,14849500.0,2750.0,-2750.0,0.0,0.0,4993500.0,-4993500.0,0.0,0.0
20/07/2026,1860.0,2000.0,-140.0,-0.07,1960.0,1960.0,1860.0,100444.0,188760000.0,0.0,0.0,100444.0,188760000.0,15100.0,-15100.0,0.0,0.0,27804000.0,-27804000.0,0.0,0.0
17/07/2026,2000.0,2000.0,0.0,0.0,2000.0,2000.0,1990.0,31429.0,62847000.0,0.0,0.0,31429.0,62847000.0,18600.0,-18600.0,0.0,0.0,37208000.0,-37208000.0,0.0,0.0
16/07/2026,2000.0,2000.0,0.0,0.0,1950.0,2010.0,1940.0,120505.0,238656630.0,0.0,0.0,120505.0,238656630.0,12003.0,-12003.0,0.0,0.0,24095730.0,-24095730.0,0.0,0.0
15/07/2026,2000.0,1980.0,20.0,0.01010101,2000.0,2020.0,1960.0,45810.0,91466000.0,0.0,0.0,45810.0,91466000.0,3000.0,-3000.0,0.0,0.0,5994000.0,-5994000.0,0.0,0.0
14/07/2026,1980.0,2000.0,-20.0,-0.01,2040.0,2040.0,1920.0,36315.0,72078940.0,0.0,0.0,36315.0,72078940.0,-8800.0,8800.0,0.0,0.0,-17581000.0,17581000.0,0.0,0.0
13/07/2026,2000.0,2010.0,-10.0,-0.00497512,2020.0,2020.0,1930.0,65075.0,128053630.0,0.0,0.0,65075.0,128053630.0,-5675.0,5675.0,0.0,0.0,-11262750.0,11262750.0,0.0,0.0
10/07/2026,2010.0,1930.0,80.0,0.04145078,1990.0,2030.0,1970.0,110017.0,220723450.0,0.0,0.0,110017.0,220723450.0,-200.0,200.0,0.0,0.0,-456000.0,456000.0,0.0,0.0
09/07/2026,1930.0,2030.0,-100.0,-0.04926108,2070.0,2070.0,1930.0,53504.0,104853200.0,0.0,0.0,53504.0,104853200.0,7200.0,-7200.0,0.0,0.0,15077000.0,-15077000.0,0.0,0.0
08/07/2026,2030.0,2030.0,0.0,0.0,2060.0,2060.0,2000.0,24532.0,49695620.0,0.0,0.0,24532.0,49695620.0,101.0,-101.0,0.0,0.0,190040.0,-190040.0,0.0,0.0
07/07/2026,2030.0,2050.0,-20.0,-0.0097561,2120.0,2130.0,1980.0,253611.0,507173550.0,0.0,0.0,253611.0,507173550.0,52110.0,-52110.0,0.0,0.0,104138500.0,-104138500.0,0.0,0.0
06/07/2026,2050.0,2160.0,-110.0,-0.05092593,2210.0,2230.0,2030.0,137846.0,286667760.0,0.0,0.0,137846.0,286667760.0,40212.0,-40212.0,0.0,0.0,83844540.0,-83844540.0,0.0,0.0
03/07/2026,2160.0,2290.0,-130.0,-0.05676856,2290.0,2290.0,2140.0,89990.0,195427020.0,0.0,0.0,89990.0,195427020.0,-24888.0,24888.0,0.0,0.0,-53703520.0,53703520.0,0.0,0.0
02/07/2026,2290.0,2200.0,90.0,0.04090909,2200.0,2340.0,2050.0,563076.0,1188746850.0,0.0,0.0,563076.0,1188746850.0,154000.0,-154000.0,0.0,0.0,302974000.0,-302974000.0,0.0,0.0
01/07/2026,2200.0,2280.0,-80.0,-0.03508772,2270.0,2410.0,2130.0,685513.0,1474939310.0,0.0,0.0,685513.0,1474939310.0,215700.0,-215700.0,0.0,0.0,461382000.0,-461382000.0,0.0,0.0
30/06/2026,2280.0,2370.0,-90.0,-0.03797468,2370.0,2480.0,2220.0,65900.0,149055000.0,0.0,0.0,65900.0,149055000.0,9500.0,-9500.0,0.0,0.0,21282000.0,-21282000.0,0.0,0.0
29/06/2026,2370.0,2520.0,-150.0,-0.05952381,2520.0,2520.0,2350.0,371954.0,877870080.0,0.0,0.0,371954.0,877870080.0,254700.0,-254700.0,0.0,0.0,601273001.0,-601273000.0,0.0,0.0
26/06/2026,2520.0,2550.0,-30.0,-0.01176471,2550.0,2550.0,2500.0,17200.0,43759000.0,0.0,0.0,17200.0,43759000.0,11000.0,-11000.0,0.0,0.0,28108000.0,-28108000.0,0.0,0.0
25/06/2026,2550.0,2540.0,10.0,0.00393701,2540.0,2550.0,2520.0,58000.0,147634000.0,0.0,0.0,58000.0,147634000.0,18200.0,-18200.0,0.0,0.0,46305000.0,-46305000.0,0.0,0.0
24/06/2026,2540.0,2540.0,0.0,0.0,2580.0,2580.0,2510.0,15301.0,38697540.0,0.0,0.0,15301.0,38697540.0,9701.0,-9701.0,0.0,0.0,24540540.0,-24540540.0,0.0,0.0
23/06/2026,2540.0,2550.0,-10.0,-0.00392157,2420.0,2570.0,2420.0,3301.0,8411590.0,0.0,0.0,3301.0,8411590.0,-1799.0,1799.0,0.0,0.0,-4587410.0,4587410.0,0.0,0.0
22/06/2026,2550.0,2550.0,0.0,0.0,2610.0,2610.0,2510.0,23900.0,60952000.0,0.0,0.0,23900.0,60952000.0,-12100.0,12100.0,0.0,0.0,-30801000.0,30801000.0,0.0,0.0
19/06/2026,2550.0,2580.0,-30.0,-0.01162791,2600.0,2600.0,2550.0,829.0,2133820.0,0.0,0.0,829.0,2133820.0,96.0,-96.0,0.0,0.0,247680.0,-247680.0,0.0,0.0
18/06/2026,2580.0,2580.0,0.0,0.0,2580.0,2620.0,2520.0,6711.0,17016520.0,0.0,0.0,6711.0,17016520.0,-1509.0,1509.0,0.0,0.0,-3810220.0,3810220.0,0.0,0.0
17/06/2026,2580.0,2570.0,10.0,0.00389105,2590.0,2590.0,2530.0,1502.0,3851160.0,0.0,0.0,1502.0,3851160.0,298.0,-298.0,0.0,0.0,766841.0,-766840.0,0.0,0.0
16/06/2026,2570.0,2520.0,50.0,0.01984127,2580.0,2580.0,2550.0,1400.0,3596000.0,0.0,0.0,1400.0,3596000.0,-600.0,600.0,0.0,0.0,-1541000.0,1541000.0,0.0,0.0
15/06/2026,2520.0,2590.0,-70.0,-0.02702703,2530.0,2580.0,2460.0,16958.0,43166840.0,0.0,0.0,16958.0,43166840.0,6542.0,-6542.0,0.0,0.0,16820160.0,-16820160.0,0.0,0.0
12/06/2026,2590.0,2590.0,0.0,0.0,2590.0,2590.0,2590.0,1302.0,3372190.0,0.0,0.0,1302.0,3372190.0,-99.0,99.0,0.0,0.0,-256400.0,256400.0,0.0,0.0
11/06/2026,2590.0,2580.0,10.0,0.00387597,2580.0,2600.0,2400.0,29739.0,72452170.0,0.0,0.0,29739.0,72452170.0,20400.0,-20400.0,0.0,0.0,49217001.0,-49217000.0,0.0,0.0
10/06/2026,2580.0,2570.0,10.0,0.00389105,2570.0,2600.0,2530.0,6641.0,16981340.0,0.0,0.0,6641.0,16981340.0,-4201.0,4201.0,0.0,0.0,-10684560.0,10684560.0,0.0,0.0
09/06/2026,2570.0,2580.0,-10.0,-0.00387597,2580.0,2610.0,2400.0,27702.0,69471160.0,0.0,0.0,27702.0,69471160.0,-7300.0,7300.0,0.0,0.0,-18228000.0,18228000.0,0.0,0.0
08/06/2026,2580.0,2530.0,50.0,0.01976285,2530.0,2600.0,2500.0,36849.0,93078530.0,0.0,0.0,36849.0,93078530.0,-2052.0,2052.0,0.0,0.0,-4957000.0,4957000.0,0.0,0.0
05/06/2026,2530.0,2610.0,-80.0,-0.03065134,2610.0,2610.0,2520.0,2600.0,6633000.0,0.0,0.0,2600.0,6633000.0,-500.0,500.0,0.0,0.0,-1231000.0,1231000.0,0.0,0.0
04/06/2026,2610.0,2690.0,-80.0,-0.02973978,2550.0,2620.0,2510.0,75400.0,191370000.0,0.0,0.0,75400.0,191370000.0,45600.0,-45600.0,0.0,0.0,115542000.0,-115542000.0,0.0,0.0
03/06/2026,2690.0,2640.0,50.0,0.01893939,2640.0,2690.0,2610.0,18300.0,47849000.0,0.0,0.0,18300.0,47849000.0,9100.0,-9100.0,0.0,0.0,23735000.0,-23735000.0,0.0,0.0
02/06/2026,2640.0,2650.0,-10.0,-0.00377358,2650.0,2650.0,2610.0,5413.0,14180970.0,0.0,0.0,5413.0,14180970.0,-1087.0,1087.0,0.0,0.0,-2879030.0,2879030.0,0.0,0.0
01/06/2026,2650.0,2580.0,70.0,0.02713178,2580.0,2650.0,2500.0,122500.0,319021000.0,0.0,0.0,122500.0,319021000.0,-28800.0,28800.0,0.0,0.0,-75383000.0,75383000.0,0.0,0.0
29/05/2026,2580.0,2590.0,-10.0,-0.003861,2470.0,2600.0,2470.0,31701.0,79635500.0,0.0,0.0,31701.0,79635500.0,3500.0,-3500.0,0.0,0.0,8791000.0,-8791000.0,0.0,0.0
28/05/2026,2590.0,2570.0,20.0,0.0077821,2500.0,2590.0,2500.0,5600.0,14285000.0,0.0,0.0,5600.0,14285000.0,-5000.0,5000.0,0.0,0.0,-12743000.0,12743000.0,0.0,0.0
27/05/2026,2570.0,2580.0,-10.0,-0.00387597,2680.0,2680.0,2570.0,34503.0,88778750.0,0.0,0.0,34503.0,88778750.0,-601.0,601.0,0.0,0.0,-1545570.0,1545570.0,0.0,0.0
26/05/2026,2580.0,2600.0,-20.0,-0.00769231,2690.0,2690.0,2560.0,43907.0,113237960.0,0.0,0.0,43907.0,113237960.0,-23701.0,23701.0,0.0,0.0,-60764600.0,60764600.0,0.0,0.0
25/05/2026,2600.0,2600.0,0.0,0.0,2520.0,2600.0,2520.0,12423.0,31778010.0,0.0,0.0,12423.0,31778010.0,-913.0,913.0,0.0,0.0,-2383311.0,2383310.0,0.0,0.0
22/05/2026,2600.0,2650.0,-50.0,-0.01886792,2650.0,2650.0,2520.0,22001.0,56744600.0,0.0,0.0,22001.0,56744600.0,7601.0,-7601.0,0.0,0.0,19776600.0,-19776600.0,0.0,0.0
21/05/2026,2650.0,2620.0,30.0,0.01145038,2620.0,2680.0,2530.0,10900.0,28841000.0,0.0,0.0,10900.0,28841000.0,8800.0,-8800.0,0.0,0.0,23313000.0,-23313000.0,0.0,0.0
20/05/2026,2620.0,2670.0,-50.0,-0.01872659,2690.0,2690.0,2500.0,42704.0,109111600.0,0.0,0.0,42704.0,109111600.0,-3304.0,3304.0,0.0,0.0,-7867600.0,7867600.0,0.0,0.0
19/05/2026,2670.0,2670.0,0.0,0.0,2670.0,2680.0,2640.0,18402.0,48974280.0,0.0,0.0,18402.0,48974280.0,15998.0,-15998.0,0.0,0.0,42596721.0,-42596720.0,0.0,0.0
18/05/2026,2670.0,2590.0,80.0,0.03088803,2600.0,2700.0,2600.0,3620.0,9441800.0,0.0,0.0,3620.0,9441800.0,2586.0,-2586.0,0.0,0.0,6728740.0,-6728740.0,0.0,0.0
15/05/2026,2590.0,2670.0,-80.0,-0.02996255,2670.0,2720.0,2580.0,9039.0,23839130.0,0.0,0.0,9039.0,23839130.0,-1000.0,1000.0,0.0,0.0,-2820000.0,2820000.0,0.0,0.0
14/05/2026,2670.0,2690.0,-20.0,-0.00743494,2750.0,2750.0,2660.0,2400.0,6469000.0,0.0,0.0,2400.0,6469000.0,500.0,-500.0,0.0,0.0,1362000.0,-1362000.0,0.0,0.0
13/05/2026,2690.0,2620.0,70.0,0.02671756,2640.0,2760.0,2620.0,9104.0,23926680.0,0.0,0.0,9104.0,23926680.0,1401.0,-1401.0,0.0,0.0,3701800.0,-3701800.0,0.0,0.0
12/05/2026,2620.0,2650.0,-30.0,-0.01132075,2520.0,2650.0,2520.0,28900.0,76414000.0,0.0,0.0,28900.0,76414000.0,11800.0,-11800.0,0.0,0.0,31274000.0,-31274000.0,0.0,0.0
11/05/2026,2650.0,2660.0,-10.0,-0.0037594,2660.0,2780.0,2630.0,81402.0,215687200.0,0.0,0.0,81402.0,215687200.0,66398.0,-66398.0,0.0,0.0,175991800.0,-175991800.0,0.0,0.0
08/05/2026,2660.0,2670.0,-10.0,-0.00374532,2530.0,2690.0,2530.0,43900.0,112092000.0,0.0,0.0,43900.0,112092000.0,-6400.0,6400.0,0.0,0.0,-16283000.0,16283000.0,0.0,0.0
07/05/2026,2670.0,2670.0,0.0,0.0,2670.0,2740.0,2650.0,44202.0,117940340.0,0.0,0.0,44202.0,117940340.0,-1800.0,1800.0,0.0,0.0,-4855000.0,4855000.0,0.0,0.0
06/05/2026,2670.0,2760.0,-90.0,-0.0326087,2800.0,2800.0,2670.0,45300.0,122059000.0,0.0,0.0,45300.0,122059000.0,-12300.0,12300.0,0.0,0.0,-32982000.0,32982000.0,0.0,0.0
05/05/2026,2760.0,2760.0,0.0,0.0,2650.0,2780.0,2570.0,35512.0,93384000.0,0.0,0.0,35512.0,93384000.0,-24000.0,24000.0,0.0,0.0,-62306000.0,62306000.0,0.0,0.0
04/05/2026,2760.0,2820.0,-60.0,-0.0212766,2820.0,2890.0,2690.0,54199.0,150605180.0,0.0,0.0,54199.0,150605180.0,4274.0,-4274.0,0.0,0.0,11977680.0,-11977680.0,0.0,0.0
29/04/2026,2820.0,2800.0,20.0,0.00714286,2800.0,2890.0,2800.0,46601.0,133237890.0,0.0,0.0,46601.0,133237890.0,-24000.0,24000.0,0.0,0.0,-68684000.0,68684000.0,0.0,0.0
28/04/2026,2800.0,2780.0,20.0,0.00719424,2720.0,2930.0,2600.0,205805.0,579372660.0,0.0,0.0,205805.0,579372660.0,-6900.0,6900.0,0.0,0.0,-13895000.0,13895000.0,0.0,0.0
24/04/2026,2780.0,2770.0,10.0,0.00361011,2800.0,2800.0,2700.0,23027.0,62803150.0,0.0,0.0,23027.0,62803150.0,-2600.0,2600.0,0.0,0.0,-6776000.0,6776000.0,0.0,0.0
23/04/2026,2770.0,2760.0,10.0,0.00362319,2760.0,2790.0,2690.0,34103.0,93786270.0,0.0,0.0,34103.0,93786270.0,-5097.0,5097.0,0.0,0.0,-13232730.0,13232730.0,0.0,0.0
22/04/2026,2760.0,2670.0,90.0,0.03370787,2650.0,2830.0,2650.0,29018.0,79189120.0,0.0,0.0,29018.0,79189120.0,-9200.0,9200.0,0.0,0.0,-24653000.0,24653000.0,0.0,0.0
21/04/2026,2670.0,2730.0,-60.0,-0.02197802,2790.0,2800.0,2670.0,72913.0,196388700.0,0.0,0.0,72913.0,196388700.0,1001.0,-1001.0,0.0,0.0,2625600.0,-2625600.0,0.0,0.0
20/04/2026,2730.0,2710.0,20.0,0.00738007,2790.0,2790.0,2710.0,3603.0,9899130.0,0.0,0.0,3603.0,9899130.0,1800.0,-1800.0,0.0,0.0,4943001.0,-4943000.0,0.0,0.0
17/04/2026,2710.0,2870.0,-160.0,-0.05574913,2670.0,2880.0,2670.0,87029.0,236760770.0,0.0,0.0,87029.0,236760770.0,-7427.0,7427.0,0.0,0.0,-19092111.0,19092110.0,0.0,0.0
16/04/2026,2870.0,2880.0,-10.0,-0.00347222,2900.0,2900.0,2870.0,11501.0,33169790.0,0.0,0.0,11501.0,33169790.0,4899.0,-4899.0,0.0,0.0,14106210.0,-14106210.0,0.0,0.0
15/04/2026,2880.0,2910.0,-30.0,-0.01030928,2900.0,2900.0,2810.0,18034.0,52025990.0,0.0,0.0,18034.0,52025990.0,6709.0,-6709.0,0.0,0.0,19289190.0,-19289190.0,0.0,0.0
14/04/2026,2910.0,2900.0,10.0,0.00344828,2900.0,2920.0,2810.0,14111.0,40949460.0,0.0,0.0,14111.0,40949460.0,1900.0,-1900.0,0.0,0.0,5495001.0,-5495000.0,0.0,0.0
13/04/2026,2900.0,2870.0,30.0,0.01045296,2900.0,2990.0,2720.0,90935.0,266311720.0,0.0,0.0,90935.0,266311720.0,20293.0,-20293.0,0.0,0.0,59301180.0,-59301180.0,0.0,0.0
10/04/2026,2870.0,2790.0,80.0,0.02867384,2920.0,2920.0,2760.0,64989.0,184779040.0,0.0,0.0,64989.0,184779040.0,36730.0,-36730.0,0.0,0.0,104612800.0,-104612800.0,0.0,0.0
09/04/2026,2790.0,2770.0,20.0,0.00722022,2870.0,2870.0,2710.0,25969.0,73351920.0,0.0,0.0,25969.0,73351920.0,804.0,-804.0,0.0,0.0,2254200.0,-2254200.0,0.0,0.0
08/04/2026,2770.0,2750.0,20.0,0.00727273,2760.0,2790.0,2680.0,25008.0,69189000.0,0.0,0.0,25008.0,69189000.0,17999.0,-17999.0,0.0,0.0,49891250.0,-49891250.0,0.0,0.0
07/04/2026,2750.0,2700.0,50.0,0.01851852,2800.0,2810.0,2600.0,9204.0,25307000.0,0.0,0.0,9204.0,25307000.0,-2404.0,2404.0,0.0,0.0,-6561000.0,6561000.0,0.0,0.0
06/04/2026,2700.0,2830.0,-130.0,-0.0459364,2830.0,2830.0,2700.0,7436.0,20239700.0,0.0,0.0,7436.0,20239700.0,-303.0,303.0,0.0,0.0,-814250.0,814250.0,0.0,0.0
03/04/2026,2830.0,2760.0,70.0,0.02536232,2900.0,2900.0,2710.0,4252.0,11713170.0,0.0,0.0,4252.0,11713170.0,-601.0,601.0,0.0,0.0,-1739840.0,1739840.0,0.0,0.0
02/04/2026,2760.0,2790.0,-30.0,-0.01075269,2780.0,2780.0,2750.0,1930.0,5343400.0,0.0,0.0,1930.0,5343400.0,-130.0,130.0,0.0,0.0,-360400.0,360400.0,0.0,0.0
01/04/2026,2790.0,2770.0,20.0,0.00722022,2770.0,2810.0,2710.0,10146.0,28101780.0,0.0,0.0,10146.0,28101780.0,-62.0,62.0,0.0,0.0,-286609.0,286610.0,0.0,0.0
31/03/2026,2770.0,2720.0,50.0,0.01838235,2800.0,2880.0,2740.0,14421.0,40327390.0,0.0,0.0,14421.0,40327390.0,2719.0,-2719.0,0.0,0.0,7639900.0,-7639900.0,0.0,0.0
30/03/2026,2720.0,2800.0,-80.0,-0.02857143,2710.0,2810.0,2710.0,9503.0,26099400.0,0.0,0.0,9503.0,26099400.0,1203.0,-1203.0,0.0,0.0,3276401.0,-3276400.0,0.0,0.0
27/03/2026,2800.0,2750.0,50.0,0.01818182,2820.0,2830.0,2610.0,7500.0,20710000.0,0.0,0.0,7500.0,20710000.0,2000.0,-2000.0,0.0,0.0,5757000.0,-5757000.0,0.0,0.0
26/03/2026,2750.0,2750.0,0.0,0.0,2710.0,2770.0,2560.0,30449.0,81296030.0,0.0,0.0,30449.0,81296030.0,6977.0,-6977.0,0.0,0.0,18821839.0,-18821840.0,0.0,0.0
25/03/2026,2750.0,2690.0,60.0,0.02230483,2620.0,2780.0,2620.0,40611.0,111400070.0,0.0,0.0,40611.0,111400070.0,22694.0,-22694.0,0.0,0.0,62632830.0,-62632830.0,0.0,0.0
24/03/2026,2690.0,2690.0,0.0,0.0,2630.0,2830.0,2600.0,19945.0,53478630.0,0.0,0.0,19945.0,53478630.0,6844.0,-6844.0,0.0,0.0,18494801.0,-18494800.0,0.0,0.0
23/03/2026,2690.0,2890.0,-200.0,-0.06920415,2810.0,2890.0,2690.0,207700.0,564924000.0,0.0,0.0,207700.0,564924000.0,78200.0,-78200.0,0.0,0.0,214889000.0,-214889000.0,0.0,0.0
20/03/2026,2890.0,3030.0,-140.0,-0.04620462,3030.0,3200.0,2820.0,95477.0,271543660.0,0.0,0.0,95477.0,271543660.0,-20896.0,20896.0,0.0,0.0,-59580080.0,59580080.0,0.0,0.0
19/03/2026,3030.0,3100.0,-70.0,-0.02258065,3100.0,3100.0,2890.0,106900.0,313064000.0,0.0,0.0,106900.0,313064000.0,66200.0,-66200.0,0.0,0.0,193584000.0,-193584000.0,0.0,0.0
18/03/2026,3100.0,3090.0,10.0,0.00323625,3300.0,3300.0,3060.0,405091.0,1318226930.0,0.0,0.0,405091.0,1318226930.0,-1409.0,1409.0,0.0,0.0,-3459590.0,3459590.0,0.0,0.0
17/03/2026,3090.0,2890.0,200.0,0.06920415,3090.0,3090.0,3090.0,160895.0,497165550.0,0.0,0.0,160895.0,497165550.0,60021.0,-60021.0,0.0,0.0,185464890.0,-185464890.0,0.0,0.0
16/03/2026,2890.0,2710.0,180.0,0.06642066,2890.0,2890.0,2880.0,227520.0,657502440.0,0.0,0.0,227520.0,657502440.0,-94408.0,94408.0,0.0,0.0,-272838760.0,272838760.0,0.0,0.0
13/03/2026,2710.0,2710.0,0.0,0.0,2890.0,2890.0,2610.0,8145.0,22203670.0,0.0,0.0,8145.0,22203670.0,1057.0,-1057.0,0.0,0.0,2950600.0,-2950600.0,0.0,0.0
12/03/2026,2710.0,2700.0,10.0,0.0037037,2730.0,2870.0,2710.0,4420.0,12189370.0,0.0,0.0,4420.0,12189370.0,192.0,-192.0,0.0,0.0,548231.0,-548230.0,0.0,0.0
11/03/2026,2700.0,2690.0,10.0,0.00371747,2680.0,2700.0,2600.0,10200.0,27070000.0,0.0,0.0,10200.0,27070000.0,700.0,-700.0,0.0,0.0,2073000.0,-2073000.0,0.0,0.0
10/03/2026,2690.0,2610.0,80.0,0.03065134,2450.0,2750.0,2450.0,33320.0,88511000.0,0.0,0.0,33320.0,88511000.0,14100.0,-14100.0,0.0,0.0,37409000.0,-37409000.0,0.0,0.0
09/03/2026,2610.0,2800.0,-190.0,-0.06785714,2800.0,2800.0,2610.0,54764.0,143291720.0,0.0,0.0,54764.0,143291720.0,10956.0,-10956.0,0.0,0.0,28618941.0,-28618940.0,0.0,0.0
06/03/2026,2800.0,2790.0,10.0,0.00358423,2760.0,2850.0,2750.0,3400.0,9505000.0,0.0,0.0,3400.0,9505000.0,-700.0,700.0,0.0,0.0,-1990000.0,1990000.0,0.0,0.0
05/03/2026,2790.0,2840.0,-50.0,-0.01760563,2840.0,2840.0,2780.0,12305.0,34295150.0,0.0,0.0,12305.0,34295150.0,9599.0,-9599.0,0.0,0.0,26689210.0,-26689210.0,0.0,0.0
04/03/2026,2840.0,2850.0,-10.0,-0.00350877,2940.0,2940.0,2840.0,8525.0,24320350.0,0.0,0.0,8525.0,24320350.0,405.0,-405.0,0.0,0.0,1159150.0,-1159150.0,0.0,0.0
03/03/2026,2850.0,2920.0,-70.0,-0.0239726,2920.0,2920.0,2850.0,6501.0,18716850.0,0.0,0.0,6501.0,18716850.0,2299.0,-2299.0,0.0,0.0,6677150.0,-6677150.0,0.0,0.0
02/03/2026,2920.0,2920.0,0.0,0.0,2880.0,2920.0,2850.0,45525.0,130514210.0,0.0,0.0,45525.0,130514210.0,28003.0,-28003.0,0.0,0.0,80278450.0,-80278450.0,0.0,0.0
27/02/2026,2920.0,2780.0,140.0,0.05035971,2780.0,2970.0,2780.0,23340.0,67172010.0,0.0,0.0,23340.0,67172010.0,695.0,-695.0,0.0,0.0,2023039.0,-2023040.0,0.0,0.0
26/02/2026,2780.0,2900.0,-120.0,-0.04137931,2750.0,2940.0,2750.0,56210.0,158486800.0,0.0,0.0,56210.0,158486800.0,36600.0,-36600.0,0.0,0.0,102651000.0,-102651000.0,0.0,0.0
25/02/2026,2900.0,2900.0,0.0,0.0,2900.0,2900.0,2890.0,6500.0,18849000.0,0.0,0.0,6500.0,18849000.0,1500.0,-1500.0,0.0,0.0,4351000.0,-4351000.0,0.0,0.0
24/02/2026,2900.0,2900.0,0.0,0.0,2950.0,2950.0,2900.0,3343.0,9702800.0,0.0,0.0,3343.0,9702800.0,1812.0,-1812.0,0.0,0.0,5259800.0,-5259800.0,0.0,0.0
23/02/2026,2900.0,2930.0,-30.0,-0.01023891,2930.0,2950.0,2800.0,14513.0,41841000.0,0.0,0.0,14513.0,41841000.0,-1700.0,1700.0,0.0,0.0,-4637000.0,4637000.0,0.0,0.0
13/02/2026,2930.0,2800.0,130.0,0.04642857,2830.0,2970.0,2830.0,40563.0,118600310.0,0.0,0.0,40563.0,118600310.0,5452.0,-5452.0,0.0,0.0,15987200.0,-15987200.0,0.0,0.0
12/02/2026,2800.0,2790.0,10.0,0.00358423,2790.0,2830.0,2790.0,52871.0,148809900.0,0.0,0.0,52871.0,148809900.0,-19868.0,19868.0,0.0,0.0,-56034880.0,56034880.0,0.0,0.0
11/02/2026,2790.0,2710.0,80.0,0.0295203,2710.0,2790.0,2710.0,69000.0,188782000.0,0.0,0.0,69000.0,188782000.0,55100.0,-55100.0,0.0,0.0,150251000.0,-150251000.0,0.0,0.0
10/02/2026,2710.0,2830.0,-120.0,-0.04240283,2850.0,2850.0,2710.0,21601.0,58913800.0,0.0,0.0,21601.0,58913800.0,-11000.0,11000.0,0.0,0.0,-29897000.0,29897000.0,0.0,0.0
09/02/2026,2830.0,2830.0,0.0,0.0,2830.0,2830.0,2690.0,613.0,1719320.0,0.0,0.0,613.0,1719320.0,-212.0,212.0,0.0,0.0,-585490.0,585490.0,0.0,0.0
06/02/2026,2830.0,2760.0,70.0,0.02536232,2700.0,2950.0,2700.0,94534.0,262837070.0,0.0,0.0,94534.0,262837070.0,-11031.0,11031.0,0.0,0.0,-30558710.0,30558710.0,0.0,0.0
05/02/2026,2760.0,2780.0,-20.0,-0.00719424,2780.0,2780.0,2750.0,46008.0,126880210.0,0.0,0.0,46008.0,126880210.0,40799.0,-40799.0,0.0,0.0,112493250.0,-112493250.0,0.0,0.0
04/02/2026,2780.0,2780.0,0.0,0.0,2780.0,2790.0,2710.0,101917.0,280722260.0,0.0,0.0,101917.0,280722260.0,73200.0,-73200.0,0.0,0.0,201189000.0,-201189000.0,0.0,0.0
03/02/2026,2780.0,2740.0,40.0,0.01459854,2730.0,2780.0,2730.0,36641.0,100760070.0,0.0,0.0,36641.0,100760070.0,29464.0,-29464.0,0.0,0.0,80874560.0,-80874560.0,0.0,0.0
02/02/2026,2740.0,2740.0,0.0,0.0,2740.0,2810.0,2740.0,79814.0,220939700.0,0.0,0.0,79814.0,220939700.0,58197.0,-58197.0,0.0,0.0,160630600.0,-160630600.0,0.0,0.0
30/01/2026,2740.0,2730.0,10.0,0.003663,2740.0,2790.0,2740.0,35256.0,97258040.0,0.0,0.0,35256.0,97258040.0,22330.0,-22330.0,0.0,0.0,61414500.0,-61414500.0,0.0,0.0
29/01/2026,2730.0,2750.0,-20.0,-0.00727273,2800.0,2800.0,2730.0,72302.0,198644500.0,0.0,0.0,72302.0,198644500.0,29600.0,-29600.0,0.0,0.0,81618000.0,-81618000.0,0.0,0.0
28/01/2026,2750.0,2760.0,-10.0,-0.00362319,2770.0,2800.0,2750.0,51000.0,140948000.0,0.0,0.0,51000.0,140948000.0,50000.0,-50000.0,0.0,0.0,138167000.0,-138167000.0,0.0,0.0
27/01/2026,2760.0,2730.0,30.0,0.01098901,2810.0,2810.0,2540.0,138800.0,381792000.0,0.0,0.0,138800.0,381792000.0,57000.0,-57000.0,0.0,0.0,159891000.0,-159891000.0,0.0,0.0
26/01/2026,2730.0,2810.0,-80.0,-0.02846975,2800.0,2800.0,2730.0,50464.0,138621120.0,0.0,0.0,50464.0,138621120.0,13588.0,-13588.0,0.0,0.0,37349040.0,-37349040.0,0.0,0.0
23/01/2026,2810.0,2750.0,60.0,0.02181818,2750.0,2840.0,2740.0,161604.0,450148220.0,0.0,0.0,161604.0,450148220.0,104899.0,-104899.0,0.0,0.0,292444210.0,-292444210.0,0.0,0.0
22/01/2026,2750.0,2740.0,10.0,0.00364964,2730.0,2780.0,2710.0,31000.0,85406000.0,0.0,0.0,31000.0,85406000.0,11100.0,-11100.0,0.0,0.0,30605000.0,-30605000.0,0.0,0.0
21/01/2026,2740.0,2740.0,0.0,0.0,2750.0,2750.0,2710.0,51002.0,139057600.0,0.0,0.0,51002.0,139057600.0,13995.0,-13995.0,0.0,0.0,38264250.0,-38264250.0,0.0,0.0
20/01/2026,2740.0,2700.0,40.0,0.01481481,2700.0,2750.0,2690.0,130501.0,355974730.0,0.0,0.0,130501.0,355974730.0,34501.0,-34501.0,0.0,0.0,93241730.0,-93241730.0,0.0,0.0
19/01/2026,2700.0,2650.0,50.0,0.01886792,2650.0,2710.0,2650.0,7414.0,19986830.0,0.0,0.0,7414.0,19986830.0,-1092.0,1092.0,0.0,0.0,-2942330.0,2942331.0,0.0,0.0
16/01/2026,2650.0,2720.0,-70.0,-0.02573529,2740.0,2740.0,2650.0,32420.0,87049400.0,0.0,0.0,32420.0,87049400.0,12680.0,-12680.0,0.0,0.0,33870600.0,-33870600.0,0.0,0.0
15/01/2026,2720.0,2710.0,10.0,0.00369004,2690.0,2750.0,2650.0,60685.0,161657700.0,0.0,0.0,60685.0,161657700.0,-42290.0,42290.0,0.0,0.0,-112580900.0,112580900.0,0.0,0.0
14/01/2026,2710.0,2800.0,-90.0,-0.03214286,2840.0,2840.0,2710.0,8801.0,24251700.0,0.0,0.0,8801.0,24251700.0,1701.0,-1701.0,0.0,0.0,4799701.0,-4799700.0,0.0,0.0
13/01/2026,2800.0,2780.0,20.0,0.00719424,2780.0,2840.0,2750.0,61075.0,170496500.0,0.0,0.0,61075.0,170496500.0,-34635.0,34635.0,0.0,0.0,-96840300.0,96840300.0,0.0,0.0
12/01/2026,2780.0,2790.0,-10.0,-0.00358423,2790.0,2790.0,2700.0,11360.0,31249670.0,0.0,0.0,11360.0,31249670.0,-2187.0,2187.0,0.0,0.0,-5843730.0,5843730.0,0.0,0.0
09/01/2026,2790.0,2780.0,10.0,0.00359712,2770.0,2860.0,2770.0,35114.0,98696040.0,0.0,0.0,35114.0,98696040.0,-21814.0,21814.0,0.0,0.0,-61034040.0,61034040.0,0.0,0.0
08/01/2026,2780.0,2760.0,20.0,0.00724638,2800.0,2800.0,2690.0,29113.0,80421120.0,0.0,0.0,29113.0,80421120.0,16022.0,-16022.0,0.0,0.0,44512560.0,-44512560.0,0.0,0.0
07/01/2026,2760.0,2780.0,-20.0,-0.00719424,2820.0,2820.0,2680.0,78658.0,214190740.0,0.0,0.0,78658.0,214190740.0,-4457.0,4457.0,0.0,0.0,-9644800.0,9644800.0,0.0,0.0
06/01/2026,2780.0,2800.0,-20.0,-0.00714286,2800.0,2850.0,2660.0,72022.0,194418640.0,0.0,0.0,72022.0,194418640.0,20300.0,-20300.0,0.0,0.0,54592000.0,-54592000.0,0.0,0.0
05/01/2026,2800.0,2800.0,0.0,0.0,2820.0,2850.0,2780.0,44355.0,124880350.0,0.0,0.0,44355.0,124880350.0,-800.0,800.0,0.0,0.0,-1873000.0,1873000.0,0.0,0.0
31/12/2025,2800.0,2800.0,0.0,0.0,2800.0,2810.0,2800.0,10600.0,29681000.0,0.0,0.0,10600.0,29681000.0,500.0,-500.0,0.0,0.0,1400000.0,-1400000.0,0.0,0.0
30/12/2025,2800.0,2830.0,-30.0,-0.01060071,2750.0,2800.0,2690.0,64302.0,174703500.0,0.0,0.0,64302.0,174703500.0,-36100.0,36100.0,0.0,0.0,-98005000.0,98005000.0,0.0,0.0
29/12/2025,2830.0,2790.0,40.0,0.01433692,2850.0,2850.0,2800.0,2601.0,7353900.0,0.0,0.0,2601.0,7353900.0,101.0,-101.0,0.0,0.0,288900.0,-288900.0,0.0,0.0
26/12/2025,2790.0,2790.0,0.0,0.0,2790.0,2800.0,2760.0,15201.0,42412800.0,0.0,0.0,15201.0,42412800.0,-1600.0,1600.0,0.0,0.0,-4450000.0,4450000.0,0.0,0.0
25/12/2025,2790.0,2870.0,-80.0,-0.02787456,2820.0,2820.0,2770.0,57195.0,159187510.0,0.0,0.0,57195.0,159187510.0,-27515.0,27515.0,0.0,0.0,-76684910.0,76684910.0,0.0,0.0
24/12/2025,2870.0,2870.0,0.0,0.0,2770.0,2870.0,2770.0,33963.0,95437360.0,0.0,0.0,33963.0,95437360.0,4506.0,-4506.0,0.0,0.0,12687859.0,-12687860.0,0.0,0.0
23/12/2025,2870.0,2920.0,-50.0,-0.01712329,2870.0,2920.0,2750.0,48903.0,137972620.0,0.0,0.0,48903.0,137972620.0,-21301.0,21301.0,0.0,0.0,-59149780.0,59149780.0,0.0,0.0
22/12/2025,2920.0,2930.0,-10.0,-0.00341297,2930.0,3000.0,2850.0,23391.0,68192290.0,0.0,0.0,23391.0,68192290.0,8097.0,-8097.0,0.0,0.0,23856570.0,-23856570.0,0.0,0.0
19/12/2025,2930.0,2810.0,120.0,0.04270463,2810.0,2990.0,2800.0,49615.0,140731160.0,0.0,0.0,49615.0,140731160.0,21657.0,-21657.0,0.0,0.0,62081810.0,-62081810.0,0.0,0.0
18/12/2025,2810.0,2950.0,-140.0,-0.04745763,2960.0,2960.0,2800.0,167502.0,478283820.0,0.0,0.0,167502.0,478283820.0,5599.0,-5599.0,0.0,0.0,13054090.0,-13054090.0,0.0,0.0
17/12/2025,2950.0,2930.0,20.0,0.00682594,2950.0,2970.0,2900.0,36921.0,108802050.0,0.0,0.0,36921.0,108802050.0,-26210.0,26210.0,0.0,0.0,-77145601.0,77145600.0,0.0,0.0
16/12/2025,2930.0,3000.0,-70.0,-0.02333333,3100.0,3100.0,2890.0,38606.0,113934360.0,0.0,0.0,38606.0,113934360.0,-7400.0,7400.0,0.0,0.0,-21504000.0,21504000.0,0.0,0.0
15/12/2025,3000.0,2960.0,40.0,0.01351351,3150.0,3150.0,2760.0,79204.0,240173380.0,0.0,0.0,79204.0,240173380.0,33099.0,-33099.0,0.0,0.0,101700850.0,-101700850.0,0.0,0.0
12/12/2025,2960.0,3020.0,-60.0,-0.01986755,3040.0,3040.0,2950.0,16448.0,48688800.0,0.0,0.0,16448.0,48688800.0,-7390.0,7390.0,0.0,0.0,-21793000.0,21793000.0,0.0,0.0
11/12/2025,3020.0,2980.0,40.0,0.01342282,2960.0,3050.0,2950.0,29710.0,89149900.0,0.0,0.0,29710.0,89149900.0,5300.0,-5300.0,0.0,0.0,16164000.0,-16164000.0,0.0,0.0
10/12/2025,2980.0,3050.0,-70.0,-0.02295082,3050.0,3050.0,2980.0,43410.0,130288050.0,0.0,0.0,43410.0,130288050.0,-19299.0,19299.0,0.0,0.0,-57594950.0,57594950.0,0.0,0.0
09/12/2025,3050.0,3050.0,0.0,0.0,3050.0,3050.0,2950.0,24215.0,73347530.0,0.0,0.0,24215.0,73347530.0,-12393.0,12393.0,0.0,0.0,-37529870.0,37529870.0,0.0,0.0
08/12/2025,3050.0,3060.0,-10.0,-0.00326797,3020.0,3050.0,3020.0,8415.0,25562100.0,0.0,0.0,8415.0,25562100.0,-8005.0,8005.0,0.0,0.0,-24324781.0,24324780.0,0.0,0.0
05/12/2025,3060.0,2990.0,70.0,0.02341137,2980.0,3060.0,2920.0,71107.0,211322350.0,0.0,0.0,71107.0,211322350.0,4789.0,-4789.0,0.0,0.0,15727550.0,-15727550.0,0.0,0.0
04/12/2025,2990.0,2990.0,0.0,0.0,3000.0,3000.0,2900.0,62827.0,186906190.0,0.0,0.0,62827.0,186906190.0,55800.0,-55800.0,0.0,0.0,166148000.0,-166148000.0,0.0,0.0
03/12/2025,2990.0,3020.0,-30.0,-0.00993377,3040.0,3040.0,2930.0,17556.0,52098740.0,0.0,0.0,17556.0,52098740.0,7399.0,-7399.0,0.0,0.0,22067710.0,-22067710.0,0.0,0.0
02/12/2025,3020.0,3030.0,-10.0,-0.00330033,2950.0,3030.0,2950.0,45371.0,136233130.0,0.0,0.0,45371.0,136233130.0,-9300.0,9300.0,0.0,0.0,-27460000.0,27460000.0,0.0,0.0
01/12/2025,3030.0,3110.0,-80.0,-0.02572347,3050.0,3050.0,2900.0,95959.0,282188190.0,0.0,0.0,95959.0,282188190.0,43247.0,-43247.0,0.0,0.0,127364170.0,-127364170.0,0.0,0.0
28/11/2025,3110.0,3020.0,90.0,0.02980132,3020.0,3110.0,3020.0,721.0,2214330.0,0.0,0.0,721.0,2214330.0,-200.0,200.0,0.0,0.0,-596000.0,596000.0,0.0,0.0
27/11/2025,3020.0,3090.0,-70.0,-0.02265372,3090.0,3140.0,3020.0,17700.0,53822000.0,0.0,0.0,17700.0,53822000.0,10000.0,-10000.0,0.0,0.0,30368000.0,-30368000.0,0.0,0.0
26/11/2025,3090.0,3100.0,-10.0,-0.00322581,3180.0,3180.0,3080.0,18100.0,56672000.0,0.0,0.0,18100.0,56672000.0,-8000.0,8000.0,0.0,0.0,-25149000.0,25149000.0,0.0,0.0
25/11/2025,3100.0,3090.0,10.0,0.00323625,3110.0,3110.0,3030.0,10900.0,33421000.0,0.0,0.0,10900.0,33421000.0,9400.0,-9400.0,0.0,0.0,28805000.0,-28805000.0,0.0,0.0
24/11/2025,3090.0,3090.0,0.0,0.0,3090.0,3090.0,3000.0,13523.0,41432250.0,0.0,0.0,13523.0,41432250.0,8200.0,-8200.0,0.0,0.0,25218000.0,-25218000.0,0.0,0.0
21/11/2025,3090.0,3090.0,0.0,0.0,3050.0,3090.0,3050.0,12300.0,37590000.0,0.0,0.0,12300.0,37590000.0,300.0,-300.0,0.0,0.0,927000.0,-927000.0,0.0,0.0
20/11/2025,3090.0,3090.0,0.0,0.0,3080.0,3090.0,3060.0,6702.0,20566160.0,0.0,0.0,6702.0,20566160.0,200.0,-200.0,0.0,0.0,614000.0,-614000.0,0.0,0.0
19/11/2025,3090.0,3090.0,0.0,0.0,3100.0,3100.0,3030.0,57500.0,175795000.0,0.0,0.0,57500.0,175795000.0,9700.0,-9700.0,0.0,0.0,29862000.0,-29862000.0,0.0,0.0
18/11/2025,3090.0,3080.0,10.0,0.00324675,3100.0,3110.0,3050.0,8801.0,27196100.0,0.0,0.0,8801.0,27196100.0,600.0,-600.0,0.0,0.0,1833000.0,-1833000.0,0.0,0.0
17/11/2025,3080.0,3030.0,50.0,0.01650165,3050.0,3080.0,2960.0,103226.0,314361180.0,0.0,0.0,103226.0,314361180.0,49300.0,-49300.0,0.0,0.0,150826000.0,-150826000.0,0.0,0.0
14/11/2025,3030.0,3090.0,-60.0,-0.01941748,3120.0,3150.0,3000.0,5321.0,16195620.0,0.0,0.0,5321.0,16195620.0,2700.0,-2700.0,0.0,0.0,8157000.0,-8157000.0,0.0,0.0
13/11/2025,3090.0,3010.0,80.0,0.02657807,3030.0,3100.0,3030.0,34718.0,105816190.0,0.0,0.0,34718.0,105816190.0,31600.0,-31600.0,0.0,0.0,96272000.0,-96272000.0,0.0,0.0
12/11/2025,3010.0,2950.0,60.0,0.02033898,3010.0,3050.0,2960.0,20711.0,62330020.0,0.0,0.0,20711.0,62330020.0,8305.0,-8305.0,0.0,0.0,25016901.0,-25016900.0,0.0,0.0
11/11/2025,2950.0,3080.0,-130.0,-0.04220779,3090.0,3090.0,2910.0,3616.0,10960280.0,0.0,0.0,3616.0,10960280.0,100.0,-100.0,0.0,0.0,282000.0,-282000.0,0.0,0.0
10/11/2025,3080.0,3080.0,0.0,0.0,2890.0,3140.0,2890.0,3492.0,10615520.0,0.0,0.0,3492.0,10615520.0,-605.0,605.0,0.0,0.0,-1859600.0,1859600.0,0.0,0.0
07/11/2025,3080.0,3050.0,30.0,0.00983607,3140.0,3140.0,3020.0,3527.0,10839640.0,0.0,0.0,3527.0,10839640.0,1505.0,-1505.0,0.0,0.0,4667201.0,-4667200.0,0.0,0.0
06/11/2025,3050.0,3030.0,20.0,0.00660066,3030.0,3100.0,3030.0,11900.0,36182000.0,0.0,0.0,11900.0,36182000.0,-5300.0,5300.0,0.0,0.0,-16105000.0,16105000.0,0.0,0.0
05/11/2025,3030.0,3130.0,-100.0,-0.03194888,3110.0,3140.0,3020.0,60651.0,185307610.0,0.0,0.0,60651.0,185307610.0,15525.0,-15525.0,0.0,0.0,47858250.0,-47858250.0,0.0,0.0
04/11/2025,3130.0,3080.0,50.0,0.01623377,3150.0,3150.0,2920.0,12857.0,39527630.0,0.0,0.0,12857.0,39527630.0,-9784.0,9784.0,0.0,0.0,-30136320.0,30136320.0,0.0,0.0
03/11/2025,3080.0,3110.0,-30.0,-0.0096463,3140.0,3180.0,3050.0,16200.0,50641000.0,0.0,0.0,16200.0,50641000.0,7800.0,-7800.0,0.0,0.0,24343000.0,-24343000.0,0.0,0.0
31/10/2025,3110.0,3100.0,10.0,0.00322581,3110.0,3140.0,3090.0,10996.0,34263380.0,0.0,0.0,10996.0,34263380.0,900.0,-900.0,0.0,0.0,2797000.0,-2797000.0,0.0,0.0
30/10/2025,3100.0,3050.0,50.0,0.01639344,3070.0,3100.0,3070.0,31454.0,97114900.0,0.0,0.0,31454.0,97114900.0,3200.0,-3200.0,0.0,0.0,9775000.0,-9775000.0,0.0,0.0
29/10/2025,3050.0,3040.0,10.0,0.00328947,3040.0,3100.0,3040.0,39111.0,119328220.0,0.0,0.0,39111.0,119328220.0,20800.0,-20800.0,0.0,0.0,63436000.0,-63436000.0,0.0,0.0
28/10/2025,3040.0,3000.0,40.0,0.01333333,3010.0,3060.0,3000.0,19511.0,59088000.0,0.0,0.0,19511.0,59088000.0,10000.0,-10000.0,0.0,0.0,30545000.0,-30545000.0,0.0,0.0
27/10/2025,3000.0,3000.0,0.0,0.0,3000.0,3090.0,3000.0,18314.0,55151010.0,0.0,0.0,18314.0,55151010.0,9300.0,-9300.0,0.0,0.0,28064000.0,-28064000.0,0.0,0.0
24/10/2025,3000.0,2920.0,80.0,0.02739726,3080.0,3080.0,3000.0,3630.0,10981840.0,0.0,0.0,3630.0,10981840.0,1200.0,-1200.0,0.0,0.0,3628000.0,-3628000.0,0.0,0.0
23/10/2025,2920.0,3030.0,-110.0,-0.03630363,3050.0,3090.0,2820.0,89505.0,267655310.0,0.0,0.0,89505.0,267655310.0,26400.0,-26400.0,0.0,0.0,79863000.0,-79863000.0,0.0,0.0
22/10/2025,3030.0,3110.0,-80.0,-0.02572347,2940.0,3150.0,2940.0,29612.0,89151410.0,0.0,0.0,29612.0,89151410.0,1221.0,-1221.0,0.0,0.0,3842360.0,-3842360.0,0.0,0.0
21/10/2025,3110.0,3030.0,80.0,0.02640264,3230.0,3230.0,3000.0,36545.0,111564600.0,0.0,0.0,36545.0,111564600.0,-5960.0,5960.0,0.0,0.0,-18223600.0,18223600.0,0.0,0.0
20/10/2025,3030.0,3250.0,-220.0,-0.06769231,3120.0,3470.0,3030.0,54509.0,169837340.0,0.0,0.0,54509.0,169837340.0,-9399.0,9399.0,0.0,0.0,-28221740.0,28221740.0,0.0,0.0
17/10/2025,3250.0,3300.0,-50.0,-0.01515152,3290.0,3320.0,3250.0,26900.0,87915000.0,0.0,0.0,26900.0,87915000.0,11623.0,-11623.0,0.0,0.0,37986900.0,-37986900.0,0.0,0.0
16/10/2025,3300.0,3300.0,0.0,0.0,3340.0,3370.0,3260.0,48645.0,160167860.0,0.0,0.0,48645.0,160167860.0,-12058.0,12058.0,0.0,0.0,-39904071.0,39904070.0,0.0,0.0
15/10/2025,3300.0,3400.0,-100.0,-0.02941176,3370.0,3500.0,3290.0,11312.0,37567700.0,0.0,0.0,11312.0,37567700.0,-4512.0,4512.0,0.0,0.0,-14802700.0,14802700.0,0.0,0.0
14/10/2025,3400.0,3350.0,50.0,0.01492537,3250.0,3400.0,3250.0,23406.0,77142800.0,0.0,0.0,23406.0,77142800.0,-6400.0,6400.0,0.0,0.0,-20605000.0,20605000.0,0.0,0.0
13/10/2025,3350.0,3360.0,-10.0,-0.00297619,3220.0,3370.0,3220.0,69227.0,226099680.0,0.0,0.0,69227.0,226099680.0,16821.0,-16821.0,0.0,0.0,56042560.0,-56042560.0,0.0,0.0
10/10/2025,3360.0,3490.0,-130.0,-0.03724928,3370.0,3500.0,3350.0,65016.0,221374720.0,0.0,0.0,65016.0,221374720.0,9816.0,-9816.0,0.0,0.0,33400720.0,-33400720.0,0.0,0.0
09/10/2025,3490.0,3480.0,10.0,0.00287356,3410.0,3550.0,3350.0,146078.0,499404170.0,0.0,0.0,146078.0,499404170.0,34000.0,-34000.0,0.0,0.0,114654000.0,-114654000.0,0.0,0.0
08/10/2025,3480.0,3470.0,10.0,0.00288184,3480.0,3600.0,3400.0,48205.0,165951500.0,0.0,0.0,48205.0,165951500.0,33600.0,-33600.0,0.0,0.0,115624000.0,-115624000.0,0.0,0.0
07/10/2025,3470.0,3550.0,-80.0,-0.02253521,3600.0,3600.0,3470.0,109848.0,383324160.0,0.0,0.0,109848.0,383324160.0,100252.0,-100252.0,0.0,0.0,349756840.0,-349756840.0,0.0,0.0
06/10/2025,3550.0,3480.0,70.0,0.02011494,3540.0,3700.0,3490.0,8000.0,28796000.0,0.0,0.0,8000.0,28796000.0,-1600.0,1600.0,0.0,0.0,-6069000.0,6069000.0,0.0,0.0
03/10/2025,3480.0,3590.0,-110.0,-0.03064067,3600.0,3600.0,3480.0,85300.0,298603000.0,0.0,0.0,85300.0,298603000.0,-7700.0,7700.0,0.0,0.0,-27149000.0,27149000.0,0.0,0.0
02/10/2025,3590.0,3510.0,80.0,0.02279202,3510.0,3660.0,3500.0,26801.0,94127510.0,0.0,0.0,26801.0,94127510.0,4101.0,-4101.0,0.0,0.0,14319511.0,-14319510.0,0.0,0.0
01/10/2025,3510.0,3500.0,10.0,0.00285714,3610.0,3610.0,3500.0,35631.0,127693500.0,0.0,0.0,35631.0,127693500.0,-7798.0,7798.0,0.0,0.0,-28087800.0,28087800.0,0.0,0.0
30/09/2025,3500.0,3510.0,-10.0,-0.002849,3500.0,3580.0,3460.0,11823.0,41367560.0,0.0,0.0,11823.0,41367560.0,-7595.0,7595.0,0.0,0.0,-26603450.0,26603450.0,0.0,0.0
29/09/2025,3510.0,3570.0,-60.0,-0.01680672,3600.0,3710.0,3390.0,22913.0,81255240.0,0.0,0.0,22913.0,81255240.0,-3983.0,3983.0,0.0,0.0,-12835360.0,12835360.0,0.0,0.0
26/09/2025,3570.0,3530.0,40.0,0.01133144,3600.0,3620.0,3500.0,113726.0,406430850.0,0.0,0.0,113726.0,406430850.0,-70075.0,70075.0,0.0,0.0,-249696750.0,249696750.0,0.0,0.0
25/09/2025,3530.0,3490.0,40.0,0.01146132,3530.0,3550.0,3500.0,72551.0,254840990.0,0.0,0.0,72551.0,254840990.0,-43748.0,43748.0,0.0,0.0,-153860470.0,153860470.0,0.0,0.0
24/09/2025,3490.0,3550.0,-60.0,-0.01690141,3490.0,3530.0,3450.0,26935.0,93480260.0,0.0,0.0,26935.0,93480260.0,2600.0,-2600.0,0.0,0.0,8990000.0,-8990000.0,0.0,0.0
23/09/2025,3550.0,3460.0,90.0,0.02601156,3540.0,3580.0,3400.0,91032.0,317371520.0,0.0,0.0,91032.0,317371520.0,8030.0,-8030.0,0.0,0.0,28000460.0,-28000460.0,0.0,0.0
22/09/2025,3460.0,3460.0,0.0,0.0,3500.0,3590.0,3400.0,29319.0,101803520.0,0.0,0.0,29319.0,101803520.0,-801.0,801.0,0.0,0.0,-3000461.0,3000460.0,0.0,0.0
19/09/2025,3460.0,3620.0,-160.0,-0.0441989,3760.0,3760.0,3370.0,87730.0,304061500.0,0.0,0.0,87730.0,304061500.0,41799.0,-41799.0,0.0,0.0,145224400.0,-145224400.0,0.0,0.0
18/09/2025,3620.0,3650.0,-30.0,-0.00821918,3660.0,3770.0,3620.0,39400.0,144069000.0,0.0,0.0,39400.0,144069000.0,26900.0,-26900.0,0.0,0.0,98160000.0,-98160000.0,0.0,0.0
17/09/2025,3650.0,3600.0,50.0,0.01388889,3660.0,3740.0,3500.0,174806.0,642418590.0,0.0,0.0,174806.0,642418590.0,18763.0,-18763.0,0.0,0.0,69099430.0,-69099430.0,0.0,0.0
16/09/2025,3600.0,3600.0,0.0,0.0,3500.0,3740.0,3470.0,63386.0,231007080.0,0.0,0.0,63386.0,231007080.0,18080.0,-18080.0,0.0,0.0,65674400.0,-65674400.0,0.0,0.0
15/09/2025,3600.0,3600.0,0.0,0.0,3610.0,3700.0,3450.0,56331.0,200161900.0,0.0,0.0,56331.0,200161900.0,-9591.0,9591.0,0.0,0.0,-33056120.0,33056120.0,0.0,0.0
12/09/2025,3600.0,3540.0,60.0,0.01694915,3650.0,3650.0,3480.0,78332.0,277186820.0,0.0,0.0,78332.0,277186820.0,-2868.0,2868.0,0.0,0.0,-9847250.0,9847250.0,0.0,0.0
11/09/2025,3540.0,3540.0,0.0,0.0,3520.0,3540.0,3400.0,39004.0,136479120.0,0.0,0.0,39004.0,136479120.0,-22496.0,22496.0,0.0,0.0,-79020880.0,79020880.0,0.0,0.0
10/09/2025,3540.0,3500.0,40.0,0.01142857,3500.0,3540.0,3320.0,76906.0,267636610.0,0.0,0.0,76906.0,267636610.0,16203.0,-16203.0,0.0,0.0,55796540.0,-55796540.0,0.0,0.0
09/09/2025,3500.0,3440.0,60.0,0.01744186,3540.0,3540.0,3380.0,114109.0,390358660.0,0.0,0.0,114109.0,390358660.0,4707.0,-4707.0,0.0,0.0,16485730.0,-16485730.0,0.0,0.0
08/09/2025,3440.0,3690.0,-250.0,-0.06775068,3690.0,3700.0,3440.0,71425.0,247548170.0,0.0,0.0,71425.0,247548170.0,-50054.0,50554.0,0.0,-500.0,-172433370.0,174283370.0,0.0,-1850000.0
05/09/2025,3690.0,3460.0,230.0,0.06647399,3520.0,3700.0,3500.0,552882.0,2010343370.0,0.0,0.0,552882.0,2010343370.0,8672.0,-6672.0,0.0,-2000.0,24106110.0,-16906110.0,0.0,-7200000.0
04/09/2025,3460.0,3400.0,60.0,0.01764706,3520.0,3520.0,3400.0,86873.0,297421470.0,0.0,0.0,86873.0,297421470.0,-25978.0,25978.0,0.0,0.0,-89195440.0,89195440.0,0.0,0.0
03/09/2025,3400.0,3330.0,70.0,0.02102102,3340.0,3450.0,3340.0,126423.0,434737990.0,0.0,0.0,126423.0,434737990.0,67134.0,-67134.0,0.0,0.0,230798390.0,-230798390.0,0.0,0.0
29/08/2025,3330.0,3380.0,-50.0,-0.0147929,3310.0,3380.0,3300.0,96080.0,318988610.0,0.0,0.0,96080.0,318988610.0,-46152.0,46152.0,0.0,0.0,-152682701.0,152682700.0,0.0,0.0
28/08/2025,3380.0,3390.0,-10.0,-0.00294985,3260.0,3450.0,3260.0,15225.0,50416110.0,0.0,0.0,15225.0,50416110.0,-2613.0,2613.0,0.0,0.0,-8682020.0,8682020.0,0.0,0.0
27/08/2025,3390.0,3290.0,100.0,0.03039514,3380.0,3400.0,3310.0,66786.0,224527260.0,0.0,0.0,66786.0,224527260.0,12827.0,-12827.0,0.0,0.0,44379910.0,-44379910.0,0.0,0.0
26/08/2025,3290.0,3230.0,60.0,0.01857585,3230.0,3290.0,3200.0,142540.0,460395130.0,0.0,0.0,142540.0,460395130.0,89400.0,-89400.0,0.0,0.0,288816000.0,-288816000.0,0.0,0.0
25/08/2025,3230.0,3330.0,-100.0,-0.03003003,3390.0,3390.0,3230.0,127250.0,413795500.0,0.0,0.0,127250.0,413795500.0,50950.0,-50950.0,0.0,0.0,166085500.0,-166085500.0,0.0,0.0
22/08/2025,3330.0,3400.0,-70.0,-0.02058824,3410.0,3410.0,3300.0,155400.0,524781000.0,0.0,0.0,155400.0,524781000.0,59400.0,-59400.0,0.0,0.0,201304000.0,-201304000.0,0.0,0.0
21/08/2025,3400.0,3470.0,-70.0,-0.02017291,3470.0,3470.0,3400.0,150674.0,517397080.0,0.0,0.0,150674.0,517397080.0,-22395.0,22395.0,0.0,0.0,-76891730.0,76891730.0,0.0,0.0
20/08/2025,3470.0,3480.0,-10.0,-0.00287356,3490.0,3500.0,3400.0,87189.0,299026370.0,0.0,0.0,87189.0,299026370.0,2711.0,-2711.0,0.0,0.0,10029630.0,-10029630.0,0.0,0.0
19/08/2025,3480.0,3450.0,30.0,0.00869565,3420.0,3490.0,3420.0,90086.0,311253180.0,0.0,0.0,90086.0,311253180.0,-17414.0,17414.0,0.0,0.0,-60094820.0,60094820.0,0.0,0.0
18/08/2025,3450.0,3420.0,30.0,0.00877193,3420.0,3450.0,3380.0,129658.0,442737350.0,0.0,0.0,129658.0,442737350.0,42494.0,-42494.0,0.0,0.0,145760470.0,-145760470.0,0.0,0.0
15/08/2025,3420.0,3530.0,-110.0,-0.03116147,3420.0,3520.0,3400.0,297779.0,1015832000.0,0.0,0.0,297779.0,1015832000.0,50197.0,-50197.0,0.0,0.0,171714620.0,-171714620.0,0.0,0.0
14/08/2025,3530.0,3500.0,30.0,0.00857143,3500.0,3590.0,3410.0,166725.0,578513850.0,0.0,0.0,166725.0,578513850.0,42115.0,-42115.0,0.0,0.0,145440950.0,-145440950.0,0.0,0.0
13/08/2025,3500.0,3590.0,-90.0,-0.02506964,3590.0,3600.0,3460.0,193250.0,672835600.0,0.0,0.0,193250.0,672835600.0,114850.0,-114850.0,0.0,0.0,398102400.0,-398102400.0,0.0,0.0
12/08/2025,3590.0,3490.0,100.0,0.0286533,3500.0,3590.0,3400.0,236668.0,826079720.0,0.0,0.0,236668.0,826079720.0,61980.0,-61980.0,0.0,0.0,214467400.0,-214467400.0,0.0,0.0
11/08/2025,3490.0,3490.0,0.0,0.0,3490.0,3520.0,3450.0,93849.0,325050740.0,0.0,0.0,93849.0,325050740.0,5119.0,-5119.0,0.0,0.0,17070760.0,-17070760.0,0.0,0.0
08/08/2025,3490.0,3450.0,40.0,0.0115942,3470.0,3540.0,3450.0,119487.0,415748300.0,0.0,0.0,119487.0,415748300.0,39799.0,-39799.0,0.0,0.0,138221700.0,-138221700.0,0.0,0.0
07/08/2025,3450.0,3320.0,130.0,0.03915663,3330.0,3490.0,3300.0,432820.0,1455461410.0,0.0,0.0,432820.0,1455461410.0,95232.0,-95232.0,0.0,0.0,324022239.0,-324022240.0,0.0,0.0
06/08/2025,3320.0,3300.0,20.0,0.00606061,3300.0,3400.0,3280.0,218085.0,720982840.0,0.0,0.0,218085.0,720982840.0,33014.0,-33014.0,0.0,0.0,109580960.0,-109580960.0,0.0,0.0
05/08/2025,3300.0,3340.0,-40.0,-0.01197605,3340.0,3390.0,3300.0,325458.0,1089414170.0,0.0,0.0,325458.0,1089414170.0,175696.0,-175696.0,0.0,0.0,586861630.0,-586861630.0,0.0,0.0
04/08/2025,3340.0,3290.0,50.0,0.01519757,3290.0,3370.0,3220.0,78601.0,259864340.0,0.0,0.0,78601.0,259864340.0,-1201.0,1201.0,0.0,0.0,-3789340.0,3789340.0,0.0,0.0
01/08/2025,3290.0,3370.0,-80.0,-0.02373887,3500.0,3500.0,3290.0,105095.0,356878970.0,0.0,0.0,105095.0,356878970.0,9162.0,-9162.0,0.0,0.0,31852180.0,-31852180.0,0.0,0.0
31/07/2025,3370.0,3150.0,220.0,0.06984127,3340.0,3370.0,3220.0,276931.0,926364330.0,0.0,0.0,276931.0,926364330.0,-31729.0,31729.0,0.0,0.0,-108376680.0,108376680.0,0.0,0.0
30/07/2025,3150.0,3280.0,-130.0,-0.03963415,3280.0,3300.0,3140.0,171030.0,547624100.0,0.0,0.0,171030.0,547624100.0,-10130.0,10130.0,0.0,0.0,-32078100.0,32078100.0,0.0,0.0
29/07/2025,3280.0,3430.0,-150.0,-0.04373178,3430.0,3430.0,3270.0,374221.0,1239912000.0,0.0,0.0,374221.0,1239912000.0,-13755.0,13755.0,0.0,0.0,-47570301.0,47570300.0,0.0,0.0
28/07/2025,3430.0,3410.0,20.0,0.0058651,3420.0,3470.0,3260.0,443195.0,1469450940.0,0.0,0.0,443195.0,1469450940.0,-86970.0,86970.0,0.0,0.0,-281210720.0,281210720.0,0.0,0.0
25/07/2025,3410.0,3460.0,-50.0,-0.01445087,3500.0,3550.0,3380.0,345520.0,1184287920.0,0.0,0.0,345520.0,1184287920.0,69093.0,-69093.0,0.0,0.0,234654411.0,-234654410.0,0.0,0.0
24/07/2025,3460.0,3310.0,150.0,0.04531722,3340.0,3540.0,3340.0,247756.0,862533860.0,0.0,0.0,247756.0,862533860.0,-29523.0,29523.0,0.0,0.0,-105188031.0,105188030.0,0.0,0.0
23/07/2025,3310.0,3410.0,-100.0,-0.02932551,3220.0,3410.0,3220.0,402166.0,1337207740.0,0.0,0.0,402166.0,1337207740.0,-75785.0,75785.0,0.0,0.0,-249939450.0,249939450.0,0.0,0.0
22/07/2025,3410.0,3660.0,-250.0,-0.06830601,3450.0,3650.0,3410.0,988352.0,3386363990.0,0.0,0.0,988352.0,3386363990.0,-38213.0,38213.0,0.0,0.0,-124344570.0,124344570.0,0.0,0.0
21/07/2025,3660.0,3930.0,-270.0,-0.06870229,4100.0,4110.0,3660.0,684468.0,2585703580.0,0.0,0.0,684468.0,2585703580.0,28339.0,-28339.0,0.0,0.0,111125000.0,-111125000.0,0.0,0.0
18/07/2025,3930.0,3680.0,250.0,0.06793478,3910.0,3930.0,3650.0,2165358.0,8401611160.0,0.0,0.0,2165358.0,8401611160.0,343054.0,-343054.0,0.0,0.0,1322905611.0,-1322905610.0,0.0,0.0
17/07/2025,3680.0,3440.0,240.0,0.06976744,3680.0,3680.0,3650.0,1226103.0,4504802040.0,0.0,0.0,1226103.0,4504802040.0,74236.0,-74236.0,0.0,0.0,275044480.0,-275044480.0,0.0,0.0
16/07/2025,3440.0,3220.0,220.0,0.06832298,3440.0,3440.0,3410.0,408711.0,1405509840.0,0.0,0.0,408711.0,1405509840.0,35687.0,-35687.0,0.0,0.0,122551281.0,-122551280.0,0.0,0.0
15/07/2025,3220.0,3010.0,210.0,0.06976744,3010.0,3220.0,3010.0,1303115.0,3965749400.0,0.0,0.0,1303115.0,3965749400.0,-1135427.0,1135427.0,0.0,0.0,-3428869460.0,3428869460.0,0.0,0.0
14/07/2025,3010.0,3050.0,-40.0,-0.01311475,3000.0,3090.0,2950.0,180418.0,546621590.0,0.0,0.0,180418.0,546621590.0,-7792.0,17796.0,0.0,-10004.0,-24075910.0,54587910.0,0.0,-30512000.0
11/07/2025,3050.0,3040.0,10.0,0.00328947,3050.0,3100.0,3020.0,130465.0,397331600.0,0.0,0.0,130465.0,397331600.0,-14757.0,20164.0,0.0,-5407.0,-44888560.0,61375560.0,0.0,-16487280.0
10/07/2025,3040.0,3000.0,40.0,0.01333333,3080.0,3100.0,3010.0,203803.0,624683020.0,0.0,0.0,203803.0,624683020.0,25669.0,-25669.0,0.0,0.0,78431020.0,-78431020.0,0.0,0.0
09/07/2025,3000.0,3050.0,-50.0,-0.01639344,3050.0,3090.0,2990.0,315692.0,950236010.0,0.0,0.0,315692.0,950236010.0,-132626.0,132626.0,-6.0,0.0,-397353340.0,397353340.0,-18000.0,0.0
08/07/2025,3050.0,2990.0,60.0,0.02006689,3140.0,3140.0,3000.0,208852.0,643698270.0,0.0,0.0,208852.0,643698270.0,14769.0,-14769.0,0.0,0.0,43082110.0,-43082110.0,0.0,0.0
07/07/2025,2990.0,2800.0,190.0,0.06785714,2990.0,2990.0,2960.0,124393.0,371791170.0,0.0,0.0,124393.0,371791170.0,-16963.0,16963.0,0.0,0.0,-50760550.0,50760550.0,0.0,0.0
04/07/2025,2800.0,2620.0,180.0,0.06870229,2790.0,2800.0,2720.0,165296.0,461226660.0,0.0,0.0,165296.0,461226660.0,-56512.0,56512.0,0.0,0.0,-159007459.0,159007460.0,0.0,0.0
03/07/2025,2620.0,2790.0,-170.0,-0.0609319,2790.0,2840.0,2620.0,223788.0,605736600.0,0.0,0.0,223788.0,605736600.0,13685.0,-13685.0,0.0,0.0,34455010.0,-34455010.0,0.0,0.0
02/07/2025,2790.0,2810.0,-20.0,-0.00711744,2800.0,2810.0,2790.0,42392.0,118565660.0,0.0,0.0,42392.0,118565660.0,5446.0,-5446.0,0.0,0.0,15202800.0,-15202800.0,0.0,0.0
01/07/2025,2810.0,2820.0,-10.0,-0.0035461,2840.0,2840.0,2790.0,13612.0,38210730.0,0.0,0.0,13612.0,38210730.0,-2594.0,2594.0,0.0,0.0,-7290081.0,7290080.0,0.0,0.0
30/06/2025,2820.0,2780.0,40.0,0.01438849,2720.0,2820.0,2720.0,68139.0,190500910.0,0.0,0.0,68139.0,190500910.0,-19961.0,19961.0,0.0,0.0,-56368080.0,56368080.0,0.0,0.0
27/06/2025,2780.0,2750.0,30.0,0.01090909,2800.0,2800.0,2750.0,88633.0,245626790.0,0.0,0.0,88633.0,245626790.0,870.0,-870.0,0.0,0.0,1869500.0,-1869500.0,0.0,0.0
26/06/2025,2750.0,2790.0,-40.0,-0.01433692,2800.0,2810.0,2740.0,93749.0,259164860.0,0.0,0.0,93749.0,259164860.0,15815.0,-15815.0,0.0,0.0,43587000.0,-43587000.0,0.0,0.0
25/06/2025,2790.0,2790.0,0.0,0.0,2750.0,2840.0,2750.0,111703.0,311548370.0,0.0,0.0,111703.0,311548370.0,46301.0,-46301.0,0.0,0.0,128753790.0,-128753790.0,0.0,0.0
24/06/2025,2790.0,2790.0,0.0,0.0,2790.0,2800.0,2780.0,49665.0,138575860.0,0.0,0.0,49665.0,138575860.0,18381.0,-18381.0,0.0,0.0,51316860.0,-51316860.0,0.0,0.0
23/06/2025,2790.0,2770.0,20.0,0.00722022,2720.0,2810.0,2720.0,79925.0,223238370.0,0.0,0.0,79925.0,223238370.0,-31346.0,31346.0,0.0,0.0,-87431300.0,87431300.0,0.0,0.0
20/06/2025,2770.0,2740.0,30.0,0.01094891,2750.0,2860.0,2690.0,191103.0,530631470.0,0.0,0.0,191103.0,530631470.0,75518.0,-75518.0,0.0,0.0,208127300.0,-208127300.0,0.0,0.0
19/06/2025,2740.0,2770.0,-30.0,-0.01083032,2770.0,2780.0,2680.0,32080.0,87145000.0,0.0,0.0,32080.0,87145000.0,-2885.0,2885.0,0.0,0.0,-7597500.0,7597500.0,0.0,0.0
18/06/2025,2770.0,2770.0,0.0,0.0,2790.0,2840.0,2740.0,89240.0,248334140.0,0.0,0.0,89240.0,248334140.0,-3828.0,3828.0,0.0,0.0,-10442641.0,10442640.0,0.0,0.0
17/06/2025,2770.0,2710.0,60.0,0.02214022,2720.0,2850.0,2720.0,121789.0,338603190.0,0.0,0.0,121789.0,338603190.0,-76634.0,76634.0,0.0,0.0,-213414141.0,213414140.0,0.0,0.0
16/06/2025,2710.0,2720.0,-10.0,-0.00367647,2710.0,2890.0,2600.0,122752.0,326291500.0,0.0,0.0,122752.0,326291500.0,-14288.0,14288.0,0.0,0.0,-37010701.0,37010700.0,0.0,0.0
13/06/2025,2720.0,2920.0,-200.0,-0.06849315,2800.0,2810.0,2720.0,282441.0,774894470.0,0.0,0.0,282441.0,774894470.0,31021.0,-31021.0,0.0,0.0,85279440.0,-85279440.0,0.0,0.0
12/06/2025,2920.0,2940.0,-20.0,-0.00680272,2940.0,3040.0,2900.0,163828.0,482662860.0,0.0,0.0,163828.0,482662860.0,19293.0,-19293.0,0.0,0.0,56516720.0,-56516720.0,0.0,0.0
11/06/2025,2940.0,2860.0,80.0,0.02797203,2920.0,3060.0,2900.0,619737.0,1872733410.0,0.0,0.0,619737.0,1872733410.0,36441.0,-36441.0,0.0,0.0,108740530.0,-108740530.0,0.0,0.0
10/06/2025,2860.0,2680.0,180.0,0.06716418,2860.0,2860.0,2840.0,344675.0,985496500.0,0.0,0.0,344675.0,985496500.0,-128760.0,128760.0,0.0,0.0,-368113600.0,368113600.0,0.0,0.0
09/06/2025,2680.0,2510.0,170.0,0.06772908,2550.0,2680.0,2550.0,259171.0,689807830.0,0.0,0.0,259171.0,689807830.0,-756.0,756.0,0.0,0.0,-730630.0,730630.0,0.0,0.0
06/06/2025,2510.0,2500.0,10.0,0.004,2490.0,2530.0,2460.0,79096.0,197480180.0,0.0,0.0,79096.0,197480180.0,-3875.0,3875.0,0.0,0.0,-10342500.0,10342500.0,0.0,0.0
05/06/2025,2500.0,2460.0,40.0,0.01626016,2460.0,2500.0,2400.0,23121.0,56542670.0,0.0,0.0,23121.0,56542670.0,-8110.0,8110.0,0.0,0.0,-19844100.0,19844100.0,0.0,0.0
04/06/2025,2460.0,2430.0,30.0,0.01234568,2430.0,2500.0,2430.0,29515.0,72554370.0,0.0,0.0,29515.0,72554370.0,1660.0,-1660.0,0.0,0.0,4104280.0,-4104280.0,0.0,0.0
03/06/2025,2430.0,2420.0,10.0,0.00413223,2420.0,2430.0,2410.0,14614.0,35372990.0,0.0,0.0,14614.0,35372990.0,-3800.0,3800.0,0.0,0.0,-9172000.0,9172000.0,0.0,0.0
02/06/2025,2420.0,2360.0,60.0,0.02542373,2360.0,2420.0,2360.0,69691.0,167309320.0,0.0,0.0,69691.0,167309320.0,13807.0,-13807.0,0.0,0.0,32977140.0,-32977140.0,0.0,0.0
30/05/2025,2360.0,2340.0,20.0,0.00854701,2340.0,2390.0,2320.0,18240.0,42543400.0,0.0,0.0,18240.0,42543400.0,-8860.0,8860.0,0.0,0.0,-20600600.0,20600600.0,0.0,0.0
29/05/2025,2340.0,2350.0,-10.0,-0.00425532,2360.0,2360.0,2320.0,34259.0,80330800.0,0.0,0.0,34259.0,80330800.0,-6558.0,6558.0,0.0,0.0,-15561150.0,15561150.0,0.0,0.0
28/05/2025,2350.0,2380.0,-30.0,-0.01260504,2340.0,2380.0,2300.0,82032.0,190629160.0,0.0,0.0,82032.0,190629160.0,53723.0,-53723.0,0.0,0.0,124178740.0,-124178740.0,0.0,0.0
27/05/2025,2380.0,2340.0,40.0,0.01709402,2370.0,2380.0,2340.0,17122.0,40296530.0,0.0,0.0,17122.0,40296530.0,-10100.0,10100.0,0.0,0.0,-23694051.0,23694050.0,0.0,0.0
26/05/2025,2340.0,2350.0,-10.0,-0.00425532,2310.0,2350.0,2300.0,39428.0,90881560.0,0.0,0.0,39428.0,90881560.0,-16979.0,16979.0,0.0,0.0,-38906370.0,38906370.0,0.0,0.0
23/05/2025,2350.0,2340.0,10.0,0.0042735,2340.0,2360.0,2310.0,7601.0,17772350.0,0.0,0.0,7601.0,17772350.0,1500.0,-1500.0,0.0,0.0,3439000.0,-3439000.0,0.0,0.0
22/05/2025,2340.0,2360.0,-20.0,-0.00847458,2220.0,2400.0,2220.0,22066.0,51658120.0,0.0,0.0,22066.0,51658120.0,-9184.0,9284.0,0.0,-100.0,-21231880.0,21462880.0,0.0,-231000.0
21/05/2025,2360.0,2370.0,-10.0,-0.00421941,2370.0,2400.0,2360.0,19277.0,45732940.0,0.0,0.0,19277.0,45732940.0,-3439.0,3439.0,0.0,0.0,-8237089.0,8237090.0,0.0,0.0
20/05/2025,2370.0,2360.0,10.0,0.00423729,2400.0,2400.0,2330.0,12825.0,30035120.0,0.0,0.0,12825.0,30035120.0,-10046.0,10046.0,0.0,0.0,-23407981.0,23407980.0,0.0,0.0
19/05/2025,2360.0,2360.0,0.0,0.0,2350.0,2390.0,2210.0,9936.0,23236160.0,0.0,0.0,9936.0,23236160.0,1347.0,-1347.0,0.0,0.0,3124120.0,-3124120.0,0.0,0.0
16/05/2025,2360.0,2360.0,0.0,0.0,2390.0,2390.0,2340.0,27346.0,64541940.0,0.0,0.0,27346.0,64541940.0,-4794.0,4794.0,0.0,0.0,-11305761.0,11305760.0,0.0,0.0
15/05/2025,2360.0,2370.0,-10.0,-0.00421941,2370.0,2380.0,2310.0,8801.0,20726370.0,0.0,0.0,8801.0,20726370.0,-3699.0,3699.0,0.0,0.0,-8708630.0,8708630.0,0.0,0.0
14/05/2025,2370.0,2330.0,40.0,0.01716738,2330.0,2400.0,2330.0,12730.0,30042000.0,0.0,0.0,12730.0,30042000.0,7301.0,-7301.0,0.0,0.0,17147401.0,-17147400.0,0.0,0.0
13/05/2025,2330.0,2330.0,0.0,0.0,2400.0,2400.0,2250.0,37249.0,85944520.0,0.0,0.0,37249.0,85944520.0,13600.0,-13600.0,0.0,0.0,31065000.0,-31065000.0,0.0,0.0
12/05/2025,2330.0,2340.0,-10.0,-0.0042735,2350.0,2350.0,2300.0,34300.0,79140000.0,0.0,0.0,34300.0,79140000.0,-2000.0,2000.0,0.0,0.0,-4803000.0,4803000.0,0.0,0.0
09/05/2025,2340.0,2370.0,-30.0,-0.01265823,2440.0,2470.0,2330.0,5295.0,12669350.0,0.0,0.0,5295.0,12669350.0,1804.0,-1804.0,0.0,0.0,4426441.0,-4426440.0,0.0,0.0
08/05/2025,2370.0,2350.0,20.0,0.00851064,2400.0,2400.0,2350.0,12394.0,29308260.0,0.0,0.0,12394.0,29308260.0,3870.0,-3870.0,0.0,0.0,9147500.0,-9147500.0,0.0,0.0
07/05/2025,2350.0,2370.0,-20.0,-0.00843882,2400.0,2400.0,2330.0,20408.0,47894780.0,0.0,0.0,20408.0,47894780.0,17994.0,-17994.0,0.0,0.0,42210960.0,-42210960.0,0.0,0.0
06/05/2025,2370.0,2350.0,20.0,0.00851064,2390.0,2390.0,2310.0,47108.0,110756740.0,0.0,0.0,47108.0,110756740.0,16892.0,-16892.0,0.0,0.0,39710260.0,-39710260.0,0.0,0.0
05/05/2025,2350.0,2320.0,30.0,0.01293103,2240.0,2360.0,2240.0,22007.0,50895700.0,0.0,0.0,22007.0,50895700.0,4594.0,-4594.0,0.0,0.0,10480620.0,-10480620.0,0.0,0.0
29/04/2025,2320.0,2300.0,20.0,0.00869565,2370.0,2370.0,2320.0,5800.0,13548000.0,0.0,0.0,5800.0,13548000.0,0.0,0.0,0.0,0.0,0.0,0.0,0.0,0.0
28/04/2025,2300.0,2310.0,-10.0,-0.004329,2310.0,2310.0,2240.0,56208.0,126967560.0,0.0,0.0,56208.0,126967560.0,0.0,0.0,0.0,0.0,0.0,0.0,0.0,0.0
25/04/2025,2310.0,2290.0,20.0,0.00873362,2350.0,2350.0,2300.0,22100.0,51316000.0,0.0,0.0,22100.0,51316000.0,0.0,0.0,0.0,0.0,0.0,0.0,0.0,0.0
24/04/2025,2290.0,2320.0,-30.0,-0.01293103,2260.0,2350.0,2170.0,21300.0,48885000.0,0.0,0.0,21300.0,48885000.0,0.0,0.0,0.0,0.0,0.0,0.0,0.0,0.0
23/04/2025,2320.0,2200.0,120.0,0.05454545,2210.0,2340.0,2200.0,64731.0,148913710.0,0.0,0.0,64731.0,148913710.0,0.0,0.0,0.0,0.0,0.0,0.0,0.0,0.0
22/04/2025,2200.0,2270.0,-70.0,-0.030837,2270.0,2280.0,2200.0,86886.0,194980640.0,0.0,0.0,86886.0,194980640.0,0.0,0.0,0.0,0.0,0.0,0.0,0.0,0.0
21/04/2025,2270.0,2240.0,30.0,0.01339286,2230.0,2270.0,2230.0,24200.0,54443000.0,0.0,0.0,24200.0,54443000.0,0.0,0.0,0.0,0.0,0.0,0.0,0.0,0.0
18/04/2025,2240.0,2270.0,-30.0,-0.01321586,2270.0,2270.0,2240.0,30823.0,69316980.0,0.0,0.0,30823.0,69316980.0,0.0,0.0,0.0,0.0,0.0,0.0,0.0,0.0
17/04/2025,2270.0,2200.0,70.0,0.03181818,2300.0,2300.0,2200.0,10210.0,22889100.0,0.0,0.0,10210.0,22889100.0,0.0,0.0,0.0,0.0,0.0,0.0,0.0,0.0
16/04/2025,2200.0,2340.0,-140.0,-0.05982906,2210.0,2370.0,2190.0,43871.0,97408540.0,0.0,0.0,43871.0,97408540.0,0.0,0.0,0.0,0.0,0.0,0.0,0.0,0.0
15/04/2025,2340.0,2320.0,20.0,0.00862069,2230.0,2450.0,2160.0,56993.0,125703850.0,0.0,0.0,56993.0,125703850.0,0.0,0.0,0.0,0.0,0.0,0.0,0.0,0.0
14/04/2025,2320.0,2280.0,40.0,0.01754386,2280.0,2420.0,2270.0,16600.0,38501000.0,0.0,0.0,16600.0,38501000.0,0.0,0.0,0.0,0.0,0.0,0.0,0.0,0.0
11/04/2025,2280.0,2140.0,140.0,0.06542056,2260.0,2280.0,2200.0,139537.0,316174170.0,0.0,0.0,139537.0,316174170.0,0.0,0.0,0.0,0.0,0.0,0.0,0.0,0.0
10/04/2025,2140.0,2000.0,140.0,0.07,2140.0,2140.0,2140.0,2440.0,5221600.0,0.0,0.0,2440.0,5221600.0,0.0,0.0,0.0,0.0,0.0,0.0,0.0,0.0
09/04/2025,2000.0,2130.0,-130.0,-0.06103286,1990.0,2120.0,1990.0,72420.0,145068000.0,0.0,0.0,72420.0,145068000.0,0.0,0.0,0.0,0.0,0.0,0.0,0.0,0.0
08/04/2025,2130.0,2280.0,-150.0,-0.06578947,2290.0,2290.0,2130.0,99702.0,214226560.0,0.0,0.0,99702.0,214226560.0,0.0,0.0,0.0,0.0,0.0,0.0,0.0,0.0
04/04/2025,2280.0,2450.0,-170.0,-0.06938776,2280.0,2500.0,2280.0,121139.0,287078820.0,0.0,0.0,121139.0,287078820.0,0.0,0.0,0.0,0.0,0.0,0.0,0.0,0.0
03/04/2025,2450.0,2620.0,-170.0,-0.0648855,2470.0,2570.0,2440.0,162007.0,397964080.0,0.0,0.0,162007.0,397964080.0,0.0,0.0,0.0,0.0,0.0,0.0,0.0,0.0
02/04/2025,2620.0,2610.0,10.0,0.00383142,2650.0,2650.0,2610.0,13592.0,35703190.0,0.0,0.0,13592.0,35703190.0,0.0,0.0,0.0,0.0,0.0,0.0,0.0,0.0
01/04/2025,2610.0,2640.0,-30.0,-0.01136364,2690.0,2690.0,2610.0,55900.0,146710000.0,0.0,0.0,55900.0,146710000.0,0.0,0.0,0.0,0.0,0.0,0.0,0.0,0.0
31/03/2025,2640.0,2650.0,-10.0,-0.00377358,2600.0,2640.0,2600.0,53401.0,139548800.0,0.0,0.0,53401.0,139548800.0,0.0,0.0,0.0,0.0,0.0,0.0,0.0,0.0
28/03/2025,2650.0,2650.0,0.0,0.0,2730.0,2730.0,2500.0,3911.0,10316150.0,0.0,0.0,3911.0,10316150.0,0.0,0.0,0.0,0.0,0.0,0.0,0.0,0.0
27/03/2025,2650.0,2660.0,-10.0,-0.0037594,2660.0,2690.0,2650.0,68603.0,182495980.0,0.0,0.0,68603.0,182495980.0,-100.0,100.0,0.0,0.0,-265000.0,265000.0,0.0,0.0
26/03/2025,2660.0,2640.0,20.0,0.00757576,2730.0,2730.0,2610.0,10068.0,26470940.0,0.0,0.0,10068.0,26470940.0,0.0,0.0,0.0,0.0,0.0,0.0,0.0,0.0
25/03/2025,2640.0,2640.0,0.0,0.0,2640.0,2640.0,2640.0,8917.0,23541480.0,0.0,0.0,8917.0,23541480.0,0.0,0.0,0.0,0.0,0.0,0.0,0.0,0.0
24/03/2025,2640.0,2650.0,-10.0,-0.00377358,2650.0,2650.0,2600.0,9112.0,23980600.0,0.0,0.0,9112.0,23980600.0,0.0,0.0,0.0,0.0,0.0,0.0,0.0,0.0
21/03/2025,2650.0,2600.0,50.0,0.01923077,2600.0,2650.0,2600.0,60200.0,156754000.0,0.0,0.0,60200.0,156754000.0,0.0,0.0,0.0,0.0,0.0,0.0,0.0,0.0
20/03/2025,2600.0,2620.0,-20.0,-0.00763359,2620.0,2620.0,2600.0,11200.0,29232000.0,0.0,0.0,11200.0,29232000.0,0.0,0.0,0.0,0.0,0.0,0.0,0.0,0.0
19/03/2025,2620.0,2650.0,-30.0,-0.01132075,2650.0,2650.0,2610.0,7900.0,20760000.0,0.0,0.0,7900.0,20760000.0,0.0,0.0,0.0,0.0,0.0,0.0,0.0,0.0
18/03/2025,2650.0,2660.0,-10.0,-0.0037594,2660.0,2690.0,2650.0,27722.0,73748180.0,0.0,0.0,27722.0,73748180.0,0.0,0.0,0.0,0.0,0.0,0.0,0.0,0.0
17/03/2025,2660.0,2650.0,10.0,0.00377358,2680.0,2700.0,2650.0,7100.0,18864000.0,0.0,0.0,7100.0,18864000.0,0.0,0.0,0.0,0.0,0.0,0.0,0.0,0.0
14/03/2025,2650.0,2660.0,-10.0,-0.0037594,2660.0,2660.0,2610.0,19900.0,52426000.0,0.0,0.0,19900.0,52426000.0,0.0,0.0,0.0,0.0,0.0,0.0,0.0,0.0
13/03/2025,2660.0,2670.0,-10.0,-0.00374532,2670.0,2670.0,2580.0,79000.0,208833000.0,0.0,0.0,79000.0,208833000.0,100.0,-100.0,0.0,0.0,263000.0,-263000.0,0.0,0.0
12/03/2025,2670.0,2680.0,-10.0,-0.00373134,2680.0,2680.0,2630.0,24133.0,64178330.0,0.0,0.0,24133.0,64178330.0,0.0,0.0,0.0,0.0,0.0,0.0,0.0,0.0
11/03/2025,2680.0,2690.0,-10.0,-0.00371747,2640.0,2690.0,2640.0,37800.0,100614000.0,0.0,0.0,37800.0,100614000.0,0.0,0.0,0.0,0.0,0.0,0.0,0.0,0.0
10/03/2025,2690.0,2720.0,-30.0,-0.01102941,2710.0,2710.0,2630.0,30048.0,79791340.0,0.0,0.0,30048.0,79791340.0,0.0,0.0,0.0,0.0,0.0,0.0,0.0,0.0
07/03/2025,2720.0,2730.0,-10.0,-0.003663,2660.0,2720.0,2600.0,21302.0,56900360.0,0.0,0.0,21302.0,56900360.0,0.0,0.0,0.0,0.0,0.0,0.0,0.0,0.0
06/03/2025,2730.0,2730.0,0.0,0.0,2660.0,2730.0,2660.0,50803.0,135788150.0,0.0,0.0,50803.0,135788150.0,0.0,0.0,0.0,0.0,0.0,0.0,0.0,0.0
05/03/2025,2730.0,2730.0,0.0,0.0,2730.0,2730.0,2700.0,3540.0,9587970.0,0.0,0.0,3540.0,9587970.0,0.0,0.0,0.0,0.0,0.0,0.0,0.0,0.0
04/03/2025,2730.0,2730.0,0.0,0.0,2730.0,2770.0,2680.0,12494.0,34086480.0,0.0,0.0,12494.0,34086480.0,0.0,0.0,0.0,0.0,0.0,0.0,0.0,0.0
03/03/2025,2730.0,2730.0,0.0,0.0,2720.0,2790.0,2690.0,25487.0,69351530.0,0.0,0.0,25487.0,69351530.0,0.0,0.0,0.0,0.0,0.0,0.0,0.0,0.0
28/02/2025,2730.0,2730.0,0.0,0.0,2740.0,2750.0,2730.0,72522.0,199138130.0,0.0,0.0,72522.0,199138130.0,0.0,0.0,0.0,0.0,0.0,0.0,0.0,0.0
27/02/2025,2730.0,2730.0,0.0,0.0,2780.0,2780.0,2690.0,56800.0,154452000.0,0.0,0.0,56800.0,154452000.0,0.0,0.0,0.0,0.0,0.0,0.0,0.0,0.0
26/02/2025,2730.0,2720.0,10.0,0.00367647,2780.0,2780.0,2680.0,74513.0,201852680.0,0.0,0.0,74513.0,201852680.0,0.0,0.0,0.0,0.0,0.0,0.0,0.0,0.0
25/02/2025,2720.0,2720.0,0.0,0.0,2720.0,2740.0,2690.0,33436.0,90851460.0,0.0,0.0,33436.0,90851460.0,0.0,0.0,0.0,0.0,0.0,0.0,0.0,0.0
24/02/2025,2720.0,2710.0,10.0,0.00369004,2710.0,2780.0,2710.0,36247.0,98975660.0,0.0,0.0,36247.0,98975660.0,0.0,0.0,0.0,0.0,0.0,0.0,0.0,0.0
21/02/2025,2710.0,2760.0,-50.0,-0.01811594,2760.0,2760.0,2660.0,61280.0,164586230.0,0.0,0.0,61280.0,164586230.0,0.0,0.0,0.0,0.0,0.0,0.0,0.0,0.0
20/02/2025,2760.0,2730.0,30.0,0.01098901,2730.0,2760.0,2700.0,51012.0,138945780.0,0.0,0.0,51012.0,138945780.0,0.0,0.0,0.0,0.0,0.0,0.0,0.0,0.0
19/02/2025,2730.0,2670.0,60.0,0.02247191,2690.0,2730.0,2660.0,153759.0,412717530.0,0.0,0.0,153759.0,412717530.0,0.0,0.0,0.0,0.0,0.0,0.0,0.0,0.0
18/02/2025,2670.0,2650.0,20.0,0.00754717,2650.0,2670.0,2620.0,76218.0,201823700.0,0.0,0.0,76218.0,201823700.0,0.0,0.0,0.0,0.0,0.0,0.0,0.0,0.0
17/02/2025,2650.0,2650.0,0.0,0.0,2650.0,2650.0,2600.0,83512.0,218898800.0,0.0,0.0,83512.0,218898800.0,0.0,0.0,0.0,0.0,0.0,0.0,0.0,0.0
14/02/2025,2650.0,2640.0,10.0,0.00378788,2640.0,2650.0,2590.0,33724.0,88493120.0,0.0,0.0,33724.0,88493120.0,3000.0,0.0,0.0,-3000.0,7920000.0,0.0,0.0,-7920000.0
13/02/2025,2640.0,2580.0,60.0,0.02325581,2630.0,2640.0,2580.0,53140.0,138111000.0,0.0,0.0,53140.0,138111000.0,0.0,0.0,0.0,0.0,0.0,0.0,0.0,0.0
12/02/2025,2580.0,2650.0,-70.0,-0.02641509,2620.0,2630.0,2550.0,150105.0,387074170.0,0.0,0.0,150105.0,387074170.0,0.0,0.0,0.0,0.0,0.0,0.0,0.0,0.0
11/02/2025,2650.0,2640.0,10.0,0.00378788,2640.0,2650.0,2590.0,57100.0,149800000.0,0.0,0.0,57100.0,149800000.0,0.0,0.0,0.0,0.0,0.0,0.0,0.0,0.0
10/02/2025,2640.0,2650.0,-10.0,-0.0038,2650.0,2650.0,2520.0,62112.0,159457800.0,0.0,0.0,62112.0,159457800.0,0.0,0.0,0.0,0.0,0.0,0.0,0.0,0.0
07/02/2025,2650.0,2620.0,30.0,0.01145038,2610.0,2660.0,2580.0,59463.0,155697400.0,0.0,0.0,59463.0,155697400.0,0.0,0.0,0.0,0.0,0.0,0.0,0.0,0.0
06/02/2025,2620.0,2630.0,-10.0,-0.00380228,2660.0,2660.0,2550.0,26844.0,69719920.0,0.0,0.0,26844.0,69719920.0,0.0,0.0,0.0,0.0,0.0,0.0,0.0,0.0
05/02/2025,2630.0,2590.0,40.0,0.01544402,2630.0,2650.0,2580.0,48400.0,126139000.0,0.0,0.0,48400.0,126139000.0,100.0,-100.0,0.0,0.0,259000.0,-259000.0,0.0,0.0
04/02/2025,2590.0,2490.0,100.0,0.04016064,2550.0,2640.0,2530.0,50245.0,129570800.0,0.0,0.0,50245.0,129570800.0,-100.0,100.0,0.0,0.0,-253000.0,253000.0,0.0,0.0
03/02/2025,2490.0,2450.0,40.0,0.01632653,2600.0,2620.0,2450.0,70270.0,178925360.0,0.0,0.0,70270.0,178925360.0,-1000.0,1000.0,0.0,0.0,-2470000.0,2470000.0,0.0,0.0
24/01/2025,2450.0,2540.0,-90.0,-0.03543307,2600.0,2600.0,2430.0,75701.0,191782540.0,0.0,0.0,75701.0,191782540.0,-1000.0,1000.0,0.0,0.0,-2520000.0,2520000.0,0.0,0.0
23/01/2025,2540.0,2700.0,-160.0,-0.05925926,2600.0,2690.0,2540.0,126900.0,329517000.0,0.0,0.0,126900.0,329517000.0,0.0,0.0,0.0,0.0,0.0,0.0,0.0,0.0
22/01/2025,2700.0,2700.0,0.0,0.0,2700.0,2760.0,2640.0,31500.0,84501000.0,0.0,0.0,31500.0,84501000.0,0.0,0.0,0.0,0.0,0.0,0.0,0.0,0.0
21/01/2025,2700.0,2740.0,-40.0,-0.01459854,2740.0,2750.0,2610.0,53400.0,144691000.0,0.0,0.0,53400.0,144691000.0,0.0,0.0,0.0,0.0,0.0,0.0,0.0,0.0
20/01/2025,2740.0,2770.0,-30.0,-0.01083032,2700.0,2800.0,2700.0,38811.0,107421470.0,0.0,0.0,38811.0,107421470.0,0.0,0.0,0.0,0.0,0.0,0.0,0.0,0.0
17/01/2025,2770.0,2760.0,10.0,0.00362319,2740.0,2800.0,2570.0,188701.0,498100740.0,0.0,0.0,188701.0,498100740.0,-2000.0,2000.0,0.0,0.0,-5200000.0,5200000.0,0.0,0.0
16/01/2025,2760.0,2750.0,10.0,0.00363636,2800.0,2800.0,2700.0,32100.0,88233000.0,0.0,0.0,32100.0,88233000.0,0.0,0.0,0.0,0.0,0.0,0.0,0.0,0.0
15/01/2025,2750.0,2760.0,-10.0,-0.00362319,2780.0,2800.0,2700.0,15500.0,42868000.0,0.0,0.0,15500.0,42868000.0,0.0,0.0,0.0,0.0,0.0,0.0,0.0,0.0
14/01/2025,2760.0,2770.0,-10.0,-0.00361011,2760.0,2800.0,2750.0,8503.0,23497280.0,0.0,0.0,8503.0,23497280.0,0.0,0.0,0.0,0.0,0.0,0.0,0.0,0.0
13/01/2025,2770.0,2810.0,-40.0,-0.01423488,2720.0,2770.0,2700.0,18200.0,49442000.0,0.0,0.0,18200.0,49442000.0,0.0,0.0,0.0,0.0,0.0,0.0,0.0,0.0
10/01/2025,2810.0,2810.0,0.0,0.0,2810.0,2900.0,2750.0,13801.0,39113810.0,0.0,0.0,13801.0,39113810.0,0.0,0.0,0.0,0.0,0.0,0.0,0.0,0.0
09/01/2025,2810.0,2800.0,10.0,0.00357143,2800.0,2820.0,2730.0,44959.0,125146650.0,0.0,0.0,44959.0,125146650.0,3500.0,0.0,0.0,-3500.0,9590000.0,0.0,0.0,-9590000.0
08/01/2025,2800.0,2800.0,0.0,0.0,2790.0,2810.0,2770.0,47101.0,131408800.0,0.0,0.0,47101.0,131408800.0,0.0,0.0,0.0,0.0,0.0,0.0,0.0,0.0
07/01/2025,2800.0,2770.0,30.0,0.01083032,2800.0,2800.0,2700.0,19605.0,54460900.0,0.0,0.0,19605.0,54460900.0,100.0,-100.0,0.0,0.0,277000.0,-277000.0,0.0,0.0
06/01/2025,2770.0,2750.0,20.0,0.00727273,2760.0,2810.0,2650.0,11461.0,31749460.0,0.0,0.0,11461.0,31749460.0,800.0,-800.0,0.0,0.0,2153000.0,-2153000.0,0.0,0.0
03/01/2025,2750.0,2770.0,-20.0,-0.00722022,2770.0,2850.0,2750.0,10231.0,28366320.0,0.0,0.0,10231.0,28366320.0,100.0,-100.0,0.0,0.0,282000.0,-282000.0,0.0,0.0
02/01/2025,2770.0,2770.0,0.0,0.0,2880.0,2880.0,2770.0,44129.0,124704140.0,0.0,0.0,44129.0,124704140.0,2500.0,-2500.0,0.0,0.0,7055000.0,-7055000.0,0.0,0.0
31/12/2024,2770.0,2790.0,-20.0,-0.00716846,2880.0,2880.0,2770.0,44547.0,124373600.0,0.0,0.0,44547.0,124373600.0,100.0,-100.0,0.0,0.0,279000.0,-279000.0,0.0,0.0
30/12/2024,2790.0,2780.0,10.0,0.00359712,2840.0,2840.0,2780.0,41500.0,115897000.0,0.0,0.0,41500.0,115897000.0,0.0,0.0,0.0,0.0,0.0,0.0,0.0,0.0
27/12/2024,2780.0,2800.0,-20.0,-0.00714286,2810.0,2870.0,2760.0,71492.0,200416990.0,0.0,0.0,71492.0,200416990.0,0.0,0.0,0.0,0.0,0.0,0.0,0.0,0.0
26/12/2024,2800.0,2810.0,-10.0,-0.00355872,2760.0,2840.0,2760.0,25611.0,71707540.0,0.0,0.0,25611.0,71707540.0,7300.0,-7300.0,0.0,0.0,20440001.0,-20440000.0,0.0,0.0
25/12/2024,2810.0,2790.0,20.0,0.00716846,2790.0,2820.0,2740.0,94300.0,263863000.0,0.0,0.0,94300.0,263863000.0,0.0,0.0,0.0,0.0,0.0,0.0,0.0,0.0
24/12/2024,2790.0,2740.0,50.0,0.01824818,2800.0,2830.0,2740.0,9200.0,25642000.0,0.0,0.0,9200.0,25642000.0,0.0,0.0,0.0,0.0,0.0,0.0,0.0,0.0
23/12/2024,2740.0,2780.0,-40.0,-0.01438849,2800.0,2800.0,2730.0,4706.0,13008800.0,0.0,0.0,4706.0,13008800.0,0.0,0.0,0.0,0.0,0.0,0.0,0.0,0.0
20/12/2024,2780.0,2700.0,80.0,0.02962963,2800.0,2800.0,2670.0,33010.0,90276900.0,0.0,0.0,33010.0,90276900.0,0.0,0.0,0.0,0.0,0.0,0.0,0.0,0.0
19/12/2024,2700.0,2860.0,-160.0,-0.05594406,2860.0,2880.0,2700.0,50100.0,137748000.0,0.0,0.0,50100.0,137748000.0,0.0,0.0,0.0,0.0,0.0,0.0,0.0,0.0
18/12/2024,2860.0,2810.0,50.0,0.01779359,2790.0,2890.0,2740.0,100505.0,285021050.0,0.0,0.0,100505.0,285021050.0,0.0,0.0,0.0,0.0,0.0,0.0,0.0,0.0
17/12/2024,2810.0,2810.0,0.0,0.0,2800.0,2830.0,2750.0,17080.0,47323320.0,0.0,0.0,17080.0,47323320.0,40.0,0.0,-40.0,-40.0,109120.0,0.0,-109000.0,-109120.0
16/12/2024,2810.0,2820.0,-10.0,-0.0035461,2710.0,2890.0,2710.0,22055.0,61596000.0,0.0,0.0,22055.0,61596000.0,0.0,0.0,0.0,0.0,0.0,0.0,0.0,0.0
13/12/2024,2820.0,2880.0,-60.0,-0.02083333,2880.0,2880.0,2730.0,30100.0,84721000.0,0.0,0.0,30100.0,84721000.0,0.0,0.0,0.0,0.0,0.0,0.0,0.0,0.0
12/12/2024,2880.0,2880.0,0.0,0.0,2980.0,2980.0,2800.0,27210.0,76876900.0,0.0,0.0,27210.0,76876900.0,0.0,0.0,0.0,0.0,0.0,0.0,0.0,0.0
11/12/2024,2880.0,2880.0,0.0,0.0,3030.0,3030.0,2800.0,17950.0,51400000.0,0.0,0.0,17950.0,51400000.0,0.0,0.0,0.0,0.0,0.0,0.0,0.0,0.0
10/12/2024,2880.0,2880.0,0.0,0.0,2880.0,2900.0,2810.0,43738.0,125827160.0,0.0,0.0,43738.0,125827160.0,0.0,0.0,0.0,0.0,0.0,0.0,0.0,0.0
09/12/2024,2880.0,2880.0,0.0,0.0,2900.0,2900.0,2760.0,22040.0,63162200.0,0.0,0.0,22040.0,63162200.0,0.0,0.0,0.0,0.0,0.0,0.0,0.0,0.0
06/12/2024,2880.0,2920.0,-40.0,-0.01369863,2920.0,2970.0,2760.0,34360.0,96733810.0,0.0,0.0,34360.0,96733810.0,0.0,0.0,0.0,0.0,0.0,0.0,0.0,0.0
05/12/2024,2920.0,2840.0,80.0,0.02816901,2930.0,2940.0,2730.0,85800.0,249544000.0,0.0,0.0,85800.0,249544000.0,0.0,0.0,0.0,0.0,0.0,0.0,0.0,0.0
04/12/2024,2840.0,2850.0,-10.0,-0.00350877,2800.0,2950.0,2710.0,31977.0,88971830.0,0.0,0.0,31977.0,88971830.0,0.0,0.0,0.0,0.0,0.0,0.0,0.0,0.0
03/12/2024,2850.0,2800.0,50.0,0.01785714,2800.0,2850.0,2770.0,29315.0,83380550.0,0.0,0.0,29315.0,83380550.0,0.0,0.0,0.0,0.0,0.0,0.0,0.0,0.0
02/12/2024,2800.0,2790.0,10.0,0.00358423,2870.0,2880.0,2710.0,29094.0,81594400.0,0.0,0.0,29094.0,81594400.0,0.0,0.0,0.0,0.0,0.0,0.0,0.0,0.0
29/11/2024,2790.0,2800.0,-10.0,-0.00357143,2650.0,2820.0,2650.0,12215.0,32558000.0,0.0,0.0,12215.0,32558000.0,0.0,0.0,0.0,0.0,0.0,0.0,0.0,0.0
28/11/2024,2800.0,2840.0,-40.0,-0.01408451,2830.0,2830.0,2720.0,42520.0,117527600.0,0.0,0.0,42520.0,117527600.0,0.0,0.0,0.0,0.0,0.0,0.0,0.0,0.0
27/11/2024,2840.0,2860.0,-20.0,-0.00699301,2880.0,2880.0,2750.0,62651.0,177360780.0,0.0,0.0,62651.0,177360780.0,0.0,0.0,0.0,0.0,0.0,0.0,0.0,0.0
26/11/2024,2860.0,2850.0,10.0,0.00350877,2950.0,2950.0,2710.0,58106.0,164807260.0,0.0,0.0,58106.0,164807260.0,0.0,0.0,0.0,0.0,0.0,0.0,0.0,0.0
25/11/2024,2850.0,2780.0,70.0,0.02517986,2780.0,2900.0,2650.0,74953.0,210718400.0,0.0,0.0,74953.0,210718400.0,0.0,0.0,0.0,0.0,0.0,0.0,0.0,0.0
22/11/2024,2780.0,2630.0,150.0,0.05703422,2630.0,2810.0,2530.0,98614.0,267494980.0,0.0,0.0,98614.0,267494980.0,0.0,0.0,0.0,0.0,0.0,0.0,0.0,0.0
21/11/2024,2630.0,2600.0,30.0,0.01153846,2700.0,2700.0,2530.0,26840.0,68441320.0,0.0,0.0,26840.0,68441320.0,0.0,0.0,0.0,0.0,0.0,0.0,0.0,0.0
20/11/2024,2600.0,2580.0,20.0,0.00775194,2600.0,2750.0,2570.0,11400.0,29847000.0,0.0,0.0,11400.0,29847000.0,1100.0,-1100.0,0.0,0.0,2959000.0,-2959000.0,0.0,0.0
19/11/2024,2580.0,2540.0,40.0,0.01574803,2540.0,2580.0,2520.0,40700.0,103687000.0,0.0,0.0,40700.0,103687000.0,0.0,0.0,0.0,0.0,0.0,0.0,0.0,0.0
18/11/2024,2540.0,2580.0,-40.0,-0.01550388,2620.0,2620.0,2470.0,98368.0,250824760.0,0.0,0.0,98368.0,250824760.0,0.0,0.0,0.0,0.0,0.0,0.0,0.0,0.0
15/11/2024,2580.0,2650.0,-70.0,-0.02641509,2680.0,2680.0,2580.0,42527.0,110157750.0,0.0,0.0,42527.0,110157750.0,0.0,0.0,0.0,0.0,0.0,0.0,0.0,0.0
14/11/2024,2650.0,2710.0,-60.0,-0.02214022,2800.0,2800.0,2650.0,19908.0,53572310.0,0.0,0.0,19908.0,53572310.0,0.0,0.0,0.0,0.0,0.0,0.0,0.0,0.0
13/11/2024,2710.0,2720.0,-10.0,-0.00367647,2880.0,2880.0,2660.0,44825.0,121880480.0,0.0,0.0,44825.0,121880480.0,-179.0,179.0,-21.0,0.0,-480880.0,480880.0,-57000.0,0.0
12/11/2024,2720.0,2770.0,-50.0,-0.01805054,2770.0,2880.0,2700.0,52901.0,145901760.0,0.0,0.0,52901.0,145901760.0,-600.0,600.0,0.0,0.0,-1644000.0,1644000.0,0.0,0.0
11/11/2024,2770.0,2790.0,-20.0,-0.00716846,2790.0,2790.0,2740.0,13646.0,37746340.0,0.0,0.0,13646.0,37746340.0,0.0,0.0,0.0,0.0,0.0,0.0,0.0,0.0
08/11/2024,2790.0,2790.0,0.0,0.0,2740.0,2790.0,2740.0,23060.0,64230000.0,0.0,0.0,23060.0,64230000.0,0.0,0.0,0.0,0.0,0.0,0.0,0.0,0.0
07/11/2024,2790.0,2790.0,0.0,0.0,2800.0,2900.0,2770.0,38302.0,107405700.0,0.0,0.0,38302.0,107405700.0,0.0,0.0,0.0,0.0,0.0,0.0,0.0,0.0
06/11/2024,2790.0,2760.0,30.0,0.01086957,2770.0,2910.0,2770.0,62714.0,177039650.0,0.0,0.0,62714.0,177039650.0,0.0,0.0,0.0,0.0,0.0,0.0,0.0,0.0
05/11/2024,2760.0,2840.0,-80.0,-0.02816901,2800.0,2820.0,2760.0,24753.0,69061700.0,0.0,0.0,24753.0,69061700.0,0.0,0.0,0.0,0.0,0.0,0.0,0.0,0.0
04/11/2024,2840.0,2910.0,-70.0,-0.02405498,2740.0,2880.0,2710.0,46903.0,130364730.0,0.0,0.0,46903.0,130364730.0,0.0,0.0,0.0,0.0,0.0,0.0,0.0,0.0
01/11/2024,2910.0,2980.0,-70.0,-0.02348993,2980.0,2980.0,2790.0,48827.0,137915460.0,0.0,0.0,48827.0,137915460.0,0.0,0.0,0.0,0.0,0.0,0.0,0.0,0.0
31/10/2024,2980.0,2890.0,90.0,0.03114187,2890.0,2980.0,2880.0,37600.0,108802000.0,0.0,0.0,37600.0,108802000.0,0.0,0.0,0.0,0.0,0.0,0.0,0.0,0.0
30/10/2024,2890.0,2890.0,0.0,0.0,3090.0,3090.0,2800.0,270120.0,823126940.0,0.0,0.0,270120.0,823126940.0,-100.0,100.0,0.0,0.0,-287000.0,287000.0,0.0,0.0
29/10/2024,2890.0,2710.0,180.0,0.06642066,2890.0,2890.0,2890.0,33400.0,96526000.0,0.0,0.0,33400.0,96526000.0,0.0,0.0,0.0,0.0,0.0,0.0,0.0,0.0
28/10/2024,2710.0,2540.0,170.0,0.06692913,2540.0,2710.0,2540.0,58700.0,158076000.0,0.0,0.0,58700.0,158076000.0,-200.0,200.0,0.0,0.0,-542000.0,542000.0,0.0,0.0
25/10/2024,2540.0,2600.0,-60.0,-0.02307692,2690.0,2690.0,2540.0,53300.0,137714000.0,0.0,0.0,53300.0,137714000.0,0.0,0.0,0.0,0.0,0.0,0.0,0.0,0.0
24/10/2024,2600.0,2580.0,20.0,0.00775194,2530.0,2680.0,2530.0,78439.0,202232500.0,0.0,0.0,78439.0,202232500.0,-100.0,100.0,0.0,0.0,-259000.0,259000.0,0.0,0.0
23/10/2024,2580.0,2770.0,-190.0,-0.06859206,2770.0,2770.0,2580.0,26200.0,70647000.0,0.0,0.0,26200.0,70647000.0,0.0,0.0,0.0,0.0,0.0,0.0,0.0,0.0
22/10/2024,2770.0,2770.0,0.0,0.0,2770.0,2790.0,2750.0,26000.0,71921000.0,0.0,0.0,26000.0,71921000.0,0.0,0.0,0.0,0.0,0.0,0.0,0.0,0.0
21/10/2024,2770.0,2850.0,-80.0,-0.0281,2810.0,2810.0,2770.0,29169.0,81259600.0,0.0,0.0,29169.0,81259600.0,0.0,0.0,0.0,0.0,0.0,0.0,0.0,0.0
18/10/2024,2850.0,2900.0,-50.0,-0.01724138,2830.0,2890.0,2820.0,68364.0,193657500.0,0.0,0.0,68364.0,193657500.0,0.0,0.0,0.0,0.0,0.0,0.0,0.0,0.0
17/10/2024,2900.0,2880.0,20.0,0.00694444,2850.0,2900.0,2810.0,36500.0,104146000.0,0.0,0.0,36500.0,104146000.0,0.0,0.0,0.0,0.0,0.0,0.0,0.0,0.0
16/10/2024,2880.0,2800.0,80.0,0.02857143,2890.0,2890.0,2790.0,62500.0,177704000.0,0.0,0.0,62500.0,177704000.0,0.0,0.0,0.0,0.0,0.0,0.0,0.0,0.0
15/10/2024,2800.0,2820.0,-20.0,-0.0070922,2820.0,2830.0,2780.0,79915.0,223277640.0,0.0,0.0,79915.0,223277640.0,14.0,-14.0,-14.0,0.0,36820.0,-36820.0,-37000.0,0.0
14/10/2024,2820.0,2900.0,-80.0,-0.02758621,2930.0,2950.0,2750.0,41700.0,117889000.0,0.0,0.0,41700.0,117889000.0,0.0,0.0,0.0,0.0,0.0,0.0,0.0,0.0
11/10/2024,2900.0,2900.0,0.0,0.0,2830.0,2900.0,2830.0,4514.0,12935800.0,0.0,0.0,4514.0,12935800.0,0.0,0.0,0.0,0.0,0.0,0.0,0.0,0.0
10/10/2024,2900.0,2880.0,20.0,0.00694444,2900.0,2940.0,2850.0,30410.0,88223000.0,0.0,0.0,30410.0,88223000.0,0.0,0.0,0.0,0.0,0.0,0.0,0.0,0.0
09/10/2024,2880.0,2820.0,60.0,0.0212766,2820.0,2920.0,2800.0,177000.0,505365000.0,0.0,0.0,177000.0,505365000.0,0.0,0.0,0.0,0.0,0.0,0.0,0.0,0.0
08/10/2024,2820.0,2960.0,-140.0,-0.0472973,2960.0,2960.0,2800.0,38605.0,109426700.0,0.0,0.0,38605.0,109426700.0,0.0,0.0,0.0,0.0,0.0,0.0,0.0,0.0
07/10/2024,2960.0,2920.0,40.0,0.01369863,2920.0,2960.0,2910.0,19298.0,56396080.0,0.0,0.0,19298.0,56396080.0,0.0,0.0,0.0,0.0,0.0,0.0,0.0,0.0
04/10/2024,2920.0,2950.0,-30.0,-0.01016949,3000.0,3000.0,2920.0,26100.0,76647000.0,0.0,0.0,26100.0,76647000.0,4600.0,0.0,0.0,-4600.0,13570000.0,0.0,0.0,-13570000.0
03/10/2024,2950.0,3030.0,-80.0,-0.02640264,3000.0,3000.0,2950.0,63800.0,189553000.0,0.0,0.0,63800.0,189553000.0,0.0,0.0,0.0,0.0,0.0,0.0,0.0,0.0
02/10/2024,3030.0,3040.0,-10.0,-0.00328947,3010.0,3040.0,2990.0,73700.0,221931000.0,0.0,0.0,73700.0,221931000.0,0.0,0.0,0.0,0.0,0.0,0.0,0.0,0.0
01/10/2024,3040.0,3000.0,40.0,0.01333333,2960.0,3050.0,2960.0,87800.0,263395000.0,0.0,0.0,87800.0,263395000.0,0.0,0.0,0.0,0.0,0.0,0.0,0.0,0.0
30/09/2024,3000.0,3020.0,-20.0,-0.00662252,3000.0,3000.0,2970.0,37310.0,111416450.0,0.0,0.0,37310.0,111416450.0,500.0,-500.0,0.0,0.0,1490000.0,-1490000.0,0.0,0.0
27/09/2024,3020.0,3040.0,-20.0,-0.00657895,3030.0,3030.0,2990.0,15600.0,46826000.0,0.0,0.0,15600.0,46826000.0,0.0,0.0,0.0,0.0,0.0,0.0,0.0,0.0
26/09/2024,3040.0,3090.0,-50.0,-0.01618123,3080.0,3090.0,3000.0,79900.0,240827000.0,0.0,0.0,79900.0,240827000.0,0.0,0.0,0.0,0.0,0.0,0.0,0.0,0.0
25/09/2024,3090.0,2980.0,110.0,0.03691275,2980.0,3090.0,2950.0,169799.0,508298910.0,0.0,0.0,169799.0,508298910.0,0.0,0.0,0.0,0.0,0.0,0.0,0.0,0.0
24/09/2024,2980.0,3030.0,-50.0,-0.01650165,2990.0,3000.0,2890.0,32700.0,96694000.0,0.0,0.0,32700.0,96694000.0,0.0,0.0,0.0,0.0,0.0,0.0,0.0,0.0
23/09/2024,3030.0,3050.0,-20.0,-0.00655738,3020.0,3050.0,2960.0,55602.0,167195040.0,0.0,0.0,55602.0,167195040.0,0.0,0.0,0.0,0.0,0.0,0.0,0.0,0.0
20/09/2024,3050.0,3050.0,0.0,0.0,3080.0,3080.0,3020.0,32200.0,98181000.0,0.0,0.0,32200.0,98181000.0,0.0,0.0,0.0,0.0,0.0,0.0,0.0,0.0
19/09/2024,3050.0,3040.0,10.0,0.00328947,3100.0,3100.0,2990.0,87826.0,265255600.0,0.0,0.0,87826.0,265255600.0,0.0,0.0,0.0,0.0,0.0,0.0,0.0,0.0
18/09/2024,3040.0,2970.0,70.0,0.02356902,2970.0,3090.0,2930.0,80600.0,243286000.0,0.0,0.0,80600.0,243286000.0,0.0,0.0,0.0,0.0,0.0,0.0,0.0,0.0
17/09/2024,2970.0,2900.0,70.0,0.02413793,2990.0,3000.0,2910.0,31578.0,92989490.0,0.0,0.0,31578.0,92989490.0,0.0,0.0,0.0,0.0,0.0,0.0,0.0,0.0
16/09/2024,2900.0,3090.0,-190.0,-0.06148867,2970.0,3140.0,2900.0,183213.0,547569290.0,0.0,0.0,183213.0,547569290.0,0.0,0.0,0.0,0.0,0.0,0.0,0.0,0.0
13/09/2024,3090.0,3180.0,-90.0,-0.02830189,3180.0,3180.0,3030.0,50600.0,156619000.0,0.0,0.0,50600.0,156619000.0,0.0,0.0,0.0,0.0,0.0,0.0,0.0,0.0
12/09/2024,3180.0,3130.0,50.0,0.01597444,3130.0,3250.0,3100.0,363274.0,1144845100.0,0.0,0.0,363274.0,1144845100.0,0.0,0.0,0.0,0.0,0.0,0.0,0.0,0.0
11/09/2024,3130.0,3110.0,20.0,0.00643087,3110.0,3190.0,3060.0,4600.0,14230000.0,0.0,0.0,4600.0,14230000.0,0.0,0.0,0.0,0.0,0.0,0.0,0.0,0.0
10/09/2024,3110.0,3110.0,0.0,0.0,3100.0,3110.0,3050.0,10302.0,31981220.0,0.0,0.0,10302.0,31981220.0,0.0,0.0,0.0,0.0,0.0,0.0,0.0,0.0
09/09/2024,3110.0,3110.0,0.0,0.0,3110.0,3140.0,3100.0,22660.0,70591570.0,0.0,0.0,22660.0,70591570.0,0.0,0.0,0.0,0.0,0.0,0.0,0.0,0.0
06/09/2024,3110.0,3160.0,-50.0,-0.01582278,3150.0,3190.0,3100.0,37585.0,117570390.0,0.0,0.0,37585.0,117570390.0,0.0,0.0,0.0,0.0,0.0,0.0,0.0,0.0
05/09/2024,3160.0,3160.0,0.0,0.0,3100.0,3200.0,3070.0,54899.0,170687120.0,0.0,0.0,54899.0,170687120.0,0.0,0.0,0.0,0.0,0.0,0.0,0.0,0.0
04/09/2024,3160.0,3230.0,-70.0,-0.02167183,3200.0,3210.0,3160.0,25996.0,82933240.0,0.0,0.0,25996.0,82933240.0,0.0,0.0,0.0,0.0,0.0,0.0,0.0,0.0
30/08/2024,3230.0,3220.0,10.0,0.00310559,3220.0,3230.0,3120.0,24303.0,77978660.0,0.0,0.0,24303.0,77978660.0,0.0,0.0,0.0,0.0,0.0,0.0,0.0,0.0
29/08/2024,3220.0,3200.0,20.0,0.00625,3260.0,3260.0,3140.0,27901.0,88735170.0,0.0,0.0,27901.0,88735170.0,0.0,0.0,0.0,0.0,0.0,0.0,0.0,0.0
28/08/2024,3200.0,3160.0,40.0,0.01265823,3090.0,3280.0,3060.0,29400.0,93700000.0,0.0,0.0,29400.0,93700000.0,0.0,0.0,0.0,0.0,0.0,0.0,0.0,0.0
27/08/2024,3160.0,3160.0,0.0,0.0,3160.0,3160.0,3070.0,34300.0,107382000.0,0.0,0.0,34300.0,107382000.0,0.0,0.0,0.0,0.0,0.0,0.0,0.0,0.0
26/08/2024,3160.0,3160.0,0.0,0.0,3060.0,3240.0,3060.0,103700.0,327335000.0,0.0,0.0,103700.0,327335000.0,0.0,0.0,0.0,0.0,0.0,0.0,0.0,0.0
23/08/2024,3160.0,3180.0,-20.0,-0.00628931,3180.0,3200.0,3090.0,34100.0,106736000.0,0.0,0.0,34100.0,106736000.0,0.0,0.0,0.0,0.0,0.0,0.0,0.0,0.0
22/08/2024,3180.0,3200.0,-20.0,-0.00625,3200.0,3200.0,3060.0,56702.0,179681400.0,0.0,0.0,56702.0,179681400.0,0.0,0.0,0.0,0.0,0.0,0.0,0.0,0.0
21/08/2024,3200.0,3180.0,20.0,0.00628931,3250.0,3250.0,3130.0,44725.0,142109500.0,0.0,0.0,44725.0,142109500.0,0.0,0.0,0.0,0.0,0.0,0.0,0.0,0.0
20/08/2024,3180.0,3240.0,-60.0,-0.01851852,3200.0,3270.0,3180.0,74725.0,238864250.0,0.0,0.0,74725.0,238864250.0,0.0,0.0,0.0,0.0,0.0,0.0,0.0,0.0
19/08/2024,3240.0,3260.0,-20.0,-0.00613497,3160.0,3300.0,3160.0,43395.0,137918500.0,0.0,0.0,43395.0,137918500.0,0.0,0.0,0.0,0.0,0.0,0.0,0.0,0.0
16/08/2024,3260.0,3150.0,110.0,0.03492063,3150.0,3290.0,3150.0,98220.0,312135800.0,0.0,0.0,98220.0,312135800.0,10000.0,-10000.0,0.0,0.0,31500000.0,-31500000.0,0.0,0.0
15/08/2024,3150.0,3180.0,-30.0,-0.00943396,3180.0,3180.0,3080.0,4701.0,14787960.0,0.0,0.0,4701.0,14787960.0,800.0,0.0,0.0,-800.0,2544000.0,0.0,0.0,-2544000.0
14/08/2024,3180.0,3150.0,30.0,0.00952381,3190.0,3190.0,3180.0,1803.0,5749790.0,0.0,0.0,1803.0,5749790.0,0.0,0.0,0.0,0.0,0.0,0.0,0.0,0.0
13/08/2024,3150.0,3140.0,10.0,0.00318471,3100.0,3150.0,3100.0,4700.0,14580000.0,0.0,0.0,4700.0,14580000.0,0.0,0.0,0.0,0.0,0.0,0.0,0.0,0.0
12/08/2024,3140.0,3170.0,-30.0,-0.00946372,3150.0,3200.0,3040.0,40710.0,125705000.0,0.0,0.0,40710.0,125705000.0,0.0,0.0,0.0,0.0,0.0,0.0,0.0,0.0
09/08/2024,3170.0,3150.0,20.0,0.00634921,3150.0,3170.0,3100.0,30603.0,95892600.0,0.0,0.0,30603.0,95892600.0,0.0,0.0,0.0,0.0,0.0,0.0,0.0,0.0
08/08/2024,3150.0,3150.0,0.0,0.0,3170.0,3240.0,3090.0,47000.0,147244000.0,0.0,0.0,47000.0,147244000.0,0.0,0.0,0.0,0.0,0.0,0.0,0.0,0.0
07/08/2024,3150.0,3100.0,50.0,0.01612903,3140.0,3240.0,3100.0,34812.0,110778300.0,0.0,0.0,34812.0,110778300.0,0.0,0.0,0.0,0.0,0.0,0.0,0.0,0.0
06/08/2024,3100.0,3020.0,80.0,0.02649007,3100.0,3100.0,2950.0,32358.0,98138560.0,0.0,0.0,32358.0,98138560.0,0.0,0.0,0.0,0.0,0.0,0.0,0.0,0.0
05/08/2024,3020.0,3230.0,-210.0,-0.06501548,3210.0,3240.0,3010.0,129051.0,398049730.0,0.0,0.0,129051.0,398049730.0,0.0,0.0,0.0,0.0,0.0,0.0,0.0,0.0
02/08/2024,3230.0,3280.0,-50.0,-0.0152439,3200.0,3300.0,3200.0,59920.0,194172000.0,0.0,0.0,59920.0,194172000.0,0.0,0.0,0.0,0.0,0.0,0.0,0.0,0.0
01/08/2024,3280.0,3400.0,-120.0,-0.03529412,3320.0,3480.0,3170.0,160279.0,513289770.0,0.0,0.0,160279.0,513289770.0,-11500.0,11500.0,0.0,0.0,-36455000.0,36455000.0,0.0,0.0
31/07/2024,3400.0,3540.0,-140.0,-0.03954802,3360.0,3540.0,3350.0,73000.0,249142000.0,0.0,0.0,73000.0,249142000.0,500.0,0.0,0.0,-500.0,1700000.0,0.0,0.0,-1700000.0
30/07/2024,3540.0,3460.0,80.0,0.02312139,3420.0,3690.0,3220.0,126200.0,423258000.0,0.0,0.0,126200.0,423258000.0,-3500.0,3500.0,0.0,0.0,-11290000.0,11290000.0,0.0,0.0
29/07/2024,3460.0,3430.0,30.0,0.00874636,3400.0,3460.0,3400.0,44200.0,151903000.0,0.0,0.0,44200.0,151903000.0,0.0,0.0,0.0,0.0,0.0,0.0,0.0,0.0
26/07/2024,3430.0,3480.0,-50.0,-0.01436782,3470.0,3510.0,3420.0,73500.0,253801000.0,0.0,0.0,73500.0,253801000.0,0.0,0.0,0.0,0.0,0.0,0.0,0.0,0.0
25/07/2024,3480.0,3540.0,-60.0,-0.01694915,3540.0,3540.0,3440.0,33721.0,118113600.0,0.0,0.0,33721.0,118113600.0,0.0,0.0,0.0,0.0,0.0,0.0,0.0,0.0
24/07/2024,3540.0,3500.0,40.0,0.01142857,3610.0,3610.0,3400.0,68808.0,240369000.0,0.0,0.0,68808.0,240369000.0,0.0,0.0,0.0,0.0,0.0,0.0,0.0,0.0
23/07/2024,3500.0,3680.0,-180.0,-0.04891304,3740.0,3740.0,3500.0,30802.0,111453360.0,0.0,0.0,30802.0,111453360.0,0.0,0.0,0.0,0.0,0.0,0.0,0.0,0.0
22/07/2024,3680.0,3780.0,-100.0,-0.02645503,3780.0,3780.0,3650.0,79811.0,293696580.0,0.0,0.0,79811.0,293696580.0,200.0,0.0,0.0,-200.0,756000.0,0.0,0.0,-756000.0
19/07/2024,3780.0,3790.0,-10.0,-0.00263852,3800.0,3800.0,3710.0,58300.0,217802000.0,0.0,0.0,58300.0,217802000.0,0.0,0.0,0.0,0.0,0.0,0.0,0.0,0.0
18/07/2024,3790.0,3790.0,0.0,0.0,3790.0,3810.0,3720.0,49422.0,185436380.0,0.0,0.0,49422.0,185436380.0,0.0,0.0,0.0,0.0,0.0,0.0,0.0,0.0
17/07/2024,3790.0,3800.0,-10.0,-0.00263158,3810.0,3830.0,3700.0,44537.0,167833450.0,0.0,0.0,44537.0,167833450.0,0.0,0.0,0.0,0.0,0.0,0.0,0.0,0.0
16/07/2024,3800.0,3810.0,-10.0,-0.00262467,3810.0,3810.0,3800.0,29105.0,110742000.0,0.0,0.0,29105.0,110742000.0,0.0,0.0,0.0,0.0,0.0,0.0,0.0,0.0
15/07/2024,3810.0,3810.0,0.0,0.0,3810.0,3840.0,3810.0,48413.0,184778050.0,0.0,0.0,48413.0,184778050.0,0.0,0.0,0.0,0.0,0.0,0.0,0.0,0.0
12/07/2024,3810.0,3810.0,0.0,0.0,3750.0,3820.0,3750.0,23376.0,88696360.0,0.0,0.0,23376.0,88696360.0,0.0,0.0,0.0,0.0,0.0,0.0,0.0,0.0
11/07/2024,3810.0,3810.0,0.0,0.0,3810.0,3810.0,3730.0,64215.0,242630560.0,0.0,0.0,64215.0,242630560.0,0.0,0.0,0.0,0.0,0.0,0.0,0.0,0.0
10/07/2024,3810.0,3810.0,0.0,0.0,3790.0,3810.0,3780.0,36051.0,136924160.0,0.0,0.0,36051.0,136924160.0,0.0,0.0,0.0,0.0,0.0,0.0,0.0,0.0
09/07/2024,3810.0,3800.0,10.0,0.00263158,3800.0,3870.0,3800.0,60000.0,228315000.0,0.0,0.0,60000.0,228315000.0,0.0,0.0,0.0,0.0,0.0,0.0,0.0,0.0
08/07/2024,3800.0,3870.0,-70.0,-0.01808786,3860.0,3860.0,3800.0,61536.0,234843400.0,0.0,0.0,61536.0,234843400.0,0.0,0.0,0.0,0.0,0.0,0.0,0.0,0.0
05/07/2024,3870.0,3870.0,0.0,0.0,3870.0,3880.0,3810.0,16705.0,64196350.0,0.0,0.0,16705.0,64196350.0,0.0,0.0,0.0,0.0,0.0,0.0,0.0,0.0
04/07/2024,3870.0,3890.0,-20.0,-0.00514139,3890.0,3930.0,3760.0,121300.0,463036000.0,0.0,0.0,121300.0,463036000.0,0.0,0.0,0.0,0.0,0.0,0.0,0.0,0.0
03/07/2024,3890.0,3900.0,-10.0,-0.0025641,3900.0,3920.0,3850.0,41200.0,160519000.0,0.0,0.0,41200.0,160519000.0,0.0,0.0,0.0,0.0,0.0,0.0,0.0,0.0
02/07/2024,3900.0,3900.0,0.0,0.0,3900.0,3970.0,3860.0,6010.0,23388000.0,0.0,0.0,6010.0,23388000.0,0.0,0.0,0.0,0.0,0.0,0.0,0.0,0.0
01/07/2024,3900.0,3880.0,20.0,0.00515464,3920.0,3930.0,3820.0,29500.0,114801200.0,0.0,0.0,29500.0,114801200.0,0.0,0.0,0.0,0.0,0.0,0.0,0.0,0.0
28/06/2024,3880.0,3880.0,0.0,0.0,3950.0,3950.0,3800.0,33900.0,130032000.0,0.0,0.0,33900.0,130032000.0,0.0,0.0,0.0,0.0,0.0,0.0,0.0,0.0
27/06/2024,3880.0,3890.0,-10.0,-0.00257069,3890.0,3940.0,3850.0,63431.0,246724590.0,0.0,0.0,63431.0,246724590.0,-100.0,100.0,0.0,0.0,-391000.0,391000.0,0.0,0.0
26/06/2024,3890.0,3870.0,20.0,0.00516796,3990.0,3990.0,3850.0,22819.0,88190900.0,0.0,0.0,22819.0,88190900.0,0.0,0.0,0.0,0.0,0.0,0.0,0.0,0.0
25/06/2024,3870.0,3870.0,0.0,0.0,3880.0,3930.0,3800.0,46601.0,179655870.0,0.0,0.0,46601.0,179655870.0,0.0,0.0,0.0,0.0,0.0,0.0,0.0,0.0
24/06/2024,3870.0,3910.0,-40.0,-0.01023018,3910.0,3990.0,3830.0,89919.0,349232720.0,0.0,0.0,89919.0,349232720.0,0.0,0.0,0.0,0.0,0.0,0.0,0.0,0.0
21/06/2024,3910.0,3910.0,0.0,0.0,3910.0,4000.0,3900.0,52000.0,204351000.0,0.0,0.0,52000.0,204351000.0,0.0,0.0,0.0,0.0,0.0,0.0,0.0,0.0
20/06/2024,3910.0,3940.0,-30.0,-0.00761421,3820.0,3980.0,3820.0,62316.0,244322200.0,0.0,0.0,62316.0,244322200.0,0.0,0.0,0.0,0.0,0.0,0.0,0.0,0.0
19/06/2024,3940.0,4000.0,-60.0,-0.015,3920.0,4000.0,3920.0,51401.0,203754940.0,0.0,0.0,51401.0,203754940.0,0.0,0.0,0.0,0.0,0.0,0.0,0.0,0.0
18/06/2024,4000.0,3900.0,100.0,0.02564103,3900.0,4050.0,3900.0,121773.0,485308360.0,0.0,0.0,121773.0,485308360.0,300.0,-300.0,0.0,0.0,1194000.0,-1194000.0,0.0,0.0
17/06/2024,3900.0,3930.0,-30.0,-0.00763359,4000.0,4000.0,3900.0,73702.0,289951860.0,0.0,0.0,73702.0,289951860.0,0.0,0.0,0.0,0.0,-5000.0,5000.0,0.0,0.0
14/06/2024,3930.0,3930.0,0.0,0.0,3930.0,4130.0,3880.0,175260.0,703004800.0,0.0,0.0,175260.0,703004800.0,0.0,0.0,0.0,0.0,0.0,0.0,0.0,0.0
13/06/2024,3930.0,3950.0,-20.0,-0.00506329,4000.0,4000.0,3900.0,88717.0,350998810.0,0.0,0.0,88717.0,350998810.0,-100.0,100.0,0.0,0.0,-399000.0,399000.0,0.0,0.0
12/06/2024,3950.0,3880.0,70.0,0.01804124,3820.0,4040.0,3820.0,100028.0,394354620.0,0.0,0.0,100028.0,394354620.0,0.0,0.0,0.0,0.0,0.0,0.0,0.0,0.0
11/06/2024,3880.0,4000.0,-120.0,-0.03,4000.0,4100.0,3800.0,228609.0,907347000.0,0.0,0.0,228609.0,907347000.0,0.0,0.0,0.0,0.0,0.0,0.0,0.0,0.0
10/06/2024,4000.0,4080.0,-80.0,-0.01960784,4200.0,4220.0,4000.0,412984.0,1705443240.0,0.0,0.0,412984.0,1705443240.0,-600.0,600.0,0.0,0.0,-2468000.0,2468000.0,0.0,0.0
07/06/2024,4080.0,3820.0,260.0,0.06806283,3800.0,4080.0,3800.0,556089.0,2247606240.0,0.0,0.0,556089.0,2247606240.0,-500.0,500.0,0.0,0.0,-2015000.0,2015000.0,0.0,0.0
06/06/2024,3820.0,3820.0,0.0,0.0,3820.0,3820.0,3790.0,115600.0,440465000.0,0.0,0.0,115600.0,440465000.0,-4500.0,4500.0,0.0,0.0,-17100000.0,17100000.0,0.0,0.0
05/06/2024,3820.0,3840.0,-20.0,-0.00520833,3850.0,3850.0,3800.0,60540.0,230556000.0,0.0,0.0,60540.0,230556000.0,0.0,0.0,0.0,0.0,0.0,0.0,0.0,0.0
04/06/2024,3840.0,3840.0,0.0,0.0,3800.0,3860.0,3770.0,110225.0,421617670.0,0.0,0.0,110225.0,421617670.0,-193.0,193.0,-7.0,0.0,-739120.0,739120.0,-27000.0,0.0
03/06/2024,3840.0,3820.0,20.0,0.0052356,3830.0,3870.0,3810.0,107258.0,411495560.0,0.0,0.0,107258.0,411495560.0,-200.0,200.0,0.0,0.0,-766000.0,766000.0,0.0,0.0
31/05/2024,3820.0,3810.0,10.0,0.00262467,3810.0,3850.0,3750.0,56741.0,216234020.0,0.0,0.0,56741.0,216234020.0,0.0,0.0,0.0,0.0,0.0,0.0,0.0,0.0
30/05/2024,3810.0,3790.0,20.0,0.00527704,3790.0,3840.0,3730.0,59000.0,223300000.0,0.0,0.0,59000.0,223300000.0,-13800.0,13800.0,0.0,0.0,-52058000.0,52058000.0,0.0,0.0
29/05/2024,3790.0,3840.0,-50.0,-0.01302083,3840.0,3860.0,3580.0,84005.0,317719050.0,0.0,0.0,84005.0,317719050.0,-1900.0,1900.0,0.0,0.0,-7192000.0,7192000.0,0.0,0.0
28/05/2024,3840.0,3810.0,30.0,0.00787402,3840.0,3850.0,3770.0,175259.0,665586460.0,0.0,0.0,175259.0,665586460.0,-3000.0,3000.0,0.0,0.0,-11370000.0,11370000.0,0.0,0.0
27/05/2024,3810.0,3810.0,0.0,0.0,3790.0,3870.0,3790.0,72500.0,278066000.0,0.0,0.0,72500.0,278066000.0,0.0,0.0,0.0,0.0,0.0,0.0,0.0,0.0
24/05/2024,3810.0,3870.0,-60.0,-0.01550388,3860.0,3880.0,3700.0,212630.0,806056000.0,0.0,0.0,212630.0,806056000.0,-5500.0,5500.0,0.0,0.0,-20730000.0,20730000.0,0.0,0.0
23/05/2024,3870.0,3840.0,30.0,0.0078125,3840.0,3890.0,3800.0,92621.0,355527800.0,0.0,0.0,92621.0,355527800.0,-100.0,100.0,0.0,0.0,-383000.0,383000.0,0.0,0.0
22/05/2024,3840.0,3870.0,-30.0,-0.00775194,3860.0,3900.0,3840.0,74300.0,287015000.0,0.0,0.0,74300.0,287015000.0,0.0,0.0,0.0,0.0,0.0,0.0,0.0,0.0
21/05/2024,3870.0,3850.0,20.0,0.00519481,3840.0,3990.0,3840.0,126124.0,488914780.0,0.0,0.0,126124.0,488914780.0,0.0,0.0,0.0,0.0,0.0,0.0,0.0,0.0
20/05/2024,3850.0,3810.0,40.0,0.01049869,3890.0,3890.0,3800.0,169690.0,648144200.0,0.0,0.0,169690.0,648144200.0,0.0,0.0,0.0,0.0,0.0,0.0,0.0,0.0
17/05/2024,3810.0,3850.0,-40.0,-0.01038961,3850.0,3880.0,3700.0,195324.0,743357230.0,0.0,0.0,195324.0,743357230.0,100.0,-100.0,0.0,0.0,382000.0,-382000.0,0.0,0.0
16/05/2024,3850.0,3890.0,-40.0,-0.01028278,3940.0,3940.0,3820.0,120419.0,464743400.0,0.0,0.0,120419.0,464743400.0,0.0,0.0,0.0,0.0,0.0,0.0,0.0,0.0
15/05/2024,3890.0,3890.0,0.0,0.0,3860.0,3940.0,3860.0,140400.0,545100000.0,0.0,0.0,140400.0,545100000.0,0.0,0.0,0.0,0.0,0.0,0.0,0.0,0.0
14/05/2024,3890.0,3890.0,0.0,0.0,3950.0,3950.0,3870.0,83910.0,326576200.0,0.0,0.0,83910.0,326576200.0,0.0,0.0,0.0,0.0,0.0,0.0,0.0,0.0
13/05/2024,3890.0,3860.0,30.0,0.00777202,3980.0,3980.0,3870.0,203100.0,794682000.0,0.0,0.0,203100.0,794682000.0,0.0,0.0,0.0,0.0,0.0,0.0,0.0,0.0
10/05/2024,3860.0,3840.0,20.0,0.00520833,3840.0,3970.0,3840.0,244714.0,949414290.0,0.0,0.0,244714.0,949414290.0,0.0,0.0,0.0,0.0,0.0,0.0,0.0,0.0
09/05/2024,3840.0,3840.0,0.0,0.0,3920.0,3920.0,3830.0,92005.0,355852350.0,0.0,0.0,92005.0,355852350.0,0.0,0.0,0.0,0.0,0.0,0.0,0.0,0.0
08/05/2024,3840.0,3810.0,30.0,0.00787402,3830.0,3880.0,3800.0,152127.0,581167100.0,0.0,0.0,152127.0,581167100.0,0.0,0.0,0.0,0.0,0.0,0.0,0.0,0.0
07/05/2024,3810.0,3740.0,70.0,0.01871658,3800.0,3890.0,3720.0,175737.0,671468600.0,0.0,0.0,175737.0,671468600.0,0.0,0.0,0.0,0.0,0.0,0.0,0.0,0.0
06/05/2024,3740.0,3730.0,10.0,0.00268097,3700.0,3840.0,3700.0,142566.0,531837180.0,0.0,0.0,142566.0,531837180.0,0.0,0.0,0.0,0.0,0.0,0.0,0.0,0.0
03/05/2024,3730.0,3720.0,10.0,0.00268817,3630.0,3870.0,3630.0,41085.0,153597200.0,0.0,0.0,41085.0,153597200.0,0.0,0.0,0.0,0.0,0.0,0.0,0.0,0.0
02/05/2024,3720.0,3780.0,-60.0,-0.01587302,3780.0,3780.0,3700.0,35552.0,132119040.0,0.0,0.0,35552.0,132119040.0,0.0,0.0,0.0,0.0,0.0,0.0,0.0,0.0
26/04/2024,3780.0,3770.0,10.0,0.00265252,3790.0,3800.0,3740.0,41700.0,157094000.0,0.0,0.0,41700.0,157094000.0,0.0,0.0,0.0,0.0,0.0,0.0,0.0,0.0
25/04/2024,3770.0,3790.0,-20.0,-0.00527704,3890.0,3890.0,3710.0,27600.0,103707000.0,0.0,0.0,27600.0,103707000.0,0.0,0.0,0.0,0.0,0.0,0.0,0.0,0.0
24/04/2024,3790.0,3680.0,110.0,0.0298913,3700.0,3800.0,3680.0,28829.0,107332300.0,0.0,0.0,28829.0,107332300.0,0.0,0.0,0.0,0.0,0.0,0.0,0.0,0.0
23/04/2024,3680.0,3780.0,-100.0,-0.02645503,3780.0,3900.0,3680.0,15774.0,58521540.0,0.0,0.0,15774.0,58521540.0,0.0,0.0,0.0,0.0,0.0,0.0,0.0,0.0
22/04/2024,3780.0,3630.0,150.0,0.04132231,3700.0,3810.0,3700.0,62606.0,233437720.0,0.0,0.0,62606.0,233437720.0,0.0,0.0,0.0,0.0,0.0,0.0,0.0,0.0
19/04/2024,3630.0,3640.0,-10.0,-0.00274725,3620.0,3650.0,3600.0,315601.0,1142638630.0,0.0,0.0,315601.0,1142638630.0,-1900.0,1900.0,0.0,0.0,-6917000.0,6917000.0,0.0,0.0
17/04/2024,3640.0,3600.0,40.0,0.01111111,3700.0,3800.0,3600.0,231035.0,838157450.0,0.0,0.0,231035.0,838157450.0,22000.0,-22000.0,0.0,0.0,79810000.0,-79810000.0,0.0,0.0
16/04/2024,3600.0,3800.0,-200.0,-0.05263158,3800.0,3800.0,3590.0,255989.0,937778710.0,0.0,0.0,255989.0,937778710.0,-18500.0,18500.0,0.0,0.0,-67315000.0,67315000.0,0.0,0.0
15/04/2024,3800.0,3980.0,-180.0,-0.04522613,3970.0,4010.0,3800.0,140701.0,552138710.0,0.0,0.0,140701.0,552138710.0,-22000.0,22000.0,0.0,0.0,-87960001.0,87960000.0,0.0,0.0
12/04/2024,3980.0,3990.0,-10.0,-0.00250627,4010.0,4020.0,3930.0,91076.0,362152160.0,0.0,0.0,91076.0,362152160.0,0.0,0.0,0.0,0.0,0.0,0.0,0.0,0.0
11/04/2024,3990.0,3990.0,0.0,0.0,3990.0,4000.0,3950.0,89304.0,354996390.0,0.0,0.0,89304.0,354996390.0,-1000.0,1000.0,0.0,0.0,-3960000.0,3960000.0,0.0,0.0
10/04/2024,3990.0,3950.0,40.0,0.01012658,3950.0,4000.0,3900.0,347129.0,1364174600.0,0.0,0.0,347129.0,1364174600.0,-2000.0,2000.0,0.0,0.0,-7880000.0,7880000.0,0.0,0.0
09/04/2024,3950.0,3950.0,0.0,0.0,3900.0,4020.0,3900.0,393035.0,1556576250.0,0.0,0.0,393035.0,1556576250.0,-5000.0,5000.0,0.0,0.0,-19750000.0,19750000.0,0.0,0.0
08/04/2024,3950.0,4080.0,-130.0,-0.03186275,4080.0,4090.0,3900.0,436161.0,1747787110.0,0.0,0.0,436161.0,1747787110.0,-2000.0,2000.0,0.0,0.0,-7980000.0,7980000.0,0.0,0.0
05/04/2024,4080.0,4200.0,-120.0,-0.02857143,4200.0,4200.0,4050.0,286363.0,1171354550.0,0.0,0.0,286363.0,1171354550.0,0.0,0.0,0.0,0.0,0.0,0.0,0.0,0.0
04/04/2024,4200.0,4350.0,-150.0,-0.03448276,4350.0,4380.0,4180.0,948928.0,4104961600.0,0.0,0.0,948928.0,4104961600.0,0.0,0.0,0.0,0.0,0.0,0.0,0.0,0.0
03/04/2024,4350.0,4310.0,40.0,0.00928074,4500.0,4500.0,4190.0,645542.0,2819921280.0,0.0,0.0,645542.0,2819921280.0,400.0,-400.0,0.0,0.0,1724000.0,-1724000.0,0.0,0.0
02/04/2024,4310.0,4030.0,280.0,0.06947891,4040.0,4310.0,3800.0,1017442.0,4302294860.0,0.0,0.0,1017442.0,4302294860.0,-400.0,400.0,0.0,0.0,-1600000.0,1600000.0,0.0,0.0
01/04/2024,4030.0,4070.0,-40.0,-0.00982801,4070.0,4070.0,4000.0,151889.0,610795590.0,0.0,0.0,151889.0,610795590.0,-3200.0,3200.0,0.0,0.0,-12856000.0,12856000.0,0.0,0.0
29/03/2024,4070.0,4070.0,0.0,0.0,4040.0,4070.0,4040.0,59035.0,238843450.0,0.0,0.0,59035.0,238843450.0,0.0,0.0,0.0,0.0,0.0,0.0,0.0,0.0
28/03/2024,4070.0,4080.0,-10.0,-0.00245098,4080.0,4080.0,4030.0,41962.0,169817600.0,0.0,0.0,41962.0,169817600.0,100.0,0.0,0.0,-100.0,406000.0,0.0,0.0,-406000.0
27/03/2024,4080.0,4090.0,-10.0,-0.00244499,4090.0,4090.0,4060.0,54301.0,221548090.0,0.0,0.0,54301.0,221548090.0,0.0,0.0,0.0,0.0,0.0,0.0,0.0,0.0
26/03/2024,4090.0,4080.0,10.0,0.00245098,4080.0,4090.0,4030.0,197400.0,804642000.0,0.0,0.0,197400.0,804642000.0,0.0,0.0,0.0,0.0,0.0,0.0,0.0,0.0
25/03/2024,4080.0,4020.0,60.0,0.01492537,4030.0,4100.0,4030.0,81510.0,331362500.0,0.0,0.0,81510.0,331362500.0,0.0,0.0,0.0,0.0,0.0,0.0,0.0,0.0
22/03/2024,4020.0,4090.0,-70.0,-0.01711491,4090.0,4090.0,4000.0,328801.0,1323128070.0,0.0,0.0,328801.0,1323128070.0,0.0,0.0,0.0,0.0,0.0,0.0,0.0,0.0
21/03/2024,4090.0,4050.0,40.0,0.00987654,4050.0,4110.0,4050.0,151730.0,618919400.0,0.0,0.0,151730.0,618919400.0,100.0,-100.0,0.0,0.0,405000.0,-405000.0,0.0,0.0
20/03/2024,4050.0,4020.0,30.0,0.00746269,4020.0,4080.0,4000.0,389921.0,1562701410.0,0.0,0.0,389921.0,1562701410.0,0.0,0.0,0.0,0.0,0.0,0.0,0.0,0.0
19/03/2024,4020.0,4000.0,20.0,0.005,4010.0,4100.0,4010.0,49270.0,199818850.0,0.0,0.0,49270.0,199818850.0,200.0,-200.0,0.0,0.0,813000.0,-813000.0,0.0,0.0
18/03/2024,4000.0,4110.0,-110.0,-0.02676399,4110.0,4130.0,4000.0,413364.0,1670329150.0,0.0,0.0,413364.0,1670329150.0,-4700.0,4700.0,0.0,0.0,-18764000.0,18764000.0,0.0,0.0
15/03/2024,4110.0,4100.0,10.0,0.00243902,4200.0,4200.0,4100.0,107126.0,441905180.0,0.0,0.0,107126.0,441905180.0,-100.0,100.0,0.0,0.0,-411000.0,411000.0,0.0,0.0
14/03/2024,4100.0,4030.0,70.0,0.01736973,4090.0,4310.0,4060.0,158543.0,661210680.0,0.0,0.0,158543.0,661210680.0,-100.0,100.0,0.0,0.0,-413000.0,413000.0,0.0,0.0
13/03/2024,4030.0,4010.0,20.0,0.00498753,4010.0,4090.0,4010.0,92334.0,372586080.0,0.0,0.0,92334.0,372586080.0,-4000.0,4000.0,0.0,0.0,-16180000.0,16180000.0,0.0,0.0
12/03/2024,4010.0,4050.0,-40.0,-0.00987654,4110.0,4110.0,4010.0,103171.0,416420460.0,0.0,0.0,103171.0,416420460.0,-1000.0,1000.0,0.0,0.0,-4057000.0,4057000.0,0.0,0.0
11/03/2024,4050.0,4120.0,-70.0,-0.01699029,4100.0,4130.0,4050.0,131201.0,537228120.0,0.0,0.0,131201.0,537228120.0,0.0,0.0,0.0,0.0,0.0,0.0,0.0,0.0
08/03/2024,4120.0,4120.0,0.0,0.0,4100.0,4180.0,4090.0,161750.0,664793950.0,0.0,0.0,161750.0,664793950.0,600.0,-600.0,0.0,0.0,2472000.0,-2472000.0,0.0,0.0
07/03/2024,4120.0,4110.0,10.0,0.00243309,4120.0,4160.0,4100.0,73675.0,303851500.0,0.0,0.0,73675.0,303851500.0,0.0,0.0,0.0,0.0,0.0,0.0,0.0,0.0
06/03/2024,4110.0,4140.0,-30.0,-0.00724638,4150.0,4200.0,4090.0,219600.0,908301000.0,0.0,0.0,219600.0,908301000.0,1500.0,-1500.0,0.0,0.0,6170000.0,-6170000.0,0.0,0.0
05/03/2024,4140.0,4090.0,50.0,0.01222494,4090.0,4150.0,4090.0,147620.0,606781800.0,0.0,0.0,147620.0,606781800.0,100.0,-100.0,0.0,0.0,409000.0,-409000.0,0.0,0.0
04/03/2024,4090.0,4090.0,0.0,0.0,4090.0,4100.0,4080.0,211300.0,864722000.0,0.0,0.0,211300.0,864722000.0,-700.0,700.0,0.0,0.0,-2864000.0,2864000.0,0.0,0.0
01/03/2024,4090.0,4100.0,-10.0,-0.00243902,4100.0,4150.0,4060.0,96800.0,395769000.0,0.0,0.0,96800.0,395769000.0,-500.0,500.0,0.0,0.0,-2055000.0,2055000.0,0.0,0.0
29/02/2024,4100.0,4100.0,0.0,0.0,4100.0,4100.0,4040.0,180200.0,732470000.0,0.0,0.0,180200.0,732470000.0,-3300.0,3300.0,0.0,0.0,-13434000.0,13434000.0,0.0,0.0
28/02/2024,4100.0,4090.0,10.0,0.00244499,4100.0,4190.0,4070.0,104650.0,428366500.0,0.0,0.0,104650.0,428366500.0,-200.0,200.0,0.0,0.0,-820000.0,820000.0,0.0,0.0
27/02/2024,4090.0,4120.0,-30.0,-0.00728155,4230.0,4230.0,4050.0,154847.0,630866700.0,0.0,0.0,154847.0,630866700.0,-100.0,100.0,0.0,0.0,-408000.0,408000.0,0.0,0.0
26/02/2024,4120.0,4270.0,-150.0,-0.03512881,4080.0,4260.0,4070.0,158174.0,648850730.0,0.0,0.0,158174.0,648850730.0,300.0,-300.0,0.0,0.0,1250000.0,-1250000.0,0.0,0.0
23/02/2024,4270.0,4320.0,-50.0,-0.01157407,4390.0,4460.0,4060.0,439134.0,1894186200.0,0.0,0.0,439134.0,1894186200.0,0.0,0.0,0.0,0.0,-9000.0,9000.0,0.0,0.0
22/02/2024,4320.0,4040.0,280.0,0.06930693,4040.0,4320.0,4040.0,846511.0,3626736400.0,0.0,0.0,846511.0,3626736400.0,400.0,-400.0,0.0,0.0,1727000.0,-1727000.0,0.0,0.0
21/02/2024,4040.0,4040.0,0.0,0.0,4040.0,4040.0,4010.0,231202.0,931905980.0,0.0,0.0,231202.0,931905980.0,0.0,0.0,0.0,0.0,0.0,0.0,0.0,0.0
20/02/2024,4040.0,4100.0,-60.0,-0.01463415,4160.0,4160.0,4000.0,119146.0,486347800.0,0.0,0.0,119146.0,486347800.0,-300.0,300.0,0.0,0.0,-1206000.0,1206000.0,0.0,0.0
19/02/2024,4100.0,4010.0,90.0,0.02244389,4050.0,4160.0,4000.0,302002.0,1220819060.0,0.0,0.0,302002.0,1220819060.0,-1500.0,1500.0,0.0,0.0,-6160000.0,6160000.0,0.0,0.0
16/02/2024,4010.0,4000.0,10.0,0.0025,4040.0,4040.0,4000.0,42483.0,170455000.0,0.0,0.0,42483.0,170455000.0,0.0,0.0,0.0,0.0,0.0,0.0,0.0,0.0
15/02/2024,4000.0,4010.0,-10.0,-0.00249377,4040.0,4070.0,3730.0,60087.0,239123270.0,0.0,0.0,60087.0,239123270.0,-700.0,1000.0,0.0,-300.0,-2728000.0,3940000.0,0.0,-1212000.0
07/02/2024,4010.0,3990.0,20.0,0.00501253,4000.0,4020.0,4000.0,55700.0,223053000.0,0.0,0.0,55700.0,223053000.0,0.0,0.0,0.0,0.0,0.0,0.0,0.0,0.0
06/02/2024,3990.0,4000.0,-10.0,-0.0025,4010.0,4020.0,3990.0,48801.0,194946010.0,0.0,0.0,48801.0,194946010.0,-2000.0,2000.0,0.0,0.0,-8000000.0,8000000.0,0.0,0.0
05/02/2024,4000.0,4000.0,0.0,0.0,4000.0,4020.0,4000.0,119314.0,477692720.0,0.0,0.0,119314.0,477692720.0,-2000.0,2000.0,0.0,0.0,-8020000.0,8020000.0,0.0,0.0
02/02/2024,4000.0,4000.0,0.0,0.0,4020.0,4030.0,4000.0,125376.0,502432000.0,0.0,0.0,125376.0,502432000.0,10000.0,-10000.0,0.0,0.0,40150000.0,-40150000.0,0.0,0.0
01/02/2024,4000.0,4000.0,0.0,0.0,3990.0,4020.0,3990.0,110097.0,440621640.0,0.0,0.0,110097.0,440621640.0,100.0,-100.0,0.0,0.0,402000.0,-402000.0,0.0,0.0
31/01/2024,4000.0,4020.0,-20.0,-0.00497512,4010.0,4020.0,3990.0,120941.0,484092820.0,0.0,0.0,120941.0,484092820.0,0.0,0.0,0.0,0.0,0.0,0.0,0.0,0.0
30/01/2024,4020.0,4020.0,0.0,0.0,4020.0,4020.0,4000.0,75100.0,300702000.0,0.0,0.0,75100.0,300702000.0,0.0,0.0,0.0,0.0,0.0,0.0,0.0,0.0
29/01/2024,4020.0,4040.0,-20.0,-0.0049505,4040.0,4040.0,4010.0,29540.0,118837900.0,0.0,0.0,29540.0,118837900.0,-100.0,100.0,0.0,0.0,-403000.0,403000.0,0.0,0.0
26/01/2024,4040.0,4000.0,40.0,0.01,4010.0,4050.0,4000.0,107800.0,433275000.0,0.0,0.0,107800.0,433275000.0,0.0,0.0,0.0,0.0,0.0,0.0,0.0,0.0
25/01/2024,4000.0,4000.0,0.0,0.0,4000.0,4060.0,4000.0,96500.0,387523000.0,0.0,0.0,96500.0,387523000.0,1000.0,-1000.0,0.0,0.0,4020000.0,-4020000.0,0.0,0.0
24/01/2024,4000.0,3990.0,10.0,0.00250627,4030.0,4090.0,4000.0,103500.0,418048000.0,0.0,0.0,103500.0,418048000.0,-900.0,900.0,0.0,0.0,-3609000.0,3609000.0,0.0,0.0
23/01/2024,3990.0,4030.0,-40.0,-0.00992556,3990.0,4030.0,3990.0,80041.0,321151820.0,0.0,0.0,80041.0,321151820.0,-4100.0,4100.0,0.0,0.0,-16471000.0,16471000.0,0.0,0.0
22/01/2024,4030.0,4010.0,20.0,0.00498753,4000.0,4040.0,3970.0,144309.0,578184450.0,0.0,0.0,144309.0,578184450.0,-300.0,300.0,0.0,0.0,-1203000.0,1203000.0,0.0,0.0
19/01/2024,4010.0,4040.0,-30.0,-0.00742574,4040.0,4050.0,3990.0,67300.0,270241000.0,0.0,0.0,67300.0,270241000.0,-200.0,200.0,0.0,0.0,-804000.0,804000.0,0.0,0.0
18/01/2024,4040.0,4010.0,30.0,0.0074813,4020.0,4040.0,3990.0,51007.0,204453300.0,0.0,0.0,51007.0,204453300.0,0.0,0.0,0.0,0.0,0.0,0.0,0.0,0.0
17/01/2024,4010.0,4030.0,-20.0,-0.00496278,4090.0,4090.0,4000.0,100200.0,402484000.0,0.0,0.0,100200.0,402484000.0,-2200.0,2200.0,0.0,0.0,-8855000.0,8855000.0,0.0,0.0
16/01/2024,4030.0,3990.0,40.0,0.01002506,3980.0,4030.0,3970.0,143100.0,572685000.0,0.0,0.0,143100.0,572685000.0,0.0,0.0,0.0,0.0,0.0,0.0,0.0,0.0
15/01/2024,3990.0,4020.0,-30.0,-0.00746269,4020.0,4030.0,3990.0,195130.0,782428200.0,0.0,0.0,195130.0,782428200.0,-1200.0,1200.0,0.0,0.0,-4805000.0,4805000.0,0.0,0.0
12/01/2024,4020.0,4010.0,10.0,0.00249377,4010.0,4040.0,3960.0,279800.0,1119808000.0,0.0,0.0,279800.0,1119808000.0,0.0,0.0,0.0,0.0,0.0,0.0,0.0,0.0
11/01/2024,4010.0,4040.0,-30.0,-0.00742574,4050.0,4070.0,3760.0,254269.0,1021435780.0,0.0,0.0,254269.0,1021435780.0,-7200.0,7200.0,0.0,0.0,-28968000.0,28968000.0,0.0,0.0
10/01/2024,4040.0,4040.0,0.0,0.0,4040.0,4110.0,4030.0,208701.0,847949950.0,0.0,0.0,208701.0,847949950.0,-300.0,300.0,0.0,0.0,-1224000.0,1224000.0,0.0,0.0
09/01/2024,4040.0,4050.0,-10.0,-0.00246914,4050.0,4070.0,4030.0,194404.0,787239240.0,0.0,0.0,194404.0,787239240.0,200.0,-200.0,0.0,0.0,810000.0,-810000.0,0.0,0.0
08/01/2024,4050.0,4060.0,-10.0,-0.00246305,4060.0,4090.0,4040.0,294004.0,1193444160.0,0.0,0.0,294004.0,1193444160.0,-3200.0,3200.0,0.0,0.0,-12962000.0,12962000.0,0.0,0.0
05/01/2024,4060.0,4090.0,-30.0,-0.00733496,4070.0,4100.0,4020.0,254836.0,1031904840.0,0.0,0.0,254836.0,1031904840.0,0.0,0.0,0.0,0.0,0.0,0.0,0.0,0.0
04/01/2024,4090.0,4140.0,-50.0,-0.01207729,4160.0,4210.0,4090.0,137729.0,566403600.0,0.0,0.0,137729.0,566403600.0,0.0,0.0,0.0,0.0,0.0,0.0,0.0,0.0
03/01/2024,4140.0,4030.0,110.0,0.02729529,4030.0,4290.0,4020.0,482755.0,2006279300.0,0.0,0.0,482755.0,2006279300.0,-1400.0,1400.0,0.0,0.0,-5702000.0,5702000.0,0.0,0.0
02/01/2024,4030.0,4030.0,0.0,0.0,4090.0,4090.0,4020.0,117200.0,473845000.0,0.0,0.0,117200.0,473845000.0,-3900.0,3900.0,0.0,0.0,-15705000.0,15705000.0,0.0,0.0
29/12/2023,4030.0,4040.0,-10.0,-0.00247525,4040.0,4060.0,4030.0,194275.0,785823530.0,0.0,0.0,194275.0,785823530.0,0.0,0.0,0.0,0.0,0.0,0.0,0.0,0.0
28/12/2023,4040.0,4040.0,0.0,0.0,4050.0,4060.0,4020.0,165792.0,669830000.0,0.0,0.0,165792.0,669830000.0,-800.0,800.0,0.0,0.0,-3224000.0,3224000.0,0.0,0.0
27/12/2023,4040.0,4040.0,0.0,0.0,4040.0,4050.0,4030.0,161213.0,650907260.0,0.0,0.0,161213.0,650907260.0,-4000.0,4000.0,0.0,0.0,-16165000.0,16165000.0,0.0,0.0
26/12/2023,4040.0,4060.0,-20.0,-0.00492611,4090.0,4090.0,4020.0,159300.0,644845000.0,0.0,0.0,159300.0,644845000.0,0.0,0.0,0.0,0.0,0.0,0.0,0.0,0.0
25/12/2023,4060.0,4040.0,20.0,0.0049505,4060.0,4090.0,4020.0,139586.0,563674920.0,0.0,0.0,139586.0,563674920.0,0.0,0.0,0.0,0.0,0.0,0.0,0.0,0.0
22/12/2023,4040.0,4060.0,-20.0,-0.00492611,4060.0,4080.0,4010.0,176624.0,714519360.0,0.0,0.0,176624.0,714519360.0,2800.0,-2800.0,0.0,0.0,11347000.0,-11347000.0,0.0,0.0
21/12/2023,4060.0,4080.0,-20.0,-0.00490196,4070.0,4200.0,4050.0,242881.0,999180670.0,0.0,0.0,242881.0,999180670.0,0.0,0.0,0.0,0.0,0.0,0.0,0.0,0.0
20/12/2023,4080.0,4040.0,40.0,0.00990099,4040.0,4080.0,4000.0,78356.0,315815590.0,0.0,0.0,78356.0,315815590.0,-1600.0,1600.0,0.0,0.0,-6431000.0,6431000.0,0.0,0.0
19/12/2023,4040.0,4020.0,20.0,0.00497512,4030.0,4060.0,4000.0,180104.0,724649600.0,0.0,0.0,180104.0,724649600.0,0.0,0.0,0.0,0.0,0.0,0.0,0.0,0.0
18/12/2023,4020.0,4020.0,0.0,0.0,4030.0,4100.0,4020.0,112958.0,455581460.0,0.0,0.0,112958.0,455581460.0,0.0,0.0,0.0,0.0,0.0,0.0,0.0,0.0
15/12/2023,4020.0,4040.0,-20.0,-0.0049505,4040.0,4090.0,4000.0,141100.0,567930000.0,0.0,0.0,141100.0,567930000.0,0.0,0.0,0.0,0.0,0.0,0.0,0.0,0.0
14/12/2023,4040.0,4070.0,-30.0,-0.00737101,4070.0,4100.0,4040.0,145354.0,591052440.0,0.0,0.0,145354.0,591052440.0,-4000.0,4000.0,0.0,0.0,-16255000.0,16255000.0,0.0,0.0
13/12/2023,4070.0,4140.0,-70.0,-0.01690821,4200.0,4220.0,4070.0,344206.0,1421378710.0,0.0,0.0,344206.0,1421378710.0,0.0,0.0,0.0,0.0,0.0,0.0,0.0,0.0
12/12/2023,4140.0,4040.0,100.0,0.02475248,4050.0,4190.0,4050.0,152766.0,625578050.0,0.0,0.0,152766.0,625578050.0,300.0,-300.0,0.0,0.0,1233000.0,-1233000.0,0.0,0.0
11/12/2023,4040.0,4100.0,-60.0,-0.01463415,4100.0,4110.0,4000.0,335800.0,1357521000.0,0.0,0.0,335800.0,1357521000.0,-1500.0,1500.0,0.0,0.0,-6070000.0,6070000.0,0.0,0.0
08/12/2023,4100.0,4130.0,-30.0,-0.00726392,4180.0,4180.0,4090.0,170880.0,703821000.0,0.0,0.0,170880.0,703821000.0,0.0,0.0,0.0,0.0,0.0,0.0,0.0,0.0
07/12/2023,4130.0,4160.0,-30.0,-0.00721154,4200.0,4210.0,4070.0,380150.0,1574269480.0,0.0,0.0,380150.0,1574269480.0,100.0,-100.0,0.0,0.0,417000.0,-417000.0,0.0,0.0
06/12/2023,4160.0,4080.0,80.0,0.01960784,4160.0,4190.0,4080.0,152261.0,628148890.0,0.0,0.0,152261.0,628148890.0,-3100.0,3100.0,0.0,0.0,-12750000.0,12750000.0,0.0,0.0
05/12/2023,4080.0,4180.0,-100.0,-0.02392344,4150.0,4180.0,4070.0,184700.0,762037000.0,0.0,0.0,184700.0,762037000.0,-3000.0,3000.0,0.0,0.0,-12240000.0,12240000.0,0.0,0.0
04/12/2023,4180.0,4080.0,100.0,0.0245098,4080.0,4190.0,4060.0,336836.0,1387842560.0,0.0,0.0,336836.0,1387842560.0,0.0,0.0,0.0,0.0,0.0,0.0,0.0,0.0
01/12/2023,4080.0,4170.0,-90.0,-0.02158273,4290.0,4290.0,3950.0,418224.0,1687174080.0,0.0,0.0,418224.0,1687174080.0,-12900.0,12900.0,0.0,0.0,-51997000.0,51997000.0,0.0,0.0
30/11/2023,4170.0,4260.0,-90.0,-0.02112676,4500.0,4500.0,4170.0,417493.0,1831316340.0,0.0,0.0,417493.0,1831316340.0,0.0,0.0,0.0,0.0,0.0,0.0,0.0,0.0
29/11/2023,4260.0,3990.0,270.0,0.06766917,3970.0,4260.0,3970.0,941707.0,4006305670.0,0.0,0.0,941707.0,4006305670.0,15000.0,0.0,0.0,-15000.0,63900000.0,0.0,0.0,-63900000.0
28/11/2023,3990.0,4010.0,-20.0,-0.00498753,4010.0,4030.0,3940.0,208711.0,831857140.0,0.0,0.0,208711.0,831857140.0,-1500.0,1500.0,0.0,0.0,-5945000.0,5945000.0,0.0,0.0
27/11/2023,4010.0,4160.0,-150.0,-0.03605769,4100.0,4110.0,4010.0,183778.0,743074230.0,0.0,0.0,183778.0,743074230.0,-500.0,500.0,0.0,0.0,-2025000.0,2025000.0,0.0,0.0
24/11/2023,4160.0,4170.0,-10.0,-0.00239808,4120.0,4180.0,4080.0,326550.0,1349882500.0,0.0,0.0,326550.0,1349882500.0,-1000.0,1000.0,0.0,0.0,-4100000.0,4100000.0,0.0,0.0
23/11/2023,4170.0,4160.0,10.0,0.00240385,4160.0,4400.0,4110.0,630247.0,2682720760.0,0.0,0.0,630247.0,2682720760.0,0.0,0.0,0.0,0.0,0.0,0.0,0.0,0.0
22/11/2023,4160.0,4110.0,50.0,0.01216545,4180.0,4180.0,4070.0,212856.0,874035820.0,0.0,0.0,212856.0,874035820.0,0.0,0.0,0.0,0.0,0.0,0.0,0.0,0.0
21/11/2023,4110.0,4130.0,-20.0,-0.00484262,4190.0,4190.0,4080.0,125813.0,519239520.0,0.0,0.0,125813.0,519239520.0,-1000.0,1000.0,0.0,0.0,-4130000.0,4130000.0,0.0,0.0
20/11/2023,4130.0,4180.0,-50.0,-0.01196172,4040.0,4180.0,3910.0,195091.0,792882250.0,0.0,0.0,195091.0,792882250.0,-800.0,800.0,0.0,0.0,-3264000.0,3264000.0,0.0,0.0
17/11/2023,4180.0,4150.0,30.0,0.00722892,4160.0,4340.0,4080.0,675745.0,2828184830.0,0.0,0.0,675745.0,2828184830.0,-1600.0,1600.0,0.0,0.0,-6598000.0,6598000.0,0.0,0.0
16/11/2023,4150.0,4060.0,90.0,0.02216749,4060.0,4150.0,4060.0,191240.0,779764400.0,0.0,0.0,191240.0,779764400.0,-600.0,600.0,0.0,0.0,-2436000.0,2436000.0,0.0,0.0
15/11/2023,4060.0,4050.0,10.0,0.00246914,4120.0,4180.0,4060.0,273621.0,1123741110.0,0.0,0.0,273621.0,1123741110.0,-9500.0,9500.0,0.0,0.0,-39125000.0,39125000.0,0.0,0.0
14/11/2023,4050.0,4110.0,-60.0,-0.01459854,4160.0,4170.0,4040.0,220246.0,901134700.0,0.0,0.0,220246.0,901134700.0,-500.0,500.0,0.0,0.0,-2035000.0,2035000.0,0.0,0.0
13/11/2023,4110.0,4130.0,-20.0,-0.00484262,4190.0,4200.0,4100.0,213112.0,886724640.0,0.0,0.0,213112.0,886724640.0,-5900.0,5900.0,0.0,0.0,-24484000.0,24484000.0,0.0,0.0
10/11/2023,4130.0,4280.0,-150.0,-0.03504673,4060.0,4260.0,4060.0,322706.0,1337443780.0,0.0,0.0,322706.0,1337443780.0,-2100.0,2100.0,0.0,0.0,-8604000.0,8604000.0,0.0,0.0
09/11/2023,4280.0,4080.0,200.0,0.04901961,4090.0,4350.0,4060.0,606603.0,2537107270.0,0.0,0.0,606603.0,2537107270.0,-3600.0,3600.0,0.0,0.0,-14804000.0,14804000.0,0.0,0.0
08/11/2023,4080.0,3950.0,130.0,0.03291139,3950.0,4150.0,3830.0,168631.0,677361700.0,0.0,0.0,168631.0,677361700.0,0.0,0.0,0.0,0.0,0.0,0.0,0.0,0.0
07/11/2023,3950.0,3970.0,-20.0,-0.00503778,4000.0,4000.0,3910.0,122200.0,482633000.0,0.0,0.0,122200.0,482633000.0,0.0,0.0,0.0,0.0,0.0,0.0,0.0,0.0
06/11/2023,3970.0,3990.0,-20.0,-0.00501253,4020.0,4020.0,3940.0,70904.0,281257560.0,0.0,0.0,70904.0,281257560.0,0.0,0.0,0.0,0.0,0.0,0.0,0.0,0.0
03/11/2023,3990.0,4100.0,-110.0,-0.02682927,4200.0,4200.0,3980.0,144615.0,587930000.0,0.0,0.0,144615.0,587930000.0,0.0,0.0,0.0,0.0,0.0,0.0,0.0,0.0
02/11/2023,4100.0,3840.0,260.0,0.06770833,3900.0,4100.0,3850.0,193705.0,772094840.0,0.0,0.0,193705.0,772094840.0,0.0,0.0,0.0,0.0,0.0,0.0,0.0,0.0
01/11/2023,3840.0,3740.0,100.0,0.02673797,3560.0,3850.0,3560.0,101900.0,384920000.0,0.0,0.0,101900.0,384920000.0,0.0,0.0,0.0,0.0,0.0,0.0,0.0,0.0
31/10/2023,3740.0,3870.0,-130.0,-0.03359173,3850.0,3900.0,3720.0,172852.0,652655680.0,0.0,0.0,172852.0,652655680.0,0.0,0.0,0.0,0.0,0.0,0.0,0.0,0.0
30/10/2023,3870.0,3900.0,-30.0,-0.00769231,3910.0,3910.0,3760.0,118391.0,453701600.0,0.0,0.0,118391.0,453701600.0,-300.0,300.0,0.0,0.0,-1137000.0,1137000.0,0.0,0.0
27/10/2023,3900.0,3770.0,130.0,0.03448276,3770.0,3950.0,3600.0,210098.0,793228410.0,0.0,0.0,210098.0,793228410.0,0.0,0.0,0.0,0.0,0.0,0.0,0.0,0.0
26/10/2023,3770.0,4050.0,-280.0,-0.0691358,4000.0,4000.0,3770.0,636709.0,2417605200.0,0.0,0.0,636709.0,2417605200.0,0.0,0.0,0.0,0.0,0.0,0.0,0.0,0.0
25/10/2023,4050.0,4040.0,10.0,0.00247525,4040.0,4130.0,4030.0,399503.0,1625205110.0,0.0,0.0,399503.0,1625205110.0,-200.0,200.0,0.0,0.0,-812000.0,812000.0,0.0,0.0
24/10/2023,4040.0,4000.0,40.0,0.01,4020.0,4080.0,4000.0,222214.0,894197660.0,0.0,0.0,222214.0,894197660.0,0.0,0.0,0.0,0.0,0.0,0.0,0.0,0.0
23/10/2023,4000.0,4000.0,0.0,0.0,4000.0,4110.0,3910.0,250196.0,1006968960.0,0.0,0.0,250196.0,1006968960.0,0.0,0.0,0.0,0.0,0.0,0.0,0.0,0.0
20/10/2023,4000.0,3960.0,40.0,0.01010101,4000.0,4040.0,3700.0,514622.0,1985096700.0,0.0,0.0,514622.0,1985096700.0,-10300.0,10300.0,0.0,0.0,-39160000.0,39160000.0,0.0,0.0
19/10/2023,3960.0,4130.0,-170.0,-0.04116223,4180.0,4180.0,3900.0,351618.0,1398946170.0,0.0,0.0,351618.0,1398946170.0,-4000.0,4000.0,0.0,0.0,-15867000.0,15867000.0,0.0,0.0
18/10/2023,4130.0,4440.0,-310.0,-0.06981982,4440.0,4440.0,4130.0,816472.0,3414720200.0,0.0,0.0,816472.0,3414720200.0,15200.0,-15200.0,0.0,0.0,65291000.0,-65291000.0,0.0,0.0
17/10/2023,4440.0,4770.0,-330.0,-0.06918239,4780.0,4940.0,4440.0,331007.0,1546741590.0,0.0,0.0,331007.0,1546741590.0,53800.0,-53800.0,0.0,0.0,254377000.0,-254377000.0,0.0,0.0
16/10/2023,4770.0,4860.0,-90.0,-0.01851852,4880.0,5000.0,4770.0,355705.0,1711159960.0,0.0,0.0,355705.0,1711159960.0,0.0,0.0,0.0,0.0,0.0,0.0,0.0,0.0
13/10/2023,4860.0,5080.0,-220.0,-0.04330709,4970.0,5090.0,4850.0,557523.0,2746154210.0,0.0,0.0,557523.0,2746154210.0,0.0,0.0,0.0,0.0,0.0,0.0,0.0,0.0
12/10/2023,5080.0,5130.0,-50.0,-0.00974659,5130.0,5290.0,5010.0,243021.0,1230950980.0,0.0,0.0,243021.0,1230950980.0,0.0,0.0,0.0,0.0,0.0,0.0,0.0,0.0
11/10/2023,5130.0,4890.0,240.0,0.04907975,4950.0,5150.0,4800.0,468364.0,2341027420.0,0.0,0.0,468364.0,2341027420.0,-1800.0,1800.0,0.0,0.0,-9049000.0,9049000.0,0.0,0.0
10/10/2023,4890.0,4880.0,10.0,0.00204918,4990.0,5010.0,4880.0,427251.0,2108224890.0,0.0,0.0,427251.0,2108224890.0,200.0,-200.0,0.0,0.0,994000.0,-994000.0,0.0,0.0
09/10/2023,4880.0,4850.0,30.0,0.00618557,4860.0,4950.0,4760.0,455478.0,2207775670.0,0.0,0.0,455478.0,2207775670.0,-7000.0,7000.0,0.0,0.0,-33630000.0,33630000.0,0.0,0.0
06/10/2023,4850.0,5090.0,-240.0,-0.04715128,5090.0,5200.0,4790.0,709058.0,3443270520.0,0.0,0.0,709058.0,3443270520.0,1700.0,-1700.0,0.0,0.0,8178000.0,-8178000.0,0.0,0.0
05/10/2023,5090.0,5470.0,-380.0,-0.06946984,5470.0,5510.0,5090.0,945842.0,4845521700.0,0.0,0.0,945842.0,4845521700.0,-100.0,100.0,0.0,0.0,-502000.0,502000.0,0.0,0.0
04/10/2023,5470.0,5320.0,150.0,0.02819549,5320.0,5500.0,5160.0,451825.0,2411921470.0,0.0,0.0,451825.0,2411921470.0,0.0,0.0,0.0,0.0,0.0,0.0,0.0,0.0
03/10/2023,5320.0,5720.0,-400.0,-0.06993007,5320.0,5570.0,5320.0,1126362.0,6016531210.0,0.0,0.0,1126362.0,6016531210.0,700.0,-700.0,0.0,0.0,3766000.0,-3766000.0,0.0,0.0
02/10/2023,5720.0,5620.0,100.0,0.01779359,5620.0,5850.0,5620.0,399538.0,2264274200.0,0.0,0.0,399538.0,2264274200.0,500.0,-500.0,0.0,0.0,2851000.0,-2851000.0,0.0,0.0
29/09/2023,5620.0,5560.0,60.0,0.01079137,5560.0,5800.0,5400.0,774210.0,4330861740.0,0.0,0.0,774210.0,4330861740.0,600.0,-600.0,0.0,0.0,3408000.0,-3408000.0,0.0,0.0
28/09/2023,5560.0,5700.0,-140.0,-0.0245614,5700.0,5700.0,5450.0,382618.0,2115773530.0,0.0,0.0,382618.0,2115773530.0,45000.0,-45000.0,0.0,0.0,247791000.0,-247791000.0,0.0,0.0
27/09/2023,5700.0,5600.0,100.0,0.01785714,5330.0,5700.0,5210.0,939456.0,5012785540.0,0.0,0.0,939456.0,5012785540.0,5000.0,-5000.0,0.0,0.0,26560000.0,-26560000.0,0.0,0.0
26/09/2023,5600.0,6020.0,-420.0,-0.06976744,6020.0,6020.0,5600.0,1534875.0,8695033360.0,0.0,0.0,1534875.0,8695033360.0,-2100.0,2100.0,0.0,0.0,-12263000.0,12263000.0,0.0,0.0
25/09/2023,6020.0,6470.0,-450.0,-0.06955178,6520.0,6710.0,6020.0,1140390.0,7141559840.0,0.0,0.0,1140390.0,7141559840.0,900.0,-900.0,0.0,0.0,5753000.0,-5753000.0,0.0,0.0
22/09/2023,6470.0,6100.0,370.0,0.06065574,6100.0,6520.0,5920.0,1786505.0,11208349430.0,0.0,0.0,1786505.0,11208349430.0,1400.0,-500.0,0.0,-900.0,8544000.0,-3045000.0,0.0,-5499000.0
21/09/2023,6100.0,5710.0,390.0,0.06830123,6090.0,6100.0,5900.0,2284683.0,13924570130.0,0.0,0.0,2284683.0,13924570130.0,-2000.0,2500.0,0.0,-500.0,-11936000.0,14986000.0,0.0,-3050000.0
20/09/2023,5710.0,5340.0,370.0,0.06928839,5500.0,5710.0,5400.0,548774.0,3124506380.0,0.0,0.0,548774.0,3124506380.0,0.0,0.0,0.0,0.0,0.0,0.0,0.0,0.0
19/09/2023,5340.0,5740.0,-400.0,-0.06968641,5620.0,5690.0,5340.0,2511549.0,13440536830.0,0.0,0.0,2511549.0,13440536830.0,-100.0,100.0,0.0,0.0,-534000.0,534000.0,0.0,0.0
18/09/2023,5740.0,6170.0,-430.0,-0.06969206,6170.0,6170.0,5740.0,1808513.0,10444891200.0,0.0,0.0,1808513.0,10444891200.0,-200.0,200.0,0.0,0.0,-893000.0,893000.0,0.0,0.0
15/09/2023,6170.0,6110.0,60.0,0.00981997,6120.0,6460.0,5950.0,882943.0,5420136200.0,0.0,0.0,882943.0,5420136200.0,-800.0,800.0,0.0,0.0,-4905000.0,4905000.0,0.0,0.0
14/09/2023,6110.0,6200.0,-90.0,-0.01451613,6190.0,6210.0,5900.0,1582420.0,9561201100.0,0.0,0.0,1582420.0,9561201100.0,-10100.0,10100.0,0.0,0.0,-60752000.0,60752000.0,0.0,0.0
13/09/2023,6200.0,5800.0,400.0,0.06896552,5980.0,6200.0,5980.0,2505959.0,15503267800.0,0.0,0.0,2505959.0,15503267800.0,-62100.0,62100.0,0.0,0.0,-384571000.0,384571000.0,0.0,0.0
12/09/2023,5800.0,5560.0,240.0,0.04316547,5660.0,5800.0,5200.0,1304518.0,7219832480.0,0.0,0.0,1304518.0,7219832480.0,200.0,-200.0,0.0,0.0,1150000.0,-1150000.0,0.0,0.0
11/09/2023,5560.0,5510.0,50.0,0.0091,5890.0,5890.0,5150.0,4096402.0,23175035600.0,0.0,0.0,4096402.0,23175035600.0,4154.0,-4100.0,0.0,-54.0,36961880.0,-36653000.0,0.0,-308880.0
08/09/2023,5510.0,5150.0,360.0,0.06990291,5510.0,5510.0,5510.0,463984.0,2556551840.0,0.0,0.0,463984.0,2556551840.0,50050.0,-50000.0,0.0,-50.0,275775500.0,-275500000.0,0.0,-275500.0
07/09/2023,5150.0,4820.0,330.0,0.06846473,5150.0,5150.0,5120.0,2004655.0,10322608100.0,0.0,0.0,2004655.0,10322608100.0,160800.0,-160800.0,0.0,0.0,828120000.0,-828120000.0,0.0,0.0
06/09/2023,4820.0,4510.0,310.0,0.06873614,4820.0,4820.0,4820.0,678944.0,3272510080.0,0.0,0.0,678944.0,3272510080.0,0.0,0.0,0.0,0.0,0.0,0.0,0.0,0.0
05/09/2023,4510.0,4220.0,290.0,0.06872038,4220.0,4510.0,4220.0,819411.0,3610699750.0,0.0,0.0,819411.0,3610699750.0,0.0,0.0,0.0,0.0,0.0,0.0,0.0,0.0
31/08/2023,4220.0,4210.0,10.0,0.0023753,4260.0,4260.0,4150.0,182084.0,764225800.0,0.0,0.0,182084.0,764225800.0,0.0,0.0,0.0,0.0,0.0,0.0,0.0,0.0
30/08/2023,4210.0,4200.0,10.0,0.00238095,4250.0,4250.0,4150.0,136530.0,572876990.0,0.0,0.0,136530.0,572876990.0,0.0,0.0,0.0,0.0,0.0,0.0,0.0,0.0
29/08/2023,4200.0,4200.0,0.0,0.0,4200.0,4290.0,4160.0,253673.0,1066963590.0,0.0,0.0,253673.0,1066963590.0,0.0,0.0,0.0,0.0,0.0,0.0,0.0,0.0
28/08/2023,4200.0,4200.0,0.0,0.0,4260.0,4260.0,4160.0,65319.0,274701300.0,0.0,0.0,65319.0,274701300.0,0.0,0.0,0.0,0.0,0.0,0.0,0.0,0.0
25/08/2023,4200.0,4200.0,0.0,0.0,4190.0,4280.0,4170.0,96922.0,408875280.0,0.0,0.0,96922.0,408875280.0,0.0,0.0,0.0,0.0,0.0,0.0,0.0,0.0
24/08/2023,4200.0,4200.0,0.0,0.0,4200.0,4270.0,4130.0,156550.0,654465510.0,0.0,0.0,156550.0,654465510.0,0.0,0.0,0.0,0.0,0.0,0.0,0.0,0.0
23/08/2023,4200.0,4120.0,80.0,0.01941748,4000.0,4220.0,4000.0,162297.0,669279930.0,0.0,0.0,162297.0,669279930.0,0.0,0.0,0.0,0.0,0.0,0.0,0.0,0.0
22/08/2023,4120.0,4060.0,60.0,0.01477833,4210.0,4240.0,3930.0,733570.0,3028931770.0,0.0,0.0,733570.0,3028931770.0,100.0,-100.0,0.0,0.0,415000.0,-415000.0,0.0,0.0
21/08/2023,4060.0,4360.0,-300.0,-0.06880734,4200.0,4350.0,4060.0,280140.0,1158274600.0,0.0,0.0,280140.0,1158274600.0,4100.0,-4100.0,0.0,0.0,17136000.0,-17136000.0,0.0,0.0
18/08/2023,4360.0,4680.0,-320.0,-0.0684,4650.0,4650.0,4360.0,724180.0,3205440050.0,0.0,0.0,724180.0,3205440050.0,26000.0,-26000.0,0.0,0.0,116988000.0,-116988000.0,0.0,0.0
17/08/2023,4680.0,4710.0,-30.0,-0.00636943,4700.0,4770.0,4640.0,279853.0,1314103270.0,0.0,0.0,279853.0,1314103270.0,0.0,0.0,0.0,0.0,0.0,0.0,0.0,0.0
16/08/2023,4710.0,4720.0,-10.0,-0.00211864,4720.0,4750.0,4650.0,294612.0,1385722260.0,0.0,0.0,294612.0,1385722260.0,10000.0,-10000.0,0.0,0.0,47100000.0,-47100000.0,0.0,0.0
15/08/2023,4720.0,4720.0,0.0,0.0,4780.0,4900.0,4700.0,350256.0,1663982120.0,0.0,0.0,350256.0,1663982120.0,60.0,-60.0,0.0,0.0,268300.0,-268300.0,0.0,0.0
14/08/2023,4720.0,4640.0,80.0,0.01724138,4620.0,4780.0,4620.0,401162.0,1885396780.0,0.0,0.0,401162.0,1885396780.0,51000.0,-51000.0,0.0,0.0,238962000.0,-238962000.0,0.0,0.0
11/08/2023,4640.0,4680.0,-40.0,-0.00854701,4680.0,4780.0,4500.0,484800.0,2236286730.0,0.0,0.0,484800.0,2236286730.0,0.0,0.0,0.0,0.0,0.0,0.0,0.0,0.0
10/08/2023,4680.0,4820.0,-140.0,-0.02904564,4840.0,4990.0,4680.0,810584.0,3892134520.0,0.0,0.0,810584.0,3892134520.0,0.0,0.0,0.0,0.0,0.0,0.0,0.0,0.0
09/08/2023,4820.0,4860.0,-40.0,-0.00823045,4990.0,5100.0,4800.0,676377.0,3341329750.0,0.0,0.0,676377.0,3341329750.0,100.0,-100.0,0.0,0.0,488000.0,-488000.0,0.0,0.0
08/08/2023,4860.0,4560.0,300.0,0.06578947,4560.0,4870.0,4560.0,1573618.0,7464174960.0,0.0,0.0,1573618.0,7464174960.0,98000.0,-98000.0,0.0,0.0,467224000.0,-467224000.0,0.0,0.0
07/08/2023,4560.0,4540.0,20.0,0.00440529,4550.0,4680.0,4510.0,434142.0,1986510130.0,0.0,0.0,434142.0,1986510130.0,64200.0,-64200.0,0.0,0.0,291778000.0,-291778000.0,0.0,0.0
04/08/2023,4540.0,4440.0,100.0,0.02252252,4500.0,4550.0,4450.0,512645.0,2310423500.0,0.0,0.0,512645.0,2310423500.0,0.0,0.0,0.0,0.0,0.0,0.0,0.0,0.0
03/08/2023,4440.0,4440.0,0.0,0.0,4440.0,4560.0,4430.0,464478.0,2083588170.0,0.0,0.0,464478.0,2083588170.0,0.0,0.0,0.0,0.0,0.0,0.0,0.0,0.0
02/08/2023,4440.0,4480.0,-40.0,-0.00892857,4500.0,4510.0,4400.0,354634.0,1580379200.0,0.0,0.0,354634.0,1580379200.0,0.0,0.0,0.0,0.0,1000.0,-1000.0,0.0,0.0
01/08/2023,4480.0,4600.0,-120.0,-0.02608696,4650.0,4650.0,4480.0,557624.0,2519185400.0,0.0,0.0,557624.0,2519185400.0,0.0,0.0,0.0,0.0,0.0,0.0,0.0,0.0
31/07/2023,4600.0,4610.0,-10.0,-0.0021692,4700.0,4750.0,4580.0,368230.0,1701181430.0,0.0,0.0,368230.0,1701181430.0,-400.0,400.0,0.0,0.0,-1836000.0,1836000.0,0.0,0.0
28/07/2023,4610.0,4530.0,80.0,0.0177,4530.0,4660.0,4530.0,921407.0,4239996480.0,0.0,0.0,921407.0,4239996480.0,0.0,0.0,0.0,0.0,0.0,0.0,0.0,0.0
27/07/2023,4530.0,4400.0,130.0,0.02954545,4480.0,4620.0,4390.0,578261.0,2594033390.0,0.0,0.0,578261.0,2594033390.0,0.0,0.0,0.0,0.0,0.0,0.0,0.0,0.0
26/07/2023,4400.0,4400.0,0.0,0.0,4410.0,4510.0,4400.0,249075.0,1107172250.0,0.0,0.0,249075.0,1107172250.0,0.0,0.0,0.0,0.0,0.0,0.0,0.0,0.0
25/07/2023,4400.0,4580.0,-180.0,-0.03930131,4580.0,4620.0,4400.0,355401.0,1604488600.0,0.0,0.0,355401.0,1604488600.0,-100.0,100.0,0.0,0.0,-457000.0,457000.0,0.0,0.0
24/07/2023,4580.0,4500.0,80.0,0.01777778,4420.0,4690.0,4420.0,575659.0,2603242620.0,0.0,0.0,575659.0,2603242620.0,0.0,0.0,0.0,0.0,0.0,0.0,0.0,0.0
21/07/2023,4500.0,4300.0,200.0,0.04651163,4300.0,4540.0,4250.0,478225.0,2104438780.0,0.0,0.0,478225.0,2104438780.0,-26400.0,26400.0,0.0,0.0,-119580000.0,119580000.0,0.0,0.0
20/07/2023,4300.0,4300.0,0.0,0.0,4380.0,4380.0,4180.0,206158.0,875703360.0,0.0,0.0,206158.0,875703360.0,0.0,0.0,0.0,0.0,0.0,0.0,0.0,0.0
19/07/2023,4300.0,4350.0,-50.0,-0.01149425,4300.0,4390.0,4270.0,305670.0,1318155300.0,0.0,0.0,305670.0,1318155300.0,0.0,0.0,0.0,0.0,0.0,0.0,0.0,0.0
18/07/2023,4350.0,4380.0,-30.0,-0.00684932,4410.0,4450.0,4300.0,232853.0,1020478420.0,0.0,0.0,232853.0,1020478420.0,0.0,0.0,0.0,0.0,0.0,0.0,0.0,0.0
17/07/2023,4380.0,4280.0,100.0,0.0234,4350.0,4440.0,4340.0,330652.0,1447668230.0,0.0,0.0,330652.0,1447668230.0,3100.0,-3100.0,0.0,0.0,13455000.0,-13455000.0,0.0,0.0
14/07/2023,4280.0,4230.0,50.0,0.01182033,4240.0,4370.0,4230.0,362969.0,1555685440.0,0.0,0.0,362969.0,1555685440.0,0.0,0.0,0.0,0.0,0.0,0.0,0.0,0.0
13/07/2023,4230.0,4200.0,30.0,0.00714286,4280.0,4350.0,4200.0,191335.0,815902200.0,0.0,0.0,191335.0,815902200.0,0.0,0.0,0.0,0.0,0.0,0.0,0.0,0.0
12/07/2023,4200.0,4290.0,-90.0,-0.02097902,4300.0,4350.0,4180.0,362856.0,1534254850.0,0.0,0.0,362856.0,1534254850.0,0.0,0.0,0.0,0.0,0.0,0.0,0.0,0.0
11/07/2023,4290.0,4370.0,-80.0,-0.01830664,4340.0,4400.0,4280.0,372931.0,1611787920.0,0.0,0.0,372931.0,1611787920.0,0.0,0.0,0.0,0.0,0.0,0.0,0.0,0.0
10/07/2023,4370.0,4260.0,110.0,0.0258216,4260.0,4370.0,4260.0,235816.0,1021028680.0,0.0,0.0,235816.0,1021028680.0,7700.0,-1000.0,0.0,-6700.0,32892000.0,-4350000.0,0.0,-28542000.0
07/07/2023,4260.0,4220.0,40.0,0.00947867,4120.0,4300.0,4120.0,362751.0,1523684010.0,0.0,0.0,362751.0,1523684010.0,0.0,0.0,0.0,0.0,0.0,0.0,0.0,0.0
06/07/2023,4220.0,4460.0,-240.0,-0.05381166,4440.0,4450.0,4220.0,345140.0,1481515000.0,0.0,0.0,345140.0,1481515000.0,0.0,0.0,0.0,0.0,0.0,0.0,0.0,0.0
05/07/2023,4460.0,4520.0,-60.0,-0.01327434,4520.0,4550.0,4400.0,275025.0,1230188120.0,0.0,0.0,275025.0,1230188120.0,100.0,-100.0,0.0,0.0,450000.0,-450000.0,0.0,0.0
04/07/2023,4520.0,4300.0,220.0,0.05116279,4300.0,4550.0,4220.0,567316.0,2471737460.0,0.0,0.0,567316.0,2471737460.0,4000.0,-4000.0,0.0,0.0,18020000.0,-18020000.0,0.0,0.0
03/07/2023,4300.0,4360.0,-60.0,-0.01376147,4360.0,4470.0,4300.0,383252.0,1671587190.0,0.0,0.0,383252.0,1671587190.0,0.0,0.0,0.0,0.0,0.0,0.0,0.0,0.0
30/06/2023,4360.0,4470.0,-110.0,-0.0246085,4590.0,4590.0,4250.0,217997.0,952255940.0,0.0,0.0,217997.0,952255940.0,0.0,0.0,0.0,0.0,0.0,0.0,0.0,0.0
29/06/2023,4470.0,4470.0,0.0,0.0,4490.0,4500.0,4200.0,686056.0,2974311690.0,0.0,0.0,686056.0,2974311690.0,0.0,0.0,0.0,0.0,0.0,0.0,0.0,0.0
28/06/2023,4470.0,4800.0,-330.0,-0.06875,4820.0,4940.0,4470.0,1302399.0,5947464940.0,0.0,0.0,1302399.0,5947464940.0,-100.0,100.0,0.0,0.0,-482000.0,482000.0,0.0,0.0
27/06/2023,4800.0,5000.0,-200.0,-0.04,5080.0,5090.0,4800.0,360411.0,1770761390.0,0.0,0.0,360411.0,1770761390.0,100.0,-100.0,0.0,0.0,487000.0,-487000.0,0.0,0.0
26/06/2023,5000.0,4820.0,180.0,0.0373444,5150.0,5150.0,4700.0,3225620.0,16208076260.0,0.0,0.0,3225620.0,16208076260.0,600.0,-600.0,0.0,0.0,3062000.0,-3062000.0,0.0,0.0
23/06/2023,4820.0,4510.0,310.0,0.06873614,4820.0,4820.0,4820.0,517202.0,2492913640.0,0.0,0.0,517202.0,2492913640.0,530.0,0.0,0.0,-530.0,2554600.0,0.0,0.0,-2554600.0
22/06/2023,4510.0,4220.0,290.0,0.06872038,4510.0,4510.0,4510.0,499150.0,2251166500.0,0.0,0.0,499150.0,2251166500.0,1300.0,-800.0,0.0,-500.0,5863000.0,-3608000.0,0.0,-2255000.0
21/06/2023,4220.0,4100.0,120.0,0.02926829,4100.0,4240.0,4070.0,273200.0,1134383890.0,0.0,0.0,273200.0,1134383890.0,-600.0,600.0,0.0,0.0,-2478000.0,2478000.0,0.0,0.0
20/06/2023,4100.0,3920.0,180.0,0.04591837,4000.0,4140.0,3970.0,285200.0,1156470000.0,0.0,0.0,285200.0,1156470000.0,0.0,0.0,0.0,0.0,0.0,0.0,0.0,0.0
19/06/2023,3920.0,4200.0,-280.0,-0.06666667,4180.0,4180.0,3910.0,891156.0,3575714880.0,0.0,0.0,891156.0,3575714880.0,0.0,0.0,0.0,0.0,0.0,0.0,0.0,0.0
16/06/2023,4200.0,4460.0,-260.0,-0.05829596,4500.0,4550.0,4200.0,625296.0,2734930400.0,0.0,0.0,625296.0,2734930400.0,600.0,-600.0,0.0,0.0,2670000.0,-2670000.0,0.0,0.0
15/06/2023,4460.0,4600.0,-140.0,-0.03043478,4700.0,4700.0,4400.0,452202.0,2037515340.0,0.0,0.0,452202.0,2037515340.0,0.0,0.0,0.0,0.0,0.0,0.0,0.0,0.0
14/06/2023,4600.0,4720.0,-120.0,-0.02542373,5050.0,5050.0,4600.0,1220355.0,5815976260.0,0.0,0.0,1220355.0,5815976260.0,206.0,-206.0,0.0,0.0,956680.0,-956680.0,0.0,0.0
13/06/2023,4720.0,4420.0,300.0,0.0678733,4720.0,4720.0,4720.0,631090.0,2978744800.0,0.0,0.0,631090.0,2978744800.0,130.0,-100.0,0.0,-30.0,613601.0,-472000.0,0.0,-141600.0
12/06/2023,4420.0,4140.0,280.0,0.06763285,4250.0,4420.0,4150.0,896789.0,3921175860.0,0.0,0.0,896789.0,3921175860.0,50.0,0.0,0.0,-50.0,217000.0,0.0,0.0,-217000.0
09/06/2023,4140.0,4120.0,20.0,0.00485437,4280.0,4280.0,4050.0,471482.0,1951430970.0,0.0,0.0,471482.0,1951430970.0,1083.0,-1083.0,0.0,0.0,4612800.0,-4612800.0,0.0,0.0
08/06/2023,4120.0,4380.0,-260.0,-0.05936073,4520.0,4520.0,4080.0,675541.0,2933681580.0,0.0,0.0,675541.0,2933681580.0,1530.0,-1000.0,0.0,-530.0,6840400.0,-4460000.0,0.0,-2380400.0
07/06/2023,4380.0,4200.0,180.0,0.04285714,4250.0,4390.0,4000.0,640391.0,2752142230.0,0.0,0.0,640391.0,2752142230.0,5030.0,-5000.0,0.0,-30.0,21519900.0,-21390000.0,0.0,-129900.0
06/06/2023,4200.0,4060.0,140.0,0.03448276,4120.0,4200.0,4080.0,315746.0,1307124180.0,0.0,0.0,315746.0,1307124180.0,3200.0,-3200.0,0.0,0.0,13390000.0,-13390000.0,0.0,0.0
05/06/2023,4060.0,4000.0,60.0,0.015,4080.0,4190.0,4000.0,577642.0,2355141980.0,0.0,0.0,577642.0,2355141980.0,3530.0,-3500.0,0.0,-30.0,14417100.0,-14295000.0,0.0,-122100.0
02/06/2023,4000.0,4210.0,-210.0,-0.04988124,4300.0,4300.0,3920.0,686094.0,2809352780.0,0.0,0.0,686094.0,2809352780.0,1600.0,-1600.0,0.0,0.0,6843000.0,-6843000.0,0.0,0.0
01/06/2023,4210.0,3940.0,270.0,0.06852792,3950.0,4210.0,3950.0,1302831.0,5446249460.0,0.0,0.0,1302831.0,5446249460.0,5450.0,-5400.0,0.0,-50.0,22957200.0,-22748000.0,0.0,-209200.0
31/05/2023,3940.0,3760.0,180.0,0.04787234,3760.0,3970.0,3760.0,605354.0,2361129270.0,0.0,0.0,605354.0,2361129270.0,20.0,0.0,0.0,-20.0,77400.0,0.0,0.0,-77400.0
30/05/2023,3760.0,3750.0,10.0,0.00266667,3900.0,3910.0,3690.0,358974.0,1355918480.0,0.0,0.0,358974.0,1355918480.0,230.0,-200.0,0.0,-30.0,877000.0,-763000.0,0.0,-114000.0
29/05/2023,3750.0,3510.0,240.0,0.06837607,3580.0,3750.0,3580.0,538533.0,1988515550.0,0.0,0.0,538533.0,1988515550.0,630.0,-600.0,0.0,-30.0,2361300.0,-2250000.0,0.0,-111300.0
26/05/2023,3510.0,3490.0,20.0,0.00573066,3490.0,3630.0,3490.0,238349.0,846248950.0,0.0,0.0,238349.0,846248950.0,-200.0,200.0,0.0,0.0,-710000.0,710000.0,0.0,0.0
25/05/2023,3490.0,3500.0,-10.0,-0.00285714,3500.0,3550.0,3460.0,105300.0,368130000.0,0.0,0.0,105300.0,368130000.0,0.0,0.0,0.0,0.0,0.0,0.0,0.0,0.0
24/05/2023,3500.0,3560.0,-60.0,-0.01685393,3530.0,3580.0,3500.0,207726.0,735497500.0,0.0,0.0,207726.0,735497500.0,0.0,0.0,0.0,0.0,0.0,0.0,0.0,0.0
23/05/2023,3560.0,3550.0,10.0,0.0028169,3550.0,3600.0,3520.0,56100.0,198719000.0,0.0,0.0,56100.0,198719000.0,0.0,0.0,0.0,0.0,0.0,0.0,0.0,0.0
22/05/2023,3550.0,3510.0,40.0,0.01139601,3670.0,3670.0,3540.0,91330.0,328377000.0,0.0,0.0,91330.0,328377000.0,124.0,-100.0,0.0,-24.0,445400.0,-359000.0,0.0,-86400.0
19/05/2023,3510.0,3600.0,-90.0,-0.025,3650.0,3650.0,3510.0,64706.0,229133620.0,0.0,0.0,64706.0,229133620.0,0.0,0.0,0.0,0.0,0.0,0.0,0.0,0.0
18/05/2023,3600.0,3610.0,-10.0,-0.00277008,3650.0,3650.0,3550.0,100931.0,361648770.0,0.0,0.0,100931.0,361648770.0,0.0,0.0,0.0,0.0,0.0,0.0,0.0,0.0
17/05/2023,3610.0,3600.0,10.0,0.00277778,3600.0,3670.0,3600.0,179601.0,650595700.0,196000.0,656600000.0,375601.0,1307195700.0,600.0,-600.0,0.0,0.0,2182000.0,-2182000.0,0.0,0.0
16/05/2023,3600.0,3640.0,-40.0,-0.01098901,3700.0,3700.0,3580.0,133504.0,484090520.0,0.0,0.0,133504.0,484090520.0,0.0,0.0,0.0,0.0,0.0,0.0,0.0,0.0
15/05/2023,3640.0,3570.0,70.0,0.01960784,3600.0,3690.0,3580.0,267781.0,979408780.0,0.0,0.0,267781.0,979408780.0,700.0,-700.0,0.0,0.0,2548000.0,-2548000.0,0.0,0.0
12/05/2023,3570.0,3600.0,-30.0,-0.00833333,3600.0,3660.0,3500.0,271780.0,976153000.0,0.0,0.0,271780.0,976153000.0,-100.0,100.0,0.0,0.0,-365000.0,365000.0,0.0,0.0
11/05/2023,3600.0,3600.0,0.0,0.0,3680.0,3700.0,3590.0,344059.0,1245222000.0,0.0,0.0,344059.0,1245222000.0,700.0,-700.0,0.0,0.0,2535000.0,-2535000.0,0.0,0.0
10/05/2023,3600.0,3740.0,-140.0,-0.03743316,3750.0,3800.0,3520.0,382560.0,1424911000.0,0.0,0.0,382560.0,1424911000.0,3742.0,-3700.0,0.0,-42.0,14104760.0,-13946000.0,0.0,-158760.0
09/05/2023,3740.0,3590.0,150.0,0.04178273,3650.0,3800.0,3610.0,343770.0,1275565150.0,0.0,0.0,343770.0,1275565150.0,-9150.0,9200.0,0.0,-50.0,-33402000.0,33587000.0,0.0,-185000.0
08/05/2023,3590.0,3360.0,230.0,0.06845238,3400.0,3590.0,3360.0,314500.0,1086813490.0,0.0,0.0,314500.0,1086813490.0,250.0,-200.0,0.0,-50.0,897500.0,-718000.0,0.0,-179500.0
05/05/2023,3360.0,3370.0,-10.0,-0.00296736,3400.0,3400.0,3300.0,30300.0,101678000.0,0.0,0.0,30300.0,101678000.0,0.0,0.0,0.0,0.0,0.0,0.0,0.0,0.0
04/05/2023,3370.0,3410.0,-40.0,-0.01173021,3410.0,3410.0,3370.0,42659.0,144780030.0,0.0,0.0,42659.0,144780030.0,0.0,0.0,0.0,0.0,0.0,0.0,0.0,0.0
28/04/2023,3410.0,3400.0,10.0,0.00294118,3360.0,3480.0,3340.0,164000.0,558413000.0,0.0,0.0,164000.0,558413000.0,200.0,-200.0,0.0,0.0,689000.0,-689000.0,0.0,0.0
27/04/2023,3400.0,3430.0,-30.0,-0.00874636,3480.0,3480.0,3200.0,26927.0,90402100.0,64000.0,204160000.0,90927.0,294562100.0,400.0,-400.0,0.0,0.0,1336000.0,-1336000.0,0.0,0.0
26/04/2023,3430.0,3410.0,20.0,0.0058651,3410.0,3440.0,3340.0,62100.0,209712000.0,0.0,0.0,62100.0,209712000.0,100.0,-100.0,0.0,0.0,334000.0,-334000.0,0.0,0.0
25/04/2023,3410.0,3440.0,-30.0,-0.00872093,3500.0,3500.0,3390.0,78473.0,266843360.0,0.0,0.0,78473.0,266843360.0,0.0,0.0,0.0,0.0,0.0,0.0,0.0,0.0
24/04/2023,3440.0,3390.0,50.0,0.01474926,3400.0,3450.0,3360.0,33300.0,113138000.0,0.0,0.0,33300.0,113138000.0,200.0,-200.0,0.0,0.0,675000.0,-675000.0,0.0,0.0
21/04/2023,3390.0,3450.0,-60.0,-0.0173913,3500.0,3500.0,3390.0,101300.0,345022000.0,0.0,0.0,101300.0,345022000.0,500.0,-500.0,0.0,0.0,1722000.0,-1722000.0,0.0,0.0
20/04/2023,3450.0,3470.0,-20.0,-0.00576369,3470.0,3600.0,3430.0,91800.0,324319000.0,0.0,0.0,91800.0,324319000.0,-49900.0,49900.0,0.0,0.0,-178942000.0,178942000.0,0.0,0.0
19/04/2023,3470.0,3530.0,-60.0,-0.01699717,3510.0,3600.0,3470.0,17301.0,60632630.0,0.0,0.0,17301.0,60632630.0,-200.0,200.0,0.0,0.0,-702000.0,702000.0,0.0,0.0
18/04/2023,3530.0,3480.0,50.0,0.01436782,3500.0,3560.0,3440.0,24419.0,85458960.0,0.0,0.0,24419.0,85458960.0,-300.0,300.0,0.0,0.0,-1059000.0,1059000.0,0.0,0.0
17/04/2023,3480.0,3450.0,30.0,0.00869565,3470.0,3480.0,3370.0,98416.0,338422130.0,0.0,0.0,98416.0,338422130.0,-50900.0,50900.0,0.0,0.0,-176743000.0,176743000.0,0.0,0.0
14/04/2023,3450.0,3700.0,-250.0,-0.06756757,3700.0,3700.0,3450.0,358243.0,1257771650.0,0.0,0.0,358243.0,1257771650.0,-4800.0,4800.0,0.0,0.0,-16477000.0,16477000.0,0.0,0.0
13/04/2023,3700.0,3880.0,-180.0,-0.04639175,3730.0,3850.0,3700.0,115315.0,430042240.0,0.0,0.0,115315.0,430042240.0,100.0,-100.0,0.0,0.0,378000.0,-378000.0,0.0,0.0
12/04/2023,3880.0,3850.0,30.0,0.00779221,3800.0,3880.0,3690.0,355984.0,1346635900.0,0.0,0.0,355984.0,1346635900.0,-149400.0,149400.0,0.0,0.0,-573662001.0,573662000.0,0.0,0.0
11/04/2023,3850.0,3880.0,-30.0,-0.00773196,3890.0,3900.0,3740.0,131753.0,500000610.0,0.0,0.0,131753.0,500000610.0,1300.0,-1300.0,0.0,0.0,4971000.0,-4971000.0,0.0,0.0
10/04/2023,3880.0,3690.0,190.0,0.05149051,3690.0,3940.0,3690.0,570117.0,2195956810.0,0.0,0.0,570117.0,2195956810.0,-1200.0,1200.0,0.0,0.0,-4637000.0,4637000.0,0.0,0.0
07/04/2023,3690.0,3680.0,10.0,0.00271739,3770.0,3790.0,3540.0,157312.0,576010520.0,0.0,0.0,157312.0,576010520.0,-200.0,200.0,0.0,0.0,-724000.0,724000.0,0.0,0.0
06/04/2023,3680.0,3640.0,40.0,0.01098901,3720.0,3850.0,3640.0,324017.0,1214637450.0,0.0,0.0,324017.0,1214637450.0,400.0,-400.0,0.0,0.0,1569000.0,-1569000.0,0.0,0.0
05/04/2023,3640.0,3410.0,230.0,0.06744868,3410.0,3640.0,3410.0,370220.0,1341046200.0,0.0,0.0,370220.0,1341046200.0,1000.0,0.0,0.0,-1000.0,3640000.0,0.0,0.0,-3640000.0
04/04/2023,3410.0,3400.0,10.0,0.00294118,3400.0,3440.0,3360.0,79100.0,268505000.0,0.0,0.0,79100.0,268505000.0,300.0,-300.0,0.0,0.0,1024000.0,-1024000.0,0.0,0.0
03/04/2023,3400.0,3320.0,80.0,0.02409639,3360.0,3450.0,3350.0,153028.0,521505320.0,0.0,0.0,153028.0,521505320.0,1800.0,-1800.0,0.0,0.0,6147000.0,-6147000.0,0.0,0.0
31/03/2023,3320.0,3360.0,-40.0,-0.01190476,3400.0,3400.0,3310.0,37904.0,126651640.0,0.0,0.0,37904.0,126651640.0,-300.0,300.0,0.0,0.0,-1000000.0,1000000.0,0.0,0.0
30/03/2023,3360.0,3380.0,-20.0,-0.00591716,3380.0,3410.0,3350.0,41601.0,140773400.0,0.0,0.0,41601.0,140773400.0,700.0,-700.0,0.0,0.0,2348000.0,-2348000.0,0.0,0.0
29/03/2023,3380.0,3380.0,0.0,0.0,3380.0,3380.0,3330.0,35200.0,118431000.0,0.0,0.0,35200.0,118431000.0,1100.0,-1100.0,0.0,0.0,3712000.0,-3712000.0,0.0,0.0
28/03/2023,3380.0,3400.0,-20.0,-0.00588235,3400.0,3460.0,3320.0,110452.0,373790800.0,0.0,0.0,110452.0,373790800.0,0.0,0.0,0.0,0.0,0.0,0.0,0.0,0.0
27/03/2023,3400.0,3360.0,40.0,0.01190476,3330.0,3400.0,3300.0,66130.0,221625000.0,0.0,0.0,66130.0,221625000.0,1300.0,-1300.0,0.0,0.0,4351000.0,-4351000.0,0.0,0.0
24/03/2023,3360.0,3360.0,0.0,0.0,3360.0,3400.0,3220.0,55015.0,182838250.0,0.0,0.0,55015.0,182838250.0,-200.0,200.0,0.0,0.0,-664000.0,664000.0,0.0,0.0
23/03/2023,3360.0,3300.0,60.0,0.01818182,3300.0,3380.0,3260.0,26937.0,90001100.0,0.0,0.0,26937.0,90001100.0,-1000.0,1000.0,0.0,0.0,-3288000.0,3288000.0,0.0,0.0
22/03/2023,3300.0,3320.0,-20.0,-0.0060241,3330.0,3330.0,3290.0,144500.0,478258000.0,0.0,0.0,144500.0,478258000.0,-400.0,400.0,0.0,0.0,-1329000.0,1329000.0,0.0,0.0
21/03/2023,3320.0,3330.0,-10.0,-0.003003,3330.0,3340.0,3230.0,73400.0,242469000.0,0.0,0.0,73400.0,242469000.0,400.0,-400.0,0.0,0.0,1297000.0,-1297000.0,0.0,0.0
20/03/2023,3330.0,3420.0,-90.0,-0.02631579,3420.0,3450.0,3300.0,104827.0,355890340.0,0.0,0.0,104827.0,355890340.0,57100.0,-57100.0,0.0,0.0,195850000.0,-195850000.0,0.0,0.0
17/03/2023,3420.0,3540.0,-120.0,-0.03389831,3600.0,3600.0,3400.0,62200.0,216210000.0,0.0,0.0,62200.0,216210000.0,700.0,-700.0,0.0,0.0,2479000.0,-2479000.0,0.0,0.0
16/03/2023,3540.0,3450.0,90.0,0.02608696,3490.0,3680.0,3240.0,437800.0,1459263000.0,0.0,0.0,437800.0,1459263000.0,-1000.0,1000.0,0.0,0.0,-3381000.0,3381000.0,0.0,0.0
15/03/2023,3450.0,3380.0,70.0,0.02071006,3500.0,3500.0,3400.0,170300.0,585182000.0,0.0,0.0,170300.0,585182000.0,600.0,-600.0,0.0,0.0,2064000.0,-2064000.0,0.0,0.0
14/03/2023,3380.0,3440.0,-60.0,-0.01744186,3440.0,3440.0,3250.0,161400.0,534753000.0,0.0,0.0,161400.0,534753000.0,-200.0,200.0,0.0,0.0,-686000.0,686000.0,0.0,0.0
13/03/2023,3440.0,3450.0,-10.0,-0.00289855,3270.0,3530.0,3270.0,102400.0,346660000.0,0.0,0.0,102400.0,346660000.0,0.0,0.0,0.0,0.0,11000.0,-11000.0,0.0,0.0
10/03/2023,3450.0,3480.0,-30.0,-0.00862069,3480.0,3500.0,3390.0,70901.0,242284410.0,0.0,0.0,70901.0,242284410.0,100.0,-100.0,0.0,0.0,345000.0,-345000.0,0.0,0.0
09/03/2023,3480.0,3450.0,30.0,0.00869565,3490.0,3490.0,3380.0,67400.0,231236000.0,0.0,0.0,67400.0,231236000.0,-200.0,200.0,0.0,0.0,-694000.0,694000.0,0.0,0.0
08/03/2023,3450.0,3440.0,10.0,0.00290698,3440.0,3480.0,3350.0,136500.0,463114000.0,0.0,0.0,136500.0,463114000.0,-200.0,200.0,0.0,0.0,-675000.0,675000.0,0.0,0.0
07/03/2023,3440.0,3380.0,60.0,0.01775148,3370.0,3440.0,3330.0,68307.0,231304380.0,0.0,0.0,68307.0,231304380.0,700.0,-700.0,0.0,0.0,2339000.0,-2339000.0,0.0,0.0
06/03/2023,3380.0,3330.0,50.0,0.01501502,3330.0,3500.0,3330.0,143516.0,486476340.0,0.0,0.0,143516.0,486476340.0,100.0,-100.0,0.0,0.0,336000.0,-336000.0,0.0,0.0
03/03/2023,3330.0,3380.0,-50.0,-0.0147929,3330.0,3490.0,3300.0,61945.0,208121750.0,0.0,0.0,61945.0,208121750.0,0.0,0.0,0.0,0.0,0.0,0.0,0.0,0.0
02/03/2023,3380.0,3400.0,-20.0,-0.00588235,3380.0,3420.0,3300.0,111654.0,375309050.0,0.0,0.0,111654.0,375309050.0,-4100.0,4100.0,0.0,0.0,-13820000.0,13820000.0,0.0,0.0
01/03/2023,3400.0,3330.0,70.0,0.02102102,3300.0,3400.0,3200.0,212404.0,694657230.0,0.0,0.0,212404.0,694657230.0,-1100.0,1100.0,0.0,0.0,-3621000.0,3621000.0,0.0,0.0
28/02/2023,3330.0,3330.0,0.0,0.0,3470.0,3470.0,3260.0,232656.0,775508400.0,0.0,0.0,232656.0,775508400.0,-600.0,600.0,0.0,0.0,-2096000.0,2096000.0,0.0,0.0
27/02/2023,3330.0,3560.0,-230.0,-0.06460674,3550.0,3550.0,3330.0,325100.0,1108037990.0,0.0,0.0,325100.0,1108037990.0,-400.0,400.0,0.0,0.0,-1394000.0,1394000.0,0.0,0.0
24/02/2023,3560.0,3700.0,-140.0,-0.03783784,3740.0,3800.0,3540.0,134315.0,491814950.0,0.0,0.0,134315.0,491814950.0,-600.0,600.0,0.0,0.0,-2268000.0,2268000.0,0.0,0.0
23/02/2023,3700.0,3970.0,-270.0,-0.06801008,3980.0,3990.0,3700.0,435402.0,1620157940.0,105700.0,391090000.0,541102.0,2011247940.0,-400.0,400.0,0.0,0.0,-1486000.0,1486000.0,0.0,0.0
22/02/2023,3970.0,4160.0,-190.0,-0.04567308,4010.0,4090.0,3870.0,1122700.0,4354488000.0,0.0,0.0,1122700.0,4354488000.0,-3900.0,3900.0,0.0,0.0,-15158000.0,15158000.0,0.0,0.0
21/02/2023,4160.0,4170.0,-10.0,-0.00239808,4270.0,4280.0,4060.0,139343.0,578038300.0,0.0,0.0,139343.0,578038300.0,600.0,-600.0,0.0,0.0,2562000.0,-2562000.0,0.0,0.0
20/02/2023,4170.0,3900.0,270.0,0.06923077,4060.0,4170.0,4040.0,179355.0,742476980.0,0.0,0.0,179355.0,742476980.0,8300.0,-8300.0,0.0,0.0,34483000.0,-34483000.0,0.0,0.0
17/02/2023,3900.0,3950.0,-50.0,-0.01265823,3850.0,4090.0,3840.0,139634.0,542882640.0,0.0,0.0,139634.0,542882640.0,1000.0,-1000.0,0.0,0.0,3868000.0,-3868000.0,0.0,0.0
16/02/2023,3950.0,4010.0,-60.0,-0.01496259,4180.0,4180.0,3860.0,76986.0,303056780.0,0.0,0.0,76986.0,303056780.0,-300.0,300.0,0.0,0.0,-1174000.0,1174000.0,0.0,0.0
15/02/2023,4010.0,4030.0,-20.0,-0.00496278,3760.0,4250.0,3760.0,368176.0,1471072980.0,0.0,0.0,368176.0,1471072980.0,-700.0,700.0,0.0,0.0,-2825000.0,2825000.0,0.0,0.0
14/02/2023,4030.0,4330.0,-300.0,-0.06928406,4030.0,4140.0,4030.0,259029.0,1044055330.0,0.0,0.0,259029.0,1044055330.0,-300.0,300.0,0.0,0.0,-1209000.0,1209000.0,0.0,0.0
13/02/2023,4330.0,4650.0,-320.0,-0.0688172,4640.0,4640.0,4330.0,169141.0,734946370.0,0.0,0.0,169141.0,734946370.0,-600.0,600.0,0.0,0.0,-2598000.0,2598000.0,0.0,0.0
10/02/2023,4650.0,4650.0,0.0,0.0,4890.0,4890.0,4400.0,281059.0,1288563850.0,0.0,0.0,281059.0,1288563850.0,4903.0,-4903.0,0.0,0.0,23078200.0,-23078200.0,0.0,0.0
09/02/2023,4650.0,4350.0,300.0,0.06896552,4350.0,4650.0,4350.0,464700.0,2145412000.0,0.0,0.0,464700.0,2145412000.0,0.0,0.0,0.0,0.0,0.0,0.0,0.0,0.0
08/02/2023,4350.0,4620.0,-270.0,-0.05844156,4940.0,4940.0,4320.0,1049456.0,5008897410.0,0.0,0.0,1049456.0,5008897410.0,-8800.0,8800.0,0.0,0.0,-40719000.0,40719000.0,0.0,0.0
07/02/2023,4620.0,4320.0,300.0,0.06944444,4620.0,4620.0,4620.0,327141.0,1511391420.0,0.0,0.0,327141.0,1511391420.0,0.0,0.0,0.0,0.0,0.0,0.0,0.0,0.0
06/02/2023,4320.0,4040.0,280.0,0.06930693,4320.0,4320.0,4320.0,116726.0,504256320.0,0.0,0.0,116726.0,504256320.0,700.0,-700.0,0.0,0.0,3024000.0,-3024000.0,0.0,0.0
03/02/2023,4040.0,3780.0,260.0,0.06878307,3800.0,4040.0,3790.0,129065.0,516080490.0,0.0,0.0,129065.0,516080490.0,5500.0,-5500.0,0.0,0.0,22188000.0,-22188000.0,0.0,0.0
02/02/2023,3780.0,3840.0,-60.0,-0.015625,3990.0,3990.0,3650.0,106521.0,400629800.0,0.0,0.0,106521.0,400629800.0,-500.0,500.0,0.0,0.0,-1868000.0,1868000.0,0.0,0.0
01/02/2023,3840.0,3850.0,-10.0,-0.0025974,4110.0,4110.0,3710.0,348615.0,1392713760.0,0.0,0.0,348615.0,1392713760.0,-4200.0,4200.0,0.0,0.0,-17192000.0,17192000.0,0.0,0.0
31/01/2023,3850.0,3600.0,250.0,0.06944444,3800.0,3850.0,3700.0,269245.0,1031016550.0,0.0,0.0,269245.0,1031016550.0,-400.0,400.0,0.0,0.0,-1539000.0,1539000.0,0.0,0.0
30/01/2023,3600.0,3370.0,230.0,0.06824926,3380.0,3600.0,3380.0,98306.0,345876400.0,0.0,0.0,98306.0,345876400.0,600.0,-600.0,0.0,0.0,2160000.0,-2160000.0,0.0,0.0
27/01/2023,3370.0,3320.0,50.0,0.01506024,3370.0,3370.0,3320.0,44500.0,149760000.0,0.0,0.0,44500.0,149760000.0,-100.0,100.0,0.0,0.0,-339000.0,339000.0,0.0,0.0
19/01/2023,3320.0,3410.0,-90.0,-0.02639296,3400.0,3400.0,3250.0,88280.0,292141060.0,0.0,0.0,88280.0,292141060.0,-400.0,400.0,0.0,0.0,-1324000.0,1324000.0,0.0,0.0
18/01/2023,3410.0,3290.0,120.0,0.03647416,3290.0,3440.0,3280.0,68100.0,225539000.0,0.0,0.0,68100.0,225539000.0,-100.0,100.0,0.0,0.0,-329000.0,329000.0,0.0,0.0
17/01/2023,3290.0,3290.0,0.0,0.0,3300.0,3370.0,3280.0,47900.0,159005000.0,0.0,0.0,47900.0,159005000.0,100.0,-100.0,0.0,0.0,335000.0,-335000.0,0.0,0.0
16/01/2023,3290.0,3300.0,-10.0,-0.0030303,3300.0,3300.0,3280.0,15500.0,50939000.0,0.0,0.0,15500.0,50939000.0,0.0,0.0,0.0,0.0,0.0,0.0,0.0,0.0
13/01/2023,3300.0,3320.0,-20.0,-0.0060241,3330.0,3360.0,3270.0,57800.0,190562000.0,0.0,0.0,57800.0,190562000.0,400.0,-400.0,0.0,0.0,1308000.0,-1308000.0,0.0,0.0
12/01/2023,3320.0,3360.0,-40.0,-0.01190476,3250.0,3360.0,3250.0,12900.0,42673000.0,0.0,0.0,12900.0,42673000.0,0.0,0.0,0.0,0.0,0.0,0.0,0.0,0.0
11/01/2023,3360.0,3380.0,-20.0,-0.00591716,3380.0,3380.0,3260.0,42500.0,140763000.0,0.0,0.0,42500.0,140763000.0,100.0,-100.0,0.0,0.0,335000.0,-335000.0,0.0,0.0
10/01/2023,3380.0,3350.0,30.0,0.00895522,3360.0,3390.0,3250.0,52200.0,174359000.0,0.0,0.0,52200.0,174359000.0,0.0,0.0,0.0,0.0,0.0,0.0,0.0,0.0
09/01/2023,3350.0,3350.0,0.0,0.0,3350.0,3380.0,3210.0,34506.0,112673080.0,0.0,0.0,34506.0,112673080.0,0.0,0.0,0.0,0.0,0.0,0.0,0.0,0.0
06/01/2023,3350.0,3370.0,-20.0,-0.00593472,3370.0,3390.0,3350.0,81716.0,274533080.0,0.0,0.0,81716.0,274533080.0,0.0,0.0,0.0,0.0,0.0,0.0,0.0,0.0
05/01/2023,3370.0,3370.0,0.0,0.0,3400.0,3400.0,3290.0,12356.0,41252600.0,0.0,0.0,12356.0,41252600.0,100.0,-100.0,0.0,0.0,333000.0,-333000.0,0.0,0.0
04/01/2023,3370.0,3280.0,90.0,0.02743902,3420.0,3420.0,3280.0,87600.0,291701000.0,0.0,0.0,87600.0,291701000.0,100.0,-100.0,0.0,0.0,342000.0,-342000.0,0.0,0.0
03/01/2023,3280.0,3250.0,30.0,0.00923077,3250.0,3330.0,3250.0,42800.0,140809000.0,0.0,0.0,42800.0,140809000.0,100.0,-100.0,0.0,0.0,332000.0,-332000.0,0.0,0.0
30/12/2022,3250.0,3220.0,30.0,0.00931677,3220.0,3300.0,3170.0,42000.0,135012000.0,0.0,0.0,42000.0,135012000.0,0.0,0.0,0.0,0.0,0.0,0.0,0.0,0.0
29/12/2022,3220.0,3250.0,-30.0,-0.00923077,3390.0,3390.0,3220.0,9245.0,30315300.0,0.0,0.0,9245.0,30315300.0,0.0,0.0,0.0,0.0,0.0,0.0,0.0,0.0
28/12/2022,3250.0,3360.0,-110.0,-0.0327381,3240.0,3390.0,3240.0,27500.0,90215000.0,0.0,0.0,27500.0,90215000.0,-200.0,200.0,0.0,0.0,-662000.0,662000.0,0.0,0.0
27/12/2022,3360.0,3350.0,10.0,0.00298507,3400.0,3400.0,3270.0,13000.0,43163000.0,0.0,0.0,13000.0,43163000.0,0.0,0.0,0.0,0.0,0.0,0.0,0.0,0.0
26/12/2022,3350.0,3300.0,50.0,0.01515152,3330.0,3430.0,3210.0,115100.0,378871000.0,0.0,0.0,115100.0,378871000.0,0.0,0.0,0.0,0.0,0.0,0.0,0.0,0.0
23/12/2022,3300.0,3300.0,0.0,0.0,3100.0,3300.0,3100.0,93100.0,300751000.0,0.0,0.0,93100.0,300751000.0,-500.0,500.0,0.0,0.0,-1580000.0,1580000.0,0.0,0.0
22/12/2022,3300.0,3270.0,30.0,0.00917431,3280.0,3300.0,3190.0,122709.0,395373980.0,0.0,0.0,122709.0,395373980.0,-2000.0,2000.0,0.0,0.0,-6540000.0,6540000.0,0.0,0.0
21/12/2022,3270.0,3510.0,-240.0,-0.06837607,3470.0,3690.0,3270.0,156400.0,518268000.0,0.0,0.0,156400.0,518268000.0,-5100.0,5100.0,0.0,0.0,-16700000.0,16700000.0,0.0,0.0
20/12/2022,3510.0,3760.0,-250.0,-0.06648936,3850.0,3850.0,3500.0,88600.0,320469000.0,0.0,0.0,88600.0,320469000.0,0.0,0.0,0.0,0.0,0.0,0.0,0.0,0.0
19/12/2022,3760.0,3750.0,10.0,0.00266667,3750.0,3950.0,3700.0,124204.0,473412000.0,0.0,0.0,124204.0,473412000.0,500.0,-500.0,0.0,0.0,1923000.0,-1923000.0,0.0,0.0
16/12/2022,3750.0,3760.0,-10.0,-0.00265957,3630.0,3760.0,3620.0,59203.0,218252250.0,0.0,0.0,59203.0,218252250.0,-2400.0,2400.0,0.0,0.0,-8773000.0,8773000.0,0.0,0.0
15/12/2022,3760.0,3760.0,0.0,0.0,3750.0,3800.0,3610.0,42112.0,157081190.0,0.0,0.0,42112.0,157081190.0,-1500.0,1500.0,0.0,0.0,-5490000.0,5490000.0,0.0,0.0
14/12/2022,3760.0,3750.0,10.0,0.00266667,3750.0,3830.0,3600.0,92909.0,342868790.0,0.0,0.0,92909.0,342868790.0,-2200.0,2200.0,0.0,0.0,-8144000.0,8144000.0,0.0,0.0
13/12/2022,3750.0,3740.0,10.0,0.0026738,3890.0,3890.0,3550.0,74025.0,269039000.0,0.0,0.0,74025.0,269039000.0,-200.0,200.0,0.0,0.0,-728000.0,728000.0,0.0,0.0
12/12/2022,3740.0,3780.0,-40.0,-0.01058201,3730.0,3950.0,3730.0,115415.0,439787700.0,0.0,0.0,115415.0,439787700.0,-5000.0,5000.0,0.0,0.0,-19050000.0,19050000.0,0.0,0.0
09/12/2022,3780.0,3790.0,-10.0,-0.00263852,3890.0,3890.0,3600.0,98637.0,362907230.0,0.0,0.0,98637.0,362907230.0,-6200.0,6200.0,0.0,0.0,-22737000.0,22737000.0,0.0,0.0
08/12/2022,3790.0,3720.0,70.0,0.0188172,3910.0,3960.0,3510.0,84300.0,316304000.0,0.0,0.0,84300.0,316304000.0,0.0,0.0,0.0,0.0,41000.0,-41000.0,0.0,0.0
07/12/2022,3720.0,4000.0,-280.0,-0.07,3800.0,4050.0,3720.0,55604.0,212018200.0,0.0,0.0,55604.0,212018200.0,200.0,-200.0,0.0,0.0,778000.0,-778000.0,0.0,0.0
06/12/2022,4000.0,4090.0,-90.0,-0.02200489,4150.0,4190.0,3970.0,124743.0,507866150.0,0.0,0.0,124743.0,507866150.0,2000.0,-2000.0,0.0,0.0,8313000.0,-8313000.0,0.0,0.0
05/12/2022,4090.0,4240.0,-150.0,-0.03537736,4240.0,4400.0,4090.0,208554.0,880058190.0,0.0,0.0,208554.0,880058190.0,2100.0,-2100.0,0.0,0.0,8993000.0,-8993000.0,0.0,0.0
02/12/2022,4240.0,4200.0,40.0,0.00952381,3950.0,4310.0,3950.0,86735.0,362918000.0,0.0,0.0,86735.0,362918000.0,-3700.0,3700.0,0.0,0.0,-15616000.0,15616000.0,0.0,0.0
01/12/2022,4200.0,4210.0,-10.0,-0.0023753,4360.0,4440.0,4200.0,142335.0,611766900.0,0.0,0.0,142335.0,611766900.0,4800.0,-4800.0,0.0,0.0,20740000.0,-20740000.0,0.0,0.0
30/11/2022,4210.0,4000.0,210.0,0.0525,4190.0,4240.0,4000.0,107893.0,449753000.0,0.0,0.0,107893.0,449753000.0,5300.0,-5300.0,0.0,0.0,22129000.0,-22129000.0,0.0,0.0
29/11/2022,4000.0,3760.0,240.0,0.06382979,3860.0,4020.0,3790.0,205412.0,816178240.0,0.0,0.0,205412.0,816178240.0,-7800.0,7800.0,0.0,0.0,-31256000.0,31256000.0,0.0,0.0
28/11/2022,3760.0,3520.0,240.0,0.06818182,3580.0,3760.0,3550.0,166803.0,621192950.0,0.0,0.0,166803.0,621192950.0,-5300.0,5300.0,0.0,0.0,-19357000.0,19357000.0,0.0,0.0
25/11/2022,3520.0,3580.0,-60.0,-0.01675978,3500.0,3630.0,3450.0,90908.0,323358640.0,0.0,0.0,90908.0,323358640.0,-400.0,400.0,0.0,0.0,-1438000.0,1438000.0,0.0,0.0
24/11/2022,3580.0,3550.0,30.0,0.0084507,3630.0,3630.0,3310.0,80056.0,283275880.0,0.0,0.0,80056.0,283275880.0,-14967.0,14967.0,-33.0,0.0,-53590770.0,53590770.0,-109000.0,0.0
23/11/2022,3550.0,3540.0,10.0,0.00282486,3400.0,3560.0,3330.0,104120.0,358989000.0,71000.0,234300000.0,175120.0,593289000.0,-19900.0,19900.0,0.0,0.0,-70652000.0,70652000.0,0.0,0.0
22/11/2022,3540.0,3440.0,100.0,0.02906977,3420.0,3680.0,3410.0,252902.0,909336360.0,0.0,0.0,252902.0,909336360.0,-11200.0,11200.0,0.0,0.0,-40388000.0,40388000.0,0.0,0.0
21/11/2022,3440.0,3320.0,120.0,0.03614458,3320.0,3440.0,3150.0,89916.0,296529240.0,0.0,0.0,89916.0,296529240.0,-10400.0,10400.0,0.0,0.0,-34163000.0,34163000.0,0.0,0.0
18/11/2022,3320.0,3320.0,0.0,0.0,3320.0,3360.0,3150.0,86300.0,282871000.0,0.0,0.0,86300.0,282871000.0,-6000.0,6000.0,0.0,0.0,-19625000.0,19625000.0,0.0,0.0
17/11/2022,3320.0,3130.0,190.0,0.06070288,3130.0,3340.0,3130.0,115300.0,381476000.0,0.0,0.0,115300.0,381476000.0,-13500.0,13500.0,0.0,0.0,-44795000.0,44795000.0,0.0,0.0
16/11/2022,3130.0,2930.0,200.0,0.06825939,2730.0,3130.0,2730.0,590043.0,1691195070.0,0.0,0.0,590043.0,1691195070.0,-159957.0,159957.0,-43.0,0.0,-458503930.0,458503930.0,-118000.0,0.0
15/11/2022,2930.0,3140.0,-210.0,-0.06687898,2930.0,3350.0,2930.0,107300.0,320802000.0,0.0,0.0,107300.0,320802000.0,-20100.0,20100.0,0.0,0.0,-63487000.0,63487000.0,0.0,0.0
14/11/2022,3140.0,3370.0,-230.0,-0.06824926,3140.0,3370.0,3140.0,106210.0,336650400.0,0.0,0.0,106210.0,336650400.0,-29900.0,29900.0,0.0,0.0,-96744000.0,96744000.0,0.0,0.0
11/11/2022,3370.0,3620.0,-250.0,-0.06906077,3700.0,3700.0,3370.0,49600.0,171185000.0,0.0,0.0,49600.0,171185000.0,0.0,0.0,0.0,0.0,0.0,0.0,0.0,0.0
10/11/2022,3620.0,3830.0,-210.0,-0.05483029,3620.0,3630.0,3570.0,140900.0,506211000.0,0.0,0.0,140900.0,506211000.0,-50000.0,50000.0,0.0,0.0,-181000000.0,181000000.0,0.0,0.0
09/11/2022,3830.0,3750.0,80.0,0.02133333,3750.0,3850.0,3590.0,37500.0,142089000.0,0.0,0.0,37500.0,142089000.0,-15000.0,15000.0,0.0,0.0,-57424000.0,57424000.0,0.0,0.0
08/11/2022,3750.0,3720.0,30.0,0.00806452,3460.0,3750.0,3460.0,181400.0,638088000.0,0.0,0.0,181400.0,638088000.0,-35000.0,35000.0,0.0,0.0,-130203000.0,130203000.0,0.0,0.0
07/11/2022,3720.0,4000.0,-280.0,-0.07,4120.0,4120.0,3720.0,109062.0,407125840.0,0.0,0.0,109062.0,407125840.0,-30000.0,30000.0,0.0,0.0,-111600000.0,111600000.0,0.0,0.0
04/11/2022,4000.0,4160.0,-160.0,-0.03846154,4160.0,4160.0,3880.0,94000.0,375003000.0,0.0,0.0,94000.0,375003000.0,-100.0,100.0,0.0,0.0,-391000.0,391000.0,0.0,0.0
03/11/2022,4160.0,4290.0,-130.0,-0.03030303,4220.0,4300.0,4160.0,76700.0,324846000.0,0.0,0.0,76700.0,324846000.0,100.0,-100.0,0.0,0.0,419000.0,-419000.0,0.0,0.0
02/11/2022,4290.0,4300.0,-10.0,-0.00232558,4300.0,4300.0,4200.0,57700.0,245480000.0,0.0,0.0,57700.0,245480000.0,0.0,0.0,0.0,0.0,0.0,0.0,0.0,0.0
01/11/2022,4300.0,4250.0,50.0,0.01176471,4250.0,4440.0,4200.0,74500.0,321211000.0,0.0,0.0,74500.0,321211000.0,-10000.0,10000.0,0.0,0.0,-43000000.0,43000000.0,0.0,0.0
31/10/2022,4250.0,4530.0,-280.0,-0.06181015,4250.0,4520.0,4220.0,243426.0,1040618740.0,0.0,0.0,243426.0,1040618740.0,-30000.0,30000.0,0.0,0.0,-127500000.0,127500000.0,0.0,0.0
28/10/2022,4530.0,4590.0,-60.0,-0.0130719,4600.0,4800.0,4530.0,107700.0,501140000.0,0.0,0.0,107700.0,501140000.0,-10100.0,10100.0,0.0,0.0,-48414000.0,48414000.0,0.0,0.0
27/10/2022,4590.0,4550.0,40.0,0.00879121,4550.0,4710.0,4550.0,79200.0,368927000.0,0.0,0.0,79200.0,368927000.0,-15000.0,15000.0,0.0,0.0,-69394000.0,69394000.0,0.0,0.0
26/10/2022,4550.0,4500.0,50.0,0.01111111,4490.0,4730.0,4470.0,39700.0,180741000.0,0.0,0.0,39700.0,180741000.0,-20000.0,20000.0,0.0,0.0,-91786000.0,91786000.0,0.0,0.0
25/10/2022,4500.0,4400.0,100.0,0.02272727,4170.0,4500.0,4100.0,152802.0,655906480.0,0.0,0.0,152802.0,655906480.0,-49800.0,49800.0,0.0,0.0,-224157000.0,224157000.0,0.0,0.0
24/10/2022,4400.0,4600.0,-200.0,-0.04347826,4600.0,4730.0,4280.0,190400.0,832623000.0,0.0,0.0,190400.0,832623000.0,-20000.0,20000.0,0.0,0.0,-88000000.0,88000000.0,0.0,0.0
21/10/2022,4600.0,4930.0,-330.0,-0.06693712,4900.0,5000.0,4590.0,276500.0,1298133000.0,0.0,0.0,276500.0,1298133000.0,-98700.0,98700.0,0.0,0.0,-453536000.0,453536000.0,0.0,0.0
20/10/2022,4930.0,5080.0,-150.0,-0.02952756,5050.0,5190.0,4910.0,64200.0,319203000.0,0.0,0.0,64200.0,319203000.0,0.0,0.0,0.0,0.0,0.0,0.0,0.0,0.0
19/10/2022,5080.0,5040.0,40.0,0.00793651,5200.0,5200.0,5010.0,66700.0,338346000.0,0.0,0.0,66700.0,338346000.0,0.0,0.0,0.0,0.0,1000.0,-1000.0,0.0,0.0
18/10/2022,5040.0,5000.0,40.0,0.008,5050.0,5290.0,5000.0,158922.0,812700000.0,0.0,0.0,158922.0,812700000.0,200.0,-200.0,0.0,0.0,1023000.0,-1023000.0,0.0,0.0
17/10/2022,5000.0,5010.0,-10.0,-0.00199601,5030.0,5030.0,4860.0,101200.0,497396000.0,0.0,0.0,101200.0,497396000.0,0.0,0.0,0.0,0.0,0.0,0.0,0.0,0.0
14/10/2022,5010.0,4900.0,110.0,0.02244898,5000.0,5100.0,5000.0,195010.0,979380300.0,0.0,0.0,195010.0,979380300.0,-100.0,100.0,0.0,0.0,-509000.0,509000.0,0.0,0.0
13/10/2022,4900.0,5000.0,-100.0,-0.02,5240.0,5240.0,4900.0,133800.0,670163000.0,0.0,0.0,133800.0,670163000.0,0.0,0.0,0.0,0.0,0.0,0.0,0.0,0.0
12/10/2022,5000.0,4940.0,60.0,0.01214575,4940.0,5220.0,4660.0,472700.0,2383835000.0,0.0,0.0,472700.0,2383835000.0,-250100.0,250100.0,0.0,0.0,-1270298000.0,1270298000.0,0.0,0.0
11/10/2022,4940.0,5310.0,-370.0,-0.06967985,5310.0,5470.0,4940.0,245610.0,1250251000.0,0.0,0.0,245610.0,1250251000.0,-53000.0,53000.0,0.0,0.0,-284765000.0,284765000.0,0.0,0.0
10/10/2022,5310.0,5430.0,-120.0,-0.02209945,5050.0,5700.0,5050.0,265400.0,1368245000.0,0.0,0.0,265400.0,1368245000.0,-110400.0,110400.0,0.0,0.0,-562931000.0,562931000.0,0.0,0.0
07/10/2022,5430.0,5830.0,-400.0,-0.06861063,5680.0,5680.0,5430.0,261662.0,1425839010.0,0.0,0.0,261662.0,1425839010.0,-3700.0,3700.0,0.0,0.0,-20134000.0,20134000.0,0.0,0.0
06/10/2022,5830.0,6090.0,-260.0,-0.04269294,6250.0,6250.0,5670.0,144250.0,842145500.0,0.0,0.0,144250.0,842145500.0,100.0,-100.0,0.0,0.0,608000.0,-608000.0,0.0,0.0
05/10/2022,6090.0,5750.0,340.0,0.05913043,6000.0,6090.0,5820.0,193500.0,1159079000.0,0.0,0.0,193500.0,1159079000.0,-100.0,100.0,0.0,0.0,-605000.0,605000.0,0.0,0.0
04/10/2022,5750.0,6070.0,-320.0,-0.05271829,6100.0,6110.0,5750.0,166200.0,981488000.0,0.0,0.0,166200.0,981488000.0,-2100.0,2100.0,0.0,0.0,-12506000.0,12506000.0,0.0,0.0
03/10/2022,6070.0,6520.0,-450.0,-0.0690184,6500.0,6590.0,6070.0,263590.0,1640764800.0,0.0,0.0,263590.0,1640764800.0,180.0,-180.0,0.0,0.0,1156000.0,-1156000.0,0.0,0.0
30/09/2022,6520.0,6700.0,-180.0,-0.02686567,6700.0,6700.0,6290.0,252618.0,1633135680.0,0.0,0.0,252618.0,1633135680.0,100.0,-100.0,0.0,0.0,666000.0,-666000.0,0.0,0.0
29/09/2022,6700.0,6700.0,0.0,0.0,6920.0,6930.0,6700.0,327210.0,2229474600.0,0.0,0.0,327210.0,2229474600.0,100.0,-100.0,0.0,0.0,688000.0,-688000.0,0.0,0.0
28/09/2022,6700.0,6900.0,-200.0,-0.02898551,7000.0,7100.0,6600.0,311320.0,2144758900.0,0.0,0.0,311320.0,2144758900.0,1300.0,0.0,0.0,-1300.0,8957000.0,0.0,0.0,-8957000.0
27/09/2022,6900.0,7200.0,-300.0,-0.04166667,7400.0,7400.0,6870.0,294880.0,2075586000.0,0.0,0.0,294880.0,2075586000.0,-100.0,100.0,0.0,0.0,-707000.0,707000.0,0.0,0.0
26/09/2022,7200.0,7720.0,-520.0,-0.06735751,7710.0,7710.0,7200.0,261309.0,1909586880.0,0.0,0.0,261309.0,1909586880.0,-4000.0,4900.0,0.0,-900.0,-29556000.0,36137000.0,0.0,-6581000.0
23/09/2022,7720.0,7220.0,500.0,0.06925208,7230.0,7720.0,7230.0,558927.0,4261071440.0,0.0,0.0,558927.0,4261071440.0,-2300.0,2300.0,0.0,0.0,-17756000.0,17756000.0,0.0,0.0
22/09/2022,7220.0,7220.0,0.0,0.0,6800.0,7220.0,6750.0,299010.0,2067140800.0,0.0,0.0,299010.0,2067140800.0,-2500.0,2500.0,0.0,0.0,-17015000.0,17015000.0,0.0,0.0
21/09/2022,7220.0,7760.0,-540.0,-0.06958763,7800.0,7800.0,7220.0,667983.0,4939924060.0,0.0,0.0,667983.0,4939924060.0,-500.0,500.0,0.0,0.0,-3721000.0,3721000.0,0.0,0.0
20/09/2022,7760.0,7850.0,-90.0,-0.01146497,8190.0,8190.0,7330.0,371679.0,2915601850.0,0.0,0.0,371679.0,2915601850.0,-700.0,700.0,0.0,0.0,-5400000.0,5400000.0,0.0,0.0
19/09/2022,7850.0,8300.0,-450.0,-0.05421687,8300.0,8300.0,7750.0,314516.0,2534450680.0,0.0,0.0,314516.0,2534450680.0,-100.0,100.0,0.0,0.0,-935000.0,935000.0,0.0,0.0
16/09/2022,8300.0,8200.0,100.0,0.01219512,8200.0,8700.0,8180.0,725442.0,6047617010.0,0.0,0.0,725442.0,6047617010.0,668.0,-668.0,0.0,0.0,5573880.0,-5573880.0,0.0,0.0
15/09/2022,8200.0,8190.0,10.0,0.001221,8200.0,8300.0,8150.0,327947.0,2692655870.0,0.0,0.0,327947.0,2692655870.0,500.0,-500.0,0.0,0.0,4128000.0,-4128000.0,0.0,0.0
14/09/2022,8190.0,8190.0,0.0,0.0,8100.0,8200.0,8010.0,429200.0,3497688000.0,0.0,0.0,429200.0,3497688000.0,-59300.0,59300.0,0.0,0.0,-485917000.0,485917000.0,0.0,0.0
13/09/2022,8190.0,8100.0,90.0,0.01111111,8100.0,8320.0,8100.0,175900.0,1439166000.0,0.0,0.0,175900.0,1439166000.0,1206.0,-106.0,0.0,-1100.0,9878840.0,-869840.0,0.0,-9009000.0
12/09/2022,8100.0,8160.0,-60.0,-0.00735294,8300.0,8450.0,8100.0,336544.0,2762639080.0,0.0,0.0,336544.0,2762639080.0,2729.0,48.0,0.0,-2700.0,22445270.0,437080.0,0.0,-22274000.0
09/09/2022,8160.0,8400.0,-240.0,-0.02857143,8700.0,8700.0,7900.0,367600.0,3088393000.0,0.0,0.0,367600.0,3088393000.0,-6600.0,7500.0,0.0,-900.0,-56108000.0,63623000.0,0.0,-7515000.0
08/09/2022,8400.0,8280.0,120.0,0.01449275,8250.0,8660.0,8250.0,728500.0,6180356000.0,0.0,0.0,728500.0,6180356000.0,1800.0,100.0,0.0,-1900.0,15320000.0,895000.0,0.0,-16215000.0
07/09/2022,8280.0,7780.0,500.0,0.06426735,7800.0,8320.0,7700.0,996300.0,8247003000.0,0.0,0.0,996300.0,8247003000.0,-5700.0,9400.0,0.0,-3700.0,-44789000.0,75669000.0,0.0,-30880000.0
06/09/2022,7780.0,8200.0,-420.0,-0.05121951,8100.0,8200.0,7750.0,630300.0,4932293000.0,0.0,0.0,630300.0,4932293000.0,-21400.0,25600.0,0.0,-4200.0,-167711000.0,200623000.0,0.0,-32912000.0
05/09/2022,8200.0,8240.0,-40.0,-0.00485437,8240.0,8530.0,8190.0,691900.0,5743228000.0,0.0,0.0,691900.0,5743228000.0,-25900.0,24500.0,0.0,1400.0,-215820000.0,204186000.0,0.0,11634000.0
31/08/2022,8240.0,7710.0,530.0,0.06874189,8240.0,8240.0,7800.0,2759600.0,22581767000.0,0.0,0.0,2759600.0,22581767000.0,23000.0,-23000.0,0.0,0.0,189573000.0,-189573000.0,0.0,0.0
30/08/2022,7710.0,7210.0,500.0,0.06934813,7710.0,7710.0,7710.0,127100.0,979941000.0,0.0,0.0,127100.0,979941000.0,400.0,-200.0,0.0,-200.0,3084000.0,-1542000.0,0.0,-1542000.0
29/08/2022,7210.0,6740.0,470.0,0.06973294,7210.0,7210.0,7210.0,212200.0,1529962000.0,0.0,0.0,212200.0,1529962000.0,100.0,-100.0,0.0,0.0,721000.0,-721000.0,0.0,0.0
26/08/2022,6740.0,6300.0,440.0,0.06984127,6740.0,6740.0,6740.0,294300.0,1983582000.0,0.0,0.0,294300.0,1983582000.0,4700.0,-4700.0,0.0,0.0,31678000.0,-31678000.0,0.0,0.0
25/08/2022,6300.0,6220.0,80.0,0.01286174,6220.0,6470.0,6120.0,300300.0,1877759000.0,0.0,0.0,300300.0,1877759000.0,0.0,0.0,0.0,0.0,0.0,0.0,0.0,0.0
24/08/2022,6220.0,6310.0,-90.0,-0.01426307,6310.0,6390.0,6170.0,132800.0,829651000.0,0.0,0.0,132800.0,829651000.0,-2700.0,2700.0,0.0,0.0,-16929000.0,16929000.0,0.0,0.0
23/08/2022,6310.0,6220.0,90.0,0.01446945,6300.0,6460.0,6110.0,169000.0,1064824000.0,0.0,0.0,169000.0,1064824000.0,-6800.0,6800.0,0.0,0.0,-42779000.0,42779000.0,0.0,0.0
22/08/2022,6220.0,6000.0,220.0,0.03666667,6110.0,6230.0,6100.0,205600.0,1269487000.0,0.0,0.0,205600.0,1269487000.0,-1100.0,1100.0,0.0,0.0,-6802000.0,6802000.0,0.0,0.0
19/08/2022,6000.0,5960.0,40.0,0.00671141,5960.0,6100.0,5750.0,283600.0,1665454000.0,0.0,0.0,283600.0,1665454000.0,-3900.0,5400.0,0.0,-1500.0,-22612000.0,31237000.0,0.0,-8625000.0
18/08/2022,5960.0,6300.0,-340.0,-0.05396825,6300.0,6300.0,5960.0,334300.0,2021242000.0,0.0,0.0,334300.0,2021242000.0,0.0,3800.0,0.0,-3800.0,-28000.0,23113000.0,0.0,-23085000.0
17/08/2022,6300.0,6500.0,-200.0,-0.03076923,6600.0,6600.0,6250.0,458900.0,2955863000.0,0.0,0.0,458900.0,2955863000.0,-130000.0,137500.0,0.0,-7500.0,-837673000.0,885977000.0,0.0,-48304000.0
16/08/2022,6500.0,6500.0,0.0,0.0,6500.0,6650.0,6360.0,381400.0,2477661000.0,0.0,0.0,381400.0,2477661000.0,15800.0,3900.0,0.0,-19700.0,103192000.0,24825000.0,0.0,-128017000.0
15/08/2022,6500.0,6360.0,140.0,0.02201258,6220.0,6650.0,6220.0,576100.0,3720224000.0,0.0,0.0,576100.0,3720224000.0,31400.0,5100.0,0.0,-36500.0,205586000.0,30516000.0,0.0,-236102000.0
12/08/2022,6360.0,6480.0,-120.0,-0.01851852,6120.0,6460.0,6120.0,323800.0,2033189000.0,0.0,0.0,323800.0,2033189000.0,20000.0,14400.0,0.0,-34400.0,126549000.0,90274000.0,0.0,-216823000.0
11/08/2022,6480.0,6580.0,-100.0,-0.01519757,6920.0,6920.0,6480.0,637800.0,4240406000.0,0.0,0.0,637800.0,4240406000.0,45800.0,-17300.0,0.0,-28500.0,305272000.0,-116017000.0,0.0,-189255000.0
10/08/2022,6580.0,6430.0,150.0,0.02332815,6650.0,6880.0,6520.0,1196100.0,8023693000.0,0.0,0.0,1196100.0,8023693000.0,-1200.0,21500.0,0.0,-20300.0,-11381000.0,147339000.0,0.0,-135958000.0
09/08/2022,6430.0,6010.0,420.0,0.06988353,6430.0,6430.0,6020.0,1331300.0,8547550000.0,20000.0,112000000.0,1351300.0,8659550000.0,-102600.0,102600.0,0.0,0.0,-659718000.0,659718000.0,0.0,0.0
08/08/2022,6010.0,5620.0,390.0,0.06939502,6010.0,6010.0,6010.0,278000.0,1670780000.0,0.0,0.0,278000.0,1670780000.0,5100.0,-5100.0,0.0,0.0,30651000.0,-30651000.0,0.0,0.0
05/08/2022,5620.0,5260.0,360.0,0.06844106,5620.0,5620.0,5620.0,135300.0,760386000.0,0.0,0.0,135300.0,760386000.0,25400.0,-25400.0,0.0,0.0,142748000.0,-142748000.0,0.0,0.0
04/08/2022,5260.0,4920.0,340.0,0.06910569,5260.0,5260.0,5260.0,172400.0,906824000.0,0.0,0.0,172400.0,906824000.0,200.0,-200.0,0.0,0.0,1052000.0,-1052000.0,0.0,0.0
03/08/2022,4920.0,4600.0,320.0,0.06956522,4920.0,4920.0,4920.0,632000.0,3109440000.0,0.0,0.0,632000.0,3109440000.0,36400.0,-36400.0,0.0,0.0,179088000.0,-179088000.0,0.0,0.0
02/08/2022,4600.0,4490.0,110.0,0.02449889,4550.0,4600.0,4440.0,173500.0,790099000.0,0.0,0.0,173500.0,790099000.0,-7200.0,19900.0,0.0,-12700.0,-32868000.0,90340000.0,0.0,-57472000.0
01/08/2022,4490.0,4500.0,-10.0,-0.00222222,4500.0,4500.0,4430.0,80300.0,357324000.0,0.0,0.0,80300.0,357324000.0,15200.0,-2100.0,0.0,-13100.0,67689000.0,-9421000.0,0.0,-58268000.0
29/07/2022,4500.0,4460.0,40.0,0.00896861,4580.0,4580.0,4450.0,79400.0,354944000.0,0.0,0.0,79400.0,354944000.0,13200.0,0.0,0.0,-13200.0,58925000.0,0.0,0.0,-58925000.0
28/07/2022,4460.0,4430.0,30.0,0.00677201,4500.0,4620.0,4410.0,106500.0,481297000.0,0.0,0.0,106500.0,481297000.0,13300.0,0.0,0.0,-13300.0,59316000.0,-3000.0,0.0,-59313000.0
27/07/2022,4430.0,4430.0,0.0,0.0,4400.0,4490.0,4350.0,71400.0,314285000.0,0.0,0.0,71400.0,314285000.0,11500.0,0.0,0.0,-11500.0,50221000.0,0.0,0.0,-50221000.0
26/07/2022,4430.0,4430.0,0.0,0.0,4440.0,4500.0,4350.0,66600.0,293773000.0,0.0,0.0,66600.0,293773000.0,11200.0,0.0,0.0,-11200.0,49231000.0,0.0,0.0,-49231000.0
25/07/2022,4430.0,4550.0,-120.0,-0.02637363,4550.0,4550.0,4410.0,108600.0,483958000.0,0.0,0.0,108600.0,483958000.0,10900.0,-300.0,0.0,-10600.0,48474000.0,-1326000.0,0.0,-47148000.0
22/07/2022,4550.0,4570.0,-20.0,-0.00437637,4580.0,4600.0,4400.0,169900.0,762504000.0,0.0,0.0,169900.0,762504000.0,9300.0,400.0,0.0,-9700.0,41897000.0,1775000.0,0.0,-43672000.0
21/07/2022,4570.0,4600.0,-30.0,-0.00652174,4600.0,4600.0,4490.0,99900.0,453276000.0,0.0,0.0,99900.0,453276000.0,9200.0,-200.0,0.0,-9000.0,41766000.0,-908000.0,0.0,-40858000.0
20/07/2022,4600.0,4650.0,-50.0,-0.01075269,4660.0,4750.0,4580.0,139000.0,643025000.0,0.0,0.0,139000.0,643025000.0,-1200.0,10500.0,0.0,-9300.0,-5798000.0,48817000.0,0.0,-43019000.0
19/07/2022,4650.0,4650.0,0.0,0.0,4500.0,4650.0,4430.0,51100.0,234083000.0,0.0,0.0,51100.0,234083000.0,11600.0,-2800.0,0.0,-8800.0,52732000.0,-12651000.0,0.0,-40081000.0
18/07/2022,4650.0,4510.0,140.0,0.03104213,4550.0,4700.0,4550.0,89100.0,413454000.0,0.0,0.0,89100.0,413454000.0,-2800.0,10600.0,0.0,-7800.0,-13393000.0,49289000.0,0.0,-35896000.0
15/07/2022,4510.0,4680.0,-170.0,-0.03632479,4600.0,4690.0,4450.0,276900.0,1252657000.0,0.0,0.0,276900.0,1252657000.0,-38200.0,45800.0,0.0,-7600.0,-175422000.0,209684000.0,0.0,-34262000.0
14/07/2022,4680.0,4700.0,-20.0,-0.00425532,4690.0,4690.0,4500.0,103800.0,475360000.0,0.0,0.0,103800.0,475360000.0,7800.0,200.0,0.0,-8000.0,35640000.0,929000.0,0.0,-36569000.0
13/07/2022,4700.0,4800.0,-100.0,-0.02083333,4600.0,4800.0,4600.0,119400.0,559559000.0,0.0,0.0,119400.0,559559000.0,7100.0,200.0,0.0,-7300.0,33240000.0,949000.0,0.0,-34189000.0
12/07/2022,4800.0,4700.0,100.0,0.0212766,4950.0,4950.0,4710.0,130200.0,623867000.0,0.0,0.0,130200.0,623867000.0,7000.0,0.0,0.0,-7000.0,33304000.0,0.0,0.0,-33304000.0
11/07/2022,4700.0,4600.0,100.0,0.02173913,4700.0,4860.0,4580.0,193400.0,912308000.0,45000.0,192600000.0,238400.0,1104908000.0,7000.0,300.0,0.0,-7300.0,32752000.0,1460000.0,0.0,-34212000.0
08/07/2022,4600.0,4440.0,160.0,0.03603604,4500.0,4600.0,4310.0,144600.0,652395000.0,0.0,0.0,144600.0,652395000.0,7000.0,-100.0,0.0,-6900.0,31360000.0,-436000.0,0.0,-30924000.0
07/07/2022,4440.0,4300.0,140.0,0.03255814,4300.0,4450.0,4210.0,180900.0,787391000.0,0.0,0.0,180900.0,787391000.0,6000.0,0.0,0.0,-6000.0,25737000.0,0.0,0.0,-25737000.0
06/07/2022,4300.0,4300.0,0.0,0.0,4350.0,4350.0,4010.0,116000.0,487867000.0,0.0,0.0,116000.0,487867000.0,6500.0,100.0,0.0,-6600.0,27309000.0,428000.0,0.0,-27737000.0
05/07/2022,4300.0,4300.0,0.0,0.0,4300.0,4600.0,4000.0,223400.0,971721000.0,0.0,0.0,223400.0,971721000.0,31800.0,-25800.0,-55900.0,-6000.0,119875000.0,-93989000.0,-232068000.0,-25886000.0
04/07/2022,4300.0,4350.0,-50.0,-0.01149425,4450.0,4450.0,4150.0,77500.0,331633000.0,0.0,0.0,77500.0,331633000.0,6300.0,-100.0,0.0,-6200.0,27024000.0,-418000.0,0.0,-26606000.0
01/07/2022,4350.0,4210.0,140.0,0.03325416,4190.0,4350.0,3950.0,178100.0,721754000.0,0.0,0.0,178100.0,721754000.0,6300.0,0.0,0.0,-6300.0,25557000.0,0.0,0.0,-25557000.0
30/06/2022,4210.0,4520.0,-310.0,-0.06858407,4600.0,4800.0,4210.0,170000.0,759111000.0,0.0,0.0,170000.0,759111000.0,35100.0,-28400.0,-28700.0,-6700.0,149747000.0,-119465000.0,-120827000.0,-30282000.0
29/06/2022,4520.0,4540.0,-20.0,-0.00440529,4540.0,4700.0,4510.0,111200.0,509622000.0,0.0,0.0,111200.0,509622000.0,5600.0,300.0,0.0,-5900.0,25779000.0,1377000.0,0.0,-27156000.0
28/06/2022,4540.0,4250.0,290.0,0.06823529,4250.0,4540.0,4250.0,455000.0,2058780000.0,0.0,0.0,455000.0,2058780000.0,3700.0,0.0,0.0,-3700.0,16317000.0,0.0,0.0,-16317000.0
27/06/2022,4250.0,4190.0,60.0,0.01431981,4200.0,4260.0,4050.0,183900.0,767168000.0,0.0,0.0,183900.0,767168000.0,-36200.0,39900.0,0.0,-3700.0,-149782000.0,165180000.0,0.0,-15398000.0
24/06/2022,4190.0,4110.0,80.0,0.01946472,4110.0,4200.0,4030.0,187900.0,771719000.0,0.0,0.0,187900.0,771719000.0,-500.0,0.0,0.0,500.0,-2060000.0,0.0,0.0,2060000.0
23/06/2022,4110.0,4020.0,90.0,0.02238806,4200.0,4200.0,4000.0,150700.0,612258000.0,0.0,0.0,150700.0,612258000.0,-9900.0,-100.0,0.0,10000.0,-41388000.0,-412000.0,0.0,41800000.0
22/06/2022,4020.0,3860.0,160.0,0.04145078,3900.0,4080.0,3900.0,76900.0,308021000.0,0.0,0.0,76900.0,308021000.0,-100.0,100.0,0.0,0.0,-400000.0,400000.0,0.0,0.0
21/06/2022,3860.0,4060.0,-200.0,-0.04926108,3800.0,4000.0,3780.0,381600.0,1475848000.0,0.0,0.0,381600.0,1475848000.0,1500.0,-800.0,0.0,-700.0,5827000.0,-3104000.0,0.0,-2723000.0
20/06/2022,4060.0,4350.0,-290.0,-0.06666667,4340.0,4340.0,4050.0,242500.0,997354000.0,0.0,0.0,242500.0,997354000.0,4700.0,-400.0,0.0,-4300.0,19735000.0,-1628000.0,0.0,-18107000.0
17/06/2022,4350.0,4350.0,0.0,0.0,4350.0,4350.0,4050.0,337700.0,1381118000.0,0.0,0.0,337700.0,1381118000.0,4800.0,0.0,0.0,-4800.0,19491000.0,-4000.0,0.0,-19487000.0
16/06/2022,4350.0,4360.0,-10.0,-0.00229358,4640.0,4640.0,4300.0,79500.0,352486000.0,0.0,0.0,79500.0,352486000.0,4700.0,100.0,0.0,-4800.0,21072000.0,447000.0,0.0,-21519000.0
15/06/2022,4360.0,4680.0,-320.0,-0.06837607,4680.0,4680.0,4360.0,372400.0,1638931000.0,0.0,0.0,372400.0,1638931000.0,8600.0,400.0,0.0,-9000.0,39178000.0,1783000.0,0.0,-40961000.0
14/06/2022,4680.0,5030.0,-350.0,-0.06958251,4700.0,4800.0,4680.0,305200.0,1433803000.0,0.0,0.0,305200.0,1433803000.0,7400.0,200.0,0.0,-7600.0,35090000.0,937000.0,0.0,-36027000.0
13/06/2022,5030.0,5400.0,-370.0,-0.06851852,5390.0,5390.0,5030.0,117600.0,597113000.0,0.0,0.0,117600.0,597113000.0,12900.0,0.0,0.0,-12900.0,65982000.0,0.0,0.0,-65982000.0
10/06/2022,5400.0,5400.0,0.0,0.0,5350.0,5460.0,5350.0,97400.0,524798000.0,0.0,0.0,97400.0,524798000.0,300.0,-100.0,0.0,-200.0,1620000.0,-540000.0,0.0,-1080000.0
09/06/2022,5400.0,5300.0,100.0,0.01886792,5310.0,5420.0,5250.0,75900.0,407879000.0,0.0,0.0,75900.0,407879000.0,0.0,0.0,0.0,0.0,-15000.0,15000.0,0.0,0.0
08/06/2022,5300.0,5150.0,150.0,0.02912621,5150.0,5490.0,5150.0,134500.0,718559000.0,0.0,0.0,134500.0,718559000.0,1200.0,200.0,-100.0,-1400.0,6247000.0,1089000.0,-530000.0,-7336000.0
07/06/2022,5150.0,5420.0,-270.0,-0.0498155,5090.0,5370.0,5050.0,228900.0,1165738000.0,0.0,0.0,228900.0,1165738000.0,7300.0,-100.0,0.0,-7200.0,37860000.0,-506000.0,0.0,-37354000.0
06/06/2022,5420.0,5820.0,-400.0,-0.06872852,5900.0,5900.0,5420.0,416400.0,2299937000.0,0.0,0.0,416400.0,2299937000.0,8600.0,300.0,0.0,-8900.0,47672000.0,1679000.0,0.0,-49351000.0
03/06/2022,5820.0,5900.0,-80.0,-0.01355932,5920.0,6000.0,5800.0,101900.0,597889000.0,0.0,0.0,101900.0,597889000.0,6100.0,200.0,0.0,-6300.0,35839000.0,1200000.0,0.0,-37039000.0
02/06/2022,5900.0,6080.0,-180.0,-0.02960526,6080.0,6100.0,5900.0,202800.0,1223739000.0,0.0,0.0,202800.0,1223739000.0,3900.0,-100.0,0.0,-3800.0,23487000.0,-603000.0,0.0,-22884000.0
01/06/2022,6080.0,6200.0,-120.0,-0.01935484,6200.0,6200.0,5900.0,81000.0,486509000.0,0.0,0.0,81000.0,486509000.0,5800.0,-100.0,0.0,-5700.0,35071000.0,-604000.0,0.0,-34467000.0
31/05/2022,6200.0,6200.0,0.0,0.0,6290.0,6290.0,6100.0,123000.0,760540000.0,0.0,0.0,123000.0,760540000.0,3600.0,-100.0,0.0,-3500.0,22272000.0,-614000.0,0.0,-21658000.0
30/05/2022,6200.0,5990.0,210.0,0.03505843,6000.0,6210.0,6000.0,176000.0,1075333000.0,0.0,0.0,176000.0,1075333000.0,-400.0,100.0,0.0,300.0,-2423000.0,608000.0,0.0,1815000.0
27/05/2022,5990.0,5780.0,210.0,0.03633218,5600.0,6060.0,5600.0,204000.0,1204585000.0,0.0,0.0,204000.0,1204585000.0,100.0,0.0,0.0,-100.0,569000.0,8000.0,0.0,-577000.0
26/05/2022,5780.0,5840.0,-60.0,-0.01027397,5850.0,5850.0,5600.0,297000.0,1691394000.0,0.0,0.0,297000.0,1691394000.0,-100.0,100.0,0.0,0.0,-600000.0,600000.0,0.0,0.0
25/05/2022,5840.0,5730.0,110.0,0.01919721,5600.0,5930.0,5600.0,136600.0,795922000.0,0.0,0.0,136600.0,795922000.0,0.0,0.0,0.0,0.0,-4000.0,4000.0,0.0,0.0
24/05/2022,5730.0,5700.0,30.0,0.00526316,5950.0,5950.0,5670.0,171300.0,983630000.0,0.0,0.0,171300.0,983630000.0,11600.0,-100.0,0.0,-11500.0,66573000.0,-567000.0,0.0,-66006000.0
23/05/2022,5700.0,6000.0,-300.0,-0.05,6000.0,6050.0,5700.0,172000.0,1014599000.0,0.0,0.0,172000.0,1014599000.0,2300.0,1200.0,0.0,-3500.0,13635000.0,7255000.0,0.0,-20890000.0
20/05/2022,6000.0,6000.0,0.0,0.0,5800.0,6140.0,5800.0,194200.0,1156555000.0,0.0,0.0,194200.0,1156555000.0,8000.0,0.0,0.0,-8000.0,47954000.0,0.0,0.0,-47954000.0
19/05/2022,6000.0,6110.0,-110.0,-0.01800327,6000.0,6110.0,5850.0,89600.0,537028000.0,0.0,0.0,89600.0,537028000.0,1800.0,100.0,0.0,-1900.0,10966000.0,610000.0,0.0,-11576000.0
18/05/2022,6110.0,6180.0,-70.0,-0.01132686,6200.0,6380.0,6100.0,106100.0,657314000.0,0.0,0.0,106100.0,657314000.0,4700.0,0.0,0.0,-4700.0,29140000.0,0.0,0.0,-29140000.0
17/05/2022,6180.0,6000.0,180.0,0.03,5580.0,6190.0,5580.0,216700.0,1284972000.0,0.0,0.0,216700.0,1284972000.0,3600.0,100.0,0.0,-3700.0,21591000.0,609000.0,0.0,-22200000.0
16/05/2022,6000.0,5900.0,100.0,0.01694915,6110.0,6310.0,6000.0,237400.0,1484969000.0,0.0,0.0,237400.0,1484969000.0,300.0,-300.0,0.0,0.0,1890000.0,-1890000.0,0.0,0.0
13/05/2022,5900.0,6340.0,-440.0,-0.06940063,6300.0,6540.0,5900.0,260100.0,1576689000.0,0.0,0.0,260100.0,1576689000.0,8200.0,-100.0,0.0,-8100.0,51810000.0,-632000.0,0.0,-51178000.0
12/05/2022,6340.0,6800.0,-460.0,-0.06764706,7000.0,7000.0,6330.0,145200.0,933238000.0,0.0,0.0,145200.0,933238000.0,12700.0,100.0,0.0,-12800.0,84811000.0,667000.0,0.0,-85478000.0
11/05/2022,6800.0,6800.0,0.0,0.0,6800.0,7000.0,6660.0,183100.0,1249615000.0,0.0,0.0,183100.0,1249615000.0,2300.0,-400.0,0.0,-1900.0,15306000.0,-2680000.0,0.0,-12626000.0
10/05/2022,6800.0,6920.0,-120.0,-0.01734104,6440.0,7170.0,6440.0,380600.0,2507014000.0,0.0,0.0,380600.0,2507014000.0,152800.0,-149900.0,0.0,-2900.0,999552000.0,-979741000.0,0.0,-19811000.0
09/05/2022,6920.0,7440.0,-520.0,-0.06989247,7400.0,7400.0,6920.0,113500.0,788172000.0,0.0,0.0,113500.0,788172000.0,-100.0,200.0,0.0,-100.0,-665000.0,1384000.0,0.0,-719000.0
06/05/2022,7440.0,8000.0,-560.0,-0.07,7450.0,7800.0,7440.0,260300.0,1950055000.0,0.0,0.0,260300.0,1950055000.0,-700.0,200.0,0.0,500.0,-4990000.0,1534000.0,0.0,3456000.0
05/05/2022,8000.0,8220.0,-220.0,-0.02676399,8200.0,8350.0,7910.0,263700.0,2140735000.0,0.0,0.0,263700.0,2140735000.0,11600.0,-1100.0,0.0,-10500.0,94349000.0,-8739000.0,0.0,-85610000.0
04/05/2022,8220.0,8460.0,-240.0,-0.02836879,8650.0,8730.0,8000.0,356400.0,3036496000.0,0.0,0.0,356400.0,3036496000.0,25600.0,200.0,0.0,-25800.0,216506000.0,1684000.0,0.0,-218190000.0
29/04/2022,8460.0,7910.0,550.0,0.06953224,8160.0,8460.0,8100.0,324300.0,2712207000.0,0.0,0.0,324300.0,2712207000.0,2000.0,-1100.0,0.0,-900.0,17122000.0,-9317000.0,0.0,-7805000.0
28/04/2022,7910.0,7400.0,510.0,0.06891892,7260.0,7910.0,7260.0,421800.0,3294134000.0,0.0,0.0,421800.0,3294134000.0,-11200.0,-100.0,0.0,11300.0,-84007000.0,-791000.0,0.0,84798000.0
27/04/2022,7400.0,7270.0,130.0,0.01788171,7200.0,7530.0,7000.0,544400.0,3935783000.0,0.0,0.0,544400.0,3935783000.0,-20000.0,1100.0,0.0,18900.0,-145722000.0,7893000.0,0.0,137829000.0
26/04/2022,7270.0,7140.0,130.0,0.01820728,7200.0,7300.0,6850.0,184900.0,1315269000.0,0.0,0.0,184900.0,1315269000.0,-27300.0,0.0,0.0,27300.0,-194161000.0,12000.0,0.0,194149000.0
25/04/2022,7140.0,7060.0,80.0,0.01133144,7200.0,7550.0,6900.0,462400.0,3398165000.0,0.0,0.0,462400.0,3398165000.0,40200.0,-14000.0,0.0,-26200.0,292076000.0,-98157000.0,0.0,-193919000.0
22/04/2022,7060.0,6600.0,460.0,0.06969697,6140.0,7060.0,6140.0,2538100.0,16920870000.0,0.0,0.0,2538100.0,16920870000.0,-79500.0,-10200.0,0.0,89700.0,-559314000.0,-72012000.0,0.0,631326000.0
21/04/2022,6600.0,7090.0,-490.0,-0.06911142,6600.0,6600.0,6600.0,441000.0,2910600000.0,0.0,0.0,441000.0,2910600000.0,-300.0,300.0,0.0,0.0,-1980000.0,1980000.0,0.0,0.0
20/04/2022,7090.0,7620.0,-530.0,-0.06955381,7150.0,7200.0,7090.0,424500.0,3019191000.0,0.0,0.0,424500.0,3019191000.0,-19600.0,-100.0,0.0,19700.0,-140462000.0,-715000.0,0.0,141177000.0
19/04/2022,7620.0,8190.0,-570.0,-0.06959707,7960.0,7960.0,7620.0,758200.0,5824059000.0,0.0,0.0,758200.0,5824059000.0,57200.0,-71800.0,0.0,14600.0,434350000.0,-547386000.0,0.0,113036000.0
18/04/2022,8190.0,8800.0,-610.0,-0.06931818,8800.0,8800.0,8190.0,816500.0,6717710000.0,0.0,0.0,816500.0,6717710000.0,12700.0,-28300.0,0.0,15600.0,99753000.0,-231806000.0,0.0,132053000.0
15/04/2022,8800.0,8960.0,-160.0,-0.01785714,8410.0,9320.0,8410.0,1751500.0,15270011000.0,0.0,0.0,1751500.0,15270011000.0,-63900.0,-4900.0,0.0,68800.0,-569615000.0,-45187000.0,0.0,614802000.0
14/04/2022,8960.0,9630.0,-670.0,-0.06957425,8960.0,8960.0,8960.0,796000.0,7132160000.0,0.0,0.0,796000.0,7132160000.0,-127900.0,126400.0,0.0,1500.0,-1145984000.0,1132544000.0,0.0,13440000.0
13/04/2022,9630.0,10350.0,-720.0,-0.06956522,9630.0,9630.0,9630.0,243600.0,2345868000.0,0.0,0.0,243600.0,2345868000.0,-40300.0,40300.0,0.0,0.0,-388089000.0,388089000.0,0.0,0.0
12/04/2022,10350.0,11100.0,-750.0,-0.06756757,10350.0,10350.0,10350.0,404400.0,4185540000.0,0.0,0.0,404400.0,4185540000.0,-400.0,300.0,0.0,100.0,-4140000.0,3105000.0,0.0,1035000.0
08/04/2022,11100.0,11900.0,-800.0,-0.06722689,11900.0,12000.0,11100.0,1252500.0,14105550000.0,0.0,0.0,1252500.0,14105550000.0,63900.0,-47700.0,0.0,-16200.0,719045000.0,-529530000.0,0.0,-189515000.0
07/04/2022,11900.0,12500.0,-600.0,-0.048,12400.0,12400.0,11700.0,686700.0,8217940000.0,0.0,0.0,686700.0,8217940000.0,11900.0,-5100.0,0.0,-6800.0,144900000.0,-61250000.0,0.0,-83650000.0
06/04/2022,12500.0,12600.0,-100.0,-0.00793651,12400.0,12650.0,12250.0,569300.0,7063180000.0,0.0,0.0,569300.0,7063180000.0,-41800.0,39400.0,0.0,2400.0,-520135000.0,490175000.0,0.0,29960000.0
05/04/2022,12600.0,13000.0,-400.0,-0.03076923,13000.0,13000.0,12450.0,952600.0,12064740000.0,0.0,0.0,952600.0,12064740000.0,21400.0,-21500.0,0.0,100.0,271035000.0,-271810000.0,0.0,775000.0
04/04/2022,13000.0,13200.0,-200.0,-0.01515152,13100.0,13550.0,13000.0,786300.0,10307495000.0,0.0,0.0,786300.0,10307495000.0,17500.0,1300.0,0.0,-18800.0,229025000.0,17160000.0,0.0,-246185000.0
01/04/2022,13200.0,13050.0,150.0,0.01149425,13000.0,13300.0,12700.0,439600.0,5726695000.0,0.0,0.0,439600.0,5726695000.0,-700.0,1600.0,0.0,-900.0,-10680000.0,20875000.0,0.0,-10195000.0
31/03/2022,13050.0,13350.0,-300.0,-0.02247191,13300.0,13500.0,12950.0,617600.0,8152325000.0,0.0,0.0,617600.0,8152325000.0,28800.0,11300.0,0.0,-40100.0,383025000.0,148170000.0,0.0,-531195000.0
30/03/2022,13350.0,14000.0,-650.0,-0.04642857,13950.0,14000.0,13050.0,1221000.0,16645900000.0,0.0,0.0,1221000.0,16645900000.0,53300.0,6400.0,0.0,-59700.0,730425000.0,86310000.0,0.0,-816735000.0
29/03/2022,14000.0,13950.0,50.0,0.00358423,14000.0,14400.0,14000.0,483300.0,6808885000.0,0.0,0.0,483300.0,6808885000.0,15900.0,-2500.0,0.0,-13400.0,226360000.0,-35230000.0,0.0,-191130000.0
28/03/2022,13950.0,14550.0,-600.0,-0.04123711,14100.0,14550.0,13700.0,1041700.0,14661295000.0,0.0,0.0,1041700.0,14661295000.0,35000.0,-200.0,0.0,-34800.0,489420000.0,-2915000.0,0.0,-486505000.0
25/03/2022,14550.0,14100.0,450.0,0.03191489,14050.0,14700.0,14050.0,1536600.0,22275610000.0,0.0,0.0,1536600.0,22275610000.0,-91700.0,32900.0,0.0,58800.0,-1327210000.0,474665000.0,0.0,852545000.0
24/03/2022,14100.0,14250.0,-150.0,-0.01052632,14300.0,14400.0,14000.0,1088200.0,15382545000.0,0.0,0.0,1088200.0,15382545000.0,-24200.0,10300.0,0.0,13900.0,-343815000.0,145910000.0,0.0,197905000.0
23/03/2022,14250.0,14550.0,-300.0,-0.02061856,14550.0,14600.0,14250.0,746900.0,10743125000.0,0.0,0.0,746900.0,10743125000.0,-11600.0,10100.0,0.0,1500.0,-168335000.0,146460000.0,0.0,21875000.0
22/03/2022,14550.0,14350.0,200.0,0.01393728,14650.0,14750.0,14450.0,1368100.0,19972970000.0,0.0,0.0,1368100.0,19972970000.0,-37700.0,10400.0,0.0,27300.0,-551170000.0,151885000.0,0.0,399285000.0
21/03/2022,14350.0,14200.0,150.0,0.01056338,14200.0,14350.0,14000.0,709000.0,10075970000.0,0.0,0.0,709000.0,10075970000.0,-54100.0,-100.0,0.0,54200.0,-768765000.0,-1420000.0,0.0,770185000.0
18/03/2022,14200.0,14350.0,-150.0,-0.01045296,14400.0,14400.0,14050.0,487400.0,6931245000.0,0.0,0.0,487400.0,6931245000.0,100.0,-100.0,0.0,0.0,1430000.0,-1430000.0,0.0,0.0
17/03/2022,14350.0,14350.0,0.0,0.0,14450.0,14450.0,14150.0,579900.0,8303225000.0,0.0,0.0,579900.0,8303225000.0,-6900.0,-300.0,0.0,7200.0,-99920000.0,-4295000.0,0.0,104215000.0
16/03/2022,14350.0,13850.0,500.0,0.03610108,13850.0,14350.0,13700.0,331500.0,4633600000.0,0.0,0.0,331500.0,4633600000.0,-35900.0,10200.0,0.0,25700.0,-505525000.0,146270000.0,0.0,359255000.0
15/03/2022,13850.0,13650.0,200.0,0.01465201,13600.0,13850.0,13300.0,625600.0,8467355000.0,0.0,0.0,625600.0,8467355000.0,17400.0,-400.0,0.0,-17000.0,233470000.0,-5370000.0,0.0,-228100000.0
14/03/2022,13650.0,14500.0,-850.0,-0.05862069,14100.0,14300.0,13500.0,843800.0,11652010000.0,0.0,0.0,843800.0,11652010000.0,18600.0,24800.0,0.0,-43400.0,264845000.0,340920000.0,0.0,-605765000.0
11/03/2022,14500.0,14750.0,-250.0,-0.01694915,14400.0,14700.0,14150.0,746600.0,10786490000.0,0.0,0.0,746600.0,10786490000.0,-19700.0,25300.0,0.0,-5600.0,-285315000.0,366410000.0,0.0,-81095000.0
10/03/2022,14750.0,14300.0,450.0,0.03146853,14350.0,14750.0,14150.0,610700.0,8835325000.0,0.0,0.0,610700.0,8835325000.0,-25400.0,8600.0,0.0,16800.0,-372235000.0,126845000.0,0.0,245390000.0
09/03/2022,14300.0,14300.0,0.0,0.0,14400.0,14600.0,13750.0,889400.0,12490550000.0,0.0,0.0,889400.0,12490550000.0,9300.0,10300.0,0.0,-19600.0,128010000.0,145370000.0,0.0,-273380000.0
08/03/2022,14300.0,15100.0,-800.0,-0.05298013,14500.0,15000.0,14250.0,907700.0,13247875000.0,0.0,0.0,907700.0,13247875000.0,24000.0,11200.0,0.0,-35200.0,354000000.0,160205000.0,0.0,-514205000.0
07/03/2022,15100.0,15050.0,50.0,0.00332226,14950.0,15400.0,14300.0,948100.0,14135265000.0,0.0,0.0,948100.0,14135265000.0,18600.0,-7200.0,0.0,-11400.0,274710000.0,-107150000.0,0.0,-167560000.0
04/03/2022,15050.0,15050.0,0.0,0.0,15800.0,15800.0,15050.0,1433100.0,22060600000.0,0.0,0.0,1433100.0,22060600000.0,61600.0,-2100.0,0.0,-59500.0,942040000.0,-31985000.0,0.0,-910055000.0
03/03/2022,15050.0,14100.0,950.0,0.06737589,14400.0,15050.0,14250.0,1531800.0,22610620000.0,0.0,0.0,1531800.0,22610620000.0,-8000.0,6100.0,0.0,1900.0,-121910000.0,93185000.0,0.0,28725000.0
02/03/2022,14100.0,13850.0,250.0,0.01805054,13950.0,14450.0,13900.0,1256800.0,17798780000.0,0.0,0.0,1256800.0,17798780000.0,-3000.0,4800.0,0.0,-1800.0,-41930000.0,67210000.0,0.0,-25280000.0
01/03/2022,13850.0,13550.0,300.0,0.02214022,13800.0,13950.0,13600.0,845600.0,11636580000.0,0.0,0.0,845600.0,11636580000.0,-87500.0,41200.0,0.0,46300.0,-1201320000.0,564070000.0,0.0,637250000.0
28/02/2022,13550.0,13700.0,-150.0,-0.01094891,13500.0,13700.0,13100.0,474500.0,6372565000.0,0.0,0.0,474500.0,6372565000.0,4200.0,800.0,0.0,-5000.0,56230000.0,10770000.0,0.0,-67000000.0
25/02/2022,13700.0,13700.0,0.0,0.0,13700.0,14200.0,13650.0,968300.0,13416025000.0,0.0,0.0,968300.0,13416025000.0,-6200.0,200.0,0.0,6000.0,-88165000.0,2810000.0,0.0,85355000.0
24/02/2022,13700.0,14250.0,-550.0,-0.03859649,14100.0,14300.0,13300.0,963500.0,13277465000.0,0.0,0.0,963500.0,13277465000.0,-800.0,11600.0,0.0,-10800.0,-15295000.0,159240000.0,0.0,-143945000.0
23/02/2022,14250.0,14100.0,150.0,0.0106383,14100.0,14400.0,14100.0,568000.0,8102375000.0,0.0,0.0,568000.0,8102375000.0,-22100.0,0.0,0.0,22100.0,-315590000.0,0.0,0.0,315590000.0
22/02/2022,14100.0,14500.0,-400.0,-0.02758621,14200.0,14400.0,14000.0,613200.0,8686075000.0,0.0,0.0,613200.0,8686075000.0,1000.0,14100.0,0.0,-15100.0,11365000.0,200490000.0,0.0,-211855000.0
21/02/2022,14500.0,14450.0,50.0,0.00346021,14500.0,14750.0,14100.0,1337500.0,19376500000.0,0.0,0.0,1337500.0,19376500000.0,-25400.0,24600.0,0.0,800.0,-367200000.0,355600000.0,0.0,11600000.0
18/02/2022,14450.0,13800.0,650.0,0.04710145,13600.0,14450.0,13400.0,1733000.0,24285475000.0,0.0,0.0,1733000.0,24285475000.0,-34800.0,20000.0,0.0,14800.0,-486255000.0,279265000.0,0.0,206990000.0
17/02/2022,13800.0,13300.0,500.0,0.03759399,13500.0,13950.0,13100.0,609300.0,8243745000.0,0.0,0.0,609300.0,8243745000.0,-16900.0,100.0,0.0,16800.0,-226395000.0,1325000.0,0.0,225070000.0
16/02/2022,13300.0,12700.0,600.0,0.0472440945,12950.0,13300.0,12800.0,734800.0,9551230000.0,0.0,0.0,734800.0,9551230000.0,-33400.0,100.0,0.0,33300.0,-436060000.0,1310000.0,0.0,434750000.0
15/02/2022,12700.0,12800.0,-100.0,-0.0078125,13000.0,13100.0,12600.0,399100.0,5097625000.0,0.0,0.0,399100.0,5097625000.0,11900.0,100.0,0.0,-12000.0,151925000.0,1290000.0,0.0,-153215000.0
14/02/2022,12800.0,13350.0,-550.0,-0.0411985019,13000.0,13100.0,12800.0,362700.0,4685085000.0,0.0,0.0,362700.0,4685085000.0,2900.0,0.0,0.0,-2900.0,37545000.0,0.0,0.0,-37545000.0
11/02/2022,13350.0,13500.0,-150.0,-0.0111111111,12900.0,13550.0,12900.0,267500.0,3536435000.0,0.0,0.0,267500.0,3536435000.0,6500.0,0.0,0.0,-6500.0,86425000.0,0.0,0.0,-86425000.0
10/02/2022,13500.0,13150.0,350.0,0.0266159696,13250.0,13950.0,13000.0,323900.0,4360430000.0,0.0,0.0,323900.0,4360430000.0,-2500.0,-4200.0,0.0,6700.0,-32605000.0,-56725000.0,0.0,89330000.0
09/02/2022,13150.0,13200.0,-50.0,-0.0037878788,13300.0,13300.0,12750.0,364500.0,4723640000.0,0.0,0.0,364500.0,4723640000.0,-5200.0,9800.0,-200.0,-4600.0,-69025000.0,128910000.0,-2590000.0,-59885000.0
08/02/2022,13200.0,13500.0,-300.0,-0.0222222222,13550.0,13550.0,12950.0,216900.0,2853270000.0,0.0,0.0,216900.0,2853270000.0,18800.0,0.0,0.0,-18800.0,247050000.0,0.0,0.0,-247050000.0
07/02/2022,13500.0,13300.0,200.0,0.015037594,13500.0,13600.0,13300.0,325500.0,4383280000.0,0.0,0.0,325500.0,4383280000.0,-10100.0,10000.0,0.0,100.0,-135360000.0,134000000.0,0.0,1360000.0
28/01/2022,13300.0,13000.0,300.0,0.0230769231,13000.0,13300.0,12550.0,249300.0,3216515000.0,0.0,0.0,249300.0,3216515000.0,100.0,9600.0,0.0,-9700.0,-3780000.0,127680000.0,0.0,-123900000.0
27/01/2022,13000.0,13800.0,-800.0,-0.0579710145,13750.0,13750.0,13000.0,322400.0,4236760000.0,0.0,0.0,322400.0,4236760000.0,43200.0,400.0,0.0,-43600.0,567670000.0,5240000.0,0.0,-572910000.0
26/01/2022,13800.0,13250.0,550.0,0.041509434,13250.0,14150.0,13200.0,453000.0,6169360000.0,0.0,0.0,453000.0,6169360000.0,35300.0,19900.0,0.0,-55200.0,470435000.0,276315000.0,0.0,-746750000.0
25/01/2022,13250.0,12800.0,450.0,0.03515625,12850.0,13250.0,12450.0,325500.0,4203485000.0,0.0,0.0,325500.0,4203485000.0,-30400.0,0.0,0.0,30400.0,-396690000.0,0.0,0.0,396690000.0
24/01/2022,12800.0,13450.0,-650.0,-0.0483271375,14250.0,14250.0,12550.0,1390300.0,18554345000.0,0.0,0.0,1390300.0,18554345000.0,23100.0,52800.0,0.0,-75900.0,340455000.0,688680000.0,0.0,-1029135000.0
21/01/2022,13450.0,12600.0,850.0,0.0674603175,13450.0,13450.0,13450.0,425500.0,5722975000.0,0.0,0.0,425500.0,5722975000.0,2800.0,-2800.0,0.0,0.0,37660000.0,-37660000.0,0.0,0.0
20/01/2022,12600.0,11800.0,800.0,0.0677966102,11500.0,12600.0,11450.0,1547300.0,19331620000.0,0.0,0.0,1547300.0,19331620000.0,-64500.0,57500.0,0.0,7000.0,-809635000.0,724155000.0,0.0,85480000.0
19/01/2022,11800.0,12100.0,-300.0,-0.0247933884,11300.0,12000.0,11300.0,1175200.0,13476865000.0,0.0,0.0,1175200.0,13476865000.0,-144900.0,28600.0,0.0,116300.0,-1674180000.0,330430000.0,0.0,1343750000.0
18/01/2022,12100.0,13000.0,-900.0,-0.0692307692,12400.0,12450.0,12100.0,704000.0,8570640000.0,0.0,0.0,704000.0,8570640000.0,-131300.0,-100.0,0.0,131400.0,-1610555000.0,-1220000.0,0.0,1611775000.0
17/01/2022,13000.0,13950.0,-950.0,-0.0681003584,14050.0,14050.0,13000.0,690300.0,9237510000.0,0.0,0.0,690300.0,9237510000.0,-10000.0,100.0,0.0,9900.0,-139905000.0,1300000.0,0.0,138605000.0
14/01/2022,13950.0,13900.0,50.0,0.0035971223,12950.0,14650.0,12950.0,1144500.0,15210655000.0,0.0,0.0,1144500.0,15210655000.0,-183200.0,60200.0,0.0,123000.0,-2455370000.0,779810000.0,0.0,1675560000.0
13/01/2022,13900.0,14900.0,-1000.0,-0.067114094,14250.0,14900.0,13900.0,1370700.0,19179675000.0,0.0,0.0,1370700.0,19179675000.0,-121000.0,100100.0,0.0,20900.0,-1689585000.0,1391430000.0,0.0,298155000.0
12/01/2022,14900.0,15200.0,-300.0,-0.0197368421,14750.0,15000.0,14150.0,1939300.0,27797820000.0,0.0,0.0,1939300.0,27797820000.0,-93500.0,54500.0,0.0,39000.0,-1335885000.0,767500000.0,0.0,568385000.0
11/01/2022,15200.0,15900.0,-700.0,-0.0440251572,15850.0,15850.0,15200.0,1192300.0,18369030000.0,0.0,0.0,1192300.0,18369030000.0,-39700.0,400.0,0.0,39300.0,-614710000.0,6175000.0,0.0,608535000.0
10/01/2022,15900.0,16800.0,-900.0,-0.0535714286,16950.0,17000.0,15900.0,1823300.0,29940485000.0,0.0,0.0,1823300.0,29940485000.0,19200.0,20000.0,0.0,-39200.0,319415000.0,318170000.0,0.0,-637585000.0
07/01/2022,16800.0,17150.0,-350.0,-0.0204081633,17200.0,17200.0,16650.0,1420700.0,23943275000.0,0.0,0.0,1420700.0,23943275000.0,65600.0,-49500.0,0.0,-16100.0,1096975000.0,-827615000.0,0.0,-269360000.0
06/01/2022,17150.0,17000.0,150.0,0.0088235294,17050.0,17450.0,16800.0,1626700.0,27911295000.0,0.0,0.0,1626700.0,27911295000.0,-6200.0,-1500.0,0.0,7700.0,-108660000.0,-25990000.0,0.0,134650000.0
05/01/2022,17000.0,16500.0,500.0,0.0303030303,16400.0,17400.0,16300.0,1033900.0,17448095000.0,0.0,0.0,1033900.0,17448095000.0,17500.0,-100.0,-100.0,-17400.0,299255000.0,-1710000.0,-1695000.0,-297545000.0
04/01/2022,16500.0,16800.0,-300.0,-0.0178571429,16950.0,17000.0,16000.0,970500.0,15982125000.0,0.0,0.0,970500.0,15982125000.0,1800.0,0.0,0.0,-1800.0,29945000.0,35000.0,0.0,-29980000.0
31/12/2021,16800.0,16750.0,50.0,0.0029850746,16900.0,17000.0,16150.0,919100.0,15135470000.0,0.0,0.0,919100.0,15135470000.0,-58100.0,100.0,0.0,58000.0,-958785000.0,1695000.0,0.0,957090000.0
30/12/2021,16750.0,17150.0,-400.0,-0.0233236152,17600.0,17600.0,16600.0,1825600.0,30962165000.0,0.0,0.0,1825600.0,30962165000.0,-35000.0,20100.0,0.0,14900.0,-604675000.0,348035000.0,0.0,256640000.0
29/12/2021,17150.0,17700.0,-550.0,-0.0310734463,17700.0,17700.0,17150.0,742400.0,12950665000.0,0.0,0.0,742400.0,12950665000.0,-4800.0,20000.0,0.0,-15200.0,-85600000.0,351005000.0,0.0,-265405000.0
28/12/2021,17700.0,17600.0,100.0,0.0056818182,17650.0,18600.0,17300.0,1322200.0,23477520000.0,0.0,0.0,1322200.0,23477520000.0,22200.0,-2800.0,0.0,-19400.0,397355000.0,-49265000.0,0.0,-348090000.0
27/12/2021,17600.0,17300.0,300.0,0.0173410405,17300.0,17600.0,16400.0,1265100.0,21418005000.0,0.0,0.0,1265100.0,21418005000.0,-118700.0,50000.0,0.0,68700.0,-2005800000.0,840020000.0,0.0,1165780000.0
24/12/2021,17300.0,18600.0,-1300.0,-0.0698924731,18900.0,18900.0,17300.0,2470600.0,43817820000.0,0.0,0.0,2470600.0,43817820000.0,-79000.0,100100.0,0.0,-21100.0,-1356390000.0,1736905000.0,0.0,-380515000.0
23/12/2021,18600.0,18900.0,-300.0,-0.0158730159,19000.0,19300.0,18000.0,1977900.0,37012370000.0,0.0,0.0,1977900.0,37012370000.0,-21300.0,2000.0,0.0,19300.0,-394095000.0,36900000.0,0.0,357195000.0
22/12/2021,18900.0,17900.0,1000.0,0.0558659218,17600.0,19000.0,17600.0,2199200.0,40750195000.0,0.0,0.0,2199200.0,40750195000.0,-66900.0,31200.0,0.0,35700.0,-1244260000.0,584930000.0,0.0,659330000.0
21/12/2021,17900.0,17000.0,900.0,0.0529411765,16800.0,18000.0,16750.0,1514500.0,26496965000.0,0.0,0.0,1514500.0,26496965000.0,-42100.0,10600.0,0.0,31500.0,-739165000.0,190010000.0,0.0,549155000.0
20/12/2021,17000.0,16500.0,500.0,0.0303030303,16400.0,17150.0,15700.0,2010000.0,32585840000.0,0.0,0.0,2010000.0,32585840000.0,48200.0,-17900.0,-100.0,-30300.0,766910000.0,-285455000.0,-1700000.0,-481455000.0
17/12/2021,16500.0,15700.0,800.0,0.050955414,16750.0,16750.0,15900.0,5138700.0,84303565000.0,0.0,0.0,5138700.0,84303565000.0,-73200.0,140500.0,0.0,-67300.0,-1182280000.0,2267065000.0,0.0,-1084785000.0
16/12/2021,15700.0,14700.0,1000.0,0.0680272109,15700.0,15700.0,15700.0,468100.0,7349170000.0,0.0,0.0,468100.0,7349170000.0,-31400.0,31400.0,0.0,0.0,-492980000.0,492980000.0,0.0,0.0
15/12/2021,14700.0,14850.0,-150.0,-0.0101010101,14350.0,15000.0,14100.0,2135900.0,30831605000.0,0.0,0.0,2135900.0,30831605000.0,-61100.0,85500.0,0.0,-24400.0,-888715000.0,1232950000.0,0.0,-344235000.0
14/12/2021,14850.0,15950.0,-1100.0,-0.0689655172,15800.0,15900.0,14850.0,5304900.0,79666105000.0,0.0,0.0,5304900.0,79666105000.0,-31300.0,75000.0,0.0,-43700.0,-459050000.0,1113750000.0,0.0,-654700000.0
13/12/2021,15950.0,15050.0,900.0,0.0598006645,16100.0,16100.0,15050.0,2916100.0,45594610000.0,0.0,0.0,2916100.0,45594610000.0,112300.0,-57800.0,0.0,-54500.0,1745985000.0,-901985000.0,0.0,-844000000.0
10/12/2021,15050.0,14100.0,950.0,0.0673758865,14100.0,15050.0,14100.0,2220400.0,33265490000.0,0.0,0.0,2220400.0,33265490000.0,5800.0,-11500.0,0.0,5700.0,97070000.0,-174825000.0,0.0,77755000.0
09/12/2021,14100.0,13600.0,500.0,0.0367647059,13600.0,14200.0,13100.0,1410900.0,19216415000.0,700000.0,8890000000.0,2110900.0,28106415000.0,-308600.0,183200.0,-100.0,125400.0,-4124970000.0,2430870000.0,-1410000.0,1694100000.0
08/12/2021,13600.0,13100.0,500.0,0.0381679389,13800.0,13800.0,13100.0,3025200.0,40903375000.0,800000.0,10000000000.0,3825200.0,50903375000.0,70400.0,-65000.0,0.0,-5400.0,935405000.0,-863050000.0,0.0,-72355000.0
07/12/2021,13100.0,12550.0,550.0,0.0438247012,13300.0,13350.0,11900.0,2585600.0,32866820000.0,36014630.0,421371171000.0,38600230.0,454237991000.0,8900.0,30900.0,0.0,-39800.0,143950000.0,359945000.0,0.0,-503895000.0
06/12/2021,12550.0,11750.0,800.0,0.0680851064,12550.0,12550.0,11950.0,5471300.0,68518700000.0,0.0,0.0,5471300.0,68518700000.0,-36300.0,0.0,0.0,36300.0,-451300000.0,0.0,0.0,451300000.0
03/12/2021,11750.0,12600.0,-850.0,-0.0674603175,13450.0,13450.0,11750.0,10153200.0,126186565000.0,0.0,0.0,10153200.0,126186565000.0,2495700.0,-2495700.0,0.0,0.0,33567165000.0,-33567165000.0,0.0,0.0
02/12/2021,12600.0,13500.0,-900.0,-0.0666666667,13800.0,14400.0,12600.0,6495400.0,84196865000.0,0.0,0.0,6495400.0,84196865000.0,5379200.0,-5412800.0,0.0,33600.0,68623550000.0,-69102335000.0,0.0,478785000.0
01/12/2021,13500.0,13100.0,400.0,0.0305343511,13200.0,14000.0,13200.0,1809200.0,24957635000.0,0.0,0.0,1809200.0,24957635000.0,980400.0,-1000000.0,0.0,19600.0,13411845000.0,-13686515000.0,0.0,274670000.0
30/11/2021,13100.0,12550.0,550.0,0.0438247012,12650.0,13200.0,11900.0,1335800.0,16715165000.0,0.0,0.0,1335800.0,16715165000.0,539300.0,-538800.0,0.0,-500.0,6612985000.0,-6606000000.0,0.0,-6985000.0
29/11/2021,12550.0,11750.0,800.0,0.0680851064,12000.0,12550.0,10950.0,1639300.0,20276825000.0,0.0,0.0,1639300.0,20276825000.0,-16900.0,10000.0,0.0,6900.0,-203785000.0,122840000.0,0.0,80945000.0
26/11/2021,11750.0,11000.0,750.0,0.0681818182,11750.0,11750.0,11750.0,444200.0,5219350000.0,0.0,0.0,444200.0,5219350000.0,2900.0,0.0,0.0,-2900.0,34075000.0,0.0,0.0,-34075000.0
25/11/2021,11000.0,10300.0,700.0,0.067961165,10300.0,11000.0,10300.0,494700.0,5374760000.0,0.0,0.0,494700.0,5374760000.0,-8600.0,8800.0,0.0,-200.0,-90910000.0,95310000.0,0.0,-4400000.0
24/11/2021,10300.0,10250.0,50.0,0.0048780488,10000.0,10900.0,10000.0,647500.0,6780125000.0,0.0,0.0,647500.0,6780125000.0,54600.0,-66900.0,0.0,12300.0,570685000.0,-697890000.0,0.0,127205000.0
23/11/2021,10250.0,10250.0,0.0,0.0,9580.0,10500.0,9540.0,734000.0,7142149000.0,0.0,0.0,734000.0,7142149000.0,-13900.0,16600.0,0.0,-2700.0,-133434000.0,169575000.0,0.0,-36141000.0
22/11/2021,10250.0,11000.0,-750.0,-0.0681818182,11200.0,11200.0,10250.0,507200.0,5289095000.0,0.0,0.0,507200.0,5289095000.0,153500.0,-159400.0,0.0,5900.0,1571985000.0,-1637035000.0,0.0,65050000.0
19/11/2021,11000.0,10800.0,200.0,0.0185185185,11550.0,11550.0,10800.0,2001100.0,22657525000.0,0.0,0.0,2001100.0,22657525000.0,478300.0,-456200.0,0.0,-22100.0,5303160000.0,-5049010000.0,0.0,-254150000.0
18/11/2021,10800.0,10100.0,700.0,0.0693069307,10800.0,10800.0,10000.0,1705300.0,18258700000.0,0.0,0.0,1705300.0,18258700000.0,0.0,0.0,0.0,0.0,0.0,0.0,0.0,0.0
17/11/2021,10100.0,9440.0,660.0,0.0699152542,10100.0,10100.0,9700.0,454500.0,4580412000.0,0.0,0.0,454500.0,4580412000.0,-1000.0,0.0,0.0,1000.0,-10100000.0,0.0,0.0,10100000.0
16/11/2021,9440.0,8830.0,610.0,0.0690826727,9440.0,9440.0,9380.0,798300.0,7534439000.0,0.0,0.0,798300.0,7534439000.0,-45000.0,30000.0,0.0,15000.0,-424800000.0,283200000.0,0.0,141600000.0
15/11/2021,8830.0,9490.0,-660.0,-0.0695468915,10150.0,10150.0,8830.0,772600.0,7183870000.0,0.0,0.0,772600.0,7183870000.0,498600.0,-498600.0,-100.0,0.0,4402770000.0,-4402770000.0,-1015000.0,0.0
12/11/2021,9490.0,8870.0,620.0,0.0698985344,9050.0,9490.0,9000.0,892700.0,8372508000.0,0.0,0.0,892700.0,8372508000.0,-10500.0,10500.0,0.0,0.0,-99645000.0,99645000.0,0.0,0.0
11/11/2021,8870.0,8800.0,70.0,0.0079545455,8800.0,8900.0,8310.0,386000.0,3352847000.0,0.0,0.0,386000.0,3352847000.0,-7000.0,0.0,0.0,7000.0,-60730000.0,0.0,0.0,60730000.0
10/11/2021,8800.0,8800.0,0.0,0.0,9000.0,9000.0,8700.0,310800.0,2763078000.0,0.0,0.0,310800.0,2763078000.0,2000.0,-2800.0,0.0,800.0,17630000.0,-24670000.0,0.0,7040000.0
09/11/2021,8800.0,8560.0,240.0,0.0280373832,9150.0,9150.0,8780.0,350500.0,3162290000.0,0.0,0.0,350500.0,3162290000.0,0.0,0.0,0.0,0.0,0.0,0.0,0.0,0.0
08/11/2021,8560.0,8000.0,560.0,0.07,8000.0,8560.0,7990.0,349700.0,2926649000.0,0.0,0.0,349700.0,2926649000.0,0.0,0.0,0.0,0.0,0.0,0.0,0.0,0.0
05/11/2021,8000.0,8000.0,0.0,0.0,8100.0,8100.0,7900.0,271400.0,2161331000.0,0.0,0.0,271400.0,2161331000.0,0.0,0.0,0.0,0.0,0.0,0.0,0.0,0.0
04/11/2021,8000.0,8490.0,-490.0,-0.0577149588,8000.0,8190.0,7980.0,450300.0,3615782000.0,0.0,0.0,450300.0,3615782000.0,0.0,0.0,0.0,0.0,0.0,0.0,0.0,0.0
03/11/2021,8490.0,9100.0,-610.0,-0.067032967,9390.0,9390.0,8480.0,437100.0,3834349000.0,0.0,0.0,437100.0,3834349000.0,0.0,0.0,0.0,0.0,0.0,0.0,0.0,0.0
02/11/2021,9100.0,9110.0,-10.0,-0.0010976948,9110.0,9500.0,9060.0,271200.0,2474927000.0,0.0,0.0,271200.0,2474927000.0,-100.0,0.0,0.0,100.0,-917000.0,0.0,0.0,917000.0
01/11/2021,9110.0,8800.0,310.0,0.0352272727,8850.0,9200.0,8850.0,373100.0,3369267000.0,0.0,0.0,373100.0,3369267000.0,-100.0,0.0,0.0,100.0,-900000.0,0.0,0.0,900000.0
29/10/2021,8800.0,9030.0,-230.0,-0.0254706534,9030.0,9660.0,8800.0,769900.0,7188307000.0,0.0,0.0,769900.0,7188307000.0,0.0,0.0,0.0,0.0,0.0,0.0,0.0,0.0
28/10/2021,9030.0,9020.0,10.0,0.0011086475,9280.0,9280.0,9000.0,353400.0,3210534000.0,0.0,0.0,353400.0,3210534000.0,0.0,0.0,0.0,0.0,0.0,0.0,0.0,0.0
27/10/2021,9020.0,8430.0,590.0,0.0699881376,8310.0,9020.0,8310.0,739100.0,6611470000.0,0.0,0.0,739100.0,6611470000.0,200.0,0.0,0.0,-200.0,1804000.0,0.0,0.0,-1804000.0
26/10/2021,8430.0,8490.0,-60.0,-0.0070671378,8450.0,8580.0,8360.0,159200.0,1343933000.0,0.0,0.0,159200.0,1343933000.0,0.0,0.0,0.0,0.0,0.0,0.0,0.0,0.0
25/10/2021,8490.0,8490.0,0.0,0.0,8800.0,8800.0,8400.0,155700.0,1326972000.0,0.0,0.0,155700.0,1326972000.0,0.0,0.0,0.0,0.0,0.0,0.0,0.0,0.0
22/10/2021,8490.0,7940.0,550.0,0.0692695214,7930.0,8490.0,7800.0,551200.0,4569988000.0,0.0,0.0,551200.0,4569988000.0,-200.0,0.0,0.0,200.0,-1666000.0,0.0,0.0,1666000.0
21/10/2021,7940.0,8150.0,-210.0,-0.0257668712,8100.0,8100.0,7900.0,190000.0,1509731000.0,0.0,0.0,190000.0,1509731000.0,0.0,0.0,0.0,0.0,0.0,0.0,0.0,0.0
20/10/2021,8150.0,8180.0,-30.0,-0.0036674817,8500.0,8500.0,8000.0,224100.0,1828140000.0,0.0,0.0,224100.0,1828140000.0,0.0,0.0,0.0,0.0,0.0,0.0,0.0,0.0
19/10/2021,8180.0,7980.0,200.0,0.0250626566,7600.0,8490.0,7600.0,368100.0,2957787000.0,0.0,0.0,368100.0,2957787000.0,0.0,0.0,0.0,0.0,0.0,0.0,0.0,0.0
18/10/2021,7980.0,8110.0,-130.0,-0.0160295931,8110.0,8130.0,7550.0,464700.0,3705487000.0,0.0,0.0,464700.0,3705487000.0,7300.0,-7200.0,0.0,-100.0,58689000.0,-57889000.0,0.0,-800000.0
15/10/2021,8110.0,7580.0,530.0,0.0699208443,8110.0,8110.0,8110.0,243400.0,1973974000.0,0.0,0.0,243400.0,1973974000.0,100.0,-100.0,0.0,0.0,811000.0,-811000.0,0.0,0.0
14/10/2021,7580.0,7090.0,490.0,0.0691114245,7270.0,7580.0,7270.0,226400.0,1710356000.0,0.0,0.0,226400.0,1710356000.0,0.0,0.0,0.0,0.0,0.0,0.0,0.0,0.0
13/10/2021,7090.0,7100.0,-10.0,-0.0014084507,7080.0,7140.0,7070.0,77700.0,552055000.0,0.0,0.0,77700.0,552055000.0,2400.0,1000.0,0.0,-3400.0,16974000.0,7080000.0,0.0,-24054000.0
12/10/2021,7100.0,7160.0,-60.0,-0.0083798883,7050.0,7150.0,7050.0,56600.0,400955000.0,0.0,0.0,56600.0,400955000.0,-500.0,500.0,0.0,0.0,-3540000.0,3540000.0,0.0,0.0
11/10/2021,7160.0,7280.0,-120.0,-0.0164835165,7320.0,7370.0,7150.0,95600.0,694178000.0,0.0,0.0,95600.0,694178000.0,12300.0,0.0,0.0,-12300.0,89493000.0,0.0,0.0,-89493000.0
08/10/2021,7280.0,7200.0,80.0,0.0111111111,7200.0,7380.0,7200.0,132700.0,967360000.0,0.0,0.0,132700.0,967360000.0,-3000.0,0.0,0.0,3000.0,-21750000.0,0.0,0.0,21750000.0
07/10/2021,7200.0,7100.0,100.0,0.014084507,7120.0,7300.0,7120.0,102000.0,732152000.0,0.0,0.0,102000.0,732152000.0,1600.0,0.0,0.0,-1600.0,11453000.0,0.0,0.0,-11453000.0
06/10/2021,7100.0,6980.0,120.0,0.0171919771,7000.0,7100.0,6980.0,84800.0,592829000.0,0.0,0.0,84800.0,592829000.0,-1700.0,0.0,0.0,1700.0,-11910000.0,0.0,0.0,11910000.0
05/10/2021,6980.0,7040.0,-60.0,-0.0085227273,7050.0,7100.0,6960.0,70200.0,493869000.0,0.0,0.0,70200.0,493869000.0,0.0,0.0,0.0,0.0,0.0,0.0,0.0,0.0
04/10/2021,7040.0,7080.0,-40.0,-0.0056497175,7080.0,7200.0,7030.0,116500.0,824720000.0,0.0,0.0,116500.0,824720000.0,-5000.0,0.0,0.0,5000.0,-35330000.0,0.0,0.0,35330000.0
01/10/2021,7080.0,7090.0,-10.0,-0.0014104372,7090.0,7350.0,7000.0,123400.0,886149000.0,0.0,0.0,123400.0,886149000.0,-23000.0,0.0,0.0,23000.0,-164520000.0,0.0,0.0,164520000.0
30/09/2021,7090.0,6930.0,160.0,0.0230880231,6950.0,7090.0,6860.0,142500.0,986890000.0,0.0,0.0,142500.0,986890000.0,0.0,0.0,0.0,0.0,0.0,0.0,0.0,0.0
29/09/2021,6930.0,7000.0,-70.0,-0.01,7000.0,7000.0,6810.0,101600.0,701057000.0,0.0,0.0,101600.0,701057000.0,6800.0,-6800.0,0.0,0.0,46935000.0,-46935000.0,0.0,0.0
28/09/2021,7000.0,7000.0,0.0,0.0,6590.0,7100.0,6510.0,133800.0,912364000.0,0.0,0.0,133800.0,912364000.0,0.0,0.0,0.0,0.0,0.0,0.0,0.0,0.0
27/09/2021,7000.0,7490.0,-490.0,-0.0654205607,7450.0,7450.0,7000.0,365500.0,2608837000.0,0.0,0.0,365500.0,2608837000.0,0.0,0.0,0.0,0.0,0.0,0.0,0.0,0.0
24/09/2021,7490.0,7500.0,-10.0,-0.0013333333,7420.0,7560.0,7300.0,144700.0,1066881000.0,0.0,0.0,144700.0,1066881000.0,0.0,0.0,0.0,0.0,0.0,0.0,0.0,0.0
23/09/2021,7500.0,7500.0,0.0,0.0,7810.0,7900.0,7410.0,234600.0,1784295000.0,0.0,0.0,234600.0,1784295000.0,-5000.0,5000.0,0.0,0.0,-39020000.0,39020000.0,0.0,0.0
22/09/2021,7500.0,7300.0,200.0,0.0273972603,7710.0,7810.0,7350.0,527400.0,4017116000.0,0.0,0.0,527400.0,4017116000.0,-100.0,0.0,0.0,100.0,-781000.0,0.0,0.0,781000.0
21/09/2021,7300.0,7240.0,60.0,0.0082872928,7400.0,7700.0,7230.0,519200.0,3811419000.0,0.0,0.0,519200.0,3811419000.0,0.0,0.0,0.0,0.0,0.0,0.0,0.0,0.0
20/09/2021,7240.0,7720.0,-480.0,-0.0621761658,8100.0,8260.0,7240.0,329500.0,2590747000.0,0.0,0.0,329500.0,2590747000.0,0.0,0.0,0.0,0.0,0.0,0.0,0.0,0.0
17/09/2021,7720.0,8300.0,-580.0,-0.0698795181,7720.0,8100.0,7720.0,326500.0,2559628000.0,0.0,0.0,326500.0,2559628000.0,-3000.0,3000.0,0.0,0.0,-23340000.0,23340000.0,0.0,0.0
16/09/2021,8300.0,8920.0,-620.0,-0.0695067265,9540.0,9540.0,8300.0,829000.0,7506974000.0,0.0,0.0,829000.0,7506974000.0,-2100.0,1800.0,0.0,300.0,-19020000.0,16290000.0,0.0,2730000.0
15/09/2021,8920.0,8340.0,580.0,0.0695443645,8920.0,8920.0,8920.0,178400.0,1591328000.0,0.0,0.0,178400.0,1591328000.0,0.0,0.0,0.0,0.0,0.0,0.0,0.0,0.0
14/09/2021,8340.0,7800.0,540.0,0.0692307692,8340.0,8340.0,8340.0,125200.0,1044168000.0,0.0,0.0,125200.0,1044168000.0,0.0,0.0,0.0,0.0,0.0,0.0,0.0,0.0
13/09/2021,7800.0,7290.0,510.0,0.0699588477,7800.0,7800.0,7700.0,119800.0,934340000.0,0.0,0.0,119800.0,934340000.0,0.0,0.0,0.0,0.0,0.0,0.0,0.0,0.0
10/09/2021,7290.0,7310.0,-20.0,-0.0027359781,7310.0,7310.0,7160.0,75900.0,550738000.0,0.0,0.0,75900.0,550738000.0,-3000.0,0.0,0.0,3000.0,-21930000.0,0.0,0.0,21930000.0
09/09/2021,7310.0,7400.0,-90.0,-0.0121621622,7410.0,7570.0,7300.0,44300.0,324776000.0,0.0,0.0,44300.0,324776000.0,0.0,0.0,0.0,0.0,0.0,0.0,0.0,0.0
08/09/2021,7400.0,7640.0,-240.0,-0.0314136126,7640.0,7640.0,7350.0,20700.0,154793000.0,0.0,0.0,20700.0,154793000.0,0.0,0.0,0.0,0.0,0.0,0.0,0.0,0.0
07/09/2021,7640.0,7640.0,-240.0,-0.0314136126,7780.0,7800.0,7400.0,79300.0,608171000.0,0.0,0.0,79300.0,608171000.0,0.0,0.0,0.0,0.0,0.0,0.0,0.0,0.0
06/09/2021,7640.0,7450.0,190.0,0.0255033557,7400.0,7680.0,7090.0,92000.0,690577000.0,4873670.0,33774533100.0,4965670.0,34465110100.0,0.0,0.0,0.0,0.0,0.0,0.0,0.0,0.0
01/09/2021,7450.0,7450.0,0.0,0.0,7450.0,7450.0,7330.0,40200.0,297603000.0,0.0,0.0,40200.0,297603000.0,0.0,0.0,0.0,0.0,0.0,0.0,0.0,0.0
31/08/2021,7450.0,7350.0,100.0,0.0136054422,7500.0,7510.0,7350.0,94600.0,704157000.0,0.0,0.0,94600.0,704157000.0,-1200.0,0.0,0.0,1200.0,-9000000.0,0.0,0.0,9000000.0
30/08/2021,7350.0,7050.0,300.0,0.0425531915,7100.0,7410.0,7100.0,55100.0,403287000.0,0.0,0.0,55100.0,403287000.0,0.0,0.0,0.0,0.0,0.0,0.0,0.0,0.0
27/08/2021,7050.0,7280.0,-230.0,-0.0315934066,7060.0,7300.0,7000.0,60500.0,433337000.0,0.0,0.0,60500.0,433337000.0,0.0,0.0,0.0,0.0,0.0,0.0,0.0,0.0
26/08/2021,7280.0,7130.0,150.0,0.0210378682,7400.0,7400.0,7000.0,30600.0,220921000.0,0.0,0.0,30600.0,220921000.0,0.0,0.0,0.0,0.0,0.0,0.0,0.0,0.0
25/08/2021,7130.0,7210.0,-80.0,-0.0110957004,7210.0,7300.0,7130.0,38500.0,277232000.0,0.0,0.0,38500.0,277232000.0,0.0,0.0,0.0,0.0,0.0,0.0,0.0,0.0
24/08/2021,7210.0,7610.0,-400.0,-0.0525624179,7600.0,7600.0,7210.0,55000.0,401114000.0,0.0,0.0,55000.0,401114000.0,500.0,-500.0,0.0,0.0,3800000.0,-3800000.0,0.0,0.0
23/08/2021,7610.0,7690.0,-80.0,-0.0104,7810.0,7810.0,7200.0,110900.0,812585000.0,0.0,0.0,110900.0,812585000.0,1200.0,-1200.0,0.0,0.0,9108000.0,-9108000.0,0.0,0.0
20/08/2021,7690.0,7800.0,-110.0,-0.0141025641,7500.0,7800.0,7400.0,114000.0,868346000.0,0.0,0.0,114000.0,868346000.0,0.0,0.0,0.0,0.0,0.0,0.0,0.0,0.0
19/08/2021,7800.0,8000.0,-200.0,-0.025,8000.0,8000.0,7500.0,90700.0,700427000.0,0.0,0.0,90700.0,700427000.0,0.0,0.0,0.0,0.0,0.0,0.0,0.0,0.0
18/08/2021,8000.0,7740.0,260.0,0.0335917313,8150.0,8150.0,7800.0,137800.0,1106448000.0,0.0,0.0,137800.0,1106448000.0,-100.0,600.0,0.0,-500.0,-529000.0,4604000.0,0.0,-4075000.0
17/08/2021,7740.0,7240.0,500.0,0.0690607735,7240.0,7740.0,7240.0,48100.0,369668000.0,0.0,0.0,48100.0,369668000.0,100.0,-100.0,0.0,0.0,724000.0,-724000.0,0.0,0.0
16/08/2021,7240.0,7630.0,-390.0,-0.0511140236,7130.0,7300.0,7130.0,184400.0,1331227000.0,0.0,0.0,184400.0,1331227000.0,2600.0,-1200.0,0.0,-1400.0,18822000.0,-8700000.0,0.0,-10122000.0
13/08/2021,7630.0,8200.0,-570.0,-0.0695121951,8000.0,8200.0,7630.0,293500.0,2253138000.0,0.0,0.0,293500.0,2253138000.0,100.0,0.0,0.0,-100.0,1022000.0,-127000.0,0.0,-895000.0
12/08/2021,8200.0,8750.0,-550.0,-0.0628571429,8880.0,8880.0,8150.0,105100.0,869606000.0,0.0,0.0,105100.0,869606000.0,0.0,0.0,0.0,0.0,15000.0,-15000.0,0.0,0.0
11/08/2021,8750.0,8890.0,-140.0,-0.0157480315,8890.0,9430.0,8700.0,196800.0,1787467000.0,0.0,0.0,196800.0,1787467000.0,-1500.0,400.0,0.0,1100.0,-13295000.0,3642000.0,0.0,9653000.0
10/08/2021,8890.0,8310.0,580.0,0.0697954272,7730.0,8890.0,7730.0,443800.0,3632763000.0,0.0,0.0,443800.0,3632763000.0,-1000.0,100.0,0.0,900.0,-8387000.0,386000.0,0.0,8001000.0
09/08/2021,8310.0,8930.0,-620.0,-0.0694288914,8310.0,8310.0,8310.0,77000.0,639870000.0,26000.0,248300000.0,103000.0,888170000.0,9900.0,-9900.0,0.0,0.0,82269000.0,-82269000.0,0.0,0.0
06/08/2021,8930.0,9600.0,-670.0,-0.0697916667,8930.0,9340.0,8930.0,207300.0,1859346000.0,0.0,0.0,207300.0,1859346000.0,-100.0,100.0,0.0,0.0,-893000.0,893000.0,0.0,0.0
05/08/2021,9600.0,10150.0,-550.0,-0.0541871921,10800.0,10800.0,9440.0,602000.0,6023185000.0,11000000.0,104500000000.0,11602000.0,110523185000.0,-202300.0,202300.0,0.0,0.0,-2053275000.0,2053275000.0,0.0,0.0
04/08/2021,10150.0,9490.0,660.0,0.0695468915,10150.0,10150.0,9900.0,665700.0,6725854000.0,0.0,0.0,665700.0,6725854000.0,-11400.0,11400.0,0.0,0.0,-115614000.0,115614000.0,0.0,0.0
03/08/2021,9490.0,8870.0,620.0,0.0698985344,9300.0,9490.0,9200.0,350000.0,3306508000.0,0.0,0.0,350000.0,3306508000.0,-200.0,200.0,0.0,0.0,-1897000.0,1897000.0,0.0,0.0
02/08/2021,8870.0,8300.0,570.0,0.0686746988,8310.0,8870.0,8310.0,246500.0,2158191000.0,0.0,0.0,246500.0,2158191000.0,0.0,0.0,0.0,0.0,0.0,0.0,0.0,0.0
30/07/2021,8300.0,7820.0,480.0,0.0613810742,7820.0,8300.0,7500.0,106800.0,876912000.0,0.0,0.0,106800.0,876912000.0,0.0,0.0,0.0,0.0,0.0,0.0,0.0,0.0
29/07/2021,7820.0,7330.0,490.0,0.0668485675,7330.0,7820.0,7330.0,199100.0,1512208000.0,0.0,0.0,199100.0,1512208000.0,0.0,0.0,0.0,0.0,0.0,0.0,0.0,0.0
28/07/2021,7330.0,6860.0,470.0,0.0685131195,6700.0,7330.0,6390.0,208800.0,1485731000.0,0.0,0.0,208800.0,1485731000.0,0.0,0.0,0.0,0.0,0.0,0.0,0.0,0.0
27/07/2021,6860.0,6420.0,440.0,0.0685358255,6420.0,6860.0,5980.0,135500.0,895010000.0,0.0,0.0,135500.0,895010000.0,0.0,0.0,0.0,0.0,0.0,0.0,0.0,0.0
26/07/2021,6420.0,6000.0,420.0,0.07,5580.0,6420.0,5580.0,113100.0,699007000.0,0.0,0.0,113100.0,699007000.0,2000.0,-2000.0,0.0,0.0,11160000.0,-11160000.0,0.0,0.0
23/07/2021,6000.0,5700.0,300.0,0.0526315789,5710.0,6000.0,5360.0,62700.0,366136000.0,0.0,0.0,62700.0,366136000.0,0.0,0.0,0.0,0.0,0.0,0.0,0.0,0.0
22/07/2021,5700.0,5330.0,370.0,0.0694183865,5250.0,5700.0,5110.0,63300.0,351410000.0,0.0,0.0,63300.0,351410000.0,0.0,0.0,0.0,0.0,0.0,0.0,0.0,0.0
21/07/2021,5330.0,4990.0,340.0,0.0681362725,4990.0,5330.0,4700.0,25300.0,133006000.0,0.0,0.0,25300.0,133006000.0,0.0,0.0,0.0,0.0,0.0,0.0,0.0,0.0
20/07/2021,4990.0,4690.0,300.0,0.0639658849,4840.0,4990.0,4400.0,17200.0,83671000.0,0.0,0.0,17200.0,83671000.0,0.0,0.0,0.0,0.0,0.0,0.0,0.0,0.0
19/07/2021,4690.0,4390.0,300.0,0.0683371298,4370.0,4690.0,4090.0,28200.0,122110000.0,0.0,0.0,28200.0,122110000.0,0.0,0.0,0.0,0.0,0.0,0.0,0.0,0.0
16/07/2021,4390.0,4340.0,50.0,0.0115207373,4340.0,4390.0,4340.0,4400.0,19148000.0,0.0,0.0,4400.0,19148000.0,0.0,0.0,0.0,0.0,0.0,0.0,0.0,0.0
15/07/2021,4340.0,4330.0,10.0,0.0023094688,4100.0,4340.0,4100.0,1900.0,7949000.0,0.0,0.0,1900.0,7949000.0,0.0,0.0,0.0,0.0,0.0,0.0,0.0,0.0
14/07/2021,4330.0,4650.0,-320.0,-0.0688172,4400.0,4650.0,4330.0,11800.0,51689000.0,0.0,0.0,11800.0,51689000.0,0.0,0.0,0.0,0.0,0.0,0.0,0.0,0.0
13/07/2021,4650.0,4650.0,0.0,0.0,4650.0,4650.0,4500.0,5100.0,23164000.0,0.0,0.0,5100.0,23164000.0,0.0,0.0,0.0,0.0,0.0,0.0,0.0,0.0
12/07/2021,4650.0,5000.0,-350.0,-0.07,4650.0,4980.0,4650.0,19400.0,90351000.0,0.0,0.0,19400.0,90351000.0,0.0,0.0,0.0,0.0,0.0,0.0,0.0,0.0
09/07/2021,5000.0,5140.0,-140.0,-0.0272373541,4900.0,5000.0,4800.0,5900.0,28804000.0,0.0,0.0,5900.0,28804000.0,0.0,0.0,0.0,0.0,0.0,0.0,0.0,0.0
08/07/2021,5140.0,5000.0,140.0,0.028,5000.0,5140.0,4850.0,4900.0,24027000.0,0.0,0.0,4900.0,24027000.0,0.0,0.0,0.0,0.0,0.0,0.0,0.0,0.0
07/07/2021,5000.0,5020.0,-20.0,-0.0039840637,5050.0,5050.0,4670.0,34400.0,163307000.0,0.0,0.0,34400.0,163307000.0,0.0,0.0,0.0,0.0,0.0,0.0,0.0,0.0
06/07/2021,5020.0,5250.0,-230.0,-0.0438095238,5140.0,5140.0,5020.0,14000.0,71483000.0,0.0,0.0,14000.0,71483000.0,0.0,0.0,0.0,0.0,0.0,0.0,0.0,0.0
05/07/2021,5250.0,5140.0,110.0,0.0214,5140.0,5290.0,5130.0,5700.0,29371000.0,0.0,0.0,5700.0,29371000.0,0.0,0.0,0.0,0.0,0.0,0.0,0.0,0.0
02/07/2021,5140.0,5240.0,-100.0,-0.0190839695,5200.0,5200.0,5000.0,16500.0,83327000.0,0.0,0.0,16500.0,83327000.0,0.0,0.0,0.0,0.0,0.0,0.0,0.0,0.0
01/07/2021,5240.0,5280.0,-40.0,-0.0075757576,5160.0,5240.0,5160.0,4000.0,20703000.0,0.0,0.0,4000.0,20703000.0,0.0,0.0,0.0,0.0,0.0,0.0,0.0,0.0
30/06/2021,5280.0,5190.0,90.0,0.0173,5190.0,5360.0,5150.0,28000.0,145393000.0,0.0,0.0,28000.0,145393000.0,0.0,0.0,0.0,0.0,0.0,0.0,0.0,0.0
29/06/2021,5190.0,5390.0,-200.0,-0.0371,5390.0,5390.0,5180.0,46100.0,240405000.0,0.0,0.0,46100.0,240405000.0,0.0,0.0,0.0,0.0,0.0,0.0,0.0,0.0
28/06/2021,5390.0,5390.0,0.0,0.0,5390.0,5400.0,5200.0,42900.0,225229000.0,0.0,0.0,42900.0,225229000.0,0.0,0.0,0.0,0.0,0.0,0.0,0.0,0.0
25/06/2021,5390.0,5460.0,-70.0,-0.0128205128,5450.0,5450.0,5320.0,4900.0,26209000.0,0.0,0.0,4900.0,26209000.0,0.0,0.0,0.0,0.0,0.0,0.0,0.0,0.0
24/06/2021,5460.0,5390.0,70.0,0.012987013,5390.0,5460.0,5300.0,48800.0,259972000.0,0.0,0.0,48800.0,259972000.0,0.0,0.0,0.0,0.0,0.0,0.0,0.0,0.0
23/06/2021,5390.0,5460.0,-70.0,-0.0128205128,5460.0,5460.0,5390.0,17700.0,96225000.0,0.0,0.0,17700.0,96225000.0,0.0,0.0,0.0,0.0,0.0,0.0,0.0,0.0
22/06/2021,5460.0,5450.0,10.0,0.0018348624,5450.0,5650.0,5450.0,10500.0,57821000.0,0.0,0.0,10500.0,57821000.0,0.0,0.0,0.0,0.0,0.0,0.0,0.0,0.0
21/06/2021,5450.0,5540.0,-90.0,-0.0162454874,5900.0,5900.0,5410.0,33600.0,188917000.0,0.0,0.0,33600.0,188917000.0,0.0,0.0,0.0,0.0,0.0,0.0,0.0,0.0
18/06/2021,5540.0,5570.0,-30.0,-0.0053859964,5410.0,5550.0,5410.0,18000.0,99034000.0,0.0,0.0,18000.0,99034000.0,0.0,0.0,0.0,0.0,0.0,0.0,0.0,0.0
17/06/2021,5570.0,5590.0,-20.0,-0.0035778175,5310.0,5580.0,5310.0,10600.0,57680000.0,0.0,0.0,10600.0,57680000.0,0.0,0.0,0.0,0.0,0.0,0.0,0.0,0.0
16/06/2021,5590.0,5560.0,30.0,0.0053956835,5450.0,5600.0,5450.0,14200.0,78600000.0,0.0,0.0,14200.0,78600000.0,0.0,0.0,0.0,0.0,0.0,0.0,0.0,0.0
15/06/2021,5560.0,5630.0,-70.0,-0.0124333925,5410.0,5580.0,5400.0,15500.0,84053000.0,0.0,0.0,15500.0,84053000.0,0.0,0.0,0.0,0.0,0.0,0.0,0.0,0.0
14/06/2021,5630.0,5670.0,-40.0,-0.0070546737,5670.0,5670.0,5500.0,17400.0,96162000.0,0.0,0.0,17400.0,96162000.0,0.0,0.0,0.0,0.0,0.0,0.0,0.0,0.0
11/06/2021,5670.0,5740.0,-70.0,-0.012195122,5340.0,5670.0,5340.0,16800.0,91801000.0,0.0,0.0,16800.0,91801000.0,0.0,0.0,0.0,0.0,0.0,0.0,0.0,0.0
10/06/2021,5740.0,5740.0,0.0,0.0,5410.0,5760.0,5400.0,33500.0,181913000.0,0.0,0.0,33500.0,181913000.0,0.0,0.0,0.0,0.0,0.0,0.0,0.0,0.0
09/06/2021,5740.0,5750.0,-10.0,-0.0017391304,5580.0,5740.0,5400.0,10600.0,59655000.0,0.0,0.0,10600.0,59655000.0,0.0,0.0,0.0,0.0,0.0,0.0,0.0,0.0
08/06/2021,5750.0,6000.0,-250.0,-0.0416666667,6000.0,6000.0,5580.0,38300.0,218838000.0,0.0,0.0,38300.0,218838000.0,0.0,0.0,0.0,0.0,0.0,0.0,0.0,0.0
07/06/2021,6000.0,5950.0,50.0,0.0084033613,6100.0,6360.0,6000.0,53100.0,323932000.0,0.0,0.0,53100.0,323932000.0,0.0,0.0,0.0,0.0,0.0,0.0,0.0,0.0
04/06/2021,5950.0,5600.0,350.0,0.0625,5990.0,5990.0,5950.0,42900.0,256780000.0,0.0,0.0,42900.0,256780000.0,0.0,0.0,0.0,0.0,0.0,0.0,0.0,0.0
03/06/2021,5600.0,5240.0,360.0,0.0687022901,5300.0,5600.0,5300.0,84800.0,472205000.0,0.0,0.0,84800.0,472205000.0,0.0,0.0,0.0,0.0,0.0,0.0,0.0,0.0
02/06/2021,5240.0,5300.0,-60.0,-0.0113207547,5480.0,5480.0,5220.0,11900.0,63135000.0,0.0,0.0,11900.0,63135000.0,0.0,0.0,0.0,0.0,0.0,0.0,0.0,0.0
01/06/2021,5300.0,5500.0,-200.0,-0.0363636364,5600.0,5600.0,5240.0,7900.0,43452000.0,0.0,0.0,7900.0,43452000.0,0.0,0.0,0.0,0.0,0.0,0.0,0.0,0.0
31/05/2021,5500.0,5540.0,-40.0,-0.0072202166,5540.0,5540.0,5260.0,5300.0,27976000.0,0.0,0.0,5300.0,27976000.0,0.0,0.0,0.0,0.0,0.0,0.0,0.0,0.0
28/05/2021,5540.0,5600.0,-60.0,-0.0107142857,5300.0,5570.0,5300.0,15900.0,85256000.0,0.0,0.0,15900.0,85256000.0,0.0,0.0,0.0,0.0,0.0,0.0,0.0,0.0
27/05/2021,5600.0,5600.0,0.0,0.0,5400.0,5600.0,5400.0,1100.0,6074000.0,0.0,0.0,1100.0,6074000.0,0.0,0.0,0.0,0.0,0.0,0.0,0.0,0.0
26/05/2021,5600.0,5550.0,50.0,0.009009009,5600.0,5600.0,5260.0,4100.0,22234000.0,0.0,0.0,4100.0,22234000.0,0.0,0.0,0.0,0.0,0.0,0.0,0.0,0.0
25/05/2021,5550.0,5700.0,-150.0,-0.0263157895,5550.0,5580.0,5410.0,10400.0,56773000.0,0.0,0.0,10400.0,56773000.0,100.0,-100.0,-100.0,0.0,556000.0,-556000.0,-556000.0,0.0
24/05/2021,5700.0,5590.0,110.0,0.0196779964,5570.0,5980.0,5410.0,7500.0,40983000.0,0.0,0.0,7500.0,40983000.0,0.0,0.0,0.0,0.0,0.0,0.0,0.0,0.0
21/05/2021,5590.0,5620.0,-30.0,-0.0053380783,5420.0,5590.0,5400.0,5800.0,31423000.0,0.0,0.0,5800.0,31423000.0,0.0,0.0,0.0,0.0,0.0,0.0,0.0,0.0
20/05/2021,5620.0,5620.0,0.0,0.0,5300.0,5630.0,5300.0,8400.0,45742000.0,0.0,0.0,8400.0,45742000.0,0.0,0.0,0.0,0.0,0.0,0.0,0.0,0.0
19/05/2021,5620.0,5420.0,200.0,0.036900369,5600.0,5630.0,5420.0,43000.0,240056000.0,0.0,0.0,43000.0,240056000.0,0.0,0.0,0.0,0.0,0.0,0.0,0.0,0.0
18/05/2021,5420.0,5630.0,-210.0,-0.0373001776,5500.0,5640.0,5410.0,26900.0,149541000.0,0.0,0.0,26900.0,149541000.0,0.0,0.0,0.0,0.0,0.0,0.0,0.0,0.0
17/05/2021,5630.0,5650.0,-20.0,-0.003539823,5660.0,5660.0,5500.0,12100.0,67397000.0,0.0,0.0,12100.0,67397000.0,0.0,0.0,0.0,0.0,0.0,0.0,0.0,0.0
14/05/2021,5650.0,5600.0,50.0,0.0089285714,5600.0,5650.0,5400.0,31700.0,176870000.0,0.0,0.0,31700.0,176870000.0,0.0,0.0,0.0,0.0,0.0,0.0,0.0,0.0
13/05/2021,5600.0,5630.0,-30.0,-0.0053285968,5630.0,5880.0,5450.0,21100.0,118314000.0,0.0,0.0,21100.0,118314000.0,0.0,0.0,0.0,0.0,0.0,0.0,0.0,0.0
12/05/2021,5630.0,5270.0,360.0,0.0683111954,5360.0,5630.0,5360.0,47800.0,267663000.0,0.0,0.0,47800.0,267663000.0,0.0,0.0,0.0,0.0,0.0,0.0,0.0,0.0
11/05/2021,5270.0,5250.0,20.0,0.0038095238,5250.0,5270.0,5100.0,28200.0,146110000.0,0.0,0.0,28200.0,146110000.0,0.0,0.0,0.0,0.0,0.0,0.0,0.0,0.0
10/05/2021,5250.0,5500.0,-250.0,-0.0454545455,5250.0,5300.0,5120.0,33300.0,173793000.0,0.0,0.0,33300.0,173793000.0,0.0,0.0,0.0,0.0,0.0,0.0,0.0,0.0
07/05/2021,5500.0,5500.0,0.0,0.0,5510.0,5510.0,5260.0,16900.0,89705000.0,0.0,0.0,16900.0,89705000.0,0.0,0.0,0.0,0.0,0.0,0.0,0.0,0.0
06/05/2021,5500.0,5550.0,-50.0,-0.009009009,5300.0,5650.0,5300.0,37400.0,202348000.0,0.0,0.0,37400.0,202348000.0,0.0,0.0,0.0,0.0,0.0,0.0,0.0,0.0
05/05/2021,5550.0,5600.0,-50.0,-0.0089285714,5650.0,5650.0,5500.0,22000.0,121841000.0,0.0,0.0,22000.0,121841000.0,0.0,0.0,0.0,0.0,0.0,0.0,0.0,0.0
04/05/2021,5600.0,5700.0,-100.0,-0.0175438596,5320.0,5940.0,5310.0,9400.0,50780000.0,0.0,0.0,9400.0,50780000.0,0.0,0.0,0.0,0.0,0.0,0.0,0.0,0.0
29/04/2021,5700.0,5600.0,100.0,0.0178571429,5500.0,5700.0,5500.0,43500.0,242269000.0,0.0,0.0,43500.0,242269000.0,0.0,0.0,0.0,0.0,0.0,0.0,0.0,0.0
28/04/2021,5600.0,5900.0,-300.0,-0.0508474576,5850.0,5890.0,5600.0,45800.0,257550000.0,0.0,0.0,45800.0,257550000.0,0.0,0.0,0.0,0.0,0.0,0.0,0.0,0.0
27/04/2021,5900.0,5990.0,-90.0,-0.0150250417,5900.0,5900.0,5600.0,40300.0,228955000.0,0.0,0.0,40300.0,228955000.0,0.0,0.0,0.0,0.0,0.0,0.0,0.0,0.0
26/04/2021,5990.0,6000.0,-10.0,-0.0016666667,6000.0,6100.0,5830.0,11000.0,66098000.0,0.0,0.0,11000.0,66098000.0,100.0,-100.0,-100.0,0.0,583000.0,-583000.0,-583000.0,0.0
23/04/2021,6000.0,6180.0,-180.0,-0.0291262136,6500.0,6500.0,5850.0,16100.0,98318000.0,0.0,0.0,16100.0,98318000.0,0.0,0.0,0.0,0.0,0.0,0.0,0.0,0.0
22/04/2021,6180.0,5800.0,380.0,0.0655,6140.0,6200.0,6120.0,102200.0,632100000.0,0.0,0.0,102200.0,632100000.0,0.0,0.0,0.0,0.0,0.0,0.0,0.0,0.0
20/04/2021,5800.0,5970.0,-170.0,-0.0284757119,5850.0,5950.0,5600.0,28400.0,164881000.0,0.0,0.0,28400.0,164881000.0,0.0,0.0,0.0,0.0,0.0,0.0,0.0,0.0
19/04/2021,5970.0,6000.0,-30.0,-0.005,5700.0,6000.0,5700.0,37000.0,218395000.0,0.0,0.0,37000.0,218395000.0,0.0,0.0,0.0,0.0,0.0,0.0,0.0,0.0
16/04/2021,6000.0,6360.0,-360.0,-0.0566037736,6360.0,6360.0,6000.0,50400.0,307311000.0,0.0,0.0,50400.0,307311000.0,100.0,-100.0,-100.0,0.0,608000.0,-608000.0,-608000.0,0.0
15/04/2021,6360.0,6350.0,10.0,0.0015748031,6350.0,6390.0,6000.0,67600.0,418943000.0,0.0,0.0,67600.0,418943000.0,3700.0,-1800.0,0.0,-1900.0,23310000.0,-11340000.0,0.0,-11970000.0
14/04/2021,6350.0,6510.0,-160.0,-0.024577573,6500.0,6500.0,6060.0,94000.0,586307000.0,0.0,0.0,94000.0,586307000.0,33700.0,0.0,0.0,-33700.0,210309000.0,0.0,0.0,-210309000.0
13/04/2021,6510.0,6840.0,-330.0,-0.048245614,7000.0,7050.0,6500.0,101500.0,694646000.0,0.0,0.0,101500.0,694646000.0,-5800.0,0.0,0.0,5800.0,-38276000.0,0.0,0.0,38276000.0
12/04/2021,6840.0,6450.0,390.0,0.0604651163,6450.0,6900.0,6450.0,143100.0,974560000.0,0.0,0.0,143100.0,974560000.0,5000.0,0.0,0.0,-5000.0,33500000.0,0.0,0.0,-33500000.0
09/04/2021,6450.0,6030.0,420.0,0.0696517413,6100.0,6450.0,6090.0,116900.0,726501000.0,0.0,0.0,116900.0,726501000.0,20000.0,0.0,0.0,-20000.0,125500000.0,0.0,0.0,-125500000.0
08/04/2021,6030.0,6000.0,30.0,0.005,6100.0,6200.0,6030.0,68100.0,418632000.0,0.0,0.0,68100.0,418632000.0,5000.0,0.0,0.0,-5000.0,30900000.0,0.0,0.0,-30900000.0
07/04/2021,6000.0,6000.0,0.0,0.0,6000.0,6100.0,5950.0,17000.0,101800000.0,0.0,0.0,17000.0,101800000.0,5200.0,0.0,0.0,-5200.0,31200000.0,0.0,0.0,-31200000.0
06/04/2021,6000.0,5960.0,40.0,0.0067114094,5960.0,6000.0,5950.0,38000.0,226314000.0,0.0,0.0,38000.0,226314000.0,0.0,0.0,0.0,0.0,0.0,0.0,0.0,0.0
05/04/2021,5960.0,5950.0,10.0,0.0016806723,6100.0,6100.0,5950.0,19800.0,118314000.0,0.0,0.0,19800.0,118314000.0,0.0,0.0,0.0,0.0,0.0,0.0,0.0,0.0
02/04/2021,5950.0,6000.0,-50.0,-0.0083333333,5810.0,6000.0,5810.0,43800.0,259319000.0,0.0,0.0,43800.0,259319000.0,0.0,0.0,0.0,0.0,0.0,0.0,0.0,0.0
01/04/2021,6000.0,6100.0,-100.0,-0.0163934426,6100.0,6100.0,5900.0,1200.0,7120000.0,0.0,0.0,1200.0,7120000.0,0.0,0.0,0.0,0.0,0.0,0.0,0.0,0.0
31/03/2021,6100.0,6000.0,100.0,0.0166666667,6000.0,6200.0,5990.0,19100.0,115192000.0,0.0,0.0,19100.0,115192000.0,100.0,-100.0,-100.0,0.0,599000.0,-599000.0,-599000.0,0.0
30/03/2021,6000.0,5990.0,10.0,0.0016694491,5990.0,6100.0,5800.0,17300.0,103212000.0,0.0,0.0,17300.0,103212000.0,0.0,0.0,0.0,0.0,0.0,0.0,0.0,0.0
29/03/2021,5990.0,5600.0,390.0,0.0696428571,5800.0,5990.0,5800.0,31800.0,189749000.0,0.0,0.0,31800.0,189749000.0,0.0,0.0,0.0,0.0,0.0,0.0,0.0,0.0
26/03/2021,5600.0,6000.0,-400.0,-0.0666666667,6100.0,6100.0,5600.0,10800.0,61520000.0,0.0,0.0,10800.0,61520000.0,0.0,0.0,0.0,0.0,0.0,0.0,0.0,0.0
25/03/2021,6000.0,6000.0,0.0,0.0,5800.0,6200.0,5800.0,11300.0,68480000.0,0.0,0.0,11300.0,68480000.0,0.0,0.0,0.0,0.0,0.0,0.0,0.0,0.0
24/03/2021,6000.0,6000.0,0.0,0.0,6000.0,6000.0,6000.0,8200.0,49200000.0,0.0,0.0,8200.0,49200000.0,0.0,0.0,0.0,0.0,0.0,0.0,0.0,0.0
23/03/2021,6000.0,6100.0,-100.0,-0.0163934426,6100.0,6100.0,6000.0,22900.0,138691000.0,0.0,0.0,22900.0,138691000.0,0.0,0.0,0.0,0.0,0.0,0.0,0.0,0.0
22/03/2021,6100.0,6100.0,0.0,0.0,6080.0,6100.0,6080.0,22100.0,134466000.0,0.0,0.0,22100.0,134466000.0,-700.0,0.0,0.0,700.0,-4256000.0,0.0,0.0,4256000.0
19/03/2021,6100.0,6100.0,0.0,0.0,6100.0,6120.0,6080.0,23500.0,143400000.0,0.0,0.0,23500.0,143400000.0,0.0,0.0,0.0,0.0,0.0,0.0,0.0,0.0
18/03/2021,6100.0,6200.0,-100.0,-0.0161290323,6100.0,6150.0,6080.0,25500.0,155595000.0,0.0,0.0,25500.0,155595000.0,0.0,0.0,0.0,0.0,0.0,0.0,0.0,0.0
17/03/2021,6200.0,6300.0,-100.0,-0.0158730159,6300.0,6300.0,6000.0,22800.0,138414000.0,0.0,0.0,22800.0,138414000.0,100.0,-100.0,-100.0,0.0,610000.0,-610000.0,-610000.0,0.0
16/03/2021,6300.0,6180.0,120.0,0.0194174757,6500.0,6500.0,6200.0,11300.0,71310000.0,0.0,0.0,11300.0,71310000.0,0.0,0.0,0.0,0.0,0.0,0.0,0.0,0.0
15/03/2021,6180.0,6220.0,-40.0,-0.0064308682,6230.0,6230.0,5900.0,26100.0,158405000.0,0.0,0.0,26100.0,158405000.0,0.0,0.0,0.0,0.0,0.0,0.0,0.0,0.0
12/03/2021,6220.0,6300.0,-80.0,-0.0126984127,6300.0,6300.0,6200.0,27600.0,171838000.0,0.0,0.0,27600.0,171838000.0,0.0,0.0,0.0,0.0,0.0,0.0,0.0,0.0
11/03/2021,6300.0,6600.0,-300.0,-0.0454545455,6940.0,6940.0,6200.0,22300.0,144469000.0,0.0,0.0,22300.0,144469000.0,0.0,0.0,0.0,0.0,0.0,0.0,0.0,0.0
10/03/2021,6600.0,6200.0,400.0,0.064516129,6500.0,6600.0,6200.0,49400.0,322683000.0,0.0,0.0,49400.0,322683000.0,0.0,0.0,0.0,0.0,0.0,0.0,0.0,0.0
09/03/2021,6200.0,5800.0,400.0,0.0689655172,6200.0,6200.0,6200.0,132000.0,818400000.0,0.0,0.0,132000.0,818400000.0,0.0,0.0,0.0,0.0,0.0,0.0,0.0,0.0
08/03/2021,5800.0,5700.0,100.0,0.0175438596,5800.0,6000.0,5800.0,55700.0,326202000.0,0.0,0.0,55700.0,326202000.0,0.0,0.0,0.0,0.0,0.0,0.0,0.0,0.0
05/03/2021,5700.0,5600.0,100.0,0.0178571429,5700.0,5700.0,5600.0,16500.0,92979000.0,0.0,0.0,16500.0,92979000.0,0.0,0.0,0.0,0.0,0.0,0.0,0.0,0.0
04/03/2021,5600.0,5790.0,-190.0,-0.0328151986,5790.0,5800.0,5600.0,22800.0,128488000.0,0.0,0.0,22800.0,128488000.0,2800.0,-2800.0,0.0,0.0,15686000.0,-15686000.0,0.0,0.0
03/03/2021,5790.0,5630.0,160.0,0.0284191829,5630.0,5870.0,5630.0,1700.0,9713000.0,0.0,0.0,1700.0,9713000.0,0.0,0.0,0.0,0.0,0.0,0.0,0.0,0.0
02/03/2021,5630.0,5650.0,-20.0,-0.003539823,5650.0,5650.0,5600.0,7300.0,40988000.0,0.0,0.0,7300.0,40988000.0,0.0,0.0,0.0,0.0,0.0,0.0,0.0,0.0
01/03/2021,5650.0,5650.0,0.0,0.0,5500.0,5680.0,5500.0,16000.0,88926000.0,0.0,0.0,16000.0,88926000.0,5400.0,0.0,0.0,-5400.0,29885000.0,0.0,0.0,-29885000.0
26/02/2021,5650.0,5500.0,150.0,0.0272727273,5500.0,5670.0,5500.0,3200.0,17775000.0,0.0,0.0,3200.0,17775000.0,0.0,0.0,0.0,0.0,0.0,0.0,0.0,0.0
25/02/2021,5500.0,5700.0,-200.0,-0.0350877193,5460.0,5750.0,5460.0,2000.0,11150000.0,0.0,0.0,2000.0,11150000.0,200.0,0.0,0.0,-200.0,1150000.0,0.0,0.0,-1150000.0
24/02/2021,5700.0,5700.0,0.0,0.0,5700.0,6000.0,5700.0,3900.0,22499000.0,0.0,0.0,3900.0,22499000.0,-1100.0,0.0,0.0,1100.0,-6424000.0,0.0,0.0,6424000.0
23/02/2021,5700.0,5700.0,0.0,0.0,5600.0,5700.0,5500.0,13000.0,72691000.0,0.0,0.0,13000.0,72691000.0,0.0,0.0,0.0,0.0,0.0,0.0,0.0,0.0
22/02/2021,5700.0,5800.0,-100.0,-0.0172413793,5700.0,5700.0,5600.0,2400.0,13600000.0,4873670.0,29339493400.0,4876070.0,29353093400.0,0.0,0.0,0.0,0.0,0.0,0.0,0.0,0.0
19/02/2021,5800.0,5800.0,0.0,0.0,5800.0,5800.0,5800.0,100.0,580000.0,0.0,0.0,100.0,580000.0,0.0,0.0,0.0,0.0,0.0,0.0,0.0,0.0
18/02/2021,5800.0,5600.0,200.0,0.0357142857,5600.0,5800.0,5550.0,11400.0,63425000.0,0.0,0.0,11400.0,63425000.0,0.0,0.0,0.0,0.0,0.0,0.0,0.0,0.0
17/02/2021,5600.0,5940.0,-340.0,-0.0572390572,5550.0,6000.0,5550.0,27000.0,152205000.0,4873670.0,26951395100.0,4900670.0,27103600100.0,0.0,0.0,0.0,0.0,0.0,0.0,0.0,0.0
09/02/2021,5940.0,5600.0,340.0,0.0607,5940.0,5940.0,5940.0,900.0,5346000.0,0.0,0.0,900.0,5346000.0,0.0,0.0,0.0,0.0,0.0,0.0,0.0,0.0
08/02/2021,5600.0,5590.0,10.0,0.0017889088,5590.0,5680.0,5590.0,15100.0,84637000.0,0.0,0.0,15100.0,84637000.0,0.0,0.0,0.0,0.0,0.0,0.0,0.0,0.0
05/02/2021,5590.0,5690.0,-100.0,-0.0175746924,5640.0,5640.0,5500.0,10800.0,60004000.0,0.0,0.0,10800.0,60004000.0,0.0,0.0,0.0,0.0,0.0,0.0,0.0,0.0
04/02/2021,5690.0,5600.0,90.0,0.0160714286,5600.0,5700.0,5220.0,9000.0,49041000.0,0.0,0.0,9000.0,49041000.0,0.0,0.0,0.0,0.0,0.0,0.0,0.0,0.0
03/02/2021,5600.0,5500.0,100.0,0.0181818182,5650.0,5650.0,5600.0,3300.0,18555000.0,0.0,0.0,3300.0,18555000.0,0.0,0.0,0.0,0.0,0.0,0.0,0.0,0.0
02/02/2021,5500.0,5500.0,0.0,0.0,5500.0,5550.0,5120.0,17800.0,93667000.0,0.0,0.0,17800.0,93667000.0,0.0,0.0,0.0,0.0,0.0,0.0,0.0,0.0
01/02/2021,5500.0,5490.0,10.0,0.00182149,5700.0,5700.0,5500.0,6100.0,33770000.0,0.0,0.0,6100.0,33770000.0,0.0,0.0,0.0,0.0,0.0,0.0,0.0,0.0
29/01/2021,5490.0,5220.0,270.0,0.0517241379,4860.0,5490.0,4860.0,12100.0,60000000.0,0.0,0.0,12100.0,60000000.0,0.0,0.0,0.0,0.0,0.0,0.0,0.0,0.0
28/01/2021,5220.0,5610.0,-390.0,-0.0695187166,5230.0,5600.0,5220.0,15700.0,82246000.0,0.0,0.0,15700.0,82246000.0,0.0,0.0,0.0,0.0,0.0,0.0,0.0,0.0
27/01/2021,5610.0,6000.0,-390.0,-0.065,6000.0,6000.0,5610.0,5000.0,28440000.0,0.0,0.0,5000.0,28440000.0,0.0,0.0,0.0,0.0,0.0,0.0,0.0,0.0
26/01/2021,6000.0,6010.0,-10.0,-0.0016638935,6010.0,6200.0,6000.0,5600.0,34067000.0,0.0,0.0,5600.0,34067000.0,0.0,0.0,0.0,0.0,0.0,0.0,0.0,0.0
25/01/2021,6010.0,6450.0,-440.0,-0.0682170543,6000.0,6370.0,6000.0,8900.0,54291000.0,0.0,0.0,8900.0,54291000.0,0.0,0.0,0.0,0.0,0.0,0.0,0.0,0.0
22/01/2021,6450.0,6480.0,-30.0,-0.0046296296,6480.0,6480.0,6450.0,1300.0,8394000.0,0.0,0.0,1300.0,8394000.0,0.0,0.0,0.0,0.0,0.0,0.0,0.0,0.0
21/01/2021,6480.0,6440.0,40.0,0.0062111801,6120.0,6600.0,6120.0,7100.0,45565000.0,0.0,0.0,7100.0,45565000.0,0.0,0.0,0.0,0.0,0.0,0.0,0.0,0.0
20/01/2021,6440.0,6470.0,-30.0,-0.0046367852,6470.0,6470.0,6020.0,38400.0,231670000.0,0.0,0.0,38400.0,231670000.0,0.0,0.0,0.0,0.0,0.0,0.0,0.0,0.0
19/01/2021,6470.0,6950.0,-480.0,-0.0690647482,6890.0,6890.0,6470.0,50300.0,330215000.0,0.0,0.0,50300.0,330215000.0,0.0,0.0,0.0,0.0,0.0,0.0,0.0,0.0
18/01/2021,6950.0,7000.0,-50.0,-0.0071428571,7000.0,7000.0,6600.0,10100.0,69521000.0,0.0,0.0,10100.0,69521000.0,0.0,0.0,0.0,0.0,0.0,0.0,0.0,0.0
15/01/2021,7000.0,6630.0,370.0,0.0558,7090.0,7090.0,6800.0,41800.0,292904000.0,0.0,0.0,41800.0,292904000.0,10900.0,0.0,0.0,-10900.0,77110000.0,0.0,0.0,-77110000.0
14/01/2021,6630.0,6200.0,430.0,0.0694,6350.0,6630.0,6350.0,84500.0,559314000.0,0.0,0.0,84500.0,559314000.0,-200.0,0.0,0.0,200.0,-1326000.0,0.0,0.0,1326000.0
13/01/2021,6200.0,6290.0,-90.0,-0.0143084261,6400.0,6400.0,6200.0,24500.0,152870000.0,0.0,0.0,24500.0,152870000.0,0.0,0.0,0.0,0.0,0.0,0.0,0.0,0.0
12/01/2021,6290.0,6440.0,-150.0,-0.0232919255,6440.0,6440.0,6200.0,19100.0,120698000.0,0.0,0.0,19100.0,120698000.0,0.0,0.0,0.0,0.0,0.0,0.0,0.0,0.0
11/01/2021,6440.0,6210.0,230.0,0.037037037,6550.0,6550.0,6300.0,6700.0,43159000.0,0.0,0.0,6700.0,43159000.0,0.0,0.0,0.0,0.0,0.0,0.0,0.0,0.0
08/01/2021,6210.0,6450.0,-240.0,-0.0372093023,6490.0,6500.0,6210.0,24300.0,156351000.0,0.0,0.0,24300.0,156351000.0,0.0,0.0,0.0,0.0,0.0,0.0,0.0,0.0
07/01/2021,6450.0,6200.0,250.0,0.0403,6100.0,6500.0,5800.0,19700.0,125161000.0,0.0,0.0,19700.0,125161000.0,0.0,0.0,0.0,0.0,0.0,0.0,0.0,0.0
06/01/2021,6200.0,6260.0,-60.0,-0.0095846645,6260.0,6400.0,6100.0,20800.0,129468000.0,0.0,0.0,20800.0,129468000.0,0.0,0.0,0.0,0.0,0.0,0.0,0.0,0.0
05/01/2021,6260.0,6400.0,-140.0,-0.021875,6310.0,6310.0,6260.0,12400.0,78083000.0,0.0,0.0,12400.0,78083000.0,-400.0,0.0,0.0,400.0,-2524000.0,0.0,0.0,2524000.0
04/01/2021,6400.0,6600.0,-200.0,-0.0303030303,6550.0,6550.0,6300.0,19700.0,126721000.0,0.0,0.0,19700.0,126721000.0,2800.0,-2800.0,0.0,0.0,17920000.0,-17920000.0,0.0,0.0
31/12/2020,6600.0,6500.0,100.0,0.0153846154,6880.0,6950.0,6510.0,67640.0,465795800.0,0.0,0.0,67640.0,465795800.0,0.0,0.0,0.0,0.0,0.0,0.0,0.0,0.0
30/12/2020,6500.0,6080.0,420.0,0.0690789474,6500.0,6500.0,6450.0,43680.0,283718000.0,0.0,0.0,43680.0,283718000.0,-900.0,0.0,0.0,900.0,-5850000.0,0.0,0.0,5850000.0
29/12/2020,6080.0,5690.0,390.0,0.0685413005,5690.0,6080.0,5690.0,32540.0,191289300.0,0.0,0.0,32540.0,191289300.0,0.0,0.0,0.0,0.0,0.0,0.0,0.0,0.0
28/12/2020,5690.0,5700.0,-10.0,-0.001754386,5700.0,5700.0,5320.0,67750.0,368593500.0,0.0,0.0,67750.0,368593500.0,0.0,0.0,0.0,0.0,0.0,0.0,0.0,0.0
25/12/2020,5700.0,5700.0,0.0,0.0,5410.0,6000.0,5410.0,1780.0,9988400.0,9833910.0,52218062100.0,9835690.0,52228050500.0,0.0,0.0,0.0,0.0,0.0,0.0,0.0,0.0
24/12/2020,5700.0,5700.0,0.0,0.0,6060.0,6060.0,5600.0,7530.0,42577600.0,0.0,0.0,7530.0,42577600.0,0.0,0.0,0.0,0.0,0.0,0.0,0.0,0.0
23/12/2020,5700.0,5600.0,100.0,0.0178571429,5600.0,5800.0,5600.0,23390.0,133515200.0,16262420.0,84727208200.0,16285810.0,84860723400.0,0.0,0.0,0.0,0.0,0.0,0.0,0.0,0.0
22/12/2020,5600.0,5650.0,-50.0,-0.0088495575,5650.0,5650.0,5500.0,35060.0,195569900.0,0.0,0.0,35060.0,195569900.0,0.0,0.0,0.0,0.0,0.0,0.0,0.0,0.0
21/12/2020,5650.0,5500.0,150.0,0.0272727273,5700.0,5700.0,5600.0,9340.0,52737500.0,0.0,0.0,9340.0,52737500.0,0.0,0.0,0.0,0.0,0.0,0.0,0.0,0.0
18/12/2020,5500.0,5610.0,-110.0,-0.0196078431,5450.0,5780.0,5450.0,18060.0,99230200.0,0.0,0.0,18060.0,99230200.0,0.0,0.0,0.0,0.0,0.0,0.0,0.0,0.0
17/12/2020,5610.0,5610.0,0.0,0.0,5700.0,5700.0,5610.0,750.0,4208400.0,0.0,0.0,750.0,4208400.0,0.0,0.0,0.0,0.0,0.0,0.0,0.0,0.0
16/12/2020,5610.0,5690.0,-80.0,-0.014059754,5690.0,5690.0,5450.0,19390.0,106572200.0,0.0,0.0,19390.0,106572200.0,0.0,0.0,0.0,0.0,0.0,0.0,0.0,0.0
15/12/2020,5690.0,5700.0,-10.0,-0.001754386,5700.0,5700.0,5310.0,14320.0,78138600.0,0.0,0.0,14320.0,78138600.0,0.0,0.0,0.0,0.0,0.0,0.0,0.0,0.0
14/12/2020,5700.0,5650.0,50.0,0.0088495575,5900.0,5900.0,5680.0,13430.0,78025700.0,0.0,0.0,13430.0,78025700.0,0.0,0.0,0.0,0.0,0.0,0.0,0.0,0.0
11/12/2020,5650.0,5730.0,-80.0,-0.0139616056,5330.0,5730.0,5330.0,12840.0,71092800.0,0.0,0.0,12840.0,71092800.0,0.0,0.0,0.0,0.0,0.0,0.0,0.0,0.0
10/12/2020,5730.0,5730.0,0.0,0.0,5550.0,5730.0,5550.0,1690.0,9592800.0,0.0,0.0,1690.0,9592800.0,0.0,0.0,0.0,0.0,0.0,0.0,0.0,0.0
09/12/2020,5730.0,5730.0,0.0,0.0,5700.0,5730.0,5510.0,13730.0,77778400.0,0.0,0.0,13730.0,77778400.0,0.0,0.0,0.0,0.0,0.0,0.0,0.0,0.0
08/12/2020,5730.0,5650.0,80.0,0.014159292,5770.0,5770.0,5600.0,10020.0,57263800.0,0.0,0.0,10020.0,57263800.0,0.0,0.0,0.0,0.0,0.0,0.0,0.0,0.0
07/12/2020,5650.0,5600.0,50.0,0.0089285714,5700.0,5700.0,5600.0,13400.0,75658200.0,0.0,0.0,13400.0,75658200.0,0.0,0.0,0.0,0.0,0.0,0.0,0.0,0.0
04/12/2020,5600.0,5780.0,-180.0,-0.0311418685,5730.0,5730.0,5600.0,3960.0,22571800.0,0.0,0.0,3960.0,22571800.0,0.0,0.0,0.0,0.0,0.0,0.0,0.0,0.0
03/12/2020,5780.0,5880.0,-100.0,-0.0170068027,5880.0,5880.0,5480.0,9730.0,53439800.0,0.0,0.0,9730.0,53439800.0,0.0,0.0,0.0,0.0,0.0,0.0,0.0,0.0
02/12/2020,5880.0,5940.0,-60.0,-0.0101010101,5550.0,5910.0,5540.0,17270.0,96527000.0,0.0,0.0,17270.0,96527000.0,70.0,0.0,0.0,-70.0,389200.0,0.0,0.0,-389200.0
01/12/2020,5940.0,6070.0,-130.0,-0.021416804,5650.0,5940.0,5650.0,37420.0,212293000.0,70000.0,396200000.0,107420.0,608493000.0,0.0,0.0,0.0,0.0,0.0,0.0,0.0,0.0
30/11/2020,6070.0,6130.0,-60.0,-0.0097879282,5750.0,6070.0,5750.0,450.0,2603500.0,0.0,0.0,450.0,2603500.0,0.0,0.0,0.0,0.0,0.0,0.0,0.0,0.0
27/11/2020,6130.0,5910.0,220.0,0.0372250423,5910.0,6300.0,5910.0,1500.0,9116700.0,0.0,0.0,1500.0,9116700.0,-70.0,0.0,0.0,70.0,-440300.0,0.0,0.0,440300.0
26/11/2020,5910.0,5610.0,300.0,0.0534759358,5930.0,5930.0,5400.0,8200.0,44767000.0,0.0,0.0,8200.0,44767000.0,0.0,0.0,0.0,0.0,0.0,0.0,0.0,0.0
25/11/2020,5610.0,5950.0,-340.0,-0.0571428571,5940.0,5940.0,5540.0,24420.0,136938300.0,0.0,0.0,24420.0,136938300.0,0.0,0.0,0.0,0.0,0.0,0.0,0.0,0.0
24/11/2020,5950.0,5950.0,0.0,0.0,6340.0,6340.0,5950.0,2230.0,13299600.0,0.0,0.0,2230.0,13299600.0,0.0,0.0,0.0,0.0,0.0,0.0,0.0,0.0
23/11/2020,5950.0,6390.0,-440.0,-0.06885759,5960.0,6300.0,5950.0,1760.0,10475600.0,0.0,0.0,1760.0,10475600.0,0.0,0.0,0.0,0.0,0.0,0.0,0.0,0.0
20/11/2020,6390.0,6430.0,-40.0,-0.0062208398,6100.0,6390.0,6100.0,1010.0,6335000.0,0.0,0.0,1010.0,6335000.0,0.0,0.0,0.0,0.0,0.0,0.0,0.0,0.0
19/11/2020,6430.0,6500.0,-70.0,-0.0107692308,6100.0,6440.0,6050.0,10260.0,62254700.0,0.0,0.0,10260.0,62254700.0,0.0,0.0,0.0,0.0,0.0,0.0,0.0,0.0
18/11/2020,6500.0,6090.0,410.0,0.0673234811,6510.0,6510.0,6500.0,1570.0,10219900.0,0.0,0.0,1570.0,10219900.0,0.0,0.0,0.0,0.0,0.0,0.0,0.0,0.0
17/11/2020,6090.0,6540.0,-450.0,-0.0688073394,6090.0,6950.0,6090.0,11860.0,72881800.0,0.0,0.0,11860.0,72881800.0,0.0,0.0,0.0,0.0,0.0,0.0,0.0,0.0
16/11/2020,6540.0,6570.0,-30.0,-0.00456621,6120.0,6540.0,6120.0,29140.0,179056200.0,0.0,0.0,29140.0,179056200.0,0.0,0.0,0.0,0.0,0.0,0.0,0.0,0.0
13/11/2020,6570.0,6580.0,-10.0,-0.0015197568,6130.0,6570.0,6130.0,4070.0,25859900.0,0.0,0.0,4070.0,25859900.0,0.0,0.0,0.0,0.0,0.0,0.0,0.0,0.0
12/11/2020,6580.0,6250.0,330.0,0.0528,6590.0,6590.0,5900.0,1160.0,7000000.0,0.0,0.0,1160.0,7000000.0,0.0,0.0,0.0,0.0,0.0,0.0,0.0,0.0
11/11/2020,6250.0,6700.0,-450.0,-0.0671641791,7100.0,7100.0,6250.0,100.0,1000000.0,0.0,0.0,100.0,1000000.0,0.0,0.0,0.0,0.0,0.0,0.0,0.0,0.0
10/11/2020,6700.0,6900.0,-200.0,-0.0289855072,6990.0,6990.0,6430.0,180.0,1165700.0,0.0,0.0,180.0,1165700.0,0.0,0.0,0.0,0.0,0.0,0.0,0.0,0.0
09/11/2020,6900.0,6470.0,430.0,0.0664605873,6020.0,6900.0,6020.0,4810.0,31348500.0,0.0,0.0,4810.0,31348500.0,0.0,0.0,0.0,0.0,0.0,0.0,0.0,0.0
06/11/2020,6470.0,6950.0,-480.0,-0.0690647482,7000.0,7000.0,6470.0,3260.0,21107700.0,0.0,0.0,3260.0,21107700.0,-700.0,0.0,0.0,700.0,-4529000.0,0.0,0.0,4529000.0
05/11/2020,6950.0,7000.0,-50.0,-0.0071428571,6510.0,6950.0,6510.0,600.0,4134200.0,0.0,0.0,600.0,4134200.0,0.0,0.0,0.0,0.0,0.0,0.0,0.0,0.0
04/11/2020,7000.0,7100.0,-100.0,-0.014084507,6610.0,7000.0,6610.0,13410.0,89028000.0,0.0,0.0,13410.0,89028000.0,0.0,0.0,0.0,0.0,0.0,0.0,0.0,0.0
03/11/2020,7100.0,7100.0,0.0,0.0,7100.0,7100.0,7100.0,0.0,0.0,0.0,0.0,0.0,0.0,0.0,0.0,0.0,0.0,0.0,0.0,0.0,0.0
02/11/2020,7100.0,7000.0,100.0,0.0142857143,7100.0,7100.0,7100.0,10.0,71000.0,0.0,0.0,10.0,71000.0,0.0,0.0,0.0,0.0,0.0,0.0,0.0,0.0
30/10/2020,7000.0,6650.0,350.0,0.0526315789,6500.0,7090.0,6500.0,130.0,855900.0,0.0,0.0,130.0,855900.0,0.0,0.0,0.0,0.0,0.0,0.0,0.0,0.0
29/10/2020,6650.0,7150.0,-500.0,-0.0699300699,7190.0,7190.0,6650.0,850.0,5657900.0,0.0,0.0,850.0,5657900.0,0.0,0.0,0.0,0.0,0.0,0.0,0.0,0.0
28/10/2020,7150.0,7240.0,-90.0,-0.0124309392,7240.0,7240.0,6790.0,7810.0,56363500.0,0.0,0.0,7810.0,56363500.0,0.0,0.0,0.0,0.0,0.0,0.0,0.0,0.0
27/10/2020,7240.0,6790.0,450.0,0.0662739323,7240.0,7240.0,7240.0,10.0,72400.0,0.0,0.0,10.0,72400.0,0.0,0.0,0.0,0.0,0.0,0.0,0.0,0.0
26/10/2020,6790.0,6940.0,-150.0,-0.0216138329,6800.0,6800.0,6790.0,1440.0,9789000.0,0.0,0.0,1440.0,9789000.0,0.0,0.0,0.0,0.0,0.0,0.0,0.0,0.0
23/10/2020,6940.0,6950.0,-10.0,-0.0014388489,6500.0,6940.0,6490.0,5020.0,33069200.0,0.0,0.0,5020.0,33069200.0,0.0,0.0,0.0,0.0,0.0,0.0,0.0,0.0
22/10/2020,6950.0,6960.0,-10.0,-0.0014367816,6960.0,6960.0,6480.0,2630.0,17322500.0,0.0,0.0,2630.0,17322500.0,0.0,0.0,0.0,0.0,0.0,0.0,0.0,0.0
21/10/2020,6960.0,7050.0,-90.0,-0.0127659574,6960.0,6960.0,6960.0,1910.0,13293600.0,0.0,0.0,1910.0,13293600.0,0.0,0.0,0.0,0.0,0.0,0.0,0.0,0.0
20/10/2020,7050.0,7100.0,-50.0,-0.0070422535,6620.0,7050.0,6620.0,1290.0,8879500.0,0.0,0.0,1290.0,8879500.0,0.0,0.0,0.0,0.0,0.0,0.0,0.0,0.0
19/10/2020,7100.0,7100.0,0.0,0.0,7100.0,7100.0,7100.0,10.0,71000.0,0.0,0.0,10.0,71000.0,0.0,0.0,0.0,0.0,0.0,0.0,0.0,0.0
16/10/2020,7100.0,7140.0,-40.0,-0.0056022409,7000.0,7140.0,6650.0,1240.0,8263400.0,0.0,0.0,1240.0,8263400.0,0.0,0.0,0.0,0.0,0.0,0.0,0.0,0.0
15/10/2020,7140.0,7180.0,-40.0,-0.0055710306,6680.0,7160.0,6680.0,21970.0,148697800.0,0.0,0.0,21970.0,148697800.0,0.0,0.0,0.0,0.0,0.0,0.0,0.0,0.0
14/10/2020,7180.0,7720.0,-540.0,-0.0699481865,7180.0,7400.0,7180.0,14490.0,104098000.0,0.0,0.0,14490.0,104098000.0,10000.0,0.0,0.0,-10000.0,71800000.0,0.0,0.0,-71800000.0
13/10/2020,7720.0,7690.0,30.0,0.0039011704,7210.0,7780.0,7210.0,3110.0,22754800.0,0.0,0.0,3110.0,22754800.0,0.0,0.0,0.0,0.0,0.0,0.0,0.0,0.0
12/10/2020,7690.0,7690.0,0.0,0.0,7600.0,7700.0,7600.0,19400.0,148761800.0,0.0,0.0,19400.0,148761800.0,5.0,0.0,0.0,0.0,0.0,0.0,0.0,0.0
09/10/2020,7690.0,7700.0,-10.0,-0.0012987013,7700.0,7700.0,7300.0,720.0,5275900.0,0.0,0.0,720.0,5275900.0,0.0,0.0,0.0,0.0,0.0,0.0,0.0,0.0
08/10/2020,7700.0,7800.0,-100.0,-0.0128205128,7270.0,7890.0,7270.0,6920.0,51741600.0,435550.0,3632487000.0,442470.0,3684228600.0,0.0,0.0,0.0,0.0,0.0,0.0,0.0,0.0
07/10/2020,7800.0,7290.0,510.0,0.0699588477,7200.0,7800.0,6780.0,46890.0,359166000.0,0.0,0.0,46890.0,359166000.0,0.0,0.0,0.0,0.0,0.0,0.0,0.0,0.0
06/10/2020,7290.0,6840.0,450.0,0.0657894737,6840.0,7290.0,6840.0,22470.0,162732400.0,0.0,0.0,22470.0,162732400.0,6020.0,0.0,0.0,0.0,43877000.0,0.0,0.0,0.0
05/10/2020,6840.0,6400.0,440.0,0.06875,6200.0,6840.0,6200.0,47470.0,316833300.0,0.0,0.0,47470.0,316833300.0,450.0,0.0,0.0,0.0,2976000.0,0.0,0.0,0.0
02/10/2020,6400.0,6280.0,120.0,0.0191082803,6400.0,6500.0,6280.0,160190.0,1030120700.0,0.0,0.0,160190.0,1030120700.0,2800.0,-2800.0,0.0,0.0,17920000.0,-17920000.0,0.0,0.0
01/10/2020,6280.0,6190.0,90.0,0.01453958,6300.0,6450.0,6200.0,78800.0,488831800.0,0.0,0.0,78800.0,488831800.0,0.0,0.0,0.0,0.0,0.0,0.0,0.0,0.0
30/09/2020,6190.0,6190.0,0.0,0.0,6000.0,6290.0,6000.0,107340.0,657172000.0,0.0,0.0,107340.0,657172000.0,20.0,0.0,0.0,0.0,122000.0,0.0,0.0,0.0
29/09/2020,6190.0,6200.0,-10.0,-0.0016129032,5770.0,6190.0,5770.0,103260.0,621682600.0,0.0,0.0,103260.0,621682600.0,780.0,0.0,0.0,0.0,4789200.0,0.0,0.0,0.0
28/09/2020,6200.0,6200.0,0.0,0.0,5770.0,6200.0,5770.0,420.0,2447200.0,0.0,0.0,420.0,2447200.0,0.0,0.0,0.0,0.0,0.0,0.0,0.0,0.0
25/09/2020,6200.0,5830.0,370.0,0.063464837,6230.0,6230.0,5830.0,90600.0,552079900.0,0.0,0.0,90600.0,552079900.0,2350.0,0.0,0.0,0.0,14644000.0,0.0,0.0,0.0
24/09/2020,5830.0,5450.0,380.0,0.0697247706,5830.0,5830.0,5460.0,94850.0,551786000.0,0.0,0.0,94850.0,551786000.0,12260.0,0.0,0.0,4500.0,71377400.0,0.0,0.0,26235000.0
23/09/2020,5450.0,5100.0,350.0,0.068627451,5100.0,5450.0,4820.0,29370.0,157786500.0,0.0,0.0,29370.0,157786500.0,10970.0,-9990.0,0.0,0.0,59438000.0,-54445500.0,0.0,0.0
22/09/2020,5100.0,5470.0,-370.0,-0.0676416819,5400.0,5400.0,5100.0,11710.0,60992300.0,0.0,0.0,11710.0,60992300.0,-5370.0,0.0,0.0,0.0,-28424000.0,0.0,0.0,0.0
21/09/2020,5470.0,5640.0,-170.0,-0.030141844,5250.0,5490.0,5250.0,3140.0,16944400.0,0.0,0.0,3140.0,16944400.0,0.0,0.0,0.0,0.0,0.0,0.0,0.0,0.0
18/09/2020,5640.0,5700.0,-60.0,-0.0105263158,5310.0,5640.0,5310.0,13980.0,74813900.0,0.0,0.0,13980.0,74813900.0,-100.0,0.0,0.0,0.0,-533000.0,0.0,0.0,0.0
17/09/2020,5700.0,5850.0,-150.0,-0.0256410256,5850.0,5850.0,5600.0,9590.0,54049000.0,0.0,0.0,9590.0,54049000.0,-1600.0,0.0,0.0,0.0,-9129500.0,0.0,0.0,0.0
16/09/2020,5850.0,5850.0,0.0,0.0,5510.0,5850.0,5450.0,47210.0,257907900.0,0.0,0.0,47210.0,257907900.0,-17520.0,0.0,0.0,0.0,-95484000.0,0.0,0.0,0.0
15/09/2020,5850.0,5860.0,-10.0,-0.0017064846,5860.0,5900.0,5600.0,12440.0,70085700.0,0.0,0.0,12440.0,70085700.0,-6000.0,0.0,0.0,0.0,-33860000.0,0.0,0.0,0.0
14/09/2020,5860.0,5890.0,-30.0,-0.0050933786,5500.0,5870.0,5490.0,22420.0,123385300.0,0.0,0.0,22420.0,123385300.0,-2840.0,0.0,0.0,0.0,-15595000.0,0.0,0.0,0.0
11/09/2020,5890.0,5890.0,0.0,0.0,6000.0,6000.0,5500.0,4450.0,24962500.0,0.0,0.0,4450.0,24962500.0,0.0,0.0,0.0,0.0,0.0,0.0,0.0,0.0
10/09/2020,5890.0,6000.0,-110.0,-0.0183333333,6000.0,6000.0,5610.0,9870.0,56106500.0,0.0,0.0,9870.0,56106500.0,-2260.0,-10.0,0.0,0.0,-12692800.0,-60000.0,0.0,0.0
09/09/2020,6000.0,5850.0,150.0,0.0256410256,6000.0,6000.0,5500.0,15820.0,88678000.0,0.0,0.0,15820.0,88678000.0,-240.0,0.0,0.0,0.0,-1392000.0,0.0,0.0,0.0
08/09/2020,5850.0,6250.0,-400.0,-0.064,6250.0,6250.0,5850.0,15730.0,93431000.0,0.0,0.0,15730.0,93431000.0,-30.0,0.0,0.0,0.0,-183500.0,0.0,0.0,0.0
07/09/2020,6250.0,6370.0,-120.0,-0.0188383046,5930.0,6250.0,5930.0,120290.0,715993400.0,0.0,0.0,120290.0,715993400.0,4930.0,-4000.0,0.0,-20.0,30315500.0,-24732000.0,0.0,-118600.0
04/09/2020,6370.0,6840.0,-470.0,-0.0687134503,6370.0,6370.0,6370.0,9570.0,60960900.0,0.0,0.0,9570.0,60960900.0,-70.0,0.0,0.0,0.0,-445900.0,0.0,0.0,0.0
03/09/2020,6840.0,7350.0,-510.0,-0.0693877551,6840.0,6840.0,6840.0,7340.0,50205600.0,0.0,0.0,7340.0,50205600.0,0.0,0.0,0.0,0.0,0.0,0.0,0.0,0.0
01/09/2020,7350.0,7900.0,-550.0,-0.0696202532,7350.0,7350.0,7350.0,3940.0,28959000.0,0.0,0.0,3940.0,28959000.0,0.0,0.0,0.0,0.0,0.0,0.0,0.0,0.0
31/08/2020,7900.0,8490.0,-590.0,-0.0694935218,7900.0,7900.0,7900.0,26440.0,208876000.0,0.0,0.0,26440.0,208876000.0,0.0,0.0,0.0,0.0,0.0,0.0,0.0,0.0
28/08/2020,8490.0,8280.0,210.0,0.0253623188,8280.0,8500.0,8200.0,105370.0,883795900.0,0.0,0.0,105370.0,883795900.0,-580.0,0.0,0.0,0.0,-4804400.0,0.0,0.0,0.0
27/08/2020,8280.0,7740.0,540.0,0.0697674419,7740.0,8280.0,7200.0,617800.0,4641439000.0,9000000.0,74250000000.0,9617800.0,78891439000.0,-10.0,0.0,0.0,0.0,-72000.0,0.0,0.0,0.0
26/08/2020,7740.0,7260.0,480.0,0.0661157025,7260.0,7760.0,7200.0,1162410.0,8996135900.0,0.0,0.0,1162410.0,8996135900.0,1650.0,-2800.0,0.0,20.0,12368700.0,-21280000.0,0.0,153800.0
25/08/2020,7260.0,6790.0,470.0,0.0692194404,6320.0,7260.0,6320.0,254910.0,1845918400.0,0.0,0.0,254910.0,1845918400.0,-650.0,0.0,0.0,0.0,-4108000.0,0.0,0.0,0.0
24/08/2020,6790.0,6360.0,430.0,0.0676100629,6790.0,6800.0,6400.0,176750.0,1193915300.0,0.0,0.0,176750.0,1193915300.0,-30.0,0.0,0.0,0.0,-204000.0,0.0,0.0,0.0
21/08/2020,6360.0,5950.0,410.0,0.068907563,6360.0,6360.0,6360.0,259130.0,1648066800.0,0.0,0.0,259130.0,1648066800.0,50.0,0.0,0.0,0.0,318000.0,0.0,0.0,0.0
20/08/2020,5950.0,5570.0,380.0,0.0682226212,5950.0,5950.0,5950.0,100370.0,597201500.0,0.0,0.0,100370.0,597201500.0,2800.0,-2800.0,0.0,0.0,16660000.0,-16660000.0,0.0,0.0
19/08/2020,5570.0,5210.0,360.0,0.0690978887,5550.0,5570.0,5500.0,130010.0,723874500.0,0.0,0.0,130010.0,723874500.0,0.0,0.0,0.0,0.0,0.0,0.0,0.0,0.0
18/08/2020,5210.0,4870.0,340.0,0.0698151951,4530.0,5210.0,4530.0,22000.0,113260000.0,0.0,0.0,22000.0,113260000.0,0.0,0.0,0.0,0.0,0.0,0.0,0.0,0.0
17/08/2020,4870.0,4900.0,-30.0,-0.006122449,4800.0,4870.0,4560.0,9580.0,43745400.0,0.0,0.0,9580.0,43745400.0,-80.0,0.0,0.0,0.0,-379200.0,0.0,0.0,0.0
14/08/2020,4900.0,4900.0,0.0,0.0,4900.0,4900.0,4900.0,10.0,49000.0,0.0,0.0,10.0,49000.0,0.0,0.0,0.0,0.0,0.0,0.0,0.0,0.0
13/08/2020,4900.0,4900.0,0.0,0.0,4900.0,4900.0,4560.0,3470.0,15957200.0,0.0,0.0,3470.0,15957200.0,0.0,0.0,0.0,0.0,0.0,0.0,0.0,0.0
12/08/2020,4900.0,4850.0,50.0,0.0103092784,4850.0,4900.0,4520.0,11100.0,50221500.0,0.0,0.0,11100.0,50221500.0,0.0,0.0,0.0,0.0,0.0,0.0,0.0,0.0
11/08/2020,4850.0,4900.0,-50.0,-0.0102040816,4710.0,4850.0,4710.0,11290.0,53963300.0,0.0,0.0,11290.0,53963300.0,30.0,-1660.0,0.0,0.0,208200.0,-7885500.0,0.0,0.0
10/08/2020,4900.0,4700.0,200.0,0.0425531915,4700.0,5000.0,4700.0,31490.0,151586000.0,0.0,0.0,31490.0,151586000.0,1140.0,-1140.0,0.0,0.0,5586000.0,-5586000.0,0.0,0.0
07/08/2020,4700.0,4690.0,10.0,0.0021321962,4500.0,4700.0,4500.0,2360.0,11063100.0,0.0,0.0,2360.0,11063100.0,-10.0,0.0,0.0,0.0,-47000.0,0.0,0.0,0.0
06/08/2020,4690.0,4400.0,290.0,0.0659090909,4100.0,4690.0,4100.0,64560.0,282372400.0,0.0,0.0,64560.0,282372400.0,180.0,0.0,0.0,0.0,816000.0,0.0,0.0,0.0
05/08/2020,4400.0,4400.0,0.0,0.0,4400.0,4400.0,4400.0,300.0,1320000.0,0.0,0.0,300.0,1320000.0,0.0,0.0,0.0,0.0,0.0,0.0,0.0,0.0
04/08/2020,4400.0,4390.0,10.0,0.0022779043,4100.0,4680.0,4090.0,6150.0,25568800.0,0.0,0.0,6150.0,25568800.0,0.0,0.0,0.0,0.0,0.0,0.0,0.0,0.0
03/08/2020,4390.0,4400.0,-10.0,-0.0022727273,4100.0,4390.0,4100.0,1220.0,5007800.0,0.0,0.0,1220.0,5007800.0,-10.0,0.0,0.0,0.0,-41000.0,0.0,0.0,0.0
31/07/2020,4400.0,4400.0,0.0,0.0,4400.0,4400.0,4400.0,0.0,0.0,0.0,0.0,0.0,0.0,0.0,0.0,0.0,0.0,0.0,0.0,0.0,0.0
30/07/2020,4400.0,4300.0,100.0,0.023255814,4100.0,4550.0,4000.0,13420.0,55169000.0,0.0,0.0,13420.0,55169000.0,-2780.0,2800.0,0.0,0.0,-12599000.0,12681000.0,0.0,0.0
29/07/2020,4300.0,4300.0,0.0,0.0,4000.0,4300.0,4000.0,840.0,3372000.0,0.0,0.0,840.0,3372000.0,10.0,0.0,0.0,0.0,43000.0,0.0,0.0,0.0
28/07/2020,4300.0,4400.0,-100.0,-0.0227272727,4400.0,4400.0,4200.0,110.0,467000.0,0.0,0.0,110.0,467000.0,-20.0,0.0,0.0,0.0,-88000.0,0.0,0.0,0.0
27/07/2020,4400.0,4650.0,-250.0,-0.0537634409,4330.0,4650.0,4330.0,68340.0,301480500.0,0.0,0.0,68340.0,301480500.0,-44200.0,0.0,0.0,0.0,-192576000.0,0.0,0.0,0.0
24/07/2020,4650.0,4680.0,-30.0,-0.0064102564,4500.0,4690.0,4500.0,100710.0,469621000.0,2419380.0,12096900000.0,2520090.0,12566521000.0,-92340.0,0.0,0.0,0.0,-431193400.0,0.0,0.0,0.0
23/07/2020,4680.0,4390.0,290.0,0.0660592255,4390.0,4680.0,4100.0,23310.0,108974200.0,0.0,0.0,23310.0,108974200.0,-23020.0,0.0,0.0,0.0,-107722200.0,0.0,0.0,0.0
22/07/2020,4390.0,4110.0,280.0,0.0681265207,4390.0,4390.0,4350.0,39900.0,174961000.0,0.0,0.0,39900.0,174961000.0,-450.0,0.0,0.0,0.0,-1975500.0,0.0,0.0,0.0
21/07/2020,4110.0,3850.0,260.0,0.0675324675,3650.0,4110.0,3610.0,107120.0,422407500.0,0.0,0.0,107120.0,422407500.0,-73570.0,0.0,0.0,0.0,-288908000.0,0.0,0.0,0.0
20/07/2020,3850.0,4100.0,-250.0,-0.0609756098,3830.0,3850.0,3830.0,25620.0,98304600.0,0.0,0.0,25620.0,98304600.0,2800.0,-2800.0,0.0,0.0,10780000.0,-10780000.0,0.0,0.0
17/07/2020,4100.0,4400.0,-300.0,-0.0681818182,4110.0,4110.0,4100.0,36360.0,149130000.0,0.0,0.0,36360.0,149130000.0,-27460.0,0.0,0.0,0.0,-112586000.0,0.0,0.0,0.0
16/07/2020,4400.0,4320.0,80.0,0.0185185185,4620.0,4620.0,4050.0,98130.0,450668200.0,0.0,0.0,98130.0,450668200.0,-1140.0,0.0,0.0,0.0,-5244800.0,0.0,0.0,0.0
15/07/2020,4320.0,4040.0,280.0,0.0693069307,4320.0,4320.0,4320.0,25660.0,110851200.0,0.0,0.0,25660.0,110851200.0,0.0,0.0,0.0,0.0,0.0,0.0,0.0,0.0
14/07/2020,4040.0,3780.0,260.0,0.0687830688,4040.0,4040.0,4040.0,23060.0,93162400.0,0.0,0.0,23060.0,93162400.0,0.0,0.0,0.0,0.0,0.0,0.0,0.0,0.0
13/07/2020,3780.0,3540.0,240.0,0.0677966102,3780.0,3780.0,3780.0,11620.0,43923600.0,0.0,0.0,11620.0,43923600.0,0.0,0.0,0.0,0.0,0.0,0.0,0.0,0.0
10/07/2020,3540.0,3310.0,230.0,0.0694864048,3320.0,3540.0,3320.0,33700.0,118759300.0,0.0,0.0,33700.0,118759300.0,0.0,0.0,0.0,0.0,0.0,0.0,0.0,0.0
09/07/2020,3310.0,3100.0,210.0,0.0677419355,3250.0,3310.0,3250.0,20580.0,67666200.0,0.0,0.0,20580.0,67666200.0,110.0,0.0,0.0,0.0,357500.0,0.0,0.0,0.0
08/07/2020,3100.0,3240.0,-140.0,-0.0432098765,3100.0,3100.0,3100.0,31350.0,97185000.0,0.0,0.0,31350.0,97185000.0,0.0,0.0,0.0,0.0,0.0,0.0,0.0,0.0
07/07/2020,3240.0,3290.0,-50.0,-0.0151975684,3100.0,3240.0,3060.0,17090.0,52831600.0,0.0,0.0,17090.0,52831600.0,0.0,0.0,0.0,0.0,0.0,0.0,0.0,0.0
06/07/2020,3290.0,3450.0,-160.0,-0.0463768116,3290.0,3290.0,3290.0,20.0,65800.0,0.0,0.0,20.0,65800.0,0.0,0.0,0.0,0.0,0.0,0.0,0.0,0.0
03/07/2020,3450.0,3230.0,220.0,0.0681114551,3450.0,3450.0,3010.0,2370.0,7334600.0,0.0,0.0,2370.0,7334600.0,-20.0,0.0,0.0,0.0,-63600.0,0.0,0.0,0.0
02/07/2020,3230.0,3470.0,-240.0,-0.0691642651,3250.0,3450.0,3230.0,3510.0,11359500.0,0.0,0.0,3510.0,11359500.0,0.0,0.0,0.0,0.0,0.0,0.0,0.0,0.0
01/07/2020,3470.0,3290.0,180.0,0.0547112462,3200.0,3470.0,3200.0,10900.0,36512700.0,0.0,0.0,10900.0,36512700.0,0.0,0.0,0.0,0.0,0.0,0.0,0.0,0.0
30/06/2020,3290.0,3470.0,-180.0,-0.0518731988,3470.0,3470.0,3230.0,5800.0,18871800.0,0.0,0.0,5800.0,18871800.0,0.0,0.0,0.0,0.0,0.0,0.0,0.0,0.0
29/06/2020,3470.0,3480.0,-10.0,-0.0028735632,3250.0,3470.0,3250.0,5020.0,16319400.0,0.0,0.0,5020.0,16319400.0,0.0,0.0,0.0,0.0,0.0,0.0,0.0,0.0
26/06/2020,3480.0,3500.0,-20.0,-0.0057142857,3270.0,3500.0,3270.0,30.0,102500.0,0.0,0.0,30.0,102500.0,0.0,0.0,0.0,0.0,0.0,0.0,0.0,0.0
25/06/2020,3500.0,3530.0,-30.0,-0.0084985836,3290.0,3500.0,3290.0,7370.0,24304000.0,0.0,0.0,7370.0,24304000.0,0.0,0.0,0.0,0.0,0.0,0.0,0.0,0.0
24/06/2020,3530.0,3450.0,80.0,0.0231884058,3450.0,3540.0,3220.0,3580.0,11759700.0,0.0,0.0,3580.0,11759700.0,3150.0,0.0,0.0,0.0,10294200.0,0.0,0.0,0.0
23/06/2020,3450.0,3400.0,50.0,0.0147058824,3350.0,3490.0,3350.0,23080.0,79885000.0,0.0,0.0,23080.0,79885000.0,30.0,0.0,0.0,0.0,102000.0,0.0,0.0,0.0
22/06/2020,3400.0,3440.0,-40.0,-0.011627907,3400.0,3430.0,3350.0,4710.0,15917000.0,0.0,0.0,4710.0,15917000.0,0.0,0.0,0.0,0.0,0.0,0.0,0.0,0.0
19/06/2020,3440.0,3450.0,-10.0,-0.0028985507,3450.0,3450.0,3400.0,5040.0,17138900.0,0.0,0.0,5040.0,17138900.0,0.0,0.0,0.0,0.0,0.0,0.0,0.0,0.0
18/06/2020,3450.0,3400.0,50.0,0.0147058824,3400.0,3450.0,3400.0,12890.0,44077800.0,0.0,0.0,12890.0,44077800.0,440.0,0.0,0.0,0.0,1496300.0,0.0,0.0,0.0
17/06/2020,3400.0,3340.0,60.0,0.0179640719,3110.0,3400.0,3110.0,30950.0,103738200.0,0.0,0.0,30950.0,103738200.0,730.0,0.0,0.0,0.0,2323200.0,0.0,0.0,0.0
16/06/2020,3340.0,3590.0,-250.0,-0.069637883,3500.0,3500.0,3340.0,4860.0,16339000.0,0.0,0.0,4860.0,16339000.0,680.0,0.0,0.0,0.0,2313800.0,0.0,0.0,0.0
15/06/2020,3590.0,3400.0,190.0,0.0558823529,3600.0,3600.0,3590.0,2080.0,7487100.0,0.0,0.0,2080.0,7487100.0,0.0,0.0,0.0,0.0,0.0,0.0,0.0,0.0
12/06/2020,3400.0,3450.0,-50.0,-0.0144927536,3680.0,3680.0,3300.0,17560.0,63331600.0,0.0,0.0,17560.0,63331600.0,-11130.0,0.0,0.0,0.0,-41652800.0,0.0,0.0,0.0
11/06/2020,3450.0,3330.0,120.0,0.036036036,3340.0,3450.0,3340.0,31470.0,105826500.0,0.0,0.0,31470.0,105826500.0,2390.0,0.0,0.0,0.0,7905200.0,0.0,0.0,0.0
10/06/2020,3330.0,3150.0,180.0,0.0571428571,3150.0,3330.0,3150.0,19850.0,64173700.0,0.0,0.0,19850.0,64173700.0,-1800.0,0.0,0.0,-9000.0,-5694000.0,0.0,0.0,-28350000.0
09/06/2020,3150.0,3250.0,-100.0,-0.0307692308,3150.0,3150.0,3080.0,19990.0,62667900.0,0.0,0.0,19990.0,62667900.0,580.0,0.0,0.0,-2600.0,1899400.0,0.0,0.0,-8190000.0
08/06/2020,3250.0,3130.0,120.0,0.0383386581,3100.0,3300.0,3100.0,27890.0,90784300.0,0.0,0.0,27890.0,90784300.0,-3370.0,0.0,0.0,-8490.0,-11026800.0,0.0,0.0,-27528600.0
05/06/2020,3130.0,3150.0,-20.0,-0.0063492063,3200.0,3200.0,3130.0,16400.0,51507000.0,0.0,0.0,16400.0,51507000.0,15900.0,0.0,0.0,-15900.0,49937000.0,0.0,0.0,-49937000.0
04/06/2020,3150.0,3130.0,20.0,0.0063897764,3130.0,3150.0,3000.0,55730.0,173677700.0,0.0,0.0,55730.0,173677700.0,19850.0,0.0,0.0,-19850.0,62132500.0,0.0,0.0,-62132500.0
03/06/2020,3130.0,3150.0,-20.0,-0.0063492063,3130.0,3130.0,2930.0,10110.0,29703700.0,0.0,0.0,10110.0,29703700.0,50.0,0.0,0.0,-50.0,156500.0,0.0,0.0,-156500.0
02/06/2020,3150.0,3150.0,0.0,0.0,3150.0,3150.0,3000.0,11640.0,36633000.0,0.0,0.0,11640.0,36633000.0,10430.0,0.0,0.0,-10430.0,32854500.0,0.0,0.0,-32854500.0
01/06/2020,3150.0,3380.0,-230.0,-0.0680473373,3150.0,3160.0,3150.0,9500.0,29935600.0,0.0,0.0,9500.0,29935600.0,9410.0,0.0,0.0,-9420.0,29652100.0,0.0,0.0,-29683600.0
29/05/2020,3380.0,3350.0,30.0,0.0089552239,3300.0,3380.0,3120.0,6150.0,19455200.0,0.0,0.0,6150.0,19455200.0,0.0,0.0,0.0,0.0,0.0,0.0,0.0,0.0
28/05/2020,3350.0,3180.0,170.0,0.0534591195,3000.0,3350.0,3000.0,8420.0,26790500.0,0.0,0.0,8420.0,26790500.0,-10.0,0.0,0.0,0.0,-33500.0,0.0,0.0,0.0
27/05/2020,3180.0,3360.0,-180.0,-0.0535714286,3180.0,3180.0,3180.0,30.0,95400.0,0.0,0.0,30.0,95400.0,0.0,0.0,0.0,0.0,0.0,0.0,0.0,0.0
26/05/2020,3360.0,3400.0,-40.0,-0.0117647059,3180.0,3360.0,3180.0,310.0,1000000.0,0.0,0.0,310.0,1000000.0,0.0,0.0,0.0,0.0,0.0,0.0,0.0,0.0
25/05/2020,3400.0,3240.0,160.0,0.049382716,3040.0,3400.0,3040.0,5670.0,17570400.0,0.0,0.0,5670.0,17570400.0,0.0,0.0,0.0,0.0,0.0,0.0,0.0,0.0
22/05/2020,3240.0,3300.0,-60.0,-0.0181818182,3070.0,3240.0,3070.0,20010.0,61440400.0,0.0,0.0,20010.0,61440400.0,0.0,0.0,0.0,0.0,0.0,0.0,0.0,0.0
21/05/2020,3300.0,3300.0,0.0,0.0,3100.0,3300.0,3100.0,13940.0,43382000.0,0.0,0.0,13940.0,43382000.0,-810.0,0.0,0.0,0.0,-2673000.0,0.0,0.0,0.0
20/05/2020,3300.0,3300.0,0.0,0.0,3300.0,3300.0,3300.0,360.0,1188000.0,0.0,0.0,360.0,1188000.0,0.0,0.0,0.0,0.0,0.0,0.0,0.0,0.0
19/05/2020,3300.0,3400.0,-100.0,-0.0294117647,3200.0,3300.0,3200.0,14670.0,48315000.0,0.0,0.0,14670.0,48315000.0,-30.0,0.0,0.0,0.0,-99000.0,0.0,0.0,0.0
18/05/2020,3400.0,3490.0,-90.0,-0.0257879656,3250.0,3400.0,3250.0,1000.0,3266500.0,0.0,0.0,1000.0,3266500.0,0.0,0.0,0.0,0.0,0.0,0.0,0.0,0.0
15/05/2020,3490.0,3350.0,140.0,0.0417910448,3300.0,3500.0,3120.0,10450.0,32740100.0,0.0,0.0,10450.0,32740100.0,60.0,0.0,0.0,0.0,198000.0,0.0,0.0,0.0
14/05/2020,3350.0,3600.0,-250.0,-0.0694444444,3350.0,3350.0,3350.0,29420.0,98557000.0,0.0,0.0,29420.0,98557000.0,-1790.0,0.0,0.0,0.0,-5996500.0,0.0,0.0,0.0
13/05/2020,3600.0,3600.0,0.0,0.0,3600.0,3600.0,3600.0,2010.0,7236000.0,0.0,0.0,2010.0,7236000.0,0.0,0.0,0.0,0.0,0.0,0.0,0.0,0.0
12/05/2020,3600.0,3650.0,-50.0,-0.0136986301,3400.0,3600.0,3400.0,140.0,490000.0,0.0,0.0,140.0,490000.0,10.0,0.0,0.0,0.0,22000.0,0.0,0.0,0.0
11/05/2020,3650.0,3600.0,50.0,0.0138888889,3650.0,3650.0,3650.0,50.0,182500.0,0.0,0.0,50.0,182500.0,0.0,0.0,0.0,0.0,0.0,0.0,0.0,0.0
08/05/2020,3600.0,3480.0,120.0,0.0344827586,3400.0,3600.0,3400.0,1360.0,4664000.0,0.0,0.0,1360.0,4664000.0,0.0,0.0,0.0,0.0,0.0,0.0,0.0,0.0
07/05/2020,3480.0,3260.0,220.0,0.0674846626,3150.0,3480.0,3150.0,880.0,2885300.0,0.0,0.0,880.0,2885300.0,0.0,0.0,0.0,0.0,0.0,0.0,0.0,0.0
06/05/2020,3260.0,3500.0,-240.0,-0.0685714286,3300.0,3300.0,3260.0,10920.0,35606000.0,0.0,0.0,10920.0,35606000.0,-170.0,0.0,0.0,0.0,-561000.0,0.0,0.0,0.0
05/05/2020,3500.0,3490.0,10.0,0.0028653295,3300.0,3500.0,3300.0,360.0,1242000.0,0.0,0.0,360.0,1242000.0,170.0,0.0,0.0,0.0,613000.0,0.0,0.0,0.0
04/05/2020,3490.0,3500.0,-10.0,-0.0028571429,3500.0,3500.0,3260.0,1220.0,4171500.0,0.0,0.0,1220.0,4171500.0,0.0,0.0,0.0,0.0,0.0,0.0,0.0,0.0
29/04/2020,3500.0,3500.0,0.0,0.0,3500.0,3500.0,3500.0,0.0,0.0,0.0,0.0,0.0,0.0,0.0,0.0,0.0,0.0,0.0,0.0,0.0,0.0
28/04/2020,3500.0,3500.0,0.0,0.0,3600.0,3600.0,3490.0,370.0,1295900.0,0.0,0.0,370.0,1295900.0,-160.0,0.0,0.0,0.0,-561000.0,0.0,0.0,0.0
27/04/2020,3500.0,3310.0,190.0,0.0574018127,3540.0,3540.0,3500.0,600.0,2104000.0,0.0,0.0,600.0,2104000.0,-100.0,0.0,0.0,0.0,-354000.0,0.0,0.0,0.0
24/04/2020,3310.0,3550.0,-240.0,-0.0676056338,3500.0,3500.0,3310.0,5300.0,17544900.0,0.0,0.0,5300.0,17544900.0,-260.0,0.0,0.0,0.0,-860600.0,0.0,0.0,0.0
23/04/2020,3550.0,3600.0,-50.0,-0.0138888889,3500.0,3550.0,3500.0,80.0,280500.0,0.0,0.0,80.0,280500.0,-70.0,0.0,0.0,0.0,-245000.0,0.0,0.0,0.0
22/04/2020,3600.0,3550.0,50.0,0.014084507,3320.0,3600.0,3320.0,60.0,210000.0,0.0,0.0,60.0,210000.0,40.0,0.0,0.0,0.0,144000.0,0.0,0.0,0.0
21/04/2020,3550.0,3500.0,50.0,0.0142857143,3550.0,3550.0,3550.0,20.0,70000.0,0.0,0.0,20.0,70000.0,0.0,0.0,0.0,0.0,0.0,0.0,0.0,0.0
20/04/2020,3500.0,3400.0,100.0,0.0294117647,3550.0,3550.0,3170.0,3110.0,10000000.0,0.0,0.0,3110.0,10000000.0,-400.0,0.0,0.0,0.0,-1390000.0,0.0,0.0,0.0
17/04/2020,3400.0,3600.0,-200.0,-0.0555555556,3400.0,3400.0,3400.0,2010.0,7000000.0,0.0,0.0,2010.0,7000000.0,0.0,0.0,0.0,0.0,0.0,0.0,0.0,0.0
16/04/2020,3600.0,3540.0,60.0,0.0169491525,3300.0,3600.0,3300.0,18980.0,63000000.0,0.0,0.0,18980.0,63000000.0,0.0,0.0,0.0,0.0,0.0,0.0,0.0,0.0
15/04/2020,3540.0,3690.0,-150.0,-0.0406504065,3440.0,3540.0,3440.0,170.0,1000000.0,0.0,0.0,170.0,1000000.0,0.0,0.0,0.0,0.0,0.0,0.0,0.0,0.0
14/04/2020,3690.0,3690.0,0.0,0.0,3690.0,3690.0,3690.0,10.0,0.0,0.0,0.0,10.0,0.0,0.0,0.0,0.0,0.0,0.0,0.0,0.0,0.0
13/04/2020,3690.0,3680.0,10.0,0.0027173913,3690.0,3690.0,3690.0,10.0,40000.0,0.0,0.0,10.0,40000.0,0.0,0.0,0.0,0.0,0.0,0.0,0.0,0.0
10/04/2020,3680.0,3690.0,-10.0,-0.0027100271,3440.0,3680.0,3440.0,10840.0,37000000.0,0.0,0.0,10840.0,37000000.0,-340.0,0.0,0.0,0.0,-1169600.0,0.0,0.0,0.0
09/04/2020,3690.0,3700.0,-10.0,-0.0027027027,3450.0,3690.0,3450.0,2650.0,9152200.0,0.0,0.0,2650.0,9152200.0,-60.0,0.0,0.0,0.0,-207000.0,0.0,0.0,0.0
08/04/2020,3700.0,3880.0,-180.0,-0.0463917526,3610.0,3700.0,3610.0,1020.0,3684000.0,0.0,0.0,1020.0,3684000.0,0.0,0.0,0.0,0.0,0.0,0.0,0.0,0.0
07/04/2020,3880.0,3650.0,230.0,0.0630136986,3800.0,3900.0,3650.0,4190.0,16112900.0,0.0,0.0,4190.0,16112900.0,-10.0,0.0,0.0,0.0,-38800.0,0.0,0.0,0.0
06/04/2020,3650.0,3500.0,150.0,0.0428571429,3740.0,3740.0,3490.0,5370.0,19235400.0,0.0,0.0,5370.0,19235400.0,-160.0,0.0,0.0,0.0,-560000.0,0.0,0.0,0.0
03/04/2020,3500.0,3560.0,-60.0,-0.0168539326,3320.0,3500.0,3320.0,1710.0,6000000.0,0.0,0.0,1710.0,6000000.0,0.0,0.0,0.0,0.0,0.0,0.0,0.0,0.0
01/04/2020,3560.0,3560.0,0.0,0.0,3320.0,3560.0,3320.0,1170.0,4000000.0,0.0,0.0,1170.0,4000000.0,0.0,0.0,0.0,0.0,0.0,0.0,0.0,0.0
31/03/2020,3560.0,3560.0,0.0,0.0,3560.0,3560.0,3560.0,10.0,40000.0,0.0,0.0,10.0,40000.0,0.0,0.0,0.0,0.0,0.0,0.0,0.0,0.0
30/03/2020,3560.0,3560.0,0.0,0.0,3560.0,3560.0,3560.0,10.0,40000.0,0.0,0.0,10.0,40000.0,0.0,0.0,0.0,0.0,0.0,0.0,0.0,0.0
27/03/2020,3560.0,3570.0,-10.0,-0.0028011204,3560.0,3560.0,3560.0,40.0,140000.0,0.0,0.0,40.0,140000.0,0.0,0.0,0.0,0.0,0.0,0.0,0.0,0.0
26/03/2020,3570.0,3580.0,-10.0,-0.0027932961,3330.0,3570.0,3330.0,1780.0,6000000.0,0.0,0.0,1780.0,6000000.0,0.0,0.0,0.0,0.0,0.0,0.0,0.0,0.0
25/03/2020,3580.0,3580.0,0.0,0.0,3580.0,3580.0,3580.0,0.0,0.0,0.0,0.0,0.0,0.0,0.0,0.0,0.0,0.0,0.0,0.0,0.0,0.0
24/03/2020,3580.0,3350.0,230.0,0.0686567164,3120.0,3580.0,3120.0,9410.0,29000000.0,0.0,0.0,9410.0,29000000.0,0.0,0.0,0.0,0.0,0.0,0.0,0.0,0.0
23/03/2020,3350.0,3600.0,-250.0,-0.0694444444,3350.0,3350.0,3350.0,67010.0,224000000.0,0.0,0.0,67010.0,224000000.0,0.0,0.0,0.0,0.0,0.0,0.0,0.0,0.0
20/03/2020,3600.0,3500.0,100.0,0.0285714286,3260.0,3600.0,3260.0,1460.0,5000000.0,0.0,0.0,1460.0,5000000.0,0.0,0.0,0.0,0.0,0.0,0.0,0.0,0.0
19/03/2020,3500.0,3420.0,80.0,0.0233918129,3190.0,3500.0,3190.0,53910.0,184000000.0,0.0,0.0,53910.0,184000000.0,1590.0,0.0,0.0,-1590.0,5397900.0,0.0,0.0,-5397900.0
18/03/2020,3420.0,3200.0,220.0,0.06875,3420.0,3420.0,3410.0,2090.0,7000000.0,0.0,0.0,2090.0,7000000.0,0.0,0.0,0.0,0.0,0.0,0.0,0.0,0.0
17/03/2020,3200.0,3440.0,-240.0,-0.0697674419,3200.0,3250.0,3200.0,3330.0,11000000.0,0.0,0.0,3330.0,11000000.0,0.0,0.0,0.0,0.0,0.0,0.0,0.0,0.0
16/03/2020,3440.0,3690.0,-250.0,-0.0677506775,3440.0,3440.0,3440.0,8000.0,28000000.0,0.0,0.0,8000.0,28000000.0,0.0,0.0,0.0,0.0,0.0,0.0,0.0,0.0
13/03/2020,3690.0,3800.0,-110.0,-0.0289473684,3550.0,3690.0,3540.0,11740.0,42000000.0,0.0,0.0,11740.0,42000000.0,300.0,0.0,0.0,-300.0,1062000.0,0.0,0.0,-1062000.0
12/03/2020,3800.0,3870.0,-70.0,-0.0180878553,3600.0,3800.0,3600.0,10110.0,36000000.0,0.0,0.0,10110.0,36000000.0,550.0,0.0,0.0,-550.0,1980000.0,0.0,0.0,-1980000.0
11/03/2020,3870.0,3870.0,0.0,0.0,3870.0,3870.0,3870.0,10.0,40000.0,0.0,0.0,10.0,40000.0,0.0,0.0,0.0,0.0,0.0,0.0,0.0,0.0
10/03/2020,3870.0,3950.0,-80.0,-0.0202531646,3680.0,3870.0,3680.0,1980.0,7000000.0,0.0,0.0,1980.0,7000000.0,150.0,0.0,0.0,-150.0,552000.0,0.0,0.0,-552000.0
09/03/2020,3950.0,3900.0,50.0,0.0128205128,3950.0,3950.0,3950.0,110.0,430000.0,0.0,0.0,110.0,430000.0,0.0,0.0,0.0,0.0,0.0,0.0,0.0,0.0
06/03/2020,3900.0,3880.0,20.0,0.0051546392,3900.0,3900.0,3900.0,10.0,40000.0,0.0,0.0,10.0,40000.0,0.0,0.0,0.0,0.0,0.0,0.0,0.0,0.0
05/03/2020,3880.0,3880.0,0.0,0.0,3880.0,3880.0,3880.0,10.0,40000.0,0.0,0.0,10.0,40000.0,0.0,0.0,0.0,0.0,0.0,0.0,0.0,0.0
04/03/2020,3880.0,3880.0,0.0,0.0,3880.0,3880.0,3880.0,10.0,40000.0,0.0,0.0,10.0,40000.0,0.0,0.0,0.0,0.0,0.0,0.0,0.0,0.0
03/03/2020,3880.0,3880.0,0.0,0.0,3880.0,3880.0,3880.0,310.0,1000000.0,0.0,0.0,310.0,1000000.0,0.0,0.0,0.0,0.0,0.0,0.0,0.0,0.0
02/03/2020,3880.0,3880.0,0.0,0.0,3880.0,3880.0,3880.0,10.0,40000.0,0.0,0.0,10.0,40000.0,0.0,0.0,0.0,0.0,0.0,0.0,0.0,0.0
28/02/2020,3880.0,3880.0,0.0,0.0,3880.0,3880.0,3880.0,10.0,40000.0,0.0,0.0,10.0,40000.0,0.0,0.0,0.0,0.0,0.0,0.0,0.0,0.0
27/02/2020,3880.0,3880.0,0.0,0.0,3880.0,3880.0,3880.0,10.0,40000.0,0.0,0.0,10.0,40000.0,0.0,0.0,0.0,0.0,0.0,0.0,0.0,0.0
26/02/2020,3880.0,3880.0,0.0,0.0,3880.0,3880.0,3880.0,10.0,40000.0,0.0,0.0,10.0,40000.0,0.0,0.0,0.0,0.0,0.0,0.0,0.0,0.0
25/02/2020,3880.0,3880.0,0.0,0.0,3880.0,3880.0,3880.0,10.0,40000.0,0.0,0.0,10.0,40000.0,0.0,0.0,0.0,0.0,0.0,0.0,0.0,0.0
24/02/2020,3880.0,3880.0,0.0,0.0,3880.0,3880.0,3880.0,10.0,40000.0,0.0,0.0,10.0,40000.0,0.0,0.0,0.0,0.0,0.0,0.0,0.0,0.0
21/02/2020,3880.0,3880.0,0.0,0.0,3610.0,3880.0,3610.0,770.0,3000000.0,0.0,0.0,770.0,3000000.0,0.0,0.0,0.0,0.0,0.0,0.0,0.0,0.0
20/02/2020,3880.0,3880.0,0.0,0.0,3880.0,3880.0,3880.0,10.0,40000.0,0.0,0.0,10.0,40000.0,0.0,0.0,0.0,0.0,0.0,0.0,0.0,0.0
19/02/2020,3880.0,3880.0,0.0,0.0,3880.0,3880.0,3880.0,10.0,40000.0,0.0,0.0,10.0,40000.0,0.0,0.0,0.0,0.0,0.0,0.0,0.0,0.0
18/02/2020,3880.0,3670.0,210.0,0.0572207084,3880.0,3880.0,3420.0,10520.0,36000000.0,0.0,0.0,10520.0,36000000.0,0.0,0.0,0.0,0.0,0.0,0.0,0.0,0.0
17/02/2020,3670.0,3940.0,-270.0,-0.0685279188,3680.0,3680.0,3670.0,3540.0,13000000.0,0.0,0.0,3540.0,13000000.0,0.0,0.0,0.0,0.0,0.0,0.0,0.0,0.0
14/02/2020,3940.0,3940.0,0.0,0.0,3940.0,3940.0,3940.0,10.0,40000.0,0.0,0.0,10.0,40000.0,0.0,0.0,0.0,0.0,0.0,0.0,0.0,0.0
13/02/2020,3940.0,3880.0,60.0,0.0154639175,3940.0,3940.0,3940.0,350.0,1000000.0,0.0,0.0,350.0,1000000.0,0.0,0.0,0.0,0.0,0.0,0.0,0.0,0.0
12/02/2020,3880.0,3880.0,0.0,0.0,3610.0,3880.0,3610.0,22890.0,83000000.0,0.0,0.0,22890.0,83000000.0,0.0,0.0,0.0,0.0,0.0,0.0,0.0,0.0
11/02/2020,3880.0,3790.0,90.0,0.0237467018,3700.0,3880.0,3700.0,1010.0,4000000.0,0.0,0.0,1010.0,4000000.0,0.0,0.0,0.0,0.0,0.0,0.0,0.0,0.0
10/02/2020,3790.0,4000.0,-210.0,-0.0525,3720.0,3790.0,3720.0,3380.0,13000000.0,0.0,0.0,3380.0,13000000.0,0.0,0.0,0.0,0.0,0.0,0.0,0.0,0.0
07/02/2020,4000.0,4000.0,0.0,0.0,4000.0,4000.0,4000.0,150.0,1000000.0,0.0,0.0,150.0,1000000.0,0.0,0.0,0.0,0.0,0.0,0.0,0.0,0.0
06/02/2020,4000.0,3890.0,110.0,0.028277635,4000.0,4000.0,3640.0,7160.0,28000000.0,0.0,0.0,7160.0,28000000.0,0.0,0.0,0.0,0.0,0.0,0.0,0.0,0.0
05/02/2020,3890.0,3930.0,-40.0,-0.010178117,3890.0,3890.0,3890.0,240.0,1000000.0,0.0,0.0,240.0,1000000.0,0.0,0.0,0.0,0.0,0.0,0.0,0.0,0.0
04/02/2020,3930.0,3840.0,90.0,0.0234375,3600.0,3930.0,3600.0,40.0,0.0,0.0,0.0,40.0,0.0,0.0,0.0,0.0,0.0,0.0,0.0,0.0,0.0
03/02/2020,3840.0,3920.0,-80.0,-0.0204081633,3660.0,3840.0,3660.0,2520.0,9000000.0,0.0,0.0,2520.0,9000000.0,0.0,0.0,0.0,0.0,0.0,0.0,0.0,0.0
31/01/2020,3920.0,3940.0,-20.0,-0.0050761421,3680.0,3920.0,3680.0,2910.0,11000000.0,0.0,0.0,2910.0,11000000.0,0.0,0.0,0.0,0.0,0.0,0.0,0.0,0.0
30/01/2020,3940.0,3770.0,170.0,0.0450928382,3940.0,3940.0,3940.0,630.0,2000000.0,0.0,0.0,630.0,2000000.0,0.0,0.0,0.0,0.0,0.0,0.0,0.0,0.0
22/01/2020,3770.0,3770.0,0.0,0.0,3770.0,3770.0,3770.0,0.0,0.0,0.0,0.0,0.0,0.0,0.0,0.0,0.0,0.0,0.0,0.0,0.0,0.0
21/01/2020,3770.0,3530.0,240.0,0.0679886686,3690.0,3770.0,3690.0,1710.0,6000000.0,0.0,0.0,1710.0,6000000.0,0.0,0.0,0.0,0.0,0.0,0.0,0.0,0.0
20/01/2020,3530.0,3790.0,-260.0,-0.0686015831,3990.0,3990.0,3530.0,2010.0,7000000.0,0.0,0.0,2010.0,7000000.0,0.0,0.0,0.0,0.0,0.0,0.0,0.0,0.0
17/01/2020,3790.0,3700.0,90.0,0.0243243243,3700.0,3790.0,3700.0,170.0,1000000.0,0.0,0.0,170.0,1000000.0,0.0,0.0,0.0,0.0,0.0,0.0,0.0,0.0
16/01/2020,3700.0,3710.0,-10.0,-0.0026954178,3460.0,3700.0,3460.0,7880.0,27000000.0,0.0,0.0,7880.0,27000000.0,0.0,0.0,0.0,0.0,0.0,0.0,0.0,0.0
15/01/2020,3710.0,3980.0,-270.0,-0.067839196,4230.0,4230.0,3710.0,2150.0,8000000.0,0.0,0.0,2150.0,8000000.0,0.0,0.0,0.0,0.0,0.0,0.0,0.0,0.0
14/01/2020,3980.0,3890.0,90.0,0.0231362468,4120.0,4120.0,3800.0,2820.0,11000000.0,0.0,0.0,2820.0,11000000.0,2800.0,-2800.0,0.0,0.0,10640000.0,-10640000.0,0.0,0.0
13/01/2020,3890.0,3640.0,250.0,0.0686813187,3720.0,3890.0,3720.0,510.0,2000000.0,0.0,0.0,510.0,2000000.0,0.0,0.0,0.0,0.0,0.0,0.0,0.0,0.0
10/01/2020,3640.0,3910.0,-270.0,-0.0690537084,3640.0,3640.0,3640.0,39800.0,145000000.0,0.0,0.0,39800.0,145000000.0,30430.0,0.0,0.0,-30430.0,110765200.0,0.0,0.0,-110765200.0
09/01/2020,3910.0,4200.0,-290.0,-0.069047619,3910.0,3910.0,3910.0,15970.0,62000000.0,0.0,0.0,15970.0,62000000.0,15970.0,0.0,0.0,-15970.0,62442700.0,0.0,0.0,-62442700.0
08/01/2020,4200.0,4230.0,-30.0,-0.0070921986,4230.0,4230.0,4200.0,7010.0,30000000.0,0.0,0.0,7010.0,30000000.0,5910.0,0.0,0.0,-5910.0,24972000.0,0.0,0.0,-24972000.0
07/01/2020,4230.0,4540.0,-310.0,-0.0682819383,4230.0,4250.0,4230.0,4960.0,21000000.0,0.0,0.0,4960.0,21000000.0,4950.0,0.0,0.0,-4950.0,20988500.0,0.0,0.0,-20988500.0
06/01/2020,4540.0,4540.0,0.0,0.0,4540.0,4540.0,4540.0,10.0,50000.0,0.0,0.0,10.0,50000.0,0.0,0.0,0.0,0.0,0.0,0.0,0.0,0.0
03/01/2020,4540.0,4540.0,0.0,0.0,4590.0,4590.0,4300.0,1090.0,5000000.0,0.0,0.0,1090.0,5000000.0,0.0,0.0,0.0,0.0,0.0,0.0,0.0,0.0
02/01/2020,4540.0,4590.0,-50.0,-0.0108932462,4270.0,4540.0,4270.0,30.0,130000.0,0.0,0.0,30.0,130000.0,0.0,0.0,0.0,0.0,0.0,0.0,0.0,0.0
31/12/2019,4590.0,4590.0,0.0,0.0,4590.0,4590.0,4590.0,10.0,50000.0,0.0,0.0,10.0,50000.0,0.0,0.0,0.0,0.0,0.0,0.0,0.0,0.0
30/12/2019,4590.0,4500.0,90.0,0.02,4500.0,4590.0,4200.0,370.0,2000000.0,0.0,0.0,370.0,2000000.0,300.0,0.0,0.0,0.0,1260000.0,0.0,0.0,0.0
27/12/2019,4500.0,4600.0,-100.0,-0.0217391304,4300.0,4500.0,4300.0,2030.0,9000000.0,0.0,0.0,2030.0,9000000.0,2010.0,-2010.0,0.0,0.0,8643000.0,-8643000.0,0.0,0.0
26/12/2019,4600.0,4500.0,100.0,0.0222222222,4600.0,4600.0,4600.0,10.0,50000.0,0.0,0.0,10.0,50000.0,0.0,0.0,0.0,0.0,0.0,0.0,0.0,0.0
25/12/2019,4500.0,4680.0,-180.0,-0.0384615385,4370.0,4500.0,4370.0,1090.0,5000000.0,0.0,0.0,1090.0,5000000.0,1030.0,-1030.0,0.0,0.0,4505000.0,-4505000.0,0.0,0.0
24/12/2019,4680.0,4700.0,-20.0,-0.0042553191,4400.0,4680.0,4380.0,8830.0,40000000.0,378000.0,1738800000.0,386830.0,1778800000.0,4010.0,-4010.0,0.0,0.0,17804000.0,-17804000.0,0.0,0.0
23/12/2019,4700.0,4500.0,200.0,0.0444444444,4700.0,4700.0,4700.0,10.0,50000.0,0.0,0.0,10.0,50000.0,0.0,0.0,0.0,0.0,0.0,0.0,0.0,0.0
20/12/2019,4500.0,4500.0,0.0,0.0,4500.0,4500.0,4500.0,920.0,4000000.0,0.0,0.0,920.0,4000000.0,900.0,-910.0,0.0,0.0,4050000.0,-4095000.0,0.0,0.0
19/12/2019,4500.0,4600.0,-100.0,-0.0217391304,4360.0,4500.0,4350.0,5700.0,25000000.0,0.0,0.0,5700.0,25000000.0,10.0,-10.0,0.0,0.0,45000.0,-45000.0,0.0,0.0
18/12/2019,4600.0,4600.0,0.0,0.0,4310.0,4600.0,4300.0,5110.0,22000000.0,1286020.0,5941412400.0,1291130.0,5963412400.0,2000.0,-2000.0,0.0,0.0,8800000.0,-8800000.0,0.0,0.0
17/12/2019,4600.0,4600.0,0.0,0.0,4600.0,4600.0,4600.0,1510.0,7000000.0,0.0,0.0,1510.0,7000000.0,0.0,0.0,0.0,0.0,0.0,0.0,0.0,0.0
16/12/2019,4600.0,4720.0,-120.0,-0.0254237288,4400.0,4600.0,4400.0,580.0,3000000.0,0.0,0.0,580.0,3000000.0,30.0,-30.0,0.0,0.0,138000.0,-138000.0,0.0,0.0
13/12/2019,4720.0,4420.0,300.0,0.0678733032,4700.0,4720.0,4210.0,119610.0,564000000.0,0.0,0.0,119610.0,564000000.0,0.0,0.0,0.0,0.0,0.0,0.0,0.0,0.0
12/12/2019,4420.0,4710.0,-290.0,-0.0615711253,4400.0,4700.0,4390.0,21110.0,93000000.0,1133360.0,5213456000.0,1154470.0,5306456000.0,0.0,0.0,0.0,0.0,0.0,0.0,0.0,0.0
11/12/2019,4710.0,4560.0,150.0,0.0328947368,4600.0,4710.0,4600.0,22630.0,105000000.0,0.0,0.0,22630.0,105000000.0,0.0,0.0,0.0,0.0,0.0,0.0,0.0,0.0
10/12/2019,4560.0,4900.0,-340.0,-0.0693877551,4560.0,4570.0,4560.0,8610.0,39000000.0,0.0,0.0,8610.0,39000000.0,-300.0,0.0,0.0,0.0,-1371000.0,0.0,0.0,0.0
09/12/2019,4900.0,4620.0,280.0,0.0606060606,4620.0,4900.0,4300.0,20380.0,94000000.0,0.0,0.0,20380.0,94000000.0,0.0,0.0,0.0,0.0,0.0,0.0,0.0,0.0
06/12/2019,4620.0,4320.0,300.0,0.0694444444,4060.0,4620.0,4060.0,1270.0,6000000.0,0.0,0.0,1270.0,6000000.0,0.0,0.0,0.0,0.0,0.0,0.0,0.0,0.0
05/12/2019,4320.0,4640.0,-320.0,-0.0689655172,4330.0,4750.0,4320.0,2180.0,10000000.0,0.0,0.0,2180.0,10000000.0,0.0,0.0,0.0,0.0,0.0,0.0,0.0,0.0
04/12/2019,4640.0,4390.0,250.0,0.0569476082,4600.0,4680.0,4180.0,2360870.0,10860000000.0,0.0,0.0,2360870.0,10860000000.0,2348200.0,-2348200.0,0.0,0.0,10801720000.0,-10801720000.0,0.0,0.0
03/12/2019,4390.0,4110.0,280.0,0.0681265207,4390.0,4390.0,4390.0,39660.0,174000000.0,0.0,0.0,39660.0,174000000.0,0.0,0.0,0.0,0.0,0.0,0.0,0.0,0.0
02/12/2019,4110.0,4350.0,-240.0,-0.0551724138,4110.0,4500.0,4110.0,5020.0,22000000.0,0.0,0.0,5020.0,22000000.0,0.0,0.0,0.0,0.0,0.0,0.0,0.0,0.0
29/11/2019,4350.0,4670.0,-320.0,-0.0685224839,4360.0,4800.0,4350.0,22090.0,97000000.0,0.0,0.0,22090.0,97000000.0,0.0,0.0,0.0,0.0,0.0,0.0,0.0,0.0
28/11/2019,4670.0,4380.0,290.0,0.0662100457,4150.0,4670.0,4150.0,4340.0,20000000.0,0.0,0.0,4340.0,20000000.0,0.0,0.0,0.0,0.0,0.0,0.0,0.0,0.0
27/11/2019,4380.0,4100.0,280.0,0.0682926829,4370.0,4380.0,4110.0,1080.0,5000000.0,0.0,0.0,1080.0,5000000.0,0.0,0.0,0.0,0.0,0.0,0.0,0.0,0.0
26/11/2019,4100.0,4400.0,-300.0,-0.0681818182,4400.0,4700.0,4100.0,5330.0,23000000.0,0.0,0.0,5330.0,23000000.0,0.0,0.0,0.0,0.0,0.0,0.0,0.0,0.0
25/11/2019,4400.0,4680.0,-280.0,-0.0598290598,4370.0,4400.0,4370.0,110.0,480000.0,0.0,0.0,110.0,480000.0,0.0,0.0,0.0,0.0,0.0,0.0,0.0,0.0
22/11/2019,4680.0,4410.0,270.0,0.0612,4410.0,4680.0,4410.0,7810.0,35000000.0,0.0,0.0,7810.0,35000000.0,0.0,0.0,0.0,0.0,0.0,0.0,0.0,0.0
21/11/2019,4410.0,4690.0,-280.0,-0.0597014925,4390.0,4410.0,4390.0,2010.0,9000000.0,0.0,0.0,2010.0,9000000.0,0.0,0.0,0.0,0.0,0.0,0.0,0.0,0.0
20/11/2019,4690.0,4690.0,0.0,0.0,4370.0,4690.0,4370.0,2170.0,10000000.0,0.0,0.0,2170.0,10000000.0,0.0,0.0,0.0,0.0,0.0,0.0,0.0,0.0
19/11/2019,4690.0,4410.0,280.0,0.0634920635,4420.0,4690.0,4200.0,11260.0,50000000.0,0.0,0.0,11260.0,50000000.0,0.0,0.0,0.0,0.0,0.0,0.0,0.0,0.0
18/11/2019,4410.0,4630.0,-220.0,-0.0475161987,4310.0,4900.0,4310.0,1190.0,5000000.0,0.0,0.0,1190.0,5000000.0,0.0,0.0,0.0,0.0,0.0,0.0,0.0,0.0
15/11/2019,4630.0,4630.0,0.0,0.0,4410.0,4630.0,4410.0,9220.0,43000000.0,0.0,0.0,9220.0,43000000.0,7200.0,0.0,0.0,0.0,33512000.0,0.0,0.0,0.0
14/11/2019,4630.0,4810.0,-180.0,-0.0374220374,4490.0,4810.0,4490.0,30830.0,145000000.0,0.0,0.0,30830.0,145000000.0,-26780.0,0.0,0.0,0.0,-126817900.0,0.0,0.0,0.0
13/11/2019,4810.0,4500.0,310.0,0.0688888889,4500.0,4810.0,4500.0,69480.0,333000000.0,0.0,0.0,69480.0,333000000.0,10080.0,0.0,0.0,0.0,48380500.0,0.0,0.0,0.0
12/11/2019,4500.0,4210.0,290.0,0.0688836105,4210.0,4500.0,4210.0,20300.0,91000000.0,0.0,0.0,20300.0,91000000.0,10.0,0.0,0.0,0.0,42200.0,0.0,0.0,0.0
11/11/2019,4210.0,3940.0,270.0,0.0685279188,3940.0,4210.0,3920.0,22780.0,93000000.0,0.0,0.0,22780.0,93000000.0,1030.0,0.0,0.0,0.0,4319800.0,0.0,0.0,0.0
08/11/2019,3940.0,4030.0,-90.0,-0.0223325062,4260.0,4260.0,3900.0,27060.0,107000000.0,0.0,0.0,27060.0,107000000.0,-6690.0,0.0,0.0,0.0,-26340700.0,0.0,0.0,0.0
07/11/2019,4030.0,4260.0,-230.0,-0.0539906103,4440.0,4440.0,4010.0,4350.0,18000000.0,0.0,0.0,4350.0,18000000.0,30.0,0.0,0.0,0.0,120700.0,0.0,0.0,0.0
06/11/2019,4260.0,4060.0,200.0,0.0492610837,4280.0,4280.0,4000.0,13840.0,58000000.0,0.0,0.0,13840.0,58000000.0,2310.0,0.0,0.0,0.0,9778000.0,0.0,0.0,0.0
05/11/2019,4060.0,4350.0,-290.0,-0.0666666667,4050.0,4100.0,4050.0,71600.0,291000000.0,0.0,0.0,71600.0,291000000.0,-16000.0,0.0,0.0,0.0,-64870000.0,0.0,0.0,0.0
04/11/2019,4350.0,4670.0,-320.0,-0.0685224839,4350.0,4400.0,4350.0,57170.0,249000000.0,0.0,0.0,57170.0,249000000.0,-12980.0,0.0,0.0,0.0,-56476400.0,0.0,0.0,0.0
01/11/2019,4670.0,5010.0,-340.0,-0.0678642715,4660.0,4900.0,4660.0,167510.0,785000000.0,0.0,0.0,167510.0,785000000.0,-14110.0,0.0,0.0,0.0,-65981700.0,0.0,0.0,0.0
31/10/2019,5010.0,5380.0,-370.0,-0.0687732342,5020.0,5020.0,5010.0,30550.0,153000000.0,0.0,0.0,30550.0,153000000.0,-4990.0,0.0,0.0,0.0,-24999900.0,0.0,0.0,0.0
30/10/2019,5380.0,5310.0,70.0,0.0131826742,4940.0,5450.0,4940.0,22050.0,109000000.0,0.0,0.0,22050.0,109000000.0,-10280.0,0.0,0.0,0.0,-50783200.0,0.0,0.0,0.0
29/10/2019,5310.0,5700.0,-390.0,-0.0684210526,5400.0,5400.0,5310.0,36810.0,196000000.0,37096330.0,222577980000.0,37133140.0,222773980000.0,-15200.0,0.0,0.0,0.0,-80712000.0,0.0,0.0,0.0
28/10/2019,5700.0,5690.0,10.0,0.0017574692,5790.0,5790.0,5400.0,28530.0,161558800.0,0.0,0.0,28530.0,161558800.0,980.0,0.0,0.0,0.0,5284200.0,0.0,0.0,0.0
25/10/2019,5690.0,5350.0,340.0,0.0635514019,5380.0,5700.0,5250.0,84640.0,468000000.0,0.0,0.0,84640.0,468000000.0,0.0,0.0,0.0,0.0,0.0,0.0,0.0,0.0
24/10/2019,5350.0,5000.0,350.0,0.07,5000.0,5350.0,5000.0,121690.0,641000000.0,0.0,0.0,121690.0,641000000.0,0.0,0.0,0.0,0.0,0.0,0.0,0.0,0.0
23/10/2019,5000.0,4950.0,50.0,0.0101010101,5000.0,5000.0,5000.0,5690.0,28000000.0,0.0,0.0,5690.0,28000000.0,0.0,0.0,0.0,0.0,0.0,0.0,0.0,0.0
22/10/2019,4950.0,4900.0,50.0,0.0102040816,4560.0,5200.0,4560.0,54970.0,275000000.0,0.0,0.0,54970.0,275000000.0,0.0,0.0,0.0,0.0,0.0,0.0,0.0,0.0
21/10/2019,4900.0,5000.0,-100.0,-0.02,4650.0,4990.0,4650.0,10610.0,49000000.0,0.0,0.0,10610.0,49000000.0,0.0,0.0,0.0,0.0,0.0,0.0,0.0,0.0
18/10/2019,5000.0,5190.0,-190.0,-0.0366088632,4840.0,5000.0,4830.0,1450.0,7000000.0,0.0,0.0,1450.0,7000000.0,0.0,0.0,0.0,0.0,0.0,0.0,0.0,0.0
17/10/2019,5190.0,5200.0,-10.0,-0.0019230769,5050.0,5200.0,5050.0,3760.0,19000000.0,0.0,0.0,3760.0,19000000.0,-1000.0,0.0,0.0,0.0,-5170000.0,0.0,0.0,0.0
16/10/2019,5200.0,5200.0,0.0,0.0,5200.0,5200.0,5000.0,35110.0,177000000.0,0.0,0.0,35110.0,177000000.0,0.0,0.0,0.0,0.0,0.0,0.0,0.0,0.0
15/10/2019,5200.0,5090.0,110.0,0.021611002,5090.0,5200.0,5090.0,25910.0,134000000.0,0.0,0.0,25910.0,134000000.0,0.0,0.0,0.0,0.0,0.0,0.0,0.0,0.0
14/10/2019,5090.0,5070.0,20.0,0.0039447732,4720.0,5090.0,4720.0,2030.0,10000000.0,0.0,0.0,2030.0,10000000.0,0.0,0.0,0.0,0.0,0.0,0.0,0.0,0.0
11/10/2019,5070.0,5050.0,20.0,0.003960396,4720.0,5100.0,4710.0,5450.0,27000000.0,0.0,0.0,5450.0,27000000.0,-210.0,0.0,0.0,0.0,-989200.0,0.0,0.0,0.0
10/10/2019,5050.0,5190.0,-140.0,-0.0269749518,5100.0,5190.0,5000.0,13700.0,70000000.0,0.0,0.0,13700.0,70000000.0,-410.0,0.0,0.0,0.0,-2072000.0,0.0,0.0,0.0
09/10/2019,5190.0,5000.0,190.0,0.038,5200.0,5200.0,5000.0,20020.0,103000000.0,0.0,0.0,20020.0,103000000.0,50.0,0.0,0.0,0.0,253500.0,0.0,0.0,0.0
08/10/2019,5000.0,5000.0,0.0,0.0,5000.0,5200.0,4700.0,49570.0,247000000.0,0.0,0.0,49570.0,247000000.0,0.0,0.0,0.0,0.0,0.0,0.0,0.0,0.0
07/10/2019,5000.0,4740.0,260.0,0.0548523207,4540.0,5000.0,4540.0,52420.0,257000000.0,0.0,0.0,52420.0,257000000.0,0.0,0.0,0.0,0.0,0.0,0.0,0.0,0.0
04/10/2019,4740.0,4480.0,260.0,0.0580357143,4180.0,4740.0,4180.0,19730.0,88000000.0,0.0,0.0,19730.0,88000000.0,0.0,0.0,0.0,0.0,0.0,0.0,0.0,0.0
03/10/2019,4480.0,4190.0,290.0,0.0692124105,4190.0,4480.0,3910.0,81120.0,352000000.0,0.0,0.0,81120.0,352000000.0,-1000.0,0.0,0.0,0.0,-3920000.0,0.0,0.0,0.0
02/10/2019,4190.0,4200.0,-10.0,-0.0023809524,4280.0,4280.0,3910.0,10070.0,39000000.0,0.0,0.0,10070.0,39000000.0,-60.0,0.0,0.0,0.0,-255900.0,0.0,0.0,0.0
01/10/2019,4200.0,3950.0,250.0,0.0632911392,4220.0,4220.0,4000.0,10680.0,44000000.0,0.0,0.0,10680.0,44000000.0,0.0,0.0,0.0,0.0,0.0,0.0,0.0,0.0
30/09/2019,3950.0,3810.0,140.0,0.0367454068,3950.0,3950.0,3810.0,4690.0,19000000.0,0.0,0.0,4690.0,19000000.0,0.0,0.0,0.0,0.0,0.0,0.0,0.0,0.0
27/09/2019,3810.0,4090.0,-280.0,-0.0684596577,4090.0,4100.0,3810.0,38300.0,154000000.0,0.0,0.0,38300.0,154000000.0,-2500.0,0.0,0.0,0.0,-9525000.0,0.0,0.0,0.0
26/09/2019,4090.0,4100.0,-10.0,-0.0024390244,3840.0,4090.0,3820.0,3050.0,12000000.0,0.0,0.0,3050.0,12000000.0,0.0,0.0,0.0,0.0,0.0,0.0,0.0,0.0
25/09/2019,4100.0,4100.0,0.0,0.0,4100.0,4100.0,4050.0,8110.0,33000000.0,0.0,0.0,8110.0,33000000.0,0.0,0.0,0.0,0.0,0.0,0.0,0.0,0.0
24/09/2019,4100.0,4090.0,10.0,0.0024449878,4050.0,4100.0,4050.0,5100.0,21000000.0,0.0,0.0,5100.0,21000000.0,0.0,0.0,0.0,0.0,0.0,0.0,0.0,0.0
23/09/2019,4090.0,3950.0,0.0,0.0,3970.0,4090.0,3950.0,14200.0,56173800.0,0.0,0.0,14200.0,56173800.0,-1270.0,0.0,0.0,0.0,-5041900.0,0.0,0.0,0.0
20/09/2019,3950.0,3790.0,160.0,0.0422163588,3790.0,3950.0,3790.0,13960.0,55000000.0,0.0,0.0,13960.0,55000000.0,0.0,0.0,0.0,0.0,0.0,0.0,0.0,0.0
19/09/2019,3790.0,3790.0,0.0,0.0,3700.0,3790.0,3700.0,1020.0,4000000.0,0.0,0.0,1020.0,4000000.0,10.0,-10.0,-10.0,0.0,37000.0,-37000.0,-37000.0,0.0
18/09/2019,3790.0,3680.0,110.0,0.0298913043,3430.0,3790.0,3430.0,9040.0,33000000.0,0.0,0.0,9040.0,33000000.0,-730.0,0.0,0.0,0.0,-2701000.0,0.0,0.0,0.0
17/09/2019,3680.0,3950.0,-270.0,-0.0683544304,3950.0,3950.0,3680.0,15250.0,60000000.0,0.0,0.0,15250.0,60000000.0,0.0,0.0,0.0,0.0,0.0,0.0,0.0,0.0
16/09/2019,3950.0,3950.0,0.0,0.0,3700.0,3950.0,3680.0,37910.0,149000000.0,0.0,0.0,37910.0,149000000.0,0.0,0.0,0.0,0.0,0.0,0.0,0.0,0.0
13/09/2019,3950.0,4000.0,-50.0,-0.0125,3760.0,3950.0,3760.0,3010.0,11000000.0,0.0,0.0,3010.0,11000000.0,0.0,0.0,0.0,0.0,0.0,0.0,0.0,0.0
12/09/2019,4000.0,4100.0,-100.0,-0.0243902439,4000.0,4000.0,3820.0,11320.0,43000000.0,0.0,0.0,11320.0,43000000.0,0.0,0.0,0.0,0.0,0.0,0.0,0.0,0.0
11/09/2019,4100.0,3950.0,150.0,0.0379746835,3950.0,4100.0,3950.0,6510.0,26000000.0,0.0,0.0,6510.0,26000000.0,0.0,0.0,0.0,0.0,0.0,0.0,0.0,0.0
10/09/2019,3950.0,3950.0,0.0,0.0,3950.0,3950.0,3750.0,13700.0,53000000.0,0.0,0.0,13700.0,53000000.0,0.0,0.0,0.0,0.0,0.0,0.0,0.0,0.0
09/09/2019,3950.0,3950.0,0.0,0.0,3950.0,3950.0,3950.0,10.0,40000.0,0.0,0.0,10.0,40000.0,0.0,0.0,0.0,0.0,0.0,0.0,0.0,0.0
06/09/2019,3950.0,3700.0,250.0,0.0675675676,3700.0,3950.0,3700.0,3200.0,12000000.0,0.0,0.0,3200.0,12000000.0,0.0,0.0,0.0,0.0,0.0,0.0,0.0,0.0
05/09/2019,3700.0,3900.0,-200.0,-0.0512820513,3800.0,3800.0,3700.0,2410.0,9000000.0,0.0,0.0,2410.0,9000000.0,0.0,0.0,0.0,0.0,0.0,0.0,0.0,0.0
04/09/2019,3900.0,3900.0,0.0,0.0,3830.0,3900.0,3830.0,30010.0,117000000.0,0.0,0.0,30010.0,117000000.0,40.0,0.0,0.0,0.0,155600.0,0.0,0.0,0.0
03/09/2019,3900.0,3900.0,0.0,0.0,3900.0,3950.0,3900.0,43810.0,173000000.0,0.0,0.0,43810.0,173000000.0,2800.0,-2800.0,0.0,0.0,10920000.0,-10920000.0,0.0,0.0
30/08/2019,3900.0,4000.0,-100.0,-0.025,4000.0,4000.0,3830.0,9810.0,38000000.0,0.0,0.0,9810.0,38000000.0,0.0,0.0,0.0,0.0,0.0,0.0,0.0,0.0
29/08/2019,4000.0,3990.0,10.0,0.0025062657,3990.0,4000.0,3990.0,2000.0,8000000.0,0.0,0.0,2000.0,8000000.0,0.0,0.0,0.0,0.0,0.0,0.0,0.0,0.0
28/08/2019,3990.0,3950.0,40.0,0.0101265823,4220.0,4220.0,3990.0,40490.0,163000000.0,0.0,0.0,40490.0,163000000.0,0.0,0.0,0.0,0.0,0.0,0.0,0.0,0.0
27/08/2019,3950.0,3700.0,250.0,0.0675675676,3900.0,3950.0,3500.0,81220.0,313000000.0,0.0,0.0,81220.0,313000000.0,0.0,0.0,0.0,0.0,0.0,0.0,0.0,0.0
26/08/2019,3700.0,3600.0,100.0,0.0277777778,3600.0,3700.0,3600.0,70390.0,254000000.0,0.0,0.0,70390.0,254000000.0,-40.0,0.0,0.0,0.0,-146000.0,0.0,0.0,0.0
23/08/2019,3600.0,3520.0,80.0,0.0227272727,3400.0,3600.0,3400.0,210.0,1000000.0,0.0,0.0,210.0,1000000.0,0.0,0.0,0.0,0.0,0.0,0.0,0.0,0.0
22/08/2019,3520.0,3440.0,80.0,0.023255814,3520.0,3520.0,3520.0,20.0,70000.0,0.0,0.0,20.0,70000.0,0.0,0.0,0.0,0.0,0.0,0.0,0.0,0.0
21/08/2019,3440.0,3260.0,180.0,0.0552147239,3260.0,3440.0,3260.0,4530.0,16000000.0,0.0,0.0,4530.0,16000000.0,0.0,0.0,0.0,0.0,0.0,0.0,0.0,0.0
20/08/2019,3260.0,3500.0,-240.0,-0.0685714286,3260.0,3260.0,3260.0,1000.0,3000000.0,0.0,0.0,1000.0,3000000.0,0.0,0.0,0.0,0.0,0.0,0.0,0.0,0.0
19/08/2019,3500.0,3410.0,90.0,0.0263929619,3410.0,3500.0,3410.0,2980.0,10000000.0,0.0,0.0,2980.0,10000000.0,0.0,0.0,0.0,0.0,0.0,0.0,0.0,0.0
16/08/2019,3410.0,3410.0,0.0,0.0,3410.0,3410.0,3410.0,2500.0,9000000.0,0.0,0.0,2500.0,9000000.0,0.0,0.0,0.0,0.0,0.0,0.0,0.0,0.0
15/08/2019,3410.0,3330.0,80.0,0.024024024,3120.0,3410.0,3120.0,28220.0,88000000.0,0.0,0.0,28220.0,88000000.0,0.0,0.0,0.0,0.0,0.0,0.0,0.0,0.0
14/08/2019,3330.0,3360.0,-30.0,-0.0089285714,3200.0,3330.0,3200.0,1040.0,3000000.0,0.0,0.0,1040.0,3000000.0,0.0,0.0,0.0,0.0,0.0,0.0,0.0,0.0
13/08/2019,3360.0,3600.0,-240.0,-0.0666666667,3400.0,3400.0,3360.0,6150.0,21000000.0,0.0,0.0,6150.0,21000000.0,0.0,0.0,0.0,0.0,0.0,0.0,0.0,0.0
12/08/2019,3600.0,3620.0,-20.0,-0.0055248619,3380.0,3600.0,3370.0,10700.0,36000000.0,0.0,0.0,10700.0,36000000.0,0.0,0.0,0.0,0.0,0.0,0.0,0.0,0.0
09/08/2019,3620.0,3590.0,30.0,0.008356546,3590.0,3620.0,3340.0,24040.0,80000000.0,0.0,0.0,24040.0,80000000.0,-100.0,0.0,0.0,0.0,-359000.0,0.0,0.0,0.0
08/08/2019,3590.0,3530.0,60.0,0.0169971671,3300.0,3590.0,3300.0,10020.0,33000000.0,0.0,0.0,10020.0,33000000.0,0.0,0.0,0.0,0.0,0.0,0.0,0.0,0.0
07/08/2019,3530.0,3300.0,230.0,0.0696969697,3500.0,3530.0,3500.0,25200.0,89000000.0,0.0,0.0,25200.0,89000000.0,0.0,0.0,0.0,0.0,0.0,0.0,0.0,0.0
06/08/2019,3300.0,3300.0,0.0,0.0,3450.0,3530.0,3300.0,28180.0,96000000.0,0.0,0.0,28180.0,96000000.0,0.0,0.0,0.0,0.0,0.0,0.0,0.0,0.0
05/08/2019,3300.0,3540.0,-240.0,-0.0677966102,3300.0,3300.0,3300.0,970.0,3000000.0,0.0,0.0,970.0,3000000.0,0.0,0.0,0.0,0.0,0.0,0.0,0.0,0.0
02/08/2019,3540.0,3800.0,-260.0,-0.0684210526,3540.0,3540.0,3540.0,1010.0,4000000.0,0.0,0.0,1010.0,4000000.0,-6510.0,0.0,0.0,0.0,-14973000.0,0.0,0.0,0.0
01/08/2019,3800.0,3570.0,230.0,0.0644257703,3560.0,3800.0,3330.0,38700.0,135000000.0,0.0,0.0,38700.0,135000000.0,2810.0,0.0,0.0,0.0,10445100.0,0.0,0.0,0.0
31/07/2019,3570.0,3570.0,0.0,0.0,3340.0,3570.0,3330.0,5460.0,18000000.0,0.0,0.0,5460.0,18000000.0,0.0,0.0,0.0,0.0,0.0,0.0,0.0,0.0
30/07/2019,3570.0,3580.0,-10.0,-0.0027932961,3570.0,3570.0,3570.0,5000.0,18000000.0,0.0,0.0,5000.0,18000000.0,0.0,0.0,0.0,0.0,0.0,0.0,0.0,0.0
29/07/2019,3580.0,3610.0,-30.0,-0.0083102493,3610.0,3610.0,3400.0,4450.0,16000000.0,0.0,0.0,4450.0,16000000.0,0.0,0.0,0.0,0.0,0.0,0.0,0.0,0.0
26/07/2019,3610.0,3640.0,-30.0,-0.0082417582,3410.0,3610.0,3400.0,11220.0,38000000.0,0.0,0.0,11220.0,38000000.0,10.0,-10.0,-10.0,0.0,34100.0,-34100.0,-34100.0,0.0
25/07/2019,3640.0,3690.0,-50.0,-0.0135501355,3440.0,3640.0,3440.0,25020.0,86000000.0,0.0,0.0,25020.0,86000000.0,2800.0,-2800.0,0.0,0.0,9688000.0,-9688000.0,0.0,0.0
24/07/2019,3690.0,3730.0,-40.0,-0.0107238606,3500.0,3690.0,3470.0,2020.0,7000000.0,0.0,0.0,2020.0,7000000.0,0.0,0.0,0.0,0.0,0.0,0.0,0.0,0.0
23/07/2019,3730.0,3740.0,-10.0,-0.0026737968,3480.0,3730.0,3480.0,1020.0,4000000.0,0.0,0.0,1020.0,4000000.0,0.0,0.0,0.0,0.0,0.0,0.0,0.0,0.0
22/07/2019,3740.0,3660.0,80.0,0.0218579235,3660.0,3740.0,3660.0,17980.0,67000000.0,0.0,0.0,17980.0,67000000.0,0.0,0.0,0.0,0.0,0.0,0.0,0.0,0.0
19/07/2019,3660.0,3660.0,0.0,0.0,3420.0,3660.0,3420.0,3060.0,10000000.0,0.0,0.0,3060.0,10000000.0,60.0,0.0,0.0,0.0,219600.0,0.0,0.0,0.0
18/07/2019,3660.0,3660.0,0.0,0.0,3660.0,3660.0,3660.0,3920.0,14000000.0,0.0,0.0,3920.0,14000000.0,0.0,0.0,0.0,0.0,0.0,0.0,0.0,0.0
17/07/2019,3660.0,3670.0,-10.0,-0.0027247956,3660.0,3660.0,3600.0,21000.0,76000000.0,0.0,0.0,21000.0,76000000.0,0.0,0.0,0.0,0.0,0.0,0.0,0.0,0.0
16/07/2019,3670.0,3640.0,30.0,0.0082417582,3600.0,3670.0,3600.0,15190.0,55000000.0,0.0,0.0,15190.0,55000000.0,0.0,0.0,0.0,0.0,0.0,0.0,0.0,0.0
15/07/2019,3640.0,3640.0,0.0,0.0,3640.0,3640.0,3640.0,10.0,40000.0,0.0,0.0,10.0,40000.0,0.0,0.0,0.0,0.0,0.0,0.0,0.0,0.0
12/07/2019,3640.0,3650.0,-10.0,-0.002739726,3650.0,3650.0,3410.0,32200.0,117000000.0,0.0,0.0,32200.0,117000000.0,-3000.0,0.0,0.0,0.0,-10950000.0,0.0,0.0,0.0
11/07/2019,3650.0,3450.0,200.0,0.0579710145,3660.0,3660.0,3650.0,19880.0,73000000.0,0.0,0.0,19880.0,73000000.0,950.0,0.0,0.0,0.0,3477500.0,0.0,0.0,0.0
10/07/2019,3450.0,3700.0,-250.0,-0.0675675676,3450.0,3450.0,3450.0,2000.0,7000000.0,0.0,0.0,2000.0,7000000.0,-970.0,0.0,0.0,0.0,-3346500.0,0.0,0.0,0.0
09/07/2019,3700.0,3500.0,200.0,0.0571428571,3500.0,3700.0,3500.0,640.0,2000000.0,0.0,0.0,640.0,2000000.0,40.0,0.0,0.0,0.0,144000.0,0.0,0.0,0.0
08/07/2019,3500.0,3500.0,0.0,0.0,3500.0,3500.0,3500.0,10.0,40000.0,0.0,0.0,10.0,40000.0,0.0,0.0,0.0,0.0,0.0,0.0,0.0,0.0
05/07/2019,3500.0,3500.0,0.0,0.0,3500.0,3500.0,3400.0,2600.0,9000000.0,0.0,0.0,2600.0,9000000.0,0.0,0.0,0.0,0.0,0.0,0.0,0.0,0.0
04/07/2019,3500.0,3660.0,-160.0,-0.043715847,3500.0,3500.0,3440.0,3350.0,12000000.0,0.0,0.0,3350.0,12000000.0,-1000.0,0.0,0.0,0.0,-3500000.0,0.0,0.0,0.0
03/07/2019,3660.0,3670.0,-10.0,-0.0027247956,3650.0,3660.0,3650.0,1100.0,4000000.0,0.0,0.0,1100.0,4000000.0,0.0,0.0,0.0,0.0,0.0,0.0,0.0,0.0
02/07/2019,3670.0,3670.0,0.0,0.0,3670.0,3670.0,3670.0,60.0,220000.0,0.0,0.0,60.0,220000.0,-50.0,0.0,0.0,0.0,-183500.0,0.0,0.0,0.0
01/07/2019,3670.0,3690.0,-20.0,-0.0054200542,3450.0,3670.0,3450.0,290.0,1000000.0,0.0,0.0,290.0,1000000.0,0.0,0.0,0.0,0.0,0.0,0.0,0.0,0.0
28/06/2019,3690.0,3500.0,190.0,0.0542857143,3500.0,3690.0,3500.0,8300.0,29000000.0,0.0,0.0,8300.0,29000000.0,10.0,-10.0,-10.0,0.0,35000.0,-35000.0,-35000.0,0.0
27/06/2019,3500.0,3720.0,-220.0,-0.0591397849,3720.0,3720.0,3470.0,3450.0,12000000.0,0.0,0.0,3450.0,12000000.0,0.0,0.0,0.0,0.0,0.0,0.0,0.0,0.0
26/06/2019,3720.0,3550.0,170.0,0.0478873239,3500.0,3720.0,3500.0,410.0,2000000.0,0.0,0.0,410.0,2000000.0,0.0,0.0,0.0,0.0,0.0,0.0,0.0,0.0
25/06/2019,3550.0,3730.0,-180.0,-0.0482573727,3550.0,3550.0,3550.0,200.0,1000000.0,0.0,0.0,200.0,1000000.0,0.0,0.0,0.0,0.0,0.0,0.0,0.0,0.0
24/06/2019,3730.0,3730.0,0.0,0.0,3730.0,3730.0,3730.0,20.0,70000.0,0.0,0.0,20.0,70000.0,0.0,0.0,0.0,0.0,0.0,0.0,0.0,0.0
21/06/2019,3730.0,3800.0,-70.0,-0.0184,3730.0,3800.0,3550.0,3130.0,11000000.0,0.0,0.0,3130.0,11000000.0,0.0,0.0,0.0,0.0,0.0,0.0,0.0,0.0
20/06/2019,3800.0,3800.0,0.0,0.0,3800.0,3800.0,3800.0,10.0,0.0,0.0,0.0,10.0,0.0,0.0,0.0,0.0,0.0,0.0,0.0,0.0,0.0
19/06/2019,3800.0,3800.0,0.0,0.0,3800.0,3800.0,3800.0,600.0,2000000.0,0.0,0.0,600.0,2000000.0,0.0,0.0,0.0,0.0,0.0,0.0,0.0,0.0
18/06/2019,3800.0,3600.0,200.0,0.0555555556,3460.0,3800.0,3460.0,490.0,2000000.0,0.0,0.0,490.0,2000000.0,0.0,0.0,0.0,0.0,0.0,0.0,0.0,0.0
17/06/2019,3600.0,3690.0,-90.0,-0.0243902439,3850.0,3850.0,3450.0,8150.0,28000000.0,0.0,0.0,8150.0,28000000.0,0.0,0.0,0.0,0.0,0.0,0.0,0.0,0.0
