NGÀY,GIÁ,GIÁ THÔ,THAY ĐỔI,%THAY ĐỔI,MỞ,CAO,THẤP,KL KHỚP,GT KHỚP,KL THỎA THUẬN,GT THỎA THUẬN,TỔNG KHỐI LƯỢNG,TỔNG GIÁ TRỊ,KL Cá Nhân Khớp Ròng,KL Tổ chức Khớp Ròng,KL Tự doanh Khớp Ròng,KL Nước Ngoài Khớp Ròng,GT Cá Nhân Khớp Ròng,GT Tổ chức Khớp Ròng,GT Tự doanh Khớp Ròng,GT Nước Ngoài Khớp Ròng
03/09/2026,9650.0,9790.0,-140.0,-0.01430031,9710.0,9800.0,9620.0,7700.0,74791000.0,0.0,0.0,7700.0,74791000.0,0.0,0.0,0.0,0.0,0.0,0.0,0.0,0.0
28/08/2026,9790.0,9760.0,30.0,0.00307377,9760.0,9790.0,9700.0,2202.0,21383520.0,0.0,0.0,2202.0,21383520.0,1298.0,-1298.0,0.0,0.0,12590480.0,-12590480.0,0.0,0.0
27/08/2026,9760.0,9710.0,50.0,0.00514933,9790.0,9790.0,9700.0,3300.0,32045000.0,0.0,0.0,3300.0,32045000.0,2100.0,-2100.0,0.0,0.0,20399000.0,-20399000.0,0.0,0.0
26/08/2026,9710.0,9710.0,0.0,0.0,9710.0,9800.0,9600.0,32802.0,318788600.0,0.0,0.0,32802.0,318788600.0,29000.0,-25800.0,0.0,-3200.0,281898001.0,-250558000.0,0.0,-31340000.0
25/08/2026,9710.0,9700.0,10.0,0.00103093,9780.0,9780.0,9700.0,195500.0,1896992000.0,0.0,0.0,195500.0,1896992000.0,194300.0,-194000.0,0.0,-300.0,1885330000.0,-1882420000.0,0.0,-2910000.0
24/08/2026,9700.0,9850.0,-150.0,-0.01522843,9920.0,9920.0,9650.0,137754.0,1336009940.0,0.0,0.0,137754.0,1336009940.0,130946.0,-130946.0,0.0,0.0,1269882061.0,-1269882060.0,0.0,0.0
21/08/2026,9850.0,9750.0,100.0,0.01025641,9850.0,9870.0,9650.0,155300.0,1506713000.0,0.0,0.0,155300.0,1506713000.0,132400.0,-138100.0,0.0,5700.0,1284375000.0,-1339620000.0,0.0,55245000.0
20/08/2026,9750.0,9860.0,-110.0,-0.01115619,9800.0,9800.0,9300.0,183926.0,1793194000.0,0.0,0.0,183926.0,1793194000.0,142274.0,-141574.0,0.0,-700.0,1388208000.0,-1381348000.0,0.0,-6860000.0
19/08/2026,9860.0,9790.0,70.0,0.00715015,9790.0,9860.0,9700.0,18602.0,182046230.0,0.0,0.0,18602.0,182046230.0,15850.0,-11550.0,0.0,-4300.0,155167890.0,-113082890.0,0.0,-42085000.0
18/08/2026,9790.0,9900.0,-110.0,-0.01111111,9890.0,9900.0,9500.0,18700.0,179537000.0,0.0,0.0,18700.0,179537000.0,13300.0,-13300.0,0.0,0.0,127834000.0,-127834000.0,0.0,0.0
17/08/2026,9900.0,9930.0,-30.0,-0.00302115,9900.0,10000.0,9720.0,1502.0,14733860.0,0.0,0.0,1502.0,14733860.0,-100.0,100.0,0.0,0.0,-977000.0,977000.0,0.0,0.0
14/08/2026,9930.0,9940.0,-10.0,-0.00100604,9980.0,9980.0,9710.0,5725.0,56667650.0,0.0,0.0,5725.0,56667650.0,3100.0,-2800.0,0.0,-300.0,30660000.0,-27669000.0,0.0,-2991000.0
13/08/2026,9940.0,9730.0,210.0,0.02158273,9700.0,9970.0,9700.0,16200.0,160437000.0,0.0,0.0,16200.0,160437000.0,11800.0,-11800.0,0.0,0.0,116751000.0,-116751000.0,0.0,0.0
12/08/2026,9730.0,9880.0,-150.0,-0.01518219,9890.0,9940.0,9710.0,12000.0,118347000.0,0.0,0.0,12000.0,118347000.0,5800.0,-5800.0,0.0,0.0,57366000.0,-57366000.0,0.0,0.0
11/08/2026,9880.0,9690.0,190.0,0.01960784,9760.0,9890.0,9730.0,21140.0,207298410.0,0.0,0.0,21140.0,207298410.0,7940.0,-8140.0,0.0,200.0,78031410.0,-79995410.0,0.0,1964000.0
10/08/2026,9690.0,9330.0,360.0,0.03858521,9300.0,9690.0,9300.0,56900.0,542094000.0,350000.0,3045000000.0,406900.0,3587094000.0,10300.0,-11400.0,0.0,1100.0,98508000.0,-109038000.0,0.0,10530000.0
07/08/2026,9330.0,9000.0,330.0,0.03666667,9500.0,9500.0,9010.0,103702.0,960557900.0,3189200.0,27108200000.0,3292902.0,28068757900.0,-37999.0,37999.0,0.0,0.0,-352616600.0,352616600.0,0.0,0.0
06/08/2026,9000.0,9500.0,-500.0,-0.05263158,9840.0,9940.0,9000.0,89900.0,842621000.0,0.0,0.0,89900.0,842621000.0,-32600.0,32600.0,0.0,0.0,-304555000.0,304555000.0,0.0,0.0
05/08/2026,9500.0,10100.0,-600.0,-0.05940594,10150.0,10200.0,9500.0,75658.0,732387000.0,0.0,0.0,75658.0,732387000.0,-42654.0,42654.0,0.0,0.0,-410296600.0,410296600.0,0.0,0.0
04/08/2026,10100.0,9990.0,110.0,0.01101101,9990.0,10100.0,9990.0,63629.0,636521000.0,0.0,0.0,63629.0,636521000.0,-35900.0,35900.0,0.0,0.0,-358600000.0,358600000.0,0.0,0.0
03/08/2026,9990.0,9990.0,0.0,0.0,9990.0,10000.0,9900.0,19104.0,190743750.0,0.0,0.0,19104.0,190743750.0,100.0,-100.0,0.0,0.0,1123000.0,-1123000.0,0.0,0.0
31/07/2026,9990.0,9900.0,90.0,0.00909091,9900.0,9990.0,9820.0,81100.0,802492000.0,0.0,0.0,81100.0,802492000.0,-49100.0,49100.0,0.0,0.0,-485204000.0,485204000.0,0.0,0.0
30/07/2026,9900.0,9950.0,-50.0,-0.00502513,9900.0,10000.0,9800.0,37445.0,371650000.0,0.0,0.0,37445.0,371650000.0,-8200.0,3900.0,0.0,4300.0,-81229000.0,38625000.0,0.0,42604000.0
29/07/2026,9950.0,9900.0,50.0,0.00505051,9950.0,9990.0,9750.0,86503.0,847176700.0,0.0,0.0,86503.0,847176700.0,35000.0,-34500.0,0.0,-500.0,341467001.0,-336587000.0,0.0,-4880000.0
28/07/2026,9900.0,9800.0,100.0,0.01020408,9800.0,9900.0,9700.0,77000.0,751582000.0,0.0,0.0,77000.0,751582000.0,20300.0,-19900.0,0.0,-400.0,198776000.0,-194868000.0,0.0,-3908000.0
27/07/2026,9800.0,9770.0,30.0,0.00307062,9770.0,9800.0,9770.0,600.0,5877000.0,0.0,0.0,600.0,5877000.0,0.0,500.0,0.0,-500.0,0.0,4900000.0,0.0,-4900000.0
24/07/2026,9770.0,9850.0,-80.0,-0.00812183,9850.0,9850.0,9700.0,44310.0,433043700.0,0.0,0.0,44310.0,433043700.0,35400.0,-23200.0,0.0,-12200.0,345888000.0,-226643000.0,0.0,-119245000.0
23/07/2026,9850.0,9890.0,-40.0,-0.00404449,9800.0,9930.0,9740.0,24020.0,234499000.0,0.0,0.0,24020.0,234499000.0,8100.0,-600.0,0.0,-7500.0,79088000.0,-5888000.0,0.0,-73200000.0
22/07/2026,9890.0,9900.0,-10.0,-0.0010101,9930.0,9930.0,9680.0,6400.0,62322000.0,0.0,0.0,6400.0,62322000.0,-1800.0,1800.0,0.0,0.0,-17466000.0,17466000.0,0.0,0.0
21/07/2026,9900.0,9850.0,50.0,0.00507614,9850.0,9970.0,9800.0,6000.0,59181000.0,0.0,0.0,6000.0,59181000.0,-900.0,500.0,0.0,400.0,-8759000.0,4909000.0,0.0,3850000.0
20/07/2026,9850.0,9900.0,-50.0,-0.00505051,9890.0,9890.0,9810.0,55300.0,544649000.0,0.0,0.0,55300.0,544649000.0,-4000.0,12600.0,0.0,-8600.0,-39593000.0,124394000.0,0.0,-84801000.0
17/07/2026,9900.0,9920.0,-20.0,-0.00201613,9920.0,9920.0,9890.0,39808.0,394110120.0,0.0,0.0,39808.0,394110120.0,-5300.0,5300.0,0.0,0.0,-52472000.0,52472000.0,0.0,0.0
16/07/2026,9920.0,9950.0,-30.0,-0.00301508,9900.0,9940.0,9840.0,47212.0,466682280.0,0.0,0.0,47212.0,466682280.0,3090.0,-1090.0,0.0,-2000.0,30547500.0,-10740500.0,0.0,-19807000.0
15/07/2026,9950.0,9960.0,-10.0,-0.00100402,10100.0,10100.0,9650.0,62740.0,623718450.0,0.0,0.0,62740.0,623718450.0,34895.0,-34895.0,0.0,0.0,349021001.0,-349021000.0,0.0,0.0
14/07/2026,9960.0,10000.0,-40.0,-0.004,10000.0,10000.0,9900.0,53736.0,532583800.0,0.0,0.0,53736.0,532583800.0,-9236.0,9236.0,0.0,0.0,-91783800.0,91783800.0,0.0,0.0
13/07/2026,10000.0,10100.0,-100.0,-0.00990099,9940.0,10150.0,9900.0,37400.0,371154000.0,0.0,0.0,37400.0,371154000.0,14400.0,-14300.0,0.0,-100.0,142497000.0,-141497000.0,0.0,-1000000.0
10/07/2026,10100.0,10050.0,50.0,0.00497512,9950.0,10100.0,9950.0,14100.0,140594000.0,0.0,0.0,14100.0,140594000.0,2000.0,-2000.0,0.0,0.0,20023000.0,-20023000.0,0.0,0.0
09/07/2026,10050.0,10100.0,-50.0,-0.0049505,10100.0,10200.0,9960.0,65515.0,654638000.0,0.0,0.0,65515.0,654638000.0,44285.0,-46185.0,0.0,1900.0,442190000.0,-461141000.0,0.0,18951000.0
08/07/2026,10100.0,10100.0,0.0,0.0,10100.0,10250.0,10100.0,9013.0,91713250.0,0.0,0.0,9013.0,91713250.0,590.0,-590.0,0.0,0.0,5997200.0,-5997200.0,0.0,0.0
07/07/2026,10100.0,10300.0,-200.0,-0.01941748,9580.0,10200.0,9580.0,137300.0,1330076000.0,0.0,0.0,137300.0,1330076000.0,-42900.0,42900.0,0.0,0.0,-406980000.0,406980000.0,0.0,0.0
06/07/2026,10300.0,10350.0,-50.0,-0.00483092,10300.0,10350.0,10150.0,28700.0,293620000.0,0.0,0.0,28700.0,293620000.0,13800.0,-13800.0,0.0,0.0,141035000.0,-141035000.0,0.0,0.0
03/07/2026,10350.0,10400.0,-50.0,-0.00480769,10250.0,10400.0,10250.0,52800.0,544005000.0,0.0,0.0,52800.0,544005000.0,33400.0,-33400.0,0.0,0.0,343340000.0,-343340000.0,0.0,0.0
02/07/2026,10400.0,10400.0,0.0,0.0,10300.0,10400.0,10200.0,11202.0,115270200.0,0.0,0.0,11202.0,115270200.0,2198.0,-3898.0,0.0,1700.0,22394800.0,-39819800.0,0.0,17425000.0
01/07/2026,10400.0,10350.0,50.0,0.00483092,10350.0,10450.0,10350.0,7000.0,72680000.0,0.0,0.0,7000.0,72680000.0,2300.0,-2300.0,0.0,0.0,23950000.0,-23950000.0,0.0,0.0
30/06/2026,10350.0,10350.0,0.0,0.0,10350.0,10400.0,10200.0,7303.0,75026050.0,0.0,0.0,7303.0,75026050.0,-3100.0,3100.0,0.0,0.0,-31640000.0,31640000.0,0.0,0.0
29/06/2026,10350.0,10300.0,50.0,0.00485437,10300.0,10400.0,10300.0,61710.0,636768000.0,0.0,0.0,61710.0,636768000.0,58991.0,-58891.0,0.0,-100.0,608612300.0,-607577300.0,0.0,-1035000.0
26/06/2026,10300.0,10200.0,100.0,0.00980392,10300.0,10300.0,10200.0,67000.0,689750000.0,0.0,0.0,67000.0,689750000.0,28400.0,-24000.0,0.0,-4400.0,292520000.0,-247200000.0,0.0,-45320000.0
25/06/2026,10200.0,10200.0,0.0,0.0,10100.0,10200.0,10100.0,3200.0,32410000.0,0.0,0.0,3200.0,32410000.0,-1200.0,1200.0,0.0,0.0,-12140000.0,12140000.0,0.0,0.0
24/06/2026,10200.0,10200.0,0.0,0.0,10150.0,10200.0,10100.0,58829.0,595748820.0,0.0,0.0,58829.0,595748820.0,729.0,-729.0,-29.0,0.0,7493820.0,-7493820.0,-294000.0,0.0
23/06/2026,10200.0,10300.0,-100.0,-0.00970874,10300.0,10300.0,10200.0,17711.0,180879400.0,0.0,0.0,17711.0,180879400.0,9390.0,-9390.0,0.0,0.0,95786001.0,-95786000.0,0.0,0.0
22/06/2026,10300.0,10250.0,50.0,0.00487805,10200.0,10350.0,10200.0,27828.0,283946800.0,0.0,0.0,27828.0,283946800.0,372.0,-372.0,0.0,0.0,3813200.0,-3813200.0,0.0,0.0
19/06/2026,10250.0,10250.0,0.0,0.0,10150.0,10250.0,10150.0,11700.0,119745000.0,0.0,0.0,11700.0,119745000.0,-100.0,100.0,0.0,0.0,-1015000.0,1015000.0,0.0,0.0
18/06/2026,10250.0,10250.0,0.0,0.0,10350.0,10400.0,10100.0,67800.0,690025000.0,0.0,0.0,67800.0,690025000.0,-23400.0,23400.0,0.0,0.0,-237840000.0,237840000.0,0.0,0.0
17/06/2026,10250.0,10300.0,-50.0,-0.00485437,10250.0,10350.0,10250.0,24901.0,255740300.0,0.0,0.0,24901.0,255740300.0,-13601.0,13601.0,0.0,0.0,-139540300.0,139540300.0,0.0,0.0
16/06/2026,10300.0,10300.0,0.0,0.0,10350.0,10400.0,10150.0,48078.0,494575400.0,0.0,0.0,48078.0,494575400.0,-16529.0,16529.0,0.0,0.0,-168878700.0,168878700.0,0.0,0.0
15/06/2026,10300.0,10250.0,50.0,0.00487805,10300.0,10300.0,10200.0,27000.0,277500000.0,0.0,0.0,27000.0,277500000.0,-12400.0,12400.0,0.0,0.0,-127255000.0,127255000.0,0.0,0.0
12/06/2026,10250.0,10200.0,50.0,0.00490196,10200.0,10400.0,10200.0,16101.0,166260300.0,0.0,0.0,16101.0,166260300.0,-1900.0,1900.0,0.0,0.0,-19630000.0,19630000.0,0.0,0.0
11/06/2026,10200.0,10200.0,0.0,0.0,10200.0,10250.0,10100.0,37184.0,379479750.0,0.0,0.0,37184.0,379479750.0,-26374.0,26374.0,0.0,0.0,-269517750.0,269517750.0,0.0,0.0
10/06/2026,10200.0,10200.0,0.0,0.0,10200.0,10250.0,10200.0,10702.0,109355500.0,0.0,0.0,10702.0,109355500.0,-1600.0,1600.0,0.0,0.0,-16495000.0,16495000.0,0.0,0.0
09/06/2026,10200.0,10000.0,200.0,0.02,10050.0,10200.0,9980.0,183501.0,1833368700.0,0.0,0.0,183501.0,1833368700.0,-19100.0,19100.0,0.0,0.0,-192000000.0,192000000.0,0.0,0.0
08/06/2026,10000.0,10100.0,-100.0,-0.00990099,10050.0,10050.0,9970.0,212148.0,2120528500.0,0.0,0.0,212148.0,2120528500.0,21090.0,-21090.0,0.0,0.0,210941500.0,-210941500.0,0.0,0.0
05/06/2026,10100.0,10150.0,-50.0,-0.00492611,10150.0,10200.0,10100.0,225502.0,2288101400.0,0.0,0.0,225502.0,2288101400.0,69498.0,-69498.0,0.0,0.0,704663600.0,-704663600.0,0.0,0.0
04/06/2026,10150.0,10150.0,0.0,0.0,10100.0,10300.0,10050.0,67007.0,677107900.0,0.0,0.0,67007.0,677107900.0,64093.0,-63893.0,0.0,-200.0,647692100.0,-645652100.0,0.0,-2040000.0
03/06/2026,10150.0,10050.0,100.0,0.00995025,10150.0,10200.0,10050.0,3700.0,37315000.0,0.0,0.0,3700.0,37315000.0,-1300.0,1400.0,0.0,-100.0,-13080000.0,14095000.0,0.0,-1015000.0
02/06/2026,10050.0,10250.0,-200.0,-0.0195122,10400.0,10400.0,10000.0,27601.0,278585700.0,0.0,0.0,27601.0,278585700.0,1100.0,-1100.0,0.0,0.0,12090000.0,-12090000.0,0.0,0.0
01/06/2026,10250.0,10300.0,-50.0,-0.00485437,10350.0,10450.0,10100.0,12500.0,127955000.0,0.0,0.0,12500.0,127955000.0,-100.0,200.0,0.0,-100.0,-1530000.0,2560000.0,0.0,-1030000.0
29/05/2026,10300.0,10350.0,-50.0,-0.00483092,10450.0,10450.0,10000.0,13311.0,135608350.0,0.0,0.0,13311.0,135608350.0,1400.0,-1400.0,0.0,0.0,14465000.0,-14465000.0,0.0,0.0
28/05/2026,10350.0,10300.0,50.0,0.00485437,10300.0,10400.0,10250.0,16604.0,170282800.0,0.0,0.0,16604.0,170282800.0,-12404.0,12404.0,0.0,0.0,-127142800.0,127142800.0,0.0,0.0
27/05/2026,10300.0,10400.0,-100.0,-0.00961538,10350.0,10400.0,10300.0,5802.0,59971400.0,0.0,0.0,5802.0,59971400.0,3898.0,-3898.0,0.0,0.0,40303600.0,-40303600.0,0.0,0.0
26/05/2026,10400.0,10300.0,100.0,0.00970874,10300.0,10400.0,10250.0,17400.0,179490000.0,0.0,0.0,17400.0,179490000.0,700.0,-2000.0,0.0,1300.0,7550000.0,-20940000.0,0.0,13390000.0
25/05/2026,10300.0,10500.0,-200.0,-0.01904762,10400.0,10450.0,10300.0,6122.0,63258400.0,0.0,0.0,6122.0,63258400.0,-190.0,190.0,0.0,0.0,-1912000.0,1912000.0,0.0,0.0
22/05/2026,10500.0,10350.0,150.0,0.01449275,10300.0,10500.0,10300.0,11615.0,120340950.0,0.0,0.0,11615.0,120340950.0,-3905.0,3905.0,0.0,0.0,-40272450.0,40272450.0,0.0,0.0
21/05/2026,10350.0,10300.0,50.0,0.00485437,10200.0,10450.0,10200.0,11500.0,118820000.0,0.0,0.0,11500.0,118820000.0,-1400.0,1400.0,0.0,0.0,-14835000.0,14835000.0,0.0,0.0
20/05/2026,10300.0,10350.0,-50.0,-0.00483092,10500.0,10500.0,10150.0,57275.0,586099050.0,0.0,0.0,57275.0,586099050.0,-26122.0,22722.0,0.0,3400.0,-267115500.0,232605500.0,0.0,34510000.0
19/05/2026,10350.0,10550.0,-200.0,-0.01895735,10550.0,10550.0,10350.0,19500.0,202215000.0,0.0,0.0,19500.0,202215000.0,-3300.0,3300.0,0.0,0.0,-34195000.0,34195000.0,0.0,0.0
18/05/2026,10550.0,10450.0,100.0,0.00956938,10450.0,10550.0,10400.0,49925.0,524712500.0,0.0,0.0,49925.0,524712500.0,-21375.0,21375.0,0.0,0.0,-224802500.0,224802500.0,0.0,0.0
15/05/2026,10450.0,10350.0,100.0,0.00966184,10450.0,10450.0,10350.0,37000.0,386215000.0,0.0,0.0,37000.0,386215000.0,-2400.0,5400.0,0.0,-3000.0,-25250000.0,56600000.0,0.0,-31350000.0
14/05/2026,10350.0,10450.0,-100.0,-0.00956938,10450.0,10450.0,10350.0,30202.0,313221400.0,0.0,0.0,30202.0,313221400.0,12698.0,-11998.0,0.0,-700.0,131703600.0,-124458600.0,0.0,-7245000.0
13/05/2026,10450.0,10400.0,50.0,0.00480769,10400.0,10450.0,10350.0,12464.0,129302300.0,0.0,0.0,12464.0,129302300.0,1502.0,-1502.0,0.0,0.0,15606600.0,-15606600.0,0.0,0.0
12/05/2026,10400.0,10450.0,-50.0,-0.00478469,10450.0,10500.0,10300.0,21228.0,219651150.0,0.0,0.0,21228.0,219651150.0,9973.0,-10673.0,0.0,700.0,103284200.0,-110494200.0,0.0,7210000.0
11/05/2026,10450.0,10600.0,-150.0,-0.01415094,10500.0,10600.0,10300.0,36316.0,376852500.0,0.0,0.0,36316.0,376852500.0,7890.0,-7890.0,0.0,0.0,81015000.0,-81015000.0,0.0,0.0
08/05/2026,10600.0,10600.0,0.0,0.0,10550.0,10650.0,10550.0,19400.0,205360000.0,0.0,0.0,19400.0,205360000.0,3400.0,-2400.0,0.0,-1000.0,36020000.0,-25470000.0,0.0,-10550000.0
07/05/2026,10600.0,10600.0,0.0,0.0,10500.0,10600.0,10450.0,56501.0,596690600.0,0.0,0.0,56501.0,596690600.0,14000.0,-14000.0,0.0,0.0,148050001.0,-148050000.0,0.0,0.0
06/05/2026,10600.0,10500.0,100.0,0.00952381,10350.0,10600.0,10350.0,23344.0,246235000.0,0.0,0.0,23344.0,246235000.0,10495.0,-10495.0,0.0,0.0,110816750.0,-110816750.0,0.0,0.0
05/05/2026,10500.0,10650.0,-150.0,-0.01408451,10550.0,10650.0,10400.0,46707.0,488789250.0,0.0,0.0,46707.0,488789250.0,5200.0,-5200.0,0.0,0.0,53885000.0,-53885000.0,0.0,0.0
04/05/2026,10650.0,10500.0,150.0,0.01428571,10450.0,10850.0,10450.0,60789.0,648959850.0,0.0,0.0,60789.0,648959850.0,5864.0,-9864.0,0.0,4000.0,61833151.0,-104598150.0,0.0,42765000.0
29/04/2026,10500.0,10100.0,400.0,0.03960396,10150.0,10600.0,10050.0,109000.0,1131870000.0,0.0,0.0,109000.0,1131870000.0,11500.0,-11500.0,0.0,0.0,118235000.0,-118235000.0,0.0,0.0
28/04/2026,10100.0,10200.0,-100.0,-0.00980392,10050.0,10200.0,10000.0,16900.0,171100000.0,0.0,0.0,16900.0,171100000.0,4200.0,-4200.0,0.0,0.0,42805000.0,-42805000.0,0.0,0.0
24/04/2026,10200.0,10200.0,0.0,0.0,10200.0,10250.0,10100.0,26703.0,272260750.0,0.0,0.0,26703.0,272260750.0,1600.0,-1600.0,0.0,0.0,16250000.0,-16250000.0,0.0,0.0
23/04/2026,10200.0,10250.0,-50.0,-0.00487805,10200.0,10250.0,10050.0,42800.0,432530000.0,0.0,0.0,42800.0,432530000.0,22700.0,-7700.0,0.0,-15000.0,229570000.0,-77990000.0,0.0,-151580000.0
22/04/2026,10250.0,10250.0,0.0,0.0,10350.0,10350.0,10150.0,4100.0,41980000.0,0.0,0.0,4100.0,41980000.0,1000.0,-1000.0,0.0,0.0,10065000.0,-10065000.0,0.0,0.0
21/04/2026,10250.0,10100.0,150.0,0.01485149,10100.0,10300.0,10100.0,36643.0,370849300.0,0.0,0.0,36643.0,370849300.0,8900.0,-8900.0,0.0,0.0,90165000.0,-90165000.0,0.0,0.0
20/04/2026,10100.0,10200.0,-100.0,-0.00980392,10250.0,10300.0,10100.0,28200.0,286245000.0,0.0,0.0,28200.0,286245000.0,4400.0,-7500.0,0.0,3100.0,45095000.0,-76570000.0,0.0,31475000.0
17/04/2026,10200.0,10100.0,100.0,0.00990099,10100.0,10400.0,10100.0,45817.0,473481050.0,0.0,0.0,45817.0,473481050.0,-7891.0,7891.0,0.0,0.0,-82057550.0,82057550.0,0.0,0.0
16/04/2026,10100.0,10150.0,-50.0,-0.00492611,10250.0,10250.0,10100.0,10195.0,103526050.0,0.0,0.0,10195.0,103526050.0,-6105.0,7305.0,0.0,-1200.0,-61996250.0,74166250.0,0.0,-12170000.0
15/04/2026,10150.0,10250.0,-100.0,-0.0097561,10300.0,10400.0,10000.0,59701.0,609915950.0,0.0,0.0,59701.0,609915950.0,-1601.0,1701.0,0.0,-100.0,-14300950.0,15315950.0,0.0,-1015000.0
14/04/2026,10250.0,10250.0,0.0,0.0,10100.0,10400.0,10100.0,56400.0,578630000.0,0.0,0.0,56400.0,578630000.0,-1700.0,500.0,0.0,1200.0,-17960000.0,5780000.0,0.0,12180000.0
13/04/2026,10250.0,10350.0,-100.0,-0.00966184,10150.0,10250.0,10100.0,20502.0,208207100.0,0.0,0.0,20502.0,208207100.0,11600.0,-11700.0,0.0,100.0,117555000.0,-118565000.0,0.0,1010000.0
10/04/2026,10350.0,10350.0,0.0,0.0,10250.0,10400.0,10250.0,23700.0,244360000.0,0.0,0.0,23700.0,244360000.0,13600.0,-13100.0,0.0,-500.0,140110000.0,-134960000.0,0.0,-5150000.0
09/04/2026,10350.0,10350.0,0.0,0.0,10350.0,10350.0,10250.0,22000.0,226750000.0,0.0,0.0,22000.0,226750000.0,5000.0,-4200.0,0.0,-800.0,51565000.0,-43315000.0,0.0,-8250000.0
08/04/2026,10350.0,10050.0,300.0,0.02985075,10050.0,10750.0,10050.0,283301.0,2983155300.0,0.0,0.0,283301.0,2983155300.0,-24755.0,28155.0,0.0,-3400.0,-262485000.0,297870000.0,0.0,-35385000.0
07/04/2026,10050.0,10000.0,50.0,0.005,10000.0,10100.0,9950.0,10700.0,106746000.0,0.0,0.0,10700.0,106746000.0,3900.0,-3900.0,0.0,0.0,38816000.0,-38816000.0,0.0,0.0
06/04/2026,10000.0,10000.0,0.0,0.0,10000.0,10000.0,9960.0,13500.0,134801000.0,0.0,0.0,13500.0,134801000.0,7100.0,-7100.0,0.0,0.0,70818000.0,-70818000.0,0.0,0.0
03/04/2026,10000.0,10100.0,-100.0,-0.00990099,10100.0,10150.0,10000.0,11200.0,112395000.0,0.0,0.0,11200.0,112395000.0,-700.0,1300.0,0.0,-600.0,-7150000.0,13180000.0,0.0,-6030000.0
02/04/2026,10100.0,10150.0,-50.0,-0.00492611,10050.0,10250.0,10050.0,19709.0,199461400.0,0.0,0.0,19709.0,199461400.0,7192.0,-4492.0,0.0,-2700.0,72593800.0,-44918800.0,0.0,-27675000.0
01/04/2026,10150.0,10050.0,100.0,0.00995025,10000.0,10200.0,10000.0,44701.0,451590100.0,0.0,0.0,44701.0,451590100.0,-14799.0,14699.0,0.0,100.0,-149534900.0,148549900.0,0.0,985000.0
31/03/2026,10050.0,9930.0,120.0,0.01208459,9950.0,10200.0,9950.0,12008.0,121502000.0,0.0,0.0,12008.0,121502000.0,-9400.0,9400.0,0.0,0.0,-95072000.0,95072000.0,0.0,0.0
30/03/2026,9930.0,10150.0,-220.0,-0.02167488,10150.0,10150.0,9920.0,41320.0,414450000.0,0.0,0.0,41320.0,414450000.0,3210.0,-3210.0,0.0,0.0,33204000.0,-33204000.0,0.0,0.0
27/03/2026,10150.0,10050.0,100.0,0.00995025,10000.0,10200.0,9980.0,31099.0,312882950.0,0.0,0.0,31099.0,312882950.0,1996.0,-1996.0,0.0,0.0,20069300.0,-20069300.0,0.0,0.0
26/03/2026,10050.0,10100.0,-50.0,-0.0049505,10100.0,10100.0,10000.0,40339.0,405161000.0,0.0,0.0,40339.0,405161000.0,-14806.0,14806.0,0.0,0.0,-149375600.0,149375600.0,0.0,0.0
25/03/2026,10100.0,9920.0,180.0,0.01814516,9930.0,10100.0,9930.0,35050.0,350649500.0,0.0,0.0,35050.0,350649500.0,8030.0,-15930.0,0.0,7900.0,80499500.0,-159499500.0,0.0,79000000.0
24/03/2026,9920.0,9910.0,10.0,0.00100908,10000.0,10100.0,9920.0,27600.0,274576000.0,0.0,0.0,27600.0,274576000.0,9800.0,-9800.0,0.0,0.0,97028000.0,-97028000.0,0.0,0.0
23/03/2026,9910.0,10150.0,-240.0,-0.02364532,10150.0,10150.0,9910.0,73802.0,735270000.0,0.0,0.0,73802.0,735270000.0,39900.0,-31400.0,0.0,-8500.0,397063000.0,-312185000.0,0.0,-84878000.0
20/03/2026,10150.0,10250.0,-100.0,-0.0097561,10250.0,10300.0,10100.0,14500.0,147465000.0,0.0,0.0,14500.0,147465000.0,700.0,-600.0,0.0,-100.0,6995000.0,-5980000.0,0.0,-1015000.0
19/03/2026,10250.0,10400.0,-150.0,-0.01442308,10350.0,10350.0,10050.0,43501.0,443840400.0,0.0,0.0,43501.0,443840400.0,10901.0,-10901.0,0.0,0.0,110480401.0,-110480400.0,0.0,0.0
18/03/2026,10400.0,10350.0,50.0,0.00483092,10400.0,10400.0,10250.0,21887.0,225854900.0,0.0,0.0,21887.0,225854900.0,-3150.0,3150.0,0.0,0.0,-32593849.0,32593850.0,0.0,0.0
17/03/2026,10350.0,10250.0,100.0,0.0097561,10250.0,10400.0,10250.0,35050.0,362767750.0,0.0,0.0,35050.0,362767750.0,-18200.0,18200.0,0.0,0.0,-188670000.0,188670000.0,0.0,0.0
16/03/2026,10250.0,10300.0,-50.0,-0.00485437,10300.0,10350.0,10200.0,63400.0,650855000.0,0.0,0.0,63400.0,650855000.0,7800.0,-7800.0,0.0,0.0,79935000.0,-79935000.0,0.0,0.0
13/03/2026,10300.0,10250.0,50.0,0.00487805,10200.0,10350.0,10100.0,21609.0,221192250.0,0.0,0.0,21609.0,221192250.0,6591.0,-6591.0,0.0,0.0,67497750.0,-67497750.0,0.0,0.0
12/03/2026,10250.0,10450.0,-200.0,-0.01913876,10400.0,10400.0,10000.0,24990.0,253383600.0,0.0,0.0,24990.0,253383600.0,1697.0,-1697.0,0.0,0.0,16733799.0,-16733800.0,0.0,0.0
11/03/2026,10450.0,10000.0,450.0,0.045,10150.0,10450.0,9950.0,100316.0,1015536250.0,0.0,0.0,100316.0,1015536250.0,-8511.0,8511.0,0.0,0.0,-91661000.0,91661000.0,0.0,0.0
10/03/2026,10000.0,9770.0,230.0,0.02354145,10200.0,10450.0,9900.0,129550.0,1306841000.0,0.0,0.0,129550.0,1306841000.0,-9799.0,1199.0,0.0,8600.0,-103564800.0,17564800.0,0.0,86000000.0
09/03/2026,9770.0,10500.0,-730.0,-0.06952381,10400.0,10400.0,9770.0,278806.0,2749650050.0,0.0,0.0,278806.0,2749650050.0,120823.0,-129123.0,0.0,8300.0,1185269381.0,-1269099380.0,0.0,83830000.0
06/03/2026,10500.0,10800.0,-300.0,-0.02777778,10800.0,10800.0,10500.0,46475.0,492264950.0,0.0,0.0,46475.0,492264950.0,2625.0,-2625.0,0.0,0.0,27367149.0,-27367150.0,0.0,0.0
05/03/2026,10800.0,10700.0,100.0,0.00934579,10800.0,10850.0,10700.0,19630.0,210945000.0,0.0,0.0,19630.0,210945000.0,-170.0,170.0,0.0,0.0,-1860000.0,1860000.0,0.0,0.0
04/03/2026,10700.0,10850.0,-150.0,-0.01382488,10650.0,10900.0,10400.0,54361.0,578004500.0,0.0,0.0,54361.0,578004500.0,2456.0,-2456.0,0.0,0.0,24495800.0,-24495800.0,0.0,0.0
03/03/2026,10850.0,10650.0,200.0,0.01877934,10900.0,10900.0,10500.0,54050.0,576401200.0,0.0,0.0,54050.0,576401200.0,-26000.0,27600.0,0.0,-1600.0,-275705000.0,293145000.0,0.0,-17440000.0
02/03/2026,10650.0,11000.0,-350.0,-0.03181818,10900.0,10950.0,10550.0,136704.0,1467665100.0,0.0,0.0,136704.0,1467665100.0,12191.0,-12191.0,0.0,0.0,129939700.0,-129939700.0,0.0,0.0
27/02/2026,11000.0,10950.0,50.0,0.00456621,10950.0,11050.0,10850.0,55500.0,604215000.0,0.0,0.0,55500.0,604215000.0,12300.0,-12300.0,0.0,0.0,133460000.0,-133460000.0,0.0,0.0
26/02/2026,10950.0,10950.0,0.0,0.0,10950.0,11050.0,10900.0,55343.0,606220850.0,0.0,0.0,55343.0,606220850.0,-15229.0,16029.0,0.0,-800.0,-166917550.0,175717550.0,0.0,-8800000.0
25/02/2026,10950.0,11100.0,-150.0,-0.01351351,11100.0,11100.0,10950.0,64252.0,708648350.0,0.0,0.0,64252.0,708648350.0,-21382.0,21382.0,0.0,0.0,-235051200.0,235051200.0,0.0,0.0
24/02/2026,11100.0,11050.0,50.0,0.00452489,11050.0,11300.0,11000.0,30402.0,337737250.0,0.0,0.0,30402.0,337737250.0,-7300.0,9300.0,0.0,-2000.0,-81570000.0,103770000.0,0.0,-22200000.0
23/02/2026,11050.0,10950.0,100.0,0.00913242,10950.0,11050.0,10900.0,62550.0,686190000.0,0.0,0.0,62550.0,686190000.0,-20550.0,19750.0,0.0,800.0,-224975000.0,216255000.0,0.0,8720000.0
13/02/2026,10950.0,10850.0,100.0,0.00921659,10900.0,10950.0,10700.0,31803.0,343857550.0,0.0,0.0,31803.0,343857550.0,6903.0,-6903.0,0.0,0.0,73542550.0,-73542550.0,0.0,0.0
12/02/2026,10850.0,10900.0,-50.0,-0.00458716,10950.0,11100.0,10800.0,15218.0,165821200.0,0.0,0.0,15218.0,165821200.0,1600.0,-1900.0,0.0,300.0,17175000.0,-20430000.0,0.0,3255000.0
11/02/2026,10900.0,10600.0,300.0,0.02830189,10650.0,10900.0,10650.0,31603.0,339962250.0,0.0,0.0,31603.0,339962250.0,-1501.0,1501.0,0.0,0.0,-16975350.0,16975350.0,0.0,0.0
10/02/2026,10600.0,10700.0,-100.0,-0.00934579,10700.0,10700.0,10500.0,106902.0,1130016400.0,0.0,0.0,106902.0,1130016400.0,14698.0,-14698.0,0.0,0.0,155278600.0,-155278600.0,0.0,0.0
09/02/2026,10700.0,10650.0,50.0,0.00469484,10700.0,10750.0,10650.0,41871.0,448259700.0,0.0,0.0,41871.0,448259700.0,-21644.0,21644.0,0.0,0.0,-232300800.0,232300800.0,0.0,0.0
06/02/2026,10650.0,10900.0,-250.0,-0.02293578,10900.0,10900.0,10650.0,169840.0,1821894050.0,0.0,0.0,169840.0,1821894050.0,-54158.0,60858.0,0.0,-6700.0,-580075950.0,652295950.0,0.0,-72220000.0
05/02/2026,10900.0,11000.0,-100.0,-0.00909091,11000.0,11000.0,10900.0,79521.0,869404950.0,0.0,0.0,79521.0,869404950.0,-15180.0,18380.0,0.0,-3200.0,-166116000.0,201156000.0,0.0,-35040000.0
04/02/2026,11000.0,11050.0,-50.0,-0.00452489,11050.0,11100.0,11000.0,65818.0,727751700.0,0.0,0.0,65818.0,727751700.0,-25140.0,25140.0,0.0,0.0,-278323001.0,278323000.0,0.0,0.0
03/02/2026,11050.0,11000.0,50.0,0.00454545,11000.0,11100.0,10900.0,145010.0,1587465250.0,0.0,0.0,145010.0,1587465250.0,-62598.0,58198.0,0.0,4400.0,-684847900.0,636887900.0,0.0,47960000.0
02/02/2026,11000.0,11100.0,-100.0,-0.00900901,11100.0,11100.0,10850.0,107794.0,1180380600.0,0.0,0.0,107794.0,1180380600.0,-8519.0,8519.0,0.0,0.0,-94323200.0,94323200.0,0.0,0.0
30/01/2026,11100.0,11200.0,-100.0,-0.00892857,11150.0,11200.0,10750.0,370277.0,4037851300.0,0.0,0.0,370277.0,4037851300.0,72671.0,-72671.0,0.0,0.0,787279250.0,-787279250.0,0.0,0.0
29/01/2026,11200.0,11600.0,-400.0,-0.03448276,11500.0,11550.0,11200.0,372839.0,4213631400.0,0.0,0.0,372839.0,4213631400.0,56702.0,-42402.0,0.0,-14300.0,639766700.0,-480076700.0,0.0,-159690000.0
28/01/2026,11600.0,11650.0,-50.0,-0.00429185,11600.0,11700.0,11500.0,54000.0,627075000.0,0.0,0.0,54000.0,627075000.0,-3700.0,3700.0,0.0,0.0,-42700000.0,42700000.0,0.0,0.0
27/01/2026,11650.0,11700.0,-50.0,-0.0042735,11700.0,11750.0,11650.0,79738.0,932166500.0,0.0,0.0,79738.0,932166500.0,19000.0,-17500.0,0.0,-1500.0,221900000.0,-204320000.0,0.0,-17580000.0
26/01/2026,11700.0,11800.0,-100.0,-0.00847458,11800.0,11900.0,11650.0,187517.0,2203084300.0,0.0,0.0,187517.0,2203084300.0,55984.0,-54684.0,0.0,-1300.0,657982500.0,-642772500.0,0.0,-15210000.0
23/01/2026,11800.0,12000.0,-200.0,-0.01666667,12050.0,12250.0,11800.0,66811.0,796686550.0,0.0,0.0,66811.0,796686550.0,17999.0,-11599.0,0.0,-6400.0,212953000.0,-136943000.0,0.0,-76010000.0
22/01/2026,12000.0,12000.0,0.0,0.0,12100.0,12250.0,12000.0,90349.0,1097943000.0,0.0,0.0,90349.0,1097943000.0,-19181.0,21281.0,0.0,-2100.0,-232630200.0,258145200.0,0.0,-25515000.0
21/01/2026,12000.0,11950.0,50.0,0.0041841,11950.0,12300.0,11900.0,242076.0,2919672050.0,0.0,0.0,242076.0,2919672050.0,2548.0,2552.0,0.0,-5100.0,28370950.0,33339050.0,0.0,-61710000.0
20/01/2026,11950.0,11750.0,200.0,0.01702128,11750.0,11950.0,11700.0,106505.0,1259373750.0,0.0,0.0,106505.0,1259373750.0,-1701.0,1701.0,0.0,0.0,-20011750.0,20011750.0,0.0,0.0
19/01/2026,11750.0,11750.0,0.0,0.0,11800.0,11800.0,11650.0,119982.0,1402350800.0,0.0,0.0,119982.0,1402350800.0,3456.0,-3456.0,0.0,0.0,39981101.0,-39981100.0,0.0,0.0
16/01/2026,11750.0,11900.0,-150.0,-0.01260504,11800.0,11900.0,11750.0,119817.0,1414931900.0,0.0,0.0,119817.0,1414931900.0,-12305.0,12305.0,0.0,0.0,-144634100.0,144634100.0,0.0,0.0
15/01/2026,11900.0,11900.0,0.0,0.0,11900.0,11900.0,11800.0,97375.0,1150833200.0,0.0,0.0,97375.0,1150833200.0,-9751.0,9751.0,0.0,0.0,-115436901.0,115436900.0,0.0,0.0
14/01/2026,11900.0,11800.0,100.0,0.00847458,11950.0,11950.0,11700.0,135504.0,1605087200.0,0.0,0.0,135504.0,1605087200.0,-7904.0,7904.0,0.0,0.0,-94492051.0,94492050.0,0.0,0.0
13/01/2026,11800.0,11900.0,-100.0,-0.00840336,11950.0,11950.0,11750.0,95255.0,1127744100.0,0.0,0.0,95255.0,1127744100.0,-3034.0,3834.0,0.0,-800.0,-36571301.0,46091300.0,0.0,-9520000.0
12/01/2026,11900.0,11600.0,300.0,0.02586207,11600.0,11950.0,11600.0,127958.0,1494552800.0,0.0,0.0,127958.0,1494552800.0,-16108.0,15108.0,0.0,1000.0,-190552801.0,178952800.0,0.0,11600000.0
09/01/2026,11600.0,11600.0,0.0,0.0,11600.0,11700.0,11550.0,59017.0,683372200.0,0.0,0.0,59017.0,683372200.0,-12902.0,12902.0,0.0,0.0,-149913200.0,149913200.0,0.0,0.0
08/01/2026,11600.0,11550.0,50.0,0.004329,11550.0,11650.0,11500.0,109914.0,1271132700.0,0.0,0.0,109914.0,1271132700.0,2557.0,-2557.0,0.0,0.0,28902350.0,-28902350.0,0.0,0.0
07/01/2026,11550.0,11600.0,-50.0,-0.00431034,11600.0,11750.0,11500.0,144650.0,1676629950.0,0.0,0.0,144650.0,1676629950.0,5450.0,-27150.0,0.0,21700.0,60705050.0,-311340050.0,0.0,250635000.0
06/01/2026,11600.0,11550.0,50.0,0.004329,11550.0,11650.0,11500.0,64300.0,744140000.0,0.0,0.0,64300.0,744140000.0,36400.0,-36400.0,0.0,0.0,420370000.0,-420370000.0,0.0,0.0
05/01/2026,11550.0,11550.0,0.0,0.0,11550.0,11650.0,11500.0,39005.0,451093000.0,0.0,0.0,39005.0,451093000.0,-5300.0,5300.0,0.0,0.0,-61505000.0,61505000.0,0.0,0.0
31/12/2025,11550.0,11500.0,50.0,0.00434783,11600.0,12200.0,11450.0,82958.0,973654450.0,0.0,0.0,82958.0,973654450.0,-24400.0,36700.0,0.0,-12300.0,-287885000.0,431730000.0,0.0,-143845000.0
30/12/2025,11500.0,11550.0,-50.0,-0.004329,11550.0,11600.0,11450.0,22701.0,261516600.0,0.0,0.0,22701.0,261516600.0,5600.0,-5600.0,0.0,0.0,64040000.0,-64040000.0,0.0,0.0
29/12/2025,11550.0,11400.0,150.0,0.01315789,11350.0,11600.0,11350.0,23800.0,273905000.0,0.0,0.0,23800.0,273905000.0,8800.0,-8800.0,0.0,0.0,101835000.0,-101835000.0,0.0,0.0
26/12/2025,11400.0,11450.0,-50.0,-0.00436681,11550.0,11550.0,11300.0,104695.0,1189887800.0,0.0,0.0,104695.0,1189887800.0,-19494.0,21594.0,0.0,-2100.0,-221381350.0,245216350.0,0.0,-23835000.0
25/12/2025,11450.0,11550.0,-100.0,-0.00865801,11550.0,11600.0,11450.0,61641.0,708756050.0,0.0,0.0,61641.0,708756050.0,23270.0,-22970.0,0.0,-300.0,267686000.0,-264236000.0,0.0,-3450000.0
24/12/2025,11550.0,11500.0,50.0,0.00434783,11550.0,11600.0,11450.0,71821.0,826257550.0,0.0,0.0,71821.0,826257550.0,20590.0,-20590.0,0.0,0.0,236599500.0,-236599500.0,0.0,0.0
23/12/2025,11500.0,11650.0,-150.0,-0.01287554,11700.0,11700.0,11500.0,206210.0,2393652050.0,0.0,0.0,206210.0,2393652050.0,27888.0,-26788.0,0.0,-1100.0,322820050.0,-310115050.0,0.0,-12705000.0
22/12/2025,11650.0,11650.0,0.0,0.0,11750.0,11800.0,11600.0,158004.0,1843241800.0,0.0,0.0,158004.0,1843241800.0,16996.0,-19996.0,0.0,3000.0,197588200.0,-232688200.0,0.0,35100000.0
19/12/2025,11650.0,11900.0,-250.0,-0.0210084,11900.0,11950.0,11650.0,102180.0,1201525250.0,0.0,0.0,102180.0,1201525250.0,12858.0,-11558.0,0.0,-1300.0,150975200.0,-135505200.0,0.0,-15470000.0
18/12/2025,11900.0,11950.0,-50.0,-0.0041841,11900.0,11950.0,11750.0,102340.0,1208329900.0,0.0,0.0,102340.0,1208329900.0,33572.0,-33472.0,0.0,-100.0,396067200.0,-394892200.0,0.0,-1175000.0
17/12/2025,11950.0,12000.0,-50.0,-0.00416667,12000.0,12000.0,11800.0,62132.0,738939050.0,0.0,0.0,62132.0,738939050.0,8269.0,-8269.0,0.0,0.0,97753000.0,-97753000.0,0.0,0.0
16/12/2025,12000.0,11950.0,50.0,0.0041841,11900.0,12050.0,11650.0,150952.0,1786083900.0,0.0,0.0,150952.0,1786083900.0,4600.0,-4600.0,0.0,0.0,54125000.0,-54125000.0,0.0,0.0
15/12/2025,11950.0,12000.0,-50.0,-0.00416667,12000.0,12050.0,11800.0,216702.0,2574778900.0,0.0,0.0,216702.0,2574778900.0,12499.0,-25099.0,0.0,12600.0,147138000.0,-297008000.0,0.0,149870000.0
12/12/2025,12000.0,12650.0,-650.0,-0.0513834,12700.0,12750.0,12000.0,247679.0,3044330750.0,0.0,0.0,247679.0,3044330750.0,-28768.0,30568.0,0.0,-1800.0,-363234100.0,384834100.0,0.0,-21600000.0
11/12/2025,12650.0,12650.0,0.0,0.0,12800.0,12800.0,12550.0,226208.0,2869446200.0,0.0,0.0,226208.0,2869446200.0,-32801.0,32801.0,0.0,0.0,-419432650.0,419432650.0,0.0,0.0
10/12/2025,12650.0,12600.0,50.0,0.00396825,12500.0,12750.0,12400.0,179163.0,2257272250.0,0.0,0.0,179163.0,2257272250.0,-6241.0,6241.0,0.0,0.0,-78631550.0,78631550.0,0.0,0.0
09/12/2025,12600.0,12100.0,500.0,0.04132231,12100.0,12850.0,12050.0,422865.0,5320504400.0,0.0,0.0,422865.0,5320504400.0,-65404.0,69004.0,0.0,-3600.0,-821462550.0,866402550.0,0.0,-44940000.0
08/12/2025,12100.0,12400.0,-300.0,-0.02419355,12400.0,12400.0,12100.0,164482.0,2008521100.0,0.0,0.0,164482.0,2008521100.0,32542.0,-29942.0,0.0,-2600.0,397031150.0,-364821150.0,0.0,-32210000.0
05/12/2025,12400.0,12650.0,-250.0,-0.01976285,12850.0,12850.0,12300.0,256262.0,3187345950.0,0.0,0.0,256262.0,3187345950.0,126496.0,-124296.0,0.0,-2200.0,1570620000.0,-1543020000.0,0.0,-27600000.0
04/12/2025,12650.0,12150.0,500.0,0.04115226,12250.0,12850.0,12100.0,411339.0,5164875850.0,0.0,0.0,411339.0,5164875850.0,69921.0,-70921.0,0.0,1000.0,878447801.0,-891097800.0,0.0,12650000.0
03/12/2025,12150.0,12000.0,150.0,0.0125,12000.0,12250.0,11900.0,260617.0,3162729000.0,0.0,0.0,260617.0,3162729000.0,566.0,-7166.0,0.0,6600.0,9567000.0,-88767000.0,0.0,79200000.0
02/12/2025,12000.0,12100.0,-100.0,-0.00826446,12150.0,12150.0,11900.0,152349.0,1822762750.0,0.0,0.0,152349.0,1822762750.0,-67488.0,65188.0,0.0,2300.0,-806174650.0,778689650.0,0.0,27485000.0
01/12/2025,12100.0,11850.0,250.0,0.02109705,11900.0,12200.0,11750.0,151718.0,1824278400.0,0.0,0.0,151718.0,1824278400.0,-40912.0,40912.0,0.0,0.0,-493838551.0,493838550.0,0.0,0.0
28/11/2025,11850.0,12100.0,-250.0,-0.02066116,12150.0,12150.0,11850.0,178514.0,2137977800.0,0.0,0.0,178514.0,2137977800.0,7715.0,-7715.0,0.0,0.0,91777700.0,-91777700.0,0.0,0.0
27/11/2025,12100.0,11850.0,250.0,0.02109705,11900.0,12350.0,11900.0,182300.0,2212485000.0,0.0,0.0,182300.0,2212485000.0,-1800.0,1000.0,0.0,800.0,-25790000.0,16110000.0,0.0,9680000.0
26/11/2025,11850.0,11850.0,0.0,0.0,11850.0,11900.0,11800.0,99200.0,1174775000.0,0.0,0.0,99200.0,1174775000.0,-55400.0,56400.0,0.0,-1000.0,-656290000.0,668140000.0,0.0,-11850000.0
25/11/2025,11850.0,11850.0,0.0,0.0,11900.0,11900.0,11650.0,102147.0,1201243350.0,0.0,0.0,102147.0,1201243350.0,-19791.0,19791.0,0.0,0.0,-232208350.0,232208350.0,0.0,0.0
24/11/2025,11850.0,11900.0,-50.0,-0.00420168,11850.0,12050.0,11850.0,105618.0,1262669950.0,0.0,0.0,105618.0,1262669950.0,-1965.0,1965.0,0.0,0.0,-25409450.0,25409450.0,0.0,0.0
21/11/2025,11900.0,12200.0,-300.0,-0.02459016,12200.0,12250.0,11800.0,68492.0,819894650.0,0.0,0.0,68492.0,819894650.0,17527.0,-16527.0,0.0,-1000.0,208919050.0,-196819050.0,0.0,-12100000.0
20/11/2025,12200.0,11600.0,600.0,0.05172414,11650.0,12400.0,11650.0,391736.0,4751290650.0,0.0,0.0,391736.0,4751290650.0,-26142.0,39542.0,0.0,-13400.0,-317147200.0,480627200.0,0.0,-163480000.0
19/11/2025,11600.0,11600.0,0.0,0.0,11600.0,11700.0,11550.0,76248.0,883275050.0,0.0,0.0,76248.0,883275050.0,30678.0,-30678.0,0.0,0.0,354625300.0,-354625300.0,0.0,0.0
18/11/2025,11600.0,11400.0,200.0,0.01754386,11400.0,11900.0,11350.0,137114.0,1593526600.0,0.0,0.0,137114.0,1593526600.0,36406.0,-36406.0,0.0,0.0,423014600.0,-422664600.0,0.0,-350000.0
17/11/2025,11400.0,11350.0,50.0,0.00440529,11400.0,11450.0,11350.0,72902.0,829162800.0,0.0,0.0,72902.0,829162800.0,-16601.0,10501.0,0.0,6100.0,-189146400.0,119911400.0,0.0,69235000.0
14/11/2025,11350.0,11450.0,-100.0,-0.00873362,11450.0,11500.0,11300.0,35636.0,404172200.0,0.0,0.0,35636.0,404172200.0,10600.0,-10600.0,0.0,0.0,120590000.0,-120590000.0,0.0,0.0
13/11/2025,11450.0,11400.0,50.0,0.00438596,11400.0,11450.0,11150.0,45614.0,518785300.0,0.0,0.0,45614.0,518785300.0,-25714.0,25714.0,0.0,0.0,-293000300.0,293000300.0,0.0,0.0
12/11/2025,11400.0,11300.0,100.0,0.00884956,11300.0,11400.0,11300.0,30450.0,345035000.0,0.0,0.0,30450.0,345035000.0,9600.0,-9600.0,0.0,0.0,108640000.0,-108640000.0,0.0,0.0
11/11/2025,11300.0,11200.0,100.0,0.00892857,11250.0,11450.0,11200.0,31302.0,352497700.0,0.0,0.0,31302.0,352497700.0,15000.0,-14500.0,0.0,-500.0,168415000.0,-162765000.0,0.0,-5650000.0
10/11/2025,11200.0,11500.0,-300.0,-0.02608696,11450.0,11500.0,11200.0,95316.0,1074812650.0,0.0,0.0,95316.0,1074812650.0,2704.0,2596.0,0.0,-5300.0,28360800.0,31529200.0,0.0,-59890000.0
07/11/2025,11500.0,11600.0,-100.0,-0.00862069,11650.0,11650.0,11450.0,66460.0,765284000.0,0.0,0.0,66460.0,765284000.0,28300.0,-28300.0,0.0,0.0,325785000.0,-325785000.0,0.0,0.0
06/11/2025,11600.0,11550.0,50.0,0.004329,11550.0,11650.0,11550.0,36482.0,422015950.0,0.0,0.0,36482.0,422015950.0,15618.0,-15618.0,0.0,0.0,180464050.0,-180464050.0,0.0,0.0
05/11/2025,11550.0,11700.0,-150.0,-0.01282051,11700.0,11700.0,11500.0,64548.0,746686400.0,0.0,0.0,64548.0,746686400.0,-2747.0,2747.0,0.0,0.0,-32474700.0,32474700.0,0.0,0.0
04/11/2025,11700.0,11600.0,100.0,0.00862069,11550.0,11700.0,11400.0,128021.0,1472910900.0,0.0,0.0,128021.0,1472910900.0,-31586.0,25386.0,0.0,6200.0,-366083400.0,294783400.0,0.0,71300000.0
03/11/2025,11600.0,11700.0,-100.0,-0.00854701,11700.0,11700.0,11550.0,91230.0,1061595400.0,0.0,0.0,91230.0,1061595400.0,-16400.0,16400.0,0.0,0.0,-191720001.0,191720000.0,0.0,0.0
31/10/2025,11700.0,11750.0,-50.0,-0.00425532,11750.0,11800.0,11550.0,98439.0,1150300700.0,0.0,0.0,98439.0,1150300700.0,9401.0,-17301.0,0.0,7900.0,107892250.0,-200627250.0,0.0,92735000.0
30/10/2025,11750.0,11750.0,0.0,0.0,11900.0,11900.0,11600.0,55519.0,649808250.0,0.0,0.0,55519.0,649808250.0,-370.0,-630.0,0.0,1000.0,-4047500.0,-7702500.0,0.0,11750000.0
29/10/2025,11750.0,11350.0,400.0,0.03524229,11500.0,11750.0,11500.0,144068.0,1677336500.0,0.0,0.0,144068.0,1677336500.0,-20948.0,20948.0,0.0,0.0,-244634400.0,244634400.0,0.0,0.0
28/10/2025,11350.0,11300.0,50.0,0.00442478,11250.0,11400.0,11200.0,44000.0,495450000.0,0.0,0.0,44000.0,495450000.0,3700.0,-3700.0,0.0,0.0,41920000.0,-41920000.0,0.0,0.0
27/10/2025,11300.0,11200.0,100.0,0.00892857,11450.0,11450.0,11250.0,63599.0,721033700.0,0.0,0.0,63599.0,721033700.0,100.0,-100.0,0.0,0.0,400000.0,-400000.0,0.0,0.0
24/10/2025,11200.0,11250.0,-50.0,-0.00444444,11200.0,11300.0,11200.0,41331.0,463247400.0,0.0,0.0,41331.0,463247400.0,8600.0,-8600.0,0.0,0.0,96330000.0,-96330000.0,0.0,0.0
23/10/2025,11250.0,11200.0,50.0,0.00446429,11200.0,11500.0,11200.0,82121.0,927960200.0,0.0,0.0,82121.0,927960200.0,31299.0,-29899.0,0.0,-1400.0,351648800.0,-335738800.0,0.0,-15910000.0
22/10/2025,11200.0,11250.0,-50.0,-0.00444444,11400.0,11400.0,11050.0,127745.0,1423291250.0,0.0,0.0,127745.0,1423291250.0,-34675.0,36875.0,0.0,-2200.0,-386588750.0,411148750.0,0.0,-24560000.0
21/10/2025,11250.0,11150.0,100.0,0.00896861,11400.0,11400.0,11100.0,122900.0,1376735000.0,0.0,0.0,122900.0,1376735000.0,-38200.0,40400.0,0.0,-2200.0,-427750000.0,452460000.0,0.0,-24710000.0
20/10/2025,11150.0,11450.0,-300.0,-0.02620087,11600.0,11700.0,11150.0,206800.0,2336395000.0,0.0,0.0,206800.0,2336395000.0,-3200.0,15000.0,0.0,-11800.0,-44655000.0,180605000.0,0.0,-135950000.0
17/10/2025,11450.0,11500.0,-50.0,-0.00434783,11500.0,11750.0,11350.0,133100.0,1526483150.0,0.0,0.0,133100.0,1526483150.0,-24428.0,25628.0,0.0,-1200.0,-279527351.0,293327350.0,0.0,-13800000.0
16/10/2025,11500.0,11400.0,100.0,0.00877193,11400.0,11550.0,11350.0,111480.0,1272979850.0,0.0,0.0,111480.0,1272979850.0,-13000.0,14100.0,0.0,-1100.0,-148790000.0,161505000.0,0.0,-12715000.0
15/10/2025,11400.0,11750.0,-350.0,-0.02978723,11850.0,11850.0,11150.0,233723.0,2692788900.0,0.0,0.0,233723.0,2692788900.0,164369.0,-159569.0,0.0,-4800.0,1892598951.0,-1836253950.0,0.0,-56345000.0
14/10/2025,11750.0,11900.0,-150.0,-0.01260504,11900.0,12050.0,11700.0,157015.0,1858138500.0,0.0,0.0,157015.0,1858138500.0,40115.0,-38215.0,0.0,-1900.0,471468500.0,-449008500.0,0.0,-22460000.0
13/10/2025,11900.0,11950.0,-50.0,-0.0041841,11800.0,12000.0,11800.0,116162.0,1379785900.0,0.0,0.0,116162.0,1379785900.0,74146.0,-86446.0,0.0,12300.0,880934701.0,-1027274700.0,0.0,146340000.0
10/10/2025,11950.0,11950.0,0.0,0.0,11800.0,12000.0,11800.0,77310.0,924173000.0,0.0,0.0,77310.0,924173000.0,14200.0,-19000.0,0.0,4800.0,169215000.0,-226715000.0,0.0,57500000.0
09/10/2025,11950.0,11850.0,100.0,0.00843882,11850.0,11950.0,11800.0,42700.0,507085000.0,0.0,0.0,42700.0,507085000.0,18200.0,-17200.0,0.0,-1000.0,216005000.0,-204055000.0,0.0,-11950000.0
08/10/2025,11850.0,11850.0,0.0,0.0,11900.0,11900.0,11750.0,72390.0,856281000.0,0.0,0.0,72390.0,856281000.0,32735.0,-30635.0,0.0,-2100.0,386311500.0,-361431500.0,0.0,-24880000.0
07/10/2025,11850.0,12100.0,-250.0,-0.02066116,12150.0,12150.0,11800.0,99847.0,1191483250.0,0.0,0.0,99847.0,1191483250.0,2853.0,-4153.0,0.0,1300.0,35128301.0,-50788300.0,0.0,15660000.0
06/10/2025,12100.0,11850.0,250.0,0.02109705,11900.0,12150.0,11750.0,130665.0,1560046350.0,0.0,0.0,130665.0,1560046350.0,-2100.0,-700.0,0.0,2800.0,-30015000.0,-4285000.0,0.0,34300000.0
03/10/2025,11850.0,11900.0,-50.0,-0.00420168,11900.0,11950.0,11800.0,67909.0,807605400.0,0.0,0.0,67909.0,807605400.0,1491.0,6609.0,0.0,-8100.0,17874600.0,78200400.0,0.0,-96075000.0
02/10/2025,11900.0,12000.0,-100.0,-0.00833333,12050.0,12100.0,11900.0,79309.0,948884000.0,0.0,0.0,79309.0,948884000.0,38802.0,-30002.0,0.0,-8800.0,463851200.0,-357811200.0,0.0,-106040000.0
01/10/2025,12000.0,12250.0,-250.0,-0.02040816,12250.0,12250.0,11950.0,100041.0,1199437600.0,0.0,0.0,100041.0,1199437600.0,37904.0,-36204.0,0.0,-1700.0,452828000.0,-431563000.0,0.0,-21265000.0
30/09/2025,12250.0,12400.0,-150.0,-0.01209677,12400.0,12400.0,11850.0,171832.0,2073955400.0,0.0,0.0,171832.0,2073955400.0,20768.0,-9868.0,0.0,-10900.0,245444600.0,-110739600.0,0.0,-134705000.0
29/09/2025,12400.0,12500.0,-100.0,-0.008,12750.0,12750.0,12250.0,122471.0,1516220400.0,0.0,0.0,122471.0,1516220400.0,-12450.0,15250.0,0.0,-2800.0,-157525000.0,192160000.0,0.0,-34635000.0
26/09/2025,12500.0,12200.0,300.0,0.02459016,12200.0,12750.0,12200.0,360431.0,4522672500.0,0.0,0.0,360431.0,4522672500.0,-62838.0,64038.0,0.0,-1200.0,-794131850.0,808381850.0,0.0,-14250000.0
25/09/2025,12200.0,12000.0,200.0,0.01666667,12050.0,12350.0,11950.0,180932.0,2184049600.0,0.0,0.0,180932.0,2184049600.0,-77377.0,66377.0,0.0,11000.0,-932249851.0,800059850.0,0.0,132190000.0
24/09/2025,12000.0,12000.0,0.0,0.0,12100.0,12100.0,11900.0,87117.0,1042744000.0,0.0,0.0,87117.0,1042744000.0,15110.0,-9410.0,0.0,-5700.0,180744000.0,-112634000.0,0.0,-68110000.0
23/09/2025,12000.0,12000.0,0.0,0.0,12000.0,12000.0,11850.0,46151.0,550836900.0,0.0,0.0,46151.0,550836900.0,-5501.0,-2599.0,0.0,8100.0,-65011900.0,-31783100.0,0.0,96795000.0
22/09/2025,12000.0,12200.0,-200.0,-0.01639344,12250.0,12250.0,11850.0,110775.0,1329186000.0,0.0,0.0,110775.0,1329186000.0,39741.0,-8441.0,0.0,-31300.0,474400400.0,-98045400.0,0.0,-376355000.0
19/09/2025,12200.0,12200.0,0.0,0.0,12200.0,12250.0,12100.0,122741.0,1491609200.0,0.0,0.0,122741.0,1491609200.0,44494.0,-44994.0,0.0,500.0,540119300.0,-546149300.0,0.0,6030000.0
18/09/2025,12200.0,12200.0,0.0,0.0,12200.0,12200.0,12100.0,47500.0,577890000.0,0.0,0.0,47500.0,577890000.0,23927.0,-21627.0,0.0,-2300.0,291167100.0,-263177100.0,0.0,-27990000.0
17/09/2025,12200.0,12200.0,0.0,0.0,12200.0,12400.0,12100.0,116894.0,1432155250.0,0.0,0.0,116894.0,1432155250.0,19802.0,-20802.0,0.0,1000.0,239779400.0,-251999400.0,0.0,12220000.0
16/09/2025,12200.0,12250.0,-50.0,-0.00408163,12300.0,12300.0,12100.0,157352.0,1919394900.0,0.0,0.0,157352.0,1919394900.0,-49305.0,18705.0,0.0,30600.0,-601964500.0,227349500.0,0.0,374615000.0
15/09/2025,12250.0,12100.0,150.0,0.01239669,12150.0,12300.0,12100.0,68000.0,831200000.0,0.0,0.0,68000.0,831200000.0,6000.0,-12400.0,0.0,6400.0,73115000.0,-151255000.0,0.0,78140000.0
12/09/2025,12100.0,12000.0,100.0,0.00833333,12000.0,12250.0,11950.0,109500.0,1330725000.0,0.0,0.0,109500.0,1330725000.0,-10900.0,9200.0,0.0,1700.0,-129950000.0,109575000.0,0.0,20375000.0
11/09/2025,12000.0,12150.0,-150.0,-0.01234568,12150.0,12150.0,11750.0,90401.0,1073837000.0,0.0,0.0,90401.0,1073837000.0,-42201.0,46701.0,0.0,-4500.0,-499597000.0,553402000.0,0.0,-53805000.0
10/09/2025,12150.0,12200.0,-50.0,-0.00409836,12250.0,12250.0,11900.0,44111.0,529428100.0,0.0,0.0,44111.0,529428100.0,700.0,8000.0,0.0,-8700.0,8440000.0,95975000.0,0.0,-104415000.0
09/09/2025,12200.0,12150.0,50.0,0.00411523,12150.0,12300.0,11900.0,131832.0,1579125850.0,0.0,0.0,131832.0,1579125850.0,-18174.0,27874.0,0.0,-9700.0,-215315100.0,332275100.0,0.0,-116960000.0
08/09/2025,12150.0,12650.0,-500.0,-0.03952569,12650.0,12650.0,12100.0,150685.0,1856071500.0,0.0,0.0,150685.0,1856071500.0,20657.0,-3457.0,0.0,-17200.0,258391800.0,-45106800.0,0.0,-213285000.0
05/09/2025,12650.0,12700.0,-50.0,-0.00393701,12700.0,12850.0,12500.0,210254.0,2664505450.0,0.0,0.0,210254.0,2664505450.0,-29448.0,30548.0,0.0,-1100.0,-373708650.0,388168650.0,0.0,-14460000.0
04/09/2025,12700.0,12150.0,550.0,0.04526749,12200.0,12700.0,12000.0,219100.0,2722385000.0,0.0,0.0,219100.0,2722385000.0,-34200.0,37000.0,0.0,-2800.0,-429525000.0,463350000.0,0.0,-33825000.0
03/09/2025,12150.0,12150.0,0.0,0.0,12200.0,12200.0,11950.0,59594.0,719187100.0,0.0,0.0,59594.0,719187100.0,-4820.0,-11580.0,0.0,16400.0,-58058000.0,-139527000.0,0.0,197585000.0
29/08/2025,12150.0,12150.0,0.0,0.0,12200.0,12300.0,12050.0,89604.0,1094103850.0,0.0,0.0,89604.0,1094103850.0,17396.0,-23496.0,0.0,6100.0,213271150.0,-287706150.0,0.0,74435000.0
28/08/2025,12150.0,12000.0,150.0,0.0125,12000.0,12150.0,11950.0,38378.0,461671000.0,0.0,0.0,38378.0,461671000.0,1778.0,9022.0,0.0,-10800.0,21211000.0,108479000.0,0.0,-129690000.0
27/08/2025,12000.0,12200.0,-200.0,-0.01639344,12200.0,12350.0,11950.0,165575.0,1990226300.0,0.0,0.0,165575.0,1990226300.0,-102053.0,88329.0,0.0,13724.0,-1222353300.0,1060172300.0,0.0,162181600.0
26/08/2025,12200.0,11750.0,450.0,0.03829787,11750.0,12200.0,11650.0,135300.0,1597740000.0,0.0,0.0,135300.0,1597740000.0,5600.0,-7500.0,0.0,1900.0,59325000.0,-80960000.0,0.0,21635000.0
25/08/2025,11750.0,11900.0,-150.0,-0.01260504,11950.0,12000.0,11750.0,170500.0,2025950000.0,0.0,0.0,170500.0,2025950000.0,-13000.0,12300.0,0.0,700.0,-156605000.0,149345000.0,0.0,7260000.0
22/08/2025,11900.0,12450.0,-550.0,-0.04417671,12150.0,12300.0,11800.0,408001.0,4915467100.0,0.0,0.0,408001.0,4915467100.0,132000.0,-132900.0,0.0,900.0,1595810000.0,-1606670000.0,0.0,10860000.0
21/08/2025,12450.0,12700.0,-250.0,-0.01968504,12750.0,12750.0,12400.0,177997.0,2231418500.0,0.0,0.0,177997.0,2231418500.0,-16295.0,16295.0,0.0,0.0,-203682250.0,203682250.0,0.0,0.0
20/08/2025,12700.0,12700.0,0.0,0.0,12800.0,12800.0,12100.0,361798.0,4515340950.0,0.0,0.0,361798.0,4515340950.0,76698.0,-75798.0,0.0,-900.0,959620951.0,-946300950.0,0.0,-13320000.0
19/08/2025,12700.0,12800.0,-100.0,-0.0078125,12650.0,12950.0,12600.0,323308.0,4103266600.0,0.0,0.0,323308.0,4103266600.0,-405.0,405.0,0.0,0.0,326500.0,-326500.0,0.0,0.0
18/08/2025,12800.0,12900.0,-100.0,-0.00775194,12850.0,12900.0,12650.0,249321.0,3181980300.0,0.0,0.0,249321.0,3181980300.0,-40075.0,26275.0,0.0,13800.0,-509628500.0,332178500.0,0.0,177450000.0
15/08/2025,12900.0,13000.0,-100.0,-0.00769231,13050.0,13100.0,12650.0,323166.0,4132220550.0,0.0,0.0,323166.0,4132220550.0,-14685.0,19385.0,0.0,-4700.0,-183105000.0,246290001.0,0.0,-63185000.0
14/08/2025,13000.0,12800.0,200.0,0.015625,12850.0,13050.0,12800.0,447535.0,5797581450.0,0.0,0.0,447535.0,5797581450.0,-48838.0,45138.0,0.0,3700.0,-632406350.0,584216350.0,0.0,48190000.0
13/08/2025,12800.0,12800.0,0.0,0.0,12800.0,13000.0,12650.0,217549.0,2785174700.0,0.0,0.0,217549.0,2785174700.0,-5748.0,13248.0,0.0,-7500.0,-77667000.0,174277000.0,0.0,-96610000.0
12/08/2025,12800.0,12850.0,-50.0,-0.00389105,12950.0,12950.0,12650.0,322410.0,4097512150.0,0.0,0.0,322410.0,4097512150.0,49210.0,-54910.0,0.0,5700.0,623027150.0,-695702150.0,0.0,72675000.0
11/08/2025,12850.0,12800.0,50.0,0.00390625,13000.0,13000.0,12700.0,254912.0,3277103350.0,0.0,0.0,254912.0,3277103350.0,-7930.0,-970.0,0.0,8900.0,-105810250.0,-9834750.0,0.0,115645000.0
08/08/2025,12800.0,12800.0,0.0,0.0,12900.0,13050.0,12300.0,306850.0,3924265000.0,0.0,0.0,306850.0,3924265000.0,66200.0,-58700.0,0.0,-7500.0,836050000.0,-734375000.0,0.0,-101675000.0
07/08/2025,12800.0,12850.0,-50.0,-0.00389105,12950.0,13250.0,12400.0,380426.0,4884830700.0,0.0,0.0,380426.0,4884830700.0,97400.0,-97400.0,0.0,0.0,1235102501.0,-1235102500.0,0.0,0.0
06/08/2025,12850.0,12300.0,550.0,0.04471545,12400.0,12850.0,12350.0,411427.0,5185543900.0,0.0,0.0,411427.0,5185543900.0,-101753.0,101753.0,0.0,0.0,-1285385200.0,1285490200.0,0.0,-105000.0
05/08/2025,12300.0,13200.0,-900.0,-0.06818182,13500.0,13500.0,12300.0,840580.0,10766174050.0,0.0,0.0,840580.0,10766174050.0,13779.0,-38379.0,0.0,24600.0,107311850.0,-426571850.0,0.0,319260000.0
04/08/2025,13200.0,12950.0,250.0,0.01930502,12950.0,13550.0,12950.0,258674.0,3445684000.0,0.0,0.0,258674.0,3445684000.0,-36551.0,61651.0,0.0,-25100.0,-502003550.0,833458550.0,0.0,-331455000.0
01/08/2025,12950.0,12900.0,50.0,0.00387597,13650.0,13650.0,12900.0,1003305.0,13307324500.0,0.0,0.0,1003305.0,13307324500.0,-112820.0,100820.0,0.0,12000.0,-1476993950.0,1315443950.0,0.0,161550000.0
31/07/2025,12900.0,12100.0,800.0,0.0661157,12900.0,12900.0,12800.0,640867.0,8267134300.0,0.0,0.0,640867.0,8267134300.0,-117366.0,128366.0,0.0,-11000.0,-1514021400.0,1655921400.0,0.0,-141900000.0
30/07/2025,12100.0,11350.0,750.0,0.0660793,11300.0,12100.0,11200.0,942603.0,11251362050.0,0.0,0.0,942603.0,11251362050.0,208193.0,-232293.0,0.0,24100.0,2521878800.0,-2800358800.0,0.0,278480000.0
29/07/2025,11350.0,11650.0,-300.0,-0.02575107,11600.0,11750.0,11350.0,504732.0,5789697450.0,0.0,0.0,504732.0,5789697450.0,91686.0,-82586.0,0.0,-9100.0,1062611451.0,-957741450.0,0.0,-104870000.0
28/07/2025,11650.0,11600.0,50.0,0.00431034,11750.0,11800.0,11550.0,274466.0,3195925900.0,0.0,0.0,274466.0,3195925900.0,50304.0,-41704.0,0.0,-8600.0,586171600.0,-485776600.0,0.0,-100395000.0
25/07/2025,11600.0,11650.0,-50.0,-0.00429185,11700.0,11700.0,11500.0,143465.0,1661760450.0,0.0,0.0,143465.0,1661760450.0,-6412.0,6412.0,0.0,0.0,-74394900.0,74394900.0,0.0,0.0
24/07/2025,11650.0,11250.0,400.0,0.03555556,11300.0,11850.0,11300.0,614325.0,7115304050.0,0.0,0.0,614325.0,7115304050.0,-4594.0,15494.0,0.0,-10900.0,-51319200.0,178759200.0,0.0,-127440000.0
23/07/2025,11250.0,11100.0,150.0,0.01351351,11200.0,11350.0,11150.0,148525.0,1670002450.0,0.0,0.0,148525.0,1670002450.0,12069.0,-19969.0,0.0,7900.0,134656250.0,-223976250.0,0.0,89320000.0
22/07/2025,11100.0,11150.0,-50.0,-0.0044843,11050.0,11100.0,10950.0,139145.0,1532531250.0,0.0,0.0,139145.0,1532531250.0,36655.0,-37655.0,0.0,1000.0,404603750.0,-415603750.0,0.0,11000000.0
21/07/2025,11150.0,11300.0,-150.0,-0.01327434,11300.0,11350.0,11150.0,84340.0,945320250.0,0.0,0.0,84340.0,945320250.0,3401.0,-3401.0,0.0,0.0,38281250.0,-38281250.0,0.0,0.0
18/07/2025,11300.0,11350.0,-50.0,-0.00440529,11350.0,11400.0,11150.0,253982.0,2862141800.0,0.0,0.0,253982.0,2862141800.0,-66390.0,59490.0,0.0,6900.0,-748317000.0,670692000.0,0.0,77625000.0
17/07/2025,11350.0,11250.0,100.0,0.00888889,11400.0,11500.0,11250.0,276675.0,3143514000.0,0.0,0.0,276675.0,3143514000.0,-14530.0,17230.0,0.0,-2700.0,-167514250.0,198499250.0,0.0,-30985000.0
16/07/2025,11250.0,11150.0,100.0,0.00896861,11100.0,11450.0,11100.0,196069.0,2210636800.0,0.0,0.0,196069.0,2210636800.0,-10189.0,10189.0,0.0,0.0,-115962300.0,115962300.0,0.0,0.0
15/07/2025,11150.0,11000.0,150.0,0.01363636,11050.0,11500.0,10900.0,229906.0,2568396150.0,0.0,0.0,229906.0,2568396150.0,8118.0,4882.0,0.0,-13000.0,93137600.0,51262400.0,0.0,-144400000.0
14/07/2025,11000.0,11200.0,-200.0,-0.01785714,11150.0,11200.0,10850.0,418143.0,4577330400.0,0.0,0.0,418143.0,4577330400.0,-19713.0,19013.0,0.0,700.0,-218216500.0,210586500.0,0.0,7630000.0
11/07/2025,11200.0,11300.0,-100.0,-0.00884956,11100.0,11550.0,11100.0,195968.0,2197729850.0,0.0,0.0,195968.0,2197729850.0,-15652.0,34052.0,0.0,-18400.0,-173957800.0,381242800.0,0.0,-207285000.0
10/07/2025,11300.0,10600.0,700.0,0.06603774,10700.0,11300.0,10600.0,850934.0,9532357450.0,0.0,0.0,850934.0,9532357450.0,197448.0,-197348.0,0.0,-100.0,2214856750.0,-2213731750.0,0.0,-1125000.0
09/07/2025,10600.0,10400.0,200.0,0.01923077,10400.0,10600.0,10350.0,295288.0,3097623100.0,0.0,0.0,295288.0,3097623100.0,-96585.0,97585.0,0.0,-1000.0,-1012549300.0,1022849300.0,0.0,-10300000.0
08/07/2025,10400.0,10250.0,150.0,0.01463415,10300.0,10400.0,10250.0,183896.0,1899713200.0,0.0,0.0,183896.0,1899713200.0,26200.0,-26300.0,0.0,100.0,271330000.0,-272365000.0,0.0,1035000.0
07/07/2025,10250.0,10300.0,-50.0,-0.00485437,10300.0,10350.0,10200.0,88820.0,911473500.0,0.0,0.0,88820.0,911473500.0,9585.0,-9585.0,0.0,0.0,97483000.0,-97483000.0,0.0,0.0
04/07/2025,10300.0,10300.0,0.0,0.0,10350.0,10350.0,10200.0,159901.0,1638565350.0,0.0,0.0,159901.0,1638565350.0,12101.0,-12601.0,0.0,500.0,123550350.0,-128675350.0,0.0,5125000.0
03/07/2025,10300.0,10150.0,150.0,0.01477833,10300.0,10400.0,10250.0,90655.0,930858000.0,0.0,0.0,90655.0,930858000.0,-22656.0,22656.0,0.0,0.0,-233004200.0,233004200.0,0.0,0.0
02/07/2025,10150.0,10200.0,-50.0,-0.00490196,10200.0,10350.0,10150.0,285602.0,2920790400.0,0.0,0.0,285602.0,2920790400.0,-23602.0,23302.0,-50000.0,300.0,-238155400.0,235080400.0,-512025000.0,3075000.0
01/07/2025,10200.0,10300.0,-100.0,-0.00970874,10300.0,10350.0,10200.0,258970.0,2650871050.0,0.0,0.0,258970.0,2650871050.0,2196.0,-2396.0,0.0,200.0,23608800.0,-25658800.0,0.0,2050000.0
30/06/2025,10300.0,10350.0,-50.0,-0.00483092,10400.0,10450.0,10300.0,155200.0,1608685000.0,0.0,0.0,155200.0,1608685000.0,-9300.0,18300.0,0.0,-9000.0,-94975000.0,188375000.0,0.0,-93400000.0
27/06/2025,10350.0,10400.0,-50.0,-0.00480769,10400.0,10600.0,10350.0,108544.0,1133244800.0,0.0,0.0,108544.0,1133244800.0,-13198.0,13198.0,0.0,0.0,-137944100.0,137944100.0,0.0,0.0
26/06/2025,10400.0,10250.0,150.0,0.01463415,10350.0,10400.0,10300.0,244300.0,2524720000.0,0.0,0.0,244300.0,2524720000.0,-172400.0,172400.0,0.0,0.0,-1779550000.0,1779550000.0,0.0,0.0
25/06/2025,10250.0,10300.0,-50.0,-0.00485437,10400.0,10450.0,10250.0,201700.0,2081355000.0,0.0,0.0,201700.0,2081355000.0,-72100.0,72100.0,0.0,0.0,-741050000.0,741050000.0,0.0,0.0
24/06/2025,10300.0,10350.0,-50.0,-0.00483092,10350.0,10450.0,10300.0,96200.0,997440000.0,0.0,0.0,96200.0,997440000.0,-21200.0,21200.0,0.0,0.0,-219635000.0,219635000.0,0.0,0.0
23/06/2025,10350.0,10500.0,-150.0,-0.01428571,10400.0,10450.0,10250.0,104611.0,1077690500.0,0.0,0.0,104611.0,1077690500.0,3800.0,-3800.0,0.0,0.0,39010000.0,-39010000.0,0.0,0.0
20/06/2025,10500.0,10450.0,50.0,0.00478469,10450.0,10500.0,10400.0,66002.0,688796000.0,0.0,0.0,66002.0,688796000.0,-6702.0,6702.0,0.0,0.0,-70251000.0,70251000.0,0.0,0.0
19/06/2025,10450.0,10450.0,0.0,0.0,10500.0,10500.0,10400.0,102150.0,1064008000.0,0.0,0.0,102150.0,1064008000.0,85923.0,-82623.0,0.0,-3300.0,894225350.0,-859575350.0,0.0,-34650000.0
18/06/2025,10450.0,10600.0,-150.0,-0.01415094,10600.0,10600.0,10400.0,60972.0,640018200.0,0.0,0.0,60972.0,640018200.0,7528.0,-7528.0,0.0,0.0,77826800.0,-77826800.0,0.0,0.0
17/06/2025,10600.0,10400.0,200.0,0.01923077,10500.0,10600.0,10450.0,93237.0,979129650.0,0.0,0.0,93237.0,979129650.0,13794.0,-13994.0,0.0,200.0,143917400.0,-146027400.0,0.0,2110000.0
16/06/2025,10400.0,10400.0,0.0,0.0,10350.0,10500.0,10350.0,53801.0,559116000.0,0.0,0.0,53801.0,559116000.0,-9456.0,2456.0,0.0,7000.0,-97730750.0,25310750.0,0.0,72420000.0
13/06/2025,10400.0,10650.0,-250.0,-0.02347418,10600.0,10600.0,10350.0,116502.0,1214987100.0,0.0,0.0,116502.0,1214987100.0,22798.0,-22698.0,0.0,-100.0,237307900.0,-236252900.0,0.0,-1055000.0
12/06/2025,10650.0,10600.0,50.0,0.00471698,10600.0,10650.0,10500.0,66218.0,700105800.0,0.0,0.0,66218.0,700105800.0,-3100.0,1700.0,0.0,1400.0,-32975000.0,18205000.0,0.0,14770000.0
11/06/2025,10600.0,10600.0,0.0,0.0,10600.0,10600.0,10500.0,60500.0,636935000.0,0.0,0.0,60500.0,636935000.0,11400.0,-11200.0,0.0,-200.0,119510000.0,-117390000.0,0.0,-2120000.0
10/06/2025,10600.0,10500.0,100.0,0.00952381,10600.0,10700.0,10500.0,72101.0,766170500.0,0.0,0.0,72101.0,766170500.0,-999.0,4599.0,0.0,-3600.0,-10589500.0,48929500.0,0.0,-38340000.0
09/06/2025,10500.0,10700.0,-200.0,-0.01869159,10700.0,10700.0,10500.0,35100.0,371240000.0,0.0,0.0,35100.0,371240000.0,5000.0,-600.0,0.0,-4400.0,52775000.0,-6215000.0,0.0,-46560000.0
06/06/2025,10700.0,10800.0,-100.0,-0.00925926,10850.0,10900.0,10700.0,49430.0,531885500.0,0.0,0.0,49430.0,531885500.0,24080.0,-23680.0,0.0,-400.0,259118000.0,-254823000.0,0.0,-4295000.0
05/06/2025,10800.0,10750.0,50.0,0.00465116,10650.0,10900.0,10650.0,51673.0,556618650.0,0.0,0.0,51673.0,556618650.0,5478.0,-5478.0,0.0,0.0,57892149.0,-57892150.0,0.0,0.0
04/06/2025,10750.0,10800.0,-50.0,-0.00462963,10800.0,10900.0,10750.0,103220.0,1114918000.0,0.0,0.0,103220.0,1114918000.0,-16220.0,14820.0,0.0,1400.0,-175313000.0,160248000.0,0.0,15065000.0
03/06/2025,10800.0,10800.0,0.0,0.0,10800.0,10900.0,10650.0,132919.0,1431351100.0,0.0,0.0,132919.0,1431351100.0,3891.0,-11391.0,0.0,7500.0,40957250.0,-121652250.0,0.0,80695000.0
02/06/2025,10800.0,10700.0,100.0,0.00934579,10700.0,10800.0,10500.0,54555.0,583691000.0,0.0,0.0,54555.0,583691000.0,-100.0,5100.0,0.0,-5000.0,-1580000.0,55410000.0,0.0,-53830000.0
30/05/2025,10700.0,11050.0,-350.0,-0.03167421,11050.0,11050.0,10700.0,119210.0,1293099000.0,0.0,0.0,119210.0,1293099000.0,-1002.0,-6098.0,0.0,7100.0,-12471800.0,-64758200.0,0.0,77230000.0
29/05/2025,11050.0,10850.0,200.0,0.01843318,10950.0,11100.0,10900.0,193593.0,2125553100.0,0.0,0.0,193593.0,2125553100.0,5809.0,-16409.0,0.0,10600.0,61193950.0,-178483950.0,0.0,117290000.0
28/05/2025,10850.0,10750.0,100.0,0.00930233,10800.0,10950.0,10750.0,207785.0,2250668650.0,0.0,0.0,207785.0,2250668650.0,-72500.0,63600.0,0.0,8900.0,-784570000.0,688895000.0,0.0,95675000.0
27/05/2025,10750.0,10550.0,200.0,0.01895735,10800.0,10800.0,10600.0,100443.0,1072030200.0,0.0,0.0,100443.0,1072030200.0,-2417.0,2417.0,0.0,0.0,-27051900.0,27051900.0,0.0,0.0
26/05/2025,10550.0,10800.0,-250.0,-0.02314815,10750.0,10750.0,10500.0,191209.0,2021487200.0,0.0,0.0,191209.0,2021487200.0,68304.0,-65004.0,0.0,-3300.0,720043200.0,-684648200.0,0.0,-35395000.0
23/05/2025,10800.0,10800.0,0.0,0.0,10950.0,10950.0,10600.0,47591.0,509926900.0,0.0,0.0,47591.0,509926900.0,10611.0,-10211.0,0.0,-400.0,113244899.0,-108929900.0,0.0,-4315000.0
22/05/2025,10800.0,11000.0,-200.0,-0.01818182,11100.0,11100.0,10800.0,106308.0,1152407750.0,0.0,0.0,106308.0,1152407750.0,13103.0,-9303.0,0.0,-3800.0,141862750.0,-100217750.0,0.0,-41645000.0
21/05/2025,11000.0,10750.0,234.0,0.02173509,11100.0,11200.0,10900.0,91080.0,1008752400.0,0.0,0.0,91080.0,1008752400.0,-21363.0,21363.0,0.0,0.0,-239520401.0,239520400.0,0.0,0.0
20/05/2025,10766.44,11250.0,-100.0,-0.00888889,10863.0,11007.84,10766.44,179710.0,2014732950.0,0.0,0.0,179710.0,2014732950.0,-34608.0,29908.0,0.0,4700.0,-388635400.0,335995400.0,0.0,52640000.0
19/05/2025,10863.0,11450.0,-200.0,-0.01746725,11104.4,11104.4,10863.0,234248.0,2660728850.0,0.0,0.0,234248.0,2660728850.0,-42772.0,37172.0,0.0,5600.0,-487282900.0,423442900.0,0.0,63840000.0
16/05/2025,11056.12,11500.0,-50.0,-0.00434783,11152.68,11152.68,10959.56,136100.0,1557350000.0,0.0,0.0,136100.0,1557350000.0,-28400.0,37900.0,0.0,-9500.0,-324975000.0,434225000.0,0.0,-109250000.0
15/05/2025,11104.4,11550.0,-50.0,-0.004329,11152.68,11200.96,10959.56,103571.0,1185004100.0,0.0,0.0,103571.0,1185004100.0,15634.0,-10134.0,0.0,-5500.0,178266000.0,-115291000.0,0.0,-62975000.0
14/05/2025,11152.68,11300.0,250.0,0.02212389,10911.28,11152.68,10814.72,163905.0,1861682900.0,0.0,0.0,163905.0,1861682900.0,17125.0,-17325.0,0.0,200.0,196847500.0,-199107500.0,0.0,2260000.0
13/05/2025,10911.28,11250.0,50.0,0.00444444,10959.56,11056.12,10911.28,228426.0,2587110350.0,0.0,0.0,228426.0,2587110350.0,2804.0,-2804.0,0.0,0.0,29880649.0,-29880650.0,0.0,0.0
12/05/2025,10863.0,11300.0,-50.0,-0.00442478,11007.84,11007.84,10863.0,98800.0,1118115000.0,0.0,0.0,98800.0,1118115000.0,-19300.0,19300.0,0.0,0.0,-218590000.0,218590000.0,0.0,0.0
09/05/2025,10911.28,11250.0,50.0,0.00444444,10911.28,11056.12,10814.72,127202.0,1436112700.0,0.0,0.0,127202.0,1436112700.0,21277.0,-22877.0,0.0,1600.0,240245200.0,-258245200.0,0.0,18000000.0
08/05/2025,10863.0,11250.0,0.0,0.0,11007.84,11007.84,10863.0,69106.0,778597800.0,0.0,0.0,69106.0,778597800.0,28600.0,-28600.0,0.0,0.0,322070001.0,-322070000.0,0.0,0.0
07/05/2025,10863.0,11400.0,-150.0,-0.01315789,10863.0,10959.56,10814.72,35729.0,403107000.0,0.0,0.0,35729.0,403107000.0,7890.0,-7890.0,0.0,0.0,88961500.0,-88961500.0,0.0,0.0
06/05/2025,11007.84,11300.0,100.0,0.00884956,10911.28,11056.12,10911.28,69031.0,785572650.0,0.0,0.0,69031.0,785572650.0,12669.0,-14669.0,0.0,2000.0,143382349.0,-166082350.0,0.0,22700000.0
05/05/2025,10911.28,11300.0,0.0,0.0,10911.28,10959.56,10814.72,30700.0,345955000.0,0.0,0.0,30700.0,345955000.0,300.0,-2800.0,0.0,2500.0,3230000.0,-31355000.0,0.0,28125000.0
29/04/2025,10911.28,11200.0,100.0,0.00892857,10911.28,10911.28,10814.72,72101.0,811816300.0,0.0,0.0,72101.0,811816300.0,-200.0,200.0,0.0,0.0,-2260000.0,2260000.0,0.0,0.0
28/04/2025,10814.72,11150.0,50.0,0.0044843,10718.16,10863.0,10718.16,43231.0,484245300.0,0.0,0.0,43231.0,484245300.0,0.0,0.0,0.0,0.0,0.0,0.0,0.0,0.0
25/04/2025,10766.44,11250.0,-100.0,-0.00888889,10863.0,10863.0,10718.16,77508.0,863650000.0,0.0,0.0,77508.0,863650000.0,-20000.0,20000.0,0.0,0.0,-222500000.0,222500000.0,0.0,0.0
24/04/2025,10863.0,11100.0,150.0,0.01351351,10911.28,10959.56,10669.88,111900.0,1246485000.0,0.0,0.0,111900.0,1246485000.0,-8900.0,0.0,0.0,8900.0,-98795000.0,0.0,0.0,98795000.0
23/04/2025,10718.16,10950.0,150.0,0.01369863,10718.16,10766.44,10525.04,49300.0,545185000.0,0.0,0.0,49300.0,545185000.0,-400.0,0.0,0.0,400.0,-4440000.0,0.0,0.0,4440000.0
22/04/2025,10573.32,11250.0,-300.0,-0.02666667,10814.72,10863.0,10138.8,239430.0,2583097500.0,0.0,0.0,239430.0,2583097500.0,-29200.0,30000.0,0.0,-800.0,-321440000.0,330000000.0,0.0,-8560000.0
21/04/2025,10863.0,11450.0,-200.0,-0.01746725,11056.12,11104.4,10863.0,45539.0,517304600.0,0.0,0.0,45539.0,517304600.0,0.0,0.0,0.0,0.0,0.0,0.0,0.0,0.0
18/04/2025,11056.12,11150.0,300.0,0.02690583,10814.72,11104.4,10814.72,89651.0,1021333550.0,0.0,0.0,89651.0,1021333550.0,-35000.0,35000.0,0.0,0.0,-399665000.0,399665000.0,0.0,0.0
17/04/2025,10766.44,11150.0,0.0,0.0,10718.16,10766.44,10573.32,22500.0,248865000.0,0.0,0.0,22500.0,248865000.0,-800.0,0.0,0.0,800.0,-8835000.0,0.0,0.0,8835000.0
16/04/2025,10766.44,11150.0,0.0,0.0,10380.2,10863.0,10380.2,84518.0,922548400.0,0.0,0.0,84518.0,922548400.0,0.0,0.0,0.0,0.0,0.0,0.0,0.0,0.0
15/04/2025,10766.44,11400.0,-250.0,-0.02192982,11007.84,11007.84,10718.16,126230.0,1411940500.0,0.0,0.0,126230.0,1411940500.0,0.0,0.0,0.0,0.0,0.0,0.0,0.0,0.0
14/04/2025,11007.84,11300.0,100.0,0.00884956,11007.84,11152.68,10959.56,107602.0,1231625900.0,0.0,0.0,107602.0,1231625900.0,0.0,0.0,0.0,0.0,0.0,0.0,0.0,0.0
11/04/2025,10911.28,10750.0,550.0,0.05116279,10959.56,10959.56,10428.48,218230.0,2439129600.0,0.0,0.0,218230.0,2439129600.0,0.0,0.0,0.0,0.0,0.0,0.0,0.0,0.0
10/04/2025,10380.2,10050.0,700.0,0.06965174,10380.2,10380.2,10380.2,67902.0,729946500.0,0.0,0.0,67902.0,729946500.0,0.0,0.0,0.0,0.0,0.0,0.0,0.0,0.0
09/04/2025,9704.28,10800.0,-750.0,-0.06944444,9704.28,10090.52,9704.28,562500.0,5688420000.0,0.0,0.0,562500.0,5688420000.0,-8300.0,10000.0,0.0,-1700.0,-83415000.0,100500000.0,0.0,-17085000.0
08/04/2025,10428.48,11600.0,-800.0,-0.06896552,10621.6,10718.16,10428.48,263615.0,2859785000.0,0.0,0.0,263615.0,2859785000.0,0.0,0.0,0.0,0.0,0.0,0.0,0.0,0.0
04/04/2025,11200.96,12450.0,-850.0,-0.06827309,11200.96,11587.2,11200.96,775392.0,9000540900.0,0.0,0.0,775392.0,9000540900.0,21600.0,-800.0,0.0,-20800.0,250560000.0,-9280000.0,0.0,-241280000.0
03/04/2025,12021.72,13350.0,-900.0,-0.06741573,12552.8,12552.8,12021.72,524450.0,6556582500.0,0.0,0.0,524450.0,6556582500.0,800.0,0.0,0.0,-800.0,10150000.0,0.0,0.0,-10150000.0
02/04/2025,12890.76,13350.0,0.0,0.0,12890.76,12987.32,12794.2,64017.0,852951950.0,0.0,0.0,64017.0,852951950.0,0.0,0.0,0.0,0.0,0.0,0.0,0.0,0.0
01/04/2025,12890.76,13150.0,200.0,0.01520913,12649.36,12890.76,12649.36,40921.0,542314300.0,0.0,0.0,40921.0,542314300.0,2100.0,0.0,0.0,-2100.0,28295000.0,0.0,0.0,-28295000.0
31/03/2025,12697.64,13350.0,-200.0,-0.01498127,12890.76,12890.76,12649.36,89428.0,1179072950.0,0.0,0.0,89428.0,1179072950.0,500.0,0.0,0.0,-500.0,6670000.0,0.0,0.0,-6670000.0
28/03/2025,12890.76,13400.0,-50.0,-0.00373134,12987.32,13083.88,12697.64,95602.0,1275131900.0,0.0,0.0,95602.0,1275131900.0,100.0,300.0,0.0,-400.0,1400000.0,4020000.0,0.0,-5420000.0
27/03/2025,12939.04,13350.0,50.0,0.00374532,12890.76,12939.04,12842.48,62245.0,831620250.0,0.0,0.0,62245.0,831620250.0,-100.0,100.0,0.0,0.0,-1340000.0,1340000.0,0.0,0.0
26/03/2025,12890.76,13550.0,-200.0,-0.01476015,13083.88,13180.44,12552.8,176611.0,2359849100.0,0.0,0.0,176611.0,2359849100.0,4300.0,500.0,0.0,-4800.0,57520000.0,6800000.0,0.0,-64320000.0
25/03/2025,13083.88,13600.0,-50.0,-0.00367647,13180.44,13228.72,13035.6,138321.0,1876169550.0,0.0,0.0,138321.0,1876169550.0,400.0,-400.0,0.0,0.0,5420000.0,-5420000.0,0.0,0.0
24/03/2025,13132.16,13650.0,-50.0,-0.003663,13035.6,13228.72,12987.32,89648.0,1212552600.0,0.0,0.0,89648.0,1212552600.0,0.0,0.0,0.0,0.0,0.0,0.0,0.0,0.0
21/03/2025,13180.44,13650.0,0.0,0.0,13083.88,13325.28,13083.88,67013.0,910802150.0,0.0,0.0,67013.0,910802150.0,100.0,0.0,0.0,-100.0,1365000.0,0.0,0.0,-1365000.0
20/03/2025,13180.44,13800.0,-150.0,-0.01086957,13373.56,13373.56,13035.6,191018.0,2605006600.0,0.0,0.0,191018.0,2605006600.0,500.0,0.0,0.0,-500.0,6900000.0,0.0,0.0,-6900000.0
19/03/2025,13325.28,13850.0,-50.0,-0.00361011,13421.84,13518.4,13228.72,208727.0,2885789050.0,0.0,0.0,208727.0,2885789050.0,0.0,0.0,0.0,0.0,240000.0,0.0,0.0,-240000.0
18/03/2025,13373.56,14000.0,-150.0,-0.01071429,13614.96,13614.96,13373.56,97118.0,1351108150.0,0.0,0.0,97118.0,1351108150.0,1000.0,-1000.0,0.0,0.0,13850000.0,-13850000.0,0.0,0.0
17/03/2025,13518.4,13700.0,300.0,0.02189781,13325.28,13904.64,13277.0,323352.0,4559305000.0,0.0,0.0,323352.0,4559305000.0,-7400.0,-1000.0,0.0,8400.0,-105170000.0,-14200000.0,0.0,119370000.0
14/03/2025,13228.72,13600.0,100.0,0.00735294,13228.72,13470.12,13083.88,198007.0,2723920650.0,0.0,0.0,198007.0,2723920650.0,-1400.0,200.0,0.0,1200.0,-18990000.0,2730000.0,0.0,16260000.0
13/03/2025,13132.16,14100.0,-500.0,-0.03546099,13614.96,13614.96,13132.16,371947.0,5114241500.0,0.0,0.0,371947.0,5114241500.0,100.0,300.0,0.0,-400.0,1550000.0,4070000.0,0.0,-5620000.0
12/03/2025,13614.96,14100.0,0.0,0.0,13808.08,14001.2,13566.68,249933.0,3561547600.0,0.0,0.0,249933.0,3561547600.0,13500.0,-4900.0,0.0,-8600.0,193040000.0,-69520000.0,0.0,-123520000.0
11/03/2025,13614.96,13200.0,900.0,0.06818182,12697.64,13614.96,12697.64,978725.0,13536777150.0,0.0,0.0,978725.0,13536777150.0,29200.0,-32600.0,0.0,3400.0,399690000.0,-444495000.0,0.0,44805000.0
10/03/2025,12745.92,13050.0,150.0,0.01149425,12649.36,12745.92,12601.08,104140.0,1366164000.0,0.0,0.0,104140.0,1366164000.0,-400.0,0.0,0.0,400.0,-5260000.0,0.0,0.0,5260000.0
07/03/2025,12601.08,13000.0,50.0,0.00384615,12745.92,12745.92,12601.08,63240.0,826931500.0,0.0,0.0,63240.0,826931500.0,0.0,0.0,0.0,0.0,0.0,0.0,0.0,0.0
06/03/2025,12552.8,13000.0,0.0,0.0,12504.52,12649.36,12504.52,121217.0,1579456900.0,0.0,0.0,121217.0,1579456900.0,-36400.0,36400.0,0.0,0.0,-475790000.0,475790000.0,0.0,0.0
05/03/2025,12552.8,13150.0,-150.0,-0.01140684,12649.36,12697.64,12552.8,116700.0,1524050000.0,0.0,0.0,116700.0,1524050000.0,-2100.0,0.0,0.0,2100.0,-27405000.0,0.0,0.0,27405000.0
04/03/2025,12697.64,13150.0,0.0,0.0,12697.64,12745.92,12552.8,97739.0,1282682850.0,0.0,0.0,97739.0,1282682850.0,0.0,0.0,0.0,0.0,0.0,0.0,0.0,0.0
03/03/2025,12697.64,13150.0,0.0,0.0,12697.64,12697.64,12649.36,71440.0,937526000.0,0.0,0.0,71440.0,937526000.0,0.0,0.0,0.0,0.0,0.0,0.0,0.0,0.0
28/02/2025,12697.64,13000.0,150.0,0.01153846,12552.8,12794.2,12552.8,106200.0,1391090000.0,0.0,0.0,106200.0,1391090000.0,0.0,0.0,0.0,0.0,0.0,0.0,0.0,0.0
27/02/2025,12552.8,13000.0,0.0,0.0,12552.8,12601.08,12456.24,86975.0,1128980000.0,0.0,0.0,86975.0,1128980000.0,0.0,0.0,0.0,0.0,0.0,0.0,0.0,0.0
26/02/2025,12552.8,13150.0,-150.0,-0.01140684,12697.64,12794.2,12504.52,199644.0,2603593750.0,0.0,0.0,199644.0,2603593750.0,-400.0,0.0,0.0,400.0,-5200000.0,0.0,0.0,5200000.0
25/02/2025,12697.64,13200.0,-50.0,-0.00378788,12745.92,12842.48,12649.36,105371.0,1388498400.0,0.0,0.0,105371.0,1388498400.0,0.0,0.0,0.0,0.0,0.0,0.0,0.0,0.0
24/02/2025,12745.92,13400.0,-200.0,-0.01492537,12842.48,12890.76,12697.64,132500.0,1751605000.0,0.0,0.0,132500.0,1751605000.0,-7500.0,7000.0,0.0,500.0,-98450000.0,91800000.0,0.0,6650000.0
21/02/2025,12939.04,13400.0,0.0,0.0,13035.6,13035.6,12794.2,115507.0,1544153100.0,0.0,0.0,115507.0,1544153100.0,0.0,0.0,0.0,0.0,0.0,0.0,0.0,0.0
20/02/2025,12939.04,13150.0,250.0,0.01901141,12697.64,12987.32,12697.64,106304.0,1418628300.0,0.0,0.0,106304.0,1418628300.0,-5000.0,5000.0,0.0,0.0,-66250000.0,66250000.0,0.0,0.0
19/02/2025,12697.64,13000.0,150.0,0.01153846,12552.8,12697.64,12504.52,138208.0,1799309000.0,0.0,0.0,138208.0,1799309000.0,-10000.0,10000.0,0.0,0.0,-131000000.0,131000000.0,0.0,0.0
18/02/2025,12552.8,12900.0,100.0,0.00775194,12552.8,12649.36,12456.24,132400.0,1722400000.0,0.0,0.0,132400.0,1722400000.0,-17000.0,0.0,0.0,17000.0,-222410000.0,0.0,0.0,222410000.0
17/02/2025,12456.24,12850.0,50.0,0.00389105,12407.96,12552.8,12311.4,89900.0,1159640000.0,0.0,0.0,89900.0,1159640000.0,5700.0,8000.0,0.0,-13700.0,73130000.0,103600000.0,0.0,-176730000.0
14/02/2025,12407.96,12850.0,0.0,0.0,12504.52,12504.52,12359.68,30200.0,389660000.0,0.0,0.0,30200.0,389660000.0,200.0,0.0,0.0,-200.0,2590000.0,0.0,0.0,-2590000.0
13/02/2025,12407.96,12800.0,50.0,0.00390625,12407.96,12456.24,12311.4,28700.0,367535000.0,0.0,0.0,28700.0,367535000.0,0.0,0.0,0.0,0.0,0.0,0.0,0.0,0.0
12/02/2025,12359.68,12950.0,-150.0,-0.01158301,12504.52,12552.8,12359.68,48800.0,627645000.0,0.0,0.0,48800.0,627645000.0,0.0,0.0,0.0,0.0,0.0,0.0,0.0,0.0
11/02/2025,12504.52,12850.0,100.0,0.0077821,12407.96,12504.52,12263.12,50306.0,645562100.0,0.0,0.0,50306.0,645562100.0,-7000.0,5000.0,0.0,2000.0,-89370000.0,64000000.0,0.0,25370000.0
10/02/2025,12407.96,13150.0,-300.0,-0.0228,12697.64,12697.64,12407.96,73902.0,955931300.0,0.0,0.0,73902.0,955931300.0,100.0,0.0,0.0,-100.0,1300000.0,0.0,0.0,-1300000.0
07/02/2025,12697.64,13100.0,50.0,0.00381679,12649.36,12794.2,12456.24,88403.0,1155239600.0,0.0,0.0,88403.0,1155239600.0,0.0,0.0,0.0,0.0,30000.0,0.0,0.0,-30000.0
06/02/2025,12649.36,13300.0,-200.0,-0.01503759,12649.36,12794.2,12504.52,102204.0,1336488000.0,0.0,0.0,102204.0,1336488000.0,0.0,0.0,0.0,0.0,0.0,0.0,0.0,0.0
05/02/2025,12842.48,13200.0,100.0,0.00757576,12745.92,12939.04,12649.36,55000.0,731315000.0,0.0,0.0,55000.0,731315000.0,0.0,0.0,0.0,0.0,0.0,0.0,0.0,0.0
04/02/2025,12745.92,13050.0,150.0,0.01149425,12601.08,12745.92,12601.08,40204.0,527632200.0,0.0,0.0,40204.0,527632200.0,-3300.0,0.0,0.0,3300.0,-43540000.0,0.0,0.0,43540000.0
03/02/2025,12601.08,13050.0,0.0,0.0,12601.08,12649.36,12456.24,27450.0,357077500.0,0.0,0.0,27450.0,357077500.0,-700.0,0.0,0.0,700.0,-9030000.0,0.0,0.0,9030000.0
24/01/2025,12601.08,13050.0,0.0,0.0,12552.8,12601.08,12504.52,48994.0,637661600.0,0.0,0.0,48994.0,637661600.0,0.0,0.0,0.0,0.0,0.0,0.0,0.0,0.0
23/01/2025,12601.08,12950.0,100.0,0.00772201,12456.24,12601.08,12456.24,38700.0,502200000.0,0.0,0.0,38700.0,502200000.0,100.0,0.0,0.0,-100.0,1295000.0,0.0,0.0,-1295000.0
22/01/2025,12504.52,13000.0,-50.0,-0.00384615,12601.08,12601.08,12456.24,42200.0,547340000.0,0.0,0.0,42200.0,547340000.0,1000.0,0.0,0.0,-1000.0,13050000.0,0.0,0.0,-13050000.0
21/01/2025,12552.8,13200.0,-200.0,-0.01515152,12745.92,12745.92,12552.8,25525.0,332584400.0,0.0,0.0,25525.0,332584400.0,100.0,0.0,0.0,-100.0,1320000.0,0.0,0.0,-1320000.0
20/01/2025,12745.92,13050.0,150.0,0.01149425,12745.92,12745.92,12649.36,27711.0,364764000.0,0.0,0.0,27711.0,364764000.0,0.0,0.0,0.0,0.0,0.0,0.0,0.0,0.0
17/01/2025,12601.08,12950.0,100.0,0.00772201,12552.8,12697.64,12504.52,54500.0,709975000.0,0.0,0.0,54500.0,709975000.0,1900.0,0.0,0.0,-1900.0,24700000.0,0.0,0.0,-24700000.0
16/01/2025,12504.52,12900.0,50.0,0.00387597,12456.24,12649.36,12456.24,25339.0,331063100.0,0.0,0.0,25339.0,331063100.0,1500.0,0.0,0.0,-1500.0,19560000.0,0.0,0.0,-19560000.0
15/01/2025,12456.24,12600.0,300.0,0.02380952,12166.56,12601.08,12166.56,33801.0,432487700.0,0.0,0.0,33801.0,432487700.0,-5900.0,6000.0,0.0,-100.0,-74920000.0,76200000.0,0.0,-1280000.0
14/01/2025,12166.56,12800.0,-200.0,-0.015625,12263.12,12359.68,12166.56,50100.0,634450000.0,0.0,0.0,50100.0,634450000.0,-3400.0,3700.0,0.0,-300.0,-43395000.0,47230000.0,0.0,-3835000.0
13/01/2025,12359.68,12900.0,-100.0,-0.00775194,12359.68,12552.8,12070.0,59272.0,753457400.0,0.0,0.0,59272.0,753457400.0,600.0,0.0,0.0,-600.0,8775000.0,0.0,0.0,-8775000.0
10/01/2025,12456.24,12900.0,0.0,0.0,12601.08,12649.36,12456.24,43000.0,558170000.0,0.0,0.0,43000.0,558170000.0,0.0,0.0,0.0,0.0,0.0,0.0,0.0,0.0
09/01/2025,12456.24,13050.0,-150.0,-0.01149425,12552.8,12601.08,12456.24,59300.0,769260000.0,0.0,0.0,59300.0,769260000.0,0.0,0.0,0.0,0.0,0.0,0.0,0.0,0.0
08/01/2025,12601.08,13100.0,-50.0,-0.00381679,12601.08,12649.36,12504.52,38727.0,504337550.0,0.0,0.0,38727.0,504337550.0,-300.0,0.0,0.0,300.0,-3885000.0,0.0,0.0,3885000.0
07/01/2025,12649.36,13200.0,-100.0,-0.00757576,12697.64,12745.92,12649.36,34650.0,454515000.0,0.0,0.0,34650.0,454515000.0,0.0,0.0,0.0,0.0,0.0,0.0,0.0,0.0
06/01/2025,12745.92,13150.0,50.0,0.00380228,12745.92,12745.92,12649.36,16022.0,210730400.0,0.0,0.0,16022.0,210730400.0,0.0,0.0,0.0,0.0,0.0,0.0,0.0,0.0
03/01/2025,12697.64,13250.0,-100.0,-0.00754717,12697.64,12842.48,12697.64,70317.0,927370850.0,0.0,0.0,70317.0,927370850.0,0.0,0.0,0.0,0.0,0.0,0.0,0.0,0.0
02/01/2025,12794.2,13150.0,100.0,0.00760456,12939.04,12939.04,12697.64,47828.0,633066400.0,0.0,0.0,47828.0,633066400.0,-1000.0,1000.0,0.0,0.0,-13225000.0,13225000.0,0.0,0.0
31/12/2024,12697.64,13200.0,-50.0,-0.00378788,12745.92,12890.76,12697.64,85700.0,1131075000.0,0.0,0.0,85700.0,1131075000.0,-3400.0,1000.0,0.0,2400.0,-44880000.0,13200000.0,0.0,31680000.0
30/12/2024,12745.92,13500.0,-300.0,-0.02222222,13035.6,13035.6,12745.92,75629.0,1008393000.0,0.0,0.0,75629.0,1008393000.0,-2200.0,4000.0,0.0,-1800.0,-29515000.0,53725000.0,0.0,-24210000.0
27/12/2024,13035.6,13500.0,0.0,0.0,13180.44,13180.44,12987.32,30302.0,409277250.0,0.0,0.0,30302.0,409277250.0,1400.0,0.0,0.0,-1400.0,18965000.0,0.0,0.0,-18965000.0
26/12/2024,13035.6,13350.0,150.0,0.01123596,12987.32,13373.56,12890.76,200135.0,2712464650.0,0.0,0.0,200135.0,2712464650.0,-2800.0,3000.0,0.0,-200.0,-38185000.0,40875000.0,0.0,-2690000.0
25/12/2024,12890.76,13250.0,100.0,0.00754717,12842.48,12987.32,12794.2,81510.0,1087844000.0,0.0,0.0,81510.0,1087844000.0,1800.0,-2500.0,0.0,700.0,24035000.0,-33375000.0,0.0,9340000.0
24/12/2024,12794.2,13350.0,-100.0,-0.00749064,12987.32,12987.32,12649.36,64000.0,850025000.0,0.0,0.0,64000.0,850025000.0,200.0,0.0,0.0,-200.0,2665000.0,0.0,0.0,-2665000.0
23/12/2024,12890.76,13150.0,200.0,0.01520913,12794.2,13035.6,12745.92,40139.0,535697750.0,0.0,0.0,40139.0,535697750.0,2000.0,-100.0,0.0,-1900.0,26785000.0,-1330000.0,0.0,-25455000.0
20/12/2024,12697.64,13100.0,50.0,0.00381679,12745.92,13083.88,12552.8,102820.0,1356646500.0,0.0,0.0,102820.0,1356646500.0,1500.0,0.0,0.0,-1500.0,19960000.0,0.0,0.0,-19960000.0
19/12/2024,12649.36,13100.0,0.0,0.0,12649.36,12697.64,12552.8,56738.0,741306250.0,0.0,0.0,56738.0,741306250.0,-500.0,500.0,0.0,0.0,-6525000.0,6525000.0,0.0,0.0
18/12/2024,12649.36,13200.0,-100.0,-0.00757576,12794.2,12842.48,12601.08,69200.0,911555000.0,0.0,0.0,69200.0,911555000.0,0.0,0.0,0.0,0.0,0.0,0.0,0.0,0.0
17/12/2024,12745.92,13150.0,50.0,0.00380228,12842.48,12842.48,12697.64,22958.0,302803800.0,0.0,0.0,22958.0,302803800.0,758.0,0.0,-58.0,-758.0,9998800.0,0.0,-754000.0,-9998800.0
16/12/2024,12697.64,13200.0,-50.0,-0.00378788,12794.2,12890.76,12697.64,105837.0,1402453400.0,0.0,0.0,105837.0,1402453400.0,1000.0,500.0,0.0,-1500.0,13265000.0,6625000.0,0.0,-19890000.0
13/12/2024,12745.92,13350.0,-150.0,-0.01123596,12890.76,12939.04,12745.92,59300.0,788415000.0,0.0,0.0,59300.0,788415000.0,9800.0,0.0,0.0,-9800.0,130745000.0,0.0,0.0,-130745000.0
12/12/2024,12890.76,13400.0,-50.0,-0.00373134,12890.76,13035.6,12794.2,87700.0,1168405000.0,0.0,0.0,87700.0,1168405000.0,900.0,0.0,0.0,-900.0,12015000.0,0.0,0.0,-12015000.0
11/12/2024,12939.04,13400.0,0.0,0.0,13035.6,13132.16,12794.2,67400.0,901715000.0,0.0,0.0,67400.0,901715000.0,-800.0,500.0,0.0,300.0,-10770000.0,6780000.0,0.0,3990000.0
10/12/2024,12939.04,13400.0,0.0,0.0,12987.32,13228.72,12939.04,61000.0,820400000.0,0.0,0.0,61000.0,820400000.0,-1200.0,500.0,0.0,700.0,-16200000.0,6750000.0,0.0,9450000.0
09/12/2024,12939.04,13500.0,-100.0,-0.00740741,13035.6,13132.16,12939.04,49005.0,658937500.0,0.0,0.0,49005.0,658937500.0,-300.0,0.0,0.0,300.0,-4050000.0,0.0,0.0,4050000.0
06/12/2024,13035.6,13500.0,0.0,0.0,13035.6,13325.28,13035.6,53404.0,725984600.0,0.0,0.0,53404.0,725984600.0,1500.0,400.0,0.0,-1900.0,20575000.0,5420000.0,0.0,-25995000.0
05/12/2024,13035.6,13400.0,100.0,0.00746269,12987.32,13228.72,12842.48,69101.0,933663450.0,0.0,0.0,69101.0,933663450.0,-600.0,0.0,0.0,600.0,-8090000.0,0.0,0.0,8090000.0
04/12/2024,12939.04,13100.0,300.0,0.02290076,12649.36,13325.28,12649.36,206124.0,2789524000.0,0.0,0.0,206124.0,2789524000.0,100.0,0.0,0.0,-100.0,1360000.0,0.0,0.0,-1360000.0
03/12/2024,12649.36,13200.0,-100.0,-0.00757576,12745.92,12745.92,12601.08,70901.0,928892500.0,0.0,0.0,70901.0,928892500.0,-500.0,100.0,0.0,400.0,-6545000.0,1315000.0,0.0,5230000.0
02/12/2024,12745.92,13150.0,50.0,0.00380228,12601.08,12745.92,12601.08,31450.0,413602500.0,0.0,0.0,31450.0,413602500.0,100.0,-100.0,0.0,0.0,1320000.0,-1320000.0,0.0,0.0
29/11/2024,12697.64,12950.0,200.0,0.01544402,12504.52,12745.92,12504.52,53500.0,699400000.0,0.0,0.0,53500.0,699400000.0,0.0,0.0,0.0,0.0,0.0,0.0,0.0,0.0
28/11/2024,12504.52,13000.0,-50.0,-0.00384615,12649.36,12649.36,12504.52,60600.0,787090000.0,0.0,0.0,60600.0,787090000.0,-300.0,100.0,0.0,200.0,-3905000.0,1305000.0,0.0,2600000.0
27/11/2024,12552.8,13000.0,0.0,0.0,12456.24,12649.36,12456.24,57900.0,749920000.0,0.0,0.0,57900.0,749920000.0,-800.0,0.0,0.0,800.0,-10400000.0,0.0,0.0,10400000.0
26/11/2024,12552.8,12950.0,50.0,0.003861,12601.08,12601.08,12504.52,72585.0,944126750.0,0.0,0.0,72585.0,944126750.0,-1800.0,0.0,0.0,1800.0,-23365000.0,0.0,0.0,23365000.0
25/11/2024,12504.52,13150.0,-200.0,-0.01520913,12794.2,12794.2,11828.6,130410.0,1676367200.0,0.0,0.0,130410.0,1676367200.0,-800.0,0.0,0.0,800.0,-10410000.0,0.0,0.0,10410000.0
22/11/2024,12697.64,13100.0,50.0,0.00381679,12794.2,12794.2,12601.08,47521.0,622325100.0,0.0,0.0,47521.0,622325100.0,100.0,0.0,0.0,-100.0,1310000.0,0.0,0.0,-1310000.0
21/11/2024,12649.36,13050.0,50.0,0.00383142,12552.8,12890.76,12504.52,23900.0,315110000.0,0.0,0.0,23900.0,315110000.0,0.0,0.0,0.0,0.0,0.0,0.0,0.0,0.0
20/11/2024,12601.08,12800.0,250.0,0.01953125,12649.36,12697.64,12504.52,84710.0,1107937000.0,0.0,0.0,84710.0,1107937000.0,8500.0,0.0,0.0,-8500.0,110950000.0,0.0,0.0,-110950000.0
19/11/2024,12359.68,13350.0,-550.0,-0.0411985,12890.76,12890.76,12359.68,49001.0,635168300.0,0.0,0.0,49001.0,635168300.0,200.0,0.0,0.0,-200.0,2660000.0,0.0,0.0,-2660000.0
18/11/2024,12890.76,13400.0,-50.0,-0.00373134,12939.04,12939.04,12649.36,57400.0,758780000.0,0.0,0.0,57400.0,758780000.0,400.0,0.0,0.0,-400.0,5360000.0,0.0,0.0,-5360000.0
15/11/2024,12939.04,13500.0,-100.0,-0.00740741,12939.04,13035.6,12890.76,82324.0,1106394000.0,0.0,0.0,82324.0,1106394000.0,400.0,0.0,0.0,-400.0,5380000.0,0.0,0.0,-5380000.0
14/11/2024,13035.6,13800.0,-300.0,-0.02173913,13325.28,13325.28,12842.48,279077.0,3758912200.0,0.0,0.0,279077.0,3758912200.0,23700.0,-6000.0,0.0,-17700.0,321295000.0,-80100000.0,0.0,-241195000.0
13/11/2024,13325.28,13850.0,-50.0,-0.00361011,13325.28,13325.28,12987.32,91825.0,1257945800.0,0.0,0.0,91825.0,1257945800.0,200.0,-100.0,0.0,-100.0,2750000.0,-1380000.0,0.0,-1370000.0
12/11/2024,13373.56,13800.0,50.0,0.00362319,13421.84,13421.84,13325.28,27602.0,382107750.0,0.0,0.0,27602.0,382107750.0,0.0,0.0,0.0,0.0,0.0,0.0,0.0,0.0
11/11/2024,13325.28,13900.0,-100.0,-0.00719424,13325.28,13470.12,13277.0,80502.0,1111622800.0,0.0,0.0,80502.0,1111622800.0,2600.0,0.0,0.0,-2600.0,36145000.0,0.0,0.0,-36145000.0
08/11/2024,13421.84,14100.0,-200.0,-0.0141844,13373.56,13614.96,13373.56,157328.0,2190486400.0,0.0,0.0,157328.0,2190486400.0,0.0,0.0,0.0,0.0,0.0,0.0,0.0,0.0
07/11/2024,13614.96,14250.0,-150.0,-0.01052632,13759.8,13759.8,13277.0,184276.0,2580300400.0,0.0,0.0,184276.0,2580300400.0,1400.0,-1300.0,0.0,-100.0,19660000.0,-18265000.0,0.0,-1395000.0
06/11/2024,13759.8,14100.0,150.0,0.0106383,13711.52,13808.08,13518.4,128910.0,1819020750.0,0.0,0.0,128910.0,1819020750.0,-1000.0,0.0,0.0,1000.0,-14100000.0,0.0,0.0,14100000.0
05/11/2024,13614.96,14100.0,0.0,0.0,13614.96,13711.52,13614.96,73742.0,1043892600.0,23400.0,307710000.0,97142.0,1351602600.0,1500.0,0.0,0.0,-1500.0,21250000.0,0.0,0.0,-21250000.0
04/11/2024,13614.96,14300.0,-200.0,-0.01398601,13808.08,13856.36,13518.4,173400.0,2447425000.0,0.0,0.0,173400.0,2447425000.0,6400.0,0.0,0.0,-6400.0,91160000.0,0.0,0.0,-91160000.0
01/11/2024,13808.08,14450.0,-150.0,-0.01038062,13904.64,13904.64,13759.8,207506.0,2975521400.0,0.0,0.0,207506.0,2975521400.0,5600.0,0.0,0.0,-5600.0,80275000.0,0.0,0.0,-80275000.0
31/10/2024,13952.92,14400.0,50.0,0.00347222,13904.64,13952.92,13808.08,180750.0,2599177850.0,0.0,0.0,180750.0,2599177850.0,750.0,-150.0,-50.0,-600.0,10747850.0,-2137850.0,-693000.0,-8610000.0
30/10/2024,13904.64,14450.0,-50.0,-0.00346021,13952.92,14049.48,13904.64,293928.0,4254087400.0,0.0,0.0,293928.0,4254087400.0,-1400.0,1400.0,0.0,0.0,-20225000.0,20225000.0,0.0,0.0
29/10/2024,13952.92,14500.0,-50.0,-0.00344828,13904.64,14001.2,13904.64,222205.0,3210657500.0,0.0,0.0,222205.0,3210657500.0,0.0,0.0,0.0,0.0,0.0,0.0,0.0,0.0
28/10/2024,14001.2,14450.0,50.0,0.00346021,14001.2,14049.48,13904.64,71942.0,1043930650.0,0.0,0.0,71942.0,1043930650.0,1200.0,0.0,0.0,-1200.0,17400000.0,0.0,0.0,-17400000.0
25/10/2024,13952.92,14550.0,-100.0,-0.00687285,13952.92,14146.04,13952.92,132004.0,1913952600.0,0.0,0.0,132004.0,1913952600.0,800.0,0.0,0.0,-800.0,11600000.0,0.0,0.0,-11600000.0
24/10/2024,14049.48,14600.0,-50.0,-0.00342466,14097.76,14146.04,14001.2,120505.0,1754552750.0,0.0,0.0,120505.0,1754552750.0,-3400.0,0.0,0.0,3400.0,-49560000.0,0.0,0.0,49560000.0
23/10/2024,14097.76,14400.0,200.0,0.01388889,13904.64,14097.76,13904.64,187075.0,2720140000.0,0.0,0.0,187075.0,2720140000.0,-1700.0,0.0,0.0,1700.0,-24735000.0,0.0,0.0,24735000.0
22/10/2024,13904.64,14400.0,0.0,0.0,13904.64,14097.76,13856.36,200700.0,2906870000.0,0.0,0.0,200700.0,2906870000.0,-4800.0,0.0,0.0,4800.0,-69475000.0,0.0,0.0,69475000.0
21/10/2024,13904.64,14450.0,-50.0,-0.0035,14001.2,14097.76,13904.64,226407.0,3271355800.0,0.0,0.0,226407.0,3271355800.0,-300.0,0.0,0.0,300.0,-4350000.0,0.0,0.0,4350000.0
18/10/2024,13952.92,14350.0,100.0,0.00696864,13808.08,14001.2,13808.08,157421.0,2277151550.0,0.0,0.0,157421.0,2277151550.0,14000.0,0.0,0.0,-14000.0,202300001.0,0.0,0.0,-202300000.0
17/10/2024,13856.36,14150.0,200.0,0.01413428,13614.96,13904.64,13614.96,131030.0,1872558000.0,0.0,0.0,131030.0,1872558000.0,27700.0,0.0,0.0,-27700.0,395100000.0,0.0,0.0,-395100000.0
16/10/2024,13663.24,14200.0,-50.0,-0.00352113,13711.52,13856.36,13663.24,110661.0,1574892350.0,0.0,0.0,110661.0,1574892350.0,21400.0,0.0,0.0,-21400.0,304805000.0,0.0,0.0,-304805000.0
15/10/2024,13711.52,14400.0,-200.0,-0.01388889,13904.64,14049.48,13711.52,158536.0,2275748550.0,0.0,0.0,158536.0,2275748550.0,26600.0,0.0,0.0,-26600.0,381290001.0,0.0,0.0,-381290000.0
14/10/2024,13904.64,14500.0,-100.0,-0.00689655,14001.2,14001.2,13904.64,114181.0,1650591850.0,0.0,0.0,114181.0,1650591850.0,5081.0,-81.0,-81.0,-5000.0,73356850.0,-1106850.0,-1107000.0,-72250000.0
11/10/2024,14001.2,14550.0,-50.0,-0.00343643,14146.04,14146.04,13952.92,110810.0,1609094500.0,0.0,0.0,110810.0,1609094500.0,-500.0,-100.0,0.0,600.0,-7055000.0,-1455000.0,0.0,8510000.0
10/10/2024,14049.48,14450.0,100.0,0.00692042,14049.48,14097.76,14001.2,143912.0,2092692200.0,0.0,0.0,143912.0,2092692200.0,-5400.0,0.0,0.0,5400.0,-78605000.0,0.0,0.0,78605000.0
09/10/2024,13952.92,14300.0,150.0,0.01048951,13759.8,14001.2,13711.52,131402.0,1892253750.0,0.0,0.0,131402.0,1892253750.0,-13300.0,0.0,0.0,13300.0,-192185000.0,0.0,0.0,192185000.0
08/10/2024,13808.08,14300.0,0.0,0.0,14001.2,14001.2,13759.8,108800.0,1557592700.0,0.0,0.0,108800.0,1557592700.0,21900.0,0.0,0.0,-21900.0,313530000.0,0.0,0.0,-313530000.0
07/10/2024,13808.08,14300.0,0.0,0.0,13808.08,14097.76,13759.8,324445.0,4676018800.0,0.0,0.0,324445.0,4676018800.0,15300.0,0.0,0.0,-15300.0,218230000.0,0.0,0.0,-218230000.0
04/10/2024,13808.08,14500.0,-200.0,-0.0137931,14001.2,14001.2,13759.8,122630.0,1760616750.0,0.0,0.0,122630.0,1760616750.0,18400.0,0.0,0.0,-18400.0,264980000.0,0.0,0.0,-264980000.0
03/10/2024,14001.2,14600.0,-100.0,-0.00684932,14146.04,14146.04,13856.36,303973.0,4409424700.0,0.0,0.0,303973.0,4409424700.0,36800.0,0.0,0.0,-36800.0,534710000.0,0.0,0.0,-534710000.0
02/10/2024,14097.76,14500.0,100.0,0.00689655,14001.2,14194.32,13952.92,365910.0,5338235500.0,0.0,0.0,365910.0,5338235500.0,-80300.0,0.0,0.0,80300.0,-1170940000.0,0.0,0.0,1170940000.0
01/10/2024,14001.2,14300.0,200.0,0.01398601,13904.64,14097.76,13904.64,235990.0,3419383250.0,0.0,0.0,235990.0,3419383250.0,-35900.0,0.0,0.0,35900.0,-519710000.0,0.0,0.0,519710000.0
30/09/2024,13808.08,14500.0,-200.0,-0.0137931,14001.2,14001.2,13614.96,463560.0,6626038000.0,0.0,0.0,463560.0,6626038000.0,74700.0,0.0,0.0,-74700.0,1067965000.0,0.0,0.0,-1067965000.0
27/09/2024,14001.2,14600.0,-100.0,-0.00684932,14049.48,14146.04,14001.2,358720.0,5220787200.0,0.0,0.0,358720.0,5220787200.0,9100.0,100.0,0.0,-9200.0,132280000.0,1465000.0,0.0,-133745000.0
26/09/2024,14097.76,14700.0,-100.0,-0.00680272,14194.32,14194.32,14097.76,301401.0,4410793700.0,1170000.0,18369000000.0,1471401.0,22779793700.0,-900.0,0.0,0.0,900.0,-13185000.0,0.0,0.0,13185000.0
25/09/2024,14194.32,14750.0,-50.0,-0.00338983,14146.04,14290.88,14146.04,334255.0,4915884800.0,6700000.0,105190000000.0,7034255.0,110105884800.0,-1000.0,0.0,0.0,1000.0,-14700000.0,0.0,0.0,14700000.0
24/09/2024,14242.6,14500.0,250.0,0.01724138,14001.2,14339.16,13952.92,369721.0,5425606400.0,0.0,0.0,369721.0,5425606400.0,-72800.0,0.0,0.0,72800.0,-1064735000.0,0.0,0.0,1064735000.0
23/09/2024,14001.2,14350.0,150.0,0.01045296,13808.08,14097.76,13711.52,286119.0,4144115100.0,0.0,0.0,286119.0,4144115100.0,-8500.0,0.0,0.0,8500.0,-122710000.0,0.0,0.0,122710000.0
20/09/2024,13856.36,14450.0,-100.0,-0.00692042,14001.2,14242.6,13856.36,452590.0,6583846800.0,0.0,0.0,452590.0,6583846800.0,0.0,0.0,0.0,0.0,0.0,0.0,0.0,0.0
19/09/2024,13952.92,14150.0,300.0,0.02120141,13614.96,13952.92,13614.96,329907.0,4733434600.0,0.0,0.0,329907.0,4733434600.0,-11600.0,0.0,0.0,11600.0,-165560000.0,0.0,0.0,165560000.0
18/09/2024,13663.24,14200.0,-50.0,-0.00352113,13614.96,13808.08,13614.96,171434.0,2432685900.0,0.0,0.0,171434.0,2432685900.0,-26800.0,-400.0,0.0,27200.0,-380765000.0,-5700000.0,0.0,386465000.0
17/09/2024,13711.52,14250.0,-50.0,-0.00350877,13856.36,13856.36,13518.4,208292.0,2941267600.0,0.0,0.0,208292.0,2941267600.0,-12000.0,0.0,0.0,12000.0,-168835000.0,0.0,0.0,168835000.0
16/09/2024,13759.8,14200.0,50.0,0.00352113,13711.52,13952.92,13711.52,440725.0,6305796950.0,3290308.0,49848166200.0,3731033.0,56153963150.0,-22600.0,3400.0,0.0,19200.0,-322555000.0,48450000.0,0.0,274105000.0
13/09/2024,13711.52,13950.0,250.0,0.01792115,13518.4,13711.52,13421.84,213050.0,2996572500.0,0.0,0.0,213050.0,2996572500.0,-35300.0,50000.0,50000.0,-14700.0,-503550000.0,710000000.0,710000000.0,-206450000.0
12/09/2024,13470.12,13750.0,200.0,0.01454545,13325.28,13759.8,13325.28,344561.0,4832120100.0,0.0,0.0,344561.0,4832120100.0,1800.0,0.0,0.0,-1800.0,23385000.0,0.0,0.0,-23385000.0
11/09/2024,13277.0,13900.0,-150.0,-0.01079137,13470.12,13470.12,13180.44,311246.0,4288105700.0,0.0,0.0,311246.0,4288105700.0,-200.0,0.0,0.0,200.0,-2760000.0,0.0,0.0,2760000.0
10/09/2024,13421.84,13850.0,50.0,0.00361011,13421.84,13421.84,13277.0,149494.0,2067494750.0,0.0,0.0,149494.0,2067494750.0,11300.0,-15600.0,0.0,4300.0,156505000.0,-216060000.0,0.0,59555000.0
09/09/2024,13373.56,13850.0,0.0,0.0,13373.56,13470.12,13277.0,250500.0,3462250000.0,0.0,0.0,250500.0,3462250000.0,-25100.0,0.0,0.0,25100.0,-345810000.0,0.0,0.0,345810000.0
06/09/2024,13373.56,14000.0,-150.0,-0.01071429,13470.12,13518.4,13325.28,406540.0,5641285000.0,0.0,0.0,406540.0,5641285000.0,3600.0,0.0,0.0,-3600.0,50015000.0,0.0,0.0,-50015000.0
05/09/2024,13518.4,14000.0,0.0,0.0,13518.4,13711.52,13421.84,227210.0,3188907000.0,0.0,0.0,227210.0,3188907000.0,15400.0,-3000.0,0.0,-12400.0,215730000.0,-42300000.0,0.0,-173430000.0
04/09/2024,13518.4,14100.0,-100.0,-0.0070922,13614.96,13614.96,13421.84,337096.0,4709369550.0,0.0,0.0,337096.0,4709369550.0,19500.0,3000.0,0.0,-22500.0,273030000.0,41700000.0,0.0,-314730000.0
30/08/2024,13614.96,14200.0,-100.0,-0.00704225,13808.08,13856.36,13614.96,279700.0,3957515000.0,0.0,0.0,279700.0,3957515000.0,7700.0,0.0,0.0,-7700.0,109435000.0,0.0,0.0,-109435000.0
29/08/2024,13711.52,14400.0,-200.0,-0.01388889,13904.64,13904.64,13663.24,300829.0,4274056150.0,0.0,0.0,300829.0,4274056150.0,64600.0,0.0,0.0,-64600.0,920690000.0,0.0,0.0,-920690000.0
28/08/2024,13904.64,14600.0,-200.0,-0.01369863,14097.76,14146.04,13856.36,405324.0,5872206850.0,0.0,0.0,405324.0,5872206850.0,1300.0,600.0,0.0,-1900.0,19070000.0,8670000.0,0.0,-27740000.0
27/08/2024,14097.76,14300.0,300.0,0.02097902,13856.36,14290.88,13856.36,772662.0,11246141000.0,0.0,0.0,772662.0,11246141000.0,11900.0,-900.0,0.0,-11000.0,175390000.0,-13110000.0,0.0,-162280000.0
26/08/2024,13808.08,14100.0,200.0,0.0141844,13614.96,13808.08,13228.72,1344932.0,18653134150.0,0.0,0.0,1344932.0,18653134150.0,843613.0,-946613.0,-946613.0,103000.0,11669355700.0,-13093150700.0,-13093151000.0,1423795000.0
23/08/2024,13614.96,15050.0,-950.0,-0.06312292,14484.0,14484.0,13518.4,2762884.0,39604824500.0,0.0,0.0,2762884.0,39604824500.0,920800.0,-900300.0,-901700.0,-20500.0,13361080000.0,-13057820000.0,-13077800000.0,-303260000.0
22/08/2024,14532.28,15250.0,-200.0,-0.01311475,14773.68,14821.96,14435.72,877549.0,13223659950.0,0.0,0.0,877549.0,13223659950.0,690400.0,-700000.0,-700000.0,9600.0,10405080001.0,-10548975000.0,-10548975000.0,143895000.0
21/08/2024,14725.4,15700.0,-450.0,-0.02866242,15063.36,15063.36,14628.84,1502330.0,22980637650.0,0.0,0.0,1502330.0,22980637650.0,-37300.0,15100.0,0.0,22200.0,-571240000.0,231375000.0,0.0,339865000.0
20/08/2024,15159.92,15650.0,50.0,0.00319489,15304.76,15304.76,14725.4,1070600.0,16596225000.0,0.0,0.0,1070600.0,16596225000.0,3600.0,0.0,0.0,-3600.0,56835000.0,0.0,0.0,-56835000.0
19/08/2024,15111.64,15600.0,50.0,0.00320513,15111.64,15256.48,14821.96,1337924.0,20646969000.0,0.0,0.0,1337924.0,20646969000.0,-3500.0,0.0,0.0,3500.0,-53940000.0,0.0,0.0,53940000.0
16/08/2024,15063.36,15400.0,200.0,0.01298701,14870.24,15208.2,14484.0,417703.0,6454301800.0,0.0,0.0,417703.0,6454301800.0,-6400.0,0.0,0.0,6400.0,-99255000.0,0.0,0.0,99255000.0
15/08/2024,14870.24,15600.0,-200.0,-0.01282051,15111.64,15159.92,14484.0,468400.0,7108370000.0,0.0,0.0,468400.0,7108370000.0,0.0,0.0,0.0,0.0,0.0,0.0,0.0,0.0
14/08/2024,15063.36,15950.0,-350.0,-0.02194357,15449.6,15449.6,14821.96,786051.0,12146758000.0,0.0,0.0,786051.0,12146758000.0,-2300.0,0.0,0.0,2300.0,-35560000.0,0.0,0.0,35560000.0
13/08/2024,15401.32,16100.0,-150.0,-0.00931677,15546.16,15642.72,15401.32,54700.0,878795000.0,0.0,0.0,54700.0,878795000.0,0.0,0.0,0.0,0.0,0.0,0.0,0.0,0.0
12/08/2024,15546.16,16100.0,0.0,0.0,15594.44,15787.56,15449.6,40802.0,657132500.0,0.0,0.0,40802.0,657132500.0,1100.0,0.0,0.0,-1100.0,17770000.0,0.0,0.0,-17770000.0
09/08/2024,15546.16,15700.0,400.0,0.02547771,15401.32,15546.16,15256.48,65500.0,1043310000.0,0.0,0.0,65500.0,1043310000.0,-5300.0,0.0,0.0,5300.0,-84570000.0,0.0,0.0,84570000.0
08/08/2024,15159.92,15900.0,-200.0,-0.01257862,15304.76,15401.32,15159.92,87073.0,1376070600.0,0.0,0.0,87073.0,1376070600.0,3500.0,0.0,0.0,-3500.0,55275000.0,0.0,0.0,-55275000.0
07/08/2024,15353.04,15900.0,0.0,0.0,15401.32,15449.6,15159.92,61500.0,973345000.0,0.0,0.0,61500.0,973345000.0,-1600.0,0.0,0.0,1600.0,-25540000.0,0.0,0.0,25540000.0
06/08/2024,15353.04,15600.0,300.0,0.01923077,15063.36,15449.6,14677.12,131200.0,2028800000.0,0.0,0.0,131200.0,2028800000.0,-12800.0,0.0,0.0,12800.0,-191995000.0,0.0,0.0,191995000.0
05/08/2024,15063.36,16350.0,-750.0,-0.04587156,15691.0,15691.0,14773.68,246203.0,3830492900.0,0.0,0.0,246203.0,3830492900.0,400.0,0.0,0.0,-400.0,7730000.0,0.0,0.0,-7730000.0
02/08/2024,15787.56,16500.0,-150.0,-0.00909091,15497.88,15787.56,15208.2,216802.0,3485897400.0,0.0,0.0,216802.0,3485897400.0,2600.0,-100.0,0.0,-2500.0,42125000.0,-1600000.0,0.0,-40525000.0
01/08/2024,15932.4,16850.0,-350.0,-0.02077151,16318.64,16318.64,15497.88,378600.0,6207730000.0,0.0,0.0,378600.0,6207730000.0,-15200.0,0.0,0.0,15200.0,-247590000.0,0.0,0.0,247590000.0
31/07/2024,16270.36,17200.0,-350.0,-0.02034884,16656.6,16849.72,16222.08,144700.0,2462205000.0,0.0,0.0,144700.0,2462205000.0,1700.0,0.0,0.0,-1700.0,29195000.0,0.0,0.0,-29195000.0
30/07/2024,16608.32,17100.0,100.0,0.00584795,16608.32,17091.12,16463.48,348600.0,6054435000.0,0.0,0.0,348600.0,6054435000.0,26400.0,0.0,0.0,-26400.0,462635000.0,0.0,0.0,-462635000.0
29/07/2024,16511.76,16850.0,250.0,0.0148368,16366.92,16560.04,16125.52,100938.0,1709405700.0,0.0,0.0,100938.0,1709405700.0,2200.0,0.0,0.0,-2200.0,38825000.0,0.0,0.0,-38825000.0
26/07/2024,16270.36,16750.0,100.0,0.00597015,16366.92,16366.92,16173.8,43100.0,725085000.0,0.0,0.0,43100.0,725085000.0,1800.0,0.0,0.0,-1800.0,30215000.0,0.0,0.0,-30215000.0
25/07/2024,16173.8,16900.0,-150.0,-0.00887574,16125.52,16270.36,16028.96,29600.0,494170000.0,0.0,0.0,29600.0,494170000.0,300.0,0.0,0.0,-300.0,5010000.0,0.0,0.0,-5010000.0
24/07/2024,16318.64,16550.0,350.0,0.02114804,15980.68,16318.64,15787.56,156190.0,2593722800.0,0.0,0.0,156190.0,2593722800.0,6900.0,0.0,0.0,-6900.0,114305000.0,0.0,0.0,-114305000.0
23/07/2024,15980.68,16750.0,-200.0,-0.0119403,16270.36,16415.2,15739.28,274000.0,4589655000.0,306800.0,4908800000.0,580800.0,9498455000.0,-800.0,100.0,0.0,700.0,-13130000.0,1685000.0,0.0,11445000.0
22/07/2024,16173.8,17000.0,-250.0,-0.01470588,16463.48,16560.04,16077.24,149408.0,2512356400.0,0.0,0.0,149408.0,2512356400.0,2600.0,0.0,0.0,-2600.0,44230000.0,0.0,0.0,-44230000.0
19/07/2024,16415.2,17250.0,-250.0,-0.01449275,16560.04,16560.04,16173.8,248500.0,4192046600.0,1933700.0,31906050000.0,2182200.0,36098096600.0,200.0,0.0,0.0,-200.0,3400000.0,0.0,0.0,-3400000.0
18/07/2024,16656.6,17300.0,-50.0,-0.00289017,16704.88,16704.88,16173.8,613900.0,10415539900.0,0.0,0.0,613900.0,10415539900.0,43300.0,0.0,0.0,-43300.0,741730000.0,0.0,0.0,-741730000.0
17/07/2024,16704.88,17800.0,-500.0,-0.02808989,17187.68,17187.68,16028.96,365600.0,6330190000.0,0.0,0.0,365600.0,6330190000.0,7500.0,0.0,0.0,-7500.0,133765000.0,0.0,0.0,-133765000.0
16/07/2024,17187.68,17850.0,-50.0,-0.00280112,17235.96,17380.8,16849.72,194763.0,3443994550.0,1097600.0,18439680000.0,1292363.0,21883674550.0,36300.0,0.0,0.0,-36300.0,645165000.0,0.0,0.0,-645165000.0
15/07/2024,17235.96,17450.0,400.0,0.02292264,16898.0,17380.8,16801.44,458105.0,8119140750.0,0.0,0.0,458105.0,8119140750.0,-22800.0,0.0,0.0,22800.0,-407515000.0,0.0,0.0,407515000.0
12/07/2024,16849.72,17500.0,-50.0,-0.00285714,17042.84,17042.84,16704.88,143601.0,2505422600.0,0.0,0.0,143601.0,2505422600.0,12900.0,0.0,0.0,-12900.0,224525000.0,0.0,0.0,-224525000.0
11/07/2024,16898.0,17350.0,150.0,0.00864553,16898.0,17091.12,16753.16,357565.0,6256717550.0,1055000.0,17407500000.0,1412565.0,23664217550.0,-56600.0,0.0,0.0,56600.0,-992175000.0,0.0,0.0,992175000.0
10/07/2024,16753.16,17500.0,-150.0,-0.00857143,16994.56,16994.56,16704.88,241508.0,4193898950.0,0.0,0.0,241508.0,4193898950.0,-300.0,0.0,0.0,300.0,-5725000.0,0.0,0.0,5725000.0
09/07/2024,16898.0,17150.0,350.0,0.02040816,16753.16,17091.12,16560.04,351536.0,6124051650.0,0.0,0.0,351536.0,6124051650.0,-7900.0,0.0,0.0,7900.0,-136165000.0,0.0,0.0,136165000.0
08/07/2024,16560.04,17100.0,50.0,0.00292398,16898.0,16898.0,16415.2,219402.0,3774139300.0,0.0,0.0,219402.0,3774139300.0,13000.0,-500.0,0.0,-12500.0,223710000.0,-8550000.0,0.0,-215160000.0
05/07/2024,16511.76,17100.0,0.0,0.0,16656.6,16946.28,16511.76,357700.0,6184625000.0,0.0,0.0,357700.0,6184625000.0,-10500.0,0.0,0.0,10500.0,-181425000.0,0.0,0.0,181425000.0
04/07/2024,16511.76,17250.0,-150.0,-0.00869565,16704.88,16704.88,16415.2,317054.0,5431795900.0,0.0,0.0,317054.0,5431795900.0,-12400.0,500.0,0.0,11900.0,-212180000.0,8575000.0,0.0,203605000.0
03/07/2024,16656.6,17200.0,50.0,0.00290698,16560.04,16753.16,16560.04,135525.0,2337185000.0,0.0,0.0,135525.0,2337185000.0,3300.0,0.0,0.0,-3300.0,56835000.0,0.0,0.0,-56835000.0
02/07/2024,16608.32,17000.0,200.0,0.01176471,16608.32,16801.44,16511.76,258105.0,4437621200.0,0.0,0.0,258105.0,4437621200.0,-3600.0,-6800.0,0.0,10400.0,-61820000.0,-116910000.0,0.0,178730000.0
01/07/2024,16415.2,17000.0,0.0,0.0,16511.76,16608.32,16028.96,445526.0,7519319900.0,0.0,0.0,445526.0,7519319900.0,-54800.0,-3800.0,0.0,58600.0,-924005000.0,-64835000.0,0.0,988840000.0
28/06/2024,16415.2,18200.0,-1200.0,-0.06593407,17573.92,17573.92,16366.92,733016.0,12735881350.0,0.0,0.0,733016.0,12735881350.0,-6700.0,-7100.0,0.0,13800.0,-102875000.0,-123540000.0,0.0,226415000.0
27/06/2024,17573.92,18200.0,0.0,0.0,17718.76,17718.76,17332.52,196800.0,3548470000.0,0.0,0.0,196800.0,3548470000.0,9000.0,0.0,0.0,-9000.0,162730000.0,0.0,0.0,-162730000.0
26/06/2024,17574.605576,18750.0,-50.0,-0.00266667,17762.569272,17903.542044,17480.623728,590606.0,11133197800.0,0.0,0.0,590606.0,11133197800.0,-6400.0,0.0,0.0,6400.0,-120450000.0,0.0,0.0,120450000.0
25/06/2024,17621.5965,18600.0,150.0,0.00806452,17480.623728,17715.578348,17433.632804,249475.0,4658409050.0,0.0,0.0,249475.0,4658409050.0,2700.0,0.0,0.0,-2700.0,50885000.0,0.0,0.0,-50885000.0
24/06/2024,17480.623728,18700.0,-100.0,-0.00534759,17574.605576,18796.3696,17292.660032,953554.0,18053543350.0,0.0,0.0,953554.0,18053543350.0,-24400.0,0.0,0.0,24400.0,-460250000.0,0.0,0.0,460250000.0
21/06/2024,17574.605576,18700.0,0.0,0.0,17668.587424,17856.55112,17480.623728,378503.0,7108773200.0,0.0,0.0,378503.0,7108773200.0,28232.0,0.0,0.0,-28232.0,531383400.0,0.0,0.0,-531383400.0
20/06/2024,17574.605576,18650.0,50.0,0.00268097,17574.605576,17950.532968,17292.660032,587285.0,11034625400.0,0.0,0.0,587285.0,11034625400.0,45700.0,0.0,0.0,-45700.0,864945000.0,0.0,0.0,-864945000.0
19/06/2024,17527.614652,18700.0,-50.0,-0.0026738,17574.605576,17668.587424,17386.64188,195448.0,3639033750.0,0.0,0.0,195448.0,3639033750.0,-800.0,0.0,0.0,800.0,-14840000.0,0.0,0.0,14840000.0
18/06/2024,17574.605576,18050.0,650.0,0.03601108,17198.678184,17574.605576,17057.705412,487950.0,9038241900.0,0.0,0.0,487950.0,9038241900.0,-37900.0,0.0,0.0,37900.0,-696730000.0,0.0,0.0,696730000.0
17/06/2024,16963.723564,18400.0,-350.0,-0.01902174,17386.64188,17433.632804,16963.723564,508469.0,9265297500.0,0.0,0.0,508469.0,9265297500.0,-27300.0,-4000.0,0.0,31300.0,-494370000.0,-72800000.0,0.0,567170000.0
14/06/2024,17292.660032,18550.0,-150.0,-0.00808625,17433.632804,17715.578348,17292.660032,771731.0,14374221300.0,0.0,0.0,771731.0,14374221300.0,16600.0,19000.0,0.0,-35600.0,316250000.0,349600000.0,0.0,-665850000.0
13/06/2024,17433.632804,18950.0,-400.0,-0.02110818,17950.532968,17997.523892,17433.632804,600101.0,11229433900.0,0.0,0.0,600101.0,11229433900.0,104100.0,-400.0,0.0,-103700.0,1958660000.0,-7540000.0,0.0,-1951120000.0
12/06/2024,17809.560196,18650.0,300.0,0.01608579,17527.614652,17809.560196,17433.632804,497517.0,9317920500.0,0.0,0.0,497517.0,9317920500.0,80300.0,0.0,0.0,-80300.0,1504515000.0,0.0,0.0,-1504515000.0
11/06/2024,17527.614652,19400.0,-750.0,-0.03865979,18326.46036,18326.46036,17527.614652,832801.0,15802431250.0,0.0,0.0,832801.0,15802431250.0,87200.0,-3700.0,0.0,-83500.0,1663505000.0,-69745000.0,0.0,-1593760000.0
10/06/2024,18232.478512,19850.0,-450.0,-0.02267003,18702.387752,18702.387752,18044.514816,1187697.0,23128017350.0,0.0,0.0,1187697.0,23128017350.0,-70.0,-1930.0,-30.0,2000.0,3037000.0,-38142000.0,-582000.0,35105000.0
07/06/2024,18655.396828,20000.0,-150.0,-0.0075,18984.333296,19125.306068,18279.469436,1013003.0,20068946550.0,0.0,0.0,1013003.0,20068946550.0,40700.0,4800.0,0.0,-45500.0,819130000.0,93210000.0,0.0,-912340000.0
06/06/2024,18796.3696,19200.0,800.0,0.04166667,18138.496664,19172.296992,17856.55112,2103248.0,41455581500.0,0.0,0.0,2103248.0,41455581500.0,-273300.0,-7000.0,0.0,280300.0,-5366780000.0,-138750000.0,0.0,5505530000.0
05/06/2024,18044.514816,19550.0,-350.0,-0.01790281,18373.451284,18702.387752,17950.532968,1066325.0,20695917850.0,0.0,0.0,1066325.0,20695917850.0,38242.0,-2000.0,-42.0,-36242.0,756978350.0,-38600000.0,-803000.0,-718378350.0
04/06/2024,18373.451284,19550.0,0.0,0.0,18420.442208,18843.360524,18373.451284,1682245.0,33228797950.0,0.0,0.0,1682245.0,33228797950.0,101900.0,8200.0,0.0,-110100.0,2021925000.0,163640000.0,0.0,-2185565000.0
03/06/2024,18373.451284,19550.0,0.0,0.0,18467.433132,18655.396828,18091.50574,1805998.0,35238315450.0,0.0,0.0,1805998.0,35238315450.0,214500.0,0.0,0.0,-214500.0,4192605000.0,0.0,0.0,-4192605000.0
31/05/2024,18373.451284,19950.0,-400.0,-0.02005013,18843.360524,18843.360524,17997.523892,1615076.0,31653682550.0,0.0,0.0,1615076.0,31653682550.0,2400.0,-4300.0,0.0,1900.0,59080000.0,-83915000.0,0.0,24835000.0
30/05/2024,18749.378676,19300.0,650.0,0.03367876,18138.496664,18843.360524,17997.523892,2184790.0,42946965100.0,0.0,0.0,2184790.0,42946965100.0,-86000.0,3000.0,0.0,83000.0,-1665840000.0,58200000.0,0.0,1607640000.0
29/05/2024,18138.496664,18050.0,1250.0,0.06925208,17010.714488,18138.496664,17010.714488,4251560.0,80862990650.0,0.0,0.0,4251560.0,80862990650.0,-313500.0,13300.0,0.0,300200.0,-5922625000.0,256115000.0,0.0,5666510000.0
28/05/2024,16963.723564,17650.0,400.0,0.02266289,16634.787096,17151.68726,16446.8234,716078.0,12864105900.0,0.0,0.0,716078.0,12864105900.0,-42300.0,0.0,0.0,42300.0,-760205000.0,0.0,0.0,760205000.0
27/05/2024,16587.796172,17500.0,150.0,0.00857143,16634.787096,16634.787096,16258.859704,302827.0,5278865900.0,0.0,0.0,302827.0,5278865900.0,34100.0,-3400.0,0.0,-30700.0,594820000.0,-59330000.0,0.0,-535490000.0
24/05/2024,16446.8234,18100.0,-600.0,-0.03314917,16869.741716,17433.632804,16352.841552,865791.0,15613841450.0,0.0,0.0,865791.0,15613841450.0,40900.0,-100.0,0.0,-40800.0,740915000.0,-1745000.0,0.0,-739170000.0
23/05/2024,17010.714488,18100.0,0.0,0.0,17104.696336,17104.696336,16728.768944,325969.0,5872043650.0,0.0,0.0,325969.0,5872043650.0,12800.0,0.0,0.0,-12800.0,231080000.0,0.0,0.0,-231080000.0
22/05/2024,17010.714488,18200.0,-100.0,-0.00549451,17339.650956,17480.623728,16728.768944,872050.0,15986571000.0,0.0,0.0,872050.0,15986571000.0,5900.0,3400.0,0.0,-9300.0,129725000.0,61880000.0,0.0,-191605000.0
21/05/2024,17104.696336,18250.0,-50.0,-0.00273973,17151.68726,17198.678184,16728.768944,606576.0,10950481500.0,0.0,0.0,606576.0,10950481500.0,24100.0,0.0,0.0,-24100.0,436990000.0,0.0,0.0,-436990000.0
20/05/2024,17151.68726,17700.0,550.0,0.03107345,16728.768944,17245.669108,16728.768944,757908.0,13748631250.0,0.0,0.0,757908.0,13748631250.0,-48900.0,0.0,0.0,48900.0,-885210000.0,0.0,0.0,885210000.0
17/05/2024,16634.787096,17600.0,100.0,0.00568182,16587.796172,16728.768944,16399.832476,413772.0,7310571800.0,0.0,0.0,413772.0,7310571800.0,4800.0,0.0,0.0,-4800.0,84365000.0,0.0,0.0,-84365000.0
16/05/2024,16540.805248,17400.0,200.0,0.01149425,16446.8234,16775.759868,16446.8234,285753.0,5047996350.0,0.0,0.0,285753.0,5047996350.0,-31200.0,0.0,0.0,31200.0,-550770000.0,0.0,0.0,550770000.0
15/05/2024,16352.841552,17450.0,-50.0,-0.00286533,16399.832476,16540.805248,16164.877856,234443.0,4084398200.0,0.0,0.0,234443.0,4084398200.0,-2200.0,-2000.0,0.0,4200.0,-37945000.0,-34800000.0,0.0,72745000.0
14/05/2024,16399.832476,17600.0,-150.0,-0.00852273,16681.77802,16681.77802,16211.86878,107733.0,1876621600.0,0.0,0.0,107733.0,1876621600.0,-3900.0,0.0,0.0,3900.0,-66730000.0,0.0,0.0,66730000.0
13/05/2024,16540.805248,17450.0,150.0,0.00859599,16446.8234,16822.750792,16352.841552,344021.0,6068182800.0,0.0,0.0,344021.0,6068182800.0,29300.0,0.0,0.0,-29300.0,517540000.0,0.0,0.0,-517540000.0
10/05/2024,16399.832476,16800.0,650.0,0.03869048,16023.905084,16446.8234,15976.91416,489611.0,8455785000.0,0.0,0.0,489611.0,8455785000.0,35300.0,2000.0,0.0,-37300.0,608915000.0,34450000.0,0.0,-643365000.0
09/05/2024,15788.950464,17000.0,-200.0,-0.01176471,15976.91416,16117.886932,15788.950464,104805.0,1775525150.0,0.0,0.0,104805.0,1775525150.0,-1200.0,0.0,0.0,1200.0,-20295000.0,0.0,0.0,20295000.0
08/05/2024,15976.91416,17200.0,-200.0,-0.01162791,15976.91416,16164.877856,15694.968616,104915.0,1777592200.0,0.0,0.0,104915.0,1777592200.0,-6300.0,0.0,0.0,6300.0,-105875000.0,0.0,0.0,105875000.0
07/05/2024,16164.877856,17150.0,50.0,0.00291545,16211.86878,16211.86878,16023.905084,79400.0,1360230000.0,0.0,0.0,79400.0,1360230000.0,0.0,100.0,0.0,-100.0,15000.0,1710000.0,0.0,-1725000.0
06/05/2024,16117.886932,16950.0,200.0,0.01179941,15976.91416,16164.877856,15835.941388,312459.0,5302604900.0,0.0,0.0,312459.0,5302604900.0,-49800.0,0.0,0.0,49800.0,-842670000.0,0.0,0.0,842670000.0
03/05/2024,15929.923236,16900.0,50.0,0.00295858,15882.932312,16117.886932,15788.950464,279604.0,4727238000.0,0.0,0.0,279604.0,4727238000.0,-11200.0,0.0,0.0,11200.0,-188120000.0,0.0,0.0,188120000.0
02/05/2024,15882.932312,16800.0,100.0,0.00595238,15882.932312,16070.896008,15647.977692,291901.0,4917261150.0,0.0,0.0,291901.0,4917261150.0,300.0,0.0,0.0,-300.0,8370000.0,0.0,0.0,-8370000.0
26/04/2024,15788.950464,16700.0,100.0,0.00598802,15600.986768,15882.932312,15460.013996,209703.0,3512628700.0,0.0,0.0,209703.0,3512628700.0,-100.0,0.0,0.0,100.0,-1670000.0,0.0,0.0,1670000.0
25/04/2024,15694.968616,16700.0,0.0,0.0,15788.950464,15788.950464,15366.032148,126204.0,2084521000.0,0.0,0.0,126204.0,2084521000.0,-2000.0,0.0,0.0,2000.0,-32800000.0,0.0,0.0,32800000.0
24/04/2024,15694.968616,16300.0,400.0,0.02453988,15366.032148,15788.950464,15319.041224,361327.0,5976959950.0,0.0,0.0,361327.0,5976959950.0,-44000.0,0.0,0.0,44000.0,-729685000.0,0.0,0.0,729685000.0
23/04/2024,15319.041224,16300.0,0.0,0.0,15366.032148,15413.023072,15131.077528,148810.0,2418426500.0,0.0,0.0,148810.0,2418426500.0,0.0,0.0,0.0,0.0,0.0,0.0,0.0,0.0
22/04/2024,15319.041224,16000.0,300.0,0.01875,15084.086604,15319.041224,14896.122908,348140.0,5570942400.0,0.0,0.0,348140.0,5570942400.0,16300.0,0.0,0.0,-16300.0,261545000.0,0.0,0.0,-261545000.0
19/04/2024,15037.09568,16400.0,-400.0,-0.02439024,15413.023072,15413.023072,14849.131984,335590.0,5376372950.0,0.0,0.0,335590.0,5376372950.0,19800.0,0.0,0.0,-19800.0,320125000.0,0.0,0.0,-320125000.0
17/04/2024,15413.023072,16350.0,50.0,0.0030581,15413.023072,15553.995844,15319.041224,301998.0,4948338100.0,0.0,0.0,301998.0,4948338100.0,4700.0,0.0,0.0,-4700.0,77565000.0,0.0,0.0,-77565000.0
16/04/2024,15366.032148,17000.0,-650.0,-0.03823529,16211.86878,16211.86878,15131.077528,697275.0,11485735450.0,0.0,0.0,697275.0,11485735450.0,122300.0,0.0,0.0,-122300.0,2022080000.0,0.0,0.0,-2022080000.0
15/04/2024,15976.91416,18050.0,-1050.0,-0.0582,16963.723564,17010.714488,15976.91416,830684.0,14616052000.0,0.0,0.0,830684.0,14616052000.0,4600.0,-100.0,0.0,-4500.0,83590000.0,-1765000.0,0.0,-81825000.0
12/04/2024,16963.723564,18300.0,-250.0,-0.0136612,17245.669108,17386.64188,16775.759868,959204.0,17292018550.0,0.0,0.0,959204.0,17292018550.0,2500.0,0.0,0.0,-2500.0,45875000.0,0.0,0.0,-45875000.0
11/04/2024,17198.678184,17200.0,1100.0,0.06395349,16070.896008,17292.660032,15694.968616,1654038.0,28647867400.0,0.0,0.0,1654038.0,28647867400.0,-164800.0,0.0,0.0,164800.0,-2875325000.0,0.0,0.0,2875325000.0
10/04/2024,16164.877856,17250.0,-50.0,-0.00289855,16258.859704,16305.850628,16023.905084,494800.0,8499615000.0,0.0,0.0,494800.0,8499615000.0,21000.0,-30000.0,0.0,9000.0,361690000.0,-516000000.0,0.0,154310000.0
09/04/2024,16211.86878,17000.0,250.0,0.01470588,15976.91416,16352.841552,15976.91416,479564.0,8222976600.0,0.0,0.0,479564.0,8222976600.0,18600.0,-21100.0,0.0,2500.0,317365000.0,-360365000.0,0.0,43000000.0
08/04/2024,15976.91416,17300.0,-300.0,-0.01734104,16446.8234,16446.8234,15976.91416,400740.0,6893257900.0,0.0,0.0,400740.0,6893257900.0,29900.0,-30000.0,0.0,100.0,509780000.0,-511500000.0,0.0,1720000.0
05/04/2024,16258.859704,17800.0,-500.0,-0.02808989,16634.787096,16634.787096,16258.859704,346710.0,6073601000.0,0.0,0.0,346710.0,6073601000.0,4000.0,0.0,0.0,-4000.0,70060000.0,0.0,0.0,-70060000.0
04/04/2024,16728.768944,17950.0,-150.0,-0.00835655,16822.750792,16869.741716,16634.787096,287712.0,5119435000.0,4000000.0,68000000000.0,4287712.0,73119435000.0,700.0,-100.0,0.0,-600.0,12520000.0,-1780000.0,0.0,-10740000.0
03/04/2024,16869.741716,18000.0,-50.0,-0.00277778,16916.73264,17292.660032,16728.768944,524887.0,9509534250.0,0.0,0.0,524887.0,9509534250.0,-79800.0,81000.0,0.0,-1200.0,-1450885000.0,1472485000.0,0.0,-21600000.0
02/04/2024,16916.73264,18050.0,-50.0,-0.00277008,16916.73264,16916.73264,16634.787096,326227.0,5809483700.0,0.0,0.0,326227.0,5809483700.0,-6600.0,1600.0,0.0,5000.0,-117480000.0,28480000.0,0.0,89000000.0
01/04/2024,16963.723564,18050.0,0.0,0.0,16963.723564,17057.705412,16775.759868,378462.0,6783227500.0,0.0,0.0,378462.0,6783227500.0,-1700.0,0.0,0.0,1700.0,-30345000.0,0.0,0.0,30345000.0
29/03/2024,16963.723564,18050.0,0.0,0.0,16963.723564,17104.696336,16963.723564,268603.0,4860629600.0,0.0,0.0,268603.0,4860629600.0,-1000.0,0.0,0.0,1000.0,-18100000.0,0.0,0.0,18100000.0
28/03/2024,16963.723564,18050.0,0.0,0.0,17104.696336,17151.68726,16916.73264,214865.0,3894006750.0,0.0,0.0,214865.0,3894006750.0,1500.0,0.0,0.0,-1500.0,27225000.0,0.0,0.0,-27225000.0
27/03/2024,16963.723564,17950.0,100.0,0.00557103,16916.73264,17198.678184,16775.759868,277501.0,5024520050.0,0.0,0.0,277501.0,5024520050.0,12000.0,0.0,0.0,-12000.0,218775000.0,0.0,0.0,-218775000.0
26/03/2024,16869.741716,17900.0,50.0,0.0027933,16916.73264,16916.73264,16540.805248,265290.0,4741481000.0,0.0,0.0,265290.0,4741481000.0,53000.0,0.0,0.0,-53000.0,948775000.0,0.0,0.0,-948775000.0
25/03/2024,16822.750792,18200.0,-300.0,-0.01648352,17198.678184,17198.678184,16822.750792,401459.0,7237933900.0,0.0,0.0,401459.0,7237933900.0,-3100.0,0.0,0.0,3100.0,-56000000.0,0.0,0.0,56000000.0
22/03/2024,17104.696336,18400.0,-200.0,-0.01086957,17386.64188,17527.614652,16963.723564,1314712.0,24086990800.0,0.0,0.0,1314712.0,24086990800.0,-11900.0,1500.0,0.0,10400.0,-215710000.0,27750000.0,0.0,187960000.0
21/03/2024,17292.660032,18200.0,200.0,0.01098901,17151.68726,17386.64188,17010.714488,1371891.0,25034310950.0,0.0,0.0,1371891.0,25034310950.0,-39100.0,0.0,0.0,39100.0,-708035000.0,0.0,0.0,708035000.0
20/03/2024,17104.696336,18000.0,200.0,0.01111111,16963.723564,17151.68726,16681.77802,1091844.0,19668319200.0,0.0,0.0,1091844.0,19668319200.0,31000.0,200.0,0.0,-31200.0,562370000.0,3595000.0,0.0,-565965000.0
19/03/2024,16916.73264,18600.0,-600.0,-0.03225806,17480.623728,17480.623728,16540.805248,2031405.0,36681756000.0,0.0,0.0,2031405.0,36681756000.0,417800.0,-46300.0,0.0,-371500.0,7562290000.0,-835570000.0,0.0,-6726720000.0
18/03/2024,17480.623728,19100.0,-500.0,-0.02617801,17950.532968,18091.50574,17010.714488,1296571.0,24071297500.0,0.0,0.0,1296571.0,24071297500.0,4200.0,0.0,0.0,-4200.0,82860000.0,0.0,0.0,-82860000.0
15/03/2024,17950.532968,19250.0,-150.0,-0.00779221,18138.496664,18514.424056,17574.605576,1916610.0,36691275500.0,0.0,0.0,1916610.0,36691275500.0,-21500.0,0.0,0.0,21500.0,-418335000.0,0.0,0.0,418335000.0
14/03/2024,18091.50574,18750.0,500.0,0.02666667,17668.587424,18279.469436,17621.5965,2367210.0,45195036850.0,0.0,0.0,2367210.0,45195036850.0,-399500.0,26500.0,0.0,373000.0,-7638880000.0,508510000.0,0.0,7130370000.0
13/03/2024,17621.5965,18750.0,0.0,0.0,17527.614652,17668.587424,17245.669108,1139227.0,21194341050.0,0.0,0.0,1139227.0,21194341050.0,1900.0,0.0,0.0,-1900.0,36780000.0,0.0,0.0,-36780000.0
12/03/2024,17621.5965,18650.0,100.0,0.00536193,17527.614652,17715.578348,17245.669108,1181017.0,21956966200.0,0.0,0.0,1181017.0,21956966200.0,20600.0,-10400.0,0.0,-10200.0,384800000.0,-194800000.0,0.0,-190000000.0
11/03/2024,17527.614652,18800.0,-150.0,-0.00797872,17715.578348,17903.542044,17010.714488,1950390.0,36145262200.0,0.0,0.0,1950390.0,36145262200.0,142000.0,8300.0,0.0,-150300.0,2655645000.0,155200000.0,0.0,-2810845000.0
08/03/2024,17668.587424,19800.0,-1000.0,-0.05050505,18702.387752,18702.387752,17668.587424,1996523.0,38135713250.0,0.0,0.0,1996523.0,38135713250.0,324900.0,500.0,0.0,-325400.0,6206935000.0,9605000.0,0.0,-6216540000.0
07/03/2024,18608.405904,19950.0,-150.0,-0.0075188,18749.378676,18796.3696,18138.496664,1979872.0,38805846200.0,0.0,0.0,1979872.0,38805846200.0,45400.0,1500.0,0.0,-46900.0,891650000.0,29290000.0,0.0,-920940000.0
06/03/2024,18749.378676,20000.0,-50.0,-0.0025,18796.3696,19031.32422,18467.433132,1411791.0,28250171750.0,0.0,0.0,1411791.0,28250171750.0,-111200.0,-200.0,0.0,111400.0,-2227410000.0,-4020000.0,0.0,2231430000.0
05/03/2024,18796.3696,19050.0,950.0,0.04986877,17950.532968,18796.3696,17950.532968,1946873.0,38031416200.0,0.0,0.0,1946873.0,38031416200.0,-268100.0,-9900.0,0.0,278000.0,-5257250000.0,-194970000.0,0.0,5452220000.0
04/03/2024,17903.542044,19250.0,-200.0,-0.01038961,18091.50574,18326.46036,17762.569272,847962.0,16253564800.0,0.0,0.0,847962.0,16253564800.0,176900.0,-56100.0,0.0,-120800.0,3382150000.0,-1081970000.0,0.0,-2300180000.0
01/03/2024,18091.50574,19350.0,-100.0,-0.00516796,18232.478512,18326.46036,17856.55112,720335.0,13852211200.0,0.0,0.0,720335.0,13852211200.0,49300.0,-40000.0,0.0,-9300.0,943580000.0,-763365000.0,0.0,-180215000.0
29/02/2024,18185.487588,19500.0,-150.0,-0.00769231,18373.451284,18514.424056,17856.55112,538161.0,10376297350.0,0.0,0.0,538161.0,10376297350.0,-9600.0,0.0,0.0,9600.0,-184900000.0,0.0,0.0,184900000.0
28/02/2024,18326.46036,18800.0,700.0,0.03723404,17762.569272,18514.424056,17762.569272,1485876.0,28825883200.0,0.0,0.0,1485876.0,28825883200.0,-377500.0,106000.0,0.0,271500.0,-7348810000.0,2074150000.0,0.0,5274660000.0
27/02/2024,17668.587424,19100.0,-300.0,-0.01570681,17950.532968,17950.532968,17433.632804,889783.0,16703397200.0,0.0,0.0,889783.0,16703397200.0,119100.0,100.0,0.0,-119200.0,2233510000.0,1870000.0,0.0,-2235380000.0
26/02/2024,17950.532968,18600.0,500.0,0.02688172,17527.614652,18138.496664,17527.614652,607104.0,11435086000.0,0.0,0.0,607104.0,11435086000.0,3300.0,0.0,0.0,-3300.0,59755000.0,0.0,0.0,-59755000.0
23/02/2024,17480.623728,19350.0,-750.0,-0.03875969,18326.46036,18326.46036,17480.623728,641614.0,12222532650.0,0.0,0.0,641614.0,12222532650.0,27000.0,0.0,0.0,-27000.0,517235000.0,10000.0,0.0,-517245000.0
22/02/2024,18185.487588,19000.0,350.0,0.01842105,17903.542044,18326.46036,17903.542044,952408.0,18386053750.0,0.0,0.0,952408.0,18386053750.0,-147200.0,19900.0,0.0,127300.0,-2840615000.0,383070000.0,0.0,2457545000.0
21/02/2024,17856.55112,19100.0,-100.0,-0.0052356,17950.532968,18091.50574,17621.5965,409600.0,7813530000.0,0.0,0.0,409600.0,7813530000.0,-6200.0,0.0,0.0,6200.0,-118605000.0,0.0,0.0,118605000.0
20/02/2024,17950.532968,18750.0,350.0,0.01866667,17668.587424,18232.478512,17668.587424,532135.0,10138666750.0,0.0,0.0,532135.0,10138666750.0,4200.0,0.0,0.0,-4200.0,78900000.0,0.0,0.0,-78900000.0
19/02/2024,17621.5965,18700.0,50.0,0.0026738,17574.605576,17762.569272,17527.614652,488206.0,9155936900.0,0.0,0.0,488206.0,9155936900.0,-42700.0,0.0,0.0,42700.0,-802485000.0,0.0,0.0,802485000.0
16/02/2024,17574.605576,18700.0,0.0,0.0,17621.5965,17621.5965,17386.64188,232400.0,4323545000.0,0.0,0.0,232400.0,4323545000.0,0.0,0.0,0.0,0.0,0.0,0.0,0.0,0.0
15/02/2024,17574.605576,18600.0,100.0,0.00537634,17527.614652,17621.5965,17480.623728,179778.0,3359691100.0,0.0,0.0,179778.0,3359691100.0,-11400.0,0.0,0.0,11400.0,-213135000.0,0.0,0.0,213135000.0
07/02/2024,17480.623728,18550.0,50.0,0.00269542,17527.614652,17527.614652,17245.669108,191406.0,3539839100.0,0.0,0.0,191406.0,3539839100.0,0.0,0.0,0.0,0.0,0.0,0.0,0.0,0.0
06/02/2024,17433.632804,18550.0,0.0,0.0,17527.614652,17621.5965,17292.660032,254905.0,4730008250.0,0.0,0.0,254905.0,4730008250.0,0.0,0.0,0.0,0.0,0.0,0.0,0.0,0.0
05/02/2024,17433.632804,18550.0,0.0,0.0,17433.632804,17621.5965,17198.678184,433216.0,8011454400.0,0.0,0.0,433216.0,8011454400.0,1100.0,0.0,0.0,-1100.0,20570000.0,0.0,0.0,-20570000.0
02/02/2024,17433.632804,18700.0,-150.0,-0.00802139,17668.587424,17856.55112,17245.669108,473900.0,8809755000.0,0.0,0.0,473900.0,8809755000.0,12900.0,0.0,0.0,-12900.0,242250000.0,0.0,0.0,-242250000.0
01/02/2024,17574.605576,18500.0,200.0,0.01081081,17480.623728,17950.532968,17386.64188,762607.0,14321866500.0,0.0,0.0,762607.0,14321866500.0,64900.0,-100.0,0.0,-64800.0,1213245000.0,-1880000.0,0.0,-1211365000.0
31/01/2024,17386.64188,18900.0,-400.0,-0.02116402,17809.560196,17950.532968,17104.696336,680737.0,12663620750.0,0.0,0.0,680737.0,12663620750.0,-600.0,0.0,0.0,600.0,-11100000.0,0.0,0.0,11100000.0
30/01/2024,17762.569272,19350.0,-450.0,-0.0233,18232.478512,18373.451284,17574.605576,844820.0,16105385000.0,0.0,0.0,844820.0,16105385000.0,6400.0,100.0,0.0,-6500.0,134490000.0,1890000.0,0.0,-136380000.0
29/01/2024,18185.487588,19650.0,-300.0,-0.01526718,18561.41498,18749.378676,18185.487588,755858.0,14886609650.0,0.0,0.0,755858.0,14886609650.0,4700.0,-5000.0,0.0,300.0,91090000.0,-97000000.0,0.0,5910000.0
26/01/2024,18467.433132,19700.0,-50.0,-0.00253807,18608.405904,18796.3696,18138.496664,680940.0,13343596000.0,0.0,0.0,680940.0,13343596000.0,8600.0,-5000.0,0.0,-3600.0,168365000.0,-98250000.0,0.0,-70115000.0
25/01/2024,18514.424056,19200.0,500.0,0.02604167,18091.50574,18702.387752,18044.514816,1444549.0,28305525950.0,0.0,0.0,1444549.0,28305525950.0,94200.0,0.0,0.0,-94200.0,1840535000.0,250000.0,0.0,-1840785000.0
24/01/2024,18044.514816,19200.0,0.0,0.0,18044.514816,18326.46036,17762.569272,624904.0,11965871200.0,0.0,0.0,624904.0,11965871200.0,1700.0,5000.0,0.0,-6700.0,34400000.0,94500000.0,0.0,-128900000.0
23/01/2024,18044.514816,19200.0,0.0,0.0,18091.50574,18185.487588,17668.587424,418301.0,7957873900.0,0.0,0.0,418301.0,7957873900.0,-3700.0,0.0,0.0,3700.0,-70370000.0,0.0,0.0,70370000.0
22/01/2024,18044.514816,18700.0,500.0,0.02673797,17574.605576,18138.496664,17574.605576,927825.0,17639621400.0,0.0,0.0,927825.0,17639621400.0,-27100.0,0.0,0.0,27100.0,-508725001.0,0.0,0.0,508725000.0
19/01/2024,17574.605576,18700.0,0.0,0.0,17715.578348,17762.569272,17480.623728,229722.0,4312600300.0,0.0,0.0,229722.0,4312600300.0,13100.0,0.0,0.0,-13100.0,245400000.0,0.0,0.0,-245400000.0
18/01/2024,17574.605576,18650.0,50.0,0.00268097,17527.614652,17715.578348,17433.632804,399500.0,7464595000.0,0.0,0.0,399500.0,7464595000.0,0.0,0.0,0.0,0.0,0.0,0.0,0.0,0.0
17/01/2024,17527.614652,18800.0,-150.0,-0.00797872,17668.587424,17762.569272,17433.632804,292134.0,5463904650.0,0.0,0.0,292134.0,5463904650.0,0.0,0.0,0.0,0.0,0.0,0.0,0.0,0.0
16/01/2024,17668.587424,18750.0,50.0,0.00266667,17480.623728,17762.569272,17198.678184,593712.0,11036125800.0,0.0,0.0,593712.0,11036125800.0,0.0,100.0,0.0,-100.0,20000.0,1865000.0,0.0,-1885000.0
15/01/2024,17621.5965,19000.0,-250.0,-0.01315789,17903.542044,17997.523892,17386.64188,600911.0,11293443100.0,0.0,0.0,600911.0,11293443100.0,11800.0,0.0,0.0,-11800.0,222085000.0,0.0,0.0,-222085000.0
12/01/2024,17856.55112,19200.0,-200.0,-0.01041667,18091.50574,18091.50574,17433.632804,902848.0,17031727400.0,0.0,0.0,902848.0,17031727400.0,3600.0,0.0,0.0,-3600.0,68460000.0,0.0,0.0,-68460000.0
11/01/2024,18044.514816,19100.0,100.0,0.0052356,17997.523892,18279.469436,17950.532968,608192.0,11700435550.0,0.0,0.0,608192.0,11700435550.0,0.0,0.0,0.0,0.0,0.0,0.0,0.0,0.0
10/01/2024,17950.532968,18450.0,650.0,0.03523035,17339.650956,18138.496664,17339.650956,1205582.0,22856794450.0,0.0,0.0,1205582.0,22856794450.0,-7500.0,0.0,0.0,7500.0,-144745000.0,0.0,0.0,144745000.0
09/01/2024,17339.650956,18500.0,-50.0,-0.0027027,17386.64188,17386.64188,17151.68726,257187.0,4724847300.0,0.0,0.0,257187.0,4724847300.0,-6300.0,0.0,0.0,6300.0,-115795000.0,0.0,0.0,115795000.0
08/01/2024,17386.64188,18500.0,0.0,0.0,17433.632804,17527.614652,17104.696336,499720.0,9189291000.0,0.0,0.0,499720.0,9189291000.0,-500.0,0.0,0.0,500.0,-9225000.0,0.0,0.0,9225000.0
05/01/2024,17386.64188,18550.0,-50.0,-0.00269542,17433.632804,17574.605576,17151.68726,377504.0,6968067400.0,0.0,0.0,377504.0,6968067400.0,700.0,0.0,0.0,-700.0,12865000.0,0.0,0.0,-12865000.0
04/01/2024,17433.632804,18650.0,-100.0,-0.00536193,17527.614652,17668.587424,17292.660032,490304.0,9112984350.0,0.0,0.0,490304.0,9112984350.0,2300.0,-300.0,0.0,-2000.0,42575000.0,-5550000.0,0.0,-37025000.0
03/01/2024,17527.614652,18150.0,500.0,0.02754821,17057.705412,17527.614652,16963.723564,752705.0,13848016900.0,0.0,0.0,752705.0,13848016900.0,200.0,-200.0,0.0,0.0,3720000.0,-3720000.0,0.0,0.0
02/01/2024,17057.705412,18400.0,-250.0,-0.01358696,17386.64188,17386.64188,16963.723564,706300.0,12887389500.0,0.0,0.0,706300.0,12887389500.0,-73500.0,0.0,0.0,73500.0,-1341870000.0,0.0,0.0,1341870000.0
29/12/2023,17292.660032,18400.0,0.0,0.0,17292.660032,17433.632804,17010.714488,723796.0,13257994800.0,0.0,0.0,723796.0,13257994800.0,2600.0,0.0,0.0,-2600.0,48070000.0,0.0,0.0,-48070000.0
28/12/2023,17292.660032,18550.0,-150.0,-0.00808625,17527.614652,17527.614652,17151.68726,661754.0,12211165400.0,0.0,0.0,661754.0,12211165400.0,-2600.0,200.0,0.0,2400.0,-47730000.0,3690000.0,0.0,44040000.0
27/12/2023,17433.632804,18600.0,-50.0,-0.00268817,17527.614652,17715.578348,17245.669108,890702.0,16528231950.0,0.0,0.0,890702.0,16528231950.0,109200.0,-109200.0,0.0,0.0,2044850000.0,-2044850000.0,0.0,0.0
26/12/2023,17480.623728,18500.0,100.0,0.00540541,17433.632804,17809.560196,17386.64188,1080696.0,20137936400.0,0.0,0.0,1080696.0,20137936400.0,908900.0,-908900.0,0.0,0.0,16934015001.0,-16934015000.0,0.0,0.0
25/12/2023,17386.64188,18500.0,0.0,0.0,17386.64188,17621.5965,17198.678184,1345204.0,24833895200.0,0.0,0.0,1345204.0,24833895200.0,1047900.0,-1047900.0,0.0,0.0,19336000001.0,-19336000000.0,0.0,0.0
22/12/2023,17386.64188,18950.0,-450.0,-0.0237467,17809.560196,17903.542044,17245.669108,1085307.0,20280937550.0,0.0,0.0,1085307.0,20280937550.0,707300.0,-707300.0,0.0,0.0,13253845000.0,-13253845000.0,0.0,0.0
21/12/2023,17809.560196,19150.0,-200.0,-0.01044386,17997.523892,17997.523892,17527.614652,759706.0,14288708100.0,0.0,0.0,759706.0,14288708100.0,-19600.0,24200.0,0.0,-4600.0,-373330000.0,459610000.0,0.0,-86280000.0
20/12/2023,17997.523892,19000.0,150.0,0.00789474,17856.55112,18138.496664,17668.587424,922818.0,17514627900.0,0.0,0.0,922818.0,17514627900.0,782.0,118.0,0.0,-900.0,14822100.0,2187899.0,0.0,-17010000.0
19/12/2023,17856.55112,18700.0,300.0,0.01604278,17668.587424,17856.55112,17198.678184,806007.0,15004885200.0,0.0,0.0,806007.0,15004885200.0,-24700.0,22600.0,0.0,2100.0,-463165000.0,424730000.0,0.0,38435000.0
18/12/2023,17574.605576,19000.0,-300.0,-0.01578947,17950.532968,18138.496664,17339.650956,756839.0,14237674300.0,1200000.0,24360000000.0,1956839.0,38597674300.0,4900.0,0.0,0.0,-4900.0,93750000.0,0.0,0.0,-93750000.0
15/12/2023,17856.55112,18700.0,300.0,0.01604278,17668.587424,18232.478512,17621.5965,916810.0,17441876000.0,0.0,0.0,916810.0,17441876000.0,100.0,100.0,0.0,-200.0,1890000.0,1900000.0,0.0,-3790000.0
14/12/2023,17574.605576,18550.0,150.0,0.00808625,17762.569272,17856.55112,17245.669108,945751.0,17681664800.0,0.0,0.0,945751.0,17681664800.0,22000.0,-18000.0,0.0,-4000.0,406595000.0,-331995000.0,0.0,-74600000.0
13/12/2023,17433.632804,19900.0,-1350.0,-0.0678392,18796.3696,18843.360524,17433.632804,1265800.0,24521070000.0,0.0,0.0,1265800.0,24521070000.0,-628700.0,633700.0,0.0,-5000.0,-12278400000.0,12378670000.0,0.0,-100270000.0
12/12/2023,18702.387752,19800.0,100.0,0.00505051,18702.387752,18890.351448,18373.451284,870711.0,17200046450.0,0.0,0.0,870711.0,17200046450.0,-300.0,0.0,0.0,300.0,-5940000.0,0.0,0.0,5940000.0
11/12/2023,18608.405904,20500.0,-700.0,-0.03414634,19313.269764,19313.269764,18232.478512,1064942.0,21125515800.0,0.0,0.0,1064942.0,21125515800.0,305800.0,-309800.0,0.0,4000.0,6018350000.0,-6097150000.0,0.0,78800000.0
08/12/2023,19266.27884,21300.0,-800.0,-0.03755869,20018.133624,20065.124548,18655.396828,1896891.0,38748650950.0,0.0,0.0,1896891.0,38748650950.0,18900.0,0.0,0.0,-18900.0,387735000.0,0.0,0.0,-387735000.0
07/12/2023,20018.133624,21950.0,-650.0,-0.02961276,20676.00656,20910.96118,19219.287916,1661593.0,35026294800.0,0.0,0.0,1661593.0,35026294800.0,669000.0,-597500.0,0.0,-71500.0,13905760001.0,-12414795000.0,0.0,-1490965000.0
06/12/2023,20629.015636,21000.0,950.0,0.0452381,19736.18808,20629.015636,19736.18808,1542158.0,33271699750.0,0.0,0.0,1542158.0,33271699750.0,26000.0,-25000.0,0.0,-1000.0,565350000.0,-543750000.0,0.0,-21600000.0
05/12/2023,19736.18808,21200.0,-200.0,-0.00943396,19971.1427,20159.106396,19454.242536,1352783.0,28483551500.0,0.0,0.0,1352783.0,28483551500.0,0.0,0.0,0.0,0.0,0.0,0.0,0.0,0.0
04/12/2023,19924.151776,20100.0,1100.0,0.05472637,18890.351448,19971.1427,18796.3696,2200199.0,45374999250.0,0.0,0.0,2200199.0,45374999250.0,-39100.0,25100.0,0.0,14000.0,-794165000.0,509570000.0,0.0,284595000.0
01/12/2023,18890.351448,20000.0,100.0,0.005,18749.378676,19031.32422,18373.451284,895524.0,17786535300.0,0.0,0.0,895524.0,17786535300.0,38400.0,-100.0,0.0,-38300.0,760270000.0,-1970000.0,0.0,-758300000.0
30/11/2023,18796.3696,19400.0,600.0,0.03092784,18279.469436,19078.315144,18091.50574,1310527.0,25900227300.0,0.0,0.0,1310527.0,25900227300.0,-200.0,0.0,0.0,200.0,-3990000.0,0.0,0.0,3990000.0
29/11/2023,18232.478512,20050.0,-650.0,-0.03241895,18890.351448,19078.315144,17856.55112,1251513.0,24553427750.0,0.0,0.0,1251513.0,24553427750.0,47300.0,0.0,0.0,-47300.0,943755000.0,0.0,0.0,-943755000.0
28/11/2023,18843.360524,20050.0,0.0,0.0,18702.387752,18937.342372,17903.542044,967130.0,18935257950.0,0.0,0.0,967130.0,18935257950.0,58300.0,0.0,0.0,-58300.0,1126965000.0,0.0,0.0,-1126965000.0
27/11/2023,18843.360524,20350.0,-300.0,-0.01474201,19172.296992,19595.215308,18326.46036,1224318.0,24631300850.0,0.0,0.0,1224318.0,24631300850.0,50100.0,0.0,0.0,-50100.0,1018495000.0,0.0,0.0,-1018495000.0
24/11/2023,19125.306068,19800.0,550.0,0.02777778,18655.396828,19266.27884,18044.514816,1333433.0,26271625000.0,0.0,0.0,1333433.0,26271625000.0,1700.0,-36000.0,0.0,34300.0,31850000.0,-699630000.0,0.0,667780000.0
23/11/2023,18608.405904,21250.0,-1450.0,-0.06823529,20065.124548,20300.079168,18608.405904,1466037.0,30197771150.0,0.0,0.0,1466037.0,30197771150.0,109600.0,-100.0,0.0,-109500.0,2270590000.0,-2115000.0,0.0,-2268475000.0
22/11/2023,19971.1427,20700.0,550.0,0.02657005,19642.206232,20347.070092,19313.269764,1113740.0,23459583700.0,0.0,0.0,1113740.0,23459583700.0,42600.0,21200.0,0.0,-63800.0,879305000.0,452940000.0,0.0,-1332245000.0
21/11/2023,19454.242536,20150.0,550.0,0.02729529,18843.360524,19454.242536,18232.478512,2140779.0,42819439500.0,0.0,0.0,2140779.0,42819439500.0,35100.0,-66500.0,0.0,31400.0,707200000.0,-1325965000.0,0.0,618765000.0
20/11/2023,18937.342372,21650.0,-1500.0,-0.06928406,19830.169928,20253.088244,18937.342372,1273852.0,26619043300.0,0.0,0.0,1273852.0,26619043300.0,50000.0,-55100.0,0.0,5100.0,1018680000.0,-1122940000.0,0.0,104260000.0
17/11/2023,20347.070092,22500.0,-850.0,-0.03777778,21145.9158,21897.770584,20159.106396,1871865.0,42191975150.0,0.0,0.0,1871865.0,42191975150.0,37900.0,-30100.0,0.0,-7800.0,821730000.0,-648935000.0,0.0,-172795000.0
16/11/2023,21145.9158,22350.0,150.0,0.00671141,21098.924876,21333.879496,20957.952104,1164512.0,26125781450.0,0.0,0.0,1164512.0,26125781450.0,443000.0,-442900.0,0.0,-100.0,9927690000.0,-9925730000.0,0.0,-1960000.0
15/11/2023,21004.943028,20900.0,1450.0,0.06937799,19736.18808,21004.943028,19736.18808,2068203.0,45421563150.0,3000000.0,60000000000.0,5068203.0,105421563150.0,1320000.0,-1397300.0,0.0,77300.0,28851725001.0,-30584440000.0,0.0,1732715000.0
14/11/2023,19642.206232,21000.0,-100.0,-0.0047619,19736.18808,20206.09732,19078.315144,1232363.0,25612683850.0,0.0,0.0,1232363.0,25612683850.0,23800.0,0.0,0.0,-23800.0,492335000.0,0.0,0.0,-492335000.0
13/11/2023,19736.18808,21800.0,-800.0,-0.03669725,20394.061016,20488.042864,19125.306068,956079.0,20128468450.0,0.0,0.0,956079.0,20128468450.0,53000.0,0.0,0.0,-53000.0,1114260000.0,0.0,0.0,-1114260000.0
10/11/2023,20488.042864,22050.0,-250.0,-0.01133787,20676.00656,21051.933952,20206.09732,1379692.0,30038245850.0,0.0,0.0,1379692.0,30038245850.0,14900.0,-6100.0,0.0,-8800.0,325150000.0,-133815000.0,0.0,-191335000.0
09/11/2023,20722.997484,22400.0,-350.0,-0.015625,21145.9158,21615.82504,20394.061016,1464647.0,32532714250.0,0.0,0.0,1464647.0,32532714250.0,16400.0,-5200.0,0.0,-11200.0,371335000.0,-113940000.0,0.0,-257395000.0
08/11/2023,21051.933952,20950.0,1450.0,0.06921241,19360.260688,21051.933952,19360.260688,1921958.0,41621084900.0,0.0,0.0,1921958.0,41621084900.0,-175400.0,-10000.0,0.0,185400.0,-3833160000.0,-217500000.0,0.0,4050660000.0
07/11/2023,19689.197156,21050.0,-100.0,-0.00475059,19830.169928,20206.09732,19266.27884,1220400.0,25663530850.0,0.0,0.0,1220400.0,25663530850.0,2400.0,10000.0,0.0,-12400.0,54810000.0,212750000.0,0.0,-267560000.0
06/11/2023,19783.179004,19700.0,1350.0,0.06852792,18655.396828,19783.179004,18655.396828,1829719.0,37733618500.0,0.0,0.0,1829719.0,37733618500.0,-180100.0,10000.0,0.0,170100.0,-3733980000.0,209250000.0,0.0,3524730000.0
03/11/2023,18514.424056,19250.0,450.0,0.02337662,18185.487588,18514.424056,17856.55112,932798.0,18044610300.0,0.0,0.0,932798.0,18044610300.0,-59500.0,8100.0,0.0,51400.0,-1156015000.0,157995000.0,0.0,998020000.0
02/11/2023,18091.50574,18000.0,1250.0,0.06944444,17010.714488,18091.50574,16963.723564,1118422.0,20943165400.0,0.0,0.0,1118422.0,20943165400.0,-21700.0,0.0,0.0,21700.0,-405955000.0,0.0,0.0,405955000.0
01/11/2023,16916.73264,17000.0,1000.0,0.05882353,15976.91416,16916.73264,15976.91416,808700.0,14064080000.0,0.0,0.0,808700.0,14064080000.0,-70100.0,0.0,0.0,70100.0,-1213750000.0,0.0,0.0,1213750000.0
31/10/2023,15976.91416,18200.0,-1200.0,-0.06593407,16916.73264,17621.5965,15976.91416,986947.0,17740242200.0,0.0,0.0,986947.0,17740242200.0,-7500.0,-100.0,0.0,7600.0,-132720000.0,-1810000.0,0.0,134530000.0
30/10/2023,17104.696336,19000.0,-800.0,-0.04210526,17762.569272,17950.532968,17104.696336,704950.0,13084576950.0,0.0,0.0,704950.0,13084576950.0,5000.0,-5000.0,0.0,0.0,94380000.0,-94380000.0,0.0,0.0
27/10/2023,17856.55112,18550.0,450.0,0.02425876,17245.669108,17856.55112,16963.723564,1032507.0,19078292750.0,0.0,0.0,1032507.0,19078292750.0,200.0,-200.0,0.0,0.0,3690000.0,-3690000.0,0.0,0.0
26/10/2023,17433.632804,19500.0,-950.0,-0.04871795,17856.55112,18044.514816,17057.705412,741222.0,13736045350.0,0.0,0.0,741222.0,13736045350.0,4800.0,-4900.0,0.0,100.0,88920000.0,-90895000.0,0.0,1975000.0
25/10/2023,18326.46036,20200.0,-700.0,-0.03465347,18984.333296,18984.333296,17856.55112,741137.0,14407500200.0,0.0,0.0,741137.0,14407500200.0,42200.0,5200.0,0.0,-47400.0,821260000.0,101240000.0,0.0,-922500000.0
24/10/2023,18984.333296,19300.0,900.0,0.04663212,18138.496664,18984.333296,16963.723564,2320950.0,44658722000.0,0.0,0.0,2320950.0,44658722000.0,21400.0,-8900.0,0.0,-12500.0,407040000.0,-168590000.0,0.0,-238450000.0
23/10/2023,18138.496664,19500.0,-200.0,-0.01025641,18420.442208,18655.396828,17950.532968,680003.0,13234968800.0,0.0,0.0,680003.0,13234968800.0,49200.0,-500.0,0.0,-48700.0,954295000.0,-9775000.0,0.0,-944520000.0
20/10/2023,18326.46036,18600.0,900.0,0.0483871,17480.623728,18326.46036,17433.632804,1265108.0,24194196550.0,0.0,0.0,1265108.0,24194196550.0,-53100.0,5000.0,0.0,48100.0,-1014800000.0,96035000.0,0.0,918765000.0
19/10/2023,17480.623728,18250.0,350.0,0.01917808,17104.696336,17809.560196,16916.73264,1412235.0,26132183750.0,0.0,0.0,1412235.0,26132183750.0,-4100.0,0.0,0.0,4100.0,-76165000.0,0.0,0.0,76165000.0
18/10/2023,17151.68726,18300.0,-50.0,-0.00273224,17198.678184,17856.55112,16681.77802,1441320.0,26692406800.0,0.0,0.0,1441320.0,26692406800.0,-19600.0,0.0,0.0,19600.0,-365530000.0,0.0,0.0,365530000.0
17/10/2023,17198.678184,18000.0,300.0,0.01666667,16916.73264,17715.578348,16916.73264,1412630.0,26009059750.0,0.0,0.0,1412630.0,26009059750.0,-21400.0,0.0,0.0,21400.0,-398855000.0,0.0,0.0,398855000.0
16/10/2023,16916.73264,18500.0,-500.0,-0.02702703,17433.632804,17856.55112,16634.787096,1055210.0,19289148500.0,0.0,0.0,1055210.0,19289148500.0,51900.0,-10000.0,0.0,-41900.0,936385000.0,-179000000.0,0.0,-757385000.0
13/10/2023,17386.64188,18600.0,-100.0,-0.00537634,17339.650956,17668.587424,16963.723564,630132.0,11597743300.0,0.0,0.0,630132.0,11597743300.0,1700.0,0.0,0.0,-1700.0,31820000.0,0.0,0.0,-31820000.0
12/10/2023,17480.623728,18650.0,-50.0,-0.00268097,17480.623728,17856.55112,17057.705412,887619.0,16436570400.0,0.0,0.0,887619.0,16436570400.0,13300.0,9900.0,0.0,-23200.0,245650000.0,183885000.0,0.0,-429535000.0
11/10/2023,17527.614652,17900.0,750.0,0.04189944,16540.805248,17574.605576,16540.805248,1218405.0,22232621350.0,0.0,0.0,1218405.0,22232621350.0,101800.0,-147400.0,0.0,45600.0,1801695000.0,-2625065000.0,0.0,823370000.0
10/10/2023,16822.750792,17950.0,-50.0,-0.00278552,16916.73264,17104.696336,16446.8234,936831.0,16704560600.0,0.0,0.0,936831.0,16704560600.0,14400.0,0.0,0.0,-14400.0,257320000.0,0.0,0.0,-257320000.0
09/10/2023,16869.741716,17200.0,750.0,0.04360465,16164.877856,17292.660032,16164.877856,1166671.0,20981551600.0,0.0,0.0,1166671.0,20981551600.0,-15300.0,100.0,0.0,15200.0,-273665000.0,1840000.0,0.0,271825000.0
06/10/2023,16164.877856,17100.0,100.0,0.00584795,15976.91416,16211.86878,15647.977692,792001.0,13431556800.0,0.0,0.0,792001.0,13431556800.0,-140100.0,140100.0,0.0,0.0,-2375245000.0,2375075000.0,0.0,170000.0
05/10/2023,16070.896008,17200.0,-100.0,-0.00581395,16258.859704,16399.832476,15835.941388,650143.0,11087987100.0,0.0,0.0,650143.0,11087987100.0,-14100.0,0.0,0.0,14100.0,-240205000.0,0.0,0.0,240205000.0
04/10/2023,16164.877856,16700.0,500.0,0.02994012,15694.968616,16352.841552,15647.977692,1153806.0,19619194950.0,0.0,0.0,1153806.0,19619194950.0,10700.0,0.0,0.0,-10700.0,182365000.0,0.0,0.0,-182365000.0
03/10/2023,15694.968616,16700.0,0.0,0.0,15694.968616,15976.91416,15272.0503,797421.0,13276964300.0,0.0,0.0,797421.0,13276964300.0,94300.0,-86700.0,0.0,-7600.0,1578745000.0,-1451540000.0,0.0,-127205000.0
02/10/2023,15694.968616,16650.0,50.0,0.003003,15694.968616,16117.886932,15553.995844,855642.0,14378127100.0,0.0,0.0,855642.0,14378127100.0,10300.0,-10800.0,0.0,500.0,171235000.0,-179620000.0,0.0,8385000.0
29/09/2023,15647.977692,15600.0,1050.0,0.06730769,14943.113832,15647.977692,14802.14106,1341099.0,21967048600.0,0.0,0.0,1341099.0,21967048600.0,116500.0,-112800.0,0.0,-3700.0,1933100000.0,-1873060000.0,0.0,-60040000.0
28/09/2023,14661.168288,15600.0,0.0,0.0,14708.159212,15037.09568,14473.204592,331543.0,5190216950.0,0.0,0.0,331543.0,5190216950.0,0.0,0.0,0.0,0.0,-155000.0,0.0,0.0,155000.0
27/09/2023,14661.168288,15550.0,50.0,0.00321543,14614.177364,15037.09568,14379.222744,465921.0,7258076600.0,0.0,0.0,465921.0,7258076600.0,14300.0,-10000.0,0.0,-4300.0,225115000.0,-157400000.0,0.0,-67715000.0
26/09/2023,14614.177364,14800.0,750.0,0.05067568,13815.331656,14614.177364,13815.331656,953634.0,14581421800.0,0.0,0.0,953634.0,14581421800.0,4300.0,-5400.0,0.0,1100.0,65325000.0,-82270000.0,0.0,16945000.0
25/09/2023,13909.313504,14750.0,50.0,0.00338983,13815.331656,14473.204592,13627.36796,662101.0,9952199500.0,0.0,0.0,662101.0,9952199500.0,-2500.0,0.0,0.0,2500.0,-37945000.0,0.0,0.0,37945000.0
22/09/2023,13862.32258,14650.0,100.0,0.00682594,13721.349808,14050.286276,13533.386112,231600.0,3380150000.0,0.0,0.0,231600.0,3380150000.0,-1400.0,-1000.0,0.0,2400.0,-19980000.0,-14800000.0,0.0,34780000.0
21/09/2023,13768.340732,14500.0,150.0,0.01034483,13627.36796,13815.331656,13533.386112,114000.0,1660365000.0,0.0,0.0,114000.0,1660365000.0,-6300.0,2000.0,0.0,4300.0,-91850000.0,29000000.0,0.0,62850000.0
20/09/2023,13627.36796,14500.0,0.0,0.0,13627.36796,13627.36796,13439.404264,77104.0,1111762600.0,0.0,0.0,77104.0,1111762600.0,-1000.0,1000.0,0.0,0.0,-14350000.0,14350000.0,0.0,0.0
19/09/2023,13627.36796,14450.0,50.0,0.00346021,13674.358884,13721.349808,13439.404264,75301.0,1084464550.0,0.0,0.0,75301.0,1084464550.0,300.0,-100.0,0.0,-200.0,4305000.0,-1435000.0,0.0,-2870000.0
18/09/2023,13580.377036,14500.0,-50.0,-0.00344828,13627.36796,13627.36796,13486.395188,57800.0,835350000.0,0.0,0.0,57800.0,835350000.0,0.0,0.0,0.0,0.0,0.0,0.0,0.0,0.0
15/09/2023,13627.36796,14250.0,250.0,0.01754386,13768.340732,13768.340732,13345.422416,72301.0,1035273600.0,0.0,0.0,72301.0,1035273600.0,0.0,0.0,0.0,0.0,0.0,0.0,0.0,0.0
14/09/2023,13392.41334,14400.0,-150.0,-0.01041667,13533.386112,13721.349808,13392.41334,159300.0,2282830000.0,0.0,0.0,159300.0,2282830000.0,-600.0,0.0,0.0,600.0,-8640000.0,0.0,0.0,8640000.0
13/09/2023,13533.386112,14600.0,-200.0,-0.01369863,13909.313504,13909.313504,13533.386112,101600.0,1479215000.0,345400.0,5388240000.0,447000.0,6867455000.0,100.0,0.0,0.0,-100.0,1455000.0,0.0,0.0,-1455000.0
12/09/2023,13721.349808,14700.0,-100.0,-0.00680272,13721.349808,13815.331656,13627.36796,177690.0,2589890000.0,0.0,0.0,177690.0,2589890000.0,0.0,0.0,0.0,0.0,0.0,0.0,0.0,0.0
11/09/2023,13815.331656,14850.0,-150.0,-0.0101,14097.2772,14097.2772,13815.331656,158900.0,2350105000.0,0.0,0.0,158900.0,2350105000.0,2800.0,0.0,0.0,-2800.0,41300000.0,0.0,0.0,-41300000.0
08/09/2023,13956.304428,14950.0,-100.0,-0.00668896,14191.259048,14191.259048,13909.313504,121955.0,1817084500.0,0.0,0.0,121955.0,1817084500.0,300.0,-200.0,0.0,-100.0,4470000.0,-2975000.0,0.0,-1495000.0
07/09/2023,14050.286276,15000.0,-50.0,-0.00333333,14238.249972,14238.249972,14003.295352,109000.0,1634000000.0,0.0,0.0,109000.0,1634000000.0,300.0,0.0,0.0,-300.0,4475000.0,0.0,0.0,-4475000.0
06/09/2023,14097.2772,14950.0,50.0,0.00334448,14050.286276,14144.268124,13909.313504,88103.0,1313975000.0,0.0,0.0,88103.0,1313975000.0,-2500.0,0.0,0.0,2500.0,-37320000.0,0.0,0.0,37320000.0
05/09/2023,14050.286276,14700.0,250.0,0.0170068,14097.2772,14285.240896,13768.340732,120510.0,1793512000.0,0.0,0.0,120510.0,1793512000.0,-8400.0,0.0,0.0,8400.0,-125090000.0,0.0,0.0,125090000.0
31/08/2023,13815.331656,14650.0,50.0,0.00341297,13815.331656,14097.2772,13721.349808,106510.0,1568122000.0,0.0,0.0,106510.0,1568122000.0,2900.0,-3000.0,0.0,100.0,42630000.0,-44100000.0,0.0,1470000.0
30/08/2023,13768.340732,14600.0,50.0,0.00342466,13721.349808,13815.331656,13627.36796,97312.0,1417566400.0,0.0,0.0,97312.0,1417566400.0,0.0,0.0,0.0,0.0,0.0,0.0,0.0,0.0
29/08/2023,13721.349808,14850.0,-250.0,-0.01683502,13956.304428,14097.2772,13721.349808,267930.0,3965010500.0,0.0,0.0,267930.0,3965010500.0,-78300.0,81400.0,0.0,-3100.0,-1158960000.0,1205175000.0,0.0,-46215000.0
28/08/2023,13956.304428,14900.0,-50.0,-0.0033557,13815.331656,14097.2772,13815.331656,124710.0,1846112000.0,0.0,0.0,124710.0,1846112000.0,-36900.0,36900.0,0.0,0.0,-546945000.0,546945000.0,0.0,0.0
25/08/2023,14003.295352,15050.0,-150.0,-0.00996678,14144.268124,14191.259048,13862.32258,229209.0,3415854900.0,0.0,0.0,229209.0,3415854900.0,4400.0,0.0,0.0,-4400.0,65860000.0,0.0,0.0,-65860000.0
24/08/2023,14144.268124,14900.0,150.0,0.01006711,14191.259048,14191.259048,13862.32258,213861.0,3184150900.0,0.0,0.0,213861.0,3184150900.0,8000.0,-8000.0,0.0,0.0,119700000.0,-119700000.0,0.0,0.0
23/08/2023,14003.295352,14150.0,750.0,0.05300353,13345.422416,14191.259048,13298.431492,733503.0,10779019400.0,0.0,0.0,733503.0,10779019400.0,52400.0,-50300.0,0.0,-2100.0,747480000.0,-716940000.0,0.0,-30540000.0
22/08/2023,13298.431492,14100.0,50.0,0.0035461,13533.386112,13533.386112,12969.495024,158501.0,2228394250.0,0.0,0.0,158501.0,2228394250.0,-4300.0,-500.0,0.0,4800.0,-62355000.0,-6975000.0,0.0,69330000.0
21/08/2023,13251.440568,14200.0,-100.0,-0.00704225,13345.422416,13768.340732,13110.467796,259101.0,3669624200.0,0.0,0.0,259101.0,3669624200.0,2700.0,100.0,0.0,-2800.0,38170000.0,1380000.0,0.0,-39550000.0
18/08/2023,13345.422416,15250.0,-1050.0,-0.0689,14285.240896,14285.240896,13345.422416,1140975.0,16634749800.0,0.0,0.0,1140975.0,16634749800.0,4400.0,15500.0,0.0,-19900.0,63985000.0,225950000.0,0.0,-289935000.0
17/08/2023,14332.23182,15700.0,-450.0,-0.02866242,14755.150136,14755.150136,14332.23182,339029.0,5245387400.0,0.0,0.0,339029.0,5245387400.0,18900.0,4000.0,0.0,-22900.0,294065000.0,61600000.0,0.0,-355665000.0
16/08/2023,14755.150136,15950.0,-250.0,-0.01567398,14802.14106,14943.113832,14520.195516,471829.0,7366676900.0,0.0,0.0,471829.0,7366676900.0,-1800.0,3000.0,0.0,-1200.0,-28055000.0,47065000.0,0.0,-19010000.0
15/08/2023,14990.104756,15900.0,50.0,0.00314465,15178.068452,15178.068452,14802.14106,246132.0,3901542800.0,0.0,0.0,246132.0,3901542800.0,60.0,-60.0,0.0,0.0,906000.0,-906000.0,0.0,0.0
14/08/2023,14943.113832,15800.0,100.0,0.00632911,14943.113832,15131.077528,14849.131984,320202.0,5090336800.0,0.0,0.0,320202.0,5090336800.0,-600.0,100.0,0.0,500.0,-9740000.0,1590000.0,0.0,8150000.0
11/08/2023,14849.131984,16000.0,-200.0,-0.0125,15225.059376,15225.059376,14661.168288,254700.0,4024525000.0,0.0,0.0,254700.0,4024525000.0,23800.0,0.0,0.0,-23800.0,376980000.0,0.0,0.0,-376980000.0
10/08/2023,15037.09568,16550.0,-550.0,-0.03323263,15647.977692,15788.950464,15037.09568,353103.0,5774224050.0,0.0,0.0,353103.0,5774224050.0,19100.0,0.0,0.0,-19100.0,311800000.0,0.0,0.0,-311800000.0
09/08/2023,15553.995844,16000.0,550.0,0.034375,15131.077528,15694.968616,15037.09568,647077.0,10624003550.0,0.0,0.0,647077.0,10624003550.0,-6200.0,0.0,0.0,6200.0,-101745000.0,0.0,0.0,101745000.0
08/08/2023,15037.09568,15700.0,300.0,0.01910828,14755.150136,15131.077528,14708.159212,463242.0,7361577900.0,0.0,0.0,463242.0,7361577900.0,-4200.0,0.0,0.0,4200.0,-66915000.0,0.0,0.0,66915000.0
07/08/2023,14755.150136,15700.0,0.0,0.0,14849.131984,14849.131984,14661.168288,282993.0,4438699550.0,0.0,0.0,282993.0,4438699550.0,3740.0,0.0,0.0,-3740.0,58532300.0,0.0,0.0,-58532300.0
04/08/2023,14755.150136,15500.0,200.0,0.01290323,14661.168288,14755.150136,14473.204592,295616.0,4589414600.0,0.0,0.0,295616.0,4589414600.0,10500.0,0.0,0.0,-10500.0,162315000.0,0.0,0.0,-162315000.0
03/08/2023,14567.18644,15750.0,-250.0,-0.01587302,14849.131984,14896.122908,14567.18644,202796.0,3176014150.0,0.0,0.0,202796.0,3176014150.0,7700.0,0.0,0.0,-7700.0,121255000.0,0.0,0.0,-121255000.0
02/08/2023,14802.14106,15750.0,0.0,0.0,14802.14106,14849.131984,14708.159212,138100.0,2172415000.0,0.0,0.0,138100.0,2172415000.0,7100.0,-400.0,0.0,-6700.0,111530000.0,-6280000.0,0.0,-105250000.0
01/08/2023,14802.14106,15850.0,-100.0,-0.00630915,14849.131984,14943.113832,14661.168288,454550.0,7154764000.0,0.0,0.0,454550.0,7154764000.0,4700.0,0.0,0.0,-4700.0,74340000.0,0.0,0.0,-74340000.0
31/07/2023,14896.122908,16000.0,-150.0,-0.009375,15084.086604,15178.068452,14849.131984,410517.0,6544552000.0,0.0,0.0,410517.0,6544552000.0,800.0,0.0,0.0,-800.0,12760000.0,0.0,0.0,-12760000.0
28/07/2023,15037.09568,16400.0,-400.0,-0.0244,15600.986768,15600.986768,15037.09568,436630.0,7078098700.0,0.0,0.0,436630.0,7078098700.0,3900.0,400.0,0.0,-4300.0,63630000.0,6480000.0,0.0,-70110000.0
27/07/2023,15413.023072,16800.0,-400.0,-0.02380952,15835.941388,15882.932312,15131.077528,333604.0,5475600600.0,0.0,0.0,333604.0,5475600600.0,200.0,0.0,0.0,-200.0,3320000.0,0.0,0.0,-3320000.0
26/07/2023,15788.950464,16700.0,100.0,0.00598802,15741.95954,15882.932312,15319.041224,341717.0,5698591100.0,0.0,0.0,341717.0,5698591100.0,-2000.0,0.0,0.0,2000.0,-33500000.0,0.0,0.0,33500000.0
25/07/2023,15694.968616,16350.0,350.0,0.02140673,15366.032148,16164.877856,15225.059376,598123.0,9924614600.0,0.0,0.0,598123.0,9924614600.0,-9100.0,0.0,0.0,9100.0,-150775000.0,0.0,0.0,150775000.0
24/07/2023,15366.032148,15850.0,500.0,0.03154574,14990.104756,15413.023072,14943.113832,360925.0,5816599650.0,0.0,0.0,360925.0,5816599650.0,-18000.0,0.0,0.0,18000.0,-289220000.0,0.0,0.0,289220000.0
21/07/2023,14896.122908,15850.0,0.0,0.0,14990.104756,15178.068452,14896.122908,276259.0,4407493400.0,0.0,0.0,276259.0,4407493400.0,-1100.0,0.0,0.0,1100.0,-17550000.0,0.0,0.0,17550000.0
20/07/2023,14896.122908,15700.0,150.0,0.00955414,14755.150136,14943.113832,14426.213668,228760.0,3577076500.0,0.0,0.0,228760.0,3577076500.0,-3000.0,0.0,0.0,3000.0,-47205000.0,0.0,0.0,47205000.0
19/07/2023,14755.150136,15900.0,-200.0,-0.01257862,15037.09568,15084.086604,14755.150136,176036.0,2782112000.0,0.0,0.0,176036.0,2782112000.0,1800.0,0.0,0.0,-1800.0,28880000.0,0.0,0.0,-28880000.0
18/07/2023,14943.113832,16200.0,-300.0,-0.01851852,15272.0503,15272.0503,14943.113832,107700.0,1729010000.0,0.0,0.0,107700.0,1729010000.0,4000.0,0.0,0.0,-4000.0,63980000.0,0.0,0.0,-63980000.0
17/07/2023,15225.059376,15800.0,400.0,0.0253,14849.131984,15225.059376,14755.150136,394748.0,6293012400.0,0.0,0.0,394748.0,6293012400.0,58400.0,-73000.0,0.0,14600.0,919640000.0,-1152550000.0,0.0,232910000.0
14/07/2023,14849.131984,15600.0,200.0,0.01282051,14896.122908,14943.113832,14567.18644,200310.0,3135552000.0,0.0,0.0,200310.0,3135552000.0,66900.0,-67100.0,0.0,200.0,1042650000.0,-1045770000.0,0.0,3120000.0
13/07/2023,14661.168288,15400.0,200.0,0.01298701,14567.18644,15131.077528,14473.204592,476300.0,7473740000.0,0.0,0.0,476300.0,7473740000.0,-5200.0,100.0,0.0,5100.0,-82615000.0,1550000.0,0.0,81065000.0
12/07/2023,14473.204592,15500.0,-100.0,-0.00645161,14567.18644,14661.168288,14191.259048,342400.0,5222235000.0,0.0,0.0,342400.0,5222235000.0,194300.0,-190000.0,0.0,-4300.0,2951800000.0,-2885875000.0,0.0,-65925000.0
11/07/2023,14567.18644,15700.0,-200.0,-0.01273885,14661.168288,14802.14106,14520.195516,314115.0,4895059800.0,0.0,0.0,314115.0,4895059800.0,-9700.0,0.0,0.0,9700.0,-151755000.0,0.0,0.0,151755000.0
10/07/2023,14755.150136,15750.0,-50.0,-0.0031746,14943.113832,14943.113832,14473.204592,333548.0,5210493300.0,0.0,0.0,333548.0,5210493300.0,-7700.0,0.0,0.0,7700.0,-120445000.0,0.0,0.0,120445000.0
07/07/2023,14802.14106,15700.0,50.0,0.00318471,14708.159212,14802.14106,14520.195516,130500.0,2032385000.0,0.0,0.0,130500.0,2032385000.0,-8800.0,5000.0,0.0,3800.0,-137085000.0,77750000.0,0.0,59335000.0
06/07/2023,14755.150136,15800.0,-100.0,-0.00632911,14896.122908,14990.104756,14567.18644,246600.0,3854455000.0,0.0,0.0,246600.0,3854455000.0,12900.0,-15000.0,0.0,2100.0,204025000.0,-236800000.0,0.0,32775000.0
05/07/2023,14849.131984,15500.0,300.0,0.01935484,14614.177364,14896.122908,14614.177364,280500.0,4401970000.0,0.0,0.0,280500.0,4401970000.0,-29900.0,0.0,0.0,29900.0,-468785000.0,0.0,0.0,468785000.0
04/07/2023,14567.18644,15300.0,200.0,0.0130719,14426.213668,14567.18644,14285.240896,161710.0,2489394000.0,0.0,0.0,161710.0,2489394000.0,-9400.0,0.0,0.0,9400.0,-144935000.0,0.0,0.0,144935000.0
03/07/2023,14379.222744,15050.0,250.0,0.0166113,14238.249972,14426.213668,14191.259048,127700.0,1941960000.0,0.0,0.0,127700.0,1941960000.0,-12200.0,0.0,0.0,12200.0,-186270000.0,0.0,0.0,186270000.0
30/06/2023,14144.268124,15500.0,-450.0,-0.02903226,14567.18644,14661.168288,14144.268124,315100.0,4807975000.0,0.0,0.0,315100.0,4807975000.0,-1700.0,-100.0,0.0,1800.0,-25845000.0,-1515000.0,0.0,27360000.0
29/06/2023,14567.18644,15800.0,-300.0,-0.01898734,14943.113832,14990.104756,14567.18644,279100.0,4379880000.0,0.0,0.0,279100.0,4379880000.0,-4400.0,0.0,0.0,4400.0,-69010000.0,0.0,0.0,69010000.0
28/06/2023,14849.131984,15900.0,-100.0,-0.00628931,14990.104756,15178.068452,14802.14106,186800.0,2970790000.0,0.0,0.0,186800.0,2970790000.0,-3800.0,100.0,0.0,3700.0,-60725000.0,1595000.0,0.0,59130000.0
27/06/2023,14943.113832,15800.0,100.0,0.00632911,14943.113832,15272.0503,14896.122908,240000.0,3837070000.0,0.0,0.0,240000.0,3837070000.0,-11700.0,0.0,0.0,11700.0,-186805000.0,0.0,0.0,186805000.0
26/06/2023,14849.131984,15850.0,-50.0,-0.00315457,14896.122908,14990.104756,14567.18644,207800.0,3277995000.0,0.0,0.0,207800.0,3277995000.0,-3200.0,0.0,0.0,3200.0,-50495000.0,0.0,0.0,50495000.0
23/06/2023,14896.122908,15900.0,-50.0,-0.00314465,15037.09568,15084.086604,14849.131984,152949.0,2432839150.0,0.0,0.0,152949.0,2432839150.0,0.0,0.0,0.0,0.0,0.0,0.0,0.0,0.0
22/06/2023,14943.113832,16050.0,-150.0,-0.00934579,15272.0503,15319.041224,14896.122908,214515.0,3429270500.0,0.0,0.0,214515.0,3429270500.0,20000.0,0.0,0.0,-20000.0,318000000.0,0.0,0.0,-318000000.0
21/06/2023,15084.086604,16000.0,50.0,0.003125,15178.068452,15225.059376,14708.159212,259500.0,4135345000.0,0.0,0.0,259500.0,4135345000.0,-5200.0,0.0,0.0,5200.0,-83800000.0,0.0,0.0,83800000.0
20/06/2023,15037.09568,15450.0,550.0,0.03559871,14661.168288,15037.09568,14520.195516,243000.0,3798140000.0,0.0,0.0,243000.0,3798140000.0,1000.0,0.0,0.0,-1000.0,15600000.0,0.0,0.0,-15600000.0
19/06/2023,14520.195516,15700.0,-250.0,-0.01592357,14943.113832,14943.113832,14520.195516,174800.0,2735415000.0,0.0,0.0,174800.0,2735415000.0,1300.0,0.0,0.0,-1300.0,20410000.0,0.0,0.0,-20410000.0
16/06/2023,14755.150136,16250.0,-550.0,-0.03384615,15319.041224,15460.013996,14755.150136,329200.0,5297325000.0,0.0,0.0,329200.0,5297325000.0,5000.0,-5000.0,0.0,0.0,80250000.0,-80250000.0,0.0,0.0
15/06/2023,15272.0503,16249.0,1.0,6.154e-05,15366.032148,15413.023072,14990.104756,226200.0,3649165000.0,0.0,0.0,226200.0,3649165000.0,1500.0,0.0,0.0,-1500.0,23970000.0,0.0,0.0,-23970000.0
14/06/2023,15271.274949754,17350.0,-600.0,-0.03458213,15909.4774849676,16137.4069618296,15271.274949754,559004.0,9597634000.0,0.0,0.0,559004.0,9597634000.0,3600.0,3000.0,0.0,-6600.0,60015000.0,53200000.0,0.0,-113215000.0
13/06/2023,15818.3056942228,16900.0,450.0,0.02662722,15909.4774849676,15955.06338034,15499.204426616,443423.0,7681678300.0,0.0,0.0,443423.0,7681678300.0,54300.0,-49000.0,0.0,-5300.0,943950000.0,-852600000.0,0.0,-91350000.0
12/06/2023,15408.0326358712,15800.0,1100.0,0.06962025,14405.1429376784,15408.0326358712,13766.9404024648,900818.0,15073209200.0,0.0,0.0,900818.0,15073209200.0,-8600.0,7000.0,0.0,1600.0,-143600000.0,118300000.0,0.0,25300000.0
09/06/2023,14405.1429376784,15700.0,100.0,0.00636943,14405.1429376784,14405.1429376784,13949.2839839544,192820.0,3007960000.0,0.0,0.0,192820.0,3007960000.0,46700.0,0.0,0.0,-46700.0,726405000.0,0.0,0.0,-726405000.0
08/06/2023,14313.9711469336,15800.0,-100.0,-0.00632911,14496.3147284232,14678.6583099128,14313.9711469336,251815.0,4004948400.0,0.0,0.0,251815.0,4004948400.0,2600.0,-100.0,0.0,-2500.0,41200000.0,-1590000.0,0.0,-39610000.0
07/06/2023,14405.1429376784,16100.0,-300.0,-0.01863354,14678.6583099128,14861.0018914024,14405.1429376784,279400.0,4492600000.0,0.0,0.0,279400.0,4492600000.0,19300.0,-500.0,0.0,-18800.0,310585000.0,-8050000.0,0.0,-302535000.0
06/06/2023,14678.6583099128,15800.0,300.0,0.01898734,14541.9006237956,14678.6583099128,14268.3852515612,161208.0,2554981650.0,0.0,0.0,161208.0,2554981650.0,1500.0,2000.0,0.0,-3500.0,23730000.0,31450000.0,0.0,-55180000.0
05/06/2023,14405.1429376784,15800.0,0.0,0.0,14678.6583099128,14769.8301006576,14405.1429376784,244600.0,3911580000.0,0.0,0.0,244600.0,3911580000.0,-58700.0,5000.0,0.0,53700.0,-938910000.0,79600000.0,0.0,859310000.0
02/06/2023,14405.1429376784,16100.0,-300.0,-0.01863354,14769.8301006576,15134.5172636368,14405.1429376784,267515.0,4328672500.0,0.0,0.0,267515.0,4328672500.0,-4800.0,0.0,0.0,4800.0,-75875000.0,0.0,0.0,75875000.0
01/06/2023,14678.6583099128,16050.0,50.0,0.00311526,14952.1736821472,15316.8608451264,14678.6583099128,332717.0,5462595100.0,0.0,0.0,332717.0,5462595100.0,-7300.0,0.0,0.0,7300.0,-119820000.0,0.0,0.0,119820000.0
31/05/2023,14633.0724145404,15000.0,1050.0,0.07,13766.9404024648,14633.0724145404,13766.9404024648,447018.0,7098858900.0,0.0,0.0,447018.0,7098858900.0,1100.0,-100.0,0.0,-1000.0,16760000.0,-1605000.0,0.0,-15155000.0
30/05/2023,13675.76861172,15000.0,0.0,0.0,13721.3545070924,13721.3545070924,13447.839134858,98900.0,1475840000.0,0.0,0.0,98900.0,1475840000.0,-500.0,2000.0,0.0,-1500.0,-7550000.0,29950000.0,0.0,-22400000.0
29/05/2023,13675.76861172,15000.0,0.0,0.0,13766.9404024648,13812.5262978372,13630.1827163476,118800.0,1787405000.0,0.0,0.0,118800.0,1787405000.0,-1000.0,1000.0,0.0,0.0,-15050000.0,15050000.0,0.0,0.0
26/05/2023,13675.76861172,14700.0,300.0,0.02040816,13493.4250302304,13675.76861172,13402.2532394856,151615.0,2258160500.0,0.0,0.0,151615.0,2258160500.0,-2500.0,-100.0,0.0,2600.0,-37055000.0,-1480000.0,0.0,38535000.0
25/05/2023,13402.2532394856,14500.0,200.0,0.0137931,13311.0814487408,13447.839134858,13128.7378672512,90200.0,1316485000.0,167400.0,2594700000.0,257600.0,3911185000.0,-6700.0,0.0,0.0,6700.0,-97920000.0,0.0,0.0,97920000.0
24/05/2023,13219.909657996,14600.0,-100.0,-0.00684932,13402.2532394856,13402.2532394856,13219.909657996,80037.0,1166553400.0,654635.0,10212306000.0,734672.0,11378859400.0,-1500.0,0.0,0.0,1500.0,-21900000.0,0.0,0.0,21900000.0
23/05/2023,13311.0814487408,14700.0,-100.0,-0.00680272,13447.839134858,13584.5968209752,13311.0814487408,74808.0,1098324000.0,0.0,0.0,74808.0,1098324000.0,-300.0,0.0,0.0,300.0,-4410000.0,0.0,0.0,4410000.0
22/05/2023,13402.2532394856,14850.0,-150.0,-0.01010101,13630.1827163476,13675.76861172,13402.2532394856,78610.0,1162163000.0,0.0,0.0,78610.0,1162163000.0,-5200.0,5000.0,0.0,200.0,-77210000.0,74250000.0,0.0,2960000.0
19/05/2023,13539.0109256028,14850.0,0.0,0.0,13539.0109256028,13675.76861172,13311.0814487408,115600.0,1711540000.0,0.0,0.0,115600.0,1711540000.0,1600.0,0.0,0.0,-1600.0,23920000.0,0.0,0.0,-23920000.0
18/05/2023,13539.0109256028,14900.0,-50.0,-0.0033557,13721.3545070924,13766.9404024648,13402.2532394856,84800.0,1261315000.0,0.0,0.0,84800.0,1261315000.0,600.0,100.0,0.0,-700.0,8990000.0,1475000.0,0.0,-10465000.0
17/05/2023,13584.5968209752,14850.0,50.0,0.003367,13584.5968209752,13812.5262978372,13311.0814487408,200400.0,2992730000.0,0.0,0.0,200400.0,2992730000.0,600.0,-100.0,0.0,-500.0,8895000.0,-1480000.0,0.0,-7415000.0
16/05/2023,13539.0109256028,15000.0,-150.0,-0.01,13721.3545070924,13766.9404024648,13447.839134858,82415.0,1231493500.0,0.0,0.0,82415.0,1231493500.0,-300.0,-500.0,0.0,800.0,-4535000.0,-7495000.0,0.0,12030000.0
15/05/2023,13675.76861172,14600.0,400.0,0.02739726,13402.2532394856,13721.3545070924,13402.2532394856,280180.0,4164604000.0,0.0,0.0,280180.0,4164604000.0,-11300.0,0.0,0.0,11300.0,-167520000.0,0.0,0.0,167520000.0
12/05/2023,13311.0814487408,14650.0,-50.0,-0.00341297,13447.839134858,13447.839134858,13219.909657996,142718.0,2082137400.0,0.0,0.0,142718.0,2082137400.0,-1300.0,0.0,0.0,1300.0,-18870000.0,0.0,0.0,18870000.0
11/05/2023,13356.6673441132,14950.0,-300.0,-0.02006689,13630.1827163476,13675.76861172,13311.0814487408,144700.0,2134990000.0,0.0,0.0,144700.0,2134990000.0,-5300.0,100.0,0.0,5200.0,-78570000.0,1500000.0,0.0,77070000.0
10/05/2023,13630.1827163476,14850.0,100.0,0.00673401,13858.1121932096,13858.1121932096,13402.2532394856,125830.0,1875634300.0,0.0,0.0,125830.0,1875634300.0,-5600.0,-100.0,0.0,5700.0,-83300000.0,-1500000.0,0.0,84800000.0
09/05/2023,13539.0109256028,15000.0,-150.0,-0.01,13675.76861172,13766.9404024648,13539.0109256028,232217.0,3475315000.0,0.0,0.0,232217.0,3475315000.0,-49900.0,49900.0,0.0,0.0,-744515000.0,744515000.0,0.0,0.0
08/05/2023,13675.76861172,14800.0,200.0,0.01351351,13584.5968209752,13721.3545070924,13447.839134858,159300.0,2382740000.0,0.0,0.0,159300.0,2382740000.0,-5000.0,-200.0,0.0,5200.0,-74445000.0,-2965000.0,0.0,77410000.0
05/05/2023,13493.4250302304,14800.0,0.0,0.0,13493.4250302304,13493.4250302304,12991.980181134,188347.0,2741552500.0,0.0,0.0,188347.0,2741552500.0,-500.0,500.0,0.0,0.0,-7115000.0,7290000.0,0.0,-175000.0
04/05/2023,13493.4250302304,14350.0,450.0,0.03135889,13128.7378672512,13584.5968209752,13083.1519718788,270524.0,3977811400.0,0.0,0.0,270524.0,3977811400.0,-700.0,-2400.0,0.0,3100.0,-10495000.0,-35280000.0,0.0,45775000.0
28/04/2023,13083.1519718788,14450.0,-100.0,-0.00692042,13265.4955533684,13356.6673441132,12764.050704272,190950.0,2726510000.0,0.0,0.0,190950.0,2726510000.0,-100.0,100.0,0.0,0.0,-1480000.0,1480000.0,0.0,0.0
27/04/2023,13174.3237626236,14400.0,50.0,0.00347222,13402.2532394856,13675.76861172,12946.3942857616,276441.0,4050191800.0,0.0,0.0,276441.0,4050191800.0,-600.0,0.0,0.0,600.0,-8840000.0,0.0,0.0,8840000.0
26/04/2023,13128.7378672512,13500.0,900.0,0.06666667,12308.191750548,13128.7378672512,12308.191750548,293309.0,4139796600.0,0.0,0.0,293309.0,4139796600.0,-2700.0,-100.0,0.0,2800.0,-38895000.0,-1425000.0,0.0,40320000.0
25/04/2023,12308.191750548,13500.0,0.0,0.0,12444.9494366652,12444.9494366652,12217.0199598032,74001.0,998083500.0,0.0,0.0,74001.0,998083500.0,0.0,0.0,0.0,0.0,0.0,0.0,0.0,0.0
24/04/2023,12308.191750548,13550.0,-50.0,-0.00369004,12399.3635412928,12444.9494366652,12262.6058551756,68200.0,922470000.0,0.0,0.0,68200.0,922470000.0,400.0,0.0,0.0,-400.0,5385000.0,0.0,0.0,-5385000.0
21/04/2023,12353.7776459204,13650.0,-100.0,-0.00732601,12444.9494366652,12444.9494366652,12262.6058551756,66500.0,901830000.0,0.0,0.0,66500.0,901830000.0,-200.0,200.0,0.0,0.0,-2710000.0,2710000.0,0.0,0.0
20/04/2023,12444.9494366652,13650.0,0.0,0.0,12490.5353320376,12536.12122741,12353.7776459204,40700.0,555450000.0,0.0,0.0,40700.0,555450000.0,800.0,100.0,0.0,-900.0,10960000.0,1370000.0,0.0,-12330000.0
19/04/2023,12444.9494366652,13650.0,0.0,0.0,12490.5353320376,12581.7071227824,12444.9494366652,64700.0,886980000.0,0.0,0.0,64700.0,886980000.0,700.0,0.0,0.0,-700.0,9610000.0,0.0,0.0,-9610000.0
18/04/2023,12444.9494366652,13500.0,150.0,0.01111111,12308.191750548,12490.5353320376,12262.6058551756,82828.0,1123513000.0,0.0,0.0,82828.0,1123513000.0,2800.0,0.0,0.0,-2800.0,37760000.0,0.0,0.0,-37760000.0
17/04/2023,12308.191750548,13500.0,0.0,0.0,12353.7776459204,12353.7776459204,12171.4340644308,79602.0,1071642000.0,0.0,0.0,79602.0,1071642000.0,3500.0,0.0,0.0,-3500.0,47115000.0,0.0,0.0,-47115000.0
14/04/2023,12308.191750548,13600.0,-100.0,-0.00735294,12490.5353320376,12581.7071227824,12262.6058551756,92902.0,1261047500.0,0.0,0.0,92902.0,1261047500.0,1800.0,1500.0,0.0,-3300.0,24365000.0,20495000.0,0.0,-44860000.0
13/04/2023,12399.3635412928,13850.0,-250.0,-0.01805054,12718.4648088996,12900.8083903892,12308.191750548,162556.0,2237307150.0,0.0,0.0,162556.0,2237307150.0,-200.0,200.0,0.0,0.0,-2760000.0,2760000.0,0.0,0.0
12/04/2023,12627.2930181548,13900.0,-50.0,-0.00359712,12764.050704272,12946.3942857616,12627.2930181548,101713.0,1420472900.0,0.0,0.0,101713.0,1420472900.0,-700.0,0.0,0.0,700.0,-9730000.0,0.0,0.0,9730000.0
11/04/2023,12672.8789135272,14000.0,-100.0,-0.00714286,12809.6365996444,12946.3942857616,12536.12122741,99904.0,1390371000.0,0.0,0.0,99904.0,1390371000.0,400.0,200.0,0.0,-600.0,5610000.0,2800000.0,0.0,-8410000.0
10/04/2023,12764.050704272,14150.0,-150.0,-0.01060071,12991.980181134,13128.7378672512,12764.050704272,139302.0,1969178300.0,0.0,0.0,139302.0,1969178300.0,600.0,0.0,0.0,-600.0,8560000.0,0.0,0.0,-8560000.0
07/04/2023,12900.8083903892,14400.0,-250.0,-0.01736111,13174.3237626236,13219.909657996,12764.050704272,128800.0,1837760000.0,0.0,0.0,128800.0,1837760000.0,200.0,0.0,0.0,-200.0,2860000.0,0.0,0.0,-2860000.0
06/04/2023,13128.7378672512,14050.0,350.0,0.02491103,12855.2224950168,13356.6673441132,12855.2224950168,286205.0,4136832800.0,0.0,0.0,286205.0,4136832800.0,-4500.0,-100.0,0.0,4600.0,-65295000.0,-1445000.0,0.0,66740000.0
05/04/2023,12809.6365996444,13950.0,100.0,0.00716846,12764.050704272,12946.3942857616,12718.4648088996,161712.0,2277104500.0,0.0,0.0,161712.0,2277104500.0,24300.0,0.0,0.0,-24300.0,339455000.0,0.0,0.0,-339455000.0
04/04/2023,12718.4648088996,13700.0,250.0,0.01824818,12490.5353320376,12718.4648088996,12399.3635412928,182900.0,2514965000.0,0.0,0.0,182900.0,2514965000.0,31800.0,0.0,0.0,-31800.0,435630000.0,0.0,0.0,-435630000.0
03/04/2023,12490.5353320376,13650.0,50.0,0.003663,12536.12122741,12581.7071227824,12399.3635412928,93400.0,1278595000.0,0.0,0.0,93400.0,1278595000.0,13200.0,-3200.0,0.0,-10000.0,180685000.0,-43685000.0,0.0,-137000000.0
31/03/2023,12444.9494366652,13550.0,100.0,0.00738007,12399.3635412928,12490.5353320376,12308.191750548,44600.0,606135000.0,0.0,0.0,44600.0,606135000.0,0.0,0.0,0.0,0.0,-10000.0,10000.0,0.0,0.0
30/03/2023,12353.7776459204,13550.0,0.0,0.0,12444.9494366652,12536.12122741,12308.191750548,58900.0,803210000.0,0.0,0.0,58900.0,803210000.0,0.0,0.0,0.0,0.0,10000.0,-10000.0,0.0,0.0
29/03/2023,12353.7776459204,13650.0,-100.0,-0.00732601,12536.12122741,12536.12122741,12217.0199598032,59005.0,798831750.0,140000.0,1995000000.0,199005.0,2793831750.0,-1200.0,1200.0,0.0,0.0,-16210000.0,16210000.0,0.0,0.0
28/03/2023,12444.9494366652,13700.0,-50.0,-0.00364964,12490.5353320376,12581.7071227824,12444.9494366652,71000.0,974960000.0,0.0,0.0,71000.0,974960000.0,-500.0,500.0,0.0,0.0,-6885000.0,6885000.0,0.0,0.0
27/03/2023,12490.5353320376,13550.0,150.0,0.01107011,12399.3635412928,12536.12122741,12308.191750548,83904.0,1142099600.0,0.0,0.0,83904.0,1142099600.0,-200.0,200.0,0.0,0.0,-2740000.0,2740000.0,0.0,0.0
24/03/2023,12353.7776459204,13550.0,0.0,0.0,12353.7776459204,12444.9494366652,12262.6058551756,84830.0,1149498000.0,0.0,0.0,84830.0,1149498000.0,0.0,0.0,0.0,0.0,0.0,0.0,0.0,0.0
23/03/2023,12353.7776459204,13550.0,0.0,0.0,12308.191750548,12353.7776459204,11989.0904829412,64200.0,862495000.0,0.0,0.0,64200.0,862495000.0,-2000.0,2000.0,0.0,0.0,-26800000.0,26800000.0,0.0,0.0
22/03/2023,12353.7776459204,13700.0,-150.0,-0.01094891,12490.5353320376,12536.12122741,12353.7776459204,56500.0,770510000.0,0.0,0.0,56500.0,770510000.0,0.0,0.0,0.0,0.0,0.0,0.0,0.0,0.0
21/03/2023,12490.5353320376,13500.0,200.0,0.01481481,12399.3635412928,12490.5353320376,12125.8481690584,82300.0,1111015000.0,0.0,0.0,82300.0,1111015000.0,0.0,0.0,0.0,0.0,0.0,0.0,0.0,0.0
20/03/2023,12308.191750548,13700.0,-200.0,-0.01459854,12490.5353320376,12672.8789135272,12262.6058551756,109204.0,1489134800.0,0.0,0.0,109204.0,1489134800.0,100.0,0.0,0.0,-100.0,1385000.0,0.0,0.0,-1385000.0
17/03/2023,12490.5353320376,13900.0,-200.0,-0.01438849,12946.3942857616,12946.3942857616,12490.5353320376,63800.0,883625000.0,0.0,0.0,63800.0,883625000.0,500.0,-400.0,0.0,-100.0,7005000.0,-5590000.0,0.0,-1415000.0
16/03/2023,12672.8789135272,14150.0,-250.0,-0.01766784,12900.8083903892,12900.8083903892,12672.8789135272,81700.0,1143320000.0,0.0,0.0,81700.0,1143320000.0,0.0,0.0,0.0,0.0,0.0,0.0,0.0,0.0
15/03/2023,12900.8083903892,13800.0,350.0,0.02536232,12764.050704272,12946.3942857616,12627.2930181548,146910.0,2060182000.0,0.0,0.0,146910.0,2060182000.0,4500.0,-200.0,0.0,-4300.0,62775000.0,-2800000.0,0.0,-59975000.0
14/03/2023,12581.7071227824,14000.0,-200.0,-0.01428571,12764.050704272,12855.2224950168,12399.3635412928,138701.0,1914774000.0,0.0,0.0,138701.0,1914774000.0,8800.0,0.0,0.0,-8800.0,122135000.0,0.0,0.0,-122135000.0
13/03/2023,12764.050704272,14300.0,-300.0,-0.02097902,12991.980181134,12991.980181134,12672.8789135272,96300.0,1353865000.0,0.0,0.0,96300.0,1353865000.0,500.0,-100.0,0.0,-400.0,7035000.0,-1395000.0,0.0,-5640000.0
10/03/2023,13037.5660765064,14250.0,50.0,0.00350877,12900.8083903892,13128.7378672512,12855.2224950168,143902.0,2051543350.0,0.0,0.0,143902.0,2051543350.0,11400.0,200.0,0.0,-11600.0,163050000.0,2860000.0,0.0,-165910000.0
09/03/2023,12991.980181134,13900.0,350.0,0.02517986,12718.4648088996,12991.980181134,12672.8789135272,185700.0,2612480000.0,0.0,0.0,185700.0,2612480000.0,-12300.0,100.0,0.0,12200.0,-172905000.0,1415000.0,0.0,171490000.0
08/03/2023,12672.8789135272,14000.0,-100.0,-0.00714286,12764.050704272,12764.050704272,12536.12122741,86100.0,1195130000.0,0.0,0.0,86100.0,1195130000.0,-800.0,0.0,0.0,800.0,-11120000.0,0.0,0.0,11120000.0
07/03/2023,12764.050704272,13850.0,150.0,0.01083032,12764.050704272,12809.6365996444,12581.7071227824,85700.0,1194345000.0,0.0,0.0,85700.0,1194345000.0,3500.0,-900.0,0.0,-2600.0,48825000.0,-12550000.0,0.0,-36275000.0
06/03/2023,12627.2930181548,13800.0,50.0,0.00362319,12672.8789135272,12946.3942857616,12627.2930181548,132706.0,1853584500.0,0.0,0.0,132706.0,1853584500.0,-94.0,94.0,0.0,0.0,-1320500.0,1320500.0,0.0,0.0
03/03/2023,12581.7071227824,13950.0,-150.0,-0.01075269,12809.6365996444,12946.3942857616,12536.12122741,75800.0,1059480000.0,0.0,0.0,75800.0,1059480000.0,4000.0,0.0,0.0,-4000.0,56225000.0,0.0,0.0,-56225000.0
02/03/2023,12718.4648088996,14150.0,-200.0,-0.01413428,12946.3942857616,13037.5660765064,12627.2930181548,112400.0,1585475000.0,0.0,0.0,112400.0,1585475000.0,17900.0,-300.0,0.0,-17600.0,249900000.0,-4260000.0,0.0,-245640000.0
01/03/2023,12900.8083903892,13650.0,500.0,0.03663004,12581.7071227824,12946.3942857616,12444.9494366652,196700.0,2729500000.0,0.0,0.0,196700.0,2729500000.0,-1600.0,0.0,0.0,1600.0,-22295000.0,0.0,0.0,22295000.0
28/02/2023,12444.9494366652,13850.0,-200.0,-0.01444043,12672.8789135272,12764.050704272,12399.3635412928,118300.0,1632850000.0,0.0,0.0,118300.0,1632850000.0,-100.0,200.0,0.0,-100.0,-1385000.0,2770000.0,0.0,-1385000.0
27/02/2023,12627.2930181548,13900.0,-50.0,-0.00359712,12536.12122741,12764.050704272,12217.0199598032,235400.0,3250095000.0,0.0,0.0,235400.0,3250095000.0,1100.0,100.0,0.0,-1200.0,15205000.0,1380000.0,0.0,-16585000.0
24/02/2023,12672.8789135272,14400.0,-500.0,-0.03472222,13128.7378672512,13174.3237626236,12581.7071227824,211102.0,2987282800.0,0.0,0.0,211102.0,2987282800.0,15602.0,0.0,0.0,-15602.0,221012800.0,0.0,0.0,-221012800.0
23/02/2023,13128.7378672512,14200.0,200.0,0.01408451,13128.7378672512,13265.4955533684,12217.0199598032,359900.0,5040310000.0,0.0,0.0,359900.0,5040310000.0,15400.0,-200.0,0.0,-15200.0,215850000.0,-2720000.0,0.0,-213130000.0
22/02/2023,12946.3942857616,14900.0,-700.0,-0.04697987,13493.4250302304,13584.5968209752,12946.3942857616,293300.0,4260420000.0,0.0,0.0,293300.0,4260420000.0,20300.0,300.0,0.0,-20600.0,296050000.0,4450000.0,0.0,-300500000.0
21/02/2023,13584.5968209752,15450.0,-550.0,-0.03559871,14177.2134608164,14268.3852515612,13493.4250302304,273100.0,4142180000.0,0.0,0.0,273100.0,4142180000.0,5600.0,200.0,0.0,-5800.0,84465000.0,2995000.0,0.0,-87460000.0
20/02/2023,14086.0416700716,14900.0,550.0,0.03691275,13675.76861172,14131.627565444,13675.76861172,326300.0,4952370000.0,0.0,0.0,326300.0,4952370000.0,-16700.0,0.0,0.0,16700.0,-252770000.0,0.0,0.0,252770000.0
17/02/2023,13584.5968209752,14600.0,300.0,0.02054795,13447.839134858,13766.9404024648,13402.2532394856,395710.0,5909663000.0,0.0,0.0,395710.0,5909663000.0,-17700.0,600.0,0.0,17100.0,-264110000.0,9030000.0,0.0,255080000.0
16/02/2023,13311.0814487408,14200.0,400.0,0.02816901,13037.5660765064,13447.839134858,13037.5660765064,235120.0,3410018000.0,0.0,0.0,235120.0,3410018000.0,-6900.0,0.0,0.0,6900.0,-100190000.0,0.0,0.0,100190000.0
15/02/2023,12946.3942857616,14200.0,0.0,0.0,13037.5660765064,13311.0814487408,12855.2224950168,182700.0,2610015000.0,0.0,0.0,182700.0,2610015000.0,8700.0,0.0,0.0,-8700.0,125070000.0,0.0,0.0,-125070000.0
14/02/2023,12946.3942857616,15000.0,-800.0,-0.05333333,13721.3545070924,13812.5262978372,12946.3942857616,287400.0,4152580000.0,0.0,0.0,287400.0,4152580000.0,9300.0,-300.0,0.0,-9000.0,136115000.0,-4320000.0,0.0,-131795000.0
13/02/2023,13675.76861172,15700.0,-700.0,-0.04458599,14313.9711469336,14405.1429376784,13356.6673441132,437005.0,6555094500.0,0.0,0.0,437005.0,6555094500.0,14900.0,0.0,0.0,-14900.0,228205000.0,0.0,0.0,-228205000.0
10/02/2023,14313.9711469336,15700.0,0.0,0.0,14405.1429376784,14861.0018914024,14222.7993561888,404800.0,6472365000.0,0.0,0.0,404800.0,6472365000.0,4700.0,200.0,0.0,-4900.0,74490000.0,3175000.0,0.0,-77665000.0
09/02/2023,14313.9711469336,14700.0,1000.0,0.06802721,13447.839134858,14313.9711469336,13402.2532394856,427301.0,6595430700.0,0.0,0.0,427301.0,6595430700.0,-6800.0,-100.0,0.0,6900.0,-110550000.0,-1530000.0,0.0,112080000.0
08/02/2023,13402.2532394856,15100.0,-400.0,-0.02649007,13903.698088582,13903.698088582,13402.2532394856,148011.0,2213751650.0,0.0,0.0,148011.0,2213751650.0,100.0,0.0,0.0,-100.0,1500000.0,0.0,0.0,-1500000.0
07/02/2023,13766.9404024648,15400.0,-300.0,-0.01948052,14040.4557746992,14177.2134608164,13766.9404024648,187709.0,2883263600.0,0.0,0.0,187709.0,2883263600.0,-7700.0,-200.0,0.0,7900.0,-119055000.0,-3080000.0,0.0,122135000.0
06/02/2023,14040.4557746992,15000.0,400.0,0.02666667,13721.3545070924,14222.7993561888,13584.5968209752,233570.0,3565423300.0,0.0,0.0,233570.0,3565423300.0,1900.0,0.0,0.0,-1900.0,28485000.0,0.0,0.0,-28485000.0
03/02/2023,13675.76861172,15250.0,-250.0,-0.01639344,13949.2839839544,14131.627565444,13675.76861172,270349.0,4106476800.0,0.0,0.0,270349.0,4106476800.0,9700.0,0.0,0.0,-9700.0,148085000.0,0.0,0.0,-148085000.0
02/02/2023,13903.698088582,16000.0,-750.0,-0.046875,14633.0724145404,14633.0724145404,13903.698088582,145800.0,2265580000.0,0.0,0.0,145800.0,2265580000.0,5900.0,200.0,0.0,-6100.0,92630000.0,3160000.0,0.0,-95790000.0
01/02/2023,14587.486519168,15400.0,600.0,0.03896104,14040.4557746992,14997.7595775196,13812.5262978372,697621.0,11138057000.0,0.0,0.0,697621.0,11138057000.0,2400.0,-800.0,0.0,-1600.0,38870000.0,-13115000.0,0.0,-25755000.0
31/01/2023,14040.4557746992,15500.0,-100.0,-0.00645161,14040.4557746992,14040.4557746992,13766.9404024648,207073.0,3163437500.0,0.0,0.0,207073.0,3163437500.0,-200.0,300.0,0.0,-100.0,-3080000.0,4570000.0,0.0,-1490000.0
30/01/2023,14131.627565444,14500.0,1000.0,0.06896552,13219.909657996,14131.627565444,13219.909657996,366829.0,5503775000.0,0.0,0.0,366829.0,5503775000.0,100.0,-100.0,0.0,0.0,1540000.0,-1540000.0,0.0,0.0
27/01/2023,13219.909657996,14350.0,150.0,0.01045296,13219.909657996,13447.839134858,13174.3237626236,140570.0,2047528200.0,0.0,0.0,140570.0,2047528200.0,-13700.0,0.0,0.0,13700.0,-199625000.0,0.0,0.0,199625000.0
19/01/2023,13083.1519718788,14300.0,50.0,0.0034965,13083.1519718788,13356.6673441132,13037.5660765064,141101.0,2032524400.0,0.0,0.0,141101.0,2032524400.0,-5000.0,-100.0,0.0,5100.0,-71850000.0,-1435000.0,0.0,73285000.0
18/01/2023,13037.5660765064,14100.0,200.0,0.0141844,12946.3942857616,13128.7378672512,12764.050704272,142700.0,2014460000.0,0.0,0.0,142700.0,2014460000.0,-5500.0,0.0,0.0,5500.0,-77610000.0,0.0,0.0,77610000.0
17/01/2023,12855.2224950168,13750.0,350.0,0.02545455,12581.7071227824,12855.2224950168,12444.9494366652,166500.0,2306405000.0,0.0,0.0,166500.0,2306405000.0,-5900.0,0.0,0.0,5900.0,-81805000.0,0.0,0.0,81805000.0
16/01/2023,12536.12122741,13700.0,50.0,0.00364964,12490.5353320376,12627.2930181548,12399.3635412928,99000.0,1358240000.0,0.0,0.0,99000.0,1358240000.0,500.0,0.0,0.0,-500.0,6830000.0,0.0,0.0,-6830000.0
13/01/2023,12490.5353320376,13700.0,0.0,0.0,12581.7071227824,12627.2930181548,12399.3635412928,82901.0,1136828650.0,0.0,0.0,82901.0,1136828650.0,-1100.0,0.0,0.0,1100.0,-15085000.0,0.0,0.0,15085000.0
12/01/2023,12490.5353320376,13650.0,50.0,0.003663,12490.5353320376,12490.5353320376,12308.191750548,89400.0,1216790000.0,0.0,0.0,89400.0,1216790000.0,1300.0,0.0,0.0,-1300.0,17825000.0,0.0,0.0,-17825000.0
11/01/2023,12444.9494366652,13600.0,50.0,0.00367647,12536.12122741,12672.8789135272,12308.191750548,94300.0,1289170000.0,0.0,0.0,94300.0,1289170000.0,2500.0,0.0,0.0,-2500.0,34005000.0,0.0,0.0,-34005000.0
10/01/2023,12399.3635412928,13950.0,-350.0,-0.02508961,12764.050704272,12764.050704272,12399.3635412928,83900.0,1154135000.0,0.0,0.0,83900.0,1154135000.0,3600.0,0.0,0.0,-3600.0,49880000.0,0.0,0.0,-49880000.0
09/01/2023,12718.4648088996,13950.0,0.0,0.0,12946.3942857616,12946.3942857616,12627.2930181548,101354.0,1415053300.0,0.0,0.0,101354.0,1415053300.0,6700.0,0.0,0.0,-6700.0,93180000.0,0.0,0.0,-93180000.0
06/01/2023,12718.4648088996,13800.0,150.0,0.01086957,12672.8789135272,13174.3237626236,12672.8789135272,267000.0,3789140000.0,0.0,0.0,267000.0,3789140000.0,1600.0,-1500.0,0.0,-100.0,22305000.0,-21525000.0,0.0,-780000.0
05/01/2023,12581.7071227824,13700.0,100.0,0.00729927,12536.12122741,12627.2930181548,12399.3635412928,98900.0,1357140000.0,0.0,0.0,98900.0,1357140000.0,68500.0,-62500.0,0.0,-6000.0,938810000.0,-856765000.0,0.0,-82045000.0
04/01/2023,12490.5353320376,13650.0,50.0,0.003663,12536.12122741,12764.050704272,12262.6058551756,155401.0,2139023650.0,0.0,0.0,155401.0,2139023650.0,-1500.0,0.0,0.0,1500.0,-20685000.0,0.0,0.0,20685000.0
03/01/2023,12444.9494366652,13100.0,550.0,0.04198473,11943.5045875688,12444.9494366652,11943.5045875688,183100.0,2440950000.0,0.0,0.0,183100.0,2440950000.0,-6300.0,0.0,0.0,6300.0,-85215000.0,0.0,0.0,85215000.0
30/12/2022,11943.5045875688,13500.0,-400.0,-0.02962963,12399.3635412928,12399.3635412928,11943.5045875688,79000.0,1050385000.0,0.0,0.0,79000.0,1050385000.0,7700.0,0.0,0.0,-7700.0,102905000.0,0.0,0.0,-102905000.0
29/12/2022,12308.191750548,13500.0,0.0,0.0,12399.3635412928,12399.3635412928,12034.6763783136,92000.0,1233360000.0,0.0,0.0,92000.0,1233360000.0,7300.0,100.0,0.0,-7400.0,98015000.0,1350000.0,0.0,-99365000.0
28/12/2022,12308.191750548,13800.0,-300.0,-0.02173913,12627.2930181548,12627.2930181548,12080.262273686,129200.0,1742450000.0,0.0,0.0,129200.0,1742450000.0,5200.0,100.0,0.0,-5300.0,70950000.0,1350000.0,0.0,-72300000.0
27/12/2022,12581.7071227824,13800.0,0.0,0.0,12581.7071227824,12764.050704272,11806.7469014516,235800.0,3184290000.0,0.0,0.0,235800.0,3184290000.0,10100.0,-200.0,0.0,-9900.0,138750000.0,-2760000.0,0.0,-135990000.0
26/12/2022,12581.7071227824,14300.0,-500.0,-0.03496503,13128.7378672512,13219.909657996,12444.9494366652,207300.0,2935235000.0,0.0,0.0,207300.0,2935235000.0,6200.0,-1100.0,0.0,-5100.0,87965000.0,-15655000.0,0.0,-72310000.0
23/12/2022,13037.5660765064,13450.0,850.0,0.06319703,12262.6058551756,13083.1519718788,12262.6058551756,328900.0,4567125000.0,0.0,0.0,328900.0,4567125000.0,-3100.0,0.0,0.0,3100.0,-43230000.0,0.0,0.0,43230000.0
22/12/2022,12262.6058551756,13100.0,350.0,0.02671756,11943.5045875688,12262.6058551756,11806.7469014516,219300.0,2891830000.0,0.0,0.0,219300.0,2891830000.0,3400.0,100.0,0.0,-3500.0,44555000.0,1320000.0,0.0,-45875000.0
21/12/2022,11943.5045875688,13100.0,0.0,0.0,11989.0904829412,12217.0199598032,11487.6456338448,213300.0,2771505000.0,0.0,0.0,213300.0,2771505000.0,13100.0,0.0,0.0,-13100.0,170295000.0,0.0,0.0,-170295000.0
20/12/2022,11943.5045875688,13500.0,-400.0,-0.02962963,12399.3635412928,12672.8789135272,11852.332796824,251607.0,3353499500.0,81500.0,1141000000.0,333107.0,4494499500.0,5300.0,0.0,0.0,-5300.0,71300000.0,0.0,0.0,-71300000.0
19/12/2022,12308.191750548,14100.0,-600.0,-0.04255319,12946.3942857616,13219.909657996,12308.191750548,281400.0,3965290000.0,0.0,0.0,281400.0,3965290000.0,800.0,0.0,0.0,-800.0,9995000.0,0.0,0.0,-9995000.0
16/12/2022,12855.2224950168,14400.0,-300.0,-0.02083333,13037.5660765064,13128.7378672512,12764.050704272,285800.0,4044025000.0,0.0,0.0,285800.0,4044025000.0,5000.0,0.0,0.0,-5000.0,70500000.0,0.0,0.0,-70500000.0
15/12/2022,13128.7378672512,14500.0,-100.0,-0.00689655,13265.4955533684,13265.4955533684,12991.980181134,123600.0,1780555000.0,0.0,0.0,123600.0,1780555000.0,800.0,-200.0,0.0,-600.0,11705000.0,-2850000.0,0.0,-8855000.0
14/12/2022,13219.909657996,14300.0,200.0,0.01398601,13128.7378672512,13402.2532394856,13037.5660765064,195300.0,2827560000.0,0.0,0.0,195300.0,2827560000.0,100.0,-100.0,0.0,0.0,1440000.0,-1440000.0,0.0,0.0
13/12/2022,13037.5660765064,14200.0,100.0,0.00704225,12946.3942857616,13037.5660765064,12581.7071227824,233110.0,3284794000.0,0.0,0.0,233110.0,3284794000.0,-9000.0,-700.0,0.0,9700.0,-127695000.0,-9910000.0,0.0,137605000.0
12/12/2022,12946.3942857616,14300.0,-100.0,-0.00699301,13219.909657996,13219.909657996,12855.2224950168,229560.0,3299551000.0,0.0,0.0,229560.0,3299551000.0,-10342.0,0.0,0.0,10342.0,-149722800.0,0.0,0.0,149722800.0
09/12/2022,13037.5660765064,13500.0,800.0,0.05925926,12444.9494366652,13128.7378672512,12262.6058551756,390205.0,5441153250.0,0.0,0.0,390205.0,5441153250.0,-16400.0,0.0,0.0,16400.0,-232120000.0,0.0,0.0,232120000.0
08/12/2022,12308.191750548,13500.0,0.0,0.0,12353.7776459204,12672.8789135272,12308.191750548,367800.0,5030540000.0,0.0,0.0,367800.0,5030540000.0,-8900.0,0.0,0.0,8900.0,-122410000.0,0.0,0.0,122410000.0
07/12/2022,12308.191750548,13600.0,-100.0,-0.00735294,12399.3635412928,12764.050704272,12217.0199598032,224000.0,3067450000.0,0.0,0.0,224000.0,3067450000.0,1000.0,400.0,0.0,-1400.0,13805000.0,5550000.0,0.0,-19355000.0
06/12/2022,12399.3635412928,14550.0,-950.0,-0.0652921,13174.3237626236,13219.909657996,12399.3635412928,231612.0,3268751800.0,0.0,0.0,231612.0,3268751800.0,8200.0,-100.0,0.0,-8100.0,116770000.0,-1420000.0,0.0,-115350000.0
05/12/2022,13265.4955533684,14500.0,50.0,0.00344828,13311.0814487408,13402.2532394856,13037.5660765064,269800.0,3914335000.0,0.0,0.0,269800.0,3914335000.0,-11900.0,300.0,0.0,11600.0,-173130000.0,4420000.0,0.0,168710000.0
02/12/2022,13219.909657996,14400.0,100.0,0.00694444,13128.7378672512,13219.909657996,12809.6365996444,112200.0,1604500000.0,0.0,0.0,112200.0,1604500000.0,-2900.0,0.0,0.0,2900.0,-41450000.0,0.0,0.0,41450000.0
01/12/2022,13128.7378672512,14400.0,0.0,0.0,13219.909657996,13584.5968209752,12764.050704272,351367.0,5115269800.0,0.0,0.0,351367.0,5115269800.0,180800.0,-187200.0,0.0,6400.0,2640625000.0,-2734245000.0,0.0,93620000.0
30/11/2022,13128.7378672512,14050.0,350.0,0.02491103,12764.050704272,13219.909657996,12581.7071227824,391601.0,5519304050.0,0.0,0.0,391601.0,5519304050.0,248000.0,-268900.0,0.0,20900.0,3487335000.0,-3781605000.0,0.0,294270000.0
29/11/2022,12809.6365996444,14500.0,-450.0,-0.03103448,13219.909657996,13630.1827163476,12809.6365996444,280110.0,4046545000.0,0.0,0.0,280110.0,4046545000.0,3500.0,100.0,0.0,-3600.0,50465000.0,1450000.0,0.0,-51915000.0
28/11/2022,13219.909657996,14000.0,500.0,0.03571429,12900.8083903892,13219.909657996,12855.2224950168,309000.0,4425410000.0,0.0,0.0,309000.0,4425410000.0,-5300.0,0.0,0.0,5300.0,-75760000.0,0.0,0.0,75760000.0
25/11/2022,12764.050704272,13400.0,600.0,0.04477612,12217.0199598032,12764.050704272,12080.262273686,286710.0,3922054000.0,0.0,0.0,286710.0,3922054000.0,-6200.0,-100.0,0.0,6300.0,-85200000.0,-1345000.0,0.0,86545000.0
24/11/2022,12217.0199598032,13700.0,-300.0,-0.02189781,12536.12122741,12764.050704272,11761.1610060792,264802.0,3521247400.0,0.0,0.0,264802.0,3521247400.0,-1200.0,600.0,0.0,600.0,-15760000.0,7980000.0,0.0,7780000.0
23/11/2022,12490.5353320376,13400.0,300.0,0.02238806,12217.0199598032,12536.12122741,11852.332796824,245450.0,3282325000.0,0.0,0.0,245450.0,3282325000.0,2650.0,0.0,0.0,-2650.0,35365000.0,0.0,0.0,-35365000.0
22/11/2022,12217.0199598032,13200.0,200.0,0.01515152,12217.0199598032,12399.3635412928,11806.7469014516,290874.0,3847259900.0,0.0,0.0,290874.0,3847259900.0,-9660.0,9560.0,9560.0,100.0,-126360000.0,125040000.0,125040000.0,1320000.0
21/11/2022,12034.6763783136,12700.0,500.0,0.03937008,11624.403319962,12217.0199598032,11624.403319962,263012.0,3422834600.0,0.0,0.0,263012.0,3422834600.0,-185801.0,190700.0,190700.0,-4900.0,-2425245000.0,2489425000.0,2489425000.0,-64180000.0
18/11/2022,11578.8174245896,12300.0,400.0,0.03252033,11214.1302616104,11761.1610060792,10940.614889376,272918.0,3396234400.0,0.0,0.0,272918.0,3396234400.0,-207200.0,204400.0,204600.0,2800.0,-2575365000.0,2540625000.0,2543115000.0,34740000.0
17/11/2022,11214.1302616104,11550.0,750.0,0.06493506,10667.0995171416,11259.7161569828,10667.0995171416,427600.0,5179000000.0,0.0,0.0,427600.0,5179000000.0,-389500.0,389500.0,389600.0,0.0,-4721860000.0,4721860000.0,4723080000.0,0.0
16/11/2022,10530.3418310244,10800.0,750.0,0.06944444,9937.7251911832,10530.3418310244,9162.7649698524,303510.0,3360745500.0,0.0,0.0,303510.0,3360745500.0,-130690.0,130690.0,130690.0,0.0,-1448949500.0,1448949500.0,1448949000.0,0.0
15/11/2022,9846.5534004384,11300.0,-500.0,-0.04424779,10120.0687726728,10256.82645879,9618.6239235764,187900.0,2011315000.0,0.0,0.0,187900.0,2011315000.0,0.0,0.0,0.0,0.0,0.0,0.0,0.0,0.0
14/11/2022,10302.4123541624,11400.0,-100.0,-0.00877193,10302.4123541624,10439.1700402796,9709.7957143212,172900.0,1918820000.0,0.0,0.0,172900.0,1918820000.0,-20000.0,20000.0,30000.0,0.0,-232500000.0,232500000.0,339000000.0,0.0
11/11/2022,10393.5841449072,11700.0,-300.0,-0.02564103,10758.2713078864,10758.2713078864,10256.82645879,192800.0,2210650000.0,0.0,0.0,192800.0,2210650000.0,-45200.0,36700.0,36700.0,8500.0,-522740000.0,425365000.0,425365000.0,97375000.0
10/11/2022,10667.0995171416,11900.0,-200.0,-0.01680672,10895.0289940036,10895.0289940036,10165.6546680452,210308.0,2424298800.0,0.0,0.0,210308.0,2424298800.0,5900.0,0.0,0.0,-5900.0,68215000.0,0.0,0.0,-68215000.0
09/11/2022,10849.4430986312,12000.0,-100.0,-0.00833333,10940.614889376,11259.7161569828,10758.2713078864,142803.0,1721996000.0,0.0,0.0,142803.0,1721996000.0,1600.0,0.0,0.0,-1600.0,19210000.0,0.0,0.0,-19210000.0
08/11/2022,10940.614889376,12000.0,0.0,0.0,10940.614889376,11122.9584708656,10484.755935652,147300.0,1750620000.0,0.0,0.0,147300.0,1750620000.0,900.0,0.0,0.0,-900.0,10680000.0,0.0,0.0,-10680000.0
07/11/2022,10940.614889376,12500.0,-500.0,-0.04,11396.4738431,11487.6456338448,10940.614889376,215700.0,2650835000.0,0.0,0.0,215700.0,2650835000.0,58500.0,-48500.0,-48500.0,-10000.0,729770000.0,-606775000.0,-606775000.0,-122995000.0
04/11/2022,11396.4738431,12600.0,-100.0,-0.00793651,11350.8879477276,11487.6456338448,11031.7866801208,259800.0,3202190000.0,0.0,0.0,259800.0,3202190000.0,54400.0,-49200.0,-49200.0,-5200.0,671100000.0,-607270000.0,-607270000.0,-63830000.0
03/11/2022,11487.6456338448,12500.0,100.0,0.008,11396.4738431,11487.6456338448,10986.2007847484,174600.0,2150580000.0,0.0,0.0,174600.0,2150580000.0,38600.0,-44000.0,-44100.0,5400.0,468055000.0,-535745000.0,-536965000.0,67690000.0
02/11/2022,11396.4738431,12700.0,-200.0,-0.01574803,11578.8174245896,11578.8174245896,11305.3020523552,169000.0,2118650000.0,0.0,0.0,169000.0,2118650000.0,59700.0,-56800.0,-56800.0,-2900.0,749090000.0,-712670000.0,-712670000.0,-36420000.0
01/11/2022,11578.8174245896,12700.0,0.0,0.0,11578.8174245896,11806.7469014516,11396.4738431,157600.0,2003770000.0,0.0,0.0,157600.0,2003770000.0,91000.0,-88700.0,-88700.0,-2300.0,1157955000.0,-1128950000.0,-1128950000.0,-29005000.0
31/10/2022,11578.8174245896,12700.0,0.0,0.0,11578.8174245896,11761.1610060792,10940.614889376,247000.0,3089755000.0,0.0,0.0,247000.0,3089755000.0,166700.0,-166200.0,-166100.0,-500.0,2082720000.0,-2076570000.0,-2075320000.0,-6150000.0
28/10/2022,11578.8174245896,12700.0,0.0,0.0,11669.9892153344,11943.5045875688,11487.6456338448,152500.0,1953340000.0,0.0,0.0,152500.0,1953340000.0,104200.0,-115400.0,-115400.0,11200.0,1332730000.0,-1476810000.0,-1476805000.0,144080000.0
27/10/2022,11578.8174245896,12400.0,300.0,0.02419355,11350.8879477276,11578.8174245896,11122.9584708656,207000.0,2578145000.0,0.0,0.0,207000.0,2578145000.0,38400.0,-46100.0,-48100.0,7700.0,475435000.0,-571400000.0,-595800000.0,95965000.0
26/10/2022,11305.3020523552,12300.0,100.0,0.00813008,11305.3020523552,11350.8879477276,10940.614889376,102400.0,1263010000.0,0.0,0.0,102400.0,1263010000.0,39000.0,-32300.0,-32300.0,-6700.0,480540000.0,-398110000.0,-398110000.0,-82430000.0
25/10/2022,11214.1302616104,11800.0,500.0,0.04237288,10940.614889376,11487.6456338448,10758.2713078864,254208.0,3096663800.0,0.0,0.0,254208.0,3096663800.0,3900.0,-8100.0,0.0,4200.0,46935000.0,-97610000.0,0.0,50675000.0
24/10/2022,10758.2713078864,11650.0,150.0,0.01287554,11077.3725754932,11214.1302616104,10211.2405634176,268690.0,3134920000.0,0.0,0.0,268690.0,3134920000.0,-132600.0,131000.0,131000.0,1600.0,-1566065000.0,1548165000.0,1548165000.0,17900000.0
21/10/2022,10621.5136217692,12500.0,-850.0,-0.068,11487.6456338448,11578.8174245896,10621.5136217692,211100.0,2538320000.0,0.0,0.0,211100.0,2538320000.0,-100200.0,105600.0,106400.0,-5400.0,-1218220000.0,1282135000.0,1291560000.0,-63915000.0
20/10/2022,11396.4738431,12600.0,-100.0,-0.00793651,11487.6456338448,11487.6456338448,10940.614889376,104810.0,1282464500.0,0.0,0.0,104810.0,1282464500.0,-55200.0,52000.0,52000.0,3200.0,-682790000.0,643720000.0,643720000.0,39070000.0
19/10/2022,11487.6456338448,12350.0,250.0,0.02024291,11305.3020523552,11578.8174245896,11031.7866801208,198200.0,2461855000.0,0.0,0.0,198200.0,2461855000.0,-114000.0,113300.0,113200.0,700.0,-1418755000.0,1410140000.0,1408900000.0,8615000.0
18/10/2022,11259.7161569828,12350.0,0.0,0.0,11305.3020523552,11669.9892153344,11259.7161569828,265502.0,3316274900.0,0.0,0.0,265502.0,3316274900.0,-200500.0,194000.0,194000.0,6500.0,-2509840000.0,2428630000.0,2428630000.0,81210000.0
17/10/2022,11259.7161569828,12400.0,-50.0,-0.00403226,11214.1302616104,11305.3020523552,10621.5136217692,148000.0,1773650000.0,0.0,0.0,148000.0,1773650000.0,-103101.0,100600.0,100900.0,2500.0,-1241950000.0,1211745000.0,1215345000.0,30205000.0
14/10/2022,11305.3020523552,12000.0,400.0,0.03333333,11031.7866801208,11396.4738431,10940.614889376,227100.0,2776825000.0,0.0,0.0,227100.0,2776825000.0,-3300.0,0.0,0.0,3300.0,-40405000.0,0.0,0.0,40405000.0
13/10/2022,10940.614889376,11750.0,250.0,0.0212766,10712.685412514,11031.7866801208,10667.0995171416,243100.0,2884875000.0,0.0,0.0,243100.0,2884875000.0,8500.0,0.0,0.0,-8500.0,100865000.0,0.0,0.0,-100865000.0
12/10/2022,10712.685412514,11150.0,600.0,0.05381166,10120.0687726728,10803.8572032588,10120.0687726728,331400.0,3803070000.0,0.0,0.0,331400.0,3803070000.0,4100.0,0.0,0.0,-4100.0,47590000.0,0.0,0.0,-47590000.0
11/10/2022,10165.6546680452,11150.0,0.0,0.0,10165.6546680452,10302.4123541624,9709.7957143212,139900.0,1539165000.0,0.0,0.0,139900.0,1539165000.0,-300.0,0.0,0.0,300.0,-3195000.0,0.0,0.0,3195000.0
10/10/2022,10165.6546680452,10650.0,500.0,0.04694836,9390.6944467144,10347.9982495348,9390.6944467144,229900.0,2503940000.0,0.0,0.0,229900.0,2503940000.0,-11800.0,0.0,0.0,11800.0,-127890000.0,0.0,0.0,127890000.0
07/10/2022,9709.7957143212,11400.0,-750.0,-0.06578947,10302.4123541624,10302.4123541624,9709.7957143212,242300.0,2617770000.0,0.0,0.0,242300.0,2617770000.0,-6500.0,100.0,0.0,6400.0,-70730000.0,1070000.0,0.0,69660000.0
06/10/2022,10393.5841449072,12250.0,-850.0,-0.06938776,10940.614889376,11214.1302616104,10393.5841449072,190202.0,2278321200.0,0.0,0.0,190202.0,2278321200.0,0.0,0.0,0.0,0.0,0.0,0.0,0.0,0.0
05/10/2022,11168.544366238,12000.0,250.0,0.02083333,11168.544366238,11396.4738431,10849.4430986312,315070.0,3836709200.0,0.0,0.0,315070.0,3836709200.0,0.0,0.0,0.0,0.0,0.0,0.0,0.0,0.0
04/10/2022,10940.614889376,12400.0,-400.0,-0.03225806,11396.4738431,11578.8174245896,10895.0289940036,165100.0,2017470000.0,0.0,0.0,165100.0,2017470000.0,-300.0,300.0,0.0,0.0,-3670000.0,3670000.0,0.0,0.0
03/10/2022,11305.3020523552,12900.0,-500.0,-0.03875969,11669.9892153344,11852.332796824,11031.7866801208,124248.0,1552658000.0,0.0,0.0,124248.0,1552658000.0,42.0,-42.0,0.0,0.0,512400.0,-512400.0,0.0,0.0
30/09/2022,11761.1610060792,12800.0,100.0,0.0078125,11715.5751107068,11761.1610060792,10940.614889376,301300.0,3736135000.0,0.0,0.0,301300.0,3736135000.0,1800.0,-200.0,0.0,-1600.0,22385000.0,-2515000.0,0.0,-19870000.0
29/09/2022,11669.9892153344,13000.0,-200.0,-0.01538462,11897.9186921964,12125.8481690584,11669.9892153344,85501.0,1112812100.0,0.0,0.0,85501.0,1112812100.0,100.0,0.0,0.0,-100.0,1330000.0,0.0,0.0,-1330000.0
28/09/2022,11852.332796824,13450.0,-450.0,-0.03345725,11852.332796824,12171.4340644308,11669.9892153344,54000.0,709580000.0,0.0,0.0,54000.0,709580000.0,300.0,0.0,0.0,-300.0,3960000.0,0.0,0.0,-3960000.0
27/09/2022,12262.6058551756,13250.0,200.0,0.01509434,12034.6763783136,12262.6058551756,11989.0904829412,28800.0,382655000.0,0.0,0.0,28800.0,382655000.0,-700.0,0.0,0.0,700.0,-9310000.0,0.0,0.0,9310000.0
26/09/2022,12080.262273686,13800.0,-550.0,-0.03985507,12581.7071227824,12581.7071227824,12080.262273686,138130.0,1862877200.0,0.0,0.0,138130.0,1862877200.0,-800.0,1000.0,0.0,-200.0,-11025000.0,13700000.0,0.0,-2675000.0
23/09/2022,12581.7071227824,14000.0,-200.0,-0.01428571,12900.8083903892,12946.3942857616,12581.7071227824,75200.0,1047385000.0,0.0,0.0,75200.0,1047385000.0,-100.0,-100.0,0.0,200.0,-1410000.0,-1380000.0,0.0,2790000.0
22/09/2022,12764.050704272,13950.0,50.0,0.00358423,12536.12122741,12764.050704272,12444.9494366652,70433.0,973788900.0,0.0,0.0,70433.0,973788900.0,-900.0,1000.0,0.0,-100.0,-12385000.0,13775000.0,0.0,-1390000.0
21/09/2022,12718.4648088996,13950.0,0.0,0.0,12718.4648088996,12991.980181134,12536.12122741,67360.0,940848000.0,0.0,0.0,67360.0,940848000.0,-4800.0,0.0,0.0,4800.0,-66570000.0,0.0,0.0,66570000.0
20/09/2022,12718.4648088996,13800.0,150.0,0.01086957,12764.050704272,13037.5660765064,12490.5353320376,107511.0,1494817900.0,0.0,0.0,107511.0,1494817900.0,900.0,700.0,0.0,-1600.0,12440000.0,9670000.0,0.0,-22110000.0
19/09/2022,12581.7071227824,14200.0,-400.0,-0.02816901,12946.3942857616,13219.909657996,12308.191750548,254793.0,3571616650.0,0.0,0.0,254793.0,3571616650.0,18537.0,763.0,0.0,-19300.0,259635600.0,10749400.0,0.0,-270385000.0
16/09/2022,12946.3942857616,14250.0,-50.0,-0.00350877,12991.980181134,13128.7378672512,12809.6365996444,122866.0,1742944300.0,0.0,0.0,122866.0,1742944300.0,2866.0,-66.0,0.0,-2800.0,40734300.0,-894300.0,0.0,-39840000.0
15/09/2022,12991.980181134,14300.0,-50.0,-0.0034965,13128.7378672512,13311.0814487408,12900.8083903892,173138.0,2486316800.0,0.0,0.0,173138.0,2486316800.0,8600.0,-3000.0,0.0,-5600.0,123050000.0,-42900000.0,0.0,-80150000.0
14/09/2022,13037.5660765064,14400.0,-100.0,-0.00694444,12764.050704272,13083.1519718788,12581.7071227824,176450.0,2488687500.0,0.0,0.0,176450.0,2488687500.0,-100.0,0.0,0.0,100.0,-1400000.0,0.0,0.0,1400000.0
13/09/2022,13128.7378672512,14350.0,50.0,0.00348432,13128.7378672512,13311.0814487408,12900.8083903892,90501.0,1291239250.0,0.0,0.0,90501.0,1291239250.0,-5800.0,2000.0,0.0,3800.0,-82405000.0,28300000.0,0.0,54105000.0
12/09/2022,13083.1519718788,14600.0,-250.0,-0.01712329,13128.7378672512,13493.4250302304,12946.3942857616,226266.0,3267353650.0,0.0,0.0,226266.0,3267353650.0,-6890.0,1990.0,0.0,4900.0,-99561250.0,28631250.0,0.0,70930000.0
09/09/2022,13311.0814487408,14500.0,100.0,0.00689655,13265.4955533684,13402.2532394856,12809.6365996444,232400.0,3338195000.0,0.0,0.0,232400.0,3338195000.0,7100.0,900.0,0.0,-8000.0,102160000.0,12855000.0,0.0,-115015000.0
08/09/2022,13219.909657996,14300.0,200.0,0.01398601,13219.909657996,13402.2532394856,12991.980181134,170200.0,2460910000.0,0.0,0.0,170200.0,2460910000.0,6400.0,-500.0,0.0,-5900.0,92000000.0,-7190000.0,0.0,-84810000.0
07/09/2022,13037.5660765064,14600.0,-300.0,-0.02054795,13174.3237626236,13584.5968209752,13037.5660765064,160600.0,2324390000.0,0.0,0.0,160600.0,2324390000.0,5200.0,-200.0,0.0,-5000.0,75805000.0,-2870000.0,0.0,-72935000.0
06/09/2022,13311.0814487408,14550.0,50.0,0.00343643,13219.909657996,13812.5262978372,13219.909657996,132800.0,1960705000.0,0.0,0.0,132800.0,1960705000.0,0.0,0.0,0.0,0.0,0.0,0.0,0.0,0.0
05/09/2022,13265.4955533684,14650.0,-100.0,-0.00682594,13356.6673441132,13402.2532394856,13219.909657996,73200.0,1066895000.0,0.0,0.0,73200.0,1066895000.0,-1200.0,100.0,0.0,1100.0,-17530000.0,1470000.0,0.0,16060000.0
31/08/2022,13356.6673441132,14500.0,150.0,0.01034483,13037.5660765064,13356.6673441132,13037.5660765064,65200.0,942670000.0,0.0,0.0,65200.0,942670000.0,-1700.0,1400.0,0.0,300.0,-24665000.0,20300000.0,0.0,4365000.0
30/08/2022,13219.909657996,14550.0,-50.0,-0.00343643,13311.0814487408,13539.0109256028,13219.909657996,159500.0,2336205000.0,0.0,0.0,159500.0,2336205000.0,-8500.0,700.0,0.0,7800.0,-126245000.0,10220000.0,0.0,116025000.0
29/08/2022,13265.4955533684,15200.0,-650.0,-0.04276316,13402.2532394856,13584.5968209752,13128.7378672512,329800.0,4819715000.0,0.0,0.0,329800.0,4819715000.0,13900.0,3700.0,0.0,-17600.0,202730000.0,54020000.0,0.0,-256750000.0
26/08/2022,13858.1121932096,15450.0,-250.0,-0.01618123,14268.3852515612,14496.3147284232,13858.1121932096,214600.0,3312620000.0,0.0,0.0,214600.0,3312620000.0,3200.0,1200.0,0.0,-4400.0,50025000.0,17335000.0,0.0,-67360000.0
25/08/2022,14086.0416700716,15500.0,-50.0,-0.00322581,14086.0416700716,14268.3852515612,13858.1121932096,156100.0,2416245000.0,0.0,0.0,156100.0,2416245000.0,-3300.0,100.0,0.0,3200.0,-50515000.0,1540000.0,0.0,48975000.0
24/08/2022,14131.627565444,15300.0,200.0,0.0130719,13949.2839839544,14222.7993561888,13858.1121932096,203400.0,3131485000.0,0.0,0.0,203400.0,3131485000.0,-3200.0,100.0,0.0,3100.0,-49310000.0,1585000.0,0.0,47725000.0
23/08/2022,13949.2839839544,15500.0,-200.0,-0.01290323,14040.4557746992,14131.627565444,13447.839134858,222800.0,3383130000.0,0.0,0.0,222800.0,3383130000.0,-1800.0,300.0,0.0,1500.0,-27105000.0,4580000.0,0.0,22525000.0
22/08/2022,14131.627565444,15500.0,0.0,0.0,14040.4557746992,14587.486519168,13812.5262978372,386400.0,5953415000.0,0.0,0.0,386400.0,5953415000.0,17200.0,-100.0,0.0,-17100.0,264835000.0,-1635000.0,0.0,-263200000.0
19/08/2022,14131.627565444,16100.0,-600.0,-0.03726708,14587.486519168,15043.345472892,14131.627565444,165100.0,2636485000.0,0.0,0.0,165100.0,2636485000.0,21900.0,-6200.0,0.0,-15700.0,349965000.0,-99430000.0,0.0,-250535000.0
18/08/2022,14678.6583099128,16000.0,100.0,0.00625,14587.486519168,15134.5172636368,14541.9006237956,443100.0,7226755000.0,0.0,0.0,443100.0,7226755000.0,14700.0,200.0,0.0,-14900.0,239670000.0,3330000.0,0.0,-243000000.0
17/08/2022,14587.486519168,15200.0,800.0,0.05263158,13949.2839839544,14587.486519168,13493.4250302304,545900.0,8460825000.0,0.0,0.0,545900.0,8460825000.0,-7800.0,4700.0,0.0,3100.0,-120430000.0,72865000.0,0.0,47565000.0
16/08/2022,13858.1121932096,15200.0,0.0,0.0,13675.76861172,13994.8698793268,13675.76861172,184900.0,2804725000.0,0.0,0.0,184900.0,2804725000.0,-5700.0,0.0,0.0,5700.0,-86400000.0,0.0,0.0,86400000.0
15/08/2022,13858.1121932096,15000.0,200.0,0.01333333,13766.9404024648,13949.2839839544,13493.4250302304,184000.0,2776740000.0,0.0,0.0,184000.0,2776740000.0,-8900.0,-900.0,0.0,9800.0,-133945000.0,-13625000.0,0.0,147570000.0
12/08/2022,13675.76861172,14950.0,50.0,0.00334448,13356.6673441132,13675.76861172,13356.6673441132,89600.0,1336480000.0,0.0,0.0,89600.0,1336480000.0,-12100.0,100.0,0.0,12000.0,-181175000.0,1490000.0,0.0,179685000.0
11/08/2022,13630.1827163476,15100.0,-150.0,-0.00993377,13903.698088582,14131.627565444,13584.5968209752,379600.0,5731855000.0,0.0,0.0,379600.0,5731855000.0,6900.0,2300.0,0.0,-9200.0,103555000.0,34705000.0,0.0,-138260000.0
10/08/2022,13766.9404024648,15250.0,-150.0,-0.00983607,13949.2839839544,14040.4557746992,13766.9404024648,227900.0,3459305000.0,0.0,0.0,227900.0,3459305000.0,22900.0,1200.0,0.0,-24100.0,346500000.0,18135000.0,0.0,-364635000.0
09/08/2022,13903.698088582,15150.0,100.0,0.00660066,13994.8698793268,13994.8698793268,13675.76861172,243800.0,3696375000.0,0.0,0.0,243800.0,3696375000.0,-800.0,800.0,0.0,0.0,-12205000.0,12205000.0,0.0,0.0
08/08/2022,13812.5262978372,14900.0,250.0,0.01677852,13584.5968209752,13949.2839839544,13584.5968209752,324500.0,4882680000.0,0.0,0.0,324500.0,4882680000.0,-15400.0,10500.0,0.0,4900.0,-233855000.0,160030000.0,0.0,73825000.0
05/08/2022,13584.5968209752,14850.0,50.0,0.003367,13356.6673441132,13584.5968209752,13219.909657996,131100.0,1929265000.0,0.0,0.0,131100.0,1929265000.0,-5700.0,-600.0,0.0,6300.0,-84600000.0,-8730000.0,0.0,93330000.0
04/08/2022,13539.0109256028,14700.0,150.0,0.01020408,13630.1827163476,13812.5262978372,13493.4250302304,178500.0,2671495000.0,0.0,0.0,178500.0,2671495000.0,-6700.0,500.0,0.0,6200.0,-100295000.0,7430000.0,0.0,92865000.0
03/08/2022,13402.2532394856,14550.0,150.0,0.01030928,13219.909657996,13447.839134858,13128.7378672512,229900.0,3366280000.0,0.0,0.0,229900.0,3366280000.0,-16000.0,300.0,0.0,15700.0,-234615000.0,4380000.0,0.0,230235000.0
02/08/2022,13265.4955533684,14300.0,250.0,0.01748252,13265.4955533684,13493.4250302304,13128.7378672512,202100.0,2961665000.0,0.0,0.0,202100.0,2961665000.0,-200.0,0.0,0.0,200.0,-2925000.0,0.0,0.0,2925000.0
01/08/2022,13037.5660765064,14200.0,100.0,0.00704225,12991.980181134,13402.2532394856,12991.980181134,324400.0,4669390000.0,0.0,0.0,324400.0,4669390000.0,-8100.0,2000.0,0.0,6100.0,-116620000.0,28500000.0,0.0,88120000.0
29/07/2022,12946.3942857616,14200.0,0.0,0.0,13037.5660765064,13265.4955533684,12855.2224950168,184100.0,2625320000.0,0.0,0.0,184100.0,2625320000.0,-500.0,0.0,0.0,500.0,-7175000.0,0.0,0.0,7175000.0
28/07/2022,12946.3942857616,14150.0,50.0,0.00353357,13083.1519718788,13174.3237626236,12946.3942857616,97400.0,1394485000.0,0.0,0.0,97400.0,1394485000.0,-9500.0,-200.0,0.0,9700.0,-136300000.0,-2860000.0,0.0,139160000.0
27/07/2022,12900.8083903892,14200.0,-50.0,-0.00352113,12946.3942857616,13083.1519718788,12262.6058551756,226100.0,3146310000.0,0.0,0.0,226100.0,3146310000.0,6100.0,0.0,0.0,-6100.0,86180000.0,0.0,0.0,-86180000.0
26/07/2022,12946.3942857616,14500.0,-300.0,-0.02068966,13219.909657996,13493.4250302304,12946.3942857616,125400.0,1810770000.0,0.0,0.0,125400.0,1810770000.0,8100.0,-800.0,0.0,-7300.0,116915000.0,-11450000.0,0.0,-105465000.0
25/07/2022,13219.909657996,14400.0,100.0,0.00694444,13219.909657996,13539.0109256028,13219.909657996,207500.0,3035915000.0,0.0,0.0,207500.0,3035915000.0,4100.0,-4900.0,0.0,800.0,59995000.0,-71730000.0,0.0,11735000.0
22/07/2022,13128.7378672512,14000.0,400.0,0.02857143,12764.050704272,13402.2532394856,12627.2930181548,327500.0,4692295000.0,0.0,0.0,327500.0,4692295000.0,-12900.0,-100.0,0.0,13000.0,-185045000.0,-1415000.0,0.0,186460000.0
21/07/2022,12764.050704272,14300.0,-300.0,-0.02097902,13037.5660765064,13037.5660765064,12764.050704272,139500.0,1979505000.0,0.0,0.0,139500.0,1979505000.0,-13800.0,100.0,0.0,13700.0,-195820000.0,1420000.0,0.0,194400000.0
20/07/2022,13037.5660765064,14000.0,300.0,0.02142857,13083.1519718788,13174.3237626236,12855.2224950168,166600.0,2383155000.0,0.0,0.0,166600.0,2383155000.0,-54500.0,-400.0,0.0,54900.0,-781080000.0,-5720000.0,0.0,786800000.0
19/07/2022,12764.050704272,14200.0,-200.0,-0.01408451,12855.2224950168,12900.8083903892,12581.7071227824,266900.0,3715730000.0,0.0,0.0,266900.0,3715730000.0,5200.0,0.0,0.0,-5200.0,72005000.0,0.0,0.0,-72005000.0
18/07/2022,12946.3942857616,13900.0,300.0,0.02158273,13128.7378672512,13402.2532394856,12672.8789135272,170300.0,2430955000.0,0.0,0.0,170300.0,2430955000.0,2600.0,-1500.0,0.0,-1100.0,37115000.0,-21390000.0,0.0,-15725000.0
15/07/2022,12672.8789135272,13800.0,100.0,0.00724638,12764.050704272,12946.3942857616,12672.8789135272,192300.0,2699280000.0,0.0,0.0,192300.0,2699280000.0,-200.0,100.0,0.0,100.0,-2980000.0,1405000.0,0.0,1575000.0
14/07/2022,12581.7071227824,13700.0,100.0,0.00729927,12308.191750548,12581.7071227824,11943.5045875688,272200.0,3679875000.0,0.0,0.0,272200.0,3679875000.0,-10700.0,-100.0,-100.0,10800.0,-145660000.0,-1360000.0,-1360000.0,147020000.0
13/07/2022,12490.5353320376,13800.0,-100.0,-0.00724638,12581.7071227824,12855.2224950168,12399.3635412928,184400.0,2558285000.0,0.0,0.0,184400.0,2558285000.0,-7600.0,0.0,0.0,7600.0,-105750000.0,0.0,0.0,105750000.0
12/07/2022,12581.7071227824,13650.0,150.0,0.01098901,12444.9494366652,12764.050704272,12444.9494366652,135100.0,1859220000.0,0.0,0.0,135100.0,1859220000.0,3800.0,-2600.0,0.0,-1200.0,51950000.0,-35615000.0,0.0,-16335000.0
11/07/2022,12444.9494366652,13150.0,500.0,0.03802281,12034.6763783136,12627.2930181548,11989.0904829412,245400.0,3329200000.0,0.0,0.0,245400.0,3329200000.0,4100.0,-5100.0,0.0,1000.0,56075000.0,-69555000.0,0.0,13480000.0
08/07/2022,11989.0904829412,12650.0,500.0,0.03952569,11578.8174245896,12080.262273686,11578.8174245896,221600.0,2878355000.0,0.0,0.0,221600.0,2878355000.0,-3600.0,0.0,0.0,3600.0,-46960000.0,0.0,0.0,46960000.0
07/07/2022,11533.2315292172,12750.0,-100.0,-0.00784314,11624.403319962,11624.403319962,11350.8879477276,61200.0,770300000.0,0.0,0.0,61200.0,770300000.0,0.0,900.0,0.0,-900.0,90000.0,11400000.0,0.0,-11490000.0
06/07/2022,11624.403319962,12750.0,0.0,0.0,11624.403319962,11852.332796824,11533.2315292172,84500.0,1078705000.0,0.0,0.0,84500.0,1078705000.0,-1100.0,0.0,0.0,1100.0,-14120000.0,0.0,0.0,14120000.0
05/07/2022,11624.403319962,13050.0,-300.0,-0.02298851,11761.1610060792,12125.8481690584,11624.403319962,92800.0,1195830000.0,0.0,0.0,92800.0,1195830000.0,2300.0,-100.0,-100.0,-2200.0,29700000.0,-1185000.0,-1290000.0,-28515000.0
04/07/2022,11897.9186921964,13000.0,50.0,0.00384615,12217.0199598032,12217.0199598032,11852.332796824,46900.0,613245000.0,0.0,0.0,46900.0,613245000.0,-1500.0,200.0,0.0,1300.0,-19585000.0,2620000.0,0.0,16965000.0
01/07/2022,11852.332796824,13100.0,-100.0,-0.00763359,11943.5045875688,11943.5045875688,11396.4738431,99200.0,1258715000.0,0.0,0.0,99200.0,1258715000.0,5800.0,-1900.0,0.0,-3900.0,72735000.0,-23745000.0,0.0,-48990000.0
30/06/2022,11943.5045875688,13800.0,-700.0,-0.05072464,12536.12122741,12536.12122741,11943.5045875688,81000.0,1084590000.0,0.0,0.0,81000.0,1084590000.0,3300.0,800.0,0.0,-4100.0,44365000.0,10840000.0,0.0,-55205000.0
29/06/2022,12581.7071227824,13950.0,-150.0,-0.01075269,12536.12122741,12764.050704272,12399.3635412928,41000.0,564165000.0,0.0,0.0,41000.0,564165000.0,2500.0,900.0,0.0,-3400.0,33810000.0,12360000.0,0.0,-46170000.0
28/06/2022,12718.4648088996,13450.0,500.0,0.03717472,12308.191750548,12946.3942857616,12308.191750548,120600.0,1652415000.0,0.0,0.0,120600.0,1652415000.0,-6800.0,0.0,0.0,6800.0,-93495000.0,0.0,0.0,93495000.0
27/06/2022,12262.6058551756,13350.0,100.0,0.00749064,12262.6058551756,12353.7776459204,12171.4340644308,109600.0,1472345000.0,0.0,0.0,109600.0,1472345000.0,-10700.0,2100.0,0.0,8600.0,-143930000.0,28300000.0,0.0,115630000.0
24/06/2022,12171.4340644308,13200.0,150.0,0.01136364,12217.0199598032,12444.9494366652,12080.262273686,96800.0,1298890000.0,0.0,0.0,96800.0,1298890000.0,-6700.0,100.0,0.0,6600.0,-89915000.0,1345000.0,0.0,88570000.0
23/06/2022,12034.6763783136,12850.0,350.0,0.02723735,11669.9892153344,12217.0199598032,11669.9892153344,87500.0,1154925000.0,0.0,0.0,87500.0,1154925000.0,-400.0,400.0,0.0,0.0,-5210000.0,5210000.0,0.0,0.0
22/06/2022,11715.5751107068,12150.0,700.0,0.05761317,11487.6456338448,11852.332796824,11259.7161569828,59600.0,755905000.0,0.0,0.0,59600.0,755905000.0,-4600.0,4100.0,0.0,500.0,-58335000.0,52060000.0,0.0,6275000.0
21/06/2022,11077.3725754932,12700.0,-550.0,-0.04330709,11077.3725754932,11761.1610060792,11031.7866801208,129700.0,1608780000.0,0.0,0.0,129700.0,1608780000.0,-2400.0,1500.0,0.0,900.0,-30505000.0,19265000.0,0.0,11240000.0
20/06/2022,11578.8174245896,13600.0,-900.0,-0.06617647,12399.3635412928,12672.8789135272,11578.8174245896,57000.0,741030000.0,0.0,0.0,57000.0,741030000.0,900.0,-900.0,0.0,0.0,11450000.0,-11450000.0,0.0,0.0
17/06/2022,12399.3635412928,14200.0,-600.0,-0.04225352,12764.050704272,12764.050704272,12080.262273686,171900.0,2311295000.0,0.0,0.0,171900.0,2311295000.0,300.0,100.0,0.0,-400.0,3985000.0,1335000.0,0.0,-5320000.0
16/06/2022,12946.3942857616,14200.0,0.0,0.0,13128.7378672512,13356.6673441132,12946.3942857616,66600.0,961985000.0,0.0,0.0,66600.0,961985000.0,800.0,-800.0,0.0,0.0,11595000.0,-11595000.0,0.0,0.0
15/06/2022,12946.3942857616,15250.0,-1050.0,-0.06885246,13903.698088582,13903.698088582,12946.3942857616,211300.0,3090260000.0,0.0,0.0,211300.0,3090260000.0,-400.0,500.0,0.0,-100.0,-6000000.0,7520000.0,0.0,-1520000.0
14/06/2022,13903.698088582,15550.0,-300.0,-0.0192926,14131.627565444,14359.557042306,13721.3545070924,136300.0,2103860000.0,0.0,0.0,136300.0,2103860000.0,2000.0,100.0,0.0,-2100.0,31000000.0,1545000.0,0.0,-32545000.0
13/06/2022,14177.2134608164,16650.0,-1100.0,-0.06606607,14587.486519168,14861.0018914024,14177.2134608164,170500.0,2705595000.0,0.0,0.0,170500.0,2705595000.0,13600.0,100.0,0.0,-13700.0,219200000.0,1630000.0,0.0,-220830000.0
10/06/2022,15180.1031590092,17100.0,-450.0,-0.02631579,15499.204426616,15727.133903478,15134.5172636368,85800.0,1448660000.0,0.0,0.0,85800.0,1448660000.0,-700.0,700.0,0.0,0.0,-11795000.0,11795000.0,0.0,0.0
09/06/2022,15590.3762173608,16800.0,300.0,0.01785714,15408.0326358712,15818.3056942228,15043.345472892,160000.0,2681595000.0,0.0,0.0,160000.0,2681595000.0,-1300.0,-500.0,0.0,1800.0,-21540000.0,-8400000.0,0.0,29940000.0
08/06/2022,15316.8608451264,16200.0,600.0,0.03703704,14769.8301006576,15453.6185312436,14769.8301006576,124700.0,2091125000.0,0.0,0.0,124700.0,2091125000.0,-11500.0,-2400.0,0.0,13900.0,-193660000.0,-40160000.0,0.0,233820000.0
07/06/2022,14769.8301006576,16050.0,150.0,0.00934579,14633.0724145404,14815.41599603,14496.3147284232,137400.0,2206705000.0,0.0,0.0,137400.0,2206705000.0,-200.0,-100.0,0.0,300.0,-3240000.0,-1585000.0,0.0,4825000.0
06/06/2022,14633.0724145404,16500.0,-450.0,-0.02727273,15134.5172636368,15225.6890543816,14633.0724145404,261600.0,4263420000.0,0.0,0.0,261600.0,4263420000.0,-2400.0,2700.0,0.0,-300.0,-39115000.0,44095000.0,0.0,-4980000.0
03/06/2022,15043.345472892,17000.0,-500.0,-0.02941176,15499.204426616,15499.204426616,15043.345472892,147300.0,2455895000.0,0.0,0.0,147300.0,2455895000.0,10100.0,1200.0,0.0,-11300.0,169295000.0,20130000.0,0.0,-189425000.0
02/06/2022,15499.204426616,17400.0,-400.0,-0.02298851,16046.2351710848,16137.4069618296,15271.274949754,254300.0,4366830000.0,0.0,0.0,254300.0,4366830000.0,5200.0,300.0,0.0,-5500.0,89245000.0,5255000.0,0.0,-94500000.0
01/06/2022,15863.8915895952,17800.0,-400.0,-0.02247191,16319.7505433192,16319.7505433192,15772.7197988504,218500.0,3818345000.0,0.0,0.0,218500.0,3818345000.0,3500.0,300.0,0.0,-3800.0,60835000.0,5315000.0,0.0,-66150000.0
31/05/2022,16228.5787525744,17600.0,200.0,0.01136364,16000.6492757124,16228.5787525744,15909.4774849676,289400.0,5096235000.0,0.0,0.0,289400.0,5096235000.0,-11700.0,200.0,0.0,11500.0,-206330000.0,3500000.0,0.0,202830000.0
30/05/2022,16046.2351710848,18000.0,-400.0,-0.02222222,16410.922334064,16410.922334064,15909.4774849676,349500.0,6169780000.0,0.0,0.0,349500.0,6169780000.0,180200.0,-184400.0,-185800.0,4200.0,3171560000.0,-3245680000.0,-3270430000.0,74120000.0
27/05/2022,16410.922334064,18200.0,-200.0,-0.01098901,16866.781287788,16866.781287788,16000.6492757124,476400.0,8471100000.0,40000.0,680000000.0,516400.0,9151100000.0,312600.0,-312800.0,-314200.0,200.0,5564275000.0,-5567205000.0,-5591955000.0,2930000.0
26/05/2022,16593.2659155536,17350.0,850.0,0.04899135,15909.4774849676,16912.3671831604,15863.8915895952,533000.0,9716130000.0,0.0,0.0,533000.0,9716130000.0,800.0,-800.0,0.0,0.0,15740000.0,-14830000.0,0.0,-910000.0
25/05/2022,15818.3056942228,16900.0,450.0,0.02662722,15499.204426616,15955.06338034,15225.6890543816,257900.0,4400650000.0,0.0,0.0,257900.0,4400650000.0,-3400.0,0.0,0.0,3400.0,-57980000.0,-40000.0,0.0,58020000.0
24/05/2022,15408.0326358712,16800.0,100.0,0.00595238,15316.8608451264,15499.204426616,14906.5877867748,195400.0,3270665000.0,0.0,0.0,195400.0,3270665000.0,-300.0,400.0,0.0,-100.0,-4980000.0,6655000.0,0.0,-1675000.0
23/05/2022,15316.8608451264,17000.0,-200.0,-0.01176471,15772.7197988504,15955.06338034,15134.5172636368,289400.0,4926945000.0,0.0,0.0,289400.0,4926945000.0,600.0,0.0,0.0,-600.0,10485000.0,-195000.0,0.0,-10290000.0
20/05/2022,15499.204426616,16550.0,450.0,0.02719033,15225.6890543816,15772.7197988504,14906.5877867748,217800.0,3673965000.0,500000.0,8750000000.0,717800.0,12423965000.0,2900.0,-3000.0,0.0,100.0,49105000.0,-50860000.0,0.0,1755000.0
19/05/2022,15088.9313682644,17000.0,-450.0,-0.02647059,15316.8608451264,15499.204426616,15043.345472892,153200.0,2557115000.0,0.0,0.0,153200.0,2557115000.0,-8800.0,9600.0,0.0,-800.0,-147925000.0,161125000.0,0.0,-13200000.0
18/05/2022,15499.204426616,17550.0,-550.0,-0.03133903,16000.6492757124,16410.922334064,15499.204426616,278900.0,4882995000.0,0.0,0.0,278900.0,4882995000.0,-200.0,300.0,0.0,-100.0,-3460000.0,5240000.0,0.0,-1780000.0
17/05/2022,16000.6492757124,16900.0,650.0,0.03846154,15134.5172636368,16319.7505433192,14587.486519168,518500.0,8862005000.0,0.0,0.0,518500.0,8862005000.0,-800.0,-700.0,0.0,1500.0,-12935000.0,-12075000.0,0.0,25010000.0
16/05/2022,15408.0326358712,17000.0,-100.0,-0.00588235,15590.3762173608,15863.8915895952,14450.7288330508,736500.0,12272050000.0,0.0,0.0,736500.0,12272050000.0,-4400.0,3200.0,0.0,1200.0,-70645000.0,52655000.0,0.0,17990000.0
13/05/2022,15499.204426616,17000.0,0.0,0.0,15134.5172636368,15772.7197988504,14450.7288330508,477400.0,7927230000.0,0.0,0.0,477400.0,7927230000.0,66200.0,0.0,0.0,-66200.0,1125305000.0,95000.0,0.0,-1125400000.0
12/05/2022,15499.204426616,17500.0,-500.0,-0.02857143,16046.2351710848,16046.2351710848,14861.0018914024,246900.0,4141715000.0,0.0,0.0,246900.0,4141715000.0,11700.0,200.0,0.0,-11900.0,199190000.0,3260000.0,0.0,-202450000.0
11/05/2022,15955.06338034,17400.0,100.0,0.00574713,16046.2351710848,16228.5787525744,15590.3762173608,183800.0,3201570000.0,0.0,0.0,183800.0,3201570000.0,-800.0,-100.0,0.0,900.0,-13985000.0,-1745000.0,0.0,15730000.0
10/05/2022,15863.8915895952,16600.0,800.0,0.04819277,15408.0326358712,15863.8915895952,14587.486519168,267400.0,4516765000.0,0.0,0.0,267400.0,4516765000.0,2100.0,0.0,0.0,-2100.0,35130000.0,0.0,0.0,-35130000.0
09/05/2022,15134.5172636368,17800.0,-1200.0,-0.06741573,16228.5787525744,16593.2659155536,15134.5172636368,185100.0,3177125000.0,0.0,0.0,185100.0,3177125000.0,100.0,0.0,0.0,-100.0,1775000.0,0.0,0.0,-1775000.0
06/05/2022,16228.5787525744,18400.0,-600.0,-0.0326087,16182.992857202,16730.0236016708,16137.4069618296,143800.0,2571785000.0,0.0,0.0,143800.0,2571785000.0,7000.0,100.0,0.0,-7100.0,125555000.0,1810000.0,0.0,-127365000.0
05/05/2022,16775.6094970432,17800.0,600.0,0.03370787,17231.4684507672,17231.4684507672,16091.8210664572,213300.0,3877020000.0,0.0,0.0,213300.0,3877020000.0,11200.0,-3300.0,0.0,-7900.0,202765000.0,-62100000.0,0.0,-140665000.0
04/05/2022,16228.5787525744,18350.0,-550.0,-0.02997275,16410.922334064,16684.4377062984,16228.5787525744,86500.0,1552485000.0,0.0,0.0,86500.0,1552485000.0,5500.0,0.0,0.0,-5500.0,98735000.0,0.0,0.0,-98735000.0
29/04/2022,16730.0236016708,18000.0,350.0,0.01944444,16046.2351710848,16821.1953924156,16046.2351710848,140100.0,2553085000.0,0.0,0.0,140100.0,2553085000.0,1200.0,100.0,0.0,-1300.0,21460000.0,1810000.0,0.0,-23270000.0
28/04/2022,16410.922334064,17300.0,700.0,0.04046243,15863.8915895952,16547.6800201812,15772.7197988504,303200.0,5419530000.0,0.0,0.0,303200.0,5419530000.0,-700.0,400.0,0.0,300.0,-11360000.0,7175000.0,0.0,4185000.0
27/04/2022,15772.7197988504,16700.0,600.0,0.03592814,15225.6890543816,15772.7197988504,15225.6890543816,128200.0,2177910000.0,0.0,0.0,128200.0,2177910000.0,-2600.0,3000.0,0.0,-400.0,-44615000.0,50850000.0,0.0,-6235000.0
26/04/2022,15225.6890543816,16050.0,650.0,0.04049844,15316.8608451264,15316.8608451264,13766.9404024648,160600.0,2580215000.0,0.0,0.0,160600.0,2580215000.0,-9700.0,600.0,0.0,9100.0,-157915000.0,10000000.0,0.0,147915000.0
25/04/2022,14633.0724145404,17150.0,-1100.0,-0.06413994,16182.992857202,16182.992857202,14633.0724145404,126700.0,2142190000.0,0.0,0.0,126700.0,2142190000.0,-800.0,-100.0,0.0,900.0,-12815000.0,-1720000.0,0.0,14535000.0
22/04/2022,15635.9621127332,17000.0,150.0,0.00882353,15134.5172636368,16365.3364386916,15134.5172636368,148300.0,2596360000.0,0.0,0.0,148300.0,2596360000.0,-3600.0,200.0,0.0,3400.0,-63335000.0,3505000.0,0.0,59830000.0
21/04/2022,15499.204426616,18200.0,-1200.0,-0.06593407,15453.6185312436,16091.8210664572,15453.6185312436,314900.0,5376255000.0,0.0,0.0,314900.0,5376255000.0,-13600.0,-4900.0,0.0,18500.0,-235240000.0,-83275000.0,0.0,318515000.0
20/04/2022,16593.2659155536,19450.0,-1250.0,-0.06426735,17504.9838230016,17550.569718374,16593.2659155536,180800.0,3387135000.0,0.0,0.0,180800.0,3387135000.0,600.0,-200.0,0.0,-400.0,11235000.0,-3760000.0,0.0,-7475000.0
19/04/2022,17732.9132998636,20600.0,-1150.0,-0.05582524,18781.3888934288,19146.076056408,17732.9132998636,162600.0,3292935000.0,0.0,0.0,162600.0,3292935000.0,-100.0,100.0,0.0,0.0,-1990000.0,1990000.0,0.0,0.0
18/04/2022,18781.3888934288,21800.0,-1200.0,-0.05504587,19601.935010132,19601.935010132,18507.8735211944,220200.0,4520930000.0,0.0,0.0,220200.0,4520930000.0,-300.0,300.0,0.0,0.0,-5995000.0,6145000.0,0.0,-150000.0
15/04/2022,19875.4503823664,22250.0,-450.0,-0.02022472,20513.65291758,20878.3400805592,19875.4503823664,173900.0,3897150000.0,0.0,0.0,173900.0,3897150000.0,2400.0,1200.0,0.0,-3600.0,54130000.0,27060000.0,0.0,-81190000.0
14/04/2022,20285.723440718,20801.0,1449.0,0.06966011,20012.2080684836,20285.723440718,20012.2080684836,217100.0,4813965000.0,0.0,0.0,217100.0,4813965000.0,0.0,0.0,0.0,0.0,0.0,0.0,0.0,0.0
13/04/2022,18964.8265364073,27000.0,-400.0,-0.01481481,19749.0862803941,19820.3826207565,18109.2704520581,381600.0,10164535000.0,0.0,0.0,381600.0,10164535000.0,200.0,-200.0,0.0,0.0,6455000.0,-5335000.0,0.0,-1120000.0
12/04/2022,19250.0118978571,29000.0,-2000.0,-0.06896552,20818.5313858306,21388.9021087301,19250.0118978571,361100.0,10216050000.0,0.0,0.0,361100.0,10216050000.0,1800.0,400.0,0.0,-2200.0,56590000.0,11640000.0,0.0,-68230000.0
08/04/2022,20675.9387051057,30100.0,-1100.0,-0.03654485,21638.4392999986,21887.9764912671,20675.9387051057,220200.0,6571415000.0,0.0,0.0,220200.0,6571415000.0,10900.0,0.0,0.0,-10900.0,328730000.0,0.0,0.0,-328730000.0
07/04/2022,21460.1984490925,31000.0,-900.0,-0.02903226,22101.8655123544,22351.4027036229,21460.1984490925,283800.0,8688470000.0,0.0,0.0,283800.0,8688470000.0,21100.0,-400.0,0.0,-20700.0,642750000.0,-12450000.0,0.0,-630300000.0
06/04/2022,22101.8655123544,31500.0,-500.0,-0.01587302,22173.1618527168,22458.3472141666,22101.8655123544,249000.0,7772350000.0,0.0,0.0,249000.0,7772350000.0,-3800.0,-500.0,0.0,4300.0,-118935000.0,-15550000.0,0.0,134485000.0
05/04/2022,22458.3472141666,31600.0,-100.0,-0.00316456,22707.8844054351,22707.8844054351,22351.4027036229,256000.0,8085565000.0,0.0,0.0,256000.0,8085565000.0,-3900.0,4800.0,0.0,-900.0,-124040000.0,152390000.0,0.0,-28350000.0
04/04/2022,22529.643554529,31100.0,500.0,0.01607717,22458.3472141666,22814.8289159788,22458.3472141666,204200.0,6472260000.0,0.0,0.0,204200.0,6472260000.0,-3600.0,0.0,0.0,3600.0,-114395000.0,30000.0,0.0,114365000.0
01/04/2022,22173.1618527168,30300.0,800.0,0.02640264,21602.7911298174,22244.4581930793,21531.4947894549,217200.0,6637145000.0,0.0,0.0,217200.0,6637145000.0,-2800.0,200.0,0.0,2600.0,-87015000.0,6085000.0,0.0,80930000.0
31/03/2022,21602.7911298174,30050.0,250.0,0.00831947,21460.1984490925,21994.9210018108,21460.1984490925,168400.0,5122850000.0,0.0,0.0,168400.0,5122850000.0,9100.0,100.0,0.0,-9200.0,276840000.0,3035000.0,0.0,-279875000.0
30/03/2022,21424.5502789113,32200.0,-2150.0,-0.06677019,22814.8289159788,23171.3106177909,21424.5502789113,457000.0,14293555000.0,0.0,0.0,457000.0,14293555000.0,11500.0,-2000.0,0.0,-9500.0,355220000.0,-63890000.0,0.0,-291330000.0
29/03/2022,22957.4215967036,31900.0,300.0,0.00940439,22743.5325756163,23385.1996388782,22743.5325756163,330100.0,10684150000.0,0.0,0.0,330100.0,10684150000.0,-500.0,800.0,0.0,-300.0,-17215000.0,25815000.0,0.0,-8600000.0
28/03/2022,22743.5325756163,33000.0,-1100.0,-0.03333333,23242.6069581534,23242.6069581534,22707.8844054351,287300.0,9239570000.0,0.0,0.0,287300.0,9239570000.0,4900.0,-800.0,0.0,-4100.0,156915000.0,-25525000.0,0.0,-131390000.0
25/03/2022,23527.7923196031,33100.0,-100.0,-0.00302115,24383.3484039523,24490.2929144959,23385.1996388782,495400.0,16561190000.0,0.0,0.0,495400.0,16561190000.0,1200.0,-100.0,0.0,-1100.0,38045000.0,-2955000.0,0.0,-35090000.0
24/03/2022,23599.0886599655,30950.0,2150.0,0.06946688,22244.4581930793,23599.0886599655,22066.2173421732,595300.0,19288940000.0,0.0,0.0,595300.0,19288940000.0,-7600.0,1400.0,0.0,6200.0,-240795000.0,44490000.0,0.0,196305000.0
23/03/2022,22066.2173421732,30350.0,600.0,0.01976936,21674.0874701798,22101.8655123544,21674.0874701798,257300.0,7907935000.0,0.0,0.0,257300.0,7907935000.0,-16500.0,1400.0,0.0,15100.0,-507860000.0,43130000.0,0.0,464730000.0
22/03/2022,21638.4392999986,30300.0,50.0,0.00165017,21745.3838105422,21923.6246614483,21638.4392999986,166100.0,5054740000.0,0.0,0.0,166100.0,5054740000.0,-5600.0,500.0,0.0,5100.0,-170675000.0,15225000.0,0.0,155450000.0
21/03/2022,21602.7911298174,30300.0,0.0,0.0,21602.7911298174,22030.569171992,21495.8466192737,176600.0,5353625000.0,0.0,0.0,176600.0,5353625000.0,-1800.0,-100.0,0.0,1900.0,-54710000.0,-3040000.0,0.0,57750000.0
18/03/2022,21602.7911298174,30700.0,-400.0,-0.01302932,22387.0508738042,22387.0508738042,21602.7911298174,169600.0,5163500000.0,0.0,0.0,169600.0,5163500000.0,4700.0,300.0,0.0,-5000.0,142490000.0,9110000.0,0.0,-151600000.0
17/03/2022,21887.9764912671,30850.0,-150.0,-0.00486224,21994.9210018108,22458.3472141666,21781.0319807235,164800.0,5075160000.0,0.0,0.0,164800.0,5075160000.0,-3800.0,-300.0,0.0,4100.0,-118885000.0,-9300000.0,0.0,128185000.0
16/03/2022,21994.9210018108,30000.0,850.0,0.02833333,21460.1984490925,22458.3472141666,21317.6057683676,292900.0,8971235000.0,0.0,0.0,292900.0,8971235000.0,-3000.0,-200.0,0.0,3200.0,-93105000.0,-6320000.0,0.0,99425000.0
15/03/2022,21388.9021087301,29950.0,50.0,0.00166945,21246.3094280052,21745.3838105422,21246.3094280052,291000.0,8761575000.0,0.0,0.0,291000.0,8761575000.0,-100.0,100.0,0.0,0.0,-3000000.0,3000000.0,0.0,0.0
14/03/2022,21353.2539385489,30550.0,-600.0,-0.01963993,21424.5502789113,21602.7911298174,20675.9387051057,157300.0,4712625000.0,0.0,0.0,157300.0,4712625000.0,-100.0,0.0,0.0,100.0,-3020000.0,10000.0,0.0,3010000.0
11/03/2022,21781.0319807235,29850.0,700.0,0.02345059,21388.9021087301,22422.6990439854,21246.3094280052,376900.0,11435640000.0,0.0,0.0,376900.0,11435640000.0,-21100.0,200.0,0.0,20900.0,-646675000.0,6080000.0,0.0,640595000.0
10/03/2022,21281.9575981864,29350.0,500.0,0.01703578,21032.4204069179,21638.4392999986,21032.4204069179,89900.0,2673060000.0,0.0,0.0,89900.0,2673060000.0,0.0,100.0,0.0,-100.0,10000.0,2990000.0,0.0,-3000000.0
09/03/2022,20925.4758963743,29900.0,-550.0,-0.01839465,21388.9021087301,21388.9021087301,20675.9387051057,220900.0,6518325000.0,0.0,0.0,220900.0,6518325000.0,-100.0,0.0,0.0,100.0,-2920000.0,0.0,0.0,2920000.0
08/03/2022,21317.6057683676,30350.0,-450.0,-0.01482702,21638.4392999986,21638.4392999986,21317.6057683676,307500.0,9256570000.0,0.0,0.0,307500.0,9256570000.0,10100.0,200.0,0.0,-10300.0,304095000.0,6025000.0,0.0,-310120000.0
07/03/2022,21638.4392999986,30700.0,-350.0,-0.01140065,21745.3838105422,21923.6246614483,21567.1429596362,246700.0,7510555000.0,0.0,0.0,246700.0,7510555000.0,8900.0,0.0,0.0,-8900.0,270355000.0,0.0,0.0,-270355000.0
04/03/2022,21887.9764912671,30700.0,0.0,0.0,21959.2728316295,22030.569171992,21745.3838105422,264100.0,8118380000.0,0.0,0.0,264100.0,8118380000.0,1000.0,100.0,0.0,-1100.0,30785000.0,3075000.0,0.0,-33860000.0
03/03/2022,21887.9764912671,30100.0,600.0,0.01993355,21460.1984490925,21887.9764912671,21460.1984490925,269300.0,8175785000.0,0.0,0.0,269300.0,8175785000.0,-7800.0,0.0,0.0,7800.0,-238725000.0,0.0,0.0,238725000.0
02/03/2022,21460.1984490925,30200.0,-100.0,-0.00331126,21531.4947894549,21674.0874701798,21317.6057683676,280500.0,8442080000.0,0.0,0.0,280500.0,8442080000.0,-9900.0,-100.0,0.0,10000.0,-298875000.0,-2985000.0,0.0,301860000.0
01/03/2022,21531.4947894549,30300.0,-100.0,-0.00330033,21602.7911298174,21887.9764912671,21246.3094280052,426300.0,12893295000.0,0.0,0.0,426300.0,12893295000.0,-8500.0,200.0,0.0,8300.0,-259560000.0,6060000.0,0.0,253500000.0
28/02/2022,21602.7911298174,31000.0,-700.0,-0.02258065,22101.8655123544,22101.8655123544,21460.1984490925,539900.0,16435585000.0,0.0,0.0,539900.0,16435585000.0,0.0,0.0,0.0,0.0,0.0,0.0,0.0,0.0
25/02/2022,22101.8655123544,30500.0,500.0,0.01639344,21816.6801509047,22101.8655123544,21674.0874701798,539300.0,16507135000.0,0.0,0.0,539300.0,16507135000.0,-100.0,0.0,0.0,100.0,-3060000.0,10000.0,0.0,3050000.0
24/02/2022,21745.3838105422,31650.0,-1150.0,-0.03633491,22458.3472141666,22565.2917247102,21032.4204069179,732200.0,22637400000.0,0.0,0.0,732200.0,22637400000.0,13900.0,200.0,0.0,-14100.0,429620000.0,6080000.0,0.0,-435700000.0
23/02/2022,22565.2917247102,31550.0,100.0,0.00316957,22600.9398948915,22921.7734265224,22529.643554529,397900.0,12665845000.0,0.0,0.0,397900.0,12665845000.0,3000.0,0.0,0.0,-3000.0,95090000.0,0.0,0.0,-95090000.0
22/02/2022,22493.9953843478,32300.0,-750.0,-0.02321981,22957.4215967036,23135.6624476097,22387.0508738042,353600.0,11223430000.0,0.0,0.0,353600.0,11223430000.0,1300.0,0.0,0.0,-1300.0,41385000.0,-50000.0,0.0,-41335000.0
21/02/2022,23028.7179370661,32300.0,0.0,0.0,22814.8289159788,23313.9032985158,22743.5325756163,362500.0,11649450000.0,0.0,0.0,362500.0,11649450000.0,-1000.0,0.0,0.0,1000.0,-32180000.0,0.0,0.0,32180000.0
18/02/2022,23028.7179370661,31850.0,450.0,0.01412873,22743.5325756163,23135.6624476097,22672.2362352539,338500.0,10865400000.0,0.0,0.0,338500.0,10865400000.0,-10700.0,100.0,0.0,10600.0,-343490000.0,3220000.0,0.0,340270000.0
17/02/2022,22707.8844054351,31850.0,0.0,0.0,22707.8844054351,23100.0142774285,22529.643554529,355800.0,11357015000.0,0.0,0.0,355800.0,11357015000.0,9400.0,-9900.0,0.0,500.0,299390000.0,-315340000.0,0.0,15950000.0
16/02/2022,22707.8844054351,31600.0,250.0,0.00791139,22600.9398948915,22993.0697668848,22493.9953843478,351100.0,11170940000.0,0.0,0.0,351100.0,11170940000.0,300.0,0.0,0.0,-300.0,9540000.0,0.0,0.0,-9540000.0
15/02/2022,22529.643554529,31700.0,-100.0,-0.00315457,22743.5325756163,23171.3106177909,22101.8655123544,285600.0,9039610000.0,0.0,0.0,285600.0,9039610000.0,200.0,0.0,0.0,-200.0,6290000.0,0.0,0.0,-6290000.0
14/02/2022,22600.9398948915,32900.0,-1200.0,-0.03647416,23349.551468697,23527.7923196031,22600.9398948915,372100.0,11949385000.0,0.0,0.0,372100.0,11949385000.0,3200.0,0.0,0.0,-3200.0,102050000.0,0.0,0.0,-102050000.0
11/02/2022,23456.4959792407,33000.0,-100.0,-0.0030303,23456.4959792407,24240.7557232274,23100.0142774285,474100.0,15619080000.0,0.0,0.0,474100.0,15619080000.0,7300.0,100.0,0.0,-7400.0,239345000.0,3270000.0,0.0,-242615000.0
10/02/2022,23527.7923196031,33000.0,0.0,0.0,23171.3106177909,23884.2740214153,23100.0142774285,420300.0,13820895000.0,0.0,0.0,420300.0,13820895000.0,16400.0,800.0,0.0,-17200.0,536235000.0,25920000.0,0.0,-562155000.0
09/02/2022,23527.7923196031,31750.0,1250.0,0.03937008,22850.47708616,23670.385000328,22814.8289159788,707200.0,23093455000.0,0.0,0.0,707200.0,23093455000.0,-31800.0,0.0,0.0,31800.0,-1035275000.0,-3800000.0,0.0,1039075000.0
08/02/2022,22636.5880650727,29700.0,2050.0,0.06902357,21175.0130876428,22636.5880650727,21175.0130876428,467400.0,14469160000.0,0.0,0.0,467400.0,14469160000.0,-8000.0,0.0,0.0,8000.0,-240130000.0,0.0,0.0,240130000.0
07/02/2022,21175.0130876428,29050.0,650.0,0.02237522,21032.4204069179,21602.7911298174,20818.5313858306,391700.0,11616660000.0,0.0,0.0,391700.0,11616660000.0,-19400.0,0.0,0.0,19400.0,-577255000.0,0.0,0.0,577255000.0
28/01/2022,20711.586875287,29050.0,0.0,0.0,20711.586875287,21103.7167472803,20462.0496840184,422700.0,12289030000.0,0.0,0.0,422700.0,12289030000.0,0.0,0.0,0.0,0.0,0.0,0.0,0.0,0.0
27/01/2022,20711.586875287,29500.0,-450.0,-0.01525424,21175.0130876428,21388.9021087301,20675.9387051057,303600.0,8929545000.0,0.0,0.0,303600.0,8929545000.0,-100.0,0.0,0.0,100.0,-2870000.0,5000.0,0.0,2865000.0
26/01/2022,21032.4204069179,28900.0,600.0,0.02076125,20675.9387051057,21388.9021087301,20390.753343656,347800.0,10168905000.0,0.0,0.0,347800.0,10168905000.0,-900.0,0.0,0.0,900.0,-25945000.0,0.0,0.0,25945000.0
25/01/2022,20604.6423647433,28700.0,200.0,0.00696864,20462.0496840184,20675.9387051057,19856.0307909378,305600.0,8693870000.0,0.0,0.0,305600.0,8693870000.0,5600.0,-100.0,0.0,-5500.0,160565000.0,-2825000.0,0.0,-157740000.0
24/01/2022,20462.0496840184,30100.0,-1400.0,-0.04651163,21602.7911298174,21602.7911298174,20462.0496840184,276600.0,8238955000.0,0.0,0.0,276600.0,8238955000.0,-200.0,100.0,0.0,100.0,-6000000.0,3005000.0,0.0,2995000.0
21/01/2022,21460.1984490925,31000.0,-900.0,-0.02903226,22315.7545334417,22315.7545334417,21460.1984490925,318500.0,9772160000.0,0.0,0.0,318500.0,9772160000.0,-1000.0,0.0,0.0,1000.0,-30535000.0,0.0,0.0,30535000.0
20/01/2022,22101.8655123544,29950.0,1050.0,0.03505843,21353.2539385489,22101.8655123544,21317.6057683676,530900.0,16147645000.0,0.0,0.0,530900.0,16147645000.0,-4600.0,0.0,0.0,4600.0,-140945000.0,0.0,0.0,140945000.0
19/01/2022,21353.2539385489,30000.0,-50.0,-0.00166667,21032.4204069179,22315.7545334417,20675.9387051057,447200.0,13403295000.0,0.0,0.0,447200.0,13403295000.0,5500.0,0.0,0.0,-5500.0,163580000.0,0.0,0.0,-163580000.0
18/01/2022,21388.9021087301,32200.0,-2200.0,-0.06832298,22957.4215967036,23171.3106177909,21388.9021087301,477700.0,14851520000.0,0.0,0.0,477700.0,14851520000.0,-1300.0,200.0,0.0,1100.0,-41800000.0,6400000.0,0.0,35400000.0
17/01/2022,22957.4215967036,34400.0,-2200.0,-0.06395349,24597.2374250396,24953.7191268518,22957.4215967036,482900.0,16343520000.0,0.0,0.0,482900.0,16343520000.0,-400.0,0.0,0.0,400.0,-13560000.0,100000.0,0.0,13460000.0
14/01/2022,24525.9410846772,33750.0,650.0,0.01925926,23884.2740214153,25737.9788708385,22814.8289159788,506900.0,17418485000.0,0.0,0.0,506900.0,17418485000.0,1000.0,-1300.0,0.0,300.0,33115000.0,-43035000.0,0.0,9920000.0
13/01/2022,24062.5148723213,35500.0,-1750.0,-0.04929577,25381.4971690264,26023.1642322883,24062.5148723213,542900.0,19062265000.0,0.0,0.0,542900.0,19062265000.0,-5400.0,-300.0,0.0,5700.0,-190940000.0,-10140000.0,0.0,201080000.0
12/01/2022,25310.2008286639,35500.0,0.0,0.0,25381.4971690264,26379.6459341004,24704.1819355832,576700.0,20530445000.0,0.0,0.0,576700.0,20530445000.0,100.0,0.0,0.0,-100.0,3585000.0,0.0,0.0,-3585000.0
11/01/2022,25310.2008286639,36300.0,-800.0,-0.02203857,25880.5715515634,26736.1276359126,25203.2563181203,604000.0,21787745000.0,0.0,0.0,604000.0,21787745000.0,700.0,-100.0,0.0,-600.0,25410000.0,-3625000.0,0.0,-21785000.0
10/01/2022,25880.5715515634,37600.0,-1300.0,-0.03457447,26736.1276359126,27092.6093377248,25737.9788708385,742800.0,27499490000.0,0.0,0.0,742800.0,27499490000.0,1600.0,-200.0,0.0,-1400.0,58325000.0,-7420000.0,0.0,-50905000.0
07/01/2022,26807.423976275,38400.0,-800.0,-0.02083333,27163.9056780872,27377.7946991745,26807.423976275,371500.0,14060825000.0,0.0,0.0,371500.0,14060825000.0,300.0,0.0,0.0,-300.0,11510000.0,-105000.0,0.0,-11405000.0
06/01/2022,27377.7946991745,38300.0,100.0,0.00261097,27163.9056780872,27520.3873798994,26950.0166569999,377900.0,14391685000.0,0.0,0.0,377900.0,14391685000.0,500.0,100.0,0.0,-600.0,19245000.0,3780000.0,0.0,-23025000.0
05/01/2022,27306.4983588121,39250.0,-950.0,-0.02420382,27948.165422074,27948.165422074,27306.4983588121,458800.0,17713015000.0,0.0,0.0,458800.0,17713015000.0,400.0,0.0,0.0,-400.0,15315000.0,25000.0,0.0,-15340000.0
04/01/2022,27983.8135922552,40000.0,-750.0,-0.01875,28518.5361449734,28518.5361449734,27841.2209115303,412800.0,16273020000.0,8500000.0,361250000000.0,8912800.0,377523020000.0,-1900.0,2400.0,0.0,-500.0,-74720000.0,94420000.0,0.0,-19700000.0
31/12/2021,28518.5361449734,39000.0,1000.0,0.02564103,27805.5727413491,28518.5361449734,27377.7946991745,484700.0,19149080000.0,1800000.0,72000000000.0,2284700.0,91149080000.0,44100.0,-1900.0,0.0,-42200.0,1737110000.0,-77280000.0,0.0,-1659830000.0
30/12/2021,27805.5727413491,38400.0,600.0,0.015625,27306.4983588121,27805.5727413491,26736.1276359126,418900.0,16008080000.0,0.0,0.0,418900.0,16008080000.0,2200.0,0.0,0.0,-2200.0,83445000.0,0.0,0.0,-83445000.0
29/12/2021,27377.7946991745,38400.0,0.0,0.0,27449.0910395369,27591.6837202618,27092.6093377248,372900.0,14289380000.0,0.0,0.0,372900.0,14289380000.0,-3200.0,2100.0,0.0,1100.0,-122020000.0,79980000.0,0.0,42040000.0
28/12/2021,27377.7946991745,37100.0,1300.0,0.03504043,26950.0166569999,27591.6837202618,26629.1831253689,473100.0,17840835000.0,0.0,0.0,473100.0,17840835000.0,-8500.0,0.0,0.0,8500.0,-319405000.0,10000.0,0.0,319395000.0
27/12/2021,26450.9422744629,36900.0,200.0,0.00542005,26201.4050831943,26736.1276359126,26201.4050831943,188300.0,6983535000.0,0.0,0.0,188300.0,6983535000.0,-1100.0,100.0,0.0,1000.0,-40830000.0,3740000.0,0.0,37090000.0
24/12/2021,26308.349593738,37500.0,-600.0,-0.016,26807.423976275,27092.6093377248,26308.349593738,304100.0,11317960000.0,0.0,0.0,304100.0,11317960000.0,-1800.0,0.0,0.0,1800.0,-67150000.0,0.0,0.0,67150000.0
23/12/2021,26736.1276359126,38400.0,-900.0,-0.0234375,27377.7946991745,27449.0910395369,26023.1642322883,269500.0,10045340000.0,0.0,0.0,269500.0,10045340000.0,0.0,0.0,0.0,0.0,0.0,0.0,0.0,0.0
22/12/2021,27377.7946991745,38400.0,0.0,0.0,27912.5172518928,27912.5172518928,26736.1276359126,189600.0,7315990000.0,0.0,0.0,189600.0,7315990000.0,-2800.0,1500.0,0.0,1300.0,-108820000.0,58050000.0,0.0,50770000.0
21/12/2021,27377.7946991745,36600.0,1800.0,0.04918033,25951.8678919258,27662.9800606242,25809.275211201,479500.0,17972130000.0,0.0,0.0,479500.0,17972130000.0,25100.0,-26400.0,0.0,1300.0,949440000.0,-997155000.0,0.0,47715000.0
20/12/2021,26094.4605726507,37050.0,-450.0,-0.01214575,26308.349593738,27092.6093377248,26058.8124024695,323600.0,11972930000.0,0.0,0.0,323600.0,11972930000.0,8500.0,-8800.0,0.0,300.0,313620000.0,-324620000.0,0.0,11000000.0
17/12/2021,26415.2941042816,37300.0,-250.0,-0.00670241,26522.2386148253,26736.1276359126,26308.349593738,317400.0,11764610000.0,0.0,0.0,317400.0,11764610000.0,-2500.0,0.0,0.0,2500.0,-92420000.0,0.0,0.0,92420000.0
16/12/2021,26593.5349551877,37650.0,-350.0,-0.00929615,26843.0721464563,27520.3873798994,26593.5349551877,210600.0,7935710000.0,0.0,0.0,210600.0,7935710000.0,1100.0,0.0,0.0,-1100.0,41845000.0,0.0,0.0,-41845000.0
15/12/2021,26843.0721464563,37700.0,-50.0,-0.00132626,27092.6093377248,27235.2020184496,26807.423976275,239200.0,9074500000.0,0.0,0.0,239200.0,9074500000.0,800.0,0.0,0.0,-800.0,30315000.0,0.0,0.0,-30315000.0
14/12/2021,26878.7203166375,38150.0,-450.0,-0.01179554,27199.5538482684,27377.7946991745,26343.9977639192,239000.0,9024965000.0,0.0,0.0,239000.0,9024965000.0,-1200.0,0.0,0.0,1200.0,-45410000.0,0.0,0.0,45410000.0
13/12/2021,27199.5538482684,38000.0,150.0,0.00394737,27449.0910395369,27520.3873798994,26664.8312955502,334200.0,12730065000.0,0.0,0.0,334200.0,12730065000.0,-300.0,0.0,0.0,300.0,-11490000.0,0.0,0.0,11490000.0
10/12/2021,27092.6093377248,37800.0,200.0,0.00529101,26843.0721464563,27092.6093377248,26593.5349551877,257800.0,9707900000.0,0.0,0.0,257800.0,9707900000.0,-1900.0,0.0,0.0,1900.0,-71030000.0,0.0,0.0,71030000.0
09/12/2021,26950.0166569999,37000.0,800.0,0.02162162,26379.6459341004,27092.6093377248,26094.4605726507,348400.0,13063155000.0,0.0,0.0,348400.0,13063155000.0,-6800.0,0.0,0.0,6800.0,-255035000.0,0.0,0.0,255035000.0
08/12/2021,26379.6459341004,37000.0,0.0,0.0,26522.2386148253,26736.1276359126,26023.1642322883,206500.0,7625125000.0,0.0,0.0,206500.0,7625125000.0,-400.0,0.0,0.0,400.0,-14720000.0,0.0,0.0,14720000.0
07/12/2021,26379.6459341004,35500.0,1500.0,0.04225352,25773.6270410197,26664.8312955502,25666.6825304761,278700.0,10155885000.0,0.0,0.0,278700.0,10155885000.0,0.0,0.0,0.0,0.0,0.0,0.0,0.0,0.0
06/12/2021,25310.2008286639,37600.0,-2100.0,-0.05585106,26486.5904446441,27769.9245711679,24989.367297033,628600.0,23033565000.0,0.0,0.0,628600.0,23033565000.0,42000.0,100.0,0.0,-42100.0,1538840000.0,3600000.0,0.0,-1542440000.0
03/12/2021,26807.423976275,40000.0,-2400.0,-0.06,28518.5361449734,29017.6105275105,26807.423976275,547100.0,21362660000.0,0.0,0.0,547100.0,21362660000.0,-12700.0,-3000.0,0.0,15700.0,-498425000.0,-116400000.0,0.0,614825000.0
02/12/2021,28518.5361449734,40000.0,0.0,0.0,28946.314187148,29017.6105275105,28375.9434642486,259800.0,10426590000.0,0.0,0.0,259800.0,10426590000.0,-1400.0,0.0,0.0,1400.0,-55895000.0,0.0,0.0,55895000.0
01/12/2021,28518.5361449734,40500.0,-500.0,-0.01234568,28732.4251660607,29231.4995485978,28162.0544431613,428800.0,17199575000.0,0.0,0.0,428800.0,17199575000.0,-5100.0,1000.0,0.0,4100.0,-203660000.0,39950000.0,0.0,163710000.0
30/11/2021,28875.0178467856,40200.0,300.0,0.00746269,28946.314187148,29587.9812504099,28661.1288256983,337800.0,13742375000.0,0.0,0.0,337800.0,13742375000.0,1400.0,0.0,0.0,-1400.0,57165000.0,0.0,0.0,-57165000.0
29/11/2021,28661.1288256983,40900.0,-700.0,-0.01711491,28162.0544431613,28732.4251660607,28162.0544431613,457300.0,18248590000.0,0.0,0.0,457300.0,18248590000.0,300.0,0.0,0.0,-300.0,12250000.0,0.0,0.0,-12250000.0
26/11/2021,29160.2032082353,41800.0,-900.0,-0.0215311,29730.5739311348,30265.2964838531,29160.2032082353,652100.0,26945675000.0,0.0,0.0,652100.0,26945675000.0,10400.0,100.0,0.0,-10500.0,430475000.0,4100000.0,0.0,-434575000.0
25/11/2021,29801.8702714972,42200.0,-400.0,-0.00947867,30300.9446540343,30300.9446540343,29587.9812504099,426000.0,17822130000.0,0.0,0.0,426000.0,17822130000.0,-5600.0,100.0,0.0,5500.0,-232380000.0,4180000.0,0.0,228200000.0
24/11/2021,30087.055632947,41500.0,700.0,0.01686747,29944.4629522221,30657.4263558464,29944.4629522221,249400.0,10580300000.0,0.0,0.0,249400.0,10580300000.0,600.0,0.0,0.0,-600.0,27215000.0,0.0,0.0,-27215000.0
23/11/2021,29587.9812504099,40650.0,850.0,0.02091021,28518.5361449734,30229.6483136718,28447.239804611,660500.0,27229055000.0,0.0,0.0,660500.0,27229055000.0,-16400.0,11000.0,0.0,5400.0,-678945000.0,451500000.0,0.0,227445000.0
22/11/2021,28981.9623573293,43650.0,-3000.0,-0.06872852,31334.7415892896,31869.4641420078,28946.314187148,989000.0,42086250000.0,0.0,0.0,989000.0,42086250000.0,7200.0,16300.0,0.0,-23500.0,332655000.0,669030000.0,0.0,-1001685000.0
19/11/2021,31120.8525682023,45600.0,-1950.0,-0.04276316,32511.1312052697,33509.2799703438,30657.4263558464,890500.0,40381380000.0,0.0,0.0,890500.0,40381380000.0,25200.0,0.0,0.0,-25200.0,1130895000.0,0.0,0.0,-1130895000.0
18/11/2021,32511.1312052697,44500.0,1100.0,0.0247191,31726.871461283,33081.5019281692,31584.2787805581,913900.0,41607610000.0,0.0,0.0,913900.0,41607610000.0,-20600.0,-200.0,0.0,20800.0,-926735000.0,-9160000.0,0.0,935895000.0
17/11/2021,31726.871461283,44600.0,-100.0,-0.00224215,31512.9824401957,32225.94584382,31512.9824401957,499600.0,22298905000.0,0.0,0.0,499600.0,22298905000.0,-7200.0,0.0,0.0,7200.0,-320115000.0,0.0,0.0,320115000.0
16/11/2021,31798.1678016454,45500.0,-900.0,-0.01978022,32439.8348649073,32439.8348649073,31370.3897594708,563100.0,25147705000.0,0.0,0.0,563100.0,25147705000.0,-3900.0,-1000.0,0.0,4900.0,-180515000.0,-45000000.0,0.0,225515000.0
15/11/2021,32439.8348649073,44800.0,700.0,0.015625,31512.9824401957,33152.7982685316,31370.3897594708,1056900.0,47478005000.0,0.0,0.0,1056900.0,47478005000.0,-5400.0,0.0,0.0,5400.0,-242885000.0,0.0,0.0,242885000.0
12/11/2021,31940.7604823703,45000.0,-200.0,-0.00444444,32083.3531630951,33010.2055878068,31370.3897594708,689300.0,31206695000.0,0.0,0.0,689300.0,31206695000.0,-1300.0,200.0,0.0,1100.0,-58570000.0,8870000.0,0.0,49700000.0
11/11/2021,32083.3531630951,43450.0,1550.0,0.03567319,32083.3531630951,32760.6683965382,31334.7415892896,1091100.0,49388865000.0,0.0,0.0,1091100.0,49388865000.0,7200.0,8000.0,0.0,-15200.0,310845000.0,365390000.0,0.0,-676235000.0
10/11/2021,30978.2598874774,40650.0,2800.0,0.06888069,28875.0178467856,30978.2598874774,28875.0178467856,1669200.0,70927870000.0,0.0,0.0,1669200.0,70927870000.0,-42300.0,10000.0,0.0,32300.0,-1802075000.0,412330000.0,0.0,1389745000.0
09/11/2021,28981.9623573293,41350.0,-700.0,-0.01692866,29481.0367398663,29730.5739311348,28910.6660169668,563900.0,23074530000.0,0.0,0.0,563900.0,23074530000.0,5700.0,0.0,0.0,-5700.0,229450000.0,0.0,0.0,-229450000.0
08/11/2021,29481.0367398663,41300.0,50.0,0.00121065,30015.7592925845,30229.6483136718,29302.7958889602,518300.0,21579375000.0,0.0,0.0,518300.0,21579375000.0,4500.0,0.0,0.0,-4500.0,182210000.0,0.0,0.0,-182210000.0
05/11/2021,29445.3885696851,39800.0,1500.0,0.03768844,28375.9434642486,29801.8702714972,28375.9434642486,393900.0,16097620000.0,880500.0,33899250000.0,1274400.0,49996870000.0,-31900.0,0.0,0.0,31900.0,-1306850000.0,0.0,0.0,1306850000.0
04/11/2021,28375.9434642486,40000.0,-200.0,-0.005,28518.5361449734,28768.073336242,27876.8690817115,589100.0,23368775000.0,0.0,0.0,589100.0,23368775000.0,-2500.0,0.0,0.0,2500.0,-100100000.0,0.0,0.0,100100000.0
03/11/2021,28518.5361449734,42100.0,-2100.0,-0.04988124,30015.7592925845,30015.7592925845,28447.239804611,1441700.0,59105405000.0,0.0,0.0,1441700.0,59105405000.0,10100.0,-6000.0,0.0,-4100.0,408060000.0,-247350000.0,0.0,-160710000.0
02/11/2021,30015.7592925845,42300.0,-200.0,-0.00472813,30158.3519733094,30372.2409943967,29516.6849100475,850200.0,35656860000.0,0.0,0.0,850200.0,35656860000.0,-42600.0,0.0,0.0,42600.0,-1786660000.0,0.0,0.0,1786660000.0
01/11/2021,30158.3519733094,42550.0,-250.0,-0.00587544,30443.5373347591,31013.9080576586,29944.4629522221,1082400.0,46307120000.0,0.0,0.0,1082400.0,46307120000.0,18400.0,0.0,0.0,-18400.0,780415000.0,0.0,0.0,-780415000.0
29/10/2021,30336.5928242155,41450.0,1100.0,0.026538,30158.3519733094,30942.6117172962,29552.3330802287,1073900.0,45468670000.0,0.0,0.0,1073900.0,45468670000.0,6200.0,-2700.0,0.0,-3500.0,253835000.0,-114075000.0,0.0,-139760000.0
28/10/2021,29552.3330802287,38750.0,2700.0,0.06967742,27698.6282308055,29552.3330802287,27698.6282308055,1346100.0,54786965000.0,0.0,0.0,1346100.0,54786965000.0,-17700.0,1000.0,0.0,16700.0,-710930000.0,39500000.0,0.0,671430000.0
27/10/2021,27627.331890443,38500.0,250.0,0.00649351,27520.3873798994,27876.8690817115,27413.4428693557,922300.0,35753200000.0,0.0,0.0,922300.0,35753200000.0,-28300.0,5000.0,0.0,23300.0,-1101115000.0,193500000.0,0.0,907615000.0
26/10/2021,27449.0910395369,38500.0,0.0,0.0,27449.0910395369,27520.3873798994,27021.3129973623,510500.0,19515950000.0,0.0,0.0,510500.0,19515950000.0,-23200.0,0.0,0.0,23200.0,-886810000.0,0.0,0.0,886810000.0
25/10/2021,27449.0910395369,38150.0,350.0,0.00917431,27306.4983588121,27948.165422074,27235.2020184496,796600.0,30738915000.0,0.0,0.0,796600.0,30738915000.0,17100.0,-27300.0,0.0,10200.0,653360000.0,-1048730000.0,0.0,395370000.0
22/10/2021,27199.5538482684,37800.0,350.0,0.00925926,26950.0166569999,27306.4983588121,26736.1276359126,659600.0,25037765000.0,0.0,0.0,659600.0,25037765000.0,-14300.0,0.0,0.0,14300.0,-546385000.0,0.0,0.0,546385000.0
21/10/2021,26950.0166569999,37800.0,0.0,0.0,27199.5538482684,27199.5538482684,26557.8867850065,507600.0,19071300000.0,0.0,0.0,507600.0,19071300000.0,1900.0,0.0,0.0,-1900.0,71280000.0,0.0,0.0,-71280000.0
20/10/2021,26950.0166569999,38300.0,-500.0,-0.01305483,27377.7946991745,27591.6837202618,26664.8312955502,614900.0,23372000000.0,0.0,0.0,614900.0,23372000000.0,41900.0,0.0,0.0,-41900.0,1586810000.0,0.0,0.0,-1586810000.0
19/10/2021,27306.4983588121,39000.0,-700.0,-0.01794872,27662.9800606242,28090.7581027988,27199.5538482684,922500.0,35629240000.0,0.0,0.0,922500.0,35629240000.0,27100.0,0.0,0.0,-27100.0,1046605000.0,0.0,0.0,-1046605000.0
18/10/2021,27805.5727413491,38500.0,500.0,0.01298701,28162.0544431613,28518.5361449734,27449.0910395369,1170300.0,45798735000.0,0.0,0.0,1170300.0,45798735000.0,-244000.0,238400.0,238400.0,5600.0,-9542595000.0,9321270000.0,9321270000.0,221325000.0
15/10/2021,27449.0910395369,37250.0,1250.0,0.03355705,26807.423976275,27449.0910395369,26664.8312955502,1134600.0,43159090000.0,0.0,0.0,1134600.0,43159090000.0,-413400.0,372800.0,372800.0,40600.0,-15687540000.0,14140675000.0,14140675000.0,1546865000.0
14/10/2021,26557.8867850065,37250.0,0.0,0.0,26557.8867850065,26878.7203166375,26450.9422744629,705100.0,26264035000.0,0.0,0.0,705100.0,26264035000.0,-256300.0,261100.0,269300.0,-4800.0,-9550800000.0,9731305000.0,10036345000.0,-180505000.0
13/10/2021,26557.8867850065,37100.0,150.0,0.00404313,26379.6459341004,26878.7203166375,26379.6459341004,386100.0,14410990000.0,0.0,0.0,386100.0,14410990000.0,2800.0,0.0,0.0,-2800.0,104710000.0,0.0,0.0,-104710000.0
12/10/2021,26450.9422744629,37900.0,-800.0,-0.02110818,27092.6093377248,27342.1465289933,26379.6459341004,503200.0,18832850000.0,0.0,0.0,503200.0,18832850000.0,16200.0,0.0,0.0,-16200.0,606025000.0,0.0,0.0,-606025000.0
11/10/2021,27021.3129973623,38000.0,-100.0,-0.00263158,27306.4983588121,27591.6837202618,26736.1276359126,445600.0,16948970000.0,0.0,0.0,445600.0,16948970000.0,1900.0,-1900.0,0.0,0.0,72960000.0,-72960000.0,0.0,0.0
08/10/2021,27092.6093377248,38000.0,0.0,0.0,27092.6093377248,27377.7946991745,26379.6459341004,365900.0,13863785000.0,0.0,0.0,365900.0,13863785000.0,700.0,0.0,0.0,-700.0,26470000.0,0.0,0.0,-26470000.0
07/10/2021,27092.6093377248,38000.0,0.0,0.0,27235.2020184496,27306.4983588121,26593.5349551877,389600.0,14682145000.0,0.0,0.0,389600.0,14682145000.0,1300.0,0.0,0.0,-1300.0,48770000.0,0.0,0.0,-48770000.0
06/10/2021,27092.6093377248,37450.0,550.0,0.01468625,26736.1276359126,27306.4983588121,26736.1276359126,745900.0,28278975000.0,0.0,0.0,745900.0,28278975000.0,-8000.0,0.0,0.0,8000.0,-303715000.0,0.0,0.0,303715000.0
05/10/2021,26700.4794657314,37600.0,-150.0,-0.00398936,26807.423976275,26878.7203166375,26379.6459341004,600100.0,22425615000.0,0.0,0.0,600100.0,22425615000.0,-6400.0,0.0,0.0,6400.0,-239910000.0,0.0,0.0,239910000.0
04/10/2021,26807.423976275,37500.0,100.0,0.00266667,26736.1276359126,27306.4983588121,26094.4605726507,449600.0,16778580000.0,0.0,0.0,449600.0,16778580000.0,-4100.0,0.0,0.0,4100.0,-154890000.0,0.0,0.0,154890000.0
01/10/2021,26736.1276359126,37300.0,200.0,0.00536193,26379.6459341004,27591.6837202618,25987.516062107,524900.0,19661890000.0,439200.0,16008800000.0,964100.0,35670690000.0,400.0,0.0,0.0,-400.0,14755000.0,0.0,0.0,-14755000.0
30/09/2021,26593.5349551877,36750.0,550.0,0.01496599,26237.0532533756,27449.0910395369,25916.2197217446,748900.0,27938020000.0,442800.0,16012730000.0,1191700.0,43950750000.0,4500.0,0.0,0.0,-4500.0,166035000.0,0.0,0.0,-166035000.0
29/09/2021,26201.4050831943,37600.0,-850.0,-0.02260638,26450.9422744629,26593.5349551877,25595.3861901137,445200.0,16274310000.0,0.0,0.0,445200.0,16274310000.0,19500.0,-1200.0,0.0,-18300.0,709775000.0,-43930000.0,0.0,-665845000.0
28/09/2021,26807.423976275,37800.0,-200.0,-0.00529101,26450.9422744629,27021.3129973623,25737.9788708385,401500.0,14679840000.0,0.0,0.0,401500.0,14679840000.0,13300.0,10000.0,0.0,-23300.0,482400000.0,364000000.0,0.0,-846400000.0
27/09/2021,26950.0166569999,39800.0,-2000.0,-0.05025126,28447.239804611,28482.8879747922,26950.0166569999,381400.0,14766790000.0,278135.0,11403535000.0,659535.0,26170325000.0,62800.0,0.0,0.0,-62800.0,2412275000.0,0.0,0.0,-2412275000.0
24/09/2021,28375.9434642486,39550.0,250.0,0.00632111,28875.0178467856,29302.7958889602,27805.5727413491,874000.0,35121735000.0,0.0,0.0,874000.0,35121735000.0,56100.0,-18800.0,0.0,-37300.0,2299110000.0,-771490000.0,0.0,-1527620000.0
23/09/2021,28197.7026133425,37000.0,2550.0,0.06891892,26450.9422744629,28197.7026133425,26450.9422744629,809500.0,31572635000.0,997600.0,34916000000.0,1807100.0,66488635000.0,-37800.0,-1000.0,0.0,38800.0,-1476215000.0,-39550000.0,0.0,1515765000.0
22/09/2021,26379.6459341004,36900.0,100.0,0.00271003,26379.6459341004,26379.6459341004,26023.1642322883,336200.0,12378875000.0,0.0,0.0,336200.0,12378875000.0,-23600.0,0.0,0.0,23600.0,-871520000.0,0.0,0.0,871520000.0
21/09/2021,26308.349593738,37200.0,-300.0,-0.00806452,26308.349593738,26522.2386148253,26023.1642322883,339200.0,12478275000.0,0.0,0.0,339200.0,12478275000.0,-31000.0,30000.0,0.0,1000.0,-1138390000.0,1101290000.0,0.0,37100000.0
20/09/2021,26522.2386148253,37000.0,200.0,0.00540541,26237.0532533756,26736.1276359126,25951.8678919258,393000.0,14542420000.0,0.0,0.0,393000.0,14542420000.0,7100.0,0.0,0.0,-7100.0,258180000.0,0.0,0.0,-258180000.0
17/09/2021,26379.6459341004,37000.0,0.0,0.0,26379.6459341004,26878.7203166375,26379.6459341004,391100.0,14575130000.0,0.0,0.0,391100.0,14575130000.0,6400.0,0.0,0.0,-6400.0,237105000.0,0.0,0.0,-237105000.0
16/09/2021,26379.6459341004,37000.0,0.0,0.0,26201.4050831943,26379.6459341004,25737.9788708385,397700.0,14510725000.0,0.0,0.0,397700.0,14510725000.0,1200.0,0.0,0.0,-1200.0,43840000.0,0.0,0.0,-43840000.0
15/09/2021,26379.6459341004,37400.0,-400.0,-0.01069519,26700.4794657314,26914.3684868187,25737.9788708385,349000.0,12897395000.0,0.0,0.0,349000.0,12897395000.0,-3200.0,0.0,0.0,3200.0,-124545000.0,0.0,0.0,124545000.0
14/09/2021,26664.8312955502,37900.0,-500.0,-0.01319261,27021.3129973623,27021.3129973623,26237.0532533756,499400.0,18614930000.0,0.0,0.0,499400.0,18614930000.0,3200.0,1000.0,0.0,-4200.0,121315000.0,37350000.0,0.0,-158665000.0
13/09/2021,27021.3129973623,39200.0,-1300.0,-0.03316327,28019.4617624364,28162.0544431613,26950.0166569999,351100.0,13419995000.0,0.0,0.0,351100.0,13419995000.0,20600.0,0.0,0.0,-20600.0,785235000.0,0.0,0.0,-785235000.0
10/09/2021,27948.165422074,38900.0,300.0,0.00771208,27805.5727413491,28375.9434642486,27306.4983588121,527100.0,20587490000.0,0.0,0.0,527100.0,20587490000.0,-6000.0,0.0,0.0,6000.0,-238000000.0,0.0,0.0,238000000.0
09/09/2021,27734.2764009867,38200.0,700.0,0.01832461,27092.6093377248,27876.8690817115,27092.6093377248,414600.0,16022755000.0,0.0,0.0,414600.0,16022755000.0,-11100.0,0.0,0.0,11100.0,-430130000.0,0.0,0.0,430130000.0
08/09/2021,27235.2020184496,39300.0,-1100.0,-0.02798982,27805.5727413491,28162.0544431613,26807.423976275,383200.0,14705830000.0,0.0,0.0,383200.0,14705830000.0,25900.0,0.0,0.0,-25900.0,988845000.0,0.0,0.0,-988845000.0
07/09/2021,28019.4617624364,40700.0,-1400.0,-0.03439803,29017.6105275105,29088.9068678729,28019.4617624364,521700.0,20883660000.0,500000.0,20350000000.0,1021700.0,41233660000.0,-7200.0,0.0,0.0,7200.0,-289170000.0,0.0,0.0,289170000.0
06/09/2021,29017.6105275105,40650.0,50.0,0.00123001,29088.9068678729,29195.8513784166,28447.239804611,472900.0,19141760000.0,594600.0,24170490000.0,1067500.0,43312250000.0,-16100.0,-2200.0,0.0,18300.0,-656395000.0,-88550000.0,0.0,744945000.0
01/09/2021,28981.9623573293,40950.0,-300.0,-0.00732601,29231.4995485978,29231.4995485978,28304.6471238861,451200.0,18281830000.0,0.0,0.0,451200.0,18281830000.0,-3000.0,-1500.0,0.0,4500.0,-122010000.0,-60710000.0,0.0,182720000.0
31/08/2021,29195.8513784166,39250.0,1700.0,0.0433121,28090.7581027988,29231.4995485978,28055.1099326176,661000.0,26735335000.0,0.0,0.0,661000.0,26735335000.0,-9300.0,0.0,0.0,9300.0,-379780000.0,0.0,0.0,379780000.0
30/08/2021,27983.8135922552,39200.0,50.0,0.00127551,27983.8135922552,28162.0544431613,27092.6093377248,458600.0,17722890000.0,0.0,0.0,458600.0,17722890000.0,-50700.0,0.0,0.0,50700.0,-1968930000.0,0.0,0.0,1968930000.0
27/08/2021,27948.165422074,37150.0,2050.0,0.0551817,27092.6093377248,28162.0544431613,27021.3129973623,439300.0,17116215000.0,0.0,0.0,439300.0,17116215000.0,-23900.0,3800.0,0.0,20100.0,-933915000.0,148670000.0,0.0,785245000.0
26/08/2021,26486.5904446441,34750.0,2400.0,0.06906475,24882.4227864893,26486.5904446441,24882.4227864893,415900.0,14958690000.0,0.0,0.0,415900.0,14958690000.0,-27500.0,0.0,0.0,27500.0,-991875000.0,0.0,0.0,991875000.0
25/08/2021,24775.4782759457,37000.0,-2250.0,-0.06081081,26379.6459341004,26415.2941042816,24597.2374250396,406000.0,14306270000.0,0.0,0.0,406000.0,14306270000.0,73000.0,0.0,0.0,-73000.0,2570055000.0,0.0,0.0,-2570055000.0
24/08/2021,26379.6459341004,39200.0,-2200.0,-0.05612245,28162.0544431613,28268.9989537049,26094.4605726507,487800.0,18457635000.0,0.0,0.0,487800.0,18457635000.0,17500.0,0.0,0.0,-17500.0,645245000.0,0.0,0.0,-645245000.0
23/08/2021,27948.165422074,39500.0,-300.0,-0.0076,28162.0544431613,28589.8324853359,27520.3873798994,584300.0,22968190000.0,0.0,0.0,584300.0,22968190000.0,29700.0,0.0,0.0,-29700.0,1166580000.0,0.0,0.0,-1166580000.0
20/08/2021,28162.0544431613,39700.0,-200.0,-0.00503778,28304.6471238861,29231.4995485978,27662.9800606242,589100.0,23664975000.0,0.0,0.0,589100.0,23664975000.0,29700.0,0.0,0.0,-29700.0,1186900000.0,0.0,0.0,-1186900000.0
19/08/2021,28304.6471238861,41000.0,-1300.0,-0.03170732,27876.8690817115,28875.0178467856,27876.8690817115,594400.0,23469260000.0,0.0,0.0,594400.0,23469260000.0,15000.0,0.0,0.0,-15000.0,593735000.0,0.0,0.0,-593735000.0
18/08/2021,29231.4995485978,42100.0,-1100.0,-0.02612827,29944.4629522221,29944.4629522221,29231.4995485978,530500.0,21894300000.0,0.0,0.0,530500.0,21894300000.0,6000.0,0.0,0.0,-6000.0,247300000.0,0.0,0.0,-247300000.0
17/08/2021,30015.7592925845,42700.0,-600.0,-0.01405152,30514.8336751216,30514.8336751216,29730.5739311348,426800.0,17982735000.0,0.0,0.0,426800.0,17982735000.0,0.0,0.0,0.0,0.0,2000000.0,0.0,0.0,-2000000.0
16/08/2021,30443.5373347591,42000.0,700.0,0.01666667,30300.9446540343,30871.3153769337,30194.0001434906,520700.0,22267595000.0,0.0,0.0,520700.0,22267595000.0,32600.0,0.0,0.0,-32600.0,1396265000.0,0.0,0.0,-1396265000.0
13/08/2021,29944.4629522221,41500.0,500.0,0.01204819,29587.9812504099,30015.7592925845,29587.9812504099,583300.0,24406650000.0,0.0,0.0,583300.0,24406650000.0,-8600.0,0.0,0.0,8600.0,-356335000.0,0.0,0.0,356335000.0
12/08/2021,29587.9812504099,41900.0,-400.0,-0.00954654,29944.4629522221,30158.3519733094,29552.3330802287,294600.0,12269575000.0,0.0,0.0,294600.0,12269575000.0,1800.0,0.0,0.0,-1800.0,75465000.0,0.0,0.0,-75465000.0
11/08/2021,29873.1666118597,42100.0,-200.0,-0.00475059,30158.3519733094,30229.6483136718,29374.0922293226,358800.0,15000385000.0,0.0,0.0,358800.0,15000385000.0,10600.0,0.0,0.0,-10600.0,442625000.0,0.0,0.0,-442625000.0
10/08/2021,30015.7592925845,42000.0,100.0,0.00238095,29944.4629522221,30300.9446540343,29587.9812504099,371800.0,15586955000.0,0.0,0.0,371800.0,15586955000.0,9900.0,0.0,0.0,-9900.0,416645000.0,0.0,0.0,-416645000.0
09/08/2021,29944.4629522221,42300.0,-300.0,-0.0070922,30300.9446540343,30300.9446540343,29587.9812504099,346600.0,14510355000.0,0.0,0.0,346600.0,14510355000.0,12600.0,0.0,0.0,-12600.0,528860000.0,0.0,0.0,-528860000.0
06/08/2021,30158.3519733094,41800.0,500.0,0.01196172,29873.1666118597,30443.5373347591,29873.1666118597,442800.0,18721020000.0,0.0,0.0,442800.0,18721020000.0,26400.0,0.0,0.0,-26400.0,1115925000.0,0.0,0.0,-1115925000.0
05/08/2021,29801.8702714972,41950.0,-150.0,-0.00357569,29908.8147820409,29908.8147820409,29552.3330802287,296000.0,12325785000.0,0.0,0.0,296000.0,12325785000.0,8100.0,0.0,0.0,-8100.0,338425000.0,0.0,0.0,-338425000.0
04/08/2021,29908.8147820409,41950.0,0.0,0.0,29445.3885696851,30122.7038031282,29445.3885696851,243400.0,10154315000.0,0.0,0.0,243400.0,10154315000.0,11800.0,0.0,0.0,-11800.0,494230000.0,0.0,0.0,-494230000.0
03/08/2021,29908.8147820409,43900.0,-1950.0,-0.04441913,31299.0934191084,31299.0934191084,29231.4995485978,272200.0,11478865000.0,0.0,0.0,272200.0,11478865000.0,5300.0,0.0,0.0,-5300.0,221285000.0,0.0,0.0,-221285000.0
02/08/2021,31299.0934191084,44900.0,-1000.0,-0.02227171,31833.8159718266,31833.8159718266,30657.4263558464,299800.0,13039830000.0,0.0,0.0,299800.0,13039830000.0,100.0,0.0,0.0,-100.0,4440000.0,0.0,0.0,-4440000.0
30/07/2021,32012.0568227327,45050.0,-150.0,-0.00332963,32154.6495034576,32368.5385245449,31370.3897594708,353800.0,15871875000.0,0.0,0.0,353800.0,15871875000.0,100.0,0.0,0.0,-100.0,4530000.0,0.0,0.0,-4530000.0
29/07/2021,32119.0013332763,43500.0,1550.0,0.03563218,31013.9080576586,32297.2421841824,29944.4629522221,339700.0,15080735000.0,0.0,0.0,339700.0,15080735000.0,1000.0,0.0,0.0,-1000.0,44025000.0,0.0,0.0,-44025000.0
28/07/2021,31013.9080576586,45400.0,-1900.0,-0.04185022,32368.5385245449,32368.5385245449,30657.4263558464,271700.0,11874510000.0,0.0,0.0,271700.0,11874510000.0,1100.0,0.0,0.0,-1100.0,48620000.0,0.0,0.0,-48620000.0
27/07/2021,32368.5385245449,48000.0,-2600.0,-0.05416667,33865.761672156,33865.761672156,32368.5385245449,294900.0,13657300000.0,0.0,0.0,294900.0,13657300000.0,5700.0,-1600.0,0.0,-4100.0,263080000.0,-73650000.0,0.0,-189430000.0
26/07/2021,34222.2433739681,49900.0,-1900.0,-0.03807615,35149.0957986798,35291.6884794046,33723.1689914311,243200.0,11695580000.0,0.0,0.0,243200.0,11695580000.0,7800.0,0.0,0.0,-7800.0,374375000.0,0.0,0.0,-374375000.0
23/07/2021,35576.8738408544,51800.0,-1900.0,-0.03667954,37074.0969884655,37074.0969884655,35576.8738408544,208900.0,10610580000.0,0.0,0.0,208900.0,10610580000.0,800.0,0.0,0.0,-800.0,40690000.0,0.0,0.0,-40690000.0
22/07/2021,36931.5043077406,50800.0,1000.0,0.01968504,36147.2445637538,37216.6896691903,35933.3555426665,309400.0,15877210000.0,0.0,0.0,309400.0,15877210000.0,-3800.0,0.0,0.0,3800.0,-194990000.0,0.0,0.0,194990000.0
21/07/2021,36218.5409041163,49400.0,1400.0,0.02834008,35220.3921390422,36218.5409041163,34935.2067775925,290500.0,14500615000.0,0.0,0.0,290500.0,14500615000.0,-7200.0,0.0,0.0,7200.0,-361080000.0,0.0,0.0,361080000.0
20/07/2021,35220.3921390422,47500.0,1900.0,0.04,34578.7250757803,35291.6884794046,33865.761672156,310700.0,15001840000.0,0.0,0.0,310700.0,15001840000.0,-900.0,0.0,0.0,900.0,-43950000.0,0.0,0.0,43950000.0
19/07/2021,33865.761672156,51000.0,-3500.0,-0.06862745,35648.1701812168,36004.651883029,33865.761672156,204900.0,10022530000.0,337400.0,18388300000.0,542300.0,28410830000.0,0.0,0.0,0.0,0.0,0.0,0.0,0.0,0.0
16/07/2021,36361.1335848411,51400.0,-400.0,-0.0077821,36860.2079673782,37074.0969884655,36004.651883029,238400.0,12271770000.0,425000.0,23332500000.0,663400.0,35604270000.0,-700.0,0.0,0.0,700.0,-36060000.0,0.0,0.0,36060000.0
15/07/2021,36646.3189462909,50500.0,900.0,0.01782178,35862.0592023041,36646.3189462909,35790.7628619417,236100.0,11985580000.0,35800.0,1933200000.0,271900.0,13918780000.0,0.0,0.0,0.0,0.0,0.0,0.0,0.0,0.0
14/07/2021,36004.651883029,50300.0,200.0,0.00397614,35933.3555426665,36075.9482233914,35291.6884794046,192400.0,9662860000.0,143800.0,7736440000.0,336200.0,17399300000.0,0.0,0.0,0.0,0.0,0.0,0.0,0.0,0.0
13/07/2021,35862.0592023041,49800.0,500.0,0.01004016,33865.761672156,36361.1335848411,33865.761672156,216100.0,10698110000.0,546600.0,29033720000.0,762700.0,39731830000.0,0.0,0.0,0.0,0.0,0.0,0.0,0.0,0.0
12/07/2021,35505.5775004919,53500.0,-3700.0,-0.06915888,38072.2457535395,38072.2457535395,35505.5775004919,222600.0,11300400000.0,247400.0,14006260000.0,470000.0,25306660000.0,0.0,0.0,0.0,0.0,0.0,0.0,0.0,0.0
09/07/2021,38143.542093902,54000.0,-500.0,-0.00925926,38500.0237957141,38785.2091571639,37929.6530728147,263200.0,14190740000.0,105600.0,6008640000.0,368800.0,20199380000.0,0.0,0.0,0.0,0.0,0.0,0.0,0.0,0.0
08/07/2021,38500.0237957141,55700.0,-1700.0,-0.03052065,39712.0615818755,39925.9506029628,37787.0603920898,183700.0,10004360000.0,286800.0,16024820000.0,470500.0,26029180000.0,0.0,0.0,0.0,0.0,0.0,0.0,0.0,0.0
07/07/2021,39712.0615818755,56000.0,-300.0,-0.00535714,39569.4689011506,39854.6542626004,38927.8018378887,212600.0,11789830000.0,282200.0,16066450000.0,494800.0,27856280000.0,-500.0,0.0,0.0,500.0,-27750000.0,0.0,0.0,27750000.0
06/07/2021,39925.9506029628,55500.0,500.0,0.00900901,39712.0615818755,40425.0249854999,39569.4689011506,215300.0,12047950000.0,353000.0,20103100000.0,568300.0,32151050000.0,0.0,0.0,0.0,0.0,0.0,0.0,0.0,0.0
05/07/2021,39569.4689011506,56100.0,-600.0,-0.0107,39925.9506029628,39925.9506029628,37787.0603920898,272700.0,14961670000.0,0.0,0.0,272700.0,14961670000.0,1700.0,0.0,0.0,-1700.0,93760000.0,0.0,0.0,-93760000.0
02/07/2021,39997.2469433252,56500.0,-400.0,-0.00707965,40211.1359644126,40211.1359644126,39783.3579222379,179000.0,10050190000.0,210600.0,12004200000.0,389600.0,22054390000.0,700.0,0.0,0.0,-700.0,39410000.0,0.0,0.0,-39410000.0
01/07/2021,40282.432304775,56900.0,-400.0,-0.00702988,40638.9140065872,40638.9140065872,40068.5432836877,309300.0,17456500000.0,462400.0,26052800000.0,771700.0,43509300000.0,2100.0,0.0,0.0,-2100.0,119130000.0,0.0,0.0,-119130000.0
30/06/2021,40567.6176662247,56500.0,400.0,0.0071,40496.3213258623,41351.8774102115,40211.1359644126,278100.0,15861500000.0,282000.0,15985500000.0,560100.0,31847000000.0,1600.0,0.0,0.0,-1600.0,91380000.0,0.0,0.0,-91380000.0
29/06/2021,40282.432304775,57000.0,-500.0,-0.0088,40282.432304775,40638.9140065872,40139.8396240501,151900.0,8591450000.0,421200.0,24008400000.0,573100.0,32599850000.0,4300.0,0.0,0.0,-4300.0,242590000.0,0.0,0.0,-242590000.0
28/06/2021,40638.9140065872,58000.0,-1000.0,-0.01724138,41351.8774102115,41351.8774102115,40353.7286451374,159800.0,9171240000.0,454900.0,26485400000.0,614700.0,35656640000.0,5300.0,0.0,0.0,-5300.0,301910000.0,0.0,0.0,-301910000.0
25/06/2021,41351.8774102115,57300.0,700.0,0.0122164,40924.0993680369,41351.8774102115,40852.8030276745,187400.0,10765750000.0,266000.0,15885800000.0,453400.0,26651550000.0,-600.0,0.0,0.0,600.0,-34560000.0,0.0,0.0,34560000.0
24/06/2021,40852.8030276745,57100.0,200.0,0.00350263,40852.8030276745,40852.8030276745,40567.6176662247,160200.0,9152410000.0,338200.0,19808860000.0,498400.0,28961270000.0,4900.0,0.0,0.0,-4900.0,279080000.0,0.0,0.0,-279080000.0
23/06/2021,40710.2103469496,59400.0,-2300.0,-0.03872054,42064.8408138358,42064.8408138358,40282.432304775,206600.0,11942210000.0,199800.0,11996450000.0,406400.0,23938660000.0,12600.0,0.0,0.0,-12600.0,725980000.0,0.0,0.0,-725980000.0
22/06/2021,42350.0261752856,62200.0,-2800.0,-0.04501608,44203.7310247088,44203.7310247088,41423.1737505739,195000.0,11775470000.0,226200.0,14046820000.0,421200.0,25822290000.0,8400.0,0.0,0.0,-8400.0,508030000.0,0.0,0.0,-508030000.0
21/06/2021,44346.3237054337,62700.0,-500.0,-0.00797448,44702.8054072459,44702.8054072459,44203.7310247088,202600.0,12616530000.0,127600.0,8000520000.0,330200.0,20617050000.0,4700.0,0.0,0.0,-4700.0,292710000.0,0.0,0.0,-292710000.0
18/06/2021,44702.8054072459,64000.0,-1300.0,-0.0203125,45629.6578319575,45986.1395337697,44417.6200457961,212400.0,13408890000.0,99500.0,6067920000.0,311900.0,19476810000.0,100.0,0.0,0.0,-100.0,6290000.0,0.0,0.0,-6290000.0
17/06/2021,45629.6578319575,61500.0,2500.0,0.04065041,43704.6566421718,45629.6578319575,43490.7676210845,279600.0,17245010000.0,98300.0,6012350000.0,377900.0,23257360000.0,-1200.0,0.0,0.0,1200.0,-73800000.0,0.0,0.0,73800000.0
16/06/2021,43847.2493228967,60400.0,1100.0,0.01821192,43134.2859192723,43847.2493228967,43134.2859192723,228800.0,13959110000.0,99000.0,6009300000.0,327800.0,19968410000.0,-7300.0,0.0,0.0,7300.0,-445710000.0,0.0,0.0,445710000.0
15/06/2021,43062.9895789099,58700.0,1700.0,0.02896082,41779.6554523861,43134.2859192723,40638.9140065872,251100.0,14854270000.0,237700.0,14003840000.0,488800.0,28858110000.0,14000.0,-1200.0,0.0,-12800.0,818440000.0,-71120000.0,0.0,-747320000.0
14/06/2021,41850.9517927485,60500.0,-1800.0,-0.02975207,43562.0639614469,43562.0639614469,41708.3591120237,254800.0,15095070000.0,33100.0,2002550000.0,287900.0,17097620000.0,7100.0,0.0,0.0,-7100.0,419700000.0,0.0,0.0,-419700000.0
11/06/2021,43134.2859192723,60700.0,-200.0,-0.00329489,43134.2859192723,43918.5456632591,42207.4334945607,304900.0,18473080000.0,99000.0,6009300000.0,403900.0,24482380000.0,2800.0,0.0,0.0,-2800.0,167640000.0,0.0,0.0,-167640000.0
10/06/2021,43276.8785999972,59000.0,1700.0,0.02881356,42777.8042174602,43847.2493228967,42777.8042174602,339300.0,20592110000.0,169500.0,10000500000.0,508800.0,30592610000.0,-18200.0,1200.0,0.0,17000.0,-1100320000.0,72390000.0,0.0,1027930000.0
09/06/2021,42064.8408138358,56500.0,2500.0,0.04424779,39997.2469433252,42064.8408138358,39498.1725607882,308900.0,17776500000.0,0.0,0.0,308900.0,17776500000.0,5000.0,0.0,0.0,-5000.0,269390000.0,0.0,0.0,-269390000.0
08/06/2021,40282.432304775,59500.0,-3000.0,-0.05042017,42207.4334945607,42207.4334945607,40282.432304775,264700.0,15386550000.0,0.0,0.0,264700.0,15386550000.0,18900.0,0.0,0.0,-18900.0,1101910000.0,0.0,0.0,-1101910000.0
07/06/2021,42421.322515648,61200.0,-1700.0,-0.02777778,43633.3603018094,43633.3603018094,42421.322515648,214300.0,12882900000.0,0.0,0.0,214300.0,12882900000.0,6200.0,0.0,0.0,-6200.0,374820000.0,0.0,0.0,-374820000.0
04/06/2021,43633.3603018094,61600.0,-400.0,-0.00649351,43989.8420036215,44560.212726521,43490.7676210845,220100.0,13573480000.0,0.0,0.0,220100.0,13573480000.0,-8700.0,0.0,0.0,8700.0,-539580000.0,0.0,0.0,539580000.0
03/06/2021,43918.5456632591,59000.0,2600.0,0.0440678,41708.3591120237,44203.7310247088,41708.3591120237,385100.0,23416920000.0,0.0,0.0,385100.0,23416920000.0,-12300.0,0.0,0.0,12300.0,-736980000.0,0.0,0.0,736980000.0
02/06/2021,42064.8408138358,58600.0,400.0,0.00682594,41637.0627716612,42064.8408138358,41351.8774102115,258400.0,15085380000.0,200000.0,11600000000.0,458400.0,26685380000.0,0.0,0.0,0.0,0.0,0.0,0.0,0.0,0.0
01/06/2021,41779.6554523861,58500.0,100.0,0.0017094,41637.0627716612,41779.6554523861,41565.7664312988,145100.0,8471540000.0,0.0,0.0,145100.0,8471540000.0,0.0,0.0,0.0,0.0,0.0,0.0,0.0,0.0
31/05/2021,41708.3591120237,57800.0,700.0,0.01211073,41137.9883891242,41850.9517927485,39212.9871993385,326500.0,18821340000.0,0.0,0.0,326500.0,18821340000.0,-92500.0,100800.0,0.0,-8300.0,-5409070000.0,5881860000.0,0.0,-472790000.0
28/05/2021,41209.2847294866,58200.0,-400.0,-0.00687285,41494.4700909364,41565.7664312988,40924.0993680369,281900.0,16303130000.0,0.0,0.0,281900.0,16303130000.0,-99000.0,109200.0,0.0,-10200.0,-5721880000.0,6311720000.0,0.0,-589840000.0
27/05/2021,41494.4700909364,59300.0,-1100.0,-0.01854975,42136.1371541983,42207.4334945607,41423.1737505739,205500.0,12025670000.0,0.0,0.0,205500.0,12025670000.0,12100.0,0.0,0.0,-12100.0,708460000.0,0.0,0.0,-708460000.0
26/05/2021,42278.7298349231,60800.0,-1500.0,-0.02467105,43419.4712807221,43419.4712807221,42207.4334945607,473700.0,28431900000.0,0.0,0.0,473700.0,28431900000.0,13100.0,0.0,0.0,-13100.0,784190000.0,0.0,0.0,-784190000.0
25/05/2021,43348.1749403596,61700.0,-900.0,-0.01458671,43989.8420036215,44132.4346843464,43205.5822596348,243100.0,14863370000.0,0.0,0.0,243100.0,14863370000.0,0.0,0.0,0.0,0.0,0.0,0.0,0.0,0.0
24/05/2021,43989.8420036215,61500.0,200.0,0.00325203,43419.4712807221,44203.7310247088,43419.4712807221,267200.0,16465730000.0,0.0,0.0,267200.0,16465730000.0,-10100.0,0.0,0.0,10100.0,-621150000.0,0.0,0.0,621150000.0
21/05/2021,43847.2493228967,59600.0,1900.0,0.03187919,42635.2115367353,43847.2493228967,41850.9517927485,441500.0,26471940000.0,0.0,0.0,441500.0,26471940000.0,-10100.0,0.0,0.0,10100.0,-608600000.0,0.0,0.0,608600000.0
20/05/2021,42492.6188560104,58000.0,1600.0,0.02758621,41351.8774102115,42492.6188560104,40496.3213258623,407800.0,23629220000.0,0.0,0.0,407800.0,23629220000.0,3300.0,0.0,0.0,-3300.0,180410000.0,0.0,0.0,-180410000.0
19/05/2021,41351.8774102115,62000.0,-4000.0,-0.06451613,44203.7310247088,44488.9163861586,41209.2847294866,249000.0,15021090000.0,0.0,0.0,249000.0,15021090000.0,21500.0,0.0,0.0,-21500.0,1257940000.0,0.0,0.0,-1257940000.0
18/05/2021,44203.7310247088,62400.0,-400.0,-0.00641026,44560.212726521,44631.5090668834,44203.7310247088,297900.0,18593400000.0,0.0,0.0,297900.0,18593400000.0,400.0,0.0,0.0,-400.0,24920000.0,0.0,0.0,-24920000.0
17/05/2021,44488.9163861586,61500.0,900.0,0.01463415,43918.5456632591,44774.1017476083,43918.5456632591,365000.0,22643610000.0,0.0,0.0,365000.0,22643610000.0,-1600.0,-400.0,0.0,2000.0,-100460000.0,-24690000.0,0.0,125150000.0
14/05/2021,43847.2493228967,61800.0,-300.0,-0.00485437,43989.8420036215,44061.138343984,42064.8408138358,388400.0,23695200000.0,0.0,0.0,388400.0,23695200000.0,10600.0,0.0,0.0,-10600.0,643760000.0,0.0,0.0,-643760000.0
13/05/2021,44061.138343984,63100.0,-1300.0,-0.02060222,44774.1017476083,45059.287109058,44061.138343984,343700.0,21594390000.0,0.0,0.0,343700.0,21594390000.0,-300.0,0.0,0.0,300.0,-19120000.0,0.0,0.0,19120000.0
12/05/2021,44987.9907686956,63300.0,-200.0,-0.00315956,45273.1761301453,45273.1761301453,44987.9907686956,351100.0,22221220000.0,0.0,0.0,351100.0,22221220000.0,-2500.0,400.0,0.0,2100.0,-158240000.0,25340000.0,0.0,132900000.0
11/05/2021,45130.5834494205,63200.0,100.0,0.00158228,45130.5834494205,45201.8797897829,44702.8054072459,347700.0,21922660000.0,0.0,0.0,347700.0,21922660000.0,1700.0,0.0,0.0,-1700.0,106430000.0,0.0,0.0,-106430000.0
10/05/2021,45059.287109058,63400.0,-200.0,-0.00315457,45273.1761301453,45273.1761301453,44774.1017476083,273000.0,17222310000.0,0.0,0.0,273000.0,17222310000.0,3300.0,0.0,0.0,-3300.0,209100000.0,0.0,0.0,-209100000.0
07/05/2021,45201.8797897829,65000.0,-1600.0,-0.02461538,46485.2139163067,46485.2139163067,43775.9529825342,298000.0,18842200000.0,0.0,0.0,298000.0,18842200000.0,19400.0,0.0,0.0,-19400.0,1216330000.0,0.0,0.0,-1216330000.0
06/05/2021,46342.6212355818,65400.0,-400.0,-0.00611621,46627.8065970316,46912.9919584813,46057.4358741321,222100.0,14513470000.0,0.0,0.0,222100.0,14513470000.0,1700.0,0.0,0.0,-1700.0,110040000.0,0.0,0.0,-110040000.0
05/05/2021,46627.8065970316,63400.0,2000.0,0.03154574,45273.1761301453,46770.3992777564,45273.1761301453,431800.0,27935650000.0,0.0,0.0,431800.0,27935650000.0,-19800.0,0.0,0.0,19800.0,-1282750000.0,0.0,0.0,1282750000.0
04/05/2021,45201.8797897829,63000.0,400.0,0.00634921,44417.6200457961,45415.7688108702,43490.7676210845,337500.0,21218470000.0,0.0,0.0,337500.0,21218470000.0,-9500.0,0.0,0.0,9500.0,-601880000.0,0.0,0.0,601880000.0
29/04/2021,44916.6944283332,61900.0,1100.0,0.0177706,44132.4346843464,45415.7688108702,44132.4346843464,463500.0,29256620000.0,0.0,0.0,463500.0,29256620000.0,-11800.0,0.0,0.0,11800.0,-743750000.0,0.0,0.0,743750000.0
28/04/2021,44132.4346843464,61000.0,900.0,0.0147541,43704.6566421718,44774.1017476083,43490.7676210845,403500.0,24953070000.0,0.0,0.0,403500.0,24953070000.0,-10000.0,0.0,0.0,10000.0,-614120000.0,0.0,0.0,614120000.0
27/04/2021,43490.7676210845,59500.0,1500.0,0.02521008,42421.322515648,43490.7676210845,42064.8408138358,565700.0,34049590000.0,0.0,0.0,565700.0,34049590000.0,-19900.0,0.0,0.0,19900.0,-1208830000.0,0.0,0.0,1208830000.0
26/04/2021,42421.322515648,60200.0,-700.0,-0.01162791,42920.396898185,42920.396898185,41280.5810698491,455100.0,27061460000.0,0.0,0.0,455100.0,27061460000.0,4500.0,0.0,0.0,-4500.0,266310000.0,0.0,0.0,-266310000.0
23/04/2021,42920.396898185,59000.0,1200.0,0.02033898,42136.1371541983,42920.396898185,42064.8408138358,335900.0,19998170000.0,0.0,0.0,335900.0,19998170000.0,-1400.0,0.0,0.0,1400.0,-86820000.0,0.0,0.0,86820000.0
22/04/2021,42064.8408138358,61000.0,-2000.0,-0.0328,43490.7676210845,43918.5456632591,42064.8408138358,375500.0,22865930000.0,0.0,0.0,375500.0,22865930000.0,12400.0,-2000.0,0.0,-10400.0,738910000.0,-119000000.0,0.0,-619910000.0
20/04/2021,43490.7676210845,61900.0,-900.0,-0.01453958,44560.212726521,44560.212726521,43490.7676210845,391800.0,24181820000.0,0.0,0.0,391800.0,24181820000.0,0.0,0.0,0.0,0.0,0.0,0.0,0.0,0.0
19/04/2021,44132.4346843464,61500.0,400.0,0.00650407,43847.2493228967,44203.7310247088,42777.8042174602,288200.0,17526620000.0,0.0,0.0,288200.0,17526620000.0,13200.0,0.0,0.0,-13200.0,799970000.0,0.0,0.0,-799970000.0
16/04/2021,43847.2493228967,62500.0,-1000.0,-0.016,44560.212726521,44560.212726521,43490.7676210845,305900.0,18939240000.0,0.0,0.0,305900.0,18939240000.0,100.0,0.0,0.0,-100.0,6140000.0,0.0,0.0,-6140000.0
15/04/2021,44560.212726521,61500.0,1000.0,0.01626016,43918.5456632591,44560.212726521,43134.2859192723,448700.0,27431170000.0,0.0,0.0,448700.0,27431170000.0,9500.0,0.0,0.0,-9500.0,580790000.0,0.0,0.0,-580790000.0
14/04/2021,43847.2493228967,63000.0,-1500.0,-0.02380952,44916.6944283332,44916.6944283332,43134.2859192723,356100.0,22001420000.0,0.0,0.0,356100.0,22001420000.0,22400.0,0.0,0.0,-22400.0,1378050000.0,0.0,0.0,-1378050000.0
13/04/2021,44916.6944283332,63000.0,0.0,0.0,44916.6944283332,45059.287109058,44631.5090668834,361800.0,22750280000.0,0.0,0.0,361800.0,22750280000.0,0.0,0.0,0.0,0.0,0.0,0.0,0.0,0.0
12/04/2021,44916.6944283332,63100.0,-100.0,-0.00158479,44916.6944283332,45059.287109058,44631.5090668834,420700.0,26465070000.0,0.0,0.0,420700.0,26465070000.0,-8200.0,0.0,0.0,8200.0,-515760000.0,0.0,0.0,515760000.0
09/04/2021,44987.9907686956,63000.0,100.0,0.0015873,44916.6944283332,45059.287109058,42777.8042174602,418400.0,26184100000.0,0.0,0.0,418400.0,26184100000.0,-4900.0,0.0,0.0,4900.0,-308340000.0,0.0,0.0,308340000.0
08/04/2021,44916.6944283332,63000.0,0.0,0.0,44845.3980879707,44916.6944283332,44560.212726521,362300.0,22757050000.0,0.0,0.0,362300.0,22757050000.0,900.0,0.0,0.0,-900.0,56600000.0,0.0,0.0,-56600000.0
07/04/2021,44916.6944283332,63400.0,-400.0,-0.00630915,45201.8797897829,45201.8797897829,44061.138343984,311300.0,19377570000.0,0.0,0.0,311300.0,19377570000.0,13000.0,0.0,0.0,-13000.0,807050000.0,0.0,0.0,-807050000.0
06/04/2021,45201.8797897829,65300.0,-1900.0,-0.02909648,46556.5102566691,46556.5102566691,44560.212726521,407200.0,25924070000.0,0.0,0.0,407200.0,25924070000.0,4300.0,2000.0,0.0,-6300.0,272590000.0,129000000.0,0.0,-401590000.0
05/04/2021,46556.5102566691,65500.0,-200.0,-0.00305344,46627.8065970316,46699.102937394,45772.2505126824,396800.0,25720660000.0,0.0,0.0,396800.0,25720660000.0,9300.0,0.0,0.0,-9300.0,601300000.0,0.0,0.0,-601300000.0
02/04/2021,46699.102937394,65000.0,500.0,0.00769231,46342.6212355818,46912.9919584813,46128.7322144945,324000.0,21156660000.0,0.0,0.0,324000.0,21156660000.0,-10700.0,0.0,0.0,10700.0,-702320000.0,0.0,0.0,702320000.0
01/04/2021,46342.6212355818,63000.0,2000.0,0.03174603,44916.6944283332,46413.9175759443,44916.6944283332,413400.0,26579600000.0,0.0,0.0,413400.0,26579600000.0,-18200.0,0.0,0.0,18200.0,-1164670000.0,0.0,0.0,1164670000.0
31/03/2021,44916.6944283332,62000.0,1000.0,0.01612903,44203.7310247088,45415.7688108702,44061.138343984,347800.0,21874740000.0,0.0,0.0,347800.0,21874740000.0,-8800.0,0.0,0.0,8800.0,-555860000.0,0.0,0.0,555860000.0
30/03/2021,44203.7310247088,64200.0,-2200.0,-0.03426791,45772.2505126824,45914.8431934072,43348.1749403596,418900.0,25972860000.0,0.0,0.0,418900.0,25972860000.0,7400.0,0.0,0.0,-7400.0,455720000.0,0.0,0.0,-455720000.0
29/03/2021,45772.2505126824,65000.0,-800.0,-0.01230769,46342.6212355818,46342.6212355818,45273.1761301453,329900.0,21182070000.0,0.0,0.0,329900.0,21182070000.0,3100.0,0.0,0.0,-3100.0,198240000.0,0.0,0.0,-198240000.0
26/03/2021,46342.6212355818,64200.0,800.0,0.01246106,43490.7676210845,46342.6212355818,43490.7676210845,331500.0,21074530000.0,0.0,0.0,331500.0,21074530000.0,-6400.0,0.0,0.0,6400.0,-404710000.0,0.0,0.0,404710000.0
25/03/2021,45772.2505126824,61500.0,2700.0,0.04390244,43490.7676210845,45986.1395337697,41351.8774102115,484900.0,30257450000.0,0.0,0.0,484900.0,30257450000.0,-3600.0,0.0,0.0,3600.0,-217530000.0,0.0,0.0,217530000.0
24/03/2021,43847.2493228967,63000.0,-1500.0,-0.02380952,44560.212726521,44560.212726521,43134.2859192723,342500.0,21065230000.0,0.0,0.0,342500.0,21065230000.0,6500.0,0.0,0.0,-6500.0,402100000.0,0.0,0.0,-402100000.0
23/03/2021,44916.6944283332,64500.0,-1500.0,-0.02325581,45344.4724705078,45629.6578319575,44203.7310247088,362500.0,22706700000.0,0.0,0.0,362500.0,22706700000.0,9000.0,0.0,0.0,-9000.0,563770000.0,0.0,0.0,-563770000.0
22/03/2021,45986.1395337697,67000.0,-2500.0,-0.03731343,47483.3626813808,47483.3626813808,45273.1761301453,304700.0,19668340000.0,0.0,0.0,304700.0,19668340000.0,6700.0,0.0,0.0,-6700.0,427830000.0,0.0,0.0,-427830000.0
19/03/2021,47768.5480428305,67500.0,-500.0,-0.00740741,47412.0663410183,47768.5480428305,45986.1395337697,382900.0,25247540000.0,0.0,0.0,382900.0,25247540000.0,8600.0,0.0,0.0,-8600.0,560970000.0,0.0,0.0,-560970000.0
18/03/2021,48125.0297446427,67000.0,500.0,0.00746269,47055.5846392062,48410.2151060924,46342.6212355818,346300.0,23094010000.0,0.0,0.0,346300.0,23094010000.0,3100.0,0.0,0.0,-3100.0,206020000.0,0.0,0.0,-206020000.0
17/03/2021,47768.5480428305,64997.0,2003.0,0.03081681,47055.5846392062,48053.7334042802,43847.2493228967,388100.0,25275850000.0,0.0,0.0,388100.0,25275850000.0,5800.0,0.0,0.0,-5800.0,367580000.0,0.0,0.0,-367580000.0
16/03/2021,46340.3397526902,67900.0,-1900.0,-0.02798233,47393.5292925241,47885.0177444465,45287.1502128564,376700.0,24749970000.0,0.0,0.0,376700.0,24749970000.0,10100.0,0.0,0.0,-10100.0,669080000.0,0.0,0.0,-669080000.0
15/03/2021,47674.3798364799,68900.0,-1000.0,-0.01451379,48095.6556524133,48095.6556524133,46550.977660657,376500.0,25288750000.0,0.0,0.0,376500.0,25288750000.0,10300.0,0.0,0.0,-10300.0,688520000.0,0.0,0.0,-688520000.0
12/03/2021,48376.506196369,69500.0,-600.0,-0.00863309,48095.6556524133,48376.506196369,47042.4661125795,321700.0,21856400000.0,0.0,0.0,321700.0,21856400000.0,1900.0,0.0,0.0,-1900.0,128320000.0,0.0,0.0,-128320000.0
11/03/2021,48797.7820123026,67500.0,2000.0,0.02962963,47393.5292925241,48797.7820123026,45146.7249408785,386800.0,25656330000.0,0.0,0.0,386800.0,25656330000.0,2100.0,0.0,0.0,-2100.0,137010000.0,0.0,0.0,-137010000.0
10/03/2021,47393.5292925241,69900.0,-2400.0,-0.03433476,49078.6325562583,49078.6325562583,45989.2765727457,232300.0,15676610000.0,0.0,0.0,232300.0,15676610000.0,7600.0,0.0,0.0,-7600.0,504820000.0,0.0,0.0,-504820000.0
09/03/2021,49078.6325562583,69900.0,0.0,0.0,48797.7820123026,49078.6325562583,46691.4029326349,212100.0,14441830000.0,0.0,0.0,212100.0,14441830000.0,4900.0,0.0,0.0,-4900.0,329630000.0,0.0,0.0,-329630000.0
08/03/2021,49078.6325562583,69400.0,500.0,0.00720461,49148.8451922473,49148.8451922473,45989.2765727457,313900.0,21132290000.0,0.0,0.0,313900.0,21132290000.0,16400.0,0.0,0.0,-16400.0,1100190000.0,0.0,0.0,-1100190000.0
05/03/2021,48727.5693763137,67400.0,2000.0,0.02967359,44093.5354010447,48797.7820123026,44093.5354010447,306100.0,20568480000.0,0.0,0.0,306100.0,20568480000.0,900.0,0.0,0.0,-900.0,60900000.0,0.0,0.0,-60900000.0
04/03/2021,47323.3166565352,72400.0,-5000.0,-0.06906077,50623.3105480147,50623.3105480147,47323.3166565352,172200.0,11757650000.0,0.0,0.0,172200.0,11757650000.0,5700.0,0.0,0.0,-5700.0,390370000.0,0.0,0.0,-390370000.0
03/03/2021,50833.9484559815,72300.0,100.0,0.00138313,50763.7358199925,50833.9484559815,48446.718832358,251100.0,17691680000.0,0.0,0.0,251100.0,17691680000.0,7400.0,0.0,0.0,-7400.0,516020000.0,0.0,0.0,-516020000.0
02/03/2021,50763.7358199925,72600.0,-300.0,-0.00413223,50974.3737279593,51114.7989999371,49289.2704642251,226600.0,16194160000.0,0.0,0.0,226600.0,16194160000.0,9100.0,0.0,0.0,-9100.0,649410000.0,0.0,0.0,-649410000.0
01/03/2021,50974.3737279593,69000.0,3600.0,0.05217391,48446.718832358,50974.3737279593,45076.5123048896,447200.0,29822390000.0,0.0,0.0,447200.0,29822390000.0,-6000.0,0.0,0.0,6000.0,-388120000.0,0.0,0.0,388120000.0
26/02/2021,48446.718832358,73000.0,-4000.0,-0.05479452,50904.1610919704,50904.1610919704,47674.3798364799,383200.0,26460410000.0,0.0,0.0,383200.0,26460410000.0,3900.0,0.0,0.0,-3900.0,269860000.0,0.0,0.0,-269860000.0
25/02/2021,51255.2242719149,75000.0,-2000.0,-0.02666667,52659.4769916935,53712.6665315273,50763.7358199925,302000.0,22175810000.0,0.0,0.0,302000.0,22175810000.0,7100.0,0.0,0.0,-7100.0,519930000.0,0.0,0.0,-519930000.0
24/02/2021,52659.4769916935,72000.0,3000.0,0.04166667,50693.5231840036,52870.1148996602,50553.0979120257,312900.0,23178190000.0,0.0,0.0,312900.0,23178190000.0,-2400.0,0.0,0.0,2400.0,-175600000.0,0.0,0.0,175600000.0
23/02/2021,50553.0979120257,77100.0,-5100.0,-0.06614786,53080.752807627,53361.6033515827,50553.0979120257,282100.0,20877830000.0,0.0,0.0,282100.0,20877830000.0,3000.0,0.0,0.0,-3000.0,223370000.0,0.0,0.0,-223370000.0
22/02/2021,54133.9423474609,77500.0,-400.0,-0.00516129,54414.7928914166,54414.7928914166,50904.1610919704,326300.0,24406520000.0,0.0,0.0,326300.0,24406520000.0,9700.0,-600.0,0.0,-9100.0,726780000.0,-44820000.0,0.0,-681960000.0
19/02/2021,54414.7928914166,82400.0,-4900.0,-0.05946602,56521.1719710843,56521.1719710843,53853.0918035052,407200.0,31566260000.0,0.0,0.0,407200.0,31566260000.0,11300.0,-1000.0,0.0,-10300.0,874300000.0,-76830000.0,0.0,-797470000.0
18/02/2021,57855.2120548738,84100.0,-1700.0,-0.02021403,59119.0395026745,59680.7405905859,57504.1488749293,302100.0,25296040000.0,0.0,0.0,302100.0,25296040000.0,2700.0,0.0,0.0,-2700.0,223830000.0,0.0,0.0,-223830000.0
17/02/2021,59048.8268666856,78600.0,5500.0,0.06997455,55327.5571592726,59048.8268666856,55257.3445232837,435200.0,35712820000.0,0.0,0.0,435200.0,35712820000.0,-30900.0,600.0,0.0,30300.0,-2522500000.0,49200000.0,0.0,2473300000.0
09/02/2021,55187.1318872947,73500.0,5100.0,0.0694,51676.5000878485,55187.1318872947,51676.5000878485,513000.0,39118170000.0,0.0,0.0,513000.0,39118170000.0,-33700.0,1000.0,0.0,32700.0,-2577520000.0,77800000.0,0.0,2499720000.0
08/02/2021,51606.2874518596,73400.0,100.0,0.0013624,50553.0979120257,52097.7759037821,47955.2303804355,334700.0,24041730000.0,0.0,0.0,334700.0,24041730000.0,700.0,0.0,0.0,-700.0,21580000.0,0.0,0.0,-21580000.0
05/02/2021,51536.0748158706,72000.0,1400.0,0.01944444,50553.0979120257,52448.8390837267,50553.0979120257,377000.0,27769590000.0,0.0,0.0,377000.0,27769590000.0,-14500.0,0.0,0.0,14500.0,-1063930000.0,0.0,0.0,1063930000.0
04/02/2021,50553.0979120257,70500.0,1500.0,0.0212766,49570.1210081807,50974.3737279593,49359.483100214,329500.0,23554650000.0,0.0,0.0,329500.0,23554650000.0,-14600.0,0.0,0.0,14600.0,-1045810000.0,0.0,0.0,1045810000.0
03/02/2021,49499.9083721918,67000.0,3500.0,0.05223881,48446.718832358,49499.9083721918,44936.0870329117,450400.0,30143240000.0,0.0,0.0,450400.0,30143240000.0,14900.0,0.0,0.0,-14900.0,974340000.0,0.0,0.0,-974340000.0
02/02/2021,47042.4661125795,63800.0,3200.0,0.05015674,44936.0870329117,47885.0177444465,43531.8343131333,427500.0,28077350000.0,0.0,0.0,427500.0,28077350000.0,-18400.0,0.0,0.0,18400.0,-1240120000.0,0.0,0.0,1240120000.0
01/02/2021,44795.6617609339,64000.0,-200.0,-0.003125,44936.0870329117,44936.0870329117,43531.8343131333,333600.0,21138970000.0,0.0,0.0,333600.0,21138970000.0,2800.0,0.0,0.0,-2800.0,176000000.0,0.0,0.0,-176000000.0
29/01/2021,44936.0870329117,60000.0,4000.0,0.06666667,41425.4552334655,45076.5123048896,39670.1393337424,384600.0,23903000000.0,0.0,0.0,384600.0,23903000000.0,-1700.0,0.0,0.0,1700.0,-108370000.0,0.0,0.0,108370000.0
28/01/2021,42127.5815933548,64000.0,-4000.0,-0.0625,44585.0238529671,44725.4491249449,41846.7310493991,298800.0,18094140000.0,0.0,0.0,298800.0,18094140000.0,2100.0,0.0,0.0,-2100.0,131430000.0,0.0,0.0,-131430000.0
27/01/2021,44936.0870329117,66000.0,-2000.0,-0.03030303,47042.4661125795,47182.8913845574,44233.9606730225,255100.0,16786880000.0,0.0,0.0,255100.0,16786880000.0,500.0,0.0,0.0,-500.0,31790000.0,0.0,0.0,-31790000.0
26/01/2021,46340.3397526902,67000.0,-1000.0,-0.01492537,47182.8913845574,47463.7419285131,46340.3397526902,194400.0,12982990000.0,0.0,0.0,194400.0,12982990000.0,0.0,0.0,0.0,0.0,0.0,0.0,0.0,0.0
25/01/2021,47042.4661125795,67400.0,-400.0,-0.00593472,47744.5924724687,48095.6556524133,46761.6155686238,326200.0,22023330000.0,0.0,0.0,326200.0,22023330000.0,-9300.0,0.0,0.0,9300.0,-632210000.0,0.0,0.0,632210000.0
22/01/2021,47323.3166565352,66100.0,1300.0,0.01966717,45287.1502128564,48095.6556524133,45287.1502128564,416600.0,27861410000.0,0.0,0.0,416600.0,27861410000.0,-13100.0,0.0,0.0,13100.0,-889860000.0,0.0,0.0,889860000.0
21/01/2021,46410.5523886791,67700.0,-1600.0,-0.02363368,47744.5924724687,48236.0809243912,45076.5123048896,329400.0,21779030000.0,0.0,0.0,329400.0,21779030000.0,11000.0,0.0,0.0,-11000.0,714720000.0,0.0,0.0,-714720000.0
20/01/2021,47533.954564502,68000.0,-300.0,-0.00441176,47393.5292925241,47744.5924724687,46340.3397526902,282500.0,18850470000.0,0.0,0.0,282500.0,18850470000.0,-600.0,0.0,0.0,600.0,-38550000.0,0.0,0.0,38550000.0
19/01/2021,47744.5924724687,67300.0,700.0,0.01040119,47253.1040205463,47744.5924724687,45638.213392801,231600.0,15461790000.0,0.0,0.0,231600.0,15461790000.0,-6700.0,0.0,0.0,6700.0,-448890000.0,0.0,0.0,448890000.0
18/01/2021,47253.1040205463,65500.0,1800.0,0.02748092,46199.9144807124,47674.3798364799,45216.9375768674,405600.0,26769810000.0,0.0,0.0,405600.0,26769810000.0,-7100.0,0.0,0.0,7100.0,-471990000.0,0.0,0.0,471990000.0
15/01/2021,45989.2765727457,67300.0,-1800.0,-0.0267,47393.5292925241,48095.6556524133,45287.1502128564,445500.0,29718500000.0,0.0,0.0,445500.0,29718500000.0,12900.0,0.0,0.0,-12900.0,855660000.0,0.0,0.0,-855660000.0
14/01/2021,47253.1040205463,68500.0,-1200.0,-0.0175,48306.2935603801,48657.3567403248,46972.2534765906,366900.0,25010440000.0,0.0,0.0,366900.0,25010440000.0,-7600.0,0.0,0.0,7600.0,-530050000.0,0.0,0.0,530050000.0
13/01/2021,48095.6556524133,64500.0,4000.0,0.0620155,45427.5754848342,48446.718832358,45287.1502128564,440900.0,29733140000.0,0.0,0.0,440900.0,29733140000.0,-37400.0,0.0,0.0,37400.0,-2508170000.0,0.0,0.0,2508170000.0
12/01/2021,45287.1502128564,64000.0,500.0,0.0078125,44585.0238529671,45287.1502128564,43531.8343131333,432300.0,27706870000.0,0.0,0.0,432300.0,27706870000.0,-12200.0,0.0,0.0,12200.0,-785240000.0,0.0,0.0,785240000.0
11/01/2021,44936.0870329117,63400.0,600.0,0.00946372,44514.8112169782,45638.213392801,43461.6216771443,456800.0,29166420000.0,0.0,0.0,456800.0,29166420000.0,1000.0,0.0,0.0,-1000.0,57590000.0,0.0,0.0,-57590000.0
08/01/2021,44514.8112169782,62700.0,700.0,0.01116427,44233.9606730225,45848.8513007678,44233.9606730225,380600.0,24455030000.0,0.0,0.0,380600.0,24455030000.0,-12100.0,0.0,0.0,12100.0,-776250000.0,0.0,0.0,776250000.0
07/01/2021,44023.3227650558,59800.0,2900.0,0.0485,42478.6447732994,44163.7480370336,42478.6447732994,543300.0,33519590000.0,0.0,0.0,543300.0,33519590000.0,-23700.0,0.0,0.0,23700.0,-1460210000.0,0.0,0.0,1460210000.0
06/01/2021,41987.1563213769,58000.0,1800.0,0.03103448,41425.4552334655,43531.8343131333,41425.4552334655,481600.0,29041650000.0,0.0,0.0,481600.0,29041650000.0,-10200.0,0.0,0.0,10200.0,-616490000.0,0.0,0.0,616490000.0
05/01/2021,40723.3288735763,58400.0,-400.0,-0.00684932,41074.3920535209,41214.8173254987,40021.202513687,349300.0,20225820000.0,0.0,0.0,349300.0,20225820000.0,1200.0,-1000.0,0.0,-200.0,69450000.0,-58000000.0,0.0,-11450000.0
04/01/2021,41004.179417532,56800.0,1600.0,0.02816901,40372.2656936317,41776.5184134101,39950.9898776981,520700.0,30322650000.0,0.0,0.0,520700.0,30322650000.0,5800.0,0.0,0.0,-5800.0,336140000.0,0.0,0.0,-336140000.0
31/12/2020,39880.7772417092,54000.0,2800.0,0.05185185,37914.8234340193,40512.6909656095,37212.6970741301,489610.0,27564879000.0,0.0,0.0,489610.0,27564879000.0,-1870.0,0.0,0.0,1870.0,-105151000.0,0.0,0.0,105151000.0
30/12/2020,37914.8234340193,50500.0,3500.0,0.06930693,35668.0190823737,37914.8234340193,35597.8064463848,319270.0,16777443000.0,0.0,0.0,319270.0,16777443000.0,-10480.0,1000.0,0.0,9480.0,-548483000.0,54000000.0,0.0,494483000.0
29/12/2020,35457.3811744069,48500.0,2000.0,0.04123711,34263.7663625953,35808.4443543516,34053.1284546285,473710.0,23436027000.0,0.0,0.0,473710.0,23436027000.0,-9360.0,0.0,0.0,9360.0,-461228000.0,0.0,0.0,461228000.0
28/12/2020,34053.1284546285,48150.0,350.0,0.00726895,34053.1284546285,34544.6169065509,34053.1284546285,226990.0,11067364500.0,0.0,0.0,226990.0,11067364500.0,-3980.0,0.0,0.0,3980.0,-193942500.0,0.0,0.0,193942500.0
25/12/2020,33807.3842286672,47700.0,450.0,0.00943396,33491.427366717,34755.2548145177,32999.9389147945,217810.0,10489233000.0,0.0,0.0,217810.0,10489233000.0,-9760.0,0.0,0.0,9760.0,-472954000.0,0.0,0.0,472954000.0
24/12/2020,33491.427366717,48400.0,-700.0,-0.01446281,33982.9158186395,34018.022136634,32859.5136428167,211660.0,10083076500.0,0.0,0.0,211660.0,10083076500.0,5590.0,-630.0,0.0,-4960.0,266453000.0,-30303000.0,0.0,-236150000.0
23/12/2020,33982.9158186395,48400.0,0.0,0.0,33982.9158186395,34193.5537266063,33807.3842286672,269870.0,13056153500.0,0.0,0.0,269870.0,13056153500.0,350.0,0.0,0.0,-350.0,16871000.0,0.0,0.0,-16871000.0
22/12/2020,33982.9158186395,48700.0,-300.0,-0.00616016,34228.6600446007,34685.0421785287,33842.4905466617,185890.0,9029867000.0,0.0,0.0,185890.0,9029867000.0,-2500.0,0.0,0.0,2500.0,-122105000.0,0.0,0.0,122105000.0
21/12/2020,34193.5537266063,48000.0,700.0,0.01458333,34053.1284546285,34193.5537266063,33666.9589566893,242080.0,11652135500.0,0.0,0.0,242080.0,11652135500.0,-2480.0,630.0,0.0,1850.0,-119522000.0,30397500.0,0.0,89124500.0
18/12/2020,33702.0652746838,47750.0,250.0,0.0052356,33351.0020947392,33842.4905466617,33280.7894587503,197260.0,9437975000.0,0.0,0.0,197260.0,9437975000.0,-6780.0,0.0,0.0,6780.0,-325372500.0,0.0,0.0,325372500.0
17/12/2020,33526.5336847115,48000.0,-250.0,-0.00520833,33702.0652746838,33842.4905466617,33421.2147307281,181440.0,8665524500.0,0.0,0.0,181440.0,8665524500.0,4630.0,0.0,0.0,-4630.0,220836500.0,0.0,0.0,-220836500.0
16/12/2020,33702.0652746838,47500.0,500.0,0.01052632,33702.0652746838,34263.7663625953,33561.640002706,200080.0,9640154000.0,0.0,0.0,200080.0,9640154000.0,3860.0,0.0,0.0,-3860.0,186426000.0,0.0,0.0,-186426000.0
15/12/2020,33351.0020947392,48650.0,-1150.0,-0.02363823,34404.191634573,34404.191634573,32262.7062369108,202200.0,9659232500.0,0.0,0.0,202200.0,9659232500.0,9340.0,0.0,0.0,-9340.0,446320500.0,0.0,0.0,-446320500.0
14/12/2020,34158.4474086118,49000.0,-350.0,-0.00714286,34755.2548145177,34895.6800864955,34053.1284546285,207450.0,10157852000.0,0.0,0.0,207450.0,10157852000.0,2700.0,0.0,0.0,-2700.0,131515000.0,0.0,0.0,-131515000.0
11/12/2020,34404.191634573,48900.0,100.0,0.00204499,33561.640002706,35106.3179944623,33561.640002706,276610.0,13605476000.0,0.0,0.0,276610.0,13605476000.0,-5960.0,0.0,0.0,5960.0,-294009500.0,0.0,0.0,294009500.0
10/12/2020,34333.9789985842,48900.0,0.0,0.0,34333.9789985842,34755.2548145177,34263.7663625953,199800.0,9775864500.0,0.0,0.0,199800.0,9775864500.0,-8750.0,0.0,0.0,8750.0,-429581000.0,0.0,0.0,429581000.0
09/12/2020,34333.9789985842,49000.0,-100.0,-0.00204082,34404.191634573,34685.0421785287,34158.4474086118,208300.0,10182550500.0,0.0,0.0,208300.0,10182550500.0,1730.0,0.0,0.0,-1730.0,84301000.0,0.0,0.0,-84301000.0
08/12/2020,34404.191634573,49250.0,-250.0,-0.00507614,34404.191634573,34825.4674505066,34158.4474086118,205260.0,10074663500.0,0.0,0.0,205260.0,10074663500.0,1680.0,0.0,0.0,-1680.0,81992000.0,0.0,0.0,-81992000.0
07/12/2020,34579.7232245454,49250.0,0.0,0.0,34579.7232245454,34720.1484965232,34544.6169065509,144500.0,7126878000.0,0.0,0.0,144500.0,7126878000.0,0.0,0.0,0.0,0.0,0.0,0.0,0.0,0.0
04/12/2020,34579.7232245454,49600.0,-350.0,-0.00705645,34930.78640449,34930.78640449,34404.191634573,220810.0,10900055000.0,0.0,0.0,220810.0,10900055000.0,0.0,0.0,0.0,0.0,0.0,0.0,0.0,0.0
03/12/2020,34825.4674505066,49750.0,-150.0,-0.00301508,34930.78640449,35071.2116764679,34755.2548145177,163840.0,8139170000.0,20000.0,1000000000.0,183840.0,9139170000.0,-1050.0,0.0,0.0,1050.0,-52192500.0,0.0,0.0,52192500.0
02/12/2020,34930.78640449,49750.0,0.0,0.0,34755.2548145177,35176.5306304512,34404.191634573,155400.0,7716661000.0,0.0,0.0,155400.0,7716661000.0,-4830.0,0.0,0.0,4830.0,-239335500.0,0.0,0.0,239335500.0
01/12/2020,34930.78640449,49650.0,100.0,0.0020141,34404.191634573,34930.78640449,33702.0652746838,202600.0,9979363000.0,0.0,0.0,202600.0,9979363000.0,-2820.0,0.0,0.0,2820.0,-138149000.0,0.0,0.0,138149000.0
30/11/2020,34860.5737685011,49600.0,50.0,0.00100806,35106.3179944623,35106.3179944623,34193.5537266063,209800.0,10342864000.0,0.0,0.0,209800.0,10342864000.0,-1200.0,0.0,0.0,1200.0,-59491000.0,0.0,0.0,59491000.0
27/11/2020,34825.4674505066,50900.0,-1300.0,-0.02554028,35738.2317183627,36440.3580782518,34369.0853165786,167210.0,8264707500.0,0.0,0.0,167210.0,8264707500.0,90.0,0.0,0.0,-90.0,4437000.0,0.0,0.0,-4437000.0
26/11/2020,35738.2317183627,50400.0,500.0,0.00992063,34755.2548145177,36089.2948983072,34404.191634573,169390.0,8529761000.0,0.0,0.0,169390.0,8529761000.0,5030.0,0.0,0.0,-5030.0,249265000.0,0.0,0.0,-249265000.0
25/11/2020,35387.168538418,51400.0,-1000.0,-0.01945525,36089.2948983072,36370.1454422629,34263.7663625953,161470.0,8097970000.0,0.0,0.0,161470.0,8097970000.0,810.0,0.0,0.0,-810.0,41117000.0,0.0,0.0,-41117000.0
24/11/2020,36089.2948983072,51500.0,-100.0,-0.00194175,36159.5075342961,36440.3580782518,34404.191634573,156110.0,7939642000.0,0.0,0.0,156110.0,7939642000.0,0.0,0.0,0.0,0.0,0.0,0.0,0.0,0.0
23/11/2020,36159.5075342961,51400.0,100.0,0.00194553,36510.5707142408,37072.2718021522,35808.4443543516,156330.0,8113604000.0,0.0,0.0,156330.0,8113604000.0,-2600.0,0.0,0.0,2600.0,-134100000.0,0.0,0.0,134100000.0
20/11/2020,36089.2948983072,48700.0,2700.0,0.05544148,34193.5537266063,36089.2948983072,34193.5537266063,136990.0,6815453000.0,1100000.0,50578000000.0,1236990.0,57393453000.0,-3890.0,0.0,0.0,3890.0,-195990000.0,0.0,0.0,195990000.0
19/11/2020,34193.5537266063,50500.0,-1800.0,-0.03564356,36089.2948983072,36089.2948983072,34053.1284546285,150960.0,7587585000.0,0.0,0.0,150960.0,7587585000.0,240.0,0.0,0.0,-240.0,12000000.0,0.0,0.0,-12000000.0
18/11/2020,35457.3811744069,51100.0,-600.0,-0.01174168,36440.3580782518,36440.3580782518,35176.5306304512,178470.0,9037946000.0,0.0,0.0,178470.0,9037946000.0,160.0,0.0,0.0,-160.0,8064000.0,0.0,0.0,-8064000.0
17/11/2020,35878.6569903405,50800.0,300.0,0.00590551,36440.3580782518,36440.3580782518,35457.3811744069,131590.0,6732238000.0,0.0,0.0,131590.0,6732238000.0,540.0,0.0,0.0,-540.0,27414000.0,0.0,0.0,-27414000.0
16/11/2020,35668.0190823737,51100.0,-300.0,-0.00587084,36510.5707142408,36510.5707142408,34755.2548145177,143410.0,7281773000.0,0.0,0.0,143410.0,7281773000.0,160.0,0.0,0.0,-160.0,8030000.0,0.0,0.0,-8030000.0
13/11/2020,35878.6569903405,51500.0,-400.0,-0.00776699,36159.5075342961,37212.6970741301,35808.4443543516,129640.0,6659433000.0,0.0,0.0,129640.0,6659433000.0,0.0,0.0,0.0,0.0,0.0,0.0,0.0,0.0
12/11/2020,36159.5075342961,51200.0,300.0,0.00585938,35948.8696263294,36159.5075342961,35457.3811744069,197020.0,10044000000.0,0.0,0.0,197020.0,10044000000.0,920.0,0.0,0.0,-920.0,46591000.0,0.0,0.0,-46591000.0
11/11/2020,35948.8696263294,51500.0,-300.0,-0.00582524,36440.3580782518,36440.3580782518,35387.168538418,133640.0,6836000000.0,0.0,0.0,133640.0,6836000000.0,3580.0,0.0,0.0,-3580.0,180694000.0,0.0,0.0,-180694000.0
10/11/2020,36159.5075342961,51900.0,-400.0,-0.00770713,36510.5707142408,36510.5707142408,35246.7432664402,141940.0,7200085000.0,0.0,0.0,141940.0,7200085000.0,7800.0,0.0,0.0,-7800.0,393829000.0,0.0,0.0,-393829000.0
09/11/2020,36440.3580782518,52000.0,-100.0,-0.00192308,36721.2086222076,36721.2086222076,35176.5306304512,148270.0,7641385000.0,0.0,0.0,148270.0,7641385000.0,3340.0,0.0,0.0,-3340.0,168375000.0,0.0,0.0,-168375000.0
06/11/2020,36510.5707142408,52300.0,-300.0,-0.00573614,36721.2086222076,36931.8465301743,35808.4443543516,143010.0,7442557000.0,0.0,0.0,143010.0,7442557000.0,250.0,0.0,0.0,-250.0,12917000.0,0.0,0.0,-12917000.0
05/11/2020,36721.2086222076,53000.0,-700.0,-0.01320755,37212.6970741301,37212.6970741301,35808.4443543516,173780.0,9104148000.0,270000.0,13500000000.0,443780.0,22604148000.0,-1820.0,0.0,0.0,1820.0,-95465000.0,0.0,0.0,95465000.0
04/11/2020,37212.6970741301,51900.0,1100.0,0.02119461,36510.5707142408,37212.6970741301,36510.5707142408,165920.0,8669057000.0,0.0,0.0,165920.0,8669057000.0,-3120.0,0.0,0.0,3120.0,-163389000.0,0.0,0.0,163389000.0
03/11/2020,36440.3580782518,50500.0,1400.0,0.02772277,35808.4443543516,37914.8234340193,35808.4443543516,268280.0,14027873000.0,0.0,0.0,268280.0,14027873000.0,-9790.0,0.0,0.0,9790.0,-517059000.0,0.0,0.0,517059000.0
02/11/2020,35457.3811744069,49253.0,1247.0,0.02531825,34404.191634573,35457.3811744069,33702.0652746838,185120.0,9255052000.0,0.0,0.0,185120.0,9255052000.0,-2010.0,0.0,0.0,2010.0,-101103000.0,0.0,0.0,101103000.0
30/10/2020,34581.4785404451,50600.0,-1100.0,-0.02173913,35629.4021325798,35629.4021325798,34581.4785404451,200950.0,10088570000.0,0.0,0.0,200950.0,10088570000.0,0.0,0.0,0.0,0.0,0.0,0.0,0.0,0.0
29/10/2020,35349.9558413439,50600.0,0.0,0.0,35349.9558413439,35349.9558413439,34581.4785404451,146400.0,7341727000.0,0.0,0.0,146400.0,7341727000.0,0.0,0.0,0.0,0.0,0.0,0.0,0.0,0.0
28/10/2020,35349.9558413439,50600.0,0.0,0.0,34930.78640449,35349.9558413439,34092.4475307823,182090.0,9013597000.0,0.0,0.0,182090.0,9013597000.0,6750.0,0.0,0.0,-6750.0,334192000.0,0.0,0.0,-334192000.0
27/10/2020,35349.9558413439,51000.0,-400.0,-0.00784314,35629.4021325798,35699.2637053888,33882.8628123553,203890.0,10185657000.0,0.0,0.0,203890.0,10185657000.0,6120.0,0.0,0.0,-6120.0,301669000.0,0.0,0.0,-301669000.0
26/10/2020,35629.4021325798,51000.0,0.0,0.0,35978.7099966247,35978.7099966247,34930.78640449,152200.0,7680309000.0,0.0,0.0,152200.0,7680309000.0,6540.0,0.0,0.0,-6540.0,327600000.0,0.0,0.0,-327600000.0
23/10/2020,35629.4021325798,50900.0,100.0,0.00196464,35978.7099966247,35978.7099966247,34581.4785404451,126370.0,6365156500.0,0.0,0.0,126370.0,6365156500.0,5130.0,0.0,0.0,-5130.0,255301500.0,0.0,0.0,-255301500.0
22/10/2020,35559.5405597709,51000.0,-100.0,-0.00196078,35629.4021325798,35629.4021325798,34232.1706764002,148380.0,7455159000.0,0.0,0.0,148380.0,7455159000.0,310.0,0.0,0.0,-310.0,15500000.0,0.0,0.0,-15500000.0
21/10/2020,35629.4021325798,51000.0,0.0,0.0,36258.1562878606,36258.1562878606,34930.78640449,169150.0,8593890000.0,0.0,0.0,169150.0,8593890000.0,3800.0,0.0,0.0,-3800.0,190032000.0,0.0,0.0,-190032000.0
20/10/2020,35629.4021325798,51000.0,0.0,0.0,35280.0942685349,35769.1252781978,34651.3401132541,157490.0,7951618000.0,0.0,0.0,157490.0,7951618000.0,0.0,0.0,0.0,0.0,0.0,0.0,0.0,0.0
19/10/2020,35629.4021325798,51200.0,-200.0,-0.00390625,35280.0942685349,36258.1562878606,34232.1706764002,198080.0,10031175000.0,0.0,0.0,198080.0,10031175000.0,4080.0,0.0,0.0,-4080.0,203965000.0,0.0,0.0,-203965000.0
16/10/2020,35769.1252781978,50000.0,1200.0,0.024,35629.4021325798,35978.7099966247,34930.78640449,175510.0,8886726000.0,0.0,0.0,175510.0,8886726000.0,2280.0,0.0,0.0,-2280.0,114459000.0,0.0,0.0,-114459000.0
15/10/2020,34930.78640449,52200.0,-2200.0,-0.04214559,35629.4021325798,36328.0178606696,34651.3401132541,136330.0,6922548000.0,0.0,0.0,136330.0,6922548000.0,9360.0,0.0,0.0,-9360.0,468959000.0,0.0,0.0,-468959000.0
14/10/2020,36467.7410062875,52200.0,0.0,0.0,36328.0178606696,37026.6335887594,34616.4093268497,132670.0,6778067500.0,0.0,0.0,132670.0,6778067500.0,9757.0,0.0,0.0,-9760.0,489180500.0,0.0,0.0,-489180500.0
13/10/2020,36467.7410062875,52100.0,100.0,0.00191939,37026.6335887594,37026.6335887594,34651.3401132541,143180.0,7366633000.0,0.0,0.0,143180.0,7366633000.0,5820.0,0.0,0.0,-5820.0,291629000.0,0.0,0.0,-291629000.0
12/10/2020,36397.8794334786,52300.0,-200.0,-0.00382409,36956.7720159504,36956.7720159504,34930.78640449,133110.0,6937397000.0,0.0,0.0,133110.0,6937397000.0,3670.0,0.0,0.0,-3670.0,186372000.0,0.0,0.0,-186372000.0
09/10/2020,36537.6025790966,52500.0,-200.0,-0.00380952,36677.3257247145,36817.0488703325,34930.78640449,163070.0,8508500000.0,0.0,0.0,163070.0,8508500000.0,5250.0,0.0,0.0,-5250.0,273346000.0,0.0,0.0,-273346000.0
08/10/2020,36677.3257247145,52500.0,0.0,0.0,36886.9104431414,37375.9414528043,36328.0178606696,142350.0,7510061000.0,0.0,0.0,142350.0,7510061000.0,3590.0,0.0,0.0,-3590.0,188317000.0,0.0,0.0,-188317000.0
07/10/2020,36677.3257247145,53200.0,-700.0,-0.01315789,37166.3567343773,37236.2183071864,36677.3257247145,173620.0,9191296000.0,0.0,0.0,173620.0,9191296000.0,370.0,0.0,0.0,-350.0,19575000.0,0.0,0.0,-18515000.0
06/10/2020,37166.3567343773,53000.0,200.0,0.00377358,37026.6335887594,37306.0798799953,36817.0488703325,217390.0,11521227000.0,500000.0,27500000000.0,717390.0,39021227000.0,0.0,0.0,0.0,0.0,0.0,0.0,0.0,0.0
05/10/2020,37026.6335887594,52700.0,300.0,0.0056926,36817.0488703325,37026.6335887594,36258.1562878606,192950.0,10114778000.0,0.0,0.0,192950.0,10114778000.0,3130.0,0.0,0.0,-3130.0,163630000.0,0.0,0.0,-163630000.0
02/10/2020,36817.0488703325,54400.0,-1700.0,-0.03125,38004.6956080851,38423.865044939,36677.3257247145,139840.0,7406146000.0,0.0,0.0,139840.0,7406146000.0,8930.0,0.0,0.0,-9100.0,470588000.0,0.0,0.0,-479534000.0
01/10/2020,38004.6956080851,54000.0,400.0,0.00740741,37725.2493168492,38214.280326512,36677.3257247145,157800.0,8487234000.0,0.0,0.0,157800.0,8487234000.0,6480.0,0.0,0.0,-6480.0,345255000.0,0.0,0.0,-345255000.0
30/09/2020,37725.2493168492,54000.0,0.0,0.0,37725.2493168492,37934.8340352762,37585.5261712313,128410.0,6939750000.0,0.0,0.0,128410.0,6939750000.0,-40.0,0.0,0.0,0.0,-2160000.0,0.0,0.0,0.0
29/09/2020,37725.2493168492,53500.0,500.0,0.00934579,37375.9414528043,38004.6956080851,36328.0178606696,319370.0,17218551000.0,0.0,0.0,319370.0,17218551000.0,-1040.0,0.0,0.0,1040.0,-55769000.0,0.0,0.0,55769000.0
28/09/2020,37375.9414528043,53200.0,300.0,0.0056391,37166.3567343773,37375.9414528043,36747.1872975235,197530.0,10501725000.0,0.0,0.0,197530.0,10501725000.0,70.0,0.0,0.0,-70.0,3161000.0,0.0,0.0,-3161000.0
25/09/2020,37166.3567343773,54500.0,-1300.0,-0.02385321,38074.5571808941,38214.280326512,36677.3257247145,139190.0,7430896000.0,0.0,0.0,139190.0,7430896000.0,6890.0,0.0,0.0,-6890.0,366826000.0,0.0,0.0,-366826000.0
24/09/2020,38074.5571808941,56500.0,-2000.0,-0.03539823,40170.4043651635,40519.7122292084,37725.2493168492,250610.0,13696552000.0,0.0,0.0,250610.0,13696552000.0,8630.0,0.0,0.0,-8650.0,469251000.0,0.0,0.0,-470341000.0
23/09/2020,39471.7886370737,56000.0,500.0,0.00892857,39471.7886370737,39681.3733555007,38004.6956080851,180760.0,10089727000.0,0.0,0.0,180760.0,10089727000.0,9100.0,0.0,0.0,-9100.0,503611000.0,0.0,0.0,-503611000.0
22/09/2020,39122.4807730287,57000.0,-1000.0,-0.01754386,39471.7886370737,40310.1275107814,38423.865044939,157590.0,8900876000.0,0.0,0.0,157590.0,8900876000.0,220.0,0.0,0.0,-220.0,11164000.0,0.0,0.0,-11164000.0
21/09/2020,39821.0965011186,55600.0,1400.0,0.02517986,38423.865044939,39960.8196467365,37725.2493168492,325280.0,18406915000.0,0.0,0.0,325280.0,18406915000.0,-1870.0,0.0,0.0,1870.0,-104042000.0,0.0,0.0,104042000.0
18/09/2020,38843.0344817929,55800.0,-200.0,-0.00358423,38982.7576274109,39122.4807730287,38563.5881905569,172770.0,9579177000.0,0.0,0.0,172770.0,9579177000.0,450.0,0.0,0.0,-450.0,25014000.0,0.0,0.0,-25014000.0
17/09/2020,38982.7576274109,57500.0,-1700.0,-0.02956522,40449.8506563994,40449.8506563994,38284.141899321,199690.0,11114184000.0,0.0,0.0,199690.0,11114184000.0,1740.0,0.0,0.0,-1730.0,96128000.0,0.0,0.0,-95571000.0
16/09/2020,40170.4043651635,57500.0,0.0,0.0,40519.7122292084,40519.7122292084,38423.865044939,156320.0,8827896000.0,0.0,0.0,156320.0,8827896000.0,6450.0,0.0,0.0,-6450.0,358985000.0,0.0,0.0,-358985000.0
15/09/2020,40170.4043651635,59000.0,-1500.0,-0.02542373,41218.3279572982,41707.358966961,39681.3733555007,210590.0,12248770000.0,0.0,0.0,210590.0,12248770000.0,4500.0,0.0,0.0,-4500.0,257643000.0,0.0,0.0,-257643000.0
14/09/2020,41218.3279572982,55500.0,3500.0,0.06306306,38773.1729089839,41218.3279572982,38074.5571808941,210970.0,12192764000.0,0.0,0.0,210970.0,12192764000.0,-4220.0,0.0,0.0,4220.0,-244267000.0,0.0,0.0,244489000.0
11/09/2020,38773.1729089839,54200.0,1300.0,0.02398524,37725.2493168492,38773.1729089839,37026.6335887594,140320.0,7569574000.0,0.0,0.0,140320.0,7569574000.0,-5870.0,0.0,0.0,5870.0,-320337000.0,0.0,0.0,320337000.0
10/09/2020,37864.9724624672,54500.0,-300.0,-0.00550459,38423.865044939,38423.865044939,37236.2183071864,206930.0,11159286000.0,0.0,0.0,206930.0,11159286000.0,3430.0,0.0,0.0,-3430.0,185125000.0,0.0,0.0,-185125000.0
09/09/2020,38074.5571808941,56300.0,-1800.0,-0.03197158,39122.4807730287,39471.7886370737,37795.1108896582,174010.0,9606303000.0,0.0,0.0,174010.0,9606303000.0,3160.0,0.0,0.0,-3270.0,175872000.0,0.0,0.0,-181892000.0
08/09/2020,39332.0654914557,59000.0,-2700.0,-0.04576271,42615.5594134778,43314.1751415676,39122.4807730287,155060.0,9002278000.0,0.0,0.0,155060.0,9002278000.0,7750.0,0.0,0.0,-7750.0,439377000.0,0.0,0.0,-439377000.0
07/09/2020,41218.3279572982,59000.0,0.0,0.0,41218.3279572982,41358.0511029161,39122.4807730287,174980.0,10289746000.0,0.0,0.0,174980.0,10289746000.0,2890.0,0.0,0.0,-2890.0,169325000.0,0.0,0.0,-169325000.0
04/09/2020,41218.4676804438,60300.0,-800.0,-0.013267,42811.7865991836,42811.7865991836,41218.4676804438,172680.0,10339425000.0,0.0,0.0,172680.0,10339425000.0,50.0,0.0,0.0,-50.0,2995000.0,0.0,0.0,-2995000.0
03/09/2020,41772.6655652229,58000.0,2300.0,0.03965517,38793.8519345354,41841.9403008203,38101.1045785615,154160.0,8840911000.0,440000.0,26400000000.0,594160.0,35240911000.0,-4100.0,0.0,0.0,4200.0,-246161000.0,0.0,0.0,251751000.0
01/09/2020,40179.346646483,56500.0,1500.0,0.02654867,38793.8519345354,40179.346646483,38101.1045785615,162540.0,9017671000.0,0.0,0.0,162540.0,9017671000.0,2680.0,0.0,0.0,-2680.0,151171000.0,0.0,0.0,-151171000.0
31/08/2020,39140.2256125223,59000.0,-2500.0,-0.04237288,40941.3687380542,42257.5887144045,38793.8519345354,149750.0,8617801000.0,840000.0,46200000000.0,989750.0,54817801000.0,1790.0,0.0,0.0,-1790.0,105103000.0,0.0,0.0,-105103000.0
28/08/2020,40872.0940024569,62000.0,-3000.0,-0.0483871,41911.2150364176,42950.3360703785,40179.346646483,213460.0,12980503000.0,0.0,0.0,213460.0,12980503000.0,0.0,0.0,0.0,0.0,0.0,0.0,0.0,0.0
27/08/2020,42950.3360703785,58400.0,3600.0,0.06164384,40872.0940024569,43019.6108059758,38793.8519345354,161080.0,9560314000.0,0.0,0.0,161080.0,9560314000.0,1150.0,0.0,0.0,-1150.0,69385000.0,0.0,0.0,-69385000.0
26/08/2020,40456.4455888726,54600.0,3800.0,0.06959707,36715.6098666138,40456.4455888726,36715.6098666138,179870.0,10272527000.0,180000.0,9900000000.0,359870.0,20172527000.0,-7040.0,0.0,0.0,6940.0,-410795000.0,0.0,0.0,404955000.0
25/08/2020,37824.005636172,51100.0,3500.0,0.06849315,34775.917269887,37824.005636172,34775.917269887,201350.0,10608898000.0,840000.0,45780000000.0,1041350.0,56388898000.0,-5190.0,0.0,0.0,5190.0,-279610000.0,0.0,0.0,279610000.0
24/08/2020,35399.3898902635,47850.0,3250.0,0.06792059,32212.7520527838,35399.3898902635,31935.6531103943,167520.0,8081777000.0,0.0,0.0,167520.0,8081777000.0,1000.0,0.0,0.0,-1000.0,51100000.0,0.0,0.0,-51100000.0
21/08/2020,33147.9609833485,47450.0,400.0,0.00842993,32559.1257307708,33944.6204427184,32420.576259576,168470.0,7960256500.0,0.0,0.0,168470.0,7960256500.0,-1710.0,0.0,0.0,1710.0,-82338500.0,0.0,0.0,82338500.0
20/08/2020,32870.8620409589,47350.0,100.0,0.00211193,32836.2246731603,33944.6204427184,32801.5873053616,155550.0,7532446000.0,1500380.0,66316796000.0,1655930.0,73849242000.0,-1200.0,0.0,0.0,1200.0,-58105500.0,0.0,0.0,58105500.0
19/08/2020,32801.5873053616,47450.0,-100.0,-0.00210748,32559.1257307708,33944.6204427184,32559.1257307708,193460.0,9148843000.0,0.0,0.0,193460.0,9148843000.0,-410.0,-500.0,0.0,910.0,-19294000.0,-23500000.0,0.0,42794000.0
18/08/2020,32870.8620409589,48500.0,-1050.0,-0.02164948,32559.1257307708,32974.7741443551,32247.3894205826,186160.0,8798177500.0,1199620.0,54222824000.0,1385780.0,63021001500.0,-610.0,0.0,0.0,610.0,-28923500.0,0.0,0.0,28923500.0
17/08/2020,33598.2467647315,47750.0,750.0,0.01570681,31866.3783747969,33598.2467647315,31173.631018823,160990.0,7401482000.0,0.0,0.0,160990.0,7401482000.0,-1330.0,0.0,0.0,1330.0,-61287000.0,0.0,0.0,61287000.0
14/08/2020,33078.6862477511,47600.0,150.0,0.00315126,33044.0488799524,33944.6204427184,32974.7741443551,154200.0,7385640000.0,0.0,0.0,154200.0,7385640000.0,300.0,-1300.0,0.0,1000.0,13150000.0,-62150000.0,0.0,49000000.0
13/08/2020,32974.7741443551,47000.0,600.0,0.01276596,32974.7741443551,34498.8183274976,32628.4004663681,151560.0,7303068000.0,0.0,0.0,151560.0,7303068000.0,-17180.0,0.0,0.0,17170.0,-839010000.0,0.0,0.0,838521000.0
12/08/2020,32559.1257307708,46800.0,200.0,0.0042735,32420.576259576,33598.2467647315,32074.2025815891,221840.0,10393019000.0,0.0,0.0,221840.0,10393019000.0,-7650.0,0.0,0.0,7650.0,-370825000.0,0.0,0.0,370825000.0
11/08/2020,32420.576259576,47600.0,-800.0,-0.01680672,31277.5431222191,32559.1257307708,31242.9057544204,219360.0,10131842000.0,0.0,0.0,219360.0,10131842000.0,1280.0,-4300.0,0.0,3020.0,55394000.0,-193930000.0,0.0,138536000.0
10/08/2020,32974.7741443551,47800.0,-200.0,-0.0041841,34602.7304308935,34602.7304308935,32697.6752019655,168150.0,8003686000.0,0.0,0.0,168150.0,8003686000.0,-1000.0,0.0,0.0,1000.0,-48500000.0,0.0,0.0,48500000.0
07/08/2020,33113.3236155499,46650.0,1150.0,0.02465166,32316.66415618,33944.6204427184,31866.3783747969,210130.0,9885766000.0,0.0,0.0,210130.0,9885766000.0,-11320.0,0.0,0.0,11320.0,-545663500.0,0.0,0.0,545663500.0
06/08/2020,32316.66415618,46500.0,150.0,0.00322581,32212.7520527838,33251.8730867446,31242.9057544204,166090.0,7730851000.0,0.0,0.0,166090.0,7730851000.0,-400.0,0.0,0.0,400.0,-18500000.0,0.0,0.0,18500000.0
05/08/2020,32212.7520527838,47800.0,-1300.0,-0.02719665,33113.3236155499,33598.2467647315,32212.7520527838,220260.0,10522170500.0,0.0,0.0,220260.0,10522170500.0,-3790.0,0.0,0.0,3790.0,-182875000.0,0.0,0.0,182875000.0
04/08/2020,33113.3236155499,47200.0,600.0,0.01271186,32559.1257307708,33251.8730867446,32420.576259576,204910.0,9717100000.0,0.0,0.0,204910.0,9717100000.0,-8800.0,0.0,0.0,8800.0,-420551000.0,0.0,0.0,420551000.0
03/08/2020,32697.6752019655,44400.0,2800.0,0.06306306,30896.5320764334,32905.4994087577,30896.5320764334,192950.0,8909690000.0,0.0,0.0,192950.0,8909690000.0,-23400.0,0.0,0.0,22600.0,-1093811500.0,0.0,0.0,1055811500.0
31/07/2020,30757.9826052387,44250.0,150.0,0.00338983,29130.0263187002,31312.1804900178,29130.0263187002,225520.0,9893904000.0,0.0,0.0,225520.0,9893904000.0,-1340.0,0.0,0.0,1340.0,-60387000.0,0.0,0.0,60387000.0
30/07/2020,30654.0705018426,44150.0,100.0,0.00226501,30480.8836628492,30827.2573408361,30203.7847204596,272260.0,11998193500.0,0.0,0.0,272260.0,11998193500.0,0.0,0.0,0.0,0.0,0.0,0.0,0.0,0.0
29/07/2020,30584.7957662453,45150.0,-1000.0,-0.02214839,31658.5541680048,31658.5541680048,30550.1583984465,191070.0,8535153500.0,0.0,0.0,191070.0,8535153500.0,270.0,0.0,0.0,-270.0,12182500.0,0.0,0.0,-12182500.0
28/07/2020,31277.5431222191,44500.0,650.0,0.01460674,30827.2573408361,31589.2794324074,30827.2573408361,224860.0,10143832500.0,0.0,0.0,224860.0,10143832500.0,-1310.0,0.0,0.0,1310.0,-59548500.0,0.0,0.0,59548500.0
27/07/2020,30827.2573408361,44750.0,-250.0,-0.00558659,30827.2573408361,30965.8068120308,30515.5210306479,191980.0,8547740500.0,242580.0,10916100000.0,434560.0,19463840500.0,-7860.0,0.0,0.0,7860.0,-348046500.0,0.0,0.0,348046500.0
24/07/2020,31000.4441798296,44700.0,50.0,0.00111857,31658.5541680048,31658.5541680048,29822.7736746741,178630.0,7949735500.0,0.0,0.0,178630.0,7949735500.0,-17520.0,0.0,0.0,2520.0,-778892000.0,0.0,0.0,112892000.0
23/07/2020,30965.8068120308,44550.0,150.0,0.003367,30931.1694442322,31173.631018823,30861.8947086348,210030.0,9388930500.0,0.0,0.0,210030.0,9388930500.0,-810.0,0.0,0.0,810.0,-36380000.0,0.0,0.0,36380000.0
22/07/2020,30861.8947086348,44500.0,50.0,0.0011236,30896.5320764334,31173.631018823,30827.2573408361,233700.0,10439055500.0,0.0,0.0,233700.0,10439055500.0,-48970.0,0.0,0.0,4750.0,-2189570000.0,0.0,0.0,212497500.0
21/07/2020,30827.2573408361,44750.0,-250.0,-0.00558659,30480.8836628492,31173.631018823,29095.3889509015,203250.0,8972821000.0,0.0,0.0,203250.0,8972821000.0,-15150.0,0.0,0.0,4650.0,-671882500.0,0.0,0.0,204832500.0
20/07/2020,31000.4441798296,44700.0,50.0,0.00111857,31312.1804900178,31312.1804900178,30065.2352492649,125920.0,5573671000.0,0.0,0.0,125920.0,5573671000.0,-5790.0,0.0,0.0,5790.0,-258482500.0,0.0,0.0,258482500.0
17/07/2020,30965.8068120308,45000.0,-300.0,-0.00666667,30480.8836628492,31242.9057544204,30480.8836628492,195000.0,8730469500.0,0.0,0.0,195000.0,8730469500.0,-1490.0,0.0,0.0,1490.0,-67065500.0,0.0,0.0,67065500.0
16/07/2020,31173.631018823,44000.0,1000.0,0.02272727,30480.8836628492,31173.631018823,29822.7736746741,205510.0,9012117500.0,0.0,0.0,205510.0,9012117500.0,-31690.0,0.0,0.0,4840.0,-1390152000.0,0.0,0.0,212486000.0
15/07/2020,30480.8836628492,43250.0,750.0,0.01734104,29441.7626288884,30480.8836628492,29441.7626288884,256590.0,11159509000.0,0.0,0.0,256590.0,11159509000.0,-2500.0,0.0,0.0,3500.0,-109639500.0,0.0,0.0,153089500.0
14/07/2020,29961.3231458688,42900.0,350.0,0.00815851,29788.1363068753,30480.8836628492,29614.9494678819,312740.0,13471616000.0,0.0,0.0,312740.0,13471616000.0,-9160.0,0.0,0.0,860.0,-395008500.0,0.0,0.0,37113500.0
13/07/2020,29718.861571278,42500.0,400.0,0.00941176,28749.0152729146,29788.1363068753,28749.0152729146,268250.0,11356813500.0,0.0,0.0,268250.0,11356813500.0,0.0,0.0,0.0,0.0,0.0,0.0,0.0,0.0
10/07/2020,29441.7626288884,43000.0,-500.0,-0.01162791,29095.3889509015,29788.1363068753,29026.1142153042,255480.0,10913537500.0,0.0,0.0,255480.0,10913537500.0,0.0,0.0,0.0,0.0,0.0,0.0,0.0,0.0
09/07/2020,29788.1363068753,42800.0,200.0,0.0046729,29649.5868356806,30099.8726170635,28056.2679169407,284830.0,12196502000.0,0.0,0.0,284830.0,12196502000.0,410.0,0.0,0.0,-10.0,17594500.0,0.0,0.0,-434500.0
08/07/2020,29649.5868356806,44150.0,-1350.0,-0.03057758,30480.8836628492,31138.9936510243,28818.290008512,225990.0,9688675000.0,0.0,0.0,225990.0,9688675000.0,5060.0,0.0,0.0,-5060.0,212320500.0,0.0,0.0,-212320500.0
07/07/2020,30584.7957662453,44600.0,-450.0,-0.01008969,30134.5099848623,30861.8947086348,29095.3889509015,200760.0,8827475000.0,0.0,0.0,200760.0,8827475000.0,1760.0,0.0,0.0,-1770.0,75437000.0,0.0,0.0,-74986000.0
06/07/2020,30896.5320764334,44450.0,150.0,0.00337458,30792.6199730374,30931.1694442322,29095.3889509015,260480.0,11485365000.0,0.0,0.0,260480.0,11485365000.0,3770.0,0.0,0.0,-4170.0,159054000.0,0.0,0.0,-175954000.0
03/07/2020,30792.6199730374,44650.0,-200.0,-0.00447928,31173.631018823,31277.5431222191,28956.8394797068,303860.0,13469338500.0,0.0,0.0,303860.0,13469338500.0,7720.0,0.0,0.0,-7720.0,326263000.0,0.0,0.0,-326263000.0
02/07/2020,30931.1694442322,44950.0,-300.0,-0.00667408,31866.3783747969,31866.3783747969,29649.5868356806,165600.0,7433557500.0,0.0,0.0,165600.0,7433557500.0,5090.0,0.0,0.0,-5490.0,226950500.0,0.0,0.0,-244070500.0
01/07/2020,31138.9936510243,43750.0,1200.0,0.02742857,30480.8836628492,31520.00469681,30446.2462950504,205750.0,9247281000.0,120000.0,5400000000.0,325750.0,14647281000.0,3500.0,0.0,0.0,-3300.0,157169000.0,0.0,0.0,-148269000.0
30/06/2020,30307.6968238557,44400.0,-650.0,-0.01463964,30411.6089272518,31069.7189154269,28956.8394797068,204380.0,8984136500.0,249990.0,11249550000.0,454370.0,20233686500.0,3370.0,0.0,0.0,-3370.0,143729000.0,0.0,0.0,-143729000.0
29/06/2020,30757.9826052387,44000.0,400.0,0.00909091,29441.7626288884,31520.00469681,28749.0152729146,211220.0,9421259000.0,450000.0,20250000000.0,661220.0,29671259000.0,4930.0,0.0,0.0,-3650.0,219354000.0,0.0,0.0,-161910000.0
26/06/2020,30480.8836628492,44501.0,-501.0,-0.01125817,29511.0373644858,31312.1804900178,29511.0373644858,213070.0,9503203500.0,0.0,0.0,213070.0,9503203500.0,2570.0,0.0,0.0,-2450.0,113256000.0,0.0,0.0,-107756000.0
25/06/2020,30827.6037145141,45500.0,-500.0,-0.01098901,30211.0516402239,31855.190504998,30211.0516402239,204410.0,9187635500.0,0.0,0.0,204410.0,9187635500.0,4150.0,0.0,0.0,-4150.0,186340500.0,0.0,0.0,-186340500.0
24/06/2020,31170.1326446754,45600.0,-100.0,-0.00219298,30485.0747843528,31170.1326446754,30485.0747843528,229280.0,10253837000.0,0.0,0.0,229280.0,10253837000.0,-1090.0,6100.0,0.0,-3010.0,-49658000.0,276198000.0,0.0,-135554000.0
23/06/2020,31238.6384307076,46150.0,-550.0,-0.01191766,31615.4202538851,31855.190504998,29628.7524589496,214040.0,9657350000.0,697600.0,29996800000.0,911640.0,39654150000.0,22080.0,0.0,0.0,-24530.0,984898000.0,0.0,0.0,-1091868000.0
22/06/2020,31615.4202538851,46750.0,-600.0,-0.01283422,31615.4202538851,32505.9954723044,29834.2698170465,243790.0,11353040000.0,300000.0,15000000000.0,543790.0,26353040000.0,6380.0,0.0,0.0,-10380.0,284728500.0,0.0,0.0,-462728500.0
19/06/2020,32026.4549700786,47800.0,-1050.0,-0.02196653,30827.6037145141,32985.5359745302,30553.5805703851,222370.0,10481204500.0,0.0,0.0,222370.0,10481204500.0,12770.0,0.0,0.0,-14770.0,579987000.0,0.0,0.0,-673187000.0
18/06/2020,32745.7657234173,47650.0,150.0,0.00314795,33088.2946535785,33156.8004396107,30382.3161053044,231100.0,11056199000.0,0.0,0.0,231100.0,11056199000.0,3320.0,0.0,0.0,-3320.0,150385000.0,0.0,0.0,-150385000.0
17/06/2020,32643.0070443688,47800.0,-150.0,-0.00313808,33191.0533326269,33191.0533326269,31170.1326446754,221410.0,10598042000.0,0.0,0.0,221410.0,10598042000.0,2640.0,0.0,0.0,-2640.0,121071500.0,0.0,0.0,-121071500.0
16/06/2020,32745.7657234173,47650.0,150.0,0.00314795,32643.0070443688,33225.306225643,31855.190504998,215210.0,10352363500.0,0.0,0.0,215210.0,10352363500.0,490.0,0.0,0.0,-490.0,23357000.0,0.0,0.0,-23357000.0
15/06/2020,32643.0070443688,47450.0,200.0,0.00421496,32540.2483653204,32848.5244024656,30827.6037145141,204560.0,9769249000.0,0.0,0.0,204560.0,9769249000.0,300.0,0.0,0.0,-300.0,14295000.0,0.0,0.0,-14295000.0
12/06/2020,32505.9954723044,45700.0,1750.0,0.03829322,30827.6037145141,32677.2599373849,30142.5458541916,188270.0,8817949500.0,0.0,0.0,188270.0,8817949500.0,8200.0,0.0,0.0,-8200.0,372931000.0,0.0,0.0,-372931000.0
11/06/2020,31307.1442167399,47800.0,-2100.0,-0.04393305,32745.7657234173,32882.7772954817,31170.1326446754,204580.0,9733028000.0,0.0,0.0,204580.0,9733028000.0,2170.0,0.0,0.0,-2120.0,99653000.0,0.0,0.0,-97298000.0
10/06/2020,32745.7657234173,48000.0,-200.0,-0.00416667,33465.0764767559,33465.0764767559,32677.2599373849,224570.0,10791969000.0,0.0,0.0,224570.0,10791969000.0,0.0,0.0,0.0,0.0,0.0,0.0,0.0,0.0
09/06/2020,32882.7772954817,48150.0,-150.0,-0.00311526,32985.5359745302,32985.5359745302,32745.7657234173,200280.0,9602276000.0,0.0,0.0,200280.0,9602276000.0,100.0,0.0,0.0,-100.0,4800000.0,0.0,0.0,-4800000.0
08/06/2020,32985.5359745302,48000.0,150.0,0.003125,33225.306225643,33362.3177977075,32540.2483653204,216600.0,10440136500.0,0.0,0.0,216600.0,10440136500.0,-1240.0,0.0,0.0,1190.0,-58953500.0,0.0,0.0,56528500.0
05/06/2020,32882.7772954817,48000.0,0.0,0.0,32882.7772954817,32882.7772954817,31512.6615748366,228380.0,10907125000.0,0.0,0.0,228380.0,10907125000.0,-4850.0,0.0,0.0,4850.0,-227908000.0,0.0,0.0,227908000.0
04/06/2020,32882.7772954817,47900.0,100.0,0.00208768,32814.2715094495,32882.7772954817,32334.7310072237,210450.0,10016385500.0,0.0,0.0,210450.0,10016385500.0,2780.0,0.0,0.0,-2780.0,132459500.0,0.0,0.0,-132459500.0
03/06/2020,32814.2715094495,48300.0,-400.0,-0.00828157,33088.2946535785,33156.8004396107,32711.5128304011,243460.0,11697253000.0,0.0,0.0,243460.0,11697253000.0,30.0,0.0,0.0,-30.0,1435000.0,0.0,0.0,-1435000.0
02/06/2020,33088.2946535785,48350.0,-50.0,-0.00103413,33122.5475465946,33156.8004396107,32985.5359745302,237430.0,11465685500.0,0.0,0.0,237430.0,11465685500.0,250.0,0.0,0.0,-250.0,12037500.0,0.0,0.0,-12037500.0
01/06/2020,33122.5475465946,48400.0,-50.0,-0.00103306,33156.8004396107,33533.5822627881,32882.7772954817,261180.0,12646721000.0,200000.0,10000000000.0,461180.0,22646721000.0,980.0,0.0,0.0,-980.0,47716000.0,0.0,0.0,-47716000.0
29/05/2020,33156.8004396107,48800.0,-400.0,-0.00819672,33430.8235837398,33430.8235837398,33122.5475465946,270100.0,13116824500.0,600000.0,30000000000.0,870100.0,43116824500.0,0.0,0.0,0.0,0.0,0.0,0.0,0.0,0.0
28/05/2020,33430.8235837398,49000.0,-200.0,-0.00408163,33567.8351558043,33567.8351558043,33259.5591186591,231990.0,11310751500.0,495000.0,24750000000.0,726990.0,36060751500.0,0.0,0.0,0.0,0.0,0.0,0.0,0.0,0.0
27/05/2020,33567.8351558043,47650.0,1350.0,0.02833158,32643.0070443688,33567.8351558043,32231.9723281753,302850.0,14636928000.0,0.0,0.0,302850.0,14636928000.0,-5880.0,0.0,0.0,5880.0,-285584000.0,0.0,0.0,285584000.0
26/05/2020,32643.0070443688,47000.0,650.0,0.01382979,32197.7194351592,33567.8351558043,32197.7194351592,240060.0,11431000000.0,0.0,0.0,240060.0,11431000000.0,170.0,0.0,0.0,-170.0,8176500.0,0.0,0.0,-8176500.0
25/05/2020,32197.7194351592,49000.0,-2000.0,-0.04081633,33567.8351558043,33567.8351558043,32197.7194351592,241740.0,11705212000.0,0.0,0.0,241740.0,11705212000.0,-1320.0,0.0,0.0,1320.0,-63030000.0,0.0,0.0,63030000.0
22/05/2020,33567.8351558043,49000.0,0.0,0.0,33567.8351558043,33670.5938348526,33225.306225643,237730.0,11610013000.0,0.0,0.0,237730.0,11610013000.0,-560.0,0.0,0.0,560.0,-27188000.0,0.0,0.0,27188000.0
21/05/2020,33567.8351558043,49050.0,-50.0,-0.00101937,33602.0880488204,35074.9624485138,32574.5012583366,258160.0,12780814500.0,0.0,0.0,258160.0,12780814500.0,-5790.0,0.0,0.0,5790.0,-293076000.0,0.0,0.0,293076000.0
20/05/2020,33602.0880488204,47600.0,1450.0,0.03046218,32608.7541513527,33602.0880488204,32540.2483653204,258240.0,12352554500.0,0.0,0.0,258240.0,12352554500.0,-9570.0,0.0,0.0,9570.0,-463100500.0,0.0,0.0,463100500.0
19/05/2020,32608.7541513527,47600.0,0.0,0.0,32608.7541513527,32677.2599373849,32197.7194351592,254850.0,12090480000.0,0.0,0.0,254850.0,12090480000.0,-1350.0,0.0,0.0,1350.0,-64260000.0,0.0,0.0,64260000.0
18/05/2020,32608.7541513527,47800.0,-200.0,-0.0041841,32745.7657234173,32882.7772954817,31512.6615748366,232450.0,11087430000.0,0.0,0.0,232450.0,11087430000.0,-310.0,0.0,0.0,310.0,-14828000.0,0.0,0.0,14828000.0
15/05/2020,32745.7657234173,47800.0,0.0,0.0,32745.7657234173,33019.7888675462,32745.7657234173,243720.0,11716533500.0,0.0,0.0,243720.0,11716533500.0,-5410.0,0.0,0.0,5410.0,-260445500.0,0.0,0.0,260445500.0
14/05/2020,32745.7657234173,48200.0,-400.0,-0.00829876,33019.7888675462,33362.3177977075,32197.7194351592,254720.0,12296675000.0,0.0,0.0,254720.0,12296675000.0,-2000.0,0.0,0.0,2000.0,-96400000.0,0.0,0.0,96400000.0
13/05/2020,33019.7888675462,48200.0,0.0,0.0,34252.8930161268,34252.8930161268,32951.283081514,251000.0,12186537500.0,0.0,0.0,251000.0,12186537500.0,-2990.0,0.0,0.0,2990.0,-144118000.0,0.0,0.0,144118000.0
12/05/2020,33019.7888675462,46500.0,1700.0,0.03655914,31855.190504998,33225.306225643,31786.6847189657,250820.0,11895983000.0,0.0,0.0,250820.0,11895983000.0,-4120.0,0.0,0.0,4120.0,-196645500.0,0.0,0.0,196645500.0
11/05/2020,31855.190504998,47500.0,-1000.0,-0.02105263,32882.7772954817,33636.3409418365,31718.1789329334,221450.0,10428513000.0,0.0,0.0,221450.0,10428513000.0,-130.0,0.0,0.0,0.0,-6163000.0,0.0,0.0,0.0
08/05/2020,32540.2483653204,48800.0,-1300.0,-0.02663934,33430.8235837398,34595.421946288,32540.2483653204,237010.0,11816350000.0,0.0,0.0,237010.0,11816350000.0,-5940.0,0.0,0.0,5970.0,-297510000.0,0.0,0.0,299060000.0
07/05/2020,33430.8235837398,45900.0,2900.0,0.06318083,31444.1557888043,33499.3293697719,31444.1557888043,224980.0,10501520000.0,0.0,0.0,224980.0,10501520000.0,-4760.0,0.0,0.0,4770.0,-224633000.0,0.0,0.0,225121000.0
06/05/2020,31444.1557888043,42900.0,3000.0,0.06993007,29388.9822078368,31444.1557888043,28772.4301335466,237560.0,10571950000.0,0.0,0.0,237560.0,10571950000.0,-14840.0,0.0,0.0,14990.0,-674211000.0,0.0,0.0,680911000.0
05/05/2020,29388.9822078368,41700.0,1200.0,0.02877698,28566.9127754497,30142.5458541916,28566.9127754497,248080.0,10519702000.0,0.0,0.0,248080.0,10519702000.0,-6350.0,0.0,0.0,6450.0,-272678500.0,0.0,0.0,276913500.0
04/05/2020,28566.9127754497,41550.0,150.0,0.00361011,28464.1540964014,28772.4301335466,28224.3838452885,228410.0,9484257000.0,0.0,0.0,228410.0,9484257000.0,-3500.0,0.0,0.0,3500.0,-145358000.0,0.0,0.0,145358000.0
29/04/2020,28464.1540964014,41000.0,550.0,0.01341463,28087.3722732239,28772.4301335466,28087.3722732239,252750.0,10516119500.0,1083240.0,45496080000.0,1335990.0,56012199500.0,-10.0,0.0,0.0,10.0,-415500.0,0.0,0.0,415500.0
28/04/2020,28087.3722732239,42200.0,-1200.0,-0.02843602,28909.441705611,30142.5458541916,28087.3722732239,269500.0,11223246500.0,0.0,0.0,269500.0,11223246500.0,-90.0,0.0,0.0,-10.0,-3776500.0,0.0,0.0,-420000.0
27/04/2020,28909.441705611,42800.0,-600.0,-0.01401869,29114.9590637078,29286.2235287884,27744.8433430627,297190.0,12542111500.0,0.0,0.0,297190.0,12542111500.0,-70.0,0.0,0.0,70.0,-2880500.0,0.0,0.0,2880500.0
24/04/2020,29320.4764218046,43000.0,-200.0,-0.00465116,29457.487993869,29457.487993869,28772.4301335466,262070.0,11156753500.0,0.0,0.0,262070.0,11156753500.0,-2400.0,0.0,0.0,2400.0,-100710000.0,0.0,0.0,100710000.0
23/04/2020,29457.487993869,43550.0,-550.0,-0.01262916,29834.2698170465,31170.1326446754,29457.487993869,260340.0,11501744500.0,0.0,0.0,260340.0,11501744500.0,-1490.0,0.0,0.0,1490.0,-64890000.0,0.0,0.0,64890000.0
22/04/2020,29834.2698170465,43550.0,0.0,0.0,29834.2698170465,30519.327677369,29834.2698170465,252060.0,11021000000.0,0.0,0.0,252060.0,11021000000.0,-2220.0,0.0,0.0,2220.0,-97007000.0,0.0,0.0,97007000.0
21/04/2020,29834.2698170465,44950.0,-1400.0,-0.03114572,30827.6037145141,31170.1326446754,29800.0169240303,263960.0,11824000000.0,0.0,0.0,263960.0,11824000000.0,-380.0,0.0,0.0,480.0,-15868000.0,0.0,0.0,20383000.0
20/04/2020,30793.350821498,42800.0,2150.0,0.05023364,29800.0169240303,30827.6037145141,29491.7408868852,266790.0,11774000000.0,0.0,0.0,266790.0,11774000000.0,-810.0,0.0,0.0,1360.0,-35288000.0,0.0,0.0,59225500.0
17/04/2020,29320.4764218046,40000.0,2800.0,0.07,27402.3144129014,29320.4764218046,27402.3144129014,267790.0,11113000000.0,0.0,0.0,267790.0,11113000000.0,-9400.0,0.0,0.0,9400.0,-391569500.0,0.0,0.0,391569500.0
16/04/2020,27402.3144129014,38000.0,2000.0,0.05263158,26032.1986922563,27402.3144129014,26032.1986922563,275680.0,10747000000.0,0.0,0.0,275680.0,10747000000.0,-5740.0,0.0,0.0,5640.0,-221849500.0,0.0,0.0,218049500.0
15/04/2020,26032.1986922563,37950.0,50.0,0.00131752,25997.9457992403,26032.1986922563,25004.6119017726,274210.0,10225000000.0,0.0,0.0,274210.0,10225000000.0,7700.0,0.0,0.0,-8500.0,283851500.0,0.0,0.0,-313171500.0
14/04/2020,25997.9457992403,39200.0,-1250.0,-0.03188776,26854.2681246434,26854.2681246434,25552.6581900306,266060.0,10227000000.0,0.0,0.0,266060.0,10227000000.0,2020.0,0.0,0.0,-2020.0,77003000.0,0.0,0.0,-77003000.0
13/04/2020,26854.2681246434,39000.0,200.0,0.00512821,26717.2565525789,27676.3375570305,26717.2565525789,269840.0,10713000000.0,0.0,0.0,269840.0,10713000000.0,500.0,0.0,0.0,-500.0,19500000.0,0.0,0.0,-19500000.0
10/04/2020,26717.2565525789,39650.0,-650.0,-0.01639344,27162.5441617885,27299.5557338531,26032.1986922563,261870.0,10289000000.0,0.0,0.0,261870.0,10289000000.0,310.0,0.0,0.0,-310.0,12081500.0,0.0,0.0,-12081500.0
09/04/2020,27162.5441617885,40400.0,-750.0,-0.01856436,26717.2565525789,28224.3838452885,26648.7507665466,301440.0,12014486500.0,0.0,0.0,301440.0,12014486500.0,3520.0,0.0,0.0,-3530.0,137276000.0,0.0,0.0,-137665000.0
08/04/2020,27676.3375570305,40500.0,-100.0,-0.00246914,27402.3144129014,27710.5904500465,26717.2565525789,295210.0,11860344000.0,0.0,0.0,295210.0,11860344000.0,-11670.0,0.0,0.0,11670.0,-456615000.0,0.0,0.0,456615000.0
07/04/2020,27744.8433430627,38500.0,2000.0,0.05194805,26717.2565525789,27744.8433430627,26443.2334084499,287500.0,11454625500.0,0.0,0.0,287500.0,11454625500.0,-5190.0,0.0,0.0,4070.0,-207155000.0,0.0,0.0,162467000.0
06/04/2020,26374.7276224176,36000.0,2500.0,0.06944444,24662.0829716113,26374.7276224176,24525.0713995468,243950.0,9019163000.0,0.0,0.0,243950.0,9019163000.0,-8330.0,0.0,0.0,8330.0,-299880000.0,0.0,0.0,299880000.0
03/04/2020,24662.0829716113,36000.0,0.0,0.0,23977.0251112887,24662.0829716113,23977.0251112887,302650.0,10859000000.0,0.0,0.0,302650.0,10859000000.0,-1420.0,0.0,0.0,1420.0,-50573000.0,0.0,0.0,50573000.0
01/04/2020,24662.0829716113,36500.0,-500.0,-0.01369863,25004.6119017726,25004.6119017726,24662.0829716113,294640.0,10723000000.0,0.0,0.0,294640.0,10723000000.0,0.0,0.0,0.0,0.0,0.0,0.0,0.0,0.0
31/03/2020,25004.6119017726,37000.0,-500.0,-0.01351351,25347.1408319339,25347.1408319339,23977.0251112887,294330.0,10744000000.0,250000.0,9750000000.0,544330.0,20494000000.0,-160.0,0.0,0.0,160.0,-5760000.0,0.0,0.0,5760000.0
30/03/2020,25347.1408319339,38400.0,-1400.0,-0.03645833,26306.2218363854,26306.2218363854,25312.8879389177,283710.0,10648000000.0,0.0,0.0,283710.0,10648000000.0,0.0,0.0,0.0,0.0,0.0,0.0,0.0,0.0
27/03/2020,26306.2218363854,38400.0,0.0,0.0,26306.2218363854,27368.0615198853,26032.1986922563,287380.0,11285000000.0,0.0,0.0,287380.0,11285000000.0,0.0,0.0,0.0,0.0,0.0,0.0,0.0,0.0
26/03/2020,26306.2218363854,38600.0,-200.0,-0.00518135,26443.2334084499,27059.7854827402,25689.6697620951,283620.0,10897000000.0,0.0,0.0,283620.0,10897000000.0,0.0,0.0,0.0,0.0,0.0,0.0,0.0,0.0
25/03/2020,26443.2334084499,40000.0,-1400.0,-0.035,27402.3144129014,28601.1656684659,25860.9342271758,286000.0,11619000000.0,0.0,0.0,286000.0,11619000000.0,0.0,0.0,0.0,0.0,0.0,0.0,0.0,0.0
24/03/2020,27402.3144129014,39550.0,450.0,0.011378,26717.2565525789,28292.8896313207,26717.2565525789,301380.0,12064000000.0,0.0,0.0,301380.0,12064000000.0,0.0,0.0,0.0,0.0,0.0,0.0,0.0,0.0
23/03/2020,27094.0383757563,42000.0,-2450.0,-0.05833333,29046.4532776755,29046.4532776755,26820.0152316273,300850.0,12278000000.0,0.0,0.0,300850.0,12278000000.0,-400.0,0.0,0.0,400.0,-16200000.0,0.0,0.0,16200000.0
20/03/2020,28772.4301335466,41800.0,200.0,0.00478469,28087.3722732239,29423.2351008529,27813.3491290949,306560.0,12833000000.0,0.0,0.0,306560.0,12833000000.0,0.0,0.0,0.0,0.0,0.0,0.0,0.0,0.0
19/03/2020,28635.418561482,41900.0,-100.0,-0.00238663,28772.4301335466,29457.487993869,27779.0962360788,308470.0,12989000000.0,120000.0,5280000000.0,428470.0,18269000000.0,0.0,0.0,0.0,0.0,0.0,0.0,0.0,0.0
18/03/2020,28703.9243475143,41300.0,600.0,0.01452785,28292.8896313207,28738.1772405304,28292.8896313207,305910.0,12711000000.0,0.0,0.0,305910.0,12711000000.0,300.0,0.0,0.0,-300.0,12450000.0,0.0,0.0,-12450000.0
17/03/2020,28292.8896313207,41700.0,-400.0,-0.00959233,28566.9127754497,28566.9127754497,27368.0615198853,303130.0,12483000000.0,0.0,0.0,303130.0,12483000000.0,0.0,0.0,0.0,0.0,0.0,0.0,0.0,0.0
16/03/2020,28566.9127754497,39500.0,2200.0,0.0556962,27059.7854827402,28601.1656684659,27059.7854827402,300590.0,12054000000.0,200000.0,8100000000.0,500590.0,20154000000.0,0.0,0.0,0.0,0.0,0.0,0.0,0.0,0.0
13/03/2020,27059.7854827402,42000.0,-2500.0,-0.05952381,28772.4301335466,28772.4301335466,26785.7623386112,203350.0,8211000000.0,0.0,0.0,203350.0,8211000000.0,-3280.0,0.0,0.0,-150.0,-128305000.0,0.0,0.0,-5955000.0
12/03/2020,28772.4301335466,42950.0,-950.0,-0.02211874,27436.5673059176,29457.487993869,27368.0615198853,201540.0,8533000000.0,0.0,0.0,201540.0,8533000000.0,-1600.0,0.0,0.0,300.0,-65144000.0,0.0,0.0,12150000.0
11/03/2020,29423.2351008529,42900.0,50.0,0.0011655,29388.9822078368,30142.5458541916,28772.4301335466,206830.0,8967000000.0,0.0,0.0,206830.0,8967000000.0,160.0,0.0,0.0,-60.0,6960000.0,0.0,0.0,-2760000.0
10/03/2020,29388.9822078368,42750.0,150.0,0.00350877,29457.487993869,30142.5458541916,27402.3144129014,206690.0,8856000000.0,0.0,0.0,206690.0,8856000000.0,-160.0,0.0,0.0,160.0,-6440000.0,0.0,0.0,6440000.0
09/03/2020,29286.2235287884,45500.0,-2750.0,-0.06043956,30827.6037145141,31135.8797516593,29286.2235287884,203680.0,9014000000.0,0.0,0.0,203680.0,9014000000.0,750.0,0.0,0.0,-750.0,33750000.0,0.0,0.0,-33750000.0
06/03/2020,31170.1326446754,45550.0,-50.0,-0.00109769,30142.5458541916,31512.6615748366,29491.7408868852,200870.0,9132000000.0,0.0,0.0,200870.0,9132000000.0,4030.0,0.0,0.0,-4030.0,177040000.0,0.0,0.0,-177040000.0
05/03/2020,31204.3855376914,44950.0,600.0,0.01334816,30827.6037145141,31512.6615748366,29423.2351008529,207070.0,9421000000.0,0.0,0.0,207070.0,9421000000.0,4020.0,0.0,0.0,-4120.0,175707000.0,0.0,0.0,-180027000.0
04/03/2020,30793.350821498,45250.0,-300.0,-0.00662983,30485.0747843528,31512.6615748366,29457.487993869,204190.0,9207000000.0,0.0,0.0,204190.0,9207000000.0,5960.0,0.0,0.0,-5960.0,258394000.0,0.0,0.0,-258394000.0
03/03/2020,30998.8681795948,45250.0,0.0,0.0,30998.8681795948,31170.1326446754,29457.487993869,203770.0,9202000000.0,0.0,0.0,203770.0,9202000000.0,3000.0,0.0,0.0,-4210.0,130359000.0,0.0,0.0,-183911500.0
02/03/2020,30998.8681795948,44900.0,350.0,0.0077951,30485.0747843528,31512.6615748366,29834.2698170465,207580.0,9386000000.0,80000.0,3800000000.0,287580.0,13186000000.0,1730.0,0.0,0.0,-1730.0,77837500.0,0.0,0.0,-77837500.0
28/02/2020,30759.0979284819,45250.0,-350.0,-0.00773481,30827.6037145141,30930.3623935625,29457.487993869,201450.0,8919000000.0,100000.0,4525000000.0,301450.0,13444000000.0,10170.0,0.0,0.0,-10170.0,444039000.0,0.0,0.0,-444039000.0
27/02/2020,30998.8681795948,45500.0,-250.0,-0.00549451,31170.1326446754,31170.1326446754,29937.0284960948,253400.0,11395000000.0,0.0,0.0,253400.0,11395000000.0,8100.0,0.0,0.0,-8100.0,357972000.0,0.0,0.0,-357972000.0
26/02/2020,31170.1326446754,46000.0,-500.0,-0.01086957,31855.190504998,32197.7194351592,30142.5458541916,215690.0,9835000000.0,0.0,0.0,215690.0,9835000000.0,920.0,0.0,0.0,-920.0,42034500.0,0.0,0.0,-42034500.0
25/02/2020,31512.6615748366,46000.0,0.0,0.0,31512.6615748366,32540.2483653204,30485.0747843528,204330.0,9410000000.0,0.0,0.0,204330.0,9410000000.0,2560.0,0.0,0.0,-2560.0,115736500.0,0.0,0.0,-115736500.0
24/02/2020,31512.6615748366,47350.0,-1350.0,-0.02851109,32540.2483653204,32540.2483653204,31375.6500027722,205980.0,9642000000.0,31100.0,1492800000.0,237080.0,11134800000.0,-1340.0,0.0,0.0,1340.0,-61707000.0,0.0,0.0,61707000.0
21/02/2020,32437.4896862721,47300.0,50.0,0.00105708,32197.7194351592,32677.2599373849,31512.6615748366,203480.0,9614000000.0,85300.0,4094400000.0,288780.0,13708400000.0,0.0,0.0,0.0,0.0,0.0,0.0,0.0,0.0
20/02/2020,32403.2367932559,46700.0,600.0,0.01284797,31992.2020770624,32403.2367932559,30964.6152865785,215250.0,10052000000.0,282298.0,13268006000.0,497548.0,23320006000.0,10820.0,0.0,0.0,-10850.0,497012000.0,0.0,0.0,-498407000.0
19/02/2020,31992.2020770624,48450.0,-1750.0,-0.03611971,33225.306225643,33773.352513901,31649.6731469012,203850.0,9749000000.0,0.0,0.0,203850.0,9749000000.0,6470.0,0.0,0.0,-6570.0,308382000.0,0.0,0.0,-313032000.0
18/02/2020,33191.0533326269,48450.0,0.0,0.0,33225.306225643,33704.8467278688,32197.7194351592,208080.0,10054000000.0,0.0,0.0,208080.0,10054000000.0,4310.0,0.0,0.0,-4310.0,204790500.0,0.0,0.0,-204790500.0
17/02/2020,33191.0533326269,48500.0,-50.0,-0.00103093,33225.306225643,33978.8698719977,33088.2946535785,202320.0,9927000000.0,0.0,0.0,202320.0,9927000000.0,420.0,0.0,0.0,-420.0,20299000.0,0.0,0.0,-20299000.0
14/02/2020,33225.306225643,49000.0,-500.0,-0.01020408,33567.8351558043,34115.8814440623,33225.306225643,204550.0,10109000000.0,0.0,0.0,204550.0,10109000000.0,250.0,0.0,0.0,-250.0,12307500.0,0.0,0.0,-12307500.0
13/02/2020,33567.8351558043,50100.0,-1100.0,-0.02195609,34321.3988021591,34595.421946288,33567.8351558043,207360.0,10348000000.0,0.0,0.0,207360.0,10348000000.0,-1300.0,0.0,0.0,1200.0,-64500000.0,0.0,0.0,59600000.0
12/02/2020,34321.3988021591,49900.0,200.0,0.00400802,34184.3872300946,34526.9161602558,33225.306225643,216440.0,10810000000.0,400000.0,20000000000.0,616440.0,30810000000.0,-6140.0,0.0,0.0,6140.0,-306455500.0,0.0,0.0,306455500.0
11/02/2020,34184.3872300946,49500.0,400.0,0.00808081,33910.3640859655,34526.9161602558,33910.3640859655,214390.0,10684000000.0,0.0,0.0,214390.0,10684000000.0,-4290.0,0.0,0.0,4290.0,-214309000.0,0.0,0.0,214309000.0
10/02/2020,33910.3640859655,49900.0,-400.0,-0.00801603,34252.8930161268,34252.8930161268,33225.306225643,211940.0,10504000000.0,0.0,0.0,211940.0,10504000000.0,-12960.0,0.0,0.0,12860.0,-643465000.0,0.0,0.0,638470000.0
07/02/2020,34184.3872300946,47750.0,2150.0,0.04502618,33225.306225643,34252.8930161268,32814.2715094495,174180.0,8578000000.0,0.0,0.0,174180.0,8578000000.0,-7930.0,0.0,0.0,7930.0,-388109500.0,0.0,0.0,388109500.0
06/02/2020,32711.5128304011,47500.0,250.0,0.00526316,32540.2483653204,33567.8351558043,31752.4318259495,264330.0,12587000000.0,0.0,0.0,264330.0,12587000000.0,-8020.0,0.0,0.0,8020.0,-380396000.0,0.0,0.0,380396000.0
05/02/2020,32540.2483653204,47000.0,500.0,0.0106383,32197.7194351592,32540.2483653204,31512.6615748366,222280.0,10404000000.0,0.0,0.0,222280.0,10404000000.0,-1710.0,0.0,0.0,1710.0,-80772000.0,0.0,0.0,80772000.0
04/02/2020,32197.7194351592,46950.0,50.0,0.00106496,31923.6962910301,32403.2367932559,31512.6615748366,201150.0,9447000000.0,400000.0,20000000000.0,601150.0,29447000000.0,3930.0,0.0,0.0,-3930.0,183933000.0,0.0,0.0,-183933000.0
03/02/2020,32163.466542143,47900.0,-950.0,-0.01983299,32814.2715094495,32814.2715094495,31512.6615748366,203100.0,9542000000.0,0.0,0.0,203100.0,9542000000.0,0.0,0.0,0.0,0.0,0.0,0.0,0.0,0.0
31/01/2020,32814.2715094495,48100.0,-200.0,-0.004158,32951.283081514,32951.283081514,31889.4433980141,206920.0,9867000000.0,0.0,0.0,206920.0,9867000000.0,2020.0,0.0,0.0,-2020.0,96996500.0,0.0,0.0,-96996500.0
30/01/2020,32951.283081514,49300.0,-1200.0,-0.02434077,33773.352513901,33773.352513901,32882.7772954817,231170.0,11253000000.0,0.0,0.0,231170.0,11253000000.0,-2310.0,0.0,0.0,2310.0,-112690500.0,0.0,0.0,112690500.0
22/01/2020,33773.352513901,48800.0,500.0,0.0102459,33499.3293697719,33910.3640859655,33293.8120116753,228850.0,11207000000.0,0.0,0.0,228850.0,11207000000.0,-6740.0,0.0,0.0,6890.0,-329424000.0,0.0,0.0,336774000.0
21/01/2020,33430.8235837398,47750.0,1050.0,0.02198953,32882.7772954817,33430.8235837398,32745.7657234173,211160.0,10216000000.0,0.0,0.0,211160.0,10216000000.0,-11300.0,0.0,0.0,11400.0,-546975500.0,0.0,0.0,551855500.0
20/01/2020,32711.5128304011,47650.0,100.0,0.00209864,32677.2599373849,32745.7657234173,32197.7194351592,224150.0,10672000000.0,0.0,0.0,224150.0,10672000000.0,-7760.0,0.0,0.0,7760.0,-369880500.0,0.0,0.0,369880500.0
17/01/2020,32643.0070443688,45950.0,1700.0,0.03699674,31512.6615748366,32745.7657234173,31512.6615748366,249380.0,11736000000.0,0.0,0.0,249380.0,11736000000.0,820.0,0.0,0.0,-970.0,37655500.0,0.0,0.0,-44765500.0
16/01/2020,31478.4086818205,45400.0,550.0,0.01211454,31101.6268586431,32197.7194351592,30998.8681795948,296190.0,13576000000.0,0.0,0.0,296190.0,13576000000.0,5400.0,0.0,0.0,-5360.0,245417000.0,0.0,0.0,-243599000.0
15/01/2020,31101.6268586431,45200.0,200.0,0.00442478,30998.8681795948,31375.6500027722,30998.8681795948,241350.0,10983000000.0,20000.0,900000000.0,261350.0,11883000000.0,1800.0,0.0,0.0,-1800.0,81887000.0,0.0,0.0,-81887000.0
14/01/2020,30964.6152865785,46850.0,-1650.0,-0.03521878,32094.9607561108,32129.213649127,30553.5805703851,229000.0,10459000000.0,0.0,0.0,229000.0,10459000000.0,7310.0,0.0,0.0,-7330.0,329099000.0,0.0,0.0,-329993000.0
13/01/2020,32094.9607561108,47350.0,-500.0,-0.01055966,33567.8351558043,33567.8351558043,32060.7078630946,197070.0,9431000000.0,0.0,0.0,197070.0,9431000000.0,-370.0,0.0,0.0,440.0,-17863500.0,0.0,0.0,21192000.0
10/01/2020,32437.4896862721,46200.0,1150.0,0.02489177,33567.8351558043,33567.8351558043,32197.7194351592,241690.0,11524000000.0,913204.0,43247999600.0,1154894.0,54771999600.0,-6860.0,0.0,0.0,6760.0,-326313000.0,0.0,0.0,321548000.0
09/01/2020,31649.6731469012,44850.0,1350.0,0.03010033,30827.6037145141,31649.6731469012,30827.6037145141,254490.0,11619000000.0,0.0,0.0,254490.0,11619000000.0,-7150.0,0.0,0.0,7110.0,-328354500.0,0.0,0.0,326518500.0
08/01/2020,30724.8450354657,45000.0,-150.0,-0.00333333,30998.8681795948,31101.6268586431,30587.8334634012,223140.0,10038000000.0,0.0,0.0,223140.0,10038000000.0,-30.0,0.0,0.0,30.0,-1347000.0,0.0,0.0,1347000.0
07/01/2020,30827.6037145141,45100.0,-100.0,-0.00221729,31512.6615748366,31512.6615748366,30724.8450354657,230380.0,10441000000.0,550000.0,23175000000.0,780380.0,33616000000.0,-340.0,0.0,0.0,340.0,-15351000.0,0.0,0.0,15351000.0
06/01/2020,30896.1095005464,45000.0,100.0,0.00222222,30827.6037145141,31101.6268586431,30759.0979284819,229640.0,10379000000.0,0.0,0.0,229640.0,10379000000.0,-780.0,0.0,0.0,780.0,-35358000.0,0.0,0.0,35358000.0
03/01/2020,30827.6037145141,45800.0,-800.0,-0.01746725,31375.6500027722,31718.1789329334,30827.6037145141,241590.0,11041000000.0,0.0,0.0,241590.0,11041000000.0,-1000.0,0.0,0.0,1000.0,-45000000.0,0.0,0.0,45000000.0
02/01/2020,31375.6500027722,45000.0,800.0,0.01777778,30827.6037145141,31512.6615748366,30827.6037145141,246400.0,11247000000.0,0.0,0.0,246400.0,11247000000.0,-1000.0,0.0,0.0,1000.0,-45300000.0,0.0,0.0,45300000.0
31/12/2019,30827.6037145141,44600.0,400.0,0.00896861,30827.6037145141,31512.6615748366,30279.5574262561,226220.0,10217000000.0,0.0,0.0,226220.0,10217000000.0,-1000.0,0.0,0.0,1000.0,-44600000.0,0.0,0.0,44600000.0
30/12/2019,30553.5805703851,43700.0,900.0,0.02059497,29971.281389111,30827.6037145141,29971.281389111,271460.0,12085000000.0,0.0,0.0,271460.0,12085000000.0,-70.0,0.0,0.0,0.0,-3129000.0,0.0,0.0,0.0
27/12/2019,29937.0284960948,44000.0,-300.0,-0.00681818,30211.0516402239,30485.0747843528,29868.5227100625,208380.0,9137000000.0,0.0,0.0,208380.0,9137000000.0,10.0,0.0,0.0,0.0,436000.0,0.0,0.0,0.0
26/12/2019,30142.5458541916,42600.0,1400.0,0.03286385,29217.7177427561,31204.3855376914,29217.7177427561,220850.0,9548000000.0,0.0,0.0,220850.0,9548000000.0,0.0,0.0,0.0,0.0,0.0,0.0,0.0,0.0
25/12/2019,29183.46484974,41150.0,1450.0,0.03523694,28361.395417353,30142.5458541916,28361.395417353,243830.0,10331000000.0,0.0,0.0,243830.0,10331000000.0,7000.0,-7000.0,0.0,0.0,294300000.0,-294300000.0,0.0,0.0
24/12/2019,28190.1309522723,38500.0,2650.0,0.06883117,26374.7276224176,28190.1309522723,26374.7276224176,163970.0,6619000000.0,0.0,0.0,163970.0,6619000000.0,4990.0,-5000.0,0.0,0.0,205365000.0,-205750000.0,0.0,0.0
23/12/2019,26374.7276224176,36000.0,2500.0,0.06944444,24627.8300785952,26374.7276224176,24319.55404145,137140.0,5019000000.0,0.0,0.0,137140.0,5019000000.0,0.0,0.0,0.0,0.0,0.0,0.0,0.0,0.0
20/12/2019,24662.0829716113,38500.0,-2500.0,-0.06493506,26032.1986922563,26306.2218363854,24559.3242925629,183660.0,6911000000.0,0.0,0.0,183660.0,6911000000.0,0.0,0.0,0.0,0.0,0.0,0.0,0.0,0.0
19/12/2019,26374.7276224176,39500.0,-1000.0,-0.02531646,26717.2565525789,27196.7970548047,25175.8763668531,178450.0,7022000000.0,0.0,0.0,178450.0,7022000000.0,920.0,-930.0,0.0,10.0,36325000.0,-36717000.0,0.0,392000.0
18/12/2019,27059.7854827402,42100.0,-2600.0,-0.06175772,28840.9359195788,29114.9590637078,26854.2681246434,248720.0,10268000000.0,0.0,0.0,248720.0,10268000000.0,940.0,-870.0,0.0,0.0,38131000.0,-35184000.0,0.0,0.0
17/12/2019,28840.9359195788,44600.0,-2500.0,-0.05605381,30485.0747843528,30622.0863564173,28772.4301335466,270970.0,11791000000.0,100000.0,4500000000.0,370970.0,16291000000.0,2300.0,-2300.0,0.0,0.0,98059000.0,-98059000.0,0.0,0.0
16/12/2019,30553.5805703851,44800.0,-200.0,-0.00446429,30759.0979284819,30759.0979284819,30416.5689983206,285690.0,12798000000.0,100000.0,4300000000.0,385690.0,17098000000.0,4000.0,-4000.0,0.0,0.0,179500000.0,-179500000.0,0.0,0.0
13/12/2019,30690.5921424497,45000.0,-200.0,-0.00444444,31786.6847189657,31786.6847189657,30485.0747843528,513970.0,23176000000.0,30000.0,1260000000.0,543970.0,24436000000.0,-6880.0,-3200.0,0.0,0.0,-309345000.0,-144255000.0,0.0,0.0
12/12/2019,30827.6037145141,45900.0,-900.0,-0.01960784,33841.8582999333,33841.8582999333,30827.6037145141,126780.0,5881000000.0,0.0,0.0,126780.0,5881000000.0,-600.0,100.0,0.0,0.0,-28000000.0,4600000.0,0.0,0.0
04/12/2019,31458.5420026196,45800.0,-800.0,-0.01746725,32129.2136478486,32129.2136478486,30827.6037132876,111200.0,5106410000.0,0.0,0.0,111200.0,5106410000.0,0.0,0.0,0.0,0.0,0.0,0.0,0.0,0.0
03/12/2019,31361.9488443179,47000.0,-1100.0,-0.02340426,31718.1789316715,31718.1789316715,28772.4301324018,116200.0,5261830000.0,10000.0,400000000.0,116200.0,5261830000.0,0.0,0.0,0.0,0.0,0.0,0.0,0.0,0.0
02/12/2019,32197.7194338782,47000.0,0.0,0.0,31855.1905037305,32197.7194338782,31170.1326434352,143600.0,6697590000.0,0.0,0.0,143600.0,6697590000.0,0.0,0.0,0.0,0.0,0.0,0.0,0.0,0.0
29/11/2019,32175.1125244884,46800.0,0.0,0.0,32882.7772941734,33225.3062243211,31444.1557875534,149600.0,7026190000.0,0.0,0.0,149600.0,7026190000.0,0.0,0.0,0.0,0.0,0.0,0.0,0.0,0.0
28/11/2019,32065.5032668412,46800.0,0.0,0.0,32197.7194338782,32882.7772941734,31170.1326434352,152200.0,7123970000.0,0.0,0.0,152200.0,7123970000.0,0.0,0.0,0.0,0.0,0.0,0.0,0.0,0.0
27/11/2019,32082.6297133486,47400.0,-600.0,-0.01265823,32129.2136478486,32334.7310059372,30827.6037132876,138000.0,6462870000.0,0.0,0.0,138000.0,6462870000.0,0.0,0.0,0.0,0.0,0.0,0.0,0.0,0.0
26/11/2019,32482.703503761,47100.0,-100.0,-0.00212314,29457.487992697,33430.8235824097,29457.487992697,133900.0,6349060000.0,0.0,0.0,133900.0,6349060000.0,0.0,0.0,0.0,0.0,0.0,0.0,0.0,0.0
25/11/2019,32244.3033683782,47100.0,-100.0,-0.00212314,34115.8814427049,34115.8814427049,31170.1326434352,110200.0,5186910000.0,0.0,0.0,110200.0,5186910000.0,0.0,0.0,0.0,0.0,0.0,0.0,0.0,0.0
22/11/2019,32286.7769557165,47700.0,-570.0,-0.0119,33293.8120103506,33362.3177963801,31512.6615735829,127900.0,6028000000.0,0.0,0.0,127900.0,6028000000.0,0.0,0.0,0.0,0.0,0.0,0.0,0.0,0.0
21/11/2019,32696.4415561731,48200.0,0.0,0.0,32882.7772941734,33499.3293684392,31512.6615735829,150500.0,7183050000.0,0.0,0.0,150500.0,7183050000.0,0.0,0.0,0.0,0.0,0.0,0.0,0.0,0.0
20/11/2019,33004.0325354457,46800.0,700.0,0.01495727,32197.7194338782,33773.3525125573,32060.7078618191,180100.0,8186090000.0,60000.0,2400000000.0,180100.0,8186090000.0,0.0,0.0,0.0,0.0,0.0,0.0,0.0,0.0
19/11/2019,32073.7239611647,49200.0,-200.0,-0.00406504,29457.487992697,33773.3525125573,28772.4301324018,139820.0,6546260000.0,0.0,0.0,139820.0,6546260000.0,0.0,0.0,0.0,0.0,0.0,0.0,0.0,0.0
18/11/2019,33672.6490070939,47700.0,2300.0,0.04821803,32882.7772941734,34252.893014764,32882.7772941734,110402.0,5426685000.0,0.0,0.0,110402.0,5426685000.0,0.0,0.0,0.0,0.0,0.0,0.0,0.0,0.0
15/11/2019,32644.3771587907,46600.0,1400.0,0.03004292,32540.2483640258,33567.8351544687,32403.2367919667,101700.0,4846170000.0,0.0,0.0,101700.0,4846170000.0,0.0,0.0,0.0,0.0,0.0,0.0,0.0,0.0
14/11/2019,31915.4755954365,46800.0,700.0,0.01495727,32882.7772941734,34252.893014764,30827.6037132876,117600.0,5478690000.0,0.0,0.0,117600.0,5478690000.0,0.0,0.0,0.0,0.0,0.0,0.0,0.0,0.0
13/11/2019,32035.3607209882,47100.0,900.0,0.01910828,32129.2136478486,32882.7772941734,31170.1326434352,254100.0,11706230000.0,100000.0,4500000000.0,254100.0,11706230000.0,0.0,0.0,0.0,0.0,0.0,0.0,0.0,0.0
12/11/2019,32266.2252199077,47600.0,-300.0,-0.00630252,32608.7541500553,32882.7772941734,31512.6615735829,145400.0,6837830000.0,5000.0,225000000.0,145400.0,6837830000.0,0.0,0.0,0.0,0.0,0.0,0.0,0.0,0.0
11/11/2019,32637.5265801877,45600.0,1400.0,0.03070175,31238.6384294648,34252.893014764,29525.9937787266,184800.0,8717070000.0,33000.0,1485000000.0,184800.0,8717070000.0,0.0,0.0,0.0,0.0,0.0,0.0,0.0,0.0
08/11/2019,31214.6614043544,46100.0,-3100.0,-0.06724512,32882.7772941734,32882.7772941734,29457.487992697,864232.0,35483238800.0,700000.0,28000000000.0,864232.0,35483238800.0,0.0,0.0,0.0,0.0,0.0,0.0,0.0,0.0
07/11/2019,31608.5696740242,46300.0,100.0,0.00215983,31512.6615735829,31855.1905037305,31307.1442154943,1140500.0,46482690000.0,1000000.0,40000000000.0,1140500.0,46482690000.0,0.0,0.0,0.0,0.0,0.0,0.0,0.0,0.0
06/11/2019,31696.9421380023,44200.0,1400.0,0.03167421,30279.5574250514,32540.2483640258,30279.5574250514,637700.0,26371240000.0,500000.0,20000000000.0,637700.0,26371240000.0,0.0,0.0,0.0,0.0,0.0,0.0,0.0,0.0
05/11/2019,30298.7390451396,45900.0,-900.0,-0.01960784,30142.5458529923,31855.1905037305,28772.4301324018,151903.0,6718352900.0,0.0,0.0,151903.0,6718352900.0,0.0,0.0,0.0,0.0,0.0,0.0,0.0,0.0
04/11/2019,31424.2891096048,48400.0,-1900.0,-0.0392562,33567.8351544687,34252.893014764,30485.07478314,159330.0,7168005000.0,30000.0,1236000000.0,159330.0,7168005000.0,0.0,0.0,0.0,0.0,0.0,0.0,0.0,0.0
01/11/2019,33175.2970005195,48800.0,-1500.0,-0.0307377,33362.3177963801,36034.0434515317,32403.2367919667,123808.0,5995640400.0,0.0,0.0,123808.0,5995640400.0,0.0,0.0,0.0,0.0,0.0,0.0,0.0,0.0
31/10/2019,33424.658061667,47500.0,2500.0,0.05263158,33636.3409404982,36308.0665956498,32951.283080203,93721.0,4572783000.0,0.0,0.0,93721.0,4572783000.0,0.0,0.0,0.0,0.0,0.0,0.0,0.0,0.0
30/10/2019,32525.8621489596,44700.0,5300.0,0.11856823,28498.4069882836,35211.9740191774,28498.4069882836,155903.0,7402112000.0,0.0,0.0,155903.0,7402112000.0,0.0,0.0,0.0,0.0,0.0,0.0,0.0,0.0
29/10/2019,30631.6771652431,39900.0,3100.0,0.07769424,29114.9590625494,31375.6500015238,27402.3144118112,136018.0,6081840000.0,0.0,0.0,136018.0,6081840000.0,0.0,0.0,0.0,0.0,0.0,0.0,0.0,0.0
28/10/2019,27332.4385100611,38900.0,5100.0,0.1311054,26032.1986912206,30142.5458529923,25826.6813331321,141400.0,5641560000.0,0.0,0.0,141400.0,5641560000.0,0.0,0.0,0.0,0.0,0.0,0.0,0.0,0.0
25/10/2019,26667.2473277144,39100.0,-600.0,-0.01534527,26991.279695634,27676.3375559293,26032.1986912206,144100.0,5609340000.0,0.0,0.0,144100.0,5609340000.0,0.0,0.0,0.0,0.0,0.0,0.0,0.0,0.0
24/10/2019,26807.6841890749,39400.0,-400.0,-0.01015228,27402.3144118112,28087.3722721065,25347.1408309254,165100.0,6460650000.0,0.0,0.0,165100.0,6460650000.0,0.0,0.0,0.0,0.0,0.0,0.0,0.0,0.0
23/10/2019,26983.0590013105,39000.0,1100.0,0.02820513,26991.279695634,27470.8201978407,26032.1986912206,110300.0,4344480000.0,0.0,0.0,110300.0,4344480000.0,0.0,0.0,0.0,0.0,0.0,0.0,0.0,0.0
22/10/2019,26739.8634609057,38700.0,1300.0,0.03359173,26169.2102632797,27402.3144118112,25004.6119007777,90800.0,3544190000.0,0.0,0.0,90800.0,3544190000.0,0.0,0.0,0.0,0.0,0.0,0.0,0.0,0.0
21/10/2019,26502.8334412435,38200.0,1300.0,0.03403141,25689.669761073,27402.3144118112,24319.5540404824,105900.0,4096970000.0,0.0,0.0,105900.0,4096970000.0,0.0,0.0,0.0,0.0,0.0,0.0,0.0,0.0
18/10/2019,26147.9734696105,37800.0,600.0,0.01587302,25895.1871191616,26374.7276213683,25278.6350448958,84400.0,3221450000.0,0.0,0.0,84400.0,3221450000.0,0.0,0.0,0.0,0.0,0.0,0.0,0.0,0.0
17/10/2019,25919.8492021322,38100.0,-1200.0,-0.03149606,25347.1408309254,26169.2102632797,23977.0251103348,40400.0,1528560000.0,0.0,0.0,40400.0,1528560000.0,0.0,0.0,0.0,0.0,0.0,0.0,0.0,0.0
16/10/2019,26091.7987250663,37000.0,0.0,0.0,26237.7160493092,26648.7507654864,25347.1408309254,25200.0,959780000.0,0.0,0.0,25200.0,959780000.0,0.0,0.0,0.0,0.0,0.0,0.0,0.0,0.0
15/10/2019,26254.1574379563,38600.0,-1600.0,-0.0415,25689.669761073,26991.279695634,25347.1408309254,59400.0,2276460000.0,0.0,0.0,59400.0,2276460000.0,0.0,0.0,0.0,0.0,0.0,0.0,0.0,0.0
14/10/2019,26422.6816715889,38400.0,-900.0,-0.0234375,26032.1986912206,27128.2912676931,25347.1408309254,87800.0,3386440000.0,0.0,0.0,87800.0,3386440000.0,0.0,0.0,0.0,0.0,0.0,0.0,0.0,0.0
11/10/2019,26287.0402152505,38200.0,-300.0,-0.0078534,26991.279695634,26991.279695634,25347.1408309254,76600.0,2939300000.0,0.0,0.0,76600.0,2939300000.0,0.0,0.0,0.0,0.0,0.0,0.0,0.0,0.0
10/10/2019,26147.2884117502,37000.0,800.0,0.02162162,25004.6119007777,26648.7507654864,24662.0829706301,104200.0,3977100000.0,0.0,0.0,104200.0,3977100000.0,0.0,0.0,0.0,0.0,0.0,0.0,0.0,0.0
09/10/2019,25360.156930271,36700.0,500.0,0.01362398,24319.5540404824,25895.1871191616,23977.0251103348,70100.0,2595020000.0,0.0,0.0,70100.0,2595020000.0,0.0,0.0,0.0,0.0,0.0,0.0,0.0,0.0
08/10/2019,25140.9384149765,38300.0,-800.0,-0.02088773,23977.0251103348,26032.1986912206,23840.0135382757,73590.0,2700710000.0,0.0,0.0,73590.0,2700710000.0,0.0,0.0,0.0,0.0,0.0,0.0,0.0,0.0
07/10/2019,26228.8102971254,36700.0,1900.0,0.05177112,26374.7276213683,27059.7854816636,25415.6466169549,70618.0,2703782000.0,0.0,0.0,70618.0,2703782000.0,0.0,0.0,0.0,0.0,0.0,0.0,0.0,0.0
04/10/2019,25109.4257534029,37000.0,1100.0,0.02972973,25347.1408309254,26717.2565515159,23634.4961801872,35220.0,1290960000.0,0.0,0.0,35220.0,1290960000.0,0.0,0.0,0.0,0.0,0.0,0.0,0.0,0.0
03/10/2019,25345.0856573445,34500.0,4000.0,0.11594203,23634.4961801872,26648.7507654864,23497.4846081281,82490.0,3051690000.0,0.0,0.0,82490.0,3051690000.0,0.0,0.0,0.0,0.0,0.0,0.0,0.0,0.0
02/10/2019,23620.109965121,38000.0,-3500.0,-0.09210526,23977.0251103348,24319.5540404824,22606.9093897442,60121.0,2072877000.0,0.0,0.0,60121.0,2072877000.0,0.0,0.0,0.0,0.0,0.0,0.0,0.0,0.0
01/10/2019,26042.4745591251,40700.0,-3200.0,-0.07862408,26717.2565515159,27059.7854816636,23977.0251103348,101239.0,3848578600.0,0.0,0.0,101239.0,3848578600.0,0.0,0.0,0.0,0.0,0.0,0.0,0.0,0.0
30/09/2019,27897.6112448047,45300.0,-4200.0,-0.09271523,31033.1210713762,31033.1210713762,27333.8086257817,39410.0,1604910000.0,0.0,0.0,39410.0,1604910000.0,0.0,0.0,0.0,0.0,0.0,0.0,0.0,0.0
27/09/2019,31022.8452034718,44100.0,1900.0,0.0430839,30485.07478314,34252.893014764,30485.07478314,21290.0,964380000.0,0.0,0.0,21290.0,964380000.0,0.0,0.0,0.0,0.0,0.0,0.0,0.0,0.0
26/09/2019,30201.4608289777,41700.0,6000.0,0.14388489,29114.9590625494,32677.2599360849,28977.9474904903,74156.0,3269675000.0,0.0,0.0,74156.0,3269675000.0,0.0,0.0,0.0,0.0,0.0,0.0,0.0,0.0
25/09/2019,28548.4162120852,41000.0,1400.0,0.03414634,28087.3722721065,29114.9590625494,28087.3722721065,80600.0,3358880000.0,0.0,0.0,80600.0,3358880000.0,0.0,0.0,0.0,0.0,0.0,0.0,0.0,0.0
24/09/2019,28089.4274456874,37600.0,3400.0,0.09042553,25963.6929051911,29457.487992697,25963.6929051911,136510.0,5260378000.0,42000.0,1390000000.0,136510.0,5260378000.0,0.0,0.0,0.0,0.0,0.0,0.0,0.0,0.0
23/09/2019,25745.8445056172,37800.0,2900.0,0.07671958,24730.5887566596,28087.3722721065,24730.5887566596,119792.0,4500504000.0,0.0,0.0,119792.0,4500504000.0,0.0,0.0,0.0,0.0,0.0,0.0,0.0,0.0
20/09/2019,25869.1549204704,34800.0,5200.0,0.14942529,23703.0019662167,27402.3144118112,23565.9903941576,176564.0,6667451600.0,0.0,0.0,176564.0,6667451600.0,0.0,0.0,0.0,0.0,0.0,0.0,0.0,0.0
19/09/2019,23826.9974389301,34300.0,700.0,0.02040816,23291.9672500395,24182.5424684234,23154.9556779805,96400.0,3352890000.0,0.0,0.0,96400.0,3352890000.0,0.0,0.0,0.0,0.0,0.0,0.0,0.0,0.0
18/09/2019,23526.2570382605,33900.0,100.0,0.00294985,24662.0829706301,24936.1061147482,22675.4151757738,108710.0,3733296000.0,0.0,0.0,108710.0,3733296000.0,0.0,0.0,0.0,0.0,0.0,0.0,0.0,0.0
17/09/2019,23229.6269847526,33100.0,2900.0,0.08761329,24525.071398571,24662.0829706301,22195.8746735671,111200.0,3770630000.0,0.0,0.0,111200.0,3770630000.0,0.0,0.0,0.0,0.0,0.0,0.0,0.0,0.0
16/09/2019,22668.5645971708,31700.0,4700.0,0.14826498,21579.3225993013,24936.1061147482,20003.6895206222,126500.0,4185677300.0,0.0,0.0,126500.0,4185677300.0,0.0,0.0,0.0,0.0,0.0,0.0,0.0,0.0
13/09/2019,21724.5548656839,32400.0,-200.0,-0.00617284,22058.863101508,22127.3688875375,20209.2068787108,83200.0,2638420000.0,0.0,0.0,83200.0,2638420000.0,0.0,0.0,0.0,0.0,0.0,0.0,0.0,0.0
12/09/2019,22163.6769541332,32300.0,0.0,0.0,22195.8746735671,22195.8746735671,22058.863101508,70700.0,2287360000.0,0.0,0.0,70700.0,2287360000.0,0.0,0.0,0.0,0.0,0.0,0.0,0.0,0.0
11/09/2019,22146.5505076258,31800.0,700.0,0.02201258,22538.4036037147,22538.4036037147,20551.7358088584,103900.0,3358830000.0,0.0,0.0,103900.0,3358830000.0,0.0,0.0,0.0,0.0,0.0,0.0,0.0,0.0
10/09/2019,21781.4146680884,30900.0,3600.0,0.11650485,21099.7820970946,23977.0251103348,19181.6200882678,141533.0,4500266500.0,0.0,0.0,141533.0,4500266500.0,0.0,0.0,0.0,0.0,0.0,0.0,0.0,0.0
09/09/2019,21198.4304289771,29000.0,-2000.0,-0.06896552,20551.7358088584,21921.851529449,18496.5622279726,74170.0,2294800000.0,0.0,0.0,74170.0,2294800000.0,0.0,0.0,0.0,0.0,0.0,0.0,0.0,0.0
06/09/2019,19872.1584114455,27600.0,-100.0,-0.00362319,19524.1490184155,21579.3225993013,17811.5043676773,103100.0,2990730000.0,0.0,0.0,103100.0,2990730000.0,0.0,0.0,0.0,0.0,0.0,0.0,0.0,0.0
05/09/2019,18926.0935063777,27800.0,200.0,0.00719424,19455.643232386,19455.643232386,16783.9175772344,114300.0,3157810000.0,0.0,0.0,114300.0,3157810000.0,0.0,0.0,0.0,0.0,0.0,0.0,0.0,0.0
04/09/2019,19038.4429954661,24700.0,1500.0,0.06072874,19387.1374463564,19387.1374463564,17811.5043676773,78500.0,2181600000.0,0.0,0.0,78500.0,2181600000.0,0.0,0.0,0.0,0.0,0.0,0.0,0.0,0.0
03/09/2019,16937.3705379405,24700.0,3300.0,0.13360324,16441.3886470867,19455.643232386,14386.2150662009,244900.0,6054800000.0,0.0,0.0,244900.0,6054800000.0,0.0,0.0,0.0,0.0,0.0,0.0,0.0,0.0
30/08/2019,16910.653281389,25300.0,-1300.0,-0.0513834,17194.9522934115,17194.9522934115,16441.3886470867,106700.0,2633920000.0,0.0,0.0,106700.0,2633920000.0,0.0,0.0,0.0,0.0,0.0,0.0,0.0,0.0
29/08/2019,17351.8305434191,25900.0,-1200.0,-0.04633205,17537.4812235592,17537.4812235592,16783.9175772344,128900.0,3264870000.0,0.0,0.0,128900.0,3264870000.0,0.0,0.0,0.0,0.0,0.0,0.0,0.0,0.0
28/08/2019,17728.6123665816,26000.0,-200.0,-0.00769231,17811.5043676773,17811.5043676773,17194.9522934115,100195.0,2592980000.0,0.0,0.0,100195.0,2592980000.0,0.0,0.0,0.0,0.0,0.0,0.0,0.0,0.0
27/08/2019,17817.6698884199,26800.0,-1600.0,-0.05970149,18291.044869884,18359.5506559135,17126.446507382,104550.0,2722651200.0,0.0,0.0,104550.0,2722651200.0,0.0,0.0,0.0,0.0,0.0,0.0,0.0,0.0
26/08/2019,18338.3138622444,26900.0,-100.0,-0.00371747,18291.044869884,18496.5622279726,18085.5275117954,80671.0,2159402200.0,0.0,0.0,80671.0,2159402200.0,0.0,0.0,0.0,0.0,0.0,0.0,0.0,0.0
23/08/2019,18395.1736646489,27000.0,-600.0,-0.02222222,18017.0217257659,18633.5738000316,18017.0217257659,92698.0,2488800300.0,0.0,0.0,92698.0,2488800300.0,0.0,0.0,0.0,0.0,0.0,0.0,0.0,0.0
22/08/2019,18471.9001450019,27200.0,-200.0,-0.00735294,18702.0795860611,18702.0795860611,17948.5159397363,122547.0,3301748400.0,0.0,0.0,122547.0,3301748400.0,0.0,0.0,0.0,0.0,0.0,0.0,0.0,0.0
21/08/2019,18655.4956515611,27200.0,-1200.0,-0.04411765,18770.5853720907,18839.0911581202,17811.5043676773,108820.0,2963198800.0,0.0,0.0,108820.0,2963198800.0,0.0,0.0,0.0,0.0,0.0,0.0,0.0,0.0
20/08/2019,18660.9761144434,26800.0,500.0,0.01865672,18359.5506559135,18770.5853720907,18359.5506559135,68800.0,1874120000.0,0.0,0.0,68800.0,1874120000.0,0.0,0.0,0.0,0.0,0.0,0.0,0.0,0.0
19/08/2019,18384.8977967444,27600.0,300.0,0.01086957,18565.0680140021,19113.1143022383,17811.5043676773,60732.0,1629880400.0,0.0,0.0,60732.0,1629880400.0,0.0,0.0,0.0,0.0,0.0,0.0,0.0,0.0
16/08/2019,18893.8957869438,28000.0,-800.0,-0.02857143,18976.1027301793,19181.6200882678,18633.5738000316,74330.0,2050012000.0,0.0,0.0,74330.0,2050012000.0,0.0,0.0,0.0,0.0,0.0,0.0,0.0,0.0
15/08/2019,19161.068352459,28500.0,-300.0,-0.01052632,18976.1027301793,19524.1490184155,18839.0911581202,76800.0,2148070000.0,0.0,0.0,76800.0,2148070000.0,0.0,0.0,0.0,0.0,0.0,0.0,0.0,0.0
14/08/2019,19526.8892498567,28300.0,-500.0,-0.01766784,19592.654804445,19729.6663765041,18976.1027301793,57331.0,1634147300.0,0.0,0.0,57331.0,1634147300.0,0.0,0.0,0.0,0.0,0.0,0.0,0.0,0.0
13/08/2019,19376.861578452,26100.0,2400.0,0.09195402,18496.5622279726,19866.6779485631,18496.5622279726,89500.0,2531540000.0,0.0,0.0,89500.0,2531540000.0,0.0,0.0,0.0,0.0,0.0,0.0,0.0,0.0
12/08/2019,17860.1434757582,25100.0,1900.0,0.07569721,17468.9754375296,19181.6200882678,17468.9754375296,57400.0,1496460000.0,0.0,0.0,57400.0,1496460000.0,0.0,0.0,0.0,0.0,0.0,0.0,0.0,0.0
09/08/2019,17207.9683927571,22200.0,3300.0,0.14864865,15756.3307867914,17468.9754375296,15756.3307867914,119800.0,2480480000.0,93000.0,1807300000.0,119800.0,2480480000.0,0.0,0.0,0.0,0.0,0.0,0.0,0.0,0.0
08/08/2019,15221.0902851377,40500.0,6000.0,0.14814815,14337.712969692,15577.1881563243,14337.712969692,278511.0,12654672900.0,0.0,0.0,278511.0,12654672900.0,0.0,0.0,0.0,0.0,0.0,0.0,0.0,0.0
07/08/2019,13576.2732131473,43400.0,-1400.0,-0.03225806,15074.6982157976,15074.6982157976,13466.7304061125,10310.0,417850000.0,0.0,0.0,10310.0,417850000.0,0.0,0.0,0.0,0.0,0.0,0.0,0.0,0.0
06/08/2019,14528.3241537984,43400.0,1400.0,0.03225806,15242.1948626399,15242.1948626399,14404.7116284289,15206.0,659483000.0,0.0,0.0,15206.0,659483000.0,0.0,0.0,0.0,0.0,0.0,0.0,0.0,0.0
05/08/2019,14524.9742208615,39800.0,5700.0,0.14321608,13299.2337592704,15309.1935213767,13299.2337592704,118392.0,5133036400.0,0.0,0.0,118392.0,5133036400.0,0.0,0.0,0.0,0.0,0.0,0.0,0.0,0.0
02/08/2019,13318.3283770103,36700.0,3300.0,0.08991826,12562.2485131647,13500.229735481,12562.2485131647,18660.0,741866400.0,0.0,0.0,18660.0,741866400.0,0.0,0.0,0.0,0.0,0.0,0.0,0.0,0.0
01/08/2019,12286.2140391687,35100.0,1700.0,0.04843305,12059.7585726381,12394.7518663225,12059.7585726381,13700.0,502460000.0,0.0,0.0,13700.0,502460000.0,0.0,0.0,0.0,0.0,0.0,0.0,0.0,0.0
31/07/2019,11766.6394406643,32700.0,3300.0,0.10091743,11657.7666202169,12059.7585726381,11657.7666202169,2000.0,70250000.0,0.0,0.0,2000.0,70250000.0,0.0,0.0,0.0,0.0,0.0,0.0,0.0,0.0
30/07/2019,10956.9606498291,33300.0,-600.0,-0.01801802,11155.2766796902,11155.2766796902,10954.2807034796,11200.0,366330000.0,0.0,0.0,11200.0,366330000.0,0.0,0.0,0.0,0.0,0.0,0.0,0.0,0.0
29/07/2019,11168.0064248503,31100.0,1900.0,0.06109325,11691.2659495852,11959.2605845328,11054.7786915849,13100.0,436730000.0,0.0,0.0,13100.0,436730000.0,0.0,0.0,0.0,0.0,0.0,0.0,0.0,0.0
26/07/2019,10414.6065073541,33500.0,-2500.0,-0.07462687,11188.7760090587,11188.7760090587,10384.7921042161,13800.0,429030000.0,0.0,0.0,13800.0,429030000.0,0.0,0.0,0.0,0.0,0.0,0.0,0.0,0.0
25/07/2019,11215.9104658472,32000.0,1500.0,0.046875,11054.7786915849,11222.2753384272,11054.7786915849,13500.0,452000000.0,0.0,0.0,13500.0,452000000.0,0.0,0.0,0.0,0.0,0.0,0.0,0.0,0.0
24/07/2019,10719.7853979005,32700.0,-700.0,-0.02140673,10719.7853979005,10719.7853979005,10719.7853979005,13600.0,435200000.0,0.0,0.0,13600.0,435200000.0,0.0,0.0,0.0,0.0,0.0,0.0,0.0,0.0
23/07/2019,10966.6754553459,35000.0,-700.0,-0.02,11557.2686321116,11590.7679614799,10083.2981399002,12800.0,419030000.0,0.0,0.0,12800.0,419030000.0,0.0,0.0,0.0,0.0,0.0,0.0,0.0,0.0
22/07/2019,11724.7652789537,35600.0,-600.0,-0.01685393,11724.7652789537,11724.7652789537,11724.7652789537,12000.0,420000000.0,0.0,0.0,12000.0,420000000.0,0.0,0.0,0.0,0.0,0.0,0.0,0.0,0.0
19/07/2019,11925.4262618707,38600.0,-3100.0,-0.08031088,11925.7612551643,11925.7612551643,11892.261925796,311600.0,10282950000.0,300000.0,9870000000.0,311600.0,10282950000.0,0.0,0.0,0.0,0.0,0.0,0.0,0.0,0.0
18/07/2019,12924.0412703438,34400.0,-2400.0,-0.06976744,11054.7786915849,13232.2351005335,10719.7853979005,94058.0,3628189400.0,58.0,1699400.0,94058.0,3628189400.0,0.0,0.0,0.0,0.0,0.0,0.0,0.0,0.0
17/07/2019,11532.4791283789,36300.0,-5300.0,-0.14600551,12059.7585726381,12059.7585726381,10384.7921042161,16800.0,578360000.0,0.0,0.0,16800.0,578360000.0,0.0,0.0,0.0,0.0,0.0,0.0,0.0,0.0
16/07/2019,12160.2565607434,36600.0,-300.0,-0.00819672,12160.2565607434,12160.2565607434,12160.2565607434,16500.0,598950000.0,0.0,0.0,16500.0,598950000.0,0.0,0.0,0.0,0.0,0.0,0.0,0.0,0.0
15/07/2019,12250.7047500383,37200.0,-1700.0,-0.04569892,12327.7532075857,12327.7532075857,11892.261925796,17500.0,639970000.0,0.0,0.0,17500.0,639970000.0,0.0,0.0,0.0,0.0,0.0,0.0,0.0,0.0
12/07/2019,12476.1552366878,37400.0,-200.0,-0.00534759,12528.7491837963,12528.7491837963,12461.7505250593,13900.0,517680000.0,0.0,0.0,13900.0,517680000.0,0.0,0.0,0.0,0.0,0.0,0.0,0.0,0.0
11/07/2019,12515.6844453426,37900.0,-500.0,-0.01319261,12495.2498544278,12528.7491837963,12495.2498544278,15000.0,560410000.0,0.0,0.0,15000.0,560410000.0,0.0,0.0,0.0,0.0,0.0,0.0,0.0,0.0
10/07/2019,12684.5210653595,37600.0,0.0,0.0,12729.7451600069,12729.7451600069,12595.7478425331,15600.0,590700000.0,0.0,0.0,15600.0,590700000.0,0.0,0.0,0.0,0.0,0.0,0.0,0.0,0.0
09/07/2019,12582.3481107858,37600.0,-100.0,-0.00265957,12595.7478425331,12595.7478425331,12394.7518663225,13000.0,488280000.0,0.0,0.0,13000.0,488280000.0,0.0,0.0,0.0,0.0,0.0,0.0,0.0,0.0
08/07/2019,12583.3530906668,37800.0,-300.0,-0.00793651,12629.2471719016,12629.2471719016,12562.2485131647,14600.0,548420000.0,0.0,0.0,14600.0,548420000.0,0.0,0.0,0.0,0.0,0.0,0.0,0.0,0.0
05/07/2019,12662.7465012701,38100.0,-300.0,-0.00787402,12662.7465012701,12662.7465012701,12662.7465012701,15400.0,582120000.0,0.0,0.0,15400.0,582120000.0,0.0,0.0,0.0,0.0,0.0,0.0,0.0,0.0
04/07/2019,12763.2444893754,38100.0,0.0,0.0,12629.2471719016,12696.2458306384,12629.2471719016,14100.0,533770000.0,0.0,0.0,14100.0,533770000.0,0.0,0.0,0.0,0.0,0.0,0.0,0.0,0.0
03/07/2019,12758.5545832638,38200.0,-400.0,-0.0104712,12796.7438187437,12796.7438187437,12662.7465012701,8900.0,338970000.0,0.0,0.0,8900.0,338970000.0,0.0,0.0,0.0,0.0,0.0,0.0,0.0,0.0
02/07/2019,12788.033993108,33700.0,4500.0,0.13353116,12059.7585726381,12930.7411362175,12059.7585726381,13711.0,523405000.0,0.0,0.0,13711.0,523405000.0,0.0,0.0,0.0,0.0,0.0,0.0,0.0,0.0
01/07/2019,11278.2192184724,31800.0,2200.0,0.06918239,11054.7786915849,11389.7719852693,11054.7786915849,600.0,20200000.0,0.0,0.0,600.0,20200000.0,0.0,0.0,0.0,0.0,0.0,0.0,0.0,0.0
28/06/2019,10647.7618397585,30900.0,1100.0,0.03559871,10652.7867391637,10719.7853979005,10451.790762953,11000.0,349640000.0,0.0,0.0,11000.0,349640000.0,0.0,0.0,0.0,0.0,0.0,0.0,0.0,0.0
27/06/2019,10337.5580498066,30600.0,300.0,0.00980392,10384.7921042161,10451.790762953,10250.7947867424,9600.0,296250000.0,0.0,0.0,9600.0,296250000.0,0.0,0.0,0.0,0.0,0.0,0.0,0.0,0.0
26/06/2019,10245.0999007497,29100.0,1500.0,0.05154639,10049.7988105318,10384.7921042161,10049.7988105318,10800.0,330300000.0,0.0,0.0,10800.0,330300000.0,0.0,0.0,0.0,0.0,0.0,0.0,0.0,0.0
25/06/2019,9737.2500675242,27900.0,3100.0,0.11111111,9513.8095406367,10384.7921042161,9513.8095406367,7509.0,218259000.0,0.0,0.0,7509.0,218259000.0,0.0,0.0,0.0,0.0,0.0,0.0,0.0,0.0
24/06/2019,9340.2830145082,30000.0,-2000.0,-0.06666667,9111.8175882154,9379.812223163,9111.8175882154,15100.0,421020000.0,0.0,0.0,15100.0,421020000.0,0.0,0.0,0.0,0.0,0.0,0.0,0.0,0.0
21/06/2019,10049.7988105318,29100.0,-2020.0,-0.0693,10552.2887510584,11690.1278630631,9611.8829096296,0.0,0.0,0.0,0.0,12900.0,349000000.0,0.0,0.0,0.0,0.0,0.0,0.0,0.0,0.0
20/06/2019,10049.7988105318,28000.0,1080.0,0.0387,9346.3128937945,10367.7429269584,9642.0009220714,0.0,0.0,0.0,0.0,25009.0,727000000.0,0.0,0.0,0.0,0.0,0.0,0.0,0.0,0.0
19/06/2019,9376.7972835198,27800.0,200.0,0.00719424,9279.3142350577,9413.3115525314,9245.8149056892,23200.0,649390000.0,0.0,0.0,23200.0,649390000.0,0.0,0.0,0.0,0.0,0.0,0.0,0.0,0.0
18/06/2019,9305.4437119651,27200.0,400.0,0.01470588,9178.8162469524,9379.812223163,9178.8162469524,19300.0,536110000.0,0.0,0.0,19300.0,536110000.0,0.0,0.0,0.0,0.0,0.0,0.0,0.0,0.0
17/06/2019,9104.7827290481,26400.0,1000.0,0.03787879,9044.8189294786,9212.3155763208,8977.8202707417,21500.0,584340000.0,0.0,0.0,21500.0,584340000.0,0.0,0.0,0.0,0.0,0.0,0.0,0.0,0.0
14/06/2019,8840.4730203311,25700.0,900.0,0.03501946,8709.8256357942,8910.8216120048,8709.8256357942,14400.0,380010000.0,0.0,0.0,14400.0,380010000.0,0.0,0.0,0.0,0.0,0.0,0.0,0.0,0.0
13/06/2019,8599.6128421721,25700.0,200.0,0.0077821,8575.8283183204,8676.3263064257,8441.8310008466,34200.0,877960000.0,0.0,0.0,34200.0,877960000.0,0.0,0.0,0.0,0.0,0.0,0.0,0.0,0.0
12/06/2019,8599.9478354657,25800.0,-100.0,-0.00387597,8609.3276476889,8642.8269770574,8374.8323421098,48346.0,1347371600.0,27046.0,800561600.0,48346.0,1347371600.0,0.0,0.0,0.0,0.0,0.0,0.0,0.0,0.0
11/06/2019,8649.8618362247,25200.0,800.0,0.03174603,8542.328988952,8709.8256357942,8542.328988952,32200.0,831430000.0,0.0,0.0,32200.0,831430000.0,0.0,0.0,0.0,0.0,0.0,0.0,0.0,0.0
10/06/2019,8427.0912959246,23900.0,1700.0,0.07112971,8106.8377071622,8709.8256357942,8106.8377071622,26600.0,669160000.0,0.0,0.0,26600.0,669160000.0,0.0,0.0,0.0,0.0,0.0,0.0,0.0,0.0
