NGÀY,GIÁ,GIÁ THÔ,THAY ĐỔI,%THAY ĐỔI,MỞ,CAO,THẤP,KL KHỚP,GT KHỚP,KL THỎA THUẬN,GT THỎA THUẬN,TỔNG KHỐI LƯỢNG,TỔNG GIÁ TRỊ,KL Cá Nhân Khớp Ròng,KL Tổ chức Khớp Ròng,KL Tự doanh Khớp Ròng,KL Nước Ngoài Khớp Ròng,GT Cá Nhân Khớp Ròng,GT Tổ chức Khớp Ròng,GT Tự doanh Khớp Ròng,GT Nước Ngoài Khớp Ròng
04/09/2026,14000.0,14800.0,-800.0,-0.05405405,14050.0,14050.0,14000.0,205.0,2880950.0,0.0,0.0,205.0,2880950.0,0.0,0.0,0.0,0.0,0.0,0.0,0.0,0.0
03/09/2026,14800.0,15800.0,-1000.0,-0.06329114,14700.0,14800.0,14700.0,1003.0,14757100.0,0.0,0.0,1003.0,14757100.0,0.0,0.0,0.0,0.0,0.0,0.0,0.0,0.0
28/08/2026,15800.0,15800.0,0.0,0.0,15800.0,15800.0,15800.0,100.0,1580000.0,0.0,0.0,100.0,1580000.0,100.0,-100.0,0.0,0.0,1580000.0,-1580000.0,0.0,0.0
27/08/2026,15800.0,15100.0,700.0,0.04635762,15800.0,15800.0,15800.0,200.0,3160000.0,0.0,0.0,200.0,3160000.0,100.0,0.0,0.0,-100.0,1580000.0,0.0,0.0,-1580000.0
26/08/2026,15100.23,15900.0,0.0,0.0,15100.23,15100.23,15100.23,2.0,31800.0,0.0,0.0,2.0,31800.0,0.0,0.0,0.0,0.0,0.0,0.0,0.0,0.0
25/08/2026,15100.23,15900.0,0.0,0.0,15100.23,15100.23,15100.23,2000.0,31800000.0,0.0,0.0,2000.0,31800000.0,2000.0,-2000.0,0.0,0.0,31800000.0,-31800000.0,0.0,0.0
24/08/2026,15100.23,15000.0,900.0,0.06,15100.23,15100.23,15100.23,2000.0,31800000.0,0.0,0.0,2000.0,31800000.0,2000.0,0.0,0.0,-2000.0,31800000.0,0.0,0.0,-31800000.0
21/08/2026,14245.5,15000.0,0.0,0.0,14245.5,14245.5,14245.5,500.0,7500000.0,0.0,0.0,500.0,7500000.0,-400.0,400.0,0.0,0.0,-6000000.0,6000000.0,0.0,0.0
20/08/2026,14245.5,16000.0,-1000.0,-0.0625,14245.5,14245.5,14245.5,554.0,8347800.0,0.0,0.0,554.0,8347800.0,-146.0,146.0,0.0,0.0,-2152200.0,2152200.0,0.0,0.0
19/08/2026,15195.2,16100.0,-100.0,-0.00621118,15195.2,15195.2,15195.2,5000.0,80000000.0,0.0,0.0,5000.0,80000000.0,5000.0,-5000.0,0.0,0.0,80000000.0,-80000000.0,0.0,0.0
18/08/2026,15290.17,16100.0,0.0,0.0,15290.17,15290.17,15290.17,0.0,0.0,0.0,0.0,0.0,0.0,0.0,0.0,0.0,0.0,0.0,0.0,0.0,0.0
17/08/2026,15290.17,16100.0,0.0,0.0,15385.14,15385.14,15290.17,200.0,3230000.0,0.0,0.0,200.0,3230000.0,-100.0,100.0,0.0,0.0,-1610000.0,1610000.0,0.0,0.0
14/08/2026,15290.17,16100.0,0.0,0.0,15290.17,15290.17,15290.17,300.0,4830000.0,0.0,0.0,300.0,4830000.0,0.0,0.0,0.0,0.0,0.0,0.0,0.0,0.0
13/08/2026,15290.17,16100.0,0.0,0.0,15290.17,15290.17,15290.17,0.0,0.0,0.0,0.0,0.0,0.0,0.0,0.0,0.0,0.0,0.0,0.0,0.0,0.0
12/08/2026,15290.17,16100.0,0.0,0.0,15290.17,15290.17,15290.17,0.0,0.0,0.0,0.0,0.0,0.0,0.0,0.0,0.0,0.0,0.0,0.0,0.0,0.0
11/08/2026,15290.17,16100.0,0.0,0.0,15290.17,15290.17,15290.17,2422.0,38994200.0,0.0,0.0,2422.0,38994200.0,1800.0,-2200.0,0.0,400.0,28980000.0,-35420000.0,0.0,6440000.0
10/08/2026,15290.17,15100.0,1000.0,0.06622517,15290.17,15290.17,15195.2,500.0,8040000.0,0.0,0.0,500.0,8040000.0,-100.0,100.0,0.0,0.0,-1610000.0,1610000.0,0.0,0.0
07/08/2026,14340.47,15100.0,0.0,0.0,14340.47,14340.47,14340.47,101.0,1525000.0,0.0,0.0,101.0,1525000.0,-100.0,100.0,0.0,0.0,-1510000.0,1510000.0,0.0,0.0
06/08/2026,14340.47,14550.0,550.0,0.03780069,14292.985,14340.47,14292.985,200.0,3015000.0,0.0,0.0,200.0,3015000.0,100.0,0.0,0.0,-100.0,1505000.0,0.0,0.0,-1505000.0
05/08/2026,13818.135,14550.0,0.0,0.0,13818.135,13818.135,13818.135,0.0,0.0,0.0,0.0,0.0,0.0,0.0,0.0,0.0,0.0,0.0,0.0,0.0,0.0
04/08/2026,13818.135,14550.0,0.0,0.0,13818.135,13818.135,13818.135,0.0,0.0,0.0,0.0,0.0,0.0,0.0,0.0,0.0,0.0,0.0,0.0,0.0,0.0
03/08/2026,13818.135,14550.0,0.0,0.0,13818.135,13818.135,13818.135,0.0,0.0,0.0,0.0,0.0,0.0,0.0,0.0,0.0,0.0,0.0,0.0,0.0,0.0
31/07/2026,13818.135,15000.0,-450.0,-0.03,13818.135,13818.135,13818.135,300.0,4365000.0,0.0,0.0,300.0,4365000.0,300.0,-300.0,0.0,0.0,4365000.0,-4365000.0,0.0,0.0
30/07/2026,14245.5,15000.0,0.0,0.0,14245.5,14245.5,14245.5,10.0,150000.0,0.0,0.0,10.0,150000.0,0.0,0.0,0.0,0.0,0.0,0.0,0.0,0.0
29/07/2026,14245.5,14250.0,750.0,0.05263158,13770.65,14245.5,13770.65,500.0,7400000.0,0.0,0.0,500.0,7400000.0,-500.0,500.0,0.0,0.0,-7400000.0,7400000.0,0.0,0.0
28/07/2026,13533.225,14900.0,-650.0,-0.04362416,13533.225,13533.225,13533.225,100.0,1425000.0,0.0,0.0,100.0,1425000.0,0.0,0.0,0.0,0.0,0.0,0.0,0.0,0.0
27/07/2026,14150.53,14900.0,0.0,0.0,14150.53,14150.53,14150.53,115.0,1713500.0,0.0,0.0,115.0,1713500.0,-85.0,100.0,0.0,-15.0,-1266500.0,1490000.0,0.0,-223500.0
24/07/2026,14150.53,15000.0,-100.0,-0.00666667,14150.53,14150.53,14150.53,100.0,1490000.0,0.0,0.0,100.0,1490000.0,0.0,0.0,0.0,0.0,0.0,0.0,0.0,0.0
23/07/2026,14245.5,15000.0,0.0,0.0,14245.5,14245.5,14245.5,0.0,0.0,0.0,0.0,0.0,0.0,0.0,0.0,0.0,0.0,0.0,0.0,0.0,0.0
22/07/2026,14245.5,15000.0,0.0,0.0,14245.5,14245.5,14245.5,100.0,1500000.0,0.0,0.0,100.0,1500000.0,-100.0,100.0,0.0,0.0,-1500000.0,1500000.0,0.0,0.0
21/07/2026,14245.5,15000.0,0.0,0.0,14245.5,14245.5,14245.5,0.0,0.0,0.0,0.0,0.0,0.0,0.0,0.0,0.0,0.0,0.0,0.0,0.0,0.0
20/07/2026,14245.5,15000.0,0.0,0.0,14245.5,14245.5,14245.5,0.0,0.0,0.0,0.0,0.0,0.0,0.0,0.0,0.0,0.0,0.0,0.0,0.0,0.0
17/07/2026,14245.5,15000.0,0.0,0.0,14245.5,14245.5,14245.5,8.0,120000.0,0.0,0.0,8.0,120000.0,0.0,0.0,0.0,0.0,0.0,0.0,0.0,0.0
16/07/2026,14245.5,15000.0,0.0,0.0,14245.5,14245.5,14245.5,0.0,0.0,0.0,0.0,0.0,0.0,0.0,0.0,0.0,0.0,0.0,0.0,0.0,0.0
15/07/2026,14245.5,15000.0,0.0,0.0,14245.5,14245.5,14245.5,0.0,0.0,0.0,0.0,0.0,0.0,0.0,0.0,0.0,0.0,0.0,0.0,0.0,0.0
14/07/2026,14245.5,14500.0,500.0,0.03448276,13438.255,14245.5,13343.285,400.0,5800000.0,0.0,0.0,400.0,5800000.0,-100.0,100.0,0.0,0.0,-1480000.0,1480000.0,0.0,0.0
13/07/2026,13770.65,14500.0,0.0,0.0,13770.65,13770.65,13770.65,100.0,1450000.0,0.0,0.0,100.0,1450000.0,-100.0,100.0,0.0,0.0,-1450000.0,1450000.0,0.0,0.0
10/07/2026,13770.65,14500.0,0.0,0.0,13770.65,13770.65,13770.65,41.0,596550.0,0.0,0.0,41.0,596550.0,0.0,0.0,0.0,0.0,0.0,0.0,0.0,0.0
09/07/2026,13770.65,14500.0,0.0,0.0,13818.135,13818.135,13770.65,200.0,2905000.0,0.0,0.0,200.0,2905000.0,-100.0,100.0,0.0,0.0,-1450000.0,1450000.0,0.0,0.0
08/07/2026,13770.65,14900.0,-400.0,-0.02684564,14103.045,14103.045,13770.65,205.0,3008500.0,0.0,0.0,205.0,3008500.0,-3.0,3.0,0.0,0.0,-43500.0,43500.0,0.0,0.0
07/07/2026,14150.53,15000.0,-100.0,-0.00666667,14150.53,14150.53,14150.53,210.0,3130000.0,0.0,0.0,210.0,3130000.0,200.0,-200.0,0.0,0.0,2980000.0,-2980000.0,0.0,0.0
06/07/2026,14245.5,15000.0,0.0,0.0,14245.5,14245.5,14245.5,0.0,0.0,0.0,0.0,0.0,0.0,0.0,0.0,0.0,0.0,0.0,0.0,0.0,0.0
03/07/2026,14245.5,15000.0,0.0,0.0,14245.5,14245.5,14245.5,200.0,3000000.0,0.0,0.0,200.0,3000000.0,-100.0,100.0,0.0,0.0,-1500000.0,1500000.0,0.0,0.0
02/07/2026,14245.5,15000.0,0.0,0.0,14245.5,14245.5,14245.5,10.0,150000.0,0.0,0.0,10.0,150000.0,0.0,0.0,0.0,0.0,0.0,0.0,0.0,0.0
01/07/2026,14245.5,15000.0,0.0,0.0,14245.5,14245.5,14245.5,0.0,0.0,0.0,0.0,0.0,0.0,0.0,0.0,0.0,0.0,0.0,0.0,0.0,0.0
30/06/2026,14245.5,15000.0,0.0,0.0,14245.5,14245.5,14245.5,100.0,1500000.0,0.0,0.0,100.0,1500000.0,0.0,0.0,0.0,0.0,0.0,0.0,0.0,0.0
29/06/2026,14245.5,14500.0,500.0,0.03448276,14245.5,14245.5,14245.5,700.0,10500000.0,0.0,0.0,700.0,10500000.0,600.0,-600.0,0.0,0.0,9000000.0,-9000000.0,0.0,0.0
26/06/2026,13770.65,14500.0,0.0,0.0,13770.65,13770.65,13770.65,36.0,507600.0,0.0,0.0,36.0,507600.0,36.0,-36.0,0.0,0.0,507600.0,-507600.0,0.0,0.0
25/06/2026,13770.65,14500.0,0.0,0.0,13770.65,13770.65,13770.65,400.0,5800000.0,0.0,0.0,400.0,5800000.0,-100.0,100.0,0.0,0.0,-1450000.0,1450000.0,0.0,0.0
24/06/2026,13770.65,14500.0,0.0,0.0,13770.65,13770.65,13770.65,36.0,486000.0,0.0,0.0,36.0,486000.0,36.0,0.0,-36.0,0.0,486000.0,0.0,-486000.0,0.0
23/06/2026,13770.65,14500.0,0.0,0.0,13770.65,13770.65,13770.65,2002.0,29029050.0,0.0,0.0,2002.0,29029050.0,-1798.0,1798.0,-2.0,0.0,-26070951.0,26070950.0,-29000.0,0.0
22/06/2026,13770.65,14000.0,500.0,0.03571429,13770.65,13770.65,13770.65,205.0,2970250.0,0.0,0.0,205.0,2970250.0,0.0,0.0,0.0,0.0,0.0,0.0,0.0,0.0
19/06/2026,13295.8,14000.0,0.0,0.0,13295.8,13295.8,13295.8,0.0,0.0,0.0,0.0,0.0,0.0,0.0,0.0,0.0,0.0,0.0,0.0,0.0,0.0
18/06/2026,13295.8,14500.0,-500.0,-0.03448276,13960.59,13960.59,13295.8,1010.0,14666200.0,0.0,0.0,1010.0,14666200.0,-490.0,490.0,0.0,0.0,-7203800.0,7203800.0,0.0,0.0
17/06/2026,13770.65,14500.0,0.0,0.0,13770.65,13770.65,13770.65,5.0,72750.0,0.0,0.0,5.0,72750.0,0.0,0.0,0.0,0.0,0.0,0.0,0.0,0.0
16/06/2026,13770.65,14500.0,0.0,0.0,13770.65,13770.65,13770.65,0.0,0.0,0.0,0.0,0.0,0.0,0.0,0.0,0.0,0.0,0.0,0.0,0.0,0.0
15/06/2026,13770.65,14800.0,-300.0,-0.02027027,13770.65,13770.65,13770.65,100.0,1450000.0,0.0,0.0,100.0,1450000.0,0.0,0.0,0.0,0.0,0.0,0.0,0.0,0.0
12/06/2026,14055.56,14800.0,0.0,0.0,14055.56,14055.56,14055.56,1201.0,17774850.0,0.0,0.0,1201.0,17774850.0,0.0,0.0,0.0,0.0,0.0,0.0,0.0,0.0
11/06/2026,14055.56,14800.0,0.0,0.0,14055.56,14055.56,14055.56,0.0,0.0,0.0,0.0,0.0,0.0,0.0,0.0,0.0,0.0,0.0,0.0,0.0,0.0
10/06/2026,14055.56,14800.0,0.0,0.0,14055.56,14055.56,14055.56,1000.0,14800000.0,0.0,0.0,1000.0,14800000.0,100.0,500.0,0.0,-600.0,1480000.0,7400000.0,0.0,-8880000.0
09/06/2026,14055.56,14800.0,0.0,0.0,14055.56,14055.56,13960.59,301.0,4444550.0,0.0,0.0,301.0,4444550.0,-100.0,100.0,0.0,0.0,-1480000.0,1480000.0,0.0,0.0
08/06/2026,14055.56,14800.0,0.0,0.0,14055.56,14055.56,14055.56,0.0,0.0,0.0,0.0,0.0,0.0,0.0,0.0,0.0,0.0,0.0,0.0,0.0,0.0
05/06/2026,14055.56,14800.0,0.0,0.0,14055.56,14055.56,14055.56,0.0,0.0,0.0,0.0,0.0,0.0,0.0,0.0,0.0,0.0,0.0,0.0,0.0,0.0
04/06/2026,14055.56,14800.0,0.0,0.0,14055.56,14055.56,14055.56,300.0,4440000.0,0.0,0.0,300.0,4440000.0,300.0,-300.0,0.0,0.0,4440000.0,-4440000.0,0.0,0.0
03/06/2026,14055.56,14800.0,0.0,0.0,14055.56,14055.56,14055.56,0.0,0.0,0.0,0.0,0.0,0.0,0.0,0.0,0.0,0.0,0.0,0.0,0.0,0.0
02/06/2026,14055.56,15000.0,-200.0,-0.01333333,14150.53,14245.5,14055.56,5700.0,84930000.0,0.0,0.0,5700.0,84930000.0,5500.0,-5600.0,0.0,100.0,81970000.0,-83450000.0,0.0,1480000.0
01/06/2026,14245.5,15000.0,0.0,0.0,14245.5,14245.5,14245.5,0.0,0.0,0.0,0.0,0.0,0.0,0.0,0.0,0.0,0.0,0.0,0.0,0.0,0.0
29/05/2026,14245.5,15000.0,0.0,0.0,14245.5,14245.5,14245.5,55.0,825300.0,0.0,0.0,55.0,825300.0,-52.0,52.0,0.0,0.0,-780001.0,780000.0,0.0,0.0
28/05/2026,14245.5,15000.0,1.0,6.667e-05,14245.5,14245.5,14245.5,1100.0,16500000.0,0.0,0.0,1100.0,16500000.0,-1000.0,1000.0,0.0,0.0,-15000000.0,15000000.0,0.0,0.0
27/05/2026,14245.291066,15800.0,-100.0,-0.00632911,14336.025404,14336.025404,14245.291066,700.0,11035000.0,0.0,0.0,700.0,11035000.0,500.0,-500.0,0.0,0.0,7885000.0,-7885000.0,0.0,0.0
26/05/2026,14336.025404,15800.0,0.0,0.0,14245.291066,14336.025404,14245.291066,1000.0,15790000.0,0.0,0.0,1000.0,15790000.0,100.0,-100.0,0.0,0.0,1580000.0,-1580000.0,0.0,0.0
25/05/2026,14336.025404,15800.0,0.0,0.0,14336.025404,14336.025404,14336.025404,201.0,3175800.0,0.0,0.0,201.0,3175800.0,100.0,-100.0,0.0,0.0,1580000.0,-1580000.0,0.0,0.0
22/05/2026,14336.025404,15800.0,0.0,0.0,14336.025404,14336.025404,14336.025404,500.0,7900000.0,0.0,0.0,500.0,7900000.0,400.0,-400.0,0.0,0.0,6320000.0,-6320000.0,0.0,0.0
21/05/2026,14336.025404,16500.0,-700.0,-0.04242424,14971.16577,14971.16577,14336.025404,1400.0,22530000.0,0.0,0.0,1400.0,22530000.0,200.0,-200.0,0.0,0.0,3270000.0,-3270000.0,0.0,0.0
20/05/2026,14971.16577,16550.0,-50.0,-0.00302115,14971.16577,14971.16577,14971.16577,100.0,1650000.0,0.0,0.0,100.0,1650000.0,0.0,0.0,0.0,0.0,0.0,0.0,0.0,0.0
19/05/2026,15016.532939,16700.0,-150.0,-0.00898204,15016.532939,15016.532939,15016.532939,700.0,11585000.0,0.0,0.0,700.0,11585000.0,0.0,0.0,0.0,0.0,0.0,0.0,0.0,0.0
18/05/2026,15152.634446,16700.0,0.0,0.0,15152.634446,15152.634446,15152.634446,0.0,0.0,0.0,0.0,0.0,0.0,0.0,0.0,0.0,0.0,0.0,0.0,0.0,0.0
15/05/2026,15152.634446,16700.0,0.0,0.0,15152.634446,15152.634446,15152.634446,0.0,0.0,0.0,0.0,0.0,0.0,0.0,0.0,0.0,0.0,0.0,0.0,0.0,0.0
14/05/2026,15152.634446,16700.0,0.0,0.0,15152.634446,15152.634446,15152.634446,0.0,0.0,0.0,0.0,0.0,0.0,0.0,0.0,0.0,0.0,0.0,0.0,0.0,0.0
13/05/2026,15152.634446,16700.0,0.0,0.0,15152.634446,15152.634446,15152.634446,2.0,33400.0,0.0,0.0,2.0,33400.0,-1.0,1.0,0.0,0.0,-16700.0,16700.0,0.0,0.0
12/05/2026,15152.634446,16950.0,-250.0,-0.01474926,15152.634446,15152.634446,15152.634446,101.0,1686950.0,0.0,0.0,101.0,1686950.0,99.0,-99.0,0.0,0.0,1653050.0,-1653050.0,0.0,0.0
11/05/2026,15379.470291,15900.0,1050.0,0.06603774,15379.470291,15379.470291,15379.470291,119.0,2012850.0,0.0,0.0,119.0,2012850.0,81.0,-81.0,0.0,0.0,1377151.0,-1377150.0,0.0,0.0
08/05/2026,14426.759742,15900.0,0.0,0.0,14426.759742,14426.759742,14426.759742,0.0,0.0,0.0,0.0,0.0,0.0,0.0,0.0,0.0,0.0,0.0,0.0,0.0,0.0
07/05/2026,14426.759742,15700.0,200.0,0.01273885,14517.49408,14517.49408,14426.759742,600.0,9550000.0,0.0,0.0,600.0,9550000.0,400.0,-400.0,0.0,0.0,6360000.0,-6360000.0,0.0,0.0
06/05/2026,14245.291066,15700.0,0.0,0.0,14245.291066,14245.291066,14245.291066,300.0,4710000.0,0.0,0.0,300.0,4710000.0,300.0,-300.0,0.0,0.0,4710000.0,-4710000.0,0.0,0.0
05/05/2026,14245.291066,15700.0,0.0,0.0,14245.291066,14245.291066,14245.291066,0.0,0.0,0.0,0.0,0.0,0.0,0.0,0.0,0.0,0.0,0.0,0.0,0.0,0.0
04/05/2026,14245.291066,15700.0,0.0,0.0,14245.291066,14245.291066,14245.291066,515.0,8085500.0,0.0,0.0,515.0,8085500.0,15.0,-15.0,0.0,0.0,235500.0,-235500.0,0.0,0.0
29/04/2026,14245.291066,15700.0,0.0,0.0,14336.025404,14336.025404,14245.291066,201.0,3165150.0,0.0,0.0,201.0,3165150.0,100.0,-100.0,0.0,0.0,1570000.0,-1570000.0,0.0,0.0
28/04/2026,14245.291066,15700.0,0.0,0.0,14245.291066,14245.291066,14245.291066,47.0,733200.0,0.0,0.0,47.0,733200.0,0.0,0.0,0.0,0.0,0.0,0.0,0.0,0.0
24/04/2026,14245.291066,15700.0,0.0,0.0,14245.291066,14245.291066,14245.291066,502.0,7881400.0,0.0,0.0,502.0,7881400.0,1.0,-1.0,0.0,0.0,15699.0,-15700.0,0.0,0.0
23/04/2026,14245.291066,15700.0,0.0,0.0,14245.291066,14245.291066,14245.291066,54.0,847800.0,0.0,0.0,54.0,847800.0,-5.0,5.0,0.0,0.0,-78500.0,78500.0,0.0,0.0
22/04/2026,14245.291066,15800.0,-100.0,-0.00632911,14245.291066,14245.291066,14245.291066,400.0,6280000.0,0.0,0.0,400.0,6280000.0,0.0,0.0,0.0,0.0,0.0,0.0,0.0,0.0
21/04/2026,14336.025404,15800.0,0.0,0.0,14336.025404,14336.025404,14336.025404,501.0,7916000.0,0.0,0.0,501.0,7916000.0,1.0,-1.0,0.0,0.0,16000.0,-16000.0,0.0,0.0
20/04/2026,14336.025404,15800.0,0.0,0.0,14336.025404,14336.025404,14336.025404,0.0,0.0,0.0,0.0,0.0,0.0,0.0,0.0,0.0,0.0,0.0,0.0,0.0,0.0
17/04/2026,14336.025404,16100.0,-300.0,-0.01863354,14336.025404,14336.025404,14336.025404,100.0,1580000.0,0.0,0.0,100.0,1580000.0,0.0,0.0,0.0,0.0,0.0,0.0,0.0,0.0
16/04/2026,14608.228418,16100.0,0.0,0.0,14608.228418,14608.228418,14608.228418,401.0,6456100.0,0.0,0.0,401.0,6456100.0,-1.0,1.0,0.0,0.0,-16100.0,16100.0,0.0,0.0
15/04/2026,14608.228418,16100.0,0.0,0.0,14608.228418,14608.228418,14608.228418,105.0,1688450.0,0.0,0.0,105.0,1688450.0,-1.0,1.0,0.0,0.0,-15651.0,15650.0,0.0,0.0
14/04/2026,14608.228418,16100.0,0.0,0.0,15424.83746,15424.83746,14517.49408,2005.0,33035000.0,0.0,0.0,2005.0,33035000.0,700.0,-700.0,0.0,0.0,11900000.0,-11900000.0,0.0,0.0
13/04/2026,14608.228418,16100.0,0.0,0.0,14608.228418,14608.228418,14608.228418,1.0,16500.0,0.0,0.0,1.0,16500.0,0.0,0.0,0.0,0.0,0.0,0.0,0.0,0.0
10/04/2026,14608.228418,16150.0,-50.0,-0.00309598,13836.986545,14608.228418,13836.986545,3010.0,46757750.0,0.0,0.0,3010.0,46757750.0,-2805.0,2805.0,0.0,0.0,-43628750.0,43628750.0,0.0,0.0
09/04/2026,14653.595587,16100.0,50.0,0.00310559,14653.595587,14653.595587,14653.595587,103.0,1663300.0,0.0,0.0,103.0,1663300.0,0.0,0.0,0.0,0.0,0.0,0.0,0.0,0.0
08/04/2026,14608.228418,16050.0,50.0,0.00311526,14880.431432,14880.431432,14608.228418,220.0,3578000.0,0.0,0.0,220.0,3578000.0,0.0,0.0,0.0,0.0,0.0,0.0,0.0,0.0
07/04/2026,14562.861249,16000.0,50.0,0.003125,14517.49408,14562.861249,14517.49408,2500.0,40110000.0,0.0,0.0,2500.0,40110000.0,1700.0,-1700.0,0.0,0.0,27300000.0,-27300000.0,0.0,0.0
06/04/2026,14517.49408,16000.0,0.0,0.0,14517.49408,14517.49408,14517.49408,6.0,93000.0,0.0,0.0,6.0,93000.0,0.0,0.0,0.0,0.0,0.0,0.0,0.0,0.0
03/04/2026,14517.49408,16500.0,-500.0,-0.03030303,14517.49408,14517.49408,14517.49408,107.0,1715500.0,0.0,0.0,107.0,1715500.0,100.0,-100.0,0.0,0.0,1600000.0,-1600000.0,0.0,0.0
02/04/2026,14971.16577,16500.0,0.0,0.0,14971.16577,14971.16577,14971.16577,0.0,0.0,0.0,0.0,0.0,0.0,0.0,0.0,0.0,0.0,0.0,0.0,0.0,0.0
01/04/2026,14971.16577,16450.0,50.0,0.00303951,14971.16577,14971.16577,14971.16577,1000.0,16500000.0,0.0,0.0,1000.0,16500000.0,0.0,0.0,0.0,0.0,0.0,0.0,0.0,0.0
31/03/2026,14925.798601,16200.0,250.0,0.0154321,14971.16577,14971.16577,14880.431432,702.0,11538000.0,0.0,0.0,702.0,11538000.0,-200.0,200.0,0.0,0.0,-3285000.0,3285000.0,0.0,0.0
30/03/2026,14698.962756,16200.0,0.0,0.0,14608.228418,14698.962756,14608.228418,737.0,11875700.0,0.0,0.0,737.0,11875700.0,-530.0,530.0,0.0,0.0,-8533000.0,8533000.0,0.0,0.0
27/03/2026,14698.962756,16200.0,0.0,0.0,14698.962756,14698.962756,14698.962756,2612.0,42314400.0,0.0,0.0,2612.0,42314400.0,-2510.0,2510.0,0.0,0.0,-40662000.0,40662000.0,0.0,0.0
26/03/2026,14698.962756,16500.0,-300.0,-0.01818182,14971.16577,14971.16577,14698.962756,2420.0,39820000.0,0.0,0.0,2420.0,39820000.0,699.0,-699.0,0.0,0.0,11563500.0,-11563500.0,0.0,0.0
25/03/2026,14971.16577,16500.0,0.0,0.0,14971.16577,14971.16577,14971.16577,615.0,10147500.0,0.0,0.0,615.0,10147500.0,-100.0,100.0,0.0,0.0,-1650000.0,1650000.0,0.0,0.0
24/03/2026,14971.16577,16900.0,-400.0,-0.02366864,14971.16577,14971.16577,14971.16577,3300.0,54450000.0,0.0,0.0,3300.0,54450000.0,3000.0,-3000.0,0.0,0.0,49500000.0,-49500000.0,0.0,0.0
23/03/2026,15334.103122,17000.0,-100.0,-0.00588235,15334.103122,15334.103122,15334.103122,1200.0,20280000.0,0.0,0.0,1200.0,20280000.0,1000.0,-1000.0,0.0,0.0,16900000.0,-16900000.0,0.0,0.0
20/03/2026,15424.83746,17000.0,0.0,0.0,15424.83746,15424.83746,15424.83746,0.0,0.0,0.0,0.0,0.0,0.0,0.0,0.0,0.0,0.0,0.0,0.0,0.0,0.0
19/03/2026,15424.83746,16800.0,200.0,0.01190476,15424.83746,15424.83746,15424.83746,100.0,1700000.0,0.0,0.0,100.0,1700000.0,0.0,0.0,0.0,0.0,0.0,0.0,0.0,0.0
18/03/2026,15243.368784,16900.0,-100.0,-0.00591716,15243.368784,15243.368784,15243.368784,100.0,1680000.0,0.0,0.0,100.0,1680000.0,100.0,-100.0,0.0,0.0,1680000.0,-1680000.0,0.0,0.0
17/03/2026,15334.103122,16700.0,200.0,0.01197605,15334.103122,15334.103122,15334.103122,200.0,3380000.0,0.0,0.0,200.0,3380000.0,0.0,0.0,0.0,0.0,0.0,0.0,0.0,0.0
16/03/2026,15152.634446,16700.0,0.0,0.0,15152.634446,15152.634446,15152.634446,0.0,0.0,0.0,0.0,0.0,0.0,0.0,0.0,0.0,0.0,0.0,0.0,0.0,0.0
13/03/2026,15152.634446,16700.0,0.0,0.0,14109.189559,15152.634446,14109.189559,300.0,4780000.0,0.0,0.0,300.0,4780000.0,-200.0,200.0,0.0,0.0,-3110000.0,3110000.0,0.0,0.0
12/03/2026,15152.634446,15900.0,800.0,0.05031447,15152.634446,15152.634446,15152.634446,106.0,1763300.0,0.0,0.0,106.0,1763300.0,0.0,0.0,0.0,0.0,0.0,0.0,0.0,0.0
11/03/2026,14426.759742,15800.0,100.0,0.00632911,14426.759742,14426.759742,14426.759742,100.0,1590000.0,0.0,0.0,100.0,1590000.0,0.0,100.0,0.0,-100.0,0.0,1590000.0,0.0,-1590000.0
10/03/2026,14336.025404,15100.0,700.0,0.04635762,14336.025404,14336.025404,14336.025404,113.0,1776300.0,0.0,0.0,113.0,1776300.0,88.0,-88.0,0.0,0.0,1398800.0,-1398800.0,0.0,0.0
09/03/2026,13700.885038,15600.0,-500.0,-0.03205128,14245.291066,14245.291066,13610.1507,2601.0,39165450.0,0.0,0.0,2601.0,39165450.0,-901.0,801.0,0.0,100.0,-13365451.0,11865450.0,0.0,1500000.0
06/03/2026,14154.556728,15600.0,0.0,0.0,14154.556728,14154.556728,14154.556728,0.0,0.0,0.0,0.0,0.0,0.0,0.0,0.0,0.0,0.0,0.0,0.0,0.0,0.0
05/03/2026,14154.556728,15900.0,-300.0,-0.01886792,14154.556728,14154.556728,14154.556728,200.0,3120000.0,0.0,0.0,200.0,3120000.0,100.0,-100.0,0.0,0.0,1560000.0,-1560000.0,0.0,0.0
04/03/2026,14426.759742,16150.0,-250.0,-0.01547988,14608.228418,14608.228418,14426.759742,1800.0,28805000.0,0.0,0.0,1800.0,28805000.0,-200.0,200.0,0.0,0.0,-3230000.0,3230000.0,0.0,0.0
03/03/2026,14653.595587,16500.0,-350.0,-0.02121212,14653.595587,14653.595587,14653.595587,561.0,9082600.0,0.0,0.0,561.0,9082600.0,-189.0,189.0,0.0,0.0,-3047400.0,3047400.0,0.0,0.0
02/03/2026,14971.16577,16000.0,500.0,0.03125,14971.16577,14971.16577,14971.16577,2000.0,33000000.0,0.0,0.0,2000.0,33000000.0,1300.0,-1300.0,0.0,0.0,21450000.0,-21450000.0,0.0,0.0
27/02/2026,14517.49408,16000.0,0.0,0.0,14517.49408,14517.49408,14517.49408,901.0,14416650.0,0.0,0.0,901.0,14416650.0,500.0,400.0,0.0,-900.0,8000000.0,6400000.0,0.0,-14400000.0
26/02/2026,14517.49408,16100.0,-100.0,-0.00621118,14608.228418,14608.228418,14517.49408,1000.0,16080000.0,0.0,0.0,1000.0,16080000.0,800.0,-800.0,0.0,0.0,12880000.0,-12880000.0,0.0,0.0
25/02/2026,14608.228418,15950.0,150.0,0.00940439,14517.49408,14608.228418,14517.49408,800.0,12830000.0,0.0,0.0,800.0,12830000.0,500.0,-400.0,0.0,-100.0,8020000.0,-6410000.0,0.0,-1610000.0
24/02/2026,14472.126911,16000.0,-50.0,-0.003125,14562.861249,14562.861249,14472.126911,600.0,9605000.0,0.0,0.0,600.0,9605000.0,-200.0,200.0,0.0,0.0,-3200000.0,3200000.0,0.0,0.0
23/02/2026,14517.49408,16150.0,-150.0,-0.00928793,14698.962756,14698.962756,14517.49408,1400.0,22475000.0,0.0,0.0,1400.0,22475000.0,-600.0,600.0,0.0,0.0,-9600000.0,9600000.0,0.0,0.0
13/02/2026,14653.595587,16150.0,0.0,0.0,14653.595587,14653.595587,14653.595587,8.0,133950.0,0.0,0.0,8.0,133950.0,0.0,0.0,0.0,0.0,0.0,0.0,0.0,0.0
12/02/2026,14653.595587,16200.0,-50.0,-0.00308642,14653.595587,14653.595587,14653.595587,100.0,1615000.0,0.0,0.0,100.0,1615000.0,0.0,0.0,0.0,0.0,0.0,0.0,0.0,0.0
11/02/2026,14698.962756,16300.0,-100.0,-0.00613497,14789.697094,14789.697094,14698.962756,3200.0,51930000.0,0.0,0.0,3200.0,51930000.0,-2200.0,2200.0,0.0,0.0,-35640000.0,35640000.0,0.0,0.0
10/02/2026,14789.697094,16400.0,-100.0,-0.00609756,14971.16577,14971.16577,14789.697094,1501.0,24536700.0,0.0,0.0,1501.0,24536700.0,-999.0,899.0,0.0,100.0,-16303300.0,14653300.0,0.0,1650000.0
09/02/2026,14880.431432,16700.0,-300.0,-0.01796407,15061.900108,15061.900108,14880.431432,4200.0,69340000.0,0.0,0.0,4200.0,69340000.0,-700.0,700.0,0.0,0.0,-11570000.0,11570000.0,0.0,0.0
06/02/2026,15152.634446,17150.0,-450.0,-0.02623907,15243.368784,15243.368784,15152.634446,400.0,6690000.0,0.0,0.0,400.0,6690000.0,300.0,-200.0,0.0,-100.0,5020000.0,-3340000.0,0.0,-1680000.0
05/02/2026,15560.938967,17150.0,0.0,0.0,15560.938967,15560.938967,15560.938967,0.0,0.0,0.0,0.0,0.0,0.0,0.0,0.0,0.0,0.0,0.0,0.0,0.0,0.0
04/02/2026,15560.938967,17000.0,150.0,0.00882353,15697.040474,15697.040474,15560.938967,5853.0,100377400.0,0.0,0.0,5853.0,100377400.0,1471.0,-1471.0,0.0,0.0,25238100.0,-25238100.0,0.0,0.0
03/02/2026,15424.83746,16550.0,450.0,0.02719033,15424.83746,15424.83746,15424.83746,600.0,10200000.0,0.0,0.0,600.0,10200000.0,-300.0,300.0,0.0,0.0,-5100000.0,5100000.0,0.0,0.0
02/02/2026,15016.532939,16950.0,-400.0,-0.02359882,14608.228418,15016.532939,14608.228418,1800.0,29250000.0,0.0,0.0,1800.0,29250000.0,200.0,-200.0,0.0,0.0,3255000.0,-3255000.0,0.0,0.0
30/01/2026,15379.470291,16550.0,400.0,0.02416918,15379.470291,15379.470291,15379.470291,1000.0,16950000.0,0.0,0.0,1000.0,16950000.0,800.0,-800.0,0.0,0.0,13560000.0,-13560000.0,0.0,0.0
29/01/2026,15016.532939,16550.0,0.0,0.0,15016.532939,15016.532939,15016.532939,0.0,0.0,0.0,0.0,0.0,0.0,0.0,0.0,0.0,0.0,0.0,0.0,0.0,0.0
28/01/2026,15016.532939,16700.0,-150.0,-0.00898204,15061.900108,15152.634446,14517.49408,1901.0,31182100.0,0.0,0.0,1901.0,31182100.0,-599.0,599.0,0.0,0.0,-9567900.0,9567900.0,0.0,0.0
27/01/2026,15152.634446,17200.0,-500.0,-0.02906977,15424.83746,15424.83746,15152.634446,300.0,5040000.0,0.0,0.0,300.0,5040000.0,-200.0,200.0,0.0,0.0,-3340000.0,3340000.0,0.0,0.0
26/01/2026,15606.306136,17150.0,50.0,0.00291545,15606.306136,15606.306136,15606.306136,500.0,8600000.0,0.0,0.0,500.0,8600000.0,-300.0,300.0,0.0,0.0,-5160000.0,5160000.0,0.0,0.0
23/01/2026,15560.938967,17400.0,-250.0,-0.01436782,15787.774812,15787.774812,15424.83746,3200.0,55060000.0,0.0,0.0,3200.0,55060000.0,0.0,0.0,0.0,0.0,295000.0,-295000.0,0.0,0.0
22/01/2026,15787.774812,17400.0,0.0,0.0,15787.774812,15787.774812,15787.774812,500.0,8700000.0,0.0,0.0,500.0,8700000.0,-500.0,500.0,0.0,0.0,-8700000.0,8700000.0,0.0,0.0
21/01/2026,15787.774812,17100.0,300.0,0.01754386,15515.571798,15787.774812,15515.571798,1300.0,22260000.0,0.0,0.0,1300.0,22260000.0,-600.0,600.0,0.0,0.0,-10260000.0,10260000.0,0.0,0.0
20/01/2026,15515.571798,17250.0,-150.0,-0.00869565,15651.673305,15651.673305,15515.571798,4730.0,81553000.0,0.0,0.0,4730.0,81553000.0,-2000.0,2000.0,0.0,0.0,-34475000.0,34475000.0,0.0,0.0
19/01/2026,15651.673305,17350.0,-100.0,-0.00576369,15742.407643,15742.407643,15651.673305,5810.0,100367500.0,0.0,0.0,5810.0,100367500.0,-700.0,700.0,0.0,0.0,-12080000.0,12080000.0,0.0,0.0
16/01/2026,15742.407643,17400.0,-50.0,-0.00287356,15742.407643,15742.407643,15742.407643,800.0,13880000.0,0.0,0.0,800.0,13880000.0,-200.0,200.0,0.0,0.0,-3470000.0,3470000.0,0.0,0.0
15/01/2026,15787.774812,17500.0,-100.0,-0.00571429,15878.50915,15878.50915,15787.774812,1700.0,29600000.0,0.0,0.0,1700.0,29600000.0,-300.0,300.0,0.0,0.0,-5240000.0,5240000.0,0.0,0.0
14/01/2026,15878.50915,17450.0,50.0,0.00286533,16150.712164,16150.712164,15878.50915,700.0,12400000.0,0.0,0.0,700.0,12400000.0,300.0,-300.0,0.0,0.0,5400000.0,-5400000.0,0.0,0.0
13/01/2026,15833.141981,17450.0,0.0,0.0,15833.141981,15833.141981,15833.141981,0.0,0.0,0.0,0.0,0.0,0.0,0.0,0.0,0.0,0.0,0.0,0.0,0.0,0.0
12/01/2026,15833.141981,17300.0,150.0,0.00867052,16196.079333,16468.282347,15833.141981,4175.0,74248200.0,0.0,0.0,4175.0,74248200.0,1102.0,-1102.0,0.0,0.0,20319800.0,-20319800.0,0.0,0.0
09/01/2026,15697.040474,17300.0,0.0,0.0,15697.040474,15697.040474,15697.040474,0.0,0.0,0.0,0.0,0.0,0.0,0.0,0.0,0.0,0.0,0.0,0.0,0.0,0.0
08/01/2026,15697.040474,17300.0,0.0,0.0,15697.040474,15697.040474,15697.040474,211.0,3647750.0,0.0,0.0,211.0,3647750.0,10.0,190.0,0.0,-200.0,170000.0,3290000.0,0.0,-3460000.0
07/01/2026,15697.040474,17250.0,50.0,0.00289855,15697.040474,15697.040474,15697.040474,1903.0,32922500.0,0.0,0.0,1903.0,32922500.0,-1903.0,1903.0,0.0,0.0,-32922000.0,32922000.0,0.0,0.0
06/01/2026,15651.673305,17250.0,0.0,0.0,15651.673305,15651.673305,15651.673305,0.0,0.0,0.0,0.0,0.0,0.0,0.0,0.0,0.0,0.0,0.0,0.0,0.0,0.0
05/01/2026,15651.673305,17250.0,0.0,0.0,15651.673305,15651.673305,15651.673305,3.0,52950.0,0.0,0.0,3.0,52950.0,0.0,0.0,0.0,0.0,0.0,0.0,0.0,0.0
31/12/2025,15651.673305,17150.0,100.0,0.0058309,15651.673305,15651.673305,15651.673305,1030.0,17763000.0,0.0,0.0,1030.0,17763000.0,0.0,0.0,0.0,0.0,0.0,0.0,0.0,0.0
30/12/2025,15560.938967,17750.0,-600.0,-0.03380282,15606.306136,15606.306136,15560.938967,3000.0,51500000.0,0.0,0.0,3000.0,51500000.0,-3000.0,3000.0,0.0,0.0,-51500000.0,51500000.0,0.0,0.0
29/12/2025,16105.344995,17750.0,0.0,0.0,16105.344995,16105.344995,16105.344995,1000.0,17750000.0,0.0,0.0,1000.0,17750000.0,0.0,0.0,0.0,0.0,0.0,0.0,0.0,0.0
26/12/2025,16105.344995,18000.0,-250.0,-0.01388889,16332.18084,16332.18084,16105.344995,3304.0,59172000.0,0.0,0.0,3304.0,59172000.0,3196.0,-3196.0,0.0,0.0,57228000.0,-57228000.0,0.0,0.0
25/12/2025,16332.18084,17100.0,900.0,0.05263158,15878.50915,16559.016685,15878.50915,1200.0,21125000.0,0.0,0.0,1200.0,21125000.0,1000.0,-1000.0,0.0,0.0,17500000.0,-17500000.0,0.0,0.0
24/12/2025,15515.571798,17500.0,-400.0,-0.02285714,15515.571798,15515.571798,15515.571798,700.0,11970000.0,0.0,0.0,700.0,11970000.0,-100.0,100.0,0.0,0.0,-1710000.0,1710000.0,0.0,0.0
23/12/2025,15878.50915,17150.0,350.0,0.02040816,15560.938967,15878.50915,15560.938967,1201.0,20632500.0,0.0,0.0,1201.0,20632500.0,101.0,-101.0,0.0,0.0,1767000.0,-1767000.0,0.0,0.0
22/12/2025,15560.938967,17100.0,50.0,0.00292398,15560.938967,15560.938967,15560.938967,1000.0,17150000.0,0.0,0.0,1000.0,17150000.0,0.0,0.0,0.0,0.0,0.0,0.0,0.0,0.0
19/12/2025,15515.571798,17100.0,0.0,0.0,15515.571798,15515.571798,15515.571798,0.0,0.0,0.0,0.0,0.0,0.0,0.0,0.0,0.0,0.0,0.0,0.0,0.0,0.0
18/12/2025,15515.571798,17100.0,0.0,0.0,15515.571798,15515.571798,15515.571798,0.0,0.0,0.0,0.0,0.0,0.0,0.0,0.0,0.0,0.0,0.0,0.0,0.0,0.0
17/12/2025,15515.571798,17100.0,0.0,0.0,15515.571798,15515.571798,15515.571798,1509.0,25803900.0,0.0,0.0,1509.0,25803900.0,-1500.0,1500.0,0.0,0.0,-25650000.0,25650000.0,0.0,0.0
16/12/2025,15515.571798,17100.0,0.0,0.0,15515.571798,15515.571798,15515.571798,400.0,6840000.0,0.0,0.0,400.0,6840000.0,0.0,0.0,0.0,0.0,0.0,0.0,0.0,0.0
15/12/2025,15515.571798,17250.0,-150.0,-0.00869565,15606.306136,15606.306136,15515.571798,1200.0,20630000.0,0.0,0.0,1200.0,20630000.0,-1000.0,1000.0,0.0,0.0,-17200000.0,17200000.0,0.0,0.0
12/12/2025,15651.673305,17200.0,50.0,0.00290698,15651.673305,15651.673305,15651.673305,100.0,1725000.0,0.0,0.0,100.0,1725000.0,-100.0,100.0,0.0,0.0,-1725000.0,1725000.0,0.0,0.0
11/12/2025,15606.306136,17200.0,0.0,0.0,15606.306136,15606.306136,15606.306136,0.0,0.0,0.0,0.0,0.0,0.0,0.0,0.0,0.0,0.0,0.0,0.0,0.0,0.0
10/12/2025,15606.306136,17250.0,-50.0,-0.00289855,15606.306136,15606.306136,15606.306136,100.0,1720000.0,0.0,0.0,100.0,1720000.0,100.0,-100.0,0.0,0.0,1720000.0,-1720000.0,0.0,0.0
09/12/2025,15651.673305,17250.0,0.0,0.0,15651.673305,15651.673305,15651.673305,0.0,0.0,0.0,0.0,0.0,0.0,0.0,0.0,0.0,0.0,0.0,0.0,0.0,0.0
08/12/2025,15651.673305,17250.0,0.0,0.0,15651.673305,15651.673305,15651.673305,810.0,13978500.0,0.0,0.0,810.0,13978500.0,-810.0,810.0,0.0,0.0,-13978000.0,13978000.0,0.0,0.0
05/12/2025,15651.673305,17250.0,0.0,0.0,15651.673305,15651.673305,15651.673305,0.0,0.0,0.0,0.0,0.0,0.0,0.0,0.0,0.0,0.0,0.0,0.0,0.0,0.0
04/12/2025,15651.673305,17250.0,0.0,0.0,15651.673305,15651.673305,15651.673305,0.0,0.0,0.0,0.0,0.0,0.0,0.0,0.0,0.0,0.0,0.0,0.0,0.0,0.0
03/12/2025,15651.673305,18000.0,-750.0,-0.04166667,16332.18084,16332.18084,15651.673305,2920.0,50686000.0,0.0,0.0,2920.0,50686000.0,-590.0,590.0,0.0,0.0,-10297000.0,10297000.0,0.0,0.0
02/12/2025,16332.18084,18000.0,0.0,0.0,16332.18084,16332.18084,16332.18084,0.0,0.0,0.0,0.0,0.0,0.0,0.0,0.0,0.0,0.0,0.0,0.0,0.0,0.0
01/12/2025,16332.18084,17450.0,550.0,0.03151862,16014.610657,16332.18084,16014.610657,951.0,16809950.0,0.0,0.0,951.0,16809950.0,631.0,-631.0,0.0,0.0,11165951.0,-11165950.0,0.0,0.0
28/11/2025,15833.141981,17400.0,50.0,0.00287356,15787.774812,15833.141981,15651.673305,1132.0,19677600.0,0.0,0.0,1132.0,19677600.0,998.0,-998.0,0.0,0.0,17354400.0,-17354400.0,0.0,0.0
27/11/2025,15787.774812,17400.0,0.0,0.0,15787.774812,15787.774812,15787.774812,0.0,0.0,0.0,0.0,0.0,0.0,0.0,0.0,0.0,0.0,0.0,0.0,0.0,0.0
26/11/2025,15787.774812,17500.0,-100.0,-0.00571429,15878.50915,16967.321206,15787.774812,3200.0,57460000.0,40000.0,652000000.0,43200.0,709460000.0,900.0,-900.0,0.0,0.0,16130000.0,-16130000.0,0.0,0.0
25/11/2025,15878.50915,17500.0,0.0,0.0,15878.50915,15878.50915,15878.50915,0.0,0.0,80000.0,1352000000.0,80000.0,1352000000.0,0.0,0.0,0.0,0.0,0.0,0.0,0.0,0.0
24/11/2025,15878.50915,17300.0,200.0,0.01156069,16241.446502,16241.446502,15878.50915,1900.0,33750000.0,0.0,0.0,1900.0,33750000.0,-700.0,700.0,0.0,0.0,-12530000.0,12530000.0,0.0,0.0
21/11/2025,15697.040474,17400.0,-100.0,-0.00574713,15787.774812,15787.774812,15697.040474,1200.0,20870000.0,0.0,0.0,1200.0,20870000.0,0.0,0.0,0.0,0.0,0.0,0.0,0.0,0.0
20/11/2025,15787.774812,17400.0,0.0,0.0,15787.774812,15787.774812,15787.774812,1.0,17000.0,0.0,0.0,1.0,17000.0,1.0,-1.0,0.0,0.0,17000.0,-17000.0,0.0,0.0
19/11/2025,15787.774812,17400.0,0.0,0.0,15787.774812,15878.50915,15787.774812,6110.0,106322800.0,0.0,0.0,6110.0,106322800.0,1707.0,-4100.0,-7.0,2393.0,29701000.0,-71340000.0,-122000.0,41638200.0
18/11/2025,15787.774812,17500.0,-100.0,-0.00571429,15787.774812,15787.774812,15787.774812,100.0,1740000.0,0.0,0.0,100.0,1740000.0,100.0,-100.0,0.0,0.0,1740000.0,-1740000.0,0.0,0.0
17/11/2025,15878.50915,17550.0,-50.0,-0.002849,15878.50915,15878.50915,15515.571798,3127.0,54339800.0,0.0,0.0,3127.0,54339800.0,500.0,-500.0,0.0,0.0,8925001.0,-8925000.0,0.0,0.0
14/11/2025,15923.876319,17600.0,-50.0,-0.00284091,15923.876319,15923.876319,15923.876319,364.0,6391500.0,0.0,0.0,364.0,6391500.0,200.0,-200.0,0.0,0.0,3510001.0,-3510000.0,0.0,0.0
13/11/2025,15969.243488,17550.0,50.0,0.002849,15969.243488,15969.243488,15969.243488,1000.0,17600000.0,0.0,0.0,1000.0,17600000.0,1000.0,-1000.0,0.0,0.0,17600000.0,-17600000.0,0.0,0.0
12/11/2025,15923.876319,17600.0,-50.0,-0.00284091,15878.50915,15923.876319,15878.50915,301.0,5277500.0,0.0,0.0,301.0,5277500.0,99.0,-99.0,0.0,0.0,1732500.0,-1732500.0,0.0,0.0
11/11/2025,15969.243488,17250.0,350.0,0.02028986,15969.243488,15969.243488,15969.243488,211.0,3713450.0,0.0,0.0,211.0,3713450.0,-6.0,6.0,0.0,0.0,-106200.0,106200.0,0.0,0.0
10/11/2025,15651.673305,17250.0,0.0,0.0,15606.306136,15651.673305,15606.306136,1514.0,26091500.0,0.0,0.0,1514.0,26091500.0,186.0,-186.0,0.0,0.0,3198500.0,-3198500.0,0.0,0.0
07/11/2025,15651.673305,17350.0,-100.0,-0.00576369,15833.141981,15833.141981,15651.673305,200.0,3470000.0,0.0,0.0,200.0,3470000.0,-100.0,100.0,0.0,0.0,-1725000.0,1725000.0,0.0,0.0
06/11/2025,15742.407643,17350.0,0.0,0.0,15742.407643,15742.407643,15742.407643,0.0,0.0,0.0,0.0,0.0,0.0,0.0,0.0,0.0,0.0,0.0,0.0,0.0,0.0
05/11/2025,15742.407643,17300.0,50.0,0.00289017,15787.774812,15787.774812,15742.407643,685.0,11909000.0,0.0,0.0,685.0,11909000.0,517.0,-517.0,0.0,0.0,8985800.0,-8985800.0,0.0,0.0
04/11/2025,15697.040474,17200.0,100.0,0.00581395,15560.938967,15697.040474,15560.938967,1011.0,17416250.0,0.0,0.0,1011.0,17416250.0,-1001.0,1001.0,0.0,0.0,-17242250.0,17242250.0,0.0,0.0
03/11/2025,15606.306136,17300.0,-100.0,-0.00578035,15697.040474,15697.040474,15606.306136,4100.0,70620000.0,0.0,0.0,4100.0,70620000.0,-1300.0,1300.0,0.0,0.0,-22450000.0,22450000.0,0.0,0.0
31/10/2025,15697.040474,17550.0,-250.0,-0.01424501,15878.50915,15878.50915,15606.306136,1200.0,20800000.0,0.0,0.0,1200.0,20800000.0,-600.0,600.0,0.0,0.0,-10460000.0,10460000.0,0.0,0.0
30/10/2025,15923.876319,17650.0,-100.0,-0.00566572,15697.040474,15923.876319,15697.040474,3201.0,55402300.0,0.0,0.0,3201.0,55402300.0,-2300.0,2300.0,0.0,0.0,-39790000.0,39790000.0,0.0,0.0
29/10/2025,16014.610657,17850.0,-200.0,-0.01120448,16059.977826,16059.977826,16014.610657,222.0,3924850.0,0.0,0.0,222.0,3924850.0,-17.0,17.0,0.0,0.0,-301150.0,301150.0,0.0,0.0
28/10/2025,16196.079333,17850.0,0.0,0.0,16196.079333,16196.079333,16196.079333,0.0,0.0,0.0,0.0,0.0,0.0,0.0,0.0,0.0,0.0,0.0,0.0,0.0,0.0
27/10/2025,16196.079333,17900.0,-50.0,-0.0027933,15515.571798,16196.079333,15515.571798,2100.0,35985000.0,0.0,0.0,2100.0,35985000.0,-2000.0,2000.0,0.0,0.0,-34200000.0,34200000.0,0.0,0.0
24/10/2025,16241.446502,17900.0,0.0,0.0,16740.485361,16740.485361,15107.267277,6500.0,111335000.0,0.0,0.0,6500.0,111335000.0,3700.0,-3700.0,0.0,0.0,62365000.0,-62365000.0,0.0,0.0
23/10/2025,16241.446502,17950.0,-50.0,-0.00278552,16241.446502,16241.446502,16241.446502,200.0,3580000.0,0.0,0.0,200.0,3580000.0,200.0,-200.0,0.0,0.0,3580000.0,-3580000.0,0.0,0.0
22/10/2025,16286.813671,17950.0,0.0,0.0,16286.813671,16286.813671,16286.813671,200.0,3590000.0,0.0,0.0,200.0,3590000.0,0.0,0.0,0.0,0.0,0.0,0.0,0.0,0.0
21/10/2025,16286.813671,18250.0,-300.0,-0.01643836,16332.18084,16332.18084,16286.813671,617.0,11088650.0,0.0,0.0,617.0,11088650.0,-290.0,90.0,0.0,200.0,-5222000.0,1632000.0,0.0,3590000.0
20/10/2025,16559.016685,17550.0,700.0,0.03988604,15923.876319,16559.016685,15923.876319,1301.0,23002800.0,0.0,0.0,1301.0,23002800.0,-999.0,999.0,0.0,0.0,-17532200.0,17532200.0,0.0,0.0
17/10/2025,15923.876319,18350.0,-800.0,-0.04359673,16649.751023,16649.751023,15923.876319,5820.0,106391600.0,0.0,0.0,5820.0,106391600.0,3.0,-3.0,0.0,0.0,130050.0,-130050.0,0.0,0.0
16/10/2025,16649.751023,17500.0,850.0,0.04857143,16649.751023,16649.751023,16332.18084,401.0,7287800.0,0.0,0.0,401.0,7287800.0,1.0,-1.0,0.0,0.0,17800.0,-17800.0,0.0,0.0
15/10/2025,15878.50915,18300.0,-800.0,-0.04371585,16604.383854,16604.383854,15878.50915,1500.0,26330000.0,0.0,0.0,1500.0,26330000.0,-1300.0,1300.0,0.0,0.0,-22750000.0,22750000.0,0.0,0.0
14/10/2025,16604.383854,17500.0,800.0,0.04571429,16695.118192,16695.118192,16604.383854,760.0,13887000.0,0.0,0.0,760.0,13887000.0,501.0,-501.0,0.0,0.0,9167500.0,-9167500.0,0.0,0.0
13/10/2025,15878.50915,17500.0,0.0,0.0,15878.50915,15878.50915,15878.50915,5560.0,97300000.0,0.0,0.0,5560.0,97300000.0,-5001.0,5001.0,0.0,0.0,-87517500.0,87517500.0,0.0,0.0
10/10/2025,15878.50915,17500.0,0.0,0.0,15969.243488,15969.243488,15878.50915,4423.0,77449400.0,0.0,0.0,4423.0,77449400.0,420.0,-420.0,0.0,0.0,7350000.0,-7350000.0,0.0,0.0
09/10/2025,15878.50915,18500.0,-1000.0,-0.05405405,15923.876319,15923.876319,15878.50915,700.0,12255000.0,0.0,0.0,700.0,12255000.0,-200.0,200.0,0.0,0.0,-3505000.0,3505000.0,0.0,0.0
08/10/2025,16785.85253,18650.0,-150.0,-0.0080429,16785.85253,16785.85253,16785.85253,1200.0,22200000.0,0.0,0.0,1200.0,22200000.0,-200.0,200.0,0.0,0.0,-3700000.0,3700000.0,0.0,0.0
07/10/2025,16921.954037,18650.0,0.0,0.0,16921.954037,16921.954037,16921.954037,1226.0,22863650.0,0.0,0.0,1226.0,22863650.0,1100.0,-1100.0,0.0,0.0,20515001.0,-20515000.0,0.0,0.0
06/10/2025,16921.954037,18650.0,0.0,0.0,16921.954037,16921.954037,16921.954037,1.0,18600.0,0.0,0.0,1.0,18600.0,0.0,0.0,0.0,0.0,0.0,0.0,0.0,0.0
03/10/2025,16921.954037,18650.0,0.0,0.0,16921.954037,16921.954037,16921.954037,0.0,0.0,0.0,0.0,0.0,0.0,0.0,0.0,0.0,0.0,0.0,0.0,0.0,0.0
02/10/2025,16921.954037,18700.0,-50.0,-0.0027,16967.321206,16967.321206,16921.954037,910.0,16987000.0,0.0,0.0,910.0,16987000.0,608.0,-508.0,0.0,-100.0,11349601.0,-9484600.0,0.0,-1865000.0
01/10/2025,16967.321206,18400.0,300.0,0.01630435,16876.586868,16967.321206,16876.586868,3226.0,60287600.0,0.0,0.0,3226.0,60287600.0,72.0,-72.0,0.0,0.0,1327801.0,-1327800.0,0.0,0.0
30/09/2025,16695.118192,18400.0,0.0,0.0,16695.118192,16695.118192,16695.118192,2700.0,49680000.0,0.0,0.0,2700.0,49680000.0,2200.0,-2200.0,0.0,0.0,40480000.0,-40480000.0,0.0,0.0
29/09/2025,16695.118192,18200.0,200.0,0.01098901,16513.649516,16695.118192,16513.649516,1436.0,26140800.0,0.0,0.0,1436.0,26140800.0,-574.0,574.0,0.0,0.0,-10477200.0,10477200.0,0.0,0.0
26/09/2025,16513.649516,18200.0,0.0,0.0,16513.649516,16513.649516,16513.649516,4054.0,73747050.0,0.0,0.0,4054.0,73747050.0,-2251.0,2253.0,0.0,-2.0,-41000351.0,41034350.0,0.0,-34300.0
25/09/2025,16513.649516,18000.0,200.0,0.01111111,16559.016685,16559.016685,16513.649516,1400.0,25485000.0,0.0,0.0,1400.0,25485000.0,-200.0,200.0,0.0,0.0,-3640000.0,3640000.0,0.0,0.0
24/09/2025,16332.18084,18000.0,0.0,0.0,16332.18084,16332.18084,16332.18084,414.0,7442750.0,0.0,0.0,414.0,7442750.0,407.0,-407.0,0.0,0.0,7323350.0,-7323350.0,0.0,0.0
23/09/2025,16332.18084,17550.0,450.0,0.02564103,16332.18084,16332.18084,16332.18084,427.0,7678050.0,0.0,0.0,427.0,7678050.0,0.0,0.0,0.0,0.0,0.0,0.0,0.0,0.0
22/09/2025,15923.876319,17550.0,0.0,0.0,15923.876319,15923.876319,15923.876319,227.0,3911450.0,0.0,0.0,227.0,3911450.0,-98.0,98.0,0.0,0.0,-1654800.0,1654800.0,0.0,0.0
19/09/2025,15923.876319,18100.0,-550.0,-0.03038674,16377.548009,16377.548009,15923.876319,315.0,5633500.0,0.0,0.0,315.0,5633500.0,0.0,0.0,0.0,0.0,0.0,0.0,0.0,0.0
18/09/2025,16422.915178,18500.0,-400.0,-0.02162162,15742.407643,16422.915178,15742.407643,701.0,12237500.0,0.0,0.0,701.0,12237500.0,-501.0,501.0,0.0,0.0,-8617500.0,8617500.0,0.0,0.0
17/09/2025,16785.85253,17900.0,600.0,0.03351955,16740.485361,16785.85253,16740.485361,1925.0,35505500.0,0.0,0.0,1925.0,35505500.0,395.0,-395.0,0.0,0.0,7275500.0,-7275500.0,0.0,0.0
16/09/2025,16241.446502,17900.0,0.0,0.0,16241.446502,16241.446502,16241.446502,0.0,0.0,0.0,0.0,0.0,0.0,0.0,0.0,0.0,0.0,0.0,0.0,0.0,0.0
15/09/2025,16241.446502,17450.0,450.0,0.02578797,15969.243488,16241.446502,15969.243488,810.0,14304500.0,0.0,0.0,810.0,14304500.0,700.0,-800.0,0.0,100.0,12369500.0,-14129500.0,0.0,1760000.0
12/09/2025,15833.141981,17350.0,100.0,0.00576369,15833.141981,15833.141981,15833.141981,115.0,2009500.0,0.0,0.0,115.0,2009500.0,114.0,-114.0,0.0,0.0,1991800.0,-1991800.0,0.0,0.0
11/09/2025,15742.407643,17800.0,-450.0,-0.0252809,15697.040474,15742.407643,15697.040474,3901.0,67543300.0,0.0,0.0,3901.0,67543300.0,-2201.0,2201.0,0.0,0.0,-38133301.0,38133300.0,0.0,0.0
10/09/2025,16150.712164,17350.0,450.0,0.0259366,15969.243488,16332.18084,15969.243488,10400.0,186020000.0,0.0,0.0,10400.0,186020000.0,7200.0,-7200.0,0.0,0.0,128620000.0,-128620000.0,0.0,0.0
09/09/2025,15742.407643,17600.0,-250.0,-0.01420455,15969.243488,15969.243488,15742.407643,6010.0,104818600.0,0.0,0.0,6010.0,104818600.0,-1490.0,1490.0,0.0,0.0,-25456400.0,25456400.0,0.0,0.0
08/09/2025,15969.243488,18050.0,-450.0,-0.02493075,15515.571798,15969.243488,15515.571798,6502.0,113456450.0,0.0,0.0,6502.0,113456450.0,-4799.0,4599.0,0.0,200.0,-83661800.0,80141800.0,0.0,3520000.0
05/09/2025,16377.548009,18050.0,0.0,0.0,16332.18084,16377.548009,16286.813671,4809.0,86536850.0,0.0,0.0,4809.0,86536850.0,2991.0,-2591.0,0.0,-400.0,53853150.0,-46648150.0,0.0,-7205000.0
04/09/2025,16377.548009,18100.0,-50.0,-0.00276243,16422.915178,16422.915178,15424.83746,18617.0,324682700.0,0.0,0.0,18617.0,324682700.0,1983.0,-2083.0,0.0,100.0,34717300.0,-36527300.0,0.0,1810000.0
03/09/2025,16422.915178,18200.0,-100.0,-0.00549451,16513.649516,16513.649516,15878.50915,969.0,17249100.0,0.0,0.0,969.0,17249100.0,-39.0,539.0,0.0,-500.0,-778799.0,9528800.0,0.0,-8750000.0
29/08/2025,16513.649516,18200.0,0.0,0.0,16513.649516,16785.85253,16513.649516,3705.0,67481000.0,0.0,0.0,3705.0,67481000.0,-900.0,900.0,0.0,0.0,-16350000.0,16350000.0,0.0,0.0
28/08/2025,16513.649516,18200.0,0.0,0.0,16513.649516,16513.649516,16513.649516,3100.0,56420000.0,0.0,0.0,3100.0,56420000.0,2700.0,-2700.0,0.0,0.0,49140000.0,-49140000.0,0.0,0.0
27/08/2025,16513.649516,18150.0,50.0,0.00275482,16468.282347,17511.727234,16468.282347,2507.0,46835000.0,0.0,0.0,2507.0,46835000.0,-901.0,1001.0,0.0,-100.0,-17507801.0,19337800.0,0.0,-1830000.0
26/08/2025,16468.282347,17000.0,1150.0,0.06764706,15606.306136,16468.282347,15606.306136,11856.0,214685200.0,0.0,0.0,11856.0,214685200.0,1126.0,-1126.0,0.0,0.0,20538750.0,-20538750.0,0.0,0.0
25/08/2025,15424.83746,17000.0,0.0,0.0,15288.735953,15878.50915,15288.735953,2406.0,41095600.0,0.0,0.0,2406.0,41095600.0,-1400.0,-100.0,0.0,1500.0,-23775000.0,-1825000.0,0.0,25600000.0
22/08/2025,15424.83746,17700.0,-700.0,-0.03954802,15969.243488,16059.977826,15424.83746,3314.0,57233500.0,0.0,0.0,3314.0,57233500.0,-186.0,-314.0,0.0,500.0,-3316500.0,-5483500.0,0.0,8800000.0
21/08/2025,16060.703700704,19700.0,-1200.0,-0.06091371,17102.4790758848,17189.2936904832,15930.4817788064,3017.0,58279700.0,0.0,0.0,3017.0,58279700.0,-483.0,383.0,0.0,100.0,-9150300.0,7260300.0,0.0,1890000.0
20/08/2025,17102.4790758848,19750.0,-50.0,-0.00253165,17362.92291968,17362.92291968,17102.4790758848,10729.0,212149700.0,0.0,0.0,10729.0,212149700.0,-500.0,4200.0,0.0,-3700.0,-9885000.0,83155000.0,0.0,-73270000.0
19/08/2025,17145.886383184,19200.0,550.0,0.02864583,17362.92291968,17362.92291968,17015.6644612864,10624.0,210218550.0,0.0,0.0,10624.0,210218550.0,5483.0,-5483.0,0.0,0.0,108520051.0,-108520050.0,0.0,0.0
18/08/2025,16668.4060028928,19200.0,0.0,0.0,17362.92291968,17362.92291968,16668.4060028928,5682.0,112408200.0,0.0,0.0,5682.0,112408200.0,1675.0,-1675.0,0.0,0.0,33185800.0,-33185800.0,0.0,0.0
15/08/2025,16668.4060028928,18450.0,750.0,0.04065041,16060.703700704,17102.4790758848,16060.703700704,9738.0,187296400.0,0.0,0.0,9738.0,187296400.0,2597.0,-2397.0,0.0,-200.0,50256950.0,-46421950.0,0.0,-3835000.0
14/08/2025,16017.2963934048,18300.0,150.0,0.00819672,16234.3329299008,16234.3329299008,16017.2963934048,2272.0,41977000.0,0.0,0.0,2272.0,41977000.0,-900.0,1000.0,0.0,-100.0,-16550000.0,18400000.0,0.0,-1850000.0
13/08/2025,15887.0744715072,18600.0,-300.0,-0.01612903,16147.5183153024,16234.3329299008,15887.0744715072,13900.0,257975000.0,0.0,0.0,13900.0,257975000.0,200.0,-200.0,0.0,0.0,3690000.0,-3690000.0,0.0,0.0
12/08/2025,16147.5183153024,18300.0,300.0,0.01639344,15887.0744715072,16147.5183153024,15887.0744715072,11910.0,218755250.0,0.0,0.0,11910.0,218755250.0,100.0,-400.0,0.0,300.0,1860000.0,-7380000.0,0.0,5520000.0
11/08/2025,15887.0744715072,18000.0,300.0,0.01666667,16234.3329299008,16234.3329299008,15496.4087058144,9600.0,172875000.0,0.0,0.0,9600.0,172875000.0,100.0,-100.0,0.0,0.0,1795000.0,-1795000.0,0.0,0.0
08/08/2025,15626.630627712,18300.0,-300.0,-0.01639344,15626.630627712,15626.630627712,15409.594091216,3800.0,67920000.0,0.0,0.0,3800.0,67920000.0,-1200.0,1200.0,0.0,0.0,-21580000.0,21580000.0,0.0,0.0
07/08/2025,15887.0744715072,18300.0,0.0,0.0,16277.7402372,16277.7402372,15279.3721693184,2003.0,36784900.0,0.0,0.0,2003.0,36784900.0,802.0,-802.0,0.0,0.0,14676600.0,-14676600.0,0.0,0.0
06/08/2025,15887.0744715072,18300.0,0.0,0.0,15887.0744715072,15973.8890861056,15800.2598569088,6397.0,116973600.0,0.0,0.0,6397.0,116973600.0,137.0,-37.0,0.0,-100.0,2507100.0,-677100.0,0.0,-1830000.0
05/08/2025,15887.0744715072,17800.0,500.0,0.02808989,15626.630627712,15887.0744715072,15453.0013985152,6414.0,115622000.0,0.0,0.0,6414.0,115622000.0,-2314.0,2314.0,0.0,0.0,-41757000.0,41757000.0,0.0,0.0
04/08/2025,15453.0013985152,17700.0,100.0,0.00564972,15366.1867839168,15453.0013985152,15366.1867839168,5454.0,96895800.0,0.0,0.0,5454.0,96895800.0,-140.0,140.0,0.0,0.0,-2438000.0,2438000.0,0.0,0.0
01/08/2025,15366.1867839168,17700.0,0.0,0.0,16017.2963934048,16017.2963934048,15366.1867839168,2836.0,50274700.0,0.0,0.0,2836.0,50274700.0,-203.0,203.0,0.0,0.0,-3593100.0,3593100.0,0.0,0.0
31/07/2025,15366.1867839168,17800.0,-100.0,-0.00561798,16104.1110080032,16104.1110080032,15279.3721693184,1400.0,25385000.0,0.0,0.0,1400.0,25385000.0,-800.0,300.0,0.0,500.0,-14390000.0,5290000.0,0.0,9100000.0
30/07/2025,15453.0013985152,17550.0,250.0,0.01424501,16190.9256226016,16190.9256226016,15192.55755472,2880.0,51308500.0,0.0,0.0,2880.0,51308500.0,200.0,-700.0,0.0,500.0,3480000.0,-12750000.0,0.0,9270000.0
29/07/2025,15235.9648620192,17550.0,0.0,0.0,16277.7402372,16277.7402372,14845.2990963264,15509.0,276940350.0,0.0,0.0,15509.0,276940350.0,4200.0,-4200.0,0.0,0.0,72510000.0,-72510000.0,0.0,0.0
28/07/2025,15235.9648620192,17500.0,50.0,0.00285714,15192.55755472,15453.0013985152,15192.55755472,3000.0,52790000.0,0.0,0.0,3000.0,52790000.0,1600.0,-1600.0,0.0,0.0,28240000.0,-28240000.0,0.0,0.0
25/07/2025,15192.55755472,17500.0,0.0,0.0,15192.55755472,15192.55755472,14758.484481728,14900.0,259955000.0,0.0,0.0,14900.0,259955000.0,-5700.0,5700.0,0.0,0.0,-100145000.0,100145000.0,0.0,0.0
24/07/2025,15192.55755472,17450.0,50.0,0.00286533,15235.9648620192,15235.9648620192,15105.7429401216,4200.0,73480000.0,0.0,0.0,4200.0,73480000.0,-500.0,-400.0,0.0,900.0,-8760000.0,-6960000.0,0.0,15720000.0
23/07/2025,15149.1502474208,17350.0,100.0,0.00576369,15149.1502474208,15322.7794766176,15149.1502474208,6210.0,108544750.0,0.0,0.0,6210.0,108544750.0,-505.0,505.0,0.0,0.0,-8782500.0,8782500.0,0.0,0.0
22/07/2025,15062.3356328224,17400.0,-50.0,-0.00287356,15062.3356328224,15105.7429401216,14671.6698671296,3500.0,59565000.0,0.0,0.0,3500.0,59565000.0,-1800.0,1800.0,0.0,0.0,-30520000.0,30520000.0,0.0,0.0
21/07/2025,15105.7429401216,17400.0,0.0,0.0,15105.7429401216,15105.7429401216,15018.9283255232,3002.0,51969200.0,0.0,0.0,3002.0,51969200.0,-199.0,-101.0,0.0,300.0,-3472900.0,-1747100.0,0.0,5220000.0
18/07/2025,15105.7429401216,17400.0,0.0,0.0,15105.7429401216,15105.7429401216,14758.484481728,8600.0,148095000.0,0.0,0.0,8600.0,148095000.0,-1700.0,1700.0,0.0,0.0,-29095000.0,29095000.0,0.0,0.0
17/07/2025,15105.7429401216,17150.0,250.0,0.01457726,14888.7064036256,15105.7429401216,14888.7064036256,5800.0,100685000.0,0.0,0.0,5800.0,100685000.0,-1600.0,1600.0,0.0,0.0,-27690000.0,27690000.0,0.0,0.0
16/07/2025,14888.7064036256,17350.0,-200.0,-0.01152738,15018.9283255232,15062.3356328224,14888.7064036256,2700.0,46515000.0,0.0,0.0,2700.0,46515000.0,1100.0,-1100.0,0.0,0.0,18985000.0,-18985000.0,0.0,0.0
15/07/2025,15062.3356328224,17800.0,-450.0,-0.0252809,15453.0013985152,15453.0013985152,14888.7064036256,6105.0,106866500.0,0.0,0.0,6105.0,106866500.0,-400.0,400.0,0.0,0.0,-6595000.0,6595000.0,0.0,0.0
14/07/2025,15453.0013985152,17200.0,600.0,0.03488372,15973.8890861056,15973.8890861056,15453.0013985152,3101.0,55843400.0,0.0,0.0,3101.0,55843400.0,2300.0,-2300.0,0.0,0.0,41385000.0,-41385000.0,0.0,0.0
11/07/2025,14932.1137109248,17050.0,150.0,0.00879765,14845.2990963264,14975.521018224,14845.2990963264,16700.0,286265000.0,0.0,0.0,16700.0,286265000.0,-2900.0,2900.0,0.0,0.0,-49815000.0,49815000.0,0.0,0.0
10/07/2025,14801.8917890272,17050.0,0.0,0.0,14801.8917890272,14801.8917890272,14758.484481728,1014.0,17298200.0,0.0,0.0,1014.0,17298200.0,-210.0,210.0,0.0,0.0,-3592000.0,3592000.0,0.0,0.0
09/07/2025,14801.8917890272,17150.0,-100.0,-0.0058309,14975.521018224,15018.9283255232,14801.8917890272,3102.0,53149600.0,0.0,0.0,3102.0,53149600.0,-100.0,100.0,-2.0,0.0,-1650000.0,1650000.0,-35000.0,0.0
08/07/2025,14888.7064036256,17200.0,-50.0,-0.00290698,15192.55755472,15192.55755472,14888.7064036256,6200.0,107485000.0,0.0,0.0,6200.0,107485000.0,-1500.0,1500.0,0.0,0.0,-25780000.0,25780000.0,0.0,0.0
07/07/2025,14932.1137109248,17000.0,200.0,0.01176471,14932.1137109248,14932.1137109248,14715.0771744288,1400.0,23875000.0,0.0,0.0,1400.0,23875000.0,-500.0,500.0,0.0,0.0,-8540000.0,8540000.0,0.0,0.0
04/07/2025,14758.484481728,17200.0,-200.0,-0.01162791,14758.484481728,14758.484481728,14758.484481728,300.0,5100000.0,0.0,0.0,300.0,5100000.0,-300.0,300.0,0.0,0.0,-5100000.0,5100000.0,0.0,0.0
03/07/2025,14932.1137109248,17200.0,0.0,0.0,14932.1137109248,14932.1137109248,14932.1137109248,1300.0,22360000.0,0.0,0.0,1300.0,22360000.0,-100.0,100.0,0.0,0.0,-1720000.0,1720000.0,0.0,0.0
02/07/2025,14932.1137109248,17000.0,200.0,0.01176471,14758.484481728,14932.1137109248,14758.484481728,1200.0,20420000.0,0.0,0.0,1200.0,20420000.0,-1200.0,100.0,0.0,1100.0,-20420000.0,1720000.0,0.0,18700000.0
01/07/2025,14758.484481728,17250.0,-250.0,-0.01449275,14801.8917890272,14801.8917890272,14758.484481728,3300.0,56130000.0,0.0,0.0,3300.0,56130000.0,1900.0,-2800.0,0.0,900.0,32295000.0,-47625000.0,0.0,15330000.0
30/06/2025,14975.521018224,17300.0,-50.0,-0.00289017,14975.521018224,14975.521018224,14975.521018224,100.0,1725000.0,0.0,0.0,100.0,1725000.0,0.0,0.0,0.0,0.0,0.0,0.0,0.0,0.0
27/06/2025,15018.9283255232,17450.0,-150.0,-0.00859599,15105.7429401216,15105.7429401216,15018.9283255232,2500.0,43430000.0,0.0,0.0,2500.0,43430000.0,100.0,-100.0,0.0,0.0,1750000.0,-1750000.0,0.0,0.0
26/06/2025,15149.1502474208,16900.0,550.0,0.03254438,14671.6698671296,15192.55755472,14671.6698671296,700.0,12065000.0,0.0,0.0,700.0,12065000.0,-100.0,100.0,0.0,0.0,-1635000.0,1635000.0,0.0,0.0
25/06/2025,14671.6698671296,16850.0,50.0,0.00296736,14671.6698671296,14671.6698671296,14671.6698671296,4500.0,76050000.0,0.0,0.0,4500.0,76050000.0,-3900.0,3900.0,0.0,0.0,-65910000.0,65910000.0,0.0,0.0
24/06/2025,14628.2625598304,17450.0,-600.0,-0.03438395,15149.1502474208,15149.1502474208,14628.2625598304,4100.0,70135000.0,0.0,0.0,4100.0,70135000.0,2900.0,-2900.0,0.0,0.0,49285000.0,-49285000.0,0.0,0.0
23/06/2025,15149.1502474208,17500.0,-50.0,-0.00285714,15192.55755472,15279.3721693184,15062.3356328224,5200.0,90580000.0,0.0,0.0,5200.0,90580000.0,4600.0,-4600.0,0.0,0.0,80130000.0,-80130000.0,0.0,0.0
20/06/2025,15192.55755472,17000.0,500.0,0.02941176,14758.484481728,15192.55755472,14628.2625598304,5200.0,88980000.0,0.0,0.0,5200.0,88980000.0,-800.0,800.0,0.0,0.0,-14120000.0,14120000.0,0.0,0.0
19/06/2025,14758.484481728,17000.0,0.0,0.0,14845.2990963264,14845.2990963264,14758.484481728,300.0,5120000.0,0.0,0.0,300.0,5120000.0,100.0,-200.0,0.0,100.0,1700000.0,-3410000.0,0.0,1710000.0
18/06/2025,14758.484481728,17850.0,-850.0,-0.04761905,15192.55755472,15192.55755472,14758.484481728,800.0,13950000.0,0.0,0.0,800.0,13950000.0,100.0,-100.0,0.0,0.0,1750000.0,-1750000.0,0.0,0.0
17/06/2025,15496.4087058144,16950.0,900.0,0.05309735,14715.0771744288,15496.4087058144,14715.0771744288,3200.0,54420000.0,0.0,0.0,3200.0,54420000.0,600.0,-600.0,0.0,0.0,9990000.0,-9990000.0,0.0,0.0
16/06/2025,14715.0771744288,16950.0,0.0,0.0,14715.0771744288,14715.0771744288,14715.0771744288,202.0,3423900.0,0.0,0.0,202.0,3423900.0,-2.0,2.0,0.0,0.0,-33000.0,33000.0,0.0,0.0
13/06/2025,14715.0771744288,16900.0,50.0,0.00295858,14671.6698671296,14758.484481728,14671.6698671296,1001.0,16962300.0,0.0,0.0,1001.0,16962300.0,100.0,-400.0,0.0,300.0,1695000.0,-6795000.0,0.0,5100000.0
12/06/2025,14671.6698671296,17100.0,-200.0,-0.01169591,15018.9283255232,15018.9283255232,14671.6698671296,400.0,6840000.0,0.0,0.0,400.0,6840000.0,0.0,-100.0,0.0,100.0,20000.0,-1750000.0,0.0,1730000.0
11/06/2025,14845.2990963264,17100.0,0.0,0.0,14845.2990963264,14845.2990963264,14845.2990963264,1.0,17100.0,0.0,0.0,1.0,17100.0,1.0,-1.0,0.0,0.0,17000.0,-17000.0,0.0,0.0
10/06/2025,14845.2990963264,16900.0,200.0,0.01183432,14758.484481728,14888.7064036256,14758.484481728,2500.0,42755000.0,0.0,0.0,2500.0,42755000.0,200.0,-200.0,0.0,0.0,3395000.0,-3395000.0,0.0,0.0
09/06/2025,14671.6698671296,17000.0,-100.0,-0.00588235,15192.55755472,15192.55755472,14671.6698671296,900.0,15400000.0,0.0,0.0,900.0,15400000.0,600.0,-600.0,0.0,0.0,10230000.0,-10230000.0,0.0,0.0
06/06/2025,14758.484481728,17000.0,0.0,0.0,14758.484481728,14758.484481728,14584.8552525312,4302.0,72541300.0,0.0,0.0,4302.0,72541300.0,-900.0,900.0,0.0,0.0,-14940000.0,14940000.0,0.0,0.0
05/06/2025,14758.484481728,17000.0,0.0,0.0,15192.55755472,15192.55755472,14758.484481728,3100.0,53310000.0,0.0,0.0,3100.0,53310000.0,1400.0,-1400.0,0.0,0.0,24300000.0,-24300000.0,0.0,0.0
04/06/2025,14758.484481728,17000.0,0.0,0.0,15539.8160131136,15539.8160131136,14758.484481728,1201.0,20987900.0,0.0,0.0,1201.0,20987900.0,-900.0,900.0,0.0,0.0,-15700000.0,15700000.0,0.0,0.0
03/06/2025,14758.484481728,16900.0,100.0,0.00591716,14758.484481728,15192.55755472,14758.484481728,2804.0,47719500.0,0.0,0.0,2804.0,47719500.0,2200.0,-2200.0,0.0,0.0,37400001.0,-37400000.0,0.0,0.0
02/06/2025,14671.6698671296,17750.0,-850.0,-0.04788732,15366.1867839168,15366.1867839168,14671.6698671296,16300.0,275670000.0,0.0,0.0,16300.0,275670000.0,4300.0,11900.0,0.0,-16200.0,72770000.0,201130000.0,0.0,-273900000.0
30/05/2025,15409.594091216,17150.0,600.0,0.03498542,15930.4817788064,15930.4817788064,15409.594091216,400.0,7210000.0,0.0,0.0,400.0,7210000.0,-200.0,200.0,0.0,0.0,-3610000.0,3610000.0,0.0,0.0
29/05/2025,14888.7064036256,17050.0,100.0,0.0058651,14932.1137109248,14932.1137109248,14888.7064036256,501.0,8602100.0,0.0,0.0,501.0,8602100.0,200.0,-200.0,0.0,0.0,3440000.0,-3440000.0,0.0,0.0
28/05/2025,14801.8917890272,17600.0,-550.0,-0.03125,15279.3721693184,15279.3721693184,14801.8917890272,2100.0,36905000.0,0.0,0.0,2100.0,36905000.0,1900.0,-1900.0,0.0,0.0,33495000.0,-33495000.0,0.0,0.0
27/05/2025,15279.3721693184,17300.0,300.0,0.01734104,15018.9283255232,15279.3721693184,14975.521018224,1507.0,26302900.0,0.0,0.0,1507.0,26302900.0,-501.0,501.0,0.0,0.0,-8667601.0,8667600.0,0.0,0.0
26/05/2025,15018.9283255232,17500.0,-200.0,-0.01142857,15279.3721693184,15279.3721693184,15018.9283255232,502.0,8734200.0,0.0,0.0,502.0,8734200.0,-100.0,100.0,0.0,0.0,-1730000.0,1730000.0,0.0,0.0
23/05/2025,15192.55755472,17500.0,0.0,0.0,15279.3721693184,15279.3721693184,15192.55755472,700.0,12265000.0,0.0,0.0,700.0,12265000.0,-300.0,300.0,0.0,0.0,-5235000.0,5235000.0,0.0,0.0
22/05/2025,15192.55755472,17950.0,-450.0,-0.02506964,15539.8160131136,15539.8160131136,14932.1137109248,5204.0,91831400.0,0.0,0.0,5204.0,91831400.0,-3598.0,3598.0,-2.0,0.0,-63765000.0,63765000.0,-35000.0,0.0
20/05/2025,14628.2625598304,17000.0,-150.0,-0.00882353,14758.484481728,14758.484481728,14628.2625598304,1200.0,20385000.0,0.0,0.0,1200.0,20385000.0,-500.0,500.0,0.0,0.0,-8500000.0,8500000.0,0.0,0.0
19/05/2025,14758.484481728,17600.0,-600.0,-0.03409091,14758.484481728,14758.484481728,14758.484481728,200.0,3400000.0,0.0,0.0,200.0,3400000.0,200.0,-200.0,0.0,0.0,3400000.0,-3400000.0,0.0,0.0
16/05/2025,15279.3721693184,17500.0,100.0,0.00571429,15018.9283255232,15279.3721693184,14150.7821795392,12500.0,208520000.0,0.0,0.0,12500.0,208520000.0,-1400.0,1400.0,0.0,0.0,-23010000.0,23010000.0,0.0,0.0
15/05/2025,15192.55755472,17400.0,100.0,0.00574713,15279.3721693184,15279.3721693184,15192.55755472,3800.0,66510000.0,0.0,0.0,3800.0,66510000.0,700.0,-700.0,0.0,0.0,12240000.0,-12240000.0,0.0,0.0
13/05/2025,15106.2551463477,18500.0,-600.0,-0.03243243,15570.4138240288,15570.4138240288,15021.8626594966,917.0,16607800.0,0.0,0.0,917.0,16607800.0,-14.0,14.0,0.0,0.0,-407600.0,407600.0,0.0,0.0
12/05/2025,15612.6100674544,17950.0,550.0,0.03064067,15612.6100674544,15612.6100674544,15612.6100674544,721.0,13338500.0,0.0,0.0,721.0,13338500.0,495.0,-495.0,0.0,0.0,9157500.0,-9157500.0,0.0,0.0
09/05/2025,15148.4513897733,18500.0,-550.0,-0.02972973,14810.8814423689,15190.6476331988,14768.6851989433,1600.0,28555000.0,0.0,0.0,1600.0,28555000.0,-400.0,100.0,0.0,300.0,-7415000.0,2015000.0,0.0,5400000.0
08/05/2025,15612.6100674544,18550.0,-50.0,-0.00269542,15612.6100674544,15612.6100674544,15612.6100674544,210.0,3885500.0,0.0,0.0,210.0,3885500.0,200.0,-200.0,0.0,0.0,3700000.0,-3700000.0,0.0,0.0
07/05/2025,15654.8063108799,18600.0,-50.0,-0.00268817,15190.6476331988,15654.8063108799,15190.6476331988,1207.0,22280200.0,0.0,0.0,1207.0,22280200.0,500.0,-700.0,0.0,200.0,9275000.0,-12875000.0,0.0,3600000.0
06/05/2025,15697.0025543055,18000.0,600.0,0.03333333,15190.6476331988,15697.0025543055,15190.6476331988,1932.0,35136000.0,0.0,0.0,1932.0,35136000.0,-568.0,568.0,0.0,0.0,-10524000.0,10524000.0,0.0,0.0
29/04/2025,15190.6476331988,18000.0,0.0,0.0,15190.6476331988,15190.6476331988,15190.6476331988,1200.0,21600000.0,0.0,0.0,1200.0,21600000.0,-200.0,200.0,0.0,0.0,-3600000.0,3600000.0,0.0,0.0
17/04/2025,15401.6288503266,17100.0,1150.0,0.06725146,14431.1152515389,15401.6288503266,14431.1152515389,1001.0,17733250.0,0.0,0.0,1001.0,17733250.0,100.0,-100.0,0.0,0.0,1710000.0,-1710000.0,0.0,0.0
09/04/2025,13755.9753567301,17500.0,-1200.0,-0.06857143,13755.9753567301,13755.9753567301,13755.9753567301,129.0,2129100.0,0.0,0.0,129.0,2129100.0,20.0,0.0,0.0,-20.0,341600.0,0.0,0.0,-341600.0
08/04/2025,14768.6851989433,18000.0,-500.0,-0.02777778,15190.6476331988,15190.6476331988,14768.6851989433,500.0,8850000.0,0.0,0.0,500.0,8850000.0,300.0,0.0,0.0,-300.0,5250000.0,0.0,0.0,-5250000.0
04/04/2025,15190.6476331988,18000.0,0.0,0.0,15190.6476331988,15190.6476331988,15190.6476331988,1502.0,27035900.0,0.0,0.0,1502.0,27035900.0,-900.0,0.0,0.0,900.0,-16200000.0,0.0,0.0,16200000.0
31/03/2025,15823.1693221478,19500.0,-250.0,-0.01282051,15535.4753344724,16028.6650276303,14918.9882180251,3500.0,64380000.0,0.0,0.0,3500.0,64380000.0,-100.0,100.0,0.0,0.0,-1950000.0,1950000.0,0.0,0.0
25/03/2025,16850.6478495601,20500.0,0.0,0.0,17138.3418372354,17138.3418372354,16850.6478495601,400.0,8235000.0,0.0,0.0,400.0,8235000.0,-300.0,0.0,0.0,300.0,-6150000.0,0.0,0.0,6150000.0
14/03/2025,16973.9452728495,20800.0,-150.0,-0.00721154,15905.3676043408,16973.9452728495,15905.3676043408,588.0,12035750.0,0.0,0.0,588.0,12035750.0,100.0,-100.0,0.0,0.0,1935000.0,-1935000.0,0.0,0.0
10/03/2025,16439.6564385952,19600.0,400.0,0.02040816,16110.8633098233,16768.4495673671,16110.8633098233,1705.0,34180000.0,0.0,0.0,1705.0,34180000.0,100.0,0.0,0.0,-100.0,1960000.0,0.0,0.0,-1960000.0
05/03/2025,15371.0787700865,19500.0,-800.0,-0.04102564,15288.8804878935,15453.2770522794,15288.8804878935,1249.0,23451150.0,0.0,0.0,1249.0,23451150.0,-100.0,0.0,0.0,100.0,-1860000.0,0.0,0.0,1860000.0
28/02/2025,15617.6736166655,18700.0,300.0,0.01604278,15617.6736166655,15617.6736166655,15617.6736166655,1100.0,20900000.0,0.0,0.0,1100.0,20900000.0,-100.0,100.0,0.0,0.0,-1900000.0,1900000.0,0.0,0.0
27/02/2025,15371.0787700865,19000.0,-300.0,-0.01578947,16357.4581564022,16357.4581564022,15371.0787700865,250.0,4810000.0,0.0,0.0,250.0,4810000.0,50.0,0.0,0.0,-50.0,950000.0,0.0,0.0,-950000.0
24/02/2025,15617.6736166655,18400.0,600.0,0.0326087,15617.6736166655,15617.6736166655,15576.5744755689,1100.0,20895000.0,0.0,0.0,1100.0,20895000.0,-900.0,0.0,0.0,900.0,-17095000.0,0.0,0.0,17095000.0
19/02/2025,15206.6822057005,18500.0,0.0,0.0,15288.8804878935,15288.8804878935,15206.6822057005,3700.0,68550000.0,0.0,0.0,3700.0,68550000.0,-200.0,0.0,0.0,200.0,-3715000.0,0.0,0.0,3715000.0
18/02/2025,15206.6822057005,18300.0,200.0,0.01092896,15535.4753344724,15535.4753344724,15206.6822057005,1000.0,18610000.0,0.0,0.0,1000.0,18610000.0,-800.0,0.0,0.0,800.0,-14910000.0,0.0,0.0,14910000.0
14/02/2025,14960.0873591216,18050.0,150.0,0.00831025,15042.2856413146,15042.2856413146,14960.0873591216,1700.0,31040000.0,0.0,0.0,1700.0,31040000.0,800.0,-800.0,0.0,0.0,14640000.0,-14640000.0,0.0,0.0
12/02/2025,14877.8890769287,18100.0,0.0,0.0,15288.8804878935,15535.4753344724,14877.8890769287,5000.0,91155000.0,0.0,0.0,5000.0,91155000.0,300.0,-500.0,0.0,200.0,5490000.0,-9265000.0,0.0,3775000.0
11/02/2025,14877.8890769287,18100.0,0.0,0.0,14960.0873591216,15617.6736166655,14877.8890769287,2901.0,53039300.0,0.0,0.0,2901.0,53039300.0,1200.0,-1500.0,0.0,300.0,22100000.0,-27560000.0,0.0,5460000.0
06/02/2025,14713.4925125427,19000.0,-1100.0,-0.05789474,15617.6736166655,15617.6736166655,14713.4925125427,400.0,7490000.0,0.0,0.0,400.0,7490000.0,100.0,-100.0,0.0,0.0,1790000.0,-1790000.0,0.0,0.0
24/01/2025,15617.6736166655,19000.0,0.0,0.0,15617.6736166655,15617.6736166655,15617.6736166655,100.0,1900000.0,0.0,0.0,100.0,1900000.0,-100.0,100.0,0.0,0.0,-1900000.0,1900000.0,0.0,0.0
21/01/2025,15617.6736166655,18000.0,1000.0,0.05555556,14713.4925125427,15617.6736166655,14713.4925125427,1100.0,20430000.0,0.0,0.0,1100.0,20430000.0,-400.0,0.0,0.0,400.0,-7570000.0,0.0,0.0,7570000.0
08/01/2025,15206.6822057005,18100.0,400.0,0.02209945,15823.1693221478,15823.1693221478,15206.6822057005,400.0,7485000.0,0.0,0.0,400.0,7485000.0,100.0,-100.0,0.0,0.0,1860000.0,-1860000.0,0.0,0.0
27/12/2024,15823.1693221478,19350.0,-100.0,-0.00516796,15864.2684632444,15864.2684632444,15823.1693221478,600.0,11555000.0,0.0,0.0,600.0,11555000.0,-100.0,100.0,0.0,0.0,-1930000.0,1930000.0,0.0,0.0
23/12/2024,15206.3945117128,20200.0,-700.0,-0.03465347,15752.2650839282,15947.2188597194,14894.468470447,3504.0,69521200.0,0.0,0.0,3504.0,69521200.0,500.0,0.0,0.0,-500.0,10150000.0,0.0,0.0,-10150000.0
20/12/2024,15752.2650839282,20450.0,-250.0,-0.01222494,15596.3020632953,15752.2650839282,15596.3020632953,2812.0,56447400.0,0.0,0.0,2812.0,56447400.0,600.0,0.0,0.0,-600.0,12080000.0,0.0,0.0,-12080000.0
19/12/2024,15947.2188597194,19850.0,600.0,0.0302267,15206.3945117128,16064.1911251941,15206.3945117128,2304.0,46988200.0,0.0,0.0,2304.0,46988200.0,100.0,-100.0,0.0,0.0,1950000.0,-1950000.0,0.0,0.0
16/12/2024,15908.2281045612,19300.0,1100.0,0.05699482,15791.2558390864,16103.1818803524,15791.2558390864,8135.0,167629000.0,0.0,0.0,8135.0,167629000.0,500.0,0.0,0.0,-500.0,10325000.0,0.0,0.0,-10325000.0
11/12/2024,15869.2373494029,20350.0,0.0,0.0,15752.2650839282,15869.2373494029,15635.2928184535,682.0,13764100.0,0.0,0.0,682.0,13764100.0,600.0,0.0,0.0,-600.0,12120000.0,0.0,0.0,-12120000.0
10/12/2024,15869.2373494029,19800.0,550.0,0.02777778,14465.5701637063,15869.2373494029,14387.5886533899,13336.0,256527800.0,0.0,0.0,13336.0,256527800.0,5000.0,0.0,0.0,-5000.0,101750000.0,0.0,0.0,-101750000.0
06/12/2024,15440.3390426623,18850.0,950.0,0.05039788,15128.4130013964,15596.3020632953,15128.4130013964,7082.0,140097800.0,0.0,0.0,7082.0,140097800.0,750.0,0.0,0.0,-750.0,14607400.0,0.0,0.0,-14607400.0
28/11/2024,14816.4869601304,19000.0,0.0,0.0,14816.4869601304,14816.4869601304,14816.4869601304,101.0,1918300.0,0.0,0.0,101.0,1918300.0,-100.0,100.0,0.0,0.0,-1900001.0,1900000.0,0.0,0.0
25/11/2024,14660.5239394975,18900.0,-100.0,-0.00529101,14738.505449814,14738.505449814,14348.5978982316,3500.0,64990000.0,0.0,0.0,3500.0,64990000.0,-2700.0,0.0,0.0,2700.0,-49920000.0,0.0,0.0,49920000.0
21/11/2024,14738.505449814,18900.0,0.0,0.0,14738.505449814,14738.505449814,14738.505449814,2001.0,37818500.0,0.0,0.0,2001.0,37818500.0,-2000.0,0.0,0.0,2000.0,-37800000.0,0.0,0.0,37800000.0
20/11/2024,14738.505449814,18500.0,400.0,0.02162162,14582.542429181,14738.505449814,13646.7643053834,10225.0,183160000.0,0.0,0.0,10225.0,183160000.0,8900.0,0.0,0.0,-8900.0,159350000.0,0.0,0.0,-159350000.0
18/11/2024,14426.5794085481,18500.0,0.0,0.0,14426.5794085481,14426.5794085481,14426.5794085481,10.0,185000.0,0.0,0.0,10.0,185000.0,10.0,0.0,0.0,-10.0,185000.0,0.0,0.0,-185000.0
13/11/2024,14426.5794085481,18900.0,-400.0,-0.02116402,14426.5794085481,14426.5794085481,14426.5794085481,722.0,13340500.0,0.0,0.0,722.0,13340500.0,22.0,-22.0,-22.0,0.0,390500.0,-390500.0,-391000.0,0.0
12/11/2024,14738.505449814,18500.0,400.0,0.02162162,14738.505449814,14738.505449814,14738.505449814,1007.0,19029500.0,0.0,0.0,1007.0,19029500.0,1000.0,0.0,0.0,-1000.0,18900000.0,0.0,0.0,-18900000.0
11/11/2024,14426.5794085481,18500.0,0.0,0.0,14660.5239394975,14738.505449814,14270.6163879151,6920.0,130114000.0,0.0,0.0,6920.0,130114000.0,1300.0,0.0,0.0,-1300.0,24570000.0,0.0,0.0,-24570000.0
08/11/2024,14426.5794085481,19350.0,-850.0,-0.04392765,15089.4222462382,15089.4222462382,14426.5794085481,1520.0,28947000.0,0.0,0.0,1520.0,28947000.0,180.0,0.0,0.0,-180.0,3483000.0,0.0,0.0,-3483000.0
07/11/2024,15089.4222462382,19350.0,0.0,0.0,15089.4222462382,15089.4222462382,15089.4222462382,160.0,3027000.0,0.0,0.0,160.0,3027000.0,0.0,-100.0,0.0,100.0,0.0,-1935000.0,0.0,1935000.0
05/11/2024,15011.4407359216,18000.0,1250.0,0.06944444,14036.6718569657,15011.4407359216,14036.6718569657,2800.0,53365000.0,0.0,0.0,2800.0,53365000.0,-2600.0,2600.0,0.0,0.0,-49765000.0,49765000.0,0.0,0.0
04/11/2024,14036.6718569657,18000.0,0.0,0.0,14036.6718569657,14036.6718569657,14036.6718569657,121.0,2178000.0,0.0,0.0,121.0,2178000.0,-100.0,0.0,0.0,100.0,-1800000.0,0.0,0.0,1800000.0
24/10/2024,14621.5331843393,18150.0,600.0,0.03305785,14621.5331843393,14621.5331843393,14621.5331843393,300.0,5625000.0,0.0,0.0,300.0,5625000.0,-300.0,300.0,0.0,0.0,-5625000.0,5625000.0,0.0,0.0
22/10/2024,14465.5701637063,18250.0,300.0,0.01643836,14465.5701637063,14465.5701637063,14465.5701637063,101.0,1873550.0,0.0,0.0,101.0,1873550.0,-100.0,0.0,0.0,100.0,-1855001.0,0.0,0.0,1855000.0
21/10/2024,14231.6256327569,18200.0,50.0,0.0027,14621.5331843393,14621.5331843393,14192.6348775986,14400.0,262855000.0,0.0,0.0,14400.0,262855000.0,-13200.0,0.0,0.0,13200.0,-240790000.0,0.0,0.0,240790000.0
17/10/2024,15089.4222462382,19400.0,-50.0,-0.00257732,14192.6348775986,15089.4222462382,14192.6348775986,800.0,14790000.0,0.0,0.0,800.0,14790000.0,-100.0,0.0,0.0,100.0,-1935000.0,0.0,0.0,1935000.0
14/10/2024,14972.4499807634,19000.0,200.0,0.01052632,14972.4499807634,14972.4499807634,14972.4499807634,981.0,18738000.0,0.0,0.0,981.0,18738000.0,-719.0,-81.0,-81.0,800.0,-13902000.0,-1458000.0,-1458000.0,15360000.0
11/10/2024,14816.4869601304,19000.0,0.0,0.0,14816.4869601304,14816.4869601304,14816.4869601304,16.0,295400.0,0.0,0.0,16.0,295400.0,15.0,0.0,0.0,-15.0,277501.0,0.0,0.0,-277500.0
08/10/2024,14816.4869601304,18200.0,800.0,0.04395604,14192.6348775986,14816.4869601304,14036.6718569657,1410.0,26151400.0,0.0,0.0,1410.0,26151400.0,500.0,-100.0,0.0,-400.0,9180000.0,-1900000.0,0.0,-7280000.0
07/10/2024,14192.6348775986,18300.0,-100.0,-0.00546448,14192.6348775986,14192.6348775986,14192.6348775986,602.0,10956500.0,0.0,0.0,602.0,10956500.0,600.0,0.0,0.0,-600.0,10920000.0,0.0,0.0,-10920000.0
03/10/2024,14270.6163879151,18500.0,-200.0,-0.01081081,14816.4869601304,14816.4869601304,14270.6163879151,1915.0,35244500.0,0.0,0.0,1915.0,35244500.0,1585.0,0.0,0.0,-1585.0,29005500.0,0.0,0.0,-29005500.0
27/09/2024,14192.6348775986,18250.0,-50.0,-0.00273973,14348.5978982316,14348.5978982316,14192.6348775986,1697.0,30967850.0,0.0,0.0,1697.0,30967850.0,-100.0,100.0,0.0,0.0,-1840000.0,1840000.0,0.0,0.0
26/09/2024,14231.6256327569,18250.0,0.0,0.0,14231.6256327569,14270.6163879151,14231.6256327569,1200.0,21910000.0,0.0,0.0,1200.0,21910000.0,100.0,-100.0,0.0,0.0,1825000.0,-1825000.0,0.0,0.0
20/09/2024,14231.6256327569,18350.0,-100.0,-0.00544959,14036.6718569657,14231.6256327569,14036.6718569657,1800.0,32545000.0,0.0,0.0,1800.0,32545000.0,100.0,0.0,0.0,-100.0,1800000.0,0.0,0.0,-1800000.0
17/09/2024,14114.6533672822,17800.0,300.0,0.01685393,14231.6256327569,14231.6256327569,14114.6533672822,2700.0,48885000.0,0.0,0.0,2700.0,48885000.0,-2600.0,0.0,0.0,2600.0,-47060000.0,0.0,0.0,47060000.0
30/08/2024,13997.6811018075,17950.0,0.0,0.0,13997.6811018075,13997.6811018075,13997.6811018075,106.0,1900000.0,0.0,0.0,106.0,1900000.0,-100.0,100.0,0.0,0.0,-1795000.0,1795000.0,0.0,0.0
21/08/2024,13880.7088363329,17750.0,50.0,0.0028169,13880.7088363329,13880.7088363329,13880.7088363329,361.0,6393000.0,0.0,0.0,361.0,6393000.0,-100.0,0.0,0.0,100.0,-1780000.0,0.0,0.0,1780000.0
16/08/2024,14348.5978982316,18100.0,300.0,0.01657459,14114.6533672822,14348.5978982316,14114.6533672822,10801.0,197388400.0,0.0,0.0,10801.0,197388400.0,2300.0,0.0,0.0,-2300.0,42205000.0,0.0,0.0,-42205000.0
05/08/2024,14153.6441224404,17400.0,750.0,0.04310345,14387.5886533899,14387.5886533899,13256.856753801,802.0,13895550.0,0.0,0.0,802.0,13895550.0,100.0,0.0,0.0,-100.0,1815000.0,0.0,0.0,-1815000.0
02/08/2024,13568.7827950669,18000.0,-600.0,-0.03333333,13568.7827950669,13568.7827950669,13568.7827950669,100.0,1740000.0,0.0,0.0,100.0,1740000.0,100.0,-100.0,0.0,0.0,1740000.0,-1740000.0,0.0,0.0
29/07/2024,14036.6718569657,17600.0,400.0,0.02272727,13724.7458156999,14036.6718569657,13724.7458156999,1009.0,18058400.0,0.0,0.0,1009.0,18058400.0,0.0,0.0,0.0,0.0,-35000.0,35000.0,0.0,0.0
12/07/2024,13373.8290192758,17400.0,-250.0,-0.01436782,13607.7735502251,13607.7735502251,13256.856753801,5300.0,90520000.0,0.0,0.0,5300.0,90520000.0,2500.0,-2500.0,0.0,0.0,42580000.0,-42580000.0,0.0,0.0
10/07/2024,13451.8105295922,17250.0,0.0,0.0,13256.856753801,13841.7180811745,13256.856753801,11909.0,205053750.0,0.0,0.0,11909.0,205053750.0,100.0,-100.0,0.0,0.0,1700000.0,-1700000.0,0.0,0.0
28/06/2024,13256.856753801,17000.0,0.0,0.0,13256.856753801,13373.8290192758,13178.8752434845,1400.0,23820000.0,0.0,0.0,1400.0,23820000.0,-100.0,100.0,0.0,0.0,-1700000.0,1700000.0,0.0,0.0
26/06/2024,13217.8659986428,17000.0,-50.0,-0.00294118,14153.6441224404,14153.6441224404,12905.9399573769,1035.0,17701350.0,0.0,0.0,1035.0,17701350.0,0.0,0.0,0.0,0.0,-155000.0,155000.0,0.0,0.0
20/06/2024,13412.819774434,16900.0,300.0,0.01775148,13178.8752434845,13412.819774434,13178.8752434845,5620.0,95146000.0,0.0,0.0,5620.0,95146000.0,5000.0,0.0,0.0,-5000.0,84500000.0,0.0,0.0,-84500000.0
19/06/2024,13178.8752434845,17400.0,-500.0,-0.02873563,13022.9122228515,13334.8382641174,13022.9122228515,1709.0,28897400.0,0.0,0.0,1709.0,28897400.0,200.0,-200.0,0.0,0.0,3380000.0,-3380000.0,0.0,0.0
18/06/2024,13568.7827950669,17150.0,250.0,0.01457726,13997.6811018075,13997.6811018075,12905.9399573769,1201.0,21092400.0,0.0,0.0,1201.0,21092400.0,-1.0,0.0,0.0,1.0,-17400.0,0.0,0.0,17400.0
17/06/2024,13373.8290192758,17000.0,150.0,0.00882353,13334.8382641174,13373.8290192758,12633.0046712692,1009.0,17163000.0,0.0,0.0,1009.0,17163000.0,-4.0,0.0,0.0,4.0,-68000.0,0.0,0.0,68000.0
13/06/2024,13412.819774434,17300.0,-100.0,-0.00578035,13568.7827950669,13568.7827950669,13412.819774434,329.0,5681700.0,0.0,0.0,329.0,5681700.0,-24.0,0.0,0.0,24.0,-415200.0,0.0,0.0,415200.0
11/06/2024,13529.7920399087,17250.0,100.0,0.0057971,13451.8105295922,13607.7735502251,13334.8382641174,1800.0,31025000.0,0.0,0.0,1800.0,31025000.0,200.0,0.0,0.0,-200.0,3480000.0,0.0,0.0,-3480000.0
10/06/2024,13451.8105295922,17050.0,200.0,0.01173021,13607.7735502251,13646.7643053834,13412.819774434,7759.0,135269650.0,0.0,0.0,7759.0,135269650.0,1000.0,0.0,0.0,-1000.0,17500000.0,0.0,0.0,-17500000.0
04/06/2024,13568.7827950669,17000.0,400.0,0.02352941,13295.8475089592,13568.7827950669,13295.8475089592,5007.0,86249000.0,0.0,0.0,5007.0,86249000.0,100.0,-100.0,0.0,0.0,1710000.0,-1710000.0,0.0,0.0
29/05/2024,13256.856753801,16650.0,350.0,0.02102102,13022.9122228515,13256.856753801,13022.9122228515,3001.0,50626800.0,0.0,0.0,3001.0,50626800.0,1000.0,0.0,0.0,-1000.0,17000000.0,0.0,0.0,-17000000.0
23/05/2024,13061.9029780098,16750.0,0.0,0.0,13061.9029780098,13256.856753801,13061.9029780098,1183.0,19869000.0,0.0,0.0,1183.0,19869000.0,-300.0,0.0,0.0,300.0,-5025000.0,0.0,0.0,5025000.0
22/05/2024,13061.9029780098,17450.0,-700.0,-0.04011461,13607.7735502251,13607.7735502251,13022.9122228515,3531.0,59679500.0,0.0,0.0,3531.0,59679500.0,300.0,0.0,0.0,-300.0,5205000.0,0.0,0.0,-5205000.0
21/05/2024,13607.7735502251,17300.0,150.0,0.00867052,13646.7643053834,13763.7365708581,12710.9861815857,6008.0,104093700.0,0.0,0.0,6008.0,104093700.0,2700.0,0.0,0.0,-2700.0,47490000.0,0.0,0.0,-47490000.0
20/05/2024,13490.8012847504,17200.0,100.0,0.00581395,13256.856753801,13490.8012847504,13256.856753801,4349.0,74096750.0,0.0,0.0,4349.0,74096750.0,200.0,0.0,0.0,-200.0,3440000.0,0.0,0.0,-3440000.0
17/05/2024,13412.819774434,17350.0,-150.0,-0.00864553,13178.8752434845,13646.7643053834,12633.0046712692,8800.0,148700000.0,0.0,0.0,8800.0,148700000.0,2000.0,0.0,0.0,-2000.0,35000000.0,0.0,0.0,-35000000.0
16/05/2024,13529.7920399087,17399.0,-49.0,-0.00281625,13607.7735502251,13763.7365708581,13256.856753801,5751.0,99836650.0,0.0,0.0,5751.0,99836650.0,1800.0,0.0,0.0,-1800.0,31290000.0,0.0,0.0,-31290000.0
15/05/2024,13568.6736209524,19000.0,400.0,0.02105263,13288.9071545411,13988.3233205694,13218.9655379382,16732.0,321875700.0,0.0,0.0,16732.0,321875700.0,1500.0,2700.0,0.0,-4200.0,28800000.0,52680000.0,0.0,-81480000.0
10/05/2024,13149.0239213353,17600.0,1200.0,0.06818182,13114.0531130339,13149.0239213353,13114.0531130339,4939.0,92778200.0,0.0,0.0,4939.0,92778200.0,200.0,0.0,0.0,-200.0,3755000.0,0.0,0.0,-3755000.0
09/05/2024,12309.7245221012,18250.0,-650.0,-0.03561644,12764.3450300197,12799.315838321,12239.7829054984,4500.0,80970000.0,0.0,0.0,4500.0,80970000.0,2000.0,0.0,0.0,-2000.0,36525000.0,0.0,0.0,-36525000.0
08/05/2024,12764.3450300197,18500.0,-250.0,-0.01351351,13288.9071545411,13288.9071545411,12764.3450300197,17286.0,321356550.0,0.0,0.0,17286.0,321356550.0,7300.0,0.0,0.0,-7300.0,135415000.0,0.0,0.0,-135415000.0
07/05/2024,12939.1990715269,18900.0,-400.0,-0.02116402,13183.9947296368,13183.9947296368,12939.1990715269,3000.0,56060000.0,0.0,0.0,3000.0,56060000.0,1000.0,0.0,0.0,-1000.0,18850000.0,0.0,0.0,-18850000.0
03/05/2024,12589.4909885126,17500.0,500.0,0.02857143,12239.7829054984,12589.4909885126,12239.7829054984,5053.0,90185700.0,0.0,0.0,5053.0,90185700.0,-800.0,0.0,0.0,800.0,-14000000.0,0.0,0.0,14000000.0
26/04/2024,12519.5493719097,16900.0,1000.0,0.0591716,12589.4909885126,12589.4909885126,12519.5493719097,1300.0,23300000.0,0.0,0.0,1300.0,23300000.0,1000.0,0.0,0.0,-1000.0,17900000.0,0.0,0.0,-17900000.0
24/04/2024,11820.1332058812,16400.0,500.0,0.0304878,11400.4835062642,11820.1332058812,11400.4835062642,2500.0,41020000.0,0.0,0.0,2500.0,41020000.0,-200.0,0.0,0.0,200.0,-3260000.0,0.0,0.0,3260000.0
17/04/2024,11750.1915892784,16800.0,0.0,0.0,11750.1915892784,11750.1915892784,11750.1915892784,3700.0,62160000.0,0.0,0.0,3700.0,62160000.0,1000.0,0.0,0.0,-1000.0,16800000.0,0.0,0.0,-16800000.0
09/04/2024,11400.4835062642,16850.0,-550.0,-0.03264095,11785.1623975798,11785.1623975798,11400.4835062642,2000.0,32755000.0,0.0,0.0,2000.0,32755000.0,-100.0,0.0,0.0,100.0,-1685000.0,0.0,0.0,1685000.0
02/04/2024,11855.1040141826,16800.0,150.0,0.00892857,11750.1915892784,11890.0748224841,11750.1915892784,6000.0,101225000.0,0.0,0.0,6000.0,101225000.0,-100.0,100.0,0.0,0.0,-1695000.0,1695000.0,0.0,0.0
25/03/2024,11540.3667394699,16650.0,-150.0,-0.00900901,11645.2791643742,11645.2791643742,11540.3667394699,1430.0,23602300.0,0.0,0.0,1430.0,23602300.0,25.0,0.0,0.0,-25.0,404550.0,0.0,0.0,-404550.0
21/03/2024,11575.3375477712,16750.0,-200.0,-0.0119403,11820.1332058812,11820.1332058812,11575.3375477712,4500.0,75470000.0,0.0,0.0,4500.0,75470000.0,-1000.0,0.0,0.0,1000.0,-16800000.0,0.0,0.0,16800000.0
20/03/2024,11715.220780977,16300.0,450.0,0.02760736,11540.3667394699,11715.220780977,11540.3667394699,5280.0,88210000.0,0.0,0.0,5280.0,88210000.0,5.0,0.0,0.0,-5.0,83750.0,0.0,0.0,-83750.0
18/03/2024,11400.4835062642,16550.0,-250.0,-0.01510574,11855.1040141826,11855.1040141826,11400.4835062642,2400.0,40065000.0,0.0,0.0,2400.0,40065000.0,300.0,-200.0,0.0,-100.0,4960000.0,-3280000.0,0.0,-1680000.0
15/03/2024,11575.3375477712,16150.0,400.0,0.0247678,11540.3667394699,11575.3375477712,11540.3667394699,5111.0,84361500.0,0.0,0.0,5111.0,84361500.0,-400.0,-100.0,0.0,500.0,-6595000.0,-1655000.0,0.0,8250000.0
05/03/2024,11190.6586564556,16050.0,-50.0,-0.00311526,11225.629464757,11225.629464757,11190.6586564556,410.0,6575500.0,0.0,0.0,410.0,6575500.0,100.0,-100.0,0.0,0.0,1600000.0,-1600000.0,0.0,0.0
27/02/2024,11260.6002730584,16000.0,100.0,0.00625,11225.629464757,11505.3959311684,11225.629464757,2205.0,35485500.0,0.0,0.0,2205.0,35485500.0,0.0,100.0,0.0,-100.0,-40000.0,1645000.0,0.0,-1605000.0
21/02/2024,11295.5710813599,16300.0,-150.0,-0.00920245,11295.5710813599,11330.5418896613,11295.5710813599,400.0,6465000.0,0.0,0.0,400.0,6465000.0,-100.0,0.0,0.0,100.0,-1620000.0,0.0,0.0,1620000.0
20/02/2024,11400.4835062642,16450.0,-150.0,-0.00911854,11540.3667394699,11540.3667394699,11400.4835062642,1080.0,17720000.0,0.0,0.0,1080.0,17720000.0,-100.0,0.0,0.0,100.0,-1650000.0,0.0,0.0,1650000.0
05/02/2024,11085.7462315514,15600.0,250.0,0.01602564,11330.5418896613,11330.5418896613,11085.7462315514,257.0,4088500.0,0.0,0.0,257.0,4088500.0,-100.0,0.0,0.0,100.0,-1620000.0,0.0,0.0,1620000.0
01/02/2024,10910.8921900442,16250.0,-650.0,-0.04,10945.8629983456,10945.8629983456,10910.8921900442,1154.0,18012150.0,0.0,0.0,1154.0,18012150.0,100.0,-100.0,0.0,0.0,1565000.0,-1565000.0,0.0,0.0
29/01/2024,11470.425122867,15900.0,500.0,0.03144654,11470.425122867,11470.425122867,11470.425122867,4164.0,68281050.0,0.0,0.0,4164.0,68281050.0,-98.0,100.0,0.0,-2.0,-1609200.0,1640000.0,0.0,-30800.0
26/01/2024,11120.7170398528,15850.0,50.0,0.00315457,11085.7462315514,11120.7170398528,10631.1257236327,6631.0,101821400.0,0.0,0.0,6631.0,101821400.0,-1100.0,0.0,0.0,1100.0,-16720000.0,0.0,0.0,16720000.0
16/01/2024,11190.6586564556,17000.0,-1000.0,-0.05882353,11120.7170398528,11260.6002730584,11120.7170398528,1022.0,16294800.0,0.0,0.0,1022.0,16294800.0,200.0,0.0,0.0,-200.0,3180000.0,0.0,0.0,-3180000.0
15/01/2024,11890.0748224841,16349.0,651.0,0.03981895,10910.8921900442,11925.0456307855,10910.8921900442,3201.0,53211350.0,0.0,0.0,3201.0,53211350.0,-1800.0,0.0,0.0,1800.0,-30600000.0,0.0,0.0,30600000.0
11/01/2024,11434.9262553602,16500.0,550.0,0.03333333,11066.0576664777,11434.9262553602,10797.7896018358,6000.0,98080000.0,0.0,0.0,6000.0,98080000.0,400.0,0.0,0.0,-400.0,6500000.0,0.0,0.0,-6500000.0
08/01/2024,11535.526779601,18000.0,-800.0,-0.04444444,12072.0629088846,12072.0629088846,11233.7252068789,18588.0,318529900.0,0.0,0.0,18588.0,318529900.0,600.0,-100.0,0.0,-500.0,10700000.0,-1700000.0,0.0,-9000000.0
05/01/2024,12072.0629088846,19350.0,-1350.0,-0.06976744,12742.7330704894,12742.7330704894,12072.0629088846,10147.0,182947000.0,0.0,0.0,10147.0,182947000.0,-4270.0,0.0,0.0,4270.0,-76860000.0,0.0,0.0,76860000.0
04/01/2024,12977.4676270511,20800.0,-1450.0,-0.06971154,13949.9393613779,13949.9393613779,12977.4676270511,3001.0,58360000.0,0.0,0.0,3001.0,58360000.0,-200.0,0.0,0.0,200.0,-4160000.0,0.0,0.0,4160000.0
03/01/2024,13949.9393613779,20050.0,750.0,0.03740648,14352.3414583407,14352.3414583407,13849.3388371373,2015.0,41990250.0,0.0,0.0,2015.0,41990250.0,200.0,100.0,0.0,-300.0,4170000.0,2100000.0,0.0,-6270000.0
02/01/2024,13446.9367401744,19000.0,1050.0,0.05526316,12910.4006108906,13614.6042805755,12876.8671028104,5997.0,118990000.0,0.0,0.0,5997.0,118990000.0,100.0,-100.0,0.0,0.0,1925000.0,-1925000.0,0.0,0.0
29/12/2023,12742.7330704894,17900.0,1100.0,0.06145251,12843.3335947301,12843.3335947301,12206.1969412057,9614.0,178544950.0,0.0,0.0,9614.0,178544950.0,-1100.0,0.0,0.0,1100.0,-20955000.0,0.0,0.0,20955000.0
27/12/2023,11233.7252068789,15700.0,1050.0,0.06687898,10563.0550452742,11233.7252068789,10563.0550452742,27120.0,453000000.0,0.0,0.0,27120.0,453000000.0,900.0,0.0,0.0,-900.0,14175000.0,0.0,0.0,-14175000.0
26/12/2023,10529.5215371939,15700.0,0.0,0.0,10563.0550452742,10563.0550452742,10529.5215371939,1200.0,18895000.0,0.0,0.0,1200.0,18895000.0,1100.0,0.0,0.0,-1100.0,17325000.0,0.0,0.0,-17325000.0
22/12/2023,10529.5215371939,15700.0,0.0,0.0,10428.9210129532,10529.5215371939,10428.9210129532,2600.0,40570000.0,0.0,0.0,2600.0,40570000.0,-2600.0,0.0,0.0,2600.0,-40570000.0,0.0,0.0,40570000.0
20/12/2023,10529.5215371939,15250.0,450.0,0.0295082,10663.6555695148,10663.6555695148,10529.5215371939,600.0,9460000.0,0.0,0.0,600.0,9460000.0,-100.0,100.0,0.0,0.0,-1590000.0,1590000.0,0.0,0.0
14/12/2023,10261.253472552,15300.0,0.0,0.0,10261.253472552,10294.7869806323,10261.253472552,4300.0,65795000.0,0.0,0.0,4300.0,65795000.0,300.0,0.0,0.0,-300.0,4590000.0,0.0,0.0,-4590000.0
12/12/2023,10428.9210129532,15300.0,250.0,0.01633987,10428.9210129532,10428.9210129532,10428.9210129532,311.0,4827350.0,0.0,0.0,311.0,4827350.0,10.0,0.0,0.0,-10.0,147500.0,0.0,0.0,-147500.0
01/12/2023,10194.1864563915,15400.0,-200.0,-0.01298701,10328.3204887126,10328.3204887126,10194.1864563915,1200.0,18280000.0,0.0,0.0,1200.0,18280000.0,100.0,-100.0,0.0,0.0,1520000.0,-1520000.0,0.0,0.0
22/11/2023,10697.189077595,15300.0,650.0,0.04248366,10294.7869806323,10697.189077595,10294.7869806323,904.0,13936400.0,0.0,0.0,904.0,13936400.0,-100.0,100.0,0.0,0.0,-1595000.0,1595000.0,0.0,0.0
15/11/2023,10495.9880291137,16450.0,-800.0,-0.04863222,10395.3875048729,10730.7225856753,10395.3875048729,1000.0,15565000.0,0.0,0.0,1000.0,15565000.0,300.0,-300.0,0.0,0.0,4650000.0,-4650000.0,0.0,0.0
13/11/2023,10395.3875048729,15500.0,0.0,0.0,10395.3875048729,11032.5241583975,10395.3875048729,3100.0,48335000.0,0.0,0.0,3100.0,48335000.0,0.0,0.0,0.0,0.0,-285000.0,285000.0,0.0,0.0
10/11/2023,10395.3875048729,16000.0,-500.0,-0.03125,10395.3875048729,10395.3875048729,10395.3875048729,600.0,9300000.0,0.0,0.0,600.0,9300000.0,600.0,-600.0,0.0,0.0,9300000.0,-9300000.0,0.0,0.0
09/11/2023,10730.7225856753,16500.0,-500.0,-0.03030303,11066.0576664777,11066.0576664777,10730.7225856753,3400.0,56050000.0,0.0,0.0,3400.0,56050000.0,-300.0,300.0,0.0,0.0,-4950000.0,4950000.0,0.0,0.0
08/11/2023,11066.0576664777,15500.0,1000.0,0.06451613,10395.3875048729,11099.5911745578,10395.3875048729,5300.0,86325000.0,0.0,0.0,5300.0,86325000.0,-600.0,600.0,0.0,0.0,-9755000.0,9755000.0,0.0,0.0
07/11/2023,10395.3875048729,16050.0,-550.0,-0.03426791,10395.3875048729,10395.3875048729,10395.3875048729,1100.0,17050000.0,0.0,0.0,1100.0,17050000.0,-200.0,0.0,0.0,200.0,-3100000.0,0.0,0.0,3100000.0
01/11/2023,9959.4518998299,15450.0,-600.0,-0.03883495,10395.3875048729,10395.3875048729,9825.317867509,1400.0,21010000.0,0.0,0.0,1400.0,21010000.0,100.0,-100.0,0.0,0.0,1465000.0,-1465000.0,0.0,0.0
25/10/2023,10462.4545210334,16550.0,-950.0,-0.05740181,11870.8618604033,11870.8618604033,10395.3875048729,5912.0,101876200.0,0.0,0.0,5912.0,101876200.0,4200.0,-200.0,0.0,-4000.0,74025001.0,-3305000.0,0.0,-70720000.0
24/10/2023,11099.5911745578,16500.0,50.0,0.0030303,11066.0576664777,11770.2613361626,11066.0576664777,1400.0,23245000.0,0.0,0.0,1400.0,23245000.0,400.0,0.0,0.0,-400.0,6705000.0,0.0,0.0,-6705000.0
23/10/2023,11066.0576664777,15450.0,1050.0,0.06796117,10898.3901260765,11066.0576664777,10395.3875048729,10872.0,177732700.0,0.0,0.0,10872.0,177732700.0,500.0,-500.0,0.0,0.0,8225000.0,-8225000.0,0.0,0.0
20/10/2023,10361.8539967927,16200.0,-750.0,-0.0462963,10361.8539967927,10361.8539967927,10361.8539967927,410.0,6343250.0,0.0,0.0,410.0,6343250.0,5.0,-5.0,0.0,0.0,77250.0,-77250.0,0.0,0.0
16/10/2023,10361.8539967927,15350.0,100.0,0.00651466,10294.7869806323,10630.1220614347,10261.253472552,1910.0,29492900.0,0.0,0.0,1910.0,29492900.0,300.0,-100.0,0.0,-200.0,4620000.0,-1530000.0,0.0,-3090000.0
10/10/2023,10563.0550452742,15200.0,550.0,0.03618421,10160.6529483113,10864.8566179961,10160.6529483113,5000.0,76325000.0,0.0,0.0,5000.0,76325000.0,-200.0,200.0,0.0,0.0,-3240000.0,3240000.0,0.0,0.0
09/10/2023,10194.1864563915,15200.0,0.0,0.0,10194.1864563915,10194.1864563915,10194.1864563915,1601.0,24335200.0,0.0,0.0,1601.0,24335200.0,1301.0,0.0,0.0,-1301.0,19775200.0,0.0,0.0,-19775200.0
06/10/2023,10194.1864563915,15000.0,200.0,0.01333333,10395.3875048729,10395.3875048729,10194.1864563915,600.0,9170000.0,0.0,0.0,600.0,9170000.0,100.0,-100.0,0.0,0.0,1520000.0,-1520000.0,0.0,0.0
03/10/2023,10127.1194402311,15699.0,-599.0,-0.0381553,10663.6555695148,10663.6555695148,10060.0524240707,2600.0,40505000.0,0.0,0.0,2600.0,40505000.0,-200.0,0.0,0.0,200.0,-3020000.0,0.0,0.0,3020000.0
29/09/2023,10529.3538696535,16600.0,-100.0,-0.0060241,10656.9824014069,10656.9824014069,10529.3538696535,8160.0,135149000.0,0.0,0.0,8160.0,135149000.0,200.0,0.0,0.0,-200.0,3300000.0,0.0,0.0,-3300000.0
28/09/2023,10593.1681355301,16600.0,0.0,0.0,10529.3538696535,10593.1681355301,10210.2825402701,2500.0,41160000.0,0.0,0.0,2500.0,41160000.0,1700.0,0.0,0.0,-1700.0,28220000.0,0.0,0.0,-28220000.0
25/09/2023,10529.3538696535,16500.0,0.0,0.0,10529.3538696535,10529.3538696535,10529.3538696535,900.0,14850000.0,0.0,0.0,900.0,14850000.0,200.0,0.0,0.0,-200.0,3300000.0,0.0,0.0,-3300000.0
22/09/2023,10529.3538696535,16700.0,-200.0,-0.01197605,10656.9824014069,10656.9824014069,10529.3538696535,3200.0,52820000.0,0.0,0.0,3200.0,52820000.0,2000.0,-2000.0,0.0,0.0,33000000.0,-33000000.0,0.0,0.0
21/09/2023,10656.9824014069,16600.0,100.0,0.0060241,10656.9824014069,10752.703800222,10656.9824014069,8701.0,145380800.0,0.0,0.0,8701.0,145380800.0,0.0,0.0,0.0,0.0,-75000.0,0.0,0.0,75000.0
20/09/2023,10593.1681355301,16000.0,600.0,0.0375,10210.2825402701,10593.1681355301,10210.2825402701,2311.0,37757600.0,0.0,0.0,2311.0,37757600.0,-11.0,0.0,0.0,11.0,-182600.0,0.0,0.0,182600.0
19/09/2023,10210.2825402701,16000.0,0.0,0.0,10210.2825402701,10210.2825402701,10210.2825402701,1000.0,16000000.0,0.0,0.0,1000.0,16000000.0,1000.0,0.0,0.0,-1000.0,16000000.0,0.0,0.0,-16000000.0
18/09/2023,10210.2825402701,15600.0,400.0,0.02564103,10274.0968061468,10274.0968061468,10146.4682743933,2029.0,32439000.0,0.0,0.0,2029.0,32439000.0,1500.0,0.0,0.0,-1500.0,23995000.0,0.0,0.0,-23995000.0
15/09/2023,9955.0254767632,15700.0,-100.0,-0.00636943,9986.9326097016,9986.9326097016,9955.0254767632,2100.0,32775000.0,0.0,0.0,2100.0,32775000.0,2000.0,0.0,0.0,-2000.0,31210000.0,0.0,0.0,-31210000.0
14/09/2023,10018.8397426398,15700.0,0.0,0.0,10018.8397426398,10018.8397426398,10018.8397426398,4500.0,70650000.0,0.0,0.0,4500.0,70650000.0,3800.0,0.0,0.0,-3800.0,59660000.0,0.0,0.0,-59660000.0
13/09/2023,10018.8397426398,16600.0,-900.0,-0.05421687,10593.1681355301,10593.1681355301,10018.8397426398,519.0,8345400.0,0.0,0.0,519.0,8345400.0,-100.0,0.0,0.0,100.0,-1570000.0,0.0,0.0,1570000.0
11/09/2023,10465.5396037767,16400.0,0.0,0.0,10465.5396037767,10465.5396037767,10465.5396037767,2300.0,37720000.0,0.0,0.0,2300.0,37720000.0,800.0,0.0,0.0,-800.0,13120000.0,0.0,0.0,-13120000.0
07/09/2023,10529.3538696535,16500.0,0.0,0.0,10529.3538696535,10529.3538696535,10529.3538696535,1715.0,28306000.0,0.0,0.0,1715.0,28306000.0,-200.0,0.0,0.0,200.0,-3300000.0,0.0,0.0,3300000.0
06/09/2023,10529.3538696535,16500.0,0.0,0.0,10529.3538696535,10529.3538696535,10529.3538696535,600.0,9900000.0,0.0,0.0,600.0,9900000.0,-100.0,0.0,0.0,100.0,-1650000.0,0.0,0.0,1650000.0
31/08/2023,10529.3538696535,17000.0,-500.0,-0.02941176,10529.3538696535,10593.1681355301,10529.3538696535,2300.0,37970000.0,0.0,0.0,2300.0,37970000.0,-200.0,0.0,0.0,200.0,-3320000.0,0.0,0.0,3320000.0
30/08/2023,10848.4251990369,16300.0,700.0,0.04294479,11103.6822625437,11103.6822625437,10784.6109331602,5300.0,90675000.0,0.0,0.0,5300.0,90675000.0,-2600.0,0.0,0.0,2600.0,-44700000.0,0.0,0.0,44700000.0
29/08/2023,10401.7253379,16000.0,300.0,0.01875,10465.5396037767,10848.4251990369,10401.7253379,2100.0,34400000.0,0.0,0.0,2100.0,34400000.0,500.0,0.0,0.0,-500.0,8150000.0,0.0,0.0,-8150000.0
28/08/2023,10210.2825402701,15700.0,300.0,0.01910828,10018.8397426398,10210.2825402701,10018.8397426398,466.0,7376200.0,0.0,0.0,466.0,7376200.0,-100.0,0.0,0.0,100.0,-1600000.0,0.0,0.0,1600000.0
24/08/2023,10242.1896732085,15000.0,1050.0,0.07,9604.0470144415,10242.1896732085,9604.0470144415,9934.0,157505000.0,0.0,0.0,9934.0,157505000.0,-8100.0,0.0,0.0,8100.0,-128805000.0,0.0,0.0,128805000.0
23/08/2023,9572.1398815031,15000.0,0.0,0.0,9572.1398815031,9572.1398815031,9572.1398815031,6500.0,97500000.0,0.0,0.0,6500.0,97500000.0,-6200.0,0.0,0.0,6200.0,-93000000.0,0.0,0.0,93000000.0
16/08/2023,11167.4965284204,16550.0,950.0,0.05740181,10561.2610025919,11295.1250601737,10561.2610025919,8725.0,150288750.0,0.0,0.0,8725.0,150288750.0,300.0,0.0,0.0,-300.0,5295000.0,0.0,0.0,-5295000.0
14/08/2023,9891.2112108866,15200.0,300.0,0.01973684,9380.6970838731,9891.2112108866,9380.6970838731,3400.0,51235000.0,0.0,0.0,3400.0,51235000.0,1600.0,0.0,0.0,-1600.0,23520000.0,0.0,0.0,-23520000.0
02/08/2023,10018.8397426398,15100.0,600.0,0.0397351,9572.1398815031,10018.8397426398,9572.1398815031,1400.0,21130000.0,0.0,0.0,1400.0,21130000.0,100.0,-100.0,0.0,0.0,1500000.0,-1500000.0,0.0,0.0
01/08/2023,9635.9541473799,15050.0,50.0,0.00332226,9827.39694501,10018.8397426398,9604.0470144415,3845.0,58722000.0,0.0,0.0,3845.0,58722000.0,1140.0,-500.0,0.0,-640.0,17105000.0,-7495000.0,0.0,-9610000.0
28/07/2023,9667.8612803182,15650.0,-500.0,-0.0319,9986.9326097016,10529.3538696535,9635.9541473799,2501.0,39171100.0,0.0,0.0,2501.0,39171100.0,-300.0,300.0,0.0,0.0,-4830000.0,4830000.0,0.0,0.0
26/07/2023,9986.9326097016,15500.0,150.0,0.00967742,9923.118343825,10082.6540085166,9891.2112108866,4900.0,77025000.0,0.0,0.0,4900.0,77025000.0,-4100.0,2300.0,0.0,1800.0,-64480000.0,36140000.0,0.0,28340000.0
24/07/2023,9923.118343825,15550.0,0.0,0.0,9955.0254767632,9955.0254767632,9923.118343825,401.0,6240550.0,0.0,0.0,401.0,6240550.0,-101.0,0.0,0.0,101.0,-1575550.0,0.0,0.0,1575550.0
14/07/2023,10018.8397426398,15600.0,100.0,0.00641026,10018.8397426398,10018.8397426398,10018.8397426398,2423.0,38025700.0,0.0,0.0,2423.0,38025700.0,-2300.0,0.0,0.0,2300.0,-36110001.0,0.0,0.0,36110000.0
10/07/2023,9667.8612803182,15100.0,50.0,0.00331126,9667.8612803182,9667.8612803182,9667.8612803182,2155.0,32663700.0,0.0,0.0,2155.0,32663700.0,1600.0,0.0,0.0,-1600.0,24240000.0,0.0,0.0,-24240000.0
06/07/2023,9635.9541473799,15600.0,-500.0,-0.03205128,9635.9541473799,9635.9541473799,9635.9541473799,100.0,1510000.0,0.0,0.0,100.0,1510000.0,-100.0,0.0,0.0,100.0,-1510000.0,0.0,0.0,1510000.0
04/07/2023,9986.9326097016,15800.0,-150.0,-0.00949367,10082.6540085166,10082.6540085166,9986.9326097016,5300.0,83515000.0,0.0,0.0,5300.0,83515000.0,-1000.0,0.0,0.0,1000.0,-15800000.0,0.0,0.0,15800000.0
03/07/2023,10082.6540085166,15000.0,800.0,0.05333333,9635.9541473799,10082.6540085166,9635.9541473799,806.0,12380100.0,0.0,0.0,806.0,12380100.0,-500.0,0.0,0.0,500.0,-7550000.0,0.0,0.0,7550000.0
22/06/2023,9540.2327485647,15000.0,-50.0,-0.00333333,9476.4184826882,9540.2327485647,9476.4184826882,207.0,3080500.0,0.0,0.0,207.0,3080500.0,6.0,-6.0,0.0,0.0,85500.0,-85500.0,0.0,0.0
14/06/2023,9763.5826791333,15300.0,0.0,0.0,9891.2112108866,9891.2112108866,9763.5826791333,808.0,12462400.0,0.0,0.0,808.0,12462400.0,108.0,-108.0,0.0,0.0,1652400.0,-1652400.0,0.0,0.0
12/06/2023,10082.6540085166,15000.0,800.0,0.05333333,9827.39694501,10146.4682743933,9827.39694501,6900.0,107495000.0,0.0,0.0,6900.0,107495000.0,-2000.0,0.0,0.0,2000.0,-30800000.0,0.0,0.0,30800000.0
01/06/2023,9476.4184826882,14750.0,100.0,0.00677966,9380.6970838731,9476.4184826882,9348.7899509347,7200.0,106255000.0,0.0,0.0,7200.0,106255000.0,-800.0,0.0,0.0,800.0,-11880000.0,0.0,0.0,11880000.0
30/05/2023,9253.0685521197,14400.0,100.0,0.00694444,9604.0470144415,9604.0470144415,9221.1614191814,5500.0,81580000.0,0.0,0.0,5500.0,81580000.0,100.0,-100.0,0.0,0.0,1495000.0,-1495000.0,0.0,0.0
25/05/2023,8838.2758239213,14800.0,-950.0,-0.06418919,10050.7468755783,10050.7468755783,8806.3686909828,8870.0,124501000.0,0.0,0.0,8870.0,124501000.0,-100.0,100.0,0.0,0.0,-1575000.0,1575000.0,0.0,0.0
24/05/2023,9444.5113497498,14900.0,-100.0,-0.00671141,9604.0470144415,9604.0470144415,8933.9972227363,10100.0,144800000.0,0.0,0.0,10100.0,144800000.0,-100.0,100.0,0.0,0.0,-1490000.0,1490000.0,0.0,0.0
23/05/2023,9508.3256156265,16000.0,-1100.0,-0.06875,10050.7468755783,10912.2394649136,9508.3256156265,50519.0,766675700.0,0.0,0.0,50519.0,766675700.0,-300.0,0.0,0.0,300.0,-4530000.0,0.0,0.0,4530000.0
09/05/2023,10912.2394649136,17000.0,100.0,0.00588235,10816.5180660985,10912.2394649136,10816.5180660985,200.0,3405000.0,0.0,0.0,200.0,3405000.0,100.0,-100.0,0.0,0.0,1695000.0,-1695000.0,0.0,0.0
05/05/2023,10656.9824014069,17600.0,-900.0,-0.05113636,10656.9824014069,10688.8895343452,10656.9824014069,500.0,8355000.0,0.0,0.0,500.0,8355000.0,100.0,-100.0,0.0,0.0,1670000.0,-1670000.0,0.0,0.0
27/04/2023,11997.0819848173,17800.0,1000.0,0.05617978,11997.0819848173,11997.0819848173,11997.0819848173,100.0,1880000.0,0.0,0.0,100.0,1880000.0,-100.0,100.0,0.0,0.0,-1880000.0,1880000.0,0.0,0.0
12/04/2023,11390.8464589888,18300.0,-450.0,-0.02459016,10976.0537307902,11390.8464589888,10912.2394649136,3020.0,52866000.0,0.0,0.0,3020.0,52866000.0,-1200.0,-900.0,0.0,2100.0,-20965000.0,-16135000.0,0.0,37100000.0
10/04/2023,11678.0106554338,17950.0,350.0,0.01949861,10880.3323319753,11678.0106554338,10720.7966672836,1100.0,18755000.0,0.0,0.0,1100.0,18755000.0,-100.0,0.0,0.0,100.0,-1830000.0,0.0,0.0,1830000.0
05/04/2023,12284.2461812624,18000.0,1250.0,0.06944444,11135.5893954821,12284.2461812624,11135.5893954821,410.0,7395000.0,0.0,0.0,410.0,7395000.0,-100.0,-100.0,0.0,200.0,-1980000.0,-1745000.0,0.0,3725000.0
31/03/2023,11486.5678578037,18000.0,0.0,0.0,11486.5678578037,11486.5678578037,11486.5678578037,200.0,3600000.0,0.0,0.0,200.0,3600000.0,-100.0,100.0,0.0,0.0,-1800000.0,1800000.0,0.0,0.0
30/03/2023,11486.5678578037,18000.0,0.0,0.0,10976.0537307902,11486.5678578037,10912.2394649136,300.0,5230000.0,0.0,0.0,300.0,5230000.0,100.0,-200.0,0.0,100.0,1630000.0,-3430000.0,0.0,1800000.0
28/03/2023,11518.4749907422,18500.0,-450.0,-0.02432432,11518.4749907422,11518.4749907422,11518.4749907422,100.0,1805000.0,0.0,0.0,100.0,1805000.0,-100.0,100.0,0.0,0.0,-1805000.0,1805000.0,0.0,0.0
22/03/2023,11391.9823529212,18850.0,-200.0,-0.01061008,11391.9823529212,11391.9823529212,11391.9823529212,1900.0,35435000.0,0.0,0.0,1900.0,35435000.0,1500.0,-1500.0,0.0,0.0,27975000.0,-27975000.0,0.0,0.0
20/03/2023,11453.0653682185,20050.0,-1300.0,-0.06483791,13071.7652735933,13102.3067812419,11453.0653682185,1800.0,37755000.0,0.0,0.0,1800.0,37755000.0,-1200.0,1200.0,0.0,0.0,-26505000.0,26505000.0,0.0,0.0
17/03/2023,12247.1445670816,18800.0,1250.0,0.06648936,10994.9427534898,12247.1445670816,10994.9427534898,2300.0,43380000.0,0.0,0.0,2300.0,43380000.0,-1000.0,1000.0,0.0,0.0,-19980000.0,19980000.0,0.0,0.0
08/03/2023,12124.9785364874,19850.0,0.0,0.0,12124.9785364874,12124.9785364874,12124.9785364874,16.0,297350.0,0.0,0.0,16.0,297350.0,1.0,-1.0,0.0,0.0,19850.0,-19850.0,0.0,0.0
07/03/2023,12124.9785364874,19900.0,-50.0,-0.00251256,12124.9785364874,12124.9785364874,12124.9785364874,100.0,1985000.0,0.0,0.0,100.0,1985000.0,100.0,-100.0,0.0,0.0,1985000.0,-1985000.0,0.0,0.0
23/02/2023,11789.0219523529,18600.0,700.0,0.03763441,11789.0219523529,11789.0219523529,11789.0219523529,100.0,1930000.0,0.0,0.0,100.0,1930000.0,-100.0,0.0,0.0,100.0,-1930000.0,0.0,0.0,1930000.0
03/02/2023,11850.1049676501,18400.0,1000.0,0.05434783,10811.6937075983,11850.1049676501,10811.6937075983,208.0,3851600.0,0.0,0.0,208.0,3851600.0,-100.0,0.0,0.0,100.0,-1940000.0,0.0,0.0,1940000.0
30/01/2023,11239.2748146785,18400.0,0.0,0.0,11239.2748146785,11239.2748146785,11239.2748146785,103.0,1893700.0,0.0,0.0,103.0,1893700.0,3.0,-3.0,0.0,0.0,53700.0,-53700.0,0.0,0.0
27/01/2023,11239.2748146785,17200.0,1200.0,0.06976744,10628.4446617068,11239.2748146785,10597.9031540582,501.0,8912200.0,0.0,0.0,501.0,8912200.0,1.0,-1.0,0.0,0.0,17200.0,-17200.0,0.0,0.0
17/01/2023,11727.9389370558,19200.0,0.0,0.0,11727.9389370558,11727.9389370558,11727.9389370558,5.0,89500.0,0.0,0.0,5.0,89500.0,5.0,-5.0,0.0,0.0,89500.0,-89500.0,0.0,0.0
12/01/2023,11850.1049676501,20850.0,-1450.0,-0.06954436,11850.1049676501,11850.1049676501,11850.1049676501,202.0,3919000.0,0.0,0.0,202.0,3919000.0,100.0,-100.0,0.0,0.0,1940000.0,-1940000.0,0.0,0.0
06/01/2023,12155.520044136,19950.0,-50.0,-0.00250627,11361.4408452727,12155.520044136,11361.4408452727,2408.0,44918900.0,0.0,0.0,2408.0,44918900.0,-2292.0,-8.0,0.0,2300.0,-42761100.0,-148900.0,0.0,42910000.0
05/01/2023,12186.0615517845,19950.0,0.0,0.0,11605.7729064615,12186.0615517845,11575.2313988128,800.0,15270000.0,0.0,0.0,800.0,15270000.0,-100.0,0.0,0.0,100.0,-1995000.0,0.0,0.0,1995000.0
28/12/2022,12186.0615517845,19600.0,350.0,0.01785714,11147.6502917326,12186.0615517845,11147.6502917326,2418.0,48002800.0,0.0,0.0,2418.0,48002800.0,0.0,-100.0,0.0,100.0,0.0,-1995000.0,0.0,1995000.0
27/12/2022,11972.2709982443,18400.0,1200.0,0.06521739,11972.2709982443,11972.2709982443,11972.2709982443,100.0,1960000.0,0.0,0.0,100.0,1960000.0,-100.0,0.0,0.0,100.0,-1960000.0,0.0,0.0,1960000.0
26/12/2022,11239.2748146785,18000.0,400.0,0.02222222,11269.8163223271,11300.3578299757,11239.2748146785,1500.0,27730000.0,0.0,0.0,1500.0,27730000.0,-1200.0,-200.0,0.0,1400.0,-22200000.0,-3690000.0,0.0,25890000.0
23/12/2022,10994.9427534898,17800.0,200.0,0.01123596,10994.9427534898,10994.9427534898,10231.4050622753,300.0,5275000.0,0.0,0.0,300.0,5275000.0,-200.0,0.0,0.0,200.0,-3600000.0,0.0,0.0,3600000.0
15/12/2022,11727.9389370558,20600.0,-1400.0,-0.06796117,11727.9389370558,11758.4804447044,11727.9389370558,2500.0,48010000.0,0.0,0.0,2500.0,48010000.0,-200.0,200.0,0.0,0.0,-3850000.0,3850000.0,0.0,0.0
12/12/2022,12644.1841665131,20700.0,0.0,0.0,12583.1011512162,12644.1841665131,12583.1011512162,500.0,10340000.0,0.0,0.0,500.0,10340000.0,100.0,0.0,0.0,-100.0,2060000.0,0.0,0.0,-2060000.0
09/12/2022,12644.1841665131,20800.0,-100.0,-0.00480769,11819.5634600015,12644.1841665131,11819.5634600015,2800.0,54810000.0,0.0,0.0,2800.0,54810000.0,-800.0,0.0,0.0,800.0,-16110000.0,0.0,0.0,16110000.0
07/12/2022,12705.2671818104,20900.0,-100.0,-0.00478469,11972.2709982443,12705.2671818104,11880.6464752987,1500.0,29505000.0,0.0,0.0,1500.0,29505000.0,900.0,0.0,0.0,-900.0,17520000.0,0.0,0.0,-17520000.0
06/12/2022,12766.3501971075,19550.0,1350.0,0.06905371,11911.1879829472,12766.3501971075,11911.1879829472,200.0,4040000.0,0.0,0.0,200.0,4040000.0,-100.0,-100.0,0.0,200.0,-2090000.0,-1950000.0,0.0,4040000.0
05/12/2022,11941.7294905958,21000.0,-1450.0,-0.06904762,12735.808689459,12735.808689459,11941.7294905958,1900.0,38055000.0,0.0,0.0,1900.0,38055000.0,600.0,0.0,0.0,-600.0,12510000.0,0.0,0.0,-12510000.0
02/12/2022,12827.4332124047,20000.0,1000.0,0.05,11391.9823529212,12827.4332124047,11361.4408452727,306.0,5940550.0,0.0,0.0,306.0,5940550.0,-94.0,-6.0,0.0,100.0,-1984450.0,-115550.0,0.0,2100000.0
30/11/2022,12644.1841665131,20750.0,-50.0,-0.00240964,11789.0219523529,12644.1841665131,11789.0219523529,228.0,4554400.0,0.0,0.0,228.0,4554400.0,-100.0,0.0,0.0,100.0,-2070001.0,0.0,0.0,2070000.0
28/11/2022,12674.7256741618,20000.0,750.0,0.0375,12216.603059433,12674.7256741618,12216.603059433,3401.0,68770000.0,0.0,0.0,3401.0,68770000.0,-600.0,0.0,0.0,600.0,-12150000.0,0.0,0.0,12150000.0
25/11/2022,12216.603059433,21000.0,-1000.0,-0.04761905,13438.2633653763,13438.2633653763,12216.603059433,900.0,18450000.0,0.0,0.0,900.0,18450000.0,200.0,0.0,0.0,-200.0,4050000.0,0.0,0.0,-4050000.0
24/11/2022,12827.4332124047,21000.0,0.0,0.0,12827.4332124047,12827.4332124047,12827.4332124047,200.0,4200000.0,0.0,0.0,200.0,4200000.0,-200.0,200.0,0.0,0.0,-4200000.0,4200000.0,0.0,0.0
23/11/2022,12827.4332124047,20950.0,50.0,0.00238663,12766.3501971075,12827.4332124047,12766.3501971075,681.0,14190400.0,0.0,0.0,681.0,14190400.0,-426.0,-174.0,-74.0,600.0,-9029800.0,-3555200.0,-1465000.0,12585000.0
18/11/2022,11239.2748146785,17200.0,1200.0,0.06976744,11239.2748146785,11239.2748146785,11208.7333070299,1500.0,27590000.0,0.0,0.0,1500.0,27590000.0,-1000.0,0.0,0.0,1000.0,-18400000.0,0.0,0.0,18400000.0
17/11/2022,10506.2786311126,16100.0,1100.0,0.06832298,10506.2786311126,10506.2786311126,10506.2786311126,106.0,1810000.0,0.0,0.0,106.0,1810000.0,-100.0,0.0,0.0,100.0,-1720000.0,0.0,0.0,1720000.0
16/11/2022,9834.3654628436,16100.0,0.0,0.0,9162.4522945748,9834.3654628436,9162.4522945748,1100.0,16965000.0,0.0,0.0,1100.0,16965000.0,-400.0,0.0,0.0,400.0,-6440000.0,0.0,0.0,6440000.0
14/11/2022,9834.3654628436,16050.0,50.0,0.00311526,9803.8239551952,9834.3654628436,9803.8239551952,15200.0,244715000.0,0.0,0.0,15200.0,244715000.0,-100.0,0.0,0.0,100.0,-1610000.0,0.0,0.0,1610000.0
11/11/2022,9803.8239551952,17050.0,-1000.0,-0.05865103,9803.8239551952,9803.8239551952,9803.8239551952,150.0,2406200.0,0.0,0.0,150.0,2406200.0,50.0,0.0,0.0,-50.0,801200.0,0.0,0.0,-801200.0
01/11/2022,11880.6464752987,19050.0,400.0,0.02099738,11850.1049676501,11911.1879829472,11850.1049676501,1740.0,33860450.0,0.0,0.0,1740.0,33860450.0,-700.0,0.0,0.0,700.0,-13650000.0,0.0,0.0,13650000.0
28/10/2022,11636.31441411,19050.0,0.0,0.0,11636.31441411,11636.31441411,11636.31441411,4.0,72600.0,0.0,0.0,4.0,72600.0,4.0,-4.0,0.0,0.0,72600.0,-72600.0,0.0,0.0
27/10/2022,11636.31441411,19100.0,-50.0,-0.0026178,11605.7729064615,11636.31441411,11605.7729064615,505.0,9600000.0,0.0,0.0,505.0,9600000.0,300.0,-300.0,0.0,0.0,5700000.0,-5700000.0,0.0,0.0
13/10/2022,11391.9823529212,17550.0,1100.0,0.06267806,11391.9823529212,11391.9823529212,11391.9823529212,116.0,2145800.0,0.0,0.0,116.0,2145800.0,100.0,-100.0,0.0,0.0,1865000.0,-1865000.0,0.0,0.0
06/10/2022,11300.3578299757,18450.0,50.0,0.00271003,11269.8163223271,11300.3578299757,11269.8163223271,400.0,7390000.0,0.0,0.0,400.0,7390000.0,-200.0,100.0,0.0,100.0,-3695000.0,1850000.0,0.0,1845000.0
05/10/2022,11269.8163223271,19650.0,-1200.0,-0.0610687,11941.7294905958,11941.7294905958,11269.8163223271,1902.0,36083800.0,0.0,0.0,1902.0,36083800.0,200.0,-200.0,0.0,0.0,3910000.0,-3910000.0,0.0,0.0
03/10/2022,11239.2748146785,18400.0,0.0,0.0,11239.2748146785,11239.2748146785,11239.2748146785,510.0,9392000.0,0.0,0.0,510.0,9392000.0,-500.0,0.0,0.0,500.0,-9200000.0,0.0,0.0,9200000.0
30/09/2022,11239.2748146785,18350.0,50.0,0.0027248,11208.7333070299,11239.2748146785,11208.7333070299,2290.0,42010500.0,0.0,0.0,2290.0,42010500.0,-910.0,0.0,0.0,910.0,-16764500.0,0.0,0.0,16764500.0
28/09/2022,11208.7333070299,18100.0,250.0,0.01381215,11178.1917993812,11208.7333070299,11178.1917993812,200.0,3665000.0,0.0,0.0,200.0,3665000.0,-100.0,100.0,0.0,0.0,-1835000.0,1835000.0,0.0,0.0
23/09/2022,11056.025768787,19300.0,-1200.0,-0.06217617,11544.6898911643,11544.6898911643,11056.025768787,204.0,3773000.0,0.0,0.0,204.0,3773000.0,4.0,-4.0,-4.0,0.0,73000.0,-73000.0,-73000.0,0.0
22/09/2022,11789.0219523529,19250.0,50.0,0.0025974,12216.603059433,12216.603059433,11789.0219523529,618.0,12135600.0,0.0,0.0,618.0,12135600.0,-100.0,100.0,0.0,0.0,-1930000.0,1930000.0,0.0,0.0
19/09/2022,11514.1483835157,18850.0,0.0,0.0,11514.1483835157,11514.1483835157,11514.1483835157,48.0,842400.0,0.0,0.0,48.0,842400.0,48.0,-48.0,0.0,0.0,842400.0,-842400.0,0.0,0.0
16/09/2022,11514.1483835157,19850.0,-1000.0,-0.05037783,11605.7729064615,11880.6464752987,11514.1483835157,1160.0,21935000.0,0.0,0.0,1160.0,21935000.0,160.0,-160.0,0.0,0.0,2985000.0,-2985000.0,0.0,0.0
15/09/2022,12124.9785364874,20000.0,-150.0,-0.0075,12216.603059433,12216.603059433,11453.0653682185,2714.0,52125300.0,0.0,0.0,2714.0,52125300.0,14.0,-14.0,0.0,0.0,265300.0,-265300.0,0.0,0.0
14/09/2022,12216.603059433,20000.0,0.0,0.0,11391.9823529212,12216.603059433,11391.9823529212,842.0,15847000.0,0.0,0.0,842.0,15847000.0,-100.0,0.0,0.0,100.0,-2000000.0,0.0,0.0,2000000.0
12/09/2022,12216.603059433,19400.0,600.0,0.03092784,12186.0615517845,12216.603059433,12186.0615517845,572.0,11182100.0,0.0,0.0,572.0,11182100.0,83.0,-53.0,0.0,0.0,1529300.0,-959300.0,0.0,0.0
08/09/2022,11850.1049676501,19400.0,0.0,0.0,11819.5634600015,11911.1879829472,11819.5634600015,400.0,7765000.0,0.0,0.0,400.0,7765000.0,100.0,-100.0,0.0,0.0,1935000.0,-1935000.0,0.0,0.0
07/09/2022,11850.1049676501,20799.0,-2100.0,-0.09767442,13132.8482888905,13132.8482888905,11850.1049676501,600.0,12120000.0,0.0,0.0,600.0,12120000.0,-100.0,100.0,0.0,0.0,-2005000.0,2005000.0,0.0,0.0
06/09/2022,12704.7174346728,21000.0,500.0,0.02380952,12409.2588896803,13236.542815659,12409.2588896803,2800.0,60340000.0,0.0,0.0,2800.0,60340000.0,-300.0,-100.0,0.0,400.0,-6255000.0,-2145000.0,0.0,8400000.0
31/08/2022,12113.800344688,20500.0,0.0,0.0,12113.800344688,12113.800344688,12113.800344688,800.0,16400000.0,0.0,0.0,800.0,16400000.0,-800.0,0.0,0.0,800.0,-16400000.0,0.0,0.0,16400000.0
30/08/2022,12113.800344688,20300.0,200.0,0.00985222,12202.4379081857,12202.4379081857,12113.800344688,500.0,10265000.0,0.0,0.0,500.0,10265000.0,200.0,-200.0,0.0,0.0,4115000.0,-4115000.0,0.0,0.0
29/08/2022,11995.616926691,20650.0,-350.0,-0.01694915,11700.1583816987,12084.2544901888,11700.1583816987,5900.0,118085000.0,0.0,0.0,5900.0,118085000.0,-2400.0,0.0,0.0,2400.0,-48720000.0,0.0,0.0,48720000.0
25/08/2022,12291.0754716834,19950.0,850.0,0.04260652,11759.2500906971,12291.0754716834,11759.2500906971,1400.0,28790000.0,0.0,0.0,1400.0,28790000.0,-100.0,100.0,0.0,0.0,-2050000.0,2050000.0,0.0,0.0
23/08/2022,11759.2500906971,20850.0,-950.0,-0.04556355,11581.9749637016,11759.2500906971,11581.9749637016,700.0,13780000.0,0.0,0.0,700.0,13780000.0,-100.0,100.0,0.0,0.0,-1990000.0,1990000.0,0.0,0.0
22/08/2022,12320.6213261826,20900.0,-50.0,-0.00239234,12320.6213261826,12320.6213261826,12320.6213261826,1100.0,22935000.0,0.0,0.0,1100.0,22935000.0,100.0,-100.0,0.0,0.0,2085000.0,-2085000.0,0.0,0.0
18/08/2022,12172.8920536865,20000.0,600.0,0.03,12054.7086356895,12172.8920536865,12054.7086356895,1000.0,20545000.0,0.0,0.0,1000.0,20545000.0,100.0,-100.0,0.0,0.0,2040000.0,-2040000.0,0.0,0.0
11/08/2022,12143.3461991871,20300.0,250.0,0.01231527,12143.3461991871,12261.5296171841,12143.3461991871,1600.0,33010000.0,0.0,0.0,1600.0,33010000.0,200.0,-200.0,0.0,0.0,4145000.0,-4145000.0,0.0,0.0
10/08/2022,11995.616926691,20800.0,-500.0,-0.02403846,12025.1627811903,12025.1627811903,11995.616926691,1200.0,24365000.0,0.0,0.0,1200.0,24365000.0,-100.0,100.0,0.0,0.0,-2035000.0,2035000.0,0.0,0.0
05/08/2022,12291.0754716834,20700.0,100.0,0.00483092,12231.983762685,12291.0754716834,11877.433508694,1400.0,28815000.0,0.0,0.0,1400.0,28815000.0,-100.0,100.0,0.0,0.0,-2015000.0,2015000.0,0.0,0.0
04/08/2022,12231.983762685,20050.0,650.0,0.03241895,12172.8920536865,12231.983762685,11847.8876541947,1600.0,33000000.0,0.0,0.0,1600.0,33000000.0,600.0,-600.0,0.0,0.0,12420000.0,-12420000.0,0.0,0.0
03/08/2022,11847.8876541947,21000.0,-950.0,-0.0452381,11936.5252176926,11936.5252176926,11847.8876541947,400.0,8055000.0,0.0,0.0,400.0,8055000.0,-100.0,100.0,0.0,0.0,-2010000.0,2010000.0,0.0,0.0
29/07/2022,12231.983762685,20350.0,350.0,0.01719902,12291.0754716834,12291.0754716834,12231.983762685,1400.0,29080000.0,0.0,0.0,1400.0,29080000.0,200.0,-200.0,0.0,0.0,4160000.0,-4160000.0,0.0,0.0
27/07/2022,11995.616926691,20800.0,-500.0,-0.02403846,11581.9749637016,11995.616926691,11581.9749637016,600.0,12100000.0,0.0,0.0,600.0,12100000.0,-100.0,0.0,0.0,100.0,-2020000.0,0.0,0.0,2020000.0
25/07/2022,12291.0754716834,20800.0,0.0,0.0,12320.6213261826,12320.6213261826,12291.0754716834,2300.0,47845000.0,0.0,0.0,2300.0,47845000.0,-2200.0,0.0,0.0,2200.0,-45760000.0,0.0,0.0,45760000.0
22/07/2022,12291.0754716834,20500.0,300.0,0.01463415,12113.800344688,12379.7130351811,12054.7086356895,1500.0,31005000.0,0.0,0.0,1500.0,31005000.0,0.0,0.0,0.0,0.0,-10000.0,10000.0,0.0,0.0
19/07/2022,12143.3461991871,20550.0,0.0,0.0,12143.3461991871,12231.983762685,12143.3461991871,400.0,8240000.0,0.0,0.0,400.0,8240000.0,-100.0,100.0,0.0,0.0,-2055000.0,2055000.0,0.0,0.0
15/07/2022,12172.8920536865,21500.0,-900.0,-0.04186047,11936.5252176926,12172.8920536865,11936.5252176926,700.0,14255000.0,0.0,0.0,700.0,14255000.0,-100.0,100.0,0.0,0.0,-2060000.0,2060000.0,0.0,0.0
14/07/2022,12704.7174346728,21300.0,200.0,0.00938967,12113.800344688,12704.7174346728,12084.2544901888,1400.0,29490000.0,0.0,0.0,1400.0,29490000.0,-700.0,-100.0,0.0,800.0,-15020000.0,-2060000.0,0.0,17080000.0
13/07/2022,12586.5340166759,21250.0,50.0,0.00235294,12970.6301251659,12970.6301251659,12025.1627811903,2200.0,47425000.0,0.0,0.0,2200.0,47425000.0,200.0,-200.0,0.0,0.0,4175000.0,-4175000.0,0.0,0.0
11/07/2022,12556.9881621765,21300.0,-50.0,-0.00234742,12586.5340166759,12586.5340166759,12556.9881621765,200.0,4255000.0,0.0,0.0,200.0,4255000.0,-200.0,200.0,0.0,0.0,-4255000.0,4255000.0,0.0,0.0
08/07/2022,12586.5340166759,21550.0,-250.0,-0.01160093,12763.8091436712,13088.8135431629,12586.5340166759,4000.0,86475000.0,0.0,0.0,4000.0,86475000.0,-2500.0,-100.0,0.0,2600.0,-54005000.0,-2155000.0,0.0,56160000.0
07/07/2022,12734.263289172,21600.0,-50.0,-0.00231481,12763.8091436712,12763.8091436712,12734.263289172,7500.0,161750000.0,0.0,0.0,7500.0,161750000.0,-4500.0,0.0,0.0,4500.0,-97075000.0,0.0,0.0,97075000.0
05/07/2022,12763.8091436712,21750.0,-150.0,-0.00689655,13059.2676886636,13059.2676886636,11966.0710721917,6100.0,126065000.0,0.0,0.0,6100.0,126065000.0,5100.0,-3100.0,-100.0,-2000.0,104815000.0,-63815000.0,-2040000.0,-41000000.0
04/07/2022,12852.446707169,21700.0,50.0,0.00230415,12852.446707169,12852.446707169,12852.446707169,1000.0,21750000.0,0.0,0.0,1000.0,21750000.0,100.0,-100.0,0.0,0.0,2175000.0,-2175000.0,0.0,0.0
01/07/2022,12822.9008526697,22050.0,-350.0,-0.01587302,13000.175979665,13029.7218341644,12143.3461991871,4200.0,87745000.0,0.0,0.0,4200.0,87745000.0,1300.0,-1300.0,0.0,0.0,25915000.0,-25915000.0,0.0,0.0
30/06/2022,13029.7218341644,22800.0,-750.0,-0.03289474,13295.6345246574,13295.6345246574,12556.9881621765,5700.0,125165000.0,0.0,0.0,5700.0,125165000.0,2700.0,-2700.0,0.0,0.0,57995000.0,-57995000.0,0.0,0.0
27/06/2022,13443.3637971538,24050.0,-1300.0,-0.05405405,13443.3637971538,13591.0930696498,13413.8179426545,2700.0,61505000.0,0.0,0.0,2700.0,61505000.0,-500.0,500.0,0.0,0.0,-11420000.0,11420000.0,0.0,0.0
23/06/2022,14211.5560141339,23500.0,550.0,0.02340426,13413.8179426545,14772.9272496196,13147.9052521614,6100.0,143155000.0,0.0,0.0,6100.0,143155000.0,-600.0,600.0,0.0,0.0,-17685000.0,17685000.0,0.0,0.0
22/06/2022,13886.5516146423,23800.0,-300.0,-0.01260504,14063.8267416377,14093.372596137,13413.8179426545,6500.0,151205000.0,0.0,0.0,6500.0,151205000.0,600.0,-600.0,0.0,0.0,11195000.0,-11195000.0,0.0,0.0
21/06/2022,14063.8267416377,23900.0,100.0,0.0041841,13620.6389241492,14093.372596137,13472.9096516529,5200.0,121530000.0,0.0,0.0,5200.0,121530000.0,-300.0,300.0,0.0,0.0,-9255000.0,9255000.0,0.0,0.0
20/06/2022,14122.9184506362,24150.0,-250.0,-0.01035197,13591.0930696498,14388.8311411293,13591.0930696498,3600.0,85070000.0,0.0,0.0,3600.0,85070000.0,0.0,0.0,0.0,0.0,-1790000.0,1790000.0,0.0,0.0
17/06/2022,14270.6477231324,23850.0,300.0,0.01257862,13591.0930696498,15068.3857946118,13325.1803791567,8000.0,188345000.0,0.0,0.0,8000.0,188345000.0,0.0,0.0,0.0,0.0,-6625000.0,6625000.0,0.0,0.0
16/06/2022,14093.372596137,23950.0,-100.0,-0.00417537,13650.1847786485,14152.4643051354,13591.0930696498,7200.0,168780000.0,0.0,0.0,7200.0,168780000.0,0.0,100.0,0.0,-100.0,-1785000.0,4180000.0,0.0,-2395000.0
15/06/2022,14152.4643051354,24500.0,-550.0,-0.02244898,13561.5472151506,14477.468704627,13561.5472151506,3500.0,82680000.0,0.0,0.0,3500.0,82680000.0,-100.0,300.0,0.0,-200.0,-3920000.0,8710000.0,0.0,-4790000.0
14/06/2022,14477.468704627,24000.0,500.0,0.02083333,13620.6389241492,14684.2896861217,13295.6345246574,7000.0,168980000.0,0.0,0.0,7000.0,168980000.0,-1900.0,1900.0,0.0,0.0,-50055000.0,50055000.0,0.0,0.0
13/06/2022,14182.0101596348,23300.0,700.0,0.03004292,13591.0930696498,14241.1018686332,13177.4511066607,6600.0,155895000.0,0.0,0.0,6600.0,155895000.0,-500.0,400.0,0.0,100.0,-13620000.0,11270000.0,0.0,2350000.0
10/06/2022,13768.3681966453,24300.0,-1000.0,-0.04115226,13768.3681966453,14447.9228501279,13591.0930696498,5200.0,122510000.0,0.0,0.0,5200.0,122510000.0,200.0,-200.0,0.0,0.0,2460000.0,-2460000.0,0.0,0.0
09/06/2022,14359.2852866302,24400.0,-100.0,-0.00409836,13591.0930696498,14684.2896861217,13532.0013606514,2100.0,50725000.0,0.0,0.0,2100.0,50725000.0,-600.0,600.0,0.0,0.0,-15835000.0,15835000.0,0.0,0.0
08/06/2022,14418.3769956286,24450.0,-100.0,-0.00408163,13591.0930696498,14684.2896861217,13472.9096516529,5200.0,123535000.0,0.0,0.0,5200.0,123535000.0,-200.0,200.0,0.0,0.0,-7060000.0,7060000.0,0.0,0.0
07/06/2022,14447.9228501279,23150.0,1250.0,0.05387931,13679.7306331476,14625.1979771233,13088.8135431629,6200.0,147330000.0,0.0,0.0,6200.0,147330000.0,-900.0,700.0,0.0,200.0,-26030000.0,21140000.0,0.0,4890000.0
06/06/2022,13679.7306331476,24000.0,-850.0,-0.03541667,13591.0930696498,14654.7438316225,13591.0930696498,1900.0,45255000.0,0.0,0.0,1900.0,45255000.0,-200.0,200.0,0.0,0.0,-5555000.0,5555000.0,0.0,0.0
03/06/2022,14182.0101596348,24250.0,-300.0,-0.01234568,14004.7350326393,14625.1979771233,13443.3637971538,3600.0,86165000.0,0.0,0.0,3600.0,86165000.0,-500.0,500.0,0.0,0.0,-14565000.0,14565000.0,0.0,0.0
02/06/2022,14329.739432131,23600.0,650.0,0.02754237,13384.2720881552,14477.468704627,13266.0886701583,4400.0,103200000.0,0.0,0.0,4400.0,103200000.0,0.0,0.0,0.0,0.0,-3610000.0,3610000.0,0.0,0.0
01/06/2022,13945.6433236408,24000.0,-400.0,-0.01666667,14182.0101596348,14832.0189586179,13591.0930696498,2500.0,60980000.0,0.0,0.0,2500.0,60980000.0,0.0,0.0,0.0,0.0,-620000.0,620000.0,0.0,0.0
31/05/2022,14182.0101596348,22850.0,1150.0,0.05032823,13591.0930696498,14418.3769956286,13059.2676886636,3100.0,72825000.0,0.0,0.0,3100.0,72825000.0,-200.0,200.0,0.0,0.0,-6515000.0,6515000.0,0.0,0.0
30/05/2022,13502.4555061523,24000.0,-1150.0,-0.04791667,13413.8179426545,14979.7482311141,13206.9969611598,4300.0,101910000.0,0.0,0.0,4300.0,101910000.0,500.0,-500.0,0.0,0.0,7525000.0,-7525000.0,0.0,0.0
27/05/2022,14182.0101596348,23250.0,750.0,0.03225806,13738.8223421462,14182.0101596348,13325.1803791567,3300.0,76275000.0,0.0,0.0,3300.0,76275000.0,900.0,-900.0,0.0,0.0,19590000.0,-19590000.0,0.0,0.0
26/05/2022,13738.8223421462,22900.0,350.0,0.01528384,13502.4555061523,13738.8223421462,13000.175979665,1900.0,43275000.0,0.0,0.0,1900.0,43275000.0,-600.0,600.0,0.0,0.0,-14490000.0,14490000.0,0.0,0.0
25/05/2022,13532.0013606514,23150.0,-250.0,-0.01079914,12734.263289172,13650.1847786485,12734.263289172,4700.0,106020000.0,0.0,0.0,4700.0,106020000.0,-300.0,300.0,0.0,0.0,-8860000.0,8860000.0,0.0,0.0
24/05/2022,13679.7306331476,23350.0,-200.0,-0.00856531,13384.2720881552,13827.4599056437,13325.1803791567,4400.0,100015000.0,0.0,0.0,4400.0,100015000.0,400.0,-400.0,0.0,0.0,8700000.0,-8700000.0,0.0,0.0
23/05/2022,13797.9140511445,23700.0,-350.0,-0.01476793,13975.18917814,13975.18917814,13059.2676886636,1700.0,39160000.0,0.0,0.0,1700.0,39160000.0,-400.0,400.0,0.0,0.0,-10045000.0,10045000.0,0.0,0.0
20/05/2022,14004.7350326393,24500.0,-800.0,-0.03265306,14329.739432131,14359.2852866302,13502.4555061523,2700.0,65215000.0,0.0,0.0,2700.0,65215000.0,300.0,-300.0,0.0,0.0,7070000.0,-7070000.0,0.0,0.0
19/05/2022,14477.468704627,23100.0,1400.0,0.06060606,13709.2764876468,14595.6521226241,12734.263289172,7000.0,158880000.0,0.0,0.0,7000.0,158880000.0,200.0,-200.0,0.0,0.0,-1565000.0,1565000.0,0.0,0.0
18/05/2022,13650.1847786485,22700.0,400.0,0.01762115,13413.8179426545,14152.4643051354,12556.9881621765,5000.0,112150000.0,0.0,0.0,5000.0,112150000.0,700.0,-700.0,0.0,0.0,13345000.0,-13345000.0,0.0,0.0
17/05/2022,13413.8179426545,24250.0,-1550.0,-0.06391753,14241.1018686332,14241.1018686332,13354.726233656,3000.0,69065000.0,0.0,0.0,3000.0,69065000.0,1200.0,0.0,0.0,-1200.0,26375000.0,865000.0,0.0,-27240000.0
16/05/2022,14329.739432131,23400.0,850.0,0.03632479,13000.175979665,14654.7438316225,13000.175979665,3200.0,76310000.0,0.0,0.0,3200.0,76310000.0,-600.0,800.0,0.0,-200.0,-16440000.0,21120000.0,0.0,-4680000.0
13/05/2022,13827.4599056437,23349.0,51.0,0.00218425,14182.0101596348,14211.5560141339,12881.9925616682,4300.0,100360000.0,0.0,0.0,4300.0,100360000.0,-1500.0,1700.0,0.0,-200.0,-36280000.0,40960000.0,0.0,-4680000.0
12/05/2022,13797.621547185,24450.0,100.0,0.00408998,13038.8928674007,13910.0257960419,13038.8928674007,2200.0,52790000.0,0.0,0.0,2200.0,52790000.0,200.0,700.0,0.0,-900.0,4510000.0,17250000.0,0.0,-21760000.0
11/05/2022,13741.4194227566,23800.0,650.0,0.02731092,13994.3289826847,13994.3289826847,13263.7013651149,1400.0,33975000.0,0.0,0.0,1400.0,33975000.0,200.0,300.0,0.0,-500.0,4440000.0,7755000.0,0.0,-12195000.0
10/05/2022,13376.1056139716,25000.0,-1200.0,-0.048,13319.9034895431,14022.4300448988,13235.6003029005,4000.0,95985000.0,0.0,0.0,4000.0,95985000.0,1900.0,400.0,0.0,-2300.0,44925000.0,10255000.0,0.0,-55180000.0
09/05/2022,14050.5311071131,25000.0,0.0,0.0,13263.7013651149,14556.350226969,13263.7013651149,900.0,22395000.0,0.0,0.0,900.0,22395000.0,0.0,0.0,0.0,0.0,-665000.0,665000.0,0.0,0.0
06/05/2022,14050.5311071131,25000.0,0.0,0.0,13516.6109250428,14247.2385426127,13376.1056139716,5400.0,134560000.0,0.0,0.0,5400.0,134560000.0,4600.0,-200.0,0.0,-4400.0,114420000.0,-4420000.0,0.0,-110000000.0
05/05/2022,14050.5311071131,24950.0,50.0,0.00200401,14050.5311071131,14415.8449158981,13235.6003029005,3000.0,74120000.0,0.0,0.0,3000.0,74120000.0,100.0,-100.0,0.0,0.0,1100000.0,-1100000.0,0.0,0.0
04/05/2022,14022.4300448988,24700.0,250.0,0.01012146,13881.9247338277,14528.2491647548,13376.1056139716,1700.0,42180000.0,0.0,0.0,1700.0,42180000.0,-200.0,-100.0,0.0,300.0,-5705000.0,-1795000.0,0.0,7500000.0
29/04/2022,13881.9247338277,24700.0,0.0,0.0,13235.6003029005,13881.9247338277,13235.6003029005,1300.0,31630000.0,0.0,0.0,1300.0,31630000.0,-300.0,100.0,0.0,200.0,-7740000.0,2800000.0,0.0,4940000.0
28/04/2022,13881.9247338277,24600.0,100.0,0.00406504,13095.0949918293,14022.4300448988,13095.0949918293,1900.0,46275000.0,0.0,0.0,1900.0,46275000.0,-400.0,400.0,0.0,0.0,-10665000.0,10665000.0,0.0,0.0
27/04/2022,13825.7226093992,25000.0,-400.0,-0.016,13066.9939296152,13966.2279204706,13066.9939296152,1000.0,24140000.0,0.0,0.0,1000.0,24140000.0,-100.0,100.0,0.0,0.0,-3020000.0,3020000.0,0.0,0.0
26/04/2022,14050.5311071131,25650.0,-650.0,-0.02534113,13488.5098628285,14275.3396048269,13432.3077384001,1300.0,32065000.0,0.0,0.0,1300.0,32065000.0,100.0,-100.0,0.0,0.0,1880000.0,-1880000.0,0.0,0.0
25/04/2022,14415.8449158981,24950.0,700.0,0.02805611,13066.9939296152,14472.0470403266,13066.9939296152,1300.0,31570000.0,0.0,0.0,1300.0,31570000.0,100.0,-100.0,0.0,0.0,1130000.0,-1130000.0,0.0,0.0
22/04/2022,14022.4300448988,25050.0,-100.0,-0.00399202,14022.4300448988,14781.158724683,13488.5098628285,1200.0,29885000.0,0.0,0.0,1200.0,29885000.0,200.0,-100.0,0.0,-100.0,4575000.0,-2175000.0,0.0,-2400000.0
21/04/2022,14078.6321693273,25050.0,0.0,0.0,13207.4992406863,14443.9459781123,13095.0949918293,2000.0,48150000.0,0.0,0.0,2000.0,48150000.0,0.0,0.0,0.0,0.0,-1255000.0,1255000.0,0.0,0.0
20/04/2022,14078.6321693273,24950.0,100.0,0.00400802,13066.9939296152,14556.350226969,13066.9939296152,2600.0,62770000.0,0.0,0.0,2600.0,62770000.0,300.0,-300.0,0.0,0.0,5445000.0,-5445000.0,0.0,0.0
19/04/2022,14022.4300448988,24950.0,0.0,0.0,13488.5098628285,14696.8555380403,13488.5098628285,700.0,17125000.0,0.0,0.0,700.0,17125000.0,200.0,-200.0,0.0,0.0,4590000.0,-4590000.0,0.0,0.0
18/04/2022,14022.4300448988,25550.0,-600.0,-0.02348337,14359.6427914695,14359.6427914695,13516.6109250428,2000.0,49285000.0,0.0,0.0,2000.0,49285000.0,400.0,-400.0,0.0,0.0,9555000.0,-9555000.0,0.0,0.0
15/04/2022,14359.6427914695,25250.0,300.0,0.01188119,13207.4992406863,14584.4512891833,13207.4992406863,3500.0,87605000.0,0.0,0.0,3500.0,87605000.0,200.0,-200.0,0.0,0.0,3025000.0,-3025000.0,0.0,0.0
14/04/2022,14191.0364181842,25500.0,-250.0,-0.00980392,14303.440667041,14331.5417292553,13376.1056139716,2100.0,51915000.0,0.0,0.0,2100.0,51915000.0,300.0,-300.0,0.0,0.0,6305000.0,-6305000.0,0.0,0.0
13/04/2022,14331.5417292553,26800.0,-1300.0,-0.04850746,14022.4300448988,14977.8661601826,14022.4300448988,2800.0,70595000.0,0.0,0.0,2800.0,70595000.0,300.0,-300.0,0.0,0.0,6815000.0,-6815000.0,0.0,0.0
12/04/2022,15062.1693468252,27200.0,-400.0,-0.01470588,14219.1374803984,15258.8767823247,14219.1374803984,2000.0,52400000.0,0.0,0.0,2000.0,52400000.0,0.0,0.0,0.0,0.0,-1800000.0,1800000.0,0.0,0.0
08/04/2022,15286.977844539,26850.0,350.0,0.01303538,14050.5311071131,15455.5842178243,14050.5311071131,1500.0,40110000.0,0.0,0.0,1500.0,40110000.0,-500.0,500.0,0.0,0.0,-14670000.0,14670000.0,0.0,0.0
07/04/2022,15090.2704090394,25700.0,1150.0,0.04474708,13600.9141116855,15174.5735956822,13600.9141116855,5000.0,126605000.0,0.0,0.0,5000.0,126605000.0,400.0,-400.0,0.0,0.0,5740000.0,-5740000.0,0.0,0.0
06/04/2022,14443.9459781123,27500.0,-1800.0,-0.06545455,14387.7438536837,15174.5735956822,14387.7438536837,4000.0,104290000.0,0.0,0.0,4000.0,104290000.0,400.0,-400.0,0.0,0.0,8510000.0,-8510000.0,0.0,0.0
05/04/2022,15455.5842178243,27800.0,-300.0,-0.01079137,14556.350226969,15455.5842178243,14556.350226969,500.0,13375000.0,0.0,0.0,500.0,13375000.0,-300.0,300.0,0.0,0.0,-8195000.0,8195000.0,0.0,0.0
04/04/2022,15624.1905911097,26100.0,1700.0,0.0651341,13657.116236114,15680.3927155382,13657.116236114,5800.0,148395000.0,0.0,0.0,5800.0,148395000.0,-1900.0,1900.0,0.0,0.0,-53595000.0,53595000.0,0.0,0.0
01/04/2022,14668.7544758261,27800.0,-1700.0,-0.06115108,14668.7544758261,14668.7544758261,14556.350226969,3100.0,80870000.0,0.0,0.0,3100.0,80870000.0,-300.0,300.0,0.0,0.0,-7830000.0,7830000.0,0.0,0.0
31/03/2022,15624.1905911097,26200.0,1600.0,0.0610687,15680.3927155382,15680.3927155382,13713.3183605425,2900.0,75650000.0,0.0,0.0,2900.0,75650000.0,200.0,-200.0,0.0,0.0,1390000.0,-1390000.0,0.0,0.0
30/03/2022,14724.9566002545,26000.0,200.0,0.00769231,14612.5523513975,15146.472533468,14612.5523513975,6700.0,176635000.0,0.0,0.0,6700.0,176635000.0,800.0,-800.0,0.0,0.0,20995000.0,-20995000.0,0.0,0.0
29/03/2022,14162.4857389746,25850.0,150.0,0.00580271,13999.0724419863,14325.8990359627,13100.2993085515,5200.0,134225000.0,0.0,0.0,5200.0,134225000.0,-100.0,100.0,0.0,0.0,-3105000.0,3105000.0,0.0,0.0
28/03/2022,14080.7790904804,26000.0,-150.0,-0.00576923,14162.4857389746,14162.4857389746,14080.7790904804,2100.0,54570000.0,0.0,0.0,2100.0,54570000.0,100.0,-100.0,0.0,0.0,2585000.0,-2585000.0,0.0,0.0
25/03/2022,14162.4857389746,25600.0,400.0,0.015625,13617.774749014,14707.1967289352,13617.774749014,2400.0,62250000.0,0.0,0.0,2400.0,62250000.0,-900.0,900.0,0.0,0.0,-23190000.0,23190000.0,0.0,0.0
24/03/2022,13944.6013429904,24600.0,1000.0,0.04065041,12637.294967085,13944.6013429904,12637.294967085,3800.0,92685000.0,0.0,0.0,3800.0,92685000.0,0.0,0.0,0.0,0.0,-3135000.0,3135000.0,0.0,0.0
23/03/2022,13399.8903530298,24600.0,0.0,0.0,13372.6548035318,13617.774749014,12528.352769093,2200.0,53875000.0,0.0,0.0,2200.0,53875000.0,1200.0,-1200.0,0.0,0.0,29210000.0,-29210000.0,0.0,0.0
22/03/2022,13399.8903530298,25000.0,-400.0,-0.016,13645.010298512,13645.010298512,13345.4192540338,2800.0,69345000.0,0.0,0.0,2800.0,69345000.0,400.0,-400.0,0.0,0.0,9870000.0,-9870000.0,0.0,0.0
21/03/2022,13617.774749014,23700.0,1300.0,0.05485232,12936.8860115632,13808.4235955002,12936.8860115632,6000.0,149835000.0,0.0,0.0,6000.0,149835000.0,-500.0,500.0,0.0,0.0,-12210000.0,12210000.0,0.0,0.0
18/03/2022,12909.6504620652,23700.0,0.0,0.0,12473.8816700969,12909.6504620652,12473.8816700969,3300.0,77900000.0,0.0,0.0,3300.0,77900000.0,-1100.0,1100.0,0.0,0.0,-26185000.0,26185000.0,0.0,0.0
17/03/2022,12909.6504620652,23700.0,0.0,0.0,12473.8816700969,12909.6504620652,12419.4105711008,4000.0,92630000.0,0.0,0.0,4000.0,92630000.0,400.0,-400.0,0.0,0.0,8940000.0,-8940000.0,0.0,0.0
15/03/2022,12909.6504620652,23800.0,-100.0,-0.00420168,12419.4105711008,12964.1215610612,12364.9394721047,3600.0,85250000.0,0.0,0.0,3600.0,85250000.0,100.0,0.0,0.0,-100.0,2080000.0,205000.0,0.0,-2285000.0
14/03/2022,12964.1215610612,23600.0,200.0,0.00847458,12419.4105711008,13018.5926600574,12310.4683731087,5700.0,132135000.0,0.0,0.0,5700.0,132135000.0,100.0,-100.0,0.0,0.0,1315000.0,-1315000.0,0.0,0.0
11/03/2022,12855.1793630693,23600.0,0.0,0.0,12419.4105711008,12855.1793630693,12364.9394721047,2300.0,53870000.0,0.0,0.0,2300.0,53870000.0,-300.0,300.0,0.0,0.0,-7080000.0,7080000.0,0.0,0.0
10/03/2022,12855.1793630693,23350.0,250.0,0.01070664,12419.4105711008,12936.8860115632,12337.7039226066,2700.0,62435000.0,0.0,0.0,2700.0,62435000.0,-100.0,100.0,0.0,0.0,-2555000.0,2555000.0,0.0,0.0
09/03/2022,12719.001615579,23600.0,-250.0,-0.01059322,11983.6417791323,12719.001615579,11983.6417791323,600.0,13335000.0,0.0,0.0,600.0,13335000.0,-100.0,100.0,0.0,0.0,-2335000.0,2335000.0,0.0,0.0
08/03/2022,12855.1793630693,23650.0,-50.0,-0.00211416,12909.6504620652,12909.6504620652,12855.1793630693,700.0,16550000.0,0.0,0.0,700.0,16550000.0,-100.0,100.0,0.0,0.0,-2360000.0,2360000.0,0.0,0.0
04/03/2022,12855.1793630693,23500.0,100.0,0.00425532,13073.0637590536,13073.0637590536,12092.5839771244,3300.0,76580000.0,0.0,0.0,3300.0,76580000.0,-200.0,200.0,0.0,0.0,-4855000.0,4870000.0,0.0,-15000.0
03/03/2022,12800.7082640731,23000.0,500.0,0.02173913,12255.9972741127,13018.5926600574,12255.9972741127,1700.0,39790000.0,0.0,0.0,1700.0,39790000.0,-400.0,400.0,0.0,0.0,-9640000.0,9640000.0,0.0,0.0
25/02/2022,12419.4105711008,22800.0,0.0,0.0,13127.5348580495,13127.5348580495,11983.6417791323,700.0,16500000.0,0.0,0.0,700.0,16500000.0,-100.0,100.0,0.0,0.0,-2740000.0,2740000.0,0.0,0.0
24/02/2022,12419.4105711008,24000.0,-1200.0,-0.05,13944.6013429904,13944.6013429904,12419.4105711008,3600.0,91295000.0,0.0,0.0,3600.0,91295000.0,-700.0,700.0,0.0,0.0,-18300000.0,18300000.0,0.0,0.0
22/02/2022,13045.8282095555,22400.0,1550.0,0.06919643,12201.5261751164,13045.8282095555,12119.8195266224,1200.0,27470000.0,0.0,0.0,1200.0,27470000.0,-100.0,100.0,0.0,0.0,-2735000.0,2735000.0,0.0,0.0
21/02/2022,12201.5261751164,23800.0,-1400.0,-0.05882353,12964.1215610612,12964.1215610612,12065.3484276263,4200.0,95740000.0,0.0,0.0,4200.0,95740000.0,-100.0,-100.0,0.0,200.0,-2660000.0,-2100000.0,0.0,4760000.0
18/02/2022,12964.1215610612,23500.0,300.0,0.01276596,13372.6548035318,13372.6548035318,12964.1215610612,4000.0,95485000.0,0.0,0.0,4000.0,95485000.0,-3100.0,0.0,0.0,3100.0,-73805000.0,0.0,0.0,73805000.0
17/02/2022,12800.7082640731,22050.0,1450.0,0.06575964,12010.8773286305,12827.9438135711,12010.8773286305,300.0,6910000.0,0.0,0.0,300.0,6910000.0,-200.0,200.0,0.0,0.0,-4705000.0,4705000.0,0.0,0.0
15/02/2022,11983.6417791323,23600.0,-1600.0,-0.06779661,12038.1128781284,13018.5926600574,11983.6417791323,4100.0,90900000.0,0.0,0.0,4100.0,90900000.0,-1600.0,200.0,0.0,1400.0,-35880000.0,4590000.0,0.0,31290000.0
10/02/2022,13018.5926600574,22450.0,1450.0,0.06458797,12228.7617246146,13018.5926600574,11711.2862841521,4500.0,106530000.0,0.0,0.0,4500.0,106530000.0,100.0,-100.0,0.0,0.0,1605000.0,-1605000.0,0.0,0.0
09/02/2022,12228.7617246146,21000.0,1450.0,0.06904762,12228.7617246146,12228.7617246146,12201.5261751164,4800.0,107590000.0,0.0,0.0,4800.0,107590000.0,100.0,-100.0,-100.0,0.0,2240000.0,-2240000.0,-2240000.0,0.0
08/02/2022,11438.9307891718,21900.0,-900.0,-0.04109589,11438.9307891718,11438.9307891718,11438.9307891718,2300.0,48300000.0,0.0,0.0,2300.0,48300000.0,-1800.0,0.0,0.0,1800.0,-37800000.0,0.0,0.0,37800000.0
28/01/2022,11956.4062296343,22150.0,-200.0,-0.00902935,11956.4062296343,11956.4062296343,11956.4062296343,4100.0,89995000.0,0.0,0.0,4100.0,89995000.0,-2100.0,0.0,0.0,2100.0,-46095000.0,0.0,0.0,46095000.0
27/01/2022,12065.3484276263,22200.0,-50.0,-0.00225225,11248.2819426855,12174.2906256185,11248.2819426855,1900.0,40650000.0,0.0,0.0,1900.0,40650000.0,0.0,100.0,0.0,-100.0,-170000.0,2235000.0,0.0,-2065000.0
26/01/2022,12092.5839771244,21000.0,1200.0,0.05714286,11166.5752941915,12119.8195266224,10921.4553487092,1200.0,24875000.0,0.0,0.0,1200.0,24875000.0,-100.0,-200.0,0.0,300.0,-2140000.0,-4010000.0,0.0,6150000.0
24/01/2022,11438.9307891718,21650.0,-650.0,-0.03002309,11711.2862841521,11711.2862841521,11438.9307891718,3400.0,72460000.0,0.0,0.0,3400.0,72460000.0,-3100.0,100.0,0.0,3000.0,-66110000.0,2150000.0,0.0,63960000.0
19/01/2022,11711.2862841521,21500.0,0.0,0.0,11384.4596901757,11711.2862841521,11384.4596901757,1000.0,21440000.0,0.0,0.0,1000.0,21440000.0,0.0,0.0,0.0,0.0,-60000.0,60000.0,0.0,0.0
18/01/2022,11711.2862841521,23000.0,-1500.0,-0.06521739,13018.5926600574,13018.5926600574,11656.8151851561,1700.0,38585000.0,0.0,0.0,1700.0,38585000.0,-100.0,100.0,0.0,0.0,-3130000.0,3130000.0,0.0,0.0
06/01/2022,13073.0637590536,23900.0,100.0,0.0041841,12446.6461205988,13073.0637590536,12419.4105711008,6200.0,146820000.0,0.0,0.0,6200.0,146820000.0,-100.0,100.0,0.0,0.0,-2390000.0,2390000.0,0.0,0.0
05/01/2022,13018.5926600574,24000.0,-100.0,-0.00416667,13073.0637590536,13073.0637590536,12310.4683731087,2400.0,55550000.0,0.0,0.0,2400.0,55550000.0,400.0,-400.0,0.0,0.0,9560000.0,-9560000.0,0.0,0.0
04/01/2022,13073.0637590536,24000.0,0.0,0.0,13073.0637590536,13073.0637590536,12337.7039226066,2000.0,47865000.0,0.0,0.0,2000.0,47865000.0,0.0,0.0,0.0,0.0,-135000.0,135000.0,0.0,0.0
31/12/2021,13073.0637590536,23500.0,500.0,0.0212766,11983.6417791323,13073.0637590536,11929.1706801363,2700.0,62660000.0,0.0,0.0,2700.0,62660000.0,-200.0,200.0,0.0,0.0,-4800000.0,4800000.0,0.0,0.0
30/12/2021,12800.7082640731,22000.0,1500.0,0.06818182,12501.1172195949,12800.7082640731,12501.1172195949,4500.0,104730000.0,0.0,0.0,4500.0,104730000.0,-100.0,100.0,0.0,0.0,-2295000.0,2295000.0,0.0,0.0
29/12/2021,11983.6417791323,23000.0,-1000.0,-0.04347826,11983.6417791323,11983.6417791323,11983.6417791323,200.0,4400000.0,0.0,0.0,200.0,4400000.0,200.0,-200.0,0.0,0.0,4400000.0,-4400000.0,0.0,0.0
28/12/2021,12528.352769093,23500.0,-500.0,-0.0212766,11929.1706801363,12800.7082640731,11929.1706801363,2300.0,53440000.0,0.0,0.0,2300.0,53440000.0,-400.0,400.0,0.0,0.0,-9350000.0,9350000.0,0.0,0.0
27/12/2021,12800.7082640731,24000.0,-500.0,-0.02083333,13073.0637590536,13073.0637590536,12528.352769093,4700.0,111700000.0,0.0,0.0,4700.0,111700000.0,0.0,0.0,0.0,0.0,-100000.0,100000.0,0.0,0.0
24/12/2021,13073.0637590536,23300.0,700.0,0.03004292,12691.766066081,13073.0637590536,11820.2284821442,7400.0,164290000.0,0.0,0.0,7400.0,164290000.0,-200.0,200.0,0.0,0.0,-4750000.0,4750000.0,0.0,0.0
22/12/2021,13617.774749014,24500.0,500.0,0.02040816,12964.1215610612,13617.774749014,12419.4105711008,4000.0,94380000.0,0.0,0.0,4000.0,94380000.0,-100.0,100.0,0.0,0.0,-2430000.0,2430000.0,0.0,0.0
10/12/2021,13446.2888351545,24600.0,1700.0,0.06910569,13446.2888351545,13446.2888351545,13062.839533772,10300.0,267780000.0,0.0,0.0,10300.0,267780000.0,-2000.0,0.0,0.0,2000.0,-51985000.0,0.0,0.0,51985000.0
09/12/2021,12577.1370853537,23000.0,1600.0,0.06956522,11963.6182031414,12577.1370853537,11963.6182031414,15500.0,379950000.0,0.0,0.0,15500.0,379950000.0,-300.0,-100.0,-100.0,400.0,-7330000.0,-2460000.0,-2460000.0,9790000.0
01/12/2021,12474.8839383183,26200.0,-1800.0,-0.06870229,12474.8839383183,12500.4472250772,12474.8839383183,4200.0,102520000.0,0.0,0.0,4200.0,102520000.0,1800.0,0.0,0.0,-1800.0,43920000.0,0.0,0.0,-43920000.0
26/11/2021,12653.8269456303,26600.0,-1850.0,-0.06954887,12653.8269456303,12653.8269456303,12653.8269456303,9400.0,232650000.0,0.0,0.0,9400.0,232650000.0,1700.0,0.0,0.0,-1700.0,42075000.0,0.0,0.0,-42075000.0
24/11/2021,14622.2000260618,30700.0,-2100.0,-0.06840391,14622.2000260618,14622.2000260618,14622.2000260618,4900.0,140140000.0,0.0,0.0,4900.0,140140000.0,100.0,0.0,0.0,-100.0,2860000.0,0.0,0.0,-2860000.0
22/11/2021,16871.7692608404,33900.0,-900.0,-0.02654867,17280.7818489819,17280.7818489819,16871.7692608404,700.0,23400000.0,0.0,0.0,700.0,23400000.0,-300.0,0.0,0.0,300.0,-10080000.0,0.0,0.0,10080000.0
19/11/2021,17331.9084224996,36400.0,-2500.0,-0.06868132,19837.1105248669,19837.1105248669,17331.9084224996,3600.0,127905000.0,0.0,0.0,3600.0,127905000.0,1400.0,0.0,0.0,-1400.0,45640000.0,0.0,0.0,-45640000.0
18/11/2021,18610.0727604421,34100.0,2300.0,0.06744868,17434.161569535,18635.636047201,17434.161569535,19700.0,682555000.0,0.0,0.0,19700.0,682555000.0,13400.0,0.0,0.0,-13400.0,456940000.0,0.0,0.0,-456940000.0
17/11/2021,17434.161569535,31900.0,2200.0,0.06896552,17434.161569535,17434.161569535,16309.3769521458,4600.0,154430000.0,0.0,0.0,4600.0,154430000.0,0.0,0.0,0.0,0.0,-660000.0,0.0,0.0,660000.0
15/11/2021,15261.2821950328,27900.0,1950.0,0.06989247,15261.2821950328,15261.2821950328,15261.2821950328,7600.0,226860000.0,0.0,0.0,7600.0,226860000.0,100.0,0.0,0.0,-100.0,2985000.0,0.0,0.0,-2985000.0
08/11/2021,10941.0867327873,20000.0,1400.0,0.07,10250.8779902985,10941.0867327873,10250.8779902985,6000.0,127280000.0,0.0,0.0,6000.0,127280000.0,-200.0,0.0,0.0,200.0,-4010000.0,0.0,0.0,4010000.0
04/11/2021,10429.8209976105,19100.0,1300.0,0.06806283,9765.1755418803,10429.8209976105,9765.1755418803,8700.0,168990000.0,0.0,0.0,8700.0,168990000.0,-2400.0,0.0,0.0,2400.0,-45840000.0,0.0,0.0,45840000.0
03/11/2021,9765.1755418803,19100.0,0.0,0.0,9765.1755418803,9765.1755418803,9765.1755418803,3500.0,66850000.0,0.0,0.0,3500.0,66850000.0,-1100.0,0.0,0.0,1100.0,-21010000.0,0.0,0.0,21010000.0
02/11/2021,9765.1755418803,19150.0,-50.0,-0.00261097,9765.1755418803,9765.1755418803,9765.1755418803,1400.0,26740000.0,0.0,0.0,1400.0,26740000.0,-500.0,0.0,0.0,500.0,-9550000.0,0.0,0.0,9550000.0
01/11/2021,9790.7388286391,18600.0,550.0,0.02956989,9509.5426742918,9790.7388286391,9509.5426742918,4500.0,84545000.0,0.0,0.0,4500.0,84545000.0,-1000.0,0.0,0.0,1000.0,-18600000.0,0.0,0.0,18600000.0
29/10/2021,9509.5426742918,18500.0,100.0,0.00540541,9483.979387533,9509.5426742918,9458.4161007742,4500.0,83335000.0,0.0,0.0,4500.0,83335000.0,-2000.0,0.0,0.0,2000.0,-37000000.0,0.0,0.0,37000000.0
28/10/2021,9458.4161007742,18750.0,-250.0,-0.01333333,9560.6692478095,9560.6692478095,9458.4161007742,2700.0,50270000.0,0.0,0.0,2700.0,50270000.0,-500.0,0.0,0.0,500.0,-9250000.0,0.0,0.0,9250000.0
26/10/2021,9253.9098067035,18100.0,0.0,0.0,9253.9098067035,9253.9098067035,9253.9098067035,7600.0,137560000.0,0.0,0.0,7600.0,137560000.0,6400.0,0.0,0.0,-6400.0,115840000.0,0.0,0.0,-115840000.0
01/10/2021,8972.713652356,18500.0,-950.0,-0.05135135,10097.4982697455,10097.4982697455,8819.3339318029,11000.0,207530000.0,0.0,0.0,11000.0,207530000.0,0.0,0.0,0.0,0.0,-9270000.0,0.0,0.0,9270000.0
29/09/2021,9458.4161007742,18900.0,-400.0,-0.02116402,9458.4161007742,9458.4161007742,9458.4161007742,700.0,12950000.0,0.0,0.0,700.0,12950000.0,-600.0,0.0,0.0,600.0,-11100000.0,0.0,0.0,11100000.0
28/09/2021,9662.922394845,18950.0,-50.0,-0.00263852,9458.4161007742,9662.922394845,9458.4161007742,3100.0,57390000.0,0.0,0.0,3100.0,57390000.0,-3000.0,0.0,0.0,3000.0,-55500000.0,0.0,0.0,55500000.0
27/09/2021,9688.4856816038,18950.0,0.0,0.0,9714.0489683626,9714.0489683626,9458.4161007742,2900.0,54195000.0,0.0,0.0,2900.0,54195000.0,-1000.0,0.0,0.0,1000.0,-19000000.0,0.0,0.0,19000000.0
24/09/2021,9688.4856816038,19000.0,-50.0,-0.00263158,10378.6944240927,10378.6944240927,9356.1629537388,1000.0,19195000.0,0.0,0.0,1000.0,19195000.0,100.0,0.0,0.0,-100.0,1900000.0,0.0,0.0,-1900000.0
10/09/2021,9432.8528140153,18900.0,-450.0,-0.02380952,9662.922394845,9714.0489683626,9356.1629537388,3300.0,61525000.0,0.0,0.0,3300.0,61525000.0,600.0,0.0,0.0,-600.0,10990000.0,0.0,0.0,-10990000.0
17/08/2021,9228.3465199447,19000.0,-950.0,-0.05,9253.9098067035,9253.9098067035,9228.3465199447,800.0,14475000.0,0.0,0.0,800.0,14475000.0,700.0,0.0,0.0,-700.0,12670000.0,0.0,0.0,-12670000.0
13/08/2021,9458.4161007742,19400.0,-900.0,-0.04639175,9918.5552624334,9918.5552624334,9458.4161007742,3200.0,60810000.0,0.0,0.0,3200.0,60810000.0,-1300.0,0.0,0.0,1300.0,-25220000.0,0.0,0.0,25220000.0
06/08/2021,9611.7958213272,18100.0,700.0,0.03867403,9253.9098067035,9611.7958213272,9253.9098067035,1100.0,20605000.0,0.0,0.0,1100.0,20605000.0,-200.0,0.0,0.0,200.0,-3685000.0,0.0,0.0,3685000.0
02/08/2021,9202.7832331857,18000.0,0.0,0.0,9228.3465199447,9228.3465199447,9202.7832331857,1800.0,32405000.0,0.0,0.0,1800.0,32405000.0,1100.0,0.0,0.0,-1100.0,19805000.0,0.0,0.0,-19805000.0
30/06/2021,9305.0363802209,19000.0,-800.0,-0.0421,9714.0489683626,9714.0489683626,9305.0363802209,200.0,3720000.0,0.0,0.0,200.0,3720000.0,-100.0,0.0,0.0,100.0,-1900000.0,0.0,0.0,1900000.0
04/05/2021,9202.7832331857,19300.0,-1300.0,-0.06735751,9177.2199464268,9867.4286889158,9177.2199464268,600.0,10925000.0,0.0,0.0,600.0,10925000.0,100.0,-100.0,-100.0,0.0,1800000.0,-1800000.0,-1800000.0,0.0
26/04/2021,9484.4114070793,19350.0,0.0,0.0,9508.9189300951,9508.9189300951,9484.4114070793,3500.0,67745000.0,0.0,0.0,3500.0,67745000.0,1000.0,0.0,0.0,-1000.0,19350000.0,0.0,0.0,-19350000.0
23/04/2021,9484.4114070793,20550.0,-1200.0,-0.05839416,10072.5919594563,10072.5919594563,9484.4114070793,300.0,5925000.0,0.0,0.0,300.0,5925000.0,-100.0,0.0,0.0,100.0,-2055000.0,0.0,0.0,2055000.0
31/03/2021,10195.1295745346,20800.0,0.0,0.0,10734.2950808804,10734.2950808804,10195.1295745346,1500.0,31410000.0,0.0,0.0,1500.0,31410000.0,1200.0,0.0,0.0,-1200.0,24960000.0,0.0,0.0,-24960000.0
04/03/2021,9901.0392983461,20200.0,0.0,0.0,9901.0392983461,9901.0392983461,9901.0392983461,1600.0,32320000.0,0.0,0.0,1600.0,32320000.0,-600.0,0.0,0.0,600.0,-12120000.0,0.0,0.0,12120000.0
02/03/2021,9803.0092062836,20000.0,0.0,0.0,9116.7985618435,9803.0092062836,9116.7985618435,300.0,5720000.0,0.0,0.0,300.0,5720000.0,100.0,0.0,0.0,-100.0,2000000.0,0.0,0.0,-2000000.0
29/01/2021,10807.8176499275,20650.0,1400.0,0.06779661,10807.8176499275,10807.8176499275,10121.6070054877,10400.0,229000000.0,0.0,0.0,10400.0,229000000.0,2200.0,0.0,0.0,-2200.0,48510000.0,0.0,0.0,-48510000.0
28/01/2021,10121.6070054877,19300.0,1350.0,0.06994819,9459.9038840635,10121.6070054877,9459.9038840635,900.0,18445000.0,0.0,0.0,900.0,18445000.0,100.0,0.0,0.0,-100.0,2065000.0,0.0,0.0,-2065000.0
30/12/2020,9901.0392983461,21000.0,-800.0,-0.03809524,10293.1596665976,10293.1596665976,9901.0392983461,3060.0,62700000.0,0.0,0.0,3060.0,62700000.0,950.0,0.0,0.0,-950.0,19190000.0,0.0,0.0,-19190000.0
28/12/2020,10881.3402189747,22200.0,0.0,0.0,10881.3402189747,10979.3703110375,10881.3402189747,1530.0,34186000.0,0.0,0.0,1530.0,34186000.0,300.0,-300.0,0.0,0.0,6660000.0,-6660000.0,0.0,0.0
23/12/2020,10783.3101269117,21400.0,600.0,0.02803738,10489.2198507233,10783.3101269117,10489.2198507233,430.0,9382000.0,0.0,0.0,430.0,9382000.0,-300.0,300.0,0.0,0.0,-6600000.0,6600000.0,0.0,0.0
12/11/2020,12596.8668300742,24100.0,1600.0,0.06639004,11028.3853570688,12596.8668300742,11028.3853570688,1700.0,39000000.0,0.0,0.0,1700.0,39000000.0,1590.0,0.0,0.0,-1590.0,35775000.0,0.0,0.0,-35775000.0
11/11/2020,11812.6260935715,25900.0,-1800.0,-0.06949807,11812.6260935715,11812.6260935715,11812.6260935715,500.0,12000000.0,0.0,0.0,500.0,12000000.0,500.0,0.0,0.0,-500.0,12050000.0,0.0,0.0,-12050000.0
10/11/2020,12694.8969221371,25650.0,250.0,0.00974659,12694.8969221371,12694.8969221371,12694.8969221371,10.0,259000.0,0.0,0.0,10.0,259000.0,10.0,0.0,0.0,-10.0,259000.0,0.0,0.0,-259000.0
09/11/2020,12572.3593070585,24000.0,1650.0,0.06875,10954.8627880217,12572.3593070585,10954.8627880217,38710.0,867961500.0,621810.0,14061727000.0,660520.0,14929688500.0,100.0,0.0,0.0,-100.0,2565000.0,0.0,0.0,-2565000.0
04/11/2020,11763.6110475401,22450.0,1550.0,0.06904232,11763.6110475401,11763.6110475401,11763.6110475401,100.0,2400000.0,0.0,0.0,100.0,2400000.0,100.0,0.0,0.0,-100.0,2400000.0,0.0,0.0,-2400000.0
28/10/2020,11003.8778340531,21000.0,1450.0,0.06904762,11003.8778340531,11003.8778340531,11003.8778340531,70.0,1571500.0,0.0,0.0,70.0,1571500.0,70.0,0.0,0.0,-70.0,1571500.0,0.0,0.0,-1571500.0
21/09/2020,10783.3101269117,22000.0,0.0,0.0,10783.3101269117,10783.3101269117,10783.3101269117,1600.0,35200000.0,0.0,0.0,1600.0,35200000.0,-300.0,0.0,0.0,300.0,-6600000.0,0.0,0.0,6600000.0
27/07/2020,9777.0214288775,22000.0,-1400.0,-0.06363636,9729.5601598054,9777.0214288775,9729.5601598054,12520.0,257870000.0,0.0,0.0,12520.0,257870000.0,-12100.0,0.0,0.0,0.0,-249260000.0,0.0,0.0,0.0
16/07/2020,11153.3982319721,22000.0,1500.0,0.06818182,10488.940464961,11153.3982319721,10488.940464961,24170.0,534745000.0,0.0,0.0,24170.0,534745000.0,-23750.0,0.0,0.0,0.0,-524875000.0,0.0,0.0,0.0
06/07/2020,9966.8665051665,20000.0,1000.0,0.05,10156.7115814554,10156.7115814554,9966.8665051665,25040.0,535528000.0,0.0,0.0,25040.0,535528000.0,24140.0,0.0,0.0,-24140.0,516596000.0,0.0,0.0,-516596000.0
19/06/2020,10821.1693484664,21950.0,850.0,0.03872437,9729.5601598054,10821.1693484664,9729.5601598054,5330.0,120120000.0,0.0,0.0,5330.0,120120000.0,220.0,0.0,0.0,0.0,4510000.0,0.0,0.0,0.0
18/06/2020,10417.7485613527,20550.0,1400.0,0.06812652,9753.2907943414,10417.7485613527,9492.2538144442,19120.0,386747500.0,196688.0,3933760000.0,215808.0,4320507500.0,-17260.0,0.0,0.0,0.0,-345920500.0,0.0,0.0,0.0
16/06/2020,9136.2942964027,18000.0,1250.0,0.06944444,8543.0284329997,9136.2942964027,7949.7625695972,141710.0,2715180000.0,237900.0,4483635000.0,379610.0,7198815000.0,-141390.0,0.0,0.0,0.0,-2709820000.0,0.0,0.0,0.0
24/04/2020,8146.5488564878,16500.0,1150.0,0.06969697,8146.5488564878,8146.5488564878,8146.5488564878,78260.0,1381289000.0,0.0,0.0,78260.0,1381289000.0,78140.0,0.0,0.0,-78140.0,1379171000.0,0.0,0.0,-1379171000.0
23/04/2020,7615.7538885012,16500.0,0.0,0.0,8146.5488564878,8146.5488564878,7615.7538885012,1490.0,26287000.0,0.0,0.0,1490.0,26287000.0,1410.0,0.0,0.0,-1410.0,24886500.0,0.0,0.0,-24886500.0
22/04/2020,7615.7538885012,16200.0,300.0,0.01851852,7892.6903935378,7985.0025618832,7615.7538885012,1410.0,24000000.0,0.0,0.0,1410.0,24000000.0,1380.0,0.0,0.0,-1370.0,23598000.0,0.0,0.0,-23427000.0
21/04/2020,7477.285635983,17100.0,-900.0,-0.05263158,8423.4853615242,8423.4853615242,7477.285635983,1370.0,23000000.0,0.0,0.0,1370.0,23000000.0,-10.0,0.0,0.0,10.0,-182500.0,0.0,0.0,182500.0
20/04/2020,7892.6903935378,16000.0,1100.0,0.06875,7892.6903935378,7892.6903935378,7892.6903935378,740.0,13000000.0,0.0,0.0,740.0,13000000.0,740.0,0.0,0.0,-740.0,12654000.0,0.0,0.0,-12654000.0
17/04/2020,7384.9734676376,16500.0,-500.0,-0.03030303,8146.5488564878,8146.5488564878,7384.9734676376,740.0,13000000.0,0.0,0.0,740.0,13000000.0,-20.0,0.0,0.0,10.0,-336500.0,0.0,0.0,176500.0
16/04/2020,7615.7538885012,17000.0,-500.0,-0.02941176,8377.3292773515,8377.3292773515,7615.7538885012,620.0,11000000.0,0.0,0.0,620.0,11000000.0,-10.0,0.0,0.0,10.0,-181500.0,0.0,0.0,181500.0
15/04/2020,7846.5343093649,18050.0,-1050.0,-0.05817175,8908.124245338,8908.124245338,7846.5343093649,170.0,3000000.0,0.0,0.0,170.0,3000000.0,40.0,0.0,0.0,10.0,762000.0,0.0,0.0,193000.0
14/04/2020,8331.1731931787,16900.0,1150.0,0.06804734,8331.1731931787,8331.1731931787,8331.1731931787,260.0,5000000.0,0.0,0.0,260.0,5000000.0,-10.0,0.0,0.0,10.0,-180500.0,0.0,0.0,180500.0
13/04/2020,7800.3782251922,18100.0,-1200.0,-0.06629834,8354.2512352651,8354.2512352651,7800.3782251922,2920.0,53000000.0,0.0,0.0,2920.0,53000000.0,2740.0,0.0,0.0,-2740.0,49594000.0,0.0,0.0,-49594000.0
10/04/2020,8354.2512352651,18900.0,-800.0,-0.04232804,9323.5290028924,9323.5290028924,8308.0951510924,2570.0,46000000.0,0.0,0.0,2570.0,46000000.0,1980.0,0.0,0.0,10.0,35635000.0,0.0,0.0,202000.0
06/04/2020,9369.6850870652,19000.0,1300.0,0.06842105,9369.6850870652,9369.6850870652,9369.6850870652,310.0,6293000.0,0.0,0.0,310.0,6293000.0,-10.0,0.0,0.0,10.0,-203000.0,0.0,0.0,203000.0
01/04/2020,9323.5290028924,19000.0,1200.0,0.06315789,9369.6850870652,9369.6850870652,9323.5290028924,20.0,410000.0,0.0,0.0,20.0,410000.0,-10.0,0.0,0.0,10.0,-203000.0,0.0,0.0,203000.0
31/03/2020,8769.6559928196,17800.0,1200.0,0.06741573,8769.6559928196,8769.6559928196,8769.6559928196,10.0,190000.0,0.0,0.0,10.0,190000.0,-10.0,0.0,0.0,10.0,-190000.0,0.0,0.0,190000.0
30/03/2020,8215.782982747,19050.0,-1250.0,-0.0656168,9392.7631291515,9392.7631291515,8215.782982747,210.0,4000000.0,0.0,0.0,210.0,4000000.0,-10.0,0.0,0.0,10.0,-203500.0,0.0,0.0,203500.0
27/03/2020,8792.734034906,19400.0,-350.0,-0.01804124,8954.2803295106,9577.3874658426,8769.6559928196,1090.0,21000000.0,0.0,0.0,1090.0,21000000.0,1030.0,0.0,0.0,-1030.0,19982000.0,0.0,0.0,-19982000.0
26/03/2020,8954.2803295106,18150.0,1250.0,0.06887052,8954.2803295106,8954.2803295106,8954.2803295106,10.0,190000.0,0.0,0.0,10.0,190000.0,-10.0,0.0,0.0,10.0,-194000.0,0.0,0.0,194000.0
25/03/2020,8377.3292773515,17000.0,1150.0,0.06764706,8377.3292773515,8377.3292773515,8377.3292773515,10.0,180000.0,0.0,0.0,10.0,180000.0,-10.0,0.0,0.0,10.0,-181500.0,0.0,0.0,181500.0
23/03/2020,7846.5343093649,17500.0,-500.0,-0.02857143,8631.1877403015,8631.1877403015,7846.5343093649,1590.0,30000000.0,0.0,0.0,1590.0,30000000.0,-10.0,0.0,0.0,10.0,-187000.0,0.0,0.0,187000.0
20/03/2020,8077.3147302287,18000.0,-500.0,-0.02777778,8885.0462032516,8885.0462032516,8077.3147302287,20.0,370000.0,0.0,0.0,20.0,370000.0,-10.0,0.0,0.0,10.0,-192500.0,0.0,0.0,192500.0
19/03/2020,8308.0951510924,18950.0,-950.0,-0.05013193,9346.6070449788,9346.6070449788,8308.0951510924,40.0,1000000.0,0.0,0.0,40.0,1000000.0,0.0,0.0,0.0,0.0,-45000.0,0.0,0.0,45000.0
18/03/2020,8746.5779507335,17750.0,1200.0,0.06760563,8746.5779507335,8746.5779507335,8746.5779507335,210.0,4000000.0,0.0,0.0,210.0,4000000.0,-10.0,0.0,0.0,10.0,-189500.0,0.0,0.0,189500.0
16/03/2020,7661.909972674,17000.0,-400.0,-0.02352941,8377.3292773515,8377.3292773515,7661.909972674,40.0,1000000.0,0.0,0.0,40.0,1000000.0,-10.0,0.0,0.0,10.0,-181500.0,0.0,0.0,181500.0
13/03/2020,7846.5343093649,17250.0,-250.0,-0.01449275,8515.7975298696,8515.7975298696,7846.5343093649,2140.0,39000000.0,0.0,0.0,2140.0,39000000.0,2140.0,0.0,0.0,-2140.0,39425000.0,0.0,0.0,-39425000.0
12/03/2020,7961.9245197969,18500.0,-1250.0,-0.06756757,8538.875571956,8538.875571956,7961.9245197969,2100.0,38000000.0,0.0,0.0,2100.0,38000000.0,1060.0,0.0,0.0,-1060.0,18272500.0,0.0,0.0,-18272500.0
11/03/2020,8538.875571956,19250.0,-750.0,-0.03896104,9485.0752974971,9485.0752974971,8538.875571956,490.0,9000000.0,0.0,0.0,490.0,9000000.0,-10.0,0.0,0.0,10.0,-205500.0,0.0,0.0,205500.0
10/03/2020,8885.0462032516,19250.0,0.0,0.0,8285.0171090062,8885.0462032516,8285.0171090062,1780.0,34000000.0,0.0,0.0,1780.0,34000000.0,1750.0,0.0,0.0,-1740.0,33661500.0,0.0,0.0,-33469000.0
09/03/2020,8885.0462032516,18000.0,1250.0,0.06944444,8885.0462032516,8885.0462032516,8885.0462032516,1020.0,20000000.0,0.0,0.0,1020.0,20000000.0,-1010.0,0.0,0.0,1010.0,-19442500.0,0.0,0.0,19442500.0
06/03/2020,8308.0951510924,19250.0,-1250.0,-0.06493506,9485.0752974971,9485.0752974971,8308.0951510924,20.0,390000.0,0.0,0.0,20.0,390000.0,-10.0,0.0,0.0,10.0,-205500.0,0.0,0.0,205500.0
05/03/2020,8885.0462032516,19250.0,0.0,0.0,8885.0462032516,8885.0462032516,8885.0462032516,700.0,13000000.0,0.0,0.0,700.0,13000000.0,700.0,0.0,0.0,-700.0,13475000.0,0.0,0.0,-13475000.0
04/03/2020,8885.0462032516,18000.0,1250.0,0.06944444,8885.0462032516,8885.0462032516,8885.0462032516,20.0,390000.0,0.0,0.0,20.0,390000.0,-20.0,0.0,0.0,10.0,-385000.0,0.0,0.0,192500.0
03/03/2020,8308.0951510924,19000.0,-1000.0,-0.05263158,8931.2022874243,8931.2022874243,8308.0951510924,1200.0,23000000.0,0.0,0.0,1200.0,23000000.0,1000.0,0.0,0.0,-1000.0,19350000.0,0.0,0.0,-19350000.0
02/03/2020,8769.6559928196,18100.0,900.0,0.04972376,8931.2022874243,8931.2022874243,8769.6559928196,40.0,1000000.0,0.0,0.0,40.0,1000000.0,-10.0,0.0,0.0,10.0,-193500.0,0.0,0.0,193500.0
28/02/2020,8354.2512352651,17000.0,1100.0,0.06470588,8377.3292773515,8377.3292773515,8354.2512352651,20.0,360000.0,0.0,0.0,20.0,360000.0,-10.0,0.0,0.0,10.0,-181500.0,0.0,0.0,181500.0
27/02/2020,7846.5343093649,16750.0,250.0,0.01492537,7731.1440989332,7846.5343093649,7731.1440989332,4470.0,75000000.0,0.0,0.0,4470.0,75000000.0,4460.0,0.0,0.0,-4460.0,74955000.0,0.0,0.0,-74955000.0
26/02/2020,7731.1440989332,18000.0,-1250.0,-0.06944444,8861.9681611651,8885.0462032516,7731.1440989332,3480.0,60000000.0,0.0,0.0,3480.0,60000000.0,2990.0,0.0,0.0,-2990.0,50308000.0,0.0,0.0,-50308000.0
25/02/2020,8308.0951510924,19100.0,-1100.0,-0.05759162,9231.2168345471,9231.2168345471,8308.0951510924,6020.0,120000000.0,0.0,0.0,6020.0,120000000.0,6000.0,0.0,0.0,-6000.0,120000000.0,0.0,0.0,-120000000.0
20/02/2020,9923.5580971382,20800.0,700.0,0.03365385,9600.4655079289,9923.5580971382,9600.4655079289,5880.0,123000000.0,0.0,0.0,5880.0,123000000.0,2640.0,0.0,0.0,-2640.0,54997000.0,0.0,0.0,-54997000.0
19/02/2020,9600.4655079289,20650.0,150.0,0.00726392,9508.1533395835,9600.4655079289,9508.1533395835,3160.0,65000000.0,0.0,0.0,3160.0,65000000.0,1820.0,0.0,0.0,-1820.0,37644500.0,0.0,0.0,-37644500.0
17/02/2020,9231.2168345471,21000.0,-1000.0,-0.04761905,9692.7776762745,9692.7776762745,9231.2168345471,1300.0,27000000.0,0.0,0.0,1300.0,27000000.0,10.0,0.0,0.0,-10.0,210000.0,0.0,0.0,-210000.0
14/02/2020,9692.7776762745,21000.0,0.0,0.0,9600.4655079289,9692.7776762745,9600.4655079289,3570.0,75000000.0,0.0,0.0,3570.0,75000000.0,1550.0,0.0,0.0,-1550.0,32465000.0,0.0,0.0,-32465000.0
13/02/2020,9692.7776762745,20500.0,500.0,0.02439024,8861.9681611651,9692.7776762745,8861.9681611651,850.0,17000000.0,0.0,0.0,850.0,17000000.0,10.0,0.0,0.0,-10.0,210000.0,0.0,0.0,-210000.0
12/02/2020,9461.9972554106,20400.0,100.0,0.00490196,9461.9972554106,9461.9972554106,9461.9972554106,100.0,2000000.0,0.0,0.0,100.0,2000000.0,100.0,0.0,0.0,-10.0,2050000.0,0.0,0.0,-205000.0
11/02/2020,9415.8411712379,21900.0,-1500.0,-0.06849315,10062.0263496563,10062.0263496563,9415.8411712379,11230.0,230000000.0,0.0,0.0,11230.0,230000000.0,170.0,0.0,0.0,0.0,3468000.0,0.0,0.0,0.0
10/02/2020,10108.1824338291,20500.0,1400.0,0.06829268,10108.1824338291,10108.1824338291,10108.1824338291,28470.0,623000000.0,0.0,0.0,28470.0,623000000.0,24280.0,0.0,0.0,-24280.0,531732000.0,0.0,0.0,-531732000.0
07/02/2020,9461.9972554106,19200.0,1300.0,0.06770833,9461.9972554106,9461.9972554106,9461.9972554106,1480.0,30000000.0,0.0,0.0,1480.0,30000000.0,-10.0,0.0,0.0,10.0,-205000.0,0.0,0.0,205000.0
06/02/2020,8861.9681611651,17950.0,1250.0,0.06963788,8861.9681611651,8861.9681611651,8861.9681611651,21960.0,422000000.0,0.0,0.0,21960.0,422000000.0,19190.0,0.0,0.0,-19190.0,368448000.0,0.0,0.0,-368448000.0
05/02/2020,8285.0171090062,16800.0,1150.0,0.06845238,8285.0171090062,8285.0171090062,8285.0171090062,1830.0,33000000.0,0.0,0.0,1830.0,33000000.0,-10.0,0.0,0.0,10.0,-179500.0,0.0,0.0,179500.0
04/02/2020,7754.2221410194,16200.0,600.0,0.03703704,7754.2221410194,7754.2221410194,7754.2221410194,3000.0,50000000.0,0.0,0.0,3000.0,50000000.0,3000.0,0.0,0.0,-3000.0,50400000.0,0.0,0.0,-50400000.0
03/02/2020,7477.285635983,16800.0,-600.0,-0.03571429,7754.2221410194,7754.2221410194,7477.285635983,10000.0,167000000.0,0.0,0.0,10000.0,167000000.0,8000.0,0.0,0.0,-8000.0,134400000.0,0.0,0.0,-134400000.0
30/01/2020,8308.0951510924,18700.0,-700.0,-0.03743316,8631.1877403015,8631.1877403015,8308.0951510924,3450.0,64000000.0,0.0,0.0,3450.0,64000000.0,1000.0,0.0,0.0,-1000.0,18700000.0,0.0,0.0,-18700000.0
22/01/2020,8631.1877403015,19000.0,-300.0,-0.01578947,8169.6268985742,8631.1877403015,8169.6268985742,20.0,360000.0,0.0,0.0,20.0,360000.0,-10.0,0.0,0.0,10.0,-177000.0,0.0,0.0,177000.0
06/01/2020,6161.8372370603,12500.0,850.0,0.068,6161.8372370603,6161.8372370603,6161.8372370603,10.0,130000.0,0.0,0.0,10.0,130000.0,-10.0,0.0,0.0,10.0,-133500.0,0.0,0.0,133500.0
25/12/2019,5954.4071791796,13900.0,0.0,0.0,5954.4071791796,5954.4071791796,5954.4071791796,2130.0,30000000.0,0.0,0.0,2130.0,30000000.0,2130.0,0.0,0.0,-2130.0,29607000.0,0.0,0.0,-29607000.0
24/12/2019,5954.4071791796,13900.0,0.0,0.0,5954.4071791796,5954.4071791796,5954.4071791796,2130.0,30000000.0,0.0,0.0,2130.0,30000000.0,-10.0,0.0,0.0,10.0,-139000.0,0.0,0.0,139000.0
18/12/2019,5954.4071791796,14850.0,-950.0,-0.06397306,6789.7376827335,6789.7376827335,5954.4071791796,170.0,2000000.0,0.0,0.0,170.0,2000000.0,-10.0,0.0,0.0,10.0,-158500.0,0.0,0.0,158500.0
12/12/2019,6832.575144454,17100.0,-1150.0,-0.06725146,7325.2059542424,7325.2059542424,6832.575144454,14310.0,243000000.0,1051496.0,17875432000.0,1065806.0,18118432000.0,6220.0,0.0,0.0,-6220.0,106362000.0,0.0,0.0,-106362000.0
11/12/2019,7325.2059542424,16000.0,1100.0,0.06875,6832.575144454,7325.2059542424,6832.575144454,24920.0,410000000.0,1376026.0,23392442000.0,1400946.0,23802442000.0,8270.0,0.0,0.0,-8270.0,131906500.0,0.0,0.0,-131906500.0
10/12/2019,6853.9938753146,15600.0,400.0,0.02564103,6232.8506803641,6853.9938753146,6232.8506803641,8720.0,131000000.0,0.0,0.0,8720.0,131000000.0,450.0,0.0,0.0,-450.0,7200000.0,0.0,0.0,-7200000.0
09/12/2019,6682.6440284316,15600.0,0.0,0.0,7111.0186456387,7111.0186456387,6682.6440284316,5240.0,86000000.0,0.0,0.0,5240.0,86000000.0,3970.0,0.0,0.0,-4000.0,65920000.0,0.0,0.0,-66400000.0
06/12/2019,6682.6440284316,14600.0,1000.0,0.06849315,6682.6440284316,6682.6440284316,6682.6440284316,4000.0,62000000.0,0.0,0.0,4000.0,62000000.0,4000.0,0.0,0.0,-4000.0,62400000.0,0.0,0.0,-62400000.0
05/12/2019,6254.2694112245,13700.0,900.0,0.06569343,6254.2694112245,6254.2694112245,6254.2694112245,5000.0,73000000.0,0.0,0.0,5000.0,73000000.0,5000.0,0.0,0.0,-5000.0,73000000.0,0.0,0.0,-73000000.0
04/12/2019,5868.7322557381,12850.0,850.0,0.06614786,5868.7322557381,5868.7322557381,5868.7322557381,9470.0,130000000.0,0.0,0.0,9470.0,130000000.0,9060.0,0.0,0.0,-9060.0,124122000.0,0.0,0.0,-124122000.0
02/12/2019,5161.9141373461,11300.0,750.0,0.06637168,5140.4954064859,5161.9141373461,5140.4954064859,1710.0,21000000.0,0.0,0.0,1710.0,21000000.0,590.0,0.0,0.0,-590.0,7110000.0,0.0,0.0,-7110000.0
29/11/2019,4840.6331744407,11250.0,50.0,0.00444444,4819.2144435804,4840.6331744407,4819.2144435804,1300.0,15000000.0,0.0,0.0,1300.0,15000000.0,800.0,0.0,0.0,-800.0,9005000.0,0.0,0.0,-9005000.0
28/11/2019,4819.2144435804,10700.0,550.0,0.05140187,4819.2144435804,4819.2144435804,4819.2144435804,310.0,3000000.0,0.0,0.0,310.0,3000000.0,-10.0,0.0,0.0,10.0,-112500.0,0.0,0.0,112500.0
27/11/2019,4583.6084041166,10400.0,300.0,0.02884615,4455.0960189545,4583.6084041166,4455.0960189545,9520.0,101000000.0,0.0,0.0,9520.0,101000000.0,9430.0,0.0,0.0,-9430.0,100109000.0,0.0,0.0,-100109000.0
26/11/2019,4455.0960189545,10400.0,0.0,0.0,4455.0960189545,4455.0960189545,4455.0960189545,10340.0,108000000.0,0.0,0.0,10340.0,108000000.0,7800.0,0.0,0.0,-7800.0,81120000.0,0.0,0.0,-81120000.0
25/11/2019,4455.0960189545,10100.0,300.0,0.02970297,4326.5836337923,4626.4458658373,4326.5836337923,17940.0,187000000.0,0.0,0.0,17940.0,187000000.0,6710.0,0.0,0.0,-6710.0,67839000.0,0.0,0.0,-67839000.0
14/10/2019,3769.6966314231,8230.0,570.0,0.06925881,3769.6966314231,3769.6966314231,3769.6966314231,10.0,90000.0,0.0,0.0,10.0,90000.0,-10.0,0.0,0.0,10.0,-88000.0,0.0,0.0,88000.0
10/10/2019,3525.5230996151,7700.0,530.0,0.06883117,3525.5230996151,3525.5230996151,3525.5230996151,1760.0,14000000.0,0.0,0.0,1760.0,14000000.0,-10.0,0.0,0.0,10.0,-82300.0,0.0,0.0,82300.0
09/10/2019,3298.4845524949,8070.0,-370.0,-0.04584882,3696.8729464978,3696.8729464978,3298.4845524949,30.0,240000.0,0.0,0.0,30.0,240000.0,-10.0,0.0,0.0,10.0,-86300.0,0.0,0.0,86300.0
08/10/2019,3456.9831608618,7550.0,520.0,0.06887417,3456.9831608618,3456.9831608618,3456.9831608618,10.0,80000.0,0.0,0.0,10.0,80000.0,-10.0,0.0,0.0,10.0,-80700.0,0.0,0.0,80700.0
02/10/2019,3474.11814555,7900.0,210.0,0.02658228,3568.3605613357,3568.3605613357,3474.11814555,310.0,3000000.0,0.0,0.0,310.0,3000000.0,-10.0,0.0,0.0,10.0,-83300.0,0.0,0.0,83300.0
30/09/2019,3512.6718610987,7730.0,470.0,0.06080207,3542.6580843031,3542.6580843031,3512.6718610987,6310.0,52000000.0,0.0,0.0,6310.0,52000000.0,-10.0,0.0,0.0,10.0,-82700.0,0.0,0.0,82700.0
20/09/2019,3555.5093228192,8300.0,0.0,0.0,3555.5093228192,3555.5093228192,3555.5093228192,12000.0,100000000.0,0.0,0.0,12000.0,100000000.0,11950.0,0.0,0.0,-11950.0,99185000.0,0.0,0.0,-99185000.0
19/09/2019,3555.5093228192,7770.0,530.0,0.06821107,3516.9556072708,3555.5093228192,3516.9556072708,17020.0,141000000.0,0.0,0.0,17020.0,141000000.0,4000.0,0.0,0.0,-4000.0,32880000.0,0.0,0.0,-32880000.0
18/09/2019,3328.4707756996,7700.0,70.0,0.00909091,3521.2393534427,3521.2393534427,3298.4845524949,1280.0,10000000.0,0.0,0.0,1280.0,10000000.0,-10.0,0.0,0.0,10.0,-82200.0,0.0,0.0,82200.0
11/09/2019,3512.6718610987,8100.0,100.0,0.01234568,3512.6718610987,3598.3467845402,3512.6718610987,33210.0,277000000.0,0.0,0.0,33210.0,277000000.0,-10.0,0.0,0.0,0.0,-82000.0,0.0,0.0,0.0
29/08/2019,3598.3467845402,7990.0,410.0,0.05131414,3641.1842462608,3641.1842462608,3598.3467845402,810.0,7000000.0,0.0,0.0,810.0,7000000.0,-10.0,0.0,0.0,10.0,-85000.0,0.0,0.0,85000.0
28/08/2019,3422.7131914852,8000.0,-10.0,-0.00125,3422.7131914852,3422.7131914852,3418.4294453131,2110.0,17000000.0,0.0,0.0,2110.0,17000000.0,1840.0,0.0,0.0,-1840.0,14701600.0,0.0,0.0,-14701600.0
27/08/2019,3426.9969376572,8000.0,0.0,0.0,3426.9969376572,3426.9969376572,3187.1071520214,2000.0,16000000.0,0.0,0.0,2000.0,16000000.0,30.0,0.0,0.0,0.0,223200.0,0.0,0.0,0.0
21/08/2019,3598.3467845402,8500.0,-100.0,-0.01176471,3388.4432221087,3636.9005000886,3388.4432221087,150.0,1000000.0,0.0,0.0,150.0,1000000.0,-30.0,0.0,0.0,0.0,-252000.0,0.0,0.0,0.0
02/08/2019,3585.4955460239,9000.0,-630.0,-0.07,3585.4955460239,3585.4955460239,3585.4955460239,910.0,8000000.0,0.0,0.0,910.0,8000000.0,-50.0,0.0,0.0,0.0,-445000.0,0.0,0.0,0.0
30/07/2019,3701.1566926698,8130.0,510.0,0.06273063,3555.5093228192,3701.1566926698,3426.9969376572,9330.0,76000000.0,0.0,0.0,9330.0,76000000.0,1300.0,-1300.0,0.0,0.0,10400000.0,-10400000.0,0.0,0.0
29/07/2019,3482.6856378943,8660.0,-530.0,-0.06120092,3474.11814555,3482.6856378943,3474.11814555,2290.0,19000000.0,0.0,0.0,2290.0,19000000.0,-2190.0,0.0,0.0,2190.0,-17760900.0,0.0,0.0,17760900.0
26/07/2019,3709.724185014,8710.0,-50.0,-0.00574053,3495.5368764104,3709.724185014,3474.11814555,21630.0,176000000.0,0.0,0.0,21630.0,176000000.0,0.0,0.0,0.0,-10.0,500.0,0.0,0.0,-81600.0
25/07/2019,3731.1429158743,8730.0,-20.0,-0.00229095,3486.9693840661,3731.1429158743,3486.9693840661,20.0,170000.0,0.0,0.0,20.0,170000.0,10.0,0.0,0.0,-10.0,81400.0,0.0,0.0,-81400.0
24/07/2019,3739.7104082185,8720.0,10.0,0.00114679,3478.4018917221,3739.7104082185,3478.4018917221,20.0,170000.0,0.0,0.0,20.0,170000.0,10.0,0.0,0.0,-10.0,81200.0,0.0,0.0,-81200.0
23/07/2019,3735.4266620464,8720.0,0.0,0.0,3735.4266620464,3735.4266620464,3735.4266620464,1000.0,9000000.0,0.0,0.0,1000.0,9000000.0,-1000.0,0.0,0.0,1000.0,-8720000.0,0.0,0.0,8720000.0
22/07/2019,3735.4266620464,9030.0,-310.0,-0.03433001,3739.7104082185,3739.7104082185,3735.4266620464,4400.0,38000000.0,0.0,0.0,4400.0,38000000.0,-3400.0,0.0,0.0,3400.0,-29678000.0,0.0,0.0,29678000.0
19/07/2019,3868.2227933806,9370.0,-340.0,-0.03628602,3739.7104082185,3868.2227933806,3735.4266620464,3410.0,30000000.0,0.0,0.0,3410.0,30000000.0,3010.0,-3000.0,0.0,-10.0,26277300.0,-26190000.0,0.0,-87300.0
18/07/2019,4013.870163231,9000.0,370.0,0.04111111,4039.5726402636,4039.5726402636,3598.3467845402,22480.0,191000000.0,0.0,0.0,22480.0,191000000.0,18870.0,-22170.0,0.0,3300.0,159182400.0,-187727400.0,0.0,28545000.0
17/07/2019,3855.3715548644,9240.0,-240.0,-0.02597403,3705.440438842,4001.0189247148,3705.440438842,5810.0,51000000.0,0.0,0.0,5810.0,51000000.0,990.0,-3690.0,0.0,2700.0,8206600.0,-31561600.0,0.0,23355000.0
16/07/2019,3958.1814629943,9280.0,-40.0,-0.00431034,3705.440438842,3958.1814629943,3705.440438842,13910.0,120000000.0,0.0,0.0,13910.0,120000000.0,-100.0,-12400.0,0.0,12500.0,-924000.0,-107201000.0,0.0,108125000.0
15/07/2019,3975.3164476824,9290.0,-10.0,-0.00107643,3705.440438842,3975.3164476824,3705.440438842,24750.0,214000000.0,0.0,0.0,24750.0,214000000.0,24510.0,-24500.0,0.0,-10.0,212011500.0,-211925000.0,0.0,-86500.0
12/07/2019,3979.6001938544,8720.0,570.0,0.06536697,3735.4266620464,3979.6001938544,3641.1842462608,2400.0,21000000.0,0.0,0.0,2400.0,21000000.0,1100.0,-2200.0,0.0,1100.0,9271000.0,-18863000.0,0.0,9592000.0
11/07/2019,3735.4266620464,9350.0,-630.0,-0.06737968,3735.4266620464,3735.4266620464,3735.4266620464,1010.0,9000000.0,0.0,0.0,1010.0,9000000.0,10.0,0.0,0.0,-10.0,87200.0,0.0,0.0,-87200.0
10/07/2019,4005.3026708869,9400.0,-50.0,-0.00531915,3756.8453929068,4005.3026708869,3756.8453929068,2600.0,23000000.0,0.0,0.0,2600.0,23000000.0,2400.0,-2400.0,0.0,0.0,20990000.0,-20990000.0,0.0,0.0
09/07/2019,4026.7214017472,9300.0,100.0,0.01075269,3726.8591697023,4026.7214017472,3726.8591697023,15800.0,138000000.0,0.0,0.0,15800.0,138000000.0,15200.0,-15190.0,0.0,-10.0,132035000.0,-131948000.0,0.0,-87000.0
08/07/2019,3983.8839400264,9300.0,0.0,0.0,3705.440438842,3983.8839400264,3705.440438842,5210.0,45000000.0,0.0,0.0,5210.0,45000000.0,4810.0,-4800.0,0.0,-10.0,41756500.0,-41670000.0,0.0,-86500.0
05/07/2019,3983.8839400264,8960.0,340.0,0.03794643,3602.630530712,3983.8839400264,3602.630530712,2710.0,23000000.0,0.0,0.0,2710.0,23000000.0,2400.0,0.0,0.0,-2400.0,20184000.0,0.0,0.0,-20184000.0
04/07/2019,3838.2365701761,8400.0,560.0,0.06666667,3606.9142768843,3838.2365701761,3598.3467845402,19060.0,161000000.0,0.0,0.0,19060.0,161000000.0,7560.0,-17950.0,0.0,10390.0,63556400.0,-150832400.0,0.0,87276000.0
03/07/2019,3598.3467845402,8400.0,0.0,0.0,3602.630530712,3726.8591697023,3598.3467845402,22010.0,185000000.0,0.0,0.0,22010.0,185000000.0,7850.0,-21800.0,0.0,13950.0,65989500.0,-183169500.0,0.0,117180000.0
02/07/2019,3598.3467845402,8500.0,-100.0,-0.01176471,3855.3715548644,3889.6415242411,3598.3467845402,27850.0,239000000.0,0.0,0.0,27850.0,239000000.0,8100.0,-21700.0,0.0,13600.0,69370000.0,-183610000.0,0.0,114240000.0
01/07/2019,3641.1842462608,8400.0,100.0,0.01190476,3641.1842462608,3641.1842462608,3598.3467845402,24520.0,208000000.0,0.0,0.0,24520.0,208000000.0,-4990.0,-6500.0,0.0,11490.0,-42579800.0,-54620200.0,0.0,97200000.0
28/06/2019,3598.3467845402,8500.0,-100.0,-0.01176471,3641.1842462608,3641.1842462608,3598.3467845402,18970.0,161000000.0,0.0,0.0,18970.0,161000000.0,-12000.0,0.0,0.0,12000.0,-102000000.0,0.0,0.0,102000000.0
27/06/2019,3641.1842462608,8500.0,0.0,0.0,3641.1842462608,3641.1842462608,3641.1842462608,12690.0,108000000.0,0.0,0.0,12690.0,108000000.0,-10100.0,-500.0,0.0,10600.0,-85850000.0,-4250000.0,0.0,90100000.0
26/06/2019,3641.1842462608,8900.0,-400.0,-0.04494382,3769.6966314231,3812.5340931437,3641.1842462608,14050.0,123000000.0,0.0,0.0,14050.0,123000000.0,4500.0,-8000.0,0.0,3500.0,38610000.0,-69300000.0,0.0,30690000.0
25/06/2019,3812.5340931437,8800.0,100.0,0.01136364,3769.6966314231,3812.5340931437,3726.8591697023,8410.0,74000000.0,0.0,0.0,8410.0,74000000.0,-6000.0,0.0,0.0,6000.0,-52800000.0,0.0,0.0,52800000.0
24/06/2019,3769.6966314231,9000.0,-200.0,-0.02222222,3726.8591697023,3769.6966314231,3726.8591697023,6010.0,53000000.0,0.0,0.0,6010.0,53000000.0,-10.0,0.0,0.0,10.0,-87000.0,0.0,0.0,87000.0
21/06/2019,3855.3715548644,8800.0,200.0,0.0227,3855.3715548644,3855.3715548644,3726.8591697023,1600.0,14000000.0,0.0,0.0,1600.0,14000000.0,-600.0,0.0,0.0,600.0,-5220000.0,0.0,0.0,5220000.0
20/06/2019,3769.6966314231,9100.0,-300.0,-0.033,3726.8591697023,3769.6966314231,3726.8591697023,5310.0,46000000.0,0.0,0.0,5310.0,46000000.0,-4310.0,0.0,0.0,4310.0,-37497000.0,0.0,0.0,37497000.0
17/06/2019,3898.2090165851,9000.0,100.0,0.01111111,3645.4679924328,3898.2090165851,3645.4679924328,3510.0,30000000.0,0.0,0.0,3510.0,30000000.0,-1000.0,0.0,0.0,1000.0,-8510000.0,0.0,0.0,8510000.0
