NGÀY,GIÁ,GIÁ THÔ,THAY ĐỔI,%THAY ĐỔI,MỞ,CAO,THẤP,KL KHỚP,GT KHỚP,KL THỎA THUẬN,GT THỎA THUẬN,TỔNG KHỐI LƯỢNG,TỔNG GIÁ TRỊ,KL Cá Nhân Khớp Ròng,KL Tổ chức Khớp Ròng,KL Tự doanh Khớp Ròng,KL Nước Ngoài Khớp Ròng,GT Cá Nhân Khớp Ròng,GT Tổ chức Khớp Ròng,GT Tự doanh Khớp Ròng,GT Nước Ngoài Khớp Ròng
11/09/2026,16100.0,16300.0,-200.0,-0.01226994,16200.0,16250.0,16050.0,14016.0,226455700.0,0.0,0.0,14016.0,226455700.0,100.0,0.0,0.0,-100.0,1605000.0,0.0,0.0,-1605000.0
10/09/2026,16300.0,16250.0,50.0,0.00307692,16850.0,16850.0,16200.0,41965.0,697656250.0,0.0,0.0,41965.0,697656250.0,-15000.0,0.0,0.0,15000.0,-252495000.0,0.0,0.0,252495000.0
09/09/2026,16249.44,17600.0,-150.0,-0.00852273,16296.0,16575.36,16202.88,19670.0,344349200.0,0.0,0.0,19670.0,344349200.0,0.0,0.0,0.0,0.0,0.0,0.0,0.0,0.0
08/09/2026,16389.12,17500.0,100.0,0.00571429,16296.0,16435.68,16296.0,29500.0,518384500.0,0.0,0.0,29500.0,518384500.0,0.0,0.0,0.0,0.0,0.0,0.0,0.0,0.0
07/09/2026,16296.0,17300.0,200.0,0.01156069,16156.32,16389.12,16109.76,47836.0,831790500.0,0.0,0.0,47836.0,831790500.0,5000.0,0.0,0.0,-5000.0,86750000.0,0.0,0.0,-86750000.0
04/09/2026,16109.76,17300.0,0.0,0.0,16156.32,16249.44,16109.76,8841.0,153224900.0,0.0,0.0,8841.0,153224900.0,0.0,0.0,0.0,0.0,0.0,0.0,0.0,0.0
03/09/2026,16109.76,17300.0,0.0,0.0,16249.44,16249.44,16109.76,22628.0,392503600.0,0.0,0.0,22628.0,392503600.0,0.0,0.0,0.0,0.0,0.0,0.0,0.0,0.0
28/08/2026,16109.76,17450.0,-150.0,-0.00859599,16249.44,16249.44,16109.76,10501.0,182828050.0,0.0,0.0,10501.0,182828050.0,3699.0,-3699.0,0.0,0.0,64572501.0,-64572500.0,0.0,0.0
27/08/2026,16249.44,17450.0,0.0,0.0,16249.44,16249.44,16016.64,16781.0,291291900.0,0.0,0.0,16781.0,291291900.0,13665.0,-13665.0,0.0,0.0,237048000.0,-237048000.0,0.0,0.0
26/08/2026,16249.44,17450.0,0.0,0.0,16249.44,16249.44,16156.32,29116.0,507023350.0,0.0,0.0,29116.0,507023350.0,24229.0,-24229.0,0.0,0.0,421866100.0,-421866100.0,0.0,0.0
25/08/2026,16249.44,17200.0,250.0,0.01453488,16016.64,16342.56,16016.64,46917.0,817057950.0,0.0,0.0,46917.0,817057950.0,10790.0,-10790.0,0.0,0.0,187580051.0,-187580050.0,0.0,0.0
24/08/2026,16016.64,16900.0,300.0,0.01775148,15783.84,16016.64,15783.84,35503.0,607326150.0,0.0,0.0,35503.0,607326150.0,-24900.0,24900.0,0.0,0.0,-426250000.0,426250000.0,0.0,0.0
21/08/2026,15737.28,16800.0,100.0,0.00595238,15597.6,15737.28,15597.6,19801.0,332996550.0,0.0,0.0,19801.0,332996550.0,-3100.0,3100.0,0.0,0.0,-52395000.0,52395000.0,0.0,0.0
20/08/2026,15644.16,16850.0,-50.0,-0.00296736,15690.72,15690.72,15644.16,6073.0,102227350.0,0.0,0.0,6073.0,102227350.0,-175.0,175.0,0.0,0.0,-2938750.0,2938750.0,0.0,0.0
19/08/2026,15690.72,16850.0,0.0,0.0,15690.72,15690.72,15644.16,4340.0,73074050.0,0.0,0.0,4340.0,73074050.0,1100.0,-1100.0,0.0,0.0,18480000.0,-18480000.0,0.0,0.0
18/08/2026,15690.72,16950.0,-100.0,-0.00589971,15783.84,15783.84,15690.72,4213.0,71205300.0,0.0,0.0,4213.0,71205300.0,1200.0,-1200.0,0.0,0.0,20230000.0,-20230000.0,0.0,0.0
17/08/2026,15783.84,16900.0,50.0,0.00295858,15737.28,15783.84,15690.72,13227.0,222916750.0,0.0,0.0,13227.0,222916750.0,3497.0,-3497.0,0.0,0.0,58949450.0,-58949450.0,0.0,0.0
14/08/2026,15737.28,17050.0,-150.0,-0.00879765,15876.96,15876.96,15644.16,12200.0,206250000.0,0.0,0.0,12200.0,206250000.0,1200.0,1200.0,0.0,-2400.0,20335000.0,20025000.0,0.0,-40360000.0
13/08/2026,15876.96,17050.0,0.0,0.0,15923.52,15923.52,15783.84,13210.0,225036000.0,0.0,0.0,13210.0,225036000.0,2200.0,-2200.0,0.0,0.0,37495000.0,-37495000.0,0.0,0.0
12/08/2026,15876.96,17050.0,0.0,0.0,15876.96,15923.52,15783.84,24203.0,411602250.0,0.0,0.0,24203.0,411602250.0,-4976.0,4976.0,0.0,0.0,-84592000.0,84592000.0,0.0,0.0
11/08/2026,15876.96,17050.0,0.0,0.0,15876.96,16063.2,15783.84,55111.0,940652550.0,0.0,0.0,55111.0,940652550.0,-45207.0,45207.0,0.0,0.0,-771599350.0,771599350.0,0.0,0.0
10/08/2026,15876.96,16900.0,150.0,0.00887574,15737.28,15876.96,15690.72,9704.0,164688600.0,0.0,0.0,9704.0,164688600.0,-2802.0,2802.0,0.0,0.0,-47434200.0,47434200.0,0.0,0.0
07/08/2026,15737.28,16900.0,0.0,0.0,15783.84,15876.96,15737.28,79676.0,1351077350.0,0.0,0.0,79676.0,1351077350.0,-15716.0,9716.0,0.0,6000.0,-266411500.0,164461500.0,0.0,101950000.0
06/08/2026,15737.28,16850.0,50.0,0.00296736,15690.72,15783.84,15690.72,8000.0,135290000.0,0.0,0.0,8000.0,135290000.0,0.0,0.0,0.0,0.0,0.0,0.0,0.0,0.0
05/08/2026,15690.72,17000.0,-150.0,-0.00882353,15923.52,15970.08,15690.72,21519.0,364138300.0,0.0,0.0,21519.0,364138300.0,-3089.0,3089.0,0.0,0.0,-52327700.0,52327700.0,0.0,0.0
04/08/2026,15830.4,17000.0,0.0,0.0,15830.4,15830.4,15690.72,59725.0,1015210500.0,0.0,0.0,59725.0,1015210500.0,217.0,-192.0,0.0,-25.0,3684500.0,-3259000.0,0.0,-425500.0
03/08/2026,15830.4,17050.0,-50.0,-0.00293255,15644.16,16016.64,15644.16,48431.0,824655750.0,0.0,0.0,48431.0,824655750.0,-2396.0,-704.0,0.0,3100.0,-40621200.0,-11923800.0,0.0,52545000.0
31/07/2026,15876.96,16800.0,250.0,0.01488095,15830.4,16063.2,15737.28,8450.0,144558450.0,0.0,0.0,8450.0,144558450.0,1000.0,-700.0,0.0,-300.0,17160000.0,-12000000.0,0.0,-5160000.0
30/07/2026,15644.16,16750.0,50.0,0.00298507,15644.16,15690.72,15504.48,11906.0,200006050.0,0.0,0.0,11906.0,200006050.0,-1302.0,1302.0,0.0,0.0,-21723801.0,21723800.0,0.0,0.0
29/07/2026,15597.6,16700.0,50.0,0.00299401,15597.6,15597.6,15551.04,10840.0,181380000.0,0.0,0.0,10840.0,181380000.0,-3500.0,3500.0,0.0,0.0,-58570000.0,58570000.0,0.0,0.0
28/07/2026,15551.04,16700.0,0.0,0.0,15551.04,15737.28,15457.92,32320.0,540016200.0,0.0,0.0,32320.0,540016200.0,1282.0,-582.0,0.0,-700.0,21382600.0,-9672600.0,0.0,-11710000.0
27/07/2026,15551.04,16950.0,-250.0,-0.01474926,15830.4,15830.4,15551.04,44047.0,738940050.0,0.0,0.0,44047.0,738940050.0,-3130.0,3130.0,0.0,0.0,-52397000.0,52397000.0,0.0,0.0
24/07/2026,15783.84,17000.0,-50.0,-0.00294118,15551.04,15923.52,15551.04,8207.0,138466700.0,0.0,0.0,8207.0,138466700.0,-600.0,600.0,0.0,0.0,-10120000.0,10120000.0,0.0,0.0
23/07/2026,15830.4,16900.0,100.0,0.00591716,15970.08,15970.08,15644.16,40143.0,678303800.0,0.0,0.0,40143.0,678303800.0,-1100.0,1600.0,0.0,-500.0,-18355000.0,26930000.0,0.0,-8575000.0
22/07/2026,15737.28,17150.0,-250.0,-0.01457726,15830.4,15876.96,15737.28,81928.0,1391930600.0,0.0,0.0,81928.0,1391930600.0,4293.0,-4293.0,0.0,0.0,72668000.0,-72668000.0,0.0,0.0
21/07/2026,15970.08,17300.0,-150.0,-0.00867052,16063.2,16109.76,15970.08,64512.0,1110223200.0,0.0,0.0,64512.0,1110223200.0,-12900.0,12900.0,0.0,0.0,-221810000.0,221810000.0,0.0,0.0
20/07/2026,16109.76,17500.0,-200.0,-0.01142857,16296.0,16296.0,16109.76,145741.0,2539175000.0,0.0,0.0,145741.0,2539175000.0,-398.0,398.0,0.0,0.0,-6789700.0,6789700.0,0.0,0.0
17/07/2026,16296.0,17600.0,-100.0,-0.00568182,16342.56,16389.12,16296.0,22252.0,389592200.0,0.0,0.0,22252.0,389592200.0,-65.0,65.0,0.0,0.0,-1099900.0,1099900.0,0.0,0.0
16/07/2026,16389.12,17500.0,100.0,0.00571429,16528.8,16575.36,16342.56,25850.0,455750000.0,0.0,0.0,25850.0,455750000.0,1500.0,-100.0,0.0,-1400.0,26465000.0,-1755000.0,0.0,-24710000.0
15/07/2026,16296.0,17650.0,-150.0,-0.00849858,16389.12,16389.12,16296.0,147802.0,2590525400.0,0.0,0.0,147802.0,2590525400.0,114401.0,-115201.0,0.0,800.0,2005867701.0,-2019867700.0,0.0,14000000.0
14/07/2026,16435.68,17650.0,0.0,0.0,16389.12,16482.24,16389.12,117205.0,2065288700.0,0.0,0.0,117205.0,2065288700.0,66300.0,-66400.0,0.0,100.0,1168155000.0,-1169915000.0,0.0,1760000.0
13/07/2026,16435.68,17800.0,-150.0,-0.00842697,16575.36,16575.36,16435.68,114272.0,2023613600.0,0.0,0.0,114272.0,2023613600.0,25093.0,-25093.0,0.0,0.0,445830400.0,-445830400.0,0.0,0.0
10/07/2026,16575.36,18050.0,-250.0,-0.01385042,16715.04,16761.6,16575.36,69000.0,1230690000.0,0.0,0.0,69000.0,1230690000.0,59600.0,-60300.0,0.0,700.0,1062805000.0,-1075265000.0,0.0,12460000.0
09/07/2026,16808.16,18000.0,50.0,0.00277778,16761.6,16808.16,16715.04,11302.0,203451600.0,0.0,0.0,11302.0,203451600.0,6100.0,-6100.0,0.0,0.0,109805000.0,-109805000.0,0.0,0.0
08/07/2026,16761.6,18000.0,0.0,0.0,16761.6,16854.72,16761.6,9600.0,172810000.0,0.0,0.0,9600.0,172810000.0,-2600.0,2600.0,0.0,0.0,-46810000.0,46810000.0,0.0,0.0
07/07/2026,16761.6,17900.0,100.0,0.00558659,16668.48,16947.84,16668.48,97950.0,1765387400.0,0.0,0.0,97950.0,1765387400.0,76700.0,-74900.0,0.0,-1800.0,1383475001.0,-1350895000.0,0.0,-32580000.0
06/07/2026,16668.48,18150.0,-250.0,-0.0137741,16901.28,16947.84,16668.48,23651.0,425795550.0,0.0,0.0,23651.0,425795550.0,9550.0,-9550.0,0.0,0.0,172957600.0,-172957600.0,0.0,0.0
03/07/2026,16901.28,18050.0,100.0,0.00554017,16761.6,16901.28,16761.6,108410.0,1956895500.0,0.0,0.0,108410.0,1956895500.0,102700.0,-102700.0,0.0,0.0,1853740000.0,-1853740000.0,0.0,0.0
02/07/2026,16808.16,18050.0,0.0,0.0,16808.16,16854.72,16761.6,108331.0,1955418050.0,0.0,0.0,108331.0,1955418050.0,-6900.0,6900.0,0.0,0.0,-124550000.0,124550000.0,0.0,0.0
01/07/2026,16808.16,18050.0,0.0,0.0,16808.16,16854.72,16715.04,82714.0,1490653600.0,0.0,0.0,82714.0,1490653600.0,11493.0,-11493.0,0.0,0.0,206288650.0,-206288650.0,0.0,0.0
30/06/2026,16808.16,17950.0,100.0,0.00557103,16715.04,16854.72,16715.04,27203.0,489479050.0,0.0,0.0,27203.0,489479050.0,12300.0,-12300.0,0.0,0.0,221180000.0,-221180000.0,0.0,0.0
29/06/2026,16715.04,18050.0,-100.0,-0.00554017,16668.48,16761.6,16668.48,10950.0,196555000.0,0.0,0.0,10950.0,196555000.0,1250.0,-1250.0,0.0,0.0,22420000.0,-22420000.0,0.0,0.0
26/06/2026,16808.16,18000.0,50.0,0.00277778,16761.6,16808.16,16668.48,32301.0,578623000.0,0.0,0.0,32301.0,578623000.0,-25199.0,25199.0,0.0,0.0,-451147000.0,451147000.0,0.0,0.0
25/06/2026,16761.6,18000.0,0.0,0.0,16761.6,16761.6,16715.04,29001.0,521193000.0,0.0,0.0,29001.0,521193000.0,-14299.0,14299.0,0.0,0.0,-256842000.0,256842000.0,0.0,0.0
24/06/2026,16761.6,18050.0,-50.0,-0.00277008,16808.16,16808.16,16761.6,18860.0,339490200.0,0.0,0.0,18860.0,339490200.0,-6850.0,7050.0,-50.0,-200.0,-123294800.0,126899800.0,-895000.0,-3605000.0
23/06/2026,16808.16,18100.0,-50.0,-0.00276243,16947.84,16947.84,16761.6,14121.0,254795100.0,0.0,0.0,14121.0,254795100.0,-3220.0,3220.0,0.0,0.0,-58027000.0,58027000.0,0.0,0.0
22/06/2026,16854.72,18100.0,0.0,0.0,16808.16,16854.72,16808.16,15902.0,287162000.0,0.0,0.0,15902.0,287162000.0,602.0,-602.0,0.0,0.0,10867000.0,-10867000.0,0.0,0.0
19/06/2026,16854.72,18100.0,0.0,0.0,16947.84,16947.84,16854.72,2701.0,49058200.0,0.0,0.0,2701.0,49058200.0,600.0,-600.0,0.0,0.0,10925001.0,-10925000.0,0.0,0.0
18/06/2026,16854.72,18050.0,50.0,0.00277008,16808.16,16947.84,16808.16,21600.0,390995000.0,0.0,0.0,21600.0,390995000.0,-7200.0,7200.0,0.0,0.0,-130395000.0,130395000.0,0.0,0.0
17/06/2026,16808.16,18100.0,-50.0,-0.00276243,16854.72,16901.28,16808.16,2737.0,49544700.0,0.0,0.0,2737.0,49544700.0,-700.0,700.0,0.0,0.0,-12670001.0,12670000.0,0.0,0.0
16/06/2026,16854.72,18050.0,50.0,0.00277008,16854.72,16854.72,16761.6,64737.0,1166482800.0,0.0,0.0,64737.0,1166482800.0,-23808.0,23808.0,0.0,0.0,-428829500.0,428829500.0,0.0,0.0
15/06/2026,16808.16,18050.0,0.0,0.0,16854.72,16947.84,16808.16,9200.0,166160000.0,0.0,0.0,9200.0,166160000.0,-2700.0,2700.0,0.0,0.0,-48740000.0,48740000.0,0.0,0.0
12/06/2026,16808.16,18300.0,-250.0,-0.0136612,17040.96,17040.96,16808.16,4170.0,75516200.0,0.0,0.0,4170.0,75516200.0,1196.0,-1196.0,0.0,0.0,21456600.0,-21456600.0,0.0,0.0
11/06/2026,17040.96,18200.0,100.0,0.00549451,16854.72,17040.96,16808.16,24841.0,450082100.0,0.0,0.0,24841.0,450082100.0,1359.0,-1359.0,0.0,0.0,24722900.0,-24722900.0,0.0,0.0
10/06/2026,16947.84,18100.0,100.0,0.00552486,16854.72,17040.96,16854.72,21001.0,382863200.0,0.0,0.0,21001.0,382863200.0,5100.0,-4600.0,0.0,-500.0,92790000.0,-83640000.0,0.0,-9150000.0
09/06/2026,16854.72,18100.0,0.0,0.0,16901.28,16947.84,16715.04,42311.0,761843000.0,0.0,0.0,42311.0,761843000.0,2500.0,-2500.0,0.0,0.0,44960000.0,-44960000.0,0.0,0.0
08/06/2026,16854.72,18100.0,0.0,0.0,16854.72,16947.84,16808.16,43080.0,778616200.0,0.0,0.0,43080.0,778616200.0,11993.0,-11993.0,0.0,0.0,216498301.0,-216498300.0,0.0,0.0
05/06/2026,16854.72,18200.0,-100.0,-0.00549451,16947.84,16947.84,16854.72,18402.0,333661300.0,0.0,0.0,18402.0,333661300.0,-5900.0,5900.0,0.0,0.0,-107080000.0,107080000.0,0.0,0.0
04/06/2026,16947.84,18200.0,0.0,0.0,16947.84,16947.84,16901.28,8434.0,153147200.0,0.0,0.0,8434.0,153147200.0,6966.0,-6966.0,0.0,0.0,126447800.0,-126447800.0,0.0,0.0
03/06/2026,16947.84,18250.0,-50.0,-0.00273973,17040.96,17040.96,16901.28,10520.0,191316000.0,0.0,0.0,10520.0,191316000.0,-4520.0,4520.0,0.0,0.0,-82356000.0,82356000.0,0.0,0.0
02/06/2026,16994.4,18200.0,50.0,0.00274725,17040.96,17040.96,16808.16,6457.0,117247500.0,0.0,0.0,6457.0,117247500.0,3343.0,-3343.0,0.0,0.0,60807600.0,-60807600.0,0.0,0.0
01/06/2026,16947.84,18150.0,50.0,0.00275482,16901.28,16947.84,16901.28,6715.0,121882800.0,0.0,0.0,6715.0,121882800.0,501.0,-501.0,0.0,0.0,9098000.0,-9098000.0,0.0,0.0
29/05/2026,16901.28,18150.0,0.0,0.0,17040.96,17040.96,16901.28,9134.0,165915600.0,0.0,0.0,9134.0,165915600.0,4800.0,-4800.0,0.0,0.0,87095000.0,-87095000.0,0.0,0.0
28/05/2026,16901.28,18300.0,-150.0,-0.00819672,16947.84,17040.96,16901.28,33106.0,601479800.0,0.0,0.0,33106.0,601479800.0,-8600.0,10400.0,0.0,-1800.0,-156075000.0,188835000.0,0.0,-32760000.0
27/05/2026,17040.96,18250.0,50.0,0.00273973,16994.4,17087.52,16994.4,4803.0,87815050.0,0.0,0.0,4803.0,87815050.0,3100.0,-3100.0,0.0,0.0,56670000.0,-56670000.0,0.0,0.0
26/05/2026,16994.4,18400.0,-150.0,-0.00815217,17134.08,17134.08,16947.84,14000.0,255700000.0,0.0,0.0,14000.0,255700000.0,9800.0,-12000.0,0.0,2200.0,179125000.0,-219235000.0,0.0,40110000.0
25/05/2026,17134.08,18300.0,100.0,0.00546448,17134.08,17227.2,16947.84,11308.0,207722250.0,0.0,0.0,11308.0,207722250.0,794.0,806.0,0.0,-1600.0,14434600.0,15005400.0,0.0,-29440000.0
22/05/2026,17040.96,18150.0,150.0,0.00826446,16901.28,17040.96,16854.72,18938.0,343758550.0,0.0,0.0,18938.0,343758550.0,17289.0,-16989.0,0.0,-300.0,313770901.0,-308295900.0,0.0,-5475000.0
21/05/2026,16901.28,18100.0,50.0,0.00276243,16854.72,16947.84,16854.72,15000.0,271795000.0,0.0,0.0,15000.0,271795000.0,4000.0,-4000.0,0.0,0.0,72485000.0,-72485000.0,0.0,0.0
20/05/2026,16854.72,18300.0,-200.0,-0.01092896,17040.96,17040.96,16854.72,56325.0,1021776250.0,0.0,0.0,56325.0,1021776250.0,26300.0,-26300.0,0.0,0.0,477690000.0,-477690000.0,0.0,0.0
19/05/2026,17040.96,18250.0,50.0,0.00273973,17227.2,17227.2,16947.84,28512.0,521669000.0,0.0,0.0,28512.0,521669000.0,5493.0,-5493.0,0.0,0.0,99597250.0,-99597250.0,0.0,0.0
18/05/2026,16994.4,18200.0,50.0,0.00274725,16947.84,16994.4,16901.28,19201.0,349568250.0,0.0,0.0,19201.0,349568250.0,3000.0,-1900.0,0.0,-1100.0,54410000.0,-34390000.0,0.0,-20020000.0
15/05/2026,16947.84,18250.0,-50.0,-0.00273973,16901.28,16994.4,16854.72,26412.0,479022800.0,0.0,0.0,26412.0,479022800.0,15700.0,-15700.0,0.0,0.0,284160000.0,-284160000.0,0.0,0.0
14/05/2026,16994.4,18200.0,50.0,0.00274725,16947.84,16994.4,16854.72,13647.0,248063800.0,0.0,0.0,13647.0,248063800.0,7529.0,-7329.0,0.0,-200.0,136636100.0,-132986100.0,0.0,-3650000.0
13/05/2026,16947.84,18100.0,100.0,0.00552486,16994.4,16994.4,16854.72,29770.0,539435400.0,0.0,0.0,29770.0,539435400.0,17700.0,-17700.0,0.0,0.0,320874850.0,-320874850.0,0.0,0.0
12/05/2026,16854.72,18150.0,-50.0,-0.00275482,16901.28,16994.4,16854.72,59212.0,1075257400.0,0.0,0.0,59212.0,1075257400.0,21697.0,-21897.0,0.0,200.0,393515550.0,-397155550.0,0.0,3640000.0
11/05/2026,16901.28,18200.0,-50.0,-0.00274725,16947.84,17040.96,16901.28,39303.0,715449600.0,0.0,0.0,39303.0,715449600.0,11100.0,-11100.0,0.0,0.0,202600000.0,-202600000.0,0.0,0.0
08/05/2026,16947.84,18250.0,-50.0,-0.00273973,17040.96,17134.08,16947.84,25606.0,468129650.0,0.0,0.0,25606.0,468129650.0,11996.0,-11896.0,0.0,-100.0,219041850.0,-217206850.0,0.0,-1835000.0
07/05/2026,16994.4,18300.0,-50.0,-0.00273224,17087.52,17087.52,16994.4,37700.0,688540000.0,0.0,0.0,37700.0,688540000.0,5700.0,-5400.0,0.0,-300.0,104440000.0,-98950000.0,0.0,-5490000.0
06/05/2026,17040.96,18400.0,-100.0,-0.00543478,17134.08,17134.08,16994.4,16040.0,293436000.0,0.0,0.0,16040.0,293436000.0,9200.0,-9200.0,0.0,0.0,168130000.0,-168130000.0,0.0,0.0
05/05/2026,17134.08,18300.0,100.0,0.00546448,17040.96,17180.64,16994.4,22121.0,404514300.0,0.0,0.0,22121.0,404514300.0,15193.0,-15193.0,0.0,0.0,277576901.0,-277576900.0,0.0,0.0
04/05/2026,17040.96,18200.0,101.0,0.00554976,17040.96,17227.2,17040.96,24849.0,455096500.0,0.0,0.0,24849.0,455096500.0,221.0,-221.0,0.0,0.0,4123500.0,-4123500.0,0.0,0.0
29/04/2026,16947.318528,18300.0,100.0,0.00546448,16855.213536,16947.318528,16855.213536,40803.0,747475150.0,0.0,0.0,40803.0,747475150.0,-13298.0,12798.0,0.0,500.0,-243928300.0,234758300.0,0.0,9170000.0
28/04/2026,16855.213536,18400.0,-100.0,-0.00543478,17039.42352,17085.476016,16809.16104,32700.0,601020000.0,0.0,0.0,32700.0,601020000.0,4800.0,-4800.0,0.0,0.0,87850000.0,-87850000.0,0.0,0.0
24/04/2026,16947.318528,18500.0,-100.0,-0.00540541,17039.42352,17039.42352,16855.213536,16003.0,293505850.0,0.0,0.0,16003.0,293505850.0,2397.0,-2597.0,0.0,200.0,43644150.0,-47324150.0,0.0,3680000.0
23/04/2026,17039.42352,18350.0,150.0,0.00817439,16901.266032,17315.738496,16855.213536,90701.0,1675603750.0,0.0,0.0,90701.0,1675603750.0,-7300.0,7100.0,0.0,200.0,-133465000.0,129760000.0,0.0,3705000.0
22/04/2026,16901.266032,18250.0,100.0,0.00547945,16809.16104,17039.42352,16809.16104,28911.0,531472000.0,0.0,0.0,28911.0,531472000.0,-10801.0,11401.0,0.0,-600.0,-198558500.0,209568500.0,0.0,-11010000.0
21/04/2026,16809.16104,18250.0,0.0,0.0,16901.266032,16947.318528,16809.16104,41146.0,754104450.0,0.0,0.0,41146.0,754104450.0,5180.0,-5180.0,0.0,0.0,94432650.0,-94432650.0,0.0,0.0
20/04/2026,16809.16104,18350.0,-100.0,-0.00544959,16947.318528,16947.318528,16763.108544,22043.0,403190650.0,0.0,0.0,22043.0,403190650.0,8397.0,-6997.0,0.0,-1400.0,153564950.0,-127919950.0,0.0,-25645000.0
17/04/2026,16901.266032,18350.0,0.0,0.0,16947.318528,16993.371024,16901.266032,10230.0,188073750.0,0.0,0.0,10230.0,188073750.0,5200.0,-5200.0,0.0,0.0,95555000.0,-95555000.0,0.0,0.0
16/04/2026,16901.266032,18450.0,-100.0,-0.00542005,17039.42352,17039.42352,16901.266032,29111.0,535948700.0,0.0,0.0,29111.0,535948700.0,-4201.0,4201.0,0.0,0.0,-77283700.0,77283700.0,0.0,0.0
15/04/2026,16993.371024,18450.0,0.0,0.0,16993.371024,17039.42352,16947.318528,31479.0,581374150.0,0.0,0.0,31479.0,581374150.0,-4200.0,4200.0,0.0,0.0,-77425000.0,77425000.0,0.0,0.0
14/04/2026,16993.371024,18450.0,0.0,0.0,17085.476016,17085.476016,16947.318528,35746.0,659332500.0,0.0,0.0,35746.0,659332500.0,7197.0,-7197.0,0.0,0.0,132704350.0,-132704350.0,0.0,0.0
13/04/2026,16993.371024,18400.0,50.0,0.00271739,16901.266032,16993.371024,16855.213536,14201.0,261063450.0,0.0,0.0,14201.0,261063450.0,7700.0,-7700.0,0.0,0.0,141425000.0,-141425000.0,0.0,0.0
10/04/2026,16947.318528,18400.0,0.0,0.0,16993.371024,17085.476016,16947.318528,52501.0,969783450.0,0.0,0.0,52501.0,969783450.0,10401.0,-10401.0,0.0,0.0,191993450.0,-191993450.0,0.0,0.0
09/04/2026,16947.318528,18500.0,-100.0,-0.00540541,17039.42352,17039.42352,16947.318528,41705.0,768126750.0,0.0,0.0,41705.0,768126750.0,6600.0,-6600.0,0.0,0.0,121310000.0,-121310000.0,0.0,0.0
08/04/2026,17039.42352,18400.0,100.0,0.00543478,17039.42352,17131.528512,16993.371024,90022.0,1666431350.0,0.0,0.0,90022.0,1666431350.0,-29200.0,30300.0,0.0,-1100.0,-539749450.0,560044450.0,0.0,-20295000.0
07/04/2026,16947.318528,18400.0,0.0,0.0,17039.42352,17039.42352,16901.266032,16807.0,310179500.0,0.0,0.0,16807.0,310179500.0,4000.0,-2800.0,0.0,-1200.0,73560000.0,-51480000.0,0.0,-22080000.0
06/04/2026,16947.318528,18500.0,-100.0,-0.00540541,17085.476016,17131.528512,16855.213536,49715.0,914130750.0,0.0,0.0,49715.0,914130750.0,-1800.0,2800.0,0.0,-1000.0,-34190000.0,52740000.0,0.0,-18550000.0
03/04/2026,17039.42352,18500.0,0.0,0.0,16993.371024,17085.476016,16855.213536,31992.0,589389550.0,0.0,0.0,31992.0,589389550.0,8140.0,-5440.0,0.0,-2700.0,149121900.0,-99206900.0,0.0,-49915000.0
02/04/2026,17039.42352,18600.0,-100.0,-0.00537634,17131.528512,17131.528512,16993.371024,35212.0,650657100.0,0.0,0.0,35212.0,650657100.0,-2001.0,2001.0,0.0,0.0,-37058500.0,37058500.0,0.0,0.0
01/04/2026,17131.528512,18500.0,100.0,0.00540541,17131.528512,17269.686,17039.42352,92463.0,1718543800.0,0.0,0.0,92463.0,1718543800.0,-50055.0,48255.0,0.0,1800.0,-929256800.0,895956800.0,0.0,33300000.0
31/03/2026,17039.42352,18600.0,-100.0,-0.00537634,17131.528512,17269.686,17039.42352,56567.0,1049472600.0,0.0,0.0,56567.0,1049472600.0,9743.0,-9743.0,0.0,0.0,180597700.0,-180597700.0,0.0,0.0
30/03/2026,17131.528512,19000.0,-400.0,-0.02105263,17039.42352,17315.738496,17039.42352,38833.0,721648600.0,0.0,0.0,38833.0,721648600.0,11267.0,-15467.0,0.0,4200.0,209876400.0,-287626400.0,0.0,77750000.0
27/03/2026,17499.94848,18650.0,350.0,0.01876676,17085.476016,17638.105968,17085.476016,86700.0,1630205000.0,0.0,0.0,86700.0,1630205000.0,44400.0,-48500.0,0.0,4100.0,832815000.0,-910275000.0,0.0,77460000.0
26/03/2026,17177.581008,18800.0,-150.0,-0.00797872,17315.738496,17315.738496,17177.581008,34870.0,653092500.0,0.0,0.0,34870.0,653092500.0,20193.0,-20193.0,0.0,0.0,378673750.0,-378673750.0,0.0,0.0
25/03/2026,17315.738496,18700.0,100.0,0.00534759,17269.686,17315.738496,17131.528512,28107.0,526161100.0,0.0,0.0,28107.0,526161100.0,6093.0,-6593.0,0.0,500.0,114198900.0,-123548900.0,0.0,9350000.0
24/03/2026,17223.633504,18500.0,200.0,0.01081081,17039.42352,17223.633504,16901.266032,23467.0,434111900.0,0.0,0.0,23467.0,434111900.0,9459.0,-9459.0,0.0,0.0,174532350.0,-174532350.0,0.0,0.0
23/03/2026,17039.42352,18800.0,-300.0,-0.01595745,17269.686,17269.686,16901.266032,53163.0,981015500.0,0.0,0.0,53163.0,981015500.0,33422.0,-29122.0,0.0,-4300.0,615693600.0,-536498600.0,0.0,-79195000.0
20/03/2026,17315.738496,18900.0,-100.0,-0.00529101,17131.528512,17407.843488,17131.528512,12255.0,229930300.0,0.0,0.0,12255.0,229930300.0,1691.0,-1691.0,0.0,0.0,31772550.0,-31772550.0,0.0,0.0
19/03/2026,17407.843488,18900.0,0.0,0.0,17223.633504,17407.843488,17177.581008,36906.0,690977500.0,0.0,0.0,36906.0,690977500.0,-15435.0,15435.0,0.0,0.0,-289145251.0,289145250.0,0.0,0.0
18/03/2026,17407.843488,19000.0,-100.0,-0.00526316,17499.94848,17546.000976,17223.633504,21174.0,399368600.0,0.0,0.0,21174.0,399368600.0,-5946.0,4546.0,0.0,1400.0,-112295400.0,86115400.0,0.0,26180000.0
17/03/2026,17499.94848,19000.0,0.0,0.0,17499.94848,17546.000976,17361.790992,46980.0,891299750.0,0.0,0.0,46980.0,891299750.0,20101.0,-20101.0,0.0,0.0,382003900.0,-382003900.0,0.0,0.0
16/03/2026,17499.94848,18850.0,150.0,0.00795756,17361.790992,17546.000976,17269.686,80501.0,1523332000.0,0.0,0.0,80501.0,1523332000.0,50200.0,-50200.0,0.0,0.0,952122000.0,-952122000.0,0.0,0.0
13/03/2026,17361.790992,18750.0,100.0,0.00533333,17315.738496,17499.94848,17315.738496,68027.0,1286604150.0,0.0,0.0,68027.0,1286604150.0,11921.0,-11921.0,0.0,0.0,224510750.0,-224510750.0,0.0,0.0
12/03/2026,17269.686,18550.0,200.0,0.01078167,16578.89856,17407.843488,16578.89856,125334.0,2354795000.0,0.0,0.0,125334.0,2354795000.0,-26187.0,26187.0,0.0,0.0,-492669950.0,492669950.0,0.0,0.0
11/03/2026,17085.476016,18000.0,550.0,0.03055556,16624.951056,17499.94848,15473.638656,95121.0,1743511500.0,0.0,0.0,95121.0,1743511500.0,-39217.0,39217.0,0.0,0.0,-713409701.0,713409700.0,0.0,0.0
10/03/2026,16578.89856,17500.0,500.0,0.02857143,16855.213536,16855.213536,16256.531088,111905.0,2009362600.0,0.0,0.0,111905.0,2009362600.0,-36764.0,37364.0,0.0,-600.0,-665203200.0,675943200.0,0.0,-10740000.0
09/03/2026,16118.3736,18650.0,-1150.0,-0.0616622,16486.793568,16486.793568,15980.216112,302755.0,5300271500.0,0.0,0.0,302755.0,5300271500.0,42856.0,-45056.0,0.0,2200.0,763049850.0,-802619850.0,0.0,39570000.0
06/03/2026,17177.581008,18700.0,-50.0,-0.0026738,17177.581008,17315.738496,17177.581008,35054.0,655428500.0,0.0,0.0,35054.0,655428500.0,12096.0,-10196.0,0.0,-1900.0,226014000.0,-190374000.0,0.0,-35640000.0
05/03/2026,17223.633504,18800.0,-100.0,-0.00531915,17315.738496,17499.94848,17039.42352,99894.0,1865747600.0,0.0,0.0,99894.0,1865747600.0,15020.0,-15020.0,0.0,0.0,282670000.0,-282670000.0,0.0,0.0
04/03/2026,17315.738496,18900.0,-100.0,-0.00529101,17546.000976,17546.000976,17223.633504,202614.0,3808455350.0,0.0,0.0,202614.0,3808455350.0,102791.0,-102791.0,0.0,0.0,1932214050.0,-1932214050.0,0.0,0.0
03/03/2026,17407.843488,19050.0,-150.0,-0.00787402,17453.895984,17730.21096,17361.790992,115894.0,2197723500.0,0.0,0.0,115894.0,2197723500.0,7644.0,-11944.0,0.0,4300.0,144371000.0,-226096000.0,0.0,81725000.0
02/03/2026,17546.000976,19350.0,-300.0,-0.01550388,17407.843488,17776.263456,17407.843488,154297.0,2944404850.0,0.0,0.0,154297.0,2944404850.0,-10896.0,5596.0,0.0,5300.0,-213490400.0,112640400.0,0.0,100850000.0
27/02/2026,17822.315952,19450.0,-100.0,-0.00514139,17776.263456,17914.420944,17684.158464,78912.0,1526867850.0,0.0,0.0,78912.0,1526867850.0,-2911.0,2911.0,0.0,0.0,-56138400.0,56138400.0,0.0,0.0
26/02/2026,17914.420944,19550.0,-100.0,-0.00511509,18098.630928,18098.630928,17776.263456,26306.0,511185300.0,0.0,0.0,26306.0,511185300.0,8070.0,-8070.0,0.0,0.0,157463500.0,-157463500.0,0.0,0.0
25/02/2026,18006.525936,19400.0,150.0,0.00773196,17822.315952,18144.683424,17822.315952,76238.0,1488354250.0,0.0,0.0,76238.0,1488354250.0,15289.0,-15289.0,0.0,0.0,300066350.0,-300066350.0,0.0,0.0
24/02/2026,17868.368448,19200.0,200.0,0.01041667,17776.263456,18190.73592,17776.263456,154637.0,3011687350.0,0.0,0.0,154637.0,3011687350.0,51048.0,-51048.0,0.0,0.0,992983901.0,-992983900.0,0.0,0.0
23/02/2026,17684.158464,19150.0,50.0,0.00261097,17684.158464,17822.315952,17638.105968,52460.0,1008482000.0,0.0,0.0,52460.0,1008482000.0,-2890.0,2890.0,0.0,0.0,-55752000.0,55752000.0,0.0,0.0
13/02/2026,17638.105968,18950.0,200.0,0.01055409,17499.94848,17684.158464,17361.790992,56200.0,1064325000.0,0.0,0.0,56200.0,1064325000.0,-23800.0,23800.0,0.0,0.0,-449295000.0,449295000.0,0.0,0.0
12/02/2026,17453.895984,19300.0,-350.0,-0.01813472,17546.000976,17684.158464,17453.895984,70852.0,1351272500.0,0.0,0.0,70852.0,1351272500.0,15201.0,-18101.0,0.0,2900.0,288815450.0,-344495450.0,0.0,55680000.0
11/02/2026,17776.263456,19000.0,300.0,0.01578947,17499.94848,17776.263456,17499.94848,217049.0,4150945700.0,0.0,0.0,217049.0,4150945700.0,-21100.0,21100.0,0.0,0.0,-399390000.0,399390000.0,0.0,0.0
10/02/2026,17499.94848,19150.0,-150.0,-0.0078329,17684.158464,17868.368448,17407.843488,159831.0,3060009700.0,0.0,0.0,159831.0,3060009700.0,-15411.0,15411.0,0.0,0.0,-292128500.0,292128500.0,0.0,0.0
09/02/2026,17638.105968,19250.0,-100.0,-0.00519481,17730.21096,17730.21096,16855.213536,132120.0,2523495100.0,0.0,0.0,132120.0,2523495100.0,-35298.0,40598.0,0.0,-5300.0,-671286500.0,773096500.0,0.0,-101810000.0
06/02/2026,17730.21096,19600.0,-350.0,-0.01785714,17960.47344,18190.73592,17592.053472,122752.0,2363920700.0,0.0,0.0,122752.0,2363920700.0,-33395.0,37495.0,0.0,-4100.0,-642114000.0,721289000.0,0.0,-79175000.0
05/02/2026,18052.578432,20150.0,-550.0,-0.02729529,18467.050896,18743.365872,18006.525936,143809.0,2853140500.0,0.0,0.0,143809.0,2853140500.0,29033.0,-27233.0,0.0,-1800.0,583865650.0,-547595650.0,0.0,-36270000.0
04/02/2026,18559.155888,20350.0,-200.0,-0.00982801,18927.575856,18927.575856,18467.050896,316982.0,6464286050.0,0.0,0.0,316982.0,6464286050.0,66929.0,-67229.0,0.0,300.0,1365215450.0,-1371365450.0,0.0,6150000.0
03/02/2026,18743.365872,19250.0,1100.0,0.05714286,17960.47344,18881.52336,17868.368448,438539.0,8784142700.0,0.0,0.0,438539.0,8784142700.0,114002.0,-119502.0,0.0,5500.0,2304374900.0,-2412999900.0,0.0,108625000.0
02/02/2026,17730.21096,19200.0,50.0,0.00260417,18052.578432,18052.578432,17592.053472,58938.0,1134019750.0,0.0,0.0,58938.0,1134019750.0,-14696.0,14696.0,0.0,0.0,-281868000.0,281868000.0,0.0,0.0
30/01/2026,17684.158464,19400.0,-200.0,-0.01030928,17822.315952,17868.368448,17638.105968,63614.0,1226044950.0,0.0,0.0,63614.0,1226044950.0,-12810.0,12810.0,0.0,0.0,-248057500.0,248057500.0,0.0,0.0
29/01/2026,17868.368448,19550.0,-150.0,-0.00767263,17822.315952,18144.683424,17499.94848,95894.0,1840431150.0,0.0,0.0,95894.0,1840431150.0,11207.0,-9407.0,0.0,-1800.0,213313050.0,-178483050.0,0.0,-34830000.0
28/01/2026,18006.525936,19500.0,50.0,0.0025641,17914.420944,18236.788416,17776.263456,22811.0,444047550.0,0.0,0.0,22811.0,444047550.0,-4764.0,6464.0,0.0,-1700.0,-91733050.0,125093050.0,0.0,-33360000.0
27/01/2026,17960.47344,19600.0,-100.0,-0.00510204,17960.47344,18513.103392,17822.315952,267223.0,5261590800.0,0.0,0.0,267223.0,5261590800.0,115002.0,-115002.0,0.0,0.0,2281164200.0,-2281164200.0,0.0,0.0
26/01/2026,18052.578432,19500.0,100.0,0.00512821,18236.788416,19157.838336,17960.47344,339001.0,6785993700.0,0.0,0.0,339001.0,6785993700.0,7602.0,-9402.0,0.0,1800.0,143630599.0,-180120600.0,0.0,36490000.0
23/01/2026,17960.47344,18800.0,700.0,0.03723404,18236.788416,18236.788416,17868.368448,237551.0,4650246800.0,0.0,0.0,237551.0,4650246800.0,-85699.0,87399.0,0.0,-1700.0,-1673345700.0,1706410700.0,0.0,-33065000.0
22/01/2026,17315.738496,19000.0,-200.0,-0.01052632,17499.94848,17684.158464,17177.581008,100630.0,1897975100.0,0.0,0.0,100630.0,1897975100.0,-6995.0,6995.0,0.0,0.0,-133170000.0,133170000.0,0.0,0.0
21/01/2026,17499.94848,19350.0,-350.0,-0.01808786,17269.686,17868.368448,17269.686,192565.0,3661694150.0,0.0,0.0,192565.0,3661694150.0,-78450.0,78450.0,0.0,0.0,-1503217801.0,1503217800.0,0.0,0.0
20/01/2026,17822.315952,20150.0,-800.0,-0.03970223,18144.683424,18420.9984,17684.158464,220254.0,4296388500.0,0.0,0.0,220254.0,4296388500.0,-88787.0,85487.0,0.0,3300.0,-1724790501.0,1660770500.0,0.0,64020000.0
19/01/2026,18559.155888,19700.0,450.0,0.02284264,19388.100816,19388.100816,18374.945904,262970.0,5370492750.0,0.0,0.0,262970.0,5370492750.0,29721.0,-26021.0,0.0,-3700.0,607535000.0,-531225000.0,0.0,-76310000.0
16/01/2026,18144.683424,18450.0,1250.0,0.06775068,17499.94848,18144.683424,17269.686,449979.0,8798344150.0,0.0,0.0,449979.0,8798344150.0,225023.0,-225023.0,0.0,0.0,4426128400.0,-4426143400.0,0.0,15000.0
15/01/2026,16993.371024,18400.0,50.0,0.00271739,17039.42352,17039.42352,16763.108544,24589.0,451750150.0,0.0,0.0,24589.0,451750150.0,-1695.0,1695.0,0.0,0.0,-31357999.0,31358000.0,0.0,0.0
14/01/2026,16947.318528,18350.0,50.0,0.0027248,16993.371024,16993.371024,16671.003552,54840.0,1006984200.0,0.0,0.0,54840.0,1006984200.0,1970.0,-1970.0,0.0,0.0,36014699.0,-36004700.0,0.0,-10000.0
13/01/2026,16901.266032,18100.0,250.0,0.01381215,16671.003552,17039.42352,16624.951056,84822.0,1550374800.0,0.0,0.0,84822.0,1550374800.0,-44209.0,44309.0,0.0,-100.0,-808280601.0,810120600.0,0.0,-1840000.0
12/01/2026,16671.003552,17950.0,150.0,0.00835655,16532.846064,16763.108544,16532.846064,43599.0,787315250.0,0.0,0.0,43599.0,787315250.0,-10133.0,7533.0,0.0,2600.0,-183229000.0,136039000.0,0.0,47190000.0
09/01/2026,16532.846064,18050.0,-100.0,-0.00554017,16486.793568,16671.003552,16486.793568,25901.0,465203050.0,0.0,0.0,25901.0,465203050.0,999.0,-1199.0,0.0,200.0,18311950.0,-21901950.0,0.0,3590000.0
08/01/2026,16624.951056,18100.0,-50.0,-0.00276243,16671.003552,16763.108544,16624.951056,21435.0,388685600.0,0.0,0.0,21435.0,388685600.0,1589.0,-1589.0,0.0,0.0,28759400.0,-28759400.0,0.0,0.0
07/01/2026,16671.003552,17900.0,200.0,0.01117318,16486.793568,16763.108544,16440.741072,70162.0,1269347000.0,0.0,0.0,70162.0,1269347000.0,-6762.0,5762.0,0.0,1000.0,-122387000.0,104337000.0,0.0,18050000.0
06/01/2026,16486.793568,17900.0,0.0,0.0,16440.741072,16532.846064,16440.741072,36655.0,656544500.0,0.0,0.0,36655.0,656544500.0,14205.0,-14205.0,0.0,0.0,254324500.0,-254324500.0,0.0,0.0
05/01/2026,16486.793568,17900.0,0.0,0.0,16532.846064,16578.89856,16440.741072,30428.0,543701850.0,0.0,0.0,30428.0,543701850.0,7524.0,-7224.0,0.0,-300.0,134380250.0,-128995250.0,0.0,-5385000.0
31/12/2025,16486.793568,18000.0,-100.0,-0.00555556,16578.89856,16624.951056,16486.793568,56649.0,1015174850.0,0.0,0.0,56649.0,1015174850.0,38143.0,-38143.0,0.0,0.0,682841850.0,-682841850.0,0.0,0.0
30/12/2025,16578.89856,18050.0,-50.0,-0.00277008,16578.89856,16578.89856,16486.793568,7300.0,130940000.0,0.0,0.0,7300.0,130940000.0,-3500.0,3500.0,0.0,0.0,-62870000.0,62870000.0,0.0,0.0
29/12/2025,16624.951056,18050.0,0.0,0.0,16671.003552,16671.003552,16578.89856,11455.0,206560450.0,0.0,0.0,11455.0,206560450.0,2879.0,-2879.0,0.0,0.0,51689950.0,-51689950.0,0.0,0.0
26/12/2025,16624.951056,17950.0,100.0,0.00557103,16486.793568,16624.951056,16440.741072,33501.0,600347950.0,0.0,0.0,33501.0,600347950.0,5199.0,-4799.0,0.0,-400.0,93367050.0,-86192050.0,0.0,-7175000.0
25/12/2025,16532.846064,17950.0,0.0,0.0,16486.793568,16578.89856,16486.793568,10611.0,190253450.0,0.0,0.0,10611.0,190253450.0,-2109.0,2509.0,0.0,-400.0,-37842450.0,45012450.0,0.0,-7170000.0
24/12/2025,16532.846064,17900.0,50.0,0.0027933,16578.89856,16578.89856,16440.741072,8968.0,160977400.0,0.0,0.0,8968.0,160977400.0,-168.0,868.0,0.0,-700.0,-3157400.0,15697400.0,0.0,-12540000.0
23/12/2025,16486.793568,18050.0,-150.0,-0.00831025,16671.003552,16717.056048,16440.741072,26252.0,470621050.0,0.0,0.0,26252.0,470621050.0,-4901.0,5701.0,0.0,-800.0,-87953050.0,102348050.0,0.0,-14395000.0
22/12/2025,16624.951056,17900.0,150.0,0.00837989,16717.056048,16717.056048,16532.846064,28307.0,510420950.0,0.0,0.0,28307.0,510420950.0,5800.0,-5100.0,0.0,-700.0,104630000.0,-92025000.0,0.0,-12605000.0
19/12/2025,16486.793568,17800.0,101.0,0.00567448,16671.003552,16671.003552,16440.741072,17664.0,317762500.0,0.0,0.0,17664.0,317762500.0,4510.0,-10.0,0.0,-4500.0,81361000.0,-836000.0,0.0,-80525000.0
18/12/2025,16394.2648930368,18100.0,0.0,0.0,16394.2648930368,16394.2648930368,16348.9768684704,18315.0,330611750.0,0.0,0.0,18315.0,330611750.0,801.0,999.0,0.0,-1800.0,14468150.0,18021850.0,0.0,-32490000.0
17/12/2025,16394.2648930368,18100.0,0.0,0.0,16348.9768684704,16394.2648930368,16303.688843904,71251.0,1288356500.0,0.0,0.0,71251.0,1288356500.0,18418.0,-16118.0,0.0,-2300.0,332750800.0,-291210800.0,0.0,-41540000.0
16/12/2025,16394.2648930368,18100.0,0.0,0.0,16394.2648930368,16394.2648930368,16348.9768684704,30000.0,542025000.0,0.0,0.0,30000.0,542025000.0,17200.0,-16100.0,0.0,-1100.0,310570000.0,-290660000.0,0.0,-19910000.0
15/12/2025,16394.2648930368,18050.0,50.0,0.00277008,16348.9768684704,16394.2648930368,16348.9768684704,21252.0,384116200.0,0.0,0.0,21252.0,384116200.0,6952.0,-6952.0,0.0,0.0,125591200.0,-125591200.0,0.0,0.0
12/12/2025,16348.9768684704,18050.0,0.0,0.0,16394.2648930368,16484.8409421696,16303.688843904,82201.0,1485788450.0,0.0,0.0,82201.0,1485788450.0,15300.0,-14800.0,0.0,-500.0,276365000.0,-267295000.0,0.0,-9070000.0
11/12/2025,16348.9768684704,18150.0,-100.0,-0.00550964,16575.4169913024,16711.2810650016,16303.688843904,80347.0,1454352650.0,0.0,0.0,80347.0,1454352650.0,58012.0,-56612.0,0.0,-1400.0,1049081400.0,-1023381400.0,0.0,-25700000.0
10/12/2025,16439.5529176032,18150.0,0.0,0.0,16439.5529176032,16530.128966736,16439.5529176032,6512.0,118444000.0,0.0,0.0,6512.0,118444000.0,-1400.0,2100.0,0.0,-700.0,-25545000.0,38290000.0,0.0,-12745000.0
09/12/2025,16439.5529176032,18200.0,-50.0,-0.00274725,16484.8409421696,16530.128966736,16394.2648930368,62210.0,1129023600.0,0.0,0.0,62210.0,1129023600.0,27096.0,-20696.0,0.0,-6400.0,491621350.0,-375446350.0,0.0,-116175000.0
08/12/2025,16484.8409421696,18350.0,-150.0,-0.00817439,16620.7050158688,16620.7050158688,16439.5529176032,98610.0,1797274000.0,0.0,0.0,98610.0,1797274000.0,38009.0,-36309.0,0.0,-1700.0,692405601.0,-661350600.0,0.0,-31055000.0
05/12/2025,16620.7050158688,18350.0,0.0,0.0,16620.7050158688,16620.7050158688,16575.4169913024,61573.0,1129704700.0,0.0,0.0,61573.0,1129704700.0,23250.0,-22850.0,0.0,-400.0,426557500.0,-419217500.0,0.0,-7340000.0
04/12/2025,16620.7050158688,18350.0,0.0,0.0,16665.9930404352,16756.569089568,16620.7050158688,66265.0,1219331450.0,0.0,0.0,66265.0,1219331450.0,23836.0,-22636.0,0.0,-1200.0,438757100.0,-416662100.0,0.0,-22095000.0
03/12/2025,16620.7050158688,18350.0,0.0,0.0,16711.2810650016,16756.569089568,16575.4169913024,27226.0,499182350.0,0.0,0.0,27226.0,499182350.0,-199.0,-1.0,0.0,200.0,-3416600.0,-278400.0,0.0,3695000.0
02/12/2025,16620.7050158688,18350.0,0.0,0.0,16711.2810650016,16711.2810650016,16530.128966736,44301.0,810878400.0,0.0,0.0,44301.0,810878400.0,1799.0,-1099.0,0.0,-700.0,33071600.0,-20246600.0,0.0,-12825000.0
01/12/2025,16620.7050158688,18350.0,0.0,0.0,16711.2810650016,16711.2810650016,16530.128966736,84402.0,1543866800.0,0.0,0.0,84402.0,1543866800.0,40300.0,-39900.0,0.0,-400.0,736220001.0,-728890000.0,0.0,-7330000.0
28/11/2025,16620.7050158688,18350.0,0.0,0.0,16620.7050158688,16711.2810650016,16620.7050158688,19423.0,357332250.0,0.0,0.0,19423.0,357332250.0,4514.0,-3914.0,0.0,-600.0,83070450.0,-72005450.0,0.0,-11065000.0
27/11/2025,16620.7050158688,18400.0,-50.0,-0.00271739,16665.9930404352,16711.2810650016,16620.7050158688,34801.0,639543400.0,0.0,0.0,34801.0,639543400.0,11199.0,-10499.0,0.0,-700.0,205386600.0,-192511600.0,0.0,-12875000.0
26/11/2025,16665.9930404352,18350.0,50.0,0.0027248,16620.7050158688,16711.2810650016,16575.4169913024,29684.0,544654700.0,0.0,0.0,29684.0,544654700.0,12939.0,-12639.0,0.0,-300.0,237321150.0,-231801150.0,0.0,-5520000.0
25/11/2025,16620.7050158688,18450.0,-100.0,-0.00542005,16711.2810650016,16756.569089568,16620.7050158688,44400.0,817920000.0,0.0,0.0,44400.0,817920000.0,-7000.0,8800.0,0.0,-1800.0,-129280000.0,162450000.0,0.0,-33170000.0
24/11/2025,16711.2810650016,18500.0,-50.0,-0.0027027,16801.8571141344,16801.8571141344,16711.2810650016,11470.0,212380000.0,0.0,0.0,11470.0,212380000.0,2255.0,-1755.0,0.0,-500.0,41677500.0,-32422500.0,0.0,-9255000.0
21/11/2025,16756.569089568,18500.0,0.0,0.0,16937.7211878336,16937.7211878336,16665.9930404352,30900.0,569880000.0,0.0,0.0,30900.0,569880000.0,14000.0,-12700.0,0.0,-1300.0,258195000.0,-234070000.0,0.0,-24125000.0
20/11/2025,16756.569089568,18500.0,0.0,0.0,16756.569089568,16801.8571141344,16711.2810650016,11407.0,210906400.0,0.0,0.0,11407.0,210906400.0,-500.0,2100.0,0.0,-1600.0,-9320000.0,38980000.0,0.0,-29660000.0
19/11/2025,16756.569089568,18650.0,-150.0,-0.0080429,16892.4331632672,16937.7211878336,16711.2810650016,28709.0,531734500.0,0.0,0.0,28709.0,531734500.0,-11197.0,12497.0,0.0,-1300.0,-207485151.0,231575150.0,0.0,-24090000.0
18/11/2025,16892.4331632672,18750.0,-100.0,-0.00533333,17118.8732860992,17118.8732860992,16847.1451387008,87014.0,1622152100.0,0.0,0.0,87014.0,1622152100.0,-19599.0,20799.0,0.0,-1200.0,-365361350.0,387751350.0,0.0,-22390000.0
17/11/2025,16983.0092124,18700.0,50.0,0.0026738,17118.8732860992,17118.8732860992,16847.1451387008,31872.0,598364000.0,0.0,0.0,31872.0,598364000.0,-601.0,1401.0,0.0,-800.0,-11218950.0,26273950.0,0.0,-15055000.0
14/11/2025,16937.7211878336,18700.0,0.0,0.0,16937.7211878336,17209.449335232,16937.7211878336,29531.0,556943400.0,0.0,0.0,29531.0,556943400.0,8497.0,-7697.0,0.0,-800.0,159489200.0,-144394200.0,0.0,-15095000.0
13/11/2025,16937.7211878336,18500.0,200.0,0.01081081,16801.8571141344,17164.1613106656,16756.569089568,116283.0,2179368000.0,0.0,0.0,116283.0,2179368000.0,2043.0,-8843.0,0.0,6800.0,37075500.0,-164235500.0,0.0,127160000.0
12/11/2025,16756.569089568,18350.0,150.0,0.00817439,16620.7050158688,16756.569089568,16484.8409421696,33001.0,606103400.0,0.0,0.0,33001.0,606103400.0,2701.0,-1601.0,0.0,-1100.0,51173400.0,-30863400.0,0.0,-20310000.0
11/11/2025,16620.7050158688,18350.0,0.0,0.0,16620.7050158688,16756.569089568,16575.4169913024,33700.0,617460000.0,0.0,0.0,33700.0,617460000.0,-4900.0,6200.0,0.0,-1300.0,-89955000.0,113795000.0,0.0,-23840000.0
10/11/2025,16620.7050158688,18400.0,-50.0,-0.00271739,16620.7050158688,16711.2810650016,16575.4169913024,62200.0,1143275000.0,0.0,0.0,62200.0,1143275000.0,17900.0,-17700.0,0.0,-200.0,329260000.0,-325580000.0,0.0,-3680000.0
07/11/2025,16665.9930404352,18550.0,-150.0,-0.00808625,16847.1451387008,16847.1451387008,16665.9930404352,48075.0,886196150.0,0.0,0.0,48075.0,886196150.0,16874.0,-12774.0,0.0,-4100.0,311607600.0,-235927600.0,0.0,-75680000.0
06/11/2025,16801.8571141344,18500.0,50.0,0.0027027,16801.8571141344,16847.1451387008,16756.569089568,50382.0,934316300.0,0.0,0.0,50382.0,934316300.0,25126.0,-24726.0,0.0,-400.0,466291000.0,-458870999.0,0.0,-7420000.0
05/11/2025,16756.569089568,18600.0,-100.0,-0.00537634,17028.2972369664,17028.2972369664,16665.9930404352,35626.0,659436500.0,0.0,0.0,35626.0,659436500.0,-8775.0,8775.0,0.0,0.0,-161352250.0,161352250.0,0.0,0.0
04/11/2025,16847.1451387008,18550.0,50.0,0.00269542,16756.569089568,16847.1451387008,16620.7050158688,38800.0,715410250.0,0.0,0.0,38800.0,715410250.0,7371.0,-5471.0,0.0,-1900.0,135656450.0,-100711450.0,0.0,-34945000.0
03/11/2025,16801.8571141344,18700.0,-150.0,-0.00802139,16711.2810650016,16983.0092124,16711.2810650016,36449.0,676809100.0,0.0,0.0,36449.0,676809100.0,-9315.0,9815.0,0.0,-500.0,-173115400.0,182410400.0,0.0,-9295000.0
31/10/2025,16937.7211878336,18600.0,100.0,0.00537634,16756.569089568,17073.5852615328,16756.569089568,29906.0,559898700.0,0.0,0.0,29906.0,559898700.0,-8494.0,8194.0,0.0,300.0,-159661300.0,154051300.0,0.0,5610000.0
30/10/2025,16847.1451387008,18850.0,-250.0,-0.0132626,17073.5852615328,17073.5852615328,16665.9930404352,31584.0,586178200.0,0.0,0.0,31584.0,586178200.0,-3669.0,13569.0,0.0,-9900.0,-69138350.0,252143350.0,0.0,-183005000.0
29/10/2025,17073.5852615328,18650.0,200.0,0.01072386,16937.7211878336,17209.449335232,16892.4331632672,46090.0,868565450.0,0.0,0.0,46090.0,868565450.0,7197.0,-6897.0,0.0,-300.0,134453300.0,-128798300.0,0.0,-5655000.0
28/10/2025,16892.4331632672,18600.0,50.0,0.00268817,16847.1451387008,17028.2972369664,16847.1451387008,36752.0,685222400.0,0.0,0.0,36752.0,685222400.0,-1848.0,2948.0,0.0,-1100.0,-34127599.0,54707600.0,0.0,-20580000.0
27/10/2025,16847.1451387008,18450.0,150.0,0.00813008,16756.569089568,16892.4331632672,16756.569089568,24718.0,459399800.0,0.0,0.0,24718.0,459399800.0,9912.0,-9812.0,0.0,-100.0,183888200.0,-182038200.0,0.0,-1850000.0
24/10/2025,16711.2810650016,18400.0,50.0,0.00271739,16847.1451387008,16847.1451387008,16620.7050158688,23088.0,424319700.0,0.0,0.0,23088.0,424319700.0,-1900.0,4000.0,0.0,-2100.0,-35025200.0,73725200.0,0.0,-38700000.0
23/10/2025,16665.9930404352,18600.0,-200.0,-0.01075269,17028.2972369664,17028.2972369664,16665.9930404352,17320.0,319944000.0,0.0,0.0,17320.0,319944000.0,1600.0,400.0,0.0,-2000.0,29240000.0,7960000.0,0.0,-37200000.0
22/10/2025,16847.1451387008,18500.0,100.0,0.00540541,17028.2972369664,17028.2972369664,16303.688843904,20258.0,373450700.0,0.0,0.0,20258.0,373450700.0,-12760.0,14360.0,0.0,-1600.0,-235293001.0,264843000.0,0.0,-29550000.0
21/10/2025,16756.569089568,18400.0,100.0,0.00543478,16665.9930404352,16801.8571141344,16394.2648930368,53329.0,978657300.0,0.0,0.0,53329.0,978657300.0,11264.0,-9364.0,0.0,-1900.0,205616000.0,-170801000.0,0.0,-34815000.0
20/10/2025,16665.9930404352,18800.0,-400.0,-0.0212766,17073.5852615328,17209.449335232,16665.9930404352,184800.0,3446440000.0,0.0,0.0,184800.0,3446440000.0,84405.0,-56305.0,0.0,-28100.0,1580939250.0,-1054709250.0,0.0,-526230000.0
17/10/2025,17028.2972369664,19000.0,-200.0,-0.01052632,17118.8732860992,17209.449335232,17028.2972369664,33500.0,632725000.0,0.0,0.0,33500.0,632725000.0,-800.0,4500.0,0.0,-3700.0,-14920000.0,84780000.0,0.0,-69860000.0
16/10/2025,17209.449335232,19100.0,-100.0,-0.0052356,17300.0253843648,17300.0253843648,17209.449335232,53508.0,1017618200.0,0.0,0.0,53508.0,1017618200.0,28317.0,-33317.0,0.0,5000.0,538189000.0,-633154000.0,0.0,94965000.0
15/10/2025,17300.0253843648,19200.0,-100.0,-0.00520833,17390.6014334976,17435.889458064,17209.449335232,93150.0,1775005000.0,0.0,0.0,93150.0,1775005000.0,-9300.0,12100.0,0.0,-2800.0,-177590000.0,231090000.0,0.0,-53500000.0
14/10/2025,17390.6014334976,19250.0,-50.0,-0.0025974,17254.7373597984,17526.4655071968,17209.449335232,86205.0,1646042000.0,0.0,0.0,86205.0,1646042000.0,-9905.0,4805.0,0.0,5100.0,-188372000.0,90907000.0,0.0,97465000.0
13/10/2025,17435.889458064,19250.0,0.0,0.0,17209.449335232,17435.889458064,17209.449335232,62846.0,1205309400.0,0.0,0.0,62846.0,1205309400.0,-4110.0,-390.0,0.0,4500.0,-79881500.0,-6458500.0,0.0,86340000.0
10/10/2025,17435.889458064,19150.0,100.0,0.00522193,17390.6014334976,17481.1774826304,17345.3134089312,68800.0,1322840000.0,0.0,0.0,68800.0,1322840000.0,-400.0,-5700.0,0.0,6100.0,-7935000.0,-109480000.0,0.0,117415000.0
09/10/2025,17345.3134089312,19100.0,50.0,0.0026178,17345.3134089312,17435.889458064,17209.449335232,139301.0,2655479200.0,0.0,0.0,139301.0,2655479200.0,100899.0,-101799.0,0.0,900.0,1920745800.0,-1937975800.0,0.0,17230000.0
08/10/2025,17300.0253843648,19300.0,-200.0,-0.01036269,17481.1774826304,17481.1774826304,17300.0253843648,219800.0,4212255000.0,0.0,0.0,219800.0,4212255000.0,157300.0,-156000.0,0.0,-1300.0,3011660000.0,-2986730000.0,0.0,-24930000.0
07/10/2025,17481.1774826304,19350.0,-50.0,-0.00258398,17571.7535317632,17617.0415563296,17390.6014334976,59941.0,1156158450.0,0.0,0.0,59941.0,1156158450.0,16984.0,-17684.0,0.0,700.0,326973750.0,-340518750.0,0.0,13545000.0
06/10/2025,17526.4655071968,19200.0,150.0,0.0078125,17481.1774826304,17571.7535317632,17435.889458064,29904.0,577753450.0,0.0,0.0,29904.0,577753450.0,-8404.0,6604.0,0.0,1800.0,-162473451.0,127663450.0,0.0,34810000.0
03/10/2025,17390.6014334976,19300.0,-100.0,-0.00518135,17435.889458064,17481.1774826304,17300.0253843648,141231.0,2708997300.0,0.0,0.0,141231.0,2708997300.0,-3409.0,6709.0,0.0,-3300.0,-64513700.0,127973700.0,0.0,-63460000.0
02/10/2025,17481.1774826304,19400.0,-100.0,-0.00515464,17571.7535317632,17571.7535317632,17435.889458064,103734.0,2004157950.0,0.0,0.0,103734.0,2004157950.0,18500.0,-14000.0,0.0,-4500.0,358195000.0,-271020000.0,0.0,-87175000.0
01/10/2025,17571.7535317632,19350.0,50.0,0.00258398,17526.4655071968,17662.329580896,17526.4655071968,38064.0,736894400.0,0.0,0.0,38064.0,736894400.0,11270.0,-1870.0,0.0,-9400.0,218155000.0,-36145000.0,0.0,-182010000.0
30/09/2025,17526.4655071968,19650.0,-300.0,-0.01526718,18024.6337774272,18024.6337774272,17526.4655071968,132810.0,2586369500.0,0.0,0.0,132810.0,2586369500.0,38001.0,-9601.0,0.0,-28400.0,737859500.0,-185989500.0,0.0,-551870000.0
29/09/2025,17798.1936545952,19800.0,-150.0,-0.00757576,17934.0577282944,17934.0577282944,17662.329580896,89737.0,1764608950.0,0.0,0.0,89737.0,1764608950.0,48659.0,-31659.0,0.0,-17000.0,959063750.0,-624383750.0,0.0,-334680000.0
26/09/2025,17934.0577282944,19750.0,50.0,0.00253165,17798.1936545952,17979.3457528608,17752.9056300288,134199.0,2657288550.0,0.0,0.0,134199.0,2657288550.0,35146.0,-18846.0,0.0,-16300.0,695726200.0,-373401200.0,0.0,-322325000.0
25/09/2025,17888.769703728,19600.0,150.0,0.00765306,17979.3457528608,17979.3457528608,17888.769703728,76665.0,1517186000.0,0.0,0.0,76665.0,1517186000.0,16950.0,-33450.0,0.0,16500.0,335310000.0,-662140000.0,0.0,326830000.0
24/09/2025,17752.9056300288,19550.0,50.0,0.00255754,17707.6176054624,17752.9056300288,17571.7535317632,73212.0,1429355800.0,0.0,0.0,73212.0,1429355800.0,7888.0,-8588.0,0.0,700.0,154569200.0,-167984200.0,0.0,13415000.0
23/09/2025,17707.6176054624,19500.0,50.0,0.0025641,17662.329580896,17752.9056300288,17617.0415563296,58400.0,1139430000.0,0.0,0.0,58400.0,1139430000.0,9300.0,-7600.0,0.0,-1700.0,180855000.0,-147705000.0,0.0,-33150000.0
22/09/2025,17662.329580896,19700.0,-200.0,-0.01015228,18069.9218019936,18069.9218019936,17617.0415563296,158502.0,3101809700.0,0.0,0.0,158502.0,3101809700.0,44798.0,-42898.0,0.0,-1900.0,874280300.0,-837010300.0,0.0,-37270000.0
19/09/2025,17843.4816791616,19700.0,0.0,0.0,17843.4816791616,17934.0577282944,17752.9056300288,183851.0,3618159700.0,0.0,0.0,183851.0,3618159700.0,21499.0,-21899.0,0.0,400.0,422140300.0,-430560300.0,0.0,8420000.0
18/09/2025,17843.4816791616,19700.0,0.0,0.0,17934.0577282944,17934.0577282944,17752.9056300288,104659.0,2058825050.0,0.0,0.0,104659.0,2058825050.0,21928.0,-12628.0,0.0,-9300.0,432157050.0,-249137050.0,0.0,-183020000.0
17/09/2025,17843.4816791616,19950.0,-250.0,-0.01253133,17934.0577282944,18115.20982656,17752.9056300288,85411.0,1689815000.0,0.0,0.0,85411.0,1689815000.0,12600.0,-12100.0,0.0,-500.0,249915000.0,-239660000.0,0.0,-10255000.0
16/09/2025,18069.9218019936,20000.0,-50.0,-0.0025,18386.9379739584,18386.9379739584,17843.4816791616,212583.0,4245062850.0,0.0,0.0,212583.0,4245062850.0,-34300.0,35300.0,0.0,-1000.0,-679867000.0,703312000.0,0.0,-23445000.0
15/09/2025,18115.20982656,19500.0,500.0,0.02564103,17888.769703728,18115.20982656,17843.4816791616,237600.0,4718330550.0,0.0,0.0,237600.0,4718330550.0,-61027.0,3727.0,0.0,57300.0,-1209129150.0,73154150.0,0.0,1135975000.0
12/09/2025,17662.329580896,19300.0,200.0,0.01036269,17617.0415563296,17707.6176054624,17481.1774826304,74132.0,1442530750.0,0.0,0.0,74132.0,1442530750.0,921.0,-25521.0,0.0,24600.0,17962150.0,-496577150.0,0.0,478615000.0
11/09/2025,17481.1774826304,19300.0,0.0,0.0,17481.1774826304,17481.1774826304,17028.2972369664,121004.0,2304457200.0,0.0,0.0,121004.0,2304457200.0,29804.0,15896.0,0.0,-45700.0,570237200.0,299732800.0,0.0,-869970000.0
10/09/2025,17481.1774826304,19400.0,-100.0,-0.00515464,17662.329580896,17752.9056300288,17345.3134089312,78558.0,1518094600.0,0.0,0.0,78558.0,1518094600.0,32853.0,-8053.0,0.0,-24800.0,634467600.0,-155662600.0,0.0,-478805000.0
09/09/2025,17571.7535317632,19400.0,0.0,0.0,17707.6176054624,17707.6176054624,17390.6014334976,188700.0,3642380000.0,0.0,0.0,188700.0,3642380000.0,42905.0,-24305.0,0.0,-18600.0,829202250.0,-469667250.0,0.0,-359535000.0
08/09/2025,17571.7535317632,18750.0,650.0,0.03466667,17118.8732860992,17662.329580896,17118.8732860992,218061.0,4187261800.0,0.0,0.0,218061.0,4187261800.0,25305.0,-59405.0,0.0,34100.0,485481500.0,-1141741500.0,0.0,656260000.0
05/09/2025,16983.0092124,19650.0,-900.0,-0.04580153,17888.769703728,18386.9379739584,16983.0092124,779582.0,15256817100.0,0.0,0.0,779582.0,15256817100.0,-151599.0,90699.0,0.0,60900.0,-2865364950.0,1643624950.0,0.0,1221740000.0
04/09/2025,17798.1936545952,19350.0,300.0,0.01550388,17526.4655071968,17798.1936545952,17526.4655071968,153478.0,2989826900.0,0.0,0.0,153478.0,2989826900.0,-62518.0,35718.0,0.0,26800.0,-1217451900.0,696186900.0,0.0,521265000.0
03/09/2025,17526.4655071968,19150.0,200.0,0.01044386,17345.3134089312,17662.329580896,17345.3134089312,108732.0,2102511600.0,0.0,0.0,108732.0,2102511600.0,9975.0,-22275.0,0.0,12300.0,195575000.0,-432730000.0,0.0,237155000.0
29/08/2025,17345.3134089312,19400.0,-250.0,-0.0128866,17571.7535317632,17571.7535317632,17345.3134089312,174839.0,3363420200.0,0.0,0.0,174839.0,3363420200.0,-1223.0,-8577.0,0.0,9800.0,-23405900.0,-165164100.0,0.0,188570000.0
28/08/2025,17571.7535317632,19400.0,0.0,0.0,17571.7535317632,17571.7535317632,17390.6014334976,51666.0,997728400.0,0.0,0.0,51666.0,997728400.0,11785.0,-11785.0,0.0,0.0,227094400.0,-227094400.0,0.0,0.0
27/08/2025,17571.7535317632,19500.0,-100.0,-0.00512821,17843.4816791616,17888.769703728,17390.6014334976,100147.0,1952932350.0,0.0,0.0,100147.0,1952932350.0,21651.0,-19451.0,0.0,-2200.0,424840700.0,-381140700.0,0.0,-43700000.0
26/08/2025,17662.329580896,18750.0,750.0,0.04,16937.7211878336,17662.329580896,16892.4331632672,179570.0,3422842000.0,0.0,0.0,179570.0,3422842000.0,-78446.0,75846.0,0.0,2600.0,-1494224000.0,1444679000.0,0.0,49545000.0
25/08/2025,16983.0092124,19250.0,-500.0,-0.02597403,17934.0577282944,17934.0577282944,16983.0092124,188213.0,3572561050.0,0.0,0.0,188213.0,3572561050.0,-24052.0,24052.0,0.0,0.0,-452035200.0,452035200.0,0.0,0.0
22/08/2025,17435.889458064,19700.0,-450.0,-0.02284264,16756.569089568,17934.0577282944,16756.569089568,362226.0,6958529200.0,0.0,0.0,362226.0,6958529200.0,21770.0,-7470.0,0.0,-14300.0,421025000.0,-140860000.0,0.0,-280165000.0
21/08/2025,17843.4816791616,20450.0,-750.0,-0.03667482,18477.5140230912,18839.8182196224,17752.9056300288,302774.0,6061012200.0,0.0,0.0,302774.0,6061012200.0,-11184.0,11184.0,0.0,0.0,-224384900.0,224384900.0,0.0,0.0
20/08/2025,18522.8020476576,20400.0,50.0,0.00245098,18794.530195056,18885.1062441888,18115.20982656,407118.0,8317732000.0,0.0,0.0,407118.0,8317732000.0,25428.0,-25428.0,0.0,0.0,516889800.0,-516889800.0,0.0,0.0
19/08/2025,18477.5140230912,19600.0,800.0,0.04081633,17798.1936545952,18522.8020476576,17752.9056300288,1022643.0,20601892400.0,0.0,0.0,1022643.0,20601892400.0,46058.0,-50458.0,0.0,4400.0,943791950.0,-1021856950.0,0.0,78065000.0
18/08/2025,17752.9056300288,19550.0,50.0,0.00255754,17662.329580896,17843.4816791616,17617.0415563296,168750.0,3308779500.0,0.0,0.0,168750.0,3308779500.0,23980.0,-23780.0,0.0,-200.0,468726500.0,-464836500.0,0.0,-3890000.0
15/08/2025,17707.6176054624,19700.0,-150.0,-0.00761421,17934.0577282944,18024.6337774272,17662.329580896,174261.0,3426209200.0,0.0,0.0,174261.0,3426209200.0,44850.0,-42250.0,0.0,-2600.0,881627500.0,-829887500.0,0.0,-51740000.0
14/08/2025,17843.4816791616,19700.0,0.0,0.0,17888.769703728,17979.3457528608,17707.6176054624,314061.0,6169806850.0,0.0,0.0,314061.0,6169806850.0,-37553.0,37853.0,0.0,-300.0,-738539050.0,743314050.0,0.0,-4775000.0
13/08/2025,17843.4816791616,19750.0,-50.0,-0.00253165,18115.20982656,18115.20982656,17707.6176054624,270888.0,5353672700.0,0.0,0.0,270888.0,5353672700.0,58081.0,-58081.0,0.0,0.0,1149245100.0,-1149235100.0,0.0,-10000.0
12/08/2025,17888.769703728,19900.0,-150.0,-0.00753769,18115.20982656,18115.20982656,17843.4816791616,151681.0,2999911250.0,0.0,0.0,151681.0,2999911250.0,-13550.0,13550.0,0.0,0.0,-267859950.0,267584950.0,0.0,275000.0
11/08/2025,18024.6337774272,19900.0,0.0,0.0,17843.4816791616,18069.9218019936,17843.4816791616,308955.0,6127019050.0,0.0,0.0,308955.0,6127019050.0,-85797.0,82797.0,0.0,3000.0,-1700441250.0,1640681250.0,0.0,59760000.0
08/08/2025,18024.6337774272,20050.0,-150.0,-0.0074813,18251.0739002592,18251.0739002592,17707.6176054624,204200.0,4039377300.0,0.0,0.0,204200.0,4039377300.0,-24815.0,27715.0,0.0,-2900.0,-481936700.0,539946700.0,0.0,-58010000.0
07/08/2025,18160.4978511264,19950.0,100.0,0.00501253,18296.3619248256,18341.649949392,18069.9218019936,284411.0,5706160850.0,0.0,0.0,284411.0,5706160850.0,24906.0,-24906.0,0.0,0.0,497560850.0,-497560850.0,0.0,0.0
06/08/2025,18070.81850488,21500.0,50.0,0.00232558,18028.8908517364,18070.81850488,17819.2525860186,381310.0,8152578600.0,0.0,0.0,381310.0,8152578600.0,33700.0,-46800.0,-20.0,13100.0,729709000.0,-1010049000.0,-429000.0,280340000.0
05/08/2025,18028.8908517364,21350.0,150.0,0.00702576,18196.6014643107,18196.6014643107,17861.1802391621,473343.0,10167294650.0,0.0,0.0,473343.0,10167294650.0,-30135.0,43235.0,0.0,-13100.0,-650829250.0,930454250.0,0.0,-279625000.0
04/08/2025,17903.1078923057,21350.0,0.0,0.0,17903.1078923057,18028.8908517364,17861.1802391621,283131.0,6051442300.0,0.0,0.0,283131.0,6051442300.0,39141.0,-41041.0,0.0,1900.0,836581300.0,-877336300.0,0.0,40755000.0
01/08/2025,17903.1078923057,21300.0,50.0,0.00234742,18112.7461580236,18112.7461580236,17819.2525860186,159735.0,3411132400.0,0.0,0.0,159735.0,3411132400.0,39739.0,-39739.0,0.0,0.0,848162800.0,-848162800.0,0.0,0.0
31/07/2025,17861.1802391621,21000.0,300.0,0.01428571,17903.1078923057,18112.7461580236,17777.324932875,228823.0,4894516750.0,0.0,0.0,228823.0,4894516750.0,20780.0,-20880.0,0.0,100.0,440929000.0,-443059000.0,0.0,2130000.0
30/07/2025,17609.6143203007,20750.0,250.0,0.01204819,17441.9037077264,17609.6143203007,17316.1207482957,240654.0,5012756050.0,0.0,0.0,240654.0,5012756050.0,-20852.0,6752.0,0.0,14100.0,-432431850.0,139811850.0,0.0,292620000.0
29/07/2025,17399.9760545828,21650.0,-900.0,-0.04157044,18322.3844237415,18322.3844237415,17274.1930951521,519264.0,11012546500.0,0.0,0.0,519264.0,11012546500.0,-136455.0,136455.0,0.0,0.0,-2875296000.0,2875295999.0,0.0,0.0
28/07/2025,18154.6738111672,21000.0,650.0,0.03095238,18028.8908517364,18196.6014643107,18028.8908517364,564746.0,12209787000.0,0.0,0.0,564746.0,12209787000.0,10890.0,-8990.0,0.0,-1900.0,236138000.0,-195063000.0,0.0,-41075000.0
25/07/2025,17609.6143203007,20000.0,1000.0,0.05,17190.337788865,17861.1802391621,17190.337788865,469698.0,9877001300.0,0.0,0.0,469698.0,9877001300.0,121345.0,-112445.0,0.0,-8900.0,2561881301.0,-2372966300.0,0.0,-188915000.0
24/07/2025,16771.0612574292,19650.0,350.0,0.0178117,16687.2059511421,16854.9165637164,16477.5676854242,313116.0,6224786000.0,0.0,0.0,313116.0,6224786000.0,18200.0,-17200.0,0.0,-1000.0,358080000.0,-338280000.0,0.0,-19800000.0
23/07/2025,16477.5676854242,19500.0,150.0,0.00769231,16603.350644855,16603.350644855,16393.7123791371,176373.0,3454243150.0,0.0,0.0,176373.0,3454243150.0,-37814.0,35914.0,0.0,1900.0,-741002950.0,703762950.0,0.0,37240000.0
22/07/2025,16351.7847259935,19500.0,0.0,0.0,16393.7123791371,16477.5676854242,16267.9294197064,122200.0,2381175000.0,0.0,0.0,122200.0,2381175000.0,30700.0,-30700.0,0.0,0.0,598600000.0,-598600000.0,0.0,0.0
21/07/2025,16351.7847259935,19550.0,-50.0,-0.00255754,16393.7123791371,16603.350644855,16351.7847259935,125417.0,2455568200.0,0.0,0.0,125417.0,2455568200.0,-1401.0,3401.0,0.0,-2000.0,-28594601.0,68024600.0,0.0,-39430000.0
18/07/2025,16393.7123791371,19300.0,250.0,0.01295337,16267.9294197064,16687.2059511421,16267.9294197064,314013.0,6167623500.0,0.0,0.0,314013.0,6167623500.0,13901.0,-13901.0,0.0,0.0,270864500.0,-270864500.0,0.0,0.0
17/07/2025,16184.0741134192,19200.0,100.0,0.00520833,16142.1464602757,16267.9294197064,16100.2188071321,238823.0,4607457000.0,0.0,0.0,238823.0,4607457000.0,-48724.0,48624.0,0.0,100.0,-941464399.0,939539400.0,0.0,1925000.0
16/07/2025,16100.2188071321,19300.0,-100.0,-0.00518135,16226.0017665628,16226.0017665628,16016.3635008449,62107.0,1193079500.0,0.0,0.0,62107.0,1193079500.0,2094.0,-1994.0,0.0,-100.0,40084699.0,-38154700.0,0.0,-1930000.0
15/07/2025,16184.0741134192,19100.0,200.0,0.0104712,16058.2911539885,16226.0017665628,16058.2911539885,107108.0,2065844750.0,0.0,0.0,107108.0,2065844750.0,3802.0,-3802.0,0.0,0.0,73393650.0,-73393650.0,0.0,0.0
14/07/2025,16016.3635008449,19100.0,0.0,0.0,16142.1464602757,16142.1464602757,15974.4358477014,94819.0,1811208700.0,0.0,0.0,94819.0,1811208700.0,24083.0,11917.0,0.0,-36000.0,459800800.0,227814200.0,0.0,-687615000.0
11/07/2025,16016.3635008449,19350.0,-250.0,-0.0129199,16226.0017665628,16226.0017665628,16016.3635008449,123106.0,2364860200.0,0.0,0.0,123106.0,2364860200.0,-46094.0,65594.0,0.0,-19500.0,-885804800.0,1260394800.0,0.0,-374590000.0
10/07/2025,16226.0017665628,19300.0,50.0,0.00259067,16226.0017665628,16226.0017665628,16100.2188071321,73700.0,1422210000.0,0.0,0.0,73700.0,1422210000.0,-8600.0,8600.0,0.0,0.0,-165905000.0,165905000.0,0.0,0.0
09/07/2025,16184.0741134192,19400.0,-100.0,-0.00515464,16267.9294197064,16267.9294197064,16142.1464602757,137010.0,2644978850.0,0.0,0.0,137010.0,2644978850.0,-2800.0,2800.0,0.0,0.0,-53715000.0,53715000.0,0.0,0.0
08/07/2025,16267.9294197064,19250.0,150.0,0.00779221,16351.7847259935,16393.7123791371,16142.1464602757,104200.0,2021035000.0,0.0,0.0,104200.0,2021035000.0,-9400.0,9300.0,0.0,100.0,-183785000.0,181855000.0,0.0,1930000.0
07/07/2025,16142.1464602757,19050.0,200.0,0.01049869,15974.4358477014,16184.0741134192,15974.4358477014,77550.0,1485430000.0,0.0,0.0,77550.0,1485430000.0,-22950.0,21150.0,0.0,1800.0,-440405000.0,405755000.0,0.0,34650000.0
04/07/2025,15974.4358477014,19050.0,0.0,0.0,16058.2911539885,16058.2911539885,15848.6528882706,85233.0,1618658900.0,0.0,0.0,85233.0,1618658900.0,-14033.0,13233.0,0.0,800.0,-266443900.0,251323900.0,0.0,15120000.0
03/07/2025,15974.4358477014,19450.0,-400.0,-0.02056555,16309.8570728499,16309.8570728499,15932.5081945578,119794.0,2301427300.0,0.0,0.0,119794.0,2301427300.0,23196.0,-23496.0,0.0,300.0,447270401.0,-452970400.0,0.0,5700000.0
02/07/2025,16309.8570728499,19100.0,350.0,0.01832461,16100.2188071321,16645.2782979985,16100.2188071321,226431.0,4416391350.0,0.0,0.0,226431.0,4416391350.0,-22930.0,26230.0,0.0,-3300.0,-446628500.0,511593500.0,0.0,-64965000.0
01/07/2025,16016.3635008449,19150.0,-50.0,-0.00261097,16058.2911539885,16309.8570728499,15932.5081945578,104103.0,1997933200.0,0.0,0.0,104103.0,1997933200.0,-6103.0,6703.0,0.0,-600.0,-113383200.0,124873200.0,0.0,-11490000.0
30/06/2025,16058.2911539885,19050.0,100.0,0.00524934,16184.0741134192,16351.7847259935,16016.3635008449,196305.0,3789482500.0,0.0,0.0,196305.0,3789482500.0,88100.0,-85500.0,0.0,-2600.0,1703640000.0,-1653430000.0,0.0,-50210000.0
27/06/2025,15974.4358477014,19000.0,50.0,0.00263158,15932.5081945578,16309.8570728499,15848.6528882706,192916.0,3700126400.0,0.0,0.0,192916.0,3700126400.0,66448.0,-65748.0,0.0,-700.0,1266090551.0,-1252790550.0,0.0,-13300000.0
26/06/2025,15932.5081945578,18900.0,100.0,0.00529101,15932.5081945578,15932.5081945578,15764.7975819835,47021.0,889221900.0,0.0,0.0,47021.0,889221900.0,-2101.0,3501.0,0.0,-1400.0,-39533900.0,66008900.0,0.0,-26475000.0
25/06/2025,15848.6528882706,18950.0,-50.0,-0.00263852,15974.4358477014,15974.4358477014,15806.7252351271,37500.0,709230000.0,0.0,0.0,37500.0,709230000.0,-4300.0,5500.0,0.0,-1200.0,-81705000.0,104435000.0,0.0,-22730000.0
24/06/2025,15890.5805414142,18850.0,100.0,0.00530504,15806.7252351271,16016.3635008449,15806.7252351271,51479.0,975925750.0,0.0,0.0,51479.0,975925750.0,-2971.0,3671.0,0.0,-700.0,-56474250.0,69794250.0,0.0,-13320000.0
23/06/2025,15806.7252351271,18800.0,50.0,0.00265957,15764.7975819835,16058.2911539885,15597.0869694092,73430.0,1387917500.0,0.0,0.0,73430.0,1387917500.0,-2000.0,2000.0,0.0,0.0,-37390000.0,37390000.0,0.0,0.0
20/06/2025,15764.7975819835,18800.0,0.0,0.0,15680.9422756963,15764.7975819835,15680.9422756963,113759.0,2134628300.0,0.0,0.0,113759.0,2134628300.0,16299.0,-18099.0,0.0,1800.0,304796300.0,-338506300.0,0.0,33710000.0
19/06/2025,15764.7975819835,18900.0,-100.0,-0.00529101,15806.7252351271,15890.5805414142,15764.7975819835,27407.0,516956400.0,0.0,0.0,27407.0,516956400.0,-4201.0,3601.0,0.0,600.0,-80123601.0,68833600.0,0.0,11290000.0
18/06/2025,15848.6528882706,19000.0,-100.0,-0.00526316,15932.5081945578,15932.5081945578,15848.6528882706,52623.0,997025850.0,0.0,0.0,52623.0,997025850.0,-10122.0,4822.0,0.0,5300.0,-192311900.0,91886900.0,0.0,100425000.0
17/06/2025,15932.5081945578,18950.0,50.0,0.00263852,15890.5805414142,15932.5081945578,15764.7975819835,33008.0,625546550.0,0.0,0.0,33008.0,625546550.0,-5600.0,4800.0,0.0,800.0,-106185000.0,91035000.0,0.0,15150000.0
16/06/2025,15890.5805414142,18800.0,150.0,0.00797872,15764.7975819835,15932.5081945578,15722.8699288399,78379.0,1482750350.0,0.0,0.0,78379.0,1482750350.0,-50846.0,41446.0,0.0,9400.0,-962464801.0,785304800.0,0.0,177160000.0
13/06/2025,15764.7975819835,18950.0,-150.0,-0.00791557,15974.4358477014,15974.4358477014,15261.6657442606,86512.0,1612824650.0,0.0,0.0,86512.0,1612824650.0,-12298.0,14398.0,0.0,-2100.0,-231882401.0,271162400.0,0.0,-39280000.0
12/06/2025,15890.5805414142,18800.0,150.0,0.00797872,15806.7252351271,15974.4358477014,15764.7975819835,84810.0,1601649000.0,0.0,0.0,84810.0,1601649000.0,6899.0,-9099.0,0.0,2200.0,130066100.0,-171536100.0,0.0,41470000.0
11/06/2025,15764.7975819835,18900.0,-100.0,-0.00529101,15848.6528882706,15848.6528882706,15764.7975819835,11416.0,215005850.0,0.0,0.0,11416.0,215005850.0,-1907.0,1907.0,0.0,0.0,-35983700.0,35983700.0,0.0,0.0
10/06/2025,15848.6528882706,18800.0,100.0,0.00531915,15848.6528882706,15932.5081945578,15722.8699288399,74500.0,1405675000.0,0.0,0.0,74500.0,1405675000.0,-11700.0,4300.0,0.0,7400.0,-221225000.0,81740000.0,0.0,139485000.0
09/06/2025,15764.7975819835,19200.0,-400.0,-0.02083333,15932.5081945578,16142.1464602757,15764.7975819835,93437.0,1767745600.0,0.0,0.0,93437.0,1767745600.0,-21700.0,13700.0,0.0,8000.0,-408385000.0,256675000.0,0.0,151710000.0
06/06/2025,16100.2188071321,19250.0,-50.0,-0.0025974,16142.1464602757,16184.0741134192,15932.5081945578,112806.0,2156763300.0,0.0,0.0,112806.0,2156763300.0,-32102.0,30502.0,0.0,1600.0,-613412800.0,582852800.0,0.0,30560000.0
05/06/2025,16142.1464602757,19100.0,150.0,0.0078534,16058.2911539885,16184.0741134192,15890.5805414142,123403.0,2367722600.0,0.0,0.0,123403.0,2367722600.0,-28203.0,29403.0,0.0,-1200.0,-542842601.0,565962600.0,0.0,-23120000.0
04/06/2025,16016.3635008449,19100.0,0.0,0.0,16142.1464602757,16184.0741134192,15848.6528882706,124900.0,2386235000.0,0.0,0.0,124900.0,2386235000.0,-23100.0,19200.0,0.0,3900.0,-441670000.0,367645000.0,0.0,74025000.0
03/06/2025,16016.3635008449,18900.0,200.0,0.01058201,16058.2911539885,16184.0741134192,15848.6528882706,152145.0,2909655000.0,0.0,0.0,152145.0,2909655000.0,-31402.0,30402.0,0.0,1000.0,-602968201.0,583908200.0,0.0,19060000.0
02/06/2025,15848.6528882706,18800.0,100.0,0.00531915,15764.7975819835,15932.5081945578,15555.1593162656,62848.0,1182561600.0,0.0,0.0,62848.0,1182561600.0,-4900.0,7000.0,0.0,-2100.0,-94580000.0,133990000.0,0.0,-39410000.0
30/05/2025,15764.7975819835,19150.0,-350.0,-0.01827676,16100.2188071321,16142.1464602757,15764.7975819835,58169.0,1099866350.0,0.0,0.0,58169.0,1099866350.0,-10700.0,12500.0,0.0,-1800.0,-203145000.0,237245000.0,0.0,-34100000.0
29/05/2025,16058.2911539885,18850.0,300.0,0.01591512,15848.6528882706,16142.1464602757,15848.6528882706,106360.0,2027985500.0,0.0,0.0,106360.0,2027985500.0,-18990.0,17600.0,-110.0,1390.0,-365525000.0,338990000.0,-2086000.0,26534500.0
28/05/2025,15806.7252351271,18750.0,100.0,0.00533333,15806.7252351271,15890.5805414142,15680.9422756963,149204.0,2807110050.0,0.0,0.0,149204.0,2807110050.0,451.0,-1051.0,0.0,600.0,7171250.0,-18431250.0,0.0,11260000.0
27/05/2025,15722.8699288399,18650.0,100.0,0.00536193,15764.7975819835,15806.7252351271,15597.0869694092,287719.0,5381714750.0,0.0,0.0,287719.0,5381714750.0,-3300.0,600.0,0.0,2700.0,-64165050.0,13610050.0,0.0,50555000.0
26/05/2025,15639.0146225528,18150.0,500.0,0.02754821,15261.6657442606,15680.9422756963,15052.0274785428,128265.0,2337392400.0,0.0,0.0,128265.0,2337392400.0,-23751.0,28251.0,0.0,-4500.0,-432280400.0,513285400.0,0.0,-81005000.0
23/05/2025,15219.738091117,18300.0,-150.0,-0.00819672,15261.6657442606,15429.3763568349,15177.8104379735,19250.0,351240000.0,0.0,0.0,19250.0,351240000.0,-3700.0,3900.0,0.0,-200.0,-67830000.0,71490000.0,0.0,-3660000.0
22/05/2025,15345.5210505478,18300.0,0.0,0.0,15513.2316631221,15513.2316631221,15303.5933974042,27265.0,499502500.0,0.0,0.0,27265.0,499502500.0,1255.0,-1255.0,0.0,0.0,22897500.0,-22897500.0,0.0,0.0
21/05/2025,15345.5210505478,18350.0,-50.0,-0.0027248,15429.3763568349,15429.3763568349,15261.6657442606,39900.0,730100000.0,0.0,0.0,39900.0,730100000.0,1400.0,0.0,0.0,-1400.0,25260000.0,470000.0,0.0,-25730000.0
20/05/2025,15387.4487036913,18500.0,-150.0,-0.00810811,15680.9422756963,15722.8699288399,14465.0403345327,89450.0,1633065000.0,0.0,0.0,89450.0,1633065000.0,14700.0,-15400.0,0.0,700.0,264005000.0,-276660000.0,0.0,12655000.0
19/05/2025,15513.2316631221,18650.0,-150.0,-0.0080429,15555.1593162656,15639.0146225528,15513.2316631221,50800.0,942455000.0,0.0,0.0,50800.0,942455000.0,-2300.0,2300.0,0.0,0.0,-42380000.0,42380000.0,0.0,0.0
16/05/2025,15639.0146225528,18600.0,50.0,0.00268817,15764.7975819835,15764.7975819835,15597.0869694092,72901.0,1357813700.0,0.0,0.0,72901.0,1357813700.0,-7599.0,7799.0,0.0,-200.0,-141861300.0,145601300.0,0.0,-3740000.0
15/05/2025,15597.0869694092,18600.0,0.0,0.0,15680.9422756963,15806.7252351271,15555.1593162656,96612.0,1802734300.0,0.0,0.0,96612.0,1802734300.0,-3799.0,5300.0,0.0,-1501.0,-70557000.0,98540000.0,0.0,-27983600.0
14/05/2025,15597.0869694092,18650.0,-50.0,-0.00268097,15764.7975819835,15764.7975819835,15555.1593162656,62151.0,1157633250.0,0.0,0.0,62151.0,1157633250.0,-23120.0,23720.0,0.0,-600.0,-431844500.0,443094500.0,0.0,-11250000.0
13/05/2025,15639.0146225528,18500.0,150.0,0.00810811,15722.8699288399,15764.7975819835,15597.0869694092,93505.0,1745928250.0,0.0,0.0,93505.0,1745928250.0,15500.0,-17000.0,0.0,1500.0,289590000.0,-317575000.0,0.0,27985000.0
12/05/2025,15513.2316631221,18500.0,0.0,0.0,15429.3763568349,15680.9422756963,15387.4487036913,58090.0,1071449500.0,0.0,0.0,58090.0,1071449500.0,-540.0,640.0,0.0,-100.0,-10846000.0,12716000.0,0.0,-1870000.0
09/05/2025,15513.2316631221,18500.0,0.0,0.0,15639.0146225528,15639.0146225528,15219.738091117,16210.0,298792000.0,0.0,0.0,16210.0,298792000.0,2299.0,-2799.0,0.0,500.0,42121800.0,-51196800.0,0.0,9075000.0
08/05/2025,15513.2316631221,18250.0,250.0,0.01369863,15303.5933974042,15680.9422756963,15303.5933974042,105800.0,1959310500.0,0.0,0.0,105800.0,1959310500.0,-36900.0,35600.0,0.0,1300.0,-682830000.0,658720000.0,0.0,24110000.0
07/05/2025,15303.5933974042,18100.0,150.0,0.00828729,15261.6657442606,15429.3763568349,15093.9551316863,75352.0,1367291800.0,0.0,0.0,75352.0,1367291800.0,-15766.0,14966.0,0.0,800.0,-284156200.0,269556200.0,0.0,14600000.0
06/05/2025,15177.8104379735,18150.0,-50.0,-0.00275482,15219.738091117,15303.5933974042,15177.8104379735,43803.0,797104700.0,0.0,0.0,43803.0,797104700.0,-16401.0,17201.0,0.0,-800.0,-298143250.0,312693250.0,0.0,-14550000.0
05/05/2025,15219.738091117,18000.0,150.0,0.00833333,15303.5933974042,15303.5933974042,15010.0998253992,86201.0,1550392950.0,0.0,0.0,86201.0,1550392950.0,9401.0,-9401.0,0.0,0.0,169717950.0,-169717950.0,0.0,0.0
29/04/2025,15093.9551316863,17900.0,100.0,0.00558659,15010.0998253992,15135.8827848299,14842.3892128249,52004.0,934036500.0,0.0,0.0,52004.0,934036500.0,6500.0,0.0,0.0,-6500.0,116735000.0,0.0,0.0,-116735000.0
28/04/2025,15010.0998253992,17800.0,100.0,0.00561798,14968.1721722556,15052.0274785428,14758.5339065377,47020.0,835537500.0,0.0,0.0,47020.0,835537500.0,-200.0,0.0,0.0,200.0,-3520000.0,0.0,0.0,3520000.0
25/04/2025,14926.244519112,18000.0,-200.0,-0.01111111,15261.6657442606,15261.6657442606,14926.244519112,47591.0,854035100.0,0.0,0.0,47591.0,854035100.0,9900.0,0.0,0.0,-9900.0,178060000.0,0.0,0.0,-178060000.0
24/04/2025,15093.9551316863,17700.0,300.0,0.01694915,14884.3168659685,15261.6657442606,14884.3168659685,112455.0,2022948900.0,0.0,0.0,112455.0,2022948900.0,-24000.0,0.0,0.0,24000.0,-430975000.0,0.0,0.0,430975000.0
23/04/2025,14842.3892128249,17600.0,100.0,0.00568182,15010.0998253992,15010.0998253992,14548.8956408199,70650.0,1238738000.0,0.0,0.0,70650.0,1238738000.0,23900.0,0.0,0.0,-23900.0,420415000.0,0.0,0.0,-420415000.0
22/04/2025,14758.5339065377,18250.0,-650.0,-0.03561644,15261.6657442606,15261.6657442606,14255.4020688149,112400.0,1969383900.0,0.0,0.0,112400.0,1969383900.0,5700.0,0.0,0.0,-5700.0,104930000.0,0.0,0.0,-104930000.0
21/04/2025,15303.5933974042,18150.0,100.0,0.00550964,15513.2316631221,15513.2316631221,15219.738091117,27100.0,493200000.0,0.0,0.0,27100.0,493200000.0,10000.0,0.0,0.0,-10000.0,181835000.0,0.0,0.0,-181835000.0
18/04/2025,15219.738091117,18000.0,150.0,0.00833333,15177.8104379735,15387.4487036913,15052.0274785428,115305.0,2086266500.0,0.0,0.0,115305.0,2086266500.0,-30000.0,0.0,0.0,30000.0,-541500000.0,0.0,0.0,541500000.0
17/04/2025,15093.9551316863,18000.0,0.0,0.0,15261.6657442606,15261.6657442606,14926.244519112,43101.0,775007600.0,0.0,0.0,43101.0,775007600.0,10900.0,0.0,0.0,-10900.0,196325000.0,0.0,0.0,-196325000.0
16/04/2025,15093.9551316863,18100.0,-100.0,-0.00552486,15219.738091117,15387.4487036913,15093.9551316863,86725.0,1570385900.0,0.0,0.0,86725.0,1570385900.0,-4500.0,0.0,0.0,4500.0,-81780000.0,0.0,0.0,81780000.0
15/04/2025,15177.8104379735,18700.0,-600.0,-0.03208556,15806.7252351271,15806.7252351271,15177.8104379735,94102.0,1735855300.0,0.0,0.0,94102.0,1735855300.0,19900.0,0.0,0.0,-19900.0,367705000.0,0.0,0.0,-367705000.0
14/04/2025,15680.9422756963,18500.0,200.0,0.01081081,16058.2911539885,16058.2911539885,15639.0146225528,177445.0,3349836250.0,0.0,0.0,177445.0,3349836250.0,34400.0,0.0,0.0,-34400.0,654905000.0,0.0,0.0,-654905000.0
11/04/2025,15513.2316631221,18050.0,450.0,0.02493075,16016.3635008449,16016.3635008449,15261.6657442606,244471.0,4565697500.0,0.0,0.0,244471.0,4565697500.0,16000.0,0.0,0.0,-16000.0,296610000.0,0.0,0.0,-296610000.0
09/04/2025,14171.5467625277,17700.0,-800.0,-0.04519774,13836.1255373791,14674.6786002506,13836.1255373791,238340.0,4005705550.0,0.0,0.0,238340.0,4005705550.0,-53600.0,0.0,0.0,53600.0,-898255000.0,0.0,0.0,898255000.0
08/04/2025,14842.3892128249,19000.0,-1300.0,-0.06842105,14884.3168659685,15722.8699288399,14842.3892128249,298572.0,5296574400.0,0.0,0.0,298572.0,5296574400.0,7700.0,0.0,0.0,-7700.0,139145000.0,0.0,0.0,-139145000.0
04/04/2025,15932.5081945578,20150.0,-1150.0,-0.05707196,15722.8699288399,15932.5081945578,15722.8699288399,649033.0,12181691700.0,0.0,0.0,649033.0,12181691700.0,80800.0,-70100.0,0.0,-10700.0,1516650000.0,-1315565000.0,0.0,-201085000.0
03/04/2025,16896.84421686,21650.0,-1500.0,-0.06928406,17735.3972797314,17735.3972797314,16896.84421686,404600.0,8244463500.0,0.0,0.0,404600.0,8244463500.0,11100.0,0.0,0.0,-11100.0,227015000.0,0.0,0.0,-227015000.0
02/04/2025,18154.6738111672,21600.0,50.0,0.00231481,18196.6014643107,18448.1673831722,18112.7461580236,70900.0,1540645000.0,0.0,0.0,70900.0,1540645000.0,500.0,0.0,0.0,-500.0,11280000.0,0.0,0.0,-11280000.0
01/04/2025,18112.7461580236,21600.0,0.0,0.0,18154.6738111672,18238.5291174543,18028.8908517364,175129.0,3784837750.0,0.0,0.0,175129.0,3784837750.0,3200.0,0.0,0.0,-3200.0,69125000.0,0.0,0.0,-69125000.0
31/03/2025,18112.7461580236,21850.0,-250.0,-0.01144165,18364.312076885,18364.312076885,18070.81850488,276681.0,5998213500.0,0.0,0.0,276681.0,5998213500.0,11300.0,-10000.0,0.0,-1300.0,244240000.0,-216000000.0,0.0,-28240000.0
28/03/2025,18322.3844237415,21900.0,-50.0,-0.00228311,18364.312076885,18448.1673831722,18280.4567705979,110557.0,2420748300.0,0.0,0.0,110557.0,2420748300.0,30600.0,-30600.0,0.0,0.0,668790001.0,-668790000.0,0.0,0.0
27/03/2025,18364.312076885,22000.0,-100.0,-0.00454545,18364.312076885,18490.0950363157,18322.3844237415,140635.0,3081046500.0,0.0,0.0,140635.0,3081046500.0,30300.0,-29900.0,0.0,-400.0,663520000.0,-654805000.0,0.0,-8715000.0
26/03/2025,18448.1673831722,22000.0,0.0,0.0,18532.0226894593,18532.0226894593,18322.3844237415,178388.0,3918231700.0,0.0,0.0,178388.0,3918231700.0,700.0,-13800.0,0.0,13100.0,14085000.0,-302120000.0,0.0,288035000.0
25/03/2025,18448.1673831722,21950.0,50.0,0.0022779,18573.9503426029,18573.9503426029,18406.2397300286,321474.0,7075757700.0,0.0,0.0,321474.0,7075757700.0,44300.0,-49800.0,0.0,5500.0,973085000.0,-1094380000.0,0.0,121295000.0
24/03/2025,18406.2397300286,22350.0,-400.0,-0.01789709,18825.5162614643,18825.5162614643,18280.4567705979,316813.0,6973730700.0,0.0,0.0,316813.0,6973730700.0,124113.0,-41200.0,0.0,-82913.0,2735310750.0,-918460000.0,0.0,-1816850750.0
21/03/2025,18741.6609551772,22300.0,50.0,0.00224215,18699.7333020336,18867.4439146079,18699.7333020336,80805.0,1806167400.0,0.0,0.0,80805.0,1806167400.0,100.0,100.0,0.0,-200.0,2345000.0,2235000.0,0.0,-4580000.0
20/03/2025,18699.7333020336,22450.0,-150.0,-0.00668151,18993.2268740386,18993.2268740386,18615.8779957465,197200.0,4397930000.0,0.0,0.0,197200.0,4397930000.0,69600.0,-70500.0,0.0,900.0,1549405000.0,-1569520000.0,0.0,20115000.0
19/03/2025,18825.5162614643,22450.0,0.0,0.0,18825.5162614643,19244.7927929001,18741.6609551772,311314.0,7031799900.0,0.0,0.0,311314.0,7031799900.0,-54633.0,66300.0,0.0,-11667.0,-1238889450.0,1500880000.0,0.0,-261990550.0
18/03/2025,18825.5162614643,22450.0,0.0,0.0,18909.3715677515,18909.3715677515,18615.8779957465,383800.0,8578615000.0,0.0,0.0,383800.0,8578615000.0,-5500.0,0.0,0.0,5500.0,-123750000.0,0.0,0.0,123750000.0
17/03/2025,18825.5162614643,22550.0,-100.0,-0.00443459,18993.2268740386,19077.0821803258,18825.5162614643,112327.0,2535273800.0,0.0,0.0,112327.0,2535273800.0,-8700.0,10000.0,0.0,-1300.0,-196185000.0,225500000.0,0.0,-29315000.0
14/03/2025,18909.3715677515,22200.0,350.0,0.01576577,18741.6609551772,18951.2992208951,18573.9503426029,292466.0,6519452300.0,0.0,0.0,292466.0,6519452300.0,-29000.0,29500.0,0.0,-500.0,-648165000.0,659430000.0,0.0,-11265000.0
13/03/2025,18615.8779957465,22700.0,-500.0,-0.02202643,19035.1545271822,19035.1545271822,18615.8779957465,537498.0,11996204500.0,0.0,0.0,537498.0,11996204500.0,-30000.0,28900.0,0.0,1100.0,-671925000.0,645490000.0,0.0,26435000.0
12/03/2025,19035.1545271822,22750.0,-50.0,-0.0021978,19202.8651397565,19202.8651397565,18909.3715677515,146703.0,3327829900.0,0.0,0.0,146703.0,3327829900.0,-100.0,0.0,0.0,100.0,-2465000.0,0.0,0.0,2465000.0
11/03/2025,19077.0821803258,22650.0,100.0,0.00441501,18909.3715677515,19160.9374866129,18825.5162614643,208504.0,4720325500.0,0.0,0.0,208504.0,4720325500.0,-13500.0,2500.0,0.0,11000.0,-305575000.0,56500000.0,0.0,249075000.0
10/03/2025,18993.2268740386,22450.0,200.0,0.00890869,18825.5162614643,19244.7927929001,18825.5162614643,457444.0,10372814350.0,0.0,0.0,457444.0,10372814350.0,-20000.0,0.0,0.0,20000.0,-452670000.0,0.0,0.0,452670000.0
07/03/2025,18825.5162614643,22450.0,0.0,0.0,18951.2992208951,19160.9374866129,18825.5162614643,270430.0,6127543000.0,0.0,0.0,270430.0,6127543000.0,1800.0,0.0,0.0,-1800.0,41730000.0,0.0,0.0,-41730000.0
06/03/2025,18825.5162614643,22350.0,100.0,0.00447427,19035.1545271822,19035.1545271822,18741.6609551772,107573.0,2412606800.0,0.0,0.0,107573.0,2412606800.0,-6800.0,4200.0,0.0,2600.0,-152455000.0,94180000.0,0.0,58275000.0
05/03/2025,18741.6609551772,22450.0,-100.0,-0.00445434,19035.1545271822,19035.1545271822,18741.6609551772,160526.0,3602764000.0,0.0,0.0,160526.0,3602764000.0,-800.0,0.0,0.0,800.0,-17995000.0,0.0,0.0,17995000.0
04/03/2025,18825.5162614643,22700.0,-250.0,-0.01101322,18825.5162614643,19035.1545271822,18615.8779957465,347327.0,7780909500.0,0.0,0.0,347327.0,7780909500.0,-17900.0,21000.0,0.0,-3100.0,-397415000.0,467750000.0,0.0,-70335000.0
03/03/2025,19035.1545271822,22800.0,-100.0,-0.00438596,19119.0098334693,19202.8651397565,18825.5162614643,180008.0,4085617450.0,0.0,0.0,180008.0,4085617450.0,2200.0,0.0,0.0,-2200.0,50650000.0,0.0,0.0,-50650000.0
28/02/2025,19119.0098334693,23250.0,-450.0,-0.01935484,19538.2863649051,19580.2140180486,19077.0821803258,228716.0,5249185700.0,0.0,0.0,228716.0,5249185700.0,12100.0,0.0,0.0,-12100.0,279880000.0,0.0,0.0,-279880000.0
27/02/2025,19496.3587117615,22450.0,800.0,0.03563474,18993.2268740386,19580.2140180486,18951.2992208951,641202.0,14726432450.0,0.0,0.0,641202.0,14726432450.0,25700.0,-30000.0,0.0,4300.0,587145000.0,-686000000.0,0.0,98855000.0
26/02/2025,18825.5162614643,22300.0,150.0,0.00672646,18657.80564889,19077.0821803258,18615.8779957465,570840.0,12877565200.0,0.0,0.0,570840.0,12877565200.0,-3700.0,0.0,0.0,3700.0,-83225000.0,0.0,0.0,83225000.0
25/02/2025,18699.7333020336,22450.0,-150.0,-0.00668151,18867.4439146079,18867.4439146079,18615.8779957465,195115.0,4360996700.0,0.0,0.0,195115.0,4360996700.0,-800.0,0.0,0.0,800.0,-18030000.0,0.0,0.0,18030000.0
24/02/2025,18825.5162614643,22350.0,100.0,0.00447427,19035.1545271822,19035.1545271822,18657.80564889,135033.0,3019170000.0,0.0,0.0,135033.0,3019170000.0,-35101.0,31400.0,0.0,3701.0,-786242700.0,703385000.0,0.0,82857700.0
21/02/2025,18741.6609551772,22300.0,50.0,0.00224215,18699.7333020336,18951.2992208951,18615.8779957465,241446.0,5420254800.0,0.0,0.0,241446.0,5420254800.0,-3200.0,0.0,0.0,3200.0,-71530000.0,0.0,0.0,71530000.0
20/02/2025,18699.7333020336,22550.0,-250.0,-0.01108647,18951.2992208951,19035.1545271822,18699.7333020336,163300.0,3666720000.0,0.0,0.0,163300.0,3666720000.0,-200.0,0.0,0.0,200.0,-4470000.0,0.0,0.0,4470000.0
19/02/2025,18909.3715677515,22150.0,400.0,0.01805869,18741.6609551772,18909.3715677515,18573.9503426029,324722.0,7254405800.0,0.0,0.0,324722.0,7254405800.0,-16000.0,0.0,0.0,16000.0,-358335000.0,0.0,0.0,358335000.0
18/02/2025,18573.9503426029,22300.0,-150.0,-0.00672646,18490.0950363157,19035.1545271822,18490.0950363157,273094.0,6109874650.0,0.0,0.0,273094.0,6109874650.0,-42800.0,38700.0,0.0,4100.0,-957460000.0,865005000.0,0.0,92455000.0
17/02/2025,18699.7333020336,22000.0,300.0,0.01363636,18699.7333020336,18741.6609551772,18448.1673831722,259870.0,5774539400.0,0.0,0.0,259870.0,5774539400.0,8200.0,800.0,0.0,-9000.0,182350000.0,17825000.0,0.0,-200175000.0
14/02/2025,18448.1673831722,21000.0,1000.0,0.04761905,17609.6143203007,18573.9503426029,17609.6143203007,490374.0,10611281200.0,0.0,0.0,490374.0,10611281200.0,-4800.0,0.0,0.0,4800.0,-102765000.0,0.0,0.0,102765000.0
13/02/2025,17609.6143203007,20900.0,100.0,0.00478469,17525.7590140136,17693.4696265879,17483.83136087,63900.0,1337840000.0,0.0,0.0,63900.0,1337840000.0,-300.0,0.0,0.0,300.0,-6270000.0,0.0,0.0,6270000.0
12/02/2025,17525.7590140136,20900.0,0.0,0.0,17525.7590140136,17693.4696265879,17525.7590140136,91000.0,1909805000.0,0.0,0.0,91000.0,1909805000.0,800.0,0.0,0.0,-800.0,17020000.0,0.0,0.0,-17020000.0
07/02/2025,17651.5419734443,21200.0,-150.0,-0.00707547,17777.324932875,17861.1802391621,17651.5419734443,166100.0,3517770000.0,0.0,0.0,166100.0,3517770000.0,-22600.0,20900.0,0.0,1700.0,-475650000.0,439625000.0,0.0,36025000.0
06/02/2025,17777.324932875,21250.0,-50.0,-0.00235294,17819.2525860186,17903.1078923057,17777.324932875,109937.0,2335566250.0,0.0,0.0,109937.0,2335566250.0,-3700.0,0.0,0.0,3700.0,-78620000.0,0.0,0.0,78620000.0
05/02/2025,17819.2525860186,21200.0,50.0,0.00235849,17819.2525860186,17903.1078923057,17735.3972797314,94407.0,2006173750.0,0.0,0.0,94407.0,2006173750.0,2000.0,-4000.0,0.0,2000.0,42285000.0,-84850000.0,0.0,42565000.0
04/02/2025,17777.324932875,21000.0,200.0,0.00952381,17693.4696265879,17819.2525860186,17609.6143203007,154950.0,3275465000.0,0.0,0.0,154950.0,3275465000.0,-8600.0,-1000.0,0.0,9600.0,-181550000.0,-21200000.0,0.0,202750000.0
03/02/2025,17609.6143203007,20900.0,100.0,0.00478469,17609.6143203007,17693.4696265879,17483.83136087,73525.0,1537329600.0,0.0,0.0,73525.0,1537329600.0,-1600.0,0.0,0.0,1600.0,-33485000.0,0.0,0.0,33485000.0
24/01/2025,17525.7590140136,20500.0,400.0,0.0195122,17274.1930951521,17567.6866671571,17232.2654420086,86748.0,1810612800.0,0.0,0.0,86748.0,1810612800.0,-27700.0,25000.0,0.0,2700.0,-579295000.0,522910000.0,0.0,56385000.0
23/01/2025,17190.337788865,20450.0,50.0,0.00244499,17190.337788865,17399.9760545828,17148.4101357214,74539.0,1534990050.0,0.0,0.0,74539.0,1534990050.0,3300.0,0.0,0.0,-3300.0,68035000.0,0.0,0.0,-68035000.0
22/01/2025,17148.4101357214,20650.0,-200.0,-0.00968523,17316.1207482957,17358.0484014393,17148.4101357214,120000.0,2464525000.0,0.0,0.0,120000.0,2464525000.0,3400.0,0.0,0.0,-3400.0,69845000.0,0.0,0.0,-69845000.0
21/01/2025,17316.1207482957,20750.0,-100.0,-0.00481928,17399.9760545828,17441.9037077264,17316.1207482957,86210.0,1785807150.0,0.0,0.0,86210.0,1785807150.0,800.0,0.0,0.0,-800.0,16525000.0,0.0,0.0,-16525000.0
20/01/2025,17399.9760545828,20800.0,-50.0,-0.00240385,17567.6866671571,17567.6866671571,17399.9760545828,22100.0,459270000.0,0.0,0.0,22100.0,459270000.0,-600.0,0.0,0.0,600.0,-12540000.0,0.0,0.0,12540000.0
17/01/2025,17441.9037077264,20750.0,50.0,0.00240964,17399.9760545828,17567.6866671571,17399.9760545828,179040.0,3720192000.0,0.0,0.0,179040.0,3720192000.0,-6600.0,-1000.0,0.0,7600.0,-137615000.0,-20800000.0,0.0,158415000.0
15/01/2025,17358.0484014393,20700.0,0.0,0.0,17399.9760545828,17399.9760545828,17232.2654420086,29731.0,614997750.0,0.0,0.0,29731.0,614997750.0,6700.0,0.0,0.0,-6700.0,138385000.0,0.0,0.0,-138385000.0
14/01/2025,17358.0484014393,20900.0,-200.0,-0.00956938,17441.9037077264,17609.6143203007,17148.4101357214,86501.0,1779050900.0,0.0,0.0,86501.0,1779050900.0,1800.0,0.0,0.0,-1800.0,37285000.0,0.0,0.0,-37285000.0
13/01/2025,17525.7590140136,21000.0,-100.0,-0.0047619,17609.6143203007,17609.6143203007,17106.4824825778,71185.0,1470746000.0,0.0,0.0,71185.0,1470746000.0,8100.0,0.0,0.0,-8100.0,168820000.0,0.0,0.0,-168820000.0
10/01/2025,17609.6143203007,21150.0,-150.0,-0.0070922,17735.3972797314,17819.2525860186,17609.6143203007,46551.0,980780050.0,0.0,0.0,46551.0,980780050.0,7000.0,0.0,0.0,-7000.0,147730000.0,0.0,0.0,-147730000.0
09/01/2025,17735.3972797314,21400.0,-250.0,-0.01168224,18028.8908517364,18028.8908517364,17735.3972797314,29820.0,632199000.0,0.0,0.0,29820.0,632199000.0,6100.0,0.0,0.0,-6100.0,129325000.0,0.0,0.0,-129325000.0
08/01/2025,17945.0355454493,21200.0,200.0,0.00943396,17777.324932875,17945.0355454493,17651.5419734443,83901.0,1773621200.0,0.0,0.0,83901.0,1773621200.0,2100.0,0.0,0.0,-2100.0,44315000.0,0.0,0.0,-44315000.0
07/01/2025,17777.324932875,21050.0,150.0,0.00712589,17651.5419734443,17903.1078923057,17651.5419734443,143426.0,3040563600.0,0.0,0.0,143426.0,3040563600.0,800.0,0.0,0.0,-800.0,16845000.0,0.0,0.0,-16845000.0
06/01/2025,17651.5419734443,21300.0,-250.0,-0.01173709,17861.1802391621,17861.1802391621,17651.5419734443,131520.0,2789606000.0,0.0,0.0,131520.0,2789606000.0,4100.0,0.0,0.0,-4100.0,86975000.0,0.0,0.0,-86975000.0
03/01/2025,17861.1802391621,21400.0,-100.0,-0.0046729,17945.0355454493,17945.0355454493,17735.3972797314,58200.0,1233725000.0,0.0,0.0,58200.0,1233725000.0,1500.0,0.0,0.0,-1500.0,31890000.0,0.0,0.0,-31890000.0
02/01/2025,17945.0355454493,21300.0,100.0,0.00469484,17986.9631985929,18028.8908517364,17777.324932875,25920.0,552755250.0,0.0,0.0,25920.0,552755250.0,-400.0,0.0,0.0,400.0,-8390000.0,0.0,0.0,8390000.0
31/12/2024,17861.1802391621,21400.0,-100.0,-0.0046729,17861.1802391621,17945.0355454493,17819.2525860186,51504.0,1097595600.0,0.0,0.0,51504.0,1097595600.0,-1700.0,0.0,0.0,1700.0,-36210000.0,0.0,0.0,36210000.0
30/12/2024,17945.0355454493,21350.0,50.0,0.00234192,17861.1802391621,17986.9631985929,17861.1802391621,48218.0,1030094400.0,0.0,0.0,48218.0,1030094400.0,-7100.0,5500.0,0.0,1600.0,-151670000.0,117425000.0,0.0,34245000.0
27/12/2024,17903.1078923057,21600.0,-250.0,-0.01157407,18112.7461580236,18112.7461580236,17903.1078923057,83101.0,1780726750.0,0.0,0.0,83101.0,1780726750.0,-3300.0,0.0,0.0,3300.0,-70860000.0,0.0,0.0,70860000.0
26/12/2024,18112.7461580236,21550.0,50.0,0.00232019,18112.7461580236,18112.7461580236,18028.8908517364,86719.0,1869110200.0,0.0,0.0,86719.0,1869110200.0,-4800.0,0.0,0.0,4800.0,-103585000.0,0.0,0.0,103585000.0
25/12/2024,18070.81850488,21500.0,50.0,0.00232558,18028.8908517364,18280.4567705979,18028.8908517364,136168.0,2941550050.0,0.0,0.0,136168.0,2941550050.0,-6200.0,1000.0,0.0,5200.0,-133170000.0,21550000.0,0.0,111620000.0
24/12/2024,18028.8908517364,21450.0,50.0,0.002331,17819.2525860186,18448.1673831722,17819.2525860186,63208.0,1355345750.0,0.0,0.0,63208.0,1355345750.0,5900.0,-1000.0,0.0,-4900.0,126825000.0,-21350000.0,0.0,-105475000.0
23/12/2024,17986.9631985929,21450.0,0.0,0.0,18028.8908517364,18196.6014643107,17903.1078923057,48851.0,1049111400.0,0.0,0.0,48851.0,1049111400.0,3700.0,-100.0,0.0,-3600.0,80175000.0,-2145000.0,0.0,-78030000.0
20/12/2024,17986.9631985929,21250.0,200.0,0.00941176,17819.2525860186,17986.9631985929,17819.2525860186,80340.0,1711869000.0,0.0,0.0,80340.0,1711869000.0,2600.0,0.0,0.0,-2600.0,55455000.0,0.0,0.0,-55455000.0
19/12/2024,17819.2525860186,21500.0,-250.0,-0.01162791,17651.5419734443,18867.4439146079,17651.5419734443,117030.0,2510163800.0,0.0,0.0,117030.0,2510163800.0,11000.0,0.0,0.0,-11000.0,238300000.0,0.0,0.0,-238300000.0
18/12/2024,18029.2262729616,22600.0,200.0,0.00884956,17910.6129422185,18029.2262729616,17871.0751653041,88006.0,2000241550.0,0.0,0.0,88006.0,2000241550.0,400.0,0.0,0.0,-400.0,9110000.0,0.0,0.0,-9110000.0
17/12/2024,17871.0751653041,22800.0,-200.0,-0.00877193,18068.764049876,18108.3018267904,17871.0751653041,167922.0,3818493450.0,0.0,0.0,167922.0,3818493450.0,-6000.0,0.0,0.0,6000.0,-137100000.0,0.0,0.0,137100000.0
13/12/2024,18068.764049876,22850.0,0.0,0.0,18068.764049876,18108.3018267904,17910.6129422185,78321.0,1783147900.0,0.0,0.0,78321.0,1783147900.0,-300.0,0.0,0.0,300.0,-6825000.0,0.0,0.0,6825000.0
12/12/2024,18068.764049876,22900.0,-50.0,-0.00218341,18187.3773806191,18187.3773806191,17950.1507191328,130006.0,2970748900.0,0.0,0.0,130006.0,2970748900.0,-400.0,0.0,0.0,400.0,-9160000.0,0.0,0.0,9160000.0
11/12/2024,18108.3018267904,22900.0,0.0,0.0,18187.3773806191,18187.3773806191,17950.1507191328,100732.0,2298706100.0,0.0,0.0,100732.0,2298706100.0,1800.0,-4000.0,0.0,2200.0,41175000.0,-91400000.0,0.0,50225000.0
10/12/2024,18108.3018267904,22600.0,300.0,0.01327434,18068.764049876,18266.4529344479,17950.1507191328,188005.0,4306034500.0,0.0,0.0,188005.0,4306034500.0,-2600.0,0.0,0.0,2600.0,-59355000.0,0.0,0.0,59355000.0
09/12/2024,17871.0751653041,22400.0,200.0,0.00892857,17752.4618345608,17989.6884960472,17712.9240576464,82830.0,1865513500.0,0.0,0.0,82830.0,1865513500.0,-4600.0,0.0,0.0,4600.0,-103560000.0,0.0,0.0,103560000.0
06/12/2024,17712.9240576464,22300.0,100.0,0.0044843,17950.1507191328,17950.1507191328,17673.3862807321,56300.0,1266255000.0,0.0,0.0,56300.0,1266255000.0,-600.0,0.0,0.0,600.0,-13330000.0,0.0,0.0,13330000.0
05/12/2024,17633.8485038177,21600.0,700.0,0.03240741,17278.0085115881,18029.2262729616,17278.0085115881,161214.0,3572226400.0,0.0,0.0,161214.0,3572226400.0,-16900.0,0.0,0.0,16900.0,-376310000.0,0.0,0.0,376310000.0
04/12/2024,17080.3196270162,21800.0,-200.0,-0.00917431,17238.4707346738,17396.6218423314,17001.2440731875,149101.0,3223742000.0,0.0,0.0,149101.0,3223742000.0,-4900.0,5000.0,0.0,-100.0,-107090000.0,109705000.0,0.0,-2615000.0
03/12/2024,17238.4707346738,22050.0,-250.0,-0.01133787,17317.5462885026,17396.6218423314,17001.2440731875,82301.0,1786196950.0,0.0,0.0,82301.0,1786196950.0,-2200.0,0.0,0.0,2200.0,-48010000.0,0.0,0.0,48010000.0
02/12/2024,17436.1596192458,21950.0,100.0,0.00455581,17436.1596192458,17436.1596192458,17317.5462885026,18554.0,407948000.0,345000.0,7572750000.0,363554.0,7980698000.0,-2100.0,1100.0,0.0,1000.0,-46135000.0,24200000.0,0.0,21935000.0
29/11/2024,17357.084065417,22000.0,-50.0,-0.00227273,17317.5462885026,17554.7729499889,17238.4707346738,168075.0,3704587500.0,0.0,0.0,168075.0,3704587500.0,-47000.0,45000.0,0.0,2000.0,-1038455000.0,994500000.0,0.0,43955000.0
28/11/2024,17396.6218423314,21850.0,150.0,0.00686499,17436.1596192458,17436.1596192458,17317.5462885026,27261.0,598655900.0,0.0,0.0,27261.0,598655900.0,900.0,0.0,0.0,-900.0,19860000.0,0.0,0.0,-19860000.0
27/11/2024,17278.0085115881,22050.0,-200.0,-0.00907029,17436.1596192458,17436.1596192458,17278.0085115881,33505.0,735344650.0,0.0,0.0,33505.0,735344650.0,-300.0,0.0,0.0,300.0,-6585000.0,0.0,0.0,6585000.0
26/11/2024,17436.1596192458,21800.0,250.0,0.01146789,17159.395180845,17475.6973961602,17159.395180845,39901.0,877411900.0,0.0,0.0,39901.0,877411900.0,-3300.0,0.0,0.0,3300.0,-72520000.0,0.0,0.0,72520000.0
25/11/2024,17238.4707346738,21700.0,100.0,0.00460829,17198.9329577594,17278.0085115881,17159.395180845,74529.0,1623591800.0,0.0,0.0,74529.0,1623591800.0,-3000.0,0.0,0.0,3000.0,-65410000.0,0.0,0.0,65410000.0
20/11/2024,17080.3196270162,21400.0,200.0,0.00934579,16882.6307424443,17238.4707346738,16843.0929655299,66104.0,1426770950.0,0.0,0.0,66104.0,1426770950.0,-2700.0,0.0,0.0,2700.0,-59125000.0,0.0,0.0,59125000.0
19/11/2024,16922.1685193587,21500.0,-100.0,-0.00465116,17119.8574039306,17198.9329577594,16922.1685193587,42986.0,926416050.0,0.0,0.0,42986.0,926416050.0,600.0,0.0,0.0,-600.0,13105000.0,0.0,0.0,-13105000.0
18/11/2024,17001.2440731875,21950.0,-450.0,-0.02050114,17238.4707346738,17396.6218423314,16882.6307424443,214350.0,4616978500.0,0.0,0.0,214350.0,4616978500.0,500.0,0.0,0.0,-500.0,10810000.0,0.0,0.0,-10810000.0
15/11/2024,17357.084065417,22450.0,-500.0,-0.02227171,17712.9240576464,17712.9240576464,17001.2440731875,131900.0,2905190000.0,0.0,0.0,131900.0,2905190000.0,0.0,0.0,0.0,0.0,20000.0,0.0,0.0,-20000.0
13/11/2024,17791.9996114752,22600.0,-100.0,-0.00442478,17831.5373883897,17910.6129422185,17554.7729499889,124551.0,2787566450.0,0.0,0.0,124551.0,2787566450.0,-1000.0,0.0,0.0,1000.0,-22450000.0,0.0,0.0,22450000.0
12/11/2024,17871.0751653041,22500.0,100.0,0.00444444,17989.6884960472,18029.2262729616,17712.9240576464,105530.0,2380465400.0,0.0,0.0,105530.0,2380465400.0,2130.0,-3630.0,-30.0,1500.0,48135400.0,-82015400.0,-655000.0,33880000.0
11/11/2024,17791.9996114752,22350.0,150.0,0.00671141,17594.3107269033,17910.6129422185,17594.3107269033,76967.0,1729499400.0,0.0,0.0,76967.0,1729499400.0,2800.0,0.0,0.0,-2800.0,63085000.0,0.0,0.0,-63085000.0
06/11/2024,18108.3018267904,21650.0,1250.0,0.05773672,17317.5462885026,18108.3018267904,17278.0085115881,382688.0,8642346850.0,0.0,0.0,382688.0,8642346850.0,-19000.0,3600.0,0.0,15400.0,-427685000.0,81180000.0,0.0,346505000.0
05/11/2024,17119.8574039306,21600.0,50.0,0.00231481,17238.4707346738,17278.0085115881,17080.3196270162,27021.0,587025600.0,0.0,0.0,27021.0,587025600.0,100.0,0.0,0.0,-100.0,2180000.0,0.0,0.0,-2180000.0
04/11/2024,17080.3196270162,21700.0,-100.0,-0.00460829,17278.0085115881,17278.0085115881,16961.7062962731,72700.0,1568265000.0,0.0,0.0,72700.0,1568265000.0,3300.0,0.0,0.0,-3300.0,71790000.0,0.0,0.0,-71790000.0
01/11/2024,17159.395180845,22250.0,-550.0,-0.0247191,17673.3862807321,17673.3862807321,17001.2440731875,529456.0,11510590700.0,0.0,0.0,529456.0,11510590700.0,108900.0,0.0,0.0,-108900.0,2364890000.0,0.0,0.0,-2364890000.0
31/10/2024,17594.3107269033,22250.0,0.0,0.0,17594.3107269033,17673.3862807321,17475.6973961602,140363.0,3110315500.0,0.0,0.0,140363.0,3110315500.0,30600.0,-25000.0,0.0,-5600.0,679280000.0,-555260000.0,0.0,-124020000.0
30/10/2024,17594.3107269033,22450.0,-200.0,-0.00890869,17752.4618345608,17791.9996114752,17554.7729499889,60507.0,1350625850.0,0.0,0.0,60507.0,1350625850.0,-3700.0,0.0,0.0,3700.0,-83065000.0,0.0,0.0,83065000.0
29/10/2024,17752.4618345608,22350.0,100.0,0.00447427,17633.8485038177,17871.0751653041,17633.8485038177,67603.0,1515112550.0,0.0,0.0,67603.0,1515112550.0,-6500.0,0.0,0.0,6500.0,-146470000.0,0.0,0.0,146470000.0
28/10/2024,17673.3862807321,22300.0,50.0,0.00224215,17633.8485038177,17791.9996114752,17633.8485038177,48700.0,1090335000.0,0.0,0.0,48700.0,1090335000.0,2000.0,0.0,0.0,-2000.0,45000000.0,0.0,0.0,-45000000.0
25/10/2024,17633.8485038177,22700.0,-400.0,-0.01762115,18108.3018267904,18108.3018267904,17594.3107269033,152583.0,3433633300.0,0.0,0.0,152583.0,3433633300.0,-2500.0,0.0,0.0,2500.0,-55560000.0,0.0,0.0,55560000.0
24/10/2024,17950.1507191328,22800.0,-100.0,-0.00438596,18029.2262729616,18147.8396037047,17950.1507191328,80001.0,1825387800.0,0.0,0.0,80001.0,1825387800.0,-1400.0,0.0,0.0,1400.0,-32105000.0,0.0,0.0,32105000.0
23/10/2024,18029.2262729616,22750.0,50.0,0.0021978,18068.764049876,18108.3018267904,17950.1507191328,90200.0,2053885000.0,0.0,0.0,90200.0,2053885000.0,200.0,0.0,0.0,-200.0,4465000.0,0.0,0.0,-4465000.0
22/10/2024,17989.6884960472,22950.0,-200.0,-0.0087146,18029.2262729616,18187.3773806191,17950.1507191328,103447.0,2361426300.0,0.0,0.0,103447.0,2361426300.0,9000.0,0.0,0.0,-9000.0,205845000.0,0.0,0.0,-205845000.0
21/10/2024,18147.8396037047,23200.0,-250.0,-0.0108,18345.5284882767,18345.5284882767,18068.764049876,51578.0,1187564600.0,0.0,0.0,51578.0,1187564600.0,-2100.0,0.0,0.0,2100.0,-48460000.0,0.0,0.0,48460000.0
18/10/2024,18345.5284882767,23000.0,200.0,0.00869565,18226.9151575335,18543.2173728487,18187.3773806191,78401.0,1823508200.0,0.0,0.0,78401.0,1823508200.0,-800.0,0.0,0.0,800.0,-18590000.0,0.0,0.0,18590000.0
17/10/2024,18187.3773806191,22650.0,350.0,0.01545254,17950.1507191328,18226.9151575335,17950.1507191328,199407.0,4577585950.0,0.0,0.0,199407.0,4577585950.0,1800.0,0.0,0.0,-1800.0,41135000.0,0.0,0.0,-41135000.0
16/10/2024,17910.6129422185,22850.0,-200.0,-0.00875274,18108.3018267904,18108.3018267904,17910.6129422185,96500.0,2195800000.0,0.0,0.0,96500.0,2195800000.0,2700.0,0.0,0.0,-2700.0,61465000.0,0.0,0.0,-61465000.0
15/10/2024,18068.764049876,23000.0,-150.0,-0.00652174,18187.3773806191,18187.3773806191,18068.764049876,70645.0,1620245000.0,0.0,0.0,70645.0,1620245000.0,26.0,-26.0,-26.0,0.0,598000.0,-598000.0,-598000.0,0.0
14/10/2024,18187.3773806191,23000.0,0.0,0.0,18266.4529344479,18385.0662651911,18108.3018267904,80338.0,1848618150.0,0.0,0.0,80338.0,1848618150.0,-900.0,0.0,0.0,900.0,-20790000.0,0.0,0.0,20790000.0
11/10/2024,18187.3773806191,23200.0,-200.0,-0.00862069,18464.1418190199,18464.1418190199,18187.3773806191,118700.0,2737570000.0,0.0,0.0,118700.0,2737570000.0,-200.0,0.0,0.0,200.0,-4630000.0,0.0,0.0,4630000.0
10/10/2024,18345.5284882767,23000.0,200.0,0.00869565,18266.4529344479,18503.6795959343,18266.4529344479,87401.0,2034973300.0,0.0,0.0,87401.0,2034973300.0,-1600.0,0.0,0.0,1600.0,-37180000.0,0.0,0.0,37180000.0
08/10/2024,18187.3773806191,22900.0,100.0,0.00436681,18108.3018267904,18226.9151575335,18029.2262729616,99567.0,2281113950.0,0.0,0.0,99567.0,2281113950.0,3400.0,0.0,0.0,-3400.0,77860000.0,0.0,0.0,-77860000.0
07/10/2024,18108.3018267904,23000.0,-100.0,-0.00434783,18266.4529344479,18385.0662651911,18108.3018267904,48000.0,1105530000.0,0.0,0.0,48000.0,1105530000.0,-2800.0,0.0,0.0,2800.0,-64865000.0,0.0,0.0,64865000.0
04/10/2024,18187.3773806191,23000.0,0.0,0.0,18266.4529344479,18266.4529344479,18068.764049876,47300.0,1086930000.0,0.0,0.0,47300.0,1086930000.0,500.0,0.0,0.0,-500.0,11550000.0,0.0,0.0,-11550000.0
03/10/2024,18187.3773806191,23200.0,-200.0,-0.00862069,18345.5284882767,18424.6040421055,18108.3018267904,287111.0,6618834750.0,0.0,0.0,287111.0,6618834750.0,-24500.0,-20000.0,0.0,44500.0,-563995000.0,-458700000.0,0.0,1022695000.0
02/10/2024,18345.5284882767,23350.0,-150.0,-0.00642398,18464.1418190199,18503.6795959343,18305.9907113623,199945.0,4646102250.0,0.0,0.0,199945.0,4646102250.0,-56100.0,0.0,0.0,56100.0,-1301540000.0,0.0,0.0,1301540000.0
01/10/2024,18464.1418190199,23250.0,100.0,0.00430108,18424.6040421055,18661.8307035918,18424.6040421055,132900.0,3115810000.0,0.0,0.0,132900.0,3115810000.0,-27200.0,20000.0,0.0,7200.0,-639380000.0,470410000.0,0.0,168970000.0
30/09/2024,18385.0662651911,23300.0,-50.0,-0.00214592,18464.1418190199,18661.8307035918,18385.0662651911,101852.0,2380396700.0,0.0,0.0,101852.0,2380396700.0,19700.0,-20000.0,0.0,300.0,459010000.0,-466000000.0,0.0,6990000.0
27/09/2024,18424.6040421055,23450.0,-150.0,-0.00639659,18543.2173728487,18543.2173728487,18345.5284882767,305279.0,7120110050.0,0.0,0.0,305279.0,7120110050.0,-9400.0,0.0,0.0,9400.0,-219525000.0,0.0,0.0,219525000.0
26/09/2024,18543.2173728487,23750.0,-300.0,-0.01263158,18740.9062574206,18899.0573650782,18503.6795959343,266599.0,6288730200.0,0.0,0.0,266599.0,6288730200.0,-2400.0,0.0,0.0,2400.0,-56960000.0,0.0,0.0,56960000.0
25/09/2024,18780.444034335,23750.0,0.0,0.0,18780.444034335,18859.5195881638,18740.9062574206,88220.0,2097716700.0,0.0,0.0,88220.0,2097716700.0,-20900.0,20000.0,0.0,900.0,-497375000.0,476000000.0,0.0,21375000.0
24/09/2024,18780.444034335,23550.0,200.0,0.00849257,18622.2929266774,18899.0573650782,18464.1418190199,230705.0,5477002750.0,0.0,0.0,230705.0,5477002750.0,5500.0,0.0,0.0,-5500.0,129770000.0,0.0,0.0,-129770000.0
23/09/2024,18622.2929266774,23700.0,-150.0,-0.00632911,18819.9818112493,18819.9818112493,18464.1418190199,70762.0,1662735000.0,0.0,0.0,70762.0,1662735000.0,-500.0,0.0,0.0,500.0,-11740000.0,0.0,0.0,11740000.0
20/09/2024,18740.9062574206,23500.0,200.0,0.00851064,18701.3684805062,18899.0573650782,18661.8307035918,238098.0,5668354900.0,0.0,0.0,238098.0,5668354900.0,-134000.0,0.0,0.0,134000.0,-3186525000.0,0.0,0.0,3186525000.0
19/09/2024,18582.755149763,23500.0,0.0,0.0,18701.3684805062,18740.9062574206,18582.755149763,151488.0,3568128000.0,0.0,0.0,151488.0,3568128000.0,-58400.0,0.0,0.0,58400.0,-1372950000.0,0.0,0.0,1372950000.0
18/09/2024,18582.755149763,23200.0,300.0,0.01293103,18424.6040421055,18819.9818112493,18424.6040421055,211208.0,4977523000.0,0.0,0.0,211208.0,4977523000.0,-51500.0,0.0,0.0,51500.0,-1210125000.0,0.0,0.0,1210125000.0
17/09/2024,18345.5284882767,23100.0,100.0,0.004329,18226.9151575335,18385.0662651911,18187.3773806191,94914.0,2195928800.0,0.0,0.0,94914.0,2195928800.0,-3600.0,0.0,0.0,3600.0,-82730001.0,0.0,0.0,82730000.0
16/09/2024,18266.4529344479,23000.0,100.0,0.00434783,18187.3773806191,18424.6040421055,18187.3773806191,142774.0,3290512400.0,0.0,0.0,142774.0,3290512400.0,-65600.0,0.0,0.0,65600.0,-1508735000.0,0.0,0.0,1508735000.0
13/09/2024,18187.3773806191,22600.0,400.0,0.01769912,18029.2262729616,18464.1418190199,17871.0751653041,194962.0,4505875050.0,0.0,0.0,194962.0,4505875050.0,11200.0,0.0,0.0,-11200.0,260865000.0,0.0,0.0,-260865000.0
12/09/2024,17871.0751653041,22400.0,200.0,0.00892857,17791.9996114752,18029.2262729616,17791.9996114752,182861.0,4143707650.0,0.0,0.0,182861.0,4143707650.0,-2500.0,0.0,0.0,2500.0,-56850000.0,0.0,0.0,56850000.0
11/09/2024,17712.9240576464,22750.0,-350.0,-0.01538462,17989.6884960472,17989.6884960472,17633.8485038177,388586.0,8733015700.0,0.0,0.0,388586.0,8733015700.0,6400.0,0.0,0.0,-6400.0,145100001.0,0.0,0.0,-145100000.0
10/09/2024,17989.6884960472,23100.0,-350.0,-0.01515152,18266.4529344479,18266.4529344479,17950.1507191328,212008.0,4843040400.0,0.0,0.0,212008.0,4843040400.0,3900.0,0.0,0.0,-3900.0,89265000.0,0.0,0.0,-89265000.0
09/09/2024,18266.4529344479,23150.0,-50.0,-0.00215983,18266.4529344479,18305.9907113623,18187.3773806191,112401.0,2591178100.0,0.0,0.0,112401.0,2591178100.0,-900.0,0.0,0.0,900.0,-20895000.0,0.0,0.0,20895000.0
06/09/2024,18305.9907113623,23250.0,-100.0,-0.00430108,18385.0662651911,18385.0662651911,18187.3773806191,273256.0,6321281100.0,0.0,0.0,273256.0,6321281100.0,-1800.0,-5000.0,0.0,6800.0,-40855000.0,-116000000.0,0.0,156855000.0
05/09/2024,18385.0662651911,23450.0,-200.0,-0.00852878,18543.2173728487,18740.9062574206,18305.9907113623,172153.0,4027317950.0,0.0,0.0,172153.0,4027317950.0,4000.0,-5000.0,0.0,1000.0,94175000.0,-118000000.0,0.0,23825000.0
04/09/2024,18543.2173728487,23600.0,-150.0,-0.00635593,18543.2173728487,18661.8307035918,18345.5284882767,267594.0,6259710100.0,0.0,0.0,267594.0,6259710100.0,-9500.0,0.0,0.0,9500.0,-221775000.0,0.0,0.0,221775000.0
30/08/2024,18661.8307035918,23650.0,-50.0,-0.00211416,18701.3684805062,18819.9818112493,18661.8307035918,111104.0,2630969550.0,0.0,0.0,111104.0,2630969550.0,400.0,0.0,0.0,-400.0,9500000.0,0.0,0.0,-9500000.0
29/08/2024,18701.3684805062,23700.0,-50.0,-0.0021097,18780.444034335,18819.9818112493,18661.8307035918,111589.0,2642899850.0,0.0,0.0,111589.0,2642899850.0,6300.0,-5400.0,0.0,-900.0,149020000.0,-127710000.0,0.0,-21310000.0
28/08/2024,18740.9062574206,23750.0,-50.0,-0.00210526,18780.444034335,18859.5195881638,18661.8307035918,178650.0,4242177500.0,0.0,0.0,178650.0,4242177500.0,15800.0,-15000.0,0.0,-800.0,375070000.0,-355860000.0,0.0,-19210000.0
27/08/2024,18780.444034335,23800.0,-50.0,-0.00210084,18859.5195881638,19057.2084727357,18661.8307035918,189422.0,4506311250.0,0.0,0.0,189422.0,4506311250.0,-3700.0,5400.0,0.0,-1700.0,-88180000.0,128745000.0,0.0,-40565000.0
26/08/2024,18819.9818112493,23850.0,-50.0,-0.00209644,19017.6706958213,19096.7462496501,18819.9818112493,112817.0,2704952250.0,0.0,0.0,112817.0,2704952250.0,2500.0,0.0,0.0,-2500.0,59500000.0,0.0,0.0,-59500000.0
23/08/2024,18859.5195881638,23700.0,150.0,0.00632911,18859.5195881638,18938.5951419926,18701.3684805062,202304.0,4823955550.0,0.0,0.0,202304.0,4823955550.0,-24500.0,10000.0,0.0,14500.0,-584980000.0,238900000.0,0.0,346080000.0
22/08/2024,18740.9062574206,24050.0,-350.0,-0.01455301,19057.2084727357,19057.2084727357,18740.9062574206,375946.0,8963994450.0,0.0,0.0,375946.0,8963994450.0,24600.0,-24500.0,0.0,-100.0,588420001.0,-585760000.0,0.0,-2660000.0
21/08/2024,19017.6706958213,24200.0,-150.0,-0.00619835,19136.2840265645,19254.8973573076,18978.132918907,298300.0,7193270000.0,0.0,0.0,298300.0,7193270000.0,-13600.0,0.0,0.0,13600.0,-327185000.0,0.0,0.0,327185000.0
20/08/2024,19136.2840265645,24050.0,150.0,0.00623701,19017.6706958213,19373.5106880508,18978.132918907,340704.0,8238296500.0,0.0,0.0,340704.0,8238296500.0,-10200.0,5000.0,0.0,5200.0,-247100000.0,121000000.0,0.0,126100000.0
19/08/2024,19017.6706958213,23900.0,150.0,0.00627615,19254.8973573076,19254.8973573076,18978.132918907,255454.0,6172902700.0,0.0,0.0,255454.0,6172902700.0,-2500.0,0.0,0.0,2500.0,-60375000.0,0.0,0.0,60375000.0
16/08/2024,18899.0573650782,23050.0,850.0,0.03687636,18385.0662651911,18978.132918907,18226.9151575335,516210.0,12249338500.0,0.0,0.0,516210.0,12249338500.0,-48700.0,19500.0,0.0,29200.0,-1152965000.0,457350000.0,0.0,695615000.0
14/08/2024,18147.8396037047,23100.0,-150.0,-0.00649351,18266.4529344479,18464.1418190199,18029.2262729616,167778.0,3871755700.0,0.0,0.0,167778.0,3871755700.0,900.0,0.0,0.0,-900.0,20970000.0,0.0,0.0,-20970000.0
13/08/2024,18266.4529344479,23400.0,-300.0,-0.01282051,18543.2173728487,18543.2173728487,18187.3773806191,266017.0,6139750450.0,0.0,0.0,266017.0,6139750450.0,5400.0,0.0,0.0,-5400.0,125490000.0,0.0,0.0,-125490000.0
12/08/2024,18503.6795959343,23150.0,250.0,0.01079914,18305.9907113623,18543.2173728487,18305.9907113623,152941.0,3552566000.0,0.0,0.0,152941.0,3552566000.0,-4400.0,5000.0,0.0,-600.0,-102120000.0,115750000.0,0.0,-13630000.0
09/08/2024,18305.9907113623,22700.0,450.0,0.01982379,18068.764049876,18305.9907113623,18068.764049876,104900.0,2416500000.0,0.0,0.0,104900.0,2416500000.0,8200.0,0.0,0.0,-8200.0,189690000.0,0.0,0.0,-189690000.0
08/08/2024,17950.1507191328,23100.0,-400.0,-0.01731602,18266.4529344479,18385.0662651911,17950.1507191328,302923.0,6932669000.0,0.0,0.0,302923.0,6932669000.0,-3200.0,0.0,0.0,3200.0,-73295000.0,0.0,0.0,73295000.0
07/08/2024,18266.4529344479,23100.0,0.0,0.0,18385.0662651911,18503.6795959343,17871.0751653041,248490.0,5704736650.0,0.0,0.0,248490.0,5704736650.0,52400.0,-52000.0,0.0,-400.0,1196750000.0,-1187450000.0,0.0,-9300000.0
06/08/2024,18266.4529344479,22300.0,800.0,0.03587444,17752.4618345608,18345.5284882767,17594.3107269033,540194.0,12305105250.0,0.0,0.0,540194.0,12305105250.0,8100.0,-23500.0,0.0,15400.0,185375000.0,-536795000.0,0.0,351420000.0
05/08/2024,17633.8485038177,23800.0,-1500.0,-0.06302521,18582.755149763,18582.755149763,17554.7729499889,905756.0,20617595000.0,0.0,0.0,905756.0,20617595000.0,75400.0,-73800.0,0.0,-1600.0,1722805000.0,-1686405000.0,0.0,-36400000.0
02/08/2024,18819.9818112493,23800.0,0.0,0.0,18582.755149763,18819.9818112493,17871.0751653041,1127859.0,26036026450.0,220000.0,4994000000.0,1347859.0,31030026450.0,414400.0,-256000.0,0.0,-158400.0,9556360000.0,-5887450000.0,0.0,-3668910000.0
01/08/2024,18819.9818112493,24900.0,-1100.0,-0.04417671,19768.8884571947,19927.0395648523,18582.755149763,1101207.0,26561094250.0,60000.0,1524360000.0,1161207.0,28085454250.0,147400.0,-134100.0,0.0,-13300.0,3579145000.0,-3247310000.0,0.0,-331835000.0
31/07/2024,19689.8129033659,25550.0,-650.0,-0.02544031,20243.3417801674,20480.5684416538,19610.7373495372,473524.0,11900170000.0,0.0,0.0,473524.0,11900170000.0,142900.0,-100000.0,0.0,-42900.0,3600345000.0,-2516940000.0,0.0,-1083405000.0
30/07/2024,20203.804003253,24700.0,850.0,0.03441296,19847.9640110235,20401.4928878249,19729.3506802803,1500196.0,37948910450.0,220000.0,5808000000.0,1720196.0,43756910450.0,-170200.0,-36000.0,60000.0,206200.0,-4297335000.0,-913190000.0,1523750000.0,5210525000.0
29/07/2024,19531.6617957084,24900.0,-200.0,-0.00803213,19768.8884571947,19808.4262341091,19413.0484649653,553348.0,13691269750.0,0.0,0.0,553348.0,13691269750.0,55500.0,-70100.0,0.0,14600.0,1374060000.0,-1734705000.0,0.0,360645000.0
26/07/2024,19689.8129033659,25000.0,-100.0,-0.004,19847.9640110235,19927.0395648523,19531.6617957084,527217.0,13113649500.0,80000.0,2036640000.0,607217.0,15150289500.0,62000.0,-62000.0,0.0,0.0,1541845000.0,-1541845000.0,0.0,0.0
25/07/2024,19768.8884571947,24600.0,400.0,0.01626016,19373.5106880508,20085.1906725099,19096.7462496501,1421725.0,35435390700.0,0.0,0.0,1421725.0,35435390700.0,64300.0,-49700.0,0.0,-14600.0,1593390000.0,-1231550000.0,0.0,-361840000.0
24/07/2024,19452.5862418796,23800.0,800.0,0.03361345,18780.444034335,19531.6617957084,18187.3773806191,754074.0,18122622700.0,100000.0,2544200000.0,854074.0,20666822700.0,-149400.0,38300.0,59000.0,111100.0,-3658025000.0,956515000.0,1448760000.0,2701510000.0
23/07/2024,18819.9818112493,24000.0,-200.0,-0.00833333,19017.6706958213,19294.435134222,18661.8307035918,721667.0,17315699100.0,0.0,0.0,721667.0,17315699100.0,-40600.0,46100.0,21000.0,-5500.0,-962480000.0,1100835000.0,503410000.0,-138355000.0
22/07/2024,18978.132918907,25800.0,-1800.0,-0.06976744,20401.4928878249,20401.4928878249,18978.132918907,1442193.0,35105733500.0,0.0,0.0,1442193.0,35105733500.0,206000.0,-98600.0,0.0,-107400.0,5073275000.0,-2369915000.0,0.0,-2703360000.0
19/07/2024,20401.4928878249,26000.0,-200.0,-0.00769231,20480.5684416538,20480.5684416538,20045.6528955955,571021.0,14619009150.0,0.0,0.0,571021.0,14619009150.0,-21700.0,56500.0,50000.0,-34800.0,-554035000.0,1446945000.0,1281865000.0,-892910000.0
18/07/2024,20559.6439954825,25500.0,500.0,0.01960784,20045.6528955955,20559.6439954825,19887.5017879379,611961.0,15745858250.0,0.0,0.0,611961.0,15745858250.0,-31300.0,33000.0,0.0,-1700.0,-810950000.0,854440000.0,0.0,-43490000.0
17/07/2024,20164.2662263386,26700.0,-1200.0,-0.04494382,21350.3995337703,21350.3995337703,19650.2751264516,660919.0,17196150450.0,0.0,0.0,660919.0,17196150450.0,-10200.0,6800.0,0.0,3400.0,-264580000.0,175930000.0,0.0,88650000.0
16/07/2024,21113.172872284,25600.0,1100.0,0.04296875,20322.4173339961,21231.7862030271,20243.3417801674,1927922.0,50854735000.0,0.0,0.0,1927922.0,50854735000.0,-522100.0,229500.0,50000.0,292600.0,-13802055000.0,6050295000.0,1338220000.0,7751760000.0
15/07/2024,20243.3417801674,25250.0,350.0,0.01386139,19966.5773417667,20441.0306647394,19966.5773417667,306228.0,7824537200.0,0.0,0.0,306228.0,7824537200.0,4700.0,9100.0,0.0,-13800.0,123095000.0,232960000.0,0.0,-356055000.0
12/07/2024,19966.5773417667,25700.0,-450.0,-0.01750973,20322.4173339961,20361.9551109105,19887.5017879379,455706.0,11549205200.0,0.0,0.0,455706.0,11549205200.0,26300.0,-20000.0,0.0,-6300.0,666745000.0,-505000000.0,0.0,-161745000.0
11/07/2024,20322.4173339961,25700.0,0.0,0.0,20441.0306647394,20480.5684416538,20164.2662263386,435129.0,11183871700.0,0.0,0.0,435129.0,11183871700.0,51400.0,0.0,0.0,-51400.0,1323955000.0,0.0,0.0,-1323955000.0
10/07/2024,20322.4173339961,26100.0,-400.0,-0.01532567,20717.7951031401,20875.9462107976,20322.4173339961,557051.0,14454788400.0,0.0,0.0,557051.0,14454788400.0,22500.0,5000.0,0.0,-27500.0,586320000.0,129000000.0,0.0,-715320000.0
09/07/2024,20638.7195493113,25500.0,600.0,0.02352941,20322.4173339961,20638.7195493113,20203.804003253,1148515.0,29746788850.0,0.0,0.0,1148515.0,29746788850.0,5600.0,33400.0,0.0,-39000.0,137010000.0,875245000.0,0.0,-1012255000.0
08/07/2024,20164.2662263386,25150.0,350.0,0.0139165,19966.5773417667,20638.7195493113,19808.4262341091,1332784.0,34225273600.0,0.0,0.0,1332784.0,34225273600.0,37000.0,10000.0,0.0,-47000.0,959760000.0,257870000.0,0.0,-1217630000.0
05/07/2024,19887.5017879379,25150.0,0.0,0.0,19966.5773417667,20085.1906725099,19689.8129033659,361416.0,9063069950.0,0.0,0.0,361416.0,9063069950.0,1800.0,0.0,0.0,-1800.0,42735000.0,0.0,0.0,-42735000.0
04/07/2024,19887.5017879379,25350.0,-200.0,-0.00788955,20085.1906725099,20164.2662263386,19847.9640110235,284290.0,7177078100.0,0.0,0.0,284290.0,7177078100.0,18900.0,-100.0,0.0,-18800.0,479020000.0,-2525000.0,0.0,-476495000.0
03/07/2024,20045.6528955955,25350.0,0.0,0.0,20282.8795570818,20322.4173339961,19927.0395648523,515995.0,13142047400.0,0.0,0.0,515995.0,13142047400.0,-128800.0,145100.0,0.0,-16300.0,-3293945000.0,3704610000.0,0.0,-410665000.0
02/07/2024,20045.6528955955,25050.0,300.0,0.01197605,19847.9640110235,20164.2662263386,19689.8129033659,446010.0,11225001650.0,0.0,0.0,446010.0,11225001650.0,72900.0,4000.0,0.0,-76900.0,1834995000.0,102365000.0,0.0,-1937360000.0
01/07/2024,19808.4262341091,25450.0,-400.0,-0.01571709,20282.8795570818,20282.8795570818,19452.5862418796,611397.0,15271355300.0,0.0,0.0,611397.0,15271355300.0,-15400.0,5000.0,0.0,10400.0,-382035000.0,126730000.0,0.0,255305000.0
28/06/2024,20124.7284494242,25850.0,-400.0,-0.01547389,20401.4928878249,20401.4928878249,19768.8884571947,366840.0,9301902400.0,0.0,0.0,366840.0,9301902400.0,8400.0,-2000.0,0.0,-6400.0,214765000.0,-50800000.0,0.0,-163965000.0
27/06/2024,20441.0306647394,24600.0,1250.0,0.05081301,19373.5106880508,20520.1062185682,19373.5106880508,1830096.0,46781866550.0,0.0,0.0,1830096.0,46781866550.0,-293600.0,29600.0,0.0,264000.0,-7550125000.0,755955000.0,0.0,6794170000.0
26/06/2024,19452.5862418796,24450.0,150.0,0.00613497,19452.5862418796,19452.5862418796,18938.5951419926,159948.0,3888454100.0,0.0,0.0,159948.0,3888454100.0,53700.0,0.0,0.0,-53700.0,1303450000.0,0.0,0.0,-1303450000.0
25/06/2024,19333.9729111364,23750.0,700.0,0.02947368,18819.9818112493,19610.7373495372,18780.444034335,373003.0,9041632250.0,0.0,0.0,373003.0,9041632250.0,-114100.0,110000.0,0.0,4100.0,-2771855000.0,2673375000.0,0.0,98480000.0
24/06/2024,18780.444034335,24600.0,-850.0,-0.03455285,19492.124018794,19531.6617957084,18780.444034335,394607.0,9503212150.0,0.0,0.0,394607.0,9503212150.0,-11600.0,0.0,0.0,11600.0,-280825000.0,0.0,0.0,280825000.0
21/06/2024,19452.5862418796,23600.0,1000.0,0.04237288,18661.8307035918,19610.7373495372,18661.8307035918,766545.0,18702035150.0,0.0,0.0,766545.0,18702035150.0,-281200.0,221300.0,0.0,59900.0,-6862465001.0,5406205000.0,0.0,1456260000.0
20/06/2024,18661.8307035918,23800.0,-200.0,-0.00840336,18819.9818112493,18978.132918907,18661.8307035918,292134.0,6941538350.0,0.0,0.0,292134.0,6941538350.0,12200.0,-1000.0,0.0,-11200.0,289380000.0,-23650000.0,0.0,-265730000.0
19/06/2024,18819.9818112493,24300.0,-500.0,-0.02057613,19057.2084727357,19373.5106880508,18780.444034335,383637.0,9213116650.0,0.0,0.0,383637.0,9213116650.0,18300.0,18000.0,0.0,-36300.0,452165000.0,428400000.0,0.0,-880565000.0
18/06/2024,19215.3595803933,23900.0,400.0,0.0167364,18899.0573650782,19333.9729111364,18899.0573650782,253753.0,6144672300.0,0.0,0.0,253753.0,6144672300.0,-9800.0,0.0,0.0,9800.0,-235840000.0,0.0,0.0,235840000.0
17/06/2024,18899.0573650782,24100.0,-200.0,-0.00829876,19096.7462496501,19254.8973573076,18899.0573650782,305446.0,7350568600.0,0.0,0.0,305446.0,7350568600.0,17300.0,-100.0,0.0,-17200.0,417550000.0,-2415000.0,0.0,-415135000.0
14/06/2024,19057.2084727357,24400.0,-300.0,-0.01229508,19294.435134222,19768.8884571947,19057.2084727357,690658.0,17056436200.0,0.0,0.0,690658.0,17056436200.0,-45400.0,900.0,0.0,44500.0,-1123400000.0,22185000.0,0.0,1101215000.0
13/06/2024,19294.435134222,24600.0,-200.0,-0.00813008,19571.1995726228,19610.7373495372,19294.435134222,252147.0,6174148750.0,0.0,0.0,252147.0,6174148750.0,12200.0,100.0,0.0,-12300.0,298100000.0,2475000.0,0.0,-300575000.0
12/06/2024,19452.5862418796,24350.0,250.0,0.01026694,19333.9729111364,19452.5862418796,19096.7462496501,203087.0,4947609100.0,0.0,0.0,203087.0,4947609100.0,7300.0,-4400.0,0.0,-2900.0,178370000.0,-107755000.0,0.0,-70615000.0
11/06/2024,19254.8973573076,24700.0,-350.0,-0.01417004,19689.8129033659,19689.8129033659,19096.7462496501,502027.0,12193736600.0,0.0,0.0,502027.0,12193736600.0,26000.0,-3600.0,0.0,-22400.0,633460000.0,-87345000.0,0.0,-546115000.0
10/06/2024,19531.6617957084,24550.0,150.0,0.00610998,19492.124018794,19689.8129033659,19452.5862418796,405993.0,10043519150.0,0.0,0.0,405993.0,10043519150.0,3000.0,-900.0,0.0,-2100.0,73950000.0,-22230000.0,0.0,-51720000.0
07/06/2024,19413.0484649653,24450.0,100.0,0.00408998,19373.5106880508,19571.1995726228,19215.3595803933,243090.0,5937069700.0,0.0,0.0,243090.0,5937069700.0,24100.0,0.0,0.0,-24100.0,589905000.0,0.0,0.0,-589905000.0
06/06/2024,19333.9729111364,24850.0,-400.0,-0.01609658,19650.2751264516,19768.8884571947,19254.8973573076,268315.0,6610620700.0,0.0,0.0,268315.0,6610620700.0,12400.0,0.0,0.0,-12400.0,307030000.0,0.0,0.0,-307030000.0
05/06/2024,19650.2751264516,24300.0,550.0,0.02263374,19136.2840265645,19927.0395648523,19136.2840265645,859592.0,21341647250.0,0.0,0.0,859592.0,21341647250.0,1500.0,6900.0,0.0,-8400.0,42530000.0,172180000.0,0.0,-214710000.0
04/06/2024,19215.3595803933,24150.0,150.0,0.00621118,19096.7462496501,19373.5106880508,19096.7462496501,264439.0,6448899800.0,0.0,0.0,264439.0,6448899800.0,-9900.0,0.0,0.0,9900.0,-240010000.0,0.0,0.0,240010000.0
03/06/2024,19096.7462496501,23850.0,300.0,0.01257862,19294.435134222,19294.435134222,19057.2084727357,220747.0,5348263350.0,0.0,0.0,220747.0,5348263350.0,3700.0,0.0,0.0,-3700.0,90430000.0,0.0,0.0,-90430000.0
31/05/2024,18859.5195881638,24050.0,-200.0,-0.00831601,19057.2084727357,19096.7462496501,18819.9818112493,185100.0,4430275000.0,0.0,0.0,185100.0,4430275000.0,16800.0,0.0,0.0,-16800.0,401790000.0,0.0,0.0,-401790000.0
30/05/2024,19017.6706958213,24300.0,-250.0,-0.01028807,19017.6706958213,19136.2840265645,18622.2929266774,402514.0,9633992700.0,0.0,0.0,402514.0,9633992700.0,2000.0,0.0,0.0,-2000.0,48100000.0,0.0,0.0,-48100000.0
29/05/2024,19215.3595803933,24600.0,-300.0,-0.01219512,19452.5862418796,19531.6617957084,19175.8218034789,289190.0,7075846600.0,0.0,0.0,289190.0,7075846600.0,-12200.0,0.0,0.0,12200.0,-298575000.0,0.0,0.0,298575000.0
28/05/2024,19452.5862418796,23900.0,700.0,0.0292887,19175.8218034789,19452.5862418796,19096.7462496501,334027.0,8161233400.0,0.0,0.0,334027.0,8161233400.0,-13500.0,-29500.0,0.0,43000.0,-328880000.0,-720460000.0,0.0,1049340000.0
27/05/2024,18899.0573650782,23900.0,0.0,0.0,18978.132918907,19333.9729111364,18899.0573650782,176110.0,4223911500.0,0.0,0.0,176110.0,4223911500.0,2700.0,0.0,0.0,-2700.0,66235000.0,0.0,0.0,-66235000.0
24/05/2024,18899.0573650782,24900.0,-1000.0,-0.04016064,19373.5106880508,19610.7373495372,18622.2929266774,672471.0,16290432300.0,0.0,0.0,672471.0,16290432300.0,84000.0,-12500.0,0.0,-71500.0,2056060000.0,-306340000.0,0.0,-1749720000.0
23/05/2024,19689.8129033659,25050.0,-150.0,-0.00598802,19768.8884571947,19768.8884571947,19413.0484649653,278571.0,6890453550.0,0.0,0.0,278571.0,6890453550.0,14000.0,0.0,0.0,-14000.0,346895000.0,0.0,0.0,-346895000.0
22/05/2024,19808.4262341091,24450.0,600.0,0.02453988,19610.7373495372,20085.1906725099,19610.7373495372,941406.0,23726614900.0,0.0,0.0,941406.0,23726614900.0,1300.0,4100.0,0.0,-5400.0,33325000.0,103735000.0,0.0,-137060000.0
21/05/2024,19333.9729111364,24450.0,0.0,0.0,19373.5106880508,19531.6617957084,18978.132918907,320080.0,7751052300.0,0.0,0.0,320080.0,7751052300.0,8800.0,0.0,0.0,-8800.0,213240000.0,0.0,0.0,-213240000.0
20/05/2024,19334.3880577941,24600.0,150.0,0.00609756,19256.2693181666,19646.8630163038,19217.2099483529,592136.0,14712835750.0,0.0,0.0,592136.0,14712835750.0,-32600.0,0.0,0.0,32600.0,-812145000.0,0.0,0.0,812145000.0
17/05/2024,19217.2099483529,24300.0,300.0,0.01234568,19021.9130992842,19295.3286879803,18865.6756200294,329021.0,8054146950.0,0.0,0.0,329021.0,8054146950.0,27400.0,-31000.0,0.0,3600.0,668950000.0,-757710000.0,0.0,88760000.0
16/05/2024,18982.8537294705,24000.0,300.0,0.0125,18943.7943596567,19139.0912087254,18826.6162502156,271454.0,6590759950.0,0.0,0.0,271454.0,6590759950.0,18700.0,-2200.0,0.0,-16500.0,454770000.0,-53340000.0,0.0,-401430000.0
15/05/2024,18748.4975105882,23800.0,200.0,0.00840336,18592.2600313333,18904.734989843,18514.1412917058,326311.0,7822297400.0,0.0,0.0,326311.0,7822297400.0,-39400.0,28500.0,0.0,10900.0,-949815000.0,688240000.0,0.0,261575000.0
14/05/2024,18592.2600313333,23600.0,200.0,0.00847458,18514.1412917058,18904.734989843,18514.1412917058,160623.0,3839753300.0,0.0,0.0,160623.0,3839753300.0,-16000.0,-2100.0,0.0,18100.0,-383715000.0,-49980000.0,0.0,433695000.0
13/05/2024,18436.0225520783,23800.0,-200.0,-0.00840336,18670.3787709607,18670.3787709607,18396.9631822646,150572.0,3562571250.0,0.0,0.0,150572.0,3562571250.0,-2100.0,0.0,0.0,2100.0,-49740000.0,0.0,0.0,49740000.0
10/05/2024,18592.2600313333,23800.0,0.0,0.0,18592.2600313333,18670.3787709607,18201.666333196,145690.0,3436468000.0,0.0,0.0,145690.0,3436468000.0,14100.0,0.0,0.0,-14100.0,333295000.0,0.0,0.0,-333295000.0
09/05/2024,18592.2600313333,23850.0,-50.0,-0.00209644,18670.3787709607,18904.734989843,18514.1412917058,205901.0,4923158500.0,0.0,0.0,205901.0,4923158500.0,12300.0,0.0,0.0,-12300.0,295105000.0,0.0,0.0,-295105000.0
08/05/2024,18631.319401147,23900.0,-50.0,-0.00209205,18592.2600313333,19217.2099483529,18436.0225520783,197333.0,4728654400.0,0.0,0.0,197333.0,4728654400.0,-800.0,0.0,0.0,800.0,-18240000.0,0.0,0.0,18240000.0
07/05/2024,18670.3787709607,23900.0,0.0,0.0,18670.3787709607,18670.3787709607,18475.0819218921,147315.0,3501472500.0,0.0,0.0,147315.0,3501472500.0,-6800.0,0.0,0.0,6800.0,-162115000.0,0.0,0.0,162115000.0
06/05/2024,18670.3787709607,23150.0,750.0,0.03239741,18162.6069633823,18748.4975105882,18123.5475935686,405662.0,9634313700.0,0.0,0.0,405662.0,9634313700.0,-42900.0,0.0,0.0,42900.0,-1015280000.0,0.0,0.0,1015280000.0
03/05/2024,18084.4882237548,23300.0,-150.0,-0.00643777,18279.7850728234,18357.9038124509,18045.4288539412,245748.0,5709419150.0,0.0,0.0,245748.0,5709419150.0,10000.0,-10000.0,-10000.0,0.0,232000000.0,-232000000.0,-232000000.0,0.0
02/05/2024,18201.666333196,23300.0,0.0,0.0,18514.1412917058,18514.1412917058,18006.3694841274,181161.0,4217066500.0,0.0,0.0,181161.0,4217066500.0,43410.0,0.0,0.0,-43410.0,1012028000.0,0.0,0.0,-1012028000.0
26/04/2024,18201.666333196,23400.0,-100.0,-0.0042735,18162.6069633823,18357.9038124509,17967.3101143136,160101.0,3715228300.0,0.0,0.0,160101.0,3715228300.0,9400.0,0.0,0.0,-9400.0,219290000.0,0.0,0.0,-219290000.0
25/04/2024,18279.7850728234,23200.0,200.0,0.00862069,18045.4288539412,18709.4381407745,18006.3694841274,426340.0,9991754000.0,0.0,0.0,426340.0,9991754000.0,46500.0,-30000.0,0.0,-16500.0,1087875000.0,-699000000.0,0.0,-388875000.0
24/04/2024,18123.5475935686,22100.0,1100.0,0.04977376,17811.0726350588,18123.5475935686,17654.8351558038,283256.0,6491522100.0,0.0,0.0,283256.0,6491522100.0,-39300.0,0.0,0.0,39300.0,-901725000.0,0.0,0.0,901725000.0
23/04/2024,17264.2414576666,22550.0,-450.0,-0.01995565,17654.8351558038,17693.8945256176,17225.1820878529,275260.0,6164286000.0,0.0,0.0,275260.0,6164286000.0,44200.0,-12900.0,0.0,-31300.0,994725000.0,-291540000.0,0.0,-703185000.0
22/04/2024,17615.7757859901,22050.0,500.0,0.02267574,17537.6570463626,17654.8351558038,17342.3601972941,150433.0,3365035550.0,0.0,0.0,150433.0,3365035550.0,40300.0,-35600.0,0.0,-4700.0,897895000.0,-792420000.0,0.0,-105475000.0
19/04/2024,17225.1820878529,22050.0,0.0,0.0,17186.1227180391,17654.8351558038,17108.0039784117,652835.0,14495560150.0,0.0,0.0,652835.0,14495560150.0,-59800.0,46200.0,10000.0,13600.0,-1329430000.0,1027590000.0,222895000.0,301840000.0
17/04/2024,17225.1820878529,22400.0,-350.0,-0.015625,17693.8945256176,17850.1320048724,17225.1820878529,413900.0,9336691100.0,0.0,0.0,413900.0,9336691100.0,-15700.0,-7100.0,0.0,22800.0,-357900000.0,-160800000.0,0.0,518700000.0
16/04/2024,17498.5976765489,23100.0,-700.0,-0.03030303,18045.4288539412,18045.4288539412,17264.2414576666,810034.0,18226812350.0,0.0,0.0,810034.0,18226812350.0,-103800.0,65800.0,0.0,38000.0,-2330730000.0,1484420000.0,0.0,846310000.0
15/04/2024,18045.4288539412,24800.0,-1700.0,-0.06854839,19256.2693181666,19295.3286879803,18045.4288539412,762386.0,18244349200.0,0.0,0.0,762386.0,18244349200.0,68700.0,-33600.0,0.0,-35100.0,1691045000.0,-835465000.0,0.0,-855580000.0
12/04/2024,19373.4474276077,24850.0,-50.0,-0.00201207,19529.6849068627,19568.7442766765,19256.2693181666,316653.0,7849019750.0,0.0,0.0,316653.0,7849019750.0,99900.0,-89700.0,0.0,-10200.0,2475435000.0,-2221075000.0,0.0,-254360000.0
11/04/2024,19412.5067974215,24800.0,50.0,0.00201613,19295.3286879803,19412.5067974215,18982.8537294705,374281.0,9208613900.0,0.0,0.0,374281.0,9208613900.0,-25600.0,25300.0,0.0,300.0,-631460000.0,623690000.0,0.0,7770000.0
10/04/2024,19373.4474276077,25000.0,-200.0,-0.008,19607.8036464901,19607.8036464901,19334.3880577941,216520.0,5403781050.0,0.0,0.0,216520.0,5403781050.0,17800.0,0.0,0.0,-17800.0,444510000.0,0.0,0.0,-444510000.0
09/04/2024,19529.6849068627,24300.0,700.0,0.02880658,18982.8537294705,19529.6849068627,18982.8537294705,464612.0,11428477950.0,0.0,0.0,464612.0,11428477950.0,-79700.0,0.0,0.0,79700.0,-1960930000.0,0.0,0.0,1960930000.0
08/04/2024,18982.8537294705,25050.0,-750.0,-0.02994012,19803.1004955587,19803.1004955587,18982.8537294705,371066.0,9219255500.0,0.0,0.0,371066.0,9219255500.0,-12500.0,20200.0,0.0,-7700.0,-308245000.0,505010000.0,0.0,-196765000.0
05/04/2024,19568.7442766765,25550.0,-500.0,-0.01956947,19764.041125745,19881.2192351862,19490.6255370489,746377.0,18765249350.0,0.0,0.0,746377.0,18765249350.0,-22800.0,39500.0,0.0,-16700.0,-566410000.0,989225000.0,0.0,-422815000.0
04/04/2024,19959.3379748136,26150.0,-600.0,-0.02294455,20428.0504125783,20428.0504125783,19920.2786049999,928961.0,23903089950.0,0.0,0.0,928961.0,23903089950.0,40600.0,27800.0,0.0,-68400.0,1051155000.0,715120000.0,0.0,-1766275000.0
03/04/2024,20428.0504125783,26650.0,-500.0,-0.01876173,20818.6441107156,21013.9409597842,20310.8723031372,527351.0,13965362800.0,0.0,0.0,527351.0,13965362800.0,-1000.0,10800.0,0.0,-9800.0,-21075000.0,282710000.0,0.0,-261635000.0
02/04/2024,20818.6441107156,26200.0,450.0,0.01717557,20428.0504125783,20857.7034805294,20271.8129333235,611348.0,16126717350.0,0.0,0.0,611348.0,16126717350.0,-34200.0,100.0,0.0,34100.0,-897900000.0,2650000.0,0.0,895250000.0
01/04/2024,20467.109782392,26400.0,-200.0,-0.00757576,20545.2285220195,20701.4660012744,20232.7535635098,792687.0,20731173600.0,0.0,0.0,792687.0,20731173600.0,-76400.0,52000.0,0.0,24400.0,-1999930000.0,1365100000.0,0.0,634830000.0
29/03/2024,20623.347261647,26600.0,-200.0,-0.0075188,20779.5847409019,21092.0596994117,20584.2878918332,513771.0,13669987300.0,0.0,0.0,513771.0,13669987300.0,43400.0,0.0,0.0,-43400.0,1151425000.0,0.0,0.0,-1151425000.0
28/03/2024,20779.5847409019,26750.0,-150.0,-0.00560748,21092.0596994117,21131.1190692253,20779.5847409019,427426.0,11435926100.0,0.0,0.0,427426.0,11435926100.0,12600.0,-13000.0,0.0,400.0,338480000.0,-349360000.0,0.0,10880000.0
27/03/2024,20896.762850343,27100.0,-350.0,-0.01291513,21053.0003295979,21170.1784390391,20857.7034805294,486903.0,13094468100.0,0.0,0.0,486903.0,13094468100.0,44500.0,-20000.0,0.0,-24500.0,1198445000.0,-538000000.0,0.0,-660445000.0
26/03/2024,21170.1784390391,26250.0,850.0,0.03238095,20506.1691522058,21209.2378088529,20467.109782392,781343.0,20857966200.0,0.0,0.0,781343.0,20857966200.0,-12700.0,0.0,0.0,12700.0,-346790000.0,0.0,0.0,346790000.0
25/03/2024,20506.1691522058,26800.0,-550.0,-0.02052239,20974.8815899706,21013.9409597842,20467.109782392,681445.0,18046911600.0,0.0,0.0,681445.0,18046911600.0,-14200.0,20000.0,0.0,-5800.0,-375865000.0,530750000.0,0.0,-154885000.0
22/03/2024,20935.8222201568,26200.0,600.0,0.02290076,20545.2285220195,21209.2378088529,20545.2285220195,1253387.0,33545386300.0,0.0,0.0,1253387.0,33545386300.0,-66600.0,-34700.0,0.0,101300.0,-1775050000.0,-917550000.0,0.0,2692600000.0
21/03/2024,20467.109782392,26300.0,-100.0,-0.00380228,20857.7034805294,20857.7034805294,20467.109782392,1129127.0,29721867750.0,0.0,0.0,1129127.0,29721867750.0,76700.0,-27800.0,0.0,-48900.0,2024185000.0,-734430000.0,0.0,-1289755000.0
20/03/2024,20545.2285220195,25950.0,350.0,0.01348748,20271.8129333235,20623.347261647,20076.5160842548,509284.0,13240594400.0,0.0,0.0,509284.0,13240594400.0,93900.0,-45000.0,0.0,-48900.0,2432160000.0,-1161970000.0,0.0,-1270190000.0
19/03/2024,20271.8129333235,26150.0,-200.0,-0.00764818,20506.1691522058,20623.347261647,20115.5754540686,747958.0,19465324750.0,50000.0,1250000000.0,797958.0,20715324750.0,72300.0,0.0,0.0,-72300.0,1892745000.0,0.0,0.0,-1892745000.0
18/03/2024,20428.0504125783,28100.0,-1950.0,-0.06939502,22068.5439447548,22224.7814240097,20428.0504125783,2730973.0,72259973500.0,0.0,0.0,2730973.0,72259973500.0,106700.0,0.0,0.0,-106700.0,2847565000.0,0.0,0.0,-2847565000.0
15/03/2024,21951.3658353136,27800.0,300.0,0.01079137,21717.0096164313,21990.4252051273,21326.4159182941,910946.0,25218307250.0,0.0,0.0,910946.0,25218307250.0,18800.0,0.0,0.0,-18800.0,509035000.0,0.0,0.0,-509035000.0
14/03/2024,21717.0096164313,28150.0,-350.0,-0.01243339,22029.4845749411,22771.6126014018,21482.6533975489,1360684.0,38595991500.0,0.0,0.0,1360684.0,38595991500.0,-47000.0,3200.0,0.0,43800.0,-1335860000.0,94585000.0,0.0,1241275000.0
13/03/2024,21990.4252051273,27800.0,350.0,0.01258993,22029.4845749411,22341.9595334509,21834.1877258724,1015079.0,28581635600.0,0.0,0.0,1015079.0,28581635600.0,-24000.0,0.0,0.0,24000.0,-677680000.0,0.0,0.0,677680000.0
12/03/2024,21717.0096164313,26800.0,1000.0,0.03731343,20935.8222201568,22029.4845749411,20779.5847409019,981274.0,26921559600.0,200.0,5100000.0,981474.0,26926659600.0,-184300.0,-100.0,0.0,184400.0,-5034445000.0,-2780000.0,0.0,5037225000.0
11/03/2024,20935.8222201568,27400.0,-600.0,-0.02189781,21482.6533975489,21834.1877258724,20935.8222201568,710222.0,19432042350.0,0.0,0.0,710222.0,19432042350.0,52400.0,-3200.0,0.0,-49200.0,1451595000.0,-87680000.0,0.0,-1363915000.0
08/03/2024,21404.5346579215,27950.0,-550.0,-0.019678,21990.4252051273,22185.722054196,21287.3565484803,1129354.0,31178101750.0,0.0,0.0,1129354.0,31178101750.0,-13400.0,82600.0,0.0,-69200.0,-359730000.0,2263270000.0,0.0,-1903540000.0
07/03/2024,21834.1877258724,27750.0,200.0,0.00720721,21677.9502466176,22107.6033145685,21560.7721371764,926879.0,25847193950.0,0.0,0.0,926879.0,25847193950.0,43900.0,10000.0,0.0,-53900.0,1219550000.0,278250000.0,0.0,-1497800000.0
06/03/2024,21677.9502466176,28600.0,-850.0,-0.02972028,22302.9001636372,22341.9595334509,21443.5940277352,914349.0,25577423750.0,0.0,0.0,914349.0,25577423750.0,32600.0,0.0,0.0,-32600.0,911690000.0,0.0,0.0,-911690000.0
05/03/2024,22341.9595334509,29200.0,-600.0,-0.02054795,23045.028190098,23045.028190098,22302.9001636372,714157.0,20647891750.0,0.0,0.0,714157.0,20647891750.0,98200.0,1700.0,0.0,-99900.0,2847440000.0,49750000.0,0.0,-2897190000.0
04/03/2024,22810.6719712156,27300.0,1900.0,0.06959707,21404.5346579215,22810.6719712156,21404.5346579215,1958946.0,54630102400.0,0.0,0.0,1958946.0,54630102400.0,141900.0,-51600.0,0.0,-90300.0,3942840000.0,-1437095000.0,0.0,-2505745000.0
01/03/2024,21326.4159182941,27150.0,150.0,0.00552486,21365.4752881077,21677.9502466176,21209.2378088529,630727.0,17330560500.0,0.0,0.0,630727.0,17330560500.0,73800.0,1300.0,0.0,-75100.0,2032215000.0,36165000.0,0.0,-2068380000.0
29/02/2024,21209.2378088529,27600.0,-450.0,-0.01630435,21560.7721371764,21873.2470956862,20857.7034805294,1107780.0,30071494400.0,0.0,0.0,1107780.0,30071494400.0,125500.0,-29000.0,0.0,-96500.0,3417535000.0,-785925000.0,0.0,-2631610000.0
28/02/2024,21560.7721371764,28300.0,-700.0,-0.02473498,22107.6033145685,22263.8407938235,21404.5346579215,1068851.0,29684691900.0,0.0,0.0,1068851.0,29684691900.0,217820.0,0.0,0.0,-217820.0,6058459000.0,0.0,0.0,-6058459000.0
27/02/2024,22107.6033145685,27250.0,1050.0,0.03853211,21404.5346579215,22224.7814240097,21170.1784390391,1075458.0,29922697950.0,0.0,0.0,1075458.0,29922697950.0,45800.0,6900.0,0.0,-52700.0,1274581300.0,189055000.0,0.0,-1463636300.0
26/02/2024,21287.3565484803,26600.0,650.0,0.02443609,20818.6441107156,21560.7721371764,20818.6441107156,1339882.0,36490743950.0,0.0,0.0,1339882.0,36490743950.0,-67600.0,7400.0,0.0,60200.0,-1832310000.0,203590000.0,0.0,1628720000.0
23/02/2024,20779.5847409019,27600.0,-1000.0,-0.03623188,21677.9502466176,21756.068986245,20779.5847409019,1632512.0,44484383650.0,0.0,0.0,1632512.0,44484383650.0,-165100.0,-34600.0,0.0,199700.0,-4537935000.0,-948045000.0,0.0,5485980000.0
22/02/2024,21560.7721371764,27000.0,600.0,0.02222222,21521.7127673627,22029.4845749411,21365.4752881077,1302970.0,36071710750.0,0.0,0.0,1302970.0,36071710750.0,-238500.0,1100.0,0.0,237400.0,-6599050000.0,30265000.0,0.0,6568785000.0
21/02/2024,21092.0596994117,25250.0,1750.0,0.06930693,19842.1598653724,21092.0596994117,19803.1004955587,4016621.0,106944693250.0,0.0,0.0,4016621.0,106944693250.0,-195600.0,64300.0,0.0,131300.0,-5206060000.0,1760600000.0,0.0,3445460000.0
20/02/2024,19724.9817559312,24700.0,550.0,0.02226721,19451.5661672353,19764.041125745,19295.3286879803,1052912.0,26318726900.0,0.0,0.0,1052912.0,26318726900.0,-180000.0,-3000.0,0.0,183000.0,-4489620000.0,-76150000.0,0.0,4565770000.0
19/02/2024,19295.3286879803,24900.0,-200.0,-0.00803213,19607.8036464901,19607.8036464901,19178.1505785391,417533.0,10318395100.0,0.0,0.0,417533.0,10318395100.0,83800.0,0.0,0.0,-83800.0,2074230000.0,0.0,0.0,-2074230000.0
16/02/2024,19451.5661672353,24650.0,250.0,0.01014199,19451.5661672353,19842.1598653724,19217.2099483529,488092.0,12181155400.0,0.0,0.0,488092.0,12181155400.0,-45000.0,35000.0,0.0,10000.0,-1120850000.0,874265000.0,0.0,246585000.0
15/02/2024,19256.2693181666,25000.0,-350.0,-0.014,19764.041125745,19764.041125745,19256.2693181666,407430.0,10158652250.0,0.0,0.0,407430.0,10158652250.0,3000.0,-30000.0,0.0,27000.0,68035000.0,-743060000.0,0.0,675025000.0
07/02/2024,19529.6849068627,24950.0,50.0,0.00200401,19412.5067974215,19607.8036464901,19217.2099483529,728091.0,18041785150.0,0.0,0.0,728091.0,18041785150.0,7600.0,0.0,0.0,-7600.0,189570000.0,0.0,0.0,-189570000.0
06/02/2024,19490.6255370489,24900.0,50.0,0.00200803,19529.6849068627,19646.8630163038,19334.3880577941,721199.0,17971512400.0,0.0,0.0,721199.0,17971512400.0,124200.0,-173800.0,0.0,49600.0,3090655000.0,-4330220000.0,0.0,1239565000.0
05/02/2024,19451.5661672353,25050.0,-150.0,-0.00598802,19646.8630163038,19764.041125745,19373.4474276077,494610.0,12356608000.0,0.0,0.0,494610.0,12356608000.0,135100.0,-114100.0,0.0,-21000.0,3381140000.0,-2856175000.0,0.0,-524965000.0
02/02/2024,19568.7442766765,25800.0,-750.0,-0.02906977,20467.109782392,20467.109782392,19529.6849068627,1045662.0,26428728200.0,0.0,0.0,1045662.0,26428728200.0,660400.0,-542600.0,0.0,-117800.0,16696435000.0,-13706890000.0,0.0,-2989545000.0
01/02/2024,20154.6348238823,25100.0,700.0,0.02788845,19529.6849068627,20232.7535635098,19295.3286879803,1373916.0,35040851900.0,0.0,0.0,1373916.0,35040851900.0,520000.0,-647900.0,0.0,127900.0,13238935001.0,-16527310000.0,0.0,3288375000.0
31/01/2024,19607.8036464901,25750.0,-650.0,-0.02524272,20115.5754540686,20115.5754540686,19178.1505785391,1027487.0,25803679550.0,0.0,0.0,1027487.0,25803679550.0,332300.0,-255100.0,0.0,-77200.0,8360505000.0,-6425720000.0,0.0,-1934785000.0
30/01/2024,20115.5754540686,25400.0,350.0,0.0138,19998.3973446274,20232.7535635098,19724.9817559312,822192.0,20992486950.0,0.0,0.0,822192.0,20992486950.0,162600.0,-283300.0,0.0,120700.0,4151250000.0,-7231045000.0,0.0,3079795000.0
29/01/2024,19842.1598653724,25200.0,200.0,0.00793651,19998.3973446274,19998.3973446274,19646.8630163038,613177.0,15510910300.0,0.0,0.0,613177.0,15510910300.0,700.0,-800.0,0.0,100.0,23570000.0,-26105000.0,0.0,2535000.0
26/01/2024,19685.9223861176,24750.0,450.0,0.01818182,19334.3880577941,19842.1598653724,19217.2099483529,1001276.0,24959309250.0,0.0,0.0,1001276.0,24959309250.0,-104500.0,4200.0,0.0,100300.0,-2614255000.0,103810000.0,0.0,2510445000.0
25/01/2024,19334.3880577941,24950.0,-200.0,-0.00801603,19490.6255370489,19724.9817559312,19139.0912087254,761990.0,18940067000.0,0.0,0.0,761990.0,18940067000.0,222780.0,-207400.0,0.0,-15380.0,5519052000.0,-5133980000.0,0.0,-385072000.0
24/01/2024,19490.6255370489,24600.0,350.0,0.01422764,19568.7442766765,19685.9223861176,19256.2693181666,949918.0,23668061800.0,0.0,0.0,949918.0,23668061800.0,-330000.0,334300.0,0.0,-4300.0,-8213875000.0,8321120000.0,0.0,-107245000.0
23/01/2024,19217.2099483529,23800.0,800.0,0.03361345,18670.3787709607,19256.2693181666,18592.2600313333,1616213.0,39151942050.0,0.0,0.0,1616213.0,39151942050.0,-173700.0,154600.0,0.0,19100.0,-4174670000.0,3711155000.0,0.0,463515000.0
22/01/2024,18592.2600313333,23800.0,0.0,0.0,18748.4975105882,18904.734989843,18357.9038124509,1278017.0,30419919600.0,0.0,0.0,1278017.0,30419919600.0,-663200.0,665200.0,0.0,-2000.0,-15824505000.0,15872515000.0,0.0,-48010000.0
19/01/2024,18592.2600313333,23450.0,350.0,0.01492537,18592.2600313333,18904.734989843,18318.8444426371,875129.0,20805332650.0,0.0,0.0,875129.0,20805332650.0,-510500.0,512000.0,0.0,-1500.0,-12187735001.0,12224215000.0,0.0,-36480000.0
18/01/2024,18318.8444426371,22800.0,650.0,0.02850877,18045.4288539412,18514.1412917058,17811.0726350588,1275626.0,29798740900.0,0.0,0.0,1275626.0,29798740900.0,-163300.0,153300.0,0.0,10000.0,-3827360000.0,3595935000.0,0.0,231425000.0
17/01/2024,17811.0726350588,22800.0,0.0,0.0,17654.8351558038,18006.3694841274,17654.8351558038,90409.0,2061773800.0,0.0,0.0,90409.0,2061773800.0,-4400.0,0.0,0.0,4400.0,-100185000.0,0.0,0.0,100185000.0
16/01/2024,17811.0726350588,22400.0,400.0,0.01785714,17498.5976765489,17811.0726350588,17186.1227180391,139015.0,3099539700.0,0.0,0.0,139015.0,3099539700.0,-1000.0,0.0,0.0,1000.0,-22050000.0,0.0,0.0,22050000.0
15/01/2024,17498.5976765489,22600.0,-200.0,-0.00884956,17967.3101143136,18123.5475935686,17498.5976765489,169688.0,3850811400.0,0.0,0.0,169688.0,3850811400.0,-6300.0,6300.0,0.0,0.0,-144900000.0,144900000.0,0.0,0.0
12/01/2024,17654.8351558038,23850.0,-1250.0,-0.0524109,18475.0819218921,18475.0819218921,17615.7757859901,630871.0,14627268700.0,0.0,0.0,630871.0,14627268700.0,3000.0,100.0,0.0,-3100.0,70865000.0,2260000.0,0.0,-73125000.0
11/01/2024,18631.319401147,23950.0,-100.0,-0.00417537,18826.6162502156,18826.6162502156,18592.2600313333,78929.0,1886059650.0,0.0,0.0,78929.0,1886059650.0,1600.0,-1300.0,0.0,-300.0,38310000.0,-31080000.0,0.0,-7230000.0
10/01/2024,18709.4381407745,24350.0,-400.0,-0.0164271,19060.9724690979,19060.9724690979,18631.319401147,207580.0,4999374500.0,0.0,0.0,207580.0,4999374500.0,-2000.0,5000.0,0.0,-3000.0,-48400000.0,121500000.0,0.0,-73100000.0
09/01/2024,19021.9130992842,23700.0,650.0,0.02742616,18592.2600313333,19060.9724690979,18436.0225520783,435785.0,10489013950.0,0.0,0.0,435785.0,10489013950.0,-400.0,-5400.0,0.0,5800.0,-11125000.0,-129400000.0,0.0,140525000.0
08/01/2024,18514.1412917058,23850.0,-150.0,-0.00628931,18592.2600313333,18670.3787709607,18475.0819218921,155646.0,3700298400.0,0.0,0.0,155646.0,3700298400.0,600.0,0.0,0.0,-600.0,14250000.0,0.0,0.0,-14250000.0
05/01/2024,18631.319401147,24000.0,-150.0,-0.00625,18748.4975105882,18943.7943596567,18553.2006615195,170108.0,4079228600.0,0.0,0.0,170108.0,4079228600.0,800.0,-2500.0,0.0,1700.0,19605000.0,-60375000.0,0.0,40770000.0
04/01/2024,18748.4975105882,23650.0,350.0,0.01479915,18553.2006615195,18748.4975105882,18475.0819218921,250239.0,5948539000.0,0.0,0.0,250239.0,5948539000.0,2100.0,0.0,0.0,-2100.0,49225000.0,0.0,0.0,-49225000.0
03/01/2024,18475.0819218921,23550.0,100.0,0.00424628,18396.9631822646,18553.2006615195,18279.7850728234,196233.0,4642973750.0,0.0,0.0,196233.0,4642973750.0,-1900.0,-1000.0,0.0,2900.0,-45000000.0,-23700000.0,0.0,68700000.0
02/01/2024,18396.9631822646,23900.0,-350.0,-0.01464435,18748.4975105882,18748.4975105882,18357.9038124509,249835.0,5916917800.0,0.0,0.0,249835.0,5916917800.0,-7300.0,1900.0,0.0,5400.0,-172730000.0,44900000.0,0.0,127830000.0
29/12/2023,18670.3787709607,24000.0,-100.0,-0.00416667,18748.4975105882,18826.6162502156,18631.319401147,168324.0,4029882400.0,0.0,0.0,168324.0,4029882400.0,-1000.0,1000.0,0.0,0.0,-23900000.0,23900000.0,0.0,0.0
28/12/2023,18748.4975105882,24200.0,-200.0,-0.00826446,18904.734989843,18943.7943596567,18592.2600313333,412868.0,9894926750.0,0.0,0.0,412868.0,9894926750.0,-12200.0,7000.0,0.0,5200.0,-292760000.0,167705000.0,0.0,125055000.0
25/12/2023,18904.734989843,24300.0,-100.0,-0.00411523,18982.8537294705,19295.3286879803,18826.6162502156,242326.0,5870583150.0,0.0,0.0,242326.0,5870583150.0,1900.0,0.0,0.0,-1900.0,46405000.0,0.0,0.0,-46405000.0
22/12/2023,18982.8537294705,23750.0,550.0,0.02315789,18631.319401147,19100.0318389117,18592.2600313333,240500.0,5810270000.0,0.0,0.0,240500.0,5810270000.0,500.0,0.0,0.0,-500.0,12195000.0,0.0,0.0,-12195000.0
21/12/2023,18553.2006615195,24100.0,-350.0,-0.01452282,18709.4381407745,18709.4381407745,18475.0819218921,155800.0,3709095000.0,0.0,0.0,155800.0,3709095000.0,100.0,0.0,0.0,-100.0,2390000.0,0.0,0.0,-2390000.0
20/12/2023,18826.6162502156,24000.0,100.0,0.00416667,18904.734989843,18904.734989843,18592.2600313333,149629.0,3586546450.0,0.0,0.0,149629.0,3586546450.0,1000.0,100.0,0.0,-1100.0,23945000.0,2400000.0,0.0,-26345000.0
18/12/2023,18475.0819218921,24200.0,-550.0,-0.02272727,19060.9724690979,19060.9724690979,18436.0225520783,202930.0,4841305000.0,0.0,0.0,202930.0,4841305000.0,0.0,0.0,0.0,0.0,65000.0,0.0,0.0,-65000.0
15/12/2023,18904.734989843,24500.0,-300.0,-0.0122449,18865.6756200294,19295.3286879803,18748.4975105882,237800.0,5766280000.0,0.0,0.0,237800.0,5766280000.0,12900.0,-12300.0,0.0,-600.0,317710000.0,-302965000.0,0.0,-14745000.0
14/12/2023,19139.0912087254,24550.0,-50.0,-0.00203666,19295.3286879803,19373.4474276077,18787.5568804019,253500.0,6189215000.0,0.0,0.0,253500.0,6189215000.0,-6900.0,0.0,0.0,6900.0,-169080000.0,0.0,0.0,169080000.0
13/12/2023,19178.1505785391,25500.0,-950.0,-0.0372549,19920.2786049999,19998.3973446274,19100.0318389117,642130.0,15961425300.0,0.0,0.0,642130.0,15961425300.0,27700.0,-18000.0,0.0,-9700.0,693175000.0,-450360000.0,0.0,-242815000.0
12/12/2023,19920.2786049999,25300.0,200.0,0.00790514,19646.8630163038,19959.3379748136,19529.6849068627,450500.0,11348155000.0,0.0,0.0,450500.0,11348155000.0,23600.0,-20000.0,0.0,-3600.0,593720000.0,-503000000.0,0.0,-90720000.0
11/12/2023,19764.041125745,25400.0,-100.0,-0.00393701,19998.3973446274,20193.694193696,19490.6255370489,326827.0,8259855450.0,0.0,0.0,326827.0,8259855450.0,193400.0,-187300.0,0.0,-6100.0,4882565000.0,-4728890000.0,0.0,-153675000.0
08/12/2023,19842.1598653724,25500.0,-100.0,-0.00392157,19764.041125745,20076.5160842548,19529.6849068627,226314.0,5740072900.0,0.0,0.0,226314.0,5740072900.0,56000.0,-50800.0,0.0,-5200.0,1421295000.0,-1289160000.0,0.0,-132135000.0
07/12/2023,19920.2786049999,25800.0,-300.0,-0.01162791,20310.8723031372,20623.347261647,19490.6255370489,336964.0,8596053600.0,0.0,0.0,336964.0,8596053600.0,54100.0,-49900.0,0.0,-4200.0,1372625000.0,-1265855000.0,0.0,-106770000.0
06/12/2023,20154.6348238823,26100.0,-300.0,-0.01149425,20545.2285220195,20545.2285220195,19920.2786049999,500615.0,12914293850.0,0.0,0.0,500615.0,12914293850.0,298500.0,-311700.0,0.0,13200.0,7682615000.0,-8023620000.0,0.0,341005000.0
05/12/2023,20388.9910427646,26650.0,-550.0,-0.0206379,20818.6441107156,21013.9409597842,20154.6348238823,408546.0,10666149800.0,0.0,0.0,408546.0,10666149800.0,232000.0,-230400.0,0.0,-1600.0,6043205000.0,-5999350000.0,0.0,-43855000.0
04/12/2023,20818.6441107156,24950.0,1700.0,0.06813627,19920.2786049999,20818.6441107156,19490.6255370489,736275.0,18910301800.0,0.0,0.0,736275.0,18910301800.0,68500.0,-75000.0,0.0,6500.0,1716655000.0,-1877595000.0,0.0,160940000.0
01/12/2023,19490.6255370489,24950.0,0.0,0.0,19529.6849068627,19685.9223861176,19217.2099483529,193300.0,4820963150.0,0.0,0.0,193300.0,4820963150.0,88000.0,-91100.0,0.0,3100.0,2196415000.0,-2273850000.0,0.0,77435000.0
30/11/2023,19490.6255370489,24700.0,250.0,0.01012146,19295.3286879803,20076.5160842548,19295.3286879803,446860.0,11313539050.0,0.0,0.0,446860.0,11313539050.0,54100.0,-59900.0,0.0,5800.0,1367195000.0,-1514250000.0,0.0,147055000.0
29/11/2023,19295.3286879803,24650.0,50.0,0.0020284,19451.5661672353,19451.5661672353,18982.8537294705,172713.0,4244672650.0,0.0,0.0,172713.0,4244672650.0,4100.0,-5000.0,0.0,900.0,100420000.0,-122500000.0,0.0,22080000.0
28/11/2023,19256.2693181666,24600.0,50.0,0.00203252,19256.2693181666,19490.6255370489,18709.4381407745,129210.0,3142573400.0,0.0,0.0,129210.0,3142573400.0,9400.0,-10000.0,0.0,600.0,227420000.0,-242000000.0,0.0,14580000.0
27/11/2023,19217.2099483529,24800.0,-200.0,-0.00806452,19060.9724690979,19920.2786049999,19060.9724690979,179707.0,4478204200.0,0.0,0.0,179707.0,4478204200.0,10600.0,-11800.0,0.0,1200.0,266120000.0,-295920000.0,0.0,29800000.0
24/11/2023,19373.4474276077,23750.0,1050.0,0.04421053,18553.2006615195,19373.4474276077,18279.7850728234,226484.0,5421961100.0,0.0,0.0,226484.0,5421961100.0,-10900.0,-4900.0,0.0,15800.0,-258965000.0,-117275000.0,0.0,376240000.0
23/11/2023,18553.2006615195,25500.0,-1750.0,-0.06862745,20037.4567144411,20037.4567144411,18553.2006615195,441264.0,11030050300.0,0.0,0.0,441264.0,11030050300.0,30500.0,-30500.0,0.0,0.0,777520000.0,-777520000.0,0.0,0.0
22/11/2023,19920.2786049999,25400.0,100.0,0.00393701,19842.1598653724,20076.5160842548,19529.6849068627,295774.0,7526847000.0,0.0,0.0,295774.0,7526847000.0,53900.0,-53400.0,0.0,-500.0,1376285000.0,-1363615000.0,0.0,-12670000.0
21/11/2023,19842.1598653724,25400.0,0.0,0.0,19920.2786049999,20310.8723031372,19529.6849068627,189733.0,4825995700.0,0.0,0.0,189733.0,4825995700.0,55500.0,-54100.0,0.0,-1400.0,1410420000.0,-1374340000.0,0.0,-36080000.0
20/11/2023,19842.1598653724,23800.0,1600.0,0.06722689,17967.3101143136,19881.2192351862,17967.3101143136,1004991.0,25314384550.0,0.0,0.0,1004991.0,25314384550.0,4100.0,1100.0,0.0,-5200.0,103280000.0,26855000.0,0.0,-130135000.0
17/11/2023,18592.2600313333,23350.0,450.0,0.01927195,18201.666333196,19295.3286879803,18201.666333196,411601.0,9923368100.0,0.0,0.0,411601.0,9923368100.0,-300.0,-500.0,0.0,800.0,-12060000.0,-6805000.0,0.0,18865000.0
16/11/2023,18240.7257030097,23100.0,250.0,0.01082251,17811.0726350588,18240.7257030097,17811.0726350588,88201.0,2031603100.0,0.0,0.0,88201.0,2031603100.0,-1400.0,0.0,0.0,1400.0,-32120000.0,0.0,0.0,32120000.0
15/11/2023,18045.4288539412,23200.0,-100.0,-0.00431034,18748.4975105882,18748.4975105882,17967.3101143136,145033.0,3394427700.0,0.0,0.0,145033.0,3394427700.0,2500.0,0.0,0.0,-2500.0,58110000.0,0.0,0.0,-58110000.0
14/11/2023,18123.5475935686,23400.0,-200.0,-0.00854701,18592.2600313333,18592.2600313333,17967.3101143136,104231.0,2428033500.0,0.0,0.0,104231.0,2428033500.0,-1800.0,0.0,0.0,1800.0,-41750000.0,0.0,0.0,41750000.0
13/11/2023,18279.7850728234,23500.0,-100.0,-0.00425532,18162.6069633823,18748.4975105882,17850.1320048724,131121.0,3045838900.0,0.0,0.0,131121.0,3045838900.0,300.0,1500.0,0.0,-1800.0,7110000.0,35020000.0,0.0,-42130000.0
10/11/2023,18357.9038124509,24000.0,-500.0,-0.02083333,18748.4975105882,18904.734989843,18357.9038124509,119803.0,2852185300.0,0.0,0.0,119803.0,2852185300.0,6000.0,-8000.0,0.0,2000.0,141895000.0,-189490000.0,0.0,47595000.0
09/11/2023,18748.4975105882,23800.0,200.0,0.00840336,18904.734989843,19060.9724690979,18592.2600313333,258481.0,6223217400.0,0.0,0.0,258481.0,6223217400.0,-2200.0,0.0,0.0,2200.0,-52970000.0,0.0,0.0,52970000.0
08/11/2023,18592.2600313333,23950.0,1050.0,0.04384134,17699.8315498293,18740.9981115839,17699.8315498293,761932.0,18827273500.0,0.0,0.0,761932.0,18827273500.0,-12600.0,11000.0,0.0,1600.0,-307305000.0,269740000.0,0.0,37565000.0
07/11/2023,17811.3851100173,23800.0,150.0,0.00630252,17625.462509704,18146.0457905813,17625.462509704,165440.0,3984263000.0,0.0,0.0,165440.0,3984263000.0,-5800.0,300.0,0.0,5500.0,-139535000.0,7200000.0,0.0,132335000.0
06/11/2023,17699.8315498293,23800.0,0.0,0.0,17922.9386702053,17922.9386702053,17513.908949516,60943.0,1446623450.0,0.0,0.0,60943.0,1446623450.0,700.0,2700.0,0.0,-3400.0,16600000.0,63985000.0,0.0,-80585000.0
03/11/2023,17699.8315498293,24300.0,-500.0,-0.02057613,18071.6767504558,18071.6767504558,17588.2779896412,83345.0,1987970250.0,0.0,0.0,83345.0,1987970250.0,-2500.0,2000.0,0.0,500.0,-59375000.0,47450000.0,0.0,11925000.0
02/11/2023,18071.6767504558,22850.0,1450.0,0.06345733,17104.8792288266,18108.8612705187,17030.5101887013,327305.0,7752527000.0,0.0,0.0,327305.0,7752527000.0,-100.0,0.0,0.0,100.0,-2335000.0,35000.0,0.0,2300000.0
01/11/2023,16993.3256686386,22300.0,550.0,0.02466368,16584.2959479493,17104.8792288266,16063.7126670719,103506.0,2301814400.0,0.0,0.0,103506.0,2301814400.0,-29200.0,4900.0,0.0,24300.0,-651845000.0,107770000.0,0.0,544075000.0
31/10/2023,16584.2959479493,22800.0,-500.0,-0.02192982,17402.355389328,17402.355389328,16509.9269078239,107806.0,2429279700.0,0.0,0.0,107806.0,2429279700.0,-2300.0,0.0,0.0,2300.0,-51980000.0,0.0,0.0,51980000.0
30/10/2023,16956.141148576,23150.0,-350.0,-0.01511879,17253.6173090773,17253.6173090773,16844.5875883878,76877.0,1766639150.0,0.0,0.0,76877.0,1766639150.0,7800.0,0.0,0.0,-7800.0,176905000.0,0.0,0.0,-176905000.0
27/10/2023,17216.4327890147,22600.0,550.0,0.02433628,16881.7721084505,17216.4327890147,16361.1888275732,111881.0,2522376550.0,0.0,0.0,111881.0,2522376550.0,15700.0,-15500.0,0.0,-200.0,350675000.0,-346075000.0,0.0,-4600000.0
26/10/2023,16807.4030683253,24200.0,-1600.0,-0.0661157,17848.5696300799,17848.5696300799,16770.2185482626,283859.0,6502482600.0,0.0,0.0,283859.0,6502482600.0,100.0,0.0,0.0,-100.0,2395000.0,0.0,0.0,-2395000.0
25/10/2023,17997.3077103306,24700.0,-500.0,-0.02024291,18369.1529109572,18443.5219510826,17997.3077103306,139262.0,3412274600.0,0.0,0.0,139262.0,3412274600.0,1300.0,0.0,0.0,-1300.0,31725000.0,0.0,0.0,-31725000.0
24/10/2023,18369.1529109572,23800.0,900.0,0.03781513,17513.908949516,18480.7064711453,17513.908949516,112000.0,2705230000.0,0.0,0.0,112000.0,2705230000.0,-11500.0,15500.0,0.0,-4000.0,-283060000.0,378595000.0,0.0,-95535000.0
23/10/2023,17699.8315498293,24000.0,-200.0,-0.00833333,17885.7541501427,18146.0457905813,17551.0934695786,85413.0,2036821650.0,0.0,0.0,85413.0,2036821650.0,1300.0,0.0,0.0,-1300.0,31140000.0,35000.0,0.0,-31175000.0
20/10/2023,17848.5696300799,23800.0,200.0,0.00840336,17885.7541501427,17997.3077103306,17253.6173090773,224220.0,5339273100.0,0.0,0.0,224220.0,5339273100.0,10200.0,0.0,0.0,-10200.0,240355000.0,-15000.0,0.0,-240340000.0
19/10/2023,17699.8315498293,23300.0,500.0,0.02145923,17365.1708692652,17848.5696300799,17253.6173090773,186020.0,4391325000.0,0.0,0.0,186020.0,4391325000.0,-3400.0,0.0,0.0,3400.0,-79485000.0,0.0,0.0,79485000.0
18/10/2023,17327.9863492026,23650.0,-350.0,-0.01479915,17699.8315498293,17922.9386702053,17216.4327890147,440973.0,10431543300.0,0.0,0.0,440973.0,10431543300.0,92500.0,-93400.0,0.0,900.0,2206965000.0,-2228610000.0,0.0,21645000.0
17/10/2023,17588.2779896412,25300.0,-1650.0,-0.06521739,18815.3671517094,19075.658792148,17588.2779896412,201500.0,4978675000.0,0.0,0.0,201500.0,4978675000.0,-1000.0,0.0,0.0,1000.0,-25235000.0,0.0,0.0,25235000.0
16/10/2023,18815.3671517094,26000.0,-700.0,-0.02692308,19707.7956332133,19707.7956332133,18666.6290714586,253571.0,6523039300.0,0.0,0.0,253571.0,6523039300.0,13400.0,0.0,0.0,-13400.0,346325000.0,0.0,0.0,-346325000.0
13/10/2023,19335.9504325866,25800.0,200.0,0.00775194,18815.3671517094,19484.6885128372,18778.1826316466,339703.0,8743031250.0,0.0,0.0,339703.0,8743031250.0,3700.0,0.0,0.0,-3700.0,93510000.0,0.0,0.0,-93510000.0
12/10/2023,19187.2123523359,25300.0,500.0,0.01976285,19001.2897520225,19670.6111131506,18889.7361918346,379998.0,9843899100.0,0.0,0.0,379998.0,9843899100.0,3700.0,-2000.0,0.0,-1700.0,96345000.0,-52000000.0,0.0,-44345000.0
11/10/2023,18815.3671517094,24900.0,400.0,0.01606426,18517.8909912079,18815.3671517094,18146.0457905813,205111.0,5069719850.0,0.0,0.0,205111.0,5069719850.0,2800.0,0.0,0.0,-2800.0,69265000.0,0.0,0.0,-69265000.0
10/10/2023,18517.8909912079,25500.0,-600.0,-0.02352941,19038.4742720852,19112.8433122107,18517.8909912079,151061.0,3800666850.0,0.0,0.0,151061.0,3800666850.0,2800.0,0.0,0.0,-2800.0,70620000.0,0.0,0.0,-70620000.0
09/10/2023,18964.1052319599,25000.0,500.0,0.02,18703.8135915212,19001.2897520225,18480.7064711453,349801.0,8844741850.0,0.0,0.0,349801.0,8844741850.0,-7800.0,8500.0,0.0,-700.0,-197585000.0,215265000.0,0.0,-17680000.0
06/10/2023,18592.2600313333,24800.0,200.0,0.00806452,18555.0755112705,18740.9981115839,17997.3077103306,274053.0,6818629400.0,0.0,0.0,274053.0,6818629400.0,7000.0,-300.0,0.0,-6700.0,171940000.0,-7325000.0,0.0,-164615000.0
05/10/2023,18443.5219510826,23200.0,1600.0,0.06896552,17365.1708692652,18443.5219510826,17365.1708692652,1117703.0,27395934300.0,0.0,0.0,1117703.0,27395934300.0,2700.0,-200.0,0.0,-2500.0,62990000.0,-4950000.0,0.0,-58040000.0
04/10/2023,17253.6173090773,23100.0,100.0,0.004329,17179.2482689519,17774.2005899545,17142.0637488892,98600.0,2289060000.0,0.0,0.0,98600.0,2289060000.0,2600.0,100.0,0.0,-2700.0,60995000.0,2350000.0,0.0,-63345000.0
03/10/2023,17179.2482689519,24000.0,-900.0,-0.0375,17848.5696300799,17885.7541501427,17104.8792288266,200200.0,4710640000.0,0.0,0.0,200200.0,4710640000.0,6100.0,0.0,0.0,-6100.0,143540000.0,0.0,0.0,-143540000.0
02/10/2023,17848.5696300799,23250.0,750.0,0.03225806,16844.5875883878,17848.5696300799,16844.5875883878,430770.0,10220564950.0,0.0,0.0,430770.0,10220564950.0,-2800.0,200.0,0.0,2600.0,-66960000.0,4790000.0,0.0,62170000.0
29/09/2023,17290.8018291399,23300.0,-50.0,-0.00214592,17476.7244294532,17513.908949516,17030.5101887013,117100.0,2714520000.0,0.0,0.0,117100.0,2714520000.0,6600.0,-2500.0,0.0,-4100.0,151785000.0,-57550000.0,0.0,-94235000.0
28/09/2023,17327.9863492026,23100.0,200.0,0.00865801,17179.2482689519,17476.7244294532,16770.2185482626,70903.0,1638589000.0,0.0,0.0,70903.0,1638589000.0,8300.0,0.0,0.0,-8300.0,191310000.0,0.0,0.0,-191310000.0
27/09/2023,17179.2482689519,22850.0,250.0,0.01094092,16621.480468012,17179.2482689519,16509.9269078239,130000.0,2946155000.0,0.0,0.0,130000.0,2946155000.0,7400.0,0.0,0.0,-7400.0,165530000.0,0.0,0.0,-165530000.0
26/09/2023,16993.3256686386,22500.0,350.0,0.01555556,16547.1114278865,17476.7244294532,16547.1114278865,164134.0,3717973400.0,0.0,0.0,164134.0,3717973400.0,-13700.0,1000.0,0.0,12700.0,-309475000.0,22645000.0,0.0,286830000.0
25/09/2023,16733.0340282,24000.0,-1500.0,-0.0625,17848.5696300799,18146.0457905813,16733.0340282,255478.0,6000592700.0,0.0,0.0,255478.0,6000592700.0,5700.0,0.0,0.0,-5700.0,138020000.0,0.0,0.0,-138020000.0
22/09/2023,17848.5696300799,24700.0,-700.0,-0.02834008,17848.5696300799,18517.8909912079,17476.7244294532,265029.0,6396547800.0,0.0,0.0,265029.0,6396547800.0,-1300.0,-5100.0,0.0,6400.0,-30005000.0,-124815000.0,0.0,154820000.0
21/09/2023,18369.1529109572,25000.0,-300.0,-0.012,19038.4742720852,19038.4742720852,18369.1529109572,222756.0,5582296700.0,0.0,0.0,222756.0,5582296700.0,14700.0,400.0,0.0,-15100.0,366075000.0,10000000.0,0.0,-376075000.0
20/09/2023,18592.2600313333,24000.0,1000.0,0.04166667,18220.4148307066,18740.9981115839,18071.6767504558,703234.0,17461814850.0,0.0,0.0,703234.0,17461814850.0,16900.0,-7000.0,0.0,-9900.0,410265000.0,-172330000.0,0.0,-237935000.0
19/09/2023,17848.5696300799,23400.0,600.0,0.02564103,17142.0637488892,17922.9386702053,17142.0637488892,327160.0,7749096950.0,1100000.0,23980000000.0,1427160.0,31729096950.0,8300.0,6100.0,0.0,-14400.0,193725000.0,143485000.0,0.0,-337210000.0
18/09/2023,17402.355389328,23050.0,350.0,0.01518438,17142.0637488892,17513.908949516,17067.6947087639,120305.0,2801186900.0,0.0,0.0,120305.0,2801186900.0,-400.0,-3600.0,0.0,4000.0,-7880000.0,-84240000.0,0.0,92120000.0
15/09/2023,17142.0637488892,23400.0,-350.0,-0.01495726,17402.355389328,17625.462509704,17067.6947087639,194047.0,4528034800.0,0.0,0.0,194047.0,4528034800.0,58300.0,-58600.0,0.0,300.0,1363430000.0,-1370390000.0,0.0,6960000.0
14/09/2023,17402.355389328,23450.0,-50.0,-0.0021322,17439.5399093905,17551.0934695786,17104.8792288266,305100.0,7125455000.0,0.0,0.0,305100.0,7125455000.0,163800.0,-159000.0,0.0,-4800.0,3827335000.0,-3715270000.0,0.0,-112065000.0
13/09/2023,17439.5399093905,22800.0,650.0,0.02850877,17476.7244294532,17848.5696300799,16844.5875883878,884010.0,20770659950.0,400000.0,8520000000.0,1284010.0,29290659950.0,102600.0,-109700.0,0.0,7100.0,2399840000.0,-2568985000.0,0.0,169145000.0
12/09/2023,16956.141148576,22350.0,450.0,0.02013423,16695.8495081373,17104.8792288266,16658.6649880746,110600.0,2503445000.0,0.0,0.0,110600.0,2503445000.0,19500.0,-25000.0,0.0,5500.0,435055000.0,-560580000.0,0.0,125525000.0
11/09/2023,16621.480468012,23250.0,-900.0,-0.0387,17476.7244294532,17513.908949516,16621.480468012,186446.0,4298241850.0,0.0,0.0,186446.0,4298241850.0,26900.0,-21700.0,0.0,-5200.0,616070000.0,-496045000.0,0.0,-120025000.0
08/09/2023,17290.8018291399,22400.0,850.0,0.03794643,16658.6649880746,17290.8018291399,16509.9269078239,465594.0,10680183750.0,0.0,0.0,465594.0,10680183750.0,5350.0,19000.0,0.0,-24350.0,117284900.0,435800000.0,0.0,-553084900.0
07/09/2023,16658.6649880746,22600.0,-200.0,-0.00884956,17030.5101887013,17030.5101887013,16621.480468012,97311.0,2189383100.0,0.0,0.0,97311.0,2189383100.0,17200.0,0.0,0.0,-17200.0,387170000.0,0.0,0.0,-387170000.0
06/09/2023,16807.4030683253,21750.0,850.0,0.03908046,16138.0817071972,16956.141148576,15989.3436269467,299642.0,6658798200.0,0.0,0.0,299642.0,6658798200.0,9600.0,-14000.0,0.0,4400.0,221410000.0,-320470000.0,0.0,99060000.0
05/09/2023,16175.2662272599,21700.0,50.0,0.00230415,16361.1888275732,16361.1888275732,15989.3436269467,88836.0,1926998000.0,0.0,0.0,88836.0,1926998000.0,200.0,-200.0,0.0,0.0,4330000.0,-4330000.0,0.0,0.0
31/08/2023,16138.0817071972,21800.0,-100.0,-0.00458716,16212.4507473226,16286.819787448,16100.8971871346,96110.0,2094608450.0,0.0,0.0,96110.0,2094608450.0,2700.0,-5000.0,0.0,2300.0,58325000.0,-108520000.0,0.0,50195000.0
30/08/2023,16212.4507473226,21800.0,0.0,0.0,16249.6352673852,16286.819787448,16138.0817071972,149722.0,3263614150.0,0.0,0.0,149722.0,3263614150.0,-6100.0,0.0,0.0,6100.0,-133165000.0,0.0,0.0,133165000.0
29/08/2023,16212.4507473226,21500.0,300.0,0.01395349,15989.3436269467,16435.5578676986,15766.2365065706,258003.0,5565049500.0,0.0,0.0,258003.0,5565049500.0,-8700.0,5000.0,0.0,3700.0,-187140000.0,107840000.0,0.0,79300000.0
28/08/2023,15989.3436269467,21300.0,200.0,0.00938967,15617.4984263199,15989.3436269467,15617.4984263199,131703.0,2807679050.0,0.0,0.0,131703.0,2807679050.0,-5000.0,0.0,0.0,5000.0,-106625000.0,0.0,0.0,106625000.0
25/08/2023,15840.6055466959,21200.0,100.0,0.00471698,15840.6055466959,15914.9745868212,15729.051986508,48903.0,1042000200.0,0.0,0.0,48903.0,1042000200.0,-400.0,0.0,0.0,400.0,-8520000.0,0.0,0.0,8520000.0
24/08/2023,15766.2365065706,20700.0,500.0,0.02415459,15320.0222658186,15766.2365065706,15320.0222658186,101039.0,2114852300.0,0.0,0.0,101039.0,2114852300.0,-2700.0,0.0,0.0,2700.0,-56700000.0,0.0,0.0,56700000.0
23/08/2023,15394.391305944,20600.0,100.0,0.00485437,15394.391305944,15543.1293861946,15245.6532256933,77812.0,1604252000.0,0.0,0.0,77812.0,1604252000.0,-100.0,0.0,0.0,100.0,-2070000.0,0.0,0.0,2070000.0
22/08/2023,15320.0222658186,20500.0,100.0,0.00487805,15245.6532256933,15617.4984263199,14948.1770651919,180701.0,3693300500.0,0.0,0.0,180701.0,3693300500.0,2300.0,0.0,0.0,-2300.0,45255000.0,0.0,0.0,-45255000.0
21/08/2023,15245.6532256933,20600.0,-100.0,-0.00485437,15357.2067858812,15505.944866132,15022.5461053173,123520.0,2527599000.0,0.0,0.0,123520.0,2527599000.0,200.0,0.0,0.0,-200.0,4280000.0,0.0,0.0,-4280000.0
18/08/2023,15320.0222658186,22100.0,-1500.0,-0.0679,16398.3733476359,16398.3733476359,15320.0222658186,404027.0,8497326250.0,0.0,0.0,404027.0,8497326250.0,30000.0,-26000.0,0.0,-4000.0,642215000.0,-555435000.0,0.0,-86780000.0
17/08/2023,16435.5578676986,22500.0,-400.0,-0.01777778,16733.0340282,16733.0340282,16435.5578676986,128605.0,2862694400.0,0.0,0.0,128605.0,2862694400.0,1500.0,0.0,0.0,-1500.0,33660000.0,0.0,0.0,-33660000.0
16/08/2023,16733.0340282,22750.0,-250.0,-0.01098901,16956.141148576,16956.141148576,16547.1114278865,63509.0,1434035700.0,0.0,0.0,63509.0,1434035700.0,999.0,901.0,0.0,-1900.0,22739550.0,20200450.0,0.0,-42940000.0
15/08/2023,16918.9566285134,22200.0,550.0,0.02477477,16695.8495081373,16956.141148576,16584.2959479493,167800.0,3794800000.0,0.0,0.0,167800.0,3794800000.0,23800.0,-22500.0,0.0,-1300.0,541160000.0,-511780000.0,0.0,-29380000.0
14/08/2023,16509.9269078239,22150.0,50.0,0.00225734,16881.7721084505,16881.7721084505,16509.9269078239,117001.0,2618542850.0,0.0,0.0,117001.0,2618542850.0,-15600.0,4000.0,0.0,11600.0,-348040000.0,88900000.0,0.0,259140000.0
11/08/2023,16472.7423877613,22550.0,-400.0,-0.01773836,16770.2185482626,16770.2185482626,16398.3733476359,206400.0,4594625000.0,0.0,0.0,206400.0,4594625000.0,8500.0,0.0,0.0,-8500.0,189665000.0,0.0,0.0,-189665000.0
10/08/2023,16770.2185482626,22700.0,-150.0,-0.00660793,16918.9566285134,16956.141148576,16770.2185482626,116316.0,2634834800.0,0.0,0.0,116316.0,2634834800.0,31200.0,-31700.0,0.0,500.0,706815001.0,-718190000.0,0.0,11375000.0
09/08/2023,16881.7721084505,22700.0,0.0,0.0,16844.5875883878,16956.141148576,16733.0340282,149833.0,3396265350.0,0.0,0.0,149833.0,3396265350.0,-6300.0,0.0,0.0,6300.0,-143060000.0,0.0,0.0,143060000.0
08/08/2023,16881.7721084505,22800.0,-100.0,-0.00438596,16956.141148576,17030.5101887013,16844.5875883878,168563.0,3830920100.0,0.0,0.0,168563.0,3830920100.0,-1800.0,0.0,0.0,1800.0,-41050000.0,0.0,0.0,41050000.0
04/08/2023,16881.7721084505,22450.0,250.0,0.01113586,16807.4030683253,16881.7721084505,16621.480468012,70403.0,1588577500.0,0.0,0.0,70403.0,1588577500.0,100.0,0.0,0.0,-100.0,2270000.0,0.0,0.0,-2270000.0
03/08/2023,16695.8495081373,22600.0,-150.0,-0.00663717,17030.5101887013,17030.5101887013,16621.480468012,250463.0,5660065200.0,0.0,0.0,250463.0,5660065200.0,17800.0,-20000.0,0.0,2200.0,401855000.0,-452000000.0,0.0,50145000.0
02/08/2023,16807.4030683253,22700.0,-100.0,-0.00440529,16881.7721084505,16956.141148576,16770.2185482626,87203.0,1976903100.0,0.0,0.0,87203.0,1976903100.0,-5500.0,0.0,0.0,5500.0,-124920000.0,0.0,0.0,124920000.0
01/08/2023,16881.7721084505,22800.0,-100.0,-0.00438596,17104.8792288266,17476.7244294532,16733.0340282,427184.0,9821485750.0,0.0,0.0,427184.0,9821485750.0,-31000.0,31000.0,0.0,0.0,-721980000.0,721720000.0,0.0,260000.0
31/07/2023,16956.141148576,23000.0,-200.0,-0.00869565,17104.8792288266,17104.8792288266,16844.5875883878,112800.0,2572790000.0,0.0,0.0,112800.0,2572790000.0,8100.0,-3800.0,0.0,-4300.0,184960000.0,-86870000.0,0.0,-98090000.0
28/07/2023,17104.8792288266,22550.0,450.0,0.02,16807.4030683253,17402.355389328,16733.0340282,256002.0,5865011000.0,0.0,0.0,256002.0,5865011000.0,13400.0,0.0,0.0,-13400.0,306875000.0,0.0,0.0,-306875000.0
27/07/2023,16770.2185482626,22650.0,-100.0,-0.00441501,16881.7721084505,17067.6947087639,16621.480468012,193635.0,4379151000.0,0.0,0.0,193635.0,4379151000.0,11000.0,-5000.0,0.0,-6000.0,250310000.0,-113250000.0,0.0,-137060000.0
26/07/2023,16844.5875883878,22800.0,-150.0,-0.00657895,16956.141148576,17253.6173090773,16844.5875883878,161623.0,3694698550.0,0.0,0.0,161623.0,3694698550.0,12100.0,-10000.0,0.0,-2100.0,276520000.0,-228250000.0,0.0,-48270000.0
25/07/2023,16956.141148576,23650.0,-850.0,-0.0359408,17662.6470297666,17662.6470297666,16956.141148576,328800.0,7596260000.0,0.0,0.0,328800.0,7596260000.0,-5500.0,2500.0,0.0,3000.0,-125020000.0,57250000.0,0.0,67770000.0
24/07/2023,17588.2779896412,23550.0,100.0,0.00424628,17551.0934695786,17699.8315498293,17513.908949516,161206.0,3810800650.0,0.0,0.0,161206.0,3810800650.0,-35456.0,-1100.0,0.0,36556.0,-837173700.0,-25965000.0,0.0,863138700.0
21/07/2023,17513.908949516,22750.0,800.0,0.03516484,16807.4030683253,17551.0934695786,16733.0340282,658992.0,15180716650.0,0.0,0.0,658992.0,15180716650.0,20002.0,-25000.0,0.0,4998.0,468580950.0,-585480000.0,0.0,116899050.0
20/07/2023,16918.9566285134,23000.0,-250.0,-0.01086957,17030.5101887013,17030.5101887013,16770.2185482626,121801.0,2763772700.0,0.0,0.0,121801.0,2763772700.0,1000.0,0.0,0.0,-1000.0,22790000.0,0.0,0.0,-22790000.0
19/07/2023,17104.8792288266,22600.0,400.0,0.01769912,16807.4030683253,17551.0934695786,16807.4030683253,382605.0,8886116500.0,0.0,0.0,382605.0,8886116500.0,1900.0,4300.0,0.0,-6200.0,46665000.0,96515000.0,0.0,-143180000.0
18/07/2023,16807.4030683253,23000.0,-400.0,-0.0173913,16956.141148576,17104.8792288266,16658.6649880746,92900.0,2106930000.0,0.0,0.0,92900.0,2106930000.0,200.0,0.0,0.0,-200.0,5535000.0,0.0,0.0,-5535000.0
17/07/2023,17104.8792288266,23000.0,0.0,0.0,17439.5399093905,17439.5399093905,16956.141148576,172352.0,3964357350.0,0.0,0.0,172352.0,3964357350.0,-4800.0,-300.0,0.0,5100.0,-110835000.0,-6900000.0,0.0,117735000.0
14/07/2023,17104.8792288266,22650.0,350.0,0.01545254,16956.141148576,17365.1708692652,16844.5875883878,261517.0,6008266400.0,0.0,0.0,261517.0,6008266400.0,-5100.0,1800.0,0.0,3300.0,-117615000.0,41950000.0,0.0,75665000.0
13/07/2023,16844.5875883878,22400.0,250.0,0.01116071,16658.6649880746,16956.141148576,16509.9269078239,246601.0,5530167300.0,0.0,0.0,246601.0,5530167300.0,-4400.0,2800.0,0.0,1600.0,-98290000.0,62660000.0,0.0,35630000.0
12/07/2023,16658.6649880746,22550.0,-150.0,-0.00665188,16770.2185482626,16881.7721084505,16509.9269078239,113003.0,2522432500.0,0.0,0.0,113003.0,2522432500.0,-3200.0,1000.0,0.0,2200.0,-71455000.0,22250000.0,0.0,49205000.0
11/07/2023,16770.2185482626,22900.0,-350.0,-0.01528384,17030.5101887013,17365.1708692652,16658.6649880746,264719.0,6039949200.0,0.0,0.0,264719.0,6039949200.0,20400.0,-21200.0,0.0,800.0,471700000.0,-490020000.0,0.0,18320000.0
10/07/2023,17030.5101887013,22600.0,300.0,0.01327434,17104.8792288266,17402.355389328,16807.4030683253,255803.0,5842358550.0,0.0,0.0,255803.0,5842358550.0,-2000.0,3000.0,0.0,-1000.0,-45090000.0,68510000.0,0.0,-23420000.0
07/07/2023,16807.4030683253,21500.0,1100.0,0.05116279,15952.1591068839,17067.6947087639,15840.6055466959,680749.0,15188292650.0,0.0,0.0,680749.0,15188292650.0,220.0,-8300.0,0.0,8080.0,9201000.0,-191060000.0,0.0,181859000.0
06/07/2023,15989.3436269467,21500.0,0.0,0.0,15840.6055466959,16063.7126670719,15803.4210266333,100554.0,2152811000.0,0.0,0.0,100554.0,2152811000.0,3500.0,0.0,0.0,-3500.0,74865000.0,0.0,0.0,-74865000.0
05/07/2023,15989.3436269467,21400.0,100.0,0.0046729,15952.1591068839,16212.4507473226,15952.1591068839,149018.0,3227950500.0,0.0,0.0,149018.0,3227950500.0,-10100.0,-1200.0,0.0,11300.0,-219610000.0,-25760000.0,0.0,245370000.0
04/07/2023,15914.9745868212,21050.0,350.0,0.01662708,15654.6829463825,15952.1591068839,15654.6829463825,100600.0,2140635000.0,233000.0,4904650000.0,333600.0,7045285000.0,-3100.0,-100.0,0.0,3200.0,-66005000.0,-2125000.0,0.0,68130000.0
03/07/2023,15654.6829463825,21500.0,-450.0,-0.02093023,16026.5281470094,16138.0817071972,15617.4984263199,252632.0,5355921200.0,0.0,0.0,252632.0,5355921200.0,19000.0,500.0,0.0,-19500.0,402110000.0,10600000.0,0.0,-412710000.0
29/06/2023,15914.9745868212,22050.0,-650.0,-0.02947846,16286.819787448,16286.819787448,15914.9745868212,160005.0,3448497500.0,0.0,0.0,160005.0,3448497500.0,1000.0,0.0,0.0,-1000.0,21600000.0,0.0,0.0,-21600000.0
28/06/2023,16398.3733476359,21900.0,150.0,0.00684932,16361.1888275732,16658.6649880746,16286.819787448,160502.0,3544798800.0,0.0,0.0,160502.0,3544798800.0,11700.0,-11700.0,0.0,0.0,257520000.0,-257520000.0,0.0,0.0
27/06/2023,16286.819787448,21650.0,250.0,0.01154734,15989.3436269467,16286.819787448,15989.3436269467,98451.0,2138330800.0,0.0,0.0,98451.0,2138330800.0,-300.0,0.0,0.0,300.0,-6355000.0,0.0,0.0,6355000.0
26/06/2023,16100.8971871346,21650.0,0.0,0.0,15952.1591068839,16286.819787448,15766.2365065706,144901.0,3103366400.0,0.0,0.0,144901.0,3103366400.0,8000.0,-1900.0,0.0,-6100.0,170890000.0,-39670000.0,0.0,-131220000.0
22/06/2023,16286.819787448,21700.0,200.0,0.00921659,16286.819787448,16435.5578676986,16100.8971871346,127310.0,2780625900.0,0.0,0.0,127310.0,2780625900.0,-4940.0,3240.0,0.0,1700.0,-107579299.0,70599300.0,0.0,36980000.0
21/06/2023,16138.0817071972,21250.0,450.0,0.02117647,15840.6055466959,16212.4507473226,15766.2365065706,119703.0,2578224500.0,2200000.0,43780000000.0,2319703.0,46358224500.0,-8600.0,0.0,0.0,8600.0,-185300000.0,0.0,0.0,185300000.0
20/06/2023,15803.4210266333,21050.0,200.0,0.00950119,15357.2067858812,15952.1591068839,15357.2067858812,82240.0,1729505200.0,0.0,0.0,82240.0,1729505200.0,-20.0,0.0,0.0,20.0,-771000.0,0.0,0.0,771000.0
19/06/2023,15654.6829463825,21850.0,-800.0,-0.03661327,16100.8971871346,16212.4507473226,15505.944866132,154016.0,3266185800.0,0.0,0.0,154016.0,3266185800.0,-5700.0,500.0,0.0,5200.0,-120165000.0,10525000.0,0.0,109640000.0
16/06/2023,16249.6352673852,22100.0,-250.0,-0.01131222,16472.7423877613,16658.6649880746,16212.4507473226,232743.0,5137308000.0,0.0,0.0,232743.0,5137308000.0,36100.0,-40600.0,0.0,4500.0,793210000.0,-893300000.0,0.0,100090000.0
15/06/2023,16435.5578676986,22200.0,-100.0,-0.0045045,16584.2959479493,16584.2959479493,16026.5281470094,175701.0,3855237000.0,0.0,0.0,175701.0,3855237000.0,-3400.0,4900.0,0.0,-1500.0,-75200000.0,108310000.0,0.0,-33110000.0
14/06/2023,16509.9269078239,22950.0,-750.0,-0.03267974,17067.6947087639,17104.8792288266,16509.9269078239,222419.0,5018752600.0,0.0,0.0,222419.0,5018752600.0,-900.0,0.0,0.0,900.0,-20360000.0,0.0,0.0,20360000.0
13/06/2023,17067.6947087639,22900.0,50.0,0.00218341,17253.6173090773,17327.9863492026,16956.141148576,194054.0,4454529100.0,0.0,0.0,194054.0,4454529100.0,2700.0,-3100.0,0.0,400.0,62315000.0,-71515000.0,0.0,9200000.0
12/06/2023,17030.5101887013,22350.0,550.0,0.0246085,16695.8495081373,17030.5101887013,16361.1888275732,232215.0,5232394300.0,5173145.0,118465020500.0,5405360.0,123697414800.0,-14080.0,12600.0,0.0,1480.0,-321660950.0,288830000.0,0.0,32830950.0
09/06/2023,16621.480468012,22750.0,-400.0,-0.01758242,16993.3256686386,17476.7244294532,16361.1888275732,331952.0,7543108700.0,0.0,0.0,331952.0,7543108700.0,44500.0,-40600.0,0.0,-3900.0,1006335000.0,-919780000.0,0.0,-86555000.0
08/06/2023,16918.9566285134,21300.0,1450.0,0.06807512,15877.7900667586,16918.9566285134,15877.7900667586,500176.0,11212376800.0,0.0,0.0,500176.0,11212376800.0,46860.0,-33000.0,0.0,-13860.0,1043658000.0,-722525000.0,0.0,-321133000.0
07/06/2023,15840.6055466959,21200.0,100.0,0.00471698,15729.051986508,16063.7126670719,15543.1293861946,273623.0,5804424950.0,0.0,0.0,273623.0,5804424950.0,-19100.0,15000.0,0.0,4100.0,-409695000.0,322500000.0,0.0,87195000.0
06/06/2023,15766.2365065706,21000.0,200.0,0.00952381,15431.5758260066,15989.3436269467,15431.5758260066,150610.0,3189590500.0,0.0,0.0,150610.0,3189590500.0,-6200.0,0.0,0.0,6200.0,-131455000.0,0.0,0.0,131455000.0
05/06/2023,15617.4984263199,21500.0,-500.0,-0.02325581,16212.4507473226,16212.4507473226,15617.4984263199,142631.0,3024760300.0,0.0,0.0,142631.0,3024760300.0,-700.0,0.0,0.0,700.0,-14775000.0,0.0,0.0,14775000.0
02/06/2023,15989.3436269467,21550.0,-50.0,-0.00232019,16212.4507473226,16286.819787448,15840.6055466959,205105.0,4422850250.0,0.0,0.0,205105.0,4422850250.0,-100.0,-700.0,0.0,800.0,-2450000.0,-14910000.0,0.0,17360000.0
01/06/2023,16026.5281470094,21300.0,250.0,0.01173709,15989.3436269467,16138.0817071972,15617.4984263199,143501.0,3066461300.0,0.0,0.0,143501.0,3066461300.0,-15900.0,0.0,0.0,15900.0,-339575000.0,0.0,0.0,339575000.0
31/05/2023,15840.6055466959,20800.0,500.0,0.02403846,15468.7603460693,16138.0817071972,15245.6532256933,361945.0,7714377500.0,0.0,0.0,361945.0,7714377500.0,38700.0,-40500.0,0.0,1800.0,825150000.0,-862425000.0,0.0,37275000.0
30/05/2023,15468.7603460693,21050.0,-250.0,-0.01187648,15654.6829463825,15691.8674664453,15394.391305944,111545.0,2328363050.0,0.0,0.0,111545.0,2328363050.0,-600.0,0.0,0.0,600.0,-12560000.0,0.0,0.0,12560000.0
29/05/2023,15654.6829463825,20550.0,500.0,0.0243309,15543.1293861946,15691.8674664453,15245.6532256933,243185.0,5074458950.0,0.0,0.0,243185.0,5074458950.0,0.0,0.0,0.0,0.0,25000.0,0.0,0.0,-25000.0
25/05/2023,15394.391305944,20300.0,400.0,0.01970443,15059.7306253799,15617.4984263199,15022.5461053173,267900.0,5552100000.0,0.0,0.0,267900.0,5552100000.0,0.0,0.0,0.0,0.0,60000.0,-60000.0,0.0,0.0
24/05/2023,15096.9151454427,19900.0,400.0,0.0201005,14799.4389849413,15245.6532256933,14725.0699448159,170457.0,3447627900.0,0.0,0.0,170457.0,3447627900.0,100.0,-100.0,0.0,0.0,2030000.0,-2030000.0,0.0,0.0
23/05/2023,14799.4389849413,20100.0,-200.0,-0.00995025,14873.8080250666,14873.8080250666,14725.0699448159,92300.0,1838690000.0,0.0,0.0,92300.0,1838690000.0,-200.0,0.0,0.0,200.0,-3970000.0,0.0,0.0,3970000.0
22/05/2023,14948.1770651919,20100.0,0.0,0.0,15208.4687056306,15208.4687056306,14613.516384628,131478.0,2626474600.0,0.0,0.0,131478.0,2626474600.0,-1.0,0.0,0.0,1.0,-20000.0,0.0,0.0,20000.0
18/05/2023,14725.0699448159,19400.0,400.0,0.02061856,14539.1473445026,14873.8080250666,14539.1473445026,68120.0,1351282000.0,0.0,0.0,68120.0,1351282000.0,200.0,500.0,0.0,-700.0,4100000.0,9900000.0,0.0,-14000000.0
17/05/2023,14427.6532795467,20000.0,-400.0,-0.02,14722.0951832109,14906.1213730011,14390.8480415888,190600.0,3777430000.0,0.0,0.0,190600.0,3777430000.0,-1500.0,0.0,0.0,1500.0,-29400000.0,0.0,0.0,29400000.0
12/05/2023,15863.0575599097,21250.0,300.0,0.01411765,15826.2523219517,15936.6680358258,15715.8366080778,143521.0,3085824500.0,0.0,0.0,143521.0,3085824500.0,5020.0,-5000.0,0.0,-20.0,108232850.0,-107800000.0,0.0,-432850.0
10/05/2023,15531.8104182875,21400.0,-300.0,-0.01401869,15752.6418460357,15752.6418460357,15495.0051803295,173250.0,3670402850.0,0.0,0.0,173250.0,3670402850.0,50.0,0.0,0.0,-50.0,1067850.0,0.0,0.0,-1067850.0
09/05/2023,15752.6418460357,21400.0,0.0,0.0,15752.6418460357,16120.694225616,15531.8104182875,202064.0,4327549200.0,0.0,0.0,202064.0,4327549200.0,-700.0,0.0,0.0,700.0,-14980000.0,0.0,0.0,14980000.0
08/05/2023,15752.6418460357,21600.0,-200.0,-0.00925926,16120.694225616,16194.3047015319,15752.6418460357,127500.0,2750745000.0,0.0,0.0,127500.0,2750745000.0,500.0,-500.0,0.0,0.0,10810000.0,-10810000.0,0.0,0.0
05/05/2023,15899.8627978679,21250.0,350.0,0.01647059,15752.6418460357,16415.1361292802,15752.6418460357,150603.0,3280583750.0,0.0,0.0,150603.0,3280583750.0,2700.0,-700.0,0.0,-2000.0,58290000.0,-15240000.0,0.0,-43050000.0
04/05/2023,15642.2261321616,20750.0,500.0,0.02409639,15274.1737525813,15642.2261321616,15090.1475627912,144001.0,3023671200.0,0.0,0.0,144001.0,3023671200.0,-2000.0,2000.0,0.0,0.0,-42500000.0,42500000.0,0.0,0.0
28/04/2023,15274.1737525813,21000.0,-250.0,-0.01190476,15531.8104182875,15752.6418460357,15200.5632766652,122210.0,2556065000.0,0.0,0.0,122210.0,2556065000.0,-90.0,100.0,0.0,-10.0,-1910000.0,2120000.0,0.0,-210000.0
27/04/2023,15458.1999423715,21100.0,-100.0,-0.00473934,15826.2523219517,15826.2523219517,15310.9789905394,80613.0,1698398000.0,0.0,0.0,80613.0,1698398000.0,-400.0,400.0,0.0,0.0,-8490000.0,8490000.0,0.0,0.0
26/04/2023,15531.8104182875,20700.0,400.0,0.01932367,15531.8104182875,15531.8104182875,15053.3423248332,101300.0,2104685000.0,0.0,0.0,101300.0,2104685000.0,1400.0,-1400.0,0.0,0.0,29340000.0,-29340000.0,0.0,0.0
25/04/2023,15237.3685146233,21300.0,-600.0,-0.02816901,15679.0313701196,15679.0313701196,15016.5370868752,92000.0,1902715000.0,0.0,0.0,92000.0,1902715000.0,500.0,-500.0,0.0,0.0,10650000.0,-10650000.0,0.0,0.0
24/04/2023,15679.0313701196,20800.0,500.0,0.02403846,15384.5894664554,15899.8627978679,15384.5894664554,257348.0,5481242400.0,0.0,0.0,257348.0,5481242400.0,-1000.0,1000.0,0.0,0.0,-21325000.0,21325000.0,0.0,0.0
21/04/2023,15310.9789905394,20150.0,650.0,0.03225806,14722.0951832109,15347.7842284975,14464.4585175048,309910.0,6244710000.0,0.0,0.0,309910.0,6244710000.0,-2300.0,2500.0,0.0,-200.0,-45290000.0,49250000.0,0.0,-3960000.0
20/04/2023,14832.5108970851,20600.0,-450.0,-0.02184466,15237.3685146233,15421.3947044135,14758.900421169,93814.0,1909258400.0,0.0,0.0,93814.0,1909258400.0,-700.0,0.0,0.0,700.0,-14530000.0,0.0,0.0,14530000.0
19/04/2023,15163.7580387074,20750.0,-150.0,-0.00722892,15752.6418460357,15752.6418460357,14722.0951832109,152042.0,3183799000.0,0.0,0.0,152042.0,3183799000.0,-390.0,0.0,0.0,390.0,-8239000.0,0.0,0.0,8239000.0
18/04/2023,15274.1737525813,19400.0,1350.0,0.06958763,14280.4323277146,15274.1737525813,14022.7956620084,396597.0,8112933750.0,0.0,0.0,396597.0,8112933750.0,1335.0,-1300.0,0.0,-35.0,27516250.0,-26795000.0,0.0,-721250.0
17/04/2023,14280.4323277146,19300.0,100.0,0.00518135,14206.8218517986,14354.0428036307,14059.6008999664,63913.0,1232105450.0,0.0,0.0,63913.0,1232105450.0,600.0,0.0,0.0,-600.0,11580000.0,0.0,0.0,-11580000.0
12/04/2023,14795.705659127,20000.0,100.0,0.005,15237.3685146233,15384.5894664554,14574.8742313788,202935.0,4122490300.0,0.0,0.0,202935.0,4122490300.0,1300.0,200.0,0.0,-1500.0,27150000.0,4000000.0,0.0,-31150000.0
11/04/2023,14722.0951832109,18700.0,1300.0,0.06951872,14354.0428036307,14722.0951832109,13985.9904240504,435217.0,8527121000.0,0.0,0.0,435217.0,8527121000.0,10150.0,-300.0,0.0,-9850.0,201593000.0,-5830000.0,0.0,-195763000.0
10/04/2023,13765.1589963022,17500.0,1200.0,0.06857143,13102.6647130577,13765.1589963022,12955.4437612256,401756.0,7455921400.0,0.0,0.0,401756.0,7455921400.0,110.0,-100.0,0.0,-10.0,2057000.0,-1870000.0,0.0,-187000.0
06/04/2023,12992.2489991836,17800.0,-150.0,-0.00842697,13139.4699510158,13176.2751889736,12955.4437612256,90422.0,1605125400.0,0.0,0.0,90422.0,1605125400.0,-100.0,0.0,0.0,100.0,-1775000.0,0.0,0.0,1775000.0
03/04/2023,13065.8594750997,17400.0,350.0,0.02011494,12845.0280473515,13102.6647130577,12845.0280473515,190650.0,3366205000.0,0.0,0.0,190650.0,3366205000.0,10200.0,-200.0,0.0,-10000.0,178185000.0,-3510000.0,0.0,-174675000.0
31/03/2023,12808.2228093935,17100.0,300.0,0.01754386,12845.0280473515,12918.6385232676,12513.7809057292,91100.0,1578490000.0,0.0,0.0,91100.0,1578490000.0,0.0,0.0,0.0,0.0,-40000.0,40000.0,0.0,0.0
30/03/2023,12587.3913816454,17100.0,0.0,0.0,12661.0018575614,12808.2228093935,12513.7809057292,49800.0,859560000.0,0.0,0.0,49800.0,859560000.0,800.0,-800.0,0.0,0.0,13860000.0,-13860000.0,0.0,0.0
27/03/2023,12587.3913816454,17000.0,100.0,0.00588235,12513.7809057292,12587.3913816454,12366.5599538971,234200.0,3976905000.0,0.0,0.0,234200.0,3976905000.0,-200.0,0.0,0.0,200.0,-3360000.0,0.0,0.0,3360000.0
23/03/2023,12219.339002065,16250.0,350.0,0.02153846,11961.7023363588,12219.339002065,11924.8970984008,27510.0,449622500.0,0.0,0.0,27510.0,449622500.0,-310.0,0.0,0.0,310.0,-5037500.0,0.0,0.0,5037500.0
21/03/2023,11961.7023363588,16200.0,50.0,0.00308642,11814.4813845268,11961.7023363588,11814.4813845268,4850.0,78155000.0,0.0,0.0,4850.0,78155000.0,100.0,-100.0,0.0,0.0,1610000.0,-1610000.0,0.0,0.0
20/03/2023,11924.8970984008,16300.0,-100.0,-0.00613497,12035.312812275,12182.533764107,11814.4813845268,11700.0,188700000.0,0.0,0.0,11700.0,188700000.0,400.0,-400.0,0.0,0.0,6420000.0,-6420000.0,0.0,0.0
16/03/2023,12072.118050233,16600.0,-200.0,-0.01204819,11998.507574317,12072.118050233,11814.4813845268,45900.0,740850000.0,0.0,0.0,45900.0,740850000.0,-500.0,0.0,0.0,500.0,-8025000.0,0.0,0.0,8025000.0
13/03/2023,12108.9232881909,16500.0,-50.0,-0.0030303,12035.312812275,12292.9494779811,12035.312812275,27213.0,450949500.0,0.0,0.0,27213.0,450949500.0,1000.0,-1000.0,0.0,0.0,16350000.0,-16350000.0,0.0,0.0
07/03/2023,12182.533764107,16550.0,0.0,0.0,12108.9232881909,12182.533764107,12072.118050233,7900.0,129995000.0,0.0,0.0,7900.0,129995000.0,2000.0,-2000.0,0.0,0.0,32900000.0,-32900000.0,0.0,0.0
06/03/2023,12182.533764107,16600.0,-50.0,-0.00301205,12219.339002065,12292.9494779811,12182.533764107,20140.0,334476000.0,0.0,0.0,20140.0,334476000.0,1030.0,-1030.0,0.0,0.0,17080000.0,-17080000.0,0.0,0.0
03/03/2023,12219.339002065,16750.0,-150.0,-0.00895522,12329.7547159392,12366.5599538971,12145.7285261491,6900.0,115335000.0,0.0,0.0,6900.0,115335000.0,100.0,-100.0,0.0,0.0,1675000.0,-1675000.0,0.0,0.0
02/03/2023,12329.7547159392,16800.0,-50.0,-0.00297619,12513.7809057292,12513.7809057292,12182.533764107,8700.0,145718050.0,0.0,0.0,8700.0,145718050.0,900.0,-900.0,0.0,0.0,14925001.0,-14925000.0,0.0,0.0
01/03/2023,12366.5599538971,16750.0,50.0,0.00298507,12292.9494779811,12366.5599538971,12182.533764107,25600.0,428420000.0,0.0,0.0,25600.0,428420000.0,-4100.0,1100.0,0.0,3000.0,-67970000.0,18320000.0,0.0,49650000.0
28/02/2023,12329.7547159392,16650.0,100.0,0.00600601,12035.312812275,12440.1704298133,12035.312812275,14300.0,236600000.0,0.0,0.0,14300.0,236600000.0,-3000.0,3000.0,0.0,0.0,-50515000.0,50515000.0,0.0,0.0
27/02/2023,12256.1442400231,16400.0,250.0,0.0152439,12403.3651918552,12403.3651918552,11851.2866224848,10100.0,164735000.0,0.0,0.0,10100.0,164735000.0,-2100.0,1100.0,0.0,1000.0,-34430000.0,18305000.0,0.0,16125000.0
22/02/2023,12403.3651918552,17200.0,-350.0,-0.02034884,12550.5861436873,12587.3913816454,12366.5599538971,21812.0,369924600.0,0.0,0.0,21812.0,369924600.0,-500.0,0.0,0.0,500.0,-8425000.0,0.0,0.0,8425000.0
21/02/2023,12661.0018575614,17450.0,-250.0,-0.01432665,12881.8332853096,12881.8332853096,12661.0018575614,33510.0,581989500.0,0.0,0.0,33510.0,581989500.0,-1400.0,400.0,0.0,1000.0,-24460000.0,6960000.0,0.0,17500000.0
20/02/2023,12845.0280473515,17300.0,150.0,0.00867052,12808.2228093935,12881.8332853096,12513.7809057292,48400.0,839200000.0,0.0,0.0,48400.0,839200000.0,-300.0,300.0,0.0,0.0,-5135000.0,5135000.0,0.0,0.0
14/02/2023,12145.7285261491,16200.0,300.0,0.01851852,11924.8970984008,12329.7547159392,11851.2866224848,8400.0,136645000.0,0.0,0.0,8400.0,136645000.0,200.0,-200.0,0.0,0.0,3305000.0,-3305000.0,0.0,0.0
13/02/2023,11924.8970984008,16800.0,-600.0,-0.03571429,12366.5599538971,12366.5599538971,11777.6761465687,45400.0,745230000.0,0.0,0.0,45400.0,745230000.0,-3500.0,0.0,0.0,3500.0,-57200000.0,0.0,0.0,57200000.0
08/02/2023,12587.3913816454,17000.0,100.0,0.00588235,12513.7809057292,12734.6123334774,12440.1704298133,49630.0,844145000.0,0.0,0.0,49630.0,844145000.0,-200.0,0.0,0.0,200.0,-3420000.0,0.0,0.0,3420000.0
06/02/2023,12845.0280473515,17650.0,-200.0,-0.01133144,12808.2228093935,12955.4437612256,12587.3913816454,36600.0,637230000.0,0.0,0.0,36600.0,637230000.0,2800.0,-2800.0,0.0,0.0,48015000.0,-48015000.0,0.0,0.0
01/02/2023,13249.8856648899,18000.0,0.0,0.0,13691.5485203861,13691.5485203861,12918.6385232676,147100.0,2679860000.0,0.0,0.0,147100.0,2679860000.0,100.0,-100.0,0.0,0.0,2005000.0,-2005000.0,0.0,0.0
31/01/2023,13249.8856648899,17800.0,200.0,0.01123596,12955.4437612256,13249.8856648899,12881.8332853096,110350.0,1948620000.0,0.0,0.0,110350.0,1948620000.0,0.0,0.0,0.0,0.0,-65000.0,65000.0,0.0,0.0
30/01/2023,13102.6647130577,18000.0,-200.0,-0.01111111,13323.4961408059,13360.3013787639,13102.6647130577,69610.0,1251120500.0,0.0,0.0,69610.0,1251120500.0,1800.0,0.0,0.0,-1800.0,32490000.0,-15000.0,0.0,-32475000.0
27/01/2023,13249.8856648899,18100.0,-100.0,-0.00552486,13323.4961408059,13323.4961408059,13065.8594750997,54410.0,979785450.0,0.0,0.0,54410.0,979785450.0,-100.0,100.0,0.0,0.0,-1800000.0,1800000.0,0.0,0.0
19/01/2023,13323.4961408059,18100.0,0.0,0.0,13249.8856648899,13323.4961408059,13102.6647130577,66580.0,1194072000.0,0.0,0.0,66580.0,1194072000.0,-31600.0,0.0,0.0,31600.0,-567285000.0,0.0,0.0,567285000.0
18/01/2023,13323.4961408059,17750.0,350.0,0.01971831,13102.6647130577,13323.4961408059,13029.0542371417,113620.0,2028826000.0,0.0,0.0,113620.0,2028826000.0,-51800.0,0.0,0.0,51800.0,-924610000.0,0.0,0.0,924610000.0
17/01/2023,13065.8594750997,16950.0,800.0,0.04719764,12513.7809057292,13102.6647130577,12440.1704298133,116700.0,2040135000.0,0.0,0.0,116700.0,2040135000.0,-54000.0,0.0,0.0,54000.0,-944285000.0,0.0,0.0,944285000.0
16/01/2023,12476.9756677713,17000.0,-50.0,-0.00294118,12513.7809057292,12550.5861436873,12403.3651918552,43700.0,740380000.0,0.0,0.0,43700.0,740380000.0,-13500.0,-100.0,0.0,13600.0,-228885000.0,-1685000.0,0.0,230570000.0
13/01/2023,12513.7809057292,17000.0,0.0,0.0,12440.1704298133,12661.0018575614,12440.1704298133,37300.0,635325000.0,0.0,0.0,37300.0,635325000.0,-23200.0,-100.0,0.0,23300.0,-395125000.0,-1705000.0,0.0,396830000.0
06/01/2023,12513.7809057292,17300.0,-300.0,-0.01734104,12734.6123334774,12808.2228093935,12366.5599538971,98750.0,1689840800.0,0.0,0.0,98750.0,1689840800.0,-1500.0,0.0,0.0,1500.0,-25425000.0,0.0,0.0,25425000.0
04/01/2023,13065.8594750997,17600.0,150.0,0.00852273,12918.6385232676,13176.2751889736,12881.8332853096,66028.0,1169354100.0,0.0,0.0,66028.0,1169354100.0,-100.0,100.0,0.0,0.0,-1775000.0,1775000.0,0.0,0.0
03/01/2023,12955.4437612256,17450.0,150.0,0.00859599,12550.5861436873,13029.0542371417,12440.1704298133,163522.0,2812190700.0,0.0,0.0,163522.0,2812190700.0,122.0,-100.0,0.0,-22.0,2085700.0,-1715000.0,0.0,-370700.0
30/12/2022,12845.0280473515,16750.0,700.0,0.04179104,12329.7547159392,12845.0280473515,12035.312812275,100401.0,1718651500.0,0.0,0.0,100401.0,1718651500.0,-46200.0,46200.0,0.0,0.0,-804650000.0,804650000.0,0.0,0.0
29/12/2022,12329.7547159392,16749.0,1.0,5.971e-05,12329.7547159392,12366.5599538971,12219.339002065,26934.0,451668200.0,0.0,0.0,26934.0,451668200.0,-11600.0,0.0,0.0,11600.0,-194800000.0,0.0,0.0,194800000.0
28/12/2022,12329.5486066066,17350.0,200.0,0.01152738,12434.9293639281,12434.9293639281,11978.2794155351,85925.0,1490005000.0,0.0,0.0,85925.0,1490005000.0,-6200.0,6200.0,0.0,0.0,-108840000.0,108840000.0,0.0,0.0
27/12/2022,12189.0409301779,16900.0,450.0,0.02662722,11872.8986582138,12259.2947683923,11591.8833053567,41901.0,712682000.0,0.0,0.0,41901.0,712682000.0,5800.0,-5800.0,0.0,0.0,98010000.0,-98010000.0,0.0,0.0
26/12/2022,11872.8986582138,17550.0,-650.0,-0.03703704,12329.5486066066,12434.9293639281,11872.8986582138,114729.0,1977325250.0,0.0,0.0,114729.0,1977325250.0,-10372.0,10400.0,0.0,-28.0,-181177350.0,181670000.0,0.0,-492650.0
23/12/2022,12329.5486066066,17500.0,50.0,0.00285714,12294.4216874994,12540.3101212495,12224.1678492851,47497.0,834471750.0,0.0,0.0,47497.0,834471750.0,-200.0,600.0,0.0,-400.0,-3470000.0,10510000.0,0.0,-7040000.0
22/12/2022,12294.4216874994,17400.0,100.0,0.00574713,12224.1678492851,12505.1832021423,12048.5332537496,60301.0,1046892400.0,0.0,0.0,60301.0,1046892400.0,-10500.0,10500.0,0.0,0.0,-182875000.0,182875000.0,0.0,0.0
20/12/2022,12224.1678492851,17500.0,-100.0,-0.00571429,12013.4063346423,12575.4370403566,11732.3909817852,193400.0,3335095850.0,0.0,0.0,193400.0,3335095850.0,-5600.0,8500.0,0.0,-2900.0,-97835000.0,147975000.0,0.0,-50140000.0
19/12/2022,12294.4216874994,18800.0,-1300.0,-0.06914894,13207.7215842851,13207.7215842851,12294.4216874994,266499.0,4774704550.0,0.0,0.0,266499.0,4774704550.0,-8800.0,11000.0,0.0,-2200.0,-163690000.0,204500000.0,0.0,-40810000.0
16/12/2022,13207.7215842851,19100.0,-300.0,-0.01570681,13418.483098928,13594.1176944637,12786.1985549994,141550.0,2675610000.0,0.0,0.0,141550.0,2675610000.0,200.0,1500.0,0.0,-1700.0,3655000.0,28480000.0,0.0,-32135000.0
15/12/2022,13418.483098928,17900.0,1200.0,0.06703911,13067.2139078566,13453.6100180352,12996.9600696423,277164.0,5259943600.0,0.0,0.0,277164.0,5259943600.0,3800.0,1100.0,0.0,-4900.0,72575000.0,20740000.0,0.0,-93315000.0
14/12/2022,12575.4370403566,16750.0,1150.0,0.06865672,12048.5332537496,12575.4370403566,11767.5179008923,389670.0,6805337900.0,0.0,0.0,389670.0,6805337900.0,1300.0,-300.0,0.0,-1000.0,22400000.0,-5370000.0,0.0,-17030000.0
13/12/2022,11767.5179008923,16550.0,200.0,0.01208459,11381.1217907137,11767.5179008923,11381.1217907137,34300.0,568205000.0,0.0,0.0,34300.0,568205000.0,1900.0,0.0,0.0,-1900.0,31110000.0,0.0,0.0,-31110000.0
12/12/2022,11627.0102244638,16550.0,0.0,0.0,11872.8986582138,12153.9140110709,11521.6294671424,86700.0,1465945000.0,0.0,0.0,86700.0,1465945000.0,1800.0,0.0,0.0,-1800.0,30180000.0,0.0,0.0,-30180000.0
09/12/2022,11627.0102244638,16050.0,500.0,0.03115265,11732.3909817852,11732.3909817852,11135.2333569638,69450.0,1125542500.0,0.0,0.0,69450.0,1125542500.0,2500.0,-100.0,0.0,-2400.0,40110000.0,-1610000.0,0.0,-38500000.0
08/12/2022,11275.7410333923,16100.0,-50.0,-0.00310559,11310.8679524995,11802.6448199995,11170.3602760709,140476.0,2289874100.0,0.0,0.0,140476.0,2289874100.0,2600.0,0.0,0.0,-2600.0,42455000.0,0.0,0.0,-42455000.0
07/12/2022,11310.8679524995,16750.0,-650.0,-0.03880597,11345.9948716067,11767.5179008923,11170.3602760709,90128.0,1452633150.0,0.0,0.0,90128.0,1452633150.0,12300.0,-10000.0,0.0,-2300.0,197325000.0,-160175000.0,0.0,-37150000.0
06/12/2022,11767.5179008923,18000.0,-1250.0,-0.06944444,12259.2947683923,12505.1832021423,11767.5179008923,118917.0,2056723550.0,0.0,0.0,118917.0,2056723550.0,13400.0,-11500.0,0.0,-1900.0,232580000.0,-199585000.0,0.0,-32995000.0
05/12/2022,12645.6908785709,17500.0,500.0,0.02857143,12364.6755257138,12715.9447167852,12364.6755257138,57660.0,1031474000.0,0.0,0.0,57660.0,1031474000.0,2300.0,0.0,0.0,-2300.0,41050000.0,0.0,0.0,-41050000.0
02/12/2022,12294.4216874994,17500.0,0.0,0.0,12259.2947683923,12715.9447167852,11662.1371435708,154770.0,2698456300.0,0.0,0.0,154770.0,2698456300.0,600.0,1500.0,0.0,-2100.0,5530000.0,30850000.0,0.0,-36380000.0
01/12/2022,12294.4216874994,17500.0,0.0,0.0,12329.5486066066,13067.2139078566,12153.9140110709,153041.0,2753379750.0,0.0,0.0,153041.0,2753379750.0,1600.0,100.0,0.0,-1700.0,28965000.0,1800000.0,0.0,-30765000.0
30/11/2022,12294.4216874994,16700.0,800.0,0.04790419,12013.4063346423,12399.8024448209,11732.3909817852,134365.0,2314820500.0,0.0,0.0,134365.0,2314820500.0,3200.0,-800.0,0.0,-2400.0,54905000.0,-13820000.0,0.0,-41085000.0
29/11/2022,11732.3909817852,16300.0,400.0,0.02453988,11556.7563862496,11732.3909817852,11381.1217907137,151205.0,2482761500.0,0.0,0.0,151205.0,2482761500.0,-4300.0,6300.0,0.0,-2000.0,-72360000.0,105210000.0,0.0,-32850000.0
28/11/2022,11451.3756289281,15750.0,550.0,0.03492063,11381.1217907137,11662.1371435708,11240.6141142852,159180.0,2590810000.0,0.0,0.0,159180.0,2590810000.0,-19300.0,20000.0,0.0,-700.0,-315765000.0,327150000.0,0.0,-11385000.0
25/11/2022,11064.9795187495,15250.0,500.0,0.03278689,10854.2180041066,11100.1064378567,10819.0910849995,58560.0,913513000.0,0.0,0.0,58560.0,913513000.0,-3700.0,0.0,0.0,3700.0,-57555000.0,0.0,0.0,57555000.0
24/11/2022,10713.7103276781,15800.0,-550.0,-0.03481013,10643.4564894638,10959.5987614281,10538.0757321424,30450.0,469060600.0,0.0,0.0,30450.0,469060600.0,-1500.0,0.0,0.0,1500.0,-22810000.0,0.0,0.0,22810000.0
23/11/2022,11100.1064378567,15750.0,50.0,0.0031746,10854.2180041066,11240.6141142852,10748.8372467852,45506.0,711058300.0,0.0,0.0,45506.0,711058300.0,-17200.0,0.0,0.0,17200.0,-267480000.0,0.0,0.0,267480000.0
22/11/2022,11064.9795187495,16450.0,-700.0,-0.04255319,11240.6141142852,11802.6448199995,11064.9795187495,133145.0,2152842750.0,0.0,0.0,133145.0,2152842750.0,1400.0,0.0,0.0,-1400.0,23135000.0,-120000.0,0.0,-23015000.0
21/11/2022,11556.7563862496,15450.0,1000.0,0.06472492,11170.3602760709,11591.8833053567,10889.3449232138,86450.0,1408680000.0,0.0,0.0,86450.0,1408680000.0,2100.0,-300.0,0.0,-1800.0,34440000.0,-4950000.0,0.0,-29490000.0
18/11/2022,10854.2180041066,14450.0,1000.0,0.06920415,10678.5834085709,10854.2180041066,10186.806541071,148061.0,2242199300.0,0.0,0.0,148061.0,2242199300.0,-56100.0,-300.0,0.0,56400.0,-862560001.0,-4470000.0,0.0,867030000.0
17/11/2022,10151.6796219637,13550.0,900.0,0.06642066,9835.5373499994,10151.6796219637,9835.5373499994,116345.0,1670916000.0,0.0,0.0,116345.0,1670916000.0,235.0,-535.0,-35.0,300.0,3251500.0,-7676500.0,-452000.0,4425000.0
16/11/2022,9519.3950780353,12700.0,850.0,0.06692913,8430.4605857139,9519.3950780353,8430.4605857139,96450.0,1248610000.0,0.0,0.0,96450.0,1248610000.0,-21700.0,12900.0,0.0,8800.0,-275190000.0,160725000.0,0.0,114465000.0
15/11/2022,8922.2374532138,13350.0,-650.0,-0.04868914,9238.3797251781,9695.029673571,8781.7297767853,225313.0,2869852200.0,0.0,0.0,225313.0,2869852200.0,-5700.0,-500.0,0.0,6200.0,-73420000.0,-6675000.0,0.0,80095000.0
14/11/2022,9378.8874016067,13900.0,-550.0,-0.03956835,9378.8874016067,9765.2835117852,9168.1258869638,92100.0,1228110000.0,0.0,0.0,92100.0,1228110000.0,-8900.0,0.0,0.0,8900.0,-119280000.0,0.0,0.0,119280000.0
11/11/2022,9765.2835117852,14900.0,-1000.0,-0.06711409,10538.0757321424,10678.5834085709,9765.2835117852,421471.0,5883412150.0,0.0,0.0,421471.0,5883412150.0,-105700.0,100000.0,0.0,5700.0,-1469105000.0,1390000000.0,0.0,79105000.0
10/11/2022,10467.8218939281,16000.0,-1100.0,-0.06875,11240.6141142852,11240.6141142852,10467.8218939281,123150.0,1857736000.0,0.0,0.0,123150.0,1857736000.0,-4700.0,0.0,0.0,4700.0,-71340000.0,0.0,0.0,71340000.0
09/11/2022,11240.6141142852,15950.0,50.0,0.0031348,11205.4871951781,11381.1217907137,10889.3449232138,24905.0,394114750.0,0.0,0.0,24905.0,394114750.0,-100.0,0.0,0.0,100.0,-1615000.0,0.0,0.0,1615000.0
08/11/2022,11205.4871951781,15900.0,50.0,0.00314465,11100.1064378567,11205.4871951781,10678.5834085709,47830.0,737752050.0,0.0,0.0,47830.0,737752050.0,-2400.0,0.0,0.0,2400.0,-37260000.0,0.0,0.0,37260000.0
07/11/2022,11170.3602760709,16500.0,-600.0,-0.03636364,12083.6601728567,12083.6601728567,11064.9795187495,77621.0,1249333600.0,0.0,0.0,77621.0,1249333600.0,-36200.0,0.0,0.0,36200.0,-580495000.0,0.0,0.0,580495000.0
04/11/2022,11591.8833053567,16800.0,-300.0,-0.01785714,11802.6448199995,11802.6448199995,11521.6294671424,92106.0,1518839300.0,0.0,0.0,92106.0,1518839300.0,-35200.0,0.0,0.0,35200.0,-579990000.0,0.0,0.0,579990000.0
03/11/2022,11802.6448199995,17000.0,-200.0,-0.01176471,11908.0255773208,12083.6601728567,11732.3909817852,22613.0,384576000.0,0.0,0.0,22613.0,384576000.0,200.0,0.0,0.0,-200.0,3425000.0,0.0,0.0,-3425000.0
02/11/2022,11943.152496428,17200.0,-200.0,-0.01162791,12083.6601728567,12083.6601728567,11872.8986582138,17547.0,298667300.0,0.0,0.0,17547.0,298667300.0,-1730.0,-50.0,-50.0,1780.0,-29425000.0,-815000.0,-815000.0,30240000.0
01/11/2022,12083.6601728567,17000.0,200.0,0.01176471,11591.8833053567,12083.6601728567,11451.3756289281,40000.0,677230000.0,0.0,0.0,40000.0,677230000.0,-3400.0,-200.0,0.0,3600.0,-57760000.0,-3370000.0,0.0,61130000.0
31/10/2022,11943.152496428,17200.0,-200.0,-0.01162791,12083.6601728567,12083.6601728567,11662.1371435708,28200.0,474425000.0,0.0,0.0,28200.0,474425000.0,-400.0,0.0,0.0,400.0,-6670000.0,0.0,0.0,6670000.0
28/10/2022,12083.6601728567,17250.0,-50.0,-0.00289855,12118.7870919639,12540.3101212495,11732.3909817852,59570.0,1026488000.0,0.0,0.0,59570.0,1026488000.0,520.0,0.0,0.0,-520.0,9225500.0,0.0,0.0,-9225500.0
27/10/2022,12118.7870919639,16500.0,750.0,0.04545455,11064.9795187495,12189.0409301779,11064.9795187495,65550.0,1108333000.0,0.0,0.0,65550.0,1108333000.0,-3450.0,-50.0,0.0,3500.0,-58700000.0,-770000.0,0.0,59470000.0
26/10/2022,11591.8833053567,16500.0,0.0,0.0,11697.2640626779,11943.152496428,11310.8679524995,42931.0,712881500.0,0.0,0.0,42931.0,712881500.0,-300.0,0.0,0.0,300.0,-4915000.0,0.0,0.0,4915000.0
25/10/2022,11591.8833053567,17550.0,-1050.0,-0.05982906,11943.152496428,12329.5486066066,11486.5025480352,95750.0,1600754500.0,0.0,0.0,95750.0,1600754500.0,-1900.0,0.0,0.0,1900.0,-31525000.0,0.0,0.0,31525000.0
24/10/2022,12329.5486066066,18850.0,-1300.0,-0.06896552,13067.2139078566,13523.8638562494,12329.5486066066,128240.0,2278516000.0,0.0,0.0,128240.0,2278516000.0,-7400.0,0.0,0.0,7400.0,-132990000.0,0.0,0.0,132990000.0
21/10/2022,13242.8485033923,19600.0,-750.0,-0.03826531,13769.7522899994,13840.0061282136,12821.3254741066,110785.0,2052539400.0,0.0,0.0,110785.0,2052539400.0,1500.0,-500.0,0.0,-1000.0,29030000.0,-9425000.0,0.0,-19605000.0
20/10/2022,13769.7522899994,19000.0,600.0,0.03157895,13348.2292607137,13910.2599664279,13348.2292607137,53019.0,1032361100.0,50.0,885000.0,53069.0,1033246100.0,1600.0,-600.0,0.0,-1000.0,31170000.0,-11740000.0,0.0,-19430000.0
19/10/2022,13348.2292607137,19550.0,-550.0,-0.02813299,13348.2292607137,13558.9907753565,13348.2292607137,50300.0,958340000.0,0.0,0.0,50300.0,958340000.0,-400.0,0.0,0.0,400.0,-7600000.0,0.0,0.0,7600000.0
18/10/2022,13734.6253708922,19200.0,350.0,0.01822917,13804.8792091065,14050.7676428565,13488.7369371424,37610.0,739771500.0,0.0,0.0,37610.0,739771500.0,-800.0,0.0,0.0,800.0,-15615000.0,0.0,0.0,15615000.0
17/10/2022,13488.7369371424,19500.0,-300.0,-0.01538462,13348.2292607137,13699.4984517851,13242.8485033923,43800.0,833180000.0,0.0,0.0,43800.0,833180000.0,-1100.0,-100.0,-100.0,1200.0,-20940000.0,-1920000.0,-1920000.0,22860000.0
14/10/2022,13699.4984517851,19200.0,300.0,0.015625,13558.9907753565,13734.6253708922,13558.9907753565,57137.0,1110862500.0,0.0,0.0,57137.0,1110862500.0,200.0,0.0,0.0,-200.0,3890000.0,0.0,0.0,-3890000.0
13/10/2022,13488.7369371424,19000.0,200.0,0.01052632,13348.2292607137,13594.1176944637,13348.2292607137,13150.0,252120000.0,0.0,0.0,13150.0,252120000.0,1800.0,0.0,0.0,-1800.0,34680000.0,0.0,0.0,-34680000.0
12/10/2022,13348.2292607137,18550.0,450.0,0.02425876,12645.6908785709,13664.3715326781,12645.6908785709,28300.0,536290000.0,0.0,0.0,28300.0,536290000.0,100.0,0.0,0.0,-100.0,1885000.0,0.0,0.0,-1885000.0
11/10/2022,13032.0869887495,19900.0,-1350.0,-0.0678392,13418.483098928,13980.5138046423,13032.0869887495,118810.0,2223348000.0,0.0,0.0,118810.0,2223348000.0,-2100.0,0.0,0.0,2100.0,-38580000.0,0.0,0.0,38580000.0
10/10/2022,13980.5138046423,19450.0,450.0,0.02313625,13699.4984517851,13980.5138046423,13348.2292607137,25054.0,481385200.0,0.0,0.0,25054.0,481385200.0,-1000.0,0.0,0.0,1000.0,-19515000.0,0.0,0.0,19515000.0
07/10/2022,13664.3715326781,20800.0,-1350.0,-0.06490385,13910.2599664279,14612.7983485709,13594.1176944637,146462.0,2891663600.0,0.0,0.0,146462.0,2891663600.0,-200.0,-100.0,0.0,300.0,-4100000.0,-1990000.0,0.0,6090000.0
05/10/2022,15174.8290542851,20600.0,1000.0,0.04854369,14647.9252676779,15174.8290542851,14647.9252676779,57960.0,1226212750.0,0.0,0.0,57960.0,1226212750.0,6500.0,-5500.0,0.0,-1000.0,136510000.0,-115505000.0,0.0,-21005000.0
04/10/2022,14472.2906721421,21550.0,-950.0,-0.04408353,15174.8290542851,15701.7328408922,14472.2906721421,79710.0,1684315000.0,0.0,0.0,79710.0,1684315000.0,12500.0,-14000.0,0.0,1500.0,262560000.0,-294410000.0,0.0,31850000.0
03/10/2022,15139.7021351778,23050.0,-1500.0,-0.06507592,15877.3674364278,15947.6212746421,15104.5752160708,151290.0,3334336500.0,0.0,0.0,151290.0,3334336500.0,-13210.0,14210.0,0.0,-1000.0,-283593500.0,306193500.0,0.0,-22600000.0
30/09/2022,16193.5097083922,23500.0,-450.0,-0.01914894,16509.6519803565,16509.6519803565,15455.8444071421,179757.0,4071428900.0,0.0,0.0,179757.0,4071428900.0,-18800.0,18000.0,0.0,800.0,-421305000.0,403500000.0,0.0,17805000.0
29/09/2022,16509.6519803565,23850.0,-350.0,-0.01467505,16860.9211714277,16931.1750096421,16404.2712230349,59710.0,1415320300.0,0.0,0.0,59710.0,1415320300.0,700.0,0.0,0.0,-700.0,16620000.0,0.0,0.0,-16620000.0
28/09/2022,16755.5404141065,24100.0,-250.0,-0.01037344,16896.0480905349,17106.8096051778,16755.5404141065,49700.0,1190000000.0,0.0,0.0,49700.0,1190000000.0,-6500.0,8000.0,0.0,-1500.0,-155270000.0,191340000.0,0.0,-36070000.0
27/09/2022,16931.1750096421,24600.0,-500.0,-0.0203252,17001.4288478563,17247.3172816064,16860.9211714277,45963.0,1111424800.0,0.0,0.0,45963.0,1111424800.0,4800.0,-4000.0,0.0,-800.0,116550000.0,-97010000.0,0.0,-19540000.0
26/09/2022,17282.4442007135,24850.0,-250.0,-0.01006036,17282.4442007135,17282.4442007135,16720.4134949993,133136.0,3205739100.0,0.0,0.0,133136.0,3205739100.0,13000.0,-13000.0,0.0,0.0,312690000.0,-312690000.0,0.0,0.0
23/09/2022,17458.0787962492,25200.0,-350.0,-0.01388889,17774.2210682135,17879.6018255349,17422.9518771421,63560.0,1593038500.0,0.0,0.0,63560.0,1593038500.0,-1640.0,-60.0,-60.0,1700.0,-40811500.0,-1433500.0,-1434000.0,42245000.0
22/09/2022,17703.9672299992,24700.0,500.0,0.02024291,17352.6980389278,17703.9672299992,17317.5711198207,80100.0,1990635000.0,0.0,0.0,80100.0,1990635000.0,-20100.0,18600.0,0.0,1500.0,-497960000.0,460725000.0,0.0,37235000.0
21/09/2022,17352.6980389278,24500.0,200.0,0.00816327,17212.1903624993,17598.5864726778,17212.1903624993,98142.0,2444256400.0,0.0,0.0,98142.0,2444256400.0,1000.0,200.0,0.0,-1200.0,25070000.0,4940000.0,0.0,-30010000.0
20/09/2022,17212.1903624993,24350.0,150.0,0.00616016,17141.936524285,17422.9518771421,17106.8096051778,54711.0,1338240050.0,0.0,0.0,54711.0,1338240050.0,2100.0,0.0,0.0,-2100.0,51480000.0,0.0,0.0,-51480000.0
19/09/2022,17106.8096051778,25050.0,-700.0,-0.02794411,17598.5864726778,17633.713391785,17001.4288478563,175034.0,4329335000.0,0.0,0.0,175034.0,4329335000.0,-43480.0,48280.0,0.0,-4800.0,-1072340000.0,1192435000.0,0.0,-120095000.0
16/09/2022,17598.5864726778,25700.0,-650.0,-0.02529183,17914.728744642,18020.1095019635,17598.5864726778,96540.0,2430693500.0,0.0,0.0,96540.0,2430693500.0,560.0,3940.0,0.0,-4500.0,14649500.0,98780500.0,0.0,-113430000.0
15/09/2022,18055.2364210707,25450.0,250.0,0.00982318,17914.728744642,18441.6325312492,17879.6018255349,82360.0,2119797500.0,0.0,0.0,82360.0,2119797500.0,-430.0,-600.0,0.0,1100.0,-10923500.0,-15360000.0,0.0,28065000.0
14/09/2022,17879.6018255349,25400.0,50.0,0.0019685,17703.9672299992,17879.6018255349,17598.5864726778,143100.0,3613720000.0,0.0,0.0,143100.0,3613720000.0,-5000.0,0.0,0.0,5000.0,-126285000.0,0.0,0.0,126285000.0
13/09/2022,17844.4749064278,25100.0,300.0,0.01195219,17914.728744642,18125.490259285,17633.713391785,82433.0,2090458750.0,0.0,0.0,82433.0,2090458750.0,-5500.0,0.0,0.0,5500.0,-139475000.0,0.0,0.0,139475000.0
12/09/2022,17633.713391785,25350.0,-250.0,-0.00986193,18055.2364210707,18055.2364210707,17563.4595535707,109471.0,2762272300.0,0.0,0.0,109471.0,2762272300.0,146.0,-136.0,0.0,0.0,3545800.0,-3303800.0,0.0,0.0
09/09/2022,17809.3479873207,25650.0,-300.0,-0.01169591,17914.728744642,18125.490259285,17563.4595535707,284300.0,7182510000.0,0.0,0.0,284300.0,7182510000.0,81400.0,46700.0,0.0,-128100.0,2061670000.0,1175470000.0,0.0,-3237140000.0
08/09/2022,18020.1095019635,26300.0,-650.0,-0.02471483,18617.2671267849,18617.2671267849,17949.8556637491,84500.0,2198155000.0,0.0,0.0,84500.0,2198155000.0,5200.0,100.0,0.0,-5300.0,136285000.0,2635000.0,0.0,-138920000.0
07/09/2022,18476.7594503563,26700.0,-400.0,-0.01498127,18722.6478841064,18933.4093987492,18406.505612142,112500.0,2984840000.0,0.0,0.0,112500.0,2984840000.0,3400.0,0.0,0.0,-3400.0,90480000.0,0.0,0.0,-90480000.0
06/09/2022,18757.7748032135,26900.0,-200.0,-0.00743494,19073.9170751777,19073.9170751777,18757.7748032135,69000.0,1848645000.0,0.0,0.0,69000.0,1848645000.0,12300.0,-11300.0,0.0,-1000.0,328810000.0,-301975000.0,0.0,-26835000.0
05/09/2022,18898.2824796419,27000.0,-100.0,-0.0037037,18828.0286414278,19144.170913392,18757.7748032135,81400.0,2194255000.0,0.0,0.0,81400.0,2194255000.0,5900.0,100.0,0.0,-6000.0,159220000.0,2720000.0,0.0,-161940000.0
31/08/2022,18968.5363178564,27000.0,0.0,0.0,18968.5363178564,19073.9170751777,18687.5209649993,38500.0,1033310000.0,0.0,0.0,38500.0,1033310000.0,3700.0,0.0,0.0,-3700.0,99690000.0,0.0,0.0,-99690000.0
30/08/2022,18968.5363178564,27300.0,-300.0,-0.01098901,19144.170913392,19635.9477808919,18687.5209649993,136600.0,3737720000.0,0.0,0.0,136600.0,3737720000.0,11000.0,0.0,0.0,-11000.0,302335000.0,0.0,0.0,-302335000.0
29/08/2022,19179.2978324992,27700.0,-400.0,-0.01444043,18968.5363178564,19214.4247516063,18301.1248548207,168100.0,4480330000.0,0.0,0.0,168100.0,4480330000.0,12100.0,-4900.0,0.0,-7200.0,321495000.0,-128270000.0,0.0,-193225000.0
26/08/2022,19460.3131853562,28400.0,-700.0,-0.02464789,19706.2016191063,19952.0900528562,19425.186266249,101200.0,2829180000.0,0.0,0.0,101200.0,2829180000.0,4900.0,0.0,0.0,-4900.0,136535000.0,0.0,0.0,-136535000.0
25/08/2022,19952.0900528562,28000.0,400.0,0.01428571,19846.7092955347,20233.1054057133,19811.5823764277,131500.0,3743585000.0,0.0,0.0,131500.0,3743585000.0,7600.0,-8300.0,0.0,700.0,214865000.0,-234920000.0,0.0,20055000.0
24/08/2022,19671.0746999991,27750.0,250.0,0.00900901,19495.4401044634,19671.0746999991,19354.9324280349,153000.0,4246575000.0,0.0,0.0,153000.0,4246575000.0,-2600.0,600.0,0.0,2000.0,-72940000.0,17310000.0,0.0,55630000.0
23/08/2022,19495.4401044634,27200.0,550.0,0.02022059,18687.5209649993,19495.4401044634,18687.5209649993,100400.0,2742580000.0,0.0,0.0,100400.0,2742580000.0,-3200.0,-2900.0,0.0,6100.0,-85275000.0,-80390000.0,0.0,165665000.0
22/08/2022,19109.0439942848,26950.0,250.0,0.00927644,18687.5209649993,19390.059347142,18406.505612142,126100.0,3401235000.0,0.0,0.0,126100.0,3401235000.0,-2700.0,5500.0,0.0,-2800.0,-73570000.0,148880000.0,0.0,-75310000.0
19/08/2022,18933.4093987492,27600.0,-650.0,-0.02355072,19530.5670235705,19600.8208617848,18547.0132885706,320900.0,8683165000.0,0.0,0.0,320900.0,8683165000.0,6200.0,100.0,0.0,-6300.0,168435000.0,2740000.0,0.0,-171175000.0
18/08/2022,19390.059347142,28650.0,-1050.0,-0.03664921,20127.7246483918,20127.7246483918,19390.059347142,232000.0,6483000000.0,0.0,0.0,232000.0,6483000000.0,3400.0,200.0,0.0,-3600.0,95365000.0,5560000.0,0.0,-100925000.0
17/08/2022,20127.7246483918,29000.0,-350.0,-0.01206897,20373.613082142,20724.8822732133,20127.7246483918,194200.0,5628525000.0,0.0,0.0,194200.0,5628525000.0,1500.0,200.0,0.0,-1700.0,42835000.0,5785000.0,0.0,-48620000.0
16/08/2022,20373.613082142,29450.0,-450.0,-0.01528014,20619.501515892,20619.501515892,20162.851567499,116300.0,3382780000.0,0.0,0.0,116300.0,3382780000.0,200.0,-500.0,0.0,300.0,5855000.0,-14585000.0,0.0,8730000.0
15/08/2022,20689.7553541061,29600.0,-150.0,-0.00506757,20795.1361114277,21216.6591407133,20549.2476776776,221000.0,6547530000.0,0.0,0.0,221000.0,6547530000.0,2700.0,100.0,0.0,-2800.0,80040000.0,2990000.0,0.0,-83030000.0
12/08/2022,20795.1361114277,28700.0,900.0,0.03135889,20092.5977292848,20865.389949642,20092.5977292848,300300.0,8831715000.0,0.0,0.0,300300.0,8831715000.0,800.0,-100.0,0.0,-700.0,23505000.0,-2955000.0,0.0,-20550000.0
11/08/2022,20162.851567499,29600.0,-900.0,-0.03040541,21005.8976260704,21005.8976260704,19916.963133749,220800.0,6408980000.0,0.0,0.0,220800.0,6408980000.0,3400.0,-500.0,0.0,-2900.0,97435000.0,-14725000.0,0.0,-82710000.0
10/08/2022,20795.1361114277,27900.0,1700.0,0.0609319,19741.3285382134,20935.6437878562,19354.9324280349,381500.0,11038760000.0,0.0,0.0,381500.0,11038760000.0,1300.0,-200.0,0.0,-1100.0,39880000.0,-5915000.0,0.0,-33965000.0
09/08/2022,19600.8208617848,27300.0,600.0,0.02197802,19144.170913392,19600.8208617848,19073.9170751777,87000.0,2387050000.0,0.0,0.0,87000.0,2387050000.0,-6200.0,100.0,0.0,6100.0,-169510000.0,2735000.0,0.0,166775000.0
08/08/2022,19179.2978324992,27700.0,-400.0,-0.01444043,19390.059347142,19425.186266249,18863.1555605349,217100.0,5888420000.0,0.0,0.0,217100.0,5888420000.0,-3500.0,-200.0,0.0,3700.0,-94895000.0,-5490000.0,0.0,100385000.0
05/08/2022,19460.3131853562,27750.0,-50.0,-0.0018018,19319.8055089277,19495.4401044634,19038.7901560706,150600.0,4112760000.0,0.0,0.0,150600.0,4112760000.0,-1500.0,800.0,0.0,700.0,-41200000.0,22120000.0,0.0,19080000.0
03/08/2022,19671.0746999991,27500.0,500.0,0.01818182,19319.8055089277,19811.5823764277,19144.170913392,157200.0,4377620000.0,0.0,0.0,157200.0,4377620000.0,-7300.0,200.0,0.0,7100.0,-203160000.0,5580000.0,0.0,197580000.0
02/08/2022,19319.8055089277,27400.0,100.0,0.00364964,19671.0746999991,19846.7092955347,19284.6785898206,108000.0,3000195000.0,0.0,0.0,108000.0,3000195000.0,-1800.0,200.0,0.0,1600.0,-50150000.0,5555000.0,0.0,44595000.0
01/08/2022,19249.5516707136,27350.0,50.0,0.00182815,19109.0439942848,19530.5670235705,19109.0439942848,83400.0,2289750000.0,0.0,0.0,83400.0,2289750000.0,-2700.0,0.0,0.0,2700.0,-74160000.0,-40000.0,0.0,74200000.0
29/07/2022,19214.4247516063,27500.0,-150.0,-0.00545455,19319.8055089277,19600.8208617848,19038.7901560706,101900.0,2814810000.0,0.0,0.0,101900.0,2814810000.0,-2900.0,0.0,0.0,2900.0,-80315000.0,0.0,0.0,80315000.0
28/07/2022,19319.8055089277,27000.0,500.0,0.01851852,19319.8055089277,19671.0746999991,18828.0286414278,185900.0,5129570000.0,0.0,0.0,185900.0,5129570000.0,-8000.0,4500.0,0.0,3500.0,-220385000.0,123320000.0,0.0,97065000.0
27/07/2022,18968.5363178564,27400.0,-400.0,-0.01459854,18968.5363178564,19038.7901560706,18476.7594503563,71900.0,1933980000.0,0.0,0.0,71900.0,1933980000.0,300.0,-700.0,0.0,400.0,7845000.0,-18690000.0,0.0,10845000.0
26/07/2022,19249.5516707136,27000.0,400.0,0.01481481,19671.0746999991,19671.0746999991,19003.6632369635,63400.0,1737830000.0,0.0,0.0,63400.0,1737830000.0,2000.0,0.0,0.0,-2000.0,54460000.0,0.0,0.0,-54460000.0
25/07/2022,18968.5363178564,26200.0,800.0,0.03053435,18547.0132885706,19671.0746999991,18547.0132885706,324300.0,8975585000.0,0.0,0.0,324300.0,8975585000.0,32600.0,-33900.0,0.0,1300.0,913015000.0,-949105000.0,0.0,36090000.0
22/07/2022,18406.505612142,25550.0,650.0,0.02544031,18125.490259285,18652.3940458921,17844.4749064278,123800.0,3232695000.0,0.0,0.0,123800.0,3232695000.0,-600.0,-100.0,0.0,700.0,-15380000.0,-2620000.0,0.0,18000000.0
21/07/2022,17949.8556637491,25950.0,-400.0,-0.01541426,18020.1095019635,18230.8710166063,17668.8403108921,27800.0,710690000.0,0.0,0.0,27800.0,710690000.0,-1500.0,0.0,0.0,1500.0,-38480000.0,0.0,0.0,38480000.0
20/07/2022,18230.8710166063,24950.0,1000.0,0.04008016,17914.728744642,18371.378693035,17739.0941491064,148100.0,3830190000.0,0.0,0.0,148100.0,3830190000.0,-2200.0,-1100.0,0.0,3300.0,-56080000.0,-28550000.0,0.0,84630000.0
19/07/2022,17528.3326344635,25300.0,-350.0,-0.01383399,18090.3633401778,18090.3633401778,16896.0480905349,99200.0,2450730000.0,0.0,0.0,99200.0,2450730000.0,3100.0,-4000.0,0.0,900.0,77635000.0,-98000000.0,0.0,20365000.0
18/07/2022,17774.2210682135,25400.0,-100.0,-0.00393701,18160.6171783921,18160.6171783921,17633.713391785,56800.0,1449215000.0,0.0,0.0,56800.0,1449215000.0,-400.0,100.0,0.0,300.0,-10115000.0,2530000.0,0.0,7585000.0
15/07/2022,17844.4749064278,25000.0,400.0,0.016,17563.4595535707,17914.728744642,17247.3172816064,111000.0,2783280000.0,0.0,0.0,111000.0,2783280000.0,-2400.0,0.0,0.0,2400.0,-59925000.0,0.0,0.0,59925000.0
14/07/2022,17563.4595535707,25150.0,-150.0,-0.00596421,17703.9672299992,17703.9672299992,17352.6980389278,16100.0,400445000.0,0.0,0.0,16100.0,400445000.0,-900.0,-100.0,0.0,1000.0,-22310000.0,-2500000.0,0.0,24810000.0
13/07/2022,17668.8403108921,25100.0,50.0,0.00199203,18090.3633401778,18125.490259285,17668.8403108921,89900.0,2275105000.0,0.0,0.0,89900.0,2275105000.0,-800.0,0.0,0.0,800.0,-20280000.0,0.0,0.0,20280000.0
12/07/2022,17633.713391785,23500.0,1600.0,0.06808511,16650.159656785,17633.713391785,16650.159656785,124600.0,3084245000.0,0.0,0.0,124600.0,3084245000.0,-10000.0,10000.0,0.0,0.0,-237940000.0,237940000.0,0.0,0.0
11/07/2022,16509.6519803565,23850.0,-350.0,-0.01467505,16790.6673332136,16790.6673332136,16298.8904657134,20200.0,474560000.0,0.0,0.0,20200.0,474560000.0,-200.0,0.0,0.0,200.0,-4630000.0,0.0,0.0,4630000.0
08/07/2022,16755.5404141065,23450.0,400.0,0.01705757,16474.5250612493,17212.1903624993,16474.5250612493,33100.0,797010000.0,0.0,0.0,33100.0,797010000.0,-400.0,0.0,0.0,400.0,-9500000.0,0.0,0.0,9500000.0
07/07/2022,16474.5250612493,23100.0,350.0,0.01515152,16755.5404141065,16755.5404141065,16123.2558701779,44200.0,1026395000.0,0.0,0.0,44200.0,1026395000.0,-700.0,0.0,0.0,700.0,-16295000.0,0.0,0.0,16295000.0
06/07/2022,16228.6366274994,23500.0,-400.0,-0.01702128,16509.6519803565,16825.7942523206,16228.6366274994,61400.0,1437535000.0,0.0,0.0,61400.0,1437535000.0,500.0,0.0,0.0,-500.0,11875000.0,0.0,0.0,-11875000.0
05/07/2022,16509.6519803565,24300.0,-800.0,-0.03292181,16966.3019287492,17001.4288478563,16509.6519803565,33400.0,793225000.0,0.0,0.0,33400.0,793225000.0,1800.0,0.0,0.0,-1800.0,43090000.0,0.0,0.0,-43090000.0
04/07/2022,17071.6826860707,24950.0,-650.0,-0.0260521,16615.0327376778,17493.2057153563,16615.0327376778,9100.0,222635000.0,0.0,0.0,9100.0,222635000.0,-100.0,300.0,0.0,-200.0,-2345000.0,7470000.0,0.0,-5125000.0
01/07/2022,17528.3326344635,23850.0,1100.0,0.04612159,16720.4134949993,17528.3326344635,16509.6519803565,36700.0,872680000.0,0.0,0.0,36700.0,872680000.0,1600.0,0.0,0.0,-1600.0,37865000.0,0.0,0.0,-37865000.0
30/06/2022,16755.5404141065,24850.0,-1000.0,-0.04024145,17633.713391785,17633.713391785,16685.2865758921,22600.0,548145000.0,0.0,0.0,22600.0,548145000.0,-3000.0,0.0,0.0,3000.0,-71590000.0,0.0,0.0,71590000.0
29/06/2022,17458.0787962492,25050.0,-200.0,-0.00798403,17598.5864726778,17598.5864726778,17212.1903624993,35300.0,874785000.0,0.0,0.0,35300.0,874785000.0,0.0,0.0,0.0,0.0,-205000.0,0.0,0.0,205000.0
28/06/2022,17598.5864726778,25050.0,0.0,0.0,17598.5864726778,17668.8403108921,17422.9518771421,32500.0,813520000.0,0.0,0.0,32500.0,813520000.0,-1200.0,-100.0,0.0,1300.0,-30040000.0,-2500000.0,0.0,32540000.0
27/06/2022,17598.5864726778,24300.0,750.0,0.0308642,16931.1750096421,17703.9672299992,16860.9211714277,27400.0,682370000.0,0.0,0.0,27400.0,682370000.0,-3000.0,0.0,0.0,3000.0,-74395000.0,0.0,0.0,74395000.0
24/06/2022,17071.6826860707,23500.0,800.0,0.03404255,16017.8751128564,17071.6826860707,16017.8751128564,40400.0,965845000.0,0.0,0.0,40400.0,965845000.0,-3600.0,0.0,0.0,3600.0,-85270000.0,0.0,0.0,85270000.0
23/06/2022,16509.6519803565,23150.0,350.0,0.01511879,15596.3520835708,16509.6519803565,15596.3520835708,27600.0,638285000.0,0.0,0.0,27600.0,638285000.0,-3000.0,0.0,0.0,3000.0,-69585000.0,0.0,0.0,69585000.0
22/06/2022,16263.7635466065,22200.0,950.0,0.04279279,15245.0828924993,16685.2865758921,15245.0828924993,28600.0,655365000.0,0.0,0.0,28600.0,655365000.0,2900.0,-500.0,0.0,-2400.0,67785000.0,-11805000.0,0.0,-55980000.0
21/06/2022,15596.3520835708,23650.0,-1450.0,-0.06131078,16615.0327376778,16860.9211714277,15526.0982453565,110000.0,2554960000.0,0.0,0.0,110000.0,2554960000.0,-13200.0,15700.0,0.0,-2500.0,-311070000.0,369810000.0,0.0,-58740000.0
20/06/2022,16615.0327376778,25000.0,-1350.0,-0.054,17598.5864726778,17984.9825828563,16615.0327376778,104100.0,2535245000.0,0.0,0.0,104100.0,2535245000.0,300.0,500.0,0.0,-800.0,11930000.0,11825000.0,0.0,-23755000.0
17/06/2022,17563.4595535707,25500.0,-500.0,-0.01960784,17563.4595535707,17739.0941491064,17212.1903624993,89000.0,2208515000.0,0.0,0.0,89000.0,2208515000.0,-14600.0,21800.0,0.0,-7200.0,-364340000.0,542730000.0,0.0,-178390000.0
16/06/2022,17914.728744642,25000.0,500.0,0.02,17844.4749064278,18406.505612142,17844.4749064278,66100.0,1694510000.0,0.0,0.0,66100.0,1694510000.0,-8400.0,-100.0,0.0,8500.0,-214565000.0,-2555000.0,0.0,217120000.0
15/06/2022,17563.4595535707,25600.0,-600.0,-0.0234375,17984.9825828563,17984.9825828563,17422.9518771421,106000.0,2670320000.0,0.0,0.0,106000.0,2670320000.0,-25800.0,37200.0,0.0,-11400.0,-649050000.0,937200000.0,0.0,-288150000.0
14/06/2022,17984.9825828563,25600.0,0.0,0.0,17422.9518771421,18476.7594503563,17422.9518771421,109200.0,2821215000.0,0.0,0.0,109200.0,2821215000.0,400.0,7200.0,0.0,-7600.0,12960000.0,182595000.0,0.0,-195555000.0
13/06/2022,17984.9825828563,27500.0,-1900.0,-0.06909091,18722.6478841064,19109.0439942848,17984.9825828563,170300.0,4443525000.0,0.0,0.0,170300.0,4443525000.0,8400.0,100.0,0.0,-8500.0,222460000.0,2620000.0,0.0,-225080000.0
10/06/2022,19319.8055089277,28300.0,-800.0,-0.02826855,19390.059347142,19987.2169719634,19319.8055089277,118700.0,3320450000.0,0.0,0.0,118700.0,3320450000.0,-4000.0,0.0,0.0,4000.0,-111910000.0,0.0,0.0,111910000.0
09/06/2022,19881.836214642,27650.0,650.0,0.02350814,19671.0746999991,20373.613082142,19495.4401044634,154300.0,4369130000.0,0.0,0.0,154300.0,4369130000.0,-3100.0,-500.0,0.0,3600.0,-87425000.0,-13990000.0,0.0,101415000.0
08/06/2022,19425.186266249,25850.0,1800.0,0.0696325,17949.8556637491,19425.186266249,17949.8556637491,118400.0,3178680000.0,0.0,0.0,118400.0,3178680000.0,-1500.0,-500.0,0.0,2000.0,-39415000.0,-13825000.0,0.0,53240000.0
07/06/2022,18160.6171783921,26700.0,-850.0,-0.03183521,18617.2671267849,18617.2671267849,17914.728744642,209900.0,5402520000.0,0.0,0.0,209900.0,5402520000.0,4300.0,100.0,0.0,-4400.0,111250000.0,2600000.0,0.0,-113850000.0
06/06/2022,18757.7748032135,28000.0,-1300.0,-0.04642857,19390.059347142,19635.9477808919,18757.7748032135,261100.0,7053320000.0,0.0,0.0,261100.0,7053320000.0,-34500.0,36400.0,0.0,-1900.0,-931335000.0,983100000.0,0.0,-51765000.0
03/06/2022,19671.0746999991,28500.0,-500.0,-0.01754386,19952.0900528562,20022.3438910704,19179.2978324992,179800.0,5007910000.0,0.0,0.0,179800.0,5007910000.0,-21400.0,24400.0,0.0,-3000.0,-612680000.0,696105000.0,0.0,-83425000.0
02/06/2022,20022.3438910704,28200.0,300.0,0.0106383,19846.7092955347,20268.2323248205,19109.0439942848,276100.0,7805480000.0,0.0,0.0,276100.0,7805480000.0,4600.0,6100.0,0.0,-10700.0,132150000.0,173805000.0,0.0,-305955000.0
01/06/2022,19811.5823764277,28000.0,200.0,0.00714286,19776.4554573205,20162.851567499,19741.3285382134,132600.0,3759220000.0,0.0,0.0,132600.0,3759220000.0,5900.0,0.0,0.0,-5900.0,167190000.0,0.0,0.0,-167190000.0
31/05/2022,19671.0746999991,29000.0,-1000.0,-0.03448276,19846.7092955347,20092.5977292848,19671.0746999991,167100.0,4726760000.0,0.0,0.0,167100.0,4726760000.0,43200.0,-37100.0,0.0,-6100.0,1215130000.0,-1041235000.0,0.0,-173895000.0
30/05/2022,20373.613082142,29400.0,-400.0,-0.01360544,20724.8822732133,20724.8822732133,20303.3592439277,148300.0,4327880000.0,0.0,0.0,148300.0,4327880000.0,3300.0,-200.0,0.0,-3100.0,96535000.0,-5810000.0,0.0,-90725000.0
27/05/2022,20654.628434999,28850.0,550.0,0.01906412,20233.1054057133,21216.6591407133,20233.1054057133,118600.0,3499560000.0,0.0,0.0,118600.0,3499560000.0,10900.0,-6600.0,0.0,-4300.0,316865000.0,-190670000.0,0.0,-126195000.0
26/05/2022,20268.2323248205,27000.0,1850.0,0.06851852,19038.7901560706,20268.2323248205,19038.7901560706,326900.0,9240665000.0,0.0,0.0,326900.0,9240665000.0,66600.0,-70500.0,0.0,3900.0,1902295000.0,-2011140000.0,0.0,108845000.0
25/05/2022,18968.5363178564,26150.0,850.0,0.03250478,18406.505612142,18968.5363178564,18301.1248548207,127600.0,3400710000.0,0.0,0.0,127600.0,3400710000.0,22700.0,-22700.0,0.0,0.0,612450000.0,-612960000.0,0.0,510000.0
24/05/2022,18371.378693035,26100.0,50.0,0.00191571,18336.2517739279,18511.8863694634,18055.2364210707,64400.0,1673275000.0,0.0,0.0,64400.0,1673275000.0,-4000.0,5300.0,0.0,-1300.0,-103175000.0,136950000.0,0.0,-33775000.0
23/05/2022,18336.2517739279,26350.0,-250.0,-0.00948767,19460.3131853562,19460.3131853562,17914.728744642,110000.0,2937395000.0,0.0,0.0,110000.0,2937395000.0,3300.0,200.0,0.0,-3500.0,87255000.0,5565000.0,0.0,-92820000.0
20/05/2022,18511.8863694634,26800.0,-450.0,-0.01679104,18757.7748032135,18968.5363178564,18511.8863694634,65800.0,1755575000.0,0.0,0.0,65800.0,1755575000.0,-1500.0,-600.0,0.0,2100.0,-39835000.0,-15905000.0,0.0,55740000.0
19/05/2022,18828.0286414278,26950.0,-150.0,-0.00556586,18617.2671267849,18933.4093987492,18406.505612142,34300.0,912950000.0,0.0,0.0,34300.0,912950000.0,600.0,1200.0,0.0,-1800.0,15920000.0,32165000.0,0.0,-48085000.0
18/05/2022,18933.4093987492,26600.0,350.0,0.01315789,19600.8208617848,19600.8208617848,18828.0286414278,45400.0,1237075000.0,0.0,0.0,45400.0,1237075000.0,4100.0,0.0,0.0,-4100.0,111655000.0,0.0,0.0,-111655000.0
17/05/2022,18687.5209649993,24900.0,1700.0,0.06827309,17001.4288478563,18687.5209649993,17001.4288478563,92500.0,2367435000.0,0.0,0.0,92500.0,2367435000.0,-4400.0,-100.0,0.0,4500.0,-113095000.0,-2280000.0,0.0,115375000.0
16/05/2022,17493.2057153563,24600.0,300.0,0.01219512,18476.7594503563,18476.7594503563,17282.4442007135,83000.0,2112585000.0,0.0,0.0,83000.0,2112585000.0,-21900.0,22600.0,0.0,-700.0,-552480000.0,571710000.0,0.0,-19230000.0
13/05/2022,17282.4442007135,26300.0,-1700.0,-0.06463878,18511.8863694634,18511.8863694634,17282.4442007135,142300.0,3611100000.0,0.0,0.0,142300.0,3611100000.0,-75100.0,73300.0,0.0,1800.0,-1896740000.0,1856965000.0,0.0,39775000.0
12/05/2022,18476.7594503563,28250.0,-1950.0,-0.06902655,19846.7092955347,19846.7092955347,18476.7594503563,83600.0,2244045000.0,0.0,0.0,83600.0,2244045000.0,-7900.0,15800.0,0.0,-7900.0,-202715000.0,419155000.0,0.0,-216440000.0
11/05/2022,19846.7092955347,27500.0,750.0,0.02727273,20303.3592439277,20303.3592439277,19530.5670235705,39100.0,1102390000.0,0.0,0.0,39100.0,1102390000.0,3700.0,400.0,0.0,-4100.0,103490000.0,11230000.0,0.0,-114720000.0
10/05/2022,19319.8055089277,27500.0,0.0,0.0,18617.2671267849,19354.9324280349,18020.1095019635,123500.0,3272905000.0,0.0,0.0,123500.0,3272905000.0,-51400.0,42700.0,0.0,8700.0,-1358535000.0,1125485000.0,0.0,233050000.0
09/05/2022,19319.8055089277,29550.0,-2050.0,-0.06937394,19846.7092955347,20514.1207585705,19319.8055089277,159000.0,4428370000.0,0.0,0.0,159000.0,4428370000.0,-54000.0,51100.0,0.0,2900.0,-1489755000.0,1410590000.0,0.0,79165000.0
06/05/2022,20760.0091923204,30300.0,-750.0,-0.02475248,20935.6437878562,21427.4206553563,20724.8822732133,140300.0,4209630000.0,0.0,0.0,140300.0,4209630000.0,9900.0,100.0,0.0,-10000.0,296360000.0,2985000.0,0.0,-299345000.0
05/05/2022,21286.9129789276,31850.0,-1550.0,-0.04866562,21743.5629273205,22059.7051992847,20935.6437878562,379500.0,11510170000.0,0.0,0.0,379500.0,11510170000.0,240400.0,400.0,0.0,-240800.0,7288215000.0,12095000.0,0.0,-7300310000.0
04/05/2022,22375.847471249,30700.0,1150.0,0.03745928,21919.1975228562,22973.0050960704,21848.9436846419,236700.0,7547145000.0,0.0,0.0,236700.0,7547145000.0,13000.0,1500.0,0.0,-14500.0,416780000.0,48125000.0,0.0,-464905000.0
29/04/2022,21567.9283317847,28700.0,2000.0,0.06968641,21567.9283317847,21567.9283317847,21076.1514642847,165100.0,5048285000.0,0.0,0.0,165100.0,5048285000.0,7000.0,200.0,0.0,-7200.0,212745000.0,6085000.0,0.0,-218830000.0
28/04/2022,20162.851567499,26839.0,1861.0,0.06933939,19671.0746999991,20162.851567499,19671.0746999991,126300.0,3610465000.0,0.0,0.0,126300.0,3610465000.0,96700.0,-13000.0,0.0,-83700.0,2766190000.0,-364000000.0,0.0,-2402190000.0
27/04/2022,18855.6383998459,32000.0,-900.0,-0.028125,19401.2999612561,19461.9290236352,18764.6948062776,284400.0,8911690000.0,0.0,0.0,284400.0,8911690000.0,122200.0,-25000.0,0.0,-97200.0,3824160000.0,-797405000.0,0.0,-3026755000.0
26/04/2022,19401.2999612561,32550.0,-550.0,-0.01689708,18795.009337467,20098.534178614,18704.0657438987,250100.0,7857800000.0,0.0,0.0,250100.0,7857800000.0,28300.0,-57000.0,0.0,28700.0,895145000.0,-1790940000.0,0.0,895795000.0
25/04/2022,19734.7598043404,35000.0,-2450.0,-0.07,21280.8008950029,21280.8008950029,19734.7598043404,224400.0,7541240000.0,0.0,0.0,224400.0,7541240000.0,-200.0,600.0,0.0,-400.0,-1115000.0,20675000.0,0.0,-19560000.0
22/04/2022,21220.1718326241,34950.0,50.0,0.00143062,21220.1718326241,21947.7205811712,20310.7358969402,103200.0,3640670000.0,0.0,0.0,103200.0,3640670000.0,-7700.0,300.0,0.0,7400.0,-261065000.0,10680000.0,0.0,250385000.0
21/04/2022,21189.8573014346,37500.0,-2550.0,-0.068,22008.3496435501,22463.067611392,21159.5427702451,218300.0,7725150000.0,0.0,0.0,218300.0,7725150000.0,-30000.0,0.0,0.0,30000.0,-1069395000.0,0.0,0.0,1069395000.0
20/04/2022,22735.8983920971,38550.0,-1050.0,-0.02723735,22432.7530802026,23402.8180782654,22159.9222994974,215300.0,8007285000.0,0.0,0.0,215300.0,8007285000.0,-30300.0,-600.0,0.0,30900.0,-1128175000.0,-22485000.0,0.0,1150660000.0
19/04/2022,23372.5035470759,41400.0,-2850.0,-0.06884058,24857.9155753596,25100.4318248753,23372.5035470759,299600.0,11776520000.0,0.0,0.0,299600.0,11776520000.0,-20400.0,0.0,0.0,20400.0,-799625000.0,150000.0,0.0,799475000.0
18/04/2022,25100.4318248753,44500.0,-3100.0,-0.06966292,26888.9891650536,26919.303696243,25100.4318248753,334400.0,13966470000.0,0.0,0.0,334400.0,13966470000.0,-2700.0,200.0,0.0,2500.0,-111380000.0,8555000.0,0.0,102825000.0
15/04/2022,26979.932758622,45900.0,-1400.0,-0.03050109,27798.4251007375,27798.4251007375,26707.1019779167,103900.0,4686215000.0,0.0,0.0,103900.0,4686215000.0,-800.0,400.0,0.0,400.0,-36170000.0,18185000.0,0.0,17985000.0
14/04/2022,27828.739631927,46500.0,-600.0,-0.01290323,28495.6593180951,29041.3208795055,27283.0780705167,177000.0,8095155000.0,0.0,0.0,177000.0,8095155000.0,-4200.0,15300.0,0.0,-11100.0,-188985000.0,694915000.0,0.0,-505930000.0
13/04/2022,28192.5140062006,46700.0,-200.0,-0.00428266,27949.9977566848,28647.2319740425,26494.9002595904,228400.0,10347745000.0,0.0,0.0,228400.0,10347745000.0,-30500.0,33300.0,0.0,-2800.0,-1375595000.0,1508430000.0,0.0,-132835000.0
12/04/2022,28313.7721309584,48150.0,-1450.0,-0.03011423,29405.095253779,29738.5550968631,28192.5140062006,179700.0,8501325000.0,0.0,0.0,179700.0,8501325000.0,-29300.0,50000.0,0.0,-20700.0,-1380150000.0,2361300000.0,0.0,-981150000.0
08/04/2022,29192.8935354527,49950.0,-1800.0,-0.03603604,30314.5311894629,30557.0474389786,28556.2883804741,252000.0,12353000000.0,0.0,0.0,252000.0,12353000000.0,7300.0,800.0,0.0,-8100.0,359655000.0,39720000.0,0.0,-399375000.0
07/04/2022,30284.2166582734,53700.0,-3750.0,-0.0698324,30678.3055637365,31466.4833746624,30284.2166582734,680700.0,34383015000.0,0.0,0.0,680700.0,34383015000.0,7900.0,400.0,0.0,-8300.0,398450000.0,20315000.0,0.0,-418765000.0
06/04/2022,32557.8064974832,55000.0,-1300.0,-0.02363636,32800.3227469989,33467.242433167,32012.1449360729,190900.0,10345820000.0,0.0,0.0,190900.0,10345820000.0,500.0,-300.0,0.0,-200.0,24600000.0,-16240000.0,0.0,-8360000.0
05/04/2022,33345.9843084092,56500.0,-1500.0,-0.02654867,33406.6133707881,34194.7911817142,33224.7261836513,213700.0,11837060000.0,0.0,0.0,213700.0,11837060000.0,-3500.0,0.0,0.0,3500.0,-194130000.0,0.0,0.0,194130000.0
04/04/2022,34255.4202440931,54900.0,1600.0,0.0291439,33224.7261836513,34558.5655559878,33042.8389965145,274600.0,15370360000.0,0.0,0.0,274600.0,15370360000.0,6500.0,-500.0,0.0,-6000.0,359100000.0,-28220000.0,0.0,-330880000.0
01/04/2022,33285.3552460303,55200.0,-300.0,-0.00543478,33709.7586826828,34558.5655559878,32739.6936846199,175900.0,9723740000.0,0.0,0.0,175900.0,9723740000.0,11300.0,-4400.0,0.0,-6900.0,619400000.0,-240180000.0,0.0,-379220000.0
31/03/2022,33467.242433167,51600.0,3600.0,0.06976744,31405.8543122835,33467.242433167,31405.8543122835,550400.0,29967730000.0,0.0,0.0,550400.0,29967730000.0,-1800.0,-1000.0,0.0,2800.0,-97680000.0,-54930000.0,0.0,152610000.0
30/03/2022,31284.5961875257,52100.0,-500.0,-0.00959693,31527.1124370415,31951.5158736939,30981.4508756311,163500.0,8492170000.0,0.0,0.0,163500.0,8492170000.0,100.0,0.0,0.0,-100.0,3150000.0,0.0,0.0,-3150000.0
29/03/2022,31587.7414994204,51800.0,300.0,0.00579151,31830.2577489361,32133.4030608307,31466.4833746624,176200.0,9246920000.0,0.0,0.0,176200.0,9246920000.0,2000.0,-1400.0,0.0,-600.0,104600000.0,-73330000.0,0.0,-31270000.0
28/03/2022,31405.8543122835,52800.0,-1000.0,-0.01893939,31405.8543122835,32133.4030608307,30981.4508756311,171700.0,8893480000.0,0.0,0.0,171700.0,8893480000.0,4000.0,-100.0,0.0,-3900.0,205960000.0,-5110000.0,0.0,-200850000.0
25/03/2022,32012.1449360729,52300.0,500.0,0.00956023,31769.6286865572,32557.8064974832,31708.9996241782,145000.0,7683880000.0,0.0,0.0,145000.0,7683880000.0,-1100.0,-1200.0,0.0,2300.0,-57550000.0,-63840000.0,0.0,121390000.0
24/03/2022,31708.9996241782,51400.0,900.0,0.01750973,30981.4508756311,32618.4355598621,30678.3055637365,222900.0,11554810000.0,0.0,0.0,222900.0,11554810000.0,-6100.0,1900.0,0.0,4200.0,-314650000.0,97800000.0,0.0,216850000.0
23/03/2022,31163.3380627679,52000.0,-600.0,-0.01153846,31042.07993801,31527.1124370415,31042.07993801,182200.0,9390040000.0,0.0,0.0,182200.0,9390040000.0,-1800.0,100.0,0.0,1700.0,-93170000.0,5190000.0,0.0,87980000.0
22/03/2022,31527.1124370415,52200.0,-200.0,-0.00383142,31708.9996241782,31830.2577489361,31345.2252499046,180600.0,9414860000.0,0.0,0.0,180600.0,9414860000.0,6100.0,1000.0,0.0,-7100.0,317150000.0,52270000.0,0.0,-369420000.0
21/03/2022,31648.3705617993,51500.0,700.0,0.01359223,31284.5961875257,32012.1449360729,31223.9671251468,113900.0,5933560000.0,0.0,0.0,113900.0,5933560000.0,1200.0,400.0,0.0,-1600.0,62470000.0,20810000.0,0.0,-83280000.0
18/03/2022,31223.9671251468,51200.0,300.0,0.00585938,31102.709000389,31466.4833746624,31042.07993801,126500.0,6526750000.0,0.0,0.0,126500.0,6526750000.0,-3100.0,100.0,0.0,3000.0,-160810000.0,5170000.0,0.0,155640000.0
17/03/2022,31042.07993801,50800.0,400.0,0.00787402,30981.4508756311,31345.2252499046,30799.5636884944,103500.0,5283770000.0,0.0,0.0,103500.0,5283770000.0,10100.0,-1800.0,0.0,-8300.0,515620000.0,-91570000.0,0.0,-424050000.0
16/03/2022,30799.5636884944,51300.0,-500.0,-0.00974659,31527.1124370415,31527.1124370415,30799.5636884944,114000.0,5823960000.0,0.0,0.0,114000.0,5823960000.0,6100.0,100.0,0.0,-6200.0,310970000.0,5180000.0,0.0,-316150000.0
15/03/2022,31102.709000389,49800.0,1500.0,0.03012048,30314.5311894629,31466.4833746624,30193.2730647051,228700.0,11619990000.0,0.0,0.0,228700.0,11619990000.0,-44000.0,32100.0,0.0,11900.0,-2223780000.0,1615640000.0,0.0,608140000.0
14/03/2022,30193.2730647051,52100.0,-2300.0,-0.04414587,31527.1124370415,31527.1124370415,30041.7004087577,384500.0,19349515000.0,0.0,0.0,384500.0,19349515000.0,-32600.0,30900.0,0.0,1700.0,-1634860000.0,1549080000.0,0.0,85780000.0
11/03/2022,31587.7414994204,54500.0,-2400.0,-0.0440367,33042.8389965145,33042.8389965145,31527.1124370415,409600.0,21637350000.0,0.0,0.0,409600.0,21637350000.0,-6400.0,11100.0,0.0,-4700.0,-336970000.0,586840000.0,0.0,-249870000.0
10/03/2022,33042.8389965145,54200.0,300.0,0.00553506,32860.9518093778,33831.0168074406,32860.9518093778,130800.0,7170210000.0,0.0,0.0,130800.0,7170210000.0,1100.0,200.0,0.0,-1300.0,61050000.0,11050000.0,0.0,-72100000.0
09/03/2022,32860.9518093778,55500.0,-1300.0,-0.02342342,33649.1296203038,33952.2749321984,31830.2577489361,331900.0,17913740000.0,0.0,0.0,331900.0,17913740000.0,-7300.0,7900.0,0.0,-600.0,-389740000.0,424320000.0,0.0,-34580000.0
08/03/2022,33649.1296203038,57000.0,-1500.0,-0.02631579,34194.7911817142,35104.227117398,33649.1296203038,380300.0,21462750000.0,0.0,0.0,380300.0,21462750000.0,16900.0,-4900.0,0.0,-12000.0,951950000.0,-276630000.0,0.0,-675320000.0
07/03/2022,34558.5655559878,59400.0,-2400.0,-0.04040404,36256.1793025976,36256.1793025976,34558.5655559878,394200.0,22788750000.0,0.0,0.0,394200.0,22788750000.0,22800.0,-14500.0,0.0,-8300.0,1313950000.0,-834070000.0,0.0,-479880000.0
04/03/2022,36013.6630530819,59800.0,-400.0,-0.00668896,36983.7280511448,36983.7280511448,35771.1468035663,225500.0,13438690000.0,0.0,0.0,225500.0,13438690000.0,2400.0,0.0,0.0,-2400.0,142590000.0,90000.0,0.0,-142680000.0
03/03/2022,36256.1793025976,58500.0,1300.0,0.02222222,35528.6305540504,36680.5827392502,35164.856179777,241600.0,14313320000.0,0.0,0.0,241600.0,14313320000.0,-1900.0,-2800.0,0.0,4700.0,-112740000.0,-163670000.0,0.0,276410000.0
02/03/2022,35468.0014916717,59600.0,-1100.0,-0.01845638,35771.1468035663,36377.4374273555,35164.856179777,247200.0,14598220000.0,0.0,0.0,247200.0,14598220000.0,-8200.0,0.0,0.0,8200.0,-486130000.0,90000.0,0.0,486040000.0
01/03/2022,36134.9211778399,59000.0,600.0,0.01016949,35892.404928324,36559.3246144921,35589.2596164295,304500.0,18141680000.0,0.0,0.0,304500.0,18141680000.0,-20400.0,11500.0,0.0,8900.0,-1219190000.0,685250000.0,0.0,533940000.0
28/02/2022,35771.1468035663,60900.0,-1900.0,-0.03119869,36377.4374273555,36923.0989887658,35771.1468035663,272400.0,16288100000.0,0.0,0.0,272400.0,16288100000.0,2200.0,-900.0,0.0,-1300.0,133370000.0,-54000000.0,0.0,-79370000.0
25/02/2022,36923.0989887658,60100.0,800.0,0.01331115,36983.7280511448,37893.1639868287,36438.0664897345,322900.0,19810160000.0,0.0,0.0,322900.0,19810160000.0,-1300.0,-100.0,0.0,1400.0,-80450000.0,-6150000.0,0.0,86600000.0
24/02/2022,36438.0664897345,59500.0,600.0,0.01008403,36377.4374273555,37104.9861759025,34437.3074312299,611500.0,36322260000.0,0.0,0.0,611500.0,36322260000.0,46800.0,-45100.0,0.0,-1700.0,2764520000.0,-2668230000.0,0.0,-96290000.0
23/02/2022,36074.2921154608,56000.0,3500.0,0.0625,33952.2749321984,36074.2921154608,33345.9843084092,626000.0,36429160000.0,0.0,0.0,626000.0,36429160000.0,-2600.0,-19500.0,0.0,22100.0,-158430000.0,-1125310000.0,0.0,1283740000.0
22/02/2022,33952.2749321984,57200.0,-1200.0,-0.02097902,34376.678368851,34558.5655559878,33467.242433167,181600.0,10189570000.0,0.0,0.0,181600.0,10189570000.0,9100.0,-11100.0,0.0,2000.0,508810000.0,-622460000.0,0.0,113650000.0
21/02/2022,34679.8236807457,55100.0,2100.0,0.03811252,33467.242433167,35043.5980550191,33467.242433167,132500.0,7496940000.0,0.0,0.0,132500.0,7496940000.0,-10900.0,0.0,0.0,10900.0,-614990000.0,0.0,0.0,614990000.0
18/02/2022,33406.6133707881,56600.0,-1500.0,-0.02650177,33952.2749321984,34982.9689926402,33345.9843084092,474100.0,26381410000.0,0.0,0.0,474100.0,26381410000.0,309000.0,-152200.0,0.0,-156800.0,17198470000.0,-8491600000.0,0.0,-8706870000.0
17/02/2022,34316.049306472,58000.0,-1400.0,-0.02413793,35164.856179777,35164.856179777,33831.0168074406,403000.0,22809050000.0,0.0,0.0,403000.0,22809050000.0,157600.0,100.0,0.0,-157700.0,8912700000.0,5660000.0,0.0,-8918360000.0
16/02/2022,35164.856179777,59000.0,-1000.0,-0.01694915,36377.4374273555,36377.4374273555,34922.3399302613,177700.0,10324760000.0,0.0,0.0,177700.0,10324760000.0,33500.0,-24700.0,0.0,-8800.0,1949420000.0,-1433650000.0,0.0,-515770000.0
15/02/2022,35771.1468035663,57500.0,1500.0,0.02608696,34740.4527431245,36256.1793025976,34740.4527431245,132800.0,7751020000.0,0.0,0.0,132800.0,7751020000.0,-33100.0,39300.0,0.0,-6200.0,-1942360000.0,2302810000.0,0.0,-360450000.0
14/02/2022,34861.7108678824,58600.0,-1100.0,-0.01877133,35528.6305540504,36377.4374273555,34861.7108678824,225200.0,13182350000.0,0.0,0.0,225200.0,13182350000.0,10100.0,-1600.0,-1700.0,-8500.0,590380000.0,-91840000.0,-97750000.0,-498540000.0
11/02/2022,35528.6305540504,54800.0,3800.0,0.06934307,33406.6133707881,35528.6305540504,33164.0971212724,381500.0,21985640000.0,0.0,0.0,381500.0,21985640000.0,52500.0,-52800.0,0.0,300.0,3076990000.0,-3094080000.0,0.0,17090000.0
10/02/2022,33224.7261836513,55400.0,-600.0,-0.01083032,33588.5005579249,34134.1621193352,33042.8389965145,163500.0,9071680000.0,0.0,0.0,163500.0,9071680000.0,11800.0,-8900.0,0.0,-2900.0,653250000.0,-493880000.0,0.0,-159370000.0
09/02/2022,33588.5005579249,56000.0,-600.0,-0.01071429,33042.8389965145,34255.4202440931,32982.2099341357,158700.0,8773510000.0,0.0,0.0,158700.0,8773510000.0,5100.0,0.0,0.0,-5100.0,282500000.0,0.0,0.0,-282500000.0
08/02/2022,33952.2749321984,54600.0,1400.0,0.02564103,32982.2099341357,34801.0818055034,32679.064622241,194500.0,10841560000.0,0.0,0.0,194500.0,10841560000.0,3800.0,0.0,0.0,-3800.0,214010000.0,0.0,0.0,-214010000.0
07/02/2022,33103.4680588937,53200.0,1400.0,0.02631579,32133.4030608307,33345.9843084092,31527.1124370415,226600.0,12148220000.0,0.0,0.0,226600.0,12148220000.0,-5000.0,0.0,0.0,5000.0,-269140000.0,0.0,0.0,269140000.0
28/01/2022,32254.6611855885,57200.0,-4000.0,-0.06993007,33467.242433167,35164.856179777,32254.6611855885,618200.0,33368400000.0,0.0,0.0,618200.0,33368400000.0,-9300.0,100.0,0.0,9200.0,-517020000.0,5320000.0,0.0,511700000.0
27/01/2022,34679.8236807457,61500.0,-4300.0,-0.0699187,37286.8733630394,37650.647737313,34679.8236807457,294000.0,17518860000.0,0.0,0.0,294000.0,17518860000.0,3300.0,-800.0,0.0,-2500.0,200330000.0,-49610000.0,0.0,-150720000.0
26/01/2022,37286.8733630394,65000.0,-3500.0,-0.05384615,39408.8905463018,40318.3264819857,37286.8733630394,326500.0,20939330000.0,0.0,0.0,326500.0,20939330000.0,13800.0,0.0,0.0,-13800.0,893830000.0,0.0,0.0,-893830000.0
25/01/2022,39408.8905463018,62500.0,2500.0,0.04,37893.1639868287,39712.0358581964,35831.7758659451,410800.0,25633170000.0,0.0,0.0,410800.0,25633170000.0,-11400.0,0.0,0.0,11400.0,-711870000.0,0.0,0.0,711870000.0
24/01/2022,37893.1639868287,63900.0,-1400.0,-0.02190923,38560.0836729968,40500.2136691224,37893.1639868287,410000.0,26516020000.0,0.0,0.0,410000.0,26516020000.0,4700.0,-1600.0,0.0,-3100.0,305700000.0,-104000000.0,0.0,-201700000.0
21/01/2022,38741.9708601336,65500.0,-1600.0,-0.02442748,39651.4067958175,40015.181170091,38196.3092987233,291300.0,18755920000.0,0.0,0.0,291300.0,18755920000.0,5300.0,0.0,0.0,-5300.0,341320000.0,0.0,0.0,-341320000.0
20/01/2022,39712.0358581964,62500.0,3000.0,0.048,38317.5674234812,39712.0358581964,38317.5674234812,354500.0,22917890000.0,0.0,0.0,354500.0,22917890000.0,2100.0,1000.0,0.0,-3100.0,138790000.0,64810000.0,0.0,-203600000.0
19/01/2022,37893.1639868287,58500.0,4000.0,0.06837607,34861.7108678824,37893.1639868287,34861.7108678824,276400.0,16677770000.0,0.0,0.0,276400.0,16677770000.0,-3600.0,100.0,0.0,3500.0,-219230000.0,5900000.0,0.0,213330000.0
18/01/2022,35468.0014916717,57200.0,1300.0,0.02272727,34740.4527431245,36256.1793025976,34740.4527431245,478800.0,28124560000.0,0.0,0.0,478800.0,28124560000.0,-23900.0,0.0,0.0,23900.0,-1410920000.0,0.0,0.0,1410920000.0
17/01/2022,34679.8236807457,60300.0,-3100.0,-0.05140962,37893.1639868287,38802.5999225126,34619.1946183666,647400.0,39449360000.0,0.0,0.0,647400.0,39449360000.0,-92100.0,98600.0,0.0,-6500.0,-5607190000.0,6027390000.0,0.0,-420200000.0
14/01/2022,36559.3246144921,56400.0,3900.0,0.06914894,32739.6936846199,36559.3246144921,32739.6936846199,359400.0,20764270000.0,0.0,0.0,359400.0,20764270000.0,-23600.0,0.0,0.0,23600.0,-1342490000.0,0.0,0.0,1342490000.0
13/01/2022,34194.7911817142,59900.0,-3500.0,-0.05843072,36438.0664897345,37044.3571135237,33952.2749321984,398000.0,23269740000.0,0.0,0.0,398000.0,23269740000.0,-4000.0,100.0,0.0,3900.0,-228730000.0,5940000.0,0.0,222790000.0
12/01/2022,36316.8083649766,56700.0,3200.0,0.05643739,35649.8886788084,36741.2118016291,34558.5655559878,865900.0,50888900000.0,0.0,0.0,865900.0,50888900000.0,61700.0,400.0,0.0,-62100.0,3626170000.0,23220000.0,0.0,-3649390000.0
11/01/2022,34376.678368851,53000.0,3700.0,0.06981132,32072.7739984518,34376.678368851,30314.5311894629,761000.0,41997370000.0,0.0,0.0,761000.0,41997370000.0,182900.0,-20100.0,0.0,-162800.0,10015770000.0,-1087650000.0,0.0,-8928120000.0
10/01/2022,32133.4030608307,50200.0,2800.0,0.05577689,30375.1602518418,32557.8064974832,30375.1602518418,571100.0,30421100000.0,0.0,0.0,571100.0,30421100000.0,7100.0,8000.0,0.0,-15100.0,370470000.0,429600000.0,0.0,-800070000.0
07/01/2022,30435.7893142208,50900.0,-700.0,-0.01375246,30860.1927508731,31102.709000389,30132.6440023262,201300.0,10115310000.0,0.0,0.0,201300.0,10115310000.0,-700.0,1300.0,1300.0,-600.0,-34645000.0,65260000.0,65260000.0,-30615000.0
06/01/2022,30860.1927508731,50000.0,900.0,0.018,30314.5311894629,31223.9671251468,30314.5311894629,207400.0,10554380000.0,0.0,0.0,207400.0,10554380000.0,-800.0,0.0,0.0,800.0,-40170000.0,0.0,0.0,40170000.0
05/01/2022,30314.5311894629,49000.0,1000.0,0.02040816,29829.4986904314,30375.1602518418,29829.4986904314,222800.0,11108850000.0,0.0,0.0,222800.0,11108850000.0,31900.0,2100.0,0.0,-34000.0,1596480000.0,104935000.0,0.0,-1701415000.0
04/01/2022,29708.2405656738,48000.0,1000.0,0.02083333,29101.9499418844,29859.813221621,29101.9499418844,137100.0,6652460000.0,0.0,0.0,137100.0,6652460000.0,-4300.0,0.0,0.0,4300.0,-208885000.0,0.0,0.0,208885000.0
31/12/2021,29101.9499418844,48350.0,-350.0,-0.00723888,29132.2644730739,29708.2405656738,28798.8046299897,99900.0,4803840000.0,0.0,0.0,99900.0,4803840000.0,3800.0,0.0,0.0,-3800.0,182990000.0,0.0,0.0,-182990000.0
30/12/2021,29314.1516602107,48700.0,-350.0,-0.00718686,29405.095253779,30102.3294711366,29101.9499418844,107100.0,5191305000.0,0.0,0.0,107100.0,5191305000.0,3200.0,0.0,0.0,-3200.0,155890000.0,0.0,0.0,-155890000.0
29/12/2021,29526.3533785369,49200.0,-500.0,-0.0101626,30253.902127084,30253.902127084,29405.095253779,106800.0,5208065000.0,0.0,0.0,106800.0,5208065000.0,3700.0,0.0,0.0,-3700.0,180275000.0,0.0,0.0,-180275000.0
28/12/2021,29829.4986904314,49500.0,-300.0,-0.00606061,30193.2730647051,30284.2166582734,29617.2969721053,103000.0,5107210000.0,0.0,0.0,103000.0,5107210000.0,-100.0,0.0,0.0,100.0,-5200000.0,0.0,0.0,5200000.0
27/12/2021,30011.3858775682,49650.0,-150.0,-0.00302115,30011.3858775682,30072.0149399473,29283.8371290211,103600.0,5075120000.0,0.0,0.0,103600.0,5075120000.0,2300.0,0.0,0.0,-2300.0,112445000.0,0.0,0.0,-112445000.0
24/12/2021,30102.3294711366,49900.0,-250.0,-0.00501002,30132.6440023262,30920.8218132522,29708.2405656738,88900.0,4418045000.0,0.0,0.0,88900.0,4418045000.0,8800.0,0.0,0.0,-8800.0,440805000.0,0.0,0.0,-440805000.0
23/12/2021,30253.902127084,52000.0,-2100.0,-0.04038462,30920.8218132522,32133.4030608307,29708.2405656738,336500.0,17094040000.0,0.0,0.0,336500.0,17094040000.0,49300.0,200.0,0.0,-49500.0,2503390000.0,9920000.0,0.0,-2513310000.0
22/12/2021,31527.1124370415,53400.0,-1400.0,-0.02621723,32254.6611855885,33406.6133707881,31527.1124370415,374700.0,20109890000.0,0.0,0.0,374700.0,20109890000.0,73800.0,-7600.0,0.0,-66200.0,3954810000.0,-420380000.0,0.0,-3534430000.0
21/12/2021,32375.9193103464,53400.0,0.0,0.0,32679.064622241,32679.064622241,31587.7414994204,267500.0,14212390000.0,0.0,0.0,267500.0,14212390000.0,46000.0,800.0,0.0,-46800.0,2440580000.0,42690000.0,0.0,-2483270000.0
20/12/2021,32375.9193103464,52500.0,900.0,0.0171,33467.242433167,33467.242433167,31527.1124370415,314000.0,16957520000.0,0.0,0.0,314000.0,16957520000.0,24500.0,-8100.0,0.0,-16400.0,1319020000.0,-440680000.0,0.0,-878340000.0
17/12/2021,31830.2577489361,49100.0,3400.0,0.06924644,30011.3858775682,31830.2577489361,30011.3858775682,386200.0,20027115000.0,0.0,0.0,386200.0,20027115000.0,7900.0,-300.0,0.0,-7600.0,414425000.0,-15690000.0,0.0,-398735000.0
16/12/2021,29768.8696280525,48800.0,300.0,0.00614754,29890.1277528105,29890.1277528105,29101.9499418844,97500.0,4748110000.0,0.0,0.0,97500.0,4748110000.0,-17700.0,0.0,0.0,17700.0,-865445000.0,0.0,0.0,865445000.0
15/12/2021,29586.9824409159,49100.0,-300.0,-0.00610998,29465.7243161579,29768.8696280525,29253.5225978317,53700.0,2614000000.0,0.0,0.0,53700.0,2614000000.0,100.0,0.0,0.0,-100.0,4970000.0,0.0,0.0,-4970000.0
14/12/2021,29768.8696280525,49450.0,-350.0,-0.00707786,30314.5311894629,30435.7893142208,29556.6679097262,142300.0,7054100000.0,0.0,0.0,142300.0,7054100000.0,38600.0,0.0,0.0,-38600.0,1920970000.0,0.0,0.0,-1920970000.0
13/12/2021,29981.071346379,47400.0,2050.0,0.04324895,28525.9738492846,30132.6440023262,28495.6593180951,233000.0,11459710000.0,0.0,0.0,233000.0,11459710000.0,5900.0,0.0,0.0,-5900.0,293110000.0,0.0,0.0,-293110000.0
10/12/2021,28738.1755676109,48000.0,-600.0,-0.0125,29041.3208795055,29101.9499418844,28738.1755676109,63700.0,3038325000.0,0.0,0.0,63700.0,3038325000.0,500.0,0.0,0.0,-500.0,23785000.0,0.0,0.0,-23785000.0
09/12/2021,29101.9499418844,46900.0,1100.0,0.02345416,28010.6268190637,29101.9499418844,28010.6268190637,42100.0,1981260000.0,0.0,0.0,42100.0,1981260000.0,-2500.0,-100.0,-100.0,2600.0,-117300000.0,-4800000.0,-4800000.0,122100000.0
08/12/2021,28435.0302557162,46900.0,0.0,0.0,28435.0302557162,29101.9499418844,28071.2558814426,54800.0,2571420000.0,0.0,0.0,54800.0,2571420000.0,6800.0,0.0,0.0,-6800.0,319410000.0,0.0,0.0,-319410000.0
07/12/2021,28435.0302557162,46000.0,900.0,0.01956522,27434.6507264639,29101.9499418844,27434.6507264639,79400.0,3736565000.0,0.0,0.0,79400.0,3736565000.0,-30300.0,30000.0,0.0,300.0,-1450650000.0,1437500000.0,0.0,13150000.0
06/12/2021,27889.3686943058,48900.0,-2900.0,-0.0593047,29586.9824409159,29586.9824409159,27586.2233824113,167400.0,7768400000.0,0.0,0.0,167400.0,7768400000.0,4900.0,0.0,0.0,-4900.0,232190000.0,0.0,0.0,-232190000.0
03/12/2021,29647.6115032948,49600.0,-700.0,-0.0141129,30072.0149399473,30314.5311894629,29344.4661914001,83600.0,4077290000.0,0.0,0.0,83600.0,4077290000.0,7700.0,0.0,0.0,-7700.0,375145000.0,0.0,0.0,-375145000.0
02/12/2021,30072.0149399473,49500.0,100.0,0.0020202,30011.3858775682,30193.2730647051,29829.4986904314,68000.0,3362365000.0,0.0,0.0,68000.0,3362365000.0,1400.0,0.0,0.0,-1400.0,69135000.0,0.0,0.0,-69135000.0
01/12/2021,30011.3858775682,49300.0,200.0,0.0040568,29708.2405656738,30284.2166582734,29465.7243161579,92700.0,4571970000.0,0.0,0.0,92700.0,4571970000.0,5700.0,0.0,0.0,-5700.0,279600000.0,0.0,0.0,-279600000.0
30/11/2021,29890.1277528105,48500.0,800.0,0.01649485,29405.095253779,30496.4183765997,29162.5790042633,303900.0,15049780000.0,0.0,0.0,303900.0,15049780000.0,35500.0,100.0,0.0,-35600.0,1780215000.0,4890000.0,0.0,-1785105000.0
29/11/2021,29405.095253779,49150.0,-650.0,-0.01322482,29101.9499418844,29405.095253779,28495.6593180951,126100.0,6021295000.0,0.0,0.0,126100.0,6021295000.0,-1100.0,0.0,0.0,1100.0,-52250000.0,0.0,0.0,52250000.0
26/11/2021,29799.1841592421,49100.0,50.0,0.00101833,30253.902127084,30253.902127084,29101.9499418844,93000.0,4552525000.0,0.0,0.0,93000.0,4552525000.0,3800.0,700.0,0.0,-4500.0,184435000.0,34480000.0,0.0,-218915000.0
25/11/2021,29768.8696280525,49000.0,100.0,0.00204082,29708.2405656738,30314.5311894629,29677.9260344842,141000.0,6985760000.0,0.0,0.0,141000.0,6985760000.0,15100.0,8100.0,0.0,-23200.0,755130000.0,401775000.0,0.0,-1156905000.0
24/11/2021,29708.2405656738,48000.0,1000.0,0.02083333,29435.4097849686,30132.6440023262,29405.095253779,152500.0,7475045000.0,0.0,0.0,152500.0,7475045000.0,7200.0,0.0,0.0,-7200.0,352460000.0,0.0,0.0,-352460000.0
23/11/2021,29101.9499418844,45700.0,2300.0,0.05032823,27283.0780705167,29101.9499418844,26737.4165091063,92600.0,4249835000.0,0.0,0.0,92600.0,4249835000.0,-12700.0,0.0,0.0,12700.0,-583210000.0,0.0,0.0,583210000.0
22/11/2021,27707.4815071691,48500.0,-2800.0,-0.05773196,28313.7721309584,29526.3533785369,27707.4815071691,186800.0,8794770000.0,0.0,0.0,186800.0,8794770000.0,2000.0,0.0,0.0,-2000.0,95035000.0,0.0,0.0,-95035000.0
19/11/2021,29405.095253779,51000.0,-2500.0,-0.04901961,30920.8218132522,30920.8218132522,28768.4900988002,283200.0,14021380000.0,0.0,0.0,283200.0,14021380000.0,500.0,0.0,0.0,-500.0,27980000.0,0.0,0.0,-27980000.0
18/11/2021,30920.8218132522,52000.0,-1000.0,-0.01923077,31527.1124370415,31527.1124370415,30617.6765013577,220300.0,11250830000.0,0.0,0.0,220300.0,11250830000.0,4200.0,0.0,0.0,-4200.0,212040000.0,0.0,0.0,-212040000.0
17/11/2021,31527.1124370415,52500.0,-500.0,-0.00952381,31527.1124370415,31830.2577489361,30981.4508756311,107800.0,5577340000.0,0.0,0.0,107800.0,5577340000.0,-4600.0,7100.0,0.0,-2500.0,-236220000.0,367180000.0,0.0,-130960000.0
16/11/2021,31830.2577489361,53800.0,-1300.0,-0.02416357,32375.9193103464,32739.6936846199,30860.1927508731,238500.0,12543290000.0,0.0,0.0,238500.0,12543290000.0,-71600.0,73600.0,0.0,-2000.0,-3811310000.0,3916990000.0,0.0,-105680000.0
15/11/2021,32618.4355598621,52200.0,1600.0,0.03065134,31830.2577489361,33345.9843084092,31830.2577489361,374000.0,20066230000.0,0.0,0.0,374000.0,20066230000.0,-119500.0,130800.0,0.0,-11300.0,-6373870000.0,6979240000.0,0.0,-605370000.0
12/11/2021,31648.3705617993,50500.0,1700.0,0.03366337,30435.7893142208,31769.6286865572,29890.1277528105,259300.0,13257215000.0,0.0,0.0,259300.0,13257215000.0,-39200.0,0.0,0.0,39200.0,-1972780000.0,0.0,0.0,1972780000.0
11/11/2021,30617.6765013577,50200.0,300.0,0.0059761,30860.1927508731,31284.5961875257,29768.8696280525,363600.0,18443705000.0,0.0,0.0,363600.0,18443705000.0,6100.0,0.0,0.0,-6100.0,308565000.0,0.0,0.0,-308565000.0
10/11/2021,30435.7893142208,50000.0,200.0,0.004,30314.5311894629,30920.8218132522,30132.6440023262,144100.0,7200430000.0,0.0,0.0,144100.0,7200430000.0,5000.0,0.0,0.0,-5000.0,251650000.0,0.0,0.0,-251650000.0
09/11/2021,30314.5311894629,48700.0,1300.0,0.02669405,29708.2405656738,31042.07993801,29283.8371290211,226900.0,11339725000.0,0.0,0.0,226900.0,11339725000.0,-32900.0,32000.0,0.0,900.0,-1662945000.0,1614480000.0,0.0,48465000.0
08/11/2021,29526.3533785369,49000.0,-300.0,-0.00612245,29708.2405656738,29708.2405656738,27646.8524447903,273700.0,13127080000.0,0.0,0.0,273700.0,13127080000.0,-10900.0,3700.0,0.0,7200.0,-528345000.0,177755000.0,0.0,350590000.0
05/11/2021,29708.2405656738,49800.0,-800.0,-0.01606426,30799.5636884944,30799.5636884944,28495.6593180951,191000.0,9261030000.0,0.0,0.0,191000.0,9261030000.0,1600.0,0.0,0.0,-1600.0,78390000.0,0.0,0.0,-78390000.0
04/11/2021,30193.2730647051,50100.0,-300.0,-0.00598802,29162.5790042633,30314.5311894629,29162.5790042633,241100.0,11797335000.0,0.0,0.0,241100.0,11797335000.0,-39700.0,17800.0,0.0,21900.0,-1947375000.0,872550000.0,0.0,1074825000.0
03/11/2021,30375.1602518418,53800.0,-3700.0,-0.06877323,32739.6936846199,32739.6936846199,30375.1602518418,697100.0,35857930000.0,0.0,0.0,697100.0,35857930000.0,197700.0,-194800.0,0.0,-2900.0,10145520000.0,-9991810000.0,0.0,-153710000.0
02/11/2021,32618.4355598621,51800.0,2000.0,0.03861004,31405.8543122835,32739.6936846199,31405.8543122835,264200.0,14135690000.0,0.0,0.0,264200.0,14135690000.0,21000.0,0.0,0.0,-21000.0,1102810000.0,0.0,0.0,-1102810000.0
01/11/2021,31405.8543122835,49900.0,1900.0,0.03807615,30799.5636884944,32133.4030608307,30314.5311894629,440900.0,22598410000.0,0.0,0.0,440900.0,22598410000.0,-11800.0,17700.0,0.0,-5900.0,-592300000.0,905230000.0,0.0,-312930000.0
29/10/2021,30253.902127084,47700.0,2200.0,0.04612159,29223.2080666424,30557.0474389786,28980.6918171265,373600.0,18341145000.0,0.0,0.0,373600.0,18341145000.0,-74500.0,81200.0,0.0,-6700.0,-3592330000.0,3919460000.0,0.0,-327130000.0
28/10/2021,28920.0627547476,47800.0,-100.0,-0.00209205,29223.2080666424,29465.7243161579,28586.6029116635,261200.0,12538625000.0,0.0,0.0,261200.0,12538625000.0,-3800.0,3800.0,0.0,0.0,-182685000.0,182415000.0,0.0,270000.0
27/10/2021,28980.6918171265,46900.0,900.0,0.01918977,28495.6593180951,29223.2080666424,27889.3686943058,528100.0,25097830000.0,0.0,0.0,528100.0,25097830000.0,-28300.0,32200.0,0.0,-3900.0,-1354400000.0,1538265000.0,0.0,-183865000.0
26/10/2021,28435.0302557162,46000.0,900.0,0.01956522,27464.9652576534,28495.6593180951,26919.303696243,223900.0,10279265000.0,0.0,0.0,223900.0,10279265000.0,-4200.0,0.0,0.0,4200.0,-191560000.0,0.0,0.0,191560000.0
25/10/2021,27889.3686943058,46900.0,-900.0,-0.01918977,28435.0302557162,28495.6593180951,27768.1105695481,324100.0,15006190000.0,0.0,0.0,324100.0,15006190000.0,2300.0,0.0,0.0,-2300.0,106925000.0,0.0,0.0,-106925000.0
22/10/2021,28435.0302557162,45600.0,1300.0,0.02850877,28465.3447869057,28798.8046299897,27768.1105695481,516000.0,24056160000.0,0.0,0.0,516000.0,24056160000.0,-91200.0,82000.0,0.0,9200.0,-4268605000.0,3844670000.0,0.0,423935000.0
21/10/2021,27646.8524447903,42750.0,2850.0,0.06666667,26040.1822917487,27646.8524447903,25585.4643239068,493100.0,21658420000.0,0.0,0.0,493100.0,21658420000.0,-3300.0,0.0,0.0,3300.0,-145560000.0,0.0,0.0,145560000.0
20/10/2021,25918.9241669908,42000.0,750.0,0.01785714,25403.5771367699,26070.4968229382,25403.5771367699,135700.0,5792915000.0,0.0,0.0,135700.0,5792915000.0,-3300.0,0.0,0.0,3300.0,-141325000.0,0.0,0.0,141325000.0
18/10/2021,25524.8352615278,42650.0,-550.0,-0.01289566,26009.8677605591,26009.8677605591,25494.5207303384,130000.0,5489645000.0,0.0,0.0,130000.0,5489645000.0,2400.0,200.0,0.0,-2600.0,101635000.0,8445000.0,0.0,-110080000.0
15/10/2021,25858.2951046119,42800.0,-150.0,-0.00350467,25949.2386981802,26313.0130724538,25767.3515110435,142600.0,6111870000.0,0.0,0.0,142600.0,6111870000.0,-1400.0,0.0,0.0,1400.0,-60235000.0,0.0,0.0,60235000.0
14/10/2021,25949.2386981802,42500.0,300.0,0.00705882,25797.666042233,26191.7549476959,25797.666042233,144400.0,6196015000.0,0.0,0.0,144400.0,6196015000.0,-6100.0,0.0,0.0,6100.0,-261540000.0,0.0,0.0,261540000.0
13/10/2021,25767.3515110435,42450.0,50.0,0.00117786,25797.666042233,26070.4968229382,25585.4643239068,186500.0,7956945000.0,0.0,0.0,186500.0,7956945000.0,-2800.0,0.0,0.0,2800.0,-120005000.0,0.0,0.0,120005000.0
12/10/2021,25737.036979854,42800.0,-350.0,-0.00817757,26070.4968229382,26070.4968229382,25524.8352615278,88200.0,3746975000.0,0.0,0.0,88200.0,3746975000.0,700.0,0.0,0.0,-700.0,29835000.0,0.0,0.0,-29835000.0
11/10/2021,25949.2386981802,43100.0,-300.0,-0.00696056,26131.125885317,26161.4404165064,25706.7224486646,80300.0,3436930000.0,0.0,0.0,80300.0,3436930000.0,2700.0,0.0,0.0,-2700.0,114735000.0,0.0,0.0,-114735000.0
08/10/2021,26131.125885317,43300.0,-200.0,-0.00461894,26434.2711972116,26555.5293219696,25767.3515110435,114700.0,4943715000.0,0.0,0.0,114700.0,4943715000.0,800.0,0.0,0.0,-800.0,34315000.0,0.0,0.0,-34315000.0
07/10/2021,26252.384010075,41950.0,1350.0,0.03218117,25433.8916679593,26494.9002595904,25130.7463560647,262500.0,11253440000.0,0.0,0.0,262500.0,11253440000.0,-500.0,0.0,0.0,500.0,-20980000.0,0.0,0.0,20980000.0
06/10/2021,25433.8916679593,41400.0,550.0,0.01328502,25100.4318248753,25585.4643239068,25100.4318248753,127100.0,5322595000.0,0.0,0.0,127100.0,5322595000.0,600.0,0.0,0.0,-600.0,25170000.0,0.0,0.0,-25170000.0
05/10/2021,25100.4318248753,40200.0,1200.0,0.02985075,25464.2061991488,25464.2061991488,24403.1976075177,83400.0,3427680000.0,0.0,0.0,83400.0,3427680000.0,-1600.0,0.0,0.0,1600.0,-64895000.0,0.0,0.0,64895000.0
04/10/2021,24372.8830763282,39800.0,400.0,0.01005025,23675.6488589705,24463.8266698966,23675.6488589705,119200.0,4739175000.0,0.0,0.0,119200.0,4739175000.0,-4300.0,0.0,0.0,4300.0,-171730000.0,0.0,0.0,171730000.0
01/10/2021,24130.3668268124,40850.0,-1050.0,-0.02570379,24736.6574506018,24797.2865129808,24130.3668268124,95500.0,3849220000.0,0.0,0.0,95500.0,3849220000.0,-2200.0,0.0,0.0,2200.0,-89345000.0,0.0,0.0,89345000.0
30/09/2021,24766.9719817913,40500.0,350.0,0.00864198,24494.141201086,25221.6899496332,24494.141201086,75100.0,3080715000.0,0.0,0.0,75100.0,3080715000.0,7300.0,-100.0,-100.0,-7200.0,296745000.0,-4080000.0,-4080000.0,-292665000.0
29/09/2021,24554.770263465,40400.0,100.0,0.00247525,24372.8830763282,24676.0283882229,24009.1087020547,51400.0,2063480000.0,0.0,0.0,51400.0,2063480000.0,2700.0,0.0,0.0,-2700.0,106865000.0,0.0,0.0,-106865000.0
28/09/2021,24494.141201086,39550.0,850.0,0.02149178,23645.3343277811,24524.4557322755,23342.1890158865,157500.0,6179755000.0,0.0,0.0,157500.0,6179755000.0,-17400.0,0.0,0.0,17400.0,-686750000.0,0.0,0.0,686750000.0
27/09/2021,23978.7941708652,42500.0,-2950.0,-0.06941176,25252.0044808225,25737.036979854,23978.7941708652,208500.0,8542330000.0,0.0,0.0,208500.0,8542330000.0,12500.0,0.0,0.0,-12500.0,523205000.0,0.0,0.0,-523205000.0
24/09/2021,25767.3515110435,42800.0,-300.0,-0.00700935,26494.9002595904,26494.9002595904,25524.8352615278,98900.0,4221970000.0,0.0,0.0,98900.0,4221970000.0,9900.0,0.0,0.0,-9900.0,422045000.0,0.0,0.0,-422045000.0
23/09/2021,25949.2386981802,43450.0,-650.0,-0.01495972,26676.7874467273,26828.3601026747,25767.3515110435,144600.0,6268585000.0,0.0,0.0,144600.0,6268585000.0,-5100.0,0.0,0.0,5100.0,-223435000.0,0.0,0.0,223435000.0
22/09/2021,26343.3276036434,42500.0,950.0,0.02235294,25555.1497927173,26616.1583843485,24857.9155753596,226000.0,9570270000.0,0.0,0.0,226000.0,9570270000.0,-3800.0,100.0,0.0,3700.0,-159805000.0,4150000.0,0.0,155655000.0
21/09/2021,25767.3515110435,43500.0,-1000.0,-0.02298851,26070.4968229382,26191.7549476959,25585.4643239068,303700.0,12935285000.0,0.0,0.0,303700.0,12935285000.0,-84200.0,-9900.0,0.0,94100.0,-3591210000.0,-422750000.0,0.0,4013960000.0
20/09/2021,26373.6421348328,45400.0,-1900.0,-0.04185022,27616.5379136006,27646.8524447903,26373.6421348328,247800.0,10979510000.0,0.0,0.0,247800.0,10979510000.0,1300.0,100.0,0.0,-1400.0,55410000.0,4350000.0,0.0,-59760000.0
17/09/2021,27525.5943200322,44600.0,800.0,0.01793722,26979.932758622,27768.1105695481,26494.9002595904,204000.0,9141605000.0,0.0,0.0,204000.0,9141605000.0,-4600.0,0.0,0.0,4600.0,-208015000.0,0.0,0.0,208015000.0
16/09/2021,27040.5618210009,44050.0,550.0,0.01248581,27161.8199457588,27161.8199457588,26373.6421348328,243500.0,10758210000.0,0.0,0.0,243500.0,10758210000.0,3500.0,-1700.0,0.0,-1800.0,155865000.0,-74885000.0,0.0,-80980000.0
15/09/2021,26707.1019779167,44050.0,0.0,0.0,26707.1019779167,27010.2472898115,25888.6096358014,231200.0,10057380000.0,0.0,0.0,231200.0,10057380000.0,-3000.0,0.0,0.0,3000.0,-131360000.0,0.0,0.0,131360000.0
14/09/2021,26707.1019779167,44700.0,-650.0,-0.01454139,26858.6746338642,27404.3361952745,26707.1019779167,143500.0,6385030000.0,0.0,0.0,143500.0,6385030000.0,7500.0,0.0,0.0,-7500.0,334700000.0,0.0,0.0,-334700000.0
13/09/2021,27101.1908833799,47200.0,-2500.0,-0.0529661,28798.8046299897,28798.8046299897,26979.932758622,456300.0,20709625000.0,0.0,0.0,456300.0,20709625000.0,13800.0,-7100.0,-7500.0,-6700.0,633625000.0,-327475000.0,-345665000.0,-306150000.0
10/09/2021,28616.917442853,47350.0,-150.0,-0.0031679,28707.8610364213,29101.9499418844,28374.4011933372,229400.0,10868130000.0,0.0,0.0,229400.0,10868130000.0,-14300.0,0.0,0.0,14300.0,-679680000.0,0.0,0.0,679680000.0
09/09/2021,28707.8610364213,47500.0,-150.0,-0.00315789,28798.8046299897,28980.6918171265,28313.7721309584,211400.0,9959495000.0,0.0,0.0,211400.0,9959495000.0,6400.0,0.0,0.0,-6400.0,302570000.0,0.0,0.0,-302570000.0
08/09/2021,28798.8046299897,46900.0,600.0,0.01279318,28374.4011933372,29223.2080666424,27768.1105695481,433000.0,20380720000.0,0.0,0.0,433000.0,20380720000.0,-135800.0,400.0,400.0,135400.0,-6408475000.0,19100000.0,19100000.0,6389375000.0
07/09/2021,28435.0302557162,47800.0,-900.0,-0.01882845,28495.6593180951,29162.5790042633,28313.7721309584,394700.0,18628200000.0,0.0,0.0,394700.0,18628200000.0,-4400.0,0.0,0.0,4400.0,-209800000.0,0.0,0.0,209800000.0
06/09/2021,28980.6918171265,46800.0,1000.0,0.02136752,29101.9499418844,29586.9824409159,28798.8046299897,410500.0,19763495000.0,0.0,0.0,410500.0,19763495000.0,-5800.0,-6000.0,0.0,11800.0,-284015000.0,-287790000.0,0.0,571805000.0
01/09/2021,28374.4011933372,43800.0,3000.0,0.06849315,26676.7874467273,28374.4011933372,26676.7874467273,613100.0,28119290000.0,0.0,0.0,613100.0,28119290000.0,-12600.0,0.0,0.0,12600.0,-581370000.0,0.0,0.0,581370000.0
31/08/2021,26555.5293219696,42800.0,1000.0,0.02336449,26252.384010075,27101.1908833799,25464.2061991488,500300.0,21742850000.0,0.0,0.0,500300.0,21742850000.0,38400.0,-40000.0,-40000.0,1600.0,1636650000.0,-1702865000.0,-1702865000.0,66215000.0
30/08/2021,25949.2386981802,41900.0,900.0,0.02147971,25615.7788550962,25949.2386981802,25403.5771367699,314800.0,13316625000.0,0.0,0.0,314800.0,13316625000.0,58500.0,-97000.0,-100000.0,38500.0,2484890000.0,-4106845000.0,-4232545000.0,1621955000.0
27/08/2021,25403.5771367699,41300.0,600.0,0.01452785,24736.6574506018,25464.2061991488,24281.9394827598,126100.0,5184935000.0,0.0,0.0,126100.0,5184935000.0,31000.0,-20000.0,-20000.0,-11000.0,1272505000.0,-833215000.0,-833215000.0,-439290000.0
26/08/2021,25039.8027624964,41400.0,-100.0,-0.00241546,25100.4318248753,25342.948074391,24433.5121387071,224500.0,9272825000.0,0.0,0.0,224500.0,9272825000.0,51200.0,-48600.0,-48600.0,-2600.0,2122380000.0,-2015055000.0,-2015055000.0,-107325000.0
25/08/2021,25100.4318248753,41500.0,-100.0,-0.00240964,24857.9155753596,25130.7463560647,24251.6249515704,170000.0,6911850000.0,0.0,0.0,170000.0,6911850000.0,57600.0,-54000.0,-39000.0,-3600.0,2352970000.0,-2205620000.0,-1594800000.0,-147350000.0
24/08/2021,25161.0608872542,42900.0,-1400.0,-0.03263403,25555.1497927173,25949.2386981802,24857.9155753596,150200.0,6247395000.0,0.0,0.0,150200.0,6247395000.0,45800.0,-47000.0,-47200.0,1200.0,1909715000.0,-1961580000.0,-1969880000.0,51865000.0
23/08/2021,26009.8677605591,43850.0,-950.0,-0.0217,26555.5293219696,26555.5293219696,25464.2061991488,268400.0,11462475000.0,0.0,0.0,268400.0,11462475000.0,71700.0,-83800.0,-83800.0,12100.0,3057180000.0,-3579990000.0,-3579990000.0,522810000.0
20/08/2021,26585.8438531589,43000.0,850.0,0.01976744,26070.4968229382,26919.303696243,25767.3515110435,455500.0,19880095000.0,0.0,0.0,455500.0,19880095000.0,36100.0,-41500.0,-56500.0,5400.0,1588030000.0,-1823520000.0,-2480325000.0,235490000.0
19/08/2021,26070.4968229382,42300.0,700.0,0.01654846,25524.8352615278,26676.7874467273,25100.4318248753,360700.0,15198065000.0,0.0,0.0,360700.0,15198065000.0,107200.0,-113800.0,-124100.0,6600.0,4531715000.0,-4809905000.0,-5242955000.0,278190000.0
18/08/2021,25646.0933862856,43200.0,-900.0,-0.02083333,25979.5532293698,26009.8677605591,25221.6899496332,285300.0,12022670000.0,0.0,0.0,285300.0,12022670000.0,90300.0,-105400.0,-105400.0,15100.0,3805875000.0,-4440985000.0,-4440985000.0,635110000.0
17/08/2021,26191.7549476959,43500.0,-300.0,-0.00689655,26676.7874467273,27586.2233824113,25524.8352615278,275500.0,12008000000.0,0.0,0.0,275500.0,12008000000.0,82000.0,-74400.0,-79400.0,-7600.0,3537205000.0,-3208615000.0,-3424215000.0,-328590000.0
16/08/2021,26373.6421348328,40700.0,2800.0,0.06879607,24766.9719817913,26373.6421348328,24766.9719817913,332800.0,14200705000.0,0.0,0.0,332800.0,14200705000.0,31600.0,0.0,0.0,-31600.0,1290275000.0,0.0,0.0,-1290275000.0
13/08/2021,24676.0283882229,39850.0,850.0,0.02132999,24160.681358002,24736.6574506018,23887.8505772968,275800.0,11051665000.0,0.0,0.0,275800.0,11051665000.0,34100.0,0.0,0.0,-34100.0,1358360000.0,0.0,0.0,-1358360000.0
11/08/2021,24130.3668268124,38750.0,1050.0,0.02709677,23524.0762030232,24736.6574506018,23402.8180782654,99100.0,3902530000.0,0.0,0.0,99100.0,3902530000.0,-1700.0,0.0,0.0,1700.0,-66170000.0,0.0,0.0,66170000.0
10/08/2021,23493.7616718338,39000.0,-250.0,-0.00641026,23554.3907342127,23645.3343277811,22735.8983920971,157800.0,6066145000.0,0.0,0.0,157800.0,6066145000.0,-75800.0,-20000.0,0.0,95800.0,-2921415000.0,-764000000.0,0.0,3685415000.0
09/08/2021,23645.3343277811,38650.0,350.0,0.00905563,22735.8983920971,23645.3343277811,22735.8983920971,68800.0,2624030000.0,0.0,0.0,68800.0,2624030000.0,25100.0,-26400.0,0.0,1300.0,953730000.0,-1003325000.0,0.0,49595000.0
06/08/2021,23433.1326094549,38900.0,-250.0,-0.00642674,23705.9633901601,23705.9633901601,23220.9308911286,56300.0,2178755000.0,0.0,0.0,56300.0,2178755000.0,12600.0,-13600.0,0.0,1000.0,488575000.0,-527100000.0,0.0,38525000.0
05/08/2021,23584.7052654021,37000.0,1900.0,0.05135135,22432.7530802026,23584.7052654021,22432.7530802026,117100.0,4443350000.0,0.0,0.0,117100.0,4443350000.0,19700.0,-20000.0,0.0,300.0,752230000.0,-762985000.0,0.0,10755000.0
04/08/2021,22432.7530802026,37050.0,-50.0,-0.00134953,22463.067611392,22463.067611392,22250.8658930657,46000.0,1697690000.0,0.0,0.0,46000.0,1697690000.0,8900.0,-10000.0,0.0,1100.0,328335000.0,-369000000.0,0.0,40665000.0
03/08/2021,22463.067611392,37050.0,0.0,0.0,22372.1240178236,22554.0112049603,22068.978705929,99400.0,3655825000.0,0.0,0.0,99400.0,3655825000.0,10900.0,-10000.0,0.0,-900.0,399905000.0,-366740000.0,0.0,-33165000.0
02/08/2021,22463.067611392,37150.0,-100.0,-0.00269179,22675.2693297183,22675.2693297183,22250.8658930657,50800.0,1877720000.0,0.0,0.0,50800.0,1877720000.0,100.0,0.0,0.0,-100.0,3740000.0,0.0,0.0,-3740000.0
30/07/2021,22523.696673771,37500.0,-350.0,-0.00933333,22493.3821425816,22705.5838609079,22372.1240178236,55600.0,2065945000.0,0.0,0.0,55600.0,2065945000.0,100.0,0.0,0.0,-100.0,3740000.0,0.0,0.0,-3740000.0
29/07/2021,22735.8983920971,37500.0,0.0,0.0,22493.3821425816,22735.8983920971,22432.7530802026,23200.0,861460000.0,0.0,0.0,23200.0,861460000.0,500.0,0.0,0.0,-500.0,18725000.0,0.0,0.0,-18725000.0
28/07/2021,22735.8983920971,37600.0,-100.0,-0.00265957,22675.2693297183,22826.8419856655,22432.7530802026,45900.0,1708175000.0,0.0,0.0,45900.0,1708175000.0,3100.0,0.0,0.0,-3100.0,114875000.0,0.0,0.0,-114875000.0
27/07/2021,22796.5274544762,37850.0,-250.0,-0.00660502,22948.1001104234,22978.414641613,22796.5274544762,13800.0,521235000.0,0.0,0.0,13800.0,521235000.0,-300.0,0.0,0.0,300.0,-11355000.0,0.0,0.0,11355000.0
26/07/2021,22948.1001104234,37450.0,400.0,0.01068091,22250.8658930657,22978.414641613,22250.8658930657,24900.0,925985000.0,0.0,0.0,24900.0,925985000.0,-400.0,0.0,0.0,400.0,-15000000.0,0.0,0.0,15000000.0
23/07/2021,22705.5838609079,38300.0,-850.0,-0.02219321,22857.156516855,23039.0437039917,22554.0112049603,20200.0,755900000.0,0.0,0.0,20200.0,755900000.0,10000.0,-10000.0,0.0,0.0,374150000.0,-374150000.0,0.0,0.0
22/07/2021,23220.9308911286,37600.0,700.0,0.01861702,22190.2368306869,23220.9308911286,22190.2368306869,58400.0,2187695000.0,0.0,0.0,58400.0,2187695000.0,6800.0,-10000.0,0.0,3200.0,249640000.0,-370280000.0,0.0,120640000.0
21/07/2021,22796.5274544762,37950.0,-350.0,-0.00922266,22978.414641613,22978.414641613,22311.4949554447,34800.0,1290555000.0,0.0,0.0,34800.0,1290555000.0,5500.0,-4700.0,0.0,-800.0,204045000.0,-174095000.0,0.0,-29950000.0
20/07/2021,23008.7291728023,38000.0,-50.0,-0.00131579,22432.7530802026,23039.0437039917,22129.6077683079,15100.0,560210000.0,0.0,0.0,15100.0,560210000.0,700.0,0.0,0.0,-700.0,25815000.0,0.0,0.0,-25815000.0
19/07/2021,23039.0437039917,39000.0,-1000.0,-0.02564103,23554.3907342127,23554.3907342127,22432.7530802026,22100.0,830320000.0,0.0,0.0,22100.0,830320000.0,700.0,0.0,0.0,-700.0,26320000.0,0.0,0.0,-26320000.0
16/07/2021,23645.3343277811,38800.0,200.0,0.00515464,23039.0437039917,23645.3343277811,22159.9222994974,150600.0,5630045000.0,0.0,0.0,150600.0,5630045000.0,32000.0,-30000.0,0.0,-2000.0,1202585000.0,-1125630000.0,0.0,-76955000.0
15/07/2021,23524.0762030232,39600.0,-800.0,-0.02020202,24009.1087020547,24190.9958891914,22372.1240178236,113600.0,4338605000.0,0.0,0.0,113600.0,4338605000.0,-900.0,0.0,0.0,900.0,-33060000.0,0.0,0.0,33060000.0
14/07/2021,24009.1087020547,39850.0,-250.0,-0.00627353,24100.052295623,24281.9394827598,23918.1651084862,23200.0,918930000.0,0.0,0.0,23200.0,918930000.0,-1500.0,0.0,0.0,1500.0,-59275000.0,0.0,0.0,59275000.0
13/07/2021,24160.681358002,39550.0,300.0,0.00758534,23978.7941708652,24251.6249515704,23978.7941708652,14300.0,567695000.0,0.0,0.0,14300.0,567695000.0,-1700.0,0.0,0.0,1700.0,-67345000.0,0.0,0.0,67345000.0
12/07/2021,23978.7941708652,41400.0,-1850.0,-0.04468599,25100.4318248753,25100.4318248753,23402.8180782654,53900.0,2225145000.0,55100.0,2225000000.0,109000.0,4450145000.0,-41800.0,0.0,0.0,41800.0,-1688610000.0,0.0,0.0,1688610000.0
09/07/2021,25100.4318248753,43500.0,-2100.0,-0.04827586,25888.6096358014,26070.4968229382,25100.4318248753,42600.0,1789980000.0,0.0,0.0,42600.0,1789980000.0,-24600.0,-100.0,-100.0,24700.0,-1033650000.0,-4280000.0,-4280000.0,1037930000.0
08/07/2021,26373.6421348328,43500.0,0.0,0.0,26191.7549476959,26373.6421348328,25888.6096358014,30900.0,1363140000.0,0.0,0.0,30900.0,1363140000.0,-7900.0,0.0,0.0,7900.0,-338945000.0,0.0,0.0,338945000.0
07/07/2021,26373.6421348328,43850.0,-350.0,-0.00798176,26555.5293219696,26555.5293219696,26009.8677605591,68300.0,2958355000.0,0.0,0.0,68300.0,2958355000.0,-53300.0,0.0,0.0,53300.0,-2311260000.0,0.0,0.0,2311260000.0
06/07/2021,26585.8438531589,44600.0,-750.0,-0.01681614,26737.4165091063,27040.5618210009,26585.8438531589,67300.0,2976255000.0,0.0,0.0,67300.0,2976255000.0,12500.0,-23000.0,0.0,10500.0,558225000.0,-1019550000.0,0.0,461325000.0
05/07/2021,27040.5618210009,44800.0,-200.0,-0.0045,27161.8199457588,27161.8199457588,26707.1019779167,60400.0,2678575000.0,0.0,0.0,60400.0,2678575000.0,-28000.0,-100.0,0.0,28100.0,-1241035000.0,-4460000.0,0.0,1245495000.0
02/07/2021,27161.8199457588,44800.0,0.0,0.0,27040.5618210009,27464.9652576534,26949.6182274325,111500.0,4998585000.0,0.0,0.0,111500.0,4998585000.0,-8100.0,-3200.0,0.0,11300.0,-360085000.0,-143440000.0,0.0,503525000.0
01/07/2021,27161.8199457588,45000.0,-200.0,-0.00444444,27283.0780705167,27404.3361952745,26979.932758622,57500.0,2576785000.0,0.0,0.0,57500.0,2576785000.0,-5400.0,0.0,0.0,5400.0,-240220000.0,0.0,0.0,240220000.0
30/06/2021,27283.0780705167,45100.0,-100.0,-0.0022,27283.0780705167,27464.9652576534,26979.932758622,99400.0,4462355000.0,0.0,0.0,99400.0,4462355000.0,-26200.0,-400.0,0.0,26600.0,-1173340000.0,-18020000.0,0.0,1191360000.0
29/06/2021,27343.7071328956,45000.0,100.0,0.0022,27283.0780705167,27646.8524447903,27070.8763521905,71400.0,3217095000.0,0.0,0.0,71400.0,3217095000.0,-16900.0,0.0,0.0,16900.0,-758060000.0,0.0,0.0,758060000.0
28/06/2021,27283.0780705167,44900.0,100.0,0.00222717,27222.4490081377,27525.5943200322,26585.8438531589,131800.0,5857140000.0,0.0,0.0,131800.0,5857140000.0,-7900.0,-13000.0,0.0,20900.0,-347275000.0,-574415000.0,0.0,921690000.0
25/06/2021,27222.4490081377,44900.0,0.0,0.0,27222.4490081377,27222.4490081377,26676.7874467273,51200.0,2269780000.0,0.0,0.0,51200.0,2269780000.0,-21600.0,500.0,0.0,21100.0,-957770000.0,22305000.0,0.0,935465000.0
24/06/2021,27222.4490081377,44800.0,100.0,0.00223214,27646.8524447903,27646.8524447903,26858.6746338642,70200.0,3141535000.0,0.0,0.0,70200.0,3141535000.0,-5800.0,0.0,0.0,5800.0,-255990000.0,0.0,0.0,255990000.0
23/06/2021,27161.8199457588,45700.0,-900.0,-0.01969365,27707.4815071691,27707.4815071691,27040.5618210009,161900.0,7288070000.0,0.0,0.0,161900.0,7288070000.0,-52800.0,0.0,0.0,52800.0,-2380355000.0,0.0,0.0,2380355000.0
22/06/2021,27707.4815071691,45900.0,-200.0,-0.0043573,27828.739631927,27828.739631927,27555.9088512219,92300.0,4214740000.0,0.0,0.0,92300.0,4214740000.0,-18400.0,0.0,0.0,18400.0,-838670000.0,0.0,0.0,838670000.0
21/06/2021,27828.739631927,46150.0,-250.0,-0.00541712,28010.6268190637,28010.6268190637,27586.2233824113,139800.0,6412270000.0,0.0,0.0,139800.0,6412270000.0,-36800.0,-3900.0,0.0,40700.0,-1686730000.0,-177960000.0,0.0,1864690000.0
18/06/2021,27980.3122878742,46200.0,-50.0,-0.00108225,28131.8849438217,28131.8849438217,27768.1105695481,129700.0,5979100000.0,0.0,0.0,129700.0,5979100000.0,10500.0,-10200.0,0.0,-300.0,484390000.0,-470560000.0,0.0,-13830000.0
17/06/2021,28010.6268190637,44950.0,1250.0,0.02780868,27192.1344769482,28010.6268190637,27161.8199457588,189200.0,8591315000.0,0.0,0.0,189200.0,8591315000.0,15000.0,-30000.0,0.0,15000.0,689870000.0,-1365240000.0,0.0,675370000.0
16/06/2021,27252.7635393271,44950.0,0.0,0.0,27586.2233824113,27646.8524447903,26858.6746338642,187100.0,8423020000.0,0.0,0.0,187100.0,8423020000.0,7400.0,-30000.0,0.0,22600.0,332265000.0,-1343475000.0,0.0,1011210000.0
15/06/2021,27252.7635393271,43000.0,1950.0,0.04534884,26070.4968229382,27586.2233824113,25464.2061991488,213200.0,9371600000.0,0.0,0.0,213200.0,9371600000.0,8000.0,-9800.0,0.0,1800.0,349270000.0,-425965000.0,0.0,76695000.0
14/06/2021,26070.4968229382,42900.0,100.0,0.002331,26616.1583843485,26616.1583843485,25524.8352615278,85300.0,3647125000.0,0.0,0.0,85300.0,3647125000.0,28400.0,-30000.0,0.0,1600.0,1210920000.0,-1278790000.0,0.0,67870000.0
11/06/2021,26009.8677605591,41550.0,1350.0,0.03249097,25039.8027624964,26009.8677605591,25039.8027624964,154800.0,6533350000.0,0.0,0.0,154800.0,6533350000.0,76200.0,-1100.0,0.0,-75100.0,3198465000.0,-46585000.0,0.0,-3151880000.0
10/06/2021,25191.3754184437,43200.0,-1650.0,-0.03819444,26070.4968229382,26070.4968229382,25161.0608872542,197400.0,8339195000.0,0.0,0.0,197400.0,8339195000.0,42800.0,-30000.0,0.0,-12800.0,1801455000.0,-1268965000.0,0.0,-532490000.0
09/06/2021,26191.7549476959,44500.0,-1300.0,-0.02921348,27283.0780705167,27283.0780705167,26070.4968229382,152600.0,6698360000.0,0.0,0.0,152600.0,6698360000.0,36200.0,0.0,0.0,-36200.0,1566225000.0,0.0,0.0,-1566225000.0
08/06/2021,26979.932758622,43000.0,1500.0,0.03488372,26676.7874467273,27525.5943200322,26676.7874467273,196000.0,8785295000.0,0.0,0.0,196000.0,8785295000.0,-9500.0,1100.0,0.0,8400.0,-428405000.0,49555000.0,0.0,378850000.0
07/06/2021,26070.4968229382,41500.0,1500.0,0.03614458,25676.407917475,26070.4968229382,25464.2061991488,184200.0,7806705000.0,0.0,0.0,184200.0,7806705000.0,-2600.0,0.0,0.0,2600.0,-109990000.0,0.0,0.0,109990000.0
04/06/2021,25161.0608872542,41400.0,100.0,0.00241546,25100.4318248753,25161.0608872542,24736.6574506018,90400.0,3710385000.0,0.0,0.0,90400.0,3710385000.0,-5200.0,0.0,0.0,5200.0,-212205000.0,0.0,0.0,212205000.0
03/06/2021,25100.4318248753,41350.0,50.0,0.00120919,26070.4968229382,26070.4968229382,24615.3993258438,85400.0,3506640000.0,0.0,0.0,85400.0,3506640000.0,3000.0,-3500.0,-3500.0,500.0,122020000.0,-142320000.0,-142320000.0,20300000.0
02/06/2021,25070.1172936859,40450.0,900.0,0.02224969,24494.141201086,25070.1172936859,24312.2540139492,130200.0,5251900000.0,0.0,0.0,130200.0,5251900000.0,-21000.0,0.0,0.0,21000.0,-845250000.0,0.0,0.0,845250000.0
01/06/2021,24524.4557322755,40700.0,-250.0,-0.00614251,24524.4557322755,24918.5446377385,24524.4557322755,31400.0,1272050000.0,0.0,0.0,31400.0,1272050000.0,-6100.0,0.0,0.0,6100.0,-246870000.0,0.0,0.0,246870000.0
31/05/2021,24676.0283882229,41300.0,-600.0,-0.01452785,24918.5446377385,24979.1737001174,24554.770263465,37400.0,1521495000.0,0.0,0.0,37400.0,1521495000.0,-1700.0,0.0,0.0,1700.0,-69870000.0,0.0,0.0,69870000.0
28/05/2021,25039.8027624964,41250.0,50.0,0.00121212,24857.9155753596,25039.8027624964,24372.8830763282,145700.0,5911980000.0,0.0,0.0,145700.0,5911980000.0,-41600.0,0.0,0.0,41600.0,-1690260000.0,0.0,0.0,1690260000.0
27/05/2021,25009.488231307,41400.0,-150.0,-0.00362319,25039.8027624964,25039.8027624964,24615.3993258438,97100.0,3981605000.0,0.0,0.0,97100.0,3981605000.0,-35600.0,0.0,0.0,35600.0,-1458660000.0,0.0,0.0,1458660000.0
26/05/2021,25100.4318248753,42150.0,-750.0,-0.01779359,25706.7224486646,25706.7224486646,24948.859168928,102000.0,4242930000.0,0.0,0.0,102000.0,4242930000.0,-45100.0,0.0,0.0,45100.0,-1876265000.0,0.0,0.0,1876265000.0
25/05/2021,25555.1497927173,43000.0,-850.0,-0.01976744,25858.2951046119,26070.4968229382,25464.2061991488,89500.0,3799380000.0,0.0,0.0,89500.0,3799380000.0,-4700.0,0.0,0.0,4700.0,-200600000.0,0.0,0.0,200600000.0
24/05/2021,26070.4968229382,41950.0,1050.0,0.0250298,25221.6899496332,26191.7549476959,25221.6899496332,76000.0,3227560000.0,0.0,0.0,76000.0,3227560000.0,-4200.0,0.0,0.0,4200.0,-178255000.0,0.0,0.0,178255000.0
21/05/2021,25433.8916679593,41200.0,750.0,0.01820388,24494.141201086,25464.2061991488,24463.8266698966,96400.0,3976680000.0,0.0,0.0,96400.0,3976680000.0,-3000.0,0.0,0.0,3000.0,-125210000.0,0.0,0.0,125210000.0
20/05/2021,24979.1737001174,41000.0,200.0,0.00487805,24554.770263465,24979.1737001174,24312.2540139492,89200.0,3616705000.0,0.0,0.0,89200.0,3616705000.0,-14200.0,0.0,0.0,14200.0,-573820000.0,0.0,0.0,573820000.0
19/05/2021,24857.9155753596,41000.0,0.0,0.0,24827.6010441702,24857.9155753596,24433.5121387071,54900.0,2228560000.0,0.0,0.0,54900.0,2228560000.0,-20900.0,0.0,0.0,20900.0,-845400000.0,0.0,0.0,845400000.0
18/05/2021,24857.9155753596,41100.0,-100.0,-0.00243309,24857.9155753596,24857.9155753596,24372.8830763282,94600.0,3853600000.0,0.0,0.0,94600.0,3853600000.0,-24000.0,0.0,0.0,24000.0,-975320000.0,0.0,0.0,975320000.0
17/05/2021,24918.5446377385,42200.0,-1100.0,-0.02606635,25585.4643239068,25585.4643239068,24918.5446377385,97400.0,4045665000.0,0.0,0.0,97400.0,4045665000.0,-40300.0,0.0,0.0,40300.0,-1679010000.0,0.0,0.0,1679010000.0
14/05/2021,25585.4643239068,41700.0,500.0,0.01199041,25282.3190120122,25585.4643239068,25039.8027624964,88100.0,3674975000.0,0.0,0.0,88100.0,3674975000.0,-23200.0,0.0,0.0,23200.0,-962865000.0,0.0,0.0,962865000.0
13/05/2021,25282.3190120122,41800.0,-100.0,-0.00239234,25615.7788550962,25646.0933862856,25161.0608872542,42800.0,1786625000.0,0.0,0.0,42800.0,1786625000.0,5000.0,-10000.0,0.0,5000.0,207595000.0,-415480000.0,0.0,207885000.0
12/05/2021,25342.948074391,40500.0,1300.0,0.03209877,24251.6249515704,25342.948074391,24069.7377644336,104800.0,4269055000.0,0.0,0.0,104800.0,4269055000.0,8000.0,-10000.0,0.0,2000.0,318250000.0,-400755000.0,0.0,82505000.0
11/05/2021,24554.770263465,39900.0,600.0,0.01503759,24190.9958891914,24554.770263465,23766.5924525389,171600.0,6799445000.0,0.0,0.0,171600.0,6799445000.0,-38000.0,-10000.0,0.0,48000.0,-1500525000.0,-398220000.0,0.0,1898745000.0
10/05/2021,24190.9958891914,41050.0,-1150.0,-0.02801462,24554.770263465,24585.0847946545,24130.3668268124,112100.0,4499585000.0,0.0,0.0,112100.0,4499585000.0,-33800.0,0.0,0.0,33800.0,-1359415000.0,0.0,0.0,1359415000.0
07/05/2021,24888.2301065491,41300.0,-250.0,-0.00605327,24979.1737001174,24979.1737001174,24251.6249515704,72700.0,2956595000.0,0.0,0.0,72700.0,2956595000.0,-10300.0,-100.0,-100.0,10400.0,-424355000.0,-4105000.0,-4105000.0,428460000.0
06/05/2021,25039.8027624964,41300.0,0.0,0.0,25100.4318248753,25464.2061991488,24979.1737001174,46200.0,1912520000.0,0.0,0.0,46200.0,1912520000.0,3300.0,-9700.0,0.0,6400.0,138760000.0,-402355000.0,0.0,263595000.0
05/05/2021,25039.8027624964,41300.0,0.0,0.0,25039.8027624964,25161.0608872542,24706.3429194122,91200.0,3749365000.0,0.0,0.0,91200.0,3749365000.0,-20000.0,-4700.0,0.0,24700.0,-817430000.0,-195050000.0,0.0,1012480000.0
04/05/2021,25039.8027624964,42000.0,-700.0,-0.01666667,25342.948074391,25464.2061991488,24676.0283882229,86100.0,3539935000.0,0.0,0.0,86100.0,3539935000.0,-28100.0,0.0,0.0,28100.0,-1163385000.0,0.0,0.0,1163385000.0
29/04/2021,25464.2061991488,42200.0,-200.0,-0.00473934,25464.2061991488,25464.2061991488,24857.9155753596,144000.0,5980000000.0,0.0,0.0,144000.0,5980000000.0,-25100.0,0.0,0.0,25100.0,-1041660000.0,0.0,0.0,1041660000.0
28/04/2021,25585.4643239068,42900.0,-700.0,-0.01631702,25464.2061991488,25767.3515110435,25130.7463560647,131800.0,5544200000.0,0.0,0.0,131800.0,5544200000.0,-16100.0,-13000.0,0.0,29100.0,-664840000.0,-549600000.0,0.0,1214440000.0
27/04/2021,26009.8677605591,43350.0,-450.0,-0.01038062,26282.6985412644,26676.7874467273,24979.1737001174,104200.0,4460250000.0,0.0,0.0,104200.0,4460250000.0,1100.0,-100.0,-100.0,-1000.0,49935000.0,-4230000.0,-4230000.0,-45705000.0
26/04/2021,26282.6985412644,46600.0,-3250.0,-0.06974249,28071.2558814426,28071.2558814426,26282.6985412644,70000.0,3116460000.0,0.0,0.0,70000.0,3116460000.0,25800.0,-10300.0,-100.0,-15500.0,1128885000.0,-447280000.0,-4565000.0,-681605000.0
23/04/2021,28253.1430685794,44150.0,2450.0,0.05549264,26767.7310402957,28253.1430685794,26737.4165091063,133300.0,5990730000.0,0.0,0.0,133300.0,5990730000.0,-3900.0,0.0,0.0,3900.0,-172065000.0,0.0,0.0,172065000.0
22/04/2021,26767.7310402957,47000.0,-2850.0,-0.0606,28435.0302557162,28435.0302557162,26767.7310402957,103800.0,4803910000.0,0.0,0.0,103800.0,4803910000.0,-10900.0,0.0,0.0,10900.0,-501505000.0,0.0,0.0,501505000.0
20/04/2021,28495.6593180951,45800.0,1200.0,0.02620087,28374.4011933372,28495.6593180951,27768.1105695481,233900.0,10897485000.0,0.0,0.0,233900.0,10897485000.0,-8000.0,200.0,0.0,7800.0,-371560000.0,9235000.0,0.0,362325000.0
19/04/2021,27768.1105695481,46500.0,-700.0,-0.01505376,27616.5379136006,27768.1105695481,27525.5943200322,71500.0,3258820000.0,0.0,0.0,71500.0,3258820000.0,-3600.0,0.0,0.0,3600.0,-163590000.0,0.0,0.0,163590000.0
16/04/2021,28192.5140062006,46600.0,-100.0,-0.00214592,27919.6832254955,28192.5140062006,27101.1908833799,85100.0,3874445000.0,0.0,0.0,85100.0,3874445000.0,-5800.0,-5400.0,-100.0,11200.0,-278315000.0,-243510000.0,-4560000.0,521825000.0
15/04/2021,28253.1430685794,46800.0,-200.0,-0.0042735,28010.6268190637,28253.1430685794,27616.5379136006,120500.0,5547600000.0,0.0,0.0,120500.0,5547600000.0,-23000.0,0.0,0.0,23000.0,-1055905000.0,0.0,0.0,1055905000.0
14/04/2021,28374.4011933372,46200.0,600.0,0.01298701,27949.9977566848,28374.4011933372,27525.5943200322,145100.0,6698000000.0,0.0,0.0,145100.0,6698000000.0,-20700.0,0.0,0.0,20700.0,-947575000.0,0.0,0.0,947575000.0
13/04/2021,28010.6268190637,46800.0,-600.0,-0.01282051,28131.8849438217,28192.5140062006,27404.3361952745,125600.0,5762415000.0,0.0,0.0,125600.0,5762415000.0,-35000.0,0.0,0.0,35000.0,-1611105000.0,0.0,0.0,1611105000.0
12/04/2021,28374.4011933372,47000.0,-200.0,-0.00425532,28465.3447869057,28465.3447869057,28040.9413502532,141000.0,6553470000.0,0.0,0.0,141000.0,6553470000.0,-3500.0,0.0,0.0,3500.0,-161500000.0,0.0,0.0,161500000.0
09/04/2021,28495.6593180951,46900.0,100.0,0.0021322,28253.1430685794,28495.6593180951,28101.5704126321,89600.0,4165490000.0,0.0,0.0,89600.0,4165490000.0,-13300.0,0.0,0.0,13300.0,-618075000.0,0.0,0.0,618075000.0
08/04/2021,28435.0302557162,47200.0,-300.0,-0.00635593,28192.5140062006,28556.2883804741,28131.8849438217,60700.0,2826370000.0,0.0,0.0,60700.0,2826370000.0,-1700.0,-2900.0,0.0,4600.0,-77445000.0,-136300000.0,0.0,213745000.0
07/04/2021,28616.917442853,46400.0,800.0,0.01724138,28344.0866621478,28616.917442853,27101.1908833799,246500.0,11342545000.0,0.0,0.0,246500.0,11342545000.0,-46200.0,0.0,0.0,46200.0,-2141570000.0,0.0,0.0,2141570000.0
06/04/2021,28131.8849438217,48400.0,-2000.0,-0.04132231,28829.1191611793,28859.4336923688,28131.8849438217,176500.0,8296710000.0,0.0,0.0,176500.0,8296710000.0,-57800.0,0.0,0.0,57800.0,-2721205000.0,0.0,0.0,2721205000.0
05/04/2021,29344.4661914001,49000.0,-600.0,-0.0122449,29586.9824409159,29586.9824409159,28707.8610364213,151800.0,7269725000.0,0.0,0.0,151800.0,7269725000.0,-11000.0,0.0,0.0,11000.0,-526550000.0,0.0,0.0,526550000.0
02/04/2021,29708.2405656738,48650.0,350.0,0.00719424,29526.3533785369,29708.2405656738,28616.917442853,149300.0,7160195000.0,0.0,0.0,149300.0,7160195000.0,29800.0,0.0,0.0,-29800.0,1421065000.0,0.0,0.0,-1421065000.0
01/04/2021,29496.0388473475,47350.0,1300.0,0.02745512,28707.8610364213,29496.0388473475,26858.6746338642,132000.0,6168605000.0,0.0,0.0,132000.0,6168605000.0,22700.0,-200.0,-200.0,-22500.0,1061720000.0,-9360000.0,-9360000.0,-1052360000.0
31/03/2021,28707.8610364213,47550.0,-200.0,-0.0042061,28829.1191611793,28829.1191611793,28192.5140062006,96500.0,4525680000.0,0.0,0.0,96500.0,4525680000.0,3300.0,0.0,0.0,-3300.0,153990000.0,0.0,0.0,-153990000.0
30/03/2021,28829.1191611793,46450.0,1100.0,0.02368138,28192.5140062006,29101.9499418844,27889.3686943058,110300.0,5181075000.0,0.0,0.0,110300.0,5181075000.0,3600.0,0.0,0.0,-3600.0,168790000.0,0.0,0.0,-168790000.0
29/03/2021,28162.199475011,47100.0,-650.0,-0.01380042,28556.2883804741,28556.2883804741,27283.0780705167,115700.0,5330415000.0,0.0,0.0,115700.0,5330415000.0,-7000.0,-200.0,-200.0,7200.0,-322800000.0,-9200000.0,-9200000.0,332000000.0
26/03/2021,28556.2883804741,47100.0,0.0,0.0,27889.3686943058,28556.2883804741,26767.7310402957,211600.0,9685130000.0,0.0,0.0,211600.0,9685130000.0,-3500.0,0.0,0.0,3500.0,-163885000.0,0.0,0.0,163885000.0
25/03/2021,28556.2883804741,47800.0,-700.0,-0.01464435,28980.6918171265,29071.6354106949,27343.7071328956,218800.0,10152615000.0,0.0,0.0,218800.0,10152615000.0,2800.0,0.0,0.0,-2800.0,133150000.0,0.0,0.0,-133150000.0
24/03/2021,28980.6918171265,50000.0,-2200.0,-0.044,29405.095253779,29708.2405656738,28556.2883804741,120100.0,5801245000.0,0.0,0.0,120100.0,5801245000.0,-600.0,0.0,0.0,600.0,-29570000.0,0.0,0.0,29570000.0
23/03/2021,30314.5311894629,51500.0,-1500.0,-0.02912621,30920.8218132522,30920.8218132522,29586.9824409159,261600.0,13001390000.0,0.0,0.0,261600.0,13001390000.0,5200.0,0.0,0.0,-5200.0,258500000.0,0.0,0.0,-258500000.0
22/03/2021,31223.9671251468,52200.0,-700.0,-0.01340996,31648.3705617993,31648.3705617993,30617.6765013577,189500.0,9708290000.0,0.0,0.0,189500.0,9708290000.0,-2100.0,1000.0,0.0,1100.0,-108800000.0,50900000.0,0.0,57900000.0
19/03/2021,31648.3705617993,53000.0,-800.0,-0.01509434,32133.4030608307,32133.4030608307,31345.2252499046,121500.0,6332410000.0,0.0,0.0,121500.0,6332410000.0,-2300.0,0.0,0.0,2300.0,-120330000.0,0.0,0.0,120330000.0
18/03/2021,32133.4030608307,53100.0,-100.0,-0.00188324,32194.0321232096,32194.0321232096,31223.9671251468,127400.0,6656690000.0,0.0,0.0,127400.0,6656690000.0,-1400.0,0.0,0.0,1400.0,-73420000.0,0.0,0.0,73420000.0
17/03/2021,32194.0321232096,52900.0,200.0,0.00378072,31769.6286865572,32194.0321232096,30860.1927508731,352800.0,18218240000.0,0.0,0.0,352800.0,18218240000.0,-8400.0,3500.0,0.0,4900.0,-430610000.0,178850000.0,0.0,251760000.0
16/03/2021,32072.7739984518,54300.0,-1400.0,-0.02578269,32618.4355598621,32618.4355598621,31223.9671251468,273400.0,14308860000.0,0.0,0.0,273400.0,14308860000.0,-8200.0,3200.0,0.0,5000.0,-425960000.0,165060000.0,0.0,260900000.0
15/03/2021,32921.5808717567,55000.0,-700.0,-0.01272727,33406.6133707881,33406.6133707881,32072.7739984518,137400.0,7439840000.0,0.0,0.0,137400.0,7439840000.0,4900.0,2300.0,0.0,-7200.0,271630000.0,121670000.0,0.0,-393300000.0
12/03/2021,33345.9843084092,54500.0,500.0,0.00917431,33467.242433167,34861.7108678824,33103.4680588937,282800.0,15914940000.0,0.0,0.0,282800.0,15914940000.0,11500.0,-12000.0,0.0,500.0,639980000.0,-669360000.0,0.0,29380000.0
11/03/2021,33042.8389965145,51000.0,3500.0,0.06862745,31284.5961875257,33042.8389965145,31284.5961875257,751500.0,40123610000.0,0.0,0.0,751500.0,40123610000.0,-3000.0,1000.0,0.0,2000.0,-213460000.0,52090000.0,0.0,161370000.0
10/03/2021,30920.8218132522,49900.0,1100.0,0.02204409,30314.5311894629,30920.8218132522,29768.8696280525,126000.0,6284210000.0,0.0,0.0,126000.0,6284210000.0,12900.0,0.0,0.0,-12900.0,648140000.0,0.0,0.0,-648140000.0
09/03/2021,30253.902127084,49750.0,150.0,0.00301508,30253.902127084,30253.902127084,29465.7243161579,48600.0,2395910000.0,0.0,0.0,48600.0,2395910000.0,-12700.0,0.0,0.0,12700.0,-631450000.0,0.0,0.0,631450000.0
08/03/2021,30162.9585335156,49250.0,500.0,0.01015228,29465.7243161579,30920.8218132522,29405.095253779,139500.0,6916525000.0,0.0,0.0,139500.0,6916525000.0,-24400.0,3000.0,0.0,21400.0,-1219415000.0,150375000.0,0.0,1069040000.0
05/03/2021,29859.813221621,49900.0,-650.0,-0.01302605,30314.5311894629,30314.5311894629,29647.6115032948,30200.0,1486845000.0,0.0,0.0,30200.0,1486845000.0,-1900.0,0.0,0.0,1900.0,-94275000.0,0.0,0.0,94275000.0
04/03/2021,30253.902127084,50900.0,-1000.0,-0.01964637,30920.8218132522,31345.2252499046,29101.9499418844,75800.0,3833600000.0,0.0,0.0,75800.0,3833600000.0,18100.0,0.0,0.0,-18100.0,913380000.0,0.0,0.0,-913380000.0
03/03/2021,30860.1927508731,49800.0,1100.0,0.02208835,30314.5311894629,31163.3380627679,30314.5311894629,365500.0,18572660000.0,0.0,0.0,365500.0,18572660000.0,50200.0,0.0,0.0,-50200.0,2549200000.0,0.0,0.0,-2549200000.0
02/03/2021,30193.2730647051,48650.0,1150.0,0.02363823,29496.0388473475,30193.2730647051,29496.0388473475,106600.0,5262075000.0,0.0,0.0,106600.0,5262075000.0,-13000.0,0.0,0.0,13000.0,-643090000.0,0.0,0.0,643090000.0
01/03/2021,29496.0388473475,47200.0,1450.0,0.03072034,28435.0302557162,29526.3533785369,27374.0216640852,69300.0,3292295000.0,0.0,0.0,69300.0,3292295000.0,4500.0,5000.0,5000.0,-9500.0,198265000.0,237170000.0,237170000.0,-435435000.0
26/02/2021,28616.917442853,48000.0,-800.0,-0.01666667,28495.6593180951,29101.9499418844,27889.3686943058,49600.0,2326970000.0,0.0,0.0,49600.0,2326970000.0,15300.0,0.0,0.0,-15300.0,717405000.0,0.0,0.0,-717405000.0
25/02/2021,29101.9499418844,48400.0,-400.0,-0.00826446,28859.4336923688,29344.4661914001,28859.4336923688,76000.0,3657105000.0,0.0,0.0,76000.0,3657105000.0,9300.0,0.0,0.0,-9300.0,447740000.0,0.0,0.0,-447740000.0
24/02/2021,29344.4661914001,49450.0,-1050.0,-0.02123357,29981.071346379,29981.071346379,29101.9499418844,90000.0,4357595000.0,0.0,0.0,90000.0,4357595000.0,6600.0,0.0,0.0,-6600.0,320595000.0,0.0,0.0,-320595000.0
23/02/2021,29981.071346379,49450.0,0.0,0.0,29496.0388473475,30162.9585335156,29465.7243161579,107800.0,5313075000.0,0.0,0.0,107800.0,5313075000.0,-58800.0,0.0,0.0,58800.0,-2904065000.0,0.0,0.0,2904065000.0
22/02/2021,29981.071346379,49800.0,-350.0,-0.00702811,30314.5311894629,30314.5311894629,29526.3533785369,81000.0,3978305000.0,0.0,0.0,81000.0,3978305000.0,3300.0,0.0,0.0,-3300.0,162020000.0,0.0,0.0,-162020000.0
19/02/2021,30193.2730647051,50100.0,-300.0,-0.00598802,30314.5311894629,30314.5311894629,29708.2405656738,73300.0,3630275000.0,0.0,0.0,73300.0,3630275000.0,-8300.0,0.0,0.0,8300.0,-410440000.0,0.0,0.0,410440000.0
18/02/2021,30375.1602518418,49800.0,300.0,0.0060241,30557.0474389786,30920.8218132522,30284.2166582734,154400.0,7759610000.0,0.0,0.0,154400.0,7759610000.0,13500.0,-100.0,-100.0,-13400.0,679010000.0,-5060000.0,-5060000.0,-673950000.0
17/02/2021,30193.2730647051,49600.0,200.0,0.00403226,30314.5311894629,30738.9346261154,30011.3858775682,72600.0,3627180000.0,0.0,0.0,72600.0,3627180000.0,14200.0,0.0,0.0,-14200.0,710630000.0,0.0,0.0,-710630000.0
09/02/2021,30072.0149399473,51000.0,-1400.0,-0.0275,29708.2405656738,30314.5311894629,29101.9499418844,66500.0,3287270000.0,0.0,0.0,66500.0,3287270000.0,5400.0,1500.0,0.0,-6900.0,270930000.0,73500000.0,0.0,-344430000.0
08/02/2021,30920.8218132522,51000.0,0.0,0.0,30314.5311894629,31284.5961875257,28768.4900988002,68000.0,3296755000.0,0.0,0.0,68000.0,3296755000.0,5100.0,-5500.0,0.0,400.0,249030000.0,-270645000.0,0.0,21615000.0
05/02/2021,30920.8218132522,48000.0,3000.0,0.0625,29101.9499418844,30920.8218132522,28798.8046299897,115200.0,5732495000.0,0.0,0.0,115200.0,5732495000.0,-22400.0,0.0,0.0,22400.0,-1084490000.0,0.0,0.0,1084490000.0
04/02/2021,29101.9499418844,49350.0,-1350.0,-0.02735562,28495.6593180951,29708.2405656738,27949.9977566848,46300.0,2215415000.0,0.0,0.0,46300.0,2215415000.0,3400.0,0.0,0.0,-3400.0,164110000.0,0.0,0.0,-164110000.0
03/02/2021,29920.4422839999,48400.0,950.0,0.0196281,30253.902127084,30253.902127084,29011.006348316,73500.0,3593950000.0,0.0,0.0,73500.0,3593950000.0,-900.0,0.0,0.0,900.0,-44465000.0,0.0,0.0,44465000.0
02/02/2021,29344.4661914001,46450.0,1950.0,0.04198062,27283.0780705167,29344.4661914001,26434.2711972116,82600.0,3868550000.0,0.0,0.0,82600.0,3868550000.0,-12500.0,0.0,0.0,12500.0,-569525000.0,0.0,0.0,569525000.0
01/02/2021,28162.199475011,49900.0,-3450.0,-0.06913828,30253.902127084,30253.902127084,28162.199475011,74800.0,3503755000.0,0.0,0.0,74800.0,3503755000.0,3100.0,0.0,0.0,-3100.0,148100000.0,0.0,0.0,-148100000.0
29/01/2021,30253.902127084,50300.0,-400.0,-0.00795229,28616.917442853,30981.4508756311,28374.4011933372,100700.0,4890000000.0,0.0,0.0,100700.0,4890000000.0,500.0,0.0,0.0,-500.0,27105000.0,0.0,0.0,-27105000.0
28/01/2021,30496.4183765997,54000.0,-3700.0,-0.06851852,30557.0474389786,30920.8218132522,30496.4183765997,109700.0,5532020000.0,110000.0,5681500000.0,219700.0,11213520000.0,3000.0,0.0,0.0,-3000.0,151150000.0,0.0,0.0,-151150000.0
27/01/2021,32739.6936846199,54800.0,-800.0,-0.01459854,31830.2577489361,32921.5808717567,30920.8218132522,145800.0,7590240000.0,0.0,0.0,145800.0,7590240000.0,5000.0,0.0,0.0,-5000.0,259930000.0,0.0,0.0,-259930000.0
26/01/2021,33224.7261836513,54400.0,400.0,0.00735294,32739.6936846199,33224.7261836513,30799.5636884944,55800.0,2913910000.0,0.0,0.0,55800.0,2913910000.0,1900.0,0.0,0.0,-1900.0,99660000.0,0.0,0.0,-99660000.0
25/01/2021,32982.2099341357,54800.0,-400.0,-0.00729927,33042.8389965145,33224.7261836513,32618.4355598621,53700.0,2919070000.0,0.0,0.0,53700.0,2919070000.0,1800.0,0.0,0.0,-1800.0,97740000.0,0.0,0.0,-97740000.0
22/01/2021,33224.7261836513,55500.0,-700.0,-0.01261261,33709.7586826828,33709.7586826828,32921.5808717567,93600.0,5176840000.0,0.0,0.0,93600.0,5176840000.0,-9800.0,5000.0,0.0,4800.0,-543460000.0,277820000.0,0.0,265640000.0
21/01/2021,33649.1296203038,52600.0,2900.0,0.05513308,32133.4030608307,33649.1296203038,32012.1449360729,156700.0,8468230000.0,0.0,0.0,156700.0,8468230000.0,-65200.0,43000.0,0.0,22200.0,-3530740000.0,2320730000.0,0.0,1210010000.0
20/01/2021,31890.8868113149,52500.0,100.0,0.00190476,30981.4508756311,31890.8868113149,29829.4986904314,192400.0,9896540000.0,0.0,0.0,192400.0,9896540000.0,-75300.0,38000.0,0.0,37300.0,-3853280000.0,1966420000.0,0.0,1886860000.0
19/01/2021,31830.2577489361,55000.0,-2500.0,-0.04545455,33103.4680588937,33345.9843084092,31042.07993801,136600.0,7312430000.0,0.0,0.0,136600.0,7312430000.0,900.0,0.0,0.0,-900.0,48510000.0,0.0,0.0,-48510000.0
18/01/2021,33345.9843084092,56900.0,-1900.0,-0.03339192,33345.9843084092,34316.049306472,32679.064622241,278500.0,15284710000.0,0.0,0.0,278500.0,15284710000.0,-14900.0,21000.0,0.0,-6100.0,-826610000.0,1160100000.0,0.0,-333490000.0
15/01/2021,34497.9364936088,53800.0,3100.0,0.0576,32375.9193103464,34801.0818055034,32375.9193103464,94100.0,5244250000.0,21900.0,1097190000.0,116000.0,6341440000.0,3600.0,0.0,0.0,-3600.0,206130000.0,0.0,0.0,-206130000.0
14/01/2021,32618.4355598621,50900.0,2900.0,0.057,31466.4833746624,32739.6936846199,30799.5636884944,98500.0,5135760000.0,0.0,0.0,98500.0,5135760000.0,5100.0,0.0,0.0,-5100.0,264140000.0,0.0,0.0,-264140000.0
13/01/2021,30861.0173061215,52600.0,-200.0,-0.00380228,30978.8074485113,31332.1778756808,30743.2271637318,123700.0,6516530000.0,0.0,0.0,123700.0,6516530000.0,-19200.0,24000.0,0.0,-4800.0,-1011420000.0,1263540000.0,0.0,-252120000.0
12/01/2021,30978.8074485113,53200.0,-600.0,-0.0112782,30743.2271637318,30978.8074485113,30625.437021342,111100.0,5803650000.0,0.0,0.0,111100.0,5803650000.0,100.0,0.0,0.0,-100.0,5170000.0,0.0,0.0,-5170000.0
11/01/2021,31332.1778756808,50400.0,2800.0,0.05555556,29565.3257398339,31508.8630892653,29388.6405262494,121500.0,6214630000.0,0.0,0.0,121500.0,6214630000.0,5100.0,4900.0,0.0,-10000.0,255080000.0,260330000.0,0.0,-515410000.0
08/01/2021,29683.1158822238,50400.0,0.0,0.0,29506.4306686392,29683.1158822238,28858.5848854954,108000.0,5361650000.0,0.0,0.0,108000.0,5361650000.0,7300.0,0.0,0.0,-7300.0,362035000.0,0.0,0.0,-362035000.0
07/01/2021,29683.1158822238,50300.0,100.0,0.002,29977.5912381984,29977.5912381984,29153.0602414698,92800.0,4644655000.0,23700.0,1109160000.0,116500.0,5753815000.0,-19600.0,20000.0,0.0,-400.0,-980815000.0,1001000000.0,0.0,-20185000.0
06/01/2021,29624.2208110289,49400.0,900.0,0.01821862,28328.5292447416,29918.6961670033,28328.5292447416,87200.0,4342030000.0,0.0,0.0,87200.0,4342030000.0,-11900.0,10000.0,0.0,1900.0,-587230000.0,493500000.0,0.0,93730000.0
05/01/2021,29094.165170275,49500.0,-100.0,-0.0020202,29153.0602414698,29211.9553126648,28269.6341735465,342100.0,16720830000.0,0.0,0.0,342100.0,16720830000.0,4600.0,0.0,0.0,-4600.0,224320000.0,0.0,0.0,-224320000.0
04/01/2021,29153.0602414698,48000.0,1500.0,0.03125,29918.6961670033,29918.6961670033,28858.5848854954,139500.0,6950900000.0,0.0,0.0,139500.0,6950900000.0,-20500.0,24000.0,0.0,-3500.0,-1021895000.0,1199365000.0,0.0,-177470000.0
31/12/2020,28269.6341735465,45600.0,2400.0,0.05263158,26915.047536064,28711.3472075082,26915.047536064,212070.0,10020466000.0,0.0,0.0,212070.0,10020466000.0,-26080.0,0.0,0.0,26080.0,-1226750500.0,0.0,0.0,1226750500.0
30/12/2020,26856.1524648692,45600.0,0.0,0.0,26502.7820376999,26856.1524648692,26296.6492885178,253250.0,11423537500.0,0.0,0.0,253250.0,11423537500.0,-65000.0,0.0,0.0,65000.0,-2948836500.0,0.0,0.0,2948836500.0
29/12/2020,26856.1524648692,45400.0,200.0,0.00440529,27091.7327496488,27091.7327496488,26326.0968241152,166860.0,7552678500.0,0.0,0.0,166860.0,7552678500.0,-13060.0,0.0,0.0,13060.0,-588008000.0,0.0,0.0,588008000.0
28/12/2020,26738.3623224794,43950.0,1450.0,0.03299204,26620.5721800896,27062.2852140513,26031.6214681407,139230.0,6255529500.0,0.0,0.0,139230.0,6255529500.0,240.0,0.0,0.0,-240.0,16022000.0,0.0,0.0,-16022000.0
25/12/2020,25884.3837901535,42950.0,1000.0,0.02328289,24912.6151154379,25913.831325751,24735.9299018532,131320.0,5668256500.0,0.0,0.0,131320.0,5668256500.0,-5750.0,0.0,0.0,5750.0,-250308000.0,0.0,0.0,250308000.0
24/12/2020,25295.4330782047,43500.0,-550.0,-0.01264368,26708.9147868819,26708.9147868819,23881.9513695272,93940.0,3928184500.0,0.0,0.0,93940.0,3928184500.0,-410.0,0.0,0.0,410.0,-16108000.0,0.0,0.0,16108000.0
23/12/2020,25619.3559697766,41750.0,1750.0,0.04191617,26267.2017529203,26296.6492885178,24853.720044243,238830.0,10622299500.0,0.0,0.0,238830.0,10622299500.0,-12700.0,30000.0,0.0,-17300.0,-568092500.0,1336308500.0,0.0,-768216000.0
22/12/2020,24588.692223866,39050.0,2700.0,0.06914213,24441.4545458787,24588.692223866,24441.4545458787,351440.0,14670331500.0,0.0,0.0,351440.0,14670331500.0,6150.0,0.0,0.0,-6150.0,255762500.0,0.0,0.0,-255762500.0
21/12/2020,22998.525301604,36500.0,2550.0,0.06986301,21408.358379342,22998.525301604,21408.358379342,538900.0,20858153500.0,0.0,0.0,538900.0,20858153500.0,260200.0,-255000.0,0.0,-5200.0,10042692500.0,-9845250000.0,0.0,-197442500.0
18/12/2020,21496.7009861344,35400.0,1100.0,0.03107345,20848.8552029905,21643.9386641215,20848.8552029905,198940.0,7178611000.0,0.0,0.0,198940.0,7178611000.0,41570.0,-45000.0,0.0,3430.0,1509188500.0,-1630500000.0,0.0,121311500.0
17/12/2020,20848.8552029905,35550.0,-150.0,-0.00421941,21172.7780945625,21349.4633081471,20701.6175250033,136100.0,4844029500.0,0.0,0.0,136100.0,4844029500.0,33030.0,-50000.0,0.0,16970.0,1172921000.0,-1772578000.0,0.0,599657000.0
16/12/2020,20937.1978097828,34900.0,650.0,0.01862464,20613.2749182109,20966.6453453803,20583.8273826136,68950.0,2432652500.0,0.0,0.0,68950.0,2432652500.0,-13250.0,0.0,0.0,13250.0,-467059000.0,0.0,0.0,467059000.0
15/12/2020,20554.3798470161,34400.0,500.0,0.01453488,20230.4569554442,21320.0157725496,20230.4569554442,146650.0,5176316500.0,0.0,0.0,146650.0,5176316500.0,12790.0,0.0,0.0,-12790.0,449927000.0,0.0,0.0,-449927000.0
14/12/2020,20259.9044910415,34500.0,-100.0,-0.00289855,20613.2749182109,20613.2749182109,20171.5618842493,41200.0,1417581000.0,0.0,0.0,41200.0,1417581000.0,5770.0,0.0,0.0,-5770.0,199585000.0,0.0,0.0,-199585000.0
11/12/2020,20318.7995622365,34000.0,500.0,0.01470588,20024.3242062622,20436.5897046263,19935.98159947,82020.0,2794727000.0,0.0,0.0,82020.0,2794727000.0,-14850.0,0.0,0.0,14850.0,-504057000.0,0.0,0.0,504057000.0
10/12/2020,20024.3242062622,34750.0,-750.0,-0.02158273,20554.3798470161,20554.3798470161,20024.3242062622,105760.0,3606311500.0,0.0,0.0,105760.0,3606311500.0,-18830.0,0.0,0.0,18830.0,-640866000.0,0.0,0.0,640866000.0
09/12/2020,20466.0372402236,33850.0,900.0,0.02658789,19906.5340638724,20613.2749182109,19906.5340638724,123880.0,4286427500.0,0.0,0.0,123880.0,4286427500.0,-43530.0,36660.0,0.0,6870.0,-1502022500.0,1264284000.0,0.0,237738500.0
08/12/2020,19935.98159947,34450.0,-600.0,-0.01741655,20554.3798470161,20554.3798470161,19877.0865282749,179720.0,6112855500.0,0.0,0.0,179720.0,6112855500.0,-39910.0,0.0,0.0,39910.0,-1359995000.0,0.0,0.0,1359995000.0
07/12/2020,20289.3520266391,34800.0,-350.0,-0.01005747,20495.4847758211,20613.2749182109,20259.9044910415,78870.0,2729121000.0,0.0,0.0,78870.0,2729121000.0,-35480.0,0.0,0.0,35480.0,-1227496000.0,0.0,0.0,1227496000.0
04/12/2020,20495.4847758211,35200.0,-400.0,-0.01136364,20789.9601317956,20789.9601317956,20495.4847758211,99850.0,3496935000.0,0.0,0.0,99850.0,3496935000.0,-25430.0,0.0,0.0,25430.0,-888053500.0,0.0,0.0,888053500.0
03/12/2020,20731.0650606007,34450.0,750.0,0.02177068,20289.3520266391,20731.0650606007,20201.0094198468,104020.0,3629333500.0,0.0,0.0,104020.0,3629333500.0,-6250.0,2000.0,0.0,4250.0,-215178000.0,68800000.0,0.0,146378000.0
02/12/2020,20289.3520266391,34800.0,-350.0,-0.01005747,20495.4847758211,20613.2749182109,20083.219277457,74590.0,2573242500.0,0.0,0.0,74590.0,2573242500.0,-860.0,0.0,0.0,860.0,-28436000.0,0.0,0.0,28436000.0
01/12/2020,20495.4847758211,32850.0,1950.0,0.05936073,19199.7932095336,20495.4847758211,19111.4506027414,205170.0,6786363000.0,0.0,0.0,205170.0,6786363000.0,-51540.0,0.0,0.0,51540.0,-1681472000.0,0.0,0.0,1681472000.0
30/11/2020,19347.0308875209,33050.0,-200.0,-0.00605144,19553.1636367031,19553.1636367031,19347.0308875209,109240.0,3599012500.0,110000.0,3382500000.0,219240.0,6981512500.0,-28760.0,0.0,0.0,28760.0,-947731500.0,0.0,0.0,947731500.0
27/11/2020,19464.8210299106,33000.0,50.0,0.00151515,19435.3734943133,19612.058707898,19376.4784231183,78170.0,2584675000.0,0.0,0.0,78170.0,2584675000.0,-13420.0,0.0,0.0,13420.0,-442335000.0,0.0,0.0,442335000.0
26/11/2020,19435.3734943133,33500.0,-500.0,-0.01492537,19788.7439214826,19788.7439214826,19288.1358163259,78680.0,2598946000.0,0.0,0.0,78680.0,2598946000.0,-12740.0,0.0,0.0,12740.0,-419005000.0,0.0,0.0,419005000.0
25/11/2020,19729.8488502878,32400.0,1100.0,0.03395062,19317.5833519235,20024.3242062622,18964.2129247541,188700.0,6207997000.0,0.0,0.0,188700.0,6207997000.0,-7160.0,0.0,0.0,7160.0,-231933500.0,0.0,0.0,231933500.0
24/11/2020,19082.003067144,32500.0,-100.0,-0.00307692,19405.9259587158,19435.3734943133,18728.6326399747,190280.0,6142018000.0,0.0,0.0,190280.0,6142018000.0,-20920.0,0.0,0.0,20920.0,-667807500.0,0.0,0.0,667807500.0
23/11/2020,19140.8981383388,31700.0,800.0,0.02523659,18787.5277111695,19140.8981383388,18375.2622128052,214720.0,6853895500.0,0.0,0.0,214720.0,6853895500.0,-8480.0,0.0,0.0,8480.0,-258677000.0,0.0,0.0,258677000.0
20/11/2020,18669.7375687796,31350.0,350.0,0.01116427,18522.4998907925,18758.080175572,18021.8917856359,181390.0,5655390500.0,0.0,0.0,181390.0,5655390500.0,-26770.0,0.0,0.0,26770.0,-829751000.0,0.0,0.0,829751000.0
19/11/2020,18463.6048195976,31100.0,250.0,0.00803859,19082.003067144,19082.003067144,18257.4720704155,171800.0,5429858500.0,0.0,0.0,171800.0,5429858500.0,24350.0,0.0,0.0,-24350.0,767833500.0,0.0,0.0,-767833500.0
18/11/2020,18316.3671416102,29100.0,2000.0,0.06872852,17138.4657177125,18316.3671416102,17079.5706465177,417700.0,12664674500.0,0.0,0.0,417700.0,12664674500.0,18160.0,-3300.0,0.0,-14860.0,557411500.0,-102630000.0,0.0,-454781500.0
17/11/2020,17138.4657177125,28400.0,700.0,0.02464789,17020.6755753228,17197.3607889073,16785.0952905433,140090.0,4062618000.0,0.0,0.0,140090.0,4062618000.0,-2330.0,0.0,0.0,2330.0,-67610000.0,0.0,0.0,67610000.0
16/11/2020,16726.2002193484,28300.0,100.0,0.00353357,16902.8854329331,16902.8854329331,16667.3051481535,128910.0,3672607000.0,0.0,0.0,128910.0,3672607000.0,-2350.0,0.0,0.0,2350.0,-66956500.0,0.0,0.0,66956500.0
13/11/2020,16667.3051481535,27600.0,700.0,0.02536232,16255.0396497892,16902.8854329331,16225.5921141918,209400.0,5872220000.0,0.0,0.0,209400.0,5872220000.0,102530.0,0.0,0.0,-102530.0,2870384000.0,0.0,0.0,-2870384000.0
12/11/2020,16255.0396497892,27700.0,-100.0,-0.00361011,16372.8297921791,16372.8297921791,16225.5921141918,98140.0,2715000000.0,0.0,0.0,98140.0,2715000000.0,30710.0,0.0,0.0,-30710.0,850861000.0,0.0,0.0,-850861000.0
11/11/2020,16313.9347209842,27650.0,50.0,0.00180832,16284.4871853867,16431.7248633739,16078.3544362046,69840.0,1936000000.0,0.0,0.0,69840.0,1936000000.0,41650.0,0.0,0.0,-41650.0,1156124000.0,0.0,0.0,-1156124000.0
10/11/2020,16284.4871853867,27300.0,350.0,0.01282051,16785.0952905433,16785.0952905433,16107.8019718021,105930.0,2938290000.0,0.0,0.0,105930.0,2938290000.0,54720.0,-2600.0,0.0,-52120.0,1516057000.0,-71251000.0,0.0,-1444806000.0
09/11/2020,16078.3544362046,27700.0,-400.0,-0.01444043,16313.9347209842,16313.9347209842,16019.4593650097,65770.0,1799915500.0,0.0,0.0,65770.0,1799915500.0,31820.0,0.0,0.0,-31820.0,869999000.0,0.0,0.0,-869999000.0
06/11/2020,16313.9347209842,27950.0,-250.0,-0.00894454,16431.7248633739,16490.6199345689,16225.5921141918,58350.0,1614985000.0,0.0,0.0,58350.0,1614985000.0,16100.0,-180.0,0.0,-15920.0,445215500.0,-4986000.0,0.0,-440229500.0
05/11/2020,16461.1723989714,28650.0,-700.0,-0.02443281,16814.5428261407,16814.5428261407,16372.8297921791,86120.0,2424028000.0,0.0,0.0,86120.0,2424028000.0,-8950.0,0.0,0.0,8950.0,-255731500.0,0.0,0.0,255731500.0
04/11/2020,16873.4378973356,27150.0,1500.0,0.05524862,15990.0118294122,16932.3329685305,15872.2216870224,112400.0,3132281500.0,258000.0,6966000000.0,370400.0,10098281500.0,31250.0,0.0,0.0,-31250.0,861492000.0,0.0,0.0,-861492000.0
03/11/2020,15990.0118294122,27150.0,0.0,0.0,16019.4593650097,16019.4593650097,15872.2216870224,56990.0,1540729000.0,0.0,0.0,56990.0,1540729000.0,15740.0,0.0,0.0,-15740.0,425434000.0,0.0,0.0,-425434000.0
02/11/2020,15990.0118294122,27550.0,-400.0,-0.01451906,15960.5642938148,16078.3544362046,15901.6692226199,48960.0,1328012000.0,0.0,0.0,48960.0,1328012000.0,12920.0,0.0,0.0,-12920.0,349932000.0,0.0,0.0,-349932000.0
30/10/2020,16225.5921141918,27300.0,250.0,0.00915751,16078.3544362046,16313.9347209842,15901.6692226199,23000.0,626749000.0,0.0,0.0,23000.0,626749000.0,4192.0,-1230.0,-1230.0,-2930.0,113697000.0,-33886500.0,-33886500.0,-79810500.0
29/10/2020,16078.3544362046,27000.0,300.0,0.01111111,14871.0054767094,16726.2002193484,14871.0054767094,121030.0,3180736500.0,0.0,0.0,121030.0,3180736500.0,390.0,0.0,0.0,-80.0,6197500.0,0.0,0.0,-6197500.0
28/10/2020,15901.6692226199,28750.0,-1750.0,-0.06086957,16873.4378973356,16873.4378973356,15754.4315446327,219740.0,6019303000.0,0.0,0.0,219740.0,6019303000.0,18590.0,180.0,0.0,-18780.0,491602000.0,4860000.0,0.0,-496462000.0
27/10/2020,16932.3329685305,29300.0,-550.0,-0.01877133,17197.3607889073,17226.8083245048,16932.3329685305,154870.0,4500581500.0,0.0,0.0,154870.0,4500581500.0,-53368.0,-3000.0,0.0,56510.0,-1553654500.0,-86550000.0,0.0,1640204500.0
26/10/2020,17256.2558601024,28900.0,400.0,0.01384083,17079.5706465177,17285.7033956998,17020.6755753228,141740.0,4145649000.0,0.0,0.0,141740.0,4145649000.0,-1125.0,0.0,0.0,1150.0,-32331000.0,0.0,0.0,32331000.0
23/10/2020,17020.6755753228,29000.0,-100.0,-0.00344828,17020.6755753228,17079.5706465177,16961.780504128,88810.0,2567220000.0,0.0,0.0,88810.0,2567220000.0,-26249.0,0.0,0.0,26250.0,-757273500.0,0.0,0.0,757273500.0
22/10/2020,17079.5706465177,28900.0,100.0,0.00346021,17020.6755753228,17167.9132533099,16961.780504128,53500.0,1546828000.0,0.0,0.0,53500.0,1546828000.0,-20905.0,0.0,0.0,20890.0,-602798000.0,0.0,0.0,602798000.0
21/10/2020,17020.6755753228,28900.0,0.0,0.0,17109.018182115,17256.2558601024,16902.8854329331,65630.0,1900887000.0,0.0,0.0,65630.0,1900887000.0,-11588.0,-10.0,0.0,11520.0,-333007500.0,-289000.0,0.0,333296500.0
20/10/2020,17020.6755753228,28350.0,550.0,0.01940035,16785.0952905433,17109.018182115,16726.2002193484,72980.0,2093063000.0,0.0,0.0,72980.0,2093063000.0,-6171.0,0.0,0.0,6230.0,-177653000.0,0.0,0.0,177653000.0
19/10/2020,16696.752683751,28400.0,-50.0,-0.00176056,16726.2002193484,16785.0952905433,16667.3051481535,139900.0,3968826500.0,0.0,0.0,139900.0,3968826500.0,-16115.0,0.0,0.0,16140.0,-457463500.0,0.0,0.0,457463500.0
16/10/2020,16726.2002193484,28450.0,-50.0,-0.00175747,16667.3051481535,16932.3329685305,16667.3051481535,169540.0,4820259000.0,0.0,0.0,169540.0,4820259000.0,-72701.0,0.0,0.0,72780.0,-2060084500.0,0.0,0.0,2060084500.0
15/10/2020,16755.6477549458,29050.0,-600.0,-0.02065404,17109.018182115,17256.2558601024,16755.6477549458,237350.0,6836842000.0,0.0,0.0,237350.0,6836842000.0,-86946.0,-250.0,0.0,87150.0,-2521641000.0,-7175000.0,0.0,2528816000.0
14/10/2020,17109.018182115,29050.0,0.0,0.0,17197.3607889073,17315.1509312971,17079.5706465177,124400.0,3617614000.0,0.0,0.0,124400.0,3617614000.0,-62022.0,0.0,0.0,62020.0,-1802048500.0,0.0,0.0,1802048500.0
13/10/2020,17109.018182115,29200.0,-150.0,-0.00513699,17109.018182115,17197.3607889073,17079.5706465177,143590.0,4176695500.0,0.0,0.0,143590.0,4176695500.0,-52429.0,0.0,0.0,52430.0,-1522884500.0,0.0,0.0,1522884500.0
12/10/2020,17197.3607889073,29000.0,200.0,0.00689655,17079.5706465177,17374.0460024921,17079.5706465177,217040.0,6358539000.0,0.0,0.0,217040.0,6358539000.0,-80761.0,0.0,0.0,80760.0,-2364840000.0,0.0,0.0,2364840000.0
09/10/2020,17079.5706465177,28800.0,200.0,0.00694444,16961.780504128,17315.1509312971,16902.8854329331,142090.0,4096412500.0,0.0,0.0,142090.0,4096412500.0,-55760.0,0.0,0.0,53250.0,-1603772500.0,0.0,0.0,1531847500.0
08/10/2020,16961.780504128,29800.0,-1000.0,-0.03355705,17580.1787516741,17580.1787516741,16814.5428261407,480400.0,14060670000.0,0.0,0.0,480400.0,14060670000.0,-142190.0,0.0,0.0,72410.0,-4206457500.0,0.0,0.0,2162276500.0
07/10/2020,17550.7312160768,30000.0,-200.0,-0.00666667,17609.6262872717,17668.5213584665,17550.7312160768,287960.0,8602548000.0,0.0,0.0,287960.0,8602548000.0,-131530.0,0.0,0.0,112410.0,-3927993500.0,0.0,0.0,3356743000.0
06/10/2020,17668.5213584665,28850.0,1150.0,0.03986135,17138.4657177125,17668.5213584665,16991.2280397254,712470.0,21080915000.0,0.0,0.0,712470.0,21080915000.0,-158200.0,60000.0,0.0,87680.0,-4695506500.0,1783315500.0,0.0,2600817500.0
05/10/2020,16991.2280397254,27000.0,1850.0,0.06851852,15901.6692226199,16991.2280397254,15901.6692226199,648010.0,18198869000.0,0.0,0.0,648010.0,18198869000.0,-142410.0,-250.0,0.0,168980.0,-3998585500.0,-6762500.0,0.0,4738251000.0
02/10/2020,15901.6692226199,27400.0,-400.0,-0.01459854,16225.5921141918,16225.5921141918,15872.2216870224,227560.0,6188319000.0,0.0,0.0,227560.0,6188319000.0,-54640.0,1230.0,1230.0,42450.0,-1483075000.0,33210000.0,33210000.0,1153735500.0
01/10/2020,16137.2495073994,27100.0,300.0,0.01107011,16019.4593650097,16313.9347209842,15931.1167582174,273180.0,7482254500.0,0.0,0.0,273180.0,7482254500.0,540.0,-700.0,-700.0,10470.0,15273000.0,-18970000.0,-18970000.0,285055500.0
30/09/2020,15960.5642938148,26700.0,400.0,0.01498127,15783.8790802301,16137.2495073994,15607.1938666455,240220.0,6430447000.0,0.0,0.0,240220.0,6430447000.0,-58730.0,0.0,0.0,39720.0,-1563933500.0,0.0,0.0,1057426500.0
29/09/2020,15724.9840090353,26800.0,-100.0,-0.00373134,15783.8790802301,15960.5642938148,15666.0889378403,235540.0,6314320000.0,0.0,0.0,235540.0,6314320000.0,-63770.0,0.0,0.0,69560.0,-1705440500.0,0.0,0.0,1860959500.0
28/09/2020,15783.8790802301,27000.0,-200.0,-0.00740741,15931.1167582174,16078.3544362046,15783.8790802301,293200.0,7895150000.0,0.0,0.0,293200.0,7895150000.0,-46910.0,-6060.0,0.0,42300.0,-1262029500.0,-163803500.0,0.0,1138515000.0
25/09/2020,15901.6692226199,27900.0,-900.0,-0.03225806,16431.7248633739,16431.7248633739,15901.6692226199,336170.0,9130679000.0,0.0,0.0,336170.0,9130679000.0,47470.0,-60000.0,0.0,-50.0,1292851000.0,-1632773500.0,0.0,-1392500.0
24/09/2020,16431.7248633739,27200.0,700.0,0.02573529,16078.3544362046,16726.2002193484,15990.0118294122,380140.0,10577312500.0,0.0,0.0,380140.0,10577312500.0,2090.0,0.0,0.0,-15480.0,64919500.0,0.0,0.0,-436911500.0
23/09/2020,16019.4593650097,26850.0,350.0,0.01303538,15960.5642938148,16048.9069006071,15783.8790802301,178470.0,4820466500.0,0.0,0.0,178470.0,4820466500.0,-37670.0,7060.0,0.0,27680.0,-1015585000.0,189859500.0,0.0,746377000.0
22/09/2020,15813.3266158277,26800.0,50.0,0.00186567,16019.4593650097,16048.9069006071,15783.8790802301,355210.0,9621298500.0,0.0,0.0,355210.0,9621298500.0,-88080.0,10000.0,0.0,86880.0,-2394005500.0,271000000.0,0.0,2362851500.0
21/09/2020,15783.8790802301,27100.0,-300.0,-0.01107011,16019.4593650097,16107.8019718021,15783.8790802301,204160.0,5519683000.0,0.0,0.0,204160.0,5519683000.0,-54540.0,7000.0,0.0,39760.0,-1470818500.0,189800000.0,0.0,1071669500.0
18/09/2020,15960.5642938148,27000.0,100.0,0.0037037,15901.6692226199,16078.3544362046,15872.2216870224,120040.0,3247231500.0,0.0,0.0,120040.0,3247231500.0,-10720.0,0.0,0.0,9840.0,-289449000.0,0.0,0.0,265657000.0
17/09/2020,15901.6692226199,27000.0,0.0,0.0,15901.6692226199,16137.2495073994,15783.8790802301,298530.0,8058788500.0,0.0,0.0,298530.0,8058788500.0,-30410.0,15000.0,0.0,15340.0,-820926000.0,404881500.0,0.0,414158000.0
16/09/2020,15901.6692226199,27200.0,-200.0,-0.00735294,16137.2495073994,16137.2495073994,15842.774151425,244070.0,6618914000.0,0.0,0.0,244070.0,6618914000.0,-53050.0,0.0,0.0,53470.0,-1436804500.0,0.0,0.0,1448304500.0
15/09/2020,16019.4593650097,27100.0,100.0,0.00369004,15960.5642938148,16372.8297921791,15754.4315446327,368560.0,9968845000.0,0.0,0.0,368560.0,9968845000.0,-67710.0,42000.0,0.0,35560.0,-1821536000.0,1134772500.0,0.0,958749000.0
14/09/2020,15960.5642938148,27500.0,-400.0,-0.01454545,16726.2002193484,16726.2002193484,15872.2216870224,460960.0,12625390500.0,0.0,0.0,460960.0,12625390500.0,-37680.0,0.0,0.0,25140.0,-1030442000.0,0.0,0.0,683441500.0
11/09/2020,16196.1445785945,26900.0,600.0,0.02230483,16196.1445785945,16755.6477549458,15901.6692226199,601360.0,16596434000.0,0.0,0.0,601360.0,16596434000.0,-22530.0,0.0,0.0,16010.0,-622083000.0,0.0,0.0,443649500.0
10/09/2020,15842.774151425,25150.0,1750.0,0.06958251,15136.0332970863,15842.774151425,15077.1382258914,753380.0,20048947000.0,0.0,0.0,753380.0,20048947000.0,-96390.0,48000.0,0.0,34080.0,-2525176500.0,1270690000.0,0.0,885257500.0
09/09/2020,14812.1104055145,25150.0,0.0,0.0,14605.9776563324,14929.9005479043,14547.0825851375,230770.0,5744385000.0,0.0,0.0,230770.0,5744385000.0,9960.0,500.0,0.0,-13210.0,248027000.0,12575000.0,0.0,-328811000.0
08/09/2020,14812.1104055145,25000.0,150.0,0.006,14723.7677987222,14959.3480835018,14488.1875139425,168170.0,4214880000.0,0.0,0.0,168170.0,4214880000.0,-5460.0,0.0,0.0,-1920.0,-140613500.0,0.0,0.0,-46324000.0
07/09/2020,14723.7677987222,25800.0,-800.0,-0.03100775,15430.5086530608,15430.5086530608,14723.7677987222,385980.0,9771001500.0,0.0,0.0,385980.0,9771001500.0,96350.0,0.0,0.0,-94550.0,2431464000.0,0.0,0.0,-2387785000.0
04/09/2020,15194.9283682812,25400.0,400.0,0.01574803,14429.2924427477,15607.1938666455,14429.2924427477,400380.0,10320662000.0,0.0,0.0,400380.0,10320662000.0,20130.0,0.0,0.0,-14640.0,520871500.0,0.0,0.0,-381095500.0
03/09/2020,14959.3480835018,25950.0,-550.0,-0.02119461,15371.6135818658,15371.6135818658,14900.4530123069,479320.0,12233929000.0,0.0,0.0,479320.0,12233929000.0,52700.0,50000.0,0.0,-104730.0,1343613500.0,1275119500.0,0.0,-2670507000.0
01/09/2020,15283.2709750735,25200.0,750.0,0.0297619,14841.557941112,15283.2709750735,14841.557941112,249240.0,6359237500.0,0.0,0.0,249240.0,6359237500.0,5380.0,20200.0,700.0,-26560.0,132026500.0,519530000.0,18165000.0,-676605500.0
31/08/2020,14841.557941112,26250.0,-1050.0,-0.04,15371.6135818658,15459.9561886583,14723.7677987222,461140.0,11766714500.0,0.0,0.0,461140.0,11766714500.0,33740.0,-30000.0,0.0,3600.0,868294500.0,-771246000.0,0.0,92075000.0
28/08/2020,15459.9561886583,26150.0,100.0,0.00382409,15401.0611174633,16313.9347209842,15401.0611174633,543460.0,14633800000.0,0.0,0.0,543460.0,14633800000.0,12210.0,0.0,0.0,-1480.0,333490000.0,0.0,0.0,-39301500.0
27/08/2020,15401.0611174633,26500.0,-350.0,-0.01320755,15724.9840090353,15783.8790802301,15312.7185106711,296370.0,7822013500.0,0.0,0.0,296370.0,7822013500.0,8700.0,-10000.0,0.0,-8520.0,225672500.0,-262000000.0,0.0,-223245500.0
26/08/2020,15607.1938666455,26050.0,450.0,0.01727447,15342.1660462684,15901.6692226199,14959.3480835018,400530.0,10552852000.0,0.0,0.0,400530.0,10552852000.0,-11840.0,0.0,0.0,7130.0,-306897000.0,0.0,0.0,182370000.0
25/08/2020,15342.1660462684,24600.0,1450.0,0.05894309,14547.0825851375,15489.4037242556,14311.5023003578,617700.0,15709867000.0,0.0,0.0,617700.0,15709867000.0,-27900.0,5000.0,0.0,-140.0,-714479000.0,123500000.0,0.0,-4254000.0
24/08/2020,14488.1875139425,25800.0,-1200.0,-0.04651163,15077.1382258914,15430.5086530608,14488.1875139425,610540.0,15399895500.0,0.0,0.0,610540.0,15399895500.0,-9120.0,0.0,0.0,0.0,-232249000.0,0.0,0.0,0.0
21/08/2020,15194.9283682812,25550.0,250.0,0.00978474,15047.690690294,15724.9840090353,14900.4530123069,310030.0,8019549000.0,0.0,0.0,310030.0,8019549000.0,-22970.0,0.0,0.0,4440.0,-599935000.0,0.0,0.0,117302500.0
20/08/2020,15047.690690294,26800.0,-1250.0,-0.04664179,15430.5086530608,16137.2495073994,15018.2431546966,431530.0,11234639000.0,0.0,0.0,431530.0,11234639000.0,-4940.0,0.0,0.0,-2940.0,-129776500.0,0.0,0.0,-77402000.0
19/08/2020,15783.8790802301,26100.0,700.0,0.02681992,15371.6135818658,16019.4593650097,15018.2431546966,538080.0,14155525000.0,0.0,0.0,538080.0,14155525000.0,14930.0,-24440.0,0.0,7400.0,419849500.0,-669037000.0,0.0,194248000.0
18/08/2020,15371.6135818658,24600.0,1500.0,0.06097561,14664.8727275273,15489.4037242556,14193.7121579679,557540.0,14179962500.0,0.0,0.0,557540.0,14179962500.0,-2410.0,6620.0,0.0,2000.0,-77241000.0,176732000.0,0.0,52300000.0
17/08/2020,14488.1875139425,23000.0,1600.0,0.06956522,13545.8663748244,14488.1875139425,12956.9156628755,509360.0,11927242500.0,0.0,0.0,509360.0,11927242500.0,64070.0,-65000.0,0.0,8420.0,1483064000.0,-1504607500.0,0.0,195815500.0
14/08/2020,13545.8663748244,22700.0,300.0,0.01321586,13545.8663748244,14134.8170867732,13310.2860900448,628320.0,14591822500.0,0.0,0.0,628320.0,14591822500.0,4710.0,-6650.0,0.0,-14490.0,107162000.0,-153945000.0,0.0,-334776000.0
13/08/2020,13369.1811612398,21250.0,1450.0,0.06823529,13369.1811612398,13369.1811612398,12367.9649509266,631310.0,14128263500.0,0.0,0.0,631310.0,14128263500.0,31080.0,3000.0,0.0,-3120.0,697580500.0,67800000.0,0.0,-70568000.0
12/08/2020,12515.2026289138,21500.0,-250.0,-0.01162791,12691.8878424984,12780.230449291,12250.1748085367,343000.0,7279975500.0,0.0,0.0,343000.0,7279975500.0,-1030.0,380.0,0.0,8630.0,-22437000.0,7980000.0,0.0,182970500.0
11/08/2020,12662.4403069011,20100.0,1400.0,0.06965174,12309.0698797317,12662.4403069011,12073.4895949522,930250.0,19839143000.0,0.0,0.0,930250.0,19839143000.0,-83820.0,44440.0,0.0,25860.0,-1775909500.0,931967000.0,0.0,558546500.0
10/08/2020,11837.9093101727,18800.0,1300.0,0.06914894,11307.8536694186,11837.9093101727,11307.8536694186,218230.0,4320258000.0,0.0,0.0,218230.0,4320258000.0,-32670.0,1650.0,0.0,31270.0,-643399500.0,33082500.0,0.0,615207000.0
07/08/2020,11072.2733846391,19350.0,-550.0,-0.02842377,11396.1962762109,11543.4339541982,11013.3783134441,303160.0,5756203000.0,0.0,0.0,303160.0,5756203000.0,142470.0,-40.0,0.0,-156130.0,2694807000.0,248000.0,0.0,-2955394500.0
06/08/2020,11396.1962762109,19500.0,-150.0,-0.00769231,11396.1962762109,11543.4339541982,11219.5110626263,157240.0,3049922500.0,0.0,0.0,157240.0,3049922500.0,-14380.0,0.0,0.0,16290.0,-278368500.0,0.0,0.0,315469500.0
05/08/2020,11484.5388830033,19500.0,0.0,0.0,11484.5388830033,11631.7765609905,11190.0635270288,365090.0,7123362000.0,0.0,0.0,365090.0,7123362000.0,76190.0,0.0,0.0,-70550.0,1483007000.0,0.0,0.0,-1373197000.0
04/08/2020,11484.5388830033,19100.0,400.0,0.02094241,11425.6438118084,11690.6716321855,11307.8536694186,122800.0,2386245500.0,0.0,0.0,122800.0,2386245500.0,-11170.0,10.0,0.0,11020.0,-216988000.0,196000.0,0.0,214574000.0
03/08/2020,11248.9585982237,17950.0,1150.0,0.06406685,10601.1128150799,11278.4061338212,10571.6652794825,271690.0,5052306500.0,0.0,0.0,271690.0,5052306500.0,-103640.0,0.0,0.0,104840.0,-1929275000.0,0.0,0.0,1952272500.0
31/07/2020,10571.6652794825,18500.0,-550.0,-0.02972973,10306.6374591054,10748.3504930672,10306.6374591054,155640.0,2792977500.0,0.0,0.0,155640.0,2792977500.0,-17880.0,0.0,0.0,12940.0,-321831000.0,0.0,0.0,233161000.0
30/07/2020,10895.5881710543,18500.0,0.0,0.0,10895.5881710543,11160.6159914313,10895.5881710543,83740.0,1563856500.0,0.0,0.0,83740.0,1563856500.0,4190.0,0.0,0.0,-3240.0,78247500.0,0.0,0.0,-60372500.0
29/07/2020,10895.5881710543,19300.0,-800.0,-0.04145078,10895.5881710543,11101.7209202365,10571.6652794825,358740.0,6515510500.0,0.0,0.0,358740.0,6515510500.0,-13750.0,0.0,0.0,14850.0,-249429500.0,0.0,0.0,271679500.0
28/07/2020,11366.7487406135,18500.0,800.0,0.04324324,11131.1684558339,11455.0913474058,10983.9307778466,149140.0,2828787500.0,0.0,0.0,149140.0,2828787500.0,-16310.0,-4400.0,0.0,13270.0,-309296500.0,-82720000.0,0.0,252119500.0
27/07/2020,10895.5881710543,19850.0,-1350.0,-0.06801008,11513.9864186006,11513.9864186006,10895.5881710543,387760.0,7385772500.0,0.0,0.0,387760.0,7385772500.0,-135000.0,0.0,0.0,119900.0,-2592800500.0,0.0,0.0,2314583000.0
24/07/2020,11690.6716321855,20550.0,-700.0,-0.03406326,12102.9371305495,12515.2026289138,11661.2240965879,495700.0,10123008000.0,0.0,0.0,495700.0,10123008000.0,-94810.0,5030.0,0.0,65260.0,-1912260000.0,105527000.0,0.0,1305867000.0
23/07/2020,12102.9371305495,20650.0,-100.0,-0.00484262,12161.8322017444,12309.0698797317,12044.0420593546,185720.0,3829101000.0,0.0,0.0,185720.0,3829101000.0,-6430.0,4400.0,0.0,1960.0,-130539500.0,90550000.0,0.0,38544000.0
22/07/2020,12161.8322017444,21000.0,-350.0,-0.01666667,12367.9649509266,12544.6501645112,12161.8322017444,265060.0,5555806000.0,0.0,0.0,265060.0,5555806000.0,-2690.0,0.0,0.0,-60.0,-48688000.0,0.0,0.0,-9052000.0
21/07/2020,12367.9649509266,21200.0,-200.0,-0.00943396,12485.7550933164,12603.5452357061,12220.7272729394,236760.0,4981406000.0,0.0,0.0,236760.0,4981406000.0,-17360.0,0.0,0.0,17150.0,-361462500.0,0.0,0.0,357258000.0
20/07/2020,12485.7550933164,21000.0,200.0,0.00952381,12662.4403069011,12986.3631984729,12485.7550933164,360620.0,7777644500.0,0.0,0.0,360620.0,7777644500.0,18100.0,0.0,0.0,-11800.0,390601500.0,0.0,0.0,-254636500.0
17/07/2020,12367.9649509266,20050.0,950.0,0.04738155,11808.4617745752,12426.8600221215,11779.0142389776,343960.0,7091926000.0,0.0,0.0,343960.0,7091926000.0,-8410.0,0.0,0.0,16460.0,-165569500.0,0.0,0.0,332912500.0
16/07/2020,11808.4617745752,20100.0,-50.0,-0.00248756,11985.1469881598,11985.1469881598,11749.5667033802,49410.0,991326000.0,0.0,0.0,49410.0,991326000.0,-7860.0,0.0,0.0,7860.0,-156718500.0,0.0,0.0,156718500.0
15/07/2020,11837.9093101727,20000.0,100.0,0.005,11926.251916965,11926.251916965,11779.0142389776,142590.0,2853850500.0,0.0,0.0,142590.0,2853850500.0,86750.0,0.0,0.0,-94100.0,1735367000.0,0.0,0.0,-1882484500.0
14/07/2020,11779.0142389776,20200.0,-200.0,-0.00990099,11896.8043813675,12014.5945237572,11749.5667033802,168310.0,3382500000.0,0.0,0.0,168310.0,3382500000.0,51070.0,0.0,0.0,-61070.0,1020983000.0,0.0,0.0,-1220983000.0
13/07/2020,11896.8043813675,20000.0,200.0,0.01,11779.0142389776,12044.0420593546,11749.5667033802,133000.0,2674955500.0,0.0,0.0,133000.0,2674955500.0,85040.0,0.0,0.0,-85530.0,1710024500.0,0.0,0.0,-1719947000.0
10/07/2020,11779.0142389776,19800.0,200.0,0.01010101,11661.2240965879,12044.0420593546,11661.2240965879,174900.0,3522922500.0,0.0,0.0,174900.0,3522922500.0,67100.0,0.0,0.0,-69100.0,1343123500.0,0.0,0.0,-1383123500.0
09/07/2020,11661.2240965879,19800.0,0.0,0.0,11690.6716321855,11896.8043813675,11661.2240965879,285770.0,5673714000.0,0.0,0.0,285770.0,5673714000.0,180080.0,0.0,0.0,-192800.0,3573546500.0,0.0,0.0,-3826664500.0
08/07/2020,11661.2240965879,19750.0,50.0,0.00253165,11661.2240965879,11690.6716321855,11631.7765609905,60040.0,1188132500.0,0.0,0.0,60040.0,1188132500.0,18230.0,0.0,0.0,-20820.0,361385000.0,0.0,0.0,-412667000.0
07/07/2020,11631.7765609905,19800.0,-50.0,-0.00252525,12014.5945237572,12014.5945237572,11602.3290253931,178200.0,3532324000.0,0.0,0.0,178200.0,3532324000.0,107180.0,0.0,0.0,-107740.0,2125968500.0,0.0,0.0,-2137168500.0
06/07/2020,11661.2240965879,19800.0,0.0,0.0,11661.2240965879,11779.0142389776,11631.7765609905,71860.0,1427150000.0,0.0,0.0,71860.0,1427150000.0,21150.0,0.0,0.0,-19650.0,419923000.0,0.0,0.0,-390098000.0
03/07/2020,11661.2240965879,19750.0,50.0,0.00253165,11779.0142389776,12102.9371305495,11631.7765609905,45480.0,911026000.0,0.0,0.0,45480.0,911026000.0,14220.0,0.0,0.0,-14220.0,281722000.0,0.0,0.0,-281722000.0
02/07/2020,11631.7765609905,19800.0,-50.0,-0.00252525,11661.2240965879,11720.1191677829,11631.7765609905,26600.0,526315500.0,0.0,0.0,26600.0,526315500.0,-7120.0,0.0,0.0,7620.0,-140712500.0,0.0,0.0,150587500.0
01/07/2020,11661.2240965879,19100.0,700.0,0.03664921,11248.9585982237,11779.0142389776,11248.9585982237,119740.0,2341819500.0,0.0,0.0,119740.0,2341819500.0,-10410.0,0.0,0.0,-2540.0,-199487000.0,0.0,0.0,-53409500.0
30/06/2020,11248.9585982237,19300.0,-200.0,-0.01036269,11366.7487406135,11513.9864186006,11190.0635270288,129360.0,2486928500.0,0.0,0.0,129360.0,2486928500.0,-57690.0,0.0,0.0,51010.0,-1105059500.0,0.0,0.0,977096000.0
29/06/2020,11366.7487406135,20500.0,-1200.0,-0.05853659,12014.5945237572,12044.0420593546,11337.3012050161,251850.0,5017368500.0,0.0,0.0,251850.0,5017368500.0,-129220.0,0.0,0.0,126780.0,-2597589500.0,0.0,0.0,2548013500.0
26/06/2020,12073.4895949522,20900.0,-400.0,-0.01913876,12250.1748085367,12367.9649509266,12044.0420593546,104060.0,2149677000.0,0.0,0.0,104060.0,2149677000.0,-31170.0,0.0,0.0,30420.0,-642586500.0,0.0,0.0,626736500.0
25/06/2020,12309.0698797317,20900.0,0.0,0.0,12309.0698797317,12309.0698797317,12132.384666147,105590.0,2191049000.0,0.0,0.0,105590.0,2191049000.0,-30230.0,0.0,0.0,31410.0,-626991500.0,0.0,0.0,651560500.0
24/06/2020,12309.0698797317,21250.0,-350.0,-0.01647059,12515.2026289138,12603.5452357061,12309.0698797317,100740.0,2131195000.0,0.0,0.0,100740.0,2131195000.0,-34290.0,-11500.0,-11500.0,44610.0,-725221500.0,-241807000.0,-241807000.0,941535500.0
23/06/2020,12515.2026289138,21250.0,0.0,0.0,12544.6501645112,12691.8878424984,12102.9371305495,191990.0,4079768500.0,0.0,0.0,191990.0,4079768500.0,-79910.0,0.0,0.0,75930.0,-1695791500.0,0.0,0.0,1611253500.0
22/06/2020,12515.2026289138,21350.0,-100.0,-0.00468384,12515.2026289138,12662.4403069011,12485.7550933164,107510.0,2292858000.0,0.0,0.0,107510.0,2292858000.0,-14450.0,0.0,0.0,18260.0,-307331000.0,0.0,0.0,388649000.0
19/06/2020,12574.0977001088,21000.0,350.0,0.01666667,12367.9649509266,12780.230449291,12367.9649509266,58010.0,1241077500.0,0.0,0.0,58010.0,1241077500.0,-12350.0,11500.0,11500.0,1000.0,-264440000.0,246287500.0,246287500.0,21300000.0
18/06/2020,12367.9649509266,20500.0,500.0,0.02439024,12044.0420593546,12662.4403069011,11867.3568457701,321880.0,6746411500.0,0.0,0.0,321880.0,6746411500.0,31080.0,0.0,0.0,-35560.0,677731500.0,0.0,0.0,-773159500.0
17/06/2020,12073.4895949522,20250.0,250.0,0.01234568,12132.384666147,12250.1748085367,11955.6994525623,89930.0,1844183500.0,0.0,0.0,89930.0,1844183500.0,-13150.0,0.0,0.0,11150.0,-270583000.0,0.0,0.0,229128000.0
16/06/2020,11926.251916965,20050.0,200.0,0.00997506,11808.4617745752,12132.384666147,11808.4617745752,129220.0,2619142500.0,0.0,0.0,129220.0,2619142500.0,-18480.0,0.0,0.0,17920.0,-374836000.0,0.0,0.0,363644500.0
15/06/2020,11808.4617745752,19900.0,150.0,0.00753769,11720.1191677829,12485.7550933164,11690.6716321855,224690.0,4521140000.0,0.0,0.0,224690.0,4521140000.0,-6700.0,-2600.0,0.0,41950.0,-128999500.0,-52000000.0,0.0,837302500.0
12/06/2020,11720.1191677829,20600.0,-700.0,-0.03398058,11779.0142389776,11808.4617745752,11307.8536694186,429670.0,8454893500.0,0.0,0.0,429670.0,8454893500.0,-104090.0,0.0,0.0,83880.0,-2047882500.0,0.0,0.0,1668372500.0
11/06/2020,12132.384666147,22100.0,-1500.0,-0.0678733,13133.6008764602,13133.6008764602,12132.384666147,291640.0,6340693500.0,0.0,0.0,291640.0,6340693500.0,-33850.0,0.0,0.0,-1000.0,-729894000.0,0.0,0.0,-21900000.0
10/06/2020,13015.8107340704,22000.0,100.0,0.00454545,12839.1255204858,13310.2860900448,12721.335378096,183360.0,4050409500.0,0.0,0.0,183360.0,4050409500.0,490.0,0.0,0.0,100.0,16414500.0,0.0,0.0,2210000.0
09/06/2020,12956.9156628755,22200.0,-200.0,-0.00900901,13074.7058052653,13369.1811612398,12809.6779848884,235700.0,5205026500.0,0.0,0.0,235700.0,5205026500.0,-19190.0,0.0,0.0,-300.0,-419722000.0,0.0,0.0,-6750000.0
08/06/2020,13074.7058052653,21900.0,300.0,0.01369863,13428.0762324346,13428.0762324346,12956.9156628755,295310.0,6580178000.0,0.0,0.0,295310.0,6580178000.0,-49260.0,0.0,0.0,16500.0,-1093105500.0,0.0,0.0,364100000.0
05/06/2020,12898.0205916807,22050.0,-150.0,-0.00680272,12986.3631984729,12986.3631984729,12662.4403069011,261350.0,5694741000.0,0.0,0.0,261350.0,5694741000.0,-44350.0,0.0,0.0,17560.0,-969910000.0,0.0,0.0,387165000.0
04/06/2020,12986.3631984729,22300.0,-250.0,-0.01121076,13545.8663748244,13545.8663748244,12956.9156628755,240370.0,5372019000.0,0.0,0.0,240370.0,5372019000.0,-46760.0,0.0,0.0,500.0,-1038924500.0,0.0,0.0,11100000.0
03/06/2020,13133.6008764602,21900.0,400.0,0.01826484,12898.0205916807,13545.8663748244,12868.5730560833,287380.0,6362863500.0,0.0,0.0,287380.0,6362863500.0,-18460.0,-10000.0,0.0,22660.0,-403692000.0,-220000000.0,0.0,496027000.0
02/06/2020,12898.0205916807,22550.0,-650.0,-0.02882483,13899.2368019937,13899.2368019937,12868.5730560833,496090.0,11287945500.0,0.0,0.0,496090.0,11287945500.0,-43140.0,-19700.0,0.0,31920.0,-950154000.0,-453508000.0,0.0,715533000.0
01/06/2020,13280.8385544474,21100.0,1450.0,0.06872038,12662.4403069011,13280.8385544474,12662.4403069011,424950.0,9490104000.0,0.0,0.0,424950.0,9490104000.0,340.0,110.0,0.0,11500.0,6033500.0,2447500.0,0.0,258971000.0
29/05/2020,12426.8600221215,20600.0,500.0,0.02427184,12191.279737342,12662.4403069011,12044.0420593546,257030.0,5370141500.0,0.0,0.0,257030.0,5370141500.0,6040.0,12190.0,0.0,0.0,127488000.0,255660000.0,0.0,0.0
28/05/2020,12132.384666147,20850.0,-250.0,-0.01199041,12250.1748085367,12279.6223441342,11661.2240965879,415940.0,8485706000.0,0.0,0.0,415940.0,8485706000.0,38900.0,-10000.0,0.0,17200.0,771555000.0,-194348500.0,0.0,358260000.0
27/05/2020,12279.6223441342,20850.0,0.0,0.0,12456.3075577189,12898.0205916807,12250.1748085367,425290.0,9108376000.0,0.0,0.0,425290.0,9108376000.0,-28530.0,0.0,0.0,-1030.0,-613094500.0,0.0,0.0,-22070000.0
26/05/2020,12279.6223441342,19500.0,1350.0,0.06923077,11779.0142389776,12279.6223441342,11779.0142389776,484100.0,9966000000.0,0.0,0.0,484100.0,9966000000.0,37170.0,0.0,0.0,-62560.0,771484000.0,0.0,0.0,-1291561000.0
25/05/2020,11484.5388830033,18250.0,1250.0,0.06849315,11013.3783134441,11484.5388830033,10836.6930998595,708410.0,13611502000.0,0.0,0.0,708410.0,13611502000.0,99470.0,30000.0,0.0,-200660.0,1900137500.0,585000000.0,0.0,-3840664000.0
22/05/2020,10748.3504930672,18500.0,-250.0,-0.01351351,11042.8258490416,11042.8258490416,10748.3504930672,107970.0,1986635500.0,0.0,0.0,107970.0,1986635500.0,6430.0,0.0,0.0,-11000.0,119771500.0,0.0,0.0,-204225000.0
21/05/2020,10895.5881710543,18250.0,250.0,0.01369863,10718.9029574698,11072.2733846391,10660.0078862749,221120.0,4106658000.0,0.0,0.0,221120.0,4106658000.0,44230.0,-1000.0,0.0,-34870.0,818427000.0,-18600000.0,0.0,-643777000.0
20/05/2020,10748.3504930672,18300.0,-50.0,-0.00273224,10601.1128150799,10836.6930998595,10601.1128150799,162010.0,2961538500.0,0.0,0.0,162010.0,2961538500.0,83370.0,-2900.0,0.0,-82280.0,1525736500.0,-52925000.0,0.0,-1505724000.0
19/05/2020,10777.7980286647,18400.0,-100.0,-0.00543478,11072.2733846391,11072.2733846391,10777.7980286647,109460.0,2025281000.0,0.0,0.0,109460.0,2025281000.0,46400.0,-3600.0,0.0,-48620.0,858107000.0,-66125000.0,0.0,-901098000.0
18/05/2020,10836.6930998595,18500.0,-100.0,-0.00540541,10660.0078862749,11072.2733846391,10660.0078862749,58300.0,1075595500.0,0.0,0.0,58300.0,1075595500.0,18370.0,0.0,0.0,-19020.0,340449000.0,0.0,0.0,-352292000.0
15/05/2020,10895.5881710543,18700.0,-200.0,-0.01069519,11190.0635270288,11190.0635270288,10866.1406354568,122470.0,2287417500.0,0.0,0.0,122470.0,2287417500.0,12570.0,0.0,0.0,-9570.0,236723500.0,0.0,0.0,-179454500.0
14/05/2020,11013.3783134441,19200.0,-500.0,-0.02604167,11278.4061338212,11543.4339541982,10954.4832422492,264240.0,5058042000.0,0.0,0.0,264240.0,5058042000.0,-45680.0,6500.0,0.0,-9010.0,-890039500.0,126517000.0,0.0,-173252000.0
13/05/2020,11307.8536694186,19400.0,-200.0,-0.01030928,11425.6438118084,11602.3290253931,11190.0635270288,110400.0,2139390500.0,0.0,0.0,110400.0,2139390500.0,-6430.0,0.0,0.0,-11140.0,-127539500.0,0.0,0.0,-215511000.0
12/05/2020,11425.6438118084,18500.0,900.0,0.04864865,10895.5881710543,11631.7765609905,10895.5881710543,198730.0,3840550500.0,0.0,0.0,198730.0,3840550500.0,26790.0,-1000.0,0.0,-23160.0,519050000.0,-19700000.0,0.0,-449424000.0
11/05/2020,10895.5881710543,18750.0,-250.0,-0.01333333,11013.3783134441,11042.8258490416,10866.1406354568,253880.0,4717506000.0,0.0,0.0,253880.0,4717506000.0,2400.0,0.0,0.0,-12780.0,44542000.0,0.0,0.0,-237716000.0
08/05/2020,11042.8258490416,18700.0,50.0,0.0026738,11013.3783134441,11190.0635270288,10983.9307778466,195960.0,3682386000.0,0.0,0.0,195960.0,3682386000.0,38880.0,-1980.0,0.0,-29050.0,730420000.0,-37224000.0,0.0,-546944500.0
07/05/2020,11013.3783134441,18400.0,300.0,0.01630435,11131.1684558339,11190.0635270288,10836.6930998595,153530.0,2884236000.0,0.0,0.0,153530.0,2884236000.0,22810.0,-4020.0,0.0,-33840.0,426496500.0,-75980000.0,0.0,-633894500.0
06/05/2020,10836.6930998595,18000.0,400.0,0.02222222,10483.3226726902,11013.3783134441,10483.3226726902,750930.0,13627820000.0,0.0,0.0,750930.0,13627820000.0,143260.0,0.0,0.0,-203960.0,2597325000.0,0.0,0.0,-3702801000.0
05/05/2020,10601.1128150799,17850.0,150.0,0.00840336,10247.7423879106,10895.5881710543,10247.7423879106,120330.0,2144697500.0,0.0,0.0,120330.0,2144697500.0,42170.0,-21000.0,0.0,-23940.0,749822500.0,-369412500.0,0.0,-430920000.0
04/05/2020,10512.7702082877,18500.0,-650.0,-0.03513514,10777.7980286647,10777.7980286647,10218.2948523131,115080.0,2044096000.0,0.0,0.0,115080.0,2044096000.0,-13970.0,0.0,0.0,800.0,-248284000.0,0.0,0.0,14135000.0
29/04/2020,10895.5881710543,18150.0,350.0,0.01928375,11131.1684558339,11131.1684558339,10601.1128150799,97640.0,1796657000.0,0.0,0.0,97640.0,1796657000.0,-5710.0,0.0,0.0,-300.0,-104700500.0,0.0,0.0,-5580000.0
28/04/2020,10689.4554218723,17000.0,1150.0,0.06764706,10689.4554218723,10689.4554218723,10601.1128150799,350280.0,6353560000.0,0.0,0.0,350280.0,6353560000.0,82000.0,1000.0,0.0,-100500.0,1488328000.0,18150000.0,0.0,-1824050000.0
27/04/2020,10012.162103131,15900.0,1100.0,0.06918239,9599.8966047668,10012.162103131,9599.8966047668,105550.0,1770548500.0,0.0,0.0,105550.0,1770548500.0,-330.0,0.0,0.0,0.0,-5442000.0,0.0,0.0,0.0
24/04/2020,9364.3163199873,15950.0,-50.0,-0.0031348,9541.0015335721,9541.0015335721,9305.4212487923,46220.0,735178000.0,0.0,0.0,46220.0,735178000.0,25230.0,0.0,0.0,-26230.0,401957000.0,0.0,0.0,-417807000.0
23/04/2020,9393.7638555848,16000.0,-50.0,-0.003125,9717.6867471565,9717.6867471565,9305.4212487923,49540.0,793931000.0,0.0,0.0,49540.0,793931000.0,500.0,0.0,0.0,0.0,7950000.0,0.0,0.0,0.0
22/04/2020,9423.2113911821,15500.0,500.0,0.03225806,8716.4705368435,9423.2113911821,8716.4705368435,25990.0,405000000.0,0.0,0.0,25990.0,405000000.0,-1950.0,0.0,0.0,-60.0,-30304000.0,0.0,0.0,-1101000.0
21/04/2020,9128.7360352076,16400.0,-900.0,-0.05487805,9658.7916759618,9776.5818183517,9069.8409640127,66030.0,1052000000.0,0.0,0.0,66030.0,1052000000.0,1940.0,-500.0,0.0,0.0,30274000.0,-8150000.0,0.0,0.0
20/04/2020,9658.7916759618,16500.0,-100.0,-0.00606061,9835.4768895464,10188.8473167157,9658.7916759618,181890.0,3050000000.0,0.0,0.0,181890.0,3050000000.0,96310.0,0.0,0.0,-96130.0,1605647000.0,0.0,0.0,-1602989000.0
17/04/2020,9717.6867471565,16250.0,250.0,0.01538462,9717.6867471565,9894.3719607413,9599.8966047668,30510.0,506000000.0,0.0,0.0,30510.0,506000000.0,-2450.0,0.0,0.0,0.0,-40875000.0,0.0,0.0,0.0
16/04/2020,9570.4490691694,16200.0,50.0,0.00308642,9541.0015335721,9717.6867471565,9423.2113911821,10770.0,175000000.0,0.0,0.0,10770.0,175000000.0,-500.0,500.0,0.0,0.0,-8000000.0,8000000.0,0.0,0.0
15/04/2020,9541.0015335721,15300.0,900.0,0.05882353,9010.9458928179,9629.3441403644,9010.9458928179,60510.0,956000000.0,0.0,0.0,60510.0,956000000.0,-30.0,0.0,0.0,-3680.0,1600500.0,0.0,0.0,-59616000.0
14/04/2020,9010.9458928179,14950.0,350.0,0.02341137,8804.8131436358,9010.9458928179,8598.6803944538,65440.0,972000000.0,0.0,0.0,65440.0,972000000.0,-4290.0,0.0,0.0,3240.0,-63444000.0,0.0,0.0,47744000.0
13/04/2020,8804.8131436358,14800.0,150.0,0.01013514,8745.9180724409,9010.9458928179,8745.9180724409,20320.0,303000000.0,0.0,0.0,20320.0,303000000.0,-8380.0,-3100.0,0.0,0.0,-124985000.0,-46111000.0,0.0,0.0
10/04/2020,8716.4705368435,14850.0,-50.0,-0.003367,8745.9180724409,8834.2606792333,8716.4705368435,20000.0,298000000.0,0.0,0.0,20000.0,298000000.0,-7660.0,0.0,0.0,0.0,-114451000.0,0.0,0.0,0.0
09/04/2020,8745.9180724409,14850.0,0.0,0.0,8716.4705368435,9069.8409640127,8598.6803944538,24490.0,366137500.0,0.0,0.0,24490.0,366137500.0,3280.0,0.0,0.0,0.0,48621000.0,0.0,0.0,0.0
06/04/2020,8893.1557504281,14500.0,600.0,0.04137931,8539.7853232589,8893.1557504281,8539.7853232589,32100.0,476542000.0,0.0,0.0,32100.0,476542000.0,-660.0,0.0,0.0,0.0,-9916000.0,0.0,0.0,0.0
03/04/2020,8539.7853232589,14400.0,100.0,0.00694444,8363.1001096742,8716.4705368435,8363.1001096742,26880.0,387000000.0,0.0,0.0,26880.0,387000000.0,-1740.0,0.0,0.0,0.0,-25104000.0,0.0,0.0,0.0
31/03/2020,8127.5198248945,13900.0,-100.0,-0.00719424,8539.7853232589,8539.7853232589,7950.83461131,13620.0,186000000.0,0.0,0.0,13620.0,186000000.0,-6870.0,0.0,0.0,4800.0,-93359000.0,0.0,0.0,65000000.0
30/03/2020,8186.4148960895,14800.0,-900.0,-0.06081081,8569.2328588563,8657.5754656486,8127.5198248945,90270.0,1255000000.0,0.0,0.0,90270.0,1255000000.0,-21020.0,0.0,0.0,10000.0,-290880000.0,0.0,0.0,138700000.0
23/03/2020,8009.7296825048,14600.0,-1000.0,-0.06849315,8539.7853232589,8539.7853232589,8009.7296825048,54720.0,761000000.0,0.0,0.0,54720.0,761000000.0,-5230.0,0.0,0.0,4900.0,-73004000.0,0.0,0.0,68350000.0
20/03/2020,8598.6803944538,14700.0,-100.0,-0.00680272,8657.5754656486,8716.4705368435,8539.7853232589,46730.0,687000000.0,0.0,0.0,46730.0,687000000.0,-490.0,0.0,0.0,0.0,-7203000.0,0.0,0.0,0.0
19/03/2020,8657.5754656486,14700.0,0.0,0.0,8834.2606792333,8834.2606792333,8480.8902520639,8550.0,126000000.0,0.0,0.0,8550.0,126000000.0,-20.0,0.0,0.0,20.0,-297000.0,0.0,0.0,297000.0
18/03/2020,8657.5754656486,14850.0,-150.0,-0.01010101,9010.9458928179,9128.7360352076,8569.2328588563,10330.0,153000000.0,0.0,0.0,10330.0,153000000.0,-660.0,0.0,0.0,0.0,-9719500.0,0.0,0.0,0.0
17/03/2020,8745.9180724409,15050.0,-200.0,-0.01328904,8245.3099672844,8745.9180724409,8245.3099672844,118490.0,1677000000.0,0.0,0.0,118490.0,1677000000.0,74700.0,-80000.0,0.0,5300.0,1051094000.0,-1125704000.0,0.0,74610000.0
16/03/2020,8863.7082148307,15700.0,-650.0,-0.04140127,8952.050821623,9246.5261775975,8834.2606792333,33570.0,509000000.0,0.0,0.0,33570.0,509000000.0,90.0,0.0,0.0,0.0,1386000.0,0.0,0.0,0.0
13/03/2020,9246.5261775975,16000.0,-300.0,-0.01875,8893.1557504281,9246.5261775975,8775.3656080384,41220.0,621000000.0,0.0,0.0,41220.0,621000000.0,-400.0,0.0,0.0,0.0,-6080000.0,0.0,0.0,0.0
12/03/2020,9423.2113911821,17100.0,-1100.0,-0.06432749,9423.2113911821,9482.1064623771,9393.7638555848,31820.0,508000000.0,0.0,0.0,31820.0,508000000.0,-610.0,0.0,0.0,0.0,-9729500.0,0.0,0.0,0.0
11/03/2020,10071.0571743259,17600.0,-500.0,-0.02840909,10365.5325303004,10542.2177438851,9658.7916759618,209560.0,3504000000.0,0.0,0.0,209560.0,3504000000.0,-4770.0,0.0,0.0,3350.0,-80093000.0,0.0,0.0,57140000.0
10/03/2020,10365.5325303004,17050.0,550.0,0.03225806,10012.162103131,10365.5325303004,9482.1064623771,38040.0,644000000.0,0.0,0.0,38040.0,644000000.0,-3040.0,0.0,0.0,3290.0,-50464000.0,0.0,0.0,55259000.0
09/03/2020,10041.6096387286,18300.0,-1250.0,-0.06830601,10483.3226726902,10601.1128150799,10041.6096387286,99680.0,1729000000.0,0.0,0.0,99680.0,1729000000.0,-20740.0,0.0,0.0,16940.0,-358823500.0,0.0,0.0,293632000.0
06/03/2020,10777.7980286647,18200.0,100.0,0.00549451,10601.1128150799,10836.6930998595,10601.1128150799,7350.0,134000000.0,0.0,0.0,7350.0,134000000.0,120.0,0.0,0.0,180.0,2160000.0,0.0,0.0,3240000.0
04/03/2020,10836.6930998595,18700.0,-300.0,-0.01604278,11013.3783134441,11013.3783134441,10836.6930998595,13460.0,250000000.0,0.0,0.0,13460.0,250000000.0,-4440.0,0.0,0.0,-2000.0,-82871000.0,0.0,0.0,-37200000.0
03/03/2020,11013.3783134441,18450.0,250.0,0.01355014,11425.6438118084,11425.6438118084,10954.4832422492,19070.0,362000000.0,0.0,0.0,19070.0,362000000.0,2500.0,0.0,0.0,-2800.0,46690000.0,0.0,0.0,-52280000.0
02/03/2020,10866.1406354568,18100.0,350.0,0.01933702,10660.0078862749,11013.3783134441,10660.0078862749,20170.0,372000000.0,0.0,0.0,20170.0,372000000.0,50.0,0.0,0.0,0.0,922500.0,0.0,0.0,0.0
28/02/2020,10660.0078862749,19000.0,-900.0,-0.04736842,10954.4832422492,10954.4832422492,10601.1128150799,25370.0,460000000.0,0.0,0.0,25370.0,460000000.0,-6650.0,0.0,0.0,4650.0,-120130000.0,0.0,0.0,83865000.0
27/02/2020,11190.0635270288,18200.0,800.0,0.04395604,10542.2177438851,11366.7487406135,10542.2177438851,29220.0,555000000.0,0.0,0.0,29220.0,555000000.0,860.0,0.0,0.0,10.0,15994000.0,0.0,0.0,179000.0
26/02/2020,10718.9029574698,18000.0,200.0,0.01111111,10601.1128150799,10718.9029574698,10306.6374591054,23290.0,412000000.0,0.0,0.0,23290.0,412000000.0,-14470.0,0.0,0.0,15230.0,-255727000.0,0.0,0.0,268907000.0
25/02/2020,10601.1128150799,17700.0,300.0,0.01694915,10188.8473167157,10601.1128150799,10012.162103131,21590.0,373000000.0,0.0,0.0,21590.0,373000000.0,-9650.0,0.0,0.0,9640.0,-165651000.0,0.0,0.0,165480000.0
24/02/2020,10424.4276014954,19000.0,-1300.0,-0.06842105,11190.0635270288,11190.0635270288,10424.4276014954,117600.0,2104000000.0,0.0,0.0,117600.0,2104000000.0,-28470.0,0.0,0.0,26000.0,-508383500.0,0.0,0.0,464332000.0
21/02/2020,11190.0635270288,19400.0,-400.0,-0.02061856,11425.6438118084,11896.8043813675,11190.0635270288,57170.0,1125000000.0,0.0,0.0,57170.0,1125000000.0,-32590.0,0.0,0.0,0.0,-650590000.0,0.0,0.0,0.0
20/02/2020,11425.6438118084,18500.0,900.0,0.04864865,11131.1684558339,11543.4339541982,11131.1684558339,66550.0,1280000000.0,0.0,0.0,66550.0,1280000000.0,-200.0,0.0,0.0,0.0,-3780000.0,0.0,0.0,0.0
19/02/2020,10895.5881710543,17300.0,1200.0,0.06936416,10188.8473167157,10895.5881710543,10188.8473167157,80350.0,1461000000.0,0.0,0.0,80350.0,1461000000.0,-580.0,0.0,0.0,0.0,-10324000.0,0.0,0.0,0.0
18/02/2020,10188.8473167157,17100.0,200.0,0.01169591,10247.7423879106,10601.1128150799,10188.8473167157,24980.0,439000000.0,0.0,0.0,24980.0,439000000.0,100.0,0.0,0.0,0.0,1730000.0,0.0,0.0,0.0
17/02/2020,10071.0571743259,16700.0,400.0,0.0239521,9776.5818183517,10071.0571743259,9776.5818183517,27590.0,465000000.0,0.0,0.0,27590.0,465000000.0,-18720.0,0.0,0.0,5000.0,-314867000.0,0.0,0.0,83000000.0
14/02/2020,9835.4768895464,16700.0,0.0,0.0,9835.4768895464,10012.162103131,9747.1342827542,23060.0,389000000.0,0.0,0.0,23060.0,389000000.0,-19210.0,0.0,0.0,900.0,-324995000.0,0.0,0.0,15030000.0
13/02/2020,9835.4768895464,16600.0,100.0,0.0060241,9835.4768895464,10071.0571743259,9835.4768895464,16580.0,280000000.0,0.0,0.0,16580.0,280000000.0,-530.0,0.0,0.0,0.0,-8851000.0,0.0,0.0,0.0
12/02/2020,9776.5818183517,16400.0,200.0,0.01219512,9658.7916759618,10100.5047099233,9658.7916759618,36400.0,612000000.0,0.0,0.0,36400.0,612000000.0,-6300.0,0.0,0.0,2000.0,-105474000.0,0.0,0.0,32800000.0
11/02/2020,9658.7916759618,16400.0,0.0,0.0,9717.6867471565,9776.5818183517,9599.8966047668,12840.0,211000000.0,0.0,0.0,12840.0,211000000.0,50.0,0.0,0.0,0.0,827000.0,0.0,0.0,0.0
10/02/2020,9658.7916759618,16400.0,0.0,0.0,9599.8966047668,10100.5047099233,9246.5261775975,9110.0,146000000.0,0.0,0.0,9110.0,146000000.0,-3000.0,0.0,0.0,2900.0,-48000000.0,0.0,0.0,46400000.0
06/02/2020,9717.6867471565,15800.0,700.0,0.0443038,9158.1835708052,9894.3719607413,9158.1835708052,52040.0,834000000.0,0.0,0.0,52040.0,834000000.0,-26930.0,0.0,0.0,-200.0,-425694000.0,0.0,0.0,-3200000.0
05/02/2020,9305.4212487923,15350.0,450.0,0.02931596,9187.6311064026,9305.4212487923,9187.6311064026,7230.0,114000000.0,0.0,0.0,7230.0,114000000.0,-600.0,0.0,0.0,100.0,-9420000.0,0.0,0.0,1570000.0
04/02/2020,9040.3934284154,14900.0,450.0,0.03020134,8952.050821623,9069.8409640127,8834.2606792333,54680.0,835000000.0,0.0,0.0,54680.0,835000000.0,-38850.0,0.0,0.0,0.0,-594612500.0,0.0,0.0,0.0
03/02/2020,8775.3656080384,16000.0,-1100.0,-0.06875,9599.8966047668,9599.8966047668,8775.3656080384,124930.0,1874000000.0,0.0,0.0,124930.0,1874000000.0,19220.0,-15400.0,0.0,-3830.0,287731000.0,-229460000.0,0.0,-58420000.0
31/01/2020,9423.2113911821,17200.0,-1200.0,-0.06976744,10129.952245521,10129.952245521,9423.2113911821,44240.0,723000000.0,0.0,0.0,44240.0,723000000.0,3270.0,0.0,0.0,-3270.0,53955000.0,0.0,0.0,-53955000.0
30/01/2020,10129.952245521,18100.0,-900.0,-0.04972376,10660.0078862749,10660.0078862749,10071.0571743259,37580.0,658000000.0,0.0,0.0,37580.0,658000000.0,6200.0,0.0,0.0,-6200.0,106748000.0,0.0,0.0,-106748000.0
21/01/2020,10660.0078862749,18000.0,100.0,0.00555556,10601.1128150799,10718.9029574698,10483.3226726902,28770.0,515000000.0,0.0,0.0,28770.0,515000000.0,-400.0,0.0,0.0,400.0,-7280000.0,0.0,0.0,7280000.0
20/01/2020,10601.1128150799,18150.0,-150.0,-0.00826446,10689.4554218723,10689.4554218723,10601.1128150799,12490.0,226000000.0,0.0,0.0,12490.0,226000000.0,-20.0,0.0,0.0,0.0,-363000.0,0.0,0.0,0.0
14/01/2020,10542.2177438851,17900.0,0.0,0.0,10542.2177438851,10895.5881710543,10483.3226726902,22060.0,398000000.0,0.0,0.0,22060.0,398000000.0,20.0,0.0,0.0,0.0,364000.0,0.0,0.0,0.0
13/01/2020,10542.2177438851,18100.0,-200.0,-0.01104972,10660.0078862749,10718.9029574698,10512.7702082877,14090.0,253000000.0,0.0,0.0,14090.0,253000000.0,1000.0,0.0,0.0,0.0,17910000.0,0.0,0.0,0.0
10/01/2020,10660.0078862749,18800.0,-700.0,-0.03723404,11072.2733846391,11072.2733846391,10601.1128150799,29070.0,531000000.0,0.0,0.0,29070.0,531000000.0,100.0,0.0,0.0,-100.0,1845000.0,0.0,0.0,-1845000.0
08/01/2020,11101.7209202365,19350.0,-500.0,-0.02583979,11248.9585982237,11278.4061338212,10777.7980286647,13050.0,244000000.0,0.0,0.0,13050.0,244000000.0,-20.0,0.0,0.0,0.0,-370000.0,0.0,0.0,0.0
31/12/2019,11837.9093101727,20350.0,-250.0,-0.01228501,11985.1469881598,11985.1469881598,11661.2240965879,9820.0,197000000.0,0.0,0.0,9820.0,197000000.0,1210.0,0.0,0.0,-1000.0,24061500.0,0.0,0.0,-19861500.0
30/12/2019,11985.1469881598,20201.0,149.0,0.00737587,12073.4895949522,12132.384666147,11985.1469881598,16970.0,347000000.0,0.0,0.0,16970.0,347000000.0,440.0,0.0,0.0,0.0,8976000.0,0.0,0.0,0.0
27/12/2019,11897.1165252448,21350.0,350.0,0.01639344,11705.2275490312,12061.5927905708,11705.2275490312,30660.0,666000000.0,0.0,0.0,30660.0,666000000.0,540.0,0.0,0.0,0.0,11962000.0,0.0,0.0,0.0
26/12/2019,11705.2275490312,21000.0,350.0,0.01666667,11513.3385728175,12280.894477672,11513.3385728175,43000.0,929000000.0,0.0,0.0,43000.0,929000000.0,-730.0,0.0,0.0,0.0,-15764000.0,0.0,0.0,0.0
24/12/2019,11348.8623074917,20350.0,350.0,0.01719902,11321.4495966039,11348.8623074917,11129.5606203904,28310.0,579000000.0,0.0,0.0,28310.0,579000000.0,1740.0,0.0,0.0,-2100.0,35832000.0,0.0,0.0,-43260000.0
23/12/2019,11156.973331278,21200.0,-850.0,-0.04009434,11787.4656816942,11787.4656816942,11129.5606203904,77240.0,1580000000.0,0.0,0.0,77240.0,1580000000.0,26200.0,0.0,0.0,-26300.0,535612000.0,0.0,0.0,-537720000.0
20/12/2019,11622.9894163682,21600.0,-400.0,-0.01851852,11897.1165252448,11897.1165252448,11513.3385728175,49310.0,1045000000.0,0.0,0.0,49310.0,1045000000.0,-320.0,0.0,0.0,300.0,-6750000.0,0.0,0.0,6330000.0
19/12/2019,11842.2911034695,21600.0,0.0,0.0,11897.1165252448,11951.9419470201,11732.6402599189,12140.0,262000000.0,0.0,0.0,12140.0,262000000.0,-200.0,0.0,0.0,200.0,-4320000.0,0.0,0.0,4320000.0
18/12/2019,11842.2911034695,21550.0,50.0,0.00232019,12006.7673687954,12006.7673687954,11787.4656816942,10100.0,218000000.0,0.0,0.0,10100.0,218000000.0,-10.0,0.0,0.0,0.0,-217000.0,0.0,0.0,0.0
13/12/2019,12143.8309232337,21700.0,450.0,0.02073733,12061.5927905708,12280.894477672,11897.1165252448,29340.0,646000000.0,0.0,0.0,29340.0,646000000.0,-2500.0,0.0,0.0,0.0,-54800000.0,0.0,0.0,0.0
10/12/2019,10965.0843550643,19900.0,100.0,0.00502513,10965.0843550643,11239.2114639409,10800.6080897383,17080.0,339000000.0,0.0,0.0,17080.0,339000000.0,-130.0,0.0,0.0,0.0,-2600000.0,0.0,0.0,0.0
29/11/2019,12335.7198994474,22900.0,-400.0,-0.01746725,12335.7198994474,12609.8470083241,12335.7198994474,20870.0,477000000.0,0.0,0.0,20870.0,477000000.0,-17320.0,0.0,0.0,17320.0,-396811000.0,0.0,0.0,396811000.0
27/11/2019,12555.0215865487,22750.0,150.0,0.00659341,12609.8470083241,12938.7995389758,12500.1961647732,57480.0,1329000000.0,0.0,0.0,57480.0,1329000000.0,-22400.0,0.0,0.0,22400.0,-519525500.0,0.0,0.0,519525500.0
26/11/2019,12472.7834538857,22900.0,-150.0,-0.00655022,12555.0215865487,12555.0215865487,12226.0690558968,17590.0,399000000.0,0.0,0.0,17590.0,399000000.0,-9960.0,0.0,0.0,9960.0,-225735000.0,0.0,0.0,225735000.0
25/11/2019,12555.0215865487,22600.0,300.0,0.01327434,12390.5453212228,12555.0215865487,12171.2436341215,14800.0,335000000.0,0.0,0.0,14800.0,335000000.0,-20.0,0.0,0.0,0.0,-448000.0,0.0,0.0,0.0
22/11/2019,12390.5453212228,22900.0,-300.0,-0.0131,12363.1326103349,12719.4978518747,12253.4817667845,18010.0,408000000.0,0.0,0.0,18010.0,408000000.0,-200.0,0.0,0.0,200.0,-4500000.0,0.0,0.0,4500000.0
20/11/2019,12555.0215865487,22300.0,600.0,0.02690583,12555.0215865487,12582.4342974362,12226.0690558968,12090.0,276000000.0,0.0,0.0,12090.0,276000000.0,-400.0,0.0,0.0,400.0,-8930000.0,0.0,0.0,8930000.0
18/11/2019,12061.5927905708,22500.0,-500.0,-0.02222222,12335.7198994474,12609.8470083241,12061.5927905708,23750.0,536000000.0,0.0,0.0,23750.0,536000000.0,-5000.0,5000.0,0.0,0.0,-113100000.0,113100000.0,0.0,0.0
15/11/2019,12335.7198994474,22850.0,-350.0,-0.01531729,12609.8470083241,12829.1486954254,12335.7198994474,11220.0,256000000.0,0.0,0.0,11220.0,256000000.0,-2680.0,2000.0,0.0,0.0,-61030000.0,45500000.0,0.0,0.0
14/11/2019,12527.608875661,22700.0,150.0,0.00660793,12445.370742998,12993.6249607512,12445.370742998,12710.0,293000000.0,0.0,0.0,12710.0,293000000.0,-840.0,3000.0,0.0,0.0,-19635000.0,69050000.0,0.0,0.0
13/11/2019,12445.370742998,23450.0,-750.0,-0.03198294,12774.3232736501,12856.561406313,12445.370742998,53960.0,1239000000.0,0.0,0.0,53960.0,1239000000.0,550.0,0.0,0.0,200.0,12689500.0,0.0,0.0,4610000.0
12/11/2019,12856.561406313,23850.0,-400.0,-0.01677149,12966.2122498635,13075.8630934142,12856.561406313,27280.0,642000000.0,0.0,0.0,27280.0,642000000.0,-500.0,0.0,0.0,500.0,-11775000.0,0.0,0.0,11775000.0
11/11/2019,13075.8630934142,24200.0,-350.0,-0.01446281,13158.1012260771,13158.1012260771,12938.7995389758,21880.0,519000000.0,0.0,0.0,21880.0,519000000.0,2690.0,0.0,0.0,0.0,64354000.0,0.0,0.0,0.0
08/11/2019,13267.7520696279,23900.0,300.0,0.0125523,13103.2758043018,13349.9902022908,12938.7995389758,27120.0,646000000.0,0.0,0.0,27120.0,646000000.0,-590.0,0.0,0.0,-70.0,-14286500.0,0.0,0.0,-1685500.0
07/11/2019,13103.2758043018,23900.0,0.0,0.0,13267.7520696279,13432.228334954,13075.8630934142,16470.0,396000000.0,0.0,0.0,16470.0,396000000.0,-1300.0,0.0,0.0,-700.0,-31156500.0,0.0,0.0,-16843500.0
06/11/2019,13103.2758043018,24400.0,-500.0,-0.0204918,13487.0537567292,13487.0537567292,12938.7995389758,13880.0,332000000.0,0.0,0.0,13880.0,332000000.0,920.0,0.0,0.0,-920.0,22126000.0,0.0,0.0,-22126000.0
05/11/2019,13377.4029131785,23800.0,600.0,0.02521008,13048.4503825268,13377.4029131785,13048.4503825268,12370.0,297000000.0,0.0,0.0,12370.0,297000000.0,620.0,0.0,0.0,-1140.0,14889000.0,0.0,0.0,-27366000.0
04/11/2019,13048.4503825268,24800.0,-1000.0,-0.04032258,13596.7046002798,13651.5300220552,13048.4503825268,27680.0,666000000.0,0.0,0.0,27680.0,666000000.0,770.0,0.0,0.0,-360.0,18691000.0,0.0,0.0,-8776000.0
01/11/2019,13596.7046002798,24900.0,-100.0,-0.00401606,13816.0062873811,13898.2444200441,13404.8156240662,13200.0,324000000.0,0.0,0.0,13200.0,324000000.0,0.0,0.0,0.0,-1450.0,-142500.0,0.0,0.0,-35580500.0
31/10/2019,13651.5300220552,25100.0,-200.0,-0.00796813,13761.1808656057,13761.1808656057,13514.4664676168,33050.0,820000000.0,0.0,0.0,33050.0,820000000.0,150.0,0.0,0.0,-350.0,3706500.0,0.0,0.0,-8668500.0
30/10/2019,13761.1808656057,25300.0,-200.0,-0.00790514,13706.3554438304,13843.4189982687,13706.3554438304,15360.0,385000000.0,0.0,0.0,15360.0,385000000.0,-450.0,0.0,0.0,450.0,-11257000.0,0.0,0.0,11257000.0
29/10/2019,13870.8317091564,25500.0,-200.0,-0.00784314,14199.7842398084,14199.7842398084,13870.8317091564,31270.0,797000000.0,0.0,0.0,31270.0,797000000.0,1520.0,0.0,0.0,-1920.0,38763000.0,0.0,0.0,-48963000.0
28/10/2019,13980.482552707,25300.0,200.0,0.00790514,13733.7681547181,14638.387614011,13706.3554438304,55970.0,1450657000.0,0.0,0.0,55970.0,1450657000.0,-4030.0,0.0,0.0,70.0,-105565000.0,0.0,0.0,1873000.0
25/10/2019,13870.8317091564,25750.0,-450.0,-0.01747573,14035.3079744826,14117.5461071454,13870.8317091564,26770.0,682000000.0,0.0,0.0,26770.0,682000000.0,-140.0,-80.0,0.0,420.0,-3534500.0,-2060000.0,0.0,10789500.0
24/10/2019,14117.5461071454,25750.0,0.0,0.0,14172.3715289206,14199.7842398084,13898.2444200441,24970.0,640000000.0,0.0,0.0,24970.0,640000000.0,80.0,-300.0,0.0,0.0,2106000.0,-7745000.0,0.0,0.0
23/10/2019,14117.5461071454,25700.0,50.0,0.00194553,14090.1333962577,14227.1969506961,13980.482552707,33090.0,852000000.0,0.0,0.0,33090.0,852000000.0,400.0,-500.0,0.0,100.0,10346000.0,-12910000.0,0.0,2564000.0
22/10/2019,14090.1333962577,24400.0,1300.0,0.05327869,13158.1012260771,14144.9588180329,13158.1012260771,116700.0,2934000000.0,0.0,0.0,116700.0,2934000000.0,-1770.0,-2320.0,0.0,790.0,-42980000.0,-58817500.0,0.0,19550000.0
21/10/2019,13377.4029131785,24200.0,200.0,0.00826446,13678.9427329428,13678.9427329428,13267.7520696279,16300.0,399000000.0,0.0,0.0,16300.0,399000000.0,0.0,0.0,0.0,0.0,152500.0,-152500.0,0.0,0.0
18/10/2019,13267.7520696279,23700.0,500.0,0.02109705,12500.1961647732,13706.3554438304,12500.1961647732,44710.0,1078000000.0,0.0,0.0,44710.0,1078000000.0,-500.0,500.0,0.0,0.0,-12075000.0,12075000.0,0.0,0.0
16/10/2019,12993.6249607512,23700.0,0.0,0.0,13130.6885151896,13130.6885151896,12883.9741172006,8990.0,212000000.0,0.0,0.0,8990.0,212000000.0,-120.0,0.0,0.0,120.0,-2842000.0,0.0,0.0,2842000.0
15/10/2019,12993.6249607512,23650.0,50.0,0.00211416,12966.2122498635,13103.2758043018,12829.1486954254,11410.0,269000000.0,0.0,0.0,11410.0,269000000.0,900.0,0.0,0.0,0.0,21330000.0,0.0,0.0,0.0
14/10/2019,12966.2122498635,23950.0,-300.0,-0.0125261,12774.3232736501,13404.8156240662,12774.3232736501,33620.0,802000000.0,0.0,0.0,33620.0,802000000.0,-4550.0,4550.0,0.0,0.0,-109200000.0,109200000.0,0.0,0.0
11/10/2019,13130.6885151896,24200.0,-250.0,-0.01033058,13322.5774914032,13322.5774914032,13048.4503825268,5390.0,129000000.0,42780.0,964689000.0,48170.0,1093689000.0,-650.0,0.0,0.0,0.0,-15600000.0,0.0,0.0,0.0
10/10/2019,13267.7520696279,24000.0,200.0,0.00833333,13158.1012260771,13404.8156240662,13158.1012260771,20800.0,500000000.0,0.0,0.0,20800.0,500000000.0,-800.0,0.0,0.0,0.0,-19200000.0,0.0,0.0,0.0
09/10/2019,13158.1012260771,24400.0,-400.0,-0.01639344,13377.4029131785,13377.4029131785,13158.1012260771,29740.0,719000000.0,30000.0,681000000.0,59740.0,1400000000.0,200.0,0.0,0.0,0.0,4862500.0,0.0,0.0,0.0
08/10/2019,13377.4029131785,23800.0,600.0,0.02521008,12993.6249607512,13487.0537567292,12993.6249607512,10680.0,258000000.0,0.0,0.0,10680.0,258000000.0,-700.0,700.0,0.0,0.0,-17010000.0,17010000.0,0.0,0.0
07/10/2019,13048.4503825268,24950.0,-1150.0,-0.04609218,13432.228334954,13706.3554438304,13048.4503825268,34570.0,843000000.0,0.0,0.0,34570.0,843000000.0,-2000.0,0.0,0.0,0.0,-49200000.0,0.0,0.0,0.0
02/10/2019,13761.1808656057,25250.0,-150.0,-0.00594059,13843.4189982687,14254.6096615837,13596.7046002798,34370.0,862000000.0,0.0,0.0,34370.0,862000000.0,-1100.0,100.0,0.0,0.0,-27800000.0,2600000.0,0.0,0.0
01/10/2019,13843.4189982687,25000.0,250.0,0.01,13706.3554438304,14473.911348685,13651.5300220552,46190.0,1179000000.0,0.0,0.0,46190.0,1179000000.0,-1920.0,2000.0,0.0,0.0,-49394500.0,51445000.0,0.0,0.0
30/09/2019,13706.3554438304,24800.0,200.0,0.00806452,13843.4189982687,13980.482552707,13541.8791785045,41280.0,1033000000.0,0.0,0.0,41280.0,1033000000.0,-750.0,2250.0,0.0,-1500.0,-17900000.0,55775000.0,0.0,-37875000.0
27/09/2019,13596.7046002798,25200.0,-400.0,-0.01587302,13432.228334954,13788.5935764934,13267.7520696279,70070.0,1735000000.0,0.0,0.0,70070.0,1735000000.0,-1600.0,6100.0,0.0,-4000.0,-39080000.0,151180000.0,0.0,-99600000.0
26/09/2019,13816.0062873811,24900.0,300.0,0.01204819,13870.8317091564,14528.7367704603,13788.5935764934,57430.0,1473000000.0,0.0,0.0,57430.0,1473000000.0,-200.0,0.0,0.0,0.0,-5055000.0,0.0,0.0,0.0
25/09/2019,13651.5300220552,23300.0,1600.0,0.06866953,12774.3232736501,13651.5300220552,12774.3232736501,83460.0,2058000000.0,0.0,0.0,83460.0,2058000000.0,1680.0,0.0,0.0,-1680.0,39668000.0,0.0,0.0,-39668000.0
24/09/2019,12774.3232736501,24950.0,-1650.0,-0.06613226,13514.4664676168,13541.8791785045,12746.9105627624,234410.0,5541000000.0,0.0,0.0,234410.0,5541000000.0,-19600.0,0.0,0.0,4100.0,-457105000.0,0.0,0.0,96730000.0
23/09/2019,13678.9427329428,26800.0,-1200.0,-0.04477612,14693.2130357861,14693.2130357861,13678.9427329428,95380.0,2469267500.0,0.0,0.0,95380.0,2469267500.0,29800.0,0.0,0.0,-29470.0,768224000.0,0.0,0.0,-759888000.0
20/09/2019,14693.2130357861,27650.0,-850.0,-0.03074141,15159.2291208765,15159.2291208765,14583.5621922357,46030.0,1238000000.0,0.0,0.0,46030.0,1238000000.0,-290.0,0.0,0.0,0.0,-7817000.0,0.0,0.0,0.0
19/09/2019,15159.2291208765,28000.0,-350.0,-0.0125,15570.4197841915,15570.4197841915,14912.5147228875,35620.0,984000000.0,0.0,0.0,35620.0,984000000.0,-910.0,1000.0,0.0,-1090.0,-25261500.0,27500000.0,0.0,-29738500.0
18/09/2019,15351.1180970902,28000.0,0.0,0.0,15351.1180970902,15707.4833386298,15214.0545426518,37570.0,1056000000.0,0.0,0.0,37570.0,1056000000.0,1460.0,0.0,0.0,-2060.0,40912000.0,0.0,0.0,-57962000.0
17/09/2019,15351.1180970902,27500.0,500.0,0.01818182,15268.8799644272,15899.3723148433,14912.5147228875,68600.0,1931000000.0,0.0,0.0,68600.0,1931000000.0,-8120.0,10400.0,0.0,-2280.0,-233754000.0,296442000.0,0.0,-62688000.0
16/09/2019,15076.9909882134,27250.0,250.0,0.00917431,14967.3401446629,15351.1180970902,14830.2765902246,42870.0,1173000000.0,0.0,0.0,42870.0,1173000000.0,1790.0,0.0,0.0,-1790.0,47250000.0,0.0,0.0,-47250000.0
13/09/2019,14939.9274337752,28150.0,-900.0,-0.03197158,15351.1180970902,15433.356229753,14912.5147228875,39110.0,1074000000.0,0.0,0.0,39110.0,1074000000.0,1130.0,0.0,0.0,-1300.0,31106500.0,0.0,0.0,-35751500.0
12/09/2019,15433.356229753,27300.0,850.0,0.03113553,15076.9909882134,15570.4197841915,15076.9909882134,74700.0,2067000000.0,0.0,0.0,74700.0,2067000000.0,3140.0,0.0,0.0,-2950.0,88272500.0,0.0,0.0,-82650500.0
11/09/2019,14967.3401446629,26500.0,800.0,0.03018868,14419.0859269096,15405.9435188654,14419.0859269096,68540.0,1860000000.0,0.0,0.0,68540.0,1860000000.0,-9790.0,0.0,0.0,5290.0,-261613000.0,0.0,0.0,139613000.0
10/09/2019,14528.7367704603,27700.0,-1200.0,-0.0433213,14857.6893011121,15076.9909882134,14254.6096615837,125270.0,3336000000.0,0.0,0.0,125270.0,3336000000.0,-9400.0,-20000.0,0.0,29470.0,-264428000.0,-524951000.0,0.0,792030000.0
09/09/2019,15186.6418317642,29000.0,-1300.0,-0.04482759,15460.7689406407,15460.7689406407,14802.8638793368,111990.0,3086000000.0,0.0,0.0,111990.0,3086000000.0,-15590.0,-10500.0,0.0,23180.0,-413618000.0,-294049000.0,0.0,627060000.0
06/09/2019,15899.3723148433,29950.0,-950.0,-0.03171953,16721.7536414731,16886.229906799,15844.546893068,72830.0,2160000000.0,0.0,0.0,72830.0,2160000000.0,3180.0,0.0,0.0,-3990.0,91905500.0,0.0,0.0,-115540500.0
05/09/2019,16420.2138217089,28000.0,1950.0,0.06964286,15899.3723148433,16420.2138217089,15460.7689406407,97900.0,2902000000.0,0.0,0.0,97900.0,2902000000.0,-670.0,2000.0,0.0,0.0,-18150500.0,58000000.0,0.0,0.0
04/09/2019,15351.1180970902,28500.0,-500.0,-0.01754386,15076.9909882134,15680.0706277419,14693.2130357861,250790.0,6849000000.0,0.0,0.0,250790.0,6849000000.0,13960.0,10500.0,0.0,-26040.0,394292000.0,283450000.0,0.0,-720998500.0
03/09/2019,15625.2452059667,30400.0,-1900.0,-0.0625,16666.9282196977,16995.8807503498,15625.2452059667,114960.0,3461000000.0,0.0,0.0,114960.0,3461000000.0,29230.0,0.0,0.0,-32630.0,900429000.0,0.0,0.0,-998543000.0
30/08/2019,16666.9282196977,32600.0,-2200.0,-0.06748466,17845.6747878673,17845.6747878673,16666.9282196977,201460.0,6259000000.0,0.0,0.0,201460.0,6259000000.0,47230.0,0.0,0.0,-55700.0,1475246500.0,0.0,0.0,-1738229000.0
29/08/2019,17873.0874987549,33050.0,-450.0,-0.01361573,18722.8815362723,18722.8815362723,17873.0874987549,49030.0,1622000000.0,0.0,0.0,49030.0,1622000000.0,-5040.0,0.0,0.0,0.0,-167179000.0,0.0,0.0,0.0
28/08/2019,18119.8018967438,34950.0,-1900.0,-0.05436338,18750.29424716,19134.0721995873,18092.3891858561,110290.0,3701000000.0,0.0,0.0,110290.0,3701000000.0,-4820.0,0.0,0.0,0.0,-161397500.0,0.0,0.0,0.0
27/08/2019,19161.4849104747,34950.0,0.0,0.0,19188.8976213627,19188.8976213627,18750.29424716,52360.0,1814000000.0,0.0,0.0,52360.0,1814000000.0,-15210.0,2000.0,0.0,-500.0,-530076000.0,69295000.0,0.0,-17450000.0
26/08/2019,19161.4849104747,35000.0,-50.0,-0.00142857,19188.8976213627,19188.8976213627,18969.5959342613,49920.0,1742000000.0,0.0,0.0,49920.0,1742000000.0,-1990.0,1300.0,0.0,0.0,-69209500.0,45240000.0,0.0,0.0
23/08/2019,19188.8976213627,35200.0,-200.0,-0.00568182,19517.8501520146,19517.8501520146,18914.7705124862,72660.0,2543000000.0,0.0,0.0,72660.0,2543000000.0,-2700.0,0.0,0.0,0.0,-95110000.0,0.0,0.0,0.0
22/08/2019,19298.5484649132,35350.0,-150.0,-0.00424328,19737.1518391159,19737.1518391159,18969.5959342613,61450.0,2160000000.0,0.0,0.0,61450.0,2160000000.0,230.0,0.0,0.0,500.0,7842000.0,0.0,0.0,17550000.0
21/08/2019,19380.7865975761,34600.0,750.0,0.0216763,19188.8976213627,19846.8026826665,19134.0721995873,206030.0,7303000000.0,0.0,0.0,206030.0,7303000000.0,54480.0,0.0,0.0,-57160.0,1935899000.0,0.0,0.0,-2030593500.0
20/08/2019,18969.5959342613,32400.0,2200.0,0.06790123,17818.2620769795,18997.008645149,17818.2620769795,298280.0,10242000000.0,0.0,0.0,298280.0,10242000000.0,132610.0,-11890.0,-12490.0,-122550.0,4580063500.0,-397357000.0,-418117000.0,-4246029000.0
19/08/2019,17763.4366552043,33400.0,-1000.0,-0.02994012,18311.6908729575,18366.5162947329,17653.7858116536,48210.0,1574000000.0,0.0,0.0,48210.0,1574000000.0,-2310.0,1200.0,0.0,0.0,-75634000.0,39480000.0,0.0,0.0
16/08/2019,18311.6908729575,34100.0,-700.0,-0.02052786,18695.4688253848,18914.7705124862,18092.3891858561,99020.0,3356000000.0,0.0,0.0,99020.0,3356000000.0,26940.0,-30300.0,-30300.0,120.0,918937000.0,-1033115000.0,-1033115000.0,3992000.0
15/08/2019,18695.4688253848,32500.0,1600.0,0.04923077,17324.8332810016,18805.1196689353,16721.7536414731,191600.0,6127000000.0,0.0,0.0,191600.0,6127000000.0,15670.0,-20020.0,-20020.0,3000.0,536354000.0,-672574000.0,-672574000.0,93300000.0
14/08/2019,17818.2620769795,33950.0,-1450.0,-0.04270987,18119.8018967438,18859.9450907107,17489.3095463276,229870.0,7496000000.0,0.0,0.0,229870.0,7496000000.0,-7620.0,-7190.0,-7190.0,5100.0,-243744500.0,-243919000.0,-243919000.0,165100000.0
13/08/2019,18613.2306927217,36500.0,-2550.0,-0.06986301,20011.2789479924,20011.2789479924,18613.2306927217,265550.0,9198000000.0,50000.0,1750000000.0,315550.0,10948000000.0,-22220.0,-23000.0,-23000.0,40250.0,-765778500.0,-808425500.0,-808425500.0,1402375000.0
12/08/2019,20011.2789479924,38300.0,-1800.0,-0.04699739,20943.3111181729,20998.1365399482,19901.6281044418,93070.0,3437000000.0,0.0,0.0,93070.0,3437000000.0,-3090.0,0.0,0.0,500.0,-113118500.0,0.0,0.0,17895000.0
09/08/2019,20998.1365399482,39500.0,-1200.0,-0.03037975,21217.4382270495,21656.0416012519,20998.1365399482,52840.0,2036000000.0,0.0,0.0,52840.0,2036000000.0,780.0,0.0,0.0,-740.0,30172000.0,0.0,0.0,-28490000.0
08/08/2019,21656.0416012519,39000.0,500.0,0.01282051,21381.9144923755,21765.6924448028,20833.6602746222,149540.0,5873000000.0,0.0,0.0,149540.0,5873000000.0,-38500.0,-26540.0,-26540.0,64130.0,-1510042000.0,-1043566000.0,-1043566000.0,2519313000.0
07/08/2019,21381.9144923755,39000.0,0.0,0.0,21930.1687101287,21930.1687101287,20943.3111181729,59380.0,2306000000.0,0.0,0.0,59380.0,2306000000.0,-2050.0,-1990.0,-1990.0,-2240.0,-75328000.0,-78008000.0,-78008000.0,-89376000.0
06/08/2019,21381.9144923755,39300.0,-300.0,-0.00763359,21107.7873834989,22423.5975061066,20559.5331657457,295310.0,11530000000.0,0.0,0.0,295310.0,11530000000.0,49200.0,-5690.0,-30690.0,-48520.0,1977335000.0,-236603000.0,-1206330000.0,-1935955500.0
05/08/2019,21546.3907577015,39700.0,-400.0,-0.01007557,21875.3432883533,21875.3432883533,21107.7873834989,90440.0,3540000000.0,0.0,0.0,90440.0,3540000000.0,17480.0,-19810.0,-19810.0,-2200.0,687855500.0,-778235000.0,-778235000.0,-86797000.0
02/08/2019,21765.6924448028,39500.0,200.0,0.00506329,21491.5653359261,22039.8195536795,21491.5653359261,193250.0,7693000000.0,0.0,0.0,193250.0,7693000000.0,-1800.0,0.0,-56520.0,-60110.0,-27180000.0,0.0,-2248688500.0,-2392677500.0
01/08/2019,21656.0416012519,38450.0,1050.0,0.02730819,21272.2636488248,21930.1687101287,21162.6128052741,405960.0,15982000000.0,0.0,0.0,405960.0,15982000000.0,220940.0,-123860.0,-123860.0,-106230.0,8692163000.0,-4873514000.0,-4873514000.0,-4179177000.0
31/07/2019,21080.3746726112,38500.0,-50.0,-0.0012987,21107.7873834989,21327.0890706002,20806.2475637347,59530.0,2284000000.0,0.0,0.0,59530.0,2284000000.0,22480.0,-13820.0,-13820.0,-9100.0,865862500.0,-532083500.0,-532083500.0,-350474000.0
30/07/2019,21107.7873834989,37300.0,1200.0,0.03217158,20833.6602746222,21656.0416012519,20559.5331657457,175260.0,6793000000.0,0.0,0.0,175260.0,6793000000.0,42660.0,-35320.0,-35320.0,-8390.0,1658440000.0,-1365168000.0,-1365168000.0,-334512000.0
29/07/2019,20449.882322195,34900.0,2400.0,0.06876791,19134.0721995873,20449.882322195,18914.7705124862,102160.0,3659000000.0,0.0,0.0,102160.0,3659000000.0,-3820.0,0.0,0.0,5930.0,-130203000.0,0.0,0.0,206753000.0
26/07/2019,19134.0721995873,35000.0,-100.0,-0.00285714,19188.8976213627,19188.8976213627,18750.29424716,56800.0,1968000000.0,0.0,0.0,56800.0,1968000000.0,-40250.0,0.0,0.0,37350.0,-1396287500.0,0.0,0.0,1295610000.0
25/07/2019,19188.8976213627,35000.0,0.0,0.0,19188.8976213627,19463.0247302392,19079.2467778119,70610.0,2472000000.0,0.0,0.0,70610.0,2472000000.0,-34610.0,-1000.0,0.0,34990.0,-1209889000.0,-35222000.0,0.0,1223408000.0
24/07/2019,19188.8976213627,34700.0,300.0,0.00864553,18914.7705124862,19298.5484649132,18585.8179818341,103140.0,3557000000.0,400000.0,14000000000.0,503140.0,17557000000.0,-40990.0,0.0,0.0,41080.0,-1415795500.0,0.0,0.0,1420655500.0
23/07/2019,19024.4213560367,34650.0,50.0,0.001443,19353.3738866886,19408.1993084639,18832.532379823,236870.0,8258000000.0,0.0,0.0,236870.0,8258000000.0,-53860.0,0.0,0.0,54200.0,-1866701000.0,0.0,0.0,1878380000.0
22/07/2019,18997.008645149,32400.0,2250.0,0.06944444,18914.7705124862,18997.008645149,18366.5162947329,123780.0,4255000000.0,0.0,0.0,123780.0,4255000000.0,-3700.0,0.0,0.0,4050.0,-125121500.0,0.0,0.0,137156500.0
19/07/2019,17763.4366552043,30300.0,2100.0,0.06930693,16612.1027979226,17763.4366552043,16173.49942372,108160.0,3402000000.0,0.0,0.0,108160.0,3402000000.0,-24690.0,0.0,0.0,24380.0,-765025000.0,0.0,0.0,754982000.0
18/07/2019,16612.1027979226,30900.0,-600.0,-0.01941748,16886.229906799,17434.4841245524,16392.8011108212,39170.0,1197000000.0,0.0,0.0,39170.0,1197000000.0,-4500.0,0.0,0.0,0.0,-134818000.0,0.0,0.0,-600000.0
17/07/2019,16941.0553285744,32000.0,-1100.0,-0.034375,17544.1349681029,17544.1349681029,16337.9756890459,76910.0,2365000000.0,0.0,0.0,76910.0,2365000000.0,-1440.0,0.0,0.0,440.0,-43474000.0,0.0,0.0,13074000.0
16/07/2019,17544.1349681029,32100.0,-100.0,-0.00311526,17598.9603898783,17818.2620769795,16721.7536414731,40210.0,1280000000.0,0.0,0.0,40210.0,1280000000.0,-1450.0,0.0,0.0,900.0,-46499000.0,0.0,0.0,28890000.0
15/07/2019,17598.9603898783,32100.0,0.0,0.0,17571.5476789906,18640.6434036093,16447.6265325966,142330.0,4640000000.0,0.0,0.0,142330.0,4640000000.0,-3810.0,0.0,0.0,2180.0,-122086000.0,0.0,0.0,71113000.0
12/07/2019,17598.9603898783,31000.0,1100.0,0.03548387,16995.8807503498,18174.627318519,16886.229906799,97270.0,3150000000.0,0.0,0.0,97270.0,3150000000.0,640.0,0.0,0.0,-700.0,23107000.0,0.0,0.0,-22870000.0
11/07/2019,16995.8807503498,30000.0,1000.0,0.03333333,17215.1824374511,17215.1824374511,16557.2773761473,52100.0,1612000000.0,0.0,0.0,52100.0,1612000000.0,3350.0,-2000.0,0.0,400.0,104185000.0,-62400000.0,0.0,12220000.0
10/07/2019,16447.6265325966,28050.0,1950.0,0.06951872,15597.832495079,16447.6265325966,15543.0070733037,308960.0,9185000000.0,0.0,0.0,308960.0,9185000000.0,-30850.0,29640.0,0.0,1510.0,-916413500.0,879964000.0,0.0,43158500.0
09/07/2019,15378.5308079778,28000.0,50.0,0.00178571,15241.4672535395,15625.2452059667,15076.9909882134,27280.0,762000000.0,0.0,0.0,27280.0,762000000.0,-500.0,0.0,0.0,0.0,-13900000.0,0.0,0.0,0.0
08/07/2019,15351.1180970902,28500.0,-500.0,-0.01754386,15351.1180970902,15734.8960495173,15076.9909882134,40350.0,1129000000.0,0.0,0.0,40350.0,1129000000.0,-3980.0,0.0,0.0,2000.0,-111350000.0,0.0,0.0,56300000.0
05/07/2019,15625.2452059667,28200.0,300.0,0.0106383,15543.0070733037,15899.3723148433,15543.0070733037,56680.0,1625000000.0,0.0,0.0,56680.0,1625000000.0,-5190.0,5000.0,0.0,0.0,-148946500.0,143500000.0,0.0,0.0
04/07/2019,15460.7689406407,27500.0,700.0,0.02545455,15515.594362416,15515.594362416,15131.8164099888,48270.0,1352000000.0,0.0,0.0,48270.0,1352000000.0,640.0,2360.0,0.0,-3000.0,17466000.0,66534000.0,0.0,-84000000.0
03/07/2019,15076.9909882134,28000.0,-500.0,-0.01785714,15899.3723148433,15899.3723148433,15022.1655664381,29180.0,816000000.0,0.0,0.0,29180.0,816000000.0,1300.0,0.0,0.0,-1000.0,37026500.0,0.0,0.0,-28014000.0
02/07/2019,15351.1180970902,28300.0,-300.0,-0.01060071,15844.546893068,15844.546893068,15351.1180970902,20930.0,598000000.0,0.0,0.0,20930.0,598000000.0,-1050.0,0.0,0.0,0.0,-30018000.0,0.0,0.0,0.0
01/07/2019,15515.594362416,27800.0,500.0,0.01798561,15241.4672535395,16063.8485801692,14967.3401446629,193240.0,5536000000.0,0.0,0.0,193240.0,5536000000.0,81270.0,0.0,0.0,-83630.0,2341669500.0,0.0,0.0,-2409800000.0
28/06/2019,15241.4672535395,27200.0,600.0,0.02205882,14912.5147228875,15241.4672535395,14885.1020119999,20940.0,579000000.0,0.0,0.0,20940.0,579000000.0,1760.0,0.0,0.0,0.0,48814000.0,0.0,0.0,0.0
27/06/2019,14912.5147228875,27000.0,200.0,0.00740741,14802.8638793368,15570.4197841915,14802.8638793368,27660.0,751000000.0,0.0,0.0,27660.0,751000000.0,290.0,0.0,0.0,0.0,8584500.0,0.0,0.0,0.0
