NGÀY,GIÁ,GIÁ THÔ,THAY ĐỔI,%THAY ĐỔI,MỞ,CAO,THẤP,KL KHỚP,GT KHỚP,KL THỎA THUẬN,GT THỎA THUẬN,TỔNG KHỐI LƯỢNG,TỔNG GIÁ TRỊ,KL Cá Nhân Khớp Ròng,KL Tổ chức Khớp Ròng,KL Tự doanh Khớp Ròng,KL Nước Ngoài Khớp Ròng,GT Cá Nhân Khớp Ròng,GT Tổ chức Khớp Ròng,GT Tự doanh Khớp Ròng,GT Nước Ngoài Khớp Ròng
04/09/2026,4510.0,4540.0,-30.0,-0.00660793,4480.0,4550.0,4480.0,569056.0,2569974700.0,0.0,0.0,569056.0,2569974700.0,2700.0,0.0,0.0,-2700.0,12288000.0,0.0,0.0,-12288000.0
03/09/2026,4540.0,4570.0,-30.0,-0.00656455,4570.0,4570.0,4500.0,524950.0,2374818170.0,0.0,0.0,524950.0,2374818170.0,32700.0,0.0,0.0,-32700.0,148411000.0,0.0,0.0,-148411000.0
28/08/2026,4570.0,4560.0,10.0,0.00219298,4550.0,4570.0,4490.0,876502.0,3976571630.0,0.0,0.0,876502.0,3976571630.0,178299.0,-89799.0,0.0,-88500.0,812212970.0,-410249970.0,0.0,-401963000.0
27/08/2026,4560.0,4580.0,-20.0,-0.00436681,4600.0,4620.0,4540.0,649381.0,2964636010.0,20000.0,93600000.0,669381.0,3058236010.0,35547.0,60853.0,0.0,-96400.0,163711209.0,277120790.0,0.0,-440832000.0
26/08/2026,4580.0,4640.0,-60.0,-0.01293103,4620.0,4640.0,4560.0,1099760.0,5053052700.0,0.0,0.0,1099760.0,5053052700.0,262601.0,-1.0,0.0,-262600.0,1212716100.0,-1779100.0,0.0,-1210937000.0
25/08/2026,4640.0,4690.0,-50.0,-0.01066098,4690.0,4700.0,4610.0,735873.0,3416339570.0,0.0,0.0,735873.0,3416339570.0,-53739.0,52839.0,0.0,900.0,-251426381.0,247250380.0,0.0,4176000.0
24/08/2026,4690.0,4550.0,140.0,0.03076923,4550.0,4750.0,4530.0,2262021.0,10479331200.0,0.0,0.0,2262021.0,10479331200.0,-384602.0,246602.0,0.0,138000.0,-1766390141.0,1133624140.0,0.0,632766000.0
21/08/2026,4550.0,4430.0,120.0,0.02708804,4450.0,4560.0,4410.0,1312394.0,5898520700.0,0.0,0.0,1312394.0,5898520700.0,139596.0,-501496.0,0.0,361900.0,627322320.0,-2257500320.0,0.0,1630178000.0
20/08/2026,4430.0,4500.0,-70.0,-0.01555556,4500.0,4510.0,4400.0,1236141.0,5499318440.0,0.0,0.0,1236141.0,5499318440.0,385445.0,-378645.0,0.0,-6800.0,1721414250.0,-1690882250.0,0.0,-30532000.0
19/08/2026,4500.0,4550.0,-50.0,-0.01098901,4550.0,4570.0,4480.0,571287.0,2577147610.0,0.0,0.0,571287.0,2577147610.0,139332.0,-119018.0,0.0,-20314.0,628882459.0,-537468180.0,0.0,-91414280.0
18/08/2026,4550.0,4560.0,-10.0,-0.00219298,4580.0,4580.0,4490.0,746734.0,3380374220.0,0.0,0.0,746734.0,3380374220.0,-81270.0,121270.0,0.0,-40000.0,-363707460.0,545707460.0,0.0,-182000000.0
17/08/2026,4560.0,4500.0,60.0,0.01333333,4530.0,4590.0,4510.0,863577.0,3922628090.0,0.0,0.0,863577.0,3922628090.0,38584.0,-42084.0,0.0,3500.0,174958891.0,-190830890.0,0.0,15872000.0
14/08/2026,4500.0,4580.0,-80.0,-0.01746725,4570.0,4640.0,4500.0,956310.0,4342669040.0,0.0,0.0,956310.0,4342669040.0,13653.0,27147.0,0.0,-40800.0,61650720.0,123350280.0,0.0,-185001000.0
13/08/2026,4580.0,4630.0,-50.0,-0.01079914,4630.0,4680.0,4560.0,1481652.0,6822657610.0,0.0,0.0,1481652.0,6822657610.0,176201.0,-64201.0,0.0,-112000.0,813643330.0,-296073330.0,0.0,-517570000.0
12/08/2026,4630.0,4640.0,-10.0,-0.00215517,4640.0,4660.0,4560.0,790249.0,3649896890.0,0.0,0.0,790249.0,3649896890.0,62800.0,-62800.0,0.0,0.0,290664440.0,-290664440.0,0.0,0.0
11/08/2026,4640.0,4610.0,30.0,0.00650759,4640.0,4690.0,4600.0,952982.0,4417429160.0,0.0,0.0,952982.0,4417429160.0,-127425.0,94984.0,0.0,32441.0,-592157610.0,441811780.0,0.0,150345830.0
10/08/2026,4610.0,4550.0,60.0,0.01318681,4570.0,4620.0,4540.0,1041287.0,4775127580.0,0.0,0.0,1041287.0,4775127580.0,-335233.0,220033.0,0.0,115200.0,-1537963010.0,1008873010.0,0.0,529090000.0
07/08/2026,4550.0,4570.0,-20.0,-0.00437637,4520.0,4600.0,4510.0,774916.0,3527145730.0,0.0,0.0,774916.0,3527145730.0,-54145.0,52945.0,0.0,1200.0,-245370960.0,239924960.0,0.0,5446000.0
06/08/2026,4570.0,4610.0,-40.0,-0.00867679,4630.0,4650.0,4500.0,839796.0,3820976150.0,0.0,0.0,839796.0,3820976150.0,-3939.0,91839.0,0.0,-87900.0,-15697770.0,419503770.0,0.0,-403806000.0
05/08/2026,4610.0,4640.0,-30.0,-0.00646552,4630.0,4730.0,4600.0,990389.0,4609566480.0,0.0,0.0,990389.0,4609566480.0,-323.0,12923.0,0.0,-12600.0,-417740.0,58924740.0,0.0,-58507000.0
04/08/2026,4640.0,4620.0,20.0,0.004329,4680.0,4690.0,4590.0,926614.0,4277068920.0,150000.0,720000000.0,1076614.0,4997068920.0,-130857.0,131057.0,0.0,-200.0,-603010899.0,603947900.0,0.0,-937000.0
03/08/2026,4620.0,4570.0,50.0,0.01094092,4570.0,4690.0,4570.0,2080748.0,9618754620.0,0.0,0.0,2080748.0,9618754620.0,-608914.0,612314.0,0.0,-3400.0,-2805390070.0,2822186070.0,0.0,-16796000.0
31/07/2026,4570.0,4680.0,-110.0,-0.02350427,4730.0,4730.0,4560.0,801336.0,3684444580.0,0.0,0.0,801336.0,3684444580.0,-43244.0,85644.0,0.0,-42400.0,-199086060.0,395062060.0,0.0,-195976000.0
30/07/2026,4680.0,4540.0,140.0,0.030837,4520.0,4700.0,4520.0,2942340.0,13561983420.0,0.0,0.0,2942340.0,13561983420.0,-2334847.0,2322347.0,0.0,12500.0,-10745821381.0,10687614380.0,0.0,58207000.0
29/07/2026,4540.0,4550.0,-10.0,-0.0021978,4550.0,4560.0,4460.0,625847.0,2821859900.0,0.0,0.0,625847.0,2821859900.0,-171606.0,189206.0,0.0,-17600.0,-772760241.0,852950240.0,0.0,-80190000.0
28/07/2026,4550.0,4480.0,70.0,0.015625,4400.0,4590.0,4400.0,1303543.0,5880900010.0,2.0,8340.0,1303545.0,5880908350.0,31104.0,28696.0,0.0,-59800.0,128396951.0,137910050.0,0.0,-266307000.0
27/07/2026,4480.0,4620.0,-140.0,-0.03030303,4620.0,4720.0,4480.0,652861.0,2996406240.0,33.0,141900.0,652894.0,2996548140.0,48375.0,31725.0,0.0,-80100.0,218941000.0,152458000.0,0.0,-371399000.0
24/07/2026,4620.0,4710.0,-90.0,-0.01910828,4710.0,4710.0,4620.0,640485.0,2979211370.0,136043.0,640748770.0,776528.0,3619960140.0,-28802.0,39802.0,0.0,-11000.0,-136333160.0,187696160.0,0.0,-51363000.0
23/07/2026,4710.0,4700.0,10.0,0.00212766,4700.0,4750.0,4500.0,1263882.0,5854753320.0,32.0,140160.0,1263914.0,5854893480.0,-7208.0,-138322.0,0.0,145530.0,-29279030.0,-637301970.0,0.0,666581000.0
22/07/2026,4700.0,4700.0,0.0,0.0,4710.0,4790.0,4660.0,1535577.0,7222312190.0,38.0,166440.0,1535615.0,7222478630.0,23871.0,-95671.0,0.0,71800.0,112747520.0,-449932520.0,0.0,337185000.0
21/07/2026,4700.0,4700.0,0.0,0.0,4730.0,4820.0,4680.0,1357823.0,6416383060.0,44.0,192720.0,1357867.0,6416575780.0,-244227.0,256127.0,0.0,-11900.0,-1149553451.0,1206925450.0,0.0,-57372000.0
20/07/2026,4700.0,5000.0,-300.0,-0.06,5000.0,5000.0,4700.0,2178129.0,10477867670.0,54.0,251100.0,2178183.0,10478118770.0,-428084.0,444284.0,0.0,-16200.0,-2066631650.0,2147714650.0,0.0,-81083000.0
17/07/2026,5000.0,5090.0,-90.0,-0.01768173,5070.0,5120.0,5000.0,1335215.0,6732353820.0,20.0,94800.0,1335235.0,6732448620.0,-660596.0,762396.0,120000.0,-101800.0,-3321124120.0,3837503120.0,610800000.0,-516379000.0
16/07/2026,5090.0,5070.0,20.0,0.00394477,5040.0,5130.0,4860.0,1325378.0,6640704460.0,46.0,217120.0,1325424.0,6640921580.0,-16734.0,128534.0,0.0,-111800.0,-89815960.0,649606960.0,0.0,-559791000.0
15/07/2026,5070.0,5190.0,-120.0,-0.02312139,5190.0,5200.0,5010.0,1154264.0,5877545890.0,43.0,207690.0,1154307.0,5877753580.0,282792.0,-3192.0,0.0,-279600.0,1439804461.0,-13084460.0,0.0,-1426720000.0
14/07/2026,5190.0,5150.0,40.0,0.00776699,5150.0,5210.0,5000.0,3223019.0,16471885370.0,40.0,191600.0,3223059.0,16472076970.0,856879.0,-993279.0,0.0,136400.0,4329856331.0,-5027687330.0,0.0,697831000.0
13/07/2026,5150.0,5260.0,-110.0,-0.02091255,5380.0,5480.0,5150.0,2887011.0,15334063340.0,24052.0,126494800.0,2911063.0,15460558140.0,-189182.0,192082.0,0.0,-2900.0,-1046663840.0,1066535840.0,0.0,-19872000.0
10/07/2026,5260.0,4920.0,340.0,0.06910569,4920.0,5260.0,4920.0,3999597.0,20834610620.0,29.0,132820.0,3999626.0,20834743440.0,-1128775.0,855175.0,0.0,273600.0,-5888923250.0,4487254250.0,0.0,1401669000.0
09/07/2026,4920.0,5000.0,-80.0,-0.016,5000.0,5010.0,4920.0,560464.0,2769329470.0,24.0,111600.0,560488.0,2769441070.0,-53216.0,40816.0,0.0,12400.0,-264327990.0,202741990.0,0.0,61586000.0
08/07/2026,5000.0,4910.0,90.0,0.01832994,4900.0,5010.0,4900.0,1599651.0,7927144270.0,33.0,150810.0,1599684.0,7927295080.0,45616.0,-154316.0,0.0,108700.0,227560430.0,-763266430.0,0.0,535706000.0
07/07/2026,4910.0,4910.0,0.0,0.0,4950.0,4950.0,4840.0,1046280.0,5115037580.0,33.0,150810.0,1046313.0,5115188390.0,-91959.0,80659.0,0.0,11300.0,-453744520.0,398846520.0,0.0,54898000.0
06/07/2026,4910.0,5000.0,-90.0,-0.018,5000.0,5060.0,4900.0,1491757.0,7415798100.0,3611347.0,18417848550.0,5103104.0,25833646650.0,116165.0,-36465.0,0.0,-79700.0,568510170.0,-170535170.0,0.0,-397975000.0
03/07/2026,5000.0,5060.0,-60.0,-0.01185771,5060.0,5070.0,4910.0,2576644.0,12868852170.0,32.0,150720.0,2576676.0,12869002890.0,434987.0,-232287.0,0.0,-202700.0,2180153391.0,-1164168390.0,0.0,-1015985000.0
02/07/2026,5060.0,5100.0,-40.0,-0.00784314,5100.0,5180.0,5060.0,960027.0,4898052690.0,3641333.0,18572286750.0,4601360.0,23470339440.0,-96548.0,226448.0,0.0,-129900.0,-490997710.0,1153028710.0,0.0,-662031000.0
01/07/2026,5100.0,5070.0,30.0,0.00591716,5090.0,5100.0,5060.0,571257.0,2902478110.0,27.0,127440.0,571284.0,2902605550.0,-49024.0,-21176.0,0.0,70200.0,-249034520.0,-107805480.0,0.0,356840000.0
30/06/2026,5070.0,5070.0,0.0,0.0,5050.0,5100.0,5050.0,491660.0,2495434990.0,43.0,202960.0,491703.0,2495637950.0,34971.0,-23971.0,0.0,-11000.0,177624080.0,-121668080.0,0.0,-55956000.0
29/06/2026,5070.0,5070.0,0.0,0.0,5050.0,5110.0,5030.0,1294603.0,6539316760.0,80.0,377600.0,1294683.0,6539694360.0,-173552.0,139754.0,0.0,33798.0,-874859109.0,704655550.0,0.0,170203560.0
26/06/2026,5070.0,5100.0,-30.0,-0.00588235,5090.0,5110.0,5040.0,874598.0,4433237280.0,24.0,114000.0,874622.0,4433351280.0,80362.0,-14662.0,0.0,-65700.0,407284340.0,-74222340.0,0.0,-333062000.0
25/06/2026,5100.0,5100.0,0.0,0.0,5170.0,5170.0,5050.0,933287.0,4750374850.0,32.0,152000.0,933319.0,4750526850.0,216807.0,-219007.0,0.0,2200.0,1102861549.0,-1113066550.0,0.0,10205000.0
24/06/2026,5100.0,5090.0,10.0,0.00196464,5110.0,5150.0,5030.0,1474454.0,7503348460.0,48.0,227520.0,1474502.0,7503575980.0,109550.0,-123550.0,-97.0,14000.0,557914740.0,-627712740.0,-490000.0,69798000.0
23/06/2026,5090.0,5130.0,-40.0,-0.00779727,5180.0,5180.0,5080.0,595703.0,3055269340.0,30.0,143400.0,595733.0,3055412740.0,119336.0,-54236.0,0.0,-65100.0,610856771.0,-277215770.0,0.0,-333641000.0
22/06/2026,5130.0,5210.0,-80.0,-0.01535509,5200.0,5210.0,5120.0,943446.0,4857869400.0,36.0,174600.0,943482.0,4858044000.0,146548.0,-141748.0,0.0,-4800.0,756959560.0,-732067560.0,0.0,-24892000.0
19/06/2026,5210.0,5200.0,10.0,0.00192308,5210.0,5280.0,5190.0,700861.0,3657415680.0,22.0,106480.0,700883.0,3657522160.0,76614.0,-75674.0,0.0,-940.0,399294920.0,-395220920.0,0.0,-4074000.0
18/06/2026,5200.0,5280.0,-80.0,-0.01515152,5280.0,5320.0,5200.0,1347134.0,7064735470.0,14.0,68880.0,1347148.0,7064804350.0,10971.0,65329.0,0.0,-76300.0,55125360.0,345098640.0,0.0,-400224000.0
17/06/2026,5280.0,5260.0,20.0,0.00380228,5270.0,5350.0,5250.0,963346.0,5084290600.0,40.0,196000.0,963386.0,5084486600.0,352248.0,-241348.0,0.0,-110900.0,1859143591.0,-1272783590.0,0.0,-586360000.0
16/06/2026,5260.0,5200.0,60.0,0.01153846,5210.0,5270.0,5160.0,1467959.0,7649101140.0,34.0,164560.0,1467993.0,7649265700.0,402111.0,-584011.0,0.0,181900.0,2086308970.0,-3036847970.0,0.0,950539000.0
15/06/2026,5200.0,5150.0,50.0,0.00970874,5250.0,5250.0,5160.0,1658075.0,8623247110.0,24.0,114960.0,1658099.0,8623362070.0,-11881.0,-106119.0,0.0,118000.0,-58490401.0,-553684600.0,0.0,612175000.0
12/06/2026,5150.0,5160.0,-10.0,-0.00193798,5200.0,5210.0,5150.0,663376.0,3430668930.0,31.0,148800.0,663407.0,3430817730.0,-814.0,15414.0,0.0,-14600.0,-5794570.0,81281570.0,0.0,-75487000.0
11/06/2026,5160.0,5190.0,-30.0,-0.00578035,5180.0,5180.0,5110.0,967815.0,4983167310.0,31.0,149730.0,967846.0,4983317040.0,59912.0,-48812.0,0.0,-11100.0,310324660.0,-252427660.0,0.0,-57897000.0
10/06/2026,5190.0,5040.0,150.0,0.0297619,5040.0,5240.0,5040.0,1375774.0,7121106840.0,38.0,178220.0,1375812.0,7121285060.0,61513.0,-155115.0,0.0,93602.0,313768811.0,-798426210.0,0.0,484657400.0
09/06/2026,5040.0,5040.0,0.0,0.0,5080.0,5110.0,5020.0,739850.0,3739360130.0,44.0,206360.0,739894.0,3739566490.0,-49546.0,-96354.0,0.0,145900.0,-251519200.0,-485558800.0,0.0,737078000.0
08/06/2026,5040.0,5170.0,-130.0,-0.02514507,5130.0,5150.0,5030.0,1349705.0,6851891630.0,35.0,168350.0,1349740.0,6852059980.0,72361.0,-17361.0,0.0,-55000.0,372175460.0,-88219460.0,0.0,-283956000.0
05/06/2026,5170.0,5250.0,-80.0,-0.0152381,5250.0,5300.0,5160.0,1454966.0,7584398250.0,28.0,136920.0,1454994.0,7584535170.0,-216520.0,448720.0,0.0,-232200.0,-1135679981.0,2344357980.0,0.0,-1208678000.0
04/06/2026,5250.0,5350.0,-100.0,-0.01869159,5340.0,5340.0,5220.0,1232708.0,6486949110.0,24.0,119520.0,1232732.0,6487068630.0,-163897.0,259597.0,0.0,-95700.0,-870113390.0,1374899390.0,0.0,-504786000.0
03/06/2026,5350.0,5200.0,150.0,0.02884615,5350.0,5350.0,5220.0,759126.0,4015160360.0,40.0,193600.0,759166.0,4015353960.0,-118552.0,129552.0,0.0,-11000.0,-623931170.0,682796170.0,0.0,-58865000.0
02/06/2026,5200.0,5350.0,-150.0,-0.02803738,5350.0,5450.0,5200.0,1990372.0,10632642480.0,39.0,194220.0,1990411.0,10632836700.0,832.0,39968.0,0.0,-40800.0,17825470.0,206657530.0,0.0,-224483000.0
01/06/2026,5350.0,5280.0,70.0,0.01325758,5390.0,5410.0,5320.0,1725388.0,9248048060.0,26.0,127920.0,1725414.0,9248175980.0,129446.0,-525846.0,0.0,396400.0,688172170.0,-2810305170.0,0.0,2122133000.0
29/05/2026,5280.0,5360.0,-80.0,-0.01492537,5360.0,5430.0,5280.0,957234.0,5087911880.0,11.0,54890.0,957245.0,5087966770.0,-95590.0,130090.0,0.0,-34500.0,-507159840.0,691966840.0,0.0,-184807000.0
28/05/2026,5360.0,5430.0,-70.0,-0.01289134,5430.0,5460.0,5360.0,898409.0,4859093960.0,15.0,75750.0,898424.0,4859169710.0,135108.0,-109608.0,0.0,-25500.0,734854550.0,-596827550.0,0.0,-138027000.0
27/05/2026,5430.0,5480.0,-50.0,-0.00912409,5490.0,5510.0,5420.0,1072179.0,5854075860.0,190923.0,973707300.0,1263102.0,6827783160.0,-173770.0,265570.0,0.0,-91800.0,-951306870.0,1453670870.0,0.0,-502364000.0
26/05/2026,5480.0,5450.0,30.0,0.00550459,5450.0,5520.0,5410.0,1297358.0,7091723110.0,180024.0,912721680.0,1477382.0,8004444790.0,-451.0,98251.0,0.0,-97800.0,-1559140.0,536985140.0,0.0,-535426000.0
25/05/2026,5450.0,5350.0,100.0,0.01869159,5330.0,5520.0,5330.0,1632003.0,8900998150.0,39.0,194220.0,1632042.0,8901192370.0,-559022.0,592222.0,0.0,-33200.0,-3049289040.0,3232688040.0,0.0,-183399000.0
22/05/2026,5350.0,5350.0,0.0,0.0,5330.0,5380.0,5280.0,1155324.0,6153638220.0,32.0,159360.0,1155356.0,6153797580.0,-339589.0,156089.0,0.0,183500.0,-1808921491.0,830689490.0,0.0,978232000.0
21/05/2026,5350.0,5390.0,-40.0,-0.00742115,5420.0,5430.0,5210.0,1086542.0,5788775140.0,28.0,140560.0,1086570.0,5788915700.0,129675.0,-148275.0,0.0,18600.0,686969929.0,-783070930.0,0.0,96101000.0
20/05/2026,5390.0,5600.0,-210.0,-0.0375,5570.0,5590.0,5260.0,2956976.0,15933079210.0,30.0,156300.0,2957006.0,15933235510.0,-210027.0,48127.0,0.0,161900.0,-1107138690.0,259836690.0,0.0,847302000.0
19/05/2026,5600.0,5650.0,-50.0,-0.00884956,5610.0,5660.0,5570.0,1183754.0,6647818410.0,29.0,152540.0,1183783.0,6647970950.0,35718.0,47182.0,0.0,-82900.0,196945300.0,267597700.0,0.0,-464543000.0
18/05/2026,5650.0,5650.0,0.0,0.0,5620.0,5650.0,5550.0,1540135.0,8607222480.0,48.0,252480.0,1540183.0,8607474960.0,-67162.0,111862.0,0.0,-44700.0,-364943880.0,615269880.0,0.0,-250326000.0
15/05/2026,5650.0,5660.0,-10.0,-0.00176678,5660.0,5690.0,5620.0,920459.0,5200108060.0,56.0,295120.0,920515.0,5200403180.0,138676.0,-82476.0,0.0,-56200.0,782149110.0,-464572110.0,0.0,-317577000.0
14/05/2026,5660.0,5600.0,60.0,0.01071429,5580.0,5690.0,5580.0,2028725.0,11435090730.0,36.0,187560.0,2028761.0,11435278290.0,-435259.0,449559.0,0.0,-14300.0,-2460953910.0,2541591910.0,0.0,-80638000.0
13/05/2026,5600.0,5680.0,-80.0,-0.01408451,5700.0,5750.0,5590.0,1450654.0,8171867250.0,42.0,222180.0,1450696.0,8172089430.0,-6365.0,280565.0,0.0,-274200.0,-36805050.0,1582632050.0,0.0,-1545827000.0
12/05/2026,5680.0,5660.0,20.0,0.00353357,5700.0,5810.0,5670.0,1047120.0,6009073190.0,40.0,210800.0,1047160.0,6009283990.0,32411.0,14089.0,0.0,-46500.0,189392180.0,78104820.0,0.0,-267497000.0
11/05/2026,5660.0,5710.0,-50.0,-0.00875657,5770.0,5790.0,5650.0,1591419.0,9067470630.0,426129.0,2267006280.0,2017548.0,11334476910.0,75060.0,-18660.0,0.0,-56400.0,431476190.0,-106280190.0,0.0,-325196000.0
08/05/2026,5710.0,5800.0,-90.0,-0.01551724,5870.0,5870.0,5710.0,1677009.0,9666801900.0,47.0,253800.0,1677056.0,9667055700.0,30737.0,138863.0,0.0,-169600.0,180927140.0,803100860.0,0.0,-984028000.0
07/05/2026,5800.0,6000.0,-200.0,-0.03333333,6050.0,6050.0,5800.0,2492082.0,14732129190.0,47.0,262260.0,2492129.0,14732391450.0,-399051.0,654351.0,0.0,-255300.0,-2351111011.0,3860964010.0,0.0,-1509853000.0
06/05/2026,6000.0,5830.0,170.0,0.02915952,5900.0,6000.0,5790.0,1995645.0,11696530010.0,36.0,195480.0,1995681.0,11696725490.0,-648985.0,552085.0,0.0,96900.0,-3783746951.0,3216529950.0,0.0,567217000.0
05/05/2026,5830.0,5950.0,-120.0,-0.02016807,5950.0,6000.0,5800.0,1716964.0,10103635300.0,34.0,188360.0,1716998.0,10103823660.0,295132.0,-30632.0,0.0,-264500.0,1738863890.0,-180675890.0,0.0,-1558188000.0
04/05/2026,5950.0,6050.0,-100.0,-0.01652893,6100.0,6200.0,5950.0,2241234.0,13593895370.0,25049.0,150275870.0,2266283.0,13744171240.0,315716.0,-154016.0,0.0,-161700.0,1927813680.0,-946343680.0,0.0,-981470000.0
29/04/2026,6050.0,6030.0,20.0,0.00331675,5980.0,6090.0,5970.0,1899935.0,11416761720.0,170046.0,965858060.0,2069981.0,12382619780.0,-404538.0,28538.0,0.0,376000.0,-2426018210.0,170629210.0,0.0,2255389000.0
28/04/2026,6030.0,6030.0,0.0,0.0,6040.0,6100.0,5930.0,1068424.0,6398114730.0,657542.0,4050735620.0,1725966.0,10448850350.0,29521.0,69679.0,0.0,-99200.0,173406170.0,420690830.0,0.0,-594097000.0
24/04/2026,6030.0,6110.0,-80.0,-0.01309329,6120.0,6120.0,5970.0,2223361.0,13437459020.0,46.0,261740.0,2223407.0,13437720760.0,55479.0,-64379.0,0.0,8900.0,326021041.0,-385981040.0,0.0,59960000.0
23/04/2026,6110.0,6130.0,-20.0,-0.00326264,6130.0,6170.0,5990.0,1907108.0,11572745200.0,59.0,336890.0,1907167.0,11573082090.0,-196763.0,401663.0,0.0,-204900.0,-1189365071.0,2425249070.0,0.0,-1235884000.0
22/04/2026,6130.0,6130.0,0.0,0.0,6150.0,6160.0,6080.0,1124957.0,6879255460.0,48.0,274080.0,1125005.0,6879529540.0,-25702.0,49102.0,0.0,-23400.0,-154687760.0,298867760.0,0.0,-144180000.0
21/04/2026,6130.0,6220.0,-90.0,-0.01446945,6240.0,6250.0,6130.0,1336328.0,8258995860.0,47.0,272130.0,1336375.0,8259267990.0,250595.0,-107695.0,0.0,-142900.0,1540331450.0,-657289450.0,0.0,-883042000.0
20/04/2026,6220.0,6230.0,-10.0,-0.00160514,6230.0,6270.0,6190.0,1048955.0,6525375130.0,42.0,243600.0,1048997.0,6525618730.0,-154419.0,55319.0,0.0,99100.0,-961101570.0,343703570.0,0.0,617398000.0
17/04/2026,6230.0,6290.0,-60.0,-0.00953895,6290.0,6310.0,6200.0,1348431.0,8409812580.0,1910047.0,11460274950.0,3258478.0,19870087530.0,157761.0,-68861.0,0.0,-88900.0,982380570.0,-426311570.0,0.0,-556069000.0
16/04/2026,6290.0,6390.0,-100.0,-0.01564945,6310.0,6370.0,6210.0,1840613.0,11547463330.0,48.0,285600.0,1840661.0,11547748930.0,454892.0,-206692.0,0.0,-248200.0,2850038350.0,-1293879350.0,0.0,-1556159000.0
15/04/2026,6390.0,6390.0,0.0,0.0,6420.0,6430.0,6310.0,2972589.0,18970319510.0,44.0,261800.0,2972633.0,18970581310.0,-474727.0,474727.0,0.0,0.0,-3032497400.0,3032497400.0,0.0,0.0
14/04/2026,6390.0,6300.0,90.0,0.01428571,6350.0,6390.0,6270.0,2917998.0,18529637650.0,39.0,228540.0,2918037.0,18529866190.0,197594.0,-212994.0,0.0,15400.0,1255615430.0,-1352894430.0,0.0,97279000.0
13/04/2026,6300.0,6250.0,50.0,0.008,6210.0,6350.0,6160.0,1853032.0,11629868690.0,31.0,180420.0,1853063.0,11630049110.0,-48387.0,-123213.0,0.0,171600.0,-308107620.0,-761904380.0,0.0,1070012000.0
10/04/2026,6250.0,6250.0,0.0,0.0,6250.0,6320.0,6220.0,1682696.0,10543445620.0,3358561.0,20823055020.0,5041257.0,31366500640.0,27215.0,122885.0,0.0,-150100.0,169522100.0,770137900.0,0.0,-939660000.0
09/04/2026,6250.0,6200.0,50.0,0.00806452,6100.0,6380.0,6100.0,3197200.0,20064564810.0,53.0,305810.0,3197253.0,20064870620.0,703446.0,-524906.0,0.0,-178540.0,4425635020.0,-3288980020.0,0.0,-1136655000.0
08/04/2026,6200.0,5900.0,300.0,0.05084746,6100.0,6210.0,6010.0,1612450.0,9897007560.0,3358583.0,19815605670.0,4971033.0,29712613230.0,150283.0,-197683.0,0.0,47400.0,906859280.0,-1199585280.0,0.0,292726000.0
07/04/2026,5900.0,5970.0,-70.0,-0.01172529,6000.0,6050.0,5850.0,1564103.0,9283606760.0,36.0,200160.0,1564139.0,9283806920.0,-215652.0,241352.0,0.0,-25700.0,-1271775229.0,1429626230.0,0.0,-157851000.0
06/04/2026,5970.0,6220.0,-250.0,-0.04019293,6220.0,6220.0,5970.0,1588971.0,9656953050.0,59.0,341610.0,1589030.0,9657294660.0,86808.0,184292.0,0.0,-271100.0,540530850.0,1113791150.0,0.0,-1654322000.0
03/04/2026,6220.0,6220.0,0.0,0.0,6220.0,6340.0,6150.0,2226262.0,13838221590.0,33.0,191070.0,2226295.0,13838412660.0,541956.0,-488556.0,0.0,-53400.0,3374524030.0,-3040985030.0,0.0,-333539000.0
02/04/2026,6220.0,6330.0,-110.0,-0.01737757,6290.0,6330.0,6180.0,1680300.0,10450781410.0,44.0,259160.0,1680344.0,10451040570.0,120914.0,-81614.0,0.0,-39300.0,760653050.0,-512946050.0,0.0,-247707000.0
01/04/2026,6330.0,6260.0,70.0,0.01118211,6390.0,6420.0,6300.0,1907584.0,12118262690.0,305040.0,1909533200.0,2212624.0,14027795890.0,541495.0,-414895.0,0.0,-126600.0,3446148170.0,-2640841170.0,0.0,-805307000.0
31/03/2026,6260.0,6400.0,-140.0,-0.021875,6480.0,6480.0,6180.0,3533263.0,22311209560.0,50.0,298000.0,3533313.0,22311507560.0,-120497.0,333097.0,0.0,-212600.0,-745492940.0,2103604940.0,0.0,-1358112000.0
30/03/2026,6400.0,6240.0,160.0,0.02564103,6150.0,6480.0,6110.0,3555481.0,22612690200.0,65.0,377650.0,3555546.0,22613067850.0,94499.0,343701.0,0.0,-438200.0,609493970.0,2201614030.0,0.0,-2811108000.0
27/03/2026,6240.0,5840.0,400.0,0.06849315,5800.0,6240.0,5800.0,4180716.0,25562170510.0,57.0,310080.0,4180773.0,25562480590.0,489891.0,-287191.0,0.0,-202700.0,3048628739.0,-1793658740.0,0.0,-1254970000.0
26/03/2026,5840.0,5900.0,-60.0,-0.01016949,5930.0,5930.0,5820.0,731900.0,4286556630.0,53.0,290970.0,731953.0,4286847600.0,-118143.0,156343.0,0.0,-38200.0,-691248331.0,914062330.0,0.0,-222814000.0
25/03/2026,5900.0,5790.0,110.0,0.01899827,5790.0,5950.0,5790.0,1291729.0,7614392060.0,140.0,754600.0,1291869.0,7615146660.0,65502.0,-208002.0,0.0,142500.0,386709110.0,-1224949110.0,0.0,838240000.0
24/03/2026,5790.0,5520.0,270.0,0.04891304,5650.0,5840.0,5590.0,1525422.0,8735401530.0,27.0,138780.0,1525449.0,8735540310.0,-119303.0,-203197.0,0.0,322500.0,-661857830.0,-1176330170.0,0.0,1838188000.0
23/03/2026,5520.0,5870.0,-350.0,-0.05962521,5810.0,5840.0,5460.0,2623765.0,14654093160.0,25.0,136500.0,2623790.0,14654229660.0,262573.0,80427.0,0.0,-343000.0,1440766900.0,501152100.0,0.0,-1941919000.0
20/03/2026,5870.0,5990.0,-120.0,-0.02003339,5980.0,5980.0,5830.0,1111331.0,6550896010.0,29.0,161820.0,1111360.0,6551057830.0,148533.0,-105033.0,0.0,-43500.0,876519660.0,-612536660.0,0.0,-263983000.0
19/03/2026,5990.0,5870.0,120.0,0.02044293,5800.0,6030.0,5800.0,1808527.0,10724241330.0,17.0,92820.0,1808544.0,10724334150.0,-221142.0,22042.0,0.0,199100.0,-1309482040.0,140279040.0,0.0,1169203000.0
18/03/2026,5870.0,5860.0,10.0,0.00170648,5860.0,5950.0,5800.0,1479398.0,8691814100.0,26.0,141700.0,1479424.0,8691955800.0,-397918.0,424918.0,0.0,-27000.0,-2345456060.0,2502579060.0,0.0,-157123000.0
17/03/2026,5860.0,5850.0,10.0,0.0017094,5910.0,6050.0,5850.0,2304083.0,13638249910.0,28.0,152600.0,2304111.0,13638402510.0,188445.0,203855.0,0.0,-392300.0,1117331910.0,1201562090.0,0.0,-2318894000.0
16/03/2026,5850.0,5710.0,140.0,0.02451839,5800.0,5920.0,5730.0,1864338.0,10870048570.0,100027.0,587643640.0,1964365.0,11457692210.0,-75703.0,319503.0,0.0,-243800.0,-444169710.0,1866424710.0,0.0,-1422255000.0
13/03/2026,5710.0,5690.0,20.0,0.00351494,5580.0,5850.0,5550.0,2247386.0,12911014840.0,28.0,148400.0,2247414.0,12911163240.0,-112992.0,232392.0,0.0,-119400.0,-629452690.0,1337954690.0,0.0,-708502000.0
12/03/2026,5690.0,5750.0,-60.0,-0.01043478,5710.0,5790.0,5600.0,3211307.0,18219409090.0,568989.0,3413913850.0,3780296.0,21633322940.0,-1151653.0,698853.0,0.0,452800.0,-6529265250.0,3957279250.0,0.0,2571986000.0
11/03/2026,5750.0,5590.0,160.0,0.02862254,5500.0,5870.0,5500.0,2626148.0,15012983670.0,30.0,156000.0,2626178.0,15013139670.0,-291771.0,-168729.0,0.0,460500.0,-1666189590.0,-952411410.0,0.0,2618601000.0
10/03/2026,5590.0,5590.0,0.0,0.0,5400.0,5660.0,5400.0,5765943.0,31583320880.0,45.0,234000.0,5765988.0,31583554880.0,-274660.0,-107840.0,0.0,382500.0,-1614574900.0,-503880100.0,0.0,2118455000.0
09/03/2026,5590.0,6010.0,-420.0,-0.06988353,5700.0,5700.0,5590.0,2132627.0,11939308860.0,42.0,234780.0,2132669.0,11939543640.0,-828703.0,1042403.0,0.0,-213700.0,-4629630020.0,5825749020.0,0.0,-1196119000.0
06/03/2026,6010.0,6060.0,-50.0,-0.00825083,6050.0,6050.0,5930.0,2905930.0,17379210170.0,26.0,146640.0,2905956.0,17379356810.0,-268124.0,123524.0,0.0,144600.0,-1609528150.0,746221151.0,0.0,863307000.0
05/03/2026,6060.0,6100.0,-40.0,-0.00655738,6140.0,6270.0,6060.0,1857527.0,11410709340.0,36.0,204480.0,1857563.0,11410913820.0,-257376.0,238876.0,0.0,18500.0,-1578521641.0,1460674640.0,0.0,117847000.0
04/03/2026,6100.0,6150.0,-50.0,-0.00813008,6090.0,6150.0,5870.0,5207489.0,31141179610.0,42.0,240240.0,5207531.0,31141419850.0,-1331298.0,504298.0,0.0,827000.0,-7994604679.0,3043690680.0,0.0,4950914000.0
03/03/2026,6150.0,6240.0,-90.0,-0.01442308,6200.0,6320.0,6040.0,3006067.0,18522993220.0,41.0,238210.0,3006108.0,18523231430.0,-221202.0,92225.0,0.0,128977.0,-1386128820.0,589580820.0,0.0,796547880.0
02/03/2026,6240.0,6450.0,-210.0,-0.03255814,6160.0,6390.0,6160.0,3113987.0,19502438980.0,14.0,84000.0,3114001.0,19502522980.0,-476692.0,573692.0,0.0,-97000.0,-3002804580.0,3599160580.0,0.0,-596356000.0
27/02/2026,6450.0,6620.0,-170.0,-0.02567976,6610.0,6610.0,6450.0,3683324.0,23967828320.0,60000.0,372000000.0,3743324.0,24339828320.0,-27905.0,317205.0,0.0,-289300.0,-167549460.0,2059740460.0,0.0,-1892191000.0
26/02/2026,6620.0,6770.0,-150.0,-0.02215657,6770.0,6790.0,6550.0,4028957.0,26719602120.0,8650000.0,54525000000.0,12678957.0,81244602120.0,-1685837.0,1990137.0,4000.0,-304300.0,-11168831450.0,13191068450.0,26400000.0,-2022237000.0
25/02/2026,6770.0,6840.0,-70.0,-0.01023392,6850.0,6850.0,6750.0,2044760.0,13880033690.0,0.0,0.0,2044760.0,13880033690.0,227264.0,7236.0,0.0,-234500.0,1553193140.0,41311860.0,0.0,-1594505000.0
24/02/2026,6840.0,6840.0,0.0,0.0,6840.0,6880.0,6750.0,1806354.0,12299108960.0,0.0,0.0,1806354.0,12299108960.0,-95360.0,150460.0,0.0,-55100.0,-658002780.0,1030854780.0,0.0,-372852000.0
23/02/2026,6840.0,6890.0,-50.0,-0.00725689,6900.0,6920.0,6800.0,2067625.0,14151910870.0,0.0,0.0,2067625.0,14151910870.0,-693919.0,619819.0,0.0,74100.0,-4753123230.0,4245820230.0,0.0,507303000.0
13/02/2026,6890.0,6950.0,-60.0,-0.00863309,6890.0,6940.0,6840.0,1221435.0,8414542350.0,3319600.0,21477812000.0,4541035.0,29892354350.0,-161748.0,-131852.0,0.0,293600.0,-1116521890.0,-907761110.0,0.0,2024283000.0
12/02/2026,6950.0,6900.0,50.0,0.00724638,6990.0,6990.0,6860.0,1095127.0,7562293020.0,0.0,0.0,1095127.0,7562293020.0,-63090.0,13090.0,0.0,50000.0,-434189560.0,91442560.0,0.0,342747000.0
11/02/2026,6900.0,6700.0,200.0,0.02985075,6700.0,6970.0,6700.0,1824000.0,12499615910.0,124800.0,893568000.0,1948800.0,13393183910.0,-81703.0,-475197.0,0.0,556900.0,-553061010.0,-3245860990.0,0.0,3798922000.0
10/02/2026,6700.0,6750.0,-50.0,-0.00740741,6700.0,6800.0,6550.0,3181103.0,21174885800.0,0.0,0.0,3181103.0,21174885800.0,-778623.0,303623.0,0.0,475000.0,-5190942649.0,2028867650.0,0.0,3162075000.0
09/02/2026,6750.0,6900.0,-150.0,-0.02173913,6900.0,6900.0,6660.0,2683332.0,18042776910.0,0.0,0.0,2683332.0,18042776910.0,-252426.0,324926.0,0.0,-72500.0,-1711219601.0,2206941600.0,0.0,-495722000.0
06/02/2026,6900.0,7090.0,-190.0,-0.02679831,7020.0,7020.0,6780.0,2402253.0,16506390890.0,0.0,0.0,2402253.0,16506390890.0,117884.0,422216.0,0.0,-540100.0,816342350.0,2904338650.0,0.0,-3720681000.0
05/02/2026,7090.0,7110.0,-20.0,-0.00281294,7100.0,7160.0,7030.0,1769428.0,12544095900.0,0.0,0.0,1769428.0,12544095900.0,-196056.0,104356.0,0.0,91700.0,-1404320230.0,740672230.0,0.0,663648000.0
04/02/2026,7110.0,7100.0,10.0,0.00140845,7120.0,7180.0,7050.0,2040659.0,14480247680.0,0.0,0.0,2040659.0,14480247680.0,420424.0,-725424.0,0.0,305000.0,2987377540.0,-5152148540.0,0.0,2164771000.0
03/02/2026,7100.0,6980.0,120.0,0.01719198,6990.0,7120.0,6990.0,2443296.0,17304287330.0,0.0,0.0,2443296.0,17304287330.0,202090.0,-718390.0,0.0,516300.0,1431861620.0,-5091423620.0,0.0,3659562000.0
02/02/2026,6980.0,7150.0,-170.0,-0.02377622,7120.0,7150.0,6900.0,3211726.0,22397681840.0,2500000.0,16660000000.0,5711726.0,39057681840.0,1070899.0,-1037299.0,0.0,-33600.0,7482723201.0,-7237795200.0,0.0,-244928000.0
30/01/2026,7150.0,7050.0,100.0,0.0141844,7050.0,7200.0,7050.0,1633660.0,11629995520.0,0.0,0.0,1633660.0,11629995520.0,-255367.0,112767.0,0.0,142600.0,-1818648460.0,804082460.0,0.0,1014566000.0
29/01/2026,7050.0,6890.0,160.0,0.02322206,6890.0,7050.0,6880.0,3455034.0,23947678230.0,0.0,0.0,3455034.0,23947678230.0,-762293.0,579393.0,0.0,182900.0,-5266055650.0,3989977650.0,0.0,1276078000.0
28/01/2026,6890.0,6890.0,0.0,0.0,6900.0,6950.0,6600.0,3063888.0,20880965440.0,4800001.0,31200006410.0,7863889.0,52080971850.0,-345758.0,29158.0,0.0,316600.0,-2340997190.0,195513190.0,0.0,2145484000.0
27/01/2026,6890.0,6950.0,-60.0,-0.00863309,6950.0,6950.0,6820.0,1856955.0,12745790780.0,25.0,161750.0,1856980.0,12745952530.0,133674.0,117426.0,0.0,-251100.0,922145550.0,803355450.0,0.0,-1725501000.0
26/01/2026,6950.0,7260.0,-310.0,-0.04269972,7250.0,7280.0,6760.0,3654250.0,25574354620.0,500042.0,3650283920.0,4154292.0,29224638540.0,-562755.0,1175755.0,0.0,-613000.0,-3900988610.0,8262771610.0,0.0,-4361783000.0
23/01/2026,7260.0,7400.0,-140.0,-0.01891892,7360.0,7400.0,7190.0,1566297.0,11371815350.0,275035.0,1980241150.0,1841332.0,13352056500.0,265249.0,49251.0,0.0,-314500.0,1925553680.0,356043320.0,0.0,-2281597000.0
22/01/2026,7400.0,7240.0,160.0,0.02209945,7220.0,7550.0,7190.0,2834079.0,20992009070.0,43.0,289820.0,2834122.0,20992298890.0,72010.0,-236510.0,0.0,164500.0,542238290.0,-1750762290.0,0.0,1208524000.0
21/01/2026,7240.0,7280.0,-40.0,-0.00549451,7270.0,7280.0,7070.0,3117554.0,22361375350.0,62.0,420360.0,3117616.0,22361795710.0,361569.0,80331.0,0.0,-441900.0,2561945020.0,610887980.0,0.0,-3172833000.0
20/01/2026,7280.0,7300.0,-20.0,-0.00273973,7300.0,7370.0,7230.0,3250721.0,23698146140.0,2295041.0,15834818390.0,5545762.0,39532964530.0,-928022.0,936222.0,0.0,-8200.0,-6783751110.0,6837478110.0,0.0,-53727000.0
19/01/2026,7300.0,7400.0,-100.0,-0.01351351,7360.0,7420.0,7280.0,3157692.0,23094256520.0,32.0,220480.0,3157724.0,23094477000.0,830126.0,-1110526.0,0.0,280400.0,6063564150.0,-8117485150.0,0.0,2053921000.0
16/01/2026,7400.0,7490.0,-90.0,-0.01201602,7480.0,7500.0,7320.0,2071714.0,15285221280.0,55.0,383350.0,2071769.0,15285604630.0,272420.0,159180.0,0.0,-431600.0,2010163620.0,1176718380.0,0.0,-3186882000.0
15/01/2026,7490.0,7420.0,70.0,0.00943396,7320.0,7530.0,7300.0,2429690.0,18064447240.0,63.0,435330.0,2429753.0,18064882570.0,-144299.0,-120601.0,0.0,264900.0,-1077901321.0,-893130680.0,0.0,1971032000.0
14/01/2026,7420.0,7520.0,-100.0,-0.01329787,7450.0,7530.0,7300.0,3033906.0,22533525590.0,20059.0,160413000.0,3053965.0,22693938590.0,462000.0,-503100.0,0.0,41100.0,3422599680.0,-3738348680.0,0.0,315749000.0
13/01/2026,7520.0,7490.0,30.0,0.00400534,7600.0,7600.0,7450.0,3655476.0,27448469430.0,42.0,292740.0,3655518.0,27448762170.0,272853.0,-498853.0,0.0,226000.0,2066405770.0,-3764854770.0,0.0,1698449000.0
12/01/2026,7490.0,7210.0,280.0,0.03883495,7190.0,7490.0,7010.0,3298616.0,23868333430.0,46.0,308660.0,3298662.0,23868642090.0,-584512.0,236712.0,0.0,347800.0,-4262515360.0,1723457360.0,0.0,2539058000.0
09/01/2026,7210.0,7470.0,-260.0,-0.03480589,7500.0,7500.0,7110.0,4688191.0,33981798160.0,39.0,271050.0,4688230.0,33982069210.0,1328977.0,-460677.0,0.0,-868300.0,9620742520.0,-3318476520.0,0.0,-6302266000.0
08/01/2026,7470.0,7480.0,-10.0,-0.0013369,7500.0,7550.0,7380.0,1954659.0,14565503450.0,3100008.0,23095055680.0,5054667.0,37660559130.0,355831.0,-374431.0,0.0,18600.0,2653634760.0,-2793333760.0,0.0,139699000.0
07/01/2026,7480.0,7330.0,150.0,0.02046385,7330.0,7480.0,7270.0,1800382.0,13270241170.0,14.0,95480.0,1800396.0,13270336650.0,-228563.0,-167037.0,0.0,395600.0,-1662446440.0,-1247592560.0,0.0,2910039000.0
06/01/2026,7330.0,7390.0,-60.0,-0.00811908,7390.0,7430.0,7190.0,2162422.0,15755351800.0,3100000.0,23002000000.0,5262422.0,38757351800.0,133817.0,-322117.0,0.0,188300.0,977744360.0,-2353771360.0,0.0,1376027000.0
05/01/2026,7390.0,7520.0,-130.0,-0.01728723,7510.0,7610.0,7330.0,2636146.0,19659983060.0,20000.0,160000000.0,2656146.0,19819983060.0,533162.0,-535462.0,0.0,2300.0,3964199510.0,-3986732510.0,0.0,22533000.0
31/12/2025,7520.0,7620.0,-100.0,-0.01312336,7600.0,7600.0,7520.0,1222109.0,9221893970.0,18.0,127620.0,1222127.0,9222021590.0,148942.0,-216142.0,0.0,67200.0,1120473420.0,-1627728420.0,0.0,507255000.0
30/12/2025,7620.0,7610.0,10.0,0.00131406,7610.0,7640.0,7500.0,1233812.0,9364327020.0,24.0,169920.0,1233836.0,9364496940.0,37702.0,-47902.0,0.0,10200.0,281711130.0,-358596130.0,0.0,76885000.0
29/12/2025,7610.0,7500.0,110.0,0.01466667,7500.0,7670.0,7500.0,1741070.0,13188267710.0,13.0,90740.0,1741083.0,13188358450.0,-315783.0,143583.0,0.0,172200.0,-2392019550.0,1087781550.0,0.0,1304238000.0
26/12/2025,7500.0,7490.0,10.0,0.00133511,7370.0,7500.0,7260.0,3135367.0,23174744500.0,15.0,104550.0,3135382.0,23174849050.0,-151478.0,-185722.0,0.0,337200.0,-1112053160.0,-1378130840.0,0.0,2490184000.0
25/12/2025,7490.0,7540.0,-50.0,-0.0066313,7500.0,7600.0,7480.0,1825223.0,13729798350.0,14.0,98280.0,1825237.0,13729896630.0,66813.0,-177819.0,0.0,111006.0,492594860.0,-1329103860.0,0.0,836509000.0
24/12/2025,7540.0,7560.0,-20.0,-0.0026455,7520.0,7630.0,7520.0,1615461.0,12205955140.0,15.0,105600.0,1615476.0,12206060740.0,112911.0,-88911.0,0.0,-24000.0,848775840.0,-668176840.0,0.0,-180599000.0
23/12/2025,7560.0,7530.0,30.0,0.00398406,7650.0,7650.0,7490.0,2391635.0,18032131700.0,15.0,105150.0,2391650.0,18032236850.0,-357566.0,528166.0,0.0,-170600.0,-2685778470.0,3972500470.0,0.0,-1286722000.0
22/12/2025,7530.0,7600.0,-70.0,-0.00921053,7600.0,7720.0,7530.0,2665895.0,20210774620.0,160023.0,1300962610.0,2825918.0,21511737230.0,-229644.0,350244.0,0.0,-120600.0,-1742966850.0,2661284850.0,0.0,-918318000.0
19/12/2025,7600.0,7600.0,0.0,0.0,7600.0,7630.0,7560.0,1233860.0,9374782150.0,13.0,91910.0,1233873.0,9374874060.0,10387.0,-52187.0,0.0,41800.0,78680630.0,-396960630.0,0.0,318280000.0
18/12/2025,7600.0,7600.0,0.0,0.0,7590.0,7650.0,7480.0,998450.0,7567471440.0,27.0,190890.0,998477.0,7567662330.0,112823.0,-111423.0,0.0,-1400.0,861635609.0,-850030610.0,0.0,-11605000.0
17/12/2025,7600.0,7620.0,-20.0,-0.00262467,7500.0,7640.0,7420.0,1910202.0,14403748410.0,19.0,134710.0,1910221.0,14403883120.0,78705.0,-216305.0,0.0,137600.0,602082750.0,-1655118750.0,0.0,1053036000.0
16/12/2025,7620.0,7200.0,420.0,0.05833333,7210.0,7620.0,7200.0,6195731.0,46027627540.0,33.0,221100.0,6195764.0,46027848640.0,2612478.0,-3110278.0,0.0,497800.0,19394176271.0,-23071420270.0,0.0,3677244000.0
15/12/2025,7200.0,7430.0,-230.0,-0.03095559,7290.0,7450.0,7150.0,4442873.0,32256573060.0,29.0,200390.0,4442902.0,32256773450.0,-592776.0,545676.0,0.0,47100.0,-4274537271.0,3932247270.0,0.0,342290000.0
12/12/2025,7430.0,7980.0,-550.0,-0.06892231,7960.0,7980.0,7430.0,5285624.0,40552426170.0,7.0,52010.0,5285631.0,40552478180.0,-689468.0,675168.0,0.0,14300.0,-5275718910.0,5182890910.0,0.0,92828000.0
11/12/2025,7980.0,8040.0,-60.0,-0.00746269,8050.0,8080.0,7950.0,3414483.0,27352048540.0,9.0,67320.0,3414492.0,27352115860.0,132374.0,-92174.0,0.0,-40200.0,1070944290.0,-748371290.0,0.0,-322573000.0
10/12/2025,8040.0,8020.0,20.0,0.00249377,8040.0,8180.0,8020.0,1381838.0,11156744150.0,11.0,82060.0,1381849.0,11156826210.0,-141799.0,196799.0,0.0,-55000.0,-1145147880.0,1590653880.0,0.0,-445506000.0
09/12/2025,8020.0,8020.0,0.0,0.0,8030.0,8130.0,8010.0,2914225.0,23438318840.0,4.0,29840.0,2914229.0,23438348680.0,689498.0,-710698.0,0.0,21200.0,5548510590.0,-5717283590.0,0.0,168773000.0
08/12/2025,8020.0,8160.0,-140.0,-0.01715686,8160.0,8170.0,7990.0,4991432.0,40202549210.0,3.0,22770.0,4991435.0,40202571980.0,-285464.0,939464.0,0.0,-654000.0,-2294167190.0,7563604190.0,0.0,-5269437000.0
05/12/2025,8160.0,8330.0,-170.0,-0.02040816,8400.0,8400.0,8150.0,2336644.0,19233821430.0,9.0,69750.0,2336653.0,19233891180.0,153050.0,-78050.0,0.0,-75000.0,1279843900.0,-661734900.0,0.0,-618109000.0
04/12/2025,8330.0,8180.0,150.0,0.01833741,8270.0,8370.0,8210.0,2733806.0,22732097340.0,11.0,83710.0,2733817.0,22732181050.0,-47880.0,268580.0,-36200.0,-220700.0,-402430280.0,2238362280.0,-300861000.0,-1835932000.0
03/12/2025,8180.0,8120.0,60.0,0.00738916,8120.0,8180.0,8080.0,4483704.0,36360194610.0,7.0,52920.0,4483711.0,36360247530.0,825710.0,-601310.0,-748.0,-224400.0,6686303320.0,-4864556320.0,-6074000.0,-1821747000.0
02/12/2025,8120.0,8170.0,-50.0,-0.00611995,8190.0,8190.0,8020.0,2579708.0,20902528420.0,22.0,167200.0,2579730.0,20902695620.0,1066381.0,-816781.0,0.0,-249600.0,8624587260.0,-6597647260.0,0.0,-2026940000.0
01/12/2025,8170.0,8310.0,-140.0,-0.01684717,8310.0,8330.0,8170.0,1948531.0,16004713490.0,19.0,146870.0,1948550.0,16004860360.0,546030.0,-434630.0,0.0,-111400.0,4488890000.0,-3569613999.0,0.0,-919276000.0
28/11/2025,8310.0,8300.0,10.0,0.00120482,8350.0,8360.0,8250.0,1951782.0,16182275220.0,22.0,169840.0,1951804.0,16182445060.0,347271.0,-104971.0,0.0,-242300.0,2874076771.0,-871252770.0,0.0,-2002824000.0
27/11/2025,8300.0,8430.0,-130.0,-0.01542112,8430.0,8440.0,8280.0,2889431.0,24038351130.0,27.0,211680.0,2889458.0,24038562810.0,-657797.0,645797.0,0.0,12000.0,-5455311690.0,5355053690.0,0.0,100258000.0
26/11/2025,8430.0,8180.0,250.0,0.03056235,8180.0,8450.0,8180.0,3012848.0,25190136800.0,32.0,243520.0,3012880.0,25190380320.0,-775620.0,841920.0,0.0,-66300.0,-6493909040.0,7055466040.0,0.0,-561557000.0
25/11/2025,8180.0,8480.0,-300.0,-0.03537736,8400.0,8430.0,8180.0,4539683.0,37524502360.0,33.0,260370.0,4539716.0,37524762730.0,-654663.0,1199463.0,0.0,-544800.0,-5321326270.0,9847499270.0,0.0,-4526173000.0
24/11/2025,8480.0,8740.0,-260.0,-0.02974828,8690.0,8690.0,8390.0,3838936.0,32510330340.0,52.0,422760.0,3838988.0,32510753100.0,1111935.0,26365.0,0.0,-1138300.0,9428447680.0,209352320.0,0.0,-9637800000.0
21/11/2025,8740.0,8540.0,200.0,0.0234192,8440.0,8740.0,8430.0,5976005.0,51459495070.0,61.0,484950.0,5976066.0,51459980020.0,-1704543.0,1540443.0,0.0,164100.0,-14543364440.0,13154871440.0,0.0,1388493000.0
20/11/2025,8540.0,8630.0,-90.0,-0.01042874,8650.0,8680.0,8440.0,2271828.0,19421563840.0,49.0,393470.0,2271877.0,19421957310.0,-757203.0,984403.0,0.0,-227200.0,-6469504580.0,8422692580.0,0.0,-1953188000.0
19/11/2025,8630.0,8770.0,-140.0,-0.01596351,8770.0,8790.0,8510.0,1832657.0,15817530800.0,43.0,350880.0,1832700.0,15817881680.0,-81910.0,16232.0,-22.0,65678.0,-698952790.0,134674790.0,-190000.0,564277700.0
18/11/2025,8770.0,8870.0,-100.0,-0.01127396,8820.0,8880.0,8670.0,2086204.0,18266464660.0,20068.0,190361000.0,2106272.0,18456825660.0,-125117.0,37517.0,0.0,87600.0,-1109793180.0,341375180.0,0.0,768418000.0
17/11/2025,8870.0,8780.0,90.0,0.01025057,8880.0,8940.0,8820.0,2779682.0,24672050690.0,67.0,547390.0,2779749.0,24672598080.0,151752.0,-213252.0,36200.0,61500.0,1347940580.0,-1895059580.0,320989000.0,547119000.0
14/11/2025,8780.0,8520.0,260.0,0.03051643,8480.0,8820.0,8480.0,6027884.0,52577772700.0,9.0,71370.0,6027893.0,52577844070.0,-445258.0,-1099142.0,0.0,1544400.0,-3903705960.0,-9548210040.0,0.0,13451916000.0
13/11/2025,8520.0,8500.0,20.0,0.00235294,8500.0,8550.0,8490.0,1648088.0,14036130220.0,5.0,39550.0,1648093.0,14036169770.0,-103670.0,4770.0,0.0,98900.0,-885411070.0,43425070.0,0.0,841986000.0
12/11/2025,8500.0,8250.0,250.0,0.03030303,8300.0,8500.0,8260.0,3397164.0,28544853610.0,7.0,53760.0,3397171.0,28544907370.0,453025.0,-674225.0,0.0,221200.0,3793873710.0,-5647012710.0,0.0,1853139000.0
11/11/2025,8250.0,8100.0,150.0,0.01851852,8110.0,8250.0,8100.0,1844062.0,15097301130.0,4.0,30160.0,1844066.0,15097331290.0,-279476.0,319876.0,0.0,-40400.0,-2281857570.0,2618202570.0,0.0,-336345000.0
10/11/2025,8100.0,8080.0,20.0,0.00247525,8080.0,8170.0,7990.0,3017323.0,24391987160.0,1.0,7520.0,3017324.0,24391994680.0,-155748.0,227448.0,0.0,-71700.0,-1256988080.0,1839258080.0,0.0,-582270000.0
07/11/2025,8080.0,8450.0,-370.0,-0.04378698,8440.0,8440.0,8050.0,5336422.0,43883453230.0,0.0,0.0,5336422.0,43883453230.0,-513576.0,876676.0,0.0,-363100.0,-4203538840.0,7245758840.0,0.0,-3042220000.0
06/11/2025,8450.0,8690.0,-240.0,-0.02761795,8550.0,8690.0,8450.0,4010296.0,34200400180.0,1.0,8090.0,4010297.0,34200408270.0,61634.0,192366.0,0.0,-254000.0,552012831.0,1635372170.0,0.0,-2187385000.0
05/11/2025,8690.0,8790.0,-100.0,-0.01137656,8730.0,8800.0,8600.0,2894602.0,25118076330.0,19.0,155420.0,2894621.0,25118231750.0,57365.0,190435.0,0.0,-247800.0,505629679.0,1649090320.0,0.0,-2154720000.0
04/11/2025,8790.0,8680.0,110.0,0.01267281,8640.0,8840.0,8320.0,7526539.0,64435014690.0,22.0,177760.0,7526561.0,64435192450.0,-30686.0,-137114.0,0.0,167800.0,-329542191.0,-1130901810.0,0.0,1460444000.0
03/11/2025,8680.0,8700.0,-20.0,-0.00229885,8700.0,9070.0,8680.0,8611416.0,76270933620.0,27.0,218700.0,8611443.0,76271152320.0,509847.0,-1132747.0,0.0,622900.0,4496284901.0,-9998770900.0,0.0,5502486000.0
31/10/2025,8700.0,8680.0,20.0,0.00230415,8580.0,8920.0,8580.0,5947975.0,52326368650.0,18.0,145440.0,5947993.0,52326514090.0,174098.0,-668498.0,0.0,494400.0,1581304960.0,-5932263960.0,0.0,4350959000.0
30/10/2025,8680.0,8680.0,0.0,0.0,8660.0,8780.0,8580.0,5725840.0,49727279750.0,20.0,161600.0,5725860.0,49727441350.0,-1206463.0,1001663.0,0.0,204800.0,-10486275180.0,8717696180.0,0.0,1768579000.0
29/10/2025,8680.0,8480.0,200.0,0.02358491,8470.0,8760.0,8400.0,5775881.0,49710347870.0,41.0,323490.0,5775922.0,49710671360.0,762954.0,-697054.0,0.0,-65900.0,6564280170.0,-5997369170.0,0.0,-566911000.0
28/10/2025,8480.0,8100.0,380.0,0.04691358,8060.0,8480.0,8050.0,4680780.0,38600682280.0,35.0,263900.0,4680815.0,38600946180.0,-455320.0,116220.0,0.0,339100.0,-3690828840.0,911096840.0,0.0,2779732000.0
27/10/2025,8100.0,8320.0,-220.0,-0.02644231,8390.0,8390.0,8100.0,4223559.0,34799703670.0,33.0,255420.0,4223592.0,34799959090.0,276759.0,56441.0,0.0,-333200.0,2243618191.0,510850810.0,0.0,-2754469000.0
24/10/2025,8320.0,8390.0,-70.0,-0.00834327,8300.0,8360.0,8100.0,4650206.0,38257955700.0,32.0,249920.0,4650238.0,38258205620.0,-176650.0,251550.0,0.0,-74900.0,-1421563460.0,2046177460.0,0.0,-624614000.0
23/10/2025,8390.0,8450.0,-60.0,-0.00710059,8460.0,8580.0,8300.0,4731447.0,39865228710.0,39.0,306540.0,4731486.0,39865535250.0,111510.0,315890.0,0.0,-427400.0,915363369.0,2697898630.0,0.0,-3613262000.0
22/10/2025,8450.0,8530.0,-80.0,-0.00937866,8530.0,8550.0,8000.0,12766797.0,105991961170.0,52.0,412880.0,12766849.0,105992374050.0,-2487220.0,2980320.0,0.0,-493100.0,-20786832720.0,25028937720.0,0.0,-4242105000.0
21/10/2025,8530.0,9170.0,-640.0,-0.0697928,8900.0,9030.0,8530.0,17594578.0,151240380540.0,20014.0,170719420.0,17614592.0,151411099960.0,2803858.0,-2416958.0,0.0,-386900.0,23944854350.0,-20486054350.0,0.0,-3458800000.0
20/10/2025,9170.0,9850.0,-680.0,-0.06903553,9710.0,9850.0,9170.0,9330780.0,88617903650.0,0.0,0.0,9330780.0,88617903650.0,-326500.0,-78300.0,0.0,404800.0,-3017502730.0,-791111270.0,0.0,3808614000.0
17/10/2025,9850.0,9850.0,0.0,0.0,9940.0,10100.0,9690.0,10891234.0,107504196900.0,200000.0,1951000000.0,11091234.0,109455196900.0,-1484075.0,1149075.0,0.0,335000.0,-14685141480.0,11368986480.0,0.0,3316155000.0
16/10/2025,9850.0,9600.0,250.0,0.02604167,9690.0,9990.0,9660.0,10470332.0,102720270450.0,22000.0,196460000.0,10492332.0,102916730450.0,835577.0,-533777.0,0.0,-301800.0,8219308840.0,-5222228840.0,0.0,-2997080000.0
15/10/2025,9600.0,9590.0,10.0,0.00104275,9650.0,9740.0,9490.0,5769039.0,55317244630.0,200000.0,2047250000.0,5969039.0,57364494630.0,604686.0,-533286.0,0.0,-71400.0,5788035990.0,-5097649990.0,0.0,-690386000.0
14/10/2025,9590.0,9680.0,-90.0,-0.00929752,9710.0,9800.0,9450.0,12472918.0,120147388860.0,0.0,0.0,12472918.0,120147388860.0,714439.0,-1213939.0,0.0,499500.0,7015031560.0,-11779187560.0,0.0,4764156000.0
13/10/2025,9680.0,9370.0,310.0,0.03308431,9210.0,9680.0,9200.0,8772470.0,83105264260.0,200000.0,1744000000.0,8972470.0,84849264260.0,109948.0,-733648.0,0.0,623700.0,860154070.0,-6787952070.0,0.0,5927798000.0
10/10/2025,9370.0,9300.0,70.0,0.00752688,9240.0,9540.0,9240.0,10113746.0,94832878530.0,0.0,0.0,10113746.0,94832878530.0,-1833584.0,1158784.0,0.0,674800.0,-17130747250.0,10910814250.0,0.0,6219933000.0
09/10/2025,9300.0,9130.0,170.0,0.01861993,9280.0,9400.0,9160.0,3812574.0,35254144870.0,300000.0,2703100000.0,4112574.0,37957244870.0,573010.0,-409610.0,0.0,-163400.0,5307085080.0,-3793085080.0,0.0,-1514000000.0
08/10/2025,9130.0,9050.0,80.0,0.00883978,9150.0,9190.0,9020.0,5348036.0,48726876580.0,0.0,0.0,5348036.0,48726876580.0,49007.0,27793.0,0.0,-76800.0,445535240.0,263216760.0,0.0,-708752000.0
07/10/2025,9050.0,9380.0,-330.0,-0.03518124,9380.0,9380.0,9050.0,6417573.0,58820079810.0,200000.0,1807200000.0,6617573.0,60627279810.0,-940432.0,883032.0,0.0,57400.0,-8681411600.0,8154511600.0,0.0,526900000.0
06/10/2025,9380.0,8910.0,470.0,0.05274972,9120.0,9400.0,9020.0,4797560.0,44218692260.0,50000.0,470000000.0,4847560.0,44688692260.0,1368835.0,-1304135.0,0.0,-64700.0,12644029250.0,-12069125250.0,0.0,-574904000.0
03/10/2025,8910.0,9270.0,-360.0,-0.03883495,9250.0,9250.0,8800.0,8959366.0,80752444830.0,200000.0,1863250000.0,9159366.0,82615694830.0,574094.0,-701394.0,0.0,127300.0,5188083710.0,-6308523710.0,0.0,1120440000.0
02/10/2025,9270.0,9590.0,-320.0,-0.03336809,9600.0,9600.0,9250.0,5504728.0,51534161200.0,0.0,0.0,5504728.0,51534161200.0,1208985.0,-161385.0,0.0,-1047600.0,11267578780.0,-1452470780.0,0.0,-9815108000.0
01/10/2025,9590.0,9540.0,50.0,0.00524109,9550.0,9600.0,9370.0,5155771.0,48790900170.0,200000.0,1985000000.0,5355771.0,50775900170.0,242263.0,-59363.0,0.0,-182900.0,2311785379.0,-565678380.0,0.0,-1746107000.0
30/09/2025,9540.0,9740.0,-200.0,-0.02053388,9740.0,9810.0,9160.0,10812239.0,102274424300.0,24.0,217440.0,10812263.0,102274641740.0,-140782.0,225582.0,0.0,-84800.0,-1279574690.0,2153779690.0,0.0,-874205000.0
29/09/2025,9740.0,9990.0,-250.0,-0.02502503,9990.0,10200.0,9660.0,9804696.0,96980412720.0,430027.0,4305001100.0,10234723.0,101285413820.0,-46294.0,403294.0,0.0,-357000.0,-338821190.0,3898202190.0,0.0,-3559381000.0
26/09/2025,9990.0,10200.0,-210.0,-0.02058824,10100.0,10200.0,9940.0,7254634.0,72815436150.0,28.0,265720.0,7254662.0,72815701870.0,249486.0,-464030.0,0.0,214544.0,2546104750.0,-4661717750.0,0.0,2115612600.0
25/09/2025,10200.0,9610.0,590.0,0.06139438,9670.0,10250.0,9640.0,28771924.0,290256795900.0,21.0,187740.0,28771945.0,290256983640.0,-471004.0,498004.0,0.0,-27000.0,-5318590440.0,5818375440.0,0.0,-499785000.0
24/09/2025,9610.0,9530.0,80.0,0.00839454,9550.0,9750.0,9430.0,9192327.0,88015372380.0,45.0,399150.0,9192372.0,88015771530.0,3409534.0,-3030234.0,0.0,-379300.0,32601728480.0,-28952552480.0,0.0,-3649176000.0
23/09/2025,9530.0,9500.0,30.0,0.00315789,9500.0,9590.0,9370.0,3569934.0,33859949170.0,38.0,335920.0,3569972.0,33860285090.0,-630375.0,795375.0,0.0,-165000.0,-6002699671.0,7572571670.0,0.0,-1569872000.0
22/09/2025,9500.0,9800.0,-300.0,-0.03061224,9870.0,9870.0,9250.0,10598624.0,100692355200.0,53.0,483360.0,10598677.0,100692838560.0,-199799.0,1479999.0,0.0,-1280200.0,-1753262680.0,14089407680.0,0.0,-12336145000.0
19/09/2025,9800.0,9600.0,200.0,0.02083333,9740.0,9850.0,9560.0,13611939.0,132407522120.0,17.0,151810.0,13611956.0,132407673930.0,1051522.0,-2474422.0,0.0,1422900.0,10093307870.0,-23906865870.0,0.0,13813558000.0
18/09/2025,9600.0,9600.0,0.0,0.0,9700.0,9840.0,9500.0,9345222.0,90554141260.0,26.0,232180.0,9345248.0,90554373440.0,-1554074.0,1397274.0,0.0,156800.0,-15205696920.0,13683514920.0,0.0,1522182000.0
17/09/2025,9600.0,8980.0,620.0,0.06904232,9000.0,9600.0,8850.0,30820533.0,290143569270.0,31.0,259160.0,30820564.0,290143828430.0,2815077.0,-4459277.0,0.0,1644200.0,25655161630.0,-40605437630.0,0.0,14950276000.0
16/09/2025,8980.0,8990.0,-10.0,-0.00111235,9070.0,9100.0,8880.0,4001775.0,36053964940.0,27.0,225990.0,4001802.0,36054190930.0,-730014.0,893214.0,0.0,-163200.0,-6552674850.0,8030865850.0,0.0,-1478191000.0
15/09/2025,8990.0,8890.0,100.0,0.01124859,8850.0,8990.0,8850.0,2495922.0,22255599940.0,29.0,239830.0,2495951.0,22255839770.0,-140197.0,129897.0,0.0,10300.0,-1255992080.0,1166272080.0,0.0,89720000.0
12/09/2025,8890.0,8620.0,270.0,0.03132251,8740.0,8890.0,8690.0,3462242.0,30336917040.0,24.0,192480.0,3462266.0,30337109520.0,-50165.0,-272035.0,0.0,322200.0,-474011930.0,-2335818070.0,0.0,2809830000.0
11/09/2025,8620.0,8770.0,-150.0,-0.01710376,8770.0,8770.0,8500.0,2987143.0,25695658690.0,32.0,261120.0,2987175.0,25695919810.0,174477.0,19323.0,0.0,-193800.0,1506554100.0,162943900.0,0.0,-1669498000.0
10/09/2025,8770.0,8970.0,-200.0,-0.02229654,9000.0,9000.0,8670.0,2934698.0,25812295190.0,15.0,125250.0,2934713.0,25812420440.0,457847.0,270553.0,0.0,-728400.0,4070388420.0,2347616580.0,0.0,-6418005000.0
09/09/2025,8970.0,8600.0,370.0,0.04302326,8660.0,8970.0,8560.0,5658031.0,49007151910.0,1420019.0,13064152000.0,7078050.0,62071303910.0,-134174.0,275574.0,0.0,-141400.0,-1098926100.0,2345200100.0,0.0,-1246274000.0
08/09/2025,8600.0,9100.0,-500.0,-0.05494505,9070.0,9110.0,8600.0,7140517.0,62967723240.0,31.0,262570.0,7140548.0,62967985810.0,18214.0,42386.0,0.0,-60600.0,201170330.0,355272670.0,0.0,-556443000.0
05/09/2025,9100.0,9280.0,-180.0,-0.01939655,9370.0,9500.0,9100.0,6942716.0,64743158950.0,2840017.0,28172946880.0,9782733.0,92916105830.0,-897787.0,575187.0,0.0,322600.0,-8366925160.0,5365712160.0,0.0,3001213000.0
04/09/2025,9280.0,9270.0,10.0,0.00107875,9310.0,9400.0,9280.0,4448386.0,41533708860.0,3300029.0,30591250270.0,7748415.0,72124959130.0,496846.0,-628546.0,0.0,131700.0,4622839210.0,-5860830210.0,0.0,1237991000.0
03/09/2025,9270.0,9000.0,270.0,0.03,9020.0,9380.0,9010.0,4879710.0,45150464550.0,32.0,267840.0,4879742.0,45150732390.0,151960.0,-359760.0,0.0,207800.0,1369885000.0,-3279496000.0,0.0,1909611000.0
29/08/2025,9000.0,8910.0,90.0,0.01010101,9020.0,9080.0,8950.0,5225243.0,47097900630.0,21.0,174090.0,5225264.0,47098074720.0,879063.0,-914363.0,0.0,35300.0,7925284460.0,-8237995460.0,0.0,312711000.0
28/08/2025,8910.0,9010.0,-100.0,-0.01109878,9010.0,9030.0,8890.0,3306307.0,29607809250.0,11.0,92180.0,3306318.0,29607901430.0,872260.0,-460660.0,0.0,-411600.0,7822782599.0,-4118814600.0,0.0,-3703968000.0
27/08/2025,9010.0,8970.0,40.0,0.00445931,9000.0,9200.0,8900.0,7082170.0,63989644920.0,1883118.0,18059074340.0,8965288.0,82048719260.0,261952.0,764048.0,0.0,-1026000.0,2381309370.0,6911943630.0,0.0,-9293253000.0
26/08/2025,8970.0,8600.0,370.0,0.04302326,8570.0,8970.0,8560.0,3036721.0,26612165790.0,31.0,248000.0,3036752.0,26612413790.0,336967.0,-449267.0,0.0,112300.0,2975879860.0,-3959725860.0,0.0,983846000.0
25/08/2025,8600.0,8560.0,40.0,0.0046729,8560.0,8750.0,8500.0,4831582.0,41664351500.0,35.0,278950.0,4831617.0,41664630450.0,390434.0,-839634.0,0.0,449200.0,3370930270.0,-7228421270.0,0.0,3857491000.0
22/08/2025,8560.0,9200.0,-640.0,-0.06956522,9000.0,9150.0,8560.0,17318685.0,150868221400.0,28.0,239680.0,17318713.0,150868461080.0,-242731.0,-734769.0,0.0,977500.0,-2017519610.0,-6390600390.0,0.0,8408120000.0
21/08/2025,9200.0,9500.0,-300.0,-0.03157895,9520.0,9590.0,9200.0,8255349.0,77365987920.0,38.0,335920.0,8255387.0,77366323840.0,-966345.0,1090745.0,0.0,-124400.0,-8992498100.0,10175995100.0,0.0,-1183497000.0
20/08/2025,9500.0,10000.0,-500.0,-0.05,9900.0,9910.0,9370.0,11148451.0,107206815000.0,31.0,288300.0,11148482.0,107207103300.0,-372840.0,407440.0,0.0,-34600.0,-3549788260.0,3975769260.0,0.0,-425981000.0
19/08/2025,10000.0,9800.0,200.0,0.02040816,9840.0,10200.0,9700.0,11206132.0,111621934830.0,30.0,273600.0,11206162.0,111622208430.0,-737640.0,420040.0,0.0,317600.0,-7347342090.0,4232605090.0,0.0,3114737000.0
18/08/2025,9800.0,10100.0,-300.0,-0.02970297,10000.0,10000.0,9720.0,10342288.0,101715238180.0,100022.0,1030206800.0,10442310.0,102745444980.0,-929487.0,2972287.0,0.0,-2042800.0,-9129883830.0,29251617830.0,0.0,-20121734000.0
15/08/2025,10100.0,10400.0,-300.0,-0.02884615,10450.0,10500.0,9900.0,15800174.0,159937542100.0,32.0,309760.0,15800206.0,159937851860.0,-1312703.0,1109003.0,0.0,203700.0,-13426682450.0,11415192450.0,0.0,2011490000.0
14/08/2025,10400.0,9900.0,500.0,0.05050505,10200.0,10400.0,9800.0,15844625.0,159281327630.0,2.0,18420.0,15844627.0,159281346050.0,519601.0,47999.0,0.0,-567600.0,5526727801.0,122772200.0,0.0,-5649500000.0
13/08/2025,9900.0,9550.0,350.0,0.03664921,9580.0,9940.0,9520.0,18115434.0,176506080590.0,0.0,0.0,18115434.0,176506080590.0,1520363.0,-3401563.0,0.0,1881200.0,14740390290.0,-33046090290.0,0.0,18305700000.0
12/08/2025,9550.0,9590.0,-40.0,-0.00417101,9730.0,9730.0,9210.0,8612661.0,81180702600.0,0.0,0.0,8612661.0,81180702600.0,704635.0,-383735.0,0.0,-320900.0,6637720790.0,-3571555790.0,0.0,-3066165000.0
11/08/2025,9590.0,9500.0,90.0,0.00947368,9550.0,9960.0,9540.0,9423004.0,91444642630.0,0.0,0.0,9423004.0,91444642630.0,-905184.0,546384.0,1500.0,358800.0,-8763117520.0,5274787520.0,14535000.0,3488330000.0
08/08/2025,9500.0,9450.0,50.0,0.00529101,9550.0,9570.0,9180.0,10389844.0,97444475120.0,0.0,0.0,10389844.0,97444475120.0,139588.0,-134188.0,0.0,-5400.0,1368346340.0,-1318197340.0,0.0,-50149000.0
07/08/2025,9450.0,9350.0,100.0,0.01069519,9410.0,9650.0,9340.0,9024225.0,85076508140.0,0.0,0.0,9024225.0,85076508140.0,910418.0,-263218.0,0.0,-647200.0,8618580570.0,-2469197571.0,0.0,-6149383000.0
06/08/2025,9350.0,9350.0,0.0,0.0,9150.0,9350.0,9150.0,6714568.0,61941953820.0,0.0,0.0,6714568.0,61941953820.0,1071123.0,-839823.0,0.0,-231300.0,9828389880.0,-7703674880.0,0.0,-2124715000.0
05/08/2025,9350.0,9400.0,-50.0,-0.00531915,9600.0,9600.0,8750.0,17629301.0,165030518780.0,0.0,0.0,17629301.0,165030518780.0,-557971.0,901071.0,0.0,-343100.0,-5283302140.0,8803863140.0,0.0,-3520561000.0
04/08/2025,9400.0,9110.0,290.0,0.03183315,9110.0,9420.0,9110.0,8194815.0,75976107540.0,0.0,0.0,8194815.0,75976107540.0,655694.0,-986394.0,0.0,330700.0,6094174730.0,-9116192730.0,0.0,3022018000.0
01/08/2025,9110.0,9700.0,-590.0,-0.06082474,9630.0,9630.0,9100.0,15123146.0,141007428440.0,0.0,0.0,15123146.0,141007428440.0,588920.0,-787420.0,0.0,198500.0,5768998500.0,-7450358500.0,0.0,1681360000.0
31/07/2025,9700.0,9540.0,160.0,0.01677149,10100.0,10100.0,9540.0,18022559.0,175388529940.0,0.0,0.0,18022559.0,175388529940.0,-637348.0,2159648.0,0.0,-1522300.0,-6207979390.0,21159125390.0,0.0,-14951146000.0
30/07/2025,9540.0,8920.0,620.0,0.06950673,9230.0,9540.0,9100.0,16206576.0,153242186520.0,0.0,0.0,16206576.0,153242186520.0,-1832324.0,2291424.0,0.0,-459100.0,-17495925090.0,21751143090.0,0.0,-4255218000.0
29/07/2025,8920.0,8600.0,320.0,0.0372093,9200.0,9200.0,8900.0,31189740.0,286052655860.0,0.0,0.0,31189740.0,286052655860.0,4291889.0,-3774589.0,0.0,-517300.0,39481922969.0,-34733357970.0,0.0,-4748565000.0
28/07/2025,8600.0,8380.0,220.0,0.02625298,8510.0,8760.0,8430.0,15010248.0,128622411380.0,0.0,0.0,15010248.0,128622411380.0,3960611.0,-3311011.0,0.0,-649600.0,33911773780.0,-28274972780.0,0.0,-5636801000.0
25/07/2025,8380.0,8300.0,80.0,0.00963855,8300.0,8400.0,8250.0,6463868.0,53847385740.0,0.0,0.0,6463868.0,53847385740.0,-647204.0,-2496.0,0.0,649700.0,-5386291010.0,-15813990.0,0.0,5402105000.0
24/07/2025,8300.0,8380.0,-80.0,-0.00954654,8360.0,8390.0,8150.0,5979707.0,49414674210.0,0.0,0.0,5979707.0,49414674210.0,-584031.0,622731.0,0.0,-38700.0,-4827948950.0,5164183950.0,0.0,-336235000.0
23/07/2025,8380.0,8400.0,-20.0,-0.00238095,8480.0,8490.0,8310.0,7679861.0,64336328100.0,0.0,0.0,7679861.0,64336328100.0,98766.0,-309858.0,0.0,211092.0,847154350.0,-2599258350.0,0.0,1752103120.0
22/07/2025,8400.0,8050.0,350.0,0.04347826,8000.0,8400.0,8000.0,9710495.0,79893799200.0,0.0,0.0,9710495.0,79893799200.0,-1352825.0,-528375.0,0.0,1881200.0,-11151556480.0,-4320608520.0,0.0,15472165000.0
21/07/2025,8050.0,8400.0,-350.0,-0.04166667,8350.0,8400.0,8030.0,8822450.0,72237196340.0,30.0,234600.0,8822480.0,72237430940.0,1083430.0,-759630.0,0.0,-323800.0,8911968830.0,-6216531830.0,0.0,-2695437000.0
18/07/2025,8400.0,8440.0,-40.0,-0.00473934,8440.0,8610.0,8210.0,15208303.0,127813370390.0,51.0,400350.0,15208354.0,127813770740.0,-377130.0,-237670.0,0.0,614800.0,-3035195550.0,-2109874450.0,0.0,5145070000.0
17/07/2025,8440.0,8200.0,240.0,0.02926829,8230.0,8690.0,8230.0,14004658.0,117983888930.0,58.0,442540.0,14004716.0,117984331470.0,1325733.0,-203433.0,0.0,-1122300.0,11177340610.0,-1681831610.0,0.0,-9495509000.0
16/07/2025,8200.0,7700.0,500.0,0.06493506,7710.0,8200.0,7690.0,12240303.0,97309600010.0,70.0,501900.0,12240373.0,97310101910.0,-915977.0,-691523.0,0.0,1607500.0,-7213664580.0,-5487404420.0,0.0,12701069000.0
15/07/2025,7700.0,7880.0,-180.0,-0.02284264,7930.0,7980.0,7700.0,9842655.0,77464910530.0,90.0,659700.0,9842745.0,77465570230.0,1076697.0,-658997.0,0.0,-417700.0,8545695201.0,-5234219200.0,0.0,-3311476000.0
14/07/2025,7880.0,7600.0,280.0,0.03684211,7580.0,7880.0,7360.0,10829977.0,82827864550.0,107.0,756490.0,10830084.0,82828621040.0,-595329.0,46429.0,0.0,548900.0,-4392946040.0,115696040.0,0.0,4277250000.0
11/07/2025,7600.0,7520.0,80.0,0.0106383,7650.0,7650.0,7470.0,5956159.0,45027208900.0,36.0,252000.0,5956195.0,45027460900.0,186799.0,23401.0,0.0,-210200.0,1453054130.0,128780870.0,0.0,-1581835000.0
10/07/2025,7520.0,7470.0,50.0,0.00669344,7480.0,7690.0,7450.0,5470560.0,41335903050.0,52.0,361400.0,5470612.0,41336264450.0,-257940.0,181838.0,0.0,76102.0,-1898771900.0,1343183900.0,0.0,555588140.0
09/07/2025,7470.0,7480.0,-10.0,-0.0013369,7510.0,7570.0,7410.0,5951026.0,44487736060.0,51.0,354960.0,5951077.0,44488091020.0,-1271339.0,681139.0,-147.0,590200.0,-9501963230.0,5081341230.0,-1100000.0,4420622000.0
08/07/2025,7480.0,7500.0,-20.0,-0.00266667,7550.0,7580.0,7400.0,4751076.0,35530729950.0,51.0,355980.0,4751127.0,35531085930.0,129886.0,550514.0,0.0,-680400.0,983849320.0,4113225680.0,0.0,-5097075000.0
07/07/2025,7500.0,7430.0,70.0,0.00942127,7430.0,7570.0,7380.0,5989906.0,44701436330.0,108.0,746280.0,5990014.0,44702182610.0,-901697.0,1445597.0,0.0,-543900.0,-6745556330.0,10803753330.0,0.0,-4058197000.0
04/07/2025,7430.0,7280.0,150.0,0.0206044,7310.0,7480.0,7310.0,5416546.0,40124093360.0,52.0,352560.0,5416598.0,40124445920.0,-761971.0,438071.0,0.0,323900.0,-5652190570.0,3249461570.0,0.0,2402729000.0
03/07/2025,7280.0,7250.0,30.0,0.00413793,7210.0,7450.0,7150.0,7784460.0,57059120790.0,54.0,364500.0,7784514.0,57059485290.0,-954913.0,272613.0,0.0,682300.0,-6967012250.0,2017516250.0,0.0,4949496000.0
02/07/2025,7250.0,7160.0,90.0,0.01256983,7150.0,7250.0,7080.0,4001745.0,28785478710.0,22.0,146520.0,4001767.0,28785625230.0,-1190825.0,381625.0,0.0,809200.0,-8558467070.0,2735857070.0,0.0,5822610000.0
01/07/2025,7160.0,7180.0,-20.0,-0.00278552,7200.0,7220.0,7030.0,4078620.0,29030559070.0,35.0,233800.0,4078655.0,29030792870.0,-481119.0,616919.0,0.0,-135800.0,-3413884099.0,4389529100.0,0.0,-975645000.0
30/06/2025,7180.0,7220.0,-40.0,-0.00554017,7200.0,7250.0,7170.0,2353164.0,16943578920.0,53.0,356160.0,2353217.0,16943935080.0,-207308.0,275308.0,0.0,-68000.0,-1484714230.0,1975143230.0,0.0,-490429000.0
27/06/2025,7220.0,7250.0,-30.0,-0.00413793,7240.0,7370.0,7160.0,5346152.0,38779146070.0,52.0,351000.0,5346204.0,38779497070.0,1199891.0,-483391.0,0.0,-716500.0,8719757831.0,-3540883830.0,0.0,-5178874000.0
26/06/2025,7250.0,7260.0,-10.0,-0.00137741,7250.0,7260.0,7100.0,3027428.0,21660190640.0,49.0,331240.0,3027477.0,21660521880.0,-209287.0,734587.0,0.0,-525300.0,-1492929170.0,5255898170.0,0.0,-3762969000.0
25/06/2025,7260.0,7160.0,100.0,0.01396648,7160.0,7420.0,7140.0,5452186.0,39663061800.0,56.0,372960.0,5452242.0,39663434760.0,636627.0,333473.0,0.0,-970100.0,4622723270.0,2430349730.0,0.0,-7053073000.0
24/06/2025,7160.0,7050.0,110.0,0.01560284,7200.0,7200.0,7120.0,3699439.0,26456205150.0,67.0,439520.0,3699506.0,26456644670.0,839371.0,-259271.0,0.0,-580100.0,6003027780.0,-1852097780.0,0.0,-4150930000.0
23/06/2025,7050.0,7120.0,-70.0,-0.00983146,6960.0,7050.0,6900.0,2974331.0,20798282910.0,3248411.0,23128631930.0,6222742.0,43926914840.0,-676.0,178882.0,0.0,-178206.0,-10387100.0,1242309100.0,0.0,-1231922000.0
20/06/2025,7120.0,7200.0,-80.0,-0.01111111,7270.0,7270.0,7030.0,2502934.0,17817810230.0,47.0,314900.0,2502981.0,17818125130.0,195983.0,230517.0,0.0,-426500.0,1393153010.0,1648802990.0,0.0,-3041956000.0
19/06/2025,7200.0,7140.0,60.0,0.00840336,7140.0,7240.0,6980.0,6552717.0,46505324170.0,46.0,305900.0,6552763.0,46505630070.0,-578556.0,155356.0,0.0,423200.0,-4179558200.0,1145831200.0,0.0,3033727000.0
18/06/2025,7140.0,7340.0,-200.0,-0.0272,7340.0,7380.0,7130.0,3750336.0,27045509600.0,46.0,314180.0,3750382.0,27045823780.0,144556.0,374044.0,0.0,-518600.0,1075433020.0,2665655980.0,0.0,-3741089000.0
17/06/2025,7340.0,7250.0,90.0,0.01241379,7270.0,7420.0,7200.0,3873184.0,28341705550.0,68.0,459000.0,3873252.0,28342164550.0,200164.0,-25456.0,0.0,-174708.0,1456214630.0,-184720630.0,0.0,-1271494960.0
16/06/2025,7250.0,7300.0,-50.0,-0.00684932,7270.0,7340.0,7100.0,4580506.0,32952699090.0,120.0,814800.0,4580626.0,32953513890.0,309705.0,-336205.0,0.0,26500.0,2247772950.0,-2425595950.0,0.0,177823000.0
13/06/2025,7300.0,7500.0,-200.0,-0.0267,7330.0,7380.0,6980.0,11102226.0,79419743630.0,59.0,411820.0,11102285.0,79420155450.0,1132878.0,-760254.0,-24.0,-372624.0,8272092801.0,-5476673800.0,-174000.0,-2795419760.0
12/06/2025,7500.0,7500.0,0.0,0.0,7500.0,7700.0,7440.0,5881404.0,44416815850.0,72.0,502560.0,5881476.0,44417318410.0,238608.0,-334208.0,0.0,95600.0,1827209480.0,-2535768480.0,0.0,708559000.0
11/06/2025,7500.0,7590.0,-90.0,-0.01185771,7600.0,7600.0,7380.0,5916662.0,44254718130.0,48.0,338880.0,5916710.0,44255057010.0,-1454124.0,2207724.0,0.0,-753600.0,-10855162650.0,16501801650.0,0.0,-5646639000.0
10/06/2025,7590.0,7450.0,140.0,0.01879195,7390.0,7660.0,7390.0,9802319.0,73967403910.0,69.0,478170.0,9802388.0,73967882080.0,-1387372.0,992772.0,0.0,394600.0,-10450135060.0,7514481060.0,0.0,2935654000.0
09/06/2025,7450.0,7400.0,50.0,0.00675676,7400.0,7610.0,7350.0,8675129.0,64867172950.0,63.0,434070.0,8675192.0,64867607020.0,-217229.0,-456471.0,0.0,673700.0,-1619871610.0,-3409952390.0,0.0,5029824000.0
06/06/2025,7400.0,7700.0,-300.0,-0.03896104,7720.0,7720.0,7350.0,7231286.0,54015265290.0,4056736.0,31236836990.0,11288022.0,85252102280.0,-204461.0,70061.0,0.0,134400.0,-1520142140.0,540917140.0,0.0,979225000.0
05/06/2025,7700.0,7380.0,320.0,0.04336043,7500.0,7790.0,7460.0,9588188.0,72889656320.0,3543948.0,26154296970.0,13132136.0,99043953290.0,-126894.0,-229006.0,0.0,355900.0,-959765460.0,-1706389540.0,0.0,2666155000.0
04/06/2025,7380.0,6900.0,480.0,0.06956522,6900.0,7380.0,6880.0,17410891.0,126752316980.0,8735238.0,60273121560.0,26146129.0,187025438540.0,-326053.0,-1313847.0,0.0,1639900.0,-2182604960.0,-9580032040.0,0.0,11762637000.0
03/06/2025,6900.0,6640.0,260.0,0.03915663,7040.0,7040.0,6740.0,9179037.0,63048800870.0,1000041.0,6800253380.0,10179078.0,69849054250.0,931913.0,-1188314.0,0.0,256401.0,6406216180.0,-8141681180.0,0.0,1735465830.0
02/06/2025,6640.0,6210.0,430.0,0.06924316,6250.0,6640.0,6250.0,5901789.0,38795185330.0,73.0,421940.0,5901862.0,38795607270.0,437989.0,-837001.0,0.0,399012.0,2879778950.0,-5448125950.0,0.0,2568346680.0
30/05/2025,6210.0,6320.0,-110.0,-0.01740506,6370.0,6370.0,6210.0,1877478.0,11739714600.0,62.0,364560.0,1877540.0,11740079160.0,77839.0,120861.0,0.0,-198700.0,489193640.0,759172360.0,0.0,-1248366000.0
29/05/2025,6320.0,6270.0,50.0,0.00797448,6280.0,6400.0,6200.0,2801224.0,17654697130.0,91.0,531440.0,2801315.0,17655228570.0,-619695.0,189495.0,0.0,430200.0,-3912914430.0,1208506430.0,0.0,2704408000.0
28/05/2025,6270.0,6320.0,-50.0,-0.00791139,6350.0,6380.0,6200.0,2977956.0,18666855510.0,142.0,834960.0,2978098.0,18667690470.0,241221.0,174679.0,0.0,-415900.0,1509192021.0,1099971980.0,0.0,-2609164000.0
27/05/2025,6320.0,6240.0,80.0,0.01282051,6270.0,6370.0,6190.0,5412164.0,33982470580.0,68.0,395080.0,5412232.0,33982865660.0,441907.0,248293.0,0.0,-690200.0,2743053800.0,1628341200.0,0.0,-4371395000.0
26/05/2025,6240.0,6100.0,140.0,0.02295082,6140.0,6250.0,5950.0,3156520.0,19440270350.0,141.0,800880.0,3156661.0,19441071230.0,-346149.0,480449.0,0.0,-134300.0,-2134572400.0,2962524400.0,0.0,-827952000.0
23/05/2025,6100.0,6030.0,70.0,0.01160862,6020.0,6390.0,6010.0,5044438.0,31291369220.0,70.0,392700.0,5044508.0,31291761920.0,52557.0,253143.0,0.0,-305700.0,308510550.0,1582194450.0,0.0,-1890705000.0
22/05/2025,6030.0,5940.0,90.0,0.01515152,5850.0,6150.0,5850.0,5197554.0,31249223990.0,71.0,392630.0,5197625.0,31249616620.0,-70150.0,-522250.0,-78.0,592400.0,-470739690.0,-3118499310.0,-469000.0,3589239000.0
21/05/2025,5940.0,5970.0,-30.0,-0.00502513,6000.0,6000.0,5810.0,2677117.0,15736830040.0,62.0,344720.0,2677179.0,15737174760.0,290648.0,210960.0,0.0,-501608.0,1700569440.0,1261526559.0,0.0,-2962096120.0
20/05/2025,5970.0,6020.0,-50.0,-0.00830565,6030.0,6040.0,5960.0,1845834.0,11044357540.0,79.0,442400.0,1845913.0,11044799940.0,372497.0,33703.0,0.0,-406200.0,2229839540.0,202188460.0,0.0,-2432028000.0
19/05/2025,6020.0,5910.0,110.0,0.01861252,5930.0,6090.0,5920.0,3483635.0,20912416770.0,109.0,599500.0,3483744.0,20913016270.0,-95475.0,215475.0,0.0,-120000.0,-572974830.0,1297264830.0,0.0,-724290000.0
16/05/2025,5910.0,5900.0,10.0,0.00169492,5960.0,6010.0,5880.0,2404369.0,14267772490.0,59.0,323910.0,2404428.0,14268096400.0,-193477.0,107377.0,0.0,86100.0,-1144636480.0,634633480.0,0.0,510003000.0
15/05/2025,5900.0,5900.0,0.0,0.0,5950.0,6050.0,5860.0,1734716.0,10265702180.0,1334078.0,7871028220.0,3068794.0,18136730400.0,-23223.0,74623.0,0.0,-51400.0,-139334930.0,433544930.0,0.0,-294210000.0
14/05/2025,5900.0,5900.0,0.0,0.0,5970.0,5970.0,5850.0,1686039.0,9935833420.0,82.0,450180.0,1686121.0,9936283600.0,-44585.0,-186715.0,0.0,231300.0,-262803180.0,-1101898821.0,0.0,1364702000.0
13/05/2025,5900.0,5910.0,-10.0,-0.00169205,5960.0,5970.0,5850.0,2011564.0,11843791410.0,12.0,66000.0,2011576.0,11843857410.0,114098.0,18002.0,0.0,-132100.0,675469320.0,106005680.0,0.0,-781475000.0
12/05/2025,5910.0,5950.0,-40.0,-0.00672269,6000.0,6030.0,5830.0,1400560.0,8290371840.0,19.0,105260.0,1400579.0,8290477100.0,77866.0,30534.0,0.0,-108400.0,448475429.0,196899570.0,0.0,-645375000.0
09/05/2025,5950.0,5900.0,50.0,0.00847458,5920.0,6050.0,5920.0,2474262.0,14751814850.0,2.0,10980.0,2474264.0,14751825830.0,-166660.0,60060.0,0.0,106600.0,-990706779.0,357144780.0,0.0,633562000.0
08/05/2025,5900.0,5960.0,-60.0,-0.01006711,5900.0,5980.0,5820.0,1792789.0,10585829300.0,15.0,83250.0,1792804.0,10585912550.0,51241.0,95559.0,0.0,-146800.0,300070290.0,563314710.0,0.0,-863385000.0
07/05/2025,5960.0,5850.0,110.0,0.01880342,5830.0,5990.0,5830.0,2573378.0,15220286820.0,1.0,5450.0,2573379.0,15220292270.0,-470738.0,228538.0,0.0,242200.0,-2807520740.0,1379194740.0,0.0,1428326000.0
06/05/2025,5850.0,5910.0,-60.0,-0.01015228,5910.0,5940.0,5840.0,1545386.0,9115424870.0,0.0,0.0,1545386.0,9115424870.0,128419.0,-166119.0,0.0,37700.0,759249810.0,-980633810.0,0.0,221384000.0
05/05/2025,5910.0,5800.0,110.0,0.01896552,5900.0,5970.0,5760.0,1699627.0,9955299710.0,0.0,0.0,1699627.0,9955299710.0,-512.0,365712.0,0.0,-365200.0,-8367831.0,2138058830.0,0.0,-2129691000.0
29/04/2025,5800.0,5700.0,100.0,0.01754386,5720.0,5800.0,5680.0,2489472.0,14293668890.0,35.0,185850.0,2489507.0,14293854740.0,-199400.0,1000.0,0.0,198400.0,-1150852000.0,5760000.0,0.0,1145092000.0
28/04/2025,5700.0,5650.0,50.0,0.00884956,5670.0,5740.0,5650.0,2355429.0,13398044610.0,258082.0,1458131320.0,2613511.0,14856175930.0,-967700.0,464800.0,0.0,502900.0,-5491257001.0,2624212000.0,0.0,2867045000.0
25/04/2025,5650.0,5680.0,-30.0,-0.00528169,5690.0,5730.0,5620.0,1111615.0,6312092950.0,42.0,222180.0,1111657.0,6312315130.0,-215600.0,0.0,0.0,215600.0,-1229693000.0,0.0,0.0,1229693000.0
24/04/2025,5680.0,5650.0,30.0,0.00530973,5700.0,5800.0,5610.0,1846003.0,10529507130.0,51.0,268260.0,1846054.0,10529775390.0,-446100.0,-2000.0,0.0,448100.0,-2540577000.0,-12088000.0,0.0,2552665000.0
23/04/2025,5650.0,5390.0,260.0,0.04823748,5600.0,5690.0,5500.0,1760159.0,9842196930.0,83.0,416660.0,1760242.0,9842613590.0,-259500.0,0.0,0.0,259500.0,-1449061000.0,0.0,0.0,1449061000.0
22/04/2025,5390.0,5710.0,-320.0,-0.05604203,5650.0,5700.0,5320.0,3993463.0,21666665510.0,115.0,611800.0,3993578.0,21667277310.0,-13600.0,105300.0,0.0,-91700.0,-45412000.0,561609000.0,0.0,-516197000.0
21/04/2025,5710.0,5710.0,0.0,0.0,5750.0,5750.0,5650.0,1480511.0,8434801400.0,29.0,154280.0,1480540.0,8434955680.0,-341300.0,-20000.0,0.0,361300.0,-1946055000.0,-114400000.0,0.0,2060455000.0
18/04/2025,5710.0,5690.0,20.0,0.00351494,5710.0,5810.0,5690.0,2056771.0,11819157430.0,0.0,0.0,2056771.0,11819157430.0,-122200.0,-59300.0,0.0,181500.0,-700087000.0,-342404000.0,0.0,1042491000.0
17/04/2025,5690.0,5600.0,90.0,0.01607143,5550.0,5700.0,5550.0,2089571.0,11734693720.0,0.0,0.0,2089571.0,11734693720.0,67800.0,-295000.0,5000.0,227200.0,369892000.0,-1645404000.0,27950000.0,1275512000.0
16/04/2025,5600.0,5620.0,-20.0,-0.00355872,5600.0,5740.0,5500.0,1592589.0,8919550470.0,0.0,0.0,1592589.0,8919550470.0,-133900.0,34000.0,0.0,99900.0,-740370000.0,188413000.0,0.0,551957000.0
15/04/2025,5620.0,5790.0,-170.0,-0.02936097,5700.0,5790.0,5580.0,2004837.0,11368293630.0,0.0,0.0,2004837.0,11368293630.0,-15600.0,-50000.0,0.0,65600.0,-89710000.0,-282000000.0,0.0,371710000.0
14/04/2025,5790.0,5760.0,30.0,0.00520833,5800.0,5880.0,5640.0,2596291.0,14893774580.0,0.0,0.0,2596291.0,14893774580.0,652200.0,0.0,0.0,-652200.0,3737096000.0,0.0,0.0,-3737096000.0
11/04/2025,5760.0,5420.0,340.0,0.06273063,5500.0,5760.0,5310.0,5318511.0,29149560600.0,0.0,0.0,5318511.0,29149560600.0,723400.0,-644300.0,0.0,-79100.0,3940559000.0,-3505690000.0,0.0,-434869000.0
09/04/2025,5070.0,5450.0,-380.0,-0.06972477,5070.0,5280.0,5070.0,6853623.0,34896808100.0,0.0,0.0,6853623.0,34896808100.0,-562500.0,50700.0,0.0,511800.0,-2860221000.0,252757000.0,0.0,2607464000.0
08/04/2025,5450.0,5850.0,-400.0,-0.06837607,5790.0,5790.0,5450.0,1855117.0,10211189800.0,0.0,0.0,1855117.0,10211189800.0,-174800.0,-44200.0,0.0,219000.0,-954494000.0,-246324000.0,0.0,1200818000.0
04/04/2025,5850.0,6290.0,-440.0,-0.06995231,5850.0,6340.0,5850.0,8507500.0,50264133520.0,0.0,0.0,8507500.0,50264133520.0,-732115.0,1155015.0,0.0,-422900.0,-4589469750.0,7095011750.0,0.0,-2505542000.0
03/04/2025,6290.0,6760.0,-470.0,-0.06952663,6380.0,6490.0,6290.0,4763027.0,30156714520.0,0.0,0.0,4763027.0,30156714520.0,1048400.0,-731500.0,0.0,-316900.0,6643139000.0,-4620868000.0,0.0,-2022271000.0
02/04/2025,6760.0,6780.0,-20.0,-0.00294985,6760.0,6910.0,6750.0,3681646.0,25125186550.0,0.0,0.0,3681646.0,25125186550.0,285500.0,-243600.0,0.0,-41900.0,1937896000.0,-1646674000.0,0.0,-291222000.0
01/04/2025,6780.0,6740.0,40.0,0.00593472,6750.0,6790.0,6670.0,1239916.0,8330928970.0,0.0,0.0,1239916.0,8330928970.0,76500.0,236000.0,0.0,-312500.0,501417000.0,1596160000.0,0.0,-2097577000.0
31/03/2025,6740.0,6690.0,50.0,0.00747384,6620.0,6770.0,6590.0,2518916.0,16826177050.0,0.0,0.0,2518916.0,16826177050.0,-91500.0,-57600.0,0.0,149100.0,-609186000.0,-377908000.0,0.0,987094000.0
28/03/2025,6690.0,6710.0,-20.0,-0.00298063,6710.0,6730.0,6570.0,2696911.0,17897482370.0,0.0,0.0,2696911.0,17897482370.0,750400.0,-489300.0,0.0,-261100.0,4985292000.0,-3254994000.0,0.0,-1730298000.0
27/03/2025,6710.0,6710.0,0.0,0.0,6710.0,6730.0,6600.0,1854930.0,12370945180.0,0.0,0.0,1854930.0,12370945180.0,108500.0,-110000.0,0.0,1500.0,727401000.0,-733273000.0,0.0,5872000.0
26/03/2025,6710.0,6830.0,-120.0,-0.01756955,6850.0,6880.0,6580.0,3713504.0,24896415060.0,0.0,0.0,3713504.0,24896415060.0,-209700.0,483000.0,0.0,-273300.0,-1379698000.0,3233880000.0,0.0,-1854182000.0
25/03/2025,6830.0,6900.0,-70.0,-0.01014493,6970.0,6970.0,6810.0,3300044.0,22643916770.0,1080000.0,7020000000.0,4380044.0,29663916770.0,478700.0,-184100.0,0.0,-294600.0,3275721000.0,-1254718000.0,0.0,-2021003000.0
24/03/2025,6900.0,6770.0,130.0,0.01920236,6780.0,6900.0,6700.0,3825053.0,26054529700.0,0.0,0.0,3825053.0,26054529700.0,182800.0,107100.0,0.0,-289900.0,1218531000.0,748847000.0,0.0,-1967378000.0
21/03/2025,6770.0,6650.0,120.0,0.01804511,6680.0,6910.0,6650.0,4477729.0,30507485340.0,0.0,0.0,4477729.0,30507485340.0,601000.0,-333700.0,0.0,-267300.0,4117770000.0,-2296789000.0,0.0,-1820981000.0
20/03/2025,6650.0,6520.0,130.0,0.01993865,6550.0,6670.0,6430.0,4766198.0,31313469070.0,0.0,0.0,4766198.0,31313469070.0,121540.0,-256500.0,0.0,134960.0,809644000.0,-1697592000.0,0.0,887948000.0
19/03/2025,6520.0,6490.0,30.0,0.0046225,6480.0,6600.0,6420.0,2563390.0,16657751310.0,0.0,0.0,2563390.0,16657751310.0,-147500.0,108000.0,0.0,39500.0,-946554000.0,700940000.0,0.0,245614000.0
18/03/2025,6490.0,6640.0,-150.0,-0.02259036,6700.0,6700.0,6490.0,4619070.0,30344036680.0,0.0,0.0,4619070.0,30344036680.0,-894600.0,972000.0,0.0,-77400.0,-5837098000.0,6353933000.0,0.0,-516835000.0
17/03/2025,6640.0,6450.0,190.0,0.02945736,6450.0,6690.0,6450.0,4122556.0,27013376830.0,0.0,0.0,4122556.0,27013376830.0,471400.0,-134800.0,0.0,-336600.0,3097632000.0,-869071000.0,0.0,-2228561000.0
14/03/2025,6450.0,6400.0,50.0,0.0078125,6410.0,6570.0,6390.0,4812518.0,31007995230.0,0.0,0.0,4812518.0,31007995230.0,252200.0,223000.0,0.0,-475200.0,1623601000.0,1438310000.0,0.0,-3061911000.0
13/03/2025,6400.0,6700.0,-300.0,-0.04477612,6700.0,6700.0,6400.0,3573817.0,23443262640.0,0.0,0.0,3573817.0,23443262640.0,904500.0,-172000.0,0.0,-732500.0,5967887000.0,-1139348000.0,0.0,-4828539000.0
12/03/2025,6700.0,6350.0,350.0,0.05511811,6380.0,6760.0,6380.0,10727410.0,70544899660.0,2535000.0,15970500000.0,13262410.0,86515399660.0,568516.0,-1027700.0,0.0,459184.0,3775974160.0,-6749084000.0,0.0,2973109840.0
11/03/2025,6350.0,6330.0,20.0,0.00315956,6250.0,6350.0,6200.0,5061584.0,31727444000.0,1720000.0,10836000000.0,6781584.0,42563444000.0,-626100.0,40200.0,0.0,585900.0,-3942845000.0,262574000.0,0.0,3680271000.0
10/03/2025,6330.0,6400.0,-70.0,-0.0109375,6400.0,6440.0,6250.0,3404157.0,21567382480.0,8969349.0,57403833600.0,12373506.0,78971216080.0,-110700.0,124100.0,0.0,-13400.0,-701088000.0,781119000.0,0.0,-80031000.0
07/03/2025,6400.0,6370.0,30.0,0.00470958,6370.0,6530.0,6350.0,3953858.0,25392032620.0,0.0,0.0,3953858.0,25392032620.0,31138.0,185200.0,-138.0,-216338.0,201021520.0,1189637000.0,-883000.0,-1390658520.0
06/03/2025,6370.0,6380.0,-10.0,-0.0015674,6330.0,6380.0,6260.0,2479517.0,15632308470.0,653728.0,4170784640.0,3133245.0,19803093110.0,-172700.0,247800.0,0.0,-75100.0,-1086256000.0,1565216000.0,0.0,-478960000.0
05/03/2025,6380.0,6450.0,-70.0,-0.01085271,6450.0,6470.0,6250.0,2325140.0,14751181020.0,0.0,0.0,2325140.0,14751181020.0,427200.0,-491700.0,0.0,64500.0,2695624000.0,-3115944000.0,0.0,420320000.0
04/03/2025,6450.0,6410.0,40.0,0.00624025,6370.0,6450.0,6100.0,4491898.0,28428945940.0,208146.0,1332134400.0,4700044.0,29761080340.0,-62200.0,-511300.0,0.0,573500.0,-370836000.0,-3269308000.0,0.0,3640144000.0
03/03/2025,6410.0,6460.0,-50.0,-0.00773994,6490.0,6490.0,6360.0,1979373.0,12674326880.0,0.0,0.0,1979373.0,12674326880.0,302200.0,30700.0,0.0,-332900.0,1933320000.0,196480000.0,0.0,-2129800000.0
28/02/2025,6460.0,6370.0,90.0,0.01412873,6400.0,6460.0,6370.0,2534186.0,16258450370.0,0.0,0.0,2534186.0,16258450370.0,-584000.0,254200.0,0.0,329800.0,-3751402000.0,1634112000.0,0.0,2117290000.0
27/02/2025,6370.0,6350.0,20.0,0.00314961,6400.0,6440.0,6320.0,2243498.0,14304599530.0,0.0,0.0,2243498.0,14304599530.0,-180200.0,5000.0,0.0,175200.0,-1149978000.0,31800000.0,0.0,1118178000.0
26/02/2025,6350.0,6390.0,-40.0,-0.00625978,6420.0,6440.0,6330.0,3183609.0,20269276410.0,0.0,0.0,3183609.0,20269276410.0,-569596.0,916400.0,0.0,-346804.0,-3620509440.0,5829611000.0,0.0,-2209101560.0
25/02/2025,6390.0,6230.0,160.0,0.02568218,6300.0,6500.0,6250.0,3932887.0,25058576640.0,637600.0,3972248000.0,4570487.0,29030824640.0,-1133500.0,879800.0,0.0,253700.0,-7210135000.0,5597808000.0,0.0,1612327000.0
24/02/2025,6230.0,6250.0,-20.0,-0.0032,6200.0,6230.0,6090.0,2899497.0,17844813910.0,0.0,0.0,2899497.0,17844813910.0,-372880.0,257000.0,0.0,115880.0,-2283581800.0,1573443000.0,0.0,710138800.0
21/02/2025,6250.0,6250.0,0.0,0.0,6250.0,6340.0,6150.0,3413531.0,21380219300.0,2500000.0,15250000000.0,5913531.0,36630219300.0,-842200.0,630000.0,0.0,212200.0,-5272103000.0,3938589000.0,0.0,1333514000.0
20/02/2025,6250.0,6180.0,70.0,0.01132686,6240.0,6320.0,6150.0,3932669.0,24460507540.0,0.0,0.0,3932669.0,24460507540.0,-323138.0,254938.0,-62.0,68200.0,-2004425140.0,1582288140.0,-384000.0,422137000.0
19/02/2025,6180.0,5950.0,230.0,0.03865546,5960.0,6250.0,5960.0,5485427.0,33835812220.0,2800000.0,16520000000.0,8285427.0,50355812220.0,-1531400.0,866600.0,-100.0,664800.0,-9452698000.0,5363287000.0,-618000.0,4089411000.0
18/02/2025,5950.0,5900.0,50.0,0.00847458,5960.0,6050.0,5860.0,2509865.0,14950425010.0,10750400.0,63427360000.0,13260265.0,78377785010.0,-1109200.0,1030000.0,0.0,79200.0,-6608701000.0,6139548000.0,0.0,469153000.0
17/02/2025,5900.0,5700.0,200.0,0.03508772,5680.0,6000.0,5680.0,4673238.0,27454597800.0,3000000.0,17100000000.0,7673238.0,44554597800.0,-714800.0,452000.0,0.0,262800.0,-4113989000.0,2566310000.0,0.0,1547679000.0
14/02/2025,5700.0,5550.0,150.0,0.02702703,5570.0,5700.0,5570.0,2093500.0,11817033000.0,0.0,0.0,2093500.0,11817033000.0,-675500.0,361200.0,0.0,314300.0,-3809951000.0,2037496000.0,0.0,1772455000.0
13/02/2025,5550.0,5530.0,20.0,0.00361664,5560.0,5620.0,5510.0,1922349.0,10721651860.0,0.0,0.0,1922349.0,10721651860.0,-104800.0,0.0,0.0,104800.0,-582704000.0,0.0,0.0,582704000.0
12/02/2025,5530.0,5500.0,30.0,0.00545455,5510.0,5590.0,5480.0,1140467.0,6295140090.0,0.0,0.0,1140467.0,6295140090.0,-147300.0,134700.0,0.0,12600.0,-812795000.0,743150000.0,0.0,69645000.0
11/02/2025,5500.0,5450.0,50.0,0.00917431,5450.0,5540.0,5430.0,1179638.0,6462970720.0,0.0,0.0,1179638.0,6462970720.0,-84700.0,80000.0,0.0,4700.0,-465010000.0,439348000.0,0.0,25662000.0
10/02/2025,5450.0,5540.0,-90.0,-0.0162,5520.0,5520.0,5410.0,1107257.0,6057381280.0,0.0,0.0,1107257.0,6057381280.0,56700.0,0.0,0.0,-56700.0,311141000.0,0.0,0.0,-311141000.0
07/02/2025,5540.0,5490.0,50.0,0.00910747,5440.0,5600.0,5440.0,1907403.0,10582191530.0,0.0,0.0,1907403.0,10582191530.0,-76200.0,28000.0,0.0,48200.0,-423666000.0,154840000.0,0.0,268826000.0
05/02/2025,5490.0,5450.0,40.0,0.00733945,5480.0,5580.0,5450.0,2976669.0,16365441300.0,0.0,0.0,2976669.0,16365441300.0,-12500.0,20000.0,0.0,-7500.0,-69056000.0,111000000.0,0.0,-41944000.0
04/02/2025,5450.0,5380.0,70.0,0.01301115,5380.0,5460.0,5350.0,1422062.0,7678779460.0,2912048.0,15725059200.0,4334110.0,23403838660.0,-143500.0,-7500.0,0.0,151000.0,-772870000.0,-40500000.0,0.0,813370000.0
03/02/2025,5380.0,5320.0,60.0,0.0112782,5290.0,5410.0,5290.0,607219.0,3252250080.0,0.0,0.0,607219.0,3252250080.0,92500.0,-92500.0,0.0,0.0,496997000.0,-496997000.0,0.0,0.0
24/01/2025,5320.0,5350.0,-30.0,-0.00560748,5360.0,5400.0,5310.0,738372.0,3948180600.0,0.0,0.0,738372.0,3948180600.0,-24000.0,0.0,0.0,24000.0,-127784000.0,0.0,0.0,127784000.0
23/01/2025,5350.0,5290.0,60.0,0.01134216,5290.0,5360.0,5250.0,795918.0,4224477110.0,0.0,0.0,795918.0,4224477110.0,-35400.0,-10700.0,0.0,46100.0,-185469000.0,-56924000.0,0.0,242393000.0
22/01/2025,5290.0,5390.0,-100.0,-0.01855288,5400.0,5480.0,5290.0,1126058.0,6010236590.0,0.0,0.0,1126058.0,6010236590.0,-94384.0,100000.0,0.0,-5616.0,-498673280.0,529000000.0,0.0,-30326720.0
21/01/2025,5390.0,5430.0,-40.0,-0.00736648,5480.0,5490.0,5390.0,860617.0,4668416610.0,0.0,0.0,860617.0,4668416610.0,102700.0,-98400.0,0.0,-4300.0,557754000.0,-534179000.0,0.0,-23575000.0
20/01/2025,5430.0,5350.0,80.0,0.01495327,5460.0,5660.0,5430.0,2303452.0,12688223950.0,0.0,0.0,2303452.0,12688223950.0,172600.0,-51000.0,0.0,-121600.0,953447000.0,-280983000.0,0.0,-672464000.0
17/01/2025,5350.0,5290.0,60.0,0.01134216,5290.0,5350.0,5240.0,785193.0,4175080320.0,0.0,0.0,785193.0,4175080320.0,24800.0,-20000.0,0.0,-4800.0,132543000.0,-106800000.0,0.0,-25743000.0
16/01/2025,5290.0,5170.0,120.0,0.02321083,5250.0,5310.0,5210.0,1325747.0,6973584630.0,2912048.0,15142649600.0,4237795.0,22116234230.0,-11300.0,95200.0,0.0,-83900.0,-61355000.0,503608000.0,0.0,-442253000.0
15/01/2025,5170.0,5120.0,50.0,0.00976563,5120.0,5200.0,5110.0,721544.0,3724569010.0,0.0,0.0,721544.0,3724569010.0,-16000.0,4900.0,0.0,11100.0,-82517000.0,25333000.0,0.0,57184000.0
14/01/2025,5120.0,5200.0,-80.0,-0.01538462,5190.0,5260.0,5120.0,715983.0,3696554740.0,2912048.0,15142649600.0,3628031.0,18839204340.0,-11800.0,64900.0,0.0,-53100.0,-60716000.0,336478000.0,0.0,-275762000.0
13/01/2025,5200.0,5150.0,50.0,0.00970874,5100.0,5220.0,5100.0,1191008.0,6127345870.0,0.0,0.0,1191008.0,6127345870.0,-135000.0,5100.0,0.0,129900.0,-693984000.0,26520000.0,0.0,667464000.0
10/01/2025,5150.0,5270.0,-120.0,-0.0227704,5270.0,5330.0,5150.0,1206346.0,6302459130.0,0.0,0.0,1206346.0,6302459130.0,56800.0,-12300.0,0.0,-44500.0,298701000.0,-65127000.0,0.0,-233574000.0
09/01/2025,5270.0,5310.0,-40.0,-0.00753296,5320.0,5340.0,5250.0,755088.0,3991766000.0,1600000.0,8464000000.0,2355088.0,12455766000.0,33300.0,10000.0,0.0,-43300.0,176585000.0,53000000.0,0.0,-229585000.0
08/01/2025,5310.0,5200.0,110.0,0.02115385,5240.0,5320.0,5230.0,1172763.0,6196462700.0,0.0,0.0,1172763.0,6196462700.0,-71300.0,-200.0,0.0,71500.0,-378271000.0,-1062000.0,0.0,379333000.0
07/01/2025,5200.0,5260.0,-60.0,-0.01140684,5270.0,5330.0,5200.0,1780947.0,9382504000.0,0.0,0.0,1780947.0,9382504000.0,137200.0,-5200.0,0.0,-132000.0,725674000.0,-27566000.0,0.0,-698108000.0
06/01/2025,5260.0,5510.0,-250.0,-0.04537205,5510.0,5550.0,5260.0,2411224.0,13034588020.0,0.0,0.0,2411224.0,13034588020.0,48200.0,200.0,0.0,-48400.0,287847000.0,1052000.0,0.0,-288899000.0
03/01/2025,5510.0,5680.0,-170.0,-0.02992958,5740.0,5740.0,5500.0,2538835.0,14169560310.0,0.0,0.0,2538835.0,14169560310.0,135000.0,10000.0,0.0,-145000.0,761218000.0,55500000.0,0.0,-816718000.0
02/01/2025,5680.0,5720.0,-40.0,-0.00699301,5740.0,5770.0,5680.0,949273.0,5419386560.0,0.0,0.0,949273.0,5419386560.0,51500.0,4800.0,0.0,-56300.0,295467000.0,27286000.0,0.0,-322753000.0
31/12/2024,5720.0,5710.0,10.0,0.00175131,5720.0,5780.0,5640.0,2333809.0,13289197870.0,0.0,0.0,2333809.0,13289197870.0,-225000.0,637500.0,0.0,-412500.0,-1295332000.0,3642436000.0,0.0,-2347104000.0
30/12/2024,5710.0,5900.0,-190.0,-0.03220339,5870.0,5910.0,5690.0,2464580.0,14188181830.0,0.0,0.0,2464580.0,14188181830.0,141000.0,0.0,0.0,-141000.0,816025000.0,0.0,0.0,-816025000.0
27/12/2024,5900.0,5970.0,-70.0,-0.01172529,5970.0,6030.0,5870.0,1375360.0,8137242360.0,0.0,0.0,1375360.0,8137242360.0,14700.0,-56100.0,0.0,41400.0,88355000.0,-331878000.0,0.0,243523000.0
26/12/2024,5970.0,5650.0,320.0,0.05663717,5610.0,6040.0,5610.0,7848679.0,46829366690.0,0.0,0.0,7848679.0,46829366690.0,-450600.0,-73100.0,0.0,523700.0,-2641080000.0,-437193000.0,0.0,3078273000.0
25/12/2024,5650.0,5580.0,70.0,0.0125448,5600.0,5710.0,5570.0,2504752.0,14191032980.0,0.0,0.0,2504752.0,14191032980.0,-416846.0,-17354.0,0.0,434200.0,-2373215600.0,-96796400.0,0.0,2470012000.0
24/12/2024,5580.0,5730.0,-150.0,-0.02617801,5720.0,5720.0,5500.0,2970061.0,16634023080.0,0.0,0.0,2970061.0,16634023080.0,125746.0,-45546.0,0.0,-80200.0,715496330.0,-258855330.0,0.0,-456641000.0
23/12/2024,5730.0,5700.0,30.0,0.00526316,5700.0,5820.0,5700.0,1155595.0,6637935540.0,0.0,0.0,1155595.0,6637935540.0,-25516.0,46816.0,0.0,-21300.0,-148057040.0,271448040.0,0.0,-123391000.0
20/12/2024,5700.0,5670.0,30.0,0.00529101,5710.0,5880.0,5680.0,1935091.0,11165826230.0,0.0,0.0,1935091.0,11165826230.0,-13179.0,-2000.0,0.0,15179.0,-70368040.0,-11500000.0,0.0,81868040.0
19/12/2024,5670.0,5760.0,-90.0,-0.015625,5660.0,5770.0,5620.0,2256438.0,12806664810.0,0.0,0.0,2256438.0,12806664810.0,44800.0,-121500.0,0.0,76700.0,250160000.0,-686435000.0,0.0,436275000.0
18/12/2024,5760.0,5720.0,40.0,0.00699301,5720.0,5770.0,5660.0,1289467.0,7370126880.0,0.0,0.0,1289467.0,7370126880.0,42203.0,18000.0,0.0,-60203.0,242029160.0,103730000.0,0.0,-345759160.0
17/12/2024,5720.0,5650.0,70.0,0.01238938,5680.0,5830.0,5630.0,1907421.0,10946814570.0,3132000.0,17695800000.0,5039421.0,28642614570.0,-62364.0,58100.0,-36.0,4264.0,-349097310.0,333915000.0,-202000.0,15182310.0
16/12/2024,5650.0,5690.0,-40.0,-0.00702988,5700.0,5740.0,5530.0,1567538.0,8816455120.0,0.0,0.0,1567538.0,8816455120.0,206500.0,-46700.0,0.0,-159800.0,1164446001.0,-259249000.0,0.0,-905197000.0
13/12/2024,5690.0,5700.0,-10.0,-0.00175439,5700.0,5850.0,5600.0,2518933.0,14413963650.0,0.0,0.0,2518933.0,14413963650.0,174300.0,-20900.0,0.0,-153400.0,1007113000.0,-120164000.0,0.0,-886949000.0
12/12/2024,5700.0,5870.0,-170.0,-0.02896082,5870.0,5870.0,5690.0,1761612.0,10151985970.0,0.0,0.0,1761612.0,10151985970.0,200400.0,2200.0,-200.0,-202600.0,1169318000.0,12716000.0,-1168000.0,-1182034000.0
11/12/2024,5870.0,5650.0,220.0,0.03893805,5660.0,6010.0,5650.0,5591305.0,32593961760.0,0.0,0.0,5591305.0,32593961760.0,151400.0,55700.0,0.0,-207100.0,912816000.0,324335000.0,0.0,-1237151000.0
10/12/2024,5650.0,5730.0,-80.0,-0.01396161,5730.0,5770.0,5650.0,1853514.0,10572459950.0,0.0,0.0,1853514.0,10572459950.0,260900.0,0.0,0.0,-260900.0,1493014000.0,0.0,0.0,-1493014000.0
09/12/2024,5730.0,5400.0,330.0,0.06111111,5370.0,5770.0,5370.0,8116320.0,46038722410.0,81060.0,409353000.0,8197380.0,46448075410.0,-148400.0,244500.0,0.0,-96100.0,-786660000.0,1367936000.0,0.0,-581276000.0
06/12/2024,5400.0,5460.0,-60.0,-0.01098901,5460.0,5490.0,5310.0,1231718.0,6660568330.0,0.0,0.0,1231718.0,6660568330.0,-41900.0,-58000.0,0.0,99900.0,-228719000.0,-314730000.0,0.0,543449000.0
05/12/2024,5460.0,5280.0,180.0,0.03409091,5220.0,5460.0,5200.0,1690677.0,9044324830.0,0.0,0.0,1690677.0,9044324830.0,-49000.0,1600.0,0.0,47400.0,-278178000.0,8616000.0,0.0,269562000.0
04/12/2024,5280.0,5320.0,-40.0,-0.0075188,5280.0,5330.0,5200.0,1302776.0,6885037670.0,0.0,0.0,1302776.0,6885037670.0,-40600.0,-35500.0,0.0,76100.0,-215952000.0,-187440000.0,0.0,403392000.0
03/12/2024,5320.0,5380.0,-60.0,-0.01115242,5380.0,5390.0,5320.0,1048143.0,5594684730.0,0.0,0.0,1048143.0,5594684730.0,90700.0,9000.0,0.0,-99700.0,485624000.0,47982000.0,0.0,-533606000.0
02/12/2024,5380.0,5380.0,0.0,0.0,5400.0,5410.0,5330.0,832027.0,4467162340.0,458700.0,2467806000.0,1290727.0,6934968340.0,-32800.0,13700.0,0.0,19100.0,-175961000.0,73787000.0,0.0,102174000.0
29/11/2024,5380.0,5380.0,0.0,0.0,5370.0,5400.0,5310.0,838821.0,4491601720.0,0.0,0.0,838821.0,4491601720.0,-27900.0,40800.0,0.0,-12900.0,-147943000.0,218530000.0,0.0,-70587000.0
28/11/2024,5380.0,5430.0,-50.0,-0.0092081,5420.0,5480.0,5380.0,1033125.0,5597134280.0,0.0,0.0,1033125.0,5597134280.0,-120600.0,-5000.0,0.0,125600.0,-654757000.0,-27100000.0,0.0,681857000.0
27/11/2024,5430.0,5450.0,-20.0,-0.00366972,5450.0,5490.0,5400.0,943646.0,5127852920.0,0.0,0.0,943646.0,5127852920.0,-64500.0,0.0,0.0,64500.0,-350371000.0,0.0,0.0,350371000.0
26/11/2024,5450.0,5280.0,170.0,0.03219697,5280.0,5450.0,5280.0,2923196.0,15734798970.0,671940.0,3547843200.0,3595136.0,19282642170.0,-547100.0,51000.0,0.0,496100.0,-2937311000.0,272800000.0,0.0,2664511000.0
25/11/2024,5280.0,5250.0,30.0,0.00571429,5230.0,5290.0,5200.0,730197.0,3832195180.0,0.0,0.0,730197.0,3832195180.0,-99400.0,0.0,0.0,99400.0,-521150000.0,0.0,0.0,521150000.0
22/11/2024,5250.0,5300.0,-50.0,-0.00943396,5300.0,5300.0,5180.0,888405.0,4656636610.0,1000000.0,5300000000.0,1888405.0,9956636610.0,-57400.0,2200.0,0.0,55200.0,-299933000.0,11506000.0,0.0,288427000.0
21/11/2024,5300.0,5280.0,20.0,0.00378788,5200.0,5300.0,5200.0,478324.0,2508699500.0,0.0,0.0,478324.0,2508699500.0,-46100.0,0.0,0.0,46100.0,-240515000.0,0.0,0.0,240515000.0
20/11/2024,5280.0,5150.0,130.0,0.02524272,5100.0,5290.0,5100.0,1326854.0,6933141400.0,1100000.0,5665000000.0,2426854.0,12598141400.0,-161900.0,-4900.0,0.0,166800.0,-845714000.0,-25235000.0,0.0,870949000.0
19/11/2024,5150.0,5200.0,-50.0,-0.00961538,5200.0,5200.0,5140.0,680869.0,3513028740.0,7580356.0,39038833400.0,8261225.0,42551862140.0,10100.0,600.0,0.0,-10700.0,52435000.0,2973000.0,0.0,-55408000.0
18/11/2024,5200.0,5180.0,20.0,0.003861,5160.0,5200.0,5100.0,738705.0,3800626360.0,3813000.0,19751340000.0,4551705.0,23551966360.0,-10800.0,0.0,0.0,10800.0,-55263000.0,-98000.0,0.0,55361000.0
15/11/2024,5180.0,5120.0,60.0,0.01171875,5100.0,5180.0,5020.0,1097995.0,5617099770.0,0.0,0.0,1097995.0,5617099770.0,5800.0,-10000.0,0.0,4200.0,29458000.0,-50500000.0,0.0,21042000.0
14/11/2024,5120.0,5240.0,-120.0,-0.02290076,5260.0,5260.0,5120.0,1076730.0,5595371910.0,611483.0,3204170920.0,1688213.0,8799542830.0,100610.0,0.0,0.0,-100610.0,524829400.0,-4000.0,0.0,-524825400.0
13/11/2024,5240.0,5250.0,-10.0,-0.00190476,5240.0,5250.0,5200.0,775001.0,4049117290.0,0.0,0.0,775001.0,4049117290.0,164849.0,-12000.0,0.0,-152849.0,861210270.0,-62520000.0,0.0,-798690270.0
12/11/2024,5250.0,5270.0,-20.0,-0.00379507,5270.0,5290.0,5230.0,843641.0,4430974280.0,2700000.0,14229000000.0,3543641.0,18659974280.0,296400.0,-169600.0,0.0,-126800.0,1555078000.0,-888445000.0,0.0,-666633000.0
11/11/2024,5270.0,5340.0,-70.0,-0.01310861,5300.0,5330.0,5240.0,951793.0,5012653220.0,0.0,0.0,951793.0,5012653220.0,106900.0,100.0,0.0,-107000.0,563772000.0,528000.0,0.0,-564300000.0
08/11/2024,5340.0,5390.0,-50.0,-0.00927644,5420.0,5420.0,5300.0,682034.0,3636516370.0,1900000.0,10241000000.0,2582034.0,13877516370.0,66100.0,6000.0,0.0,-72100.0,353513000.0,32289000.0,0.0,-385802000.0
07/11/2024,5390.0,5280.0,110.0,0.02083333,5320.0,5450.0,5320.0,2302422.0,12408857190.0,0.0,0.0,2302422.0,12408857190.0,-400600.0,185600.0,0.0,215000.0,-2162270000.0,999800000.0,0.0,1162470000.0
06/11/2024,5280.0,5230.0,50.0,0.00956023,5240.0,5330.0,5240.0,844485.0,4458056860.0,3500000.0,18305000000.0,4344485.0,22763056860.0,8300.0,0.0,0.0,-8300.0,41619000.0,0.0,0.0,-41619000.0
05/11/2024,5230.0,5270.0,-40.0,-0.00759013,5290.0,5290.0,5230.0,604857.0,3176232100.0,0.0,0.0,604857.0,3176232100.0,38700.0,0.0,0.0,-38700.0,203978000.0,0.0,0.0,-203978000.0
04/11/2024,5270.0,5340.0,-70.0,-0.01310861,5350.0,5350.0,5220.0,939439.0,4936568810.0,3500000.0,18690000000.0,4439439.0,23626568810.0,86000.0,3000.0,0.0,-89000.0,453963000.0,15750000.0,0.0,-469713000.0
01/11/2024,5340.0,5330.0,10.0,0.00187617,5310.0,5360.0,5260.0,1061415.0,5637461080.0,0.0,0.0,1061415.0,5637461080.0,-48500.0,-1300.0,0.0,49800.0,-258861000.0,-6913000.0,0.0,265774000.0
31/10/2024,5330.0,5340.0,-10.0,-0.00187266,5390.0,5390.0,5290.0,1062324.0,5654342670.0,0.0,0.0,1062324.0,5654342670.0,-6400.0,0.0,0.0,6400.0,-33680000.0,0.0,0.0,33680000.0
30/10/2024,5340.0,5360.0,-20.0,-0.00373134,5380.0,5380.0,5330.0,695209.0,3720396690.0,1100000.0,5896000000.0,1795209.0,9616396690.0,-56000.0,-6000.0,0.0,62000.0,-299938000.0,-32160000.0,0.0,332098000.0
29/10/2024,5360.0,5380.0,-20.0,-0.00371747,5390.0,5450.0,5360.0,1811279.0,9783745840.0,2400000.0,12912000000.0,4211279.0,22695745840.0,-243712.0,-13888.0,-88.0,257600.0,-1315866460.0,-75390540.0,-466000.0,1391257000.0
28/10/2024,5380.0,5330.0,50.0,0.00938086,5330.0,5380.0,5330.0,763380.0,4093159990.0,0.0,0.0,763380.0,4093159990.0,-3600.0,0.0,0.0,3600.0,-18793000.0,0.0,0.0,18793000.0
25/10/2024,5330.0,5230.0,100.0,0.01912046,5280.0,5390.0,5220.0,2270154.0,12107092050.0,0.0,0.0,2270154.0,12107092050.0,-135400.0,13900.0,0.0,121500.0,-722955000.0,73501000.0,0.0,649454000.0
24/10/2024,5230.0,5320.0,-90.0,-0.01691729,5320.0,5320.0,5230.0,593528.0,3127938510.0,0.0,0.0,593528.0,3127938510.0,6800.0,6000.0,0.0,-12800.0,36149000.0,31560000.0,0.0,-67709000.0
23/10/2024,5320.0,5280.0,40.0,0.00757576,5230.0,5360.0,5180.0,1875739.0,9885485550.0,4700000.0,24816000000.0,6575739.0,34701485550.0,-151700.0,0.0,0.0,151700.0,-800437000.0,0.0,0.0,800437000.0
22/10/2024,5280.0,5330.0,-50.0,-0.00938086,5340.0,5390.0,5220.0,611778.0,3248368840.0,0.0,0.0,611778.0,3248368840.0,61700.0,0.0,0.0,-61700.0,329106000.0,0.0,0.0,-329106000.0
21/10/2024,5330.0,5380.0,-50.0,-0.0093,5410.0,5410.0,5320.0,539437.0,2896127850.0,4500000.0,24264000000.0,5039437.0,27160127850.0,-3910.0,0.0,0.0,3910.0,-21003000.0,0.0,0.0,21003000.0
18/10/2024,5380.0,5530.0,-150.0,-0.02712477,5580.0,5580.0,5380.0,2453093.0,13366026600.0,0.0,0.0,2453093.0,13366026600.0,-44500.0,0.0,0.0,44500.0,-239970000.0,0.0,0.0,239970000.0
17/10/2024,5530.0,5280.0,250.0,0.04734848,5270.0,5530.0,5190.0,2287115.0,12128943440.0,0.0,0.0,2287115.0,12128943440.0,633600.0,-704300.0,0.0,70700.0,3295472001.0,-3669103000.0,0.0,373631000.0
16/10/2024,5280.0,5260.0,20.0,0.00380228,5250.0,5290.0,5200.0,597052.0,3135927980.0,2740000.0,14796000000.0,3337052.0,17931927980.0,2200.0,500.0,0.0,-2700.0,11766000.0,2620000.0,0.0,-14386000.0
15/10/2024,5260.0,5260.0,0.0,0.0,5260.0,5280.0,5200.0,1139291.0,5963720240.0,0.0,0.0,1139291.0,5963720240.0,47182.0,-82.0,-82.0,-47100.0,246874210.0,-422210.0,-422000.0,-246452000.0
14/10/2024,5260.0,5270.0,-10.0,-0.00189753,5300.0,5320.0,5250.0,550043.0,2901341940.0,0.0,0.0,550043.0,2901341940.0,-44700.0,0.0,0.0,44700.0,-235579000.0,0.0,0.0,235579000.0
11/10/2024,5270.0,5290.0,-20.0,-0.00378072,5290.0,5320.0,5260.0,709377.0,3751471070.0,2400000.0,13080000000.0,3109377.0,16831471070.0,0.0,0.0,0.0,0.0,-28000.0,0.0,0.0,28000.0
10/10/2024,5290.0,5290.0,0.0,0.0,5310.0,5350.0,5250.0,717145.0,3813518660.0,0.0,0.0,717145.0,3813518660.0,-15800.0,0.0,0.0,15800.0,-83050000.0,0.0,0.0,83050000.0
08/10/2024,5290.0,5330.0,-40.0,-0.00750469,5330.0,5370.0,5290.0,748183.0,3978369980.0,0.0,0.0,748183.0,3978369980.0,25000.0,-23600.0,0.0,-1400.0,133560000.0,-125788000.0,0.0,-7772000.0
07/10/2024,5330.0,5420.0,-90.0,-0.01660517,5390.0,5410.0,5330.0,758402.0,4060241170.0,0.0,0.0,758402.0,4060241170.0,86400.0,-30000.0,0.0,-56400.0,465530000.0,-161715000.0,0.0,-303815000.0
04/10/2024,5420.0,5410.0,10.0,0.00184843,5460.0,5460.0,5320.0,1078046.0,5797015100.0,0.0,0.0,1078046.0,5797015100.0,175800.0,-300.0,0.0,-175500.0,945270000.0,-1605000.0,0.0,-943665000.0
03/10/2024,5410.0,5490.0,-80.0,-0.01457195,5530.0,5540.0,5380.0,916328.0,4983340150.0,0.0,0.0,916328.0,4983340150.0,137300.0,-15400.0,0.0,-121900.0,749076000.0,-84664000.0,0.0,-664412000.0
02/10/2024,5490.0,5570.0,-80.0,-0.01436266,5570.0,5570.0,5460.0,1284635.0,7063307370.0,0.0,0.0,1284635.0,7063307370.0,-8100.0,0.0,0.0,8100.0,-45060000.0,0.0,0.0,45060000.0
01/10/2024,5570.0,5480.0,90.0,0.01642336,5500.0,5570.0,5480.0,1188647.0,6572752960.0,0.0,0.0,1188647.0,6572752960.0,-161800.0,0.0,0.0,161800.0,-895643000.0,0.0,0.0,895643000.0
30/09/2024,5480.0,5550.0,-70.0,-0.01261261,5590.0,5590.0,5470.0,1655561.0,9113194920.0,0.0,0.0,1655561.0,9113194920.0,-34800.0,100000.0,0.0,-65200.0,-194469000.0,555000000.0,0.0,-360531000.0
27/09/2024,5550.0,5520.0,30.0,0.00543478,5640.0,5640.0,5510.0,1203253.0,6708891340.0,0.0,0.0,1203253.0,6708891340.0,-98500.0,50100.0,0.0,48400.0,-552323000.0,282555000.0,0.0,269768000.0
26/09/2024,5520.0,5580.0,-60.0,-0.01075269,5580.0,5640.0,5520.0,1673594.0,9314324680.0,0.0,0.0,1673594.0,9314324680.0,-125800.0,26000.0,0.0,99800.0,-702068000.0,145600000.0,0.0,556468000.0
25/09/2024,5580.0,5500.0,80.0,0.01454545,5520.0,5590.0,5520.0,1340570.0,7454051440.0,0.0,0.0,1340570.0,7454051440.0,-98500.0,-14800.0,0.0,113300.0,-548043000.0,-82138000.0,0.0,630181000.0
24/09/2024,5500.0,5470.0,30.0,0.00548446,5450.0,5500.0,5390.0,713736.0,3887106130.0,0.0,0.0,713736.0,3887106130.0,45300.0,23100.0,0.0,-68400.0,244447000.0,127394000.0,0.0,-371841000.0
23/09/2024,5470.0,5500.0,-30.0,-0.00545455,5500.0,5520.0,5440.0,855755.0,4681580050.0,0.0,0.0,855755.0,4681580050.0,4300.0,0.0,0.0,-4300.0,23606000.0,0.0,0.0,-23606000.0
20/09/2024,5500.0,5500.0,0.0,0.0,5540.0,5550.0,5460.0,1095613.0,6013460590.0,0.0,0.0,1095613.0,6013460590.0,20820.0,-4320.0,0.0,-16500.0,114948000.0,-23758000.0,0.0,-91190000.0
19/09/2024,5500.0,5390.0,110.0,0.02040816,5400.0,5500.0,5390.0,745669.0,4055003240.0,0.0,0.0,745669.0,4055003240.0,-68200.0,-10800.0,0.0,79000.0,-369536000.0,-58456000.0,0.0,427992000.0
18/09/2024,5390.0,5450.0,-60.0,-0.01100917,5430.0,5460.0,5380.0,1043232.0,5643905480.0,0.0,0.0,1043232.0,5643905480.0,-46800.0,90000.0,0.0,-43200.0,-250844000.0,486000000.0,0.0,-235156000.0
17/09/2024,5450.0,5280.0,170.0,0.03219697,5280.0,5450.0,5170.0,1935619.0,10146957880.0,0.0,0.0,1935619.0,10146957880.0,-330800.0,183400.0,0.0,147400.0,-1765647000.0,990338000.0,0.0,775309000.0
16/09/2024,5280.0,5390.0,-110.0,-0.02040816,5400.0,5400.0,5200.0,887131.0,4728457420.0,0.0,0.0,887131.0,4728457420.0,10900.0,-300.0,0.0,-10600.0,58443000.0,-1629000.0,0.0,-56814000.0
13/09/2024,5390.0,5410.0,-20.0,-0.00369686,5440.0,5440.0,5340.0,750943.0,4039497410.0,0.0,0.0,750943.0,4039497410.0,-75200.0,2100.0,0.0,73100.0,-401995000.0,11291000.0,0.0,390704000.0
12/09/2024,5410.0,5410.0,0.0,0.0,5440.0,5450.0,5390.0,738926.0,4004318570.0,0.0,0.0,738926.0,4004318570.0,8800.0,0.0,0.0,-8800.0,47824000.0,0.0,0.0,-47824000.0
11/09/2024,5410.0,5560.0,-150.0,-0.02697842,5580.0,5590.0,5180.0,957655.0,5191748970.0,0.0,0.0,957655.0,5191748970.0,100.0,-6200.0,0.0,6100.0,4871000.0,-32698000.0,0.0,27827000.0
10/09/2024,5560.0,5690.0,-130.0,-0.0228471,5690.0,5720.0,5530.0,1523940.0,8528333970.0,0.0,0.0,1523940.0,8528333970.0,156500.0,100000.0,0.0,-256500.0,886125000.0,556000000.0,0.0,-1442125000.0
09/09/2024,5690.0,5750.0,-60.0,-0.01043478,5720.0,5750.0,5660.0,956018.0,5443977100.0,0.0,0.0,956018.0,5443977100.0,-63500.0,40000.0,0.0,23500.0,-361636000.0,227717000.0,0.0,133919000.0
06/09/2024,5750.0,5800.0,-50.0,-0.00862069,5770.0,5770.0,5710.0,1225125.0,7026297550.0,0.0,0.0,1225125.0,7026297550.0,-22300.0,300.0,0.0,22000.0,-127880000.0,1725000.0,0.0,126155000.0
05/09/2024,5800.0,5800.0,0.0,0.0,5830.0,5840.0,5750.0,1930401.0,11209905420.0,0.0,0.0,1930401.0,11209905420.0,-353900.0,76200.0,0.0,277700.0,-2057122000.0,442202000.0,0.0,1614920000.0
04/09/2024,5800.0,5850.0,-50.0,-0.00854701,5720.0,5850.0,5720.0,597819.0,3453798800.0,3000000.0,17400000000.0,3597819.0,20853798800.0,6500.0,0.0,0.0,-6500.0,37822000.0,0.0,0.0,-37822000.0
30/08/2024,5850.0,5860.0,-10.0,-0.00170648,5860.0,5860.0,5770.0,1742008.0,10141568870.0,0.0,0.0,1742008.0,10141568870.0,87300.0,0.0,0.0,-87300.0,506475000.0,0.0,0.0,-506475000.0
29/08/2024,5860.0,5850.0,10.0,0.0017094,5870.0,5870.0,5760.0,4757084.0,27687589860.0,3270000.0,18966000000.0,8027084.0,46653589860.0,120000.0,99500.0,0.0,-219500.0,702188000.0,579112000.0,0.0,-1281300000.0
28/08/2024,5850.0,5950.0,-100.0,-0.01680672,5950.0,5950.0,5750.0,1895339.0,11075347950.0,0.0,0.0,1895339.0,11075347950.0,285800.0,-121900.0,0.0,-163900.0,1668853000.0,-711208000.0,0.0,-957645000.0
27/08/2024,5950.0,5990.0,-40.0,-0.0066778,5960.0,5980.0,5870.0,1084042.0,6412394020.0,0.0,0.0,1084042.0,6412394020.0,-74700.0,100.0,0.0,74600.0,-438526000.0,592000.0,0.0,437934000.0
26/08/2024,5990.0,5940.0,50.0,0.00841751,6080.0,6080.0,5940.0,1479388.0,8867860620.0,0.0,0.0,1479388.0,8867860620.0,-173400.0,-10100.0,0.0,183500.0,-1038127000.0,-61400000.0,0.0,1099527000.0
23/08/2024,5940.0,5990.0,-50.0,-0.00834725,5940.0,5990.0,5830.0,2146922.0,12684182790.0,0.0,0.0,2146922.0,12684182790.0,-107900.0,82100.0,0.0,25800.0,-632276000.0,485575000.0,0.0,146701000.0
22/08/2024,5990.0,6100.0,-110.0,-0.01803279,6100.0,6100.0,5940.0,1564021.0,9357492600.0,0.0,0.0,1564021.0,9357492600.0,140700.0,-68400.0,0.0,-72300.0,845233000.0,-409652000.0,0.0,-435581000.0
21/08/2024,6100.0,5970.0,130.0,0.02177554,6250.0,6250.0,5950.0,2691284.0,16322143870.0,1800000.0,11001000000.0,4491284.0,27323143870.0,220400.0,0.0,-100.0,-220400.0,1351319000.0,-9000.0,-608000.0,-1351310000.0
20/08/2024,5970.0,5770.0,200.0,0.03466205,5770.0,6000.0,5760.0,2341807.0,13780052490.0,0.0,0.0,2341807.0,13780052490.0,-110500.0,-80000.0,0.0,190500.0,-634509000.0,-480016000.0,0.0,1114525000.0
19/08/2024,5770.0,5750.0,20.0,0.00347826,5790.0,5900.0,5740.0,1114285.0,6436144130.0,0.0,0.0,1114285.0,6436144130.0,-110500.0,20000.0,0.0,90500.0,-639063000.0,115800000.0,0.0,523263000.0
16/08/2024,5750.0,5580.0,170.0,0.03046595,5600.0,5840.0,5550.0,2824240.0,16226920270.0,0.0,0.0,2824240.0,16226920270.0,-318400.0,110200.0,0.0,208200.0,-1824356000.0,621152000.0,0.0,1203204000.0
15/08/2024,5580.0,5600.0,-20.0,-0.00357143,5600.0,5600.0,5500.0,639415.0,3549485460.0,0.0,0.0,639415.0,3549485460.0,2300.0,-3200.0,0.0,900.0,13321000.0,-17856000.0,0.0,4535000.0
14/08/2024,5600.0,5620.0,-20.0,-0.00355872,5640.0,5700.0,5550.0,830188.0,4650951220.0,0.0,0.0,830188.0,4650951220.0,38000.0,0.0,0.0,-38000.0,214433000.0,0.0,0.0,-214433000.0
13/08/2024,5620.0,5680.0,-60.0,-0.01056338,5620.0,5720.0,5620.0,796223.0,4503064730.0,0.0,0.0,796223.0,4503064730.0,-4300.0,0.0,0.0,4300.0,-25737000.0,0.0,0.0,25737000.0
12/08/2024,5680.0,5700.0,-20.0,-0.00350877,5680.0,5690.0,5610.0,388252.0,2195044040.0,0.0,0.0,388252.0,2195044040.0,-6500.0,0.0,0.0,6500.0,-36735000.0,0.0,0.0,36735000.0
09/08/2024,5700.0,5600.0,100.0,0.01785714,5630.0,5700.0,5620.0,720557.0,4074345180.0,0.0,0.0,720557.0,4074345180.0,33300.0,21200.0,0.0,-54500.0,187033000.0,119556000.0,0.0,-306589000.0
08/08/2024,5600.0,5600.0,0.0,0.0,5600.0,5680.0,5560.0,802189.0,4498034690.0,0.0,0.0,802189.0,4498034690.0,-35500.0,1600.0,0.0,33900.0,-200377000.0,8902000.0,0.0,191475000.0
07/08/2024,5600.0,5600.0,0.0,0.0,5660.0,5660.0,5550.0,1027191.0,5745886990.0,0.0,0.0,1027191.0,5745886990.0,-2800.0,43000.0,0.0,-40200.0,-15418000.0,240600000.0,0.0,-225182000.0
06/08/2024,5600.0,5570.0,30.0,0.005386,5520.0,5610.0,5460.0,1418860.0,7885289550.0,0.0,0.0,1418860.0,7885289550.0,-90300.0,0.0,0.0,90300.0,-503250000.0,0.0,0.0,503250000.0
05/08/2024,5570.0,5980.0,-410.0,-0.06856187,5940.0,5940.0,5570.0,2559972.0,14446262570.0,0.0,0.0,2559972.0,14446262570.0,25600.0,4000.0,0.0,-29600.0,149936000.0,23760000.0,0.0,-173696000.0
02/08/2024,5980.0,5980.0,0.0,0.0,5840.0,6000.0,5840.0,788140.0,4653000610.0,0.0,0.0,788140.0,4653000610.0,-71000.0,2800.0,0.0,68200.0,-418416000.0,16694000.0,0.0,401722000.0
01/08/2024,5980.0,6170.0,-190.0,-0.03079417,6150.0,6190.0,5900.0,1464661.0,8852060500.0,0.0,0.0,1464661.0,8852060500.0,9200.0,50000.0,0.0,-59200.0,55142000.0,300000000.0,0.0,-355142000.0
31/07/2024,6170.0,6170.0,0.0,0.0,6170.0,6270.0,6150.0,994824.0,6173086750.0,0.0,0.0,994824.0,6173086750.0,-59900.0,46300.0,0.0,13600.0,-372449000.0,287094000.0,0.0,85355000.0
30/07/2024,6170.0,6210.0,-40.0,-0.00644122,6120.0,6180.0,6100.0,1131638.0,6946981670.0,0.0,0.0,1131638.0,6946981670.0,7800.0,-100.0,0.0,-7700.0,47942000.0,-616000.0,0.0,-47326000.0
29/07/2024,6210.0,6230.0,-20.0,-0.00321027,6240.0,6290.0,6210.0,498641.0,3107033540.0,0.0,0.0,498641.0,3107033540.0,16100.0,-900.0,0.0,-15200.0,100687000.0,-5598000.0,0.0,-95089000.0
26/07/2024,6230.0,6240.0,-10.0,-0.00160256,6250.0,6300.0,6190.0,1321615.0,8225214340.0,0.0,0.0,1321615.0,8225214340.0,15700.0,0.0,0.0,-15700.0,98763000.0,0.0,0.0,-98763000.0
25/07/2024,6240.0,6480.0,-240.0,-0.03703704,6450.0,6450.0,6200.0,809765.0,5075348430.0,0.0,0.0,809765.0,5075348430.0,-16000.0,0.0,0.0,16000.0,-99695000.0,0.0,0.0,99695000.0
24/07/2024,6480.0,6270.0,210.0,0.03349282,6200.0,6480.0,6100.0,1228030.0,7642697120.0,1780000.0,11214000000.0,3008030.0,18856697120.0,-39100.0,-60000.0,0.0,99100.0,-239135000.0,-369717000.0,0.0,608852000.0
23/07/2024,6270.0,6300.0,-30.0,-0.0047619,6300.0,6360.0,6230.0,780226.0,4914900500.0,0.0,0.0,780226.0,4914900500.0,-26900.0,0.0,0.0,26900.0,-167035000.0,0.0,0.0,167035000.0
22/07/2024,6300.0,6480.0,-180.0,-0.02777778,6490.0,6500.0,6200.0,1258286.0,7969892180.0,0.0,0.0,1258286.0,7969892180.0,68000.0,0.0,0.0,-68000.0,430250000.0,0.0,0.0,-430250000.0
19/07/2024,6480.0,6670.0,-190.0,-0.02848576,6670.0,6670.0,6480.0,942058.0,6158797730.0,0.0,0.0,942058.0,6158797730.0,45100.0,-500.0,0.0,-44600.0,297258000.0,-3255000.0,0.0,-294003000.0
18/07/2024,6670.0,6690.0,-20.0,-0.00298954,6670.0,6670.0,6540.0,997381.0,6594280020.0,0.0,0.0,997381.0,6594280020.0,1300.0,100.0,0.0,-1400.0,8966000.0,660000.0,0.0,-9626000.0
17/07/2024,6690.0,6740.0,-50.0,-0.0074184,6760.0,6790.0,6480.0,1588640.0,10602915920.0,0.0,0.0,1588640.0,10602915920.0,55200.0,-29900.0,0.0,-25300.0,373507000.0,-199865000.0,0.0,-173642000.0
16/07/2024,6740.0,6730.0,10.0,0.00148588,6760.0,6850.0,6720.0,862270.0,5839733250.0,0.0,0.0,862270.0,5839733250.0,-15400.0,0.0,0.0,15400.0,-106228000.0,0.0,0.0,106228000.0
15/07/2024,6730.0,6790.0,-60.0,-0.00883652,6720.0,6830.0,6720.0,738546.0,5002622730.0,0.0,0.0,738546.0,5002622730.0,1100.0,-100.0,0.0,-1000.0,7347000.0,-679000.0,0.0,-6668000.0
12/07/2024,6790.0,6820.0,-30.0,-0.00439883,6800.0,6840.0,6740.0,461133.0,3128100900.0,0.0,0.0,461133.0,3128100900.0,958.0,-258.0,0.0,-700.0,6557140.0,-1751140.0,0.0,-4806000.0
11/07/2024,6820.0,6710.0,110.0,0.01639344,6710.0,6880.0,6710.0,1042185.0,7095490550.0,2360000.0,15835600000.0,3402185.0,22931090550.0,-37900.0,-300.0,0.0,38200.0,-258638000.0,-2043000.0,0.0,260681000.0
10/07/2024,6710.0,6680.0,30.0,0.00449102,6720.0,6740.0,6680.0,966945.0,6485922890.0,0.0,0.0,966945.0,6485922890.0,-42500.0,0.0,0.0,42500.0,-285620000.0,0.0,0.0,285620000.0
09/07/2024,6680.0,6740.0,-60.0,-0.00890208,6720.0,6740.0,6650.0,1135128.0,7597262770.0,0.0,0.0,1135128.0,7597262770.0,5700.0,0.0,0.0,-5700.0,38235000.0,0.0,0.0,-38235000.0
08/07/2024,6740.0,6830.0,-90.0,-0.01317716,6820.0,6830.0,6690.0,1222409.0,8252840050.0,3074000.0,22132800000.0,4296409.0,30385640050.0,8200.0,0.0,0.0,-8200.0,54988000.0,0.0,0.0,-54988000.0
05/07/2024,6830.0,6880.0,-50.0,-0.00726744,6880.0,6900.0,6800.0,800517.0,5465471250.0,0.0,0.0,800517.0,5465471250.0,-4800.0,100.0,0.0,4700.0,-32706000.0,682000.0,0.0,32024000.0
04/07/2024,6880.0,6860.0,20.0,0.00291545,6850.0,6900.0,6830.0,822834.0,5637750290.0,0.0,0.0,822834.0,5637750290.0,-25200.0,0.0,0.0,25200.0,-172436000.0,0.0,0.0,172436000.0
03/07/2024,6860.0,6930.0,-70.0,-0.01010101,6910.0,6920.0,6860.0,645869.0,4444205150.0,0.0,0.0,645869.0,4444205150.0,-7600.0,-100.0,0.0,7700.0,-52263000.0,-687000.0,0.0,52950000.0
02/07/2024,6930.0,6900.0,30.0,0.00434783,6940.0,6960.0,6850.0,588929.0,4069867530.0,0.0,0.0,588929.0,4069867530.0,-50400.0,-15300.0,0.0,65700.0,-349585000.0,-105722000.0,0.0,455307000.0
01/07/2024,6900.0,6880.0,20.0,0.00290698,6870.0,6900.0,6790.0,550326.0,3762684620.0,0.0,0.0,550326.0,3762684620.0,5900.0,-200.0,0.0,-5700.0,40537000.0,-1375000.0,0.0,-39162000.0
28/06/2024,6880.0,6970.0,-90.0,-0.01291248,6970.0,6990.0,6780.0,1163787.0,8010259000.0,0.0,0.0,1163787.0,8010259000.0,28704.0,-14700.0,0.0,-14004.0,195600720.0,-99870000.0,0.0,-95730720.0
27/06/2024,6970.0,6980.0,-10.0,-0.00143266,6920.0,6970.0,6900.0,886712.0,6149901160.0,0.0,0.0,886712.0,6149901160.0,-41500.0,200.0,0.0,41300.0,-287112000.0,1387000.0,0.0,285725000.0
26/06/2024,6980.0,7000.0,-20.0,-0.00285714,7000.0,7000.0,6880.0,821874.0,5712777070.0,0.0,0.0,821874.0,5712777070.0,-1900.0,-100.0,-100.0,2000.0,-13133000.0,-697000.0,-697000.0,13830000.0
25/06/2024,7000.0,6980.0,20.0,0.00286533,6980.0,7000.0,6910.0,784592.0,5470383050.0,0.0,0.0,784592.0,5470383050.0,9500.0,200.0,0.0,-9700.0,66230000.0,1394000.0,0.0,-67624000.0
24/06/2024,6980.0,7000.0,-20.0,-0.00285714,6980.0,7160.0,6890.0,2572829.0,18032920920.0,0.0,0.0,2572829.0,18032920920.0,-33700.0,12200.0,0.0,21500.0,-243343000.0,89519000.0,0.0,153824000.0
21/06/2024,7000.0,7000.0,0.0,0.0,7030.0,7030.0,6930.0,938274.0,6533583490.0,0.0,0.0,938274.0,6533583490.0,-8100.0,0.0,0.0,8100.0,-56377000.0,0.0,0.0,56377000.0
20/06/2024,7000.0,7010.0,-10.0,-0.00142653,7000.0,7000.0,6920.0,1035390.0,7203129600.0,0.0,0.0,1035390.0,7203129600.0,-10500.0,0.0,0.0,10500.0,-72935000.0,0.0,0.0,72935000.0
19/06/2024,7010.0,7010.0,0.0,0.0,6950.0,7050.0,6900.0,1449768.0,10119964590.0,0.0,0.0,1449768.0,10119964590.0,2200.0,0.0,0.0,-2200.0,15502000.0,0.0,0.0,-15502000.0
18/06/2024,7010.0,7000.0,10.0,0.00142857,7050.0,7050.0,6930.0,1184807.0,8272625090.0,0.0,0.0,1184807.0,8272625090.0,3487.0,-11900.0,0.0,8413.0,24328309.0,-82920000.0,0.0,58591690.0
17/06/2024,7000.0,7000.0,0.0,0.0,7000.0,7090.0,6900.0,1878828.0,13086416700.0,0.0,0.0,1878828.0,13086416700.0,14000.0,0.0,0.0,-14000.0,98343000.0,-1000.0,0.0,-98342000.0
14/06/2024,7000.0,7190.0,-190.0,-0.02642559,7190.0,7200.0,7000.0,1633705.0,11563695650.0,0.0,0.0,1633705.0,11563695650.0,8900.0,600.0,0.0,-9500.0,64526000.0,4270000.0,0.0,-68796000.0
13/06/2024,7190.0,7200.0,-10.0,-0.00138889,7200.0,7240.0,7140.0,1202539.0,8644154390.0,0.0,0.0,1202539.0,8644154390.0,2100.0,200.0,0.0,-2300.0,15119000.0,1446000.0,0.0,-16565000.0
12/06/2024,7200.0,7090.0,110.0,0.01551481,7080.0,7200.0,7030.0,1278102.0,9067958430.0,135000.0,985500000.0,1413102.0,10053458430.0,24200.0,100.0,0.0,-24300.0,171688000.0,710000.0,0.0,-172398000.0
11/06/2024,7090.0,7160.0,-70.0,-0.00977654,7200.0,7210.0,7060.0,1719978.0,12228994170.0,0.0,0.0,1719978.0,12228994170.0,12724.0,-6024.0,-1024.0,-6700.0,90008600.0,-42325600.0,-7291000.0,-47683000.0
10/06/2024,7160.0,7140.0,20.0,0.00280112,7200.0,7220.0,7150.0,1794534.0,12886613090.0,0.0,0.0,1794534.0,12886613090.0,48868.0,192.0,-8.0,-49060.0,351385400.0,1374800.0,-57000.0,-352760200.0
07/06/2024,7140.0,7200.0,-60.0,-0.00833333,7270.0,7270.0,7140.0,2082948.0,14947454000.0,0.0,0.0,2082948.0,14947454000.0,-40000.0,25000.0,0.0,15000.0,-287798000.0,179800000.0,0.0,107998000.0
06/06/2024,7200.0,7290.0,-90.0,-0.01234568,7300.0,7300.0,7180.0,1814537.0,13137640930.0,0.0,0.0,1814537.0,13137640930.0,-13400.0,15000.0,0.0,-1600.0,-97175000.0,108978000.0,0.0,-11803000.0
05/06/2024,7290.0,7280.0,10.0,0.00137363,7310.0,7370.0,7230.0,1947770.0,14195902780.0,0.0,0.0,1947770.0,14195902780.0,146900.0,-4300.0,0.0,-142600.0,1072038000.0,-31288000.0,0.0,-1040750000.0
04/06/2024,7280.0,7280.0,0.0,0.0,7260.0,7310.0,7210.0,1783464.0,12942149840.0,0.0,0.0,1783464.0,12942149840.0,264765.0,17400.0,0.0,-282165.0,1920428200.0,125617000.0,0.0,-2046045200.0
03/06/2024,7280.0,7200.0,80.0,0.01111111,7300.0,7300.0,7240.0,2479225.0,18001965170.0,0.0,0.0,2479225.0,18001965170.0,435700.0,5400.0,0.0,-441100.0,3163325000.0,39204000.0,0.0,-3202529000.0
31/05/2024,7200.0,7300.0,-100.0,-0.01369863,7350.0,7400.0,7200.0,2271997.0,16517372160.0,0.0,0.0,2271997.0,16517372160.0,-19200.0,66300.0,0.0,-47100.0,-139033000.0,483155000.0,0.0,-344122000.0
30/05/2024,7300.0,7370.0,-70.0,-0.00949796,7250.0,7400.0,7140.0,2216644.0,16033662720.0,0.0,0.0,2216644.0,16033662720.0,118000.0,0.0,0.0,-118000.0,850462000.0,0.0,0.0,-850462000.0
29/05/2024,7370.0,7030.0,340.0,0.04836415,7090.0,7440.0,7010.0,7330460.0,53329363060.0,0.0,0.0,7330460.0,53329363060.0,-816500.0,-100.0,-100.0,816600.0,-5937253000.0,-740000.0,-740000.0,5937993000.0
28/05/2024,7030.0,6960.0,70.0,0.01005747,7000.0,7070.0,6990.0,1476120.0,10362329480.0,0.0,0.0,1476120.0,10362329480.0,-300.0,0.0,0.0,300.0,-2100000.0,0.0,0.0,2100000.0
27/05/2024,6960.0,6910.0,50.0,0.00723589,6960.0,6960.0,6900.0,843413.0,5837362320.0,0.0,0.0,843413.0,5837362320.0,36000.0,100.0,0.0,-36100.0,249757000.0,693000.0,0.0,-250450000.0
24/05/2024,6910.0,7060.0,-150.0,-0.02124646,6970.0,7080.0,6830.0,2394829.0,16673042270.0,0.0,0.0,2394829.0,16673042270.0,120600.0,200.0,0.0,-120800.0,832102000.0,1376000.0,0.0,-833478000.0
23/05/2024,7060.0,7090.0,-30.0,-0.00423131,7050.0,7090.0,6910.0,1808184.0,12688987170.0,0.0,0.0,1808184.0,12688987170.0,270300.0,-10000.0,0.0,-260300.0,1899757000.0,-70600000.0,0.0,-1829157000.0
22/05/2024,7090.0,7090.0,0.0,0.0,7200.0,7210.0,7070.0,2260853.0,16180318820.0,0.0,0.0,2260853.0,16180318820.0,63000.0,-3700.0,-100.0,-59300.0,448291000.0,-26309000.0,-713000.0,-421982000.0
21/05/2024,7090.0,6970.0,120.0,0.01721664,7000.0,7090.0,6950.0,2554923.0,17942005340.0,0.0,0.0,2554923.0,17942005340.0,-20700.0,-9000.0,0.0,29700.0,-145019000.0,-63170000.0,0.0,208189000.0
20/05/2024,6970.0,6900.0,70.0,0.01014493,6920.0,7060.0,6920.0,2322717.0,16240206850.0,0.0,0.0,2322717.0,16240206850.0,-254500.0,-10400.0,0.0,264900.0,-1780924000.0,-72881000.0,0.0,1853805000.0
17/05/2024,6900.0,6880.0,20.0,0.00290698,6950.0,6950.0,6860.0,1263834.0,8708402840.0,0.0,0.0,1263834.0,8708402840.0,-57700.0,-10800.0,0.0,68500.0,-397781000.0,-74665000.0,0.0,472446000.0
16/05/2024,6880.0,6870.0,10.0,0.0014556,6930.0,6940.0,6870.0,1355922.0,9356558010.0,0.0,0.0,1355922.0,9356558010.0,-2600.0,2700.0,0.0,-100.0,-17938000.0,18628000.0,0.0,-690000.0
15/05/2024,6870.0,6900.0,-30.0,-0.00434783,6990.0,6990.0,6860.0,1352571.0,9325312470.0,4010000.0,27669000000.0,5362571.0,36994312470.0,53800.0,0.0,0.0,-53800.0,371423000.0,0.0,0.0,-371423000.0
14/05/2024,6900.0,6870.0,30.0,0.00436681,6870.0,6950.0,6830.0,875445.0,6020434910.0,0.0,0.0,875445.0,6020434910.0,26100.0,0.0,0.0,-26100.0,179525000.0,0.0,0.0,-179525000.0
13/05/2024,6870.0,6800.0,70.0,0.01029412,6830.0,6950.0,6820.0,1657696.0,11410462060.0,0.0,0.0,1657696.0,11410462060.0,30000.0,100.0,0.0,-30100.0,205479000.0,685000.0,0.0,-206164000.0
10/05/2024,6800.0,6800.0,0.0,0.0,6790.0,6840.0,6710.0,958391.0,6471147730.0,1000000.0,6800000000.0,1958391.0,13271147730.0,23900.0,300.0,0.0,-24200.0,161584000.0,2024000.0,0.0,-163608000.0
09/05/2024,6800.0,6800.0,0.0,0.0,6800.0,6880.0,6760.0,825466.0,5613902700.0,0.0,0.0,825466.0,5613902700.0,90000.0,0.0,0.0,-90000.0,611473000.0,0.0,0.0,-611473000.0
08/05/2024,6800.0,6860.0,-60.0,-0.00874636,6810.0,6810.0,6690.0,1347187.0,9086825800.0,0.0,0.0,1347187.0,9086825800.0,-71600.0,100.0,0.0,71500.0,-483504000.0,680000.0,0.0,482824000.0
07/05/2024,6860.0,6890.0,-30.0,-0.00435414,6890.0,6890.0,6780.0,856428.0,5847436500.0,0.0,0.0,856428.0,5847436500.0,29900.0,0.0,0.0,-29900.0,203564000.0,0.0,0.0,-203564000.0
06/05/2024,6890.0,6680.0,210.0,0.03143713,6790.0,6890.0,6710.0,1241891.0,8439789220.0,0.0,0.0,1241891.0,8439789220.0,-151200.0,100.0,0.0,151100.0,-1026852000.0,681000.0,0.0,1026171000.0
03/05/2024,6680.0,6580.0,100.0,0.01519757,6700.0,6740.0,6600.0,1068338.0,7135495050.0,0.0,0.0,1068338.0,7135495050.0,27100.0,0.0,0.0,-27100.0,182180000.0,0.0,0.0,-182180000.0
02/05/2024,6580.0,6600.0,-20.0,-0.0030303,6600.0,6650.0,6530.0,1485193.0,9751378470.0,0.0,0.0,1485193.0,9751378470.0,103300.0,-105300.0,0.0,2000.0,675558000.0,-688668000.0,0.0,13110000.0
26/04/2024,6600.0,6650.0,-50.0,-0.0075188,6610.0,6660.0,6600.0,1151375.0,7622338680.0,0.0,0.0,1151375.0,7622338680.0,-7200.0,13100.0,0.0,-5900.0,-47387000.0,86611000.0,0.0,-39224000.0
25/04/2024,6650.0,6690.0,-40.0,-0.00597907,6700.0,6700.0,6590.0,1047076.0,6932735530.0,1980400.0,14159860000.0,3027476.0,21092595530.0,-4300.0,100.0,0.0,4200.0,-28393000.0,664000.0,0.0,27729000.0
24/04/2024,6690.0,6430.0,260.0,0.04043546,6520.0,6690.0,6500.0,2085808.0,13771685950.0,3692000.0,23858000000.0,5777808.0,37629685950.0,-271500.0,-500.0,0.0,272000.0,-1795866000.0,-3276000.0,0.0,1799142000.0
23/04/2024,6430.0,6500.0,-70.0,-0.01076923,6510.0,6560.0,6390.0,1915115.0,12383660430.0,0.0,0.0,1915115.0,12383660430.0,206800.0,9400.0,0.0,-216200.0,1341935000.0,60612000.0,0.0,-1402547000.0
22/04/2024,6500.0,6370.0,130.0,0.02040816,6450.0,6540.0,6400.0,1311139.0,8462750510.0,0.0,0.0,1311139.0,8462750510.0,30900.0,26100.0,0.0,-57000.0,199381000.0,168598000.0,0.0,-367979000.0
19/04/2024,6370.0,6680.0,-310.0,-0.04640719,6660.0,6660.0,6250.0,3855808.0,24830795600.0,0.0,0.0,3855808.0,24830795600.0,-166000.0,30800.0,0.0,135200.0,-1061633000.0,202651000.0,0.0,858982000.0
17/04/2024,6680.0,6800.0,-120.0,-0.01764706,6810.0,6840.0,6660.0,2031454.0,13733542890.0,0.0,0.0,2031454.0,13733542890.0,-52000.0,56400.0,0.0,-4400.0,-347775000.0,377665000.0,0.0,-29890000.0
16/04/2024,6800.0,7010.0,-210.0,-0.0299572,6950.0,7010.0,6560.0,5507401.0,37265309420.0,3000000.0,21000000000.0,8507401.0,58265309420.0,-502060.0,292860.0,0.0,209200.0,-3387334570.0,2006310570.0,0.0,1381024000.0
15/04/2024,7010.0,7530.0,-520.0,-0.0690571,7420.0,7520.0,7010.0,4545761.0,32986120110.0,0.0,0.0,4545761.0,32986120110.0,-197400.0,194800.0,0.0,2600.0,-1410108000.0,1393166000.0,0.0,16942000.0
12/04/2024,7530.0,7500.0,30.0,0.004,7500.0,7600.0,7500.0,1856907.0,13986665730.0,0.0,0.0,1856907.0,13986665730.0,7500.0,-5100.0,0.0,-2400.0,56811000.0,-38403000.0,0.0,-18408000.0
11/04/2024,7500.0,7490.0,10.0,0.00133511,7350.0,7520.0,7350.0,2506889.0,18597878860.0,0.0,0.0,2506889.0,18597878860.0,-153400.0,70000.0,0.0,83400.0,-1133209000.0,516803000.0,0.0,616406000.0
10/04/2024,7490.0,7700.0,-210.0,-0.02727273,7700.0,7700.0,7430.0,3238968.0,24591425040.0,2000000.0,15400000000.0,5238968.0,39991425040.0,7700.0,6000.0,0.0,-13700.0,58973000.0,45520000.0,0.0,-104493000.0
09/04/2024,7700.0,7520.0,180.0,0.02393617,7520.0,7700.0,7500.0,1991207.0,15062021120.0,0.0,0.0,1991207.0,15062021120.0,108200.0,-98200.0,0.0,-10000.0,822829000.0,-747366000.0,0.0,-75463000.0
08/04/2024,7520.0,7700.0,-180.0,-0.02337662,7680.0,7700.0,7520.0,4309207.0,32872614220.0,0.0,0.0,4309207.0,32872614220.0,676900.0,-1000.0,0.0,-675900.0,5181585000.0,-7637000.0,0.0,-5173948000.0
05/04/2024,7700.0,7900.0,-200.0,-0.02531646,7800.0,7890.0,7620.0,5957554.0,46224916730.0,0.0,0.0,5957554.0,46224916730.0,150300.0,42500.0,0.0,-192800.0,1167874000.0,331885000.0,0.0,-1499759000.0
04/04/2024,7900.0,8000.0,-100.0,-0.0125,7940.0,8040.0,7800.0,3847627.0,30368059290.0,0.0,0.0,3847627.0,30368059290.0,454700.0,-4600.0,0.0,-450100.0,3607325000.0,-36240000.0,0.0,-3571085000.0
03/04/2024,8000.0,7840.0,160.0,0.02040816,7840.0,8190.0,7830.0,10051788.0,80303503780.0,0.0,0.0,10051788.0,80303503780.0,-324500.0,-285400.0,-100.0,609900.0,-2588512000.0,-2277689000.0,-813000.0,4866201000.0
02/04/2024,7840.0,7800.0,40.0,0.00512821,7820.0,7840.0,7710.0,3756808.0,29250484480.0,0.0,0.0,3756808.0,29250484480.0,-192400.0,3900.0,0.0,188500.0,-1492754000.0,30250000.0,0.0,1462504000.0
01/04/2024,7800.0,7600.0,200.0,0.02631579,7580.0,7880.0,7580.0,5340425.0,41479846940.0,1900000.0,14440000000.0,7240425.0,55919846940.0,-112900.0,-208000.0,0.0,320900.0,-844310000.0,-1628104000.0,0.0,2472414000.0
29/03/2024,7600.0,7700.0,-100.0,-0.01298701,7700.0,7730.0,7550.0,3746069.0,28533460760.0,0.0,0.0,3746069.0,28533460760.0,103200.0,1200.0,0.0,-104400.0,789742000.0,9223000.0,0.0,-798965000.0
28/03/2024,7700.0,7780.0,-80.0,-0.01028278,7830.0,7860.0,7690.0,3614807.0,28015662250.0,0.0,0.0,3614807.0,28015662250.0,92600.0,100.0,0.0,-92700.0,717804000.0,771000.0,0.0,-718575000.0
27/03/2024,7780.0,7820.0,-40.0,-0.00511509,7830.0,7940.0,7750.0,3232102.0,25311790760.0,0.0,0.0,3232102.0,25311790760.0,-19700.0,19800.0,-200.0,-100.0,-154661000.0,155446000.0,-1554000.0,-785000.0
26/03/2024,7820.0,7750.0,70.0,0.00903226,7750.0,7940.0,7650.0,4518830.0,35195383080.0,0.0,0.0,4518830.0,35195383080.0,64656.0,-99900.0,0.0,35244.0,491983720.0,-770616000.0,0.0,278632280.0
25/03/2024,7750.0,7750.0,0.0,0.0,7810.0,7910.0,7660.0,5934378.0,46268363420.0,0.0,0.0,5934378.0,46268363420.0,-34285.0,184685.0,0.0,-150400.0,-267571000.0,1446002000.0,0.0,-1178431000.0
22/03/2024,7750.0,7760.0,-10.0,-0.00128866,7810.0,7860.0,7670.0,5172864.0,40000822750.0,0.0,0.0,5172864.0,40000822750.0,864132.0,-2100.0,0.0,-862032.0,6684310040.0,-16441000.0,0.0,-6667869040.0
21/03/2024,7760.0,7550.0,210.0,0.02781457,7640.0,7870.0,7530.0,9278549.0,71554453580.0,0.0,0.0,9278549.0,71554453580.0,1285400.0,-724400.0,0.0,-561000.0,9886462000.0,-5624486000.0,0.0,-4261976000.0
20/03/2024,7550.0,7550.0,0.0,0.0,7550.0,7590.0,7410.0,2729853.0,20531696210.0,0.0,0.0,2729853.0,20531696210.0,100000.0,100.0,0.0,-100100.0,751077000.0,755000.0,0.0,-751832000.0
19/03/2024,7550.0,7690.0,-140.0,-0.01820546,7760.0,7780.0,7550.0,4187700.0,31992174040.0,0.0,0.0,4187700.0,31992174040.0,159000.0,-25500.0,0.0,-133500.0,1219191000.0,-196029000.0,0.0,-1023162000.0
18/03/2024,7690.0,7330.0,360.0,0.04911323,7350.0,7750.0,7350.0,14304807.0,108654878070.0,0.0,0.0,14304807.0,108654878070.0,-1028100.0,-756000.0,0.0,1784100.0,-7811166000.0,-5786255000.0,0.0,13597421000.0
15/03/2024,7330.0,7270.0,60.0,0.00825309,7270.0,7450.0,7210.0,3285133.0,24168884170.0,0.0,0.0,3285133.0,24168884170.0,-85500.0,52900.0,0.0,32600.0,-628065000.0,387447000.0,0.0,240618000.0
14/03/2024,7270.0,7260.0,10.0,0.00137741,7300.0,7370.0,7250.0,2806510.0,20516026830.0,0.0,0.0,2806510.0,20516026830.0,-75000.0,100.0,0.0,74900.0,-548038000.0,730000.0,0.0,547308000.0
13/03/2024,7260.0,7140.0,120.0,0.01680672,7200.0,7260.0,7160.0,1533632.0,11053169990.0,0.0,0.0,1533632.0,11053169990.0,-9400.0,-100.0,0.0,9500.0,-69127000.0,-719000.0,0.0,69846000.0
12/03/2024,7140.0,7200.0,-60.0,-0.00833333,7200.0,7250.0,7130.0,1811824.0,13018154260.0,0.0,0.0,1811824.0,13018154260.0,-9300.0,-1100.0,0.0,10400.0,-66208000.0,-7944000.0,0.0,74152000.0
11/03/2024,7200.0,7240.0,-40.0,-0.00552486,7240.0,7290.0,7150.0,2934627.0,21187124430.0,0.0,0.0,2934627.0,21187124430.0,148500.0,12900.0,0.0,-161400.0,1075952000.0,93025000.0,0.0,-1168977000.0
08/03/2024,7240.0,7430.0,-190.0,-0.02557201,7500.0,7500.0,7240.0,3664389.0,26832074080.0,0.0,0.0,3664389.0,26832074080.0,145000.0,39000.0,0.0,-184000.0,1058003000.0,284118000.0,0.0,-1342121000.0
07/03/2024,7430.0,7480.0,-50.0,-0.00668449,7460.0,7490.0,7390.0,2355064.0,17503790740.0,0.0,0.0,2355064.0,17503790740.0,81000.0,-30100.0,0.0,-50900.0,603248001.0,-223343000.0,0.0,-379905000.0
06/03/2024,7480.0,7380.0,100.0,0.01355014,7430.0,7630.0,7410.0,7467501.0,56138751810.0,0.0,0.0,7467501.0,56138751810.0,-146800.0,-118800.0,0.0,265600.0,-1090520000.0,-898699000.0,0.0,1989219000.0
05/03/2024,7380.0,7400.0,-20.0,-0.0027027,7390.0,7400.0,7320.0,2385327.0,17561761880.0,0.0,0.0,2385327.0,17561761880.0,-34900.0,34900.0,0.0,0.0,-257815000.0,257815000.0,0.0,0.0
04/03/2024,7400.0,7220.0,180.0,0.02493075,7280.0,7500.0,7280.0,5713286.0,42226110130.0,980000.0,7075600000.0,6693286.0,49301710130.0,-229400.0,59000.0,0.0,170400.0,-1690764000.0,435790000.0,0.0,1254974000.0
01/03/2024,7220.0,7190.0,30.0,0.00417246,7250.0,7250.0,7200.0,1606655.0,11592949870.0,0.0,0.0,1606655.0,11592949870.0,-900.0,900.0,0.0,0.0,-6502000.0,6502000.0,0.0,0.0
29/02/2024,7190.0,7200.0,-10.0,-0.00138889,7220.0,7250.0,7180.0,2123303.0,15314612990.0,0.0,0.0,2123303.0,15314612990.0,21900.0,-10100.0,0.0,-11800.0,158123000.0,-72773000.0,0.0,-85350000.0
28/02/2024,7200.0,7230.0,-30.0,-0.00414938,7260.0,7300.0,7190.0,2031042.0,14689769970.0,0.0,0.0,2031042.0,14689769970.0,47800.0,-500.0,0.0,-47300.0,345283000.0,-3625000.0,0.0,-341658000.0
27/02/2024,7230.0,7180.0,50.0,0.00696379,7220.0,7250.0,7160.0,1819279.0,13093872840.0,909500.0,6530210000.0,2728779.0,19624082840.0,77000.0,0.0,0.0,-77000.0,553185000.0,2000.0,0.0,-553187000.0
26/02/2024,7180.0,7160.0,20.0,0.0027933,7160.0,7210.0,7110.0,2177842.0,15572423080.0,0.0,0.0,2177842.0,15572423080.0,79400.0,400.0,0.0,-79800.0,567263000.0,2880000.0,0.0,-570143000.0
23/02/2024,7160.0,7380.0,-220.0,-0.0298103,7410.0,7430.0,7160.0,4208328.0,30622795200.0,0.0,0.0,4208328.0,30622795200.0,469300.0,25100.0,0.0,-494400.0,3448692000.0,180552000.0,0.0,-3629244000.0
22/02/2024,7380.0,7370.0,10.0,0.00135685,7360.0,7500.0,7360.0,3250224.0,24152878360.0,0.0,0.0,3250224.0,24152878360.0,151900.0,-17700.0,0.0,-134200.0,1124148000.0,-130968000.0,0.0,-993180000.0
21/02/2024,7370.0,7350.0,20.0,0.00272109,7360.0,7430.0,7310.0,3064964.0,22605980270.0,0.0,0.0,3064964.0,22605980270.0,309000.0,-5600.0,0.0,-303400.0,2283847000.0,-41159000.0,0.0,-2242688000.0
20/02/2024,7350.0,7420.0,-70.0,-0.00943396,7500.0,7500.0,7340.0,3445396.0,25476247010.0,46000.0,341780000.0,3491396.0,25818027010.0,37300.0,300.0,0.0,-37600.0,277794000.0,2214000.0,0.0,-280008000.0
19/02/2024,7420.0,7440.0,-20.0,-0.00268817,7490.0,7500.0,7390.0,2743177.0,20390983020.0,88000.0,609840000.0,2831177.0,21000823020.0,1000.0,-1000.0,0.0,0.0,7451000.0,-7451000.0,0.0,0.0
16/02/2024,7440.0,7180.0,260.0,0.0362117,7170.0,7600.0,7170.0,7985935.0,59532889990.0,97000.0,696460000.0,8082935.0,60229349990.0,-964993.0,-128600.0,0.0,1093593.0,-7169423500.0,-961502000.0,0.0,8130925500.0
15/02/2024,7180.0,7080.0,100.0,0.01412429,7100.0,7180.0,7100.0,972689.0,6944712450.0,88000.0,624800000.0,1060689.0,7569512450.0,-75300.0,0.0,0.0,75300.0,-538275000.0,0.0,0.0,538275000.0
07/02/2024,7080.0,7090.0,-10.0,-0.00141044,7130.0,7140.0,7070.0,1494533.0,10603395720.0,0.0,0.0,1494533.0,10603395720.0,15100.0,-1000.0,0.0,-14100.0,107429000.0,-7091000.0,0.0,-100338000.0
06/02/2024,7090.0,7120.0,-30.0,-0.00421348,7190.0,7190.0,7090.0,1205632.0,8588176080.0,71000.0,505520000.0,1276632.0,9093696080.0,2200.0,200.0,0.0,-2400.0,15810000.0,1424000.0,0.0,-17234000.0
05/02/2024,7120.0,7140.0,-20.0,-0.00280112,7140.0,7210.0,7100.0,1239149.0,8851165760.0,0.0,0.0,1239149.0,8851165760.0,10600.0,100.0,0.0,-10700.0,76442000.0,715000.0,0.0,-77157000.0
02/02/2024,7140.0,7130.0,10.0,0.00140252,7160.0,7280.0,7140.0,2339242.0,16851058360.0,88000.0,620400000.0,2427242.0,17471458360.0,-10100.0,-900.0,0.0,11000.0,-73497000.0,-6543000.0,0.0,80040000.0
01/02/2024,7130.0,7100.0,30.0,0.00422535,7100.0,7150.0,7090.0,1297146.0,9245409020.0,0.0,0.0,1297146.0,9245409020.0,-27000.0,1400.0,0.0,25600.0,-192764000.0,9972000.0,0.0,182792000.0
31/01/2024,7100.0,7160.0,-60.0,-0.00837989,7250.0,7250.0,7100.0,2277747.0,16296528500.0,88000.0,630080000.0,2365747.0,16926608500.0,87700.0,-87700.0,0.0,0.0,627935000.0,-627935000.0,0.0,0.0
30/01/2024,7160.0,7190.0,-30.0,-0.0042,7190.0,7250.0,7150.0,1179522.0,8461540070.0,0.0,0.0,1179522.0,8461540070.0,30300.0,-100.0,0.0,-30200.0,218332000.0,-721000.0,0.0,-217611000.0
29/01/2024,7190.0,7140.0,50.0,0.0070028,7180.0,7270.0,7150.0,3598629.0,25943902490.0,0.0,0.0,3598629.0,25943902490.0,-148900.0,27000.0,0.0,121900.0,-1073299000.0,195099000.0,0.0,878200000.0
26/01/2024,7140.0,7120.0,20.0,0.00280899,7120.0,7160.0,7110.0,1259301.0,8982953460.0,948000.0,6603440000.0,2207301.0,15586393460.0,-100.0,100.0,0.0,0.0,-713000.0,713000.0,0.0,0.0
25/01/2024,7120.0,7100.0,20.0,0.0028169,7110.0,7190.0,7110.0,2482635.0,17747881160.0,0.0,0.0,2482635.0,17747881160.0,-2100.0,60100.0,0.0,-58000.0,-15555000.0,430255000.0,0.0,-414700000.0
24/01/2024,7100.0,7040.0,60.0,0.00852273,7080.0,7160.0,7040.0,2065806.0,14703052370.0,88000.0,616000000.0,2153806.0,15319052370.0,4400.0,-4400.0,0.0,0.0,30980000.0,-30980000.0,0.0,0.0
23/01/2024,7040.0,7100.0,-60.0,-0.0084507,7100.0,7120.0,7040.0,1261306.0,8925269030.0,2810000.0,19951000000.0,4071306.0,28876269030.0,-500.0,500.0,0.0,0.0,-3543000.0,3543000.0,0.0,0.0
22/01/2024,7100.0,7070.0,30.0,0.00424328,7090.0,7120.0,7020.0,1233136.0,8707680820.0,0.0,0.0,1233136.0,8707680820.0,30900.0,-30900.0,0.0,0.0,217240000.0,-217240000.0,0.0,0.0
19/01/2024,7070.0,7120.0,-50.0,-0.00702247,7200.0,7200.0,7070.0,1112387.0,7919841650.0,0.0,0.0,1112387.0,7919841650.0,500.0,-500.0,0.0,0.0,3569000.0,-3569000.0,0.0,0.0
18/01/2024,7120.0,7060.0,60.0,0.00849858,7120.0,7130.0,7040.0,1117541.0,7925446770.0,0.0,0.0,1117541.0,7925446770.0,-10800.0,-300.0,0.0,11100.0,-76461000.0,-2127000.0,0.0,78588000.0
17/01/2024,7060.0,7060.0,0.0,0.0,7080.0,7130.0,7050.0,1110011.0,7861163190.0,1470000.0,10437000000.0,2580011.0,18298163190.0,-8000.0,13000.0,0.0,-5000.0,-56814000.0,92214000.0,0.0,-35400000.0
16/01/2024,7060.0,6990.0,70.0,0.01001431,6960.0,7100.0,6960.0,1384090.0,9732864870.0,0.0,0.0,1384090.0,9732864870.0,-1900.0,1900.0,0.0,0.0,-13398000.0,13398000.0,0.0,0.0
15/01/2024,6990.0,6990.0,0.0,0.0,7050.0,7100.0,6980.0,1314620.0,9224118330.0,0.0,0.0,1314620.0,9224118330.0,-16800.0,14800.0,0.0,2000.0,-117826000.0,103856000.0,0.0,13970000.0
12/01/2024,6990.0,7150.0,-160.0,-0.02237762,7140.0,7140.0,6960.0,4007934.0,28244110270.0,0.0,0.0,4007934.0,28244110270.0,53600.0,8600.0,0.0,-62200.0,383157000.0,60214000.0,0.0,-443371000.0
11/01/2024,7150.0,7150.0,0.0,0.0,7160.0,7230.0,7130.0,2042830.0,14637487170.0,0.0,0.0,2042830.0,14637487170.0,-200.0,200.0,0.0,0.0,-1431000.0,1431000.0,0.0,0.0
10/01/2024,7150.0,7270.0,-120.0,-0.01650619,7270.0,7280.0,7090.0,2976268.0,21451963160.0,0.0,0.0,2976268.0,21451963160.0,43300.0,-46200.0,0.0,2900.0,310822000.0,-331431000.0,0.0,20609000.0
09/01/2024,7270.0,7290.0,-20.0,-0.00274348,7310.0,7370.0,7260.0,1903915.0,13889608360.0,0.0,0.0,1903915.0,13889608360.0,31800.0,9100.0,0.0,-40900.0,231860000.0,66257000.0,0.0,-298117000.0
08/01/2024,7290.0,7280.0,10.0,0.00137363,7310.0,7430.0,7280.0,3305121.0,24313699350.0,0.0,0.0,3305121.0,24313699350.0,18400.0,-69900.0,0.0,51500.0,139283000.0,-518966000.0,0.0,379683000.0
05/01/2024,7280.0,7320.0,-40.0,-0.00546448,7320.0,7350.0,7270.0,2131300.0,15555317740.0,0.0,0.0,2131300.0,15555317740.0,7000.0,-400.0,0.0,-6600.0,51028000.0,-2914000.0,0.0,-48114000.0
04/01/2024,7320.0,7280.0,40.0,0.00549451,7310.0,7450.0,7280.0,3823775.0,28075493330.0,0.0,0.0,3823775.0,28075493330.0,11500.0,-41100.0,0.0,29600.0,88967000.0,-306857000.0,0.0,217890000.0
03/01/2024,7280.0,7250.0,30.0,0.00413793,7240.0,7290.0,7200.0,2356019.0,17089682890.0,1890000.0,13797000000.0,4246019.0,30886682890.0,33300.0,-40900.0,0.0,7600.0,242025000.0,-297345000.0,0.0,55320000.0
02/01/2024,7250.0,7400.0,-150.0,-0.02027027,7300.0,7350.0,7180.0,2609505.0,18896000540.0,0.0,0.0,2609505.0,18896000540.0,77500.0,-28900.0,0.0,-48600.0,563620000.0,-212273000.0,0.0,-351347000.0
29/12/2023,7400.0,7090.0,310.0,0.04372355,7120.0,7400.0,7090.0,3403716.0,24597208520.0,0.0,0.0,3403716.0,24597208520.0,-1349800.0,1354500.0,0.0,-4700.0,-9983479000.0,10017514000.0,0.0,-34035000.0
28/12/2023,7090.0,7160.0,-70.0,-0.00977654,7190.0,7200.0,7090.0,1854981.0,13250104190.0,0.0,0.0,1854981.0,13250104190.0,11400.0,20200.0,0.0,-31600.0,81688000.0,144480000.0,0.0,-226168000.0
27/12/2023,7160.0,7250.0,-90.0,-0.01241379,7250.0,7250.0,7160.0,1794950.0,12919761890.0,0.0,0.0,1794950.0,12919761890.0,72800.0,-62400.0,0.0,-10400.0,523732000.0,-448767000.0,0.0,-74965000.0
26/12/2023,7250.0,7210.0,40.0,0.00554785,7210.0,7280.0,7180.0,2100932.0,15182259130.0,0.0,0.0,2100932.0,15182259130.0,-652400.0,634100.0,0.0,18300.0,-4720806000.0,4588582000.0,0.0,132224000.0
25/12/2023,7210.0,7130.0,80.0,0.0112202,7130.0,7240.0,7130.0,2317076.0,16669412680.0,0.0,0.0,2317076.0,16669412680.0,-550600.0,490900.0,0.0,59700.0,-3962202000.0,3533148000.0,0.0,429054000.0
22/12/2023,7130.0,7180.0,-50.0,-0.00696379,7230.0,7260.0,7100.0,1316648.0,9417230520.0,0.0,0.0,1316648.0,9417230520.0,-31500.0,105400.0,0.0,-73900.0,-220837000.0,750640000.0,0.0,-529803000.0
21/12/2023,7180.0,7120.0,60.0,0.00842697,7070.0,7250.0,7070.0,1894796.0,13628573230.0,0.0,0.0,1894796.0,13628573230.0,-190300.0,190000.0,0.0,300.0,-1370814000.0,1368672000.0,0.0,2142000.0
20/12/2023,7120.0,7010.0,110.0,0.01569187,7080.0,7150.0,7010.0,1161278.0,8198247990.0,635000.0,4508500000.0,1796278.0,12706747990.0,22674.0,126.0,0.0,-22800.0,159143220.0,886780.0,0.0,-160030000.0
19/12/2023,7010.0,7000.0,10.0,0.00142857,7080.0,7090.0,6880.0,3311112.0,23055804280.0,0.0,0.0,3311112.0,23055804280.0,-61800.0,48800.0,0.0,13000.0,-428939000.0,338879000.0,0.0,90060000.0
18/12/2023,7000.0,7100.0,-100.0,-0.01408451,7120.0,7210.0,7000.0,1789978.0,12737523070.0,635000.0,4508500000.0,2424978.0,17246023070.0,-66700.0,19500.0,0.0,47200.0,-473508000.0,139437000.0,0.0,334071000.0
15/12/2023,7100.0,7150.0,-50.0,-0.00699301,7190.0,7240.0,7100.0,2169655.0,15502313150.0,360000.0,2574000000.0,2529655.0,18076313150.0,-166896.0,100800.0,0.0,66096.0,-1194078400.0,720049000.0,0.0,474029400.0
14/12/2023,7150.0,7200.0,-50.0,-0.00694444,7330.0,7330.0,7150.0,2136633.0,15401355140.0,635000.0,4635500000.0,2771633.0,20036855140.0,-23100.0,20900.0,0.0,2200.0,-165364000.0,149452000.0,0.0,15912000.0
13/12/2023,7200.0,7410.0,-210.0,-0.02834008,7450.0,7500.0,7200.0,2190642.0,16097938080.0,0.0,0.0,2190642.0,16097938080.0,31100.0,-31100.0,0.0,0.0,228508000.0,-228508000.0,0.0,0.0
12/12/2023,7410.0,7280.0,130.0,0.01785714,7340.0,7500.0,7300.0,3003369.0,22198877550.0,625000.0,4500000000.0,3628369.0,26698877550.0,-99300.0,110200.0,0.0,-10900.0,-725786000.0,806860000.0,0.0,-81074000.0
11/12/2023,7280.0,7340.0,-60.0,-0.00817439,7350.0,7400.0,7120.0,2062708.0,14926303950.0,0.0,0.0,2062708.0,14926303950.0,-7500.0,4500.0,0.0,3000.0,-54497000.0,32567000.0,0.0,21930000.0
08/12/2023,7340.0,7500.0,-160.0,-0.02133333,7570.0,7570.0,7300.0,2695298.0,20046944930.0,0.0,0.0,2695298.0,20046944930.0,-14700.0,8100.0,0.0,6600.0,-110790000.0,61332000.0,0.0,49458000.0
07/12/2023,7500.0,7420.0,80.0,0.01078167,7460.0,7660.0,7300.0,6158101.0,46130358260.0,0.0,0.0,6158101.0,46130358260.0,68100.0,2200.0,0.0,-70300.0,512976000.0,16524000.0,0.0,-529500000.0
06/12/2023,7420.0,7190.0,230.0,0.03198887,7200.0,7470.0,7180.0,4181037.0,30762225650.0,980000.0,6964000000.0,5161037.0,37726225650.0,20800.0,-21300.0,0.0,500.0,152307000.0,-156116000.0,0.0,3809000.0
05/12/2023,7190.0,7170.0,20.0,0.0027894,7240.0,7280.0,7180.0,2790588.0,20117173210.0,50000.0,360000000.0,2840588.0,20477173210.0,8200.0,-300.0,0.0,-7900.0,59183000.0,-2154000.0,0.0,-57029000.0
04/12/2023,7170.0,6960.0,210.0,0.03017241,7070.0,7190.0,7030.0,4276220.0,30510488580.0,0.0,0.0,4276220.0,30510488580.0,832800.0,-904900.0,0.0,72100.0,5974844000.0,-6487603000.0,0.0,512759000.0
01/12/2023,6960.0,6920.0,40.0,0.00578035,6990.0,7000.0,6880.0,1201721.0,8327856380.0,0.0,0.0,1201721.0,8327856380.0,-22400.0,16700.0,0.0,5700.0,-154697000.0,115215000.0,0.0,39482000.0
30/11/2023,6920.0,6880.0,40.0,0.00581395,6880.0,7140.0,6880.0,2121863.0,14907803970.0,820000.0,5641600000.0,2941863.0,20549403970.0,-400.0,100.0,0.0,300.0,-2760000.0,693000.0,0.0,2067000.0
29/11/2023,6880.0,6870.0,10.0,0.0014556,6870.0,7000.0,6870.0,1180953.0,8168450030.0,0.0,0.0,1180953.0,8168450030.0,1140.0,-1140.0,0.0,0.0,7920330.0,-7920330.0,0.0,0.0
28/11/2023,6870.0,6850.0,20.0,0.00291971,6830.0,6900.0,6710.0,1734233.0,11786781890.0,100000.0,690000000.0,1834233.0,12476781890.0,-11500.0,-9700.0,0.0,21200.0,-75591000.0,-68197000.0,0.0,143788000.0
27/11/2023,6850.0,6950.0,-100.0,-0.01438849,6960.0,7060.0,6850.0,952902.0,6607207800.0,0.0,0.0,952902.0,6607207800.0,-4600.0,-1100.0,0.0,5700.0,-31534000.0,-7593000.0,0.0,39127000.0
24/11/2023,6950.0,7000.0,-50.0,-0.00714286,7060.0,7060.0,6700.0,2742275.0,18942343910.0,0.0,0.0,2742275.0,18942343910.0,-60700.0,88200.0,0.0,-27500.0,-419474000.0,609152000.0,0.0,-189678000.0
23/11/2023,7000.0,7230.0,-230.0,-0.03181189,7350.0,7350.0,7000.0,4029747.0,29180116450.0,0.0,0.0,4029747.0,29180116450.0,158300.0,-90100.0,0.0,-68200.0,1148545000.0,-653227000.0,0.0,-495318000.0
22/11/2023,7230.0,7120.0,110.0,0.01544944,7140.0,7270.0,7080.0,3175474.0,22818504280.0,0.0,0.0,3175474.0,22818504280.0,35000.0,-31600.0,0.0,-3400.0,252314000.0,-228038000.0,0.0,-24276000.0
21/11/2023,7120.0,7120.0,0.0,0.0,7190.0,7190.0,7070.0,1970326.0,14029406030.0,0.0,0.0,1970326.0,14029406030.0,97000.0,500.0,0.0,-97500.0,691086000.0,3549000.0,0.0,-694635000.0
20/11/2023,7120.0,7100.0,20.0,0.0028169,6950.0,7140.0,6950.0,1942758.0,13685077180.0,240000.0,1704000000.0,2182758.0,15389077180.0,27800.0,-1300.0,0.0,-26500.0,194402000.0,-9100000.0,0.0,-185302000.0
17/11/2023,7100.0,7050.0,50.0,0.0070922,7080.0,7300.0,7030.0,6471064.0,46474826090.0,0.0,0.0,6471064.0,46474826090.0,-33000.0,150200.0,0.0,-117200.0,-243816000.0,1083918000.0,0.0,-840102000.0
16/11/2023,7050.0,6920.0,130.0,0.01878613,6920.0,7050.0,6890.0,2012254.0,13981537080.0,0.0,0.0,2012254.0,13981537080.0,-104200.0,-200.0,0.0,104400.0,-722985000.0,-1382000.0,0.0,724367000.0
15/11/2023,6920.0,6900.0,20.0,0.00289855,7060.0,7100.0,6900.0,2872174.0,20141450700.0,0.0,0.0,2872174.0,20141450700.0,25000.0,-100.0,0.0,-24900.0,169912000.0,-742000.0,0.0,-169170000.0
14/11/2023,6900.0,6900.0,0.0,0.0,6990.0,7030.0,6880.0,2137824.0,14873695080.0,0.0,0.0,2137824.0,14873695080.0,74900.0,-1600.0,0.0,-73300.0,521225000.0,-11066000.0,0.0,-510159000.0
13/11/2023,6900.0,6910.0,-10.0,-0.00144718,6990.0,7040.0,6790.0,2283469.0,15809703080.0,0.0,0.0,2283469.0,15809703080.0,68700.0,-200.0,0.0,-68500.0,476452000.0,-1393000.0,0.0,-475059000.0
10/11/2023,6910.0,7000.0,-90.0,-0.01285714,6930.0,7170.0,6870.0,2959610.0,20668361560.0,0.0,0.0,2959610.0,20668361560.0,-4800.0,-10600.0,0.0,15400.0,-35682000.0,-73294000.0,0.0,108976000.0
09/11/2023,7000.0,6810.0,190.0,0.02790015,6880.0,7200.0,6840.0,4243914.0,29767241070.0,25000.0,175000000.0,4268914.0,29942241070.0,7000.0,19200.0,0.0,-26200.0,50294000.0,134926000.0,0.0,-185220000.0
08/11/2023,6810.0,6370.0,440.0,0.06907378,6310.0,6810.0,6310.0,3782948.0,25038128580.0,0.0,0.0,3782948.0,25038128580.0,-125100.0,10000.0,0.0,115100.0,-822573000.0,68180000.0,0.0,754393000.0
07/11/2023,6370.0,6470.0,-100.0,-0.01545595,6450.0,6510.0,6370.0,1245535.0,8007519320.0,0.0,0.0,1245535.0,8007519320.0,-18800.0,300.0,0.0,18500.0,-121761000.0,1920000.0,0.0,119841000.0
06/11/2023,6470.0,6390.0,80.0,0.01251956,6510.0,6510.0,6370.0,1888503.0,12132023100.0,0.0,0.0,1888503.0,12132023100.0,-17600.0,-100.0,0.0,17700.0,-114474000.0,-640000.0,0.0,115114000.0
03/11/2023,6390.0,6420.0,-30.0,-0.0046729,6500.0,6500.0,6300.0,1551385.0,9927916020.0,0.0,0.0,1551385.0,9927916020.0,13400.0,0.0,0.0,-13400.0,85452000.0,0.0,0.0,-85452000.0
02/11/2023,6420.0,6000.0,420.0,0.07,6150.0,6420.0,6080.0,2949500.0,18610608760.0,0.0,0.0,2949500.0,18610608760.0,-45600.0,-5800.0,0.0,51400.0,-289331000.0,-36395000.0,0.0,325726000.0
01/11/2023,6000.0,5800.0,200.0,0.03448276,5850.0,6000.0,5770.0,1139069.0,6696185280.0,0.0,0.0,1139069.0,6696185280.0,-102800.0,2400.0,0.0,100400.0,-604799000.0,14025000.0,0.0,590774000.0
31/10/2023,5800.0,5870.0,-70.0,-0.01192504,6010.0,6050.0,5700.0,2338646.0,13863895420.0,69000.0,405030000.0,2407646.0,14268925420.0,-229180.0,98280.0,0.0,130900.0,-1359025000.0,581228000.0,0.0,777797000.0
30/10/2023,5870.0,6300.0,-430.0,-0.06825397,6280.0,6340.0,5870.0,999758.0,6143951530.0,0.0,0.0,999758.0,6143951530.0,-10000.0,-1200.0,0.0,11200.0,-62877000.0,-7494000.0,0.0,70371000.0
27/10/2023,6300.0,6230.0,70.0,0.01123596,6240.0,6390.0,5970.0,1797815.0,11140262660.0,70000.0,436100000.0,1867815.0,11576362660.0,-44100.0,34700.0,0.0,9400.0,-268520000.0,209620000.0,0.0,58900000.0
26/10/2023,6230.0,6690.0,-460.0,-0.06875934,6600.0,6600.0,6230.0,5485550.0,34621537530.0,0.0,0.0,5485550.0,34621537530.0,-105200.0,103900.0,0.0,1300.0,-657645000.0,649489000.0,0.0,8156000.0
25/10/2023,6690.0,6720.0,-30.0,-0.00446429,6750.0,6850.0,6660.0,2487983.0,16800033760.0,1200000.0,8064000000.0,3687983.0,24864033760.0,65300.0,2300.0,0.0,-67600.0,440434000.0,15581000.0,0.0,-456015000.0
24/10/2023,6720.0,6580.0,140.0,0.0212766,6620.0,6750.0,6560.0,1279078.0,8505657130.0,0.0,0.0,1279078.0,8505657130.0,10800.0,-2300.0,0.0,-8500.0,69609000.0,-15272000.0,0.0,-54337000.0
23/10/2023,6580.0,6560.0,20.0,0.00304878,6570.0,6700.0,6570.0,1195344.0,7909067550.0,0.0,0.0,1195344.0,7909067550.0,-13800.0,13800.0,0.0,0.0,-91249000.0,91249000.0,0.0,0.0
20/10/2023,6560.0,6410.0,150.0,0.02340094,6420.0,6660.0,6350.0,1965707.0,12700423040.0,0.0,0.0,1965707.0,12700423040.0,-125100.0,99600.0,0.0,25500.0,-797938000.0,634431000.0,0.0,163507000.0
19/10/2023,6410.0,6600.0,-190.0,-0.02878788,6700.0,6700.0,6410.0,1758027.0,11482803330.0,0.0,0.0,1758027.0,11482803330.0,-120300.0,114200.0,0.0,6100.0,-772077000.0,733127000.0,0.0,38950000.0
18/10/2023,6600.0,6900.0,-300.0,-0.04347826,6900.0,6950.0,6420.0,2965730.0,19898358610.0,0.0,0.0,2965730.0,19898358610.0,-48000.0,40500.0,0.0,7500.0,-323562000.0,276073000.0,0.0,47489000.0
17/10/2023,6900.0,7070.0,-170.0,-0.02404526,7070.0,7120.0,6900.0,1446378.0,10187119130.0,0.0,0.0,1446378.0,10187119130.0,-84800.0,64700.0,0.0,20100.0,-589734000.0,451044000.0,0.0,138690000.0
16/10/2023,7070.0,7170.0,-100.0,-0.013947,7210.0,7230.0,7060.0,1431248.0,10242339530.0,0.0,0.0,1431248.0,10242339530.0,25500.0,-28500.0,0.0,3000.0,182624000.0,-203984000.0,0.0,21360000.0
13/10/2023,7170.0,7190.0,-20.0,-0.00278164,7150.0,7240.0,7030.0,2207188.0,15693580080.0,0.0,0.0,2207188.0,15693580080.0,-70100.0,50200.0,0.0,19900.0,-495374000.0,354028000.0,0.0,141346000.0
12/10/2023,7190.0,7130.0,60.0,0.00841515,7190.0,7300.0,7140.0,2028218.0,14636444390.0,0.0,0.0,2028218.0,14636444390.0,4900.0,5000.0,0.0,-9900.0,35365000.0,35970000.0,0.0,-71335000.0
11/10/2023,7130.0,7110.0,20.0,0.00281294,7110.0,7150.0,7030.0,1504714.0,10669887340.0,0.0,0.0,1504714.0,10669887340.0,-34400.0,63100.0,0.0,-28700.0,-242544000.0,446085000.0,0.0,-203541000.0
10/10/2023,7110.0,6980.0,130.0,0.01862464,7100.0,7150.0,7050.0,2117855.0,15039934170.0,0.0,0.0,2117855.0,15039934170.0,-115100.0,130500.0,0.0,-15400.0,-815800000.0,924900000.0,0.0,-109100000.0
09/10/2023,6980.0,6830.0,150.0,0.02196193,6820.0,6990.0,6820.0,1588068.0,10998741480.0,0.0,0.0,1588068.0,10998741480.0,-7800.0,25500.0,0.0,-17700.0,-55128000.0,175709000.0,0.0,-120581000.0
06/10/2023,6830.0,6800.0,30.0,0.00441176,6800.0,6950.0,6750.0,1782137.0,12171592900.0,0.0,0.0,1782137.0,12171592900.0,-58600.0,15100.0,0.0,43500.0,-401850000.0,103001000.0,0.0,298849000.0
05/10/2023,6800.0,6990.0,-190.0,-0.02718169,7080.0,7080.0,6800.0,2041881.0,14175623240.0,0.0,0.0,2041881.0,14175623240.0,-16900.0,14500.0,0.0,2400.0,-115182000.0,99166000.0,0.0,16016000.0
04/10/2023,6990.0,6960.0,30.0,0.00431034,6800.0,7100.0,6800.0,2786671.0,19470106240.0,0.0,0.0,2786671.0,19470106240.0,-312300.0,259900.0,0.0,52400.0,-2179997000.0,1813529000.0,0.0,366468000.0
03/10/2023,6960.0,7480.0,-520.0,-0.06951872,7460.0,7460.0,6960.0,3850651.0,27430695140.0,3320000.0,24900000000.0,7170651.0,52330695140.0,-350400.0,339500.0,0.0,10900.0,-2456420000.0,2380442000.0,0.0,75978000.0
02/10/2023,7480.0,7400.0,80.0,0.01081081,7440.0,7520.0,7400.0,1668350.0,12462374470.0,1.0,6890.0,1668351.0,12462381360.0,-16800.0,900.0,0.0,15900.0,-125561000.0,6739000.0,0.0,118822000.0
29/09/2023,7400.0,7370.0,30.0,0.00407056,7480.0,7510.0,7380.0,1673641.0,12435612940.0,1.0,6860.0,1673642.0,12435619800.0,4800.0,90600.0,0.0,-95400.0,42004000.0,670440000.0,0.0,-712444000.0
28/09/2023,7370.0,7510.0,-140.0,-0.01864181,7520.0,7520.0,7300.0,1727482.0,12815378900.0,0.0,0.0,1727482.0,12815378900.0,-69900.0,67600.0,0.0,2300.0,-515354000.0,498385000.0,0.0,16969000.0
27/09/2023,7510.0,7400.0,110.0,0.01486486,7400.0,7510.0,7250.0,2677632.0,19741643710.0,0.0,0.0,2677632.0,19741643710.0,-46200.0,31900.0,0.0,14300.0,-338964000.0,233712000.0,0.0,105252000.0
26/09/2023,7400.0,7450.0,-50.0,-0.00671141,7440.0,7600.0,7390.0,3393644.0,25306189560.0,0.0,0.0,3393644.0,25306189560.0,-289500.0,196000.0,0.0,93500.0,-2148540000.0,1450373000.0,0.0,698167000.0
25/09/2023,7450.0,8000.0,-550.0,-0.06875,8000.0,8070.0,7440.0,4116031.0,31889622450.0,0.0,0.0,4116031.0,31889622450.0,-76100.0,70000.0,0.0,6100.0,-581811000.0,539970000.0,0.0,41841000.0
22/09/2023,8000.0,8410.0,-410.0,-0.04875149,8010.0,8220.0,7960.0,5766067.0,46526955340.0,0.0,0.0,5766067.0,46526955340.0,-112200.0,110900.0,0.0,1300.0,-901593000.0,890690000.0,0.0,10903000.0
21/09/2023,8410.0,8560.0,-150.0,-0.01752336,8660.0,8660.0,8380.0,2379392.0,20298099460.0,0.0,0.0,2379392.0,20298099460.0,28200.0,100.0,0.0,-28300.0,241538000.0,857000.0,0.0,-242395000.0
20/09/2023,8560.0,8260.0,300.0,0.03631961,8330.0,8560.0,8260.0,2985008.0,25154770410.0,1.0,7690.0,2985009.0,25154778100.0,-3700.0,-1800.0,0.0,5500.0,-31570000.0,-15174000.0,0.0,46744000.0
19/09/2023,8260.0,8240.0,20.0,0.00242718,8250.0,8330.0,8150.0,3054863.0,25156993010.0,0.0,0.0,3054863.0,25156993010.0,-27400.0,24400.0,0.0,3000.0,-223170000.0,198450000.0,0.0,24720000.0
18/09/2023,8240.0,8400.0,-160.0,-0.01904762,8400.0,8410.0,8200.0,3409737.0,28265842470.0,0.0,0.0,3409737.0,28265842470.0,-43200.0,42800.0,0.0,400.0,-359544000.0,356444000.0,0.0,3100000.0
15/09/2023,8400.0,8390.0,10.0,0.0011919,8500.0,8520.0,8360.0,3264373.0,27469821970.0,0.0,0.0,3264373.0,27469821970.0,34300.0,19600.0,0.0,-53900.0,290197000.0,163943000.0,0.0,-454140000.0
14/09/2023,8390.0,8680.0,-290.0,-0.03341014,8650.0,8730.0,8360.0,6295225.0,53541325760.0,0.0,0.0,6295225.0,53541325760.0,26500.0,-13900.0,0.0,-12600.0,224776000.0,-115846000.0,0.0,-108930000.0
13/09/2023,8680.0,8820.0,-140.0,-0.01587302,8890.0,8950.0,8590.0,5585139.0,49281599090.0,0.0,0.0,5585139.0,49281599090.0,67200.0,-32800.0,0.0,-34400.0,597579000.0,-291653000.0,0.0,-305926000.0
12/09/2023,8820.0,8700.0,120.0,0.0137931,8700.0,8850.0,8570.0,5238870.0,45663764130.0,0.0,0.0,5238870.0,45663764130.0,-72900.0,-900.0,0.0,73800.0,-637465000.0,-7833000.0,0.0,645298000.0
11/09/2023,8700.0,9120.0,-420.0,-0.0461,9120.0,9250.0,8700.0,8237761.0,73551370840.0,640000.0,5824000000.0,8877761.0,79375370840.0,81600.0,800.0,0.0,-82400.0,746182000.0,7319000.0,0.0,-753501000.0
08/09/2023,9120.0,9000.0,120.0,0.01333333,9000.0,9210.0,8860.0,7503129.0,68215335600.0,0.0,0.0,7503129.0,68215335600.0,274200.0,-299600.0,0.0,25400.0,2501168000.0,-2735001000.0,0.0,233833000.0
07/09/2023,9000.0,8940.0,60.0,0.00671141,9100.0,9140.0,8940.0,6463774.0,58445033670.0,230000.0,2056200000.0,6693774.0,60501233670.0,191100.0,-186100.0,0.0,-5000.0,1726568000.0,-1680998000.0,0.0,-45570000.0
06/09/2023,8940.0,8760.0,180.0,0.02054795,8830.0,8950.0,8670.0,7592456.0,67387462260.0,1.0,8150.0,7592457.0,67387470410.0,-140800.0,49500.0,0.0,91300.0,-1248468000.0,436458000.0,0.0,812010000.0
05/09/2023,8760.0,8630.0,130.0,0.01506373,8740.0,8930.0,8740.0,5589515.0,49251441790.0,0.0,0.0,5589515.0,49251441790.0,-28700.0,-9800.0,0.0,38500.0,-253193000.0,-86190000.0,0.0,339383000.0
31/08/2023,8630.0,8500.0,130.0,0.01529412,8510.0,8760.0,8510.0,4908561.0,42518558670.0,0.0,0.0,4908561.0,42518558670.0,-15000.0,29000.0,0.0,-14000.0,-129006000.0,250246000.0,0.0,-121240000.0
30/08/2023,8500.0,8550.0,-50.0,-0.00584795,8620.0,8620.0,8400.0,4076139.0,34664090130.0,0.0,0.0,4076139.0,34664090130.0,-1881.0,-119.0,0.0,2000.0,-15611450.0,-1198550.0,0.0,16810000.0
29/08/2023,8550.0,8490.0,60.0,0.00706714,8510.0,8750.0,8510.0,5004817.0,43165048190.0,0.0,0.0,5004817.0,43165048190.0,38184.0,28416.0,0.0,-66600.0,325753680.0,247817320.0,0.0,-573571000.0
28/08/2023,8490.0,8390.0,100.0,0.01191895,8390.0,8500.0,8310.0,3833057.0,32187978940.0,0.0,0.0,3833057.0,32187978940.0,-21700.0,10000.0,0.0,11700.0,-183408000.0,84009000.0,0.0,99399000.0
25/08/2023,8390.0,8450.0,-60.0,-0.00710059,8450.0,8530.0,8310.0,3778496.0,31831870000.0,0.0,0.0,3778496.0,31831870000.0,261508.0,600.0,0.0,-262108.0,2194835210.0,5041000.0,0.0,-2199876210.0
24/08/2023,8450.0,8100.0,350.0,0.04320988,8200.0,8470.0,8100.0,5029925.0,41640284860.0,0.0,0.0,5029925.0,41640284860.0,83300.0,0.0,0.0,-83300.0,680810000.0,24000.0,0.0,-680834000.0
23/08/2023,8100.0,8060.0,40.0,0.00496278,8210.0,8260.0,8040.0,3738505.0,30482097830.0,920001.0,7415207500.0,4658506.0,37897305330.0,200.0,-200.0,0.0,0.0,1632000.0,-1632000.0,0.0,0.0
22/08/2023,8060.0,8120.0,-60.0,-0.00738916,8250.0,8280.0,7720.0,6280625.0,50469095740.0,0.0,0.0,6280625.0,50469095740.0,-253600.0,45700.0,0.0,207900.0,-2018129000.0,360150000.0,0.0,1657979000.0
21/08/2023,8120.0,8520.0,-400.0,-0.04694836,8250.0,8430.0,8020.0,5908444.0,48590840080.0,0.0,0.0,5908444.0,48590840080.0,-83200.0,-15500.0,0.0,98700.0,-693419000.0,-123844000.0,0.0,817263000.0
18/08/2023,8520.0,9160.0,-640.0,-0.0699,9100.0,9140.0,8520.0,12589754.0,110753189210.0,0.0,0.0,12589754.0,110753189210.0,-211500.0,250500.0,0.0,-39000.0,-1774827000.0,2146637000.0,0.0,-371810000.0
17/08/2023,9160.0,9260.0,-100.0,-0.01079914,9300.0,9390.0,9160.0,8503981.0,78776539940.0,0.0,0.0,8503981.0,78776539940.0,-86392.0,156300.0,0.0,-69908.0,-804011680.0,1446658000.0,0.0,-642646320.0
16/08/2023,9260.0,9400.0,-140.0,-0.01489362,9400.0,9400.0,9250.0,7268352.0,67596855410.0,0.0,0.0,7268352.0,67596855410.0,-30900.0,71400.0,0.0,-40500.0,-284294000.0,660793000.0,0.0,-376499000.0
15/08/2023,9400.0,9530.0,-130.0,-0.01364113,9550.0,9620.0,9400.0,7520982.0,71363989710.0,0.0,0.0,7520982.0,71363989710.0,59800.0,900.0,0.0,-60700.0,567202000.0,8647000.0,0.0,-575849000.0
14/08/2023,9530.0,9300.0,230.0,0.02473118,9400.0,9730.0,9400.0,12780068.0,122213412850.0,0.0,0.0,12780068.0,122213412850.0,286600.0,-332000.0,0.0,45400.0,2751736000.0,-3185052000.0,0.0,433316000.0
11/08/2023,9300.0,9300.0,0.0,0.0,9300.0,9380.0,9050.0,7567587.0,69624002740.0,0.0,0.0,7567587.0,69624002740.0,115300.0,48000.0,0.0,-163300.0,1061887001.0,438155000.0,0.0,-1500042000.0
10/08/2023,9300.0,9000.0,300.0,0.03333333,9050.0,9430.0,9020.0,17867872.0,166205152440.0,0.0,0.0,17867872.0,166205152440.0,-104200.0,-97700.0,0.0,201900.0,-969297000.0,-920762000.0,0.0,1890059000.0
09/08/2023,9000.0,9020.0,-20.0,-0.00221729,9020.0,9140.0,8920.0,4976489.0,44983859430.0,0.0,0.0,4976489.0,44983859430.0,-25700.0,700.0,0.0,25000.0,-233843000.0,6334000.0,0.0,227509000.0
08/08/2023,9020.0,8930.0,90.0,0.01007839,8960.0,9340.0,8960.0,10808674.0,98994581860.0,0.0,0.0,10808674.0,98994581860.0,188302.0,-57302.0,0.0,-131000.0,1719924390.0,-525036390.0,0.0,-1194888000.0
07/08/2023,8930.0,8900.0,30.0,0.00337079,9020.0,9080.0,8860.0,7210376.0,64768673580.0,0.0,0.0,7210376.0,64768673580.0,163200.0,-27700.0,0.0,-135500.0,1458266000.0,-248915000.0,0.0,-1209351000.0
04/08/2023,8900.0,8600.0,300.0,0.03488372,8790.0,9000.0,8680.0,9679312.0,85951348170.0,0.0,0.0,9679312.0,85951348170.0,-81800.0,-16600.0,0.0,98400.0,-735688000.0,-148910000.0,0.0,884598000.0
03/08/2023,8600.0,8800.0,-200.0,-0.02272727,8700.0,8850.0,8600.0,6855970.0,59707790510.0,0.0,0.0,6855970.0,59707790510.0,111400.0,-500.0,0.0,-110900.0,978350000.0,-4370000.0,0.0,-973980000.0
02/08/2023,8800.0,8580.0,220.0,0.02564103,8580.0,8820.0,8500.0,5697161.0,49237190340.0,700000.0,6006000000.0,6397161.0,55243190340.0,-212800.0,-36500.0,0.0,249300.0,-1854840120.0,-316117880.0,0.0,2170958000.0
01/08/2023,8580.0,8850.0,-270.0,-0.03050847,8990.0,8990.0,8580.0,10245207.0,89849980460.0,300000.0,2640000000.0,10545207.0,92489980460.0,196404.0,49100.0,0.0,-245504.0,1747275480.0,420309000.0,0.0,-2167584480.0
31/07/2023,8850.0,9050.0,-200.0,-0.02209945,9050.0,9070.0,8810.0,8910358.0,79385724990.0,0.0,0.0,8910358.0,79385724990.0,82600.0,31900.0,0.0,-114500.0,729551000.0,290951000.0,0.0,-1020502000.0
28/07/2023,9050.0,9000.0,50.0,0.0056,9000.0,9190.0,8920.0,8723759.0,79074199250.0,800000.0,6714000000.0,9523759.0,85788199250.0,-93356.0,125956.0,0.0,-32600.0,-846874000.0,1140854000.0,0.0,-293980000.0
27/07/2023,9000.0,8870.0,130.0,0.01465614,8900.0,9180.0,8820.0,15171492.0,136259094140.0,0.0,0.0,15171492.0,136259094140.0,-23650.0,58200.0,0.0,-34550.0,-210853000.0,520120000.0,0.0,-309267000.0
26/07/2023,8870.0,8900.0,-30.0,-0.00337079,8890.0,8920.0,8810.0,5039622.0,44647571760.0,0.0,0.0,5039622.0,44647571760.0,-164800.0,4500.0,0.0,160300.0,-1460612000.0,39731000.0,0.0,1420881000.0
25/07/2023,8900.0,8900.0,0.0,0.0,8970.0,8970.0,8800.0,9952044.0,88469890380.0,0.0,0.0,9952044.0,88469890380.0,-129900.0,-34400.0,0.0,164300.0,-1157540000.0,-307545000.0,0.0,1465085000.0
24/07/2023,8900.0,8800.0,100.0,0.01136364,8900.0,9050.0,8800.0,10053620.0,89474596080.0,0.0,0.0,10053620.0,89474596080.0,419500.0,-47000.0,0.0,-372500.0,3736338000.0,-422764000.0,0.0,-3313574000.0
21/07/2023,8800.0,8410.0,390.0,0.04637337,8500.0,8890.0,8440.0,12444417.0,107750827380.0,0.0,0.0,12444417.0,107750827380.0,24200.0,-108900.0,0.0,84700.0,236041500.0,-958938000.0,0.0,722896500.0
20/07/2023,8410.0,8300.0,110.0,0.01325301,8300.0,8430.0,8220.0,5176788.0,43161469950.0,0.0,0.0,5176788.0,43161469950.0,-120000.0,500.0,0.0,119500.0,-1000125000.0,4112000.0,0.0,996013000.0
19/07/2023,8300.0,8510.0,-210.0,-0.02467685,8560.0,8620.0,8300.0,8056789.0,68052253910.0,0.0,0.0,8056789.0,68052253910.0,40900.0,-156700.0,0.0,115800.0,319492000.0,-1304197000.0,0.0,984705000.0
18/07/2023,8510.0,8630.0,-120.0,-0.01390498,8630.0,8630.0,8400.0,7888587.0,67140874210.0,0.0,0.0,7888587.0,67140874210.0,156800.0,-78600.0,0.0,-78200.0,1336398000.0,-670472000.0,0.0,-665926000.0
17/07/2023,8630.0,8220.0,410.0,0.0499,8290.0,8750.0,8290.0,13968180.0,119770500850.0,0.0,0.0,13968180.0,119770500850.0,-90455.0,-225500.0,0.0,315955.0,-770672099.0,-1956395000.0,0.0,2727067100.0
14/07/2023,8220.0,8170.0,50.0,0.00611995,8240.0,8240.0,8060.0,7783410.0,63658525140.0,0.0,0.0,7783410.0,63658525140.0,28200.0,-30500.0,0.0,2300.0,230532000.0,-248593000.0,0.0,18061000.0
13/07/2023,8170.0,7940.0,230.0,0.02896725,7990.0,8260.0,7980.0,9523354.0,77265655750.0,0.0,0.0,9523354.0,77265655750.0,6950.0,4950.0,0.0,-11900.0,55502500.0,40137500.0,0.0,-95640000.0
12/07/2023,7940.0,8000.0,-60.0,-0.0075,8000.0,8030.0,7880.0,3223706.0,25621441830.0,0.0,0.0,3223706.0,25621441830.0,-1200.0,6000.0,0.0,-4800.0,-9102000.0,47364000.0,0.0,-38262000.0
11/07/2023,8000.0,8000.0,0.0,0.0,8070.0,8070.0,7970.0,4639036.0,37145944260.0,3100000.0,24800000000.0,7739036.0,61945944260.0,-84500.0,33000.0,0.0,51500.0,-677376000.0,264256000.0,0.0,413120000.0
10/07/2023,8000.0,7870.0,130.0,0.01651842,7870.0,8080.0,7870.0,4231236.0,33846843120.0,0.0,0.0,4231236.0,33846843120.0,-44700.0,-1100.0,0.0,45800.0,-359428000.0,-8844000.0,0.0,368272000.0
07/07/2023,7870.0,7850.0,20.0,0.00254777,7860.0,7910.0,7760.0,2788050.0,21819986660.0,0.0,0.0,2788050.0,21819986660.0,-37800.0,14800.0,0.0,23000.0,-296431000.0,116030000.0,0.0,180401000.0
06/07/2023,7850.0,8000.0,-150.0,-0.01875,8000.0,8030.0,7800.0,4126146.0,32631683820.0,0.0,0.0,4126146.0,32631683820.0,-3900.0,-300.0,0.0,4200.0,-30759000.0,-2357000.0,0.0,33116000.0
05/07/2023,8000.0,7970.0,30.0,0.00376412,8010.0,8040.0,7970.0,3595787.0,28778518920.0,0.0,0.0,3595787.0,28778518920.0,-430.0,-100.0,0.0,530.0,-3454700.0,-790000.0,0.0,4244700.0
04/07/2023,7970.0,7900.0,70.0,0.00886076,7910.0,7970.0,7900.0,2670073.0,21205268290.0,0.0,0.0,2670073.0,21205268290.0,-670.0,650.0,0.0,20.0,-5346860.0,5188460.0,0.0,158400.0
03/07/2023,7900.0,7960.0,-60.0,-0.00753769,7990.0,8020.0,7880.0,2622719.0,20832055090.0,0.0,0.0,2622719.0,20832055090.0,201.0,-200.0,0.0,-1.0,1599950.0,-1592000.0,0.0,-7950.0
30/06/2023,7960.0,8030.0,-70.0,-0.00871731,8030.0,8060.0,7960.0,4865395.0,38920448680.0,0.0,0.0,4865395.0,38920448680.0,-940930.0,937000.0,0.0,3930.0,-7499326200.0,7467770000.0,0.0,31556200.0
29/06/2023,8030.0,8140.0,-110.0,-0.01351351,8180.0,8190.0,8030.0,4477280.0,36332388360.0,0.0,0.0,4477280.0,36332388360.0,18785.0,18715.0,0.0,-37500.0,155325800.0,150145200.0,0.0,-305471000.0
28/06/2023,8140.0,8030.0,110.0,0.01369863,8080.0,8280.0,8040.0,11152893.0,91466214560.0,0.0,0.0,11152893.0,91466214560.0,5443.0,-743.0,0.0,-4700.0,44691440.0,-6018440.0,0.0,-38673000.0
27/06/2023,8030.0,8050.0,-20.0,-0.00248447,8060.0,8110.0,8010.0,3146590.0,25329293530.0,0.0,0.0,3146590.0,25329293530.0,-49330.0,53900.0,0.0,-4570.0,-394167900.0,431770000.0,0.0,-37602100.0
26/06/2023,8050.0,8190.0,-140.0,-0.01709402,8170.0,8250.0,7980.0,5985772.0,48323769310.0,0.0,0.0,5985772.0,48323769310.0,15400.0,-2200.0,0.0,-13200.0,125589000.0,-18306000.0,0.0,-107283000.0
23/06/2023,8190.0,8160.0,30.0,0.00367647,8200.0,8270.0,8140.0,7786353.0,63850441980.0,0.0,0.0,7786353.0,63850441980.0,21900.0,-1100.0,0.0,-20800.0,178330000.0,-9078000.0,0.0,-169252000.0
22/06/2023,8160.0,8010.0,150.0,0.01872659,8060.0,8190.0,8060.0,6863718.0,55870928040.0,0.0,0.0,6863718.0,55870928040.0,-88500.0,47400.0,0.0,41100.0,-720310000.0,385620000.0,0.0,334690000.0
21/06/2023,8010.0,7990.0,20.0,0.00250313,8000.0,8040.0,7960.0,3425810.0,27407470050.0,0.0,0.0,3425810.0,27407470050.0,25680.0,-8300.0,0.0,-17380.0,205442720.0,-66401000.0,0.0,-139041720.0
20/06/2023,7990.0,7750.0,240.0,0.03096774,7800.0,7990.0,7800.0,3513819.0,27723291120.0,0.0,0.0,3513819.0,27723291120.0,-31800.0,-1100.0,0.0,32900.0,-251054000.0,-8709000.0,0.0,259763000.0
19/06/2023,7750.0,8000.0,-250.0,-0.03125,8000.0,8030.0,7740.0,6561870.0,51577684100.0,0.0,0.0,6561870.0,51577684100.0,-80600.0,85000.0,0.0,-4400.0,-632272000.0,666778000.0,0.0,-34506000.0
16/06/2023,8000.0,8030.0,-30.0,-0.00373599,8100.0,8190.0,8000.0,4928962.0,39837979420.0,0.0,0.0,4928962.0,39837979420.0,50100.0,-4400.0,0.0,-45700.0,403002000.0,-35468000.0,0.0,-367534000.0
15/06/2023,8030.0,8050.0,-20.0,-0.00248447,8060.0,8100.0,8000.0,3470220.0,27906512030.0,0.0,0.0,3470220.0,27906512030.0,-18900.0,9300.0,0.0,9600.0,-152369000.0,74977000.0,0.0,77392000.0
14/06/2023,8050.0,8150.0,-100.0,-0.01226994,8200.0,8260.0,8050.0,5933512.0,48408389150.0,0.0,0.0,5933512.0,48408389150.0,10100.0,-2400.0,0.0,-7700.0,82697000.0,-19657000.0,0.0,-63040000.0
13/06/2023,8150.0,8140.0,10.0,0.0012285,8190.0,8290.0,8130.0,6740756.0,55245643370.0,0.0,0.0,6740756.0,55245643370.0,-57900.0,100.0,0.0,57800.0,-475033000.0,777000.0,0.0,474256000.0
12/06/2023,8140.0,8080.0,60.0,0.00742574,8090.0,8150.0,8000.0,3779470.0,30517451830.0,700000.0,5670000000.0,4479470.0,36187451830.0,-19800.0,50500.0,0.0,-30700.0,-155759000.0,404033000.0,0.0,-248274000.0
09/06/2023,8080.0,8100.0,-20.0,-0.00246914,8100.0,8150.0,8000.0,5315823.0,42883442990.0,0.0,0.0,5315823.0,42883442990.0,90900.0,-2500.0,0.0,-88400.0,734109000.0,-20268000.0,0.0,-713841000.0
08/06/2023,8100.0,8280.0,-180.0,-0.02173913,8280.0,8350.0,8100.0,9004383.0,74199635840.0,0.0,0.0,9004383.0,74199635840.0,-136800.0,120700.0,0.0,16100.0,-1115988000.0,982519000.0,0.0,133469000.0
07/06/2023,8280.0,8130.0,150.0,0.01845018,8190.0,8390.0,8160.0,8208314.0,67883678200.0,0.0,0.0,8208314.0,67883678200.0,104100.0,-100400.0,0.0,-3700.0,856603000.0,-826443000.0,0.0,-30160000.0
06/06/2023,8130.0,8040.0,90.0,0.01119403,8040.0,8160.0,8010.0,5077192.0,41023678550.0,0.0,0.0,5077192.0,41023678550.0,-42400.0,-83100.0,0.0,125500.0,-343371000.0,-671608000.0,0.0,1014979000.0
05/06/2023,8040.0,8150.0,-110.0,-0.01349693,8200.0,8210.0,8020.0,8140716.0,66048581830.0,0.0,0.0,8140716.0,66048581830.0,82000.0,-84000.0,0.0,2000.0,668581000.0,-684761000.0,0.0,16180000.0
02/06/2023,8150.0,8260.0,-110.0,-0.01331719,8350.0,8370.0,8120.0,7992108.0,65380479660.0,0.0,0.0,7992108.0,65380479660.0,244200.0,-111000.0,0.0,-133200.0,1996991000.0,-904815000.0,0.0,-1092176000.0
01/06/2023,8260.0,8130.0,130.0,0.01599016,8120.0,8490.0,8120.0,6688465.0,55587120580.0,0.0,0.0,6688465.0,55587120580.0,232800.0,-84200.0,0.0,-148600.0,1924670000.0,-696891000.0,0.0,-1227779000.0
31/05/2023,8130.0,8120.0,10.0,0.00123153,8130.0,8250.0,8080.0,7806295.0,63841851840.0,0.0,0.0,7806295.0,63841851840.0,-256491.0,303400.0,0.0,-46909.0,-2103930920.0,2485295000.0,0.0,-381364080.0
30/05/2023,8120.0,8200.0,-80.0,-0.0097561,8290.0,8320.0,8080.0,6366744.0,52017758220.0,0.0,0.0,6366744.0,52017758220.0,69816.0,15984.0,0.0,-85800.0,570415920.0,131739080.0,0.0,-702155000.0
29/05/2023,8200.0,7900.0,300.0,0.03797468,8030.0,8300.0,7990.0,11014697.0,89915093740.0,2490000.0,19920000000.0,13504697.0,109835093740.0,-271160.0,88960.0,0.0,182200.0,-2219714400.0,728548400.0,0.0,1491166000.0
26/05/2023,7900.0,7750.0,150.0,0.01935484,7840.0,7960.0,7790.0,4198577.0,33024303800.0,0.0,0.0,4198577.0,33024303800.0,-130400.0,-2600.0,0.0,133000.0,-1028807000.0,-20328000.0,0.0,1049135000.0
25/05/2023,7750.0,7840.0,-90.0,-0.01147959,7860.0,7870.0,7750.0,3808314.0,29739595820.0,0.0,0.0,3808314.0,29739595820.0,-5200.0,2100.0,0.0,3100.0,-40014000.0,15741000.0,0.0,24273000.0
24/05/2023,7840.0,7810.0,30.0,0.00384123,7880.0,8000.0,7820.0,5087860.0,40248367720.0,0.0,0.0,5087860.0,40248367720.0,-1000.0,1000.0,0.0,0.0,-7890000.0,7890000.0,0.0,0.0
23/05/2023,7810.0,7950.0,-140.0,-0.01761006,8010.0,8050.0,7800.0,4974045.0,39205425800.0,0.0,0.0,4974045.0,39205425800.0,117500.0,-5800.0,0.0,-111700.0,926677000.0,-46165000.0,0.0,-880512000.0
22/05/2023,7950.0,7660.0,290.0,0.03785901,7800.0,7990.0,7710.0,4977168.0,39008628570.0,0.0,0.0,4977168.0,39008628570.0,-102100.0,15300.0,0.0,86800.0,-803526000.0,118682000.0,0.0,684844000.0
19/05/2023,7660.0,7770.0,-110.0,-0.01415701,7770.0,7850.0,7530.0,6760736.0,52079989180.0,0.0,0.0,6760736.0,52079989180.0,82500.0,29200.0,0.0,-111700.0,642937000.0,223559000.0,0.0,-866496000.0
18/05/2023,7770.0,7760.0,10.0,0.00128866,7780.0,7870.0,7750.0,3801650.0,29648605010.0,0.0,0.0,3801650.0,29648605010.0,24700.0,-17700.0,0.0,-7000.0,184046000.0,-137481000.0,0.0,-46565000.0
17/05/2023,7760.0,7780.0,-20.0,-0.00257069,7800.0,8040.0,7760.0,7860465.0,62095886450.0,0.0,0.0,7860465.0,62095886450.0,94000.0,-24300.0,0.0,-69700.0,745238000.0,-194544000.0,0.0,-550694000.0
16/05/2023,7780.0,7750.0,30.0,0.00387097,7770.0,7890.0,7700.0,5601439.0,43679049850.0,0.0,0.0,5601439.0,43679049850.0,-1600.0,-14900.0,0.0,16500.0,-15301000.0,-115752000.0,0.0,131053000.0
15/05/2023,7750.0,8040.0,-290.0,-0.03606965,8100.0,8150.0,7750.0,8918053.0,70876175820.0,0.0,0.0,8918053.0,70876175820.0,271118.0,14600.0,0.0,-285718.0,2164640731.0,118209000.0,0.0,-2282849730.0
12/05/2023,8040.0,8020.0,20.0,0.00249377,8000.0,8100.0,7870.0,8291968.0,65864223270.0,0.0,0.0,8291968.0,65864223270.0,139640.0,-222400.0,0.0,82760.0,1104456400.0,-1760126000.0,0.0,655669600.0
11/05/2023,8020.0,7800.0,220.0,0.02820513,8080.0,8200.0,7990.0,10428345.0,84386447070.0,0.0,0.0,10428345.0,84386447070.0,24850.0,87500.0,0.0,-112350.0,203407600.0,706473000.0,0.0,-909880600.0
10/05/2023,7800.0,7470.0,330.0,0.04417671,7520.0,7960.0,7480.0,14550400.0,113162539100.0,0.0,0.0,14550400.0,113162539100.0,-409070.0,92700.0,0.0,316370.0,-3194430599.0,720876000.0,0.0,2473554600.0
09/05/2023,7470.0,7580.0,-110.0,-0.01451187,7600.0,7620.0,7470.0,3641771.0,27361143150.0,0.0,0.0,3641771.0,27361143150.0,-17500.0,5700.0,0.0,11800.0,-131852000.0,42706000.0,0.0,89146000.0
08/05/2023,7580.0,7320.0,260.0,0.03551913,7400.0,7580.0,7380.0,4932532.0,37022037360.0,0.0,0.0,4932532.0,37022037360.0,-217200.0,-25500.0,0.0,242700.0,-1636906000.0,-191286000.0,0.0,1828192000.0
05/05/2023,7320.0,7450.0,-130.0,-0.01744966,7450.0,7550.0,7280.0,5803196.0,42794746260.0,420000.0,3129000000.0,6223196.0,45923746260.0,29900.0,-15800.0,0.0,-14100.0,221473000.0,-115210000.0,0.0,-106263000.0
04/05/2023,7450.0,7620.0,-170.0,-0.02230971,7600.0,7650.0,7200.0,8056552.0,60538345410.0,0.0,0.0,8056552.0,60538345410.0,8300.0,900.0,0.0,-9200.0,63510000.0,6894000.0,0.0,-70404000.0
28/04/2023,7620.0,7590.0,30.0,0.00395257,7680.0,7730.0,7570.0,6440574.0,49327391260.0,0.0,0.0,6440574.0,49327391260.0,-48900.0,49600.0,0.0,-700.0,-376358000.0,381728000.0,0.0,-5370000.0
27/04/2023,7590.0,7290.0,300.0,0.04115226,7380.0,7700.0,7300.0,10697564.0,80865156400.0,0.0,0.0,10697564.0,80865156400.0,-41600.0,22600.0,0.0,19000.0,-314867000.0,172726000.0,0.0,142141000.0
26/04/2023,7290.0,7200.0,90.0,0.0125,7250.0,7290.0,7160.0,3873323.0,28038373460.0,0.0,0.0,3873323.0,28038373460.0,30900.0,4600.0,0.0,-35500.0,221720000.0,33040000.0,0.0,-254760000.0
25/04/2023,7200.0,7330.0,-130.0,-0.01773533,7400.0,7440.0,7100.0,4024194.0,29462419650.0,0.0,0.0,4024194.0,29462419650.0,283500.0,-700.0,0.0,-282800.0,2087926000.0,-5161000.0,0.0,-2082765000.0
24/04/2023,7330.0,7090.0,240.0,0.03385049,7130.0,7400.0,7060.0,5863380.0,42751996800.0,0.0,0.0,5863380.0,42751996800.0,51345.0,67100.0,0.0,-118445.0,367187400.0,494933000.0,0.0,-862120400.0
21/04/2023,7090.0,7010.0,80.0,0.01141227,7050.0,7160.0,7000.0,4222523.0,29897825930.0,0.0,0.0,4222523.0,29897825930.0,3440.0,5600.0,0.0,-9040.0,24085200.0,39640000.0,0.0,-63725200.0
20/04/2023,7010.0,7080.0,-70.0,-0.00988701,7100.0,7160.0,6950.0,3695674.0,26097936840.0,0.0,0.0,3695674.0,26097936840.0,106800.0,-200.0,0.0,-106600.0,753624000.0,-1437000.0,0.0,-752187000.0
19/04/2023,7080.0,7310.0,-230.0,-0.03146375,7360.0,7370.0,7080.0,4067146.0,29346532170.0,0.0,0.0,4067146.0,29346532170.0,-14500.0,500.0,0.0,14000.0,-105931000.0,3751000.0,0.0,102180000.0
18/04/2023,7310.0,7090.0,220.0,0.03102962,7150.0,7400.0,7080.0,3673420.0,26497182240.0,0.0,0.0,3673420.0,26497182240.0,-132800.0,-2100.0,0.0,134900.0,-953922000.0,-15126000.0,0.0,969048000.0
17/04/2023,7090.0,7010.0,80.0,0.01141227,7070.0,7150.0,6950.0,4174632.0,29599040290.0,180000.0,1278000000.0,4354632.0,30877040290.0,-316195.0,14395.0,0.0,301800.0,-2246190750.0,100713750.0,0.0,2145477000.0
14/04/2023,7010.0,7530.0,-520.0,-0.0690571,7600.0,7620.0,7010.0,9933753.0,72358985570.0,6323656.0,48692151200.0,16257409.0,121051136770.0,-247300.0,320600.0,0.0,-73300.0,-1819234000.0,2359957000.0,0.0,-540723000.0
13/04/2023,7530.0,7740.0,-210.0,-0.02713178,7770.0,7800.0,7510.0,5024796.0,38266287000.0,700000.0,5390000000.0,5724796.0,43656287000.0,1900.0,-100.0,0.0,-1800.0,14776000.0,-890000.0,0.0,-13886000.0
12/04/2023,7740.0,7740.0,0.0,0.0,7750.0,7870.0,7610.0,8732701.0,67622814760.0,0.0,0.0,8732701.0,67622814760.0,79166.0,43200.0,0.0,-122366.0,601517000.0,337893000.0,0.0,-939410000.0
11/04/2023,7740.0,7700.0,40.0,0.00519481,7600.0,7740.0,7320.0,8243185.0,62005821410.0,0.0,0.0,8243185.0,62005821410.0,-1200.0,-4800.0,0.0,6000.0,-9552000.0,-35148000.0,0.0,44700000.0
10/04/2023,7700.0,7800.0,-100.0,-0.01282051,7900.0,7970.0,7400.0,11280667.0,87123491430.0,0.0,0.0,11280667.0,87123491430.0,-13497.0,14297.0,0.0,-800.0,-102502600.0,108942600.0,0.0,-6440000.0
07/04/2023,7800.0,7470.0,330.0,0.04417671,7520.0,7800.0,7410.0,9177152.0,69231585380.0,0.0,0.0,9177152.0,69231585380.0,-23300.0,-3700.0,0.0,27000.0,-181199001.0,-27820000.0,0.0,209019000.0
06/04/2023,7470.0,7470.0,0.0,0.0,7590.0,7990.0,7470.0,17081152.0,133280529990.0,307000.0,2287650000.0,17388152.0,135568179990.0,398724.0,-526324.0,0.0,127600.0,3150203041.0,-4101821040.0,0.0,951618000.0
05/04/2023,7470.0,7400.0,70.0,0.00945946,7350.0,7550.0,7350.0,10329465.0,76678257370.0,25100.0,198541000.0,10354565.0,76876798370.0,18300.0,1500.0,0.0,-19800.0,136266000.0,10990000.0,0.0,-147256000.0
04/04/2023,7400.0,7270.0,130.0,0.01788171,7500.0,7590.0,7400.0,15241750.0,113929919500.0,0.0,0.0,15241750.0,113929919500.0,743700.0,-745000.0,0.0,1300.0,5534798000.0,-5544394000.0,0.0,9596000.0
03/04/2023,7270.0,6800.0,470.0,0.06911765,7200.0,7270.0,7090.0,10453935.0,75623419760.0,20000.0,126600000.0,10473935.0,75750019760.0,1081510.0,-1106200.0,0.0,24690.0,7862172700.0,-8041969000.0,0.0,179796300.0
31/03/2023,6800.0,6690.0,110.0,0.01644245,6700.0,6820.0,6630.0,5788186.0,39015437990.0,0.0,0.0,5788186.0,39015437990.0,-514500.0,497500.0,0.0,17000.0,-3455002000.0,3339582000.0,0.0,115420000.0
30/03/2023,6690.0,6690.0,0.0,0.0,6830.0,6850.0,6690.0,4736347.0,32027193510.0,0.0,0.0,4736347.0,32027193510.0,51080.0,20.0,0.0,-51100.0,345862600.0,79400.0,0.0,-345942000.0
29/03/2023,6690.0,6700.0,-10.0,-0.00149254,6730.0,6750.0,6610.0,4115919.0,27453311710.0,1150548.0,7708671600.0,5266467.0,35161983310.0,-6800.0,1300.0,0.0,5500.0,-45400000.0,8658000.0,0.0,36742000.0
28/03/2023,6700.0,6710.0,-10.0,-0.00149031,6790.0,6960.0,6700.0,6526097.0,44405955160.0,0.0,0.0,6526097.0,44405955160.0,151600.0,-140300.0,0.0,-11300.0,1033111000.0,-954051000.0,0.0,-79060000.0
27/03/2023,6710.0,6660.0,50.0,0.00750751,6700.0,6790.0,6660.0,4058496.0,27308652690.0,0.0,0.0,4058496.0,27308652690.0,-22400.0,200.0,0.0,22200.0,-151527000.0,1361000.0,0.0,150166000.0
24/03/2023,6660.0,6500.0,160.0,0.02461538,6560.0,6790.0,6560.0,5452406.0,36347678030.0,0.0,0.0,5452406.0,36347678030.0,16600.0,11100.0,0.0,-27700.0,111860000.0,73625000.0,0.0,-185485000.0
23/03/2023,6500.0,6500.0,0.0,0.0,6460.0,6500.0,6410.0,2337403.0,15114490810.0,0.0,0.0,2337403.0,15114490810.0,97000.0,-100100.0,0.0,3100.0,624793000.0,-644846000.0,0.0,20053000.0
22/03/2023,6500.0,6440.0,60.0,0.00931677,6470.0,6610.0,6470.0,3770783.0,24666443490.0,0.0,0.0,3770783.0,24666443490.0,400.0,-400.0,0.0,0.0,2609000.0,-2609000.0,0.0,0.0
21/03/2023,6440.0,6400.0,40.0,0.00625,6460.0,6500.0,6350.0,2327614.0,14951233510.0,0.0,0.0,2327614.0,14951233510.0,-33100.0,21900.0,0.0,11200.0,-211410000.0,139100000.0,0.0,72310000.0
20/03/2023,6400.0,6480.0,-80.0,-0.01234568,6500.0,6580.0,6400.0,3064530.0,19814940680.0,0.0,0.0,3064530.0,19814940680.0,300.0,0.0,0.0,-300.0,1976000.0,2000.0,0.0,-1978000.0
17/03/2023,6480.0,6490.0,-10.0,-0.00154083,6630.0,6630.0,6480.0,2857452.0,18683094020.0,0.0,0.0,2857452.0,18683094020.0,-44700.0,10700.0,0.0,34000.0,-292915000.0,70585000.0,0.0,222330000.0
16/03/2023,6490.0,6700.0,-210.0,-0.03134328,6640.0,6650.0,6480.0,4030873.0,26396780600.0,0.0,0.0,4030873.0,26396780600.0,2100.0,300.0,0.0,-2400.0,13939000.0,1990000.0,0.0,-15929000.0
15/03/2023,6700.0,6320.0,380.0,0.06012658,6560.0,6730.0,6450.0,6074596.0,40106045160.0,0.0,0.0,6074596.0,40106045160.0,31600.0,100.0,0.0,-31700.0,209470000.0,637000.0,0.0,-210107000.0
14/03/2023,6320.0,6560.0,-240.0,-0.03658537,6640.0,6650.0,6270.0,5285812.0,33804300720.0,0.0,0.0,5285812.0,33804300720.0,-78100.0,101400.0,0.0,-23300.0,-490762000.0,639159000.0,0.0,-148397000.0
13/03/2023,6560.0,6510.0,50.0,0.00768049,6500.0,6750.0,6500.0,6451203.0,42849203630.0,4600000.0,30130000000.0,11051203.0,72979203630.0,852200.0,-499200.0,0.0,-353000.0,5627000000.0,-3307064000.0,0.0,-2319936000.0
10/03/2023,6510.0,6680.0,-170.0,-0.0254491,6640.0,6750.0,6510.0,4475352.0,29466994270.0,790000.0,5277200000.0,5265352.0,34744194270.0,161300.0,-2600.0,0.0,-158700.0,1066179000.0,-17299000.0,0.0,-1048880000.0
09/03/2023,6680.0,6780.0,-100.0,-0.01474926,6820.0,6880.0,6680.0,4114128.0,27783565330.0,0.0,0.0,4114128.0,27783565330.0,-54900.0,75000.0,0.0,-20100.0,-369228000.0,504021000.0,0.0,-134793000.0
08/03/2023,6780.0,6540.0,240.0,0.03669725,6490.0,6900.0,6430.0,7464410.0,49627346940.0,0.0,0.0,7464410.0,49627346940.0,-273300.0,198100.0,0.0,75200.0,-1817425000.0,1319976000.0,0.0,497449000.0
07/03/2023,6540.0,6680.0,-140.0,-0.02095808,6710.0,6730.0,6500.0,4424029.0,29045876700.0,0.0,0.0,4424029.0,29045876700.0,77090.0,2100.0,0.0,-79190.0,503344899.0,13671000.0,0.0,-517015900.0
06/03/2023,6680.0,6250.0,430.0,0.0688,6500.0,6680.0,6490.0,7124083.0,47361726240.0,0.0,0.0,7124083.0,47361726240.0,-53159.0,-21041.0,0.0,74200.0,-352100200.0,-140070800.0,0.0,492171000.0
03/03/2023,6250.0,6620.0,-370.0,-0.05589124,6600.0,6690.0,6250.0,6512249.0,41900672930.0,0.0,0.0,6512249.0,41900672930.0,-536500.0,499200.0,0.0,37300.0,-3407311000.0,3175427000.0,0.0,231884000.0
02/03/2023,6620.0,6580.0,40.0,0.00607903,6600.0,6880.0,6550.0,5181763.0,34639789440.0,1275000.0,8859000000.0,6456763.0,43498789440.0,29318.0,-5800.0,0.0,-23518.0,191692600.0,-39684000.0,0.0,-152008600.0
01/03/2023,6580.0,6510.0,70.0,0.01075269,6320.0,6580.0,6200.0,7847837.0,50363593390.0,0.0,0.0,7847837.0,50363593390.0,-248100.0,138400.0,0.0,109700.0,-1609941000.0,903026000.0,0.0,706915000.0
28/02/2023,6510.0,7000.0,-490.0,-0.07,7180.0,7200.0,6510.0,13692427.0,91249820180.0,2200000.0,15400000000.0,15892427.0,106649820180.0,-721900.0,962000.0,0.0,-240100.0,-4670014000.0,6329330000.0,0.0,-1659316000.0
27/02/2023,7000.0,6990.0,10.0,0.00143062,6880.0,7400.0,6750.0,14294253.0,102309300490.0,0.0,0.0,14294253.0,102309300490.0,47420.0,-119320.0,0.0,71900.0,343955800.0,-843451800.0,0.0,499496000.0
24/02/2023,6990.0,6740.0,250.0,0.03709199,6800.0,7160.0,6730.0,13472873.0,93709863090.0,30000.0,188100000.0,13502873.0,93897963090.0,-16102.0,-261300.0,0.0,277402.0,-101249760.0,-1813476000.0,0.0,1914725760.0
23/02/2023,6740.0,6770.0,-30.0,-0.00443131,6840.0,6920.0,6400.0,7858265.0,52465416450.0,0.0,0.0,7858265.0,52465416450.0,17200.0,-5200.0,0.0,-12000.0,111032000.0,-29887000.0,0.0,-81145000.0
22/02/2023,6770.0,6630.0,140.0,0.02111614,6500.0,7090.0,6400.0,18107897.0,124367024890.0,0.0,0.0,18107897.0,124367024890.0,711900.0,-808900.0,0.0,97000.0,5092258000.0,-5776108000.0,0.0,683850000.0
21/02/2023,6630.0,6500.0,130.0,0.02,6900.0,6940.0,6610.0,16325263.0,110986725390.0,0.0,0.0,16325263.0,110986725390.0,470400.0,-474900.0,0.0,4500.0,3200987000.0,-3233596000.0,0.0,32609000.0
20/02/2023,6500.0,6080.0,420.0,0.06907895,6450.0,6500.0,6430.0,5399329.0,35039143820.0,0.0,0.0,5399329.0,35039143820.0,141500.0,-141400.0,0.0,-100.0,919750000.0,-919100000.0,0.0,-650000.0
17/02/2023,6080.0,5900.0,180.0,0.03050847,5900.0,6150.0,5900.0,4988822.0,30059174940.0,0.0,0.0,4988822.0,30059174940.0,-169100.0,128800.0,0.0,40300.0,-1019865000.0,775184000.0,0.0,244681000.0
16/02/2023,5900.0,5850.0,50.0,0.00854701,5920.0,5980.0,5860.0,2467613.0,14583605820.0,0.0,0.0,2467613.0,14583605820.0,-14100.0,-2400.0,0.0,16500.0,-83651000.0,-14172000.0,0.0,97823000.0
15/02/2023,5850.0,5530.0,320.0,0.05786618,5590.0,5880.0,5540.0,2658047.0,15309300770.0,0.0,0.0,2658047.0,15309300770.0,6200.0,-400.0,0.0,-5800.0,34676000.0,-2295000.0,0.0,-32381000.0
14/02/2023,5530.0,5500.0,30.0,0.00545455,5570.0,5610.0,5500.0,1166582.0,6487113830.0,0.0,0.0,1166582.0,6487113830.0,-3700.0,3700.0,0.0,0.0,-20591000.0,20591000.0,0.0,0.0
13/02/2023,5500.0,5850.0,-350.0,-0.05982906,5820.0,5840.0,5480.0,3885992.0,21747952740.0,0.0,0.0,3885992.0,21747952740.0,41800.0,0.0,0.0,-41800.0,243355000.0,-18000.0,0.0,-243337000.0
10/02/2023,5850.0,6080.0,-230.0,-0.03782895,6060.0,6120.0,5850.0,3219782.0,19160817520.0,0.0,0.0,3219782.0,19160817520.0,18700.0,-100.0,0.0,-18600.0,119765000.0,-609000.0,0.0,-119156000.0
09/02/2023,6080.0,6200.0,-120.0,-0.01935484,6200.0,6300.0,6080.0,1446833.0,8928905350.0,0.0,0.0,1446833.0,8928905350.0,-400.0,-200.0,0.0,600.0,-2098000.0,-1230000.0,0.0,3328000.0
08/02/2023,6200.0,6090.0,110.0,0.0180624,6150.0,6370.0,5990.0,3505673.0,21514940270.0,0.0,0.0,3505673.0,21514940270.0,-49363.0,2160.0,0.0,47203.0,-304812850.0,13112580.0,0.0,291700270.0
07/02/2023,6090.0,6300.0,-210.0,-0.03333333,6390.0,6550.0,6000.0,5329001.0,33686379920.0,0.0,0.0,5329001.0,33686379920.0,-120500.0,27500.0,0.0,93000.0,-766473000.0,168098000.0,0.0,598375000.0
06/02/2023,6300.0,6000.0,300.0,0.05,6130.0,6300.0,6020.0,4134299.0,25589283980.0,0.0,0.0,4134299.0,25589283980.0,-70500.0,38900.0,0.0,31600.0,-436551000.0,241657000.0,0.0,194894000.0
03/02/2023,6000.0,5860.0,140.0,0.02389078,5910.0,6120.0,5890.0,2758098.0,16477900620.0,0.0,0.0,2758098.0,16477900620.0,70800.0,1400.0,0.0,-72200.0,423581000.0,8193000.0,0.0,-431774000.0
02/02/2023,5860.0,6000.0,-140.0,-0.02333333,6100.0,6190.0,5820.0,3260598.0,19396602150.0,0.0,0.0,3260598.0,19396602150.0,47900.0,4700.0,0.0,-52600.0,284041000.0,28089000.0,0.0,-312130000.0
01/02/2023,6000.0,6450.0,-450.0,-0.06976744,6580.0,6600.0,6000.0,8296438.0,52810232190.0,800000.0,5160000000.0,9096438.0,57970232190.0,-82000.0,99700.0,0.0,-17700.0,-473286000.0,598048000.0,0.0,-124762000.0
31/01/2023,6450.0,6380.0,70.0,0.01097179,6390.0,6500.0,6250.0,5449750.0,34852877320.0,0.0,0.0,5449750.0,34852877320.0,102700.0,-59400.0,0.0,-43300.0,656006000.0,-380567000.0,0.0,-275439000.0
30/01/2023,6380.0,6200.0,180.0,0.02903226,6200.0,6600.0,6200.0,8657335.0,56027182000.0,0.0,0.0,8657335.0,56027182000.0,27200.0,-9700.0,0.0,-17500.0,174071000.0,-61339000.0,0.0,-112732000.0
27/01/2023,6200.0,6100.0,100.0,0.01639344,6170.0,6300.0,6090.0,5449283.0,33719700380.0,0.0,0.0,5449283.0,33719700380.0,112500.0,-124400.0,0.0,11900.0,690557000.0,-765839000.0,0.0,75282000.0
19/01/2023,6100.0,6090.0,10.0,0.00164204,6300.0,6300.0,6090.0,3931872.0,24232683230.0,0.0,0.0,3931872.0,24232683230.0,-3500.0,20000.0,0.0,-16500.0,-22536000.0,124306000.0,0.0,-101770000.0
18/01/2023,6090.0,5700.0,390.0,0.06842105,5630.0,6090.0,5630.0,9222099.0,54705557050.0,0.0,0.0,9222099.0,54705557050.0,-23508.0,200.0,0.0,23308.0,-115377720.0,-18849000.0,0.0,134226720.0
17/01/2023,5700.0,5530.0,170.0,0.03074141,5620.0,5700.0,5530.0,2363568.0,13321275070.0,260000.0,1482000000.0,2623568.0,14803275070.0,-82000.0,2400.0,0.0,79600.0,-462851000.0,13541000.0,0.0,449310000.0
16/01/2023,5530.0,5610.0,-80.0,-0.01426025,5690.0,5690.0,5510.0,1144604.0,6377588270.0,0.0,0.0,1144604.0,6377588270.0,75700.0,-51600.0,0.0,-24100.0,421164000.0,-286436000.0,0.0,-134728000.0
13/01/2023,5610.0,5690.0,-80.0,-0.01405975,5720.0,5790.0,5590.0,2140532.0,12125121280.0,0.0,0.0,2140532.0,12125121280.0,31700.0,17600.0,0.0,-49300.0,182107000.0,98733000.0,0.0,-280840000.0
12/01/2023,5690.0,5700.0,-10.0,-0.00175439,5800.0,5800.0,5610.0,769323.0,4376240610.0,0.0,0.0,769323.0,4376240610.0,9700.0,-9700.0,0.0,0.0,54745000.0,-54745000.0,0.0,0.0
11/01/2023,5700.0,5600.0,100.0,0.01785714,5620.0,5820.0,5620.0,2759485.0,15814032180.0,0.0,0.0,2759485.0,15814032180.0,-27800.0,300.0,0.0,27500.0,-160630000.0,1887000.0,0.0,158743000.0
10/01/2023,5600.0,5600.0,0.0,0.0,5630.0,5700.0,5430.0,1362248.0,7578655870.0,0.0,0.0,1362248.0,7578655870.0,47900.0,-29900.0,0.0,-18000.0,261732000.0,-164822000.0,0.0,-96910000.0
09/01/2023,5600.0,5600.0,0.0,0.0,5700.0,5720.0,5590.0,1308437.0,7405058220.0,0.0,0.0,1308437.0,7405058220.0,39700.0,-21300.0,0.0,-18400.0,223953000.0,-120343000.0,0.0,-103610000.0
06/01/2023,5600.0,5820.0,-220.0,-0.03780069,5850.0,5920.0,5600.0,2336024.0,13418557530.0,0.0,0.0,2336024.0,13418557530.0,94800.0,600.0,0.0,-95400.0,547384000.0,3506000.0,0.0,-550890000.0
05/01/2023,5820.0,5820.0,0.0,0.0,5900.0,5990.0,5690.0,1767966.0,10238825890.0,0.0,0.0,1767966.0,10238825890.0,-24500.0,38600.0,0.0,-14100.0,-144115000.0,225173000.0,0.0,-81058000.0
04/01/2023,5820.0,5880.0,-60.0,-0.01020408,6110.0,6150.0,5820.0,5370682.0,32009640290.0,30000.0,171000000.0,5400682.0,32180640290.0,131000.0,1400.0,0.0,-132400.0,773534000.0,8366000.0,0.0,-781900000.0
03/01/2023,5880.0,5500.0,380.0,0.06909091,5500.0,5880.0,5500.0,6373473.0,37044276000.0,1000000.0,5500000000.0,7373473.0,42544276000.0,957100.0,-1075400.0,0.0,118300.0,5656625000.0,-6339766000.0,0.0,683141000.0
30/12/2022,5500.0,5600.0,-100.0,-0.01785714,5700.0,5790.0,5400.0,2311131.0,12929507730.0,0.0,0.0,2311131.0,12929507730.0,77800.0,2000.0,0.0,-79800.0,431637000.0,11195000.0,0.0,-442832000.0
29/12/2022,5600.0,5590.0,10.0,0.00178891,5600.0,5940.0,5300.0,2595395.0,14887317210.0,0.0,0.0,2595395.0,14887317210.0,49405.0,-5.0,0.0,-49400.0,276654800.0,-3800.0,0.0,-276651000.0
28/12/2022,5590.0,5500.0,90.0,0.01636364,5640.0,5640.0,5460.0,1559729.0,8621085690.0,0.0,0.0,1559729.0,8621085690.0,190868.0,-268.0,0.0,-190600.0,1050511639.0,-1477640.0,0.0,-1049034000.0
27/12/2022,5500.0,5210.0,290.0,0.05566219,5060.0,5500.0,5060.0,1888954.0,10003094820.0,0.0,0.0,1888954.0,10003094820.0,-286900.0,45600.0,0.0,241300.0,-1507058000.0,238256000.0,0.0,1268802000.0
26/12/2022,5210.0,5600.0,-390.0,-0.06964286,5600.0,5680.0,5210.0,3993520.0,21125185450.0,0.0,0.0,3993520.0,21125185450.0,-874415.0,1007800.0,0.0,-133385.0,-4523643401.0,5250470000.0,0.0,-726826600.0
23/12/2022,5600.0,5700.0,-100.0,-0.01754386,5700.0,5800.0,5590.0,1669449.0,9447230150.0,0.0,0.0,1669449.0,9447230150.0,245100.0,100.0,0.0,-245200.0,1384778000.0,561000.0,0.0,-1385339000.0
22/12/2022,5700.0,5800.0,-100.0,-0.01724138,5950.0,5950.0,5600.0,2320287.0,13358648680.0,122752.0,675136000.0,2443039.0,14033784680.0,323000.0,25000.0,0.0,-348000.0,1861388000.0,147426000.0,0.0,-2008814000.0
21/12/2022,5800.0,5920.0,-120.0,-0.02027027,6170.0,6170.0,5510.0,3621350.0,20655893700.0,0.0,0.0,3621350.0,20655893700.0,247133.0,129267.0,0.0,-376400.0,1490280410.0,712450590.0,0.0,-2202731000.0
20/12/2022,5920.0,6110.0,-190.0,-0.03109656,6050.0,6110.0,5690.0,7596952.0,44428682470.0,0.0,0.0,7596952.0,44428682470.0,-186500.0,-2800.0,0.0,189300.0,-1070606000.0,-17314000.0,0.0,1087920000.0
19/12/2022,6110.0,6560.0,-450.0,-0.06859756,6570.0,6660.0,6110.0,9162979.0,58611890900.0,0.0,0.0,9162979.0,58611890900.0,201492.0,1508.0,0.0,-203000.0,1308653280.0,9794720.0,0.0,-1318448000.0
16/12/2022,6560.0,6500.0,60.0,0.00923077,6400.0,6750.0,6300.0,6835775.0,44796022860.0,0.0,0.0,6835775.0,44796022860.0,440700.0,-405700.0,0.0,-35000.0,2921733000.0,-2691849000.0,0.0,-229884000.0
15/12/2022,6500.0,6340.0,160.0,0.02523659,6480.0,6590.0,6300.0,5709657.0,37025322740.0,600000.0,3804000000.0,6309657.0,40829322740.0,-99900.0,-159400.0,0.0,259300.0,-670369000.0,-1033716000.0,0.0,1704085000.0
14/12/2022,6340.0,5930.0,410.0,0.06913997,6100.0,6340.0,6050.0,10756274.0,68065258170.0,0.0,0.0,10756274.0,68065258170.0,2019900.0,-2014600.0,0.0,-5300.0,12805174000.0,-12772292000.0,0.0,-32882000.0
13/12/2022,5930.0,5610.0,320.0,0.057041,5620.0,5930.0,5540.0,2995868.0,17023539550.0,0.0,0.0,2995868.0,17023539550.0,-143200.0,80500.0,0.0,62700.0,-812530000.0,455691000.0,0.0,356839000.0
12/12/2022,5610.0,5920.0,-310.0,-0.05236486,6020.0,6190.0,5610.0,4691459.0,28095787070.0,2680000.0,16348000000.0,7371459.0,44443787070.0,-128840.0,-200.0,0.0,129040.0,-775180800.0,-1224000.0,0.0,776404800.0
09/12/2022,5920.0,6020.0,-100.0,-0.0166113,6020.0,6250.0,5890.0,3446414.0,20632487100.0,0.0,0.0,3446414.0,20632487100.0,187100.0,-500.0,0.0,-186600.0,1121735000.0,-3016000.0,0.0,-1118719000.0
08/12/2022,6020.0,5630.0,390.0,0.06927176,5800.0,6020.0,5720.0,4906074.0,29278990900.0,0.0,0.0,4906074.0,29278990900.0,-104800.0,-3600.0,0.0,108400.0,-633540000.0,-21743000.0,0.0,655283000.0
07/12/2022,5630.0,6050.0,-420.0,-0.06942149,5770.0,6000.0,5630.0,6161639.0,35072011640.0,0.0,0.0,6161639.0,35072011640.0,-987700.0,1302500.0,0.0,-314800.0,-5556135000.0,7332338000.0,0.0,-1776203000.0
06/12/2022,6050.0,6500.0,-450.0,-0.06923077,6300.0,6390.0,6050.0,8256948.0,50954262110.0,0.0,0.0,8256948.0,50954262110.0,-484588.0,633100.0,0.0,-148512.0,-2901895400.0,3822517000.0,0.0,-920621600.0
05/12/2022,6500.0,6600.0,-100.0,-0.01515152,6800.0,6800.0,6490.0,7710062.0,50936847230.0,0.0,0.0,7710062.0,50936847230.0,448844.0,-34694.0,0.0,-414150.0,2962013630.0,-229843780.0,0.0,-2732169850.0
02/12/2022,6600.0,6400.0,200.0,0.03125,6200.0,6660.0,6060.0,6682711.0,42223129450.0,515310.0,3524720400.0,7198021.0,45747849850.0,-49349.0,-43526.0,0.0,92875.0,-293502200.0,-289395600.0,0.0,582897800.0
01/12/2022,6400.0,6320.0,80.0,0.01265823,6500.0,6760.0,6170.0,8688602.0,57374195260.0,0.0,0.0,8688602.0,57374195260.0,107300.0,36500.0,0.0,-143800.0,706806000.0,252920000.0,0.0,-959726000.0
30/11/2022,6320.0,6080.0,240.0,0.03947368,6100.0,6410.0,5810.0,5125168.0,31715344580.0,6441386.0,39163626880.0,11566554.0,70878971460.0,143300.0,-4700.0,0.0,-138600.0,880310000.0,-29219000.0,0.0,-851091000.0
29/11/2022,6080.0,5690.0,390.0,0.0685413,6050.0,6080.0,5600.0,11090231.0,66012724950.0,0.0,0.0,11090231.0,66012724950.0,54400.0,154700.0,0.0,-209100.0,343839000.0,892823000.0,0.0,-1236662000.0
28/11/2022,5690.0,5320.0,370.0,0.06954887,5690.0,5690.0,5520.0,2355938.0,13404027020.0,0.0,0.0,2355938.0,13404027020.0,600.0,-600.0,0.0,0.0,3415000.0,-3415000.0,0.0,0.0
25/11/2022,5320.0,4980.0,340.0,0.06827309,5190.0,5320.0,5100.0,7389537.0,38982082950.0,0.0,0.0,7389537.0,38982082950.0,2645700.0,-2749900.0,0.0,104200.0,13930816000.0,-14485533000.0,0.0,554717000.0
24/11/2022,4980.0,4870.0,110.0,0.02258727,4870.0,5100.0,4790.0,3116659.0,15332219820.0,0.0,0.0,3116659.0,15332219820.0,-85400.0,-19400.0,0.0,104800.0,-417753000.0,-97002000.0,0.0,514755000.0
23/11/2022,4870.0,5110.0,-240.0,-0.04696673,5130.0,5210.0,4850.0,4328932.0,21599677840.0,0.0,0.0,4328932.0,21599677840.0,418700.0,-360900.0,0.0,-57800.0,2082340000.0,-1784851000.0,0.0,-297489000.0
22/11/2022,5110.0,5000.0,110.0,0.022,5250.0,5350.0,5030.0,8087385.0,42905840080.0,0.0,0.0,8087385.0,42905840080.0,1120900.0,-973600.0,0.0,-147300.0,5998296000.0,-5210959000.0,0.0,-787337000.0
21/11/2022,5000.0,4710.0,290.0,0.06157113,4910.0,5010.0,4800.0,4453064.0,21954187240.0,0.0,0.0,4453064.0,21954187240.0,921103.0,-699103.0,-3.0,-222000.0,4537608880.0,-3442684880.0,-15000.0,-1094924000.0
18/11/2022,4710.0,4410.0,300.0,0.06802721,4480.0,4710.0,4210.0,5920504.0,26854988980.0,0.0,0.0,5920504.0,26854988980.0,638300.0,-644300.0,0.0,6000.0,2884061000.0,-2910928000.0,0.0,26867000.0
17/11/2022,4410.0,4130.0,280.0,0.06779661,4200.0,4410.0,4200.0,4234237.0,18600742170.0,0.0,0.0,4234237.0,18600742170.0,-583600.0,292800.0,0.0,290800.0,-2567695000.0,1288196000.0,0.0,1279499000.0
16/11/2022,4130.0,3860.0,270.0,0.06994819,3590.0,4130.0,3590.0,6340685.0,23903118500.0,0.0,0.0,6340685.0,23903118500.0,-459600.0,-1800.0,10500.0,461400.0,-1756705000.0,-4284000.0,39966000.0,1760989000.0
15/11/2022,3860.0,4150.0,-290.0,-0.06987952,3860.0,3950.0,3860.0,7035494.0,27160077020.0,1638000.0,6322680000.0,8673494.0,33482757020.0,-5050801.0,5016900.0,1400.0,33900.0,-19496830000.0,19365242000.0,5404000.0,131588000.0
14/11/2022,4150.0,4460.0,-310.0,-0.06950673,4150.0,4300.0,4150.0,2912770.0,12098030940.0,0.0,0.0,2912770.0,12098030940.0,-160500.0,-100.0,0.0,160600.0,-668648000.0,-412000.0,0.0,669060000.0
11/11/2022,4460.0,4790.0,-330.0,-0.06889353,4760.0,5000.0,4460.0,2829697.0,13157164740.0,710000.0,3400900000.0,3539697.0,16558064740.0,-140277.0,18200.0,0.0,122077.0,-656596270.0,86726000.0,0.0,569870270.0
10/11/2022,4790.0,5150.0,-360.0,-0.06990291,4910.0,5150.0,4790.0,2178189.0,10609793230.0,0.0,0.0,2178189.0,10609793230.0,16000.0,-500.0,0.0,-15500.0,82171000.0,-2440000.0,0.0,-79731000.0
09/11/2022,5150.0,5190.0,-40.0,-0.00770713,5210.0,5490.0,5030.0,1721121.0,9090406090.0,0.0,0.0,1721121.0,9090406090.0,15100.0,-200.0,0.0,-14900.0,80753000.0,-1043000.0,0.0,-79710000.0
08/11/2022,5190.0,5240.0,-50.0,-0.00954198,4890.0,5200.0,4880.0,3285489.0,16492934420.0,0.0,0.0,3285489.0,16492934420.0,-221000.0,-600.0,0.0,221600.0,-1098582000.0,-2956000.0,0.0,1101538000.0
07/11/2022,5240.0,5630.0,-390.0,-0.06927176,5400.0,5540.0,5240.0,2204395.0,11644463140.0,0.0,0.0,2204395.0,11644463140.0,39900.0,700.0,0.0,-40600.0,209779000.0,3724000.0,0.0,-213503000.0
04/11/2022,5630.0,6050.0,-420.0,-0.06942149,5990.0,6060.0,5630.0,3545276.0,20172766790.0,0.0,0.0,3545276.0,20172766790.0,116300.0,6800.0,0.0,-123100.0,660965000.0,38609000.0,0.0,-699574000.0
03/11/2022,6050.0,6180.0,-130.0,-0.0210356,6060.0,6300.0,6020.0,1687052.0,10303899200.0,230000.0,1403000000.0,1917052.0,11706899200.0,11600.0,-19900.0,0.0,8300.0,70475000.0,-120402000.0,0.0,49927000.0
02/11/2022,6180.0,6300.0,-120.0,-0.01904762,6400.0,6410.0,6180.0,1608140.0,10134198330.0,0.0,0.0,1608140.0,10134198330.0,50548.0,-700.0,-1200.0,-49848.0,315389560.0,-4527000.0,-7675000.0,-310862560.0
01/11/2022,6300.0,6100.0,200.0,0.03278689,6300.0,6410.0,6150.0,1914259.0,12051498080.0,230000.0,1403000000.0,2144259.0,13454498080.0,-120900.0,20700.0,0.0,100200.0,-761770000.0,130386000.0,0.0,631384000.0
31/10/2022,6100.0,6200.0,-100.0,-0.01612903,6290.0,6300.0,5900.0,1869450.0,11325368300.0,0.0,0.0,1869450.0,11325368300.0,17900.0,6300.0,6600.0,-24200.0,107021000.0,38718000.0,40558000.0,-145739000.0
28/10/2022,6200.0,6010.0,190.0,0.03161398,6140.0,6390.0,6100.0,2391182.0,14957845720.0,141600.0,910488000.0,2532782.0,15868333720.0,92247.0,-1247.0,-247.0,-91000.0,577120510.0,-7883510.0,-1554000.0,-569237000.0
27/10/2022,6010.0,5620.0,390.0,0.06939502,5450.0,6010.0,5450.0,2389478.0,13971954040.0,0.0,0.0,2389478.0,13971954040.0,-188700.0,-2200.0,0.0,190900.0,-1101634000.0,-12917000.0,0.0,1114551000.0
26/10/2022,5620.0,6030.0,-410.0,-0.06799337,5860.0,6200.0,5620.0,1770657.0,10388083250.0,0.0,0.0,1770657.0,10388083250.0,22000.0,300.0,0.0,-22300.0,133290000.0,1771000.0,0.0,-135061000.0
25/10/2022,6030.0,6019.0,11.0,0.00182755,5700.0,6190.0,5600.0,4534700.0,26182564480.0,0.0,0.0,4534700.0,26182564480.0,-220100.0,-5600.0,0.0,225700.0,-1272484000.0,-32627000.0,0.0,1305111000.0
24/10/2022,6019.0,6980.0,-480.0,-0.06876791,6574.6,6574.6,6019.0,2711319.0,17887065930.0,0.0,0.0,2711319.0,17887065930.0,-163800.0,-3000.0,0.0,166800.0,-1090311000.0,-22171000.0,0.0,1112482000.0
21/10/2022,6463.48,7500.0,-520.0,-0.06933333,6954.26,7037.6,6463.48,3567404.0,25315567690.0,0.0,0.0,3567404.0,25315567690.0,-14000.0,3200.0,0.0,10800.0,-102253000.0,21946000.0,0.0,80307000.0
20/10/2022,6945.0,7800.0,-300.0,-0.03846154,7167.24,7241.32,6945.0,2234167.0,16967221120.0,0.0,0.0,2234167.0,16967221120.0,39300.0,100.0,0.0,-39400.0,299457000.0,769000.0,0.0,-300226000.0
19/10/2022,7222.8,7870.0,-70.0,-0.00889454,7352.44,7380.22,7139.46,1564005.0,12299081670.0,0.0,0.0,1564005.0,12299081670.0,200.0,-800.0,0.0,600.0,-1185000.0,-6314000.0,0.0,7499000.0
18/10/2022,7287.62,7380.0,490.0,0.06639566,6991.3,7306.14,6954.26,4476016.0,34990975470.0,25000.0,171750000.0,4501016.0,35162725470.0,-142200.0,500.0,0.0,141700.0,-1110104000.0,3934000.0,0.0,1106170000.0
17/10/2022,6833.88,7410.0,-30.0,-0.00404858,6861.66,6935.74,6667.2,1770961.0,13045075210.0,0.0,0.0,1770961.0,13045075210.0,40500.0,-78200.0,-8400.0,37700.0,294215000.0,-571275000.0,-62364000.0,277060000.0
14/10/2022,6861.66,7150.0,260.0,0.03636364,6815.36,6982.04,6778.32,1915629.0,14208458630.0,0.0,0.0,1915629.0,14208458630.0,-69100.0,-800.0,0.0,69900.0,-511291000.0,-5873000.0,0.0,517164000.0
13/10/2022,6620.9,7060.0,90.0,0.01274788,6648.68,6750.54,6583.86,1393459.0,10032520220.0,50000.0,355000000.0,1443459.0,10387520220.0,-51700.0,-2600.0,-3200.0,54300.0,-372896000.0,-18823000.0,-23130000.0,391719000.0
12/10/2022,6537.56,7050.0,10.0,0.00141844,6324.58,6750.54,6296.8,2501364.0,17644428420.0,0.0,0.0,2501364.0,17644428420.0,-211796.0,70700.0,1200.0,141096.0,-1486308360.0,497285000.0,8388000.0,989023360.0
11/10/2022,6528.3,7570.0,-520.0,-0.06869221,7000.56,7000.56,6528.3,2388112.0,17038087890.0,0.0,0.0,2388112.0,17038087890.0,123600.0,4000.0,0.0,-127600.0,894602000.0,28405000.0,0.0,-923007000.0
10/10/2022,7009.82,7440.0,130.0,0.01747312,6417.18,7056.12,6417.18,3181489.0,23172469240.0,0.0,0.0,3181489.0,23172469240.0,-265800.0,-4900.0,0.0,270700.0,-1931883000.0,-36668000.0,0.0,1968551000.0
07/10/2022,6889.44,8000.0,-560.0,-0.07,7241.32,7408.0,6889.44,4287630.0,32354207610.0,280000.0,2324000000.0,4567630.0,34678207610.0,-123000.0,2500.0,0.0,120500.0,-944661000.0,18385000.0,0.0,926276000.0
06/10/2022,7408.0,8560.0,-560.0,-0.06542056,7926.56,8111.76,7408.0,2119207.0,17895152350.0,0.0,0.0,2119207.0,17895152350.0,17000.0,0.0,0.0,-17000.0,141721000.0,20000.0,0.0,-141741000.0
05/10/2022,7926.56,8000.0,560.0,0.07,7676.54,7926.56,7593.2,1573849.0,13235028810.0,530000.0,4324000000.0,2103849.0,17559028810.0,-303500.0,-2300.0,0.0,305800.0,-2551656000.0,-19494000.0,0.0,2571150000.0
04/10/2022,7408.0,8510.0,-510.0,-0.05992949,7963.6,8056.2,7408.0,2205099.0,18541215860.0,1913000.0,16299100000.0,4118099.0,34840315860.0,-142300.0,200.0,600.0,142100.0,-1212538000.0,1652000.0,5160000.0,1210886000.0
03/10/2022,7880.26,9140.0,-630.0,-0.06892779,8463.64,8472.9,7880.26,2146228.0,18792789790.0,0.0,0.0,2146228.0,18792789790.0,7547.0,1753.0,1253.0,-9300.0,72965460.0,15512540.0,11128000.0,-88478000.0
30/09/2022,8463.64,9150.0,-10.0,-0.0010929,8398.82,8528.46,7917.3,3095632.0,27484708260.0,33000.0,306900000.0,3128632.0,27791608260.0,8500.0,-54300.0,17000.0,45800.0,86806000.0,-488376000.0,151964000.0,401570000.0
29/09/2022,8472.9,9450.0,-300.0,-0.03174603,8982.2,8982.2,8472.9,1514596.0,14282902620.0,0.0,0.0,1514596.0,14282902620.0,50213.0,3900.0,3600.0,-54113.0,478593760.0,36793000.0,33918000.0,-515386760.0
28/09/2022,8750.7,9420.0,30.0,0.00318471,8519.2,8982.2,8519.2,1815441.0,17180776690.0,0.0,0.0,1815441.0,17180776690.0,-48140.0,4540.0,3940.0,43600.0,-461090000.0,42957000.0,37244000.0,418133000.0
27/09/2022,8722.92,9470.0,-50.0,-0.00527983,8769.22,8945.16,8426.6,1657921.0,15770936910.0,0.0,0.0,1657921.0,15770936910.0,-50799.0,99.0,-1.0,50700.0,-486765430.0,947430.0,-10000.0,485818000.0
26/09/2022,8769.22,10000.0,-530.0,-0.053,9158.14,9167.4,8621.06,2982547.0,28490522990.0,0.0,0.0,2982547.0,28490522990.0,49700.0,-7300.0,4000.0,-42400.0,488532000.0,-73538000.0,37704000.0,-414994000.0
23/09/2022,9260.0,10150.0,-150.0,-0.01477833,9445.2,9584.1,9260.0,1844911.0,18742903450.0,0.0,0.0,1844911.0,18742903450.0,-13805.0,5.0,-95.0,13800.0,-141021400.0,66400.0,-964000.0,140955000.0
22/09/2022,9398.9,10050.0,100.0,0.00995025,9130.36,9584.1,9130.36,2222508.0,22481045400.0,0.0,0.0,2222508.0,22481045400.0,-7492.0,192.0,0.0,7300.0,-75042000.0,1940000.0,0.0,73102000.0
21/09/2022,9306.3,10050.0,0.0,0.0,9213.7,9398.9,9074.8,1317864.0,13209271700.0,0.0,0.0,1317864.0,13209271700.0,-4200.0,200.0,0.0,4000.0,-42008000.0,1988000.0,0.0,40020000.0
20/09/2022,9306.3,9630.0,420.0,0.04361371,8935.9,9352.6,8935.9,1915156.0,18805133900.0,0.0,0.0,1915156.0,18805133900.0,-113200.0,-500.0,0.0,113700.0,-1114893000.0,-4819000.0,0.0,1119712000.0
19/09/2022,8917.38,10350.0,-720.0,-0.06956522,9630.4,9630.4,8917.38,3779221.0,37900358100.0,0.0,0.0,3779221.0,37900358100.0,64583.0,-62283.0,0.0,-2300.0,658959400.0,-633067400.0,0.0,-25892000.0
16/09/2022,9584.1,10800.0,-450.0,-0.04166667,10000.8,10000.8,9584.1,2598819.0,27323778850.0,0.0,0.0,2598819.0,27323778850.0,-3916.0,-84.0,0.0,4000.0,-40996551.0,-903450.0,0.0,41900000.0
15/09/2022,10000.8,10800.0,0.0,0.0,10093.4,10186.0,10000.8,2011773.0,21894755400.0,0.0,0.0,2011773.0,21894755400.0,-30629.0,30629.0,0.0,0.0,-333917250.0,333917250.0,0.0,0.0
14/09/2022,10000.8,10750.0,50.0,0.00465116,9630.4,10093.4,9584.1,3411900.0,36298065000.0,0.0,0.0,3411900.0,36298065000.0,-41894.0,27800.0,0.0,14000.0,-446804900.0,294715000.0,0.0,151070000.0
13/09/2022,9954.5,10800.0,-50.0,-0.00462963,9908.2,10047.1,9769.3,1420700.0,15133520000.0,30000.0,324000000.0,1450700.0,15457520000.0,-5296.0,1305.0,0.0,4000.0,-56455100.0,13850500.0,0.0,42700000.0
12/09/2022,10000.8,10900.0,-100.0,-0.00917431,10186.0,10232.3,9954.5,1487734.0,16216265550.0,0.0,0.0,1487734.0,16216265550.0,150.0,-148.0,0.0,0.0,1535050.0,-1513350.0,0.0,0.0
09/09/2022,10093.4,10500.0,400.0,0.03809524,9861.9,10093.4,9352.6,3724800.0,38934070000.0,30000.0,324000000.0,3754800.0,39258070000.0,110500.0,-100500.0,0.0,-10000.0,1136270000.0,-1030270000.0,0.0,-106000000.0
08/09/2022,9723.0,11000.0,-500.0,-0.04545455,10463.8,10463.8,9723.0,3816600.0,41356075000.0,0.0,0.0,3816600.0,41356075000.0,132100.0,-99100.0,0.0,-33000.0,1438225000.0,-1080175000.0,0.0,-358050000.0
07/09/2022,10186.0,11750.0,-750.0,-0.06382979,10880.5,10926.8,10186.0,5995500.0,68806020000.0,0.0,0.0,5995500.0,68806020000.0,3000.0,100.0,0.0,-3100.0,34940000.0,1175000.0,0.0,-36115000.0
06/09/2022,10880.5,11750.0,0.0,0.0,10880.5,11204.6,10834.2,3677400.0,43562320000.0,0.0,0.0,3677400.0,43562320000.0,28500.0,200.0,0.0,-28700.0,338470000.0,2370000.0,0.0,-340840000.0
05/09/2022,10880.5,11900.0,-150.0,-0.01260504,11019.4,11297.2,10880.5,2571300.0,30522650000.0,4300000.0,51385000000.0,6871300.0,81907650000.0,4600.0,200.0,0.0,-4800.0,54655000.0,2420000.0,0.0,-57075000.0
31/08/2022,11019.4,11800.0,100.0,0.00847458,10880.5,11112.0,10787.9,2983700.0,35320325000.0,0.0,0.0,2983700.0,35320325000.0,40800.0,600.0,0.0,-41400.0,481265000.0,7080000.0,0.0,-488345000.0
30/08/2022,10926.8,12150.0,-350.0,-0.02880658,11436.1,11436.1,10880.5,5018400.0,59996640000.0,0.0,0.0,5018400.0,59996640000.0,265200.0,-2400.0,0.0,-262800.0,3137345000.0,-29660000.0,0.0,-3107685000.0
29/08/2022,11250.9,12550.0,-400.0,-0.03187251,11297.2,11389.8,10973.1,4769200.0,57611250000.0,0.0,0.0,4769200.0,57611250000.0,97600.0,900.0,0.0,-98500.0,1180065000.0,10880000.0,0.0,-1190945000.0
26/08/2022,11621.3,12300.0,250.0,0.0203252,11482.4,11806.5,11389.8,9867100.0,124090695000.0,0.0,0.0,9867100.0,124090695000.0,-212400.0,178900.0,0.0,33500.0,-2684265000.0,2262700000.0,0.0,421565000.0
25/08/2022,11389.8,12050.0,250.0,0.02074689,11297.2,11436.1,11204.6,4249000.0,51984135000.0,0.0,0.0,4249000.0,51984135000.0,-37800.0,-100.0,0.0,37900.0,-464775000.0,-1215000.0,0.0,465990000.0
24/08/2022,11158.3,12100.0,-50.0,-0.00413223,11297.2,11343.5,11065.7,2873600.0,34722895000.0,0.0,0.0,2873600.0,34722895000.0,13800.0,0.0,0.0,-13800.0,166940000.0,50000.0,0.0,-166990000.0
23/08/2022,11204.6,11750.0,350.0,0.02978723,10695.3,11204.6,10602.7,4166600.0,49066825000.0,0.0,0.0,4166600.0,49066825000.0,-144200.0,20800.0,0.0,123400.0,-1702300000.0,244475000.0,0.0,1457825000.0
22/08/2022,10880.5,12300.0,-550.0,-0.04471545,11250.9,11436.1,10880.5,4906400.0,58865305000.0,0.0,0.0,4906400.0,58865305000.0,40300.0,6700.0,0.0,-47000.0,496840000.0,79775000.0,0.0,-576615000.0
19/08/2022,11389.8,12300.0,0.0,0.0,11482.4,11528.7,11204.6,3168800.0,39002555000.0,220000.0,2816000000.0,3388800.0,41818555000.0,36300.0,-40200.0,0.0,3900.0,441920000.0,-490420000.0,0.0,48500000.0
18/08/2022,11389.8,12300.0,0.0,0.0,11528.7,11528.7,11389.8,3594700.0,44366715000.0,0.0,0.0,3594700.0,44366715000.0,100.0,-100.0,0.0,0.0,1435000.0,-1330000.0,0.0,-105000.0
17/08/2022,11389.8,12350.0,-50.0,-0.00404858,11575.0,11852.8,11389.8,6271400.0,78833275000.0,0.0,0.0,6271400.0,78833275000.0,158800.0,-80400.0,0.0,-78400.0,1983275000.0,-1008255000.0,0.0,-975020000.0
16/08/2022,11436.1,12400.0,-50.0,-0.00403226,11528.7,11575.0,11389.8,3829600.0,47399205000.0,220000.0,2816000000.0,4049600.0,50215205000.0,-18200.0,20800.0,0.0,-2600.0,-226825000.0,258935000.0,0.0,-32110000.0
15/08/2022,11482.4,12500.0,-100.0,-0.008,11667.6,11760.2,11436.1,4552800.0,56915505000.0,0.0,0.0,4552800.0,56915505000.0,132900.0,20400.0,0.0,-153300.0,1660620000.0,254990000.0,0.0,-1915610000.0
12/08/2022,11575.0,12350.0,150.0,0.01214575,11482.4,11621.3,11250.9,4049000.0,50074080000.0,0.0,0.0,4049000.0,50074080000.0,-135900.0,-100.0,0.0,136000.0,-1693675000.0,1730000.0,0.0,1691945000.0
11/08/2022,11436.1,12850.0,-500.0,-0.03891051,12038.0,12130.6,11343.5,5811000.0,73499040000.0,0.0,0.0,5811000.0,73499040000.0,294200.0,2400.0,0.0,-296600.0,3747350000.0,30635000.0,0.0,-3777985000.0
10/08/2022,11899.1,12500.0,350.0,0.028,11528.7,12223.2,11436.1,7300100.0,93808820000.0,0.0,0.0,7300100.0,93808820000.0,174200.0,14700.0,0.0,-188900.0,2243095000.0,196630000.0,0.0,-2439725000.0
09/08/2022,11575.0,12100.0,400.0,0.03305785,11343.5,11713.9,11158.3,7427800.0,91748605000.0,0.0,0.0,7427800.0,91748605000.0,-155500.0,72600.0,0.0,82900.0,-1925545000.0,903880000.0,0.0,1021665000.0
08/08/2022,11204.6,12300.0,-200.0,-0.01626016,11436.1,11575.0,11204.6,3889500.0,47820395000.0,0.0,0.0,3889500.0,47820395000.0,145900.0,-2100.0,-100.0,-143800.0,1791550000.0,-26020000.0,-1245000.0,-1765530000.0
05/08/2022,11389.8,12050.0,250.0,0.02074689,11204.6,11482.4,11065.7,4874500.0,59501595000.0,0.0,0.0,4874500.0,59501595000.0,-50600.0,27200.0,0.0,23400.0,-624635000.0,339460000.0,0.0,285175000.0
04/08/2022,11158.3,12150.0,-100.0,-0.00823045,11343.5,11436.1,11065.7,5795700.0,70492955000.0,0.0,0.0,5795700.0,70492955000.0,460700.0,-381900.0,0.0,-78800.0,5619990000.0,-4682205000.0,0.0,-937785000.0
03/08/2022,11250.9,12100.0,50.0,0.00413223,11112.0,11343.5,11065.7,5522500.0,66821935000.0,0.0,0.0,5522500.0,66821935000.0,44900.0,-97100.0,0.0,52200.0,535585000.0,-1170005000.0,0.0,634420000.0
02/08/2022,11204.6,12050.0,50.0,0.00414938,11158.3,11667.6,11112.0,7798300.0,95777820000.0,0.0,0.0,7798300.0,95777820000.0,152500.0,3100.0,0.0,-155600.0,1876960000.0,37915000.0,0.0,-1914875000.0
01/08/2022,11158.3,11700.0,350.0,0.02991453,10834.2,11297.2,10787.9,6412900.0,76991040000.0,0.0,0.0,6412900.0,76991040000.0,-42900.0,-33400.0,0.0,76300.0,-519965000.0,-401730000.0,0.0,921695000.0
29/07/2022,10834.2,11800.0,-100.0,-0.00847458,10926.8,11297.2,10787.9,4801700.0,56976320000.0,0.0,0.0,4801700.0,56976320000.0,160900.0,3600.0,0.0,-164500.0,1904845000.0,43525000.0,0.0,-1948370000.0
28/07/2022,10926.8,11850.0,-50.0,-0.00421941,11204.6,11297.2,10926.8,8200500.0,98177475000.0,0.0,0.0,8200500.0,98177475000.0,263400.0,-9900.0,0.0,-253500.0,3145965000.0,-117725000.0,0.0,-3028240000.0
27/07/2022,10973.1,11150.0,700.0,0.06278027,10139.7,11019.4,10139.7,6565000.0,76129425000.0,0.0,0.0,6565000.0,76129425000.0,-283600.0,310200.0,0.0,-26600.0,-3350825000.0,3660905000.0,0.0,-310080000.0
26/07/2022,10324.9,10800.0,350.0,0.03240741,10000.8,10556.4,9954.5,3900400.0,43301530000.0,0.0,0.0,3900400.0,43301530000.0,29100.0,-55500.0,0.0,26400.0,326085000.0,-619265000.0,0.0,293180000.0
25/07/2022,10000.8,11200.0,-400.0,-0.03571429,10093.4,10278.6,9908.2,4753200.0,51672815000.0,0.0,0.0,4753200.0,51672815000.0,299500.0,-192400.0,0.0,-107100.0,3270035000.0,-2111815000.0,0.0,-1158220000.0
22/07/2022,10371.2,11300.0,-100.0,-0.00884956,10510.1,10649.0,10186.0,3283100.0,36874930000.0,0.0,0.0,3283100.0,36874930000.0,96100.0,1600.0,0.0,-97700.0,1073740000.0,19165000.0,0.0,-1092905000.0
21/07/2022,10463.8,11300.0,0.0,0.0,10741.6,10926.8,10371.2,6190700.0,71142050000.0,0.0,0.0,6190700.0,71142050000.0,-71400.0,60000.0,0.0,11400.0,-854300000.0,689420000.0,0.0,164880000.0
20/07/2022,10463.8,10600.0,700.0,0.06603774,10139.7,10463.8,10000.8,5567000.0,62416945000.0,0.0,0.0,5567000.0,62416945000.0,-297000.0,297000.0,0.0,0.0,-3299345000.0,3299345000.0,0.0,0.0
19/07/2022,9815.6,10650.0,-50.0,-0.00469484,9861.9,9954.5,9584.1,3813800.0,40259130000.0,0.0,0.0,3813800.0,40259130000.0,129200.0,300.0,0.0,-129500.0,1351350000.0,3180000.0,0.0,-1354530000.0
18/07/2022,9861.9,10450.0,200.0,0.01913876,9861.9,10093.4,9723.0,3608000.0,38651365000.0,0.0,0.0,3608000.0,38651365000.0,74200.0,9700.0,0.0,-83900.0,793875000.0,102645000.0,0.0,-896520000.0
15/07/2022,9676.7,10450.0,0.0,0.0,9769.3,10047.1,9630.4,4853800.0,51717360000.0,0.0,0.0,4853800.0,51717360000.0,153300.0,40400.0,0.0,-193700.0,1629835000.0,432670000.0,0.0,-2062505000.0
14/07/2022,9676.7,10300.0,150.0,0.01456311,9352.6,9815.6,9352.6,2848600.0,29415745000.0,0.0,0.0,2848600.0,29415745000.0,33100.0,3600.0,0.0,-36700.0,339325000.0,37625000.0,0.0,-376950000.0
13/07/2022,9537.8,10550.0,-250.0,-0.02369668,9769.3,9815.6,9491.5,4068400.0,42418335000.0,0.0,0.0,4068400.0,42418335000.0,107500.0,-4900.0,0.0,-102600.0,1119520000.0,-51100000.0,0.0,-1068420000.0
12/07/2022,9769.3,10050.0,500.0,0.04975124,9352.6,9861.9,9306.3,3626700.0,37719185000.0,0.0,0.0,3626700.0,37719185000.0,6000.0,-4100.0,0.0,-1900.0,62305000.0,-42600000.0,0.0,-19705000.0
11/07/2022,9306.3,9950.0,100.0,0.01005025,9260.0,9537.8,9093.32,5623200.0,56638403000.0,0.0,0.0,5623200.0,56638403000.0,40700.0,7600.0,0.0,-48300.0,408796000.0,76339000.0,0.0,-485135000.0
08/07/2022,9213.7,9300.0,650.0,0.06989247,8704.4,9213.7,8704.4,7140300.0,70499428000.0,0.0,0.0,7140300.0,70499428000.0,-128200.0,10100.0,100.0,118100.0,-1261640000.0,99887000.0,946000.0,1161753000.0
07/07/2022,8611.8,9100.0,200.0,0.02197802,8435.86,8676.62,8435.86,1762500.0,16350099000.0,0.0,0.0,1762500.0,16350099000.0,-139900.0,11000.0,0.0,128900.0,-1299783000.0,102268000.0,0.0,1197515000.0
06/07/2022,8426.6,9050.0,50.0,0.00552486,8130.28,8732.18,8130.28,3661000.0,33542767000.0,0.0,0.0,3661000.0,33542767000.0,-144300.0,-2500.0,400.0,146800.0,-1333140000.0,-22985000.0,3764000.0,1356125000.0
05/07/2022,8380.3,9460.0,-410.0,-0.04334038,8852.56,8871.08,8334.0,2181700.0,20303233000.0,2700000.0,26350000000.0,4881700.0,46653233000.0,198000.0,500.0,0.0,-198500.0,1844485000.0,4726000.0,0.0,-1849211000.0
04/07/2022,8759.96,9200.0,260.0,0.02826087,8546.98,8815.52,8546.98,1940200.0,18238321000.0,0.0,0.0,1940200.0,18238321000.0,-40800.0,-1100.0,-400.0,41900.0,-383745000.0,-10253000.0,-3757000.0,393998000.0
01/07/2022,8519.2,9090.0,110.0,0.01210121,8343.26,8750.7,8074.72,3180600.0,28749913000.0,0.0,0.0,3180600.0,28749913000.0,-1200.0,-2300.0,2000.0,3500.0,-20297000.0,-20826000.0,17800000.0,41123000.0
30/06/2022,8417.34,9680.0,-590.0,-0.06095041,8963.68,9065.54,8417.34,3282500.0,31090041000.0,0.0,0.0,3282500.0,31090041000.0,222100.0,200.0,0.0,-222300.0,2121725000.0,1926000.0,0.0,-2123651000.0
29/06/2022,8963.68,9600.0,80.0,0.00833333,8797.0,9250.74,8611.8,4170700.0,40724808000.0,0.0,0.0,4170700.0,40724808000.0,248800.0,-69000.0,-100.0,-179800.0,2444768000.0,-685360000.0,-980000.0,-1759408000.0
28/06/2022,8889.6,9200.0,400.0,0.04347826,8611.8,9074.8,8565.5,4197700.0,40127696000.0,0.0,0.0,4197700.0,40127696000.0,-87800.0,3300.0,0.0,84500.0,-835638000.0,30383000.0,0.0,805255000.0
27/06/2022,8519.2,9050.0,150.0,0.01657459,8426.6,8685.88,8241.4,3116100.0,28451342000.0,2220000.0,19980000000.0,5336100.0,48431342000.0,-188400.0,-1100.0,0.0,189500.0,-1723662000.0,-9849000.0,0.0,1733511000.0
24/06/2022,8380.3,9120.0,-70.0,-0.00767544,8454.38,8658.1,8334.0,2382400.0,21889351000.0,0.0,0.0,2382400.0,21889351000.0,66500.0,500.0,0.0,-67000.0,608213000.0,4595000.0,0.0,-612808000.0
23/06/2022,8445.12,8820.0,300.0,0.03401361,8482.16,8621.06,8222.88,2819300.0,25591662000.0,50000.0,450000000.0,2869300.0,26041662000.0,11500.0,90900.0,20800.0,-102400.0,85269000.0,830300000.0,189856000.0,-915569000.0
22/06/2022,8167.32,8250.0,570.0,0.06909091,7963.6,8167.32,7778.4,3138400.0,27370872000.0,0.0,0.0,3138400.0,27370872000.0,-129400.0,3500.0,2100.0,125900.0,-1139073000.0,30065000.0,18030000.0,1109008000.0
21/06/2022,7639.5,8230.0,20.0,0.00243013,7222.8,7926.56,7139.46,4400500.0,36040160000.0,28000.0,214480000.0,4428500.0,36254640000.0,-627900.0,10400.0,10500.0,617500.0,-5134039000.0,86229000.0,86941000.0,5047810000.0
20/06/2022,7620.98,8840.0,-610.0,-0.06900452,7963.6,8426.6,7620.98,4287600.0,36806198000.0,470000.0,4136000000.0,4757600.0,40942198000.0,-341000.0,2500.0,2000.0,338500.0,-2945039000.0,21072000.0,16603000.0,2923967000.0
17/06/2022,8185.84,9500.0,-660.0,-0.06947368,8334.0,8611.8,8185.84,6457400.0,57407076000.0,550000.0,4950000000.0,7007400.0,62357076000.0,-326900.0,-5600.0,0.0,332500.0,-2929791000.0,-49245000.0,0.0,2979036000.0
16/06/2022,8797.0,10200.0,-700.0,-0.06862745,9723.0,9815.6,8797.0,3686600.0,37374670000.0,0.0,0.0,3686600.0,37374670000.0,-21100.0,400.0,0.0,20700.0,-208490000.0,4120000.0,0.0,204370000.0
15/06/2022,9445.2,10950.0,-750.0,-0.06849315,10139.7,10417.5,9445.2,7046900.0,72800530000.0,0.0,0.0,7046900.0,72800530000.0,144100.0,-15000.0,0.0,-129100.0,1511050000.0,-156855000.0,0.0,-1354195000.0
14/06/2022,10139.7,11350.0,-450.0,-0.03947368,10000.8,10602.7,10000.8,3519400.0,39323505000.0,0.0,0.0,3519400.0,39323505000.0,-4600.0,-1400.0,0.0,6000.0,-55090000.0,-15750000.0,0.0,70840000.0
13/06/2022,10510.1,12200.0,-850.0,-0.06967213,10787.9,11065.7,10510.1,4952700.0,57198490000.0,0.0,0.0,4952700.0,57198490000.0,99700.0,-1300.0,0.0,-98400.0,1148100000.0,-15020000.0,0.0,-1133080000.0
10/06/2022,11297.2,12700.0,-500.0,-0.03937008,11528.7,11806.5,11297.2,3522000.0,44005225000.0,0.0,0.0,3522000.0,44005225000.0,65900.0,3600.0,0.0,-69500.0,818150000.0,44635000.0,0.0,-862785000.0
09/06/2022,11760.2,12100.0,600.0,0.04958678,11482.4,11945.4,11389.8,4361700.0,55222240000.0,0.0,0.0,4361700.0,55222240000.0,-72300.0,0.0,0.0,72300.0,-909210000.0,-230000.0,0.0,909440000.0
08/06/2022,11204.6,11350.0,700.0,0.06140351,10695.3,11204.6,10649.0,2122900.0,25283435000.0,0.0,0.0,2122900.0,25283435000.0,-65300.0,2700.0,0.0,62600.0,-767420000.0,31960000.0,0.0,735460000.0
07/06/2022,10510.1,11900.0,-550.0,-0.04621849,10787.9,10973.1,10324.9,5911800.0,67718375000.0,20000.0,254000000.0,5931800.0,67972375000.0,-197900.0,900.0,0.0,197000.0,-2255760000.0,10265000.0,0.0,2245495000.0
06/06/2022,11019.4,12450.0,-600.0,-0.048,11528.7,11575.0,10926.8,4756500.0,58030620000.0,0.0,0.0,4756500.0,58030620000.0,-16800.0,-20100.0,0.0,36900.0,-212825000.0,-240325000.0,0.0,453150000.0
03/06/2022,11528.7,12650.0,-250.0,-0.01968504,11575.0,11852.8,11436.1,3696000.0,46389540000.0,0.0,0.0,3696000.0,46389540000.0,-113900.0,-200.0,0.0,114100.0,-1434485000.0,-2380000.0,0.0,1436865000.0
02/06/2022,11713.9,13300.0,-650.0,-0.04887218,12269.5,12501.0,11667.6,4444100.0,57472490000.0,3591600.0,46983120000.0,8035700.0,104455610000.0,107500.0,-2800.0,0.0,-104700.0,1383830000.0,-36795000.0,0.0,-1347035000.0
01/06/2022,12315.8,13550.0,-250.0,-0.01845018,12408.4,12593.6,12084.3,3959300.0,52380710000.0,0.0,0.0,3959300.0,52380710000.0,111500.0,1100.0,0.0,-112600.0,1469920000.0,14620000.0,0.0,-1484540000.0
31/05/2022,12547.3,13700.0,-150.0,-0.01094891,12686.2,12778.8,12362.1,4311600.0,58515935000.0,0.0,0.0,4311600.0,58515935000.0,77600.0,-24600.0,-30000.0,-53000.0,1053310000.0,-337050000.0,-411000000.0,-716260000.0
30/05/2022,12686.2,13300.0,400.0,0.03007519,12315.8,12917.7,12315.8,4738100.0,64456310000.0,243600.0,3434760000.0,4981700.0,67891070000.0,-34700.0,2200.0,0.0,32500.0,-471680000.0,30155000.0,0.0,441525000.0
27/05/2022,12315.8,13250.0,50.0,0.00377358,12223.2,12547.3,12223.2,3002800.0,40149175000.0,0.0,0.0,3002800.0,40149175000.0,-55400.0,-200.0,0.0,55600.0,-743115000.0,-2670000.0,0.0,745785000.0
26/05/2022,12269.5,13250.0,0.0,0.0,12408.4,12593.6,12176.9,4050400.0,54273595000.0,0.0,0.0,4050400.0,54273595000.0,183000.0,17100.0,0.0,-200100.0,2449260000.0,228750000.0,0.0,-2678010000.0
25/05/2022,12269.5,12400.0,850.0,0.06854839,11575.0,12269.5,11528.7,6193900.0,80182500000.0,0.0,0.0,6193900.0,80182500000.0,-178900.0,32700.0,30000.0,146200.0,-2286315000.0,413400000.0,379500000.0,1872915000.0
24/05/2022,11482.4,12100.0,300.0,0.02479339,11297.2,11482.4,10834.2,2560800.0,30914260000.0,0.0,0.0,2560800.0,30914260000.0,-64800.0,-3600.0,400.0,68400.0,-789225000.0,-44595000.0,4900000.0,833820000.0
23/05/2022,11204.6,12800.0,-700.0,-0.0546875,12038.0,12130.6,11065.7,3787400.0,47258365000.0,0.0,0.0,3787400.0,47258365000.0,28900.0,100.0,0.0,-29000.0,379565000.0,1295000.0,0.0,-380860000.0
20/05/2022,11852.8,12500.0,300.0,0.024,11389.8,12130.6,11389.8,4632900.0,59440450000.0,0.0,0.0,4632900.0,59440450000.0,-34400.0,700.0,-100.0,33700.0,-432365000.0,9050000.0,-1270000.0,423315000.0
19/05/2022,11575.0,12600.0,-100.0,-0.00793651,11112.0,11760.2,11065.7,3674300.0,45384080000.0,0.0,0.0,3674300.0,45384080000.0,-53100.0,1600.0,2000.0,51500.0,-664495000.0,21385000.0,24740000.0,643110000.0
18/05/2022,11667.6,12300.0,300.0,0.02439024,11713.9,11991.7,11482.4,3322700.0,42151870000.0,0.0,0.0,3322700.0,42151870000.0,216200.0,-47600.0,1200.0,-168600.0,2755135000.0,-612475000.0,15345000.0,-2142660000.0
17/05/2022,11389.8,11500.0,800.0,0.06956522,10232.3,11389.8,10186.0,4952600.0,58647725000.0,0.0,0.0,4952600.0,58647725000.0,-386700.0,-46500.0,2000.0,433200.0,-4432915000.0,-568495000.0,23460000.0,5001410000.0
16/05/2022,10649.0,12350.0,-850.0,-0.06882591,11667.6,11945.4,10649.0,6713300.0,80235610000.0,300000.0,3705000000.0,7013300.0,83940610000.0,-283000.0,2600.0,0.0,280400.0,-3388415000.0,32040000.0,0.0,3356375000.0
13/05/2022,11436.1,13250.0,-900.0,-0.06792453,11945.4,12269.5,11436.1,3833000.0,47767680000.0,0.0,0.0,3833000.0,47767680000.0,-163100.0,-2700.0,0.0,165800.0,-2038745000.0,-34780000.0,0.0,2073525000.0
12/05/2022,12269.5,14200.0,-950.0,-0.06690141,13149.2,13241.8,12269.5,3345200.0,45337375000.0,0.0,0.0,3345200.0,45337375000.0,170700.0,700.0,0.0,-171400.0,2370780000.0,9285000.0,0.0,-2380065000.0
11/05/2022,13149.2,13700.0,500.0,0.03649635,12871.4,13380.7,12639.9,3859600.0,54182210000.0,0.0,0.0,3859600.0,54182210000.0,-70000.0,0.0,0.0,70000.0,-991925000.0,0.0,0.0,991925000.0
10/05/2022,12686.2,14250.0,-550.0,-0.03859649,12315.8,13010.3,12315.8,8334900.0,111999470000.0,0.0,0.0,8334900.0,111999470000.0,-236000.0,-7400.0,0.0,243400.0,-3196435000.0,-102380000.0,0.0,3298815000.0
09/05/2022,13195.5,15300.0,-1050.0,-0.06862745,13890.0,13890.0,13195.5,4333900.0,62243130000.0,0.0,0.0,4333900.0,62243130000.0,96400.0,-9300.0,0.0,-87100.0,1384310000.0,-132810000.0,0.0,-1251500000.0
06/05/2022,14167.8,16100.0,-800.0,-0.04968944,14353.0,14862.3,14167.8,3064800.0,47783195000.0,0.0,0.0,3064800.0,47783195000.0,35700.0,2600.0,0.0,-38300.0,557380000.0,41000000.0,0.0,-598380000.0
05/05/2022,14908.6,16100.0,0.0,0.0,15047.5,15232.7,14167.8,3541000.0,56674100000.0,0.0,0.0,3541000.0,56674100000.0,249500.0,14300.0,0.0,-263800.0,3911770000.0,232050000.0,0.0,-4143820000.0
04/05/2022,14908.6,16600.0,-500.0,-0.03012048,15186.4,15371.6,14862.3,2943000.0,48139465000.0,0.0,0.0,2943000.0,48139465000.0,100100.0,-16200.0,0.0,-83900.0,1636125000.0,-268705000.0,0.0,-1367420000.0
29/04/2022,15371.6,16300.0,300.0,0.01840491,15093.8,15649.4,15047.5,3766900.0,62191785000.0,0.0,0.0,3766900.0,62191785000.0,-140300.0,4700.0,0.0,135600.0,-2317740000.0,77790000.0,0.0,2239950000.0
28/04/2022,15093.8,17050.0,-750.0,-0.04398827,15742.0,16019.8,15093.8,3965800.0,66641500000.0,0.0,0.0,3965800.0,66641500000.0,447000.0,-56600.0,0.0,-390400.0,7531270000.0,-944735000.0,0.0,-6586535000.0
27/04/2022,15788.3,16700.0,350.0,0.02095808,15464.2,15973.5,15001.2,4099200.0,68641075000.0,0.0,0.0,4099200.0,68641075000.0,113700.0,-16900.0,0.0,-96800.0,1885775000.0,-291930000.0,0.0,-1593845000.0
26/04/2022,15464.2,16450.0,250.0,0.01519757,14630.8,15464.2,14214.1,4849700.0,78077205000.0,350000.0,5950000000.0,5199700.0,84027205000.0,223300.0,20200.0,0.0,-243500.0,3600575000.0,319960000.0,0.0,-3920535000.0
25/04/2022,15232.7,15900.0,550.0,0.03459119,14908.6,15232.7,13704.8,6781800.0,106471540000.0,1100002.0,17490031800.0,7881802.0,123961571800.0,173300.0,58600.0,0.0,-231900.0,2710060000.0,950955000.0,0.0,-3661015000.0
22/04/2022,14723.4,15250.0,650.0,0.04262295,14121.5,14862.3,13427.0,5621900.0,87118615000.0,0.0,0.0,5621900.0,87118615000.0,-42000.0,5400.0,0.0,36600.0,-657900000.0,83570000.0,0.0,574330000.0
21/04/2022,14121.5,16300.0,-1050.0,-0.06441718,14445.6,15325.3,14075.2,7208500.0,113395240000.0,0.0,0.0,7208500.0,113395240000.0,-210300.0,14000.0,0.0,196300.0,-3319505000.0,212830000.0,0.0,3106675000.0
20/04/2022,15093.8,16300.0,0.0,0.0,14862.3,15603.1,14816.0,6122700.0,100392875000.0,0.0,0.0,6122700.0,100392875000.0,-392000.0,100.0,0.0,391900.0,-6386380000.0,1970000.0,0.0,6384410000.0
19/04/2022,15093.8,16700.0,-400.0,-0.0239521,15834.6,16158.7,14862.3,5158100.0,87797400000.0,0.0,0.0,5158100.0,87797400000.0,-323700.0,2700.0,0.0,321000.0,-5584380000.0,47505000.0,0.0,5536875000.0
18/04/2022,15464.2,17750.0,-1050.0,-0.05915493,16390.2,16390.2,15325.3,8192000.0,138177915000.0,0.0,0.0,8192000.0,138177915000.0,-337200.0,106700.0,0.0,230500.0,-5658820000.0,1782275000.0,0.0,3876545000.0
15/04/2022,16436.5,18700.0,-950.0,-0.05080214,17177.3,17501.4,16436.5,5053100.0,91725975000.0,0.0,0.0,5053100.0,91725975000.0,-3200.0,2900.0,0.0,300.0,-58660000.0,53140000.0,0.0,5520000.0
14/04/2022,17316.2,19200.0,-500.0,-0.02604167,18057.0,18103.3,17316.2,3047800.0,58359020000.0,0.0,0.0,3047800.0,58359020000.0,-20500.0,10800.0,0.0,9700.0,-396955000.0,212540000.0,0.0,184415000.0
13/04/2022,17779.2,17950.0,1250.0,0.06963788,16992.1,17779.2,15788.3,7666800.0,137883135000.0,0.0,0.0,7666800.0,137883135000.0,-304000.0,-38700.0,0.0,342700.0,-5269610000.0,-744400000.0,0.0,6014010000.0
12/04/2022,16621.7,19300.0,-1350.0,-0.06994819,17871.8,18381.1,16621.7,7202200.0,134395765000.0,0.0,0.0,7202200.0,134395765000.0,150200.0,-147500.0,0.0,-2700.0,2796755000.0,-2743810000.0,0.0,-52945000.0
08/04/2022,17871.8,20000.0,-700.0,-0.035,18797.8,18936.7,17871.8,7167500.0,142852190000.0,153200.0,3064000000.0,7320700.0,145916190000.0,5700.0,1100.0,0.0,-6800.0,114735000.0,21915000.0,0.0,-136650000.0
07/04/2022,18520.0,20800.0,-800.0,-0.03846154,19353.4,19538.6,18520.0,6444800.0,131695625000.0,0.0,0.0,6444800.0,131695625000.0,-400.0,300.0,0.0,100.0,-8360000.0,6360000.0,0.0,2000000.0
06/04/2022,19260.8,21400.0,-600.0,-0.02803738,19492.3,19909.0,19168.2,6836900.0,143980165000.0,0.0,0.0,6836900.0,143980165000.0,74700.0,54500.0,0.0,-129200.0,1582170000.0,1146895000.0,0.0,-2729065000.0
05/04/2022,19816.4,21200.0,200.0,0.00943396,19260.8,20001.6,19260.8,4925800.0,104385870000.0,0.0,0.0,4925800.0,104385870000.0,-8000.0,8000.0,0.0,0.0,-171815000.0,171815000.0,0.0,0.0
04/04/2022,19631.2,21600.0,-400.0,-0.01851852,20325.7,20325.7,19538.6,5819900.0,124313385000.0,240000.0,5280000000.0,6059900.0,129593385000.0,146000.0,1600.0,0.0,-147600.0,3134945000.0,34420000.0,0.0,-3169365000.0
01/04/2022,20001.6,20700.0,900.0,0.04347826,18983.0,20140.5,18983.0,9928800.0,207497665000.0,240000.0,5304000000.0,10168800.0,212801665000.0,-70400.0,13100.0,0.0,57300.0,-1485675000.0,276920000.0,0.0,1208755000.0
31/03/2022,19168.2,21500.0,-800.0,-0.0372093,19955.3,20372.0,18983.0,8211500.0,174362485000.0,240000.0,5280000000.0,8451500.0,179642485000.0,123000.0,-101000.0,0.0,-22000.0,2647365000.0,-2188340000.0,0.0,-459025000.0
30/03/2022,19909.0,23000.0,-1500.0,-0.06521739,20973.9,21390.6,19909.0,13151400.0,290415245000.0,0.0,0.0,13151400.0,290415245000.0,169000.0,-15600.0,0.0,-153400.0,3723205000.0,-342350000.0,0.0,-3380855000.0
29/03/2022,21298.0,22200.0,800.0,0.03603604,20510.9,21483.2,20510.9,7577100.0,172004745000.0,0.0,0.0,7577100.0,172004745000.0,-175000.0,-26000.0,0.0,201000.0,-3998320000.0,-584495000.0,0.0,4582815000.0
28/03/2022,20557.2,23100.0,-900.0,-0.03896104,20927.6,21298.0,19909.0,15913300.0,353938685000.0,150000.0,3465000000.0,16063300.0,357403685000.0,101300.0,-6900.0,0.0,-94400.0,2287305000.0,-155800000.0,0.0,-2131505000.0
25/03/2022,21390.6,23100.0,0.0,0.0,21390.6,21853.6,21298.0,7916000.0,184262900000.0,1100002.0,25410046200.0,9016002.0,209672946200.0,-21800.0,-29400.0,0.0,51200.0,-512940000.0,-689725000.0,0.0,1202665000.0
24/03/2022,21390.6,22900.0,200.0,0.00873362,21205.4,21714.7,21066.5,7472700.0,172661765000.0,0.0,0.0,7472700.0,172661765000.0,-92300.0,15500.0,0.0,76800.0,-2189370000.0,357510000.0,0.0,1831860000.0
23/03/2022,21205.4,23100.0,-200.0,-0.00865801,21390.6,21853.6,21066.5,11529900.0,266566185000.0,150000.0,3450000000.0,11679900.0,270016185000.0,119300.0,-118000.0,0.0,-1300.0,2773285000.0,-2742845000.0,0.0,-30440000.0
22/03/2022,21390.6,23800.0,-700.0,-0.02941176,22409.2,22455.5,21390.6,13849500.0,328095620000.0,0.0,0.0,13849500.0,328095620000.0,163500.0,23100.0,0.0,-186600.0,3884110000.0,552725000.0,0.0,-4436835000.0
21/03/2022,22038.8,22950.0,850.0,0.03703704,21390.6,22501.8,21159.1,12602900.0,297646435000.0,0.0,0.0,12602900.0,297646435000.0,529400.0,-726300.0,0.0,196900.0,12463620000.0,-17110410000.0,0.0,4646790000.0
18/03/2022,21251.7,23400.0,-450.0,-0.01923077,21761.0,21761.0,21159.1,11442100.0,265226150000.0,0.0,0.0,11442100.0,265226150000.0,-26200.0,11000.0,0.0,15200.0,-613520000.0,257505000.0,0.0,356015000.0
17/03/2022,21668.4,22600.0,800.0,0.03539823,21112.8,22085.1,21112.8,17540000.0,409559755000.0,0.0,0.0,17540000.0,409559755000.0,-105700.0,-100700.0,0.0,206400.0,-2453780000.0,-2368020000.0,0.0,4821800000.0
16/03/2022,20927.6,22200.0,400.0,0.01801802,20835.0,21298.0,20603.5,12720200.0,288469295000.0,0.0,0.0,12720200.0,288469295000.0,-71700.0,58600.0,0.0,13100.0,-1627095000.0,1330660000.0,0.0,296435000.0
15/03/2022,20557.2,21500.0,700.0,0.03255814,20001.6,20835.0,19723.8,8951900.0,195932930000.0,0.0,0.0,8951900.0,195932930000.0,-15500.0,11300.0,0.0,4200.0,-337100000.0,243775000.0,0.0,93325000.0
14/03/2022,19909.0,21650.0,-150.0,-0.00692841,19723.8,19909.0,19121.9,7366400.0,155766645000.0,0.0,0.0,7366400.0,155766645000.0,63700.0,-30800.0,0.0,-32900.0,1347300000.0,-652785000.0,0.0,-694515000.0
11/03/2022,20047.9,21550.0,100.0,0.00464037,19307.1,20047.9,19075.6,8177100.0,173592890000.0,240000.0,5112000000.0,8417100.0,178704890000.0,-16500.0,13500.0,0.0,3000.0,-345395000.0,283295000.0,0.0,62100000.0
10/03/2022,19955.3,21300.0,250.0,0.01173709,20001.6,20279.4,19770.1,4617900.0,99805150000.0,0.0,0.0,4617900.0,99805150000.0,20300.0,-18300.0,0.0,-2000.0,443460000.0,-400260000.0,0.0,-43200000.0
09/03/2022,19723.8,20550.0,750.0,0.03649635,18936.7,19909.0,18149.6,11017800.0,225070340000.0,0.0,0.0,11017800.0,225070340000.0,143600.0,-178100.0,0.0,34500.0,2859285000.0,-3560285000.0,0.0,701000000.0
08/03/2022,19029.3,21950.0,-1400.0,-0.06378132,19909.0,20140.5,19029.3,12599400.0,267178305000.0,0.0,0.0,12599400.0,267178305000.0,-62400.0,61200.0,0.0,1200.0,-1328440000.0,1303070000.0,0.0,25370000.0
07/03/2022,20325.7,22600.0,-650.0,-0.02876106,20973.9,20973.9,20325.7,10443200.0,231623070000.0,0.0,0.0,10443200.0,231623070000.0,44600.0,-15400.0,0.0,-29200.0,981320000.0,-335640000.0,0.0,-645680000.0
04/03/2022,20927.6,22650.0,-50.0,-0.00220751,21020.2,21436.9,20742.4,8919100.0,203224070000.0,0.0,0.0,8919100.0,203224070000.0,92900.0,3000.0,0.0,-95900.0,2113530000.0,69650000.0,0.0,-2183180000.0
03/03/2022,20973.9,22800.0,-150.0,-0.00657895,21298.0,21575.8,20973.9,5889200.0,134805995000.0,0.0,0.0,5889200.0,134805995000.0,-14000.0,25700.0,0.0,-11700.0,-318845000.0,585380000.0,0.0,-266535000.0
02/03/2022,21112.8,22400.0,400.0,0.01785714,20742.4,21298.0,20418.3,9771900.0,220362925000.0,0.0,0.0,9771900.0,220362925000.0,79600.0,1100.0,0.0,-80700.0,1801305000.0,25350000.0,0.0,-1826655000.0
01/03/2022,20742.4,21300.0,1100.0,0.05164319,19677.5,20835.0,19538.6,13839400.0,306011060000.0,100000.0,1985000000.0,13939400.0,307996060000.0,-143200.0,21700.0,0.0,121500.0,-3217445000.0,497605000.0,0.0,2719840000.0
28/02/2022,19723.8,21150.0,150.0,0.0070922,19538.6,19770.1,18890.4,5102000.0,106712420000.0,0.0,0.0,5102000.0,106712420000.0,26300.0,7700.0,0.0,-34000.0,547790000.0,157845000.0,0.0,-705635000.0
25/02/2022,19584.9,20950.0,200.0,0.00954654,19538.6,20047.9,19399.7,8716100.0,184804400000.0,0.0,0.0,8716100.0,184804400000.0,-91900.0,97700.0,0.0,-5800.0,-1966015000.0,2088015000.0,0.0,-122000000.0
24/02/2022,19399.7,20950.0,0.0,0.0,19399.7,19631.2,18057.0,12415600.0,251448740000.0,0.0,0.0,12415600.0,251448740000.0,49900.0,47600.0,-100.0,-97500.0,1011315000.0,980345000.0,-2080000.0,-1991660000.0
23/02/2022,19399.7,20650.0,300.0,0.01452785,19353.4,19955.3,19168.2,4924800.0,103699380000.0,0.0,0.0,4924800.0,103699380000.0,-16000.0,-7200.0,0.0,23200.0,-336050000.0,-151635000.0,0.0,487685000.0
22/02/2022,19121.9,22050.0,-1400.0,-0.06349206,19770.1,20186.8,19029.3,13833900.0,290764385000.0,0.0,0.0,13833900.0,290764385000.0,309900.0,41600.0,0.0,-351500.0,6534400000.0,846720000.0,0.0,-7381120000.0
21/02/2022,20418.3,21800.0,250.0,0.01146789,20186.8,21020.2,19909.0,9072300.0,199982360000.0,0.0,0.0,9072300.0,199982360000.0,262600.0,-21000.0,0.0,-241600.0,5810480000.0,-482995000.0,0.0,-5327485000.0
18/02/2022,20186.8,21200.0,600.0,0.02830189,19492.3,20372.0,19260.8,8322200.0,179487345000.0,500000.0,11300000000.0,8822200.0,190787345000.0,651500.0,-600800.0,0.0,-50700.0,14038940000.0,-12951275000.0,0.0,-1087665000.0
17/02/2022,19631.2,20950.0,250.0,0.01193317,19538.6,19816.4,19353.4,10743000.0,226988320000.0,300000.0,6600000000.0,11043000.0,233588320000.0,562700.0,-504500.0,0.0,-58200.0,11807510000.0,-10580000000.0,0.0,-1227510000.0
16/02/2022,19399.7,19600.0,1350.0,0.06887755,18520.0,19399.7,18334.8,11230200.0,233561140000.0,0.0,0.0,11230200.0,233561140000.0,1063500.0,-1196400.0,0.0,132900.0,22292160000.0,-25063335000.0,0.0,2771175000.0
15/02/2022,18149.6,19300.0,300.0,0.01554404,17964.4,18242.2,17594.0,3943900.0,76479540000.0,0.0,0.0,3943900.0,76479540000.0,-22300.0,-41600.0,-100.0,63900.0,-440505000.0,-810800000.0,-1960000.0,1251305000.0
14/02/2022,17871.8,19450.0,-150.0,-0.00771208,17455.1,18334.8,17408.8,6537200.0,126483470000.0,0.0,0.0,6537200.0,126483470000.0,-102600.0,6000.0,-200.0,96600.0,-1994660000.0,116225000.0,-3860000.0,1878435000.0
11/02/2022,18010.7,19500.0,-50.0,-0.0025641,17964.4,18427.4,17964.4,3955100.0,77490175000.0,0.0,0.0,3955100.0,77490175000.0,204300.0,9900.0,0.0,-214200.0,3993030000.0,193690000.0,0.0,-4186720000.0
10/02/2022,18057.0,19400.0,100.0,0.00515464,18149.6,18520.0,17686.6,4899900.0,95924635000.0,200000.0,3610000000.0,5099900.0,99534635000.0,360500.0,4700.0,0.0,-365200.0,7020795000.0,93530000.0,0.0,-7114325000.0
09/02/2022,17964.4,18550.0,850.0,0.0458221,16714.3,18149.6,16714.3,7123700.0,134142005000.0,29300.0,521540000.0,7153000.0,134663545000.0,-92700.0,20600.0,-1500.0,72100.0,-1739395000.0,379085000.0,-28950000.0,1360310000.0
08/02/2022,17177.3,19000.0,-450.0,-0.02368421,17547.7,17732.9,16853.2,6601300.0,123654860000.0,0.0,0.0,6601300.0,123654860000.0,379400.0,27100.0,0.0,-406500.0,7120865000.0,507375000.0,0.0,-7628240000.0
07/02/2022,17594.0,17800.0,1200.0,0.06741573,16668.0,17594.0,16668.0,4653900.0,88071885000.0,0.0,0.0,4653900.0,88071885000.0,-153900.0,9100.0,-300.0,144800.0,-2914345000.0,172915000.0,-5685000.0,2741430000.0
28/01/2022,16482.8,16800.0,1000.0,0.05952381,15186.4,16482.8,14677.1,9181800.0,152142040000.0,0.0,0.0,9181800.0,152142040000.0,-786600.0,30200.0,29300.0,756400.0,-13040020000.0,536390000.0,521540000.0,12503630000.0
27/01/2022,15556.8,17850.0,-1050.0,-0.05882353,16575.4,17084.7,15556.8,6863000.0,121781590000.0,0.0,0.0,6863000.0,121781590000.0,-309100.0,2400.0,0.0,306700.0,-5558945000.0,42080000.0,0.0,5516865000.0
26/01/2022,16529.1,19150.0,-1300.0,-0.06788512,18057.0,18149.6,16529.1,6534200.0,121759015000.0,125000.0,2556250000.0,6659200.0,124315265000.0,179300.0,3700.0,0.0,-183000.0,3400670000.0,73200000.0,0.0,-3473870000.0
25/01/2022,17732.9,19150.0,0.0,0.0,16760.6,18057.0,16760.6,6156000.0,116122325000.0,0.0,0.0,6156000.0,116122325000.0,-274000.0,-12700.0,0.0,286700.0,-5140765000.0,-234060000.0,0.0,5374825000.0
24/01/2022,17732.9,20550.0,-1400.0,-0.06812652,18520.0,18844.1,17732.9,10545000.0,206480750000.0,0.0,0.0,10545000.0,206480750000.0,283500.0,1900.0,0.0,-285400.0,5557165000.0,37195000.0,0.0,-5594360000.0
21/01/2022,19029.3,19250.0,1300.0,0.06753247,18705.2,19029.3,18520.0,7770900.0,158894780000.0,0.0,0.0,7770900.0,158894780000.0,407800.0,-39100.0,0.0,-368700.0,8301440000.0,-803525000.0,0.0,-7497915000.0
20/01/2022,17825.5,18000.0,1250.0,0.06944444,16575.4,17825.5,16575.4,6146600.0,116695890000.0,0.0,0.0,6146600.0,116695890000.0,-118100.0,-1300.0,-200.0,119400.0,-2288820000.0,-24615000.0,-3850000.0,2313435000.0
19/01/2022,16668.0,19100.0,-1100.0,-0.05759162,16482.8,17223.6,16482.8,19896300.0,356922430000.0,0.0,0.0,19896300.0,356922430000.0,-315000.0,35500.0,0.0,279500.0,-5684580000.0,620190000.0,0.0,5064390000.0
18/01/2022,17686.6,20500.0,-1400.0,-0.06829268,17686.6,18057.0,17686.6,4562500.0,87324745000.0,0.0,0.0,4562500.0,87324745000.0,-87900.0,1400.0,0.0,86500.0,-1708935000.0,26765000.0,0.0,1682170000.0
17/01/2022,18983.0,22000.0,-1500.0,-0.06818182,20835.0,20927.6,18983.0,8794100.0,186291820000.0,0.0,0.0,8794100.0,186291820000.0,-61800.0,100.0,0.0,61700.0,-1286225000.0,15000.0,0.0,1286210000.0
14/01/2022,20372.0,22700.0,-700.0,-0.030837,19584.9,21483.2,19584.9,15320200.0,334552520000.0,0.0,0.0,15320200.0,334552520000.0,-137600.0,-33400.0,-300.0,171000.0,-3077360000.0,-767085000.0,-6710000.0,3844445000.0
13/01/2022,21020.2,24400.0,-1700.0,-0.06967213,22964.8,22964.8,21020.2,13397100.0,311789790000.0,100000.0,2270000000.0,13497100.0,314059790000.0,106500.0,-38100.0,0.0,-68400.0,2580335000.0,-913295000.0,0.0,-1667040000.0
12/01/2022,22594.4,26200.0,-1800.0,-0.06870229,23335.2,23983.4,22594.4,25219900.0,622010785000.0,0.0,0.0,25219900.0,622010785000.0,454900.0,-1200.0,-200.0,-453700.0,11256605000.0,-22260000.0,-4980000.0,-11234345000.0
11/01/2022,24261.2,25400.0,800.0,0.03149606,23613.0,24909.4,22501.8,22797000.0,584998795000.0,0.0,0.0,22797000.0,584998795000.0,159000.0,-96000.0,0.0,-63000.0,4179185000.0,-2520465000.0,0.0,-1658720000.0
10/01/2022,23520.4,24400.0,1000.0,0.04098361,23150.0,24168.6,22872.2,16898400.0,436146940000.0,0.0,0.0,16898400.0,436146940000.0,46100.0,45300.0,-100.0,-91400.0,1150895000.0,1157410000.0,-2540000.0,-2308305000.0
07/01/2022,22594.4,23700.0,700.0,0.02953587,22224.0,23150.0,22224.0,13179300.0,322589390000.0,150000.0,3750000000.0,13329300.0,326339390000.0,200600.0,1000.0,0.0,-201600.0,4911840000.0,24270000.0,0.0,-4936110000.0
06/01/2022,21946.2,22150.0,1550.0,0.06997743,20557.2,21946.2,20510.9,20080500.0,461238110000.0,420000.0,8736000000.0,20500500.0,469974110000.0,-321300.0,37800.0,0.0,283500.0,-7319670000.0,871970000.0,0.0,6447700000.0
05/01/2022,20510.9,22400.0,-250.0,-0.01116071,21205.4,21205.4,20510.9,13638800.0,306896020000.0,190000.0,3961500000.0,13828800.0,310857520000.0,313100.0,-56400.0,0.0,-256700.0,7047840000.0,-1272065000.0,0.0,-5775775000.0
04/01/2022,20742.4,21350.0,1050.0,0.04918033,20140.5,20927.6,20001.6,8598400.0,192274985000.0,0.0,0.0,8598400.0,192274985000.0,-507100.0,500.0,-400.0,506600.0,-11367285000.0,12200000.0,-8960000.0,11355085000.0
31/12/2021,19770.1,22050.0,-700.0,-0.03174603,20418.3,20418.3,19770.1,12102900.0,261707865000.0,0.0,0.0,12102900.0,261707865000.0,501700.0,-19800.0,-100.0,-481900.0,10830875000.0,-433960000.0,-2135000.0,-10396915000.0
30/12/2021,20418.3,22650.0,-600.0,-0.02649007,20973.9,21066.5,20372.0,8628400.0,192329560000.0,0.0,0.0,8628400.0,192329560000.0,-37500.0,-2700.0,0.0,40200.0,-850770000.0,-59370000.0,0.0,910140000.0
29/12/2021,20973.9,23100.0,-450.0,-0.01948052,21344.3,21807.3,20973.9,10615500.0,244885855000.0,920000.0,22632000000.0,11535500.0,267517855000.0,-86700.0,77100.0,0.0,9600.0,-2015910000.0,1794045000.0,0.0,221865000.0
28/12/2021,21390.6,22100.0,1000.0,0.04524887,20835.0,21714.7,20742.4,15812700.0,363975150000.0,0.0,0.0,15812700.0,363975150000.0,-371900.0,89100.0,-100.0,282800.0,-8610795000.0,2037150000.0,-2285000.0,6573645000.0
27/12/2021,20464.6,22100.0,0.0,0.0,20649.8,20649.8,19677.5,8830000.0,192309275000.0,0.0,0.0,8830000.0,192309275000.0,30300.0,-11100.0,-100.0,-19200.0,648365000.0,-238360000.0,-2210000.0,-410005000.0
24/12/2021,20464.6,22000.0,100.0,0.00454545,20557.2,21020.2,19631.2,12925200.0,282769000000.0,920000.0,18860000000.0,13845200.0,301629000000.0,4300.0,-2900.0,0.0,-1400.0,47600000.0,-63635000.0,0.0,16035000.0
23/12/2021,20372.0,23200.0,-1200.0,-0.05172414,21622.1,21668.4,20001.6,16477600.0,373849955000.0,0.0,0.0,16477600.0,373849955000.0,149200.0,600.0,0.0,-149800.0,3424510000.0,4680000.0,0.0,-3429190000.0
22/12/2021,21483.2,22750.0,450.0,0.01978022,21483.2,22085.1,21251.7,13029400.0,305966710000.0,0.0,0.0,13029400.0,305966710000.0,284800.0,37300.0,0.0,-322100.0,6702380000.0,861765000.0,0.0,-7564145000.0
21/12/2021,21066.5,21650.0,1100.0,0.05080831,19631.2,21298.0,19631.2,14419200.0,319155095000.0,970000.0,22455500000.0,15389200.0,341610595000.0,-62300.0,68200.0,-100.0,-5900.0,-1354040000.0,1481290000.0,-2205000.0,-127250000.0
20/12/2021,20047.9,21500.0,150.0,0.007,19909.0,20372.0,19260.8,11047000.0,236197770000.0,0.0,0.0,11047000.0,236197770000.0,54700.0,-5800.0,-100.0,-48900.0,1134065000.0,-124200000.0,-2165000.0,-1009865000.0
17/12/2021,19909.0,22000.0,-500.0,-0.02272727,20973.9,20973.9,19723.8,13021700.0,286917440000.0,0.0,0.0,13021700.0,286917440000.0,361800.0,-12900.0,-200.0,-348900.0,7936865000.0,-278500000.0,-4460000.0,-7658365000.0
16/12/2021,20372.0,20750.0,1250.0,0.06024096,19214.5,20372.0,19214.5,15200700.0,326169495000.0,970000.0,18818000000.0,16170700.0,344987495000.0,-137600.0,-151000.0,0.0,288600.0,-2893985000.0,-3297665000.0,0.0,6191650000.0
15/12/2021,19214.5,20800.0,-50.0,-0.00240385,19260.8,19862.7,19121.9,9472000.0,198837900000.0,0.0,0.0,9472000.0,198837900000.0,-10400.0,-1500.0,-100.0,11900.0,-227145000.0,-31200000.0,-2075000.0,258345000.0
14/12/2021,19260.8,20550.0,250.0,0.01216545,19538.6,19955.3,18983.0,14239700.0,298722585000.0,0.0,0.0,14239700.0,298722585000.0,-155100.0,47000.0,-400.0,108100.0,-3279670000.0,984190000.0,-8260000.0,2295480000.0
13/12/2021,19029.3,19250.0,1300.0,0.06753247,18010.7,19029.3,17964.4,17046900.0,347341860000.0,0.0,0.0,17046900.0,347341860000.0,-314000.0,-17600.0,-600.0,331600.0,-6411505000.0,-354455000.0,-12330000.0,6765960000.0
10/12/2021,17825.5,19150.0,100.0,0.00522193,17732.9,18057.0,17501.4,9514000.0,182255655000.0,0.0,0.0,9514000.0,182255655000.0,200000.0,200.0,0.0,-200200.0,3826460000.0,3540000.0,0.0,-3830000000.0
09/12/2021,17732.9,18800.0,350.0,0.01861702,17316.2,17964.4,17223.6,5253700.0,100185915000.0,0.0,0.0,5253700.0,100185915000.0,-10800.0,8500.0,-800.0,2300.0,-204670000.0,160695000.0,-15320000.0,43975000.0
08/12/2021,17408.8,19250.0,-450.0,-0.02337662,17825.5,17964.4,17408.8,6986600.0,133268455000.0,0.0,0.0,6986600.0,133268455000.0,103900.0,-6300.0,0.0,-97600.0,1983435000.0,-121660000.0,0.0,-1861775000.0
07/12/2021,17825.5,18100.0,1150.0,0.06353591,17131.0,17871.8,16529.1,10365600.0,192112665000.0,0.0,0.0,10365600.0,192112665000.0,-42800.0,-18200.0,0.0,61000.0,-795260000.0,-334320000.0,0.0,1129580000.0
06/12/2021,16760.6,19450.0,-1350.0,-0.06940874,17871.8,18334.8,16760.6,13969900.0,262279950000.0,0.0,0.0,13969900.0,262279950000.0,368100.0,-135200.0,0.0,-232900.0,6905145000.0,-2505910000.0,0.0,-4399235000.0
03/12/2021,18010.7,20300.0,-850.0,-0.04187192,18890.4,18983.0,17871.8,11968500.0,237927880000.0,0.0,0.0,11968500.0,237927880000.0,-191200.0,106500.0,-3000.0,84700.0,-3807770000.0,2082795000.0,-59700000.0,1724975000.0
02/12/2021,18797.8,20700.0,-400.0,-0.01932367,19168.2,19168.2,18520.0,11981300.0,244912605000.0,0.0,0.0,11981300.0,244912605000.0,63000.0,-200.0,0.0,-62800.0,1275780000.0,-4120000.0,0.0,-1271660000.0
01/12/2021,19168.2,20000.0,700.0,0.035,18520.0,19353.4,18242.2,12342700.0,252811040000.0,603000.0,11305800000.0,12945700.0,264116840000.0,-256800.0,-107800.0,0.0,364600.0,-5105405000.0,-2241365000.0,0.0,7346770000.0
30/11/2021,18520.0,19250.0,750.0,0.03896104,18983.0,18983.0,18057.0,17176300.0,345632960000.0,0.0,0.0,17176300.0,345632960000.0,-21000.0,7000.0,0.0,14000.0,-428285000.0,145935000.0,0.0,282350000.0
29/11/2021,17825.5,18000.0,1250.0,0.06944444,16019.8,17825.5,16019.8,19353900.0,361180620000.0,0.0,0.0,19353900.0,361180620000.0,-131000.0,11300.0,-200.0,119700.0,-2498345000.0,211990000.0,-3680000.0,2286355000.0
26/11/2021,16668.0,18250.0,-250.0,-0.01369863,16945.8,17316.2,16297.6,9794200.0,177080785000.0,0.0,0.0,9794200.0,177080785000.0,6400.0,3800.0,0.0,-10200.0,118385000.0,66730000.0,0.0,-185115000.0
25/11/2021,16899.5,17600.0,650.0,0.03693182,16297.6,17131.0,16158.7,8323600.0,151529665000.0,438000.0,7183200000.0,8761600.0,158712865000.0,-11400.0,15200.0,0.0,-3800.0,-201120000.0,270380000.0,0.0,-69260000.0
24/11/2021,16297.6,18050.0,-450.0,-0.02493075,17131.0,17316.2,16205.0,8457200.0,152501665000.0,65000.0,1092000000.0,8522200.0,153593665000.0,55000.0,-17000.0,-100.0,-38000.0,994405000.0,-308070000.0,-1805000.0,-686335000.0
23/11/2021,16714.3,17900.0,150.0,0.00837989,15649.4,16806.9,15556.8,12302400.0,213537890000.0,403800.0,6723270000.0,12706200.0,220261160000.0,-22400.0,25000.0,0.0,-2600.0,-376980000.0,422535000.0,0.0,-45555000.0
22/11/2021,16575.4,19200.0,-1300.0,-0.06770833,17779.2,17871.8,16575.4,14256400.0,260553845000.0,0.0,0.0,14256400.0,260553845000.0,37400.0,-33600.0,0.0,-3800.0,677055000.0,-610050000.0,0.0,-67005000.0
19/11/2021,17779.2,18950.0,250.0,0.01319261,17825.5,18751.5,16621.7,18206900.0,355389790000.0,503000.0,10185750000.0,18709900.0,365575540000.0,-5700.0,10900.0,0.0,-5200.0,-96020000.0,218450000.0,0.0,-122430000.0
18/11/2021,17547.7,18000.0,950.0,0.05277778,16853.2,17825.5,16714.3,14125400.0,264344130000.0,0.0,0.0,14125400.0,264344130000.0,459100.0,22400.0,0.0,-481500.0,8422100000.0,518710000.0,0.0,-8940810000.0
17/11/2021,16668.0,17800.0,200.0,0.01123596,16297.6,16899.5,16297.6,8487400.0,152735220000.0,0.0,0.0,8487400.0,152735220000.0,67900.0,12500.0,-100.0,-80400.0,1217275000.0,226675000.0,-1770000.0,-1443950000.0
16/11/2021,16482.8,18600.0,-800.0,-0.04301075,16760.6,17131.0,16205.0,13117600.0,235663710000.0,0.0,0.0,13117600.0,235663710000.0,174900.0,106000.0,0.0,-280900.0,3129020000.0,1917540000.0,0.0,-5046560000.0
15/11/2021,17223.6,17500.0,1100.0,0.06285714,16297.6,17316.2,16205.0,17511500.0,323123290000.0,0.0,0.0,17511500.0,323123290000.0,-684600.0,20000.0,-1000.0,664600.0,-12581295000.0,353005000.0,-18680000.0,12228290000.0
12/11/2021,16205.0,17400.0,100.0,0.00574713,16205.0,16251.3,15649.4,13084300.0,225654300000.0,0.0,0.0,13084300.0,225654300000.0,-9800.0,-10200.0,0.0,20000.0,-231470000.0,-177970000.0,0.0,409440000.0
11/11/2021,16112.4,16900.0,500.0,0.0295858,16343.9,16575.4,15788.3,17181100.0,302411130000.0,0.0,0.0,17181100.0,302411130000.0,-13900.0,-2900.0,0.0,16800.0,-242190000.0,-54425000.0,0.0,296615000.0
10/11/2021,15649.4,15800.0,1100.0,0.06962025,14908.6,15649.4,14769.7,17802100.0,294095815000.0,0.0,0.0,17802100.0,294095815000.0,214300.0,-48800.0,0.0,-165500.0,3650125000.0,-773640000.0,0.0,-2876485000.0
09/11/2021,14630.8,15300.0,500.0,0.03267974,14584.5,15001.2,14538.2,16353000.0,260040565000.0,0.0,0.0,16353000.0,260040565000.0,1229000.0,20600.0,0.0,-1249600.0,19539240000.0,328070000.0,0.0,-19867310000.0
08/11/2021,14167.8,14950.0,350.0,0.02341137,13843.7,14445.6,13843.7,11718800.0,179367760000.0,0.0,0.0,11718800.0,179367760000.0,96300.0,-14200.0,0.0,-82100.0,1469950000.0,-214190000.0,0.0,-1255760000.0
05/11/2021,13843.7,14900.0,50.0,0.0033557,13890.0,14075.2,13565.9,9186800.0,136743635000.0,0.0,0.0,9186800.0,136743635000.0,76100.0,-43100.0,0.0,-33000.0,1139790000.0,-651290000.0,0.0,-488500000.0
04/11/2021,13797.4,14650.0,250.0,0.01706485,13565.9,14028.9,13056.6,11414200.0,167427605000.0,0.0,0.0,11414200.0,167427605000.0,-132300.0,-15200.0,0.0,147500.0,-1933250000.0,-230710000.0,0.0,2163960000.0
03/11/2021,13565.9,15700.0,-1050.0,-0.06687898,14816.0,15186.4,13565.9,27580100.0,423424290000.0,88000.0,1289200000.0,27668100.0,424713490000.0,-129100.0,69900.0,-100.0,59200.0,-1879665000.0,1001020000.0,-1580000.0,878645000.0
02/11/2021,14538.2,14700.0,1000.0,0.06802721,13843.7,14538.2,13612.2,15293700.0,233166360000.0,0.0,0.0,15293700.0,233166360000.0,59500.0,-204500.0,0.0,145000.0,1067815000.0,-3299575000.0,0.0,2231760000.0
01/11/2021,13612.2,14800.0,-100.0,-0.00675676,13890.0,14028.9,13519.6,12475600.0,186456475000.0,0.0,0.0,12475600.0,186456475000.0,-6200.0,-21500.0,0.0,27700.0,-97570000.0,-318475000.0,0.0,416045000.0
29/10/2021,13704.8,14450.0,350.0,0.02422145,13565.9,14121.5,13427.0,16819000.0,251364355000.0,0.0,0.0,16819000.0,251364355000.0,59100.0,-18400.0,-100.0,-40700.0,871850000.0,-278210000.0,-1520000.0,-593640000.0
28/10/2021,13380.7,14500.0,-50.0,-0.00344828,13473.3,13612.2,13334.4,9857000.0,143103890000.0,0.0,0.0,9857000.0,143103890000.0,-13600.0,17100.0,-100.0,-3500.0,-198150000.0,249000000.0,-1455000.0,-50850000.0
27/10/2021,13427.0,14200.0,300.0,0.02112676,13288.1,13612.2,13195.5,12467500.0,179864970000.0,0.0,0.0,12467500.0,179864970000.0,-46800.0,-1100.0,0.0,47900.0,-683590000.0,-11355000.0,0.0,694945000.0
26/10/2021,13149.2,14100.0,100.0,0.0070922,12871.4,13288.1,12871.4,13712900.0,193221765000.0,30000.0,423000000.0,13742900.0,193644765000.0,22300.0,30100.0,0.0,-52400.0,305715000.0,425865000.0,0.0,-731580000.0
25/10/2021,13056.6,14200.0,-100.0,-0.00704225,13427.0,13704.8,13056.6,19627400.0,283554080000.0,0.0,0.0,19627400.0,283554080000.0,79500.0,53500.0,0.0,-133000.0,1144120000.0,784220000.0,0.0,-1928340000.0
22/10/2021,13149.2,13300.0,900.0,0.06766917,12639.9,13149.2,12639.9,14323500.0,202104950000.0,0.0,0.0,14323500.0,202104950000.0,109300.0,-90000.0,0.0,-19300.0,1521310000.0,-1253000000.0,0.0,-268310000.0
21/10/2021,12315.8,13000.0,300.0,0.02307692,12130.6,12454.7,11991.7,9773800.0,128539450000.0,300000.0,3630000000.0,10073800.0,132169450000.0,-3200.0,-11100.0,-200.0,14300.0,-29725000.0,-156485000.0,-2600000.0,186210000.0
20/10/2021,12038.0,13150.0,-150.0,-0.01140684,12176.9,12315.8,11852.8,10519300.0,138188825000.0,0.0,0.0,10519300.0,138188825000.0,-15800.0,-50000.0,0.0,65800.0,-217770000.0,-658740000.0,0.0,876510000.0
19/10/2021,12176.9,13200.0,-50.0,-0.00378788,12176.9,12408.4,12130.6,8155600.0,107815400000.0,0.0,0.0,8155600.0,107815400000.0,49100.0,-10400.0,0.0,-38700.0,648155000.0,-137315000.0,0.0,-510840000.0
18/10/2021,12223.2,13150.0,50.0,0.00380228,12176.9,12501.0,12130.6,13009400.0,172738350000.0,0.0,0.0,13009400.0,172738350000.0,100200.0,49900.0,-100.0,-150100.0,1345015000.0,638485000.0,-1315000.0,-1983500000.0
15/10/2021,12176.9,13150.0,0.0,0.0,12315.8,12315.8,11991.7,9259500.0,121680715000.0,0.0,0.0,9259500.0,121680715000.0,88400.0,-20200.0,0.0,-68200.0,1155295000.0,-263120000.0,0.0,-892175000.0
14/10/2021,12176.9,13250.0,-100.0,-0.00754717,12315.8,12639.9,12176.9,11011900.0,147626325000.0,0.0,0.0,11011900.0,147626325000.0,301400.0,-11800.0,0.0,-289600.0,4025895000.0,-158915000.0,0.0,-3866980000.0
13/10/2021,12269.5,12700.0,550.0,0.04330709,11806.5,12362.1,11760.2,17391300.0,227729360000.0,0.0,0.0,17391300.0,227729360000.0,-268400.0,-44800.0,-100.0,313200.0,-3523875000.0,-588285000.0,-1310000.0,4112160000.0
12/10/2021,11760.2,12600.0,100.0,0.00793651,11806.5,11991.7,11575.0,10565200.0,133968120000.0,0.0,0.0,10565200.0,133968120000.0,82700.0,-104000.0,0.0,21300.0,1040630000.0,-1312855000.0,0.0,272225000.0
11/10/2021,11667.6,12700.0,-100.0,-0.00787402,11713.9,11991.7,11575.0,9158800.0,116708480000.0,600000.0,7620000000.0,9758800.0,124328480000.0,5500.0,35600.0,0.0,-41100.0,67995000.0,454650000.0,0.0,-522645000.0
08/10/2021,11760.2,12900.0,-200.0,-0.01550388,12084.3,12223.2,11760.2,11030000.0,142339275000.0,0.0,0.0,11030000.0,142339275000.0,334600.0,58500.0,0.0,-393100.0,4322415000.0,751745000.0,0.0,-5074160000.0
07/10/2021,11945.4,12700.0,200.0,0.01574803,11852.8,12130.6,11806.5,12106000.0,156779025000.0,0.0,0.0,12106000.0,156779025000.0,-318400.0,71600.0,0.0,246800.0,-4128470000.0,927000000.0,0.0,3201470000.0
06/10/2021,11760.2,12500.0,200.0,0.016,11667.6,12084.3,11575.0,9290700.0,119055005000.0,0.0,0.0,9290700.0,119055005000.0,-4600.0,39200.0,0.0,-34600.0,-63850000.0,503445000.0,0.0,-439595000.0
05/10/2021,11575.0,12000.0,500.0,0.04166667,11204.6,11667.6,11158.3,8298700.0,102759760000.0,0.0,0.0,8298700.0,102759760000.0,-262100.0,14100.0,0.0,248000.0,-3216005000.0,174230000.0,0.0,3041775000.0
04/10/2021,11112.0,12000.0,0.0,0.0,11112.0,11389.8,10973.1,7721200.0,93140810000.0,6760610.0,81127320000.0,14481810.0,174268130000.0,-293100.0,2600.0,0.0,290500.0,-3557295000.0,31020000.0,0.0,3526275000.0
01/10/2021,11112.0,12450.0,-450.0,-0.03614458,11389.8,11621.3,11019.4,9493500.0,115989765000.0,60000.0,777000000.0,9553500.0,116766765000.0,330700.0,34300.0,0.0,-365000.0,4064630000.0,436320000.0,0.0,-4500950000.0
30/09/2021,11528.7,12350.0,100.0,0.00809717,11389.8,11852.8,11389.8,7067800.0,88680770000.0,0.0,0.0,7067800.0,88680770000.0,194800.0,-10400.0,-300.0,-184400.0,2454115000.0,-140645000.0,-3795000.0,-2313470000.0
29/09/2021,11436.1,12350.0,0.0,0.0,11528.7,11528.7,10926.8,10624900.0,129028095000.0,0.0,0.0,10624900.0,129028095000.0,444400.0,-44900.0,0.0,-399500.0,5383520000.0,-545160000.0,0.0,-4838360000.0
28/09/2021,11436.1,12250.0,100.0,0.00816327,11065.7,11436.1,10834.2,11020300.0,132760000000.0,0.0,0.0,11020300.0,132760000000.0,-350200.0,10800.0,0.0,339400.0,-4246805000.0,128635000.0,0.0,4118170000.0
27/09/2021,11343.5,13150.0,-900.0,-0.06844106,12176.9,12315.8,11343.5,22125900.0,277712830000.0,20000.0,281000000.0,22145900.0,277993830000.0,61600.0,254800.0,-800.0,-316400.0,881460000.0,3115220000.0,-9840000.0,-3996680000.0
24/09/2021,12176.9,13100.0,50.0,0.00381679,12130.6,12501.0,12038.0,11840900.0,156345445000.0,200000.0,2800000000.0,12040900.0,159145445000.0,8900.0,-463600.0,-1000.0,454700.0,103275000.0,-6168030000.0,-13100000.0,6064755000.0
23/09/2021,12130.6,13300.0,-200.0,-0.01503759,12362.1,12917.7,12084.3,15812600.0,211474465000.0,0.0,0.0,15812600.0,211474465000.0,2800.0,-6500.0,0.0,3700.0,46465000.0,-84980000.0,0.0,38515000.0
22/09/2021,12315.8,13350.0,-50.0,-0.00374532,12593.6,12686.2,12130.6,17176500.0,230482430000.0,0.0,0.0,17176500.0,230482430000.0,702800.0,-14300.0,0.0,-688500.0,9397425000.0,-191045000.0,0.0,-9206380000.0
21/09/2021,12362.1,12500.0,850.0,0.068,11389.8,12362.1,11389.8,25298300.0,326548170000.0,0.0,0.0,25298300.0,326548170000.0,868500.0,-967100.0,0.0,98600.0,11557080000.0,-12843690000.0,0.0,1286610000.0
20/09/2021,11575.0,12350.0,150.0,0.01214575,11852.8,12223.2,11482.4,23288400.0,300393305000.0,0.0,0.0,23288400.0,300393305000.0,560600.0,79100.0,0.0,-639700.0,7215270000.0,1038815000.0,0.0,-8254085000.0
17/09/2021,11436.1,11550.0,800.0,0.06926407,10787.9,11436.1,10741.6,27521500.0,335706040000.0,0.0,0.0,27521500.0,335706040000.0,4321700.0,-4487000.0,0.0,165300.0,53191880000.0,-55200160000.0,0.0,2008280000.0
16/09/2021,10695.3,11450.0,100.0,0.00873362,10649.0,10880.5,10649.0,8924700.0,103615880000.0,0.0,0.0,8924700.0,103615880000.0,-110700.0,30000.0,0.0,80700.0,-1288555000.0,348000000.0,0.0,940555000.0
15/09/2021,10602.7,11500.0,-50.0,-0.00434783,10649.0,10834.2,10510.1,5675300.0,65542580000.0,0.0,0.0,5675300.0,65542580000.0,-46700.0,800.0,0.0,45900.0,-542655000.0,9285000.0,0.0,533370000.0
14/09/2021,10649.0,12000.0,-500.0,-0.04166667,11158.3,11204.6,10649.0,10734500.0,126494525000.0,0.0,0.0,10734500.0,126494525000.0,285700.0,49600.0,0.0,-335300.0,3349830000.0,582760000.0,0.0,-3932590000.0
13/09/2021,11112.0,11550.0,450.0,0.03896104,10695.3,11297.2,10602.7,22382500.0,267875195000.0,0.0,0.0,22382500.0,267875195000.0,-554300.0,264600.0,0.0,289700.0,-6621940000.0,3148750000.0,0.0,3473190000.0
10/09/2021,10695.3,11250.0,300.0,0.02666667,10510.1,10926.8,10463.8,9489200.0,109908910000.0,0.0,0.0,9489200.0,109908910000.0,-117400.0,-4900.0,0.0,122300.0,-1355435000.0,-56830000.0,0.0,1412265000.0
09/09/2021,10417.5,11300.0,-50.0,-0.00442478,10463.8,10602.7,10371.2,7004500.0,79422090000.0,0.0,0.0,7004500.0,79422090000.0,-38900.0,-24800.0,0.0,63700.0,-443810000.0,-282480000.0,0.0,726290000.0
08/09/2021,10463.8,11300.0,0.0,0.0,10463.8,10649.0,10324.9,7361400.0,83405390000.0,0.0,0.0,7361400.0,83405390000.0,-282400.0,-9100.0,0.0,291500.0,-3225605000.0,-103280000.0,0.0,3328885000.0
07/09/2021,10463.8,11750.0,-350.0,-0.02978723,11158.3,11297.2,10278.6,14629700.0,172700695000.0,0.0,0.0,14629700.0,172700695000.0,353600.0,48500.0,-100.0,-402100.0,4173955000.0,556015000.0,-1130000.0,-4729970000.0
06/09/2021,10880.5,11000.0,750.0,0.06818182,10232.3,10880.5,10232.3,17212100.0,200021040000.0,1866364.0,19130231000.0,19078464.0,219151271000.0,608500.0,-744800.0,0.0,136300.0,7241840000.0,-8786900000.0,0.0,1545060000.0
01/09/2021,10186.0,10950.0,50.0,0.00456621,10093.4,10371.2,10093.4,7484300.0,82514570000.0,0.0,0.0,7484300.0,82514570000.0,18100.0,0.0,0.0,-18100.0,198520000.0,-1000000.0,0.0,-197520000.0
31/08/2021,10139.7,11000.0,-50.0,-0.00454545,10232.3,10463.8,10047.1,10244400.0,113406355000.0,0.0,0.0,10244400.0,113406355000.0,-120900.0,209200.0,0.0,-88300.0,-1361765000.0,2343700000.0,0.0,-981935000.0
30/08/2021,10186.0,10550.0,450.0,0.04265403,9908.2,10278.6,9769.3,9260200.0,100823050000.0,0.0,0.0,9260200.0,100823050000.0,-966000.0,965900.0,200000.0,100.0,-10568165000.0,10567060000.0,2140000000.0,1105000.0
27/08/2021,9769.3,10450.0,100.0,0.00956938,9537.8,9769.3,9398.9,6235800.0,64856725000.0,0.0,0.0,6235800.0,64856725000.0,-140800.0,200.0,0.0,140600.0,-1479105000.0,2060000.0,0.0,1477045000.0
26/08/2021,9676.7,10450.0,0.0,0.0,9676.7,9815.6,9445.2,5951200.0,61971745000.0,0.0,0.0,5951200.0,61971745000.0,344900.0,-283900.0,0.0,-61000.0,3570285000.0,-2943380000.0,0.0,-626905000.0
25/08/2021,9676.7,10300.0,150.0,0.01456311,9630.4,9769.3,9537.8,4986900.0,52050230000.0,0.0,0.0,4986900.0,52050230000.0,6100.0,-9000.0,0.0,2900.0,62000000.0,-94480000.0,0.0,32480000.0
24/08/2021,9537.8,10050.0,250.0,0.02487562,9352.6,9723.0,9306.3,10487400.0,107504720000.0,0.0,0.0,10487400.0,107504720000.0,-1099600.0,469400.0,10000.0,630200.0,-11273420000.0,4810485000.0,103000000.0,6462935000.0
23/08/2021,9306.3,10550.0,-500.0,-0.04739336,9723.0,9908.2,9306.3,11200900.0,115459295000.0,0.0,0.0,11200900.0,115459295000.0,-509400.0,228000.0,200.0,281400.0,-5220045000.0,2294785000.0,2010000.0,2925260000.0
20/08/2021,9769.3,11150.0,-600.0,-0.05381166,10324.9,10510.1,9630.4,17989200.0,195213825000.0,0.0,0.0,17989200.0,195213825000.0,531100.0,174000.0,0.0,-705100.0,5790905000.0,1860350000.0,0.0,-7651255000.0
19/08/2021,10324.9,11100.0,50.0,0.0045045,10232.3,10463.8,10232.3,7806700.0,87254220000.0,0.0,0.0,7806700.0,87254220000.0,-240900.0,-18900.0,0.0,259800.0,-2689770000.0,-213095000.0,0.0,2902865000.0
18/08/2021,10278.6,11050.0,50.0,0.00452489,10278.6,10556.4,10139.7,11057100.0,123152360000.0,0.0,0.0,11057100.0,123152360000.0,274800.0,-266900.0,0.0,-7900.0,3052740000.0,-2965530000.0,0.0,-87210000.0
17/08/2021,10232.3,11450.0,-400.0,-0.0349345,10556.4,10649.0,10232.3,11397400.0,128435685000.0,0.0,0.0,11397400.0,128435685000.0,460000.0,-245200.0,0.0,-214800.0,5145695000.0,-2726585000.0,0.0,-2419110000.0
16/08/2021,10602.7,11300.0,150.0,0.01327434,10602.7,10926.8,10463.8,14378400.0,165800040000.0,0.0,0.0,14378400.0,165800040000.0,-314200.0,409200.0,0.0,-95000.0,-3612700000.0,4713430000.0,0.0,-1100730000.0
13/08/2021,10463.8,11500.0,-200.0,-0.0173913,10649.0,10787.9,10093.4,12194700.0,137251450000.0,0.0,0.0,12194700.0,137251450000.0,288500.0,93400.0,0.0,-381900.0,3274960000.0,1041730000.0,0.0,-4316690000.0
12/08/2021,10649.0,11000.0,500.0,0.04545455,10186.0,10787.9,10139.7,16996600.0,194081625000.0,0.0,0.0,16996600.0,194081625000.0,2996000.0,-3423800.0,0.0,427800.0,34455820000.0,-39339035000.0,0.0,4883215000.0
11/08/2021,10186.0,10900.0,100.0,0.00917431,10139.7,10556.4,10047.1,16433100.0,182985505000.0,0.0,0.0,16433100.0,182985505000.0,-1201400.0,1161700.0,0.0,39700.0,-13300145000.0,12866135000.0,0.0,434010000.0
10/08/2021,10093.4,11050.0,-150.0,-0.01357466,10417.5,10417.5,10047.1,9258300.0,102106760000.0,0.0,0.0,9258300.0,102106760000.0,264100.0,189700.0,-100.0,-453800.0,2912265000.0,2081680000.0,-1110000.0,-4993945000.0
09/08/2021,10232.3,10750.0,300.0,0.02790698,10000.8,10417.5,9954.5,10487900.0,116659130000.0,980000.0,9858500000.0,11467900.0,126517630000.0,719700.0,-521900.0,0.0,-197800.0,8038190000.0,-5840845000.0,0.0,-2197345000.0
06/08/2021,9954.5,10650.0,100.0,0.00938967,9908.2,10278.6,9723.0,14559800.0,157777655000.0,200000.0,2130000000.0,14759800.0,159907655000.0,161500.0,7200.0,0.0,-168700.0,1724155000.0,78085000.0,0.0,-1802240000.0
05/08/2021,9861.9,10400.0,250.0,0.02403846,9584.1,10139.7,9537.8,8595300.0,91730175000.0,0.0,0.0,8595300.0,91730175000.0,-447600.0,445800.0,0.0,1800.0,-4770255000.0,4752430000.0,0.0,17825000.0
04/08/2021,9630.4,10350.0,50.0,0.00483092,9676.7,9954.5,9537.8,8513000.0,89793145000.0,0.0,0.0,8513000.0,89793145000.0,-186500.0,302500.0,0.0,-116000.0,-1960060000.0,3168205000.0,0.0,-1208145000.0
03/08/2021,9584.1,10400.0,-50.0,-0.00480769,9537.8,9815.6,9537.8,7698900.0,80464145000.0,0.0,0.0,7698900.0,80464145000.0,-290800.0,499000.0,0.0,-208200.0,-3016130000.0,5188645000.0,0.0,-2172515000.0
02/08/2021,9630.4,10300.0,100.0,0.00970874,9445.2,9908.2,9352.6,9068900.0,93702720000.0,0.0,0.0,9068900.0,93702720000.0,-162300.0,116600.0,0.0,45700.0,-1829495000.0,1286405000.0,0.0,543090000.0
30/07/2021,9537.8,9660.0,640.0,0.06625259,9537.8,9537.8,9352.6,14814900.0,151999000000.0,0.0,0.0,14814900.0,151999000000.0,1215600.0,-1036900.0,0.0,-178700.0,12506820000.0,-10684460000.0,0.0,-1822360000.0
29/07/2021,8945.16,9600.0,60.0,0.00625,8945.16,9009.98,8815.52,4310900.0,41370963000.0,0.0,0.0,4310900.0,41370963000.0,417300.0,-330200.0,0.0,-87100.0,4006580000.0,-3173878000.0,0.0,-832702000.0
28/07/2021,8889.6,9710.0,-110.0,-0.01132853,8991.46,9028.5,8722.92,5321300.0,51137490000.0,0.0,0.0,5321300.0,51137490000.0,814900.0,-675800.0,0.0,-139100.0,7859895000.0,-6525253000.0,0.0,-1334642000.0
27/07/2021,8991.46,9850.0,-140.0,-0.0142132,9232.22,9260.0,8991.46,6284400.0,61696523000.0,0.0,0.0,6284400.0,61696523000.0,476900.0,32100.0,-300.0,-509000.0,4679200000.0,316451000.0,-2928000.0,-4995651000.0
26/07/2021,9121.1,9640.0,210.0,0.02178423,8759.96,9250.74,8722.92,6060800.0,58721296000.0,0.0,0.0,6060800.0,58721296000.0,-212000.0,339900.0,0.0,-127900.0,-2020723000.0,3273675000.0,0.0,-1252952000.0
23/07/2021,8926.64,9640.0,0.0,0.0,9074.8,9491.5,8797.0,11705400.0,116000490000.0,0.0,0.0,11705400.0,116000490000.0,-501000.0,1241300.0,0.0,-740300.0,-5237392000.0,12564574000.0,0.0,-7327182000.0
22/07/2021,8926.64,9010.0,630.0,0.06992231,8380.3,8926.64,8259.92,9189700.0,86516407000.0,480000.0,4198800000.0,9669700.0,90715207000.0,127900.0,-43200.0,0.0,-84700.0,1191877000.0,-402347000.0,0.0,-789530000.0
21/07/2021,8343.26,8700.0,310.0,0.03563218,8148.8,8519.2,8056.2,5345000.0,47785465000.0,0.0,0.0,5345000.0,47785465000.0,118800.0,18700.0,0.0,-137500.0,1059821000.0,169153000.0,0.0,-1228974000.0
20/07/2021,8056.2,8480.0,220.0,0.0259434,7852.48,8083.98,7695.06,4454500.0,37854439000.0,600000.0,5100000000.0,5054500.0,42954439000.0,-139400.0,8000.0,0.0,131400.0,-1191016000.0,67926000.0,0.0,1123090000.0
19/07/2021,7852.48,9110.0,-630.0,-0.06915478,8148.8,8334.0,7852.48,6322100.0,54763638000.0,0.0,0.0,6322100.0,54763638000.0,152400.0,1900.0,0.0,-154300.0,1321234000.0,16780000.0,0.0,-1338014000.0
16/07/2021,8435.86,9200.0,-90.0,-0.00978261,8611.8,8667.36,8426.6,3639400.0,33535384000.0,0.0,0.0,3639400.0,33535384000.0,385300.0,8600.0,-200.0,-393900.0,3548364000.0,79028000.0,-1838000.0,-3627392000.0
15/07/2021,8519.2,9050.0,150.0,0.01657459,8334.0,8602.54,8334.0,2806600.0,25861101000.0,0.0,0.0,2806600.0,25861101000.0,29900.0,200.0,0.0,-30100.0,274823000.0,1840000.0,0.0,-276663000.0
14/07/2021,8380.3,9300.0,-250.0,-0.02688172,8611.8,8787.74,8352.52,4888300.0,44980838000.0,0.0,0.0,4888300.0,44980838000.0,-97800.0,478200.0,0.0,-380400.0,-826896000.0,4358364000.0,0.0,-3531468000.0
13/07/2021,8611.8,8790.0,510.0,0.05802048,8241.4,8676.62,8148.8,7265600.0,66365499000.0,493300.0,4035194000.0,7758900.0,70400693000.0,-1079900.0,429400.0,-500.0,650500.0,-9871972000.0,3966106000.0,-4580000.0,5905866000.0
12/07/2021,8139.54,9400.0,-610.0,-0.06489362,8704.4,8797.0,8102.5,9924400.0,91681026000.0,10282000.0,91681000000.0,20206400.0,183362026000.0,-1091200.0,399300.0,0.0,691900.0,-9700153000.0,3493878000.0,0.0,6206275000.0
09/07/2021,8704.4,10100.0,-700.0,-0.06930693,9167.4,9491.5,8704.4,10047100.0,98548715000.0,0.0,0.0,10047100.0,98548715000.0,-272800.0,-19700.0,-400.0,292500.0,-2677414000.0,-198700000.0,-4045000.0,2876114000.0
08/07/2021,9352.6,10200.0,-100.0,-0.00980392,9537.8,9908.2,9352.6,6130200.0,63353320000.0,200000.0,1898000000.0,6330200.0,65251320000.0,250800.0,-78600.0,0.0,-172200.0,2593780000.0,-807455000.0,0.0,-1786325000.0
07/07/2021,9445.2,10500.0,-300.0,-0.02857143,9723.0,9723.0,9121.1,10419500.0,105261636000.0,200000.0,2240000000.0,10619500.0,107501636000.0,-234900.0,-271700.0,0.0,506600.0,-2357466000.0,-2746112000.0,0.0,5103578000.0
06/07/2021,9723.0,11250.0,-750.0,-0.06666667,10417.5,10602.7,9723.0,8137800.0,90223440000.0,0.0,0.0,8137800.0,90223440000.0,-105700.0,-29100.0,0.0,134800.0,-1183655000.0,-327785000.0,0.0,1511440000.0
05/07/2021,10417.5,11900.0,-650.0,-0.0546,10973.1,11019.4,10278.6,10804900.0,124071305000.0,120000.0,1332000000.0,10924900.0,125403305000.0,423400.0,-280700.0,-100.0,-142700.0,4842475000.0,-3240510000.0,-1165000.0,-1601965000.0
02/07/2021,11019.4,11700.0,200.0,0.01709402,10834.2,11250.9,10741.6,8505300.0,101146695000.0,0.0,0.0,8505300.0,101146695000.0,-143200.0,172700.0,0.0,-29500.0,-1727670000.0,2081570000.0,0.0,-353900000.0
01/07/2021,10834.2,11900.0,-200.0,-0.01680672,11204.6,11389.8,10834.2,10471200.0,125168375000.0,30000.0,369000000.0,10501200.0,125537375000.0,74900.0,-80500.0,-200.0,5600.0,854615000.0,-939585000.0,-2360000.0,84970000.0
30/06/2021,11019.4,11150.0,750.0,0.0673,10324.9,11019.4,10278.6,21390100.0,251251930000.0,0.0,0.0,21390100.0,251251930000.0,-62900.0,-44000.0,-400.0,106900.0,-793230000.0,-442700000.0,-4760000.0,1235930000.0
29/06/2021,10324.9,11050.0,100.0,0.009,10232.3,10417.5,10232.3,6028200.0,67188840000.0,0.0,0.0,6028200.0,67188840000.0,775000.0,-785100.0,-100.0,10100.0,8652120000.0,-8764920000.0,-1105000.0,112800000.0
28/06/2021,10232.3,11150.0,-100.0,-0.00896861,10463.8,10463.8,10139.7,6702400.0,74553355000.0,20000.0,238000000.0,6722400.0,74791355000.0,481100.0,-516600.0,-200.0,35500.0,5371245000.0,-5774230000.0,-2230000.0,402985000.0
25/06/2021,10324.9,10750.0,400.0,0.0372093,10047.1,10417.5,9861.9,8444000.0,93066950000.0,0.0,0.0,8444000.0,93066950000.0,329300.0,-1054900.0,0.0,725600.0,3679925000.0,-11701930000.0,0.0,8022005000.0
24/06/2021,9954.5,11300.0,-550.0,-0.04867257,10556.4,10602.7,9815.6,9357700.0,103041010000.0,0.0,0.0,9357700.0,103041010000.0,1191700.0,-1092400.0,0.0,-99300.0,13207820000.0,-12119850000.0,0.0,-1087970000.0
23/06/2021,10463.8,11250.0,50.0,0.00444444,10463.8,10649.0,10278.6,8496800.0,96087895000.0,0.0,0.0,8496800.0,96087895000.0,-105100.0,-86000.0,-100.0,191100.0,-1192830000.0,-976580000.0,-1130000.0,2169410000.0
22/06/2021,10417.5,11400.0,-150.0,-0.01315789,10741.6,10834.2,10371.2,9082700.0,103966640000.0,40000.0,486000000.0,9122700.0,104452640000.0,334400.0,-133200.0,0.0,-201200.0,3817165000.0,-1537025000.0,0.0,-2280140000.0
21/06/2021,10556.4,11550.0,-150.0,-0.01298701,10556.4,10880.5,10371.2,8788400.0,100347260000.0,0.0,0.0,8788400.0,100347260000.0,-35700.0,11200.0,-100.0,24500.0,-404255000.0,129545000.0,-1140000.0,274710000.0
18/06/2021,10695.3,11850.0,-300.0,-0.02531646,11019.4,11112.0,10602.7,7770500.0,91058450000.0,0.0,0.0,7770500.0,91058450000.0,313300.0,176300.0,-100.0,-489600.0,3652255000.0,2090985000.0,-1185000.0,-5743240000.0
17/06/2021,10973.1,11400.0,450.0,0.03947368,10417.5,11112.0,10232.3,11246300.0,128545635000.0,0.0,0.0,11246300.0,128545635000.0,-411900.0,216200.0,-100.0,195700.0,-4689160000.0,2450720000.0,-1115000.0,2238440000.0
16/06/2021,10556.4,12150.0,-750.0,-0.0617284,11250.9,11389.8,10556.4,10331100.0,123122710000.0,4800000.0,57600000000.0,15131100.0,180722710000.0,315100.0,-31800.0,-100.0,-283300.0,3719675000.0,-381480000.0,-1215000.0,-3338195000.0
15/06/2021,11250.9,11500.0,650.0,0.05652174,10880.5,11389.8,10695.3,19345500.0,233790010000.0,0.0,0.0,19345500.0,233790010000.0,54600.0,-376200.0,0.0,321600.0,807570000.0,-4662150000.0,0.0,3854580000.0
14/06/2021,10649.0,11400.0,100.0,0.00877193,10463.8,11019.4,10371.2,10738500.0,124943115000.0,0.0,0.0,10738500.0,124943115000.0,-205900.0,-103000.0,0.0,308900.0,-2420725000.0,-1190645000.0,0.0,3611370000.0
11/06/2021,10556.4,11400.0,0.0,0.0,10834.2,11019.4,10278.6,12885200.0,149415680000.0,90735.0,966327750.0,12975935.0,150382007750.0,-107300.0,-34400.0,0.0,141700.0,-1271090000.0,-397345000.0,0.0,1668435000.0
10/06/2021,10556.4,10700.0,700.0,0.06542056,9815.6,10556.4,9815.6,21891600.0,246360570000.0,0.0,0.0,21891600.0,246360570000.0,-273300.0,-165600.0,-500.0,438900.0,-3099125000.0,-1838665000.0,-5540000.0,4937790000.0
09/06/2021,9908.2,11100.0,-400.0,-0.03603604,9769.3,10324.9,9584.1,16998500.0,180832125000.0,100000.0,1185000000.0,17098500.0,182017125000.0,-654200.0,61500.0,0.0,592700.0,-6946735000.0,601045000.0,0.0,6345690000.0
08/06/2021,10278.6,10450.0,650.0,0.06220096,10324.9,10324.9,10000.8,22306300.0,247575215000.0,0.0,0.0,22306300.0,247575215000.0,773300.0,-1050800.0,0.0,277500.0,8663095000.0,-11736520000.0,0.0,3073425000.0
07/06/2021,9676.7,9810.0,640.0,0.06523955,9676.7,9676.7,9352.6,22073000.0,230289360000.0,100000.0,1005000000.0,22173000.0,231294360000.0,745100.0,-721100.0,0.0,-24000.0,7777245000.0,-7528095000.0,0.0,-249150000.0
04/06/2021,9084.06,9170.0,640.0,0.0697928,8519.2,9084.06,8519.2,13634200.0,131571887000.0,0.0,0.0,13634200.0,131571887000.0,158800.0,-350300.0,0.0,191500.0,1503904000.0,-3330599000.0,0.0,1826695000.0
03/06/2021,8491.42,9040.0,130.0,0.01438053,8463.64,8565.5,8371.04,8500800.0,77948153000.0,450000.0,4005000000.0,8950800.0,81953153000.0,254100.0,-166600.0,0.0,-87500.0,2335488000.0,-1536166000.0,0.0,-799322000.0
02/06/2021,8371.04,9200.0,-160.0,-0.0173913,8584.02,8584.02,8334.0,4838200.0,44188812000.0,0.0,0.0,4838200.0,44188812000.0,-242700.0,179700.0,0.0,63000.0,-2216952000.0,1646452000.0,0.0,570500000.0
01/06/2021,8519.2,9020.0,180.0,0.01995565,8334.0,8658.1,8334.0,6360100.0,58627620000.0,0.0,0.0,6360100.0,58627620000.0,-102900.0,-1600.0,0.0,104500.0,-954083000.0,-14388000.0,0.0,968471000.0
31/05/2021,8352.52,9240.0,-220.0,-0.02380952,8565.5,8565.5,8287.7,5213500.0,47183682000.0,0.0,0.0,5213500.0,47183682000.0,6100.0,-40300.0,-100.0,34200.0,47610000.0,-363217000.0,-925000.0,315607000.0
28/05/2021,8556.24,9110.0,130.0,0.01427003,8519.2,8658.1,8454.38,6031800.0,55800423000.0,0.0,0.0,6031800.0,55800423000.0,-474200.0,291900.0,0.0,182300.0,-4400927000.0,2713962000.0,0.0,1686965000.0
27/05/2021,8435.86,9090.0,20.0,0.00220022,8334.0,8750.7,8324.74,9672200.0,89433050000.0,80000.0,777600000.0,9752200.0,90210650000.0,-515700.0,425800.0,-300.0,89900.0,-4840461000.0,4005546000.0,-2708000.0,834915000.0
26/05/2021,8417.34,8930.0,160.0,0.01791713,8269.18,8565.5,8111.76,8347600.0,75873955000.0,2907530.0,25890017000.0,11255130.0,101763972000.0,-500500.0,430400.0,0.0,70100.0,-4559582000.0,3920920000.0,0.0,638662000.0
25/05/2021,8269.18,8880.0,50.0,0.00563063,8334.0,8509.94,8232.14,11425700.0,103475323000.0,0.0,0.0,11425700.0,103475323000.0,-161400.0,168400.0,-100.0,-7000.0,-1497484000.0,1560794000.0,-906000.0,-63310000.0
24/05/2021,8222.88,8300.0,580.0,0.06987952,8222.88,8222.88,8195.1,6301500.0,55955320000.0,0.0,0.0,6301500.0,55955320000.0,-47500.0,52500.0,0.0,-5000.0,-422300000.0,466700000.0,0.0,-44400000.0
21/05/2021,7685.8,7760.0,540.0,0.06958763,7296.88,7685.8,7241.32,6358100.0,52388119000.0,0.0,0.0,6358100.0,52388119000.0,2262400.0,-2262400.0,-2206200.0,0.0,18735527000.0,-18735527000.0,-18254787000.0,0.0
20/05/2021,7185.76,7750.0,10.0,0.00129032,7148.72,7269.1,6991.3,5150000.0,39487939000.0,0.0,0.0,5150000.0,39487939000.0,421800.0,-448900.0,-562000.0,27100.0,3295985000.0,-3502584000.0,-4384509000.0,206599000.0
19/05/2021,7176.5,7900.0,-150.0,-0.01898734,7315.4,7352.44,7176.5,3295500.0,25739314000.0,0.0,0.0,3295500.0,25739314000.0,-67900.0,31900.0,0.0,36000.0,-526930000.0,246630000.0,0.0,280300000.0
18/05/2021,7315.4,8100.0,-200.0,-0.02469136,7500.6,7546.9,7315.4,3488600.0,27856102000.0,0.0,0.0,3488600.0,27856102000.0,-58000.0,58000.0,-100.0,0.0,-465208000.0,465208000.0,-807000.0,0.0
17/05/2021,7500.6,8140.0,-40.0,-0.004914,7537.64,7630.24,7482.08,2547800.0,20718778000.0,1900000.0,15390000000.0,4447800.0,36108778000.0,-27600.0,5100.0,0.0,22500.0,-223988000.0,41268000.0,0.0,182720000.0
14/05/2021,7537.64,8200.0,-60.0,-0.00731707,7639.5,7639.5,7500.6,2641400.0,21580786000.0,1900000.0,15390000000.0,4541400.0,36970786000.0,-52400.0,80900.0,-200.0,-28500.0,-427910000.0,660855000.0,-1630000.0,-232945000.0
13/05/2021,7593.2,8170.0,30.0,0.00367197,7593.2,7667.28,7546.9,3307700.0,27185962000.0,0.0,0.0,3307700.0,27185962000.0,51100.0,-51100.0,-800.0,0.0,422063000.0,-422063000.0,-6568000.0,0.0
12/05/2021,7565.42,8030.0,140.0,0.01743462,7435.78,7583.94,7408.0,2220300.0,18027572000.0,75000.0,560250000.0,2295300.0,18587822000.0,-22800.0,14800.0,0.0,8000.0,-183634000.0,120030000.0,0.0,63604000.0
11/05/2021,7435.78,8000.0,30.0,0.00375,7426.52,7602.46,7389.48,2910100.0,23573693000.0,0.0,0.0,2910100.0,23573693000.0,39900.0,-64000.0,-15300.0,24100.0,324901000.0,-522265000.0,-125460000.0,197364000.0
10/05/2021,7408.0,8090.0,-90.0,-0.01112485,7472.82,7472.82,7250.58,5884300.0,46763132000.0,323700.0,2710405000.0,6208000.0,49473537000.0,-103900.0,106500.0,0.0,-2600.0,-830169000.0,850910000.0,0.0,-20741000.0
07/05/2021,7491.34,8290.0,-200.0,-0.02412545,7602.46,7639.5,7426.52,3044700.0,24826346000.0,0.0,0.0,3044700.0,24826346000.0,-132500.0,132500.0,-200.0,0.0,-1086444000.0,1086444000.0,-1618000.0,0.0
06/05/2021,7676.54,8340.0,-50.0,-0.0059952,7759.88,7815.44,7620.98,2678500.0,22329773000.0,0.0,0.0,2678500.0,22329773000.0,-64600.0,77200.0,0.0,-12600.0,-528554000.0,632605000.0,0.0,-104051000.0
05/05/2021,7722.84,8220.0,120.0,0.01459854,7611.72,7824.7,7611.72,3860000.0,32247097000.0,180000.0,1582200000.0,4040000.0,33829297000.0,-115500.0,91000.0,200000.0,24500.0,-962363000.0,757625000.0,1666000000.0,204738000.0
04/05/2021,7611.72,8300.0,-80.0,-0.00963855,7500.6,7611.72,7408.0,4389500.0,35606589000.0,750000.0,6600000000.0,5139500.0,42206589000.0,-161800.0,118600.0,30000.0,43200.0,-1311506000.0,962168000.0,244200000.0,349338000.0
29/04/2021,7685.8,8350.0,-50.0,-0.00598802,7741.36,7824.7,7648.76,2087600.0,17442609000.0,0.0,0.0,2087600.0,17442609000.0,7500.0,51700.0,0.0,-59200.0,66391000.0,429583000.0,0.0,-495974000.0
28/04/2021,7732.1,8310.0,40.0,0.00481348,7713.58,7889.52,7713.58,2155300.0,18142590000.0,736063.0,6116683530.0,2891363.0,24259273530.0,199600.0,-102300.0,-100.0,-97300.0,1679119000.0,-865527000.0,-839000.0,-813592000.0
27/04/2021,7695.06,8270.0,40.0,0.00483676,7658.02,7824.7,7611.72,2789800.0,23310057000.0,220000.0,1936000000.0,3009800.0,25246057000.0,0.0,0.0,-200.0,0.0,12508000.0,-12508000.0,-1668000.0,0.0
26/04/2021,7658.02,8450.0,-180.0,-0.02130178,7861.74,7954.34,7593.2,4391900.0,36887163000.0,0.0,0.0,4391900.0,36887163000.0,181900.0,14300.0,-200.0,-196200.0,1550948000.0,102402000.0,-1706000.0,-1653350000.0
23/04/2021,7824.7,8190.0,260.0,0.03174603,7685.8,7871.0,7583.94,5566300.0,46186493000.0,0.0,0.0,5566300.0,46186493000.0,-695200.0,532200.0,250000.0,163000.0,-5733356000.0,4373085000.0,2060000000.0,1360271000.0
22/04/2021,7583.94,8800.0,-610.0,-0.0693,8148.8,8148.8,7583.94,7748600.0,65705698000.0,0.0,0.0,7748600.0,65705698000.0,420600.0,8400.0,110000.0,-429000.0,3565066000.0,128487000.0,951900000.0,-3693553000.0
20/04/2021,8148.8,9120.0,-320.0,-0.03508772,8445.12,8445.12,8093.24,6527600.0,58044638000.0,696100.0,6348432000.0,7223700.0,64393070000.0,-415400.0,477000.0,450000.0,-61600.0,-3673949000.0,4221970000.0,3997500000.0,-548021000.0
19/04/2021,8445.12,9000.0,120.0,0.01333333,8334.0,8509.94,8102.5,4951600.0,44345257000.0,0.0,0.0,4951600.0,44345257000.0,96100.0,29200.0,245800.0,-125300.0,818595000.0,298390000.0,2232529000.0,-1116985000.0
16/04/2021,8334.0,9400.0,-400.0,-0.04255319,8611.8,8722.92,8250.66,9248500.0,85024724000.0,0.0,0.0,9248500.0,85024724000.0,-1018500.0,1242400.0,1172100.0,-223900.0,-9445107000.0,11468146000.0,10822982000.0,-2023039000.0
15/04/2021,8704.4,9600.0,-200.0,-0.02083333,8889.6,9065.54,8611.8,11585000.0,111567347000.0,0.0,0.0,11585000.0,111567347000.0,499600.0,-386700.0,209900.0,-112900.0,4863245000.0,-3788892000.0,2007320000.0,-1074353000.0
14/04/2021,8889.6,9380.0,220.0,0.02345416,8537.72,8972.94,8472.9,9850200.0,92684406000.0,0.0,0.0,9850200.0,92684406000.0,500100.0,-365900.0,99000.0,-134200.0,4825906000.0,-3592248000.0,920080000.0,-1233658000.0
13/04/2021,8685.88,9670.0,-290.0,-0.02998966,8982.2,9074.8,8658.1,8982500.0,86459087000.0,0.0,0.0,8982500.0,86459087000.0,-110900.0,81900.0,0.0,29000.0,-1077363000.0,782355000.0,0.0,295008000.0
12/04/2021,8954.42,9200.0,470.0,0.05108696,8695.14,9047.02,8611.8,15985700.0,152831613000.0,0.0,0.0,15985700.0,152831613000.0,-412100.0,316100.0,0.0,96000.0,-3870565000.0,2957734000.0,0.0,912831000.0
09/04/2021,8519.2,8810.0,390.0,0.04426788,8259.92,8602.54,8259.92,12983000.0,119019017000.0,0.0,0.0,12983000.0,119019017000.0,-748200.0,649200.0,0.0,99000.0,-6869944000.0,5957449000.0,0.0,912495000.0
08/04/2021,8158.06,8800.0,10.0,0.00113636,8306.22,8315.48,8148.8,4755600.0,42356366000.0,0.0,0.0,4755600.0,42356366000.0,-321800.0,-6400.0,0.0,328200.0,-2879254000.0,-56187000.0,0.0,2935441000.0
07/04/2021,8148.8,8880.0,-80.0,-0.00900901,8287.7,8287.7,8000.64,3482800.0,30912985000.0,0.0,0.0,3482800.0,30912985000.0,108100.0,-69900.0,0.0,-38200.0,958988000.0,-620710000.0,0.0,-338278000.0
06/04/2021,8222.88,8970.0,-90.0,-0.01003344,8334.0,8408.08,8222.88,4530600.0,40758030000.0,3438680.0,29228780000.0,7969280.0,69986810000.0,-11000.0,39900.0,-100.0,-28900.0,-98808000.0,358300000.0,-900000.0,-259492000.0
05/04/2021,8306.22,8960.0,10.0,0.00111607,8334.0,8482.16,8287.7,4973400.0,45054887000.0,0.0,0.0,4973400.0,45054887000.0,59900.0,200.0,0.0,-60100.0,533174000.0,7092000.0,0.0,-540266000.0
02/04/2021,8296.96,9000.0,-40.0,-0.00444444,8380.3,8472.9,8296.96,4125100.0,37442705000.0,0.0,0.0,4125100.0,37442705000.0,-127800.0,99400.0,-100.0,28400.0,-1166091000.0,905621000.0,-912000.0,260470000.0
01/04/2021,8334.0,8610.0,390.0,0.04529617,8074.72,8426.6,8046.94,5044900.0,45092003000.0,0.0,0.0,5044900.0,45092003000.0,-8900.0,-11200.0,-1200.0,20100.0,-84305000.0,-96399000.0,-10776000.0,180704000.0
31/03/2021,7972.86,8600.0,10.0,0.00116279,7963.6,8148.8,7963.6,3176800.0,27680456000.0,0.0,0.0,3176800.0,27680456000.0,88500.0,800.0,-200.0,-89300.0,759068000.0,15824000.0,-1750000.0,-774892000.0
30/03/2021,7963.6,8640.0,-40.0,-0.00462963,8056.2,8093.24,7871.0,2554000.0,22022257000.0,0.0,0.0,2554000.0,22022257000.0,273900.0,-200200.0,0.0,-73700.0,2357068000.0,-1720800000.0,0.0,-636268000.0
29/03/2021,8000.64,8350.0,290.0,0.03473054,7778.4,8056.2,7778.4,2537000.0,21627232000.0,0.0,0.0,2537000.0,21627232000.0,-18100.0,47700.0,-2500.0,-29600.0,-160071000.0,404858000.0,-21336000.0,-244787000.0
26/03/2021,7732.1,8700.0,-350.0,-0.04022989,7982.12,8056.2,7593.2,3049700.0,25813979000.0,0.0,0.0,3049700.0,25813979000.0,259800.0,-160700.0,-300.0,-99100.0,2210918000.0,-1389938000.0,-2595000.0,-820980000.0
25/03/2021,8056.2,8720.0,-20.0,-0.00229358,8102.5,8148.8,7991.38,2467100.0,21509940000.0,0.0,0.0,2467100.0,21509940000.0,127200.0,3100.0,0.0,-130300.0,1110734000.0,27127000.0,0.0,-1137861000.0
24/03/2021,8074.72,8810.0,-90.0,-0.01021566,8148.8,8269.18,8037.68,3694800.0,32438645000.0,0.0,0.0,3694800.0,32438645000.0,159600.0,-40100.0,-300.0,-119500.0,1403624000.0,-354599000.0,-2613000.0,-1049025000.0
23/03/2021,8158.06,9000.0,-190.0,-0.02111111,8334.0,8426.6,8148.8,3926500.0,35159851000.0,0.0,0.0,3926500.0,35159851000.0,77100.0,-21300.0,0.0,-55800.0,685247000.0,-189200000.0,0.0,-496047000.0
22/03/2021,8334.0,9050.0,-50.0,-0.00552486,8426.6,8435.86,8334.0,3559000.0,32263055000.0,300000.0,2526000000.0,3859000.0,34789055000.0,100000.0,-29000.0,-30000.0,-71000.0,905374000.0,-262450000.0,-271500000.0,-642924000.0
19/03/2021,8380.3,9070.0,-20.0,-0.00220507,8380.3,8435.86,8287.7,3878300.0,35028129000.0,3654800.0,33736640000.0,7533100.0,68764769000.0,728300.0,-720000.0,-720000.0,-8300.0,6571472000.0,-6496348000.0,-6496348000.0,-75124000.0
18/03/2021,8398.82,9090.0,-20.0,-0.00220022,8472.9,8482.16,8398.82,2892500.0,26368903000.0,3257600.0,30295680000.0,6150100.0,56664583000.0,33500.0,500.0,-500.0,-34000.0,304543000.0,4553000.0,-4557000.0,-309096000.0
17/03/2021,8417.34,9120.0,-30.0,-0.00328947,8519.2,8546.98,8417.34,3480500.0,31739142000.0,0.0,0.0,3480500.0,31739142000.0,-28800.0,29900.0,0.0,-1100.0,-262367000.0,272388000.0,0.0,-10021000.0
16/03/2021,8445.12,9310.0,-190.0,-0.02040816,8713.66,8713.66,8445.12,3952900.0,36480930000.0,1600000.0,14896000000.0,5552900.0,51376930000.0,-112900.0,95000.0,0.0,17900.0,-1038903000.0,868650000.0,0.0,170253000.0
15/03/2021,8621.06,9070.0,240.0,0.02646086,8398.82,8759.96,8389.56,9941500.0,91723060000.0,3485000.0,31597250000.0,13426500.0,123320310000.0,-627700.0,-82700.0,0.0,710400.0,-5801476000.0,-780245000.0,0.0,6581721000.0
12/03/2021,8398.82,9110.0,-40.0,-0.00439078,8454.38,8472.9,8398.82,3080200.0,28031570000.0,170000.0,1441600000.0,3250200.0,29473170000.0,-109200.0,92800.0,-100.0,16400.0,-996220000.0,846905000.0,-909000.0,149315000.0
11/03/2021,8435.86,9170.0,-60.0,-0.00654308,8519.2,8528.46,8426.6,3751600.0,34358225000.0,1500000.0,12900000000.0,5251600.0,47258225000.0,-180400.0,200000.0,0.0,-19600.0,-1654755000.0,1834000000.0,0.0,-179245000.0
10/03/2021,8491.42,9020.0,150.0,0.01662971,8352.52,8565.5,8334.0,5821700.0,53199924000.0,0.0,0.0,5821700.0,53199924000.0,-158400.0,78800.0,-1700.0,79600.0,-1446688000.0,717485000.0,-15600000.0,729203000.0
09/03/2021,8352.52,9010.0,10.0,0.00110988,8250.66,8472.9,8102.5,4197500.0,37402109000.0,0.0,0.0,4197500.0,37402109000.0,-353200.0,347000.0,0.0,6200.0,-3136947000.0,3081345000.0,0.0,55602000.0
08/03/2021,8343.26,9010.0,0.0,0.0,8472.9,8482.16,8287.7,5393300.0,49000809000.0,0.0,0.0,5393300.0,49000809000.0,-68800.0,14900.0,-100.0,53900.0,-627599000.0,135595000.0,-905000.0,492004000.0
05/03/2021,8343.26,8900.0,110.0,0.01235955,8343.26,8509.94,8195.1,3602000.0,32546842000.0,0.0,0.0,3602000.0,32546842000.0,-62900.0,32500.0,-100.0,30400.0,-568547000.0,294816000.0,-896000.0,273731000.0
04/03/2021,8241.4,8890.0,10.0,0.00112486,8334.0,8648.84,7871.0,10019400.0,91494417000.0,170000.0,1511300000.0,10189400.0,93005717000.0,658500.0,-610200.0,-200.0,-48300.0,5977108000.0,-5537012000.0,-1828000.0,-440096000.0
03/03/2021,8232.14,8310.0,580.0,0.06979543,7704.32,8232.14,7685.8,7645900.0,66111590000.0,4780000.0,40182000000.0,12425900.0,106293590000.0,-22100.0,15000.0,0.0,7100.0,-192136000.0,126950000.0,0.0,65186000.0
02/03/2021,7695.06,8300.0,10.0,0.00120482,7778.4,7824.7,7685.8,1607300.0,13463015000.0,0.0,0.0,1607300.0,13463015000.0,187400.0,-154300.0,0.0,-33100.0,1560877000.0,-1284841000.0,0.0,-276036000.0
01/03/2021,7685.8,8190.0,110.0,0.01343101,7685.8,7871.0,7574.68,3156100.0,26296864000.0,0.0,0.0,3156100.0,26296864000.0,-179100.0,55000.0,50000.0,124100.0,-1493560000.0,466000000.0,423500000.0,1027560000.0
26/02/2021,7583.94,8190.0,0.0,0.0,7417.26,7593.2,7417.26,2885400.0,23382497000.0,0.0,0.0,2885400.0,23382497000.0,41400.0,1600.0,0.0,-43000.0,334246000.0,12976000.0,0.0,-347222000.0
25/02/2021,7583.94,8250.0,-60.0,-0.00727273,7778.4,7778.4,7583.94,2536500.0,20946105000.0,0.0,0.0,2536500.0,20946105000.0,208600.0,-94900.0,-400.0,-113700.0,1715055000.0,-776798000.0,-3298000.0,-938257000.0
24/02/2021,7639.5,8450.0,-200.0,-0.02366864,7871.0,7917.3,7639.5,2594200.0,21837210000.0,0.0,0.0,2594200.0,21837210000.0,214500.0,-71600.0,-100.0,-142900.0,1781299000.0,-582592000.0,-849000.0,-1198707000.0
23/02/2021,7824.7,8410.0,40.0,0.00475624,7898.78,7898.78,7796.92,3009600.0,25499777000.0,0.0,0.0,3009600.0,25499777000.0,-43800.0,100000.0,0.0,-56200.0,-374483000.0,850000000.0,0.0,-475517000.0
22/02/2021,7787.66,8510.0,-100.0,-0.01175088,7889.52,8046.94,7787.66,3820800.0,32850341000.0,0.0,0.0,3820800.0,32850341000.0,224700.0,5000.0,0.0,-229700.0,1924602000.0,43170000.0,0.0,-1967772000.0
19/02/2021,7880.26,8560.0,-50.0,-0.00584112,7871.0,8028.42,7852.48,3034200.0,26042721000.0,0.0,0.0,3034200.0,26042721000.0,-280500.0,310000.0,0.0,-29500.0,-2409415000.0,2661100000.0,0.0,-251685000.0
18/02/2021,7926.56,8600.0,-40.0,-0.00465116,7972.86,8167.32,7871.0,3292200.0,28596960000.0,0.0,0.0,3292200.0,28596960000.0,100700.0,-20300.0,-300.0,-80400.0,875034000.0,-178580000.0,-2580000.0,-696454000.0
17/02/2021,7963.6,8170.0,430.0,0.05263158,7667.28,7982.12,7574.68,3542200.0,29773712000.0,2608848.0,22349944200.0,6151048.0,52123656200.0,-6500.0,-111100.0,-100.0,117600.0,-66124000.0,-922122000.0,-822000.0,988246000.0
09/02/2021,7565.42,7800.0,370.0,0.0474,7222.8,7574.68,7222.8,2462600.0,19735829000.0,0.0,0.0,2462600.0,19735829000.0,-9800.0,0.0,0.0,9800.0,-84674000.0,0.0,0.0,84674000.0
08/02/2021,7222.8,8300.0,-500.0,-0.06024096,7685.8,7778.4,7176.5,2701100.0,21906789000.0,0.0,0.0,2701100.0,21906789000.0,270200.0,0.0,0.0,-270200.0,2176028000.0,0.0,0.0,-2176028000.0
05/02/2021,7685.8,7930.0,370.0,0.04665826,7408.0,7685.8,7315.4,3341000.0,27032151000.0,0.0,0.0,3341000.0,27032151000.0,-99700.0,95100.0,-200.0,4600.0,-815184000.0,775731000.0,-1598000.0,39453000.0
04/02/2021,7343.18,8040.0,-110.0,-0.01368159,7408.0,7593.2,7222.8,2317500.0,18590962000.0,0.0,0.0,2317500.0,18590962000.0,318800.0,-40200.0,-200.0,-278600.0,2559430000.0,-321310000.0,-1610000.0,-2238120000.0
03/02/2021,7445.04,7590.0,450.0,0.05928854,7037.6,7500.6,7019.08,3966300.0,30932957000.0,0.0,0.0,3966300.0,30932957000.0,222900.0,-129000.0,-1000.0,-93900.0,1728223000.0,-1001989000.0,-7699000.0,-726234000.0
02/02/2021,7028.34,7540.0,50.0,0.0066313,6852.4,7028.34,6620.9,4645600.0,33959768000.0,50000.0,351000000.0,4695600.0,34310768000.0,-71000.0,34600.0,100000.0,36400.0,-543292000.0,281852000.0,730000000.0,261440000.0
01/02/2021,6982.04,8100.0,-560.0,-0.0691358,7408.0,7482.08,6982.04,5828600.0,44716839000.0,0.0,0.0,5828600.0,44716839000.0,-39500.0,172000.0,0.0,-132500.0,-314098000.0,1332680000.0,0.0,-1018582000.0
29/01/2021,7500.6,8000.0,100.0,0.0125,6945.0,7685.8,6945.0,4781000.0,37782000000.0,0.0,0.0,4781000.0,37782000000.0,-239600.0,208300.0,0.0,31300.0,-1918071000.0,1670220000.0,0.0,247851000.0
28/01/2021,7408.0,8600.0,-600.0,-0.06976744,7408.0,7778.4,7408.0,5439700.0,43833877000.0,0.0,0.0,5439700.0,43833877000.0,95100.0,-100200.0,0.0,5100.0,754077000.0,-796500000.0,0.0,42423000.0
27/01/2021,7963.6,9150.0,-550.0,-0.06010929,8426.6,8565.5,7908.04,4570600.0,40827709000.0,0.0,0.0,4570600.0,40827709000.0,645400.0,-130000.0,0.0,-515400.0,5775846000.0,-1129671000.0,0.0,-4646175000.0
26/01/2021,8472.9,9300.0,-150.0,-0.01612903,8658.1,8695.14,8158.06,5416500.0,49668805000.0,180000.0,1557000000.0,5596500.0,51225805000.0,-82500.0,387600.0,0.0,-305100.0,-754907000.0,3531335000.0,0.0,-2776428000.0
25/01/2021,8611.8,9100.0,200.0,0.02197802,8426.6,8824.78,8426.6,9753700.0,91897204000.0,0.0,0.0,9753700.0,91897204000.0,169400.0,1382200.0,600000.0,-1551600.0,1589996000.0,13073717000.0,5680000000.0,-14663713000.0
22/01/2021,8426.6,8880.0,220.0,0.02477477,8334.0,8658.1,8334.0,6033100.0,55609219000.0,0.0,0.0,6033100.0,55609219000.0,70100.0,32400.0,-1000.0,-102500.0,638025000.0,298636000.0,-9268000.0,-936661000.0
21/01/2021,8222.88,8350.0,530.0,0.06347305,7963.6,8222.88,7796.92,4198900.0,36399513000.0,180000.0,1607400000.0,4378900.0,38006913000.0,70900.0,400.0,0.0,-71300.0,603645000.0,3500000.0,0.0,-607145000.0
20/01/2021,7732.1,8840.0,-490.0,-0.05542986,8287.7,8334.0,7620.98,5590100.0,47488053000.0,160000.0,1414400000.0,5750100.0,48902453000.0,289400.0,-360100.0,0.0,70700.0,2470375000.0,-3083915000.0,0.0,613540000.0
19/01/2021,8185.84,9500.0,-660.0,-0.06947368,8797.0,8871.08,8185.84,5429200.0,49459256000.0,0.0,0.0,5429200.0,49459256000.0,295100.0,19300.0,-600.0,-314400.0,2662606000.0,245410000.0,-5706000.0,-2908016000.0
18/01/2021,8797.0,9560.0,-60.0,-0.00627615,8889.6,9074.8,8797.0,6532300.0,63026427000.0,1000000.0,9500000000.0,7532300.0,72526427000.0,753400.0,-211700.0,0.0,-541700.0,7259015000.0,-2037111000.0,0.0,-5221904000.0
15/01/2021,8852.56,9270.0,290.0,0.0313,8658.1,8889.6,8565.5,6607000.0,62504103000.0,561000.0,5127540000.0,7168000.0,67631643000.0,-186900.0,-13500.0,0.0,200400.0,-1783864000.0,-123541000.0,0.0,1907405000.0
14/01/2021,8584.02,9300.0,-30.0,-0.0032,8658.1,8695.14,8426.6,5994300.0,55521488000.0,0.0,0.0,5994300.0,55521488000.0,-121700.0,-150000.0,0.0,271700.0,-1119433000.0,-1393800000.0,0.0,2513233000.0
13/01/2021,8611.8,9650.0,-350.0,-0.03626943,8935.9,9028.5,8611.8,7124000.0,68006623000.0,0.0,0.0,7124000.0,68006623000.0,298700.0,7000.0,0.0,-305700.0,2845727000.0,73437000.0,0.0,-2919164000.0
12/01/2021,8935.9,9780.0,-130.0,-0.01329243,9167.4,9185.92,8935.9,6023200.0,58811240000.0,0.0,0.0,6023200.0,58811240000.0,14700.0,95000.0,0.0,-109700.0,140144000.0,925400000.0,0.0,-1065544000.0
11/01/2021,9056.28,9480.0,300.0,0.03164557,8797.0,9167.4,8704.4,7146300.0,68562834000.0,0.0,0.0,7146300.0,68562834000.0,-71500.0,0.0,0.0,71500.0,-691796000.0,0.0,0.0,691796000.0
08/01/2021,8778.48,9290.0,190.0,0.0204521,8611.8,8880.34,8593.28,8677100.0,81844207000.0,0.0,0.0,8677100.0,81844207000.0,74000.0,-171600.0,-100.0,97600.0,706981000.0,-1631662000.0,-952000.0,924681000.0
07/01/2021,8602.54,9100.0,190.0,0.0209,8519.2,8685.88,8380.3,6912600.0,63663872000.0,0.0,0.0,6912600.0,63663872000.0,-38400.0,-128200.0,0.0,166600.0,-366199000.0,-1193320000.0,0.0,1559519000.0
06/01/2021,8426.6,9100.0,0.0,0.0,8611.8,8611.8,8408.08,6357200.0,58462888000.0,700000.0,6519500000.0,7057200.0,64982388000.0,-22100.0,57500.0,0.0,-35400.0,-200779000.0,528875000.0,0.0,-328096000.0
05/01/2021,8426.6,9210.0,-110.0,-0.01194354,8519.2,8658.1,8426.6,5931900.0,54726849000.0,200000.0,1714000000.0,6131900.0,56440849000.0,24200.0,0.0,0.0,-24200.0,222993000.0,-100000.0,0.0,-222893000.0
04/01/2021,8528.46,9110.0,100.0,0.01097695,8611.8,8982.2,8445.12,6008700.0,55578614000.0,0.0,0.0,6008700.0,55578614000.0,604400.0,-523300.0,0.0,-81100.0,5600259000.0,-4853793000.0,0.0,-746466000.0
31/12/2020,8435.86,9080.0,30.0,0.00330396,8380.3,8602.54,8334.0,5083070.0,46292072200.0,1108352.0,10242574400.0,6191422.0,56534646600.0,-245750.0,-15650.0,-110.0,261400.0,-2239299700.0,-144219600.0,-1004600.0,2383519300.0
30/12/2020,8408.08,9360.0,-280.0,-0.02991453,8667.36,8778.48,8398.82,5781330.0,53766818300.0,0.0,0.0,5781330.0,53766818300.0,-336970.0,389830.0,-190.0,-52860.0,-3196079700.0,3675946900.0,-1747600.0,-479867200.0
29/12/2020,8667.36,8960.0,400.0,0.04464286,8334.0,8843.3,8204.36,7347030.0,68175807900.0,920000.0,7804000000.0,8267030.0,75979807900.0,-268270.0,104800.0,0.0,163470.0,-2490253500.0,950691000.0,0.0,1539562500.0
28/12/2020,8296.96,8420.0,540.0,0.06413302,8056.2,8334.0,8009.9,12305480.0,109564325900.0,6600000.0,53460000000.0,18905480.0,163024325900.0,162180.0,-475520.0,-20.0,313340.0,1416485000.0,-4196669200.0,-179200.0,2780184200.0
25/12/2020,7796.92,8000.0,420.0,0.0525,7417.26,7871.0,7269.1,8817500.0,72279474200.0,1225230.0,9801840000.0,10042730.0,82081314200.0,433000.0,-577010.0,0.0,144010.0,3604286700.0,-4810024300.0,0.0,1205737600.0
24/12/2020,7408.0,7920.0,80.0,0.01010101,7593.2,7639.5,6945.0,7954920.0,63096017900.0,7133360.0,56496211200.0,15088280.0,119592229100.0,-168750.0,294340.0,-20.0,-125590.0,-1328683700.0,2339566400.0,-158400.0,-1010882700.0
23/12/2020,7333.92,8470.0,-550.0,-0.06493506,7963.6,8028.42,7333.92,6911940.0,58960186000.0,3585450.0,30476325000.0,10497390.0,89436511000.0,46300.0,-37110.0,-210.0,-9190.0,394443900.0,-316399400.0,-1805400.0,-78044500.0
22/12/2020,7843.22,8170.0,300.0,0.03671971,7546.9,7843.22,7454.3,9557550.0,79245198400.0,7175400.0,58114685000.0,16732950.0,137359883400.0,87030.0,-193010.0,0.0,105980.0,726766500.0,-1610669600.0,0.0,883903100.0
21/12/2020,7565.42,7700.0,470.0,0.06103896,7148.72,7593.2,7148.72,10286240.0,82165317700.0,2376500.0,18853590000.0,12662740.0,101018907700.0,-297100.0,39550.0,-10.0,257550.0,-2347681200.0,314089800.0,-78000.0,2033591400.0
18/12/2020,7130.2,7720.0,-20.0,-0.00259067,7157.98,7269.1,7065.38,6778810.0,52452116600.0,14910000.0,119972450000.0,21688810.0,172424566600.0,-144800.0,11900.0,0.0,132900.0,-1126435100.0,91630000.0,0.0,1034805100.0
17/12/2020,7148.72,7840.0,-120.0,-0.01530612,7102.42,7306.14,7037.6,6215560.0,48218231300.0,0.0,0.0,6215560.0,48218231300.0,96170.0,-230000.0,0.0,133830.0,738293200.0,-1780375100.0,0.0,1042081900.0
16/12/2020,7259.84,7430.0,410.0,0.0551817,6945.0,7333.92,6945.0,8615990.0,66816810100.0,0.0,0.0,8615990.0,66816810100.0,-77920.0,-161740.0,0.0,239660.0,-584598800.0,-1262413000.0,0.0,1847011800.0
15/12/2020,6880.18,7250.0,180.0,0.02482759,6667.2,7083.9,6648.68,9278340.0,68991099200.0,420000.0,2959500000.0,9698340.0,71950599200.0,-156660.0,68000.0,-240.0,88660.0,-1155892500.0,503075000.0,-1800000.0,652817500.0
14/12/2020,6713.5,7070.0,180.0,0.02545969,6556.08,6759.8,6519.04,5590590.0,40105199600.0,0.0,0.0,5590590.0,40105199600.0,15620.0,-50010.0,0.0,34390.0,110073400.0,-358495500.0,0.0,248422100.0
11/12/2020,6546.82,7000.0,70.0,0.01,6593.12,6620.9,6435.7,2063890.0,14510027500.0,0.0,0.0,2063890.0,14510027500.0,10420.0,2570.0,0.0,-12990.0,72755200.0,18044300.0,0.0,-90799500.0
10/12/2020,6482.0,7100.0,-100.0,-0.01408451,6620.9,6685.72,6482.0,4815480.0,34203757900.0,475000.0,3372500000.0,5290480.0,37576257900.0,49360.0,-40000.0,0.0,-9360.0,353149500.0,-287350000.0,0.0,-65799500.0
09/12/2020,6574.6,7170.0,-70.0,-0.0097629,6639.42,6704.24,6574.6,3806420.0,27242667400.0,0.0,0.0,3806420.0,27242667400.0,206180.0,-182800.0,0.0,-23380.0,1475911600.0,-1308936000.0,0.0,-166975600.0
08/12/2020,6639.42,7250.0,-80.0,-0.01103448,6713.5,6778.32,6630.16,3274280.0,23627500100.0,0.0,0.0,3274280.0,23627500100.0,-34360.0,39990.0,0.0,-5630.0,-252096400.0,288727800.0,0.0,-36631400.0
07/12/2020,6713.5,7170.0,80.0,0.0111576,6694.98,6880.18,6694.98,4376100.0,32021188800.0,0.0,0.0,4376100.0,32021188800.0,-233160.0,4630.0,0.0,228530.0,-1714940800.0,37718400.0,0.0,1677222400.0
04/12/2020,6639.42,7150.0,20.0,0.0027972,6667.2,6722.76,6620.9,4575920.0,32990439600.0,60000.0,429000000.0,4635920.0,33419439600.0,-26170.0,-50230.0,0.0,76400.0,-191453900.0,-361290300.0,0.0,552744200.0
03/12/2020,6620.9,7200.0,-50.0,-0.00694444,6676.46,6694.98,6602.38,3543590.0,25446954000.0,0.0,0.0,3543590.0,25446954000.0,-134720.0,40000.0,0.0,94720.0,-967315400.0,286900000.0,0.0,680415400.0
02/12/2020,6667.2,7250.0,-50.0,-0.00689655,6741.28,6852.4,6667.2,3786600.0,27467199700.0,0.0,0.0,3786600.0,27467199700.0,-77490.0,97500.0,0.0,-20010.0,-565523100.0,708095000.0,0.0,-142571900.0
01/12/2020,6713.5,7140.0,110.0,0.01540616,6583.86,6713.5,6482.0,4979530.0,35478535700.0,0.0,0.0,4979530.0,35478535700.0,-300820.0,93760.0,-20.0,207060.0,-2142893400.0,670842500.0,-144200.0,1472050900.0
30/11/2020,6611.64,7070.0,70.0,0.00990099,6546.82,6824.62,6546.82,5291350.0,38225845000.0,0.0,0.0,5291350.0,38225845000.0,179080.0,-251500.0,0.0,72420.0,1272780400.0,-1801245000.0,0.0,528464600.0
27/11/2020,6546.82,7050.0,20.0,0.00283688,6593.12,6639.42,6546.82,2708040.0,19244812300.0,180000.0,1180800000.0,2888040.0,20425612300.0,-40190.0,0.0,0.0,40190.0,-286600400.0,0.0,0.0,286600400.0
26/11/2020,6528.3,6980.0,70.0,0.01002865,6482.0,6574.6,6482.0,2814460.0,19877241600.0,0.0,0.0,2814460.0,19877241600.0,-61180.0,-30000.0,0.0,91180.0,-431461700.0,-213000000.0,0.0,644461700.0
25/11/2020,6463.48,7000.0,-20.0,-0.00285714,6528.3,6583.86,6463.48,2959970.0,20846356800.0,1434000.0,10038000000.0,4393970.0,30884356800.0,-115670.0,0.0,0.0,115670.0,-813941300.0,0.0,0.0,813941300.0
24/11/2020,6482.0,7150.0,-150.0,-0.02097902,6620.9,6630.16,6444.96,3131060.0,22096519200.0,0.0,0.0,3131060.0,22096519200.0,-76540.0,50000.0,0.0,26540.0,-540860600.0,352200000.0,0.0,188660600.0
23/11/2020,6620.9,7060.0,90.0,0.01274788,6574.6,6713.5,6519.04,3869030.0,27670626900.0,171606.0,1127451420.0,4040636.0,28798078320.0,-113660.0,36260.0,0.0,77400.0,-810006400.0,257866400.0,0.0,552140000.0
20/11/2020,6537.56,6750.0,310.0,0.04592593,6250.5,6657.94,6250.5,6908090.0,48208991800.0,0.0,0.0,6908090.0,48208991800.0,-328600.0,237000.0,0.0,91600.0,-2293655800.0,1650815700.0,0.0,642840100.0
19/11/2020,6250.5,6730.0,20.0,0.00297177,6241.24,6324.58,6204.2,3155860.0,21388692900.0,0.0,0.0,3155860.0,21388692900.0,-238620.0,220000.0,0.0,18620.0,-1619553100.0,1492775500.0,0.0,126777600.0
18/11/2020,6231.98,6730.0,0.0,0.0,6231.98,6315.32,6185.68,2042650.0,13790720500.0,171606.0,1235563200.0,2214256.0,15026283700.0,-33110.0,30000.0,0.0,3110.0,-223197500.0,201500000.0,0.0,21697500.0
17/11/2020,6231.98,6720.0,10.0,0.0014881,6278.28,6324.58,6204.2,2039350.0,13809307900.0,0.0,0.0,2039350.0,13809307900.0,-26500.0,8490.0,-10.0,18010.0,-180345000.0,57687900.0,-67100.0,122657100.0
16/11/2020,6222.72,6500.0,220.0,0.03384615,6019.0,6296.8,6019.0,4679680.0,31451269500.0,0.0,0.0,4679680.0,31451269500.0,-36690.0,15300.0,0.0,21390.0,-249548800.0,106063700.0,0.0,143485100.0
13/11/2020,6019.0,6450.0,50.0,0.00775194,6019.0,6074.56,5944.92,1530400.0,9932891700.0,1651606.0,10575636000.0,3182006.0,20508527700.0,98400.0,1500.0,0.0,-99900.0,640072700.0,9750000.0,0.0,-649822700.0
12/11/2020,5972.7,6400.0,50.0,0.0078125,6074.56,6074.56,5954.18,1319690.0,8574000000.0,0.0,0.0,1319690.0,8574000000.0,29420.0,-10000.0,0.0,-19420.0,190880000.0,-65300000.0,0.0,-125580000.0
11/11/2020,5926.4,6230.0,170.0,0.02728732,5926.4,6065.3,5926.4,2815830.0,18229000000.0,0.0,0.0,2815830.0,18229000000.0,-75080.0,40000.0,0.0,35080.0,-490787300.0,261500000.0,0.0,229287300.0
10/11/2020,5768.98,6300.0,-70.0,-0.01111111,5898.62,5972.7,5768.98,1159810.0,7375247700.0,171606.0,1156624440.0,1331416.0,8531872140.0,18000.0,0.0,0.0,-18000.0,114428500.0,0.0,0.0,-114428500.0
09/11/2020,5833.8,6250.0,50.0,0.008,5778.24,5917.14,5778.24,1027260.0,6502078500.0,0.0,0.0,1027260.0,6502078500.0,119030.0,3990.0,-10.0,-123020.0,752133400.0,25137600.0,-62400.0,-777271000.0
06/11/2020,5787.5,6200.0,50.0,0.00806452,5741.2,5833.8,5731.94,499550.0,3118274500.0,0.0,0.0,499550.0,3118274500.0,43950.0,0.0,0.0,-43950.0,273493100.0,0.0,0.0,-273493100.0
05/11/2020,5741.2,6200.0,0.0,0.0,5806.02,5954.18,5722.68,1044190.0,6571847200.0,171606.0,990166620.0,1215796.0,7562013820.0,-810.0,10000.0,0.0,-9190.0,-5844400.0,63200000.0,0.0,-57355600.0
04/11/2020,5741.2,6000.0,200.0,0.03333333,5602.3,5843.06,5602.3,1344200.0,8279562000.0,0.0,0.0,1344200.0,8279562000.0,-31610.0,0.0,0.0,31610.0,-194123700.0,0.0,0.0,194123700.0
03/11/2020,5556.0,5940.0,60.0,0.01010101,5500.44,5630.08,5500.44,661080.0,3987137100.0,0.0,0.0,661080.0,3987137100.0,-28520.0,-680.0,0.0,29200.0,-171765800.0,-4039200.0,0.0,175805000.0
02/11/2020,5500.44,5890.0,50.0,0.00848896,5417.1,5500.44,5370.8,572950.0,3367968900.0,171606.0,1081117800.0,744556.0,4449086700.0,-27420.0,0.0,0.0,27420.0,-161662800.0,0.0,0.0,161662800.0
30/10/2020,5454.14,5860.0,30.0,0.00511945,5426.36,5518.96,5407.84,649420.0,3818185300.0,0.0,0.0,649420.0,3818185300.0,28113.0,0.0,0.0,-28050.0,165403800.0,0.0,0.0,-165403800.0
29/10/2020,5426.36,5800.0,60.0,0.01034483,5370.8,5528.22,5343.02,1225490.0,7180369100.0,0.0,0.0,1225490.0,7180369100.0,-76010.0,1360.0,0.0,74900.0,-447234600.0,7868200.0,0.0,439366400.0
28/10/2020,5370.8,6100.0,-300.0,-0.04918033,5620.82,5667.12,5370.8,1618230.0,9602949400.0,171606.0,974722080.0,1789836.0,10577671480.0,15397.0,23000.0,0.0,-38460.0,96659900.0,134985000.0,0.0,-231644900.0
27/10/2020,5648.6,6300.0,-200.0,-0.03174603,5833.8,5852.32,5648.6,1997980.0,12366930400.0,0.0,0.0,1997980.0,12366930400.0,61004.0,-10.0,-10.0,-60980.0,376867400.0,-62400.0,-62400.0,-376805000.0
26/10/2020,5833.8,6350.0,-50.0,-0.00787402,6019.0,6019.0,5833.8,1197570.0,7690496700.0,0.0,0.0,1197570.0,7690496700.0,-39113.0,10300.0,0.0,28680.0,-251356800.0,66437000.0,0.0,184919800.0
23/10/2020,5880.1,6480.0,-130.0,-0.02006173,6000.48,6083.82,5880.1,1453550.0,9415545200.0,171606.0,1189229580.0,1625156.0,10604774780.0,16228.0,-500.0,0.0,-15650.0,104656600.0,-3250000.0,0.0,-101406600.0
22/10/2020,6000.48,6480.0,0.0,0.0,5935.66,6000.48,5907.88,1118240.0,7179667000.0,0.0,0.0,1118240.0,7179667000.0,-16996.0,24990.0,-10.0,-7990.0,-108613700.0,159685900.0,-64100.0,-51072200.0
21/10/2020,6000.48,6490.0,-10.0,-0.00154083,6111.6,6120.86,5972.7,1445010.0,9414714500.0,372000.0,2246880000.0,1817010.0,11661594500.0,71070.0,0.0,0.0,-71170.0,461887900.0,0.0,0.0,-461887900.0
20/10/2020,6009.74,6310.0,180.0,0.02852615,5833.8,6074.56,5815.28,2465090.0,15932508400.0,0.0,0.0,2465090.0,15932508400.0,-121225.0,20490.0,-10.0,101280.0,-783439400.0,131145100.0,-64900.0,652294300.0
19/10/2020,5843.06,6400.0,-90.0,-0.0140625,6000.48,6000.48,5833.8,1592700.0,10150517400.0,0.0,0.0,1592700.0,10150517400.0,51221.0,-60710.0,0.0,9480.0,322569500.0,-383080100.0,0.0,60510600.0
16/10/2020,5926.4,6570.0,-170.0,-0.02587519,6148.64,6148.64,5926.4,2022990.0,13169324400.0,1326000.0,8711820000.0,3348990.0,21881144400.0,333597.0,-71300.0,0.0,-262310.0,2172590000.0,-466357200.0,0.0,-1706232800.0
15/10/2020,6083.82,6600.0,-30.0,-0.00454545,6111.6,6111.6,6000.48,2232400.0,14619422000.0,2783000.0,18367800000.0,5015400.0,32987222000.0,-5810.0,5710.0,0.0,100.0,-39127800.0,38471800.0,0.0,656000.0
14/10/2020,6111.6,6700.0,-100.0,-0.01492537,6204.2,6204.2,6111.6,1276590.0,8463944000.0,0.0,0.0,1276590.0,8463944000.0,-59495.0,110000.0,0.0,-50520.0,-396153700.0,731296800.0,0.0,-335143100.0
13/10/2020,6204.2,6700.0,0.0,0.0,6157.9,6204.2,6056.04,2387660.0,15846247000.0,3980570.0,26669819000.0,6368230.0,42516066000.0,360.0,14000.0,0.0,-14500.0,3620800.0,92817600.0,0.0,-96438400.0
12/10/2020,6204.2,6810.0,-110.0,-0.01615272,6306.06,6333.84,6157.9,2876280.0,19364459800.0,3266490.0,21885483000.0,6142770.0,41249942800.0,15395.0,0.0,0.0,-15380.0,101131300.0,0.0,0.0,-101131300.0
09/10/2020,6306.06,6800.0,10.0,0.00147059,6259.76,6389.4,6213.46,2167870.0,14736853600.0,482000.0,3277600000.0,2649870.0,18014453600.0,-59400.0,0.0,0.0,52680.0,-404128100.0,0.0,0.0,358040400.0
08/10/2020,6296.8,6790.0,10.0,0.00147275,6296.8,6324.58,6111.6,3027880.0,20482139000.0,0.0,0.0,3027880.0,20482139000.0,-29000.0,30000.0,0.0,-28420.0,-199603500.0,202800000.0,0.0,-188136300.0
07/10/2020,6287.54,6760.0,30.0,0.00443787,6259.76,6500.52,6157.9,4432070.0,30388693500.0,0.0,0.0,4432070.0,30388693500.0,-20780.0,23900.0,0.0,54330.0,-141180000.0,161058000.0,0.0,369987200.0
06/10/2020,6259.76,6750.0,10.0,0.00148148,6278.28,6370.88,6111.6,4149760.0,27837648500.0,362000.0,2443500000.0,4511760.0,30281148500.0,49970.0,46000.0,0.0,-37410.0,328061500.0,318032400.0,0.0,-248024200.0
05/10/2020,6250.5,6600.0,150.0,0.02272727,6167.16,6380.14,6157.9,3588280.0,24385411400.0,0.0,0.0,3588280.0,24385411400.0,-47660.0,-14500.0,0.0,12760.0,-329788200.0,-97513200.0,0.0,90838500.0
02/10/2020,6111.6,6600.0,0.0,0.0,6139.38,6139.38,5694.9,4212080.0,27206768500.0,0.0,0.0,4212080.0,27206768500.0,181220.0,-113970.0,0.0,-25560.0,1173782600.0,-749955000.0,0.0,-159285000.0
01/10/2020,6111.6,6170.0,430.0,0.06969206,5815.28,6111.6,5778.24,7627430.0,49569781400.0,0.0,0.0,7627430.0,49569781400.0,-115360.0,-3500.0,0.0,13500.0,-746521000.0,-24800000.0,0.0,95880900.0
30/09/2020,5713.42,6150.0,20.0,0.00325203,5694.9,5759.72,5639.34,1653540.0,10170584300.0,0.0,0.0,1653540.0,10170584300.0,-67320.0,24980.0,-20.0,18330.0,-414814300.0,154276800.0,-123200.0,112883300.0
29/09/2020,5694.9,6240.0,-90.0,-0.01442308,5833.8,5833.8,5694.9,1536170.0,9577788300.0,47200.0,294528000.0,1583370.0,9872316300.0,10230.0,0.0,0.0,-30460.0,63064900.0,0.0,0.0,-189942300.0
28/09/2020,5778.24,6200.0,40.0,0.00645161,5787.5,5880.1,5778.24,2348080.0,14781201000.0,0.0,0.0,2348080.0,14781201000.0,-55530.0,0.0,0.0,34060.0,-350119100.0,0.0,0.0,214153400.0
25/09/2020,5741.2,6230.0,-30.0,-0.00481541,5768.98,5806.02,5639.34,3233420.0,19977926500.0,0.0,0.0,3233420.0,19977926500.0,-204480.0,170000.0,0.0,-6070.0,-1265216400.0,1052507400.0,0.0,-37297400.0
24/09/2020,5768.98,6310.0,-80.0,-0.01267829,5787.5,5843.06,5741.2,1395790.0,8737703300.0,0.0,0.0,1395790.0,8737703300.0,-51800.0,10000.0,0.0,7070.0,-325193500.0,63000000.0,0.0,45057700.0
23/09/2020,5843.06,6300.0,10.0,0.0015873,5870.84,5889.36,5787.5,1817340.0,11436346900.0,0.0,0.0,1817340.0,11436346900.0,52890.0,0.0,0.0,-27030.0,332281300.0,0.0,0.0,-169199300.0
22/09/2020,5833.8,6350.0,-50.0,-0.00787402,5833.8,5917.14,5741.2,1887650.0,11894149700.0,0.0,0.0,1887650.0,11894149700.0,-15900.0,0.0,0.0,-13560.0,-98413600.0,0.0,0.0,-84934900.0
21/09/2020,5880.1,6200.0,150.0,0.02419355,5741.2,6019.0,5741.2,3253610.0,20757971900.0,430000.0,2481100000.0,3683610.0,23239071900.0,39220.0,-20.0,-20.0,11620.0,245176700.0,-129500.0,-129500.0,74832000.0
18/09/2020,5741.2,6280.0,-80.0,-0.01273885,5806.02,5852.32,5741.2,1742850.0,10890404400.0,0.0,0.0,1742850.0,10890404400.0,58540.0,0.0,0.0,-85220.0,364763000.0,0.0,0.0,-530453700.0
17/09/2020,5815.28,6320.0,-40.0,-0.00632911,5824.54,5824.54,5602.3,4334130.0,26930798300.0,0.0,0.0,4334130.0,26930798300.0,178580.0,-196490.0,0.0,-43660.0,1114486800.0,-1222363300.0,0.0,-270606300.0
16/09/2020,5852.32,6300.0,20.0,0.0031746,5833.8,5852.32,5704.16,1962900.0,12294545900.0,0.0,0.0,1962900.0,12294545900.0,120.0,-10.0,-10.0,-790.0,860500.0,-62100.0,-62100.0,-4967000.0
15/09/2020,5833.8,6180.0,120.0,0.01941748,5741.2,5963.44,5713.42,4078400.0,25825965600.0,0.0,0.0,4078400.0,25825965600.0,-261420.0,0.0,0.0,-79340.0,-1656926500.0,0.0,0.0,-501077100.0
14/09/2020,5722.68,5780.0,400.0,0.06920415,5380.06,5722.68,5380.06,7749920.0,46841880600.0,210000.0,1286600000.0,7959920.0,48128480600.0,-297610.0,25000.0,0.0,-108170.0,-1785953900.0,149450000.0,0.0,-659232400.0
11/09/2020,5352.28,5730.0,50.0,0.008726,5361.54,5361.54,5305.98,528040.0,3044131700.0,1624500.0,9308385000.0,2152540.0,12352516700.0,-14860.0,0.0,0.0,2370.0,-85664000.0,0.0,0.0,13667800.0
10/09/2020,5305.98,5730.0,0.0,0.0,5324.5,5389.32,5305.98,1802720.0,10432655200.0,0.0,0.0,1802720.0,10432655200.0,8910.0,0.0,0.0,-3120.0,51496100.0,0.0,0.0,-18096000.0
09/09/2020,5305.98,5750.0,-20.0,-0.00347826,5278.2,5305.98,5259.68,1542520.0,8802253700.0,0.0,0.0,1542520.0,8802253700.0,-3730.0,-38880.0,0.0,26300.0,-21136100.0,-221616000.0,0.0,149691200.0
08/09/2020,5324.5,5700.0,50.0,0.00877193,5287.46,5352.28,5268.94,1033190.0,5909350100.0,0.0,0.0,1033190.0,5909350100.0,-30190.0,0.0,0.0,32060.0,-172647000.0,0.0,0.0,183182800.0
07/09/2020,5278.2,5810.0,-110.0,-0.01893287,5444.88,5444.88,5278.2,1193970.0,6904495400.0,0.0,0.0,1193970.0,6904495400.0,86610.0,-10480.0,0.0,-70640.0,502951600.0,-60768800.0,0.0,-410462900.0
04/09/2020,5380.06,5790.0,20.0,0.00345423,5296.72,5509.7,5278.2,2376800.0,13913516900.0,0.0,0.0,2376800.0,13913516900.0,-8800.0,38880.0,0.0,-40300.0,-51815200.0,227149600.0,0.0,-236068000.0
03/09/2020,5361.54,5750.0,40.0,0.00695652,5370.8,5444.88,5361.54,1549840.0,9017841100.0,0.0,0.0,1549840.0,9017841100.0,4820.0,0.0,0.0,-21650.0,27235100.0,0.0,0.0,-125269300.0
01/09/2020,5324.5,5800.0,-50.0,-0.00862069,5361.54,5389.32,5268.94,1161490.0,6707063400.0,0.0,0.0,1161490.0,6707063400.0,-49460.0,-10000.0,0.0,25790.0,-287090300.0,-57900000.0,0.0,150055500.0
31/08/2020,5370.8,5800.0,0.0,0.0,5417.1,5435.62,5361.54,1435320.0,8337913800.0,0.0,0.0,1435320.0,8337913800.0,-252260.0,299990.0,-10.0,-45720.0,-1462967900.0,1739942000.0,-58000.0,-265325900.0
28/08/2020,5370.8,5760.0,40.0,0.00694444,5361.54,5481.92,5333.76,2877510.0,16775169600.0,735210.0,3940725600.0,3612720.0,20715895200.0,41840.0,-15990.0,10.0,2800.0,241846600.0,-91701000.0,59000.0,16312000.0
27/08/2020,5333.76,5780.0,-20.0,-0.00346021,5361.54,5407.84,5324.5,1383900.0,8019308400.0,0.0,0.0,1383900.0,8019308400.0,32760.0,10000.0,0.0,33970.0,188054200.0,57600000.0,0.0,197343300.0
26/08/2020,5352.28,5820.0,-40.0,-0.00687285,5389.32,5398.58,5343.02,1133870.0,6576028400.0,0.0,0.0,1133870.0,6576028400.0,-10220.0,0.0,0.0,1010.0,-59234000.0,0.0,0.0,5868100.0
25/08/2020,5389.32,5870.0,-50.0,-0.00851789,5481.92,5481.92,5380.06,1592990.0,9339880800.0,1800000.0,9900000000.0,3392990.0,19239880800.0,21100.0,500.0,500.0,-27620.0,123247400.0,2910000.0,2910000.0,-161493400.0
24/08/2020,5435.62,5700.0,170.0,0.02982456,5296.72,5435.62,5296.72,1592540.0,9265927300.0,0.0,0.0,1592540.0,9265927300.0,-71740.0,49800.0,0.0,16780.0,-418824200.0,292348000.0,0.0,96793700.0
21/08/2020,5278.2,5540.0,160.0,0.02888087,5130.04,5296.72,5130.04,1471780.0,8291756500.0,0.0,0.0,1471780.0,8291756500.0,-105610.0,0.0,0.0,24150.0,-592112700.0,180000.0,0.0,132667200.0
20/08/2020,5130.04,5600.0,-60.0,-0.01071429,5167.08,5213.38,5120.78,725700.0,4041663100.0,0.0,0.0,725700.0,4041663100.0,47480.0,-10.0,-10.0,-47430.0,263773200.0,-55800.0,-55800.0,-263493800.0
19/08/2020,5185.6,5520.0,80.0,0.01449275,5111.52,5213.38,5093.0,613250.0,3421969000.0,0.0,0.0,613250.0,3421969000.0,-76430.0,50000.0,0.0,27100.0,-427257800.0,280000000.0,0.0,151011300.0
18/08/2020,5111.52,5580.0,-60.0,-0.01075269,5222.64,5231.9,5111.52,1252030.0,6996476400.0,193000.0,1076940000.0,1445030.0,8073416400.0,51210.0,800.0,0.0,-45710.0,285733500.0,4890000.0,0.0,-255363500.0
17/08/2020,5167.08,5450.0,130.0,0.02385321,5046.7,5296.72,5046.7,1670880.0,9339402900.0,0.0,0.0,1670880.0,9339402900.0,-528850.0,-10760.0,-10760.0,-26550.0,-2962492500.0,-59180000.0,-59180000.0,-147236100.0
14/08/2020,5046.7,5600.0,-150.0,-0.02678571,5185.6,5278.2,5028.18,1403110.0,7783197300.0,0.0,0.0,1403110.0,7783197300.0,95390.0,0.0,0.0,-75000.0,532321600.0,0.0,0.0,-418216300.0
13/08/2020,5185.6,5390.0,210.0,0.03896104,5185.6,5250.42,5018.92,2486690.0,13838825000.0,0.0,0.0,2486690.0,13838825000.0,-310020.0,200.0,0.0,16300.0,-1727795200.0,1120000.0,0.0,92208000.0
12/08/2020,4991.14,5390.0,0.0,0.0,5000.4,5111.52,4954.1,1301290.0,7073170700.0,0.0,0.0,1301290.0,7073170700.0,27730.0,0.0,0.0,-113210.0,146291200.0,0.0,0.0,-616010600.0
11/08/2020,4991.14,5340.0,50.0,0.0093633,4907.8,5046.7,4907.8,1506880.0,8135275800.0,0.0,0.0,1506880.0,8135275800.0,4340.0,0.0,0.0,-30580.0,23761500.0,0.0,0.0,-165256100.0
10/08/2020,4944.84,5150.0,190.0,0.0368932,4768.9,4972.62,4768.9,1974560.0,10436546000.0,0.0,0.0,1974560.0,10436546000.0,-12100.0,-10.0,-10.0,-23710.0,-61813200.0,-52700.0,-52700.0,-126755500.0
07/08/2020,4768.9,5150.0,0.0,0.0,4805.94,4805.94,4704.08,436010.0,2240338700.0,700000.0,3605000000.0,1136010.0,5845338700.0,25230.0,-20000.0,0.0,4040.0,129991000.0,-103100000.0,0.0,20816700.0
06/08/2020,4768.9,5120.0,30.0,0.00585938,4741.12,4815.2,4648.52,1706700.0,8807350300.0,0.0,0.0,1706700.0,8807350300.0,-146550.0,192000.0,0.0,3580.0,-760014500.0,995606700.0,0.0,18589700.0
05/08/2020,4741.12,5040.0,80.0,0.01587302,4667.04,4787.42,4630.0,1571970.0,8056263000.0,0.0,0.0,1571970.0,8056263000.0,-21600.0,0.0,0.0,12880.0,-109304700.0,0.0,0.0,65604800.0
04/08/2020,4667.04,4800.0,240.0,0.05,4500.36,4694.82,4500.36,1633960.0,8184488300.0,660000.0,3300000000.0,2293960.0,11484488300.0,-43650.0,20000.0,0.0,14320.0,-217508600.0,99200000.0,0.0,71638800.0
03/08/2020,4444.8,4600.0,200.0,0.04347826,4259.6,4509.62,4259.6,1216450.0,5813907000.0,0.0,0.0,1216450.0,5813907000.0,-52120.0,0.0,0.0,51930.0,-250138600.0,0.0,0.0,249221600.0
31/07/2020,4259.6,4720.0,-120.0,-0.02542373,4352.2,4370.72,4259.6,1017240.0,4750505600.0,0.0,0.0,1017240.0,4750505600.0,-2910.0,-40000.0,0.0,42740.0,-12420700.0,-188800000.0,0.0,200428800.0
30/07/2020,4370.72,4710.0,10.0,0.00212314,4352.2,4444.8,4352.2,1035650.0,4893123700.0,0.0,0.0,1035650.0,4893123700.0,-45110.0,0.0,0.0,38670.0,-213761600.0,0.0,0.0,183327700.0
29/07/2020,4361.46,5040.0,-330.0,-0.06547619,4583.7,4583.7,4342.94,1991730.0,9424773100.0,600000.0,3194000000.0,2591730.0,12618773100.0,-165480.0,-50000.0,0.0,66010.0,-800453400.0,-235734800.0,0.0,312323800.0
28/07/2020,4667.04,5030.0,10.0,0.00198807,4704.08,4805.94,4509.62,1500310.0,7549341300.0,0.0,0.0,1500310.0,7549341300.0,-68560.0,-30080.0,0.0,93610.0,-344006700.0,-150885000.0,0.0,469590500.0
27/07/2020,4657.78,5400.0,-370.0,-0.06851852,4657.78,4731.86,4657.78,1977010.0,9958032300.0,0.0,0.0,1977010.0,9958032300.0,-30480.0,-10000.0,0.0,38310.0,-154613000.0,-50300000.0,0.0,193998100.0
24/07/2020,5000.4,5400.0,0.0,0.0,4981.88,5000.4,4657.78,3958630.0,20537540300.0,0.0,0.0,3958630.0,20537540300.0,47950.0,47000.0,0.0,-86960.0,247024500.0,242725000.0,0.0,-448755000.0
23/07/2020,5000.4,5450.0,-50.0,-0.00917431,5018.92,5093.0,4981.88,1092200.0,5930617000.0,0.0,0.0,1092200.0,5930617000.0,57740.0,0.0,0.0,-58040.0,313454000.0,0.0,0.0,-315093000.0
22/07/2020,5046.7,5480.0,-30.0,-0.00547445,5231.9,5231.9,5046.7,1272690.0,7016177100.0,1370000.0,7672000000.0,2642690.0,14688177100.0,117020.0,0.0,0.0,-117220.0,645353000.0,0.0,0.0,-646455000.0
21/07/2020,5074.48,5550.0,-70.0,-0.01261261,5139.3,5167.08,5046.7,1376480.0,7582235400.0,0.0,0.0,1376480.0,7582235400.0,39640.0,0.0,0.0,-39840.0,218039300.0,0.0,0.0,-219137300.0
20/07/2020,5139.3,5690.0,-140.0,-0.02460457,5324.5,5324.5,5139.3,1441910.0,8114861000.0,1612000.0,9027200000.0,3053910.0,17142061000.0,68790.0,-1000.0,0.0,-61240.0,385030900.0,-5610000.0,0.0,-342216800.0
17/07/2020,5268.94,5690.0,0.0,0.0,5268.94,5324.5,5259.68,879840.0,5017050100.0,2292000.0,12805200000.0,3171840.0,17822250100.0,35610.0,-12420.0,0.0,-29720.0,202938100.0,-70966600.0,0.0,-169227700.0
16/07/2020,5268.94,5740.0,-50.0,-0.0087108,5361.54,5389.32,5268.94,679170.0,3895344800.0,0.0,0.0,679170.0,3895344800.0,48080.0,-100.0,0.0,-52980.0,274486400.0,-579000.0,0.0,-302907400.0
15/07/2020,5315.24,5780.0,-40.0,-0.00692042,5370.8,5435.62,5315.24,1227130.0,7130702300.0,1057800.0,5923680000.0,2284930.0,13054382300.0,-61450.0,0.0,0.0,59350.0,-357819100.0,0.0,0.0,345536600.0
14/07/2020,5352.28,5720.0,60.0,0.01048951,5278.2,5352.28,5241.16,885280.0,5062645300.0,1057800.0,5923680000.0,1943080.0,10986325300.0,-77400.0,0.0,0.0,73400.0,-444869000.0,0.0,0.0,422089000.0
13/07/2020,5296.72,5770.0,-50.0,-0.00866551,5380.06,5444.88,5278.2,930620.0,5380984700.0,1585000.0,9145450000.0,2515620.0,14526434700.0,87300.0,-10710.0,-10.0,-76590.0,503414300.0,-62615500.0,-57500.0,-440798800.0
10/07/2020,5343.02,5900.0,-130.0,-0.0220339,5454.14,5463.4,5343.02,1010090.0,5885702400.0,0.0,0.0,1010090.0,5885702400.0,36830.0,0.0,0.0,-37730.0,213090500.0,0.0,0.0,-218316500.0
09/07/2020,5463.4,5630.0,270.0,0.04795737,5213.38,5472.66,5213.38,1952640.0,11363283200.0,0.0,0.0,1952640.0,11363283200.0,-273800.0,-33600.0,0.0,111220.0,-1606959500.0,-197044000.0,0.0,649938700.0
08/07/2020,5213.38,5600.0,30.0,0.00535714,5185.6,5287.46,5167.08,1932790.0,10911340300.0,0.0,0.0,1932790.0,10911340300.0,-48330.0,-22440.0,0.0,39820.0,-273236100.0,-126977600.0,0.0,225742200.0
07/07/2020,5185.6,5780.0,-180.0,-0.03114187,5370.8,5454.14,5185.6,1813310.0,10496994400.0,0.0,0.0,1813310.0,10496994400.0,102240.0,-31760.0,0.0,53930.0,589211400.0,-181031200.0,0.0,316030200.0
06/07/2020,5352.28,5810.0,-30.0,-0.00516351,5370.8,5454.14,5352.28,887270.0,5158031800.0,0.0,0.0,887270.0,5158031800.0,-10760.0,2400.0,0.0,-9710.0,-63034900.0,13992000.0,0.0,-56091900.0
03/07/2020,5380.06,5880.0,-70.0,-0.01190476,5463.4,5518.96,5380.06,1425510.0,8394278900.0,0.0,0.0,1425510.0,8394278900.0,61670.0,-2010.0,-10.0,-112380.0,362347200.0,-11938600.0,-58600.0,-659634900.0
02/07/2020,5444.88,5850.0,30.0,0.00512821,5417.1,5500.44,5333.76,1383820.0,8074325200.0,730000.0,4366850000.0,2113820.0,12441175200.0,21050.0,0.0,0.0,-37660.0,119742300.0,0.0,0.0,-215654300.0
01/07/2020,5417.1,5780.0,70.0,0.01211073,5185.6,5509.7,5139.3,2179200.0,12576911600.0,0.0,0.0,2179200.0,12576911600.0,-94380.0,-21000.0,0.0,106530.0,-550082200.0,-119000000.0,0.0,615334500.0
30/06/2020,5352.28,5780.0,0.0,0.0,5370.8,5463.4,4981.88,5013730.0,27778944100.0,600000.0,3540000000.0,5613730.0,31318944100.0,-36610.0,70800.0,0.0,-28120.0,-196989100.0,393823000.0,0.0,-164558200.0
29/06/2020,5352.28,6210.0,-430.0,-0.06924316,5602.3,5648.6,5352.28,3799620.0,22311681100.0,0.0,0.0,3799620.0,22311681100.0,44320.0,-32130.0,1060.0,11170.0,262739000.0,-194262600.0,6134400.0,65455400.0
26/06/2020,5750.46,6200.0,10.0,0.0016129,5833.8,5880.1,5648.6,2286440.0,14171109700.0,0.0,0.0,2286440.0,14171109700.0,18620.0,-10.0,-1010.0,-166260.0,103161800.0,-13000.0,-6363000.0,-1027001900.0
25/06/2020,5741.2,6170.0,30.0,0.00486224,5713.42,5833.8,5574.52,3447170.0,21265780500.0,0.0,0.0,3447170.0,21265780500.0,-169640.0,-50300.0,0.0,-1780.0,-1045648900.0,-310363200.0,0.0,-12346900.0
24/06/2020,5713.42,6550.0,-380.0,-0.05801527,6065.3,6148.64,5694.9,4449370.0,28513515400.0,0.0,0.0,4449370.0,28513515400.0,53740.0,59990.0,-10.0,-94020.0,348673000.0,379834500.0,-65500.0,-600577200.0
23/06/2020,6065.3,6640.0,-90.0,-0.01355422,6204.2,6574.6,6056.04,7645730.0,52257716700.0,0.0,0.0,7645730.0,52257716700.0,465500.0,-466280.0,0.0,-192390.0,3165033500.0,-3184485000.0,0.0,-1311386800.0
22/06/2020,6148.64,6210.0,430.0,0.06924316,6148.64,6148.64,6019.0,7206370.0,47830389000.0,1500000.0,8700000000.0,8706370.0,56530389000.0,26660.0,-237740.0,-30.0,10600.0,176919200.0,-1577889400.0,-199000.0,70362100.0
19/06/2020,5750.46,5810.0,400.0,0.06884682,5491.18,5750.46,5463.4,3340340.0,20458279400.0,196000.0,1138760000.0,3536340.0,21597039400.0,73050.0,-117000.0,0.0,31920.0,456684000.0,-719826100.0,0.0,191724200.0
18/06/2020,5380.06,5800.0,10.0,0.00172414,5370.8,5435.62,5222.64,2157270.0,12482761200.0,0.0,0.0,2157270.0,12482761200.0,-409100.0,53800.0,0.0,360070.0,-2359638000.0,313897300.0,0.0,2072872800.0
17/06/2020,5370.8,5850.0,-50.0,-0.00854701,5417.1,5509.7,5315.24,3376950.0,19704640300.0,0.0,0.0,3376950.0,19704640300.0,94630.0,-256000.0,0.0,218720.0,557249300.0,-1508170000.0,0.0,1280666200.0
16/06/2020,5417.1,5770.0,80.0,0.01386482,5463.4,5602.3,5417.1,3318050.0,19626857600.0,0.0,0.0,3318050.0,19626857600.0,-112590.0,-105020.0,-20.0,221120.0,-664407100.0,-622366600.0,-117600.0,1307036300.0
15/06/2020,5343.02,6200.0,-430.0,-0.06935484,5741.2,5954.18,5343.02,6728640.0,41289722100.0,0.0,0.0,6728640.0,41289722100.0,-331430.0,-72000.0,0.0,73190.0,-2075378200.0,-439842000.0,0.0,485928900.0
12/06/2020,5741.2,6330.0,-130.0,-0.02053712,5472.66,5907.88,5472.66,4799800.0,29515772600.0,0.0,0.0,4799800.0,29515772600.0,-426640.0,-26000.0,0.0,72220.0,-2615613000.0,-153941500.0,0.0,444379200.0
11/06/2020,5861.58,6450.0,-120.0,-0.01860465,6009.74,6389.4,5861.58,9584350.0,64958785800.0,0.0,0.0,9584350.0,64958785800.0,-772540.0,60500.0,0.0,459070.0,-5199726700.0,422184100.0,0.0,3064579700.0
10/06/2020,5972.7,6040.0,410.0,0.06788079,5593.04,5981.96,5593.04,10004040.0,63478531300.0,0.0,0.0,10004040.0,63478531300.0,-503890.0,640.0,0.0,-68980.0,-3253559900.0,10889500.0,0.0,-437000400.0
09/06/2020,5593.04,5670.0,370.0,0.06525573,5602.3,5611.56,5370.8,6032090.0,36286945000.0,0.0,0.0,6032090.0,36286945000.0,-110830.0,-26500.0,0.0,-34620.0,-671532500.0,-160455000.0,0.0,-202685300.0
08/06/2020,5250.42,5300.0,370.0,0.06981132,5111.52,5250.42,5009.66,3157840.0,17805756300.0,608000.0,3222400000.0,3765840.0,21028156300.0,245470.0,-54900.0,0.0,-111330.0,1374924700.0,-306701000.0,0.0,-631316500.0
05/06/2020,4907.8,4960.0,340.0,0.06854839,4611.48,4907.8,4592.96,6656610.0,34706202500.0,0.0,0.0,6656610.0,34706202500.0,-218940.0,43700.0,0.0,44840.0,-1146595000.0,229681000.0,0.0,219588300.0
04/06/2020,4592.96,4940.0,20.0,0.00404858,4583.7,4722.6,4583.7,1663440.0,8336574100.0,0.0,0.0,1663440.0,8336574100.0,-159870.0,14200.0,0.0,710.0,-797076600.0,71186000.0,0.0,3583400.0
03/06/2020,4574.44,4870.0,70.0,0.01437372,4537.4,4667.04,4500.36,1632140.0,8035639500.0,0.0,0.0,1632140.0,8035639500.0,-28280.0,0.0,0.0,6470.0,-136056100.0,0.0,0.0,31828000.0
02/06/2020,4509.62,5050.0,-180.0,-0.03564356,4704.08,4722.6,4509.62,2336250.0,11696386400.0,0.0,0.0,2336250.0,11696386400.0,20920.0,4200.0,0.0,-43550.0,110751400.0,20938000.0,0.0,-217434900.0
01/06/2020,4676.3,4850.0,200.0,0.04123711,4528.14,4722.6,4528.14,2534000.0,12802980700.0,0.0,0.0,2534000.0,12802980700.0,-60000.0,-8300.0,0.0,24200.0,-306166100.0,-41787700.0,0.0,122594500.0
29/05/2020,4491.1,4830.0,20.0,0.00414079,4472.58,4574.44,4435.54,1598100.0,7769911000.0,20000.0,106000000.0,1618100.0,7875911000.0,10420.0,-1820.0,-20.0,-8250.0,50851700.0,-8938200.0,-96200.0,-40012500.0
28/05/2020,4472.58,4720.0,110.0,0.02330508,4398.5,4509.62,4389.24,1146130.0,5527363000.0,0.0,0.0,1146130.0,5527363000.0,-53790.0,-16300.0,0.0,-8520.0,-259966700.0,-78598000.0,0.0,-40791600.0
27/05/2020,4370.72,4710.0,10.0,0.00212314,4398.5,4509.62,4370.72,2815260.0,13560727000.0,0.0,0.0,2815260.0,13560727000.0,17020.0,-6270.0,0.0,-22130.0,81118700.0,-30332800.0,0.0,-105128700.0
26/05/2020,4361.46,4590.0,120.0,0.02614379,4250.34,4361.46,4250.34,1242510.0,5819000000.0,0.0,0.0,1242510.0,5819000000.0,40460.0,-1010.0,-10.0,51180.0,189158100.0,-4696400.0,-46400.0,239707700.0
25/05/2020,4250.34,4590.0,0.0,0.0,4222.56,4259.6,4222.56,1002100.0,4596253000.0,138672.0,592129440.0,1140772.0,5188382440.0,60620.0,-84770.0,0.0,-6100.0,277498900.0,-387908700.0,0.0,-27935200.0
22/05/2020,4250.34,4610.0,-20.0,-0.00433839,4268.86,4305.9,4250.34,1095070.0,5044277100.0,0.0,0.0,1095070.0,5044277100.0,-15090.0,0.0,0.0,-8940.0,-69537600.0,0.0,0.0,-41211500.0
21/05/2020,4268.86,4660.0,-50.0,-0.01072961,4315.16,4352.2,4268.86,948130.0,4416165100.0,0.0,0.0,948130.0,4416165100.0,-19450.0,4990.0,-10.0,-56920.0,-89649000.0,23373400.0,-46600.0,-265233100.0
20/05/2020,4315.16,4700.0,-40.0,-0.00851064,4352.2,4398.5,4296.64,1421660.0,6658301100.0,0.0,0.0,1421660.0,6658301100.0,5330.0,0.0,0.0,-45820.0,26533000.0,0.0,0.0,-215278000.0
19/05/2020,4352.2,4700.0,0.0,0.0,4370.72,4398.5,4342.94,1733890.0,8183155300.0,0.0,0.0,1733890.0,8183155300.0,239900.0,2930.0,-70.0,-238510.0,1127668000.0,13920000.0,-330000.0,-1121103600.0
18/05/2020,4352.2,4680.0,20.0,0.0042735,4278.12,4379.98,4278.12,659200.0,3087042800.0,0.0,0.0,659200.0,3087042800.0,-1900.0,0.0,0.0,4400.0,-8919700.0,0.0,0.0,20594700.0
15/05/2020,4333.68,4680.0,0.0,0.0,4379.98,4454.06,4315.16,1824750.0,8629656000.0,0.0,0.0,1824750.0,8629656000.0,52110.0,-28030.0,0.0,-29270.0,247901200.0,-132083600.0,0.0,-138041900.0
14/05/2020,4333.68,4630.0,50.0,0.01079914,4305.9,4472.58,4259.6,1675070.0,7941644700.0,0.0,0.0,1675070.0,7941644700.0,-32730.0,-5800.0,0.0,10870.0,-156917400.0,-27616000.0,0.0,51572900.0
13/05/2020,4287.38,4600.0,30.0,0.00652174,4268.86,4370.72,4241.08,2000910.0,9297983900.0,3708000.0,16985200000.0,5708910.0,26283183900.0,-112050.0,-800.0,0.0,45040.0,-520108400.0,-3752000.0,0.0,210730300.0
12/05/2020,4259.6,4560.0,40.0,0.00877193,4213.3,4268.86,4167.0,2007540.0,9180899600.0,4202300.0,19162488000.0,6209840.0,28343387600.0,-181210.0,0.0,0.0,118730.0,-825243400.0,0.0,0.0,542921700.0
11/05/2020,4222.56,4570.0,-10.0,-0.00218818,4222.56,4268.86,4213.3,1519450.0,6956172500.0,1281140.0,5841998400.0,2800590.0,12798170900.0,-60900.0,0.0,0.0,34800.0,-278854100.0,0.0,0.0,159668700.0
08/05/2020,4231.82,4550.0,20.0,0.0043956,4213.3,4342.94,4213.3,2497020.0,11530374200.0,277200.0,1264032000.0,2774220.0,12794406200.0,21110.0,-800.0,0.0,-31650.0,97937100.0,-3728000.0,0.0,-144569200.0
07/05/2020,4213.3,4480.0,70.0,0.015625,4222.56,4342.94,4176.26,2614580.0,11972315500.0,1006000.0,4587360000.0,3620580.0,16559675500.0,97100.0,-3100.0,0.0,22480.0,443560600.0,-14342000.0,0.0,102614900.0
06/05/2020,4148.48,4420.0,60.0,0.01357466,4092.92,4250.34,4083.66,2060880.0,9248650500.0,112000.0,461440000.0,2172880.0,9710090500.0,48600.0,-1800.0,0.0,65550.0,218065000.0,-8230000.0,0.0,295941200.0
05/05/2020,4092.92,4460.0,-40.0,-0.00896861,4129.96,4139.22,4055.88,1571040.0,6965641800.0,0.0,0.0,1571040.0,6965641800.0,-41100.0,0.0,0.0,78050.0,-182979300.0,0.0,0.0,347483300.0
04/05/2020,4129.96,4500.0,-40.0,-0.00888889,4167.0,4185.52,4055.88,2810630.0,12500050400.0,0.0,0.0,2810630.0,12500050400.0,6000.0,0.0,0.0,-40910.0,24940100.0,0.0,0.0,-179215100.0
29/04/2020,4167.0,4410.0,90.0,0.02040816,4083.66,4259.6,4083.66,2998070.0,13509208200.0,0.0,0.0,2998070.0,13509208200.0,124670.0,-1800.0,0.0,-133510.0,561918900.0,-8230000.0,0.0,-602049900.0
28/04/2020,4083.66,4380.0,30.0,0.00684932,4046.62,4287.38,4046.62,2568480.0,11559162400.0,0.0,0.0,2568480.0,11559162400.0,-167860.0,2500.0,0.0,-31100.0,-740173000.0,10960000.0,0.0,-146270200.0
27/04/2020,4055.88,4200.0,180.0,0.04285714,3926.24,4102.18,3898.46,4008530.0,17325447000.0,1288000.0,5409600000.0,5296530.0,22735047000.0,-204960.0,-14300.0,0.0,62980.0,-892628200.0,-61755000.0,0.0,271146400.0
24/04/2020,3889.2,4200.0,0.0,0.0,3935.5,3935.5,3787.34,1476040.0,6150146200.0,1851000.0,7774200000.0,3327040.0,13924346200.0,-12540.0,-15800.0,0.0,28640.0,-51465000.0,-66360000.0,0.0,119326000.0
23/04/2020,3889.2,4300.0,-100.0,-0.02325581,4009.58,4065.14,3889.2,2342590.0,10031225800.0,0.0,0.0,2342590.0,10031225800.0,78170.0,-2120.0,-10.0,-47400.0,336190100.0,-9264600.0,-42700.0,-203302600.0
22/04/2020,3981.8,4250.0,50.0,0.01176471,3861.42,3981.8,3778.08,2072560.0,8696000000.0,0.0,0.0,2072560.0,8696000000.0,4560.0,0.0,0.0,75780.0,20588400.0,0.0,0.0,320900400.0
21/04/2020,3935.5,4410.0,-160.0,-0.03628118,4009.58,4037.36,3805.86,3669000.0,15521000000.0,3580000.0,15787800000.0,7249000.0,31308800000.0,49110.0,-50000.0,0.0,7250.0,200765700.0,-211657400.0,0.0,34148300.0
20/04/2020,4083.66,4230.0,180.0,0.04255319,3981.8,4157.74,3935.5,4956460.0,21748000000.0,0.0,0.0,4956460.0,21748000000.0,-227600.0,60480.0,-20.0,10060.0,-994521500.0,260474000.0,-86000.0,45945500.0
17/04/2020,3916.98,4120.0,110.0,0.02669903,3889.2,4009.58,3842.9,3837830.0,16298000000.0,0.0,0.0,3837830.0,16298000000.0,-86460.0,-3100.0,0.0,1420.0,-366370400.0,-14084000.0,0.0,5401600.0
16/04/2020,3815.12,4120.0,0.0,0.0,3833.64,3870.68,3750.3,1540890.0,6370000000.0,0.0,0.0,1540890.0,6370000000.0,-107720.0,-60.0,-60.0,95180.0,-447742200.0,-250200.0,-250200.0,395749400.0
15/04/2020,3815.12,4000.0,120.0,0.03,3750.3,3870.68,3750.3,2212120.0,9115000000.0,110000.0,449900000.0,2322120.0,9564900000.0,-75610.0,0.0,0.0,43860.0,-313362000.0,0.0,0.0,181410000.0
14/04/2020,3704.0,4090.0,-90.0,-0.02200489,3787.34,3833.64,3685.48,1493680.0,6003000000.0,315000.0,1200150000.0,1808680.0,7203150000.0,30140.0,0.0,0.0,-32170.0,120805000.0,0.0,0.0,-128985600.0
13/04/2020,3787.34,4080.0,10.0,0.00245098,3778.08,3842.9,3750.3,1035350.0,4239000000.0,0.0,0.0,1035350.0,4239000000.0,96910.0,-1000.0,0.0,47090.0,389876900.0,-4140000.0,0.0,194519900.0
10/04/2020,3778.08,4200.0,-120.0,-0.02857143,3842.9,3889.2,3722.52,1612410.0,6655000000.0,126000.0,499410000.0,1738410.0,7154410000.0,-610320.0,-10.0,-10.0,-48430.0,-2515123700.0,-41300.0,-41300.0,-198180400.0
09/04/2020,3889.2,4170.0,30.0,0.00719424,3852.16,3935.5,3842.9,2933620.0,12270705400.0,89000.0,371130000.0,3022620.0,12641835400.0,122770.0,-2200.0,0.0,-17000.0,509163300.0,-9310000.0,0.0,-70846400.0
08/04/2020,3861.42,4100.0,70.0,0.01707317,3704.0,3861.42,3657.7,1776210.0,7195716300.0,0.0,0.0,1776210.0,7195716300.0,-628720.0,-5600.0,0.0,75210.0,-2581124000.0,-23016000.0,0.0,302534800.0
07/04/2020,3796.6,4300.0,-200.0,-0.04651163,3981.8,4009.58,3750.3,2176270.0,8979789900.0,0.0,0.0,2176270.0,8979789900.0,-55930.0,-2010.0,0.0,-157110.0,-226445100.0,-8243300.0,0.0,-650374900.0
06/04/2020,3981.8,4060.0,240.0,0.0591133,3796.6,3991.06,3796.6,4143120.0,17597452700.0,710000.0,3053000000.0,4853120.0,20650452700.0,-2108410.0,-10510.0,-10.0,94930.0,-8959518000.0,-44252000.0,-42000.0,404774700.0
03/04/2020,3759.56,3800.0,260.0,0.06842105,3602.14,3759.56,3518.8,2690490.0,10742000000.0,0.0,0.0,2690490.0,10742000000.0,-986970.0,-23900.0,0.0,-115250.0,-3986066000.0,-94486000.0,0.0,-452383400.0
01/04/2020,3518.8,3590.0,210.0,0.05849582,3176.18,3518.8,3176.18,1878180.0,6950000000.0,0.0,0.0,1878180.0,6950000000.0,-387870.0,-10.0,-10.0,27330.0,-1470774500.0,-36700.0,-36700.0,102778200.0
31/03/2020,3324.34,3860.0,-270.0,-0.06994819,3518.8,3629.92,3324.34,2971990.0,10907000000.0,650000.0,2600000000.0,3621990.0,13507000000.0,378350.0,-842110.0,-107650.0,910.0,1290785000.0,-3055592800.0,-392088000.0,-2501800.0
30/03/2020,3574.36,4140.0,-280.0,-0.06763285,3704.0,3704.0,3574.36,2984190.0,11565000000.0,0.0,0.0,2984190.0,11565000000.0,-1179690.0,-170000.0,-20000.0,28750.0,-4567932400.0,-659117600.0,-77800000.0,112334400.0
27/03/2020,3833.64,4200.0,-60.0,-0.01428571,3805.86,3861.42,3722.52,2437130.0,10018000000.0,0.0,0.0,2437130.0,10018000000.0,-1587040.0,0.0,0.0,33550.0,-6549063100.0,0.0,0.0,137257200.0
26/03/2020,3889.2,4250.0,-50.0,-0.01176471,3759.56,3889.2,3759.56,1977820.0,8218000000.0,0.0,0.0,1977820.0,8218000000.0,-1096430.0,-10.0,-10.0,21440.0,-4596788500.0,-41300.0,-41300.0,88621800.0
25/03/2020,3935.5,4050.0,200.0,0.04938272,3796.6,3935.5,3704.0,2303930.0,9562000000.0,0.0,0.0,2303930.0,9562000000.0,-898290.0,10900.0,0.0,20.0,-3812484900.0,44581000.0,0.0,-3917300.0
24/03/2020,3750.3,3830.0,220.0,0.05744125,3398.42,3750.3,3333.6,2476100.0,9478000000.0,0.0,0.0,2476100.0,9478000000.0,-590320.0,12500.0,0.0,-1960.0,-2365289900.0,45615000.0,0.0,-7004900.0
23/03/2020,3546.58,4110.0,-280.0,-0.06812652,3611.4,3676.22,3546.58,3873340.0,14847000000.0,0.0,0.0,3873340.0,14847000000.0,-335780.0,10500.0,0.0,41300.0,-1286769400.0,40640000.0,0.0,158311600.0
20/03/2020,3805.86,4250.0,-140.0,-0.03294118,3889.2,3935.5,3796.6,1589750.0,6589000000.0,0.0,0.0,1589750.0,6589000000.0,-97710.0,7000.0,0.0,77030.0,-403955100.0,28770000.0,0.0,319465200.0
19/03/2020,3935.5,4380.0,-130.0,-0.02968037,4111.44,4111.44,3815.12,5717870.0,24621000000.0,0.0,0.0,5717870.0,24621000000.0,-70000.0,0.0,0.0,-67350.0,-310222000.0,0.0,0.0,-285438400.0
18/03/2020,4055.88,4100.0,280.0,0.06829268,4028.1,4055.88,3963.28,4796440.0,20926000000.0,1860000.0,8146800000.0,6656440.0,29072800000.0,326370.0,-24500.0,-20000.0,-522470.0,1437191600.0,-107085000.0,-87600000.0,-2290478300.0
17/03/2020,3796.6,3850.0,250.0,0.06493506,3565.1,3796.6,3472.5,3911370.0,15360000000.0,196452.0,807417720.0,4107822.0,16167417720.0,1781140.0,-56500.0,-56500.0,-1788210.0,6971131800.0,-221300000.0,-221300000.0,-6996329900.0
16/03/2020,3565.1,3980.0,-130.0,-0.03266332,3435.46,3602.14,3435.46,11017060.0,41072000000.0,0.0,0.0,11017060.0,41072000000.0,-725720.0,-372100.0,-445100.0,1041990.0,-2694341600.0,-1380491000.0,-1651321000.0,3866935000.0
13/03/2020,3685.48,4270.0,-290.0,-0.06791569,3685.48,3796.6,3685.48,6305450.0,25115000000.0,640000.0,2554600000.0,6945450.0,27669600000.0,1697860.0,-961900.0,-974900.0,229520.0,6762610200.0,-3831384200.0,-3883124200.0,914202400.0
12/03/2020,3954.02,4590.0,-320.0,-0.06971678,4000.32,4018.84,3954.02,2597490.0,11133000000.0,196452.0,838850040.0,2793942.0,11971850040.0,462290.0,109000.0,0.0,27640.0,1985872700.0,465705000.0,0.0,118711300.0
11/03/2020,4250.34,4850.0,-260.0,-0.05360825,4620.74,4620.74,4185.52,2623010.0,12164000000.0,1138000.0,5519300000.0,3761010.0,17683300000.0,354720.0,3800.0,0.0,26020.0,1623026000.0,17535000.0,0.0,123294400.0
10/03/2020,4491.1,4920.0,-70.0,-0.01422764,4444.8,4611.48,4379.98,1345060.0,6520000000.0,0.0,0.0,1345060.0,6520000000.0,81700.0,3000.0,0.0,-12960.0,389222700.0,14295000.0,0.0,-63185300.0
09/03/2020,4555.92,5280.0,-360.0,-0.06818182,4565.18,4694.82,4555.92,2455760.0,12127000000.0,0.0,0.0,2455760.0,12127000000.0,230560.0,30.0,30.0,10190.0,1131966500.0,147900.0,147900.0,49673100.0
06/03/2020,4889.28,5130.0,150.0,0.02923977,4713.34,4972.62,4713.34,1978630.0,10364000000.0,0.0,0.0,1978630.0,10364000000.0,-270540.0,1000.0,0.0,83180.0,-1435425400.0,5183000.0,0.0,422882800.0
05/03/2020,4750.38,5130.0,0.0,0.0,4815.2,4917.06,4750.38,1966320.0,10321000000.0,0.0,0.0,1966320.0,10321000000.0,-413490.0,30.0,30.0,2610.0,-2170829300.0,157300.0,157300.0,13783000.0
04/03/2020,4750.38,4930.0,200.0,0.04056795,4565.18,4778.16,4565.18,3548700.0,17946000000.0,200000.0,1000000000.0,3748700.0,18946000000.0,516050.0,2010.0,10.0,-789580.0,2606615000.0,10310800.0,50800.0,-3995343600.0
03/03/2020,4565.18,4920.0,10.0,0.00203252,4639.26,4722.6,4565.18,1762820.0,8786000000.0,2740000.0,13480800000.0,4502820.0,22266800000.0,238290.0,200.0,0.0,-300000.0,1199031400.0,996000.0,0.0,-1504682800.0
02/03/2020,4555.92,5000.0,-80.0,-0.016,4630.0,4713.34,4555.92,1688960.0,8440000000.0,0.0,0.0,1688960.0,8440000000.0,177890.0,-10.0,-10.0,-426450.0,890142000.0,-49900.0,-49900.0,-2132856900.0
28/02/2020,4630.0,5170.0,-170.0,-0.03288201,4685.56,4768.9,4537.4,2278840.0,11449000000.0,0.0,0.0,2278840.0,11449000000.0,-204690.0,14000.0,0.0,19000.0,-1036720200.0,69450000.0,0.0,95240000.0
27/02/2020,4787.42,5160.0,10.0,0.00193798,4815.2,4833.72,4768.9,973760.0,5052000000.0,0.0,0.0,973760.0,5052000000.0,-127990.0,1100.0,0.0,0.0,-665099200.0,5716000.0,0.0,0.0
26/02/2020,4778.16,5200.0,-40.0,-0.00769231,4722.6,4796.68,4676.3,1603610.0,8204000000.0,0.0,0.0,1603610.0,8204000000.0,115090.0,0.0,0.0,-308280.0,587822700.0,0.0,0.0,-1572233600.0
25/02/2020,4815.2,5200.0,0.0,0.0,4713.34,4861.5,4713.34,1114610.0,5757000000.0,0.0,0.0,1114610.0,5757000000.0,42110.0,0.0,0.0,-82080.0,216685500.0,0.0,0.0,-423262400.0
24/02/2020,4815.2,5460.0,-260.0,-0.04761905,4870.76,5000.4,4704.08,2543960.0,13192000000.0,0.0,0.0,2543960.0,13192000000.0,-253160.0,0.0,0.0,-118010.0,-1322002000.0,0.0,0.0,-612755900.0
21/02/2020,5055.96,5510.0,-50.0,-0.00907441,5083.74,5130.04,5028.18,2196270.0,12023000000.0,0.0,0.0,2196270.0,12023000000.0,-432780.0,0.0,0.0,37290.0,-2370221200.0,0.0,0.0,204358000.0
20/02/2020,5102.26,5560.0,-50.0,-0.00899281,5194.86,5204.12,5093.0,1821900.0,10082000000.0,0.0,0.0,1821900.0,10082000000.0,-400190.0,370.0,370.0,240.0,-2217499100.0,2038700.0,2038700.0,1329400.0
19/02/2020,5148.56,5590.0,-30.0,-0.00536673,5176.34,5361.54,5102.26,1781120.0,10045000000.0,0.0,0.0,1781120.0,10045000000.0,-281300.0,-10170.0,430.0,-41290.0,-1584024800.0,-58200700.0,2369300.0,-232008200.0
18/02/2020,5176.34,5260.0,330.0,0.06273764,4870.76,5204.12,4870.76,6251620.0,34580000000.0,2798000.0,14717480000.0,9049620.0,49297480000.0,-2195970.0,-10000.0,-10000.0,18600.0,-12068974700.0,-56200000.0,-56200000.0,103461000.0
17/02/2020,4870.76,5210.0,50.0,0.00959693,4889.28,4889.28,4787.42,2481150.0,12937000000.0,0.0,0.0,2481150.0,12937000000.0,-525980.0,3000.0,3000.0,31460.0,-2739189500.0,15780000.0,15780000.0,164235200.0
14/02/2020,4824.46,5250.0,-40.0,-0.00761905,4861.5,4880.02,4778.16,1965710.0,10252000000.0,0.0,0.0,1965710.0,10252000000.0,-438230.0,10.0,10.0,10390.0,-2282222900.0,51800.0,51800.0,54551000.0
13/02/2020,4861.5,5250.0,0.0,0.0,4861.5,4907.8,4852.24,708130.0,3733000000.0,0.0,0.0,708130.0,3733000000.0,6330.0,60.0,60.0,-16390.0,33513600.0,315000.0,315000.0,-86328600.0
12/02/2020,4861.5,5290.0,-40.0,-0.00756144,4898.54,4981.88,4861.5,824590.0,4371000000.0,0.0,0.0,824590.0,4371000000.0,-57360.0,10.0,10.0,1850.0,-302728100.0,52800.0,52800.0,9905300.0
11/02/2020,4898.54,5160.0,130.0,0.0251938,4815.2,4898.54,4787.42,762600.0,4005000000.0,7350000.0,38955000000.0,8112600.0,42960000000.0,-212260.0,0.0,0.0,188150.0,-1115805600.0,0.0,0.0,989362600.0
10/02/2020,4778.16,5340.0,-180.0,-0.03370787,4944.84,4944.84,4778.16,1100630.0,5793000000.0,197520.0,1125864000.0,1298150.0,6918864000.0,-191920.0,-10.0,-10.0,144170.0,-1016757900.0,-52700.0,-52700.0,763143400.0
07/02/2020,4944.84,5410.0,-70.0,-0.012939,5009.66,5028.18,4944.84,534620.0,2882000000.0,0.0,0.0,534620.0,2882000000.0,-43110.0,-10.0,-10.0,36820.0,-232227400.0,-53900.0,-53900.0,198273300.0
06/02/2020,5009.66,5400.0,10.0,0.00185185,5000.4,5102.26,4926.32,1303780.0,7083000000.0,0.0,0.0,1303780.0,7083000000.0,-111990.0,-1500.0,0.0,101770.0,-602988100.0,-8250000.0,0.0,547565700.0
05/02/2020,5000.4,5300.0,100.0,0.01886792,4861.5,5000.4,4722.6,1861890.0,9797000000.0,954000.0,5086120000.0,2815890.0,14883120000.0,11790.0,0.0,0.0,3490.0,61780000.0,0.0,0.0,18441200.0
04/02/2020,4907.8,4990.0,310.0,0.06212425,4630.0,4907.8,4444.8,2145830.0,10814000000.0,0.0,0.0,2145830.0,10814000000.0,-90120.0,0.0,0.0,90380.0,-433283600.0,0.0,0.0,434533000.0
03/02/2020,4620.74,5060.0,-70.0,-0.01383399,4407.76,4630.0,4361.46,3036400.0,14510000000.0,1126000.0,5697560000.0,4162400.0,20207560000.0,-67790.0,20500.0,0.0,47290.0,-321129400.0,97580000.0,0.0,223809400.0
31/01/2020,4685.56,5210.0,-150.0,-0.02879079,4824.46,4861.5,4685.56,1872850.0,9624000000.0,0.0,0.0,1872850.0,9624000000.0,-13540.0,20490.0,-10.0,-7350.0,-68689800.0,104607900.0,-52100.0,-37966100.0
30/01/2020,4824.46,5300.0,-90.0,-0.01698113,4880.02,4981.88,4815.2,1295990.0,6853000000.0,0.0,0.0,1295990.0,6853000000.0,-3670.0,-120.0,-120.0,-50.0,-19392400.0,-634800.0,-634800.0,-263000.0
22/01/2020,4907.8,5220.0,80.0,0.01532567,4889.28,4944.84,4861.5,617390.0,3273000000.0,0.0,0.0,617390.0,3273000000.0,-9980.0,0.0,0.0,10.0,-52794000.0,0.0,0.0,53000.0
21/01/2020,4833.72,5200.0,20.0,0.00384615,4815.2,4870.76,4796.68,967710.0,5038000000.0,0.0,0.0,967710.0,5038000000.0,-23510.0,2500.0,0.0,-5590.0,-122308100.0,12950000.0,0.0,-29277400.0
20/01/2020,4815.2,5240.0,-40.0,-0.00763359,4852.24,4917.06,4815.2,558280.0,2928000000.0,449409.0,2516690400.0,1007689.0,5444690400.0,-8520.0,3500.0,0.0,-620.0,-44589200.0,18260000.0,0.0,-3274200.0
17/01/2020,4852.24,5300.0,-60.0,-0.01132075,4907.8,4907.8,4852.24,581300.0,3067000000.0,0.0,0.0,581300.0,3067000000.0,22640.0,3040.0,0.0,-49780.0,119736200.0,16004600.0,0.0,-263088800.0
16/01/2020,4907.8,5310.0,-10.0,-0.00188324,4917.06,4972.62,4907.8,829550.0,4413000000.0,0.0,0.0,829550.0,4413000000.0,23910.0,2000.0,0.0,-35910.0,127625100.0,10640000.0,0.0,-191265100.0
15/01/2020,4917.06,5300.0,10.0,0.00188679,4907.8,4991.14,4907.8,1119450.0,5984000000.0,772000.0,4091600000.0,1891450.0,10075600000.0,-4790.0,0.0,0.0,3790.0,-25569500.0,0.0,0.0,20259500.0
14/01/2020,4907.8,5330.0,-30.0,-0.00562852,4907.8,4991.14,4861.5,1210130.0,6413000000.0,0.0,0.0,1210130.0,6413000000.0,-85480.0,5500.0,0.0,-6000.0,-451684100.0,28950000.0,0.0,-31980000.0
13/01/2020,4935.58,5510.0,-180.0,-0.03266788,5055.96,5093.0,4935.58,1962210.0,10604000000.0,0.0,0.0,1962210.0,10604000000.0,20670.0,14000.0,0.0,-66690.0,114768800.0,75550000.0,0.0,-361096000.0
10/01/2020,5102.26,5570.0,-60.0,-0.01077199,5185.6,5185.6,5102.26,1028790.0,5694000000.0,2781000.0,15490170000.0,3809790.0,21184170000.0,-30540.0,0.0,0.0,-77460.0,-166431200.0,0.0,0.0,-429708800.0
09/01/2020,5157.82,5480.0,90.0,0.01642336,5148.56,5213.38,5111.52,1208370.0,6727000000.0,0.0,0.0,1208370.0,6727000000.0,-245610.0,0.0,0.0,87210.0,-1372034000.0,0.0,0.0,486783300.0
08/01/2020,5074.48,5750.0,-270.0,-0.04695652,5287.46,5324.5,5037.44,3773750.0,20994000000.0,0.0,0.0,3773750.0,20994000000.0,80760.0,-18000.0,0.0,-69870.0,443427100.0,-98640000.0,0.0,-390974400.0
07/01/2020,5324.5,5800.0,-50.0,-0.00862069,5370.8,5389.32,5324.5,969680.0,5604000000.0,0.0,0.0,969680.0,5604000000.0,-42810.0,0.0,0.0,200.0,-247102800.0,0.0,0.0,1160000.0
06/01/2020,5370.8,5930.0,-130.0,-0.02192243,5472.66,5528.22,5370.8,1798380.0,10530000000.0,0.0,0.0,1798380.0,10530000000.0,-502600.0,0.0,0.0,315650.0,-2948424200.0,0.0,0.0,1851397800.0
03/01/2020,5491.18,5920.0,10.0,0.00168919,5472.66,5546.74,5463.4,1207120.0,7170000000.0,0.0,0.0,1207120.0,7170000000.0,4830.0,0.0,0.0,-1930.0,27715500.0,0.0,0.0,-10562000.0
02/01/2020,5481.92,5890.0,30.0,0.00509338,5454.14,5546.74,5417.1,1213180.0,7181000000.0,0.0,0.0,1213180.0,7181000000.0,-198300.0,0.0,0.0,168250.0,-1175278400.0,0.0,0.0,997961500.0
31/12/2019,5454.14,5960.0,-70.0,-0.01174497,5528.22,5528.22,5444.88,1450570.0,8571000000.0,0.0,0.0,1450570.0,8571000000.0,-170460.0,-160000.0,0.0,66130.0,-1011601100.0,-943677800.0,0.0,390145200.0
30/12/2019,5518.96,5920.0,40.0,0.00675676,5509.7,5583.78,5509.7,2380550.0,14243000000.0,8389446.0,53105193180.0,10769996.0,67348193180.0,-433000.0,-15210.0,-210.0,160120.0,-2585220900.0,-90891600.0,-1251600.0,955004900.0
27/12/2019,5481.92,6020.0,-100.0,-0.0166113,5537.48,5620.82,5481.92,1836030.0,10977000000.0,0.0,0.0,1836030.0,10977000000.0,-114580.0,6000.0,0.0,29390.0,-686359200.0,35880000.0,0.0,177137000.0
26/12/2019,5574.52,6080.0,-60.0,-0.00986842,5611.56,5713.42,5565.26,1726780.0,10522000000.0,0.0,0.0,1726780.0,10522000000.0,-212750.0,6000.0,0.0,74920.0,-1300033600.0,36480000.0,0.0,457105800.0
25/12/2019,5630.08,5930.0,150.0,0.02529511,5648.6,5806.02,5630.08,3652710.0,22514000000.0,0.0,0.0,3652710.0,22514000000.0,-378250.0,23800.0,2800.0,201000.0,-2331052700.0,146230000.0,17080000.0,1232466300.0
24/12/2019,5491.18,5550.0,380.0,0.06846847,5167.08,5491.18,5167.08,3347590.0,19534000000.0,0.0,0.0,3347590.0,19534000000.0,-70390.0,1990.0,-10.0,-7280.0,-413269600.0,11101900.0,-58100.0,-41778400.0
23/12/2019,5139.3,5530.0,20.0,0.00361664,5102.26,5167.08,5093.0,935490.0,5186000000.0,0.0,0.0,935490.0,5186000000.0,-134440.0,9000.0,0.0,150000.0,-745993000.0,49860000.0,0.0,832350000.0
20/12/2019,5120.78,5540.0,-10.0,-0.00180505,5148.56,5148.56,5009.66,2257240.0,12377000000.0,0.0,0.0,2257240.0,12377000000.0,-357250.0,7500.0,0.0,-15240.0,-1965125300.0,40845000.0,0.0,-83869900.0
19/12/2019,5130.04,5500.0,40.0,0.00727273,5130.04,5259.68,5093.0,797930.0,4438000000.0,0.0,0.0,797930.0,4438000000.0,-6840.0,-10.0,-10.0,-4540.0,-37693300.0,-55100.0,-55100.0,-25258800.0
18/12/2019,5093.0,5750.0,-250.0,-0.04347826,5324.5,5352.28,5093.0,1108300.0,6227000000.0,0.0,0.0,1108300.0,6227000000.0,-71620.0,28500.0,0.0,-53880.0,-392093200.0,159780000.0,0.0,-305500400.0
17/12/2019,5324.5,5741.0,9.0,0.00156767,5481.92,5481.92,5305.98,2611060.0,15248000000.0,6675954.0,38319975960.0,9287014.0,53567975960.0,-90080.0,34500.0,0.0,0.0,-527179500.0,200595000.0,0.0,0.0
16/12/2019,5316.3512,6270.0,-70.0,-0.01116427,5376.37452,5402.0988,5290.62692,2772370.0,17239000000.0,0.0,0.0,2772370.0,17239000000.0,-1480.0,9500.0,0.0,-18020.0,-8634000.0,59100000.0,0.0,-112466000.0
13/12/2019,5376.37452,6370.0,-100.0,-0.01569859,5479.27164,5513.57068,5376.37452,1946810.0,12359000000.0,165900.0,997059000.0,2112710.0,13356059000.0,-154660.0,0.0,0.0,-18450.0,-985136900.0,0.0,0.0,-117170900.0
12/12/2019,5462.12212,6140.0,230.0,0.03745928,5273.4774,5522.14544,5256.32788,3892490.0,24551000000.0,3257328.0,19999993920.0,7149818.0,44550993920.0,-86470.0,0.0,0.0,56140.0,-548269200.0,0.0,0.0,354677800.0
11/12/2019,5264.90264,6180.0,-40.0,-0.00647249,5273.4774,5333.50072,5230.6036,1184380.0,7280000000.0,0.0,0.0,1184380.0,7280000000.0,119880.0,0.0,0.0,-133820.0,736928000.0,0.0,0.0,-821282500.0
10/12/2019,5299.20168,6270.0,-90.0,-0.01435407,5384.94928,5384.94928,5273.4774,1989990.0,12370000000.0,7011249.0,43750477230.0,9001239.0,56120477230.0,-58050.0,0.0,0.0,48880.0,-362177500.0,0.0,0.0,305114200.0
09/12/2019,5376.37452,6330.0,-60.0,-0.00947867,5376.37452,5470.69688,5367.79976,2305810.0,14543000000.0,0.0,0.0,2305810.0,14543000000.0,-222270.0,0.0,0.0,194860.0,-1401595700.0,0.0,0.0,1228066000.0
06/12/2019,5427.82308,6350.0,-20.0,-0.00314961,5487.8464,5487.8464,5342.07548,1460460.0,9219000000.0,0.0,0.0,1460460.0,9219000000.0,-215850.0,-10.0,-10.0,216850.0,-1361694900.0,-63100.0,-63100.0,1367948500.0
05/12/2019,5444.9726,6100.0,250.0,0.04098361,5402.0988,5547.86972,5333.50072,4575130.0,29200000000.0,350900.0,2046232000.0,4926030.0,31246232000.0,-228540.0,0.0,0.0,-25300.0,-1459410000.0,0.0,0.0,-161735000.0
04/12/2019,5230.6036,5710.0,390.0,0.06830123,4887.6132,5230.6036,4887.6132,3712670.0,22166000000.0,2280000.0,13201200000.0,5992670.0,35367200000.0,-196530.0,0.0,0.0,29660.0,-1176972000.0,0.0,0.0,178186700.0
03/12/2019,4896.18796,5620.0,90.0,0.01601423,4913.33748,4930.487,4819.01512,1437890.0,8215000000.0,0.0,0.0,1437890.0,8215000000.0,-16250.0,0.0,0.0,14210.0,-93172800.0,0.0,0.0,81026600.0
02/12/2019,4819.01512,5700.0,-80.0,-0.01403509,4939.06176,4947.63652,4819.01512,944550.0,5370000000.0,357400.0,1994264000.0,1301950.0,7364264000.0,-23900.0,0.0,0.0,10000.0,-136578000.0,0.0,0.0,57100000.0
29/11/2019,4887.6132,5630.0,70.0,0.01243339,4887.6132,4964.78604,4836.16464,872270.0,4992000000.0,0.0,0.0,872270.0,4992000000.0,-60420.0,0.0,0.0,900.0,-343174900.0,0.0,0.0,5130000.0
28/11/2019,4827.58988,5780.0,-150.0,-0.02595156,4973.3608,4973.3608,4801.8656,1157850.0,6599000000.0,0.0,0.0,1157850.0,6599000000.0,15030.0,0.0,0.0,12730.0,83869300.0,0.0,0.0,73437400.0
27/11/2019,4956.21128,5790.0,-10.0,-0.00172712,4990.51032,5016.2346,4930.487,1626430.0,9425000000.0,0.0,0.0,1626430.0,9425000000.0,-272360.0,0.0,0.0,175900.0,-1578346200.0,0.0,0.0,1019993000.0
26/11/2019,4964.78604,5800.0,-10.0,-0.00172414,4956.21128,5007.65984,4947.63652,1404290.0,8152000000.0,2878895.0,16665812000.0,4283185.0,24817812000.0,-84990.0,0.0,0.0,2000.0,-492441900.0,0.0,0.0,11600000.0
25/11/2019,4973.3608,5760.0,40.0,0.00694444,4990.51032,5050.53364,4956.21128,1541020.0,8977000000.0,364000.0,1993760000.0,1905020.0,10970760000.0,-26550.0,0.0,0.0,-20170.0,-154606300.0,0.0,0.0,-117994500.0
22/11/2019,4939.06176,5500.0,260.0,0.0473,4716.118,4999.08508,4716.118,2685540.0,15255000000.0,0.0,0.0,2685540.0,15255000000.0,-288180.0,-10.0,-10.0,-17600.0,-1665899000.0,-55700.0,-55700.0,-97177600.0
21/11/2019,4716.118,5630.0,-130.0,-0.02309059,4801.8656,4827.58988,4716.118,875270.0,4870000000.0,0.0,0.0,875270.0,4870000000.0,-54790.0,0.0,0.0,0.0,-301375300.0,0.0,0.0,0.0
20/11/2019,4827.58988,5700.0,-70.0,-0.0122807,4896.18796,4896.18796,4793.29084,1567930.0,8849000000.0,0.0,0.0,1567930.0,8849000000.0,-4530.0,0.0,0.0,-18440.0,-24267700.0,0.0,0.0,-104051600.0
19/11/2019,4887.6132,5600.0,100.0,0.01785714,4784.71608,4999.08508,4784.71608,1514470.0,8688000000.0,7320000.0,40260000000.0,8834470.0,48948000000.0,-235200.0,5000.0,5000.0,25750.0,-1343643600.0,28945000.0,28945000.0,145519900.0
18/11/2019,4801.8656,5500.0,100.0,0.01818182,4793.29084,4879.03844,4673.2442,1953340.0,10852000000.0,364500.0,1981900000.0,2317840.0,12833900000.0,-845910.0,0.0,0.0,3280.0,-4703056400.0,0.0,0.0,18485200.0
15/11/2019,4716.118,5900.0,-400.0,-0.06779661,5084.83268,5084.83268,4716.118,3837060.0,21883000000.0,0.0,0.0,3837060.0,21883000000.0,-75120.0,0.0,0.0,0.0,-445143500.0,0.0,0.0,0.0
14/11/2019,5059.1084,6010.0,-110.0,-0.01830283,5119.13172,5144.856,5059.1084,3830800.0,22695000000.0,0.0,0.0,3830800.0,22695000000.0,-158520.0,0.0,0.0,-2500.0,-942767000.0,0.0,0.0,-14955000.0
13/11/2019,5153.43076,6020.0,-10.0,-0.00166113,5136.28124,5162.00552,5110.55696,4260700.0,25533000000.0,173000.0,986100000.0,4433700.0,26519100000.0,-28000.0,0.0,0.0,0.0,-163965000.0,0.0,0.0,0.0
12/11/2019,5162.00552,6030.0,-10.0,-0.00165837,5170.58028,5170.58028,5119.13172,3596470.0,21575000000.0,4300000.0,27735000000.0,7896470.0,49310000000.0,189700.0,0.0,0.0,0.0,1137698600.0,0.0,0.0,0.0
11/11/2019,5170.58028,6030.0,0.0,0.0,5170.58028,5179.15504,5110.55696,4923720.0,29547000000.0,1600000.0,9280000000.0,6523720.0,38827000000.0,190590.0,0.0,0.0,-12690.0,1142239000.0,0.0,0.0,-76158100.0
08/11/2019,5170.58028,6040.0,-10.0,-0.00165563,5162.00552,5196.30456,5110.55696,3582840.0,21554000000.0,170000.0,986000000.0,3752840.0,22540000000.0,138170.0,0.0,0.0,-3880.0,828787000.0,0.0,0.0,-23318800.0
07/11/2019,5179.15504,6100.0,-60.0,-0.00983607,5230.6036,5230.6036,5144.856,4338490.0,26137000000.0,100000.0,604000000.0,4438490.0,26741000000.0,506830.0,0.0,0.0,0.0,3047025200.0,0.0,0.0,0.0
06/11/2019,5230.6036,6100.0,0.0,0.0,5230.6036,5230.6036,5144.856,4414390.0,26699000000.0,1646000.0,10662200000.0,6060390.0,37361200000.0,511450.0,0.0,0.0,0.0,3077796900.0,0.0,0.0,0.0
05/11/2019,5230.6036,6120.0,-20.0,-0.00326797,5230.6036,5230.6036,5136.28124,5310640.0,32094000000.0,170000.0,986000000.0,5480640.0,33080000000.0,526020.0,-20.0,-20.0,-8000.0,3171210200.0,-121000.0,-121000.0,-48000000.0
04/11/2019,5247.75312,6200.0,-80.0,-0.01290323,5273.4774,5290.62692,5162.00552,4977600.0,30459000000.0,0.0,0.0,4977600.0,30459000000.0,286400.0,-359000.0,0.0,0.0,1746461200.0,-2191829600.0,0.0,0.0
01/11/2019,5316.3512,6240.0,-40.0,-0.00641026,5359.225,5359.225,5290.62692,2513830.0,15568000000.0,1122370.0,7070931000.0,3636200.0,22638931000.0,339630.0,-230.0,-230.0,0.0,2101675000.0,-1419100.0,-1419100.0,0.0
31/10/2019,5350.65024,6210.0,30.0,0.00483092,5359.225,5410.67356,5316.3512,4873080.0,30514000000.0,0.0,0.0,4873080.0,30514000000.0,471970.0,0.0,0.0,49830.0,2956175400.0,0.0,0.0,313003500.0
30/10/2019,5324.92596,6140.0,70.0,0.01140065,5239.17836,5359.225,5230.6036,5711370.0,35338000000.0,0.0,0.0,5711370.0,35338000000.0,960670.0,0.0,0.0,5000.0,5944581400.0,0.0,0.0,31000000.0
29/10/2019,5264.90264,6170.0,-30.0,-0.00486224,5290.62692,5290.62692,5222.02884,4149620.0,25375000000.0,0.0,0.0,4149620.0,25375000000.0,479860.0,0.0,0.0,0.0,2931977400.0,0.0,0.0,0.0
28/10/2019,5290.62692,6200.0,-30.0,-0.00483871,5316.3512,5316.3512,5222.02884,3154420.0,19372769700.0,0.0,0.0,3154420.0,19372769700.0,345460.0,-110000.0,0.0,2000.0,2122911200.0,-676120100.0,0.0,12280000.0
25/10/2019,5316.3512,6220.0,-20.0,-0.00321543,5333.50072,5342.07548,5256.32788,3841840.0,23721000000.0,20000.0,120000000.0,3861840.0,23841000000.0,530170.0,-101000.0,0.0,1000.0,3266867300.0,-625410000.0,0.0,6170000.0
24/10/2019,5333.50072,6250.0,-30.0,-0.0048,5359.225,5359.225,5299.20168,2925100.0,18144000000.0,2500000.0,14925000000.0,5425100.0,33069000000.0,25090.0,-10.0,0.0,0.0,155342400.0,-61800.0,0.0,0.0
22/10/2019,5367.79976,6260.0,0.0,0.0,5367.79976,5367.79976,5299.20168,2968420.0,18503000000.0,1600000.0,9600000000.0,4568420.0,28103000000.0,-7700.0,0.0,0.0,7700.0,-47740000.0,0.0,0.0,47740000.0
21/10/2019,5367.79976,6270.0,-10.0,-0.0015949,5376.37452,5376.37452,5316.3512,3176740.0,19825000000.0,0.0,0.0,3176740.0,19825000000.0,180320.0,-216320.0,-216320.0,36000.0,1130223100.0,-1354163100.0,-1354163100.0,223940000.0
18/10/2019,5376.37452,6280.0,-10.0,-0.00159236,5384.94928,5384.94928,5333.50072,2521630.0,15778000000.0,0.0,0.0,2521630.0,15778000000.0,52060.0,0.0,0.0,-62060.0,325490900.0,0.0,0.0,-387890900.0
17/10/2019,5384.94928,6290.0,-10.0,-0.00158983,5367.79976,5384.94928,5324.92596,2565100.0,16044000000.0,0.0,0.0,2565100.0,16044000000.0,36700.0,-50000.0,-50000.0,0.0,231250000.0,-314000000.0,-314000000.0,0.0
16/10/2019,5393.52404,6290.0,0.0,0.0,5402.0988,5402.0988,5367.79976,1623880.0,10202000000.0,5100000.0,29997000000.0,6723880.0,40199000000.0,3600.0,0.0,0.0,1000.0,22752000.0,0.0,0.0,6280000.0
15/10/2019,5393.52404,6300.0,-10.0,-0.0015873,5393.52404,5419.24832,5376.37452,2066420.0,13009000000.0,0.0,0.0,2066420.0,13009000000.0,48940.0,0.0,0.0,0.0,308178400.0,0.0,0.0,0.0
14/10/2019,5402.0988,6300.0,0.0,0.0,5410.67356,5436.39784,5384.94928,2437780.0,15364000000.0,64000.0,403200000.0,2501780.0,15767200000.0,149870.0,0.0,0.0,-6880.0,943663600.0,0.0,0.0,-43344000.0
11/10/2019,5402.0988,6300.0,0.0,0.0,5402.0988,5402.0988,5376.37452,1421640.0,8941000000.0,0.0,0.0,1421640.0,8941000000.0,10.0,0.0,0.0,0.0,62900.0,0.0,0.0,0.0
10/10/2019,5402.0988,6270.0,30.0,0.00478469,5444.9726,5444.9726,5367.79976,1126240.0,7078000000.0,0.0,0.0,1126240.0,7078000000.0,40480.0,0.0,0.0,-120.0,253403200.0,0.0,0.0,-756000.0
09/10/2019,5376.37452,6400.0,-130.0,-0.0203125,5470.69688,5470.69688,5376.37452,3644640.0,22985000000.0,0.0,0.0,3644640.0,22985000000.0,587470.0,-10.0,-10.0,0.0,3691381600.0,-62700.0,-62700.0,0.0
08/10/2019,5487.8464,6390.0,10.0,0.00156495,5496.42116,5504.99592,5384.94928,2668610.0,16979000000.0,0.0,0.0,2668610.0,16979000000.0,71330.0,-30.0,-30.0,9300.0,456510100.0,-191100.0,-191100.0,59427000.0
07/10/2019,5479.27164,6450.0,-60.0,-0.00930233,5530.7202,5573.594,5462.12212,3296990.0,21179000000.0,0.0,0.0,3296990.0,21179000000.0,848870.0,-60030.0,-30030.0,3880.0,5449961100.0,-384512400.0,-191891700.0,24909600.0
04/10/2019,5530.7202,6510.0,-60.0,-0.00921659,5573.594,5607.89304,5530.7202,2691340.0,17454000000.0,0.0,0.0,2691340.0,17454000000.0,9100.0,0.0,0.0,-35100.0,58488000.0,0.0,0.0,-227448000.0
03/10/2019,5582.16876,6510.0,0.0,0.0,5565.01924,5582.16876,5539.29496,2273430.0,14738000000.0,0.0,0.0,2273430.0,14738000000.0,4200.0,0.0,0.0,0.0,27342000.0,0.0,0.0,0.0
02/10/2019,5582.16876,6530.0,-20.0,-0.00306279,5616.4678,5633.61732,5565.01924,2198630.0,14333000000.0,0.0,0.0,2198630.0,14333000000.0,-300.0,0.0,0.0,0.0,-1959000.0,0.0,0.0,0.0
01/10/2019,5599.31828,6510.0,20.0,0.0030722,5590.74352,5633.61732,5582.16876,2186800.0,14277000000.0,2500000.0,15875000000.0,4686800.0,30152000000.0,-55410.0,0.0,0.0,0.0,-361281400.0,0.0,0.0,0.0
30/09/2019,5582.16876,6450.0,60.0,0.00930233,5547.86972,5599.31828,5530.7202,3831770.0,24838000000.0,0.0,0.0,3831770.0,24838000000.0,70250.0,-77000.0,-37000.0,0.0,456309500.0,-499940000.0,-240690000.0,0.0
27/09/2019,5530.7202,6470.0,-20.0,-0.00309119,5539.29496,5582.16876,5522.14544,3254500.0,21038000000.0,220000.0,1394800000.0,3474500.0,22432800000.0,3570.0,-13570.0,0.0,0.0,23097900.0,-87797900.0,0.0,0.0
26/09/2019,5547.86972,6500.0,-30.0,-0.00461538,5599.31828,5599.31828,5547.86972,2588440.0,16806000000.0,5500000.0,34600000000.0,8088440.0,51406000000.0,-3130.0,-1800.0,0.0,150.0,-19911600.0,-11700000.0,0.0,975000.0
25/09/2019,5573.594,6500.0,0.0,0.0,5607.89304,5616.4678,5565.01924,2903480.0,18893000000.0,0.0,0.0,2903480.0,18893000000.0,382580.0,-21000.0,-21000.0,0.0,2488430100.0,-137013800.0,-137013800.0,0.0
24/09/2019,5573.594,6580.0,-80.0,-0.01215805,5625.04256,5659.3416,5573.594,2539900.0,16640000000.0,640000.0,4075000000.0,3179900.0,20715000000.0,840.0,-40.0,-40.0,0.0,5062000.0,-262000.0,-262000.0,0.0
23/09/2019,5642.19208,6680.0,-50.0,-0.00748503,5727.93968,5753.66396,5642.19208,4252730.0,28183011300.0,600000.0,3960000000.0,4852730.0,32143011300.0,-104050.0,10.0,0.0,3000.0,-689450100.0,66600.0,0.0,19800000.0
20/09/2019,5727.93968,6710.0,-30.0,-0.00447094,5753.66396,5762.23872,5693.64064,2600240.0,17374000000.0,485600.0,3253752000.0,3085840.0,20627752000.0,508580.0,0.0,0.0,10000.0,3399975200.0,0.0,0.0,66500000.0
19/09/2019,5753.66396,6700.0,10.0,0.00149254,5770.81348,5839.41156,5745.0892,4510690.0,30421000000.0,420000.0,2688000000.0,4930690.0,33109000000.0,908850.0,0.0,0.0,-27430.0,6117429800.0,0.0,0.0,-184357800.0
18/09/2019,5745.0892,6550.0,150.0,0.02290076,5625.04256,6002.332,5625.04256,5091710.0,34330000000.0,0.0,0.0,5091710.0,34330000000.0,551200.0,1800.0,0.0,-10000.0,3698435100.0,12384000.0,0.0,-68554700.0
17/09/2019,5616.4678,6480.0,70.0,0.01080247,5565.01924,5633.61732,5565.01924,3908830.0,25504000000.0,0.0,0.0,3908830.0,25504000000.0,-10400.0,0.0,0.0,0.0,-67804000.0,0.0,0.0,0.0
16/09/2019,5556.44448,6530.0,-50.0,-0.00765697,5607.89304,5607.89304,5530.7202,3268770.0,21191000000.0,587061.0,3810484300.0,3855831.0,25001484300.0,-700.0,0.0,0.0,0.0,-4548000.0,0.0,0.0,0.0
13/09/2019,5599.31828,6550.0,-20.0,-0.00305344,5616.4678,5625.04256,5547.86972,3968960.0,25815000000.0,0.0,0.0,3968960.0,25815000000.0,1145140.0,-50000.0,-50000.0,0.0,7441539900.0,-326500000.0,-326500000.0,0.0
12/09/2019,5616.4678,6550.0,0.0,0.0,5625.04256,5633.61732,5565.01924,2513000.0,16404000000.0,0.0,0.0,2513000.0,16404000000.0,-367170.0,0.0,0.0,5000.0,-2399995400.0,0.0,0.0,32500000.0
11/09/2019,5616.4678,6580.0,-30.0,-0.00455927,5607.89304,5633.61732,5582.16876,1808940.0,11834000000.0,3000000.0,19500000000.0,4808940.0,31334000000.0,-300.0,0.0,0.0,0.0,-1971000.0,0.0,0.0,0.0
10/09/2019,5642.19208,6610.0,-30.0,-0.00453858,5659.3416,5693.64064,5607.89304,2925270.0,19221000000.0,798498.0,5589486000.0,3723768.0,24810486000.0,-370870.0,-210500.0,0.0,0.0,-2455876000.0,-1378985700.0,0.0,0.0
09/09/2019,5667.91636,6650.0,-40.0,-0.00601504,5702.2154,5710.79016,5633.61732,3325590.0,21948000000.0,1261000.0,7818200000.0,4586590.0,29766200000.0,-1094680.0,0.0,0.0,-24610.0,-7231536100.0,0.0,0.0,-161748800.0
06/09/2019,5702.2154,6690.0,-40.0,-0.00597907,5719.36492,5745.0892,5667.91636,3010470.0,19999000000.0,0.0,0.0,3010470.0,19999000000.0,503520.0,0.0,0.0,5000.0,3342999300.0,0.0,0.0,33050000.0
05/09/2019,5736.51444,6690.0,0.0,0.0,5736.51444,5770.81348,5719.36492,2454070.0,16420000000.0,0.0,0.0,2454070.0,16420000000.0,-362860.0,0.0,0.0,0.0,-2429752100.0,0.0,0.0,0.0
04/09/2019,5736.51444,6770.0,-80.0,-0.01181684,5796.53776,5813.68728,5736.51444,3334840.0,22416000000.0,800000.0,5280000000.0,4134840.0,27696000000.0,-675800.0,0.0,0.0,0.0,-4562465500.0,0.0,0.0,0.0
03/09/2019,5805.11252,6750.0,20.0,0.00296296,5762.23872,5822.26204,5710.79016,3803820.0,25595000000.0,0.0,0.0,3803820.0,25595000000.0,548920.0,0.0,0.0,-56540.0,3707448100.0,0.0,0.0,-378227600.0
30/08/2019,5787.963,6620.0,130.0,0.01963746,5667.91636,5787.963,5642.19208,2963360.0,19716000000.0,0.0,0.0,2963360.0,19716000000.0,-253070.0,0.0,0.0,0.0,-1721866700.0,0.0,0.0,0.0
29/08/2019,5676.49112,6620.0,0.0,0.0,5650.76684,5676.49112,5625.04256,2882650.0,19002000000.0,0.0,0.0,2882650.0,19002000000.0,762720.0,0.0,0.0,0.0,5011015800.0,0.0,0.0,0.0
28/08/2019,5676.49112,6630.0,-10.0,-0.0015083,5676.49112,5676.49112,5642.19208,2445780.0,16142000000.0,2338460.0,15541741400.0,4784240.0,31683741400.0,105620.0,-20000.0,-20000.0,0.0,685727800.0,-132400000.0,-132400000.0,0.0
27/08/2019,5685.06588,6630.0,0.0,0.0,5650.76684,5685.06588,5642.19208,1349990.0,8920000000.0,0.0,0.0,1349990.0,8920000000.0,155260.0,0.0,0.0,-1500.0,1022631600.0,0.0,0.0,-9885000.0
26/08/2019,5685.06588,6640.0,-10.0,-0.00150602,5642.19208,5685.06588,5625.04256,2585410.0,17064000000.0,0.0,0.0,2585410.0,17064000000.0,-344900.0,0.0,0.0,0.0,-2279505800.0,0.0,0.0,0.0
23/08/2019,5693.64064,6640.0,0.0,0.0,5659.3416,5702.2154,5642.19208,2485570.0,16433000000.0,1200000.0,7815000000.0,3685570.0,24248000000.0,822700.0,0.0,0.0,-34750.0,5435130400.0,0.0,0.0,-228785900.0
22/08/2019,5693.64064,6660.0,-20.0,-0.003003,5676.49112,5702.2154,5642.19208,2207210.0,14609000000.0,0.0,0.0,2207210.0,14609000000.0,-31370.0,-12010.0,0.0,-60000.0,-222829000.0,-79385900.0,0.0,-396600000.0
21/08/2019,5710.79016,6680.0,-20.0,-0.00299401,5710.79016,5710.79016,5676.49112,2697760.0,17922000000.0,0.0,0.0,2697760.0,17922000000.0,-598990.0,-10.0,-10.0,0.0,-3979936700.0,-66600.0,-66600.0,0.0
20/08/2019,5727.93968,6680.0,0.0,0.0,5702.2154,5727.93968,5650.76684,3004400.0,19928000000.0,0.0,0.0,3004400.0,19928000000.0,-972680.0,0.0,0.0,4000.0,-6474279100.0,0.0,0.0,26400000.0
19/08/2019,5727.93968,6700.0,-20.0,-0.00298507,5685.06588,5745.0892,5659.3416,2864880.0,19018000000.0,10600000.0,75896000000.0,13464880.0,94914000000.0,938630.0,0.0,0.0,8000.0,6220577200.0,0.0,0.0,53280000.0
16/08/2019,5745.0892,6750.0,-50.0,-0.00740741,5770.81348,5770.81348,5659.3416,2699650.0,17951000000.0,0.0,0.0,2699650.0,17951000000.0,-465800.0,-7820.0,0.0,5000.0,-3107713000.0,-51698300.0,0.0,33000000.0
15/08/2019,5787.963,6800.0,-50.0,-0.00735294,5667.91636,5787.963,5659.3416,3547560.0,23696000000.0,0.0,0.0,3547560.0,23696000000.0,643610.0,0.0,0.0,20000.0,4285850600.0,0.0,0.0,133200000.0
14/08/2019,5830.8368,6880.0,-80.0,-0.01162791,5882.28536,5899.43488,5805.11252,2132190.0,14540000000.0,1981236.0,14581896960.0,4113426.0,29121896960.0,-1106790.0,0.0,0.0,0.0,-7555249900.0,0.0,0.0,0.0
13/08/2019,5899.43488,6920.0,-40.0,-0.00578035,5899.43488,5950.88344,5779.38824,2765500.0,18937000000.0,0.0,0.0,2765500.0,18937000000.0,1080110.0,-20.0,-20.0,0.0,7392755300.0,-137400.0,-137400.0,0.0
12/08/2019,5933.73392,6900.0,20.0,0.00289855,5830.8368,5968.03296,5830.8368,3327060.0,22933000000.0,0.0,0.0,3327060.0,22933000000.0,-1964480.0,0.0,0.0,0.0,-13553990400.0,0.0,0.0,0.0
09/08/2019,5916.5844,6600.0,300.0,0.04545455,5685.06588,5916.5844,5650.76684,2800200.0,18759000000.0,0.0,0.0,2800200.0,18759000000.0,-485490.0,0.0,0.0,0.0,-3205733300.0,0.0,0.0,0.0
08/08/2019,5659.3416,6750.0,-150.0,-0.02222222,5753.66396,5787.963,5659.3416,1919540.0,12797000000.0,0.0,0.0,1919540.0,12797000000.0,805040.0,0.0,0.0,0.0,5383786100.0,0.0,0.0,0.0
07/08/2019,5787.963,6700.0,50.0,0.00746269,5745.0892,5813.68728,5702.2154,1809490.0,12139000000.0,0.0,0.0,1809490.0,12139000000.0,-236130.0,-100.0,-100.0,-41300.0,-1582718900.0,-668700.0,-668700.0,-275370400.0
06/08/2019,5745.0892,6800.0,-100.0,-0.01470588,5736.51444,5805.11252,5685.06588,2025310.0,13518000000.0,0.0,0.0,2025310.0,13518000000.0,-649130.0,0.0,0.0,-7000.0,-4341939500.0,0.0,0.0,-46620000.0
05/08/2019,5830.8368,6930.0,-130.0,-0.01875902,5916.5844,5933.73392,5753.66396,3068670.0,20808000000.0,6519300.0,46241985000.0,9587970.0,67049985000.0,-769820.0,0.0,0.0,25000.0,-5249675100.0,0.0,0.0,167350000.0
01/08/2019,6002.332,7000.0,0.0,0.0,6002.332,6002.332,5899.43488,2919130.0,20271000000.0,132596.0,928172000.0,3051726.0,21199172000.0,-281540.0,0.0,0.0,0.0,-1965917100.0,0.0,0.0,0.0
31/07/2019,6002.332,7060.0,-60.0,-0.00849858,6045.2058,6053.78056,5976.60772,1836430.0,12860000000.0,1300000.0,9178000000.0,3136430.0,22038000000.0,-357790.0,0.0,0.0,0.0,-2502993000.0,0.0,0.0,0.0
30/07/2019,6053.78056,7110.0,-50.0,-0.00703235,6053.78056,6105.22912,6010.90676,2447010.0,17260000000.0,0.0,0.0,2447010.0,17260000000.0,637900.0,0.0,0.0,10000.0,4513376900.0,0.0,0.0,70600000.0
29/07/2019,6096.65436,7150.0,-40.0,-0.00559441,6130.9534,6148.10292,6062.35532,1953560.0,13889000000.0,1600000.0,11440000000.0,3553560.0,25329000000.0,-545970.0,0.0,0.0,0.0,-3895255500.0,0.0,0.0,0.0
26/07/2019,6130.9534,7060.0,90.0,0.01274788,6028.05628,6165.25244,6028.05628,2874070.0,20430000000.0,1500000.0,10590000000.0,4374070.0,31020000000.0,743430.0,-70.0,-70.0,-850.0,5249205400.0,-498700.0,-498700.0,-6077500.0
25/07/2019,6053.78056,7070.0,-10.0,-0.00141443,6028.05628,6053.78056,6010.90676,2260820.0,15900000000.0,0.0,0.0,2260820.0,15900000000.0,-305660.0,0.0,0.0,0.0,-2149136400.0,0.0,0.0,0.0
24/07/2019,6062.35532,7090.0,-20.0,-0.00282087,6053.78056,6062.35532,6028.05628,2360410.0,16647000000.0,0.0,0.0,2360410.0,16647000000.0,-725230.0,0.0,0.0,0.0,-5114417100.0,0.0,0.0,0.0
23/07/2019,6079.50484,7100.0,-10.0,-0.00140845,6088.0796,6088.0796,6045.2058,2213650.0,15654000000.0,0.0,0.0,2213650.0,15654000000.0,-1337520.0,0.0,0.0,0.0,-9468936100.0,0.0,0.0,0.0
22/07/2019,6088.0796,7100.0,0.0,0.0,6088.0796,6088.0796,6036.63104,2961920.0,20929000000.0,0.0,0.0,2961920.0,20929000000.0,-36920.0,-30.0,-30.0,-12200.0,-261241000.0,-211500.0,-211500.0,-86011000.0
19/07/2019,6088.0796,7130.0,-30.0,-0.00420757,6088.0796,6113.80388,6053.78056,2670430.0,18937000000.0,0.0,0.0,2670430.0,18937000000.0,-2790.0,-110.0,-10.0,1900.0,-20040900.0,-782100.0,-71100.0,13733000.0
18/07/2019,6113.80388,7130.0,0.0,0.0,6088.0796,6113.80388,6070.93008,1803830.0,12817000000.0,0.0,0.0,1803830.0,12817000000.0,-4900.0,-100.0,0.0,0.0,-34740000.0,-710000.0,0.0,0.0
17/07/2019,6113.80388,7130.0,0.0,0.0,6105.22912,6113.80388,6070.93008,1351830.0,9612000000.0,700000.0,4935000000.0,2051830.0,14547000000.0,-3500.0,-100.0,0.0,3600.0,-24849000.0,-711000.0,0.0,25560000.0
16/07/2019,6113.80388,7140.0,-10.0,-0.00140056,6088.0796,6122.37864,6079.50484,1917520.0,13639000000.0,0.0,0.0,1917520.0,13639000000.0,103000.0,-100100.0,-150000.0,0.0,732532000.0,-711913000.0,-1066500000.0,0.0
15/07/2019,6122.37864,7140.0,0.0,0.0,6088.0796,6130.9534,6079.50484,1639220.0,11666000000.0,0.0,0.0,1639220.0,11666000000.0,64100.0,-100.0,0.0,-64000.0,457603300.0,-714000.0,0.0,-456889300.0
12/07/2019,6122.37864,7160.0,-20.0,-0.0027933,6139.52816,6139.52816,6088.0796,2189980.0,15592000000.0,7000000.0,49000000000.0,9189980.0,64592000000.0,13150.0,-100.0,0.0,-13050.0,93371300.0,-712000.0,0.0,-92659300.0
11/07/2019,6139.52816,7170.0,-10.0,-0.0013947,6096.65436,6148.10292,6096.65436,1739700.0,12415000000.0,0.0,0.0,1739700.0,12415000000.0,100.0,-100.0,0.0,0.0,712000.0,-712000.0,0.0,0.0
10/07/2019,6148.10292,7170.0,0.0,0.0,6139.52816,6165.25244,6105.22912,1638920.0,11710000000.0,0.0,0.0,1638920.0,11710000000.0,-99630.0,-100.0,0.0,-13270.0,-710452600.0,-714000.0,0.0,-94523400.0
09/07/2019,6148.10292,7190.0,-20.0,-0.00278164,6165.25244,6165.25244,6105.22912,1678870.0,12003000000.0,0.0,0.0,1678870.0,12003000000.0,126020.0,-100100.0,-100000.0,-26430.0,900409400.0,-715714000.0,-715000000.0,-188331900.0
08/07/2019,6165.25244,7220.0,-30.0,-0.00415512,6190.97672,6190.97672,6122.37864,1139660.0,8169000000.0,0.0,0.0,1139660.0,8169000000.0,26260.0,-100.0,0.0,-26320.0,188038200.0,-718000.0,0.0,-188475400.0
05/07/2019,6190.97672,7240.0,-20.0,-0.00276243,6208.12624,6225.27576,6139.52816,1398360.0,10061000000.0,0.0,0.0,1398360.0,10061000000.0,4010.0,-80.0,0.0,-11870.0,28710900.0,-575200.0,0.0,-85065900.0
04/07/2019,6208.12624,7200.0,40.0,0.00555556,6139.52816,6208.12624,6130.9534,1386860.0,9972000000.0,0.0,0.0,1386860.0,9972000000.0,51600.0,-50100.0,-50000.0,0.0,370525000.0,-359720000.0,-359000000.0,0.0
03/07/2019,6173.8272,7210.0,-10.0,-0.00138696,6208.12624,6259.5748,6130.9534,1147060.0,8273000000.0,0.0,0.0,1147060.0,8273000000.0,-5230.0,0.0,0.0,0.0,-37509900.0,0.0,0.0,0.0
01/07/2019,6242.42528,7290.0,-10.0,-0.00137174,6208.12624,6276.72432,6190.97672,936850.0,6803000000.0,0.0,0.0,936850.0,6803000000.0,56060.0,-40010.0,-40010.0,-16050.0,406274800.0,-290072800.0,-290072800.0,-116202000.0
27/06/2019,6156.67768,7250.0,-70.0,-0.00965517,6182.40196,6199.55148,6130.9534,1419470.0,10190000000.0,248000.0,1810400000.0,1667470.0,12000400000.0,90790.0,-80150.0,-150.0,0.0,651776000.0,-575370800.0,-1075500.0,0.0
26/06/2019,6216.701,7290.0,-40.0,-0.00548697,6251.00004,6251.00004,6182.40196,1170140.0,8477000000.0,124000.0,908920000.0,1294140.0,9385920000.0,127010.0,-127010.0,-40010.0,0.0,920422300.0,-920422300.0,-290072300.0,0.0
25/06/2019,6251.00004,7300.0,-10.0,-0.00136986,6259.5748,6259.5748,6182.40196,1329190.0,9665000000.0,0.0,0.0,1329190.0,9665000000.0,91050.0,-80000.0,0.0,-13050.0,660080900.0,-580192900.0,0.0,-94328000.0
24/06/2019,6259.5748,7330.0,-30.0,-0.00409277,6285.29908,6293.87384,6216.701,1343580.0,9804000000.0,244000.0,1781200000.0,1587580.0,11585200000.0,85470.0,-80000.0,0.0,4930.0,623380000.0,-583249000.0,0.0,35789000.0
21/06/2019,6285.29908,7330.0,0.0,0.0,6285.29908,6311.02336,6242.42528,1531570.0,11218000000.0,124000.0,909000000.0,1655570.0,12127000000.0,39010.0,-40010.0,-10.0,0.0,285933300.0,-293273300.0,-73300.0,0.0
20/06/2019,6285.29908,7300.0,30.0,0.0041,6225.27576,6285.29908,6216.701,1900450.0,13876000000.0,0.0,0.0,1900450.0,13876000000.0,48450.0,-40000.0,0.0,-8470.0,353885000.0,-292200000.0,0.0,-61831000.0
19/06/2019,6259.5748,7350.0,-50.0,-0.00680272,6293.87384,6302.4486,6216.701,1310860.0,9575000000.0,211000.0,1540300000.0,1521860.0,11115300000.0,40000.0,-40000.0,0.0,0.0,292400000.0,-292400000.0,0.0,0.0
18/06/2019,6302.4486,7400.0,-50.0,-0.00675676,6345.3224,6362.47192,6259.5748,990890.0,7275000000.0,0.0,0.0,990890.0,7275000000.0,80000.0,-80000.0,-40000.0,0.0,588175800.0,-588175800.0,-293800000.0,0.0
17/06/2019,6345.3224,7450.0,-50.0,-0.00671141,6388.1962,6388.1962,6319.59812,1458350.0,10785000000.0,3396992.0,27074026240.0,4855342.0,37859026240.0,112030.0,0.0,0.0,-112030.0,827304400.0,0.0,0.0,-827304400.0
