NGÀY,GIÁ,GIÁ THÔ,THAY ĐỔI,%THAY ĐỔI,MỞ,CAO,THẤP,KL KHỚP,GT KHỚP,KL THỎA THUẬN,GT THỎA THUẬN,TỔNG KHỐI LƯỢNG,TỔNG GIÁ TRỊ,KL Cá Nhân Khớp Ròng,KL Tổ chức Khớp Ròng,KL Tự doanh Khớp Ròng,KL Nước Ngoài Khớp Ròng,GT Cá Nhân Khớp Ròng,GT Tổ chức Khớp Ròng,GT Tự doanh Khớp Ròng,GT Nước Ngoài Khớp Ròng
03/09/2026,9990.0,9990.0,0.0,0.0,9990.0,9990.0,9990.0,0.0,0.0,0.0,0.0,0.0,0.0,0.0,0.0,0.0,0.0,0.0,0.0,0.0,0.0
28/08/2026,9990.0,9500.0,490.0,0.05157895,9990.0,9990.0,9990.0,600.0,5994000.0,0.0,0.0,600.0,5994000.0,0.0,0.0,0.0,0.0,0.0,0.0,0.0,0.0
27/08/2026,9500.0,9200.0,300.0,0.0326087,9500.0,9500.0,9200.0,10601.0,99178570.0,0.0,0.0,10601.0,99178570.0,-10500.0,10500.0,0.0,0.0,-98250000.0,98250000.0,0.0,0.0
26/08/2026,9200.0,9200.0,0.0,0.0,9200.0,9200.0,9200.0,0.0,0.0,0.0,0.0,0.0,0.0,0.0,0.0,0.0,0.0,0.0,0.0,0.0,0.0
25/08/2026,9200.0,9600.0,-400.0,-0.04166667,9400.0,9400.0,9100.0,12300.0,114177000.0,0.0,0.0,12300.0,114177000.0,-11600.0,11600.0,0.0,0.0,-107739000.0,107739000.0,0.0,0.0
24/08/2026,9600.0,9600.0,0.0,0.0,9600.0,9600.0,9600.0,401.0,3849400.0,0.0,0.0,401.0,3849400.0,-100.0,100.0,0.0,0.0,-960000.0,960000.0,0.0,0.0
21/08/2026,9600.0,10300.0,-700.0,-0.06796117,9580.0,9650.0,9580.0,1300.0,12503000.0,0.0,0.0,1300.0,12503000.0,1200.0,-1200.0,0.0,0.0,11545000.0,-11545000.0,0.0,0.0
20/08/2026,10300.0,10500.0,-200.0,-0.01904762,10300.0,10300.0,10300.0,100.0,1030000.0,0.0,0.0,100.0,1030000.0,100.0,-100.0,0.0,0.0,1030000.0,-1030000.0,0.0,0.0
19/08/2026,10500.0,10550.0,-50.0,-0.00473934,9830.0,10500.0,9830.0,3136.0,30893880.0,0.0,0.0,3136.0,30893880.0,100.0,-100.0,0.0,0.0,983000.0,-983000.0,0.0,0.0
18/08/2026,10550.0,10550.0,0.0,0.0,10550.0,10550.0,10550.0,1.0,9830.0,0.0,0.0,1.0,9830.0,0.0,0.0,0.0,0.0,0.0,0.0,0.0,0.0
17/08/2026,10550.0,10300.0,250.0,0.02427184,10450.0,10550.0,10450.0,1436.0,15129050.0,0.0,0.0,1436.0,15129050.0,-1400.0,1400.0,0.0,0.0,-14760001.0,14760000.0,0.0,0.0
14/08/2026,10300.0,9770.0,530.0,0.0542477,9500.0,10300.0,9500.0,3100.0,29530000.0,0.0,0.0,3100.0,29530000.0,-2700.0,2700.0,0.0,0.0,-25570000.0,25570000.0,0.0,0.0
13/08/2026,9770.0,10500.0,-730.0,-0.06952381,9770.0,9770.0,9770.0,1000.0,9770000.0,0.0,0.0,1000.0,9770000.0,-1000.0,0.0,0.0,1000.0,-9770000.0,0.0,0.0,9770000.0
12/08/2026,10500.0,10500.0,0.0,0.0,10500.0,10500.0,10500.0,0.0,0.0,0.0,0.0,0.0,0.0,0.0,0.0,0.0,0.0,0.0,0.0,0.0,0.0
11/08/2026,10500.0,9910.0,590.0,0.05953582,9300.0,10500.0,9300.0,1100.0,10350000.0,0.0,0.0,1100.0,10350000.0,0.0,0.0,0.0,0.0,0.0,0.0,0.0,0.0
10/08/2026,9910.0,10650.0,-740.0,-0.06948357,9910.0,9910.0,9910.0,1100.0,10901000.0,0.0,0.0,1100.0,10901000.0,-1000.0,0.0,0.0,1000.0,-9910000.0,0.0,0.0,9910000.0
07/08/2026,10650.0,10200.0,450.0,0.04411765,9510.0,10650.0,9510.0,2117.0,20247610.0,0.0,0.0,2117.0,20247610.0,-2001.0,2001.0,0.0,0.0,-19029510.0,19029510.0,0.0,0.0
06/08/2026,10200.0,10350.0,-150.0,-0.01449275,10600.0,10700.0,10200.0,500.0,5240000.0,0.0,0.0,500.0,5240000.0,200.0,-200.0,0.0,0.0,2140000.0,-2140000.0,0.0,0.0
05/08/2026,10350.0,10350.0,0.0,0.0,10350.0,10350.0,10350.0,100.0,1035000.0,0.0,0.0,100.0,1035000.0,0.0,0.0,0.0,0.0,0.0,0.0,0.0,0.0
04/08/2026,10350.0,10350.0,0.0,0.0,10350.0,10350.0,10350.0,21.0,203160.0,0.0,0.0,21.0,203160.0,0.0,0.0,0.0,0.0,0.0,0.0,0.0,0.0
03/08/2026,10350.0,10350.0,0.0,0.0,10350.0,10350.0,10350.0,0.0,0.0,0.0,0.0,0.0,0.0,0.0,0.0,0.0,0.0,0.0,0.0,0.0,0.0
31/07/2026,10350.0,10200.0,150.0,0.01470588,9500.0,10350.0,9500.0,1101.0,10545250.0,0.0,0.0,1101.0,10545250.0,-1000.0,1000.0,0.0,0.0,-9500000.0,9500000.0,0.0,0.0
30/07/2026,10200.0,10200.0,0.0,0.0,10200.0,10200.0,10200.0,100.0,1020000.0,0.0,0.0,100.0,1020000.0,0.0,0.0,0.0,0.0,0.0,0.0,0.0,0.0
29/07/2026,10200.0,10200.0,0.0,0.0,10200.0,10200.0,10200.0,23.0,218270.0,0.0,0.0,23.0,218270.0,-1.0,1.0,0.0,0.0,-9490.0,9490.0,0.0,0.0
28/07/2026,10200.0,9550.0,650.0,0.06806283,9300.0,10200.0,9200.0,2800.0,26065000.0,0.0,0.0,2800.0,26065000.0,-2100.0,2100.0,0.0,0.0,-19315000.0,19315000.0,0.0,0.0
27/07/2026,9550.0,9910.0,-360.0,-0.03632694,9600.0,9600.0,9550.0,14500.0,138719000.0,0.0,0.0,14500.0,138719000.0,-13100.0,13100.0,0.0,0.0,-125279000.0,125279000.0,0.0,0.0
24/07/2026,9910.0,10650.0,-740.0,-0.06948357,9910.0,9910.0,9910.0,3100.0,30721000.0,0.0,0.0,3100.0,30721000.0,-3000.0,3000.0,0.0,0.0,-29730000.0,29730000.0,0.0,0.0
23/07/2026,10650.0,10150.0,500.0,0.04926108,9500.0,10650.0,9500.0,3200.0,30515000.0,0.0,0.0,3200.0,30515000.0,-3000.0,3000.0,0.0,0.0,-28500000.0,28500000.0,0.0,0.0
22/07/2026,10150.0,9490.0,660.0,0.06954689,10150.0,10150.0,10150.0,100.0,1015000.0,0.0,0.0,100.0,1015000.0,-100.0,100.0,0.0,0.0,-1015000.0,1015000.0,0.0,0.0
21/07/2026,9490.0,9030.0,460.0,0.05094131,9030.0,9500.0,9020.0,14037.0,127140500.0,0.0,0.0,14037.0,127140500.0,-12100.0,12100.0,0.0,0.0,-108740000.0,108740000.0,0.0,0.0
20/07/2026,9030.0,9090.0,-60.0,-0.00660066,9700.0,9700.0,9000.0,8600.0,77855000.0,0.0,0.0,8600.0,77855000.0,-6300.0,6300.0,0.0,0.0,-56926000.0,56926000.0,0.0,0.0
17/07/2026,9090.0,8500.0,590.0,0.06941176,8700.0,9090.0,8700.0,4300.0,38031000.0,0.0,0.0,4300.0,38031000.0,-4300.0,4300.0,0.0,0.0,-38031000.0,38031000.0,0.0,0.0
16/07/2026,8500.0,8050.0,-550.0,-0.06832298,7530.0,8500.0,7500.0,9900.0,74485000.0,0.0,0.0,9900.0,74485000.0,-9700.0,9700.0,0.0,0.0,-72979000.0,72979000.0,0.0,0.0
15/07/2026,8050.0,8050.0,0.0,0.0,8050.0,8050.0,8050.0,0.0,0.0,0.0,0.0,0.0,0.0,0.0,0.0,0.0,0.0,0.0,0.0,0.0,0.0
14/07/2026,8050.0,7530.0,520.0,0.0690571,8050.0,8050.0,8050.0,1000.0,8050000.0,0.0,0.0,1000.0,8050000.0,-1000.0,1000.0,0.0,0.0,-8050000.0,8050000.0,0.0,0.0
13/07/2026,7530.0,8080.0,-550.0,-0.06806931,8550.0,8550.0,7530.0,211.0,1697350.0,0.0,0.0,211.0,1697350.0,-111.0,111.0,0.0,0.0,-944349.0,944350.0,0.0,0.0
10/07/2026,8080.0,8080.0,0.0,0.0,8080.0,8080.0,8080.0,200.0,1616000.0,0.0,0.0,200.0,1616000.0,200.0,-200.0,0.0,0.0,1616000.0,-1616000.0,0.0,0.0
09/07/2026,8080.0,8080.0,0.0,0.0,8080.0,8080.0,8080.0,0.0,0.0,0.0,0.0,0.0,0.0,0.0,0.0,0.0,0.0,0.0,0.0,0.0,0.0
08/07/2026,8080.0,8080.0,0.0,0.0,8080.0,8080.0,8080.0,4.0,30200.0,0.0,0.0,4.0,30200.0,0.0,0.0,0.0,0.0,0.0,0.0,0.0,0.0
07/07/2026,8080.0,8080.0,0.0,0.0,8080.0,8080.0,8080.0,0.0,0.0,0.0,0.0,0.0,0.0,0.0,0.0,0.0,0.0,0.0,0.0,0.0,0.0
06/07/2026,8080.0,8080.0,0.0,0.0,8080.0,8080.0,8080.0,0.0,0.0,0.0,0.0,0.0,0.0,0.0,0.0,0.0,0.0,0.0,0.0,0.0,0.0
03/07/2026,8080.0,8080.0,0.0,0.0,8080.0,8080.0,8080.0,0.0,0.0,0.0,0.0,0.0,0.0,0.0,0.0,0.0,0.0,0.0,0.0,0.0,0.0
02/07/2026,8080.0,8080.0,0.0,0.0,8080.0,8080.0,8080.0,0.0,0.0,0.0,0.0,0.0,0.0,0.0,0.0,0.0,0.0,0.0,0.0,0.0,0.0
01/07/2026,8080.0,8080.0,0.0,0.0,8080.0,8080.0,8080.0,0.0,0.0,0.0,0.0,0.0,0.0,0.0,0.0,0.0,0.0,0.0,0.0,0.0,0.0
30/06/2026,8080.0,8080.0,0.0,0.0,8080.0,8080.0,8080.0,0.0,0.0,0.0,0.0,0.0,0.0,0.0,0.0,0.0,0.0,0.0,0.0,0.0,0.0
29/06/2026,8080.0,8670.0,-590.0,-0.06805075,8080.0,8080.0,8080.0,900.0,7272000.0,0.0,0.0,900.0,7272000.0,0.0,0.0,0.0,0.0,0.0,0.0,0.0,0.0
26/06/2026,8670.0,8160.0,510.0,0.0625,8670.0,8670.0,8670.0,100.0,867000.0,0.0,0.0,100.0,867000.0,0.0,0.0,0.0,0.0,0.0,0.0,0.0,0.0
25/06/2026,8160.0,8160.0,0.0,0.0,8160.0,8160.0,8160.0,0.0,0.0,0.0,0.0,0.0,0.0,0.0,0.0,0.0,0.0,0.0,0.0,0.0,0.0
24/06/2026,8160.0,8160.0,0.0,0.0,8160.0,8160.0,8160.0,0.0,0.0,0.0,0.0,0.0,0.0,0.0,0.0,0.0,0.0,0.0,0.0,0.0,0.0
23/06/2026,8160.0,8160.0,0.0,0.0,8160.0,8160.0,8160.0,4.0,30480.0,0.0,0.0,4.0,30480.0,4.0,-4.0,0.0,0.0,30480.0,-30480.0,0.0,0.0
22/06/2026,8160.0,8160.0,0.0,0.0,8160.0,8160.0,8160.0,0.0,0.0,0.0,0.0,0.0,0.0,0.0,0.0,0.0,0.0,0.0,0.0,0.0,0.0
19/06/2026,8160.0,8160.0,0.0,0.0,8160.0,8160.0,8160.0,3.0,24300.0,0.0,0.0,3.0,24300.0,0.0,0.0,0.0,0.0,0.0,0.0,0.0,0.0
18/06/2026,8160.0,8160.0,0.0,0.0,8160.0,8160.0,8160.0,0.0,0.0,0.0,0.0,0.0,0.0,0.0,0.0,0.0,0.0,0.0,0.0,0.0,0.0
17/06/2026,8160.0,8160.0,0.0,0.0,8160.0,8160.0,8160.0,0.0,0.0,0.0,0.0,0.0,0.0,0.0,0.0,0.0,0.0,0.0,0.0,0.0,0.0
16/06/2026,8160.0,8160.0,0.0,0.0,8160.0,8160.0,8160.0,1.0,8150.0,0.0,0.0,1.0,8150.0,0.0,0.0,0.0,0.0,0.0,0.0,0.0,0.0
15/06/2026,8160.0,8500.0,-340.0,-0.04,8100.0,8160.0,8100.0,201.0,1634100.0,0.0,0.0,201.0,1634100.0,1.0,-1.0,0.0,0.0,14100.0,-14100.0,0.0,0.0
12/06/2026,8500.0,8500.0,0.0,0.0,8500.0,8500.0,8500.0,0.0,0.0,0.0,0.0,0.0,0.0,0.0,0.0,0.0,0.0,0.0,0.0,0.0,0.0
11/06/2026,8500.0,8500.0,0.0,0.0,8500.0,8500.0,8500.0,200.0,1700000.0,0.0,0.0,200.0,1700000.0,0.0,0.0,0.0,0.0,0.0,0.0,0.0,0.0
10/06/2026,8500.0,8500.0,0.0,0.0,8500.0,8500.0,8500.0,1.0,8110.0,0.0,0.0,1.0,8110.0,0.0,0.0,0.0,0.0,0.0,0.0,0.0,0.0
09/06/2026,8500.0,8750.0,-250.0,-0.02857143,8500.0,8500.0,8500.0,2000.0,17000000.0,0.0,0.0,2000.0,17000000.0,0.0,0.0,0.0,0.0,0.0,0.0,0.0,0.0
08/06/2026,8750.0,9400.0,-650.0,-0.06914894,8750.0,8750.0,8750.0,1100.0,9625000.0,0.0,0.0,1100.0,9625000.0,-100.0,100.0,0.0,0.0,-875000.0,875000.0,0.0,0.0
05/06/2026,9400.0,9400.0,0.0,0.0,9400.0,9400.0,9400.0,0.0,0.0,0.0,0.0,0.0,0.0,0.0,0.0,0.0,0.0,0.0,0.0,0.0,0.0
04/06/2026,9400.0,9400.0,0.0,0.0,9400.0,9400.0,9400.0,0.0,0.0,0.0,0.0,0.0,0.0,0.0,0.0,0.0,0.0,0.0,0.0,0.0,0.0
03/06/2026,9400.0,9400.0,0.0,0.0,9400.0,9400.0,9400.0,0.0,0.0,0.0,0.0,0.0,0.0,0.0,0.0,0.0,0.0,0.0,0.0,0.0,0.0
02/06/2026,9400.0,9400.0,0.0,0.0,9400.0,9400.0,9400.0,0.0,0.0,0.0,0.0,0.0,0.0,0.0,0.0,0.0,0.0,0.0,0.0,0.0,0.0
01/06/2026,9400.0,9400.0,0.0,0.0,9400.0,9400.0,9400.0,9.0,84600.0,0.0,0.0,9.0,84600.0,-9.0,9.0,0.0,0.0,-84600.0,84600.0,0.0,0.0
29/05/2026,9400.0,8820.0,580.0,0.06575964,9400.0,9400.0,9390.0,2000.0,18799000.0,0.0,0.0,2000.0,18799000.0,700.0,-700.0,0.0,0.0,6579000.0,-6579000.0,0.0,0.0
28/05/2026,8820.0,8820.0,0.0,0.0,8820.0,8820.0,8820.0,0.0,0.0,0.0,0.0,0.0,0.0,0.0,0.0,0.0,0.0,0.0,0.0,0.0,0.0
27/05/2026,8820.0,8820.0,0.0,0.0,8820.0,8820.0,8820.0,0.0,0.0,0.0,0.0,0.0,0.0,0.0,0.0,0.0,0.0,0.0,0.0,0.0,0.0
26/05/2026,8820.0,8830.0,-10.0,-0.0011325,8820.0,8820.0,8820.0,100.0,882000.0,0.0,0.0,100.0,882000.0,100.0,-100.0,0.0,0.0,882000.0,-882000.0,0.0,0.0
25/05/2026,8830.0,8950.0,-120.0,-0.01340782,8830.0,8830.0,8830.0,100.0,883000.0,0.0,0.0,100.0,883000.0,-100.0,100.0,0.0,0.0,-883000.0,883000.0,0.0,0.0
22/05/2026,8950.0,8950.0,0.0,0.0,8330.0,8950.0,8330.0,1300.0,10891000.0,0.0,0.0,1300.0,10891000.0,-200.0,200.0,0.0,0.0,-1666000.0,1666000.0,0.0,0.0
21/05/2026,8950.0,8950.0,0.0,0.0,8950.0,8950.0,8950.0,0.0,0.0,0.0,0.0,0.0,0.0,0.0,0.0,0.0,0.0,0.0,0.0,0.0,0.0
20/05/2026,8950.0,9100.0,-150.0,-0.01648352,8700.0,8950.0,8700.0,2300.0,20350000.0,0.0,0.0,2300.0,20350000.0,-1100.0,400.0,0.0,700.0,-9630000.0,3580000.0,0.0,6050000.0
19/05/2026,9100.0,9100.0,0.0,0.0,9100.0,9100.0,9100.0,0.0,0.0,0.0,0.0,0.0,0.0,0.0,0.0,0.0,0.0,0.0,0.0,0.0,0.0
18/05/2026,9100.0,9100.0,0.0,0.0,9100.0,9100.0,9100.0,0.0,0.0,0.0,0.0,0.0,0.0,0.0,0.0,0.0,0.0,0.0,0.0,0.0,0.0
15/05/2026,9100.0,9100.0,0.0,0.0,9100.0,9100.0,9100.0,1.0,9100.0,0.0,0.0,1.0,9100.0,0.0,0.0,0.0,0.0,0.0,0.0,0.0,0.0
14/05/2026,9100.0,9000.0,100.0,0.01111111,9000.0,9100.0,9000.0,2500.0,22700000.0,0.0,0.0,2500.0,22700000.0,500.0,-500.0,0.0,0.0,4500000.0,-4500000.0,0.0,0.0
13/05/2026,9000.0,9030.0,-30.0,-0.00332226,8430.0,9000.0,8430.0,1100.0,9330000.0,0.0,0.0,1100.0,9330000.0,-1000.0,900.0,0.0,100.0,-8430000.0,7530000.0,0.0,900000.0
12/05/2026,9030.0,9030.0,0.0,0.0,9030.0,9030.0,9030.0,0.0,0.0,0.0,0.0,0.0,0.0,0.0,0.0,0.0,0.0,0.0,0.0,0.0,0.0
11/05/2026,9030.0,9040.0,-10.0,-0.00110619,9030.0,9030.0,9030.0,100.0,903000.0,0.0,0.0,100.0,903000.0,-100.0,100.0,0.0,0.0,-903000.0,903000.0,0.0,0.0
08/05/2026,9040.0,8480.0,560.0,0.06603774,9070.0,9070.0,9040.0,2000.0,18125000.0,0.0,0.0,2000.0,18125000.0,600.0,-600.0,0.0,0.0,5457000.0,-5457000.0,0.0,0.0
07/05/2026,8480.0,8480.0,0.0,0.0,8480.0,8480.0,8480.0,0.0,0.0,0.0,0.0,0.0,0.0,0.0,0.0,0.0,0.0,0.0,0.0,0.0,0.0
06/05/2026,8480.0,8470.0,10.0,0.00118064,8480.0,8480.0,8480.0,110.0,937470.0,0.0,0.0,110.0,937470.0,-10.0,10.0,0.0,0.0,-89470.0,89470.0,0.0,0.0
05/05/2026,8470.0,9100.0,-630.0,-0.06923077,8470.0,8470.0,8470.0,200.0,1694000.0,0.0,0.0,200.0,1694000.0,200.0,-200.0,0.0,0.0,1694000.0,-1694000.0,0.0,0.0
04/05/2026,9100.0,9100.0,0.0,0.0,9090.0,9100.0,9090.0,2000.0,18199000.0,0.0,0.0,2000.0,18199000.0,1200.0,-1200.0,0.0,0.0,10920000.0,-10920000.0,0.0,0.0
29/04/2026,9100.0,8510.0,590.0,0.0693302,8130.0,9100.0,8130.0,201.0,1732000.0,0.0,0.0,201.0,1732000.0,100.0,-100.0,0.0,0.0,813000.0,-813000.0,0.0,0.0
28/04/2026,8510.0,8510.0,0.0,0.0,8510.0,8510.0,8510.0,50.0,425500.0,0.0,0.0,50.0,425500.0,0.0,0.0,0.0,0.0,0.0,0.0,0.0,0.0
24/04/2026,8510.0,8420.0,90.0,0.01068884,8480.0,8510.0,8480.0,1900.0,16124000.0,0.0,0.0,1900.0,16124000.0,1500.0,0.0,0.0,-1500.0,12720000.0,0.0,0.0,-12720000.0
23/04/2026,8420.0,8420.0,0.0,0.0,8420.0,8420.0,8420.0,0.0,0.0,0.0,0.0,0.0,0.0,0.0,0.0,0.0,0.0,0.0,0.0,0.0,0.0
22/04/2026,8420.0,9040.0,-620.0,-0.06858407,9000.0,9040.0,8420.0,410.0,3635090.0,0.0,0.0,410.0,3635090.0,-310.0,310.0,0.0,0.0,-2793090.0,2793090.0,0.0,0.0
21/04/2026,9040.0,9040.0,0.0,0.0,9040.0,9040.0,9040.0,0.0,0.0,0.0,0.0,0.0,0.0,0.0,0.0,0.0,0.0,0.0,0.0,0.0,0.0
20/04/2026,9040.0,8450.0,590.0,0.06982249,9040.0,9040.0,9040.0,1500.0,13560000.0,0.0,0.0,1500.0,13560000.0,1300.0,-1300.0,0.0,0.0,11752000.0,-11752000.0,0.0,0.0
17/04/2026,8450.0,8840.0,-390.0,-0.04411765,8440.0,8460.0,8440.0,300.0,2535000.0,0.0,0.0,300.0,2535000.0,0.0,0.0,0.0,0.0,0.0,0.0,0.0,0.0
16/04/2026,8840.0,9500.0,-660.0,-0.06947368,8840.0,8840.0,8840.0,800.0,7072000.0,0.0,0.0,800.0,7072000.0,-500.0,500.0,0.0,0.0,-4420000.0,4420000.0,0.0,0.0
15/04/2026,9500.0,9500.0,0.0,0.0,9500.0,9500.0,9500.0,0.0,0.0,0.0,0.0,0.0,0.0,0.0,0.0,0.0,0.0,0.0,0.0,0.0,0.0
14/04/2026,9500.0,9500.0,0.0,0.0,9500.0,9500.0,9500.0,0.0,0.0,0.0,0.0,0.0,0.0,0.0,0.0,0.0,0.0,0.0,0.0,0.0,0.0
13/04/2026,9500.0,9000.0,500.0,0.05555556,8410.0,9500.0,8410.0,300.0,2741000.0,0.0,0.0,300.0,2741000.0,100.0,-100.0,0.0,0.0,841000.0,-841000.0,0.0,0.0
10/04/2026,9000.0,9000.0,0.0,0.0,9000.0,9000.0,9000.0,0.0,0.0,0.0,0.0,0.0,0.0,0.0,0.0,0.0,0.0,0.0,0.0,0.0,0.0
09/04/2026,9000.0,8500.0,500.0,0.05882353,8500.0,9000.0,8500.0,219.0,1921000.0,0.0,0.0,219.0,1921000.0,19.0,-19.0,0.0,0.0,121000.0,-121000.0,0.0,0.0
08/04/2026,8500.0,8500.0,0.0,0.0,8500.0,8500.0,8500.0,0.0,0.0,0.0,0.0,0.0,0.0,0.0,0.0,0.0,0.0,0.0,0.0,0.0,0.0
07/04/2026,8500.0,8500.0,0.0,0.0,8500.0,8500.0,8500.0,0.0,0.0,0.0,0.0,0.0,0.0,0.0,0.0,0.0,0.0,0.0,0.0,0.0,0.0
06/04/2026,8500.0,8490.0,10.0,0.00117786,9080.0,9080.0,8500.0,1200.0,10838000.0,0.0,0.0,1200.0,10838000.0,-1000.0,1000.0,0.0,0.0,-9080000.0,9080000.0,0.0,0.0
03/04/2026,8490.0,9100.0,-610.0,-0.06703297,8490.0,8490.0,8490.0,100.0,849000.0,0.0,0.0,100.0,849000.0,0.0,0.0,0.0,0.0,0.0,0.0,0.0,0.0
02/04/2026,9100.0,9100.0,0.0,0.0,9100.0,9100.0,9100.0,0.0,0.0,0.0,0.0,0.0,0.0,0.0,0.0,0.0,0.0,0.0,0.0,0.0,0.0
01/04/2026,9100.0,9100.0,0.0,0.0,9100.0,9100.0,9100.0,0.0,0.0,0.0,0.0,0.0,0.0,0.0,0.0,0.0,0.0,0.0,0.0,0.0,0.0
31/03/2026,9100.0,9100.0,0.0,0.0,9100.0,9100.0,9100.0,0.0,0.0,0.0,0.0,0.0,0.0,0.0,0.0,0.0,0.0,0.0,0.0,0.0,0.0
30/03/2026,9100.0,9100.0,0.0,0.0,9100.0,9100.0,9100.0,0.0,0.0,0.0,0.0,0.0,0.0,0.0,0.0,0.0,0.0,0.0,0.0,0.0,0.0
27/03/2026,9100.0,9100.0,0.0,0.0,9100.0,9100.0,9100.0,100.0,910000.0,0.0,0.0,100.0,910000.0,0.0,0.0,0.0,0.0,0.0,0.0,0.0,0.0
26/03/2026,9100.0,9100.0,0.0,0.0,9100.0,9100.0,9100.0,0.0,0.0,0.0,0.0,0.0,0.0,0.0,0.0,0.0,0.0,0.0,0.0,0.0,0.0
25/03/2026,9100.0,8800.0,300.0,0.03409091,8440.0,9100.0,8440.0,300.0,2663000.0,0.0,0.0,300.0,2663000.0,0.0,0.0,0.0,0.0,0.0,0.0,0.0,0.0
24/03/2026,8800.0,8800.0,0.0,0.0,8800.0,8800.0,8800.0,0.0,0.0,0.0,0.0,0.0,0.0,0.0,0.0,0.0,0.0,0.0,0.0,0.0,0.0
23/03/2026,8800.0,8800.0,0.0,0.0,8990.0,9100.0,8700.0,8800.0,76729000.0,0.0,0.0,8800.0,76729000.0,6800.0,-6800.0,0.0,0.0,59160000.0,-59160000.0,0.0,0.0
20/03/2026,8800.0,9000.0,-200.0,-0.02222222,8800.0,8800.0,8800.0,900.0,7920000.0,0.0,0.0,900.0,7920000.0,900.0,-900.0,0.0,0.0,7920000.0,-7920000.0,0.0,0.0
19/03/2026,9000.0,9000.0,0.0,0.0,8420.0,9600.0,8420.0,1804.0,16372400.0,0.0,0.0,1804.0,16372400.0,96.0,-96.0,0.0,0.0,871600.0,-871600.0,0.0,0.0
18/03/2026,9000.0,9500.0,-500.0,-0.05263158,9010.0,9010.0,9000.0,200.0,1801000.0,0.0,0.0,200.0,1801000.0,200.0,-200.0,0.0,0.0,1801000.0,-1801000.0,0.0,0.0
17/03/2026,9500.0,9500.0,0.0,0.0,9500.0,9500.0,9500.0,0.0,0.0,0.0,0.0,0.0,0.0,0.0,0.0,0.0,0.0,0.0,0.0,0.0,0.0
16/03/2026,9500.0,9500.0,0.0,0.0,9500.0,9500.0,9500.0,0.0,0.0,0.0,0.0,0.0,0.0,0.0,0.0,0.0,0.0,0.0,0.0,0.0,0.0
13/03/2026,9500.0,9500.0,0.0,0.0,9500.0,9500.0,9500.0,0.0,0.0,0.0,0.0,0.0,0.0,0.0,0.0,0.0,0.0,0.0,0.0,0.0,0.0
12/03/2026,9500.0,9500.0,0.0,0.0,9500.0,9500.0,9500.0,0.0,0.0,0.0,0.0,0.0,0.0,0.0,0.0,0.0,0.0,0.0,0.0,0.0,0.0
11/03/2026,9500.0,9500.0,0.0,0.0,9500.0,9500.0,9500.0,5.0,47500.0,0.0,0.0,5.0,47500.0,-5.0,5.0,0.0,0.0,-47000.0,47000.0,0.0,0.0
10/03/2026,9500.0,9000.0,500.0,0.05555556,9500.0,9500.0,9500.0,100.0,950000.0,0.0,0.0,100.0,950000.0,0.0,0.0,0.0,0.0,0.0,0.0,0.0,0.0
09/03/2026,9000.0,9500.0,-500.0,-0.05263158,9000.0,9000.0,9000.0,1800.0,16200000.0,0.0,0.0,1800.0,16200000.0,0.0,0.0,0.0,0.0,0.0,0.0,0.0,0.0
06/03/2026,9500.0,9500.0,0.0,0.0,9500.0,9500.0,9500.0,0.0,0.0,0.0,0.0,0.0,0.0,0.0,0.0,0.0,0.0,0.0,0.0,0.0,0.0
05/03/2026,9500.0,9500.0,0.0,0.0,9500.0,9500.0,9500.0,0.0,0.0,0.0,0.0,0.0,0.0,0.0,0.0,0.0,0.0,0.0,0.0,0.0,0.0
04/03/2026,9500.0,9500.0,0.0,0.0,9500.0,9500.0,9500.0,500.0,4750000.0,0.0,0.0,500.0,4750000.0,500.0,-500.0,0.0,0.0,4750000.0,-4750000.0,0.0,0.0
03/03/2026,9500.0,9500.0,0.0,0.0,9500.0,9500.0,9500.0,100.0,950000.0,0.0,0.0,100.0,950000.0,-100.0,100.0,0.0,0.0,-950000.0,950000.0,0.0,0.0
02/03/2026,9500.0,9500.0,0.0,0.0,9500.0,9500.0,9500.0,0.0,0.0,0.0,0.0,0.0,0.0,0.0,0.0,0.0,0.0,0.0,0.0,0.0,0.0
27/02/2026,9500.0,9500.0,0.0,0.0,9500.0,9500.0,9500.0,1.0,9800.0,0.0,0.0,1.0,9800.0,-1.0,1.0,0.0,0.0,-9000.0,9000.0,0.0,0.0
26/02/2026,9500.0,9800.0,-300.0,-0.03061224,9800.0,9800.0,9500.0,2600.0,25150000.0,0.0,0.0,2600.0,25150000.0,1300.0,-1300.0,0.0,0.0,12740000.0,-12740000.0,0.0,0.0
25/02/2026,9800.0,9800.0,0.0,0.0,9800.0,9800.0,9800.0,110.0,1078000.0,0.0,0.0,110.0,1078000.0,-10.0,10.0,0.0,0.0,-98000.0,98000.0,0.0,0.0
24/02/2026,9800.0,9800.0,0.0,0.0,9800.0,9800.0,9800.0,300.0,2940000.0,0.0,0.0,300.0,2940000.0,0.0,0.0,0.0,0.0,0.0,0.0,0.0,0.0
23/02/2026,9800.0,9400.0,400.0,0.04255319,9880.0,9940.0,9800.0,1005.0,9878000.0,0.0,0.0,1005.0,9878000.0,-1005.0,1005.0,0.0,0.0,-9878000.0,9878000.0,0.0,0.0
13/02/2026,9400.0,10100.0,-700.0,-0.06930693,9400.0,9400.0,9400.0,1000.0,9400000.0,0.0,0.0,1000.0,9400000.0,500.0,-500.0,0.0,0.0,4700000.0,-4700000.0,0.0,0.0
12/02/2026,10100.0,10100.0,0.0,0.0,10100.0,10100.0,10100.0,1.0,9600.0,0.0,0.0,1.0,9600.0,-1.0,1.0,0.0,0.0,-9000.0,9000.0,0.0,0.0
11/02/2026,10100.0,10150.0,-50.0,-0.00492611,9460.0,10100.0,9440.0,27000.0,255001000.0,0.0,0.0,27000.0,255001000.0,-19900.0,19900.0,0.0,0.0,-187871000.0,187871000.0,0.0,0.0
10/02/2026,10150.0,10200.0,-50.0,-0.00490196,9500.0,10150.0,9500.0,7100.0,67515000.0,0.0,0.0,7100.0,67515000.0,-7000.0,7000.0,0.0,0.0,-66500000.0,66500000.0,0.0,0.0
09/02/2026,10200.0,10200.0,0.0,0.0,10200.0,10200.0,10200.0,1.0,10500.0,0.0,0.0,1.0,10500.0,1.0,-1.0,0.0,0.0,10000.0,-10000.0,0.0,0.0
06/02/2026,10200.0,10200.0,0.0,0.0,10200.0,10200.0,10200.0,0.0,0.0,0.0,0.0,0.0,0.0,0.0,0.0,0.0,0.0,0.0,0.0,0.0,0.0
05/02/2026,10200.0,9940.0,260.0,0.02615694,10200.0,10200.0,10200.0,100.0,1020000.0,0.0,0.0,100.0,1020000.0,100.0,-100.0,0.0,0.0,1020000.0,-1020000.0,0.0,0.0
04/02/2026,9940.0,9900.0,40.0,0.0040404,9940.0,9940.0,9940.0,1500.0,14910000.0,0.0,0.0,1500.0,14910000.0,0.0,0.0,0.0,0.0,0.0,0.0,0.0,0.0
03/02/2026,9900.0,9800.0,100.0,0.01020408,10000.0,10000.0,9900.0,300.0,2980000.0,0.0,0.0,300.0,2980000.0,-200.0,200.0,0.0,0.0,-1980000.0,1980000.0,0.0,0.0
02/02/2026,9800.0,9510.0,290.0,0.03049422,9800.0,9800.0,9800.0,308.0,3014400.0,0.0,0.0,308.0,3014400.0,-300.0,300.0,0.0,0.0,-2939600.0,2939600.0,0.0,0.0
30/01/2026,9510.0,9360.0,150.0,0.01602564,9510.0,9510.0,9510.0,102.0,970000.0,0.0,0.0,102.0,970000.0,0.0,0.0,0.0,0.0,0.0,0.0,0.0,0.0
29/01/2026,9360.0,9300.0,60.0,0.00645161,9360.0,9360.0,9360.0,100.0,936000.0,0.0,0.0,100.0,936000.0,100.0,-100.0,0.0,0.0,936000.0,-936000.0,0.0,0.0
28/01/2026,9300.0,9300.0,0.0,0.0,9350.0,9350.0,9300.0,309.0,2889550.0,0.0,0.0,309.0,2889550.0,-100.0,100.0,0.0,0.0,-930000.0,930000.0,0.0,0.0
27/01/2026,9300.0,9700.0,-400.0,-0.04123711,9300.0,9600.0,9300.0,1900.0,17880000.0,0.0,0.0,1900.0,17880000.0,700.0,-700.0,0.0,0.0,6720000.0,-6720000.0,0.0,0.0
26/01/2026,9700.0,9800.0,-100.0,-0.01020408,9700.0,9700.0,9700.0,101.0,979700.0,0.0,0.0,101.0,979700.0,-1.0,1.0,0.0,0.0,-9000.0,9000.0,0.0,0.0
23/01/2026,9800.0,9950.0,-150.0,-0.01507538,9800.0,9800.0,9800.0,1100.0,10780000.0,0.0,0.0,1100.0,10780000.0,1100.0,-1100.0,0.0,0.0,10780000.0,-10780000.0,0.0,0.0
22/01/2026,9950.0,10250.0,-300.0,-0.02926829,9950.0,9950.0,9950.0,500.0,4975000.0,0.0,0.0,500.0,4975000.0,500.0,-500.0,0.0,0.0,4975000.0,-4975000.0,0.0,0.0
21/01/2026,10250.0,10250.0,0.0,0.0,10250.0,10250.0,10250.0,0.0,0.0,0.0,0.0,0.0,0.0,0.0,0.0,0.0,0.0,0.0,0.0,0.0,0.0
20/01/2026,10250.0,9900.0,350.0,0.03535354,9900.0,10250.0,9900.0,2805.0,27804300.0,0.0,0.0,2805.0,27804300.0,0.0,0.0,0.0,0.0,0.0,0.0,0.0,0.0
19/01/2026,9900.0,10200.0,-300.0,-0.02941176,10200.0,10300.0,9900.0,973.0,9944400.0,0.0,0.0,973.0,9944400.0,599.0,-599.0,0.0,0.0,6130000.0,-6130000.0,0.0,0.0
16/01/2026,10200.0,9900.0,300.0,0.03030303,9900.0,10200.0,9900.0,7401.0,73299800.0,0.0,0.0,7401.0,73299800.0,999.0,-999.0,0.0,0.0,9920200.0,-9920200.0,0.0,0.0
15/01/2026,9900.0,9900.0,0.0,0.0,9800.0,9900.0,9800.0,701.0,6890000.0,0.0,0.0,701.0,6890000.0,699.0,-699.0,0.0,0.0,6870000.0,-6870000.0,0.0,0.0
14/01/2026,9900.0,9900.0,0.0,0.0,9900.0,9900.0,9900.0,0.0,0.0,0.0,0.0,0.0,0.0,0.0,0.0,0.0,0.0,0.0,0.0,0.0,0.0
13/01/2026,9900.0,9900.0,0.0,0.0,9900.0,9900.0,9900.0,5.0,46050.0,0.0,0.0,5.0,46050.0,-5.0,5.0,0.0,0.0,-46000.0,46000.0,0.0,0.0
12/01/2026,9900.0,9610.0,290.0,0.0301769,9900.0,9900.0,9900.0,100.0,990000.0,0.0,0.0,100.0,990000.0,0.0,0.0,0.0,0.0,0.0,0.0,0.0,0.0
09/01/2026,9610.0,9900.0,-290.0,-0.02929293,9700.0,10400.0,9610.0,3509.0,35154100.0,0.0,0.0,3509.0,35154100.0,-807.0,807.0,0.0,0.0,-8293300.0,8293300.0,0.0,0.0
08/01/2026,9900.0,10000.0,-100.0,-0.01,9550.0,9900.0,9550.0,700.0,6720000.0,0.0,0.0,700.0,6720000.0,600.0,-600.0,0.0,0.0,5765000.0,-5765000.0,0.0,0.0
07/01/2026,10000.0,9500.0,500.0,0.05263158,10050.0,10050.0,9800.0,2401.0,23645100.0,0.0,0.0,2401.0,23645100.0,-401.0,401.0,0.0,0.0,-3910100.0,3910100.0,0.0,0.0
06/01/2026,9500.0,9500.0,0.0,0.0,9500.0,9500.0,9500.0,402.0,3820200.0,0.0,0.0,402.0,3820200.0,-102.0,102.0,0.0,0.0,-970200.0,970200.0,0.0,0.0
05/01/2026,9500.0,10100.0,-600.0,-0.05940594,9600.0,9800.0,9500.0,5002.0,47799200.0,0.0,0.0,5002.0,47799200.0,-3901.0,3901.0,0.0,0.0,-37209100.0,37209100.0,0.0,0.0
31/12/2025,10100.0,9800.0,300.0,0.03061224,9800.0,10200.0,9800.0,2500.0,24670000.0,0.0,0.0,2500.0,24670000.0,500.0,-500.0,0.0,0.0,4930000.0,-4930000.0,0.0,0.0
30/12/2025,9800.0,10250.0,-450.0,-0.04390244,10150.0,10150.0,9800.0,4401.0,43204540.0,0.0,0.0,4401.0,43204540.0,299.0,-299.0,0.0,0.0,2895459.0,-2895460.0,0.0,0.0
29/12/2025,10250.0,10250.0,0.0,0.0,10250.0,10250.0,10250.0,0.0,0.0,0.0,0.0,0.0,0.0,0.0,0.0,0.0,0.0,0.0,0.0,0.0,0.0
26/12/2025,10250.0,9800.0,450.0,0.04591837,9890.0,10250.0,9800.0,500.0,4964000.0,0.0,0.0,500.0,4964000.0,-300.0,300.0,0.0,0.0,-2949000.0,2949000.0,0.0,0.0
25/12/2025,9800.0,9800.0,0.0,0.0,9800.0,9800.0,9800.0,0.0,0.0,0.0,0.0,0.0,0.0,0.0,0.0,0.0,0.0,0.0,0.0,0.0,0.0
24/12/2025,9800.0,9800.0,0.0,0.0,9800.0,9800.0,9800.0,0.0,0.0,0.0,0.0,0.0,0.0,0.0,0.0,0.0,0.0,0.0,0.0,0.0,0.0
23/12/2025,9800.0,9800.0,0.0,0.0,9800.0,9800.0,9800.0,2200.0,21560000.0,0.0,0.0,2200.0,21560000.0,2000.0,200.0,0.0,-2200.0,19600000.0,1960000.0,0.0,-21560000.0
22/12/2025,9800.0,9800.0,0.0,0.0,9800.0,9800.0,9800.0,1313.0,12868800.0,0.0,0.0,1313.0,12868800.0,896.0,-896.0,0.0,0.0,8780800.0,-8780800.0,0.0,0.0
19/12/2025,9800.0,10000.0,-200.0,-0.02,10000.0,10000.0,9800.0,1000.0,9890000.0,0.0,0.0,1000.0,9890000.0,700.0,-400.0,0.0,-300.0,6930000.0,-3930000.0,0.0,-3000000.0
18/12/2025,10000.0,10000.0,0.0,0.0,9710.0,10000.0,9710.0,6400.0,63911000.0,0.0,0.0,6400.0,63911000.0,400.0,5600.0,0.0,-6000.0,3911000.0,56089000.0,0.0,-60000000.0
17/12/2025,10000.0,10500.0,-500.0,-0.04761905,10000.0,10000.0,10000.0,1500.0,15000000.0,0.0,0.0,1500.0,15000000.0,500.0,1000.0,0.0,-1500.0,5000000.0,10000000.0,0.0,-15000000.0
16/12/2025,10500.0,10500.0,0.0,0.0,10500.0,10500.0,10500.0,0.0,0.0,0.0,0.0,0.0,0.0,0.0,0.0,0.0,0.0,0.0,0.0,0.0,0.0
15/12/2025,10500.0,10500.0,0.0,0.0,10500.0,10500.0,10500.0,0.0,0.0,0.0,0.0,0.0,0.0,0.0,0.0,0.0,0.0,0.0,0.0,0.0,0.0
12/12/2025,10500.0,10500.0,0.0,0.0,10500.0,10500.0,10500.0,0.0,0.0,0.0,0.0,0.0,0.0,0.0,0.0,0.0,0.0,0.0,0.0,0.0,0.0
11/12/2025,10500.0,10500.0,0.0,0.0,10500.0,10500.0,10500.0,0.0,0.0,0.0,0.0,0.0,0.0,0.0,0.0,0.0,0.0,0.0,0.0,0.0,0.0
10/12/2025,10500.0,10200.0,300.0,0.02941176,10250.0,10500.0,9900.0,4600.0,46035000.0,0.0,0.0,4600.0,46035000.0,1400.0,-1400.0,0.0,0.0,14065000.0,-14065000.0,0.0,0.0
09/12/2025,10200.0,10650.0,-450.0,-0.04225352,10300.0,10300.0,10200.0,400.0,4110000.0,0.0,0.0,400.0,4110000.0,-200.0,200.0,0.0,0.0,-2060000.0,2060000.0,0.0,0.0
08/12/2025,10650.0,10650.0,0.0,0.0,10650.0,10650.0,10650.0,7.0,71500.0,0.0,0.0,7.0,71500.0,1.0,-1.0,0.0,0.0,9799.0,-9800.0,0.0,0.0
05/12/2025,10650.0,10300.0,350.0,0.03398058,10950.0,10950.0,10650.0,200.0,2160000.0,0.0,0.0,200.0,2160000.0,0.0,0.0,0.0,0.0,0.0,0.0,0.0,0.0
04/12/2025,10300.0,10300.0,0.0,0.0,10300.0,10300.0,10300.0,1012.0,10423600.0,0.0,0.0,1012.0,10423600.0,11.0,-11.0,0.0,0.0,113300.0,-113300.0,0.0,0.0
03/12/2025,10300.0,11000.0,-700.0,-0.06363636,10650.0,10650.0,10300.0,601.0,6330250.0,0.0,0.0,601.0,6330250.0,0.0,-300.0,0.0,300.0,0.0,-3195000.0,0.0,3195000.0
02/12/2025,11000.0,11000.0,0.0,0.0,11000.0,11000.0,11000.0,0.0,0.0,0.0,0.0,0.0,0.0,0.0,0.0,0.0,0.0,0.0,0.0,0.0,0.0
01/12/2025,10999.75,11500.0,0.0,0.0,10999.75,10999.75,10999.75,0.0,0.0,0.0,0.0,0.0,0.0,0.0,0.0,0.0,0.0,0.0,0.0,0.0,0.0
28/11/2025,10999.75,10900.0,600.0,0.05504587,9851.95,10999.75,9851.95,728.0,8101700.0,0.0,0.0,728.0,8101700.0,-128.0,128.0,0.0,0.0,-1436700.0,1436700.0,0.0,0.0
27/11/2025,10425.85,10600.0,300.0,0.02830189,10138.9,10760.625,10138.9,1305.0,13994750.0,0.0,0.0,1305.0,13994750.0,-5.0,5.0,0.0,0.0,-54750.0,54750.0,0.0,0.0
26/11/2025,10138.9,10600.0,0.0,0.0,10138.9,10138.9,10138.9,102.0,1081200.0,0.0,0.0,102.0,1081200.0,0.0,0.0,0.0,0.0,0.0,0.0,0.0,0.0
25/11/2025,10138.9,10600.0,0.0,0.0,10138.9,10234.55,10138.9,5722.0,60663200.0,0.0,0.0,5722.0,60663200.0,4200.0,-4200.0,0.0,0.0,44520000.0,-44520000.0,0.0,0.0
24/11/2025,10138.9,10600.0,0.0,0.0,10138.9,10138.9,10138.9,1001.0,10610600.0,0.0,0.0,1001.0,10610600.0,1000.0,-1000.0,0.0,0.0,10600000.0,-10600000.0,0.0,0.0
21/11/2025,10138.9,10600.0,0.0,0.0,10138.9,10138.9,10138.9,101.0,1070500.0,0.0,0.0,101.0,1070500.0,-100.0,100.0,0.0,0.0,-1059500.0,1059500.0,0.0,0.0
20/11/2025,10138.9,10700.0,-100.0,-0.00934579,10138.9,10138.9,10091.075,1300.0,13770000.0,0.0,0.0,1300.0,13770000.0,1000.0,-1000.0,0.0,0.0,10600000.0,-10600000.0,0.0,0.0
19/11/2025,10234.55,10600.0,100.0,0.00943396,10138.9,10234.55,10138.9,1601.0,17069910.0,0.0,0.0,1601.0,17069910.0,-601.0,1001.0,0.0,-400.0,-6419910.0,10659910.0,0.0,-4240000.0
18/11/2025,10138.9,10550.0,50.0,0.00473934,10091.075,10138.9,10091.075,306.0,3233300.0,0.0,0.0,306.0,3233300.0,0.0,0.0,0.0,0.0,0.0,0.0,0.0,0.0
17/11/2025,10091.075,10800.0,-250.0,-0.02314815,10234.55,10664.975,10091.075,2618.0,27698500.0,0.0,0.0,2618.0,27698500.0,917.0,-917.0,0.0,0.0,9662750.0,-9662750.0,0.0,0.0
14/11/2025,10330.2,10650.0,150.0,0.01408451,9899.775,10760.625,9899.775,1901.0,20215650.0,0.0,0.0,1901.0,20215650.0,800.0,-800.0,0.0,0.0,8280000.0,-8280000.0,0.0,0.0
13/11/2025,10186.725,10650.0,0.0,0.0,10186.725,10186.725,10186.725,0.0,0.0,0.0,0.0,0.0,0.0,0.0,0.0,0.0,0.0,0.0,0.0,0.0,0.0
12/11/2025,10186.725,10650.0,0.0,0.0,10186.725,10186.725,10186.725,117.0,1235200.0,0.0,0.0,117.0,1235200.0,-117.0,117.0,0.0,0.0,-1235000.0,1235000.0,0.0,0.0
11/11/2025,10186.725,10500.0,150.0,0.01428571,10282.375,10282.375,10186.725,1000.0,10720000.0,0.0,0.0,1000.0,10720000.0,1000.0,-1000.0,0.0,0.0,10720000.0,-10720000.0,0.0,0.0
10/11/2025,10043.25,10300.0,200.0,0.01941748,10330.2,10330.2,10043.25,300.0,3180000.0,0.0,0.0,300.0,3180000.0,-200.0,200.0,0.0,0.0,-2130000.0,2130000.0,0.0,0.0
07/11/2025,9851.95,10300.0,0.0,0.0,9851.95,9851.95,9851.95,5.0,51500.0,0.0,0.0,5.0,51500.0,5.0,-5.0,0.0,0.0,51000.0,-51000.0,0.0,0.0
06/11/2025,9851.95,10750.0,-450.0,-0.04186047,9851.95,9851.95,9851.95,1010.0,10407500.0,0.0,0.0,1010.0,10407500.0,-1000.0,1000.0,0.0,0.0,-10300000.0,10300000.0,0.0,0.0
05/11/2025,10282.375,10700.0,50.0,0.0046729,10904.1,10904.1,10282.375,5217.0,57408100.0,0.0,0.0,5217.0,57408100.0,-5100.0,5100.0,0.0,0.0,-56075000.0,56075000.0,0.0,0.0
04/11/2025,10234.55,10700.0,0.0,0.0,10234.55,10234.55,10234.55,2.0,20350.0,0.0,0.0,2.0,20350.0,2.0,-2.0,0.0,0.0,20000.0,-20000.0,0.0,0.0
03/11/2025,10234.55,10600.0,100.0,0.00943396,9804.125,10234.55,9804.125,1302.0,13440700.0,0.0,0.0,1302.0,13440700.0,-900.0,900.0,0.0,0.0,-9230001.0,9230000.0,0.0,0.0
31/10/2025,10138.9,10950.0,-350.0,-0.03196347,10138.9,10138.9,10138.9,1000.0,10600000.0,0.0,0.0,1000.0,10600000.0,1000.0,-1000.0,0.0,0.0,10600000.0,-10600000.0,0.0,0.0
30/10/2025,10473.675,10900.0,50.0,0.00458716,10473.675,10473.675,10473.675,101.0,1105900.0,0.0,0.0,101.0,1105900.0,0.0,0.0,0.0,0.0,0.0,0.0,0.0,0.0
29/10/2025,10425.85,10500.0,400.0,0.03809524,10617.15,10617.15,10091.075,1600.0,17025000.0,0.0,0.0,1600.0,17025000.0,200.0,-200.0,0.0,0.0,2120000.0,-2120000.0,0.0,0.0
28/10/2025,10043.25,10300.0,200.0,0.01941748,10521.5,10521.5,9947.6,300.0,3190000.0,0.0,0.0,300.0,3190000.0,-200.0,200.0,0.0,0.0,-2090000.0,2090000.0,0.0,0.0
27/10/2025,9851.95,10200.0,100.0,0.00980392,10282.375,10282.375,9851.95,1100.0,11375000.0,0.0,0.0,1100.0,11375000.0,1000.0,-1000.0,0.0,0.0,10300000.0,-10300000.0,0.0,0.0
24/10/2025,9756.3,10200.0,0.0,0.0,9756.3,9756.3,9756.3,3600.0,36720000.0,0.0,0.0,3600.0,36720000.0,2700.0,-2700.0,0.0,0.0,27540000.0,-27540000.0,0.0,0.0
23/10/2025,9756.3,10200.0,0.0,0.0,9756.3,9756.3,9756.3,104.0,1060800.0,0.0,0.0,104.0,1060800.0,-100.0,100.0,0.0,0.0,-1020000.0,1020000.0,0.0,0.0
22/10/2025,9756.3,10500.0,-300.0,-0.02857143,9756.3,9756.3,9756.3,2050.0,20890000.0,0.0,0.0,2050.0,20890000.0,0.0,0.0,0.0,0.0,0.0,0.0,0.0,0.0
21/10/2025,10043.25,10500.0,0.0,0.0,9565.0,10043.25,9383.265,1114.0,11303860.0,0.0,0.0,1114.0,11303860.0,999.0,-999.0,0.0,0.0,10165190.0,-10165190.0,0.0,0.0
20/10/2025,10043.25,10500.0,0.0,0.0,10043.25,10043.25,10043.25,200.0,2100000.0,0.0,0.0,200.0,2100000.0,200.0,-200.0,0.0,0.0,2100000.0,-2100000.0,0.0,0.0
17/10/2025,10043.25,10850.0,-350.0,-0.03225806,10330.2,10330.2,10043.25,3100.0,32580000.0,0.0,0.0,3100.0,32580000.0,0.0,0.0,0.0,0.0,0.0,0.0,0.0,0.0
16/10/2025,10378.025,10450.0,400.0,0.03827751,10378.025,10378.025,10378.025,100.0,1085000.0,0.0,0.0,100.0,1085000.0,0.0,0.0,0.0,0.0,0.0,0.0,0.0,0.0
15/10/2025,9995.425,10450.0,0.0,0.0,9995.425,9995.425,9995.425,0.0,0.0,0.0,0.0,0.0,0.0,0.0,0.0,0.0,0.0,0.0,0.0,0.0,0.0
14/10/2025,9995.425,10900.0,-450.0,-0.0412844,9995.425,9995.425,9995.425,102.0,1066800.0,0.0,0.0,102.0,1066800.0,100.0,-100.0,0.0,0.0,1045000.0,-1045000.0,0.0,0.0
13/10/2025,10425.85,10900.0,0.0,0.0,10425.85,10425.85,10425.85,1.0,10700.0,0.0,0.0,1.0,10700.0,0.0,0.0,0.0,0.0,0.0,0.0,0.0,0.0
10/10/2025,10425.85,10700.0,200.0,0.01869159,10425.85,10425.85,10425.85,100.0,1090000.0,0.0,0.0,100.0,1090000.0,0.0,0.0,0.0,0.0,0.0,0.0,0.0,0.0
09/10/2025,10234.55,10550.0,150.0,0.01421801,10234.55,10234.55,10234.55,900.0,9630000.0,0.0,0.0,900.0,9630000.0,-800.0,800.0,0.0,0.0,-8560000.0,8560000.0,0.0,0.0
08/10/2025,10091.075,10950.0,-400.0,-0.03652968,10091.075,10091.075,10091.075,1002.0,10571900.0,0.0,0.0,1002.0,10571900.0,-100.0,100.0,0.0,0.0,-1055000.0,1055000.0,0.0,0.0
07/10/2025,10473.675,10950.0,0.0,0.0,10473.675,10473.675,10473.675,1.0,10950.0,0.0,0.0,1.0,10950.0,1.0,-1.0,0.0,0.0,10000.0,-10000.0,0.0,0.0
06/10/2025,10473.675,10800.0,150.0,0.01388889,10234.55,10473.675,10234.55,2101.0,22505800.0,0.0,0.0,2101.0,22505800.0,0.0,0.0,0.0,0.0,0.0,0.0,0.0,0.0
03/10/2025,10330.2,10800.0,0.0,0.0,10330.2,10330.2,10330.2,100.0,1080000.0,0.0,0.0,100.0,1080000.0,0.0,0.0,0.0,0.0,0.0,0.0,0.0,0.0
02/10/2025,10330.2,11000.0,-200.0,-0.01818182,10378.025,10425.85,10330.2,3200.0,34610000.0,0.0,0.0,3200.0,34610000.0,-3100.0,3100.0,0.0,0.0,-33530000.0,33530000.0,0.0,0.0
01/10/2025,10521.5,11150.0,-150.0,-0.01345291,10521.5,10521.5,10521.5,1000.0,11000000.0,0.0,0.0,1000.0,11000000.0,500.0,-500.0,0.0,0.0,5500000.0,-5500000.0,0.0,0.0
30/09/2025,10664.975,11150.0,0.0,0.0,10664.975,10664.975,10664.975,50.0,557500.0,0.0,0.0,50.0,557500.0,0.0,0.0,0.0,0.0,0.0,0.0,0.0,0.0
29/09/2025,10664.975,10700.0,450.0,0.04205607,10664.975,10664.975,10617.15,702.0,7801800.0,0.0,0.0,702.0,7801800.0,-200.0,200.0,0.0,0.0,-2224200.0,2224200.0,0.0,0.0
26/09/2025,10234.55,11100.0,-400.0,-0.03603604,10234.55,10234.55,10234.55,100.0,1070000.0,0.0,0.0,100.0,1070000.0,0.0,0.0,0.0,0.0,0.0,0.0,0.0,0.0
25/09/2025,10617.15,11600.0,-500.0,-0.04310345,10425.85,10617.15,10330.2,4500.0,48800000.0,0.0,0.0,4500.0,48800000.0,-1200.0,1200.0,0.0,0.0,-13050000.0,13050000.0,0.0,0.0
24/09/2025,11095.4,11600.0,0.0,0.0,11095.4,11095.4,11095.4,1.0,11600.0,0.0,0.0,1.0,11600.0,1.0,-1.0,0.0,0.0,11000.0,-11000.0,0.0,0.0
23/09/2025,11095.4,11100.0,500.0,0.04504505,11047.575,11095.4,11047.575,200.0,2315000.0,0.0,0.0,200.0,2315000.0,-100.0,100.0,0.0,0.0,-1160000.0,1160000.0,0.0,0.0
22/09/2025,10617.15,11100.0,0.0,0.0,10617.15,10617.15,10617.15,5.0,55500.0,0.0,0.0,5.0,55500.0,0.0,0.0,0.0,0.0,0.0,0.0,0.0,0.0
19/09/2025,10617.15,11300.0,-200.0,-0.01769912,10712.8,10712.8,10330.2,1211.0,13153800.0,0.0,0.0,1211.0,13153800.0,10.0,-10.0,0.0,0.0,103000.0,-103000.0,0.0,0.0
18/09/2025,10808.45,10900.0,400.0,0.03669725,11095.4,11095.4,10330.2,1203.0,13137000.0,0.0,0.0,1203.0,13137000.0,-999.0,999.0,0.0,0.0,-10803600.0,10803600.0,0.0,0.0
17/09/2025,10425.85,10800.0,100.0,0.00925926,10425.85,10760.625,10425.85,2703.0,29932400.0,0.0,0.0,2703.0,29932400.0,-2197.0,2197.0,0.0,0.0,-24267600.0,24267600.0,0.0,0.0
16/09/2025,10330.2,10800.0,0.0,0.0,10330.2,10330.2,10330.2,5.0,54000.0,0.0,0.0,5.0,54000.0,4.0,-4.0,0.0,0.0,43201.0,-43200.0,0.0,0.0
15/09/2025,10330.2,10800.0,0.0,0.0,10330.2,10330.2,10330.2,204.0,2202400.0,0.0,0.0,204.0,2202400.0,2.0,-2.0,0.0,0.0,21600.0,-21600.0,0.0,0.0
12/09/2025,10330.2,10700.0,100.0,0.00934579,9660.65,10712.8,9660.65,5700.0,61600000.0,0.0,0.0,5700.0,61600000.0,-5500.0,5500.0,0.0,0.0,-59470000.0,59470000.0,0.0,0.0
11/09/2025,10234.55,10800.0,-100.0,-0.00925926,10330.2,10330.2,10234.55,8500.0,91600000.0,0.0,0.0,8500.0,91600000.0,-8500.0,8500.0,0.0,0.0,-91600000.0,91600000.0,0.0,0.0
10/09/2025,10330.2,10900.0,-100.0,-0.00917431,9804.125,10330.2,9804.125,2100.0,22625000.0,0.0,0.0,2100.0,22625000.0,-2000.0,2000.0,0.0,0.0,-21600000.0,21600000.0,0.0,0.0
09/09/2025,10425.85,10850.0,50.0,0.00460829,10425.85,10425.85,10425.85,2318.0,25270450.0,0.0,0.0,2318.0,25270450.0,-4.0,4.0,0.0,0.0,-44000.0,44000.0,0.0,0.0
08/09/2025,10378.025,10850.0,0.0,0.0,10378.025,10378.025,10378.025,1000.0,10850000.0,0.0,0.0,1000.0,10850000.0,-1000.0,1000.0,0.0,0.0,-10850000.0,10850000.0,0.0,0.0
05/09/2025,10378.025,11150.0,-300.0,-0.02690583,10378.025,10378.025,10378.025,1100.0,11935000.0,0.0,0.0,1100.0,11935000.0,-600.0,600.0,0.0,0.0,-6510000.0,6510000.0,0.0,0.0
04/09/2025,10664.975,11200.0,-50.0,-0.00446429,10378.025,10712.8,10330.2,3000.0,32605000.0,0.0,0.0,3000.0,32605000.0,-2500.0,2500.0,0.0,0.0,-27030000.0,27030000.0,0.0,0.0
03/09/2025,10712.8,11250.0,-50.0,-0.00444444,10521.5,10712.8,10473.675,2500.0,27460000.0,0.0,0.0,2500.0,27460000.0,-2300.0,2300.0,0.0,0.0,-25220000.0,25220000.0,0.0,0.0
29/08/2025,10760.625,11250.0,0.0,0.0,10760.625,10760.625,10760.625,1101.0,12386250.0,0.0,0.0,1101.0,12386250.0,100.0,-100.0,0.0,0.0,1125000.0,-1125000.0,0.0,0.0
28/08/2025,10760.625,11350.0,-100.0,-0.00881057,10521.5,10760.625,10521.5,1104.0,12170000.0,0.0,0.0,1104.0,12170000.0,-900.0,900.0,0.0,0.0,-9875000.0,9875000.0,0.0,0.0
27/08/2025,10856.275,11250.0,100.0,0.00888889,10904.1,10904.1,10521.5,300.0,3375000.0,0.0,0.0,300.0,3375000.0,100.0,-100.0,0.0,0.0,1135000.0,-1135000.0,0.0,0.0
26/08/2025,10760.625,11250.0,0.0,0.0,10760.625,10760.625,10760.625,11.0,124500.0,0.0,0.0,11.0,124500.0,0.0,0.0,0.0,0.0,0.0,0.0,0.0,0.0
25/08/2025,10760.625,10700.0,550.0,0.05140187,10856.275,10904.1,10521.5,3212.0,36543900.0,0.0,0.0,3212.0,36543900.0,-2900.0,2900.0,0.0,0.0,-33020000.0,33020000.0,0.0,0.0
22/08/2025,10234.55,11000.0,-300.0,-0.02727273,10712.8,10712.8,10234.55,8101.0,87130800.0,0.0,0.0,8101.0,87130800.0,-4801.0,4801.0,0.0,0.0,-51470801.0,51470800.0,0.0,0.0
21/08/2025,10521.5,11200.0,-200.0,-0.01785714,10521.5,10521.5,10521.5,1900.0,20900000.0,0.0,0.0,1900.0,20900000.0,-1500.0,1500.0,0.0,0.0,-16500000.0,16500000.0,0.0,0.0
20/08/2025,10712.8,11250.0,-50.0,-0.00444444,10473.675,10712.8,10473.675,400.0,4405000.0,0.0,0.0,400.0,4405000.0,100.0,-100.0,0.0,0.0,1120000.0,-1120000.0,0.0,0.0
19/08/2025,10760.625,11000.0,250.0,0.02272727,10521.5,10760.625,10330.2,5400.0,59190000.0,0.0,0.0,5400.0,59190000.0,-2000.0,2000.0,0.0,0.0,-21940000.0,21940000.0,0.0,0.0
18/08/2025,10521.5,11150.0,-150.0,-0.01345291,10521.5,10664.975,10521.5,5302.0,58462300.0,0.0,0.0,5302.0,58462300.0,-5100.0,5100.0,0.0,0.0,-56210000.0,56210000.0,0.0,0.0
15/08/2025,10664.975,11200.0,-50.0,-0.00446429,10330.2,10664.975,10330.2,1611.0,17444150.0,0.0,0.0,1611.0,17444150.0,-701.0,701.0,0.0,0.0,-7581150.0,7581150.0,0.0,0.0
14/08/2025,10712.8,11200.0,0.0,0.0,10712.8,10712.8,10712.8,0.0,0.0,0.0,0.0,0.0,0.0,0.0,0.0,0.0,0.0,0.0,0.0,0.0,0.0
13/08/2025,10712.8,11450.0,-250.0,-0.02183406,10856.275,10856.275,10521.5,3300.0,36670000.0,0.0,0.0,3300.0,36670000.0,-2000.0,2000.0,0.0,0.0,-22350000.0,22350000.0,0.0,0.0
12/08/2025,10951.925,11450.0,0.0,0.0,10951.925,10951.925,10951.925,0.0,0.0,0.0,0.0,0.0,0.0,0.0,0.0,0.0,0.0,0.0,0.0,0.0,0.0
11/08/2025,10951.925,10950.0,500.0,0.0456621,11191.05,11191.05,10425.85,2609.0,29703050.0,0.0,0.0,2609.0,29703050.0,-409.0,409.0,0.0,0.0,-4783050.0,4783050.0,0.0,0.0
08/08/2025,10473.675,10800.0,150.0,0.01388889,10330.2,10473.675,10282.375,4500.0,48515000.0,0.0,0.0,4500.0,48515000.0,-2800.0,2800.0,0.0,0.0,-30125000.0,30125000.0,0.0,0.0
07/08/2025,10330.2,10750.0,50.0,0.00465116,10091.075,10330.2,10091.075,14700.0,157060000.0,0.0,0.0,14700.0,157060000.0,-2300.0,2300.0,0.0,0.0,-24585000.0,24585000.0,0.0,0.0
06/08/2025,10282.375,10550.0,200.0,0.01895735,10282.375,10330.2,10138.9,25104.0,268318200.0,0.0,0.0,25104.0,268318200.0,-12900.0,12900.0,0.0,0.0,-137025000.0,137025000.0,0.0,0.0
05/08/2025,10091.075,10500.0,50.0,0.0047619,10138.9,10282.375,10091.075,713.0,7606500.0,0.0,0.0,713.0,7606500.0,300.0,-300.0,0.0,0.0,3240000.0,-3240000.0,0.0,0.0
04/08/2025,10043.25,10500.0,0.0,0.0,10043.25,10043.25,10043.25,20.0,210000.0,0.0,0.0,20.0,210000.0,-20.0,20.0,0.0,0.0,-210000.0,210000.0,0.0,0.0
01/08/2025,10043.25,10750.0,-250.0,-0.02325581,10138.9,10138.9,10043.25,2300.0,24190000.0,0.0,0.0,2300.0,24190000.0,-1900.0,1900.0,0.0,0.0,-19955000.0,19955000.0,0.0,0.0
31/07/2025,10282.375,10650.0,100.0,0.00938967,10138.9,10282.375,10138.9,1203.0,12766950.0,0.0,0.0,1203.0,12766950.0,-900.0,900.0,0.0,0.0,-9525000.0,9525000.0,0.0,0.0
30/07/2025,10186.725,10700.0,-50.0,-0.0046729,10282.375,10282.375,10138.9,8838.0,94074700.0,0.0,0.0,8838.0,94074700.0,4000.0,-4000.0,0.0,0.0,42660000.0,-42660000.0,0.0,0.0
29/07/2025,10234.55,10700.0,0.0,0.0,10234.55,10234.55,10234.55,103.0,1101800.0,0.0,0.0,103.0,1101800.0,-3.0,3.0,0.0,0.0,-31000.0,31000.0,0.0,0.0
28/07/2025,10234.55,10600.0,100.0,0.00943396,10234.55,10234.55,10234.55,101.0,1080700.0,0.0,0.0,101.0,1080700.0,0.0,0.0,0.0,0.0,0.0,0.0,0.0,0.0
25/07/2025,10138.9,10700.0,-100.0,-0.00934579,10138.9,10330.2,10138.9,9103.0,96512800.0,0.0,0.0,9103.0,96512800.0,-7899.0,7899.0,0.0,0.0,-83708600.0,83708600.0,0.0,0.0
24/07/2025,10234.55,10700.0,0.0,0.0,10234.55,10234.55,10234.55,2209.0,23636300.0,0.0,0.0,2209.0,23636300.0,-1000.0,1000.0,0.0,0.0,-10700000.0,10700000.0,0.0,0.0
23/07/2025,10234.55,10650.0,50.0,0.00469484,10234.55,10234.55,10234.55,801.0,8570650.0,0.0,0.0,801.0,8570650.0,500.0,-500.0,0.0,0.0,5350000.0,-5350000.0,0.0,0.0
22/07/2025,10186.725,10600.0,50.0,0.00471698,10138.9,10186.725,10138.9,701.0,7435600.0,0.0,0.0,701.0,7435600.0,0.0,0.0,0.0,0.0,0.0,0.0,0.0,0.0
21/07/2025,10138.9,10600.0,0.0,0.0,10138.9,10138.9,10138.9,2923.0,30978300.0,0.0,0.0,2923.0,30978300.0,-213.0,213.0,0.0,0.0,-2257800.0,2257800.0,0.0,0.0
18/07/2025,10138.9,10600.0,0.0,0.0,10138.9,10425.85,10138.9,10200.0,108150000.0,0.0,0.0,10200.0,108150000.0,0.0,0.0,0.0,0.0,30000.0,-30000.0,0.0,0.0
17/07/2025,10138.9,10850.0,-250.0,-0.02304147,10138.9,10138.9,10091.075,6300.0,66730000.0,0.0,0.0,6300.0,66730000.0,4100.0,-4100.0,0.0,0.0,43410000.0,-43410000.0,0.0,0.0
16/07/2025,10378.025,10850.0,0.0,0.0,10378.025,10378.025,10378.025,1.0,10650.0,0.0,0.0,1.0,10650.0,0.0,0.0,0.0,0.0,0.0,0.0,0.0,0.0
15/07/2025,10378.025,11000.0,-150.0,-0.01363636,10425.85,10473.675,10043.25,11402.0,120216550.0,0.0,0.0,11402.0,120216550.0,1400.0,-1400.0,0.0,0.0,14705000.0,-14705000.0,0.0,0.0
14/07/2025,10521.5,11000.0,0.0,0.0,10521.5,10521.5,10521.5,0.0,0.0,0.0,0.0,0.0,0.0,0.0,0.0,0.0,0.0,0.0,0.0,0.0,0.0
11/07/2025,10521.5,10900.0,100.0,0.00917431,10425.85,10521.5,10378.025,13801.0,150285850.0,0.0,0.0,13801.0,150285850.0,100.0,-100.0,0.0,0.0,1090000.0,-1090000.0,0.0,0.0
10/07/2025,10425.85,10650.0,250.0,0.02347418,10043.25,10425.85,10043.25,400.0,4270000.0,0.0,0.0,400.0,4270000.0,100.0,-100.0,0.0,0.0,1090000.0,-1090000.0,0.0,0.0
09/07/2025,10186.725,10600.0,50.0,0.00471698,10138.9,10186.725,10138.9,6111.0,64984400.0,0.0,0.0,6111.0,64984400.0,5508.0,-5508.0,0.0,0.0,58582000.0,-58582000.0,0.0,0.0
08/07/2025,10138.9,10600.0,0.0,0.0,10138.9,10138.9,10138.9,37.0,392200.0,0.0,0.0,37.0,392200.0,0.0,0.0,0.0,0.0,0.0,0.0,0.0,0.0
07/07/2025,10138.9,10600.0,0.0,0.0,10186.725,10186.725,10138.9,1502.0,15931200.0,0.0,0.0,1502.0,15931200.0,-1100.0,1100.0,0.0,0.0,-11660000.0,11660000.0,0.0,0.0
04/07/2025,10138.9,11150.0,-550.0,-0.04932735,10138.9,10138.9,10138.9,718.0,7613400.0,0.0,0.0,718.0,7613400.0,600.0,-600.0,0.0,0.0,6360000.0,-6360000.0,0.0,0.0
03/07/2025,10664.975,11150.0,0.0,0.0,10664.975,10664.975,10664.975,1.0,11150.0,0.0,0.0,1.0,11150.0,0.0,0.0,0.0,0.0,0.0,0.0,0.0,0.0
02/07/2025,10664.975,11150.0,0.0,0.0,10617.15,10664.975,10617.15,5101.0,56871000.0,0.0,0.0,5101.0,56871000.0,5100.0,-5100.0,0.0,0.0,56860000.0,-56860000.0,0.0,0.0
01/07/2025,10664.975,11200.0,-50.0,-0.00446429,10091.075,10664.975,10091.075,2802.0,31181200.0,0.0,0.0,2802.0,31181200.0,100.0,-100.0,0.0,0.0,1055000.0,-1055000.0,0.0,0.0
30/06/2025,10712.8,11200.0,0.0,0.0,10712.8,10712.8,10712.8,1200.0,13440000.0,0.0,0.0,1200.0,13440000.0,500.0,-500.0,0.0,0.0,5600000.0,-5600000.0,0.0,0.0
27/06/2025,10712.8,11200.0,0.0,0.0,10712.8,10712.8,10712.8,201.0,2251000.0,0.0,0.0,201.0,2251000.0,100.0,-100.0,0.0,0.0,1120000.0,-1120000.0,0.0,0.0
26/06/2025,10712.8,11200.0,0.0,0.0,10712.8,10712.8,10712.8,0.0,0.0,0.0,0.0,0.0,0.0,0.0,0.0,0.0,0.0,0.0,0.0,0.0,0.0
25/06/2025,10712.8,11000.0,200.0,0.01818182,10234.55,10712.8,10234.55,251.0,2726150.0,0.0,0.0,251.0,2726150.0,-100.0,100.0,0.0,0.0,-1070000.0,1070000.0,0.0,0.0
24/06/2025,10521.5,11000.0,0.0,0.0,10521.5,10521.5,10521.5,400.0,4400000.0,0.0,0.0,400.0,4400000.0,-100.0,100.0,0.0,0.0,-1100000.0,1100000.0,0.0,0.0
23/06/2025,10521.5,11000.0,0.0,0.0,10521.5,10521.5,10521.5,719.0,7909000.0,0.0,0.0,719.0,7909000.0,619.0,-619.0,0.0,0.0,6809000.0,-6809000.0,0.0,0.0
20/06/2025,10521.5,11350.0,-350.0,-0.030837,10521.5,10521.5,10521.5,110.0,1208950.0,0.0,0.0,110.0,1208950.0,-99.0,99.0,0.0,0.0,-1089150.0,1089150.0,0.0,0.0
19/06/2025,10856.275,11350.0,0.0,0.0,10856.275,10856.275,10856.275,0.0,0.0,0.0,0.0,0.0,0.0,0.0,0.0,0.0,0.0,0.0,0.0,0.0,0.0
18/06/2025,10856.275,11350.0,0.0,0.0,10856.275,10856.275,10856.275,0.0,0.0,0.0,0.0,0.0,0.0,0.0,0.0,0.0,0.0,0.0,0.0,0.0,0.0
17/06/2025,10856.275,11350.0,0.0,0.0,10856.275,10856.275,10856.275,0.0,0.0,0.0,0.0,0.0,0.0,0.0,0.0,0.0,0.0,0.0,0.0,0.0,0.0
16/06/2025,10856.275,11350.0,0.0,0.0,10856.275,10856.275,10856.275,110.0,1243250.0,0.0,0.0,110.0,1243250.0,9.0,1.0,0.0,-10.0,97349.0,10650.0,0.0,-108250.0
13/06/2025,10856.275,11350.0,0.0,0.0,10856.275,10856.275,10856.275,0.0,0.0,0.0,0.0,0.0,0.0,0.0,0.0,0.0,0.0,0.0,0.0,0.0,0.0
12/06/2025,10856.275,11400.0,-50.0,-0.00438596,10808.45,10856.275,10808.45,1002.0,11367000.0,0.0,0.0,1002.0,11367000.0,902.0,-202.0,0.0,-700.0,10237000.0,-2292000.0,0.0,-7945000.0
11/06/2025,10904.1,11500.0,-100.0,-0.00869565,10521.5,10904.1,10521.5,2101.0,23151500.0,0.0,0.0,2101.0,23151500.0,-1999.0,1999.0,0.0,0.0,-21988500.0,21988500.0,0.0,0.0
10/06/2025,10999.75,11400.0,100.0,0.00877193,10330.2,10999.75,10234.55,4100.0,44115000.0,0.0,0.0,4100.0,44115000.0,2900.0,-2900.0,0.0,0.0,31015000.0,-31015000.0,0.0,0.0
09/06/2025,10904.1,11400.0,0.0,0.0,10904.1,10904.1,10904.1,100.0,1140000.0,0.0,0.0,100.0,1140000.0,0.0,0.0,0.0,0.0,0.0,0.0,0.0,0.0
06/06/2025,10904.1,11400.0,0.0,0.0,10904.1,10904.1,10904.1,0.0,0.0,0.0,0.0,0.0,0.0,0.0,0.0,0.0,0.0,0.0,0.0,0.0,0.0
05/06/2025,10904.1,11400.0,0.0,0.0,10904.1,10904.1,10904.1,500.0,5700000.0,0.0,0.0,500.0,5700000.0,100.0,-100.0,0.0,0.0,1140000.0,-1140000.0,0.0,0.0
04/06/2025,10904.1,11450.0,-50.0,-0.00436681,10904.1,10904.1,10904.1,200.0,2280000.0,0.0,0.0,200.0,2280000.0,-100.0,100.0,0.0,0.0,-1140000.0,1140000.0,0.0,0.0
03/06/2025,10951.925,11450.0,0.0,0.0,10951.925,10951.925,10951.925,25.0,266450.0,0.0,0.0,25.0,266450.0,-2.0,2.0,0.0,0.0,-21050.0,21050.0,0.0,0.0
02/06/2025,10951.925,11500.0,-50.0,-0.00434783,10330.2,10951.925,10330.2,3105.0,33602500.0,0.0,0.0,3105.0,33602500.0,-95.0,95.0,0.0,0.0,-1087500.0,1087500.0,0.0,0.0
30/05/2025,10999.75,11500.0,0.0,0.0,10999.75,10999.75,10999.75,4.0,46000.0,0.0,0.0,4.0,46000.0,4.0,-4.0,0.0,0.0,46000.0,-46000.0,0.0,0.0
29/05/2025,10999.75,10800.0,700.0,0.06481481,10330.2,10999.75,10330.2,5111.0,58425800.0,0.0,0.0,5111.0,58425800.0,-3200.0,3200.0,0.0,0.0,-36800000.0,36800000.0,0.0,0.0
28/05/2025,10330.2,11400.0,-600.0,-0.05263158,10330.2,10330.2,10330.2,107.0,1159800.0,0.0,0.0,107.0,1159800.0,100.0,-100.0,0.0,0.0,1080000.0,-1080000.0,0.0,0.0
27/05/2025,10904.1,10800.0,600.0,0.05555556,10999.75,10999.75,10904.1,2506.0,28575100.0,0.0,0.0,2506.0,28575100.0,-2294.0,2294.0,0.0,0.0,-26164900.0,26164900.0,0.0,0.0
26/05/2025,10330.2,11300.0,-500.0,-0.04424779,10808.45,10808.45,10330.2,10249.0,112098400.0,0.0,0.0,10249.0,112098400.0,-4252.0,4252.0,0.0,0.0,-45657600.0,45657600.0,0.0,0.0
23/05/2025,10808.45,11000.0,300.0,0.02727273,10521.5,10808.45,10234.55,509.0,5587500.0,0.0,0.0,509.0,5587500.0,3.0,-3.0,0.0,0.0,3000.0,-3000.0,0.0,0.0
22/05/2025,10521.5,11300.0,-300.0,-0.02654867,10808.45,10808.45,10138.9,17200.0,189675000.0,0.0,0.0,17200.0,189675000.0,-700.0,700.0,0.0,0.0,-11085000.0,11085000.0,0.0,0.0
21/05/2025,10808.45,11800.0,-500.0,-0.04237288,11764.95,11764.95,10712.8,9738.0,117398050.0,0.0,0.0,9738.0,117398050.0,4293.0,-4293.0,0.0,0.0,51682400.0,-51682400.0,0.0,0.0
20/05/2025,11286.7,11750.0,50.0,0.00425532,11478.0,12004.075,11238.875,12813.0,156675800.0,0.0,0.0,12813.0,156675800.0,510.0,-510.0,0.0,0.0,6884500.0,-6884500.0,0.0,0.0
19/05/2025,11238.875,11000.0,750.0,0.06818182,10808.45,11238.875,10808.45,14726.0,172458500.0,0.0,0.0,14726.0,172458500.0,-5406.0,5406.0,0.0,0.0,-63030500.0,63030500.0,0.0,0.0
16/05/2025,10521.5,10650.0,350.0,0.03286385,10234.55,10617.15,10234.55,7933.0,87109950.0,0.0,0.0,7933.0,87109950.0,107.0,-107.0,0.0,0.0,1173050.0,-1173050.0,0.0,0.0
15/05/2025,10186.725,11000.0,-350.0,-0.03181818,10521.5,10521.5,10186.725,5200.0,55520000.0,0.0,0.0,5200.0,55520000.0,2600.0,-2600.0,0.0,0.0,27690000.0,-27690000.0,0.0,0.0
14/05/2025,10521.5,11100.0,-100.0,-0.00900901,10521.5,10521.5,10521.5,1807.0,19877300.0,0.0,0.0,1807.0,19877300.0,1300.0,-300.0,0.0,-1000.0,14300000.0,-3300000.0,0.0,-11000000.0
13/05/2025,10617.15,11100.0,0.0,0.0,10617.15,10617.15,10617.15,200.0,2220000.0,0.0,0.0,200.0,2220000.0,-100.0,100.0,0.0,0.0,-1110000.0,1110000.0,0.0,0.0
12/05/2025,10617.15,11500.0,-400.0,-0.03478261,10425.85,10617.15,10330.2,2210.0,24248000.0,0.0,0.0,2210.0,24248000.0,2010.0,-2010.0,0.0,0.0,22068000.0,-22068000.0,0.0,0.0
09/05/2025,10999.75,11500.0,0.0,0.0,10999.75,10999.75,10999.75,39.0,448500.0,0.0,0.0,39.0,448500.0,39.0,-39.0,0.0,0.0,448000.0,-448000.0,0.0,0.0
08/05/2025,10999.75,12100.0,-600.0,-0.04958678,10808.45,10999.75,10808.45,16843.0,190675700.0,0.0,0.0,16843.0,190675700.0,-4477.0,4477.0,0.0,0.0,-50884300.0,50884300.0,0.0,0.0
07/05/2025,11573.65,11650.0,450.0,0.03862661,11573.65,11573.65,11573.65,144.0,1733850.0,0.0,0.0,144.0,1733850.0,84.0,-84.0,0.0,0.0,1023600.0,-1023600.0,0.0,0.0
06/05/2025,11143.225,11000.0,650.0,0.05909091,10521.5,11143.225,10521.5,300.0,3365000.0,0.0,0.0,300.0,3365000.0,-300.0,300.0,0.0,0.0,-3365000.0,3365000.0,0.0,0.0
05/05/2025,10521.5,11550.0,-550.0,-0.04761905,10521.5,10521.5,10521.5,2091.0,22978250.0,0.0,0.0,2091.0,22978250.0,-90.0,90.0,0.0,0.0,-967500.0,967500.0,0.0,0.0
29/04/2025,11047.575,10900.0,650.0,0.05963303,11047.575,11047.575,11047.575,100.0,1155000.0,0.0,0.0,100.0,1155000.0,0.0,0.0,0.0,0.0,0.0,0.0,0.0,0.0
28/04/2025,10425.85,11550.0,-650.0,-0.05627706,10425.85,11238.875,10425.85,2701.0,29576500.0,0.0,0.0,2701.0,29576500.0,1000.0,0.0,0.0,-1000.0,10900000.0,0.0,0.0,-10900000.0
25/04/2025,11047.575,11650.0,-100.0,-0.00858369,10999.75,11047.575,10521.5,2100.0,23675000.0,0.0,0.0,2100.0,23675000.0,0.0,0.0,0.0,0.0,0.0,0.0,0.0,0.0
24/04/2025,11143.225,11900.0,-250.0,-0.0210084,10617.15,11143.225,10617.15,3831.0,42689100.0,0.0,0.0,3831.0,42689100.0,0.0,0.0,0.0,0.0,0.0,0.0,0.0,0.0
23/04/2025,11382.35,11900.0,0.0,0.0,11382.35,11382.35,11382.35,0.0,0.0,0.0,0.0,0.0,0.0,0.0,0.0,0.0,0.0,0.0,0.0,0.0,0.0
22/04/2025,11382.35,11900.0,0.0,0.0,11382.35,11382.35,11382.35,0.0,0.0,0.0,0.0,0.0,0.0,0.0,0.0,0.0,0.0,0.0,0.0,0.0,0.0
21/04/2025,11382.35,11900.0,0.0,0.0,11382.35,11382.35,11382.35,0.0,0.0,0.0,0.0,0.0,0.0,0.0,0.0,0.0,0.0,0.0,0.0,0.0,0.0
18/04/2025,11382.35,11200.0,700.0,0.0625,10712.8,11382.35,10712.8,500.0,5670000.0,0.0,0.0,500.0,5670000.0,0.0,0.0,0.0,0.0,0.0,0.0,0.0,0.0
17/04/2025,10712.8,11200.0,0.0,0.0,10712.8,10712.8,10712.8,0.0,0.0,0.0,0.0,0.0,0.0,0.0,0.0,0.0,0.0,0.0,0.0,0.0,0.0
16/04/2025,10712.8,11200.0,0.0,0.0,10712.8,10712.8,10712.8,0.0,0.0,0.0,0.0,0.0,0.0,0.0,0.0,0.0,0.0,0.0,0.0,0.0,0.0
15/04/2025,10712.8,12000.0,-800.0,-0.06666667,10712.8,10712.8,10712.8,1601.0,17932000.0,0.0,0.0,1601.0,17932000.0,0.0,0.0,0.0,0.0,0.0,0.0,0.0,0.0
14/04/2025,11478.0,11400.0,600.0,0.05263158,11478.0,11478.0,11478.0,700.0,8400000.0,0.0,0.0,700.0,8400000.0,0.0,0.0,0.0,0.0,0.0,0.0,0.0,0.0
11/04/2025,10904.1,11400.0,0.0,0.0,10904.1,10904.1,10904.1,0.0,0.0,0.0,0.0,0.0,0.0,0.0,0.0,0.0,0.0,0.0,0.0,0.0,0.0
10/04/2025,10904.1,10700.0,700.0,0.06542056,10904.1,10904.1,10712.8,1200.0,13480000.0,0.0,0.0,1200.0,13480000.0,0.0,0.0,0.0,0.0,0.0,0.0,0.0,0.0
09/04/2025,10234.55,11500.0,-800.0,-0.06956522,10712.8,10712.8,10234.55,5102.0,54651500.0,0.0,0.0,5102.0,54651500.0,0.0,0.0,0.0,0.0,0.0,0.0,0.0,0.0
08/04/2025,10999.75,11650.0,-150.0,-0.01287554,10999.75,10999.75,10999.75,190.0,2186500.0,0.0,0.0,190.0,2186500.0,0.0,0.0,0.0,0.0,0.0,0.0,0.0,0.0
04/04/2025,11143.225,11150.0,500.0,0.04484305,11143.225,11143.225,11143.225,100.0,1165000.0,0.0,0.0,100.0,1165000.0,0.0,0.0,0.0,0.0,0.0,0.0,0.0,0.0
03/04/2025,10664.975,11950.0,-800.0,-0.06694561,10808.45,11334.525,10664.975,4310.0,48297900.0,0.0,0.0,4310.0,48297900.0,0.0,0.0,0.0,0.0,0.0,0.0,0.0,0.0
02/04/2025,11430.175,11300.0,650.0,0.05752212,11430.175,11430.175,11430.175,107.0,1279000.0,0.0,0.0,107.0,1279000.0,0.0,0.0,0.0,0.0,0.0,0.0,0.0,0.0
01/04/2025,10808.45,11850.0,-550.0,-0.0464135,10808.45,10808.45,10808.45,700.0,7910000.0,0.0,0.0,700.0,7910000.0,700.0,0.0,0.0,-700.0,7910000.0,0.0,0.0,-7910000.0
31/03/2025,11334.525,12400.0,-550.0,-0.04435484,11191.05,11334.525,11191.05,600.0,7035000.0,0.0,0.0,600.0,7035000.0,0.0,0.0,0.0,0.0,0.0,0.0,0.0,0.0
28/03/2025,11860.6,12400.0,0.0,0.0,11860.6,11860.6,11860.6,0.0,0.0,0.0,0.0,0.0,0.0,0.0,0.0,0.0,0.0,0.0,0.0,0.0,0.0
27/03/2025,11860.6,12400.0,0.0,0.0,11860.6,11860.6,11860.6,2.0,24800.0,0.0,0.0,2.0,24800.0,0.0,0.0,0.0,0.0,0.0,0.0,0.0,0.0
26/03/2025,11860.6,11950.0,450.0,0.0376569,11860.6,11860.6,11860.6,100.0,1240000.0,0.0,0.0,100.0,1240000.0,0.0,0.0,0.0,0.0,0.0,0.0,0.0,0.0
25/03/2025,11430.175,11950.0,0.0,0.0,11430.175,11430.175,11430.175,0.0,0.0,0.0,0.0,0.0,0.0,0.0,0.0,0.0,0.0,0.0,0.0,0.0,0.0
24/03/2025,11430.175,11950.0,0.0,0.0,10999.75,11430.175,10999.75,2100.0,24195000.0,0.0,0.0,2100.0,24195000.0,0.0,0.0,0.0,0.0,0.0,0.0,0.0,0.0
21/03/2025,11430.175,11950.0,0.0,0.0,11430.175,11430.175,11430.175,0.0,0.0,0.0,0.0,0.0,0.0,0.0,0.0,0.0,0.0,0.0,0.0,0.0,0.0
20/03/2025,11430.175,11800.0,150.0,0.01271186,12004.075,12004.075,10904.1,1306.0,15165300.0,0.0,0.0,1306.0,15165300.0,-100.0,0.0,0.0,100.0,-1240000.0,0.0,0.0,1240000.0
19/03/2025,11286.7,11800.0,0.0,0.0,11286.7,11286.7,11286.7,0.0,0.0,0.0,0.0,0.0,0.0,0.0,0.0,0.0,0.0,0.0,0.0,0.0,0.0
18/03/2025,11286.7,11300.0,500.0,0.04424779,10808.45,11286.7,10808.45,1100.0,12480000.0,0.0,0.0,1100.0,12480000.0,0.0,0.0,0.0,0.0,0.0,0.0,0.0,0.0
17/03/2025,10808.45,11850.0,-550.0,-0.0464135,10808.45,10999.75,10712.8,2301.0,26096850.0,0.0,0.0,2301.0,26096850.0,-400.0,400.0,0.0,0.0,-4495000.0,4495000.0,0.0,0.0
14/03/2025,11334.525,11850.0,0.0,0.0,10664.975,11334.525,10664.975,200.0,2300000.0,0.0,0.0,200.0,2300000.0,0.0,0.0,0.0,0.0,0.0,0.0,0.0,0.0
13/03/2025,11334.525,11600.0,250.0,0.02155172,11334.525,11334.525,11334.525,118.0,1393800.0,0.0,0.0,118.0,1393800.0,0.0,0.0,0.0,0.0,0.0,0.0,0.0,0.0
12/03/2025,11095.4,11600.0,0.0,0.0,11095.4,11095.4,11095.4,20.0,232000.0,0.0,0.0,20.0,232000.0,0.0,0.0,0.0,0.0,0.0,0.0,0.0,0.0
11/03/2025,11095.4,12450.0,-850.0,-0.06827309,11095.4,11095.4,11095.4,301.0,3493300.0,0.0,0.0,301.0,3493300.0,-100.0,0.0,0.0,100.0,-1160000.0,0.0,0.0,1160000.0
10/03/2025,11908.425,12450.0,0.0,0.0,11908.425,11908.425,11908.425,17.0,211250.0,0.0,0.0,17.0,211250.0,0.0,0.0,0.0,0.0,0.0,0.0,0.0,0.0
07/03/2025,11908.425,11900.0,550.0,0.04621849,11382.35,12099.725,10760.625,1025.0,11969650.0,0.0,0.0,1025.0,11969650.0,0.0,0.0,0.0,0.0,0.0,0.0,0.0,0.0
06/03/2025,11382.35,12450.0,-550.0,-0.04417671,11717.125,11717.125,11095.4,1720.0,20211500.0,0.0,0.0,1720.0,20211500.0,-600.0,0.0,0.0,600.0,-7015000.0,0.0,0.0,7015000.0
05/03/2025,11908.425,11900.0,550.0,0.04621849,11908.425,11908.425,11908.425,105.0,1304500.0,0.0,0.0,105.0,1304500.0,0.0,0.0,0.0,0.0,0.0,0.0,0.0,0.0
04/03/2025,11382.35,11200.0,700.0,0.0625,11095.4,11430.175,11095.4,3022.0,35786800.0,0.0,0.0,3022.0,35786800.0,0.0,0.0,0.0,0.0,0.0,0.0,0.0,0.0
03/03/2025,10712.8,11900.0,-700.0,-0.05882353,10712.8,10712.8,10712.8,1000.0,11200000.0,0.0,0.0,1000.0,11200000.0,0.0,0.0,0.0,0.0,0.0,0.0,0.0,0.0
28/02/2025,11382.35,11950.0,-50.0,-0.0041841,10760.625,11382.35,10760.625,202.0,2337700.0,0.0,0.0,202.0,2337700.0,0.0,0.0,0.0,0.0,0.0,0.0,0.0,0.0
27/02/2025,11430.175,11450.0,500.0,0.04366812,11191.05,11430.175,10760.625,300.0,3490000.0,0.0,0.0,300.0,3490000.0,0.0,0.0,0.0,0.0,0.0,0.0,0.0,0.0
26/02/2025,10951.925,11050.0,400.0,0.0361991,10808.45,10951.925,10808.45,6100.0,68945000.0,0.0,0.0,6100.0,68945000.0,0.0,0.0,0.0,0.0,0.0,0.0,0.0,0.0
25/02/2025,10569.325,11300.0,-250.0,-0.02212389,10808.45,11047.575,10569.325,5362.0,61068200.0,0.0,0.0,5362.0,61068200.0,1000.0,0.0,0.0,-1000.0,11300000.0,0.0,0.0,-11300000.0
24/02/2025,10808.45,11850.0,-550.0,-0.0464135,10808.45,10808.45,10808.45,101.0,1141850.0,0.0,0.0,101.0,1141850.0,0.0,0.0,0.0,0.0,0.0,0.0,0.0,0.0
21/02/2025,11334.525,11900.0,-50.0,-0.00420168,11286.7,11334.525,10760.625,1200.0,14110000.0,0.0,0.0,1200.0,14110000.0,0.0,0.0,0.0,0.0,0.0,0.0,0.0,0.0
20/02/2025,11382.35,11800.0,100.0,0.00847458,10664.975,11382.35,10664.975,310.0,3561900.0,0.0,0.0,310.0,3561900.0,0.0,0.0,0.0,0.0,0.0,0.0,0.0,0.0
19/02/2025,11286.7,11800.0,0.0,0.0,11286.7,11286.7,11286.7,0.0,0.0,0.0,0.0,0.0,0.0,0.0,0.0,0.0,0.0,0.0,0.0,0.0,0.0
18/02/2025,11286.7,12550.0,-750.0,-0.05976096,11908.425,11908.425,11286.7,1200.0,14870000.0,0.0,0.0,1200.0,14870000.0,0.0,0.0,0.0,0.0,0.0,0.0,0.0,0.0
17/02/2025,12004.075,12000.0,550.0,0.04583333,12004.075,12004.075,12004.075,112.0,1399000.0,0.0,0.0,112.0,1399000.0,100.0,0.0,0.0,-100.0,1255000.0,0.0,0.0,-1255000.0
14/02/2025,11478.0,12000.0,0.0,0.0,10712.8,11478.0,10712.8,700.0,7995000.0,0.0,0.0,700.0,7995000.0,0.0,0.0,0.0,0.0,0.0,0.0,0.0,0.0
13/02/2025,11478.0,11700.0,300.0,0.02564103,11478.0,11478.0,11478.0,110.0,1310500.0,0.0,0.0,110.0,1310500.0,0.0,0.0,0.0,0.0,0.0,0.0,0.0,0.0
12/02/2025,11191.05,11700.0,0.0,0.0,11191.05,11191.05,11191.05,0.0,0.0,0.0,0.0,0.0,0.0,0.0,0.0,0.0,0.0,0.0,0.0,0.0,0.0
11/02/2025,11191.05,11700.0,0.0,0.0,11191.05,11191.05,11191.05,2.0,23400.0,0.0,0.0,2.0,23400.0,0.0,0.0,0.0,0.0,0.0,0.0,0.0,0.0
10/02/2025,11191.05,11750.0,-50.0,-0.0043,11238.875,11238.875,11191.05,1510.0,17672050.0,0.0,0.0,1510.0,17672050.0,0.0,0.0,0.0,0.0,0.0,0.0,0.0,0.0
07/02/2025,11238.875,12500.0,-750.0,-0.06,11238.875,11238.875,11238.875,600.0,7050000.0,0.0,0.0,600.0,7050000.0,0.0,0.0,0.0,0.0,0.0,0.0,0.0,0.0
06/02/2025,11956.25,12500.0,0.0,0.0,11956.25,11956.25,11956.25,0.0,0.0,0.0,0.0,0.0,0.0,0.0,0.0,0.0,0.0,0.0,0.0,0.0,0.0
05/02/2025,11956.25,12500.0,0.0,0.0,11956.25,11956.25,11956.25,0.0,0.0,0.0,0.0,0.0,0.0,0.0,0.0,0.0,0.0,0.0,0.0,0.0,0.0
04/02/2025,11956.25,12500.0,0.0,0.0,11956.25,11956.25,11956.25,0.0,0.0,0.0,0.0,0.0,0.0,0.0,0.0,0.0,0.0,0.0,0.0,0.0,0.0
03/02/2025,11956.25,12500.0,0.0,0.0,11956.25,11956.25,11956.25,0.0,0.0,0.0,0.0,0.0,0.0,0.0,0.0,0.0,0.0,0.0,0.0,0.0,0.0
24/01/2025,11956.25,12550.0,-50.0,-0.00398406,12817.1,12817.1,11956.25,510.0,6645000.0,0.0,0.0,510.0,6645000.0,0.0,0.0,0.0,0.0,0.0,0.0,0.0,0.0
23/01/2025,12004.075,12550.0,0.0,0.0,12004.075,12004.075,12004.075,0.0,0.0,0.0,0.0,0.0,0.0,0.0,0.0,0.0,0.0,0.0,0.0,0.0,0.0
22/01/2025,12004.075,12550.0,0.0,0.0,12004.075,12004.075,12004.075,0.0,0.0,0.0,0.0,0.0,0.0,0.0,0.0,0.0,0.0,0.0,0.0,0.0,0.0
21/01/2025,12004.075,11750.0,800.0,0.06808511,10473.675,12004.075,10473.675,400.0,4860000.0,0.0,0.0,400.0,4860000.0,0.0,0.0,0.0,0.0,0.0,0.0,0.0,0.0
20/01/2025,11238.875,11750.0,0.0,0.0,11238.875,11238.875,11238.875,2.0,23500.0,0.0,0.0,2.0,23500.0,0.0,0.0,0.0,0.0,0.0,0.0,0.0,0.0
17/01/2025,11238.875,11800.0,-50.0,-0.00423729,11191.05,11238.875,10712.8,500.0,5805000.0,0.0,0.0,500.0,5805000.0,0.0,0.0,0.0,0.0,0.0,0.0,0.0,0.0
16/01/2025,11286.7,11800.0,0.0,0.0,11286.7,11286.7,11286.7,100.0,1180000.0,0.0,0.0,100.0,1180000.0,0.0,0.0,0.0,0.0,0.0,0.0,0.0,0.0
15/01/2025,11286.7,11800.0,0.0,0.0,11286.7,11286.7,11286.7,0.0,0.0,0.0,0.0,0.0,0.0,0.0,0.0,0.0,0.0,0.0,0.0,0.0,0.0
14/01/2025,11286.7,11800.0,0.0,0.0,11286.7,11286.7,11286.7,0.0,0.0,0.0,0.0,0.0,0.0,0.0,0.0,0.0,0.0,0.0,0.0,0.0,0.0
13/01/2025,11286.7,11800.0,0.0,0.0,11286.7,11286.7,11286.7,0.0,0.0,0.0,0.0,0.0,0.0,0.0,0.0,0.0,0.0,0.0,0.0,0.0,0.0
10/01/2025,11286.7,11800.0,0.0,0.0,11286.7,11286.7,11286.7,0.0,0.0,0.0,0.0,0.0,0.0,0.0,0.0,0.0,0.0,0.0,0.0,0.0,0.0
09/01/2025,11286.7,11500.0,300.0,0.02608696,11286.7,11286.7,11286.7,100.0,1180000.0,0.0,0.0,100.0,1180000.0,0.0,0.0,0.0,0.0,0.0,0.0,0.0,0.0
08/01/2025,10999.75,11500.0,0.0,0.0,10999.75,10999.75,10999.75,0.0,0.0,0.0,0.0,0.0,0.0,0.0,0.0,0.0,0.0,0.0,0.0,0.0,0.0
07/01/2025,10999.75,11000.0,500.0,0.04545455,10521.5,10999.75,10521.5,4200.0,46545000.0,0.0,0.0,4200.0,46545000.0,0.0,0.0,0.0,0.0,0.0,0.0,0.0,0.0
06/01/2025,10521.5,11050.0,-50.0,-0.00452489,10473.675,10617.15,10473.675,6301.0,69326800.0,0.0,0.0,6301.0,69326800.0,0.0,0.0,0.0,0.0,0.0,0.0,0.0,0.0
03/01/2025,10569.325,10600.0,450.0,0.04245283,10569.325,10569.325,10569.325,100.0,1105000.0,0.0,0.0,100.0,1105000.0,0.0,0.0,0.0,0.0,0.0,0.0,0.0,0.0
02/01/2025,10138.9,11200.0,-600.0,-0.05357143,10234.55,10234.55,10091.075,3100.0,32890000.0,0.0,0.0,3100.0,32890000.0,0.0,0.0,0.0,0.0,0.0,0.0,0.0,0.0
31/12/2024,10712.8,12000.0,-800.0,-0.06666667,10808.45,10808.45,10712.8,300.0,3370000.0,0.0,0.0,300.0,3370000.0,0.0,0.0,0.0,0.0,0.0,0.0,0.0,0.0
30/12/2024,11478.0,11600.0,400.0,0.03448276,10425.85,11478.0,10330.2,7100.0,77240000.0,0.0,0.0,7100.0,77240000.0,0.0,0.0,0.0,0.0,0.0,0.0,0.0,0.0
27/12/2024,11095.4,12450.0,-850.0,-0.06827309,11095.4,11095.4,11095.4,202.0,2343200.0,0.0,0.0,202.0,2343200.0,0.0,0.0,0.0,0.0,0.0,0.0,0.0,0.0
26/12/2024,11908.425,11800.0,650.0,0.05508475,11478.0,12004.075,10521.5,6200.0,72525000.0,0.0,0.0,6200.0,72525000.0,0.0,0.0,0.0,0.0,0.0,0.0,0.0,0.0
25/12/2024,11286.7,11550.0,250.0,0.02164502,11191.05,11286.7,11191.05,4501.0,52761700.0,0.0,0.0,4501.0,52761700.0,0.0,0.0,0.0,0.0,0.0,0.0,0.0,0.0
24/12/2024,11047.575,11000.0,550.0,0.05,10521.5,11047.575,10521.5,7320.0,81975000.0,0.0,0.0,7320.0,81975000.0,0.0,0.0,0.0,0.0,0.0,0.0,0.0,0.0
23/12/2024,10521.5,11000.0,0.0,0.0,10521.5,10521.5,10521.5,1000.0,11000000.0,0.0,0.0,1000.0,11000000.0,0.0,0.0,0.0,0.0,0.0,0.0,0.0,0.0
20/12/2024,10521.5,11000.0,0.0,0.0,10521.5,10521.5,10521.5,2000.0,22000000.0,0.0,0.0,2000.0,22000000.0,0.0,0.0,0.0,0.0,0.0,0.0,0.0,0.0
19/12/2024,10521.5,11000.0,0.0,0.0,10043.25,10521.5,10043.25,1100.0,12050000.0,0.0,0.0,1100.0,12050000.0,0.0,0.0,0.0,0.0,0.0,0.0,0.0,0.0
18/12/2024,10521.5,11000.0,0.0,0.0,10521.5,10521.5,10521.5,0.0,0.0,0.0,0.0,0.0,0.0,0.0,0.0,0.0,0.0,0.0,0.0,0.0,0.0
17/12/2024,10521.5,11000.0,0.0,0.0,10521.5,10521.5,10521.5,100.0,1100000.0,0.0,0.0,100.0,1100000.0,0.0,0.0,0.0,0.0,0.0,0.0,0.0,0.0
16/12/2024,10521.5,11300.0,-300.0,-0.02654867,10521.5,10521.5,10521.5,100.0,1100000.0,0.0,0.0,100.0,1100000.0,0.0,0.0,0.0,0.0,0.0,0.0,0.0,0.0
13/12/2024,10808.45,10800.0,500.0,0.0462963,9708.475,10808.45,9708.475,300.0,3195000.0,0.0,0.0,300.0,3195000.0,0.0,0.0,0.0,0.0,0.0,0.0,0.0,0.0
12/12/2024,10330.2,10800.0,0.0,0.0,10330.2,10330.2,10330.2,0.0,0.0,0.0,0.0,0.0,0.0,0.0,0.0,0.0,0.0,0.0,0.0,0.0,0.0
11/12/2024,10330.2,10800.0,0.0,0.0,10330.2,10330.2,10330.2,0.0,0.0,0.0,0.0,0.0,0.0,0.0,0.0,0.0,0.0,0.0,0.0,0.0,0.0
10/12/2024,10330.2,10800.0,0.0,0.0,10330.2,10330.2,10330.2,0.0,0.0,0.0,0.0,0.0,0.0,0.0,0.0,0.0,0.0,0.0,0.0,0.0,0.0
09/12/2024,10330.2,10800.0,0.0,0.0,10330.2,10330.2,10330.2,0.0,0.0,0.0,0.0,0.0,0.0,0.0,0.0,0.0,0.0,0.0,0.0,0.0,0.0
06/12/2024,10330.2,10800.0,0.0,0.0,10330.2,10330.2,10330.2,0.0,0.0,0.0,0.0,0.0,0.0,0.0,0.0,0.0,0.0,0.0,0.0,0.0,0.0
05/12/2024,10330.71651,11300.0,0.0,0.0,9690.76062,10330.71651,9690.76062,3000.0,32170000.0,0.0,0.0,3000.0,32170000.0,0.0,0.0,0.0,0.0,0.0,0.0,0.0,0.0
04/12/2024,10330.71651,11500.0,-200.0,-0.0173913,10330.71651,10330.71651,10330.71651,900.0,10170000.0,0.0,0.0,900.0,10170000.0,0.0,0.0,0.0,0.0,0.0,0.0,0.0,0.0
03/12/2024,10513.56105,11000.0,500.0,0.04545455,10513.56105,10513.56105,10513.56105,1200.0,13800000.0,0.0,0.0,1200.0,13800000.0,0.0,0.0,0.0,0.0,0.0,0.0,0.0,0.0
02/12/2024,10056.4497,11000.0,0.0,0.0,10056.4497,10056.4497,10056.4497,0.0,0.0,0.0,0.0,0.0,0.0,0.0,0.0,0.0,0.0,0.0,0.0,0.0,0.0
29/11/2024,10056.4497,11000.0,0.0,0.0,10056.4497,10056.4497,10056.4497,4.0,44000.0,0.0,0.0,4.0,44000.0,0.0,0.0,0.0,0.0,0.0,0.0,0.0,0.0
28/11/2024,10056.4497,11000.0,0.0,0.0,10056.4497,10056.4497,10056.4497,3000.0,33000000.0,0.0,0.0,3000.0,33000000.0,0.0,0.0,0.0,0.0,0.0,0.0,0.0,0.0
27/11/2024,10056.4497,11000.0,0.0,0.0,10056.4497,10056.4497,10056.4497,0.0,0.0,0.0,0.0,0.0,0.0,0.0,0.0,0.0,0.0,0.0,0.0,0.0,0.0
26/11/2024,10056.4497,11200.0,-200.0,-0.01785714,10056.4497,10056.4497,10056.4497,545.0,5995000.0,0.0,0.0,545.0,5995000.0,0.0,0.0,0.0,0.0,0.0,0.0,0.0,0.0
25/11/2024,10239.29424,11200.0,0.0,0.0,10239.29424,10239.29424,10239.29424,139.0,1549000.0,0.0,0.0,139.0,1549000.0,0.0,0.0,0.0,0.0,0.0,0.0,0.0,0.0
22/11/2024,10239.29424,11200.0,0.0,0.0,10239.29424,10239.29424,10239.29424,0.0,0.0,0.0,0.0,0.0,0.0,0.0,0.0,0.0,0.0,0.0,0.0,0.0,0.0
21/11/2024,10239.29424,11200.0,0.0,0.0,10239.29424,10239.29424,10239.29424,0.0,0.0,0.0,0.0,0.0,0.0,0.0,0.0,0.0,0.0,0.0,0.0,0.0,0.0
20/11/2024,10239.29424,10650.0,550.0,0.05164319,10239.29424,10239.29424,10239.29424,100.0,1120000.0,0.0,0.0,100.0,1120000.0,0.0,0.0,0.0,0.0,0.0,0.0,0.0,0.0
19/11/2024,9736.471755,10650.0,0.0,0.0,9736.471755,9736.471755,9736.471755,0.0,0.0,0.0,0.0,0.0,0.0,0.0,0.0,0.0,0.0,0.0,0.0,0.0,0.0
18/11/2024,9736.471755,10600.0,50.0,0.00471698,9736.471755,9736.471755,9736.471755,186.0,1976600.0,0.0,0.0,186.0,1976600.0,0.0,0.0,0.0,0.0,0.0,0.0,0.0,0.0
15/11/2024,9690.76062,10600.0,0.0,0.0,9690.76062,9690.76062,9690.76062,1.0,11200.0,0.0,0.0,1.0,11200.0,0.0,0.0,0.0,0.0,0.0,0.0,0.0,0.0
14/11/2024,9690.76062,10600.0,0.0,0.0,9690.76062,9690.76062,9690.76062,304.0,3220810.0,0.0,0.0,304.0,3220810.0,0.0,0.0,0.0,0.0,0.0,0.0,0.0,0.0
13/11/2024,9690.76062,10600.0,0.0,0.0,9690.76062,9690.76062,9690.76062,110.0,1159430.0,0.0,0.0,110.0,1159430.0,10.0,-10.0,-10.0,0.0,99430.0,-99430.0,-99000.0,0.0
12/11/2024,9690.76062,10600.0,0.0,0.0,9690.76062,9690.76062,9690.76062,3.0,31800.0,0.0,0.0,3.0,31800.0,0.0,0.0,0.0,0.0,0.0,0.0,0.0,0.0
11/11/2024,9690.76062,10600.0,0.0,0.0,9690.76062,9690.76062,9690.76062,1000.0,10600000.0,0.0,0.0,1000.0,10600000.0,0.0,0.0,0.0,0.0,0.0,0.0,0.0,0.0
08/11/2024,9690.76062,11300.0,-700.0,-0.0619469,9690.76062,9690.76062,9690.76062,1300.0,13780000.0,0.0,0.0,1300.0,13780000.0,0.0,0.0,0.0,0.0,0.0,0.0,0.0,0.0
07/11/2024,10330.71651,11000.0,300.0,0.02727273,9599.33835,10330.71651,9370.782675,345.0,3666250.0,0.0,0.0,345.0,3666250.0,200.0,0.0,0.0,-200.0,2075000.0,0.0,0.0,-2075000.0
06/11/2024,10056.4497,11000.0,0.0,0.0,10056.4497,10056.4497,10056.4497,0.0,0.0,0.0,0.0,0.0,0.0,0.0,0.0,0.0,0.0,0.0,0.0,0.0,0.0
05/11/2024,10056.4497,11000.0,0.0,0.0,10056.4497,10056.4497,10056.4497,0.0,0.0,0.0,0.0,0.0,0.0,0.0,0.0,0.0,0.0,0.0,0.0,0.0,0.0
04/11/2024,10056.4497,11000.0,0.0,0.0,10056.4497,10056.4497,10056.4497,1.0,11000.0,0.0,0.0,1.0,11000.0,0.0,0.0,0.0,0.0,0.0,0.0,0.0,0.0
01/11/2024,10056.4497,11200.0,-200.0,-0.01785714,10056.4497,10056.4497,10056.4497,100.0,1100000.0,0.0,0.0,100.0,1100000.0,0.0,0.0,0.0,0.0,0.0,0.0,0.0,0.0
31/10/2024,10239.29424,11200.0,0.0,0.0,10239.29424,10239.29424,10239.29424,0.0,0.0,0.0,0.0,0.0,0.0,0.0,0.0,0.0,0.0,0.0,0.0,0.0,0.0
30/10/2024,10239.29424,11200.0,0.0,0.0,10239.29424,10239.29424,10239.29424,0.0,0.0,0.0,0.0,0.0,0.0,0.0,0.0,0.0,0.0,0.0,0.0,0.0,0.0
29/10/2024,10239.29424,11200.0,0.0,0.0,10239.29424,10239.29424,10239.29424,210.0,2350000.0,0.0,0.0,210.0,2350000.0,0.0,0.0,0.0,0.0,0.0,0.0,0.0,0.0
28/10/2024,10239.29424,11100.0,100.0,0.00900901,10239.29424,10239.29424,10239.29424,100.0,1120000.0,0.0,0.0,100.0,1120000.0,-100.0,0.0,0.0,100.0,-1120000.0,0.0,0.0,1120000.0
25/10/2024,10147.87197,11100.0,0.0,0.0,10147.87197,10147.87197,10147.87197,0.0,0.0,0.0,0.0,0.0,0.0,0.0,0.0,0.0,0.0,0.0,0.0,0.0,0.0
24/10/2024,10147.87197,11100.0,0.0,0.0,10147.87197,10147.87197,10147.87197,0.0,0.0,0.0,0.0,0.0,0.0,0.0,0.0,0.0,0.0,0.0,0.0,0.0,0.0
23/10/2024,10147.87197,11200.0,-100.0,-0.00892857,10239.29424,10239.29424,10147.87197,200.0,2230000.0,0.0,0.0,200.0,2230000.0,0.0,0.0,0.0,0.0,0.0,0.0,0.0,0.0
22/10/2024,10239.29424,11300.0,-100.0,-0.00884956,10239.29424,10239.29424,10239.29424,100.0,1120000.0,0.0,0.0,100.0,1120000.0,0.0,0.0,0.0,0.0,0.0,0.0,0.0,0.0
21/10/2024,10330.71651,11300.0,0.0,0.0,10330.71651,10330.71651,10330.71651,100.0,1130000.0,0.0,0.0,100.0,1130000.0,0.0,0.0,0.0,0.0,0.0,0.0,0.0,0.0
18/10/2024,10330.71651,11200.0,100.0,0.00892857,10330.71651,10330.71651,10330.71651,100.0,1130000.0,0.0,0.0,100.0,1130000.0,0.0,0.0,0.0,0.0,0.0,0.0,0.0,0.0
17/10/2024,10239.29424,11300.0,-100.0,-0.00884956,10239.29424,10239.29424,10239.29424,300.0,3360000.0,0.0,0.0,300.0,3360000.0,0.0,0.0,0.0,0.0,0.0,0.0,0.0,0.0
16/10/2024,10330.71651,11300.0,0.0,0.0,10330.71651,10330.71651,10330.71651,0.0,0.0,0.0,0.0,0.0,0.0,0.0,0.0,0.0,0.0,0.0,0.0,0.0,0.0
15/10/2024,10330.71651,11300.0,0.0,0.0,10330.71651,10330.71651,10330.71651,20.0,211000.0,0.0,0.0,20.0,211000.0,20.0,-20.0,-20.0,0.0,211000.0,-211000.0,-211000.0,0.0
14/10/2024,10330.71651,10700.0,600.0,0.05607477,10330.71651,10330.71651,10330.71651,100.0,1130000.0,0.0,0.0,100.0,1130000.0,0.0,0.0,0.0,0.0,0.0,0.0,0.0,0.0
11/10/2024,9782.18289,10700.0,0.0,0.0,9599.33835,9782.18289,9599.33835,201.0,2131000.0,0.0,0.0,201.0,2131000.0,0.0,0.0,0.0,0.0,0.0,0.0,0.0,0.0
10/10/2024,9782.18289,10700.0,0.0,0.0,9782.18289,9782.18289,9782.18289,0.0,0.0,0.0,0.0,0.0,0.0,0.0,0.0,0.0,0.0,0.0,0.0,0.0,0.0
09/10/2024,9782.18289,10700.0,0.0,0.0,9782.18289,9782.18289,9782.18289,100.0,1070000.0,0.0,0.0,100.0,1070000.0,0.0,0.0,0.0,0.0,0.0,0.0,0.0,0.0
08/10/2024,9782.18289,10700.0,0.0,0.0,9782.18289,9782.18289,9782.18289,0.0,0.0,0.0,0.0,0.0,0.0,0.0,0.0,0.0,0.0,0.0,0.0,0.0,0.0
07/10/2024,9782.18289,10700.0,0.0,0.0,9782.18289,9782.18289,9782.18289,0.0,0.0,0.0,0.0,0.0,0.0,0.0,0.0,0.0,0.0,0.0,0.0,0.0,0.0
04/10/2024,9782.18289,10700.0,0.0,0.0,9782.18289,9782.18289,9782.18289,7900.0,84530000.0,0.0,0.0,7900.0,84530000.0,0.0,0.0,0.0,0.0,0.0,0.0,0.0,0.0
03/10/2024,9782.18289,10700.0,0.0,0.0,9782.18289,9782.18289,9782.18289,2000.0,21400000.0,0.0,0.0,2000.0,21400000.0,-100.0,0.0,0.0,100.0,-1070000.0,0.0,0.0,1070000.0
02/10/2024,9782.18289,10700.0,0.0,0.0,9782.18289,9782.18289,9782.18289,0.0,0.0,0.0,0.0,0.0,0.0,0.0,0.0,0.0,0.0,0.0,0.0,0.0,0.0
01/10/2024,9782.18289,10700.0,0.0,0.0,9782.18289,9782.18289,9782.18289,30.0,321000.0,0.0,0.0,30.0,321000.0,0.0,0.0,0.0,0.0,0.0,0.0,0.0,0.0
30/09/2024,9782.18289,11400.0,-700.0,-0.06140351,9782.18289,9782.18289,9782.18289,101.0,1080650.0,0.0,0.0,101.0,1080650.0,0.0,0.0,0.0,0.0,0.0,0.0,0.0,0.0
27/09/2024,10422.13878,11400.0,0.0,0.0,10422.13878,10422.13878,10422.13878,0.0,0.0,0.0,0.0,0.0,0.0,0.0,0.0,0.0,0.0,0.0,0.0,0.0,0.0
26/09/2024,10422.13878,11400.0,0.0,0.0,10422.13878,10422.13878,10422.13878,0.0,0.0,0.0,0.0,0.0,0.0,0.0,0.0,0.0,0.0,0.0,0.0,0.0,0.0
25/09/2024,10422.13878,11400.0,0.0,0.0,10422.13878,10422.13878,10422.13878,10.0,110000.0,0.0,0.0,10.0,110000.0,0.0,0.0,0.0,0.0,0.0,0.0,0.0,0.0
24/09/2024,10422.13878,10800.0,600.0,0.05555556,10422.13878,10422.13878,10422.13878,100.0,1140000.0,0.0,0.0,100.0,1140000.0,0.0,0.0,0.0,0.0,0.0,0.0,0.0,0.0
23/09/2024,9873.60516,11450.0,-650.0,-0.05676856,9873.60516,9873.60516,9873.60516,186.0,1998300.0,0.0,0.0,186.0,1998300.0,0.0,0.0,0.0,0.0,0.0,0.0,0.0,0.0
20/09/2024,10467.849915,11450.0,0.0,0.0,10467.849915,10467.849915,10467.849915,1.0,11450.0,0.0,0.0,1.0,11450.0,0.0,0.0,0.0,0.0,0.0,0.0,0.0,0.0
19/09/2024,10467.849915,11450.0,0.0,0.0,10467.849915,10467.849915,10467.849915,0.0,0.0,0.0,0.0,0.0,0.0,0.0,0.0,0.0,0.0,0.0,0.0,0.0,0.0
18/09/2024,10467.849915,11450.0,0.0,0.0,10467.849915,10467.849915,10467.849915,100.0,1145000.0,0.0,0.0,100.0,1145000.0,0.0,0.0,0.0,0.0,0.0,0.0,0.0,0.0
17/09/2024,10467.849915,11450.0,0.0,0.0,10467.849915,10467.849915,10467.849915,0.0,0.0,0.0,0.0,0.0,0.0,0.0,0.0,0.0,0.0,0.0,0.0,0.0,0.0
16/09/2024,10467.849915,11450.0,0.0,0.0,10467.849915,10467.849915,10467.849915,0.0,0.0,0.0,0.0,0.0,0.0,0.0,0.0,0.0,0.0,0.0,0.0,0.0,0.0
13/09/2024,10467.849915,11350.0,100.0,0.00881057,10376.427645,10467.849915,10376.427645,501.0,5696350.0,0.0,0.0,501.0,5696350.0,0.0,0.0,0.0,0.0,0.0,0.0,0.0,0.0
12/09/2024,10376.427645,10700.0,650.0,0.06074766,9416.49381,10376.427645,9416.49381,1300.0,13635000.0,0.0,0.0,1300.0,13635000.0,0.0,0.0,0.0,0.0,0.0,0.0,0.0,0.0
11/09/2024,9782.18289,10700.0,0.0,0.0,9782.18289,9782.18289,9782.18289,3000.0,32100000.0,0.0,0.0,3000.0,32100000.0,0.0,0.0,0.0,0.0,0.0,0.0,0.0,0.0
10/09/2024,9782.18289,11150.0,-450.0,-0.04035874,9782.18289,9782.18289,9782.18289,100.0,1070000.0,0.0,0.0,100.0,1070000.0,0.0,0.0,0.0,0.0,0.0,0.0,0.0,0.0
09/09/2024,10193.583105,11150.0,0.0,0.0,10193.583105,10193.583105,10193.583105,0.0,0.0,0.0,0.0,0.0,0.0,0.0,0.0,0.0,0.0,0.0,0.0,0.0,0.0
06/09/2024,10193.583105,10900.0,250.0,0.02293578,9462.204945,10239.29424,9462.204945,418.0,4517550.0,0.0,0.0,418.0,4517550.0,0.0,0.0,0.0,0.0,0.0,0.0,0.0,0.0
05/09/2024,9965.02743,10800.0,100.0,0.00925926,9965.02743,9965.02743,9965.02743,1100.0,11990000.0,0.0,0.0,1100.0,11990000.0,0.0,0.0,0.0,0.0,0.0,0.0,0.0,0.0
04/09/2024,9873.60516,11600.0,-800.0,-0.06896552,9873.60516,9873.60516,9873.60516,200.0,2160000.0,0.0,0.0,200.0,2160000.0,0.0,0.0,0.0,0.0,0.0,0.0,0.0,0.0
30/08/2024,10604.98332,12100.0,-500.0,-0.04132231,11702.05056,11702.05056,10604.98332,501.0,5937100.0,0.0,0.0,501.0,5937100.0,0.0,0.0,0.0,0.0,0.0,0.0,0.0,0.0
29/08/2024,11062.09467,11400.0,700.0,0.06140351,11107.805805,11107.805805,10604.98332,2800.0,33235000.0,0.0,0.0,2800.0,33235000.0,0.0,0.0,0.0,0.0,0.0,0.0,0.0,0.0
28/08/2024,10422.13878,10700.0,700.0,0.06542056,10422.13878,10422.13878,10422.13878,9460.0,107784000.0,0.0,0.0,9460.0,107784000.0,0.0,0.0,0.0,0.0,0.0,0.0,0.0,0.0
27/08/2024,9782.18289,11250.0,-550.0,-0.04888889,10285.005375,10285.005375,9782.18289,2100.0,22525000.0,0.0,0.0,2100.0,22525000.0,0.0,0.0,0.0,0.0,0.0,0.0,0.0,0.0
26/08/2024,10285.005375,11250.0,0.0,0.0,10239.29424,10285.005375,10239.29424,2200.0,24745000.0,0.0,0.0,2200.0,24745000.0,0.0,0.0,0.0,0.0,0.0,0.0,0.0,0.0
23/08/2024,10285.005375,11200.0,50.0,0.00446429,10239.29424,10285.005375,10239.29424,4100.0,46075000.0,0.0,0.0,4100.0,46075000.0,0.0,0.0,0.0,0.0,0.0,0.0,0.0,0.0
22/08/2024,10239.29424,11200.0,0.0,0.0,10239.29424,10239.29424,10239.29424,100.0,1120000.0,0.0,0.0,100.0,1120000.0,0.0,0.0,0.0,0.0,0.0,0.0,0.0,0.0
21/08/2024,10239.29424,11200.0,0.0,0.0,10239.29424,10239.29424,10239.29424,2400.0,26880000.0,0.0,0.0,2400.0,26880000.0,-500.0,0.0,0.0,500.0,-5600000.0,0.0,0.0,5600000.0
20/08/2024,10239.29424,11200.0,0.0,0.0,10239.29424,10239.29424,10239.29424,0.0,0.0,0.0,0.0,0.0,0.0,0.0,0.0,0.0,0.0,0.0,0.0,0.0,0.0
19/08/2024,10239.29424,11200.0,0.0,0.0,10239.29424,10239.29424,10239.29424,0.0,0.0,0.0,0.0,0.0,0.0,0.0,0.0,0.0,0.0,0.0,0.0,0.0,0.0
16/08/2024,10239.29424,11300.0,-100.0,-0.00884956,10239.29424,10239.29424,10239.29424,1200.0,13440000.0,0.0,0.0,1200.0,13440000.0,0.0,0.0,0.0,0.0,0.0,0.0,0.0,0.0
15/08/2024,10330.71651,11300.0,0.0,0.0,10330.71651,10330.71651,10330.71651,0.0,0.0,0.0,0.0,0.0,0.0,0.0,0.0,0.0,0.0,0.0,0.0,0.0,0.0
14/08/2024,10330.71651,11250.0,50.0,0.00444444,10330.71651,10330.71651,10330.71651,100.0,1130000.0,0.0,0.0,100.0,1130000.0,0.0,0.0,0.0,0.0,0.0,0.0,0.0,0.0
13/08/2024,10285.005375,11300.0,-50.0,-0.00442478,10285.005375,10285.005375,10285.005375,710.0,7985000.0,0.0,0.0,710.0,7985000.0,0.0,0.0,0.0,0.0,0.0,0.0,0.0,0.0
12/08/2024,10330.71651,11300.0,0.0,0.0,10330.71651,10330.71651,10330.71651,10.0,110000.0,0.0,0.0,10.0,110000.0,0.0,0.0,0.0,0.0,0.0,0.0,0.0,0.0
09/08/2024,10330.71651,11300.0,0.0,0.0,10330.71651,10330.71651,10330.71651,500.0,5650000.0,0.0,0.0,500.0,5650000.0,0.0,0.0,0.0,0.0,0.0,0.0,0.0,0.0
08/08/2024,10330.71651,11300.0,0.0,0.0,10330.71651,10330.71651,10330.71651,3000.0,33900000.0,0.0,0.0,3000.0,33900000.0,0.0,0.0,0.0,0.0,0.0,0.0,0.0,0.0
07/08/2024,10330.71651,11300.0,0.0,0.0,10330.71651,10330.71651,10330.71651,2000.0,22600000.0,0.0,0.0,2000.0,22600000.0,0.0,0.0,0.0,0.0,0.0,0.0,0.0,0.0
06/08/2024,10330.71651,11300.0,0.0,0.0,10330.71651,10330.71651,10330.71651,2600.0,29380000.0,0.0,0.0,2600.0,29380000.0,0.0,0.0,0.0,0.0,0.0,0.0,0.0,0.0
05/08/2024,10330.71651,12050.0,-750.0,-0.06224066,10330.71651,10330.71651,10330.71651,100.0,1130000.0,0.0,0.0,100.0,1130000.0,0.0,0.0,0.0,0.0,0.0,0.0,0.0,0.0
02/08/2024,11016.383535,11300.0,750.0,0.06637168,10330.71651,11016.383535,9690.76062,2900.0,31845000.0,0.0,0.0,2900.0,31845000.0,0.0,0.0,0.0,0.0,0.0,0.0,0.0,0.0
01/08/2024,10330.71651,11300.0,0.0,0.0,10330.71651,10330.71651,10330.71651,23100.0,261030000.0,0.0,0.0,23100.0,261030000.0,0.0,0.0,0.0,0.0,0.0,0.0,0.0,0.0
31/07/2024,10330.71651,11300.0,0.0,0.0,10330.71651,10330.71651,10330.71651,0.0,0.0,0.0,0.0,0.0,0.0,0.0,0.0,0.0,0.0,0.0,0.0,0.0,0.0
30/07/2024,10330.71651,11300.0,0.0,0.0,10330.71651,10330.71651,10330.71651,0.0,0.0,0.0,0.0,0.0,0.0,0.0,0.0,0.0,0.0,0.0,0.0,0.0,0.0
29/07/2024,10330.71651,11500.0,-200.0,-0.0173913,10330.71651,10330.71651,10330.71651,150.0,1695000.0,0.0,0.0,150.0,1695000.0,0.0,0.0,0.0,0.0,0.0,0.0,0.0,0.0
26/07/2024,10513.56105,11500.0,0.0,0.0,10513.56105,10513.56105,10513.56105,0.0,0.0,0.0,0.0,0.0,0.0,0.0,0.0,0.0,0.0,0.0,0.0,0.0,0.0
25/07/2024,10513.56105,11300.0,200.0,0.01769912,10330.71651,10513.56105,10330.71651,2700.0,30850000.0,0.0,0.0,2700.0,30850000.0,0.0,0.0,0.0,0.0,0.0,0.0,0.0,0.0
24/07/2024,10330.71651,11300.0,0.0,0.0,10330.71651,10330.71651,10330.71651,8900.0,100570000.0,0.0,0.0,8900.0,100570000.0,0.0,0.0,0.0,0.0,0.0,0.0,0.0,0.0
23/07/2024,10330.71651,11200.0,100.0,0.00892857,10330.71651,10330.71651,10147.87197,35900.0,401470000.0,0.0,0.0,35900.0,401470000.0,0.0,0.0,0.0,0.0,0.0,0.0,0.0,0.0
22/07/2024,10239.29424,11200.0,0.0,0.0,10330.71651,10330.71651,10239.29424,3400.0,38260000.0,0.0,0.0,3400.0,38260000.0,0.0,0.0,0.0,0.0,0.0,0.0,0.0,0.0
19/07/2024,10239.29424,11000.0,200.0,0.01818182,10239.29424,10239.29424,10239.29424,2000.0,22400000.0,0.0,0.0,2000.0,22400000.0,0.0,0.0,0.0,0.0,0.0,0.0,0.0,0.0
18/07/2024,10056.4497,11000.0,0.0,0.0,10056.4497,10056.4497,10056.4497,300.0,3300000.0,0.0,0.0,300.0,3300000.0,0.0,0.0,0.0,0.0,0.0,0.0,0.0,0.0
17/07/2024,10056.4497,11100.0,-100.0,-0.00900901,10056.4497,10056.4497,10056.4497,500.0,5500000.0,0.0,0.0,500.0,5500000.0,0.0,0.0,0.0,0.0,0.0,0.0,0.0,0.0
16/07/2024,10147.87197,11100.0,0.0,0.0,10239.29424,10422.13878,10147.87197,2800.0,31380000.0,0.0,0.0,2800.0,31380000.0,0.0,0.0,0.0,0.0,0.0,0.0,0.0,0.0
15/07/2024,10147.87197,11100.0,0.0,0.0,10147.87197,10147.87197,10147.87197,500.0,5550000.0,0.0,0.0,500.0,5550000.0,0.0,0.0,0.0,0.0,0.0,0.0,0.0,0.0
12/07/2024,10147.87197,11200.0,-100.0,-0.00892857,10239.29424,10239.29424,10147.87197,3200.0,35740000.0,0.0,0.0,3200.0,35740000.0,0.0,0.0,0.0,0.0,0.0,0.0,0.0,0.0
11/07/2024,10239.29424,11200.0,0.0,0.0,10239.29424,10239.29424,10239.29424,300.0,3360000.0,0.0,0.0,300.0,3360000.0,0.0,0.0,0.0,0.0,0.0,0.0,0.0,0.0
10/07/2024,10239.29424,11000.0,200.0,0.01818182,10239.29424,10239.29424,10239.29424,1000.0,11200000.0,0.0,0.0,1000.0,11200000.0,0.0,0.0,0.0,0.0,0.0,0.0,0.0,0.0
09/07/2024,10056.4497,10850.0,150.0,0.01382488,9965.02743,10056.4497,9965.02743,400.0,4380000.0,0.0,0.0,400.0,4380000.0,0.0,0.0,0.0,0.0,0.0,0.0,0.0,0.0
08/07/2024,9919.316295,11400.0,-550.0,-0.04824561,10056.4497,10056.4497,9919.316295,700.0,7670000.0,0.0,0.0,700.0,7670000.0,0.0,0.0,0.0,0.0,0.0,0.0,0.0,0.0
05/07/2024,10422.13878,11400.0,0.0,0.0,10422.13878,10422.13878,10422.13878,0.0,0.0,0.0,0.0,0.0,0.0,0.0,0.0,0.0,0.0,0.0,0.0,0.0,0.0
04/07/2024,10422.13878,11500.0,-100.0,-0.00869565,10467.849915,10467.849915,10422.13878,900.0,10295000.0,0.0,0.0,900.0,10295000.0,0.0,0.0,0.0,0.0,0.0,0.0,0.0,0.0
03/07/2024,10513.56105,11500.0,0.0,0.0,10513.56105,10513.56105,10513.56105,0.0,0.0,0.0,0.0,0.0,0.0,0.0,0.0,0.0,0.0,0.0,0.0,0.0,0.0
02/07/2024,10513.56105,11500.0,0.0,0.0,10513.56105,10513.56105,10513.56105,100.0,1150000.0,0.0,0.0,100.0,1150000.0,0.0,0.0,0.0,0.0,0.0,0.0,0.0,0.0
01/07/2024,10513.56105,10800.0,700.0,0.06481481,10056.4497,10513.56105,10056.4497,200.0,2250000.0,0.0,0.0,200.0,2250000.0,0.0,0.0,0.0,0.0,0.0,0.0,0.0,0.0
28/06/2024,9873.60516,11200.0,-400.0,-0.03571429,10513.56105,10513.56105,9873.60516,2700.0,30010000.0,0.0,0.0,2700.0,30010000.0,0.0,0.0,0.0,0.0,0.0,0.0,0.0,0.0
27/06/2024,10239.29424,11200.0,0.0,0.0,10239.29424,10239.29424,10239.29424,100.0,1120000.0,0.0,0.0,100.0,1120000.0,0.0,0.0,0.0,0.0,0.0,0.0,0.0,0.0
26/06/2024,10239.29424,11200.0,0.0,0.0,10239.29424,10239.29424,10239.29424,600.0,6720000.0,0.0,0.0,600.0,6720000.0,0.0,0.0,0.0,0.0,0.0,0.0,0.0,0.0
25/06/2024,10239.29424,11200.0,0.0,0.0,10239.29424,10239.29424,10239.29424,0.0,0.0,0.0,0.0,0.0,0.0,0.0,0.0,0.0,0.0,0.0,0.0,0.0,0.0
24/06/2024,10239.29424,10900.0,300.0,0.02752294,10239.29424,10239.29424,10239.29424,1000.0,11200000.0,0.0,0.0,1000.0,11200000.0,0.0,0.0,0.0,0.0,0.0,0.0,0.0,0.0
21/06/2024,9965.02743,11400.0,-500.0,-0.04385965,10604.98332,10604.98332,9782.18289,2200.0,23870000.0,0.0,0.0,2200.0,23870000.0,0.0,0.0,0.0,0.0,0.0,0.0,0.0,0.0
20/06/2024,10422.13878,11400.0,0.0,0.0,10422.13878,10422.13878,10422.13878,0.0,0.0,0.0,0.0,0.0,0.0,0.0,0.0,0.0,0.0,0.0,0.0,0.0,0.0
19/06/2024,10422.13878,11400.0,0.0,0.0,10422.13878,10422.13878,10422.13878,0.0,0.0,0.0,0.0,0.0,0.0,0.0,0.0,0.0,0.0,0.0,0.0,0.0,0.0
18/06/2024,10422.13878,11400.0,0.0,0.0,10422.13878,10422.13878,10422.13878,0.0,0.0,0.0,0.0,0.0,0.0,0.0,0.0,0.0,0.0,0.0,0.0,0.0,0.0
17/06/2024,10422.13878,11000.0,400.0,0.03636364,10513.56105,10513.56105,10422.13878,200.0,2290000.0,0.0,0.0,200.0,2290000.0,0.0,0.0,0.0,0.0,0.0,0.0,0.0,0.0
14/06/2024,10056.4497,11000.0,0.0,0.0,10056.4497,10056.4497,10056.4497,0.0,0.0,0.0,0.0,0.0,0.0,0.0,0.0,0.0,0.0,0.0,0.0,0.0,0.0
13/06/2024,10056.4497,11600.0,-600.0,-0.05172414,10239.29424,10239.29424,10056.4497,700.0,7725000.0,0.0,0.0,700.0,7725000.0,0.0,0.0,0.0,0.0,0.0,0.0,0.0,0.0
12/06/2024,10604.98332,11600.0,0.0,0.0,10604.98332,10604.98332,10604.98332,0.0,0.0,0.0,0.0,0.0,0.0,0.0,0.0,0.0,0.0,0.0,0.0,0.0,0.0
11/06/2024,10604.98332,11600.0,0.0,0.0,10513.56105,10787.82786,10513.56105,1000.0,11635000.0,0.0,0.0,1000.0,11635000.0,0.0,0.0,0.0,0.0,0.0,0.0,0.0,0.0
10/06/2024,10604.98332,11600.0,0.0,0.0,10604.98332,10604.98332,10604.98332,0.0,0.0,0.0,0.0,0.0,0.0,0.0,0.0,0.0,0.0,0.0,0.0,0.0,0.0
07/06/2024,10604.98332,11600.0,0.0,0.0,10604.98332,10604.98332,10604.98332,0.0,0.0,0.0,0.0,0.0,0.0,0.0,0.0,0.0,0.0,0.0,0.0,0.0,0.0
06/06/2024,10604.98332,11600.0,0.0,0.0,10604.98332,10604.98332,10604.98332,3600.0,41760000.0,0.0,0.0,3600.0,41760000.0,0.0,0.0,0.0,0.0,0.0,0.0,0.0,0.0
05/06/2024,10604.98332,11600.0,0.0,0.0,10604.98332,10604.98332,10604.98332,0.0,0.0,0.0,0.0,0.0,0.0,0.0,0.0,0.0,0.0,0.0,0.0,0.0,0.0
04/06/2024,10604.98332,11600.0,0.0,0.0,10604.98332,10604.98332,10604.98332,900.0,10440000.0,0.0,0.0,900.0,10440000.0,0.0,0.0,0.0,0.0,0.0,0.0,0.0,0.0
03/06/2024,10604.98332,11600.0,0.0,0.0,10604.98332,10604.98332,10604.98332,0.0,0.0,0.0,0.0,0.0,0.0,0.0,0.0,0.0,0.0,0.0,0.0,0.0,0.0
31/05/2024,10604.98332,11500.0,100.0,0.00869565,10604.98332,10604.98332,10604.98332,100.0,1160000.0,0.0,0.0,100.0,1160000.0,0.0,0.0,0.0,0.0,0.0,0.0,0.0,0.0
30/05/2024,10513.56105,10850.0,650.0,0.05990783,10604.98332,10604.98332,10513.56105,3000.0,34530000.0,0.0,0.0,3000.0,34530000.0,0.0,0.0,0.0,0.0,0.0,0.0,0.0,0.0
29/05/2024,9919.316295,10850.0,0.0,0.0,9919.316295,9919.316295,9919.316295,0.0,0.0,0.0,0.0,0.0,0.0,0.0,0.0,0.0,0.0,0.0,0.0,0.0,0.0
28/05/2024,9919.316295,10850.0,0.0,0.0,9919.316295,9919.316295,9919.316295,0.0,0.0,0.0,0.0,0.0,0.0,0.0,0.0,0.0,0.0,0.0,0.0,0.0,0.0
27/05/2024,9919.316295,10850.0,0.0,0.0,9919.316295,9919.316295,9919.316295,0.0,0.0,0.0,0.0,0.0,0.0,0.0,0.0,0.0,0.0,0.0,0.0,0.0,0.0
24/05/2024,9919.316295,11050.0,-200.0,-0.01809955,10056.4497,10239.29424,9919.316295,4500.0,49895000.0,0.0,0.0,4500.0,49895000.0,0.0,0.0,0.0,0.0,0.0,0.0,0.0,0.0
23/05/2024,10102.160835,11000.0,50.0,0.00454545,9965.02743,10102.160835,9416.49381,4300.0,46350000.0,0.0,0.0,4300.0,46350000.0,-400.0,400.0,0.0,0.0,-4120000.0,4120000.0,0.0,0.0
22/05/2024,10056.4497,11050.0,-50.0,-0.00452489,10010.738565,10056.4497,10010.738565,2609.0,28698950.0,0.0,0.0,2609.0,28698950.0,100.0,0.0,0.0,-100.0,1095000.0,0.0,0.0,-1095000.0
21/05/2024,10102.160835,11700.0,-650.0,-0.05555556,10010.738565,10102.160835,10010.738565,200.0,2200000.0,0.0,0.0,200.0,2200000.0,0.0,0.0,0.0,0.0,0.0,0.0,0.0,0.0
20/05/2024,10696.40559,12350.0,-650.0,-0.05263158,10696.40559,10696.40559,10513.56105,3200.0,37080000.0,0.0,0.0,3200.0,37080000.0,0.0,0.0,0.0,0.0,0.0,0.0,0.0,0.0
17/05/2024,11290.650345,11550.0,800.0,0.06926407,10513.56105,11290.650345,10056.4497,800.0,9265000.0,0.0,0.0,800.0,9265000.0,0.0,0.0,0.0,0.0,0.0,0.0,0.0,0.0
16/05/2024,10559.272185,11550.0,0.0,0.0,10559.272185,10559.272185,10559.272185,0.0,0.0,0.0,0.0,0.0,0.0,0.0,0.0,0.0,0.0,0.0,0.0,0.0,0.0
15/05/2024,10559.272185,11200.0,350.0,0.03125,10559.272185,10559.272185,10559.272185,100.0,1155000.0,0.0,0.0,100.0,1155000.0,0.0,0.0,0.0,0.0,0.0,0.0,0.0,0.0
14/05/2024,10239.29424,10900.0,300.0,0.02752294,10239.29424,10239.29424,10239.29424,100.0,1120000.0,0.0,0.0,100.0,1120000.0,0.0,0.0,0.0,0.0,0.0,0.0,0.0,0.0
13/05/2024,9965.02743,11500.0,-600.0,-0.05217391,9965.02743,9965.02743,9965.02743,200.0,2180000.0,0.0,0.0,200.0,2180000.0,0.0,0.0,0.0,0.0,0.0,0.0,0.0,0.0
10/05/2024,10513.56105,11500.0,0.0,0.0,10513.56105,10513.56105,10513.56105,0.0,0.0,0.0,0.0,0.0,0.0,0.0,0.0,0.0,0.0,0.0,0.0,0.0,0.0
09/05/2024,10513.56105,11500.0,0.0,0.0,10513.56105,10513.56105,10513.56105,1.0,11500.0,0.0,0.0,1.0,11500.0,0.0,0.0,0.0,0.0,0.0,0.0,0.0,0.0
08/05/2024,10513.56105,11500.0,0.0,0.0,10513.56105,10513.56105,10513.56105,0.0,0.0,0.0,0.0,0.0,0.0,0.0,0.0,0.0,0.0,0.0,0.0,0.0,0.0
07/05/2024,10513.56105,11700.0,-200.0,-0.01709402,10513.56105,10513.56105,10513.56105,5000.0,57500000.0,0.0,0.0,5000.0,57500000.0,0.0,0.0,0.0,0.0,0.0,0.0,0.0,0.0
06/05/2024,10696.40559,11950.0,-250.0,-0.0209205,10604.98332,10924.961265,10604.98332,2100.0,25035000.0,0.0,0.0,2100.0,25035000.0,0.0,0.0,0.0,0.0,0.0,0.0,0.0,0.0
03/05/2024,10924.961265,11500.0,450.0,0.03913043,10924.961265,10924.961265,9782.18289,27000.0,293405000.0,0.0,0.0,27000.0,293405000.0,0.0,0.0,0.0,0.0,0.0,0.0,0.0,0.0
02/05/2024,10513.56105,11400.0,100.0,0.00877193,10513.56105,10787.82786,10513.56105,800.0,9230000.0,0.0,0.0,800.0,9230000.0,-700.0,0.0,0.0,700.0,-8050000.0,0.0,0.0,8050000.0
26/04/2024,10422.13878,11400.0,0.0,0.0,10422.13878,10422.13878,10422.13878,0.0,0.0,0.0,0.0,0.0,0.0,0.0,0.0,0.0,0.0,0.0,0.0,0.0,0.0
25/04/2024,10422.13878,11400.0,0.0,0.0,10422.13878,10422.13878,10422.13878,0.0,0.0,0.0,0.0,0.0,0.0,0.0,0.0,0.0,0.0,0.0,0.0,0.0,0.0
24/04/2024,10422.13878,11400.0,0.0,0.0,10422.13878,10422.13878,10422.13878,100.0,1140000.0,0.0,0.0,100.0,1140000.0,0.0,0.0,0.0,0.0,0.0,0.0,0.0,0.0
23/04/2024,10422.13878,11300.0,100.0,0.00884956,10330.71651,10422.13878,10330.71651,5200.0,59260000.0,0.0,0.0,5200.0,59260000.0,0.0,0.0,0.0,0.0,0.0,0.0,0.0,0.0
22/04/2024,10330.71651,11000.0,300.0,0.02727273,10330.71651,10330.71651,10330.71651,1006.0,11366000.0,0.0,0.0,1006.0,11366000.0,0.0,0.0,0.0,0.0,0.0,0.0,0.0,0.0
19/04/2024,10056.4497,10900.0,100.0,0.00917431,9919.316295,10604.98332,9325.07154,17200.0,188895000.0,0.0,0.0,17200.0,188895000.0,0.0,0.0,0.0,0.0,0.0,0.0,0.0,0.0
17/04/2024,9965.02743,11500.0,-600.0,-0.05217391,9965.02743,9965.02743,9965.02743,100.0,1090000.0,0.0,0.0,100.0,1090000.0,0.0,0.0,0.0,0.0,0.0,0.0,0.0,0.0
16/04/2024,10513.56105,10850.0,650.0,0.05990783,10513.56105,10513.56105,10513.56105,131.0,1506400.0,0.0,0.0,131.0,1506400.0,0.0,0.0,0.0,0.0,0.0,0.0,0.0,0.0
15/04/2024,9919.316295,11400.0,-550.0,-0.04824561,10422.13878,10467.849915,9919.316295,400.0,4455000.0,0.0,0.0,400.0,4455000.0,0.0,0.0,0.0,0.0,0.0,0.0,0.0,0.0
12/04/2024,10422.13878,11500.0,-100.0,-0.00869565,10513.56105,10513.56105,10422.13878,600.0,6850000.0,0.0,0.0,600.0,6850000.0,0.0,0.0,0.0,0.0,0.0,0.0,0.0,0.0
11/04/2024,10513.56105,11300.0,200.0,0.01769912,10513.56105,10513.56105,10513.56105,137.0,1542500.0,0.0,0.0,137.0,1542500.0,30.0,0.0,-30.0,-30.0,316500.0,0.0,-317000.0,-316500.0
10/04/2024,10330.71651,11200.0,100.0,0.00892857,10239.29424,10376.427645,10239.29424,500.0,5635000.0,0.0,0.0,500.0,5635000.0,0.0,0.0,0.0,0.0,0.0,0.0,0.0,0.0
09/04/2024,10239.29424,11100.0,100.0,0.00900901,10147.87197,10239.29424,10147.87197,2000.0,22345000.0,0.0,0.0,2000.0,22345000.0,0.0,0.0,0.0,0.0,0.0,0.0,0.0,0.0
08/04/2024,10147.87197,11100.0,0.0,0.0,10147.87197,10147.87197,10147.87197,0.0,0.0,0.0,0.0,0.0,0.0,0.0,0.0,0.0,0.0,0.0,0.0,0.0,0.0
05/04/2024,10147.87197,11000.0,100.0,0.00909091,10696.40559,10696.40559,10147.87197,1100.0,12330000.0,0.0,0.0,1100.0,12330000.0,0.0,0.0,0.0,0.0,0.0,0.0,0.0,0.0
04/04/2024,10056.4497,10800.0,200.0,0.01851852,9919.316295,10559.272185,9919.316295,1900.0,21815000.0,0.0,0.0,1900.0,21815000.0,0.0,0.0,0.0,0.0,0.0,0.0,0.0,0.0
03/04/2024,9873.60516,11200.0,-400.0,-0.03571429,10239.29424,10239.29424,9827.894025,3900.0,42235000.0,0.0,0.0,3900.0,42235000.0,0.0,0.0,0.0,0.0,0.0,0.0,0.0,0.0
02/04/2024,10239.29424,12000.0,-800.0,-0.06666667,10330.71651,10330.71651,10239.29424,400.0,4500000.0,0.0,0.0,400.0,4500000.0,0.0,0.0,0.0,0.0,0.0,0.0,0.0,0.0
01/04/2024,10970.6724,11300.0,700.0,0.0619469,10330.71651,11016.383535,10330.71651,2401.0,28022000.0,0.0,0.0,2401.0,28022000.0,0.0,0.0,0.0,0.0,0.0,0.0,0.0,0.0
29/03/2024,10330.71651,11300.0,0.0,0.0,10330.71651,10330.71651,10330.71651,0.0,0.0,0.0,0.0,0.0,0.0,0.0,0.0,0.0,0.0,0.0,0.0,0.0,0.0
28/03/2024,10330.71651,11300.0,0.0,0.0,10330.71651,10330.71651,10330.71651,0.0,0.0,0.0,0.0,0.0,0.0,0.0,0.0,0.0,0.0,0.0,0.0,0.0,0.0
27/03/2024,10330.71651,10800.0,500.0,0.0462963,9965.02743,10330.71651,9827.894025,6900.0,75080000.0,0.0,0.0,6900.0,75080000.0,0.0,0.0,0.0,0.0,0.0,0.0,0.0,0.0
26/03/2024,9873.60516,11200.0,-400.0,-0.03571429,9873.60516,9873.60516,9873.60516,900.0,9720000.0,0.0,0.0,900.0,9720000.0,0.0,0.0,0.0,0.0,0.0,0.0,0.0,0.0
25/03/2024,10239.29424,11200.0,0.0,0.0,10239.29424,10239.29424,10239.29424,0.0,0.0,0.0,0.0,0.0,0.0,0.0,0.0,0.0,0.0,0.0,0.0,0.0,0.0
22/03/2024,10239.29424,11200.0,0.0,0.0,10239.29424,10422.13878,10239.29424,2500.0,28280000.0,0.0,0.0,2500.0,28280000.0,-1100.0,0.0,0.0,1100.0,-12320000.0,0.0,0.0,12320000.0
21/03/2024,10239.29424,11650.0,-450.0,-0.03862661,10924.961265,10924.961265,9919.316295,16100.0,180475000.0,0.0,0.0,16100.0,180475000.0,100.0,-100.0,0.0,0.0,1085000.0,-1085000.0,0.0,0.0
20/03/2024,10650.694455,11650.0,0.0,0.0,10650.694455,10650.694455,10650.694455,1.0,11600.0,0.0,0.0,1.0,11600.0,0.0,0.0,0.0,0.0,0.0,0.0,0.0,0.0
19/03/2024,10650.694455,11200.0,450.0,0.04017857,10696.40559,10696.40559,10650.694455,305.0,3555900.0,0.0,0.0,305.0,3555900.0,0.0,0.0,0.0,0.0,0.0,0.0,0.0,0.0
18/03/2024,10239.29424,11200.0,0.0,0.0,10239.29424,10239.29424,10239.29424,0.0,0.0,0.0,0.0,0.0,0.0,0.0,0.0,0.0,0.0,0.0,0.0,0.0,0.0
15/03/2024,10239.29424,11200.0,0.0,0.0,10239.29424,10239.29424,10239.29424,900.0,10080000.0,0.0,0.0,900.0,10080000.0,0.0,0.0,0.0,0.0,0.0,0.0,0.0,0.0
14/03/2024,10239.29424,11300.0,-100.0,-0.00884956,10467.849915,10467.849915,10239.29424,317.0,3582100.0,0.0,0.0,317.0,3582100.0,0.0,0.0,0.0,0.0,0.0,0.0,0.0,0.0
13/03/2024,10330.71651,11450.0,-150.0,-0.01310044,10056.4497,10330.71651,10056.4497,600.0,6730000.0,0.0,0.0,600.0,6730000.0,0.0,0.0,0.0,0.0,0.0,0.0,0.0,0.0
12/03/2024,10467.849915,11250.0,200.0,0.01777778,10467.849915,10467.849915,10467.849915,100.0,1145000.0,0.0,0.0,100.0,1145000.0,0.0,0.0,0.0,0.0,0.0,0.0,0.0,0.0
11/03/2024,10285.005375,10900.0,350.0,0.03211009,10285.005375,10285.005375,10285.005375,100.0,1125000.0,0.0,0.0,100.0,1125000.0,0.0,0.0,0.0,0.0,0.0,0.0,0.0,0.0
08/03/2024,9965.02743,11450.0,-550.0,-0.04803493,9965.02743,9965.02743,9965.02743,1108.0,12081600.0,0.0,0.0,1108.0,12081600.0,0.0,0.0,0.0,0.0,0.0,0.0,0.0,0.0
07/03/2024,10467.849915,11500.0,-50.0,-0.00434783,10010.738565,10513.56105,10010.738565,600.0,6675000.0,0.0,0.0,600.0,6675000.0,0.0,0.0,0.0,0.0,0.0,0.0,0.0,0.0
06/03/2024,10513.56105,11500.0,0.0,0.0,10513.56105,10513.56105,10513.56105,5.0,57500.0,0.0,0.0,5.0,57500.0,0.0,0.0,0.0,0.0,0.0,0.0,0.0,0.0
05/03/2024,10513.56105,11550.0,-50.0,-0.004329,10513.56105,10513.56105,10513.56105,125.0,1428500.0,0.0,0.0,125.0,1428500.0,0.0,0.0,0.0,0.0,0.0,0.0,0.0,0.0
04/03/2024,10559.272185,11200.0,350.0,0.03125,10239.29424,10559.272185,10056.4497,3700.0,40870000.0,0.0,0.0,3700.0,40870000.0,-100.0,100.0,0.0,0.0,-1155000.0,1155000.0,0.0,0.0
01/03/2024,10239.29424,11550.0,-350.0,-0.03030303,10147.87197,10239.29424,10147.87197,1000.0,11190000.0,0.0,0.0,1000.0,11190000.0,100.0,0.0,0.0,-100.0,1110000.0,0.0,0.0,-1110000.0
29/02/2024,10559.272185,11550.0,0.0,0.0,10559.272185,10559.272185,10559.272185,40.0,452000.0,0.0,0.0,40.0,452000.0,0.0,0.0,0.0,0.0,0.0,0.0,0.0,0.0
28/02/2024,10559.272185,11300.0,250.0,0.02212389,10559.272185,10559.272185,10559.272185,800.0,9240000.0,0.0,0.0,800.0,9240000.0,0.0,0.0,0.0,0.0,0.0,0.0,0.0,0.0
27/02/2024,10330.71651,11300.0,0.0,0.0,10330.71651,10330.71651,10330.71651,1100.0,12430000.0,0.0,0.0,1100.0,12430000.0,0.0,0.0,0.0,0.0,0.0,0.0,0.0,0.0
26/02/2024,10330.71651,11300.0,0.0,0.0,10330.71651,10330.71651,10330.71651,0.0,0.0,0.0,0.0,0.0,0.0,0.0,0.0,0.0,0.0,0.0,0.0,0.0,0.0
23/02/2024,10330.71651,11300.0,0.0,0.0,10330.71651,10330.71651,10330.71651,0.0,0.0,0.0,0.0,0.0,0.0,0.0,0.0,0.0,0.0,0.0,0.0,0.0,0.0
22/02/2024,10330.71651,11300.0,0.0,0.0,10330.71651,10330.71651,10330.71651,2300.0,25990000.0,0.0,0.0,2300.0,25990000.0,0.0,0.0,0.0,0.0,0.0,0.0,0.0,0.0
21/02/2024,10330.71651,11500.0,-200.0,-0.0173913,10513.56105,10513.56105,10330.71651,1200.0,13720000.0,0.0,0.0,1200.0,13720000.0,0.0,0.0,0.0,0.0,0.0,0.0,0.0,0.0
20/02/2024,10513.56105,12000.0,-500.0,-0.04166667,10604.98332,10604.98332,10513.56105,2400.0,27830000.0,0.0,0.0,2400.0,27830000.0,-2200.0,0.0,0.0,2200.0,-25520000.0,0.0,0.0,25520000.0
19/02/2024,10970.6724,12100.0,-100.0,-0.00826446,10604.98332,10970.6724,10604.98332,400.0,4760000.0,0.0,0.0,400.0,4760000.0,0.0,0.0,0.0,0.0,0.0,0.0,0.0,0.0
16/02/2024,11062.09467,12100.0,0.0,0.0,11062.09467,11062.09467,11062.09467,28.0,357000.0,0.0,0.0,28.0,357000.0,0.0,0.0,0.0,0.0,0.0,0.0,0.0,0.0
15/02/2024,11062.09467,12100.0,0.0,0.0,11062.09467,11062.09467,11062.09467,0.0,0.0,0.0,0.0,0.0,0.0,0.0,0.0,0.0,0.0,0.0,0.0,0.0,0.0
07/02/2024,11062.09467,12300.0,-200.0,-0.01626016,11244.93921,11244.93921,11062.09467,1500.0,18250000.0,0.0,0.0,1500.0,18250000.0,0.0,0.0,0.0,0.0,0.0,0.0,0.0,0.0
06/02/2024,11244.93921,11900.0,400.0,0.03361345,11244.93921,11244.93921,11244.93921,200.0,2460000.0,0.0,0.0,200.0,2460000.0,-200.0,0.0,0.0,200.0,-2460000.0,0.0,0.0,2460000.0
05/02/2024,10879.25013,11800.0,100.0,0.00847458,10879.25013,10879.25013,10879.25013,100.0,1190000.0,0.0,0.0,100.0,1190000.0,0.0,0.0,0.0,0.0,0.0,0.0,0.0,0.0
02/02/2024,10787.82786,11600.0,200.0,0.01724138,10604.98332,10787.82786,10604.98332,300.0,3515000.0,0.0,0.0,300.0,3515000.0,0.0,0.0,0.0,0.0,0.0,0.0,0.0,0.0
01/02/2024,10604.98332,11600.0,0.0,0.0,10604.98332,10604.98332,10604.98332,700.0,8120000.0,0.0,0.0,700.0,8120000.0,-700.0,0.0,0.0,700.0,-8120000.0,0.0,0.0,8120000.0
31/01/2024,10604.98332,11600.0,0.0,0.0,10604.98332,10604.98332,10604.98332,600.0,6960000.0,0.0,0.0,600.0,6960000.0,-600.0,0.0,0.0,600.0,-6960000.0,0.0,0.0,6960000.0
30/01/2024,10604.98332,11600.0,0.0,0.0,10604.98332,10604.98332,10604.98332,8400.0,97440000.0,0.0,0.0,8400.0,97440000.0,-8400.0,0.0,0.0,8400.0,-97440000.0,0.0,0.0,97440000.0
29/01/2024,10604.98332,11600.0,0.0,0.0,10604.98332,10650.694455,10604.98332,18202.0,211148200.0,0.0,0.0,18202.0,211148200.0,-18100.0,0.0,0.0,18100.0,-209960000.0,0.0,0.0,209960000.0
26/01/2024,10604.98332,11600.0,0.0,0.0,10604.98332,10604.98332,10604.98332,0.0,0.0,0.0,0.0,0.0,0.0,0.0,0.0,0.0,0.0,0.0,0.0,0.0,0.0
25/01/2024,10604.98332,11600.0,0.0,0.0,10604.98332,10604.98332,10604.98332,0.0,0.0,0.0,0.0,0.0,0.0,0.0,0.0,0.0,0.0,0.0,0.0,0.0,0.0
24/01/2024,10604.98332,12200.0,-600.0,-0.04918033,10604.98332,10604.98332,10604.98332,800.0,9280000.0,0.0,0.0,800.0,9280000.0,0.0,0.0,0.0,0.0,0.0,0.0,0.0,0.0
23/01/2024,11153.51694,12200.0,0.0,0.0,11153.51694,11153.51694,11153.51694,0.0,0.0,0.0,0.0,0.0,0.0,0.0,0.0,0.0,0.0,0.0,0.0,0.0,0.0
22/01/2024,11153.51694,12200.0,0.0,0.0,11107.805805,11153.51694,11107.805805,330.0,3997000.0,0.0,0.0,330.0,3997000.0,0.0,0.0,0.0,0.0,0.0,0.0,0.0,0.0
19/01/2024,11153.51694,12200.0,0.0,0.0,10376.427645,11153.51694,10376.427645,500.0,5760000.0,0.0,0.0,500.0,5760000.0,0.0,0.0,0.0,0.0,0.0,0.0,0.0,0.0
18/01/2024,11153.51694,12300.0,-100.0,-0.00813008,11199.228075,11199.228075,11153.51694,400.0,4895000.0,0.0,0.0,400.0,4895000.0,0.0,0.0,0.0,0.0,0.0,0.0,0.0,0.0
17/01/2024,11244.93921,12300.0,0.0,0.0,11244.93921,11244.93921,11244.93921,0.0,0.0,0.0,0.0,0.0,0.0,0.0,0.0,0.0,0.0,0.0,0.0,0.0,0.0
16/01/2024,11244.93921,12300.0,0.0,0.0,11244.93921,11244.93921,11244.93921,0.0,0.0,0.0,0.0,0.0,0.0,0.0,0.0,0.0,0.0,0.0,0.0,0.0,0.0
15/01/2024,11244.93921,12300.0,0.0,0.0,11244.93921,11244.93921,11244.93921,0.0,0.0,0.0,0.0,0.0,0.0,0.0,0.0,0.0,0.0,0.0,0.0,0.0,0.0
12/01/2024,11244.93921,12300.0,0.0,0.0,11244.93921,11244.93921,11244.93921,0.0,0.0,0.0,0.0,0.0,0.0,0.0,0.0,0.0,0.0,0.0,0.0,0.0,0.0
11/01/2024,11244.93921,12300.0,0.0,0.0,11244.93921,11244.93921,11244.93921,29.0,356700.0,0.0,0.0,29.0,356700.0,0.0,0.0,0.0,0.0,0.0,0.0,0.0,0.0
10/01/2024,11244.93921,12300.0,0.0,0.0,11244.93921,11244.93921,11244.93921,0.0,0.0,0.0,0.0,0.0,0.0,0.0,0.0,0.0,0.0,0.0,0.0,0.0,0.0
09/01/2024,11244.93921,12300.0,0.0,0.0,11244.93921,11244.93921,11244.93921,0.0,0.0,0.0,0.0,0.0,0.0,0.0,0.0,0.0,0.0,0.0,0.0,0.0,0.0
08/01/2024,11244.93921,12300.0,0.0,0.0,11244.93921,11244.93921,11244.93921,0.0,0.0,0.0,0.0,0.0,0.0,0.0,0.0,0.0,0.0,0.0,0.0,0.0,0.0
05/01/2024,11244.93921,11800.0,500.0,0.04237288,10147.87197,11244.93921,10147.87197,600.0,6790000.0,0.0,0.0,600.0,6790000.0,0.0,0.0,0.0,0.0,0.0,0.0,0.0,0.0
04/01/2024,10787.82786,12500.0,-700.0,-0.056,10787.82786,10787.82786,10787.82786,300.0,3540000.0,0.0,0.0,300.0,3540000.0,0.0,0.0,0.0,0.0,0.0,0.0,0.0,0.0
03/01/2024,11427.78375,12500.0,0.0,0.0,11427.78375,11427.78375,11427.78375,0.0,0.0,0.0,0.0,0.0,0.0,0.0,0.0,0.0,0.0,0.0,0.0,0.0,0.0
02/01/2024,11427.78375,12500.0,0.0,0.0,11427.78375,11427.78375,11427.78375,0.0,0.0,0.0,0.0,0.0,0.0,0.0,0.0,0.0,0.0,0.0,0.0,0.0,0.0
29/12/2023,11427.78375,12500.0,0.0,0.0,11427.78375,11427.78375,11427.78375,0.0,0.0,0.0,0.0,0.0,0.0,0.0,0.0,0.0,0.0,0.0,0.0,0.0,0.0
28/12/2023,11427.78375,12300.0,200.0,0.01626016,11427.78375,11427.78375,11427.78375,100.0,1250000.0,0.0,0.0,100.0,1250000.0,0.0,0.0,0.0,0.0,0.0,0.0,0.0,0.0
27/12/2023,11244.93921,12300.0,0.0,0.0,11244.93921,11244.93921,11244.93921,0.0,0.0,0.0,0.0,0.0,0.0,0.0,0.0,0.0,0.0,0.0,0.0,0.0,0.0
26/12/2023,11244.93921,12300.0,0.0,0.0,11244.93921,11244.93921,11244.93921,0.0,0.0,0.0,0.0,0.0,0.0,0.0,0.0,0.0,0.0,0.0,0.0,0.0,0.0
25/12/2023,11244.93921,11700.0,600.0,0.05128205,11244.93921,11244.93921,11244.93921,100.0,1230000.0,0.0,0.0,100.0,1230000.0,0.0,0.0,0.0,0.0,0.0,0.0,0.0,0.0
22/12/2023,10696.40559,11650.0,50.0,0.00429185,10696.40559,10696.40559,10696.40559,300.0,3510000.0,0.0,0.0,300.0,3510000.0,0.0,0.0,0.0,0.0,0.0,0.0,0.0,0.0
21/12/2023,10650.694455,11750.0,-100.0,-0.00851064,10650.694455,10650.694455,10650.694455,100.0,1165000.0,0.0,0.0,100.0,1165000.0,0.0,0.0,0.0,0.0,0.0,0.0,0.0,0.0
20/12/2023,10742.116725,11000.0,750.0,0.06818182,10239.29424,10742.116725,10239.29424,4200.0,49255000.0,0.0,0.0,4200.0,49255000.0,0.0,0.0,0.0,0.0,0.0,0.0,0.0,0.0
19/12/2023,10056.4497,11000.0,0.0,0.0,10056.4497,10056.4497,10056.4497,101.0,1111750.0,0.0,0.0,101.0,1111750.0,0.0,0.0,0.0,0.0,0.0,0.0,0.0,0.0
18/12/2023,10056.4497,11000.0,0.0,0.0,10056.4497,10056.4497,10056.4497,500.0,5500000.0,0.0,0.0,500.0,5500000.0,0.0,0.0,0.0,0.0,0.0,0.0,0.0,0.0
15/12/2023,10056.4497,11000.0,0.0,0.0,10056.4497,10056.4497,10056.4497,0.0,0.0,0.0,0.0,0.0,0.0,0.0,0.0,0.0,0.0,0.0,0.0,0.0,0.0
14/12/2023,10056.4497,11000.0,0.0,0.0,10056.4497,10056.4497,10056.4497,400.0,4400000.0,0.0,0.0,400.0,4400000.0,0.0,0.0,0.0,0.0,0.0,0.0,0.0,0.0
13/12/2023,10056.4497,11000.0,0.0,0.0,10056.4497,10056.4497,10056.4497,200.0,2200000.0,0.0,0.0,200.0,2200000.0,0.0,0.0,0.0,0.0,0.0,0.0,0.0,0.0
12/12/2023,10056.4497,11400.0,-400.0,-0.03508772,10056.4497,10056.4497,10056.4497,100.0,1100000.0,0.0,0.0,100.0,1100000.0,0.0,0.0,0.0,0.0,0.0,0.0,0.0,0.0
11/12/2023,10422.13878,11200.0,200.0,0.01785714,10422.13878,10422.13878,10422.13878,100.0,1140000.0,0.0,0.0,100.0,1140000.0,0.0,0.0,0.0,0.0,0.0,0.0,0.0,0.0
08/12/2023,10239.29424,11200.0,0.0,0.0,10239.29424,10239.29424,10239.29424,100.0,1120000.0,0.0,0.0,100.0,1120000.0,0.0,0.0,0.0,0.0,0.0,0.0,0.0,0.0
07/12/2023,10239.29424,11250.0,-50.0,-0.00444444,10559.272185,10559.272185,10056.4497,5300.0,59375000.0,0.0,0.0,5300.0,59375000.0,5000.0,-100.0,0.0,-4900.0,55945000.0,-1100000.0,0.0,-54845000.0
06/12/2023,10285.005375,11250.0,0.0,0.0,10285.005375,10285.005375,10285.005375,0.0,0.0,0.0,0.0,0.0,0.0,0.0,0.0,0.0,0.0,0.0,0.0,0.0,0.0
05/12/2023,10285.005375,11300.0,-50.0,-0.00442478,10285.005375,10285.005375,10285.005375,100.0,1125000.0,0.0,0.0,100.0,1125000.0,0.0,0.0,0.0,0.0,0.0,0.0,0.0,0.0
04/12/2023,10330.71651,11300.0,0.0,0.0,10056.4497,10330.71651,10056.4497,400.0,4430000.0,0.0,0.0,400.0,4430000.0,0.0,0.0,0.0,0.0,0.0,0.0,0.0,0.0
01/12/2023,10330.71651,11300.0,0.0,0.0,10330.71651,10330.71651,10330.71651,100.0,1130000.0,0.0,0.0,100.0,1130000.0,0.0,0.0,0.0,0.0,0.0,0.0,0.0,0.0
30/11/2023,10330.71651,11400.0,-100.0,-0.00877193,9919.316295,10742.116725,9782.18289,1900.0,20650000.0,0.0,0.0,1900.0,20650000.0,0.0,0.0,0.0,0.0,0.0,0.0,0.0,0.0
29/11/2023,10422.13878,11400.0,0.0,0.0,10422.13878,10422.13878,10422.13878,0.0,0.0,0.0,0.0,0.0,0.0,0.0,0.0,0.0,0.0,0.0,0.0,0.0,0.0
28/11/2023,10422.13878,11200.0,200.0,0.01785714,10422.13878,10422.13878,10422.13878,2100.0,23940000.0,0.0,0.0,2100.0,23940000.0,2100.0,0.0,0.0,-2100.0,23940000.0,0.0,0.0,-23940000.0
27/11/2023,10239.29424,11950.0,-750.0,-0.06276151,10422.13878,10604.98332,10239.29424,4200.0,47275000.0,0.0,0.0,4200.0,47275000.0,3700.0,0.0,0.0,-3700.0,41575000.0,0.0,0.0,-41575000.0
24/11/2023,10924.961265,11950.0,0.0,0.0,10924.961265,10924.961265,10924.961265,1.0,11600.0,0.0,0.0,1.0,11600.0,0.0,0.0,0.0,0.0,0.0,0.0,0.0,0.0
23/11/2023,10924.961265,11950.0,0.0,0.0,10924.961265,10924.961265,10924.961265,0.0,0.0,0.0,0.0,0.0,0.0,0.0,0.0,0.0,0.0,0.0,0.0,0.0,0.0
22/11/2023,10924.961265,11500.0,450.0,0.03913043,10924.961265,10924.961265,10924.961265,100.0,1195000.0,0.0,0.0,100.0,1195000.0,0.0,0.0,0.0,0.0,0.0,0.0,0.0,0.0
21/11/2023,10513.56105,11500.0,0.0,0.0,10513.56105,10513.56105,10513.56105,300.0,3450000.0,0.0,0.0,300.0,3450000.0,0.0,0.0,0.0,0.0,0.0,0.0,0.0,0.0
20/11/2023,10513.56105,11500.0,0.0,0.0,10513.56105,10513.56105,10513.56105,5100.0,58650000.0,0.0,0.0,5100.0,58650000.0,0.0,0.0,0.0,0.0,0.0,0.0,0.0,0.0
17/11/2023,10513.56105,11500.0,0.0,0.0,10513.56105,10924.961265,10513.56105,5500.0,63305000.0,0.0,0.0,5500.0,63305000.0,0.0,0.0,0.0,0.0,0.0,0.0,0.0,0.0
16/11/2023,10513.56105,11500.0,0.0,0.0,10513.56105,10513.56105,10513.56105,5800.0,66700000.0,0.0,0.0,5800.0,66700000.0,0.0,0.0,0.0,0.0,0.0,0.0,0.0,0.0
15/11/2023,10513.56105,12000.0,-500.0,-0.04166667,10422.13878,10513.56105,10422.13878,400.0,4590000.0,0.0,0.0,400.0,4590000.0,0.0,0.0,0.0,0.0,0.0,0.0,0.0,0.0
14/11/2023,10970.6724,12000.0,0.0,0.0,10970.6724,10970.6724,10970.6724,1600.0,19200000.0,0.0,0.0,1600.0,19200000.0,0.0,0.0,0.0,0.0,0.0,0.0,0.0,0.0
13/11/2023,10970.6724,12000.0,0.0,0.0,10970.6724,10970.6724,10970.6724,401.0,4811200.0,0.0,0.0,401.0,4811200.0,-100.0,0.0,0.0,100.0,-1200000.0,0.0,0.0,1200000.0
10/11/2023,10970.6724,12000.0,0.0,0.0,10467.849915,10970.6724,10467.849915,500.0,5780000.0,0.0,0.0,500.0,5780000.0,200.0,0.0,0.0,-200.0,2290000.0,0.0,0.0,-2290000.0
09/11/2023,10970.6724,11300.0,700.0,0.0619469,10970.6724,10970.6724,10970.6724,1501.0,18012000.0,0.0,0.0,1501.0,18012000.0,0.0,0.0,0.0,0.0,0.0,0.0,0.0,0.0
08/11/2023,10330.71651,11700.0,-400.0,-0.03418803,11153.51694,11153.51694,10330.71651,1416.0,16300200.0,0.0,0.0,1416.0,16300200.0,0.0,0.0,0.0,0.0,0.0,0.0,0.0,0.0
07/11/2023,10696.40559,12450.0,-750.0,-0.06024096,10650.694455,11199.228075,10650.694455,1220.0,14323000.0,0.0,0.0,1220.0,14323000.0,0.0,0.0,0.0,0.0,0.0,0.0,0.0,0.0
06/11/2023,11382.072615,12050.0,400.0,0.03319502,11016.383535,11382.072615,11016.383535,303.0,3691000.0,0.0,0.0,303.0,3691000.0,0.0,0.0,0.0,0.0,0.0,0.0,0.0,0.0
03/11/2023,11016.383535,11900.0,150.0,0.01260504,10239.29424,11290.650345,10239.29424,747.0,8870900.0,0.0,0.0,747.0,8870900.0,0.0,0.0,0.0,0.0,0.0,0.0,0.0,0.0
02/11/2023,10879.25013,11350.0,550.0,0.04845815,10924.961265,10924.961265,10879.25013,300.0,3575000.0,0.0,0.0,300.0,3575000.0,0.0,0.0,0.0,0.0,0.0,0.0,0.0,0.0
01/11/2023,10376.427645,12050.0,-700.0,-0.05809129,11747.761695,11747.761695,10330.71651,4200.0,48965000.0,0.0,0.0,4200.0,48965000.0,-1500.0,0.0,0.0,1500.0,-17100000.0,0.0,0.0,17100000.0
31/10/2023,11016.383535,11300.0,750.0,0.06637168,11016.383535,11016.383535,11016.383535,100.0,1205000.0,0.0,0.0,100.0,1205000.0,0.0,0.0,0.0,0.0,0.0,0.0,0.0,0.0
30/10/2023,10330.71651,12100.0,-800.0,-0.0661157,10970.6724,11702.05056,10330.71651,6916.0,78658200.0,0.0,0.0,6916.0,78658200.0,0.0,0.0,0.0,0.0,0.0,0.0,0.0,0.0
27/10/2023,11062.09467,12750.0,-650.0,-0.05098039,11062.09467,11062.09467,11062.09467,541.0,6578350.0,0.0,0.0,541.0,6578350.0,0.0,0.0,0.0,0.0,0.0,0.0,0.0,0.0
26/10/2023,11656.339425,13700.0,-950.0,-0.06934307,11656.339425,11656.339425,11656.339425,5011.0,63890250.0,0.0,0.0,5011.0,63890250.0,0.0,0.0,0.0,0.0,0.0,0.0,0.0,0.0
25/10/2023,12524.85099,13700.0,0.0,0.0,12524.85099,12524.85099,12524.85099,25.0,318750.0,0.0,0.0,25.0,318750.0,0.0,0.0,0.0,0.0,0.0,0.0,0.0,0.0
24/10/2023,12524.85099,13750.0,-50.0,-0.00363636,11702.05056,12524.85099,11702.05056,202.0,2675600.0,0.0,0.0,202.0,2675600.0,0.0,0.0,0.0,0.0,0.0,0.0,0.0,0.0
23/10/2023,12570.562125,13800.0,-50.0,-0.00362319,11747.761695,12570.562125,11747.761695,5835.0,76214800.0,0.0,0.0,5835.0,76214800.0,0.0,0.0,0.0,0.0,0.0,0.0,0.0,0.0
20/10/2023,12616.27326,13800.0,0.0,0.0,12616.27326,12616.27326,12616.27326,5.0,73500.0,0.0,0.0,5.0,73500.0,0.0,0.0,0.0,0.0,0.0,0.0,0.0,0.0
19/10/2023,12616.27326,13450.0,350.0,0.0260223,12296.295315,12616.27326,12296.295315,700.0,9625000.0,0.0,0.0,700.0,9625000.0,0.0,0.0,0.0,0.0,0.0,0.0,0.0,0.0
18/10/2023,12296.295315,12650.0,800.0,0.06324111,12159.16191,12342.00645,12159.16191,17082.0,229596900.0,0.0,0.0,17082.0,229596900.0,0.0,0.0,0.0,0.0,0.0,0.0,0.0,0.0
17/10/2023,11564.917155,12650.0,0.0,0.0,11564.917155,11564.917155,11564.917155,0.0,0.0,0.0,0.0,0.0,0.0,0.0,0.0,0.0,0.0,0.0,0.0,0.0,0.0
16/10/2023,11564.917155,12650.0,0.0,0.0,11564.917155,11564.917155,11564.917155,0.0,0.0,0.0,0.0,0.0,0.0,0.0,0.0,0.0,0.0,0.0,0.0,0.0,0.0
13/10/2023,11564.917155,12650.0,0.0,0.0,11564.917155,11564.917155,11564.917155,18.0,227700.0,0.0,0.0,18.0,227700.0,0.0,0.0,0.0,0.0,0.0,0.0,0.0,0.0
12/10/2023,11564.917155,13600.0,-950.0,-0.06985294,11564.917155,11564.917155,11564.917155,2400.0,30360000.0,0.0,0.0,2400.0,30360000.0,0.0,0.0,0.0,0.0,0.0,0.0,0.0,0.0
11/10/2023,12433.42872,13600.0,0.0,0.0,12433.42872,12433.42872,12433.42872,20.0,272000.0,0.0,0.0,20.0,272000.0,0.0,0.0,0.0,0.0,0.0,0.0,0.0,0.0
10/10/2023,12433.42872,12900.0,700.0,0.05426357,11062.09467,12433.42872,10970.6724,2800.0,33775000.0,0.0,0.0,2800.0,33775000.0,2700.0,0.0,0.0,-2700.0,32415000.0,0.0,0.0,-32415000.0
09/10/2023,11793.47283,12900.0,0.0,0.0,11793.47283,11793.47283,11793.47283,0.0,0.0,0.0,0.0,0.0,0.0,0.0,0.0,0.0,0.0,0.0,0.0,0.0,0.0
06/10/2023,11793.47283,12900.0,0.0,0.0,11793.47283,11793.47283,11793.47283,0.0,0.0,0.0,0.0,0.0,0.0,0.0,0.0,0.0,0.0,0.0,0.0,0.0,0.0
05/10/2023,11793.47283,12900.0,0.0,0.0,11793.47283,11793.47283,11793.47283,0.0,0.0,0.0,0.0,0.0,0.0,0.0,0.0,0.0,0.0,0.0,0.0,0.0,0.0
04/10/2023,11793.47283,12500.0,400.0,0.032,11793.47283,11793.47283,11793.47283,120.0,1548000.0,0.0,0.0,120.0,1548000.0,0.0,0.0,0.0,0.0,0.0,0.0,0.0,0.0
03/10/2023,11427.78375,12300.0,200.0,0.01626016,11427.78375,11427.78375,11427.78375,1000.0,12500000.0,0.0,0.0,1000.0,12500000.0,0.0,0.0,0.0,0.0,0.0,0.0,0.0,0.0
02/10/2023,11244.93921,12100.0,200.0,0.01652893,11153.51694,11793.47283,11153.51694,3613.0,44442300.0,0.0,0.0,3613.0,44442300.0,0.0,0.0,0.0,0.0,0.0,0.0,0.0,0.0
29/09/2023,11062.09467,12500.0,-400.0,-0.032,11062.09467,11062.09467,11062.09467,100.0,1210000.0,0.0,0.0,100.0,1210000.0,0.0,0.0,0.0,0.0,0.0,0.0,0.0,0.0
28/09/2023,11427.78375,12500.0,0.0,0.0,11427.78375,11427.78375,11427.78375,0.0,0.0,0.0,0.0,0.0,0.0,0.0,0.0,0.0,0.0,0.0,0.0,0.0,0.0
27/09/2023,11427.78375,12500.0,0.0,0.0,11427.78375,11427.78375,11427.78375,1700.0,21250000.0,0.0,0.0,1700.0,21250000.0,0.0,0.0,0.0,0.0,0.0,0.0,0.0,0.0
26/09/2023,11427.78375,12700.0,-200.0,-0.01574803,11519.20602,11519.20602,11427.78375,3000.0,37550000.0,0.0,0.0,3000.0,37550000.0,0.0,0.0,0.0,0.0,0.0,0.0,0.0,0.0
25/09/2023,11610.62829,13050.0,-350.0,-0.02681992,11610.62829,11610.62829,11610.62829,500.0,6350000.0,0.0,0.0,500.0,6350000.0,0.0,0.0,0.0,0.0,0.0,0.0,0.0,0.0
22/09/2023,11930.606235,13050.0,0.0,0.0,11930.606235,11930.606235,11519.20602,500.0,6440000.0,0.0,0.0,500.0,6440000.0,200.0,0.0,0.0,-200.0,2525000.0,0.0,0.0,-2525000.0
21/09/2023,11930.606235,13400.0,-350.0,-0.0261194,12250.58418,12250.58418,11930.606235,211.0,2783050.0,0.0,0.0,211.0,2783050.0,0.0,0.0,0.0,0.0,0.0,0.0,0.0,0.0
20/09/2023,12250.58418,13600.0,-200.0,-0.01470588,12250.58418,12250.58418,12250.58418,502.0,6725300.0,0.0,0.0,502.0,6725300.0,0.0,0.0,0.0,0.0,0.0,0.0,0.0,0.0
19/09/2023,12433.42872,13500.0,100.0,0.00740741,12433.42872,12433.42872,12433.42872,610.0,8295000.0,0.0,0.0,610.0,8295000.0,0.0,0.0,0.0,0.0,0.0,0.0,0.0,0.0
18/09/2023,12342.00645,13500.0,0.0,0.0,12342.00645,12342.00645,12342.00645,0.0,0.0,0.0,0.0,0.0,0.0,0.0,0.0,0.0,0.0,0.0,0.0,0.0,0.0
15/09/2023,12342.00645,13500.0,0.0,0.0,12342.00645,12342.00645,12342.00645,0.0,0.0,0.0,0.0,0.0,0.0,0.0,0.0,0.0,0.0,0.0,0.0,0.0,0.0
14/09/2023,12342.00645,13500.0,0.0,0.0,12342.00645,12342.00645,12342.00645,600.0,8100000.0,0.0,0.0,600.0,8100000.0,0.0,0.0,0.0,0.0,0.0,0.0,0.0,0.0
13/09/2023,12342.00645,13700.0,-200.0,-0.01459854,12342.00645,12342.00645,12342.00645,600.0,8100000.0,0.0,0.0,600.0,8100000.0,0.0,0.0,0.0,0.0,0.0,0.0,0.0,0.0
12/09/2023,12524.85099,13650.0,50.0,0.003663,12524.85099,12524.85099,12342.00645,400.0,5440000.0,0.0,0.0,400.0,5440000.0,0.0,0.0,0.0,0.0,0.0,0.0,0.0,0.0
11/09/2023,12479.139855,13650.0,0.0,0.0,12022.028505,12479.139855,12022.028505,1710.0,22676000.0,0.0,0.0,1710.0,22676000.0,0.0,0.0,0.0,0.0,0.0,0.0,0.0,0.0
08/09/2023,12479.139855,14100.0,-450.0,-0.03191489,12524.85099,12524.85099,12479.139855,1500.0,20545000.0,0.0,0.0,1500.0,20545000.0,0.0,0.0,0.0,0.0,0.0,0.0,0.0,0.0
07/09/2023,12890.54007,14200.0,-100.0,-0.00704225,12799.1178,12890.54007,12433.42872,1301.0,18093950.0,0.0,0.0,1301.0,18093950.0,0.0,0.0,0.0,0.0,0.0,0.0,0.0,0.0
06/09/2023,12981.96234,14300.0,-100.0,-0.00699301,12981.96234,12981.96234,12981.96234,250.0,3505000.0,0.0,0.0,250.0,3505000.0,50.0,-50.0,0.0,0.0,665000.0,-665000.0,0.0,0.0
05/09/2023,13073.38461,14500.0,-200.0,-0.0137931,12799.1178,13073.38461,12342.00645,4102.0,55602200.0,0.0,0.0,4102.0,55602200.0,0.0,0.0,0.0,0.0,0.0,0.0,0.0,0.0
31/08/2023,13256.22915,15000.0,-500.0,-0.03333333,12844.828935,13667.629365,12799.1178,27800.0,395395000.0,0.0,0.0,27800.0,395395000.0,0.0,0.0,0.0,0.0,0.0,0.0,0.0,0.0
30/08/2023,13713.3405,14150.0,850.0,0.06007067,13713.3405,13804.76277,13713.3405,1700.0,25625000.0,0.0,0.0,1700.0,25625000.0,0.0,0.0,0.0,0.0,0.0,0.0,0.0,0.0
29/08/2023,12936.251205,14150.0,0.0,0.0,12936.251205,12936.251205,12936.251205,0.0,0.0,0.0,0.0,0.0,0.0,0.0,0.0,0.0,0.0,0.0,0.0,0.0,0.0
28/08/2023,12936.251205,14000.0,150.0,0.01071429,12936.251205,12936.251205,12890.54007,2100.0,29705000.0,0.0,0.0,2100.0,29705000.0,0.0,0.0,0.0,0.0,0.0,0.0,0.0,0.0
25/08/2023,12799.1178,14000.0,0.0,0.0,12753.406665,12799.1178,12753.406665,400.0,5585000.0,0.0,0.0,400.0,5585000.0,0.0,0.0,0.0,0.0,0.0,0.0,0.0,0.0
24/08/2023,12799.1178,14000.0,0.0,0.0,12799.1178,12799.1178,12799.1178,100.0,1400000.0,0.0,0.0,100.0,1400000.0,0.0,0.0,0.0,0.0,0.0,0.0,0.0,0.0
23/08/2023,12799.1178,14000.0,0.0,0.0,11930.606235,12799.1178,11930.606235,1000.0,13160000.0,0.0,0.0,1000.0,13160000.0,0.0,0.0,0.0,0.0,0.0,0.0,0.0,0.0
22/08/2023,12799.1178,13500.0,500.0,0.03703704,12342.00645,12799.1178,12342.00645,300.0,4100000.0,0.0,0.0,300.0,4100000.0,0.0,0.0,0.0,0.0,0.0,0.0,0.0,0.0
21/08/2023,12342.00645,14100.0,-600.0,-0.04255319,12342.00645,12342.00645,12342.00645,700.0,9450000.0,0.0,0.0,700.0,9450000.0,500.0,0.0,0.0,-500.0,6750000.0,0.0,0.0,-6750000.0
18/08/2023,12890.54007,14200.0,-100.0,-0.007,12936.251205,12936.251205,12844.828935,300.0,4230000.0,0.0,0.0,300.0,4230000.0,0.0,0.0,0.0,0.0,0.0,0.0,0.0,0.0
17/08/2023,12981.96234,14200.0,0.0,0.0,12981.96234,12981.96234,12981.96234,0.0,0.0,0.0,0.0,0.0,0.0,0.0,0.0,0.0,0.0,0.0,0.0,0.0,0.0
16/08/2023,12981.96234,13400.0,800.0,0.05970149,12296.295315,12981.96234,12250.58418,2600.0,35120000.0,0.0,0.0,2600.0,35120000.0,-500.0,0.0,0.0,500.0,-6725000.0,0.0,0.0,6725000.0
15/08/2023,12250.58418,14200.0,-800.0,-0.05633803,12981.96234,12981.96234,12159.16191,911.0,12530700.0,0.0,0.0,911.0,12530700.0,0.0,0.0,0.0,0.0,0.0,0.0,0.0,0.0
14/08/2023,12981.96234,14200.0,0.0,0.0,12981.96234,12981.96234,12981.96234,1000.0,14200000.0,0.0,0.0,1000.0,14200000.0,0.0,0.0,0.0,0.0,0.0,0.0,0.0,0.0
11/08/2023,12981.96234,14000.0,200.0,0.01428571,12890.54007,12981.96234,12753.406665,2000.0,28040000.0,0.0,0.0,2000.0,28040000.0,0.0,0.0,0.0,0.0,0.0,0.0,0.0,0.0
10/08/2023,12799.1178,13500.0,500.0,0.037,12981.96234,12981.96234,12799.1178,600.0,8420000.0,0.0,0.0,600.0,8420000.0,0.0,0.0,0.0,0.0,0.0,0.0,0.0,0.0
09/08/2023,12342.00645,13950.0,-450.0,-0.03225806,12981.96234,12981.96234,12342.00645,1701.0,23568350.0,0.0,0.0,1701.0,23568350.0,0.0,0.0,0.0,0.0,0.0,0.0,0.0,0.0
08/08/2023,12753.406665,13200.0,750.0,0.05681818,12616.27326,12890.54007,12342.00645,2211.0,30735200.0,0.0,0.0,2211.0,30735200.0,0.0,0.0,0.0,0.0,0.0,0.0,0.0,0.0
07/08/2023,12067.73964,13000.0,200.0,0.01538462,12067.73964,12067.73964,12067.73964,1001.0,13213000.0,0.0,0.0,1001.0,13213000.0,0.0,0.0,0.0,0.0,0.0,0.0,0.0,0.0
04/08/2023,11884.8951,12950.0,50.0,0.003861,12616.27326,12661.984395,11884.8951,1305.0,17195900.0,0.0,0.0,1305.0,17195900.0,0.0,0.0,0.0,0.0,0.0,0.0,0.0,0.0
03/08/2023,11839.183965,12950.0,0.0,0.0,11107.805805,11839.183965,11107.805805,900.0,11255000.0,0.0,0.0,900.0,11255000.0,0.0,0.0,0.0,0.0,0.0,0.0,0.0,0.0
02/08/2023,11839.183965,12950.0,0.0,0.0,11839.183965,11839.183965,11839.183965,0.0,0.0,0.0,0.0,0.0,0.0,0.0,0.0,0.0,0.0,0.0,0.0,0.0,0.0
01/08/2023,11839.183965,12950.0,0.0,0.0,11839.183965,11839.183965,11839.183965,6.0,77700.0,0.0,0.0,6.0,77700.0,0.0,0.0,0.0,0.0,0.0,0.0,0.0,0.0
31/07/2023,11839.183965,13800.0,-850.0,-0.0615942,11839.183965,11884.8951,11793.47283,5000.0,64800000.0,0.0,0.0,5000.0,64800000.0,2400.0,-2400.0,0.0,0.0,31100000.0,-31100000.0,0.0,0.0
28/07/2023,12616.27326,13800.0,0.0,0.0,12616.27326,12616.27326,12616.27326,0.0,0.0,0.0,0.0,0.0,0.0,0.0,0.0,0.0,0.0,0.0,0.0,0.0,0.0
27/07/2023,12616.27326,13800.0,0.0,0.0,12616.27326,12616.27326,12616.27326,0.0,0.0,0.0,0.0,0.0,0.0,0.0,0.0,0.0,0.0,0.0,0.0,0.0,0.0
26/07/2023,12616.27326,13800.0,0.0,0.0,12616.27326,12616.27326,12616.27326,0.0,0.0,0.0,0.0,0.0,0.0,0.0,0.0,0.0,0.0,0.0,0.0,0.0,0.0
25/07/2023,12616.27326,13800.0,0.0,0.0,12616.27326,12616.27326,12616.27326,200.0,2760000.0,0.0,0.0,200.0,2760000.0,0.0,0.0,0.0,0.0,0.0,0.0,0.0,0.0
24/07/2023,12616.27326,13600.0,200.0,0.01470588,12570.562125,12616.27326,12570.562125,201.0,2768600.0,0.0,0.0,201.0,2768600.0,0.0,0.0,0.0,0.0,0.0,0.0,0.0,0.0
21/07/2023,12433.42872,13650.0,-50.0,-0.003663,12433.42872,12433.42872,12433.42872,100.0,1360000.0,0.0,0.0,100.0,1360000.0,0.0,0.0,0.0,0.0,0.0,0.0,0.0,0.0
20/07/2023,12479.139855,13650.0,0.0,0.0,12479.139855,12479.139855,12479.139855,100.0,1365000.0,0.0,0.0,100.0,1365000.0,0.0,0.0,0.0,0.0,0.0,0.0,0.0,0.0
19/07/2023,12479.139855,13800.0,-150.0,-0.01086957,12524.85099,12524.85099,12479.139855,300.0,4100000.0,0.0,0.0,300.0,4100000.0,100.0,-100.0,0.0,0.0,1370000.0,-1370000.0,0.0,0.0
18/07/2023,12616.27326,13800.0,0.0,0.0,11976.31737,12616.27326,11793.47283,1000.0,13125000.0,0.0,0.0,1000.0,13125000.0,0.0,0.0,0.0,0.0,0.0,0.0,0.0,0.0
17/07/2023,12616.27326,13800.0,0.0,0.0,12616.27326,12616.27326,12616.27326,200.0,2760000.0,0.0,0.0,200.0,2760000.0,0.0,0.0,0.0,0.0,0.0,0.0,0.0,0.0
14/07/2023,12616.27326,14000.0,-200.0,-0.01428571,12799.1178,12799.1178,12616.27326,900.0,12520000.0,0.0,0.0,900.0,12520000.0,0.0,0.0,0.0,0.0,0.0,0.0,0.0,0.0
13/07/2023,12799.1178,14000.0,0.0,0.0,12799.1178,12799.1178,12799.1178,300.0,4200000.0,0.0,0.0,300.0,4200000.0,0.0,0.0,0.0,0.0,0.0,0.0,0.0,0.0
12/07/2023,12799.1178,14000.0,0.0,0.0,12799.1178,12799.1178,12799.1178,24710.0,345932500.0,0.0,0.0,24710.0,345932500.0,100.0,0.0,0.0,-100.0,1400000.0,0.0,0.0,-1400000.0
11/07/2023,12799.1178,14600.0,-600.0,-0.04109589,13621.91823,13621.91823,12799.1178,2201.0,30994600.0,0.0,0.0,2201.0,30994600.0,0.0,0.0,0.0,0.0,0.0,0.0,0.0,0.0
10/07/2023,13347.65142,14600.0,0.0,0.0,13347.65142,13347.65142,13347.65142,0.0,0.0,0.0,0.0,0.0,0.0,0.0,0.0,0.0,0.0,0.0,0.0,0.0,0.0
07/07/2023,13347.65142,14600.0,0.0,0.0,13347.65142,13347.65142,13347.65142,0.0,0.0,0.0,0.0,0.0,0.0,0.0,0.0,0.0,0.0,0.0,0.0,0.0,0.0
06/07/2023,13347.65142,14600.0,0.0,0.0,13347.65142,13347.65142,13347.65142,100.0,1460000.0,0.0,0.0,100.0,1460000.0,0.0,0.0,0.0,0.0,0.0,0.0,0.0,0.0
05/07/2023,13347.65142,14600.0,0.0,0.0,13347.65142,13347.65142,13347.65142,0.0,0.0,0.0,0.0,0.0,0.0,0.0,0.0,0.0,0.0,0.0,0.0,0.0,0.0
04/07/2023,13347.65142,14600.0,0.0,0.0,13347.65142,13347.65142,13347.65142,200.0,2920000.0,0.0,0.0,200.0,2920000.0,0.0,0.0,0.0,0.0,0.0,0.0,0.0,0.0
03/07/2023,13347.65142,14500.0,100.0,0.00689655,13256.22915,13439.07369,13256.22915,2300.0,33680000.0,0.0,0.0,2300.0,33680000.0,0.0,0.0,0.0,0.0,0.0,0.0,0.0,0.0
30/06/2023,13256.22915,14000.0,500.0,0.03571429,12981.96234,13256.22915,12981.96234,1500.0,21450000.0,0.0,0.0,1500.0,21450000.0,-1500.0,1500.0,0.0,0.0,-21450000.0,21450000.0,0.0,0.0
29/06/2023,12799.1178,14000.0,0.0,0.0,12753.406665,12799.1178,12753.406665,5500.0,76750000.0,0.0,0.0,5500.0,76750000.0,-1000.0,1000.0,0.0,0.0,-13950000.0,13950000.0,0.0,0.0
28/06/2023,12799.1178,14000.0,0.0,0.0,12799.1178,12799.1178,12799.1178,2000.0,28000000.0,0.0,0.0,2000.0,28000000.0,0.0,0.0,0.0,0.0,0.0,0.0,0.0,0.0
27/06/2023,12799.1178,14000.0,0.0,0.0,12799.1178,12799.1178,12799.1178,4.0,52400.0,0.0,0.0,4.0,52400.0,0.0,0.0,0.0,0.0,0.0,0.0,0.0,0.0
26/06/2023,12799.1178,14000.0,0.0,0.0,12799.1178,12799.1178,12799.1178,0.0,0.0,0.0,0.0,0.0,0.0,0.0,0.0,0.0,0.0,0.0,0.0,0.0,0.0
23/06/2023,12799.1178,14000.0,0.0,0.0,12799.1178,12799.1178,12799.1178,100.0,1400000.0,0.0,0.0,100.0,1400000.0,0.0,0.0,0.0,0.0,0.0,0.0,0.0,0.0
22/06/2023,12799.1178,14650.0,-650.0,-0.0443686,13804.76277,13804.76277,12799.1178,2404.0,35168600.0,0.0,0.0,2404.0,35168600.0,0.0,0.0,0.0,0.0,0.0,0.0,0.0,0.0
21/06/2023,13393.362555,14650.0,0.0,0.0,13393.362555,13393.362555,13393.362555,0.0,0.0,0.0,0.0,0.0,0.0,0.0,0.0,0.0,0.0,0.0,0.0,0.0,0.0
20/06/2023,13393.362555,14400.0,250.0,0.01736111,13393.362555,13393.362555,13393.362555,1300.0,19045000.0,0.0,0.0,1300.0,19045000.0,0.0,0.0,0.0,0.0,0.0,0.0,0.0,0.0
19/06/2023,13164.80688,14400.0,0.0,0.0,13164.80688,13164.80688,13164.80688,0.0,0.0,0.0,0.0,0.0,0.0,0.0,0.0,0.0,0.0,0.0,0.0,0.0,0.0
16/06/2023,13164.80688,14450.0,-50.0,-0.00346021,13164.80688,13164.80688,13164.80688,100.0,1440000.0,0.0,0.0,100.0,1440000.0,0.0,0.0,0.0,0.0,0.0,0.0,0.0,0.0
15/06/2023,13210.518015,14000.0,450.0,0.03214286,13210.518015,13210.518015,13210.518015,100.0,1445000.0,0.0,0.0,100.0,1445000.0,-100.0,0.0,0.0,100.0,-1445000.0,0.0,0.0,1445000.0
14/06/2023,12799.1178,14000.0,0.0,0.0,12799.1178,12799.1178,12799.1178,301.0,4214000.0,0.0,0.0,301.0,4214000.0,0.0,0.0,0.0,0.0,0.0,0.0,0.0,0.0
13/06/2023,12799.1178,14450.0,-450.0,-0.03114187,13164.80688,13164.80688,12707.69553,7750.0,108490000.0,0.0,0.0,7750.0,108490000.0,0.0,0.0,0.0,0.0,0.0,0.0,0.0,0.0
12/06/2023,13210.518015,14000.0,450.0,0.03214286,13210.518015,13210.518015,13210.518015,107.0,1543000.0,0.0,0.0,107.0,1543000.0,0.0,0.0,0.0,0.0,0.0,0.0,0.0,0.0
09/06/2023,12799.1178,14000.0,0.0,0.0,12890.54007,12890.54007,12799.1178,4400.0,61690000.0,0.0,0.0,4400.0,61690000.0,0.0,0.0,0.0,0.0,0.0,0.0,0.0,0.0
08/06/2023,12799.1178,13600.0,400.0,0.02941176,13119.095745,13119.095745,12707.69553,33400.0,466040000.0,0.0,0.0,33400.0,466040000.0,0.0,0.0,0.0,0.0,0.0,0.0,0.0,0.0
07/06/2023,12433.42872,13600.0,0.0,0.0,12433.42872,12433.42872,12433.42872,1300.0,17680000.0,0.0,0.0,1300.0,17680000.0,0.0,0.0,0.0,0.0,0.0,0.0,0.0,0.0
06/06/2023,12433.42872,13750.0,-150.0,-0.01090909,12433.42872,12433.42872,12433.42872,100.0,1360000.0,0.0,0.0,100.0,1360000.0,0.0,0.0,0.0,0.0,0.0,0.0,0.0,0.0
05/06/2023,12570.562125,13750.0,0.0,0.0,12524.85099,12570.562125,12524.85099,6200.0,85245000.0,0.0,0.0,6200.0,85245000.0,0.0,0.0,0.0,0.0,0.0,0.0,0.0,0.0
02/06/2023,12570.562125,13750.0,0.0,0.0,12296.295315,13347.65142,12022.028505,2301.0,31173750.0,0.0,0.0,2301.0,31173750.0,0.0,0.0,0.0,0.0,0.0,0.0,0.0,0.0
01/06/2023,12570.562125,12900.0,850.0,0.06589147,11793.47283,12570.562125,11793.47283,801.0,10448300.0,0.0,0.0,801.0,10448300.0,0.0,0.0,0.0,0.0,0.0,0.0,0.0,0.0
31/05/2023,11793.47283,12900.0,0.0,0.0,11793.47283,11793.47283,11793.47283,0.0,0.0,0.0,0.0,0.0,0.0,0.0,0.0,0.0,0.0,0.0,0.0,0.0,0.0
30/05/2023,11793.47283,13000.0,-100.0,-0.00769231,11427.78375,11793.47283,11427.78375,700.0,8790000.0,0.0,0.0,700.0,8790000.0,0.0,0.0,0.0,0.0,0.0,0.0,0.0,0.0
29/05/2023,11884.8951,12900.0,100.0,0.00775194,11839.183965,11884.8951,11839.183965,500.0,6495000.0,0.0,0.0,500.0,6495000.0,0.0,0.0,0.0,0.0,0.0,0.0,0.0,0.0
26/05/2023,11793.47283,12950.0,-50.0,-0.003861,11793.47283,11793.47283,11793.47283,100.0,1290000.0,0.0,0.0,100.0,1290000.0,0.0,0.0,0.0,0.0,0.0,0.0,0.0,0.0
25/05/2023,11839.183965,12200.0,750.0,0.06147541,11153.51694,11839.183965,11153.51694,1200.0,14715000.0,0.0,0.0,1200.0,14715000.0,0.0,0.0,0.0,0.0,0.0,0.0,0.0,0.0
24/05/2023,11153.51694,12200.0,0.0,0.0,11199.228075,11199.228075,11153.51694,1600.0,19525000.0,0.0,0.0,1600.0,19525000.0,0.0,0.0,0.0,0.0,0.0,0.0,0.0,0.0
23/05/2023,11153.51694,12950.0,-750.0,-0.05791506,11473.494885,11473.494885,11153.51694,1400.0,17170000.0,0.0,0.0,1400.0,17170000.0,0.0,0.0,0.0,0.0,0.0,0.0,0.0,0.0
22/05/2023,11839.183965,12950.0,0.0,0.0,11839.183965,11839.183965,11839.183965,1.0,13300.0,0.0,0.0,1.0,13300.0,0.0,0.0,0.0,0.0,0.0,0.0,0.0,0.0
19/05/2023,11839.183965,12550.0,400.0,0.03187251,11839.183965,11839.183965,11839.183965,101.0,1308300.0,0.0,0.0,101.0,1308300.0,0.0,0.0,0.0,0.0,0.0,0.0,0.0,0.0
18/05/2023,11473.494885,12550.0,0.0,0.0,11473.494885,11473.494885,11473.494885,0.0,0.0,0.0,0.0,0.0,0.0,0.0,0.0,0.0,0.0,0.0,0.0,0.0,0.0
17/05/2023,11473.494885,12550.0,0.0,0.0,11473.494885,11473.494885,11473.494885,0.0,0.0,0.0,0.0,0.0,0.0,0.0,0.0,0.0,0.0,0.0,0.0,0.0,0.0
16/05/2023,11473.494885,12550.0,0.0,0.0,11473.494885,11473.494885,11473.494885,10.0,133000.0,0.0,0.0,10.0,133000.0,0.0,0.0,0.0,0.0,0.0,0.0,0.0,0.0
15/05/2023,11473.494885,12200.0,350.0,0.02868852,11702.05056,11702.05056,11427.78375,1000.0,12600000.0,0.0,0.0,1000.0,12600000.0,0.0,0.0,0.0,0.0,0.0,0.0,0.0,0.0
12/05/2023,11153.51694,12200.0,0.0,0.0,11153.51694,11153.51694,11153.51694,0.0,0.0,0.0,0.0,0.0,0.0,0.0,0.0,0.0,0.0,0.0,0.0,0.0,0.0
11/05/2023,11153.51694,12200.0,0.0,0.0,11153.51694,11153.51694,11153.51694,0.0,0.0,0.0,0.0,0.0,0.0,0.0,0.0,0.0,0.0,0.0,0.0,0.0,0.0
10/05/2023,11153.51694,12200.0,0.0,0.0,11153.51694,11153.51694,11153.51694,0.0,0.0,0.0,0.0,0.0,0.0,0.0,0.0,0.0,0.0,0.0,0.0,0.0,0.0
09/05/2023,11153.51694,12500.0,-300.0,-0.024,11199.228075,11199.228075,11153.51694,2001.0,24418300.0,0.0,0.0,2001.0,24418300.0,0.0,0.0,0.0,0.0,0.0,0.0,0.0,0.0
08/05/2023,11427.78375,12200.0,300.0,0.02459016,11427.78375,11427.78375,11153.51694,3200.0,39780000.0,0.0,0.0,3200.0,39780000.0,0.0,0.0,0.0,0.0,0.0,0.0,0.0,0.0
05/05/2023,11153.51694,12200.0,0.0,0.0,11153.51694,11153.51694,11153.51694,0.0,0.0,0.0,0.0,0.0,0.0,0.0,0.0,0.0,0.0,0.0,0.0,0.0,0.0
04/05/2023,11153.51694,13050.0,-850.0,-0.0651341,11930.606235,11930.606235,11153.51694,2400.0,30555000.0,0.0,0.0,2400.0,30555000.0,-1000.0,0.0,0.0,1000.0,-13050000.0,0.0,0.0,13050000.0
28/04/2023,11930.606235,13050.0,0.0,0.0,11930.606235,11930.606235,11930.606235,0.0,0.0,0.0,0.0,0.0,0.0,0.0,0.0,0.0,0.0,0.0,0.0,0.0,0.0
27/04/2023,11930.606235,12250.0,800.0,0.06530612,11930.606235,11930.606235,11930.606235,100.0,1305000.0,0.0,0.0,100.0,1305000.0,0.0,0.0,0.0,0.0,0.0,0.0,0.0,0.0
26/04/2023,11199.228075,12900.0,-650.0,-0.0503876,11199.228075,11199.228075,11199.228075,1100.0,13475000.0,0.0,0.0,1100.0,13475000.0,1100.0,0.0,0.0,-1100.0,13475000.0,0.0,0.0,-13475000.0
25/04/2023,11793.47283,12900.0,0.0,0.0,11793.47283,11793.47283,11793.47283,0.0,0.0,0.0,0.0,0.0,0.0,0.0,0.0,0.0,0.0,0.0,0.0,0.0,0.0
24/04/2023,11793.47283,12900.0,0.0,0.0,11793.47283,11793.47283,11793.47283,0.0,0.0,0.0,0.0,0.0,0.0,0.0,0.0,0.0,0.0,0.0,0.0,0.0,0.0
21/04/2023,11793.47283,12600.0,300.0,0.02380952,11793.47283,11793.47283,11793.47283,400.0,5160000.0,0.0,0.0,400.0,5160000.0,0.0,0.0,0.0,0.0,0.0,0.0,0.0,0.0
20/04/2023,11519.20602,12600.0,0.0,0.0,11519.20602,11519.20602,11519.20602,0.0,0.0,0.0,0.0,0.0,0.0,0.0,0.0,0.0,0.0,0.0,0.0,0.0,0.0
19/04/2023,11519.20602,12600.0,0.0,0.0,11519.20602,11519.20602,11519.20602,0.0,0.0,0.0,0.0,0.0,0.0,0.0,0.0,0.0,0.0,0.0,0.0,0.0,0.0
18/04/2023,11519.20602,12600.0,0.0,0.0,11519.20602,11519.20602,11519.20602,0.0,0.0,0.0,0.0,0.0,0.0,0.0,0.0,0.0,0.0,0.0,0.0,0.0,0.0
17/04/2023,11519.20602,12600.0,0.0,0.0,11519.20602,11519.20602,11519.20602,200.0,2520000.0,0.0,0.0,200.0,2520000.0,0.0,0.0,0.0,0.0,0.0,0.0,0.0,0.0
14/04/2023,11519.20602,13200.0,-600.0,-0.04545455,11610.62829,11610.62829,11519.20602,200.0,2530000.0,0.0,0.0,200.0,2530000.0,0.0,0.0,0.0,0.0,0.0,0.0,0.0,0.0
13/04/2023,12067.73964,13000.0,200.0,0.01538462,11610.62829,12067.73964,11473.494885,2200.0,27695000.0,0.0,0.0,2200.0,27695000.0,-1900.0,0.0,0.0,1900.0,-23845000.0,0.0,0.0,23845000.0
12/04/2023,11884.8951,13000.0,0.0,0.0,11884.8951,11884.8951,11884.8951,0.0,0.0,0.0,0.0,0.0,0.0,0.0,0.0,0.0,0.0,0.0,0.0,0.0,0.0
11/04/2023,11884.8951,13350.0,-350.0,-0.02621723,11884.8951,11884.8951,11884.8951,900.0,11700000.0,0.0,0.0,900.0,11700000.0,0.0,0.0,0.0,0.0,0.0,0.0,0.0,0.0
10/04/2023,12204.873045,13350.0,0.0,0.0,12204.873045,12204.873045,12204.873045,0.0,0.0,0.0,0.0,0.0,0.0,0.0,0.0,0.0,0.0,0.0,0.0,0.0,0.0
07/04/2023,12204.873045,12650.0,700.0,0.05533597,12204.873045,12204.873045,12204.873045,100.0,1335000.0,0.0,0.0,100.0,1335000.0,0.0,0.0,0.0,0.0,0.0,0.0,0.0,0.0
06/04/2023,11564.917155,12600.0,50.0,0.00396825,11564.917155,11564.917155,11519.20602,5700.0,72095000.0,0.0,0.0,5700.0,72095000.0,-1300.0,0.0,0.0,1300.0,-16445000.0,0.0,0.0,16445000.0
05/04/2023,11519.20602,12900.0,-300.0,-0.02325581,11519.20602,11519.20602,11519.20602,100.0,1260000.0,0.0,0.0,100.0,1260000.0,0.0,0.0,0.0,0.0,0.0,0.0,0.0,0.0
04/04/2023,11793.47283,13300.0,-400.0,-0.03007519,11793.47283,11793.47283,11793.47283,100.0,1290000.0,0.0,0.0,100.0,1290000.0,0.0,0.0,0.0,0.0,0.0,0.0,0.0,0.0
03/04/2023,12159.16191,13950.0,-650.0,-0.04659498,11884.8951,12159.16191,11884.8951,1020.0,13446000.0,0.0,0.0,1020.0,13446000.0,-100.0,0.0,0.0,100.0,-1330000.0,0.0,0.0,1330000.0
31/03/2023,12753.406665,13150.0,800.0,0.0608365,12753.406665,12753.406665,12753.406665,100.0,1395000.0,0.0,0.0,100.0,1395000.0,0.0,0.0,0.0,0.0,0.0,0.0,0.0,0.0
30/03/2023,12022.028505,12600.0,550.0,0.04365079,12022.028505,12022.028505,12022.028505,100.0,1315000.0,0.0,0.0,100.0,1315000.0,0.0,0.0,0.0,0.0,0.0,0.0,0.0,0.0
29/03/2023,11519.20602,12600.0,0.0,0.0,11519.20602,11519.20602,11519.20602,0.0,0.0,0.0,0.0,0.0,0.0,0.0,0.0,0.0,0.0,0.0,0.0,0.0,0.0
28/03/2023,11519.20602,12500.0,100.0,0.008,11519.20602,11519.20602,11519.20602,210.0,2645000.0,0.0,0.0,210.0,2645000.0,0.0,0.0,0.0,0.0,0.0,0.0,0.0,0.0
27/03/2023,11427.78375,12500.0,0.0,0.0,11427.78375,11427.78375,11427.78375,0.0,0.0,0.0,0.0,0.0,0.0,0.0,0.0,0.0,0.0,0.0,0.0,0.0,0.0
24/03/2023,11427.78375,12500.0,0.0,0.0,11427.78375,11427.78375,11427.78375,0.0,0.0,0.0,0.0,0.0,0.0,0.0,0.0,0.0,0.0,0.0,0.0,0.0,0.0
23/03/2023,11427.78375,12600.0,-100.0,-0.00793651,11427.78375,11427.78375,11427.78375,2500.0,31250000.0,0.0,0.0,2500.0,31250000.0,0.0,0.0,0.0,0.0,0.0,0.0,0.0,0.0
22/03/2023,11519.20602,12800.0,-200.0,-0.015625,11702.05056,11702.05056,11519.20602,1410.0,18013000.0,0.0,0.0,1410.0,18013000.0,-1200.0,0.0,0.0,1200.0,-15360000.0,0.0,0.0,15360000.0
21/03/2023,11702.05056,12800.0,0.0,0.0,11702.05056,11702.05056,11702.05056,0.0,0.0,0.0,0.0,0.0,0.0,0.0,0.0,0.0,0.0,0.0,0.0,0.0,0.0
20/03/2023,11702.05056,12800.0,0.0,0.0,11702.05056,11702.05056,11702.05056,0.0,0.0,0.0,0.0,0.0,0.0,0.0,0.0,0.0,0.0,0.0,0.0,0.0,0.0
17/03/2023,11702.05056,12800.0,0.0,0.0,11702.05056,11702.05056,11702.05056,0.0,0.0,0.0,0.0,0.0,0.0,0.0,0.0,0.0,0.0,0.0,0.0,0.0,0.0
16/03/2023,11702.05056,12650.0,150.0,0.01185771,11564.917155,11702.05056,11564.917155,200.0,2545000.0,0.0,0.0,200.0,2545000.0,0.0,0.0,0.0,0.0,0.0,0.0,0.0,0.0
15/03/2023,11564.917155,12450.0,200.0,0.01606426,11839.183965,11839.183965,11564.917155,200.0,2560000.0,0.0,0.0,200.0,2560000.0,0.0,0.0,0.0,0.0,0.0,0.0,0.0,0.0
14/03/2023,11382.072615,12450.0,0.0,0.0,11382.072615,11382.072615,11382.072615,100.0,1245000.0,0.0,0.0,100.0,1245000.0,0.0,0.0,0.0,0.0,0.0,0.0,0.0,0.0
13/03/2023,11382.072615,13050.0,-600.0,-0.04597701,11107.805805,11382.072615,11107.805805,600.0,7410000.0,0.0,0.0,600.0,7410000.0,0.0,0.0,0.0,0.0,0.0,0.0,0.0,0.0
10/03/2023,11930.606235,13300.0,-250.0,-0.01879699,12159.16191,12159.16191,11930.606235,1400.0,18370000.0,0.0,0.0,1400.0,18370000.0,-1000.0,0.0,0.0,1000.0,-13050000.0,0.0,0.0,13050000.0
09/03/2023,12159.16191,13500.0,-200.0,-0.01481481,12159.16191,12159.16191,12159.16191,348.0,4638000.0,0.0,0.0,348.0,4638000.0,0.0,0.0,0.0,0.0,0.0,0.0,0.0,0.0
08/03/2023,12342.00645,13500.0,0.0,0.0,12342.00645,12342.00645,12342.00645,40.0,540000.0,0.0,0.0,40.0,540000.0,0.0,0.0,0.0,0.0,0.0,0.0,0.0,0.0
07/03/2023,12342.00645,13450.0,50.0,0.00371747,12342.00645,12342.00645,12342.00645,600.0,8100000.0,0.0,0.0,600.0,8100000.0,0.0,0.0,0.0,0.0,0.0,0.0,0.0,0.0
06/03/2023,12296.295315,13450.0,0.0,0.0,12296.295315,12296.295315,12296.295315,0.0,0.0,0.0,0.0,0.0,0.0,0.0,0.0,0.0,0.0,0.0,0.0,0.0,0.0
03/03/2023,12296.295315,13050.0,400.0,0.03065134,12296.295315,12296.295315,12296.295315,1100.0,14795000.0,0.0,0.0,1100.0,14795000.0,0.0,0.0,0.0,0.0,0.0,0.0,0.0,0.0
02/03/2023,11930.606235,13100.0,-50.0,-0.00381679,11930.606235,11930.606235,11930.606235,1240.0,16180000.0,0.0,0.0,1240.0,16180000.0,-500.0,0.0,0.0,500.0,-6525000.0,0.0,0.0,6525000.0
01/03/2023,11976.31737,13250.0,-150.0,-0.01132075,12204.873045,12204.873045,11930.606235,1500.0,19965000.0,0.0,0.0,1500.0,19965000.0,-1300.0,0.0,0.0,1300.0,-17325000.0,0.0,0.0,17325000.0
28/02/2023,12113.450775,13050.0,200.0,0.01532567,12067.73964,12113.450775,12067.73964,2200.0,29045000.0,0.0,0.0,2200.0,29045000.0,0.0,0.0,0.0,0.0,0.0,0.0,0.0,0.0
27/02/2023,11930.606235,13950.0,-900.0,-0.06451613,12342.00645,13484.784825,11884.8951,11200.0,146020000.0,0.0,0.0,11200.0,146020000.0,0.0,0.0,0.0,0.0,0.0,0.0,0.0,0.0
24/02/2023,12753.406665,15000.0,-1050.0,-0.07,12753.406665,12753.406665,12753.406665,300.0,4185000.0,0.0,0.0,300.0,4185000.0,0.0,0.0,0.0,0.0,0.0,0.0,0.0,0.0
23/02/2023,13713.3405,15000.0,0.0,0.0,13713.3405,13713.3405,13713.3405,0.0,0.0,0.0,0.0,0.0,0.0,0.0,0.0,0.0,0.0,0.0,0.0,0.0,0.0
22/02/2023,13713.3405,14350.0,650.0,0.04529617,12204.873045,13987.60731,12204.873045,23112.0,309447200.0,0.0,0.0,23112.0,309447200.0,0.0,0.0,0.0,0.0,0.0,0.0,0.0,0.0
21/02/2023,13119.095745,14350.0,0.0,0.0,13119.095745,13119.095745,13119.095745,0.0,0.0,0.0,0.0,0.0,0.0,0.0,0.0,0.0,0.0,0.0,0.0,0.0,0.0
20/02/2023,13119.095745,14350.0,0.0,0.0,13119.095745,13119.095745,13119.095745,0.0,0.0,0.0,0.0,0.0,0.0,0.0,0.0,0.0,0.0,0.0,0.0,0.0,0.0
17/02/2023,13119.095745,14350.0,0.0,0.0,13119.095745,13119.095745,13119.095745,0.0,0.0,0.0,0.0,0.0,0.0,0.0,0.0,0.0,0.0,0.0,0.0,0.0,0.0
16/02/2023,13119.095745,14400.0,-50.0,-0.00347222,12296.295315,13119.095745,12296.295315,1400.0,18920000.0,0.0,0.0,1400.0,18920000.0,0.0,0.0,0.0,0.0,0.0,0.0,0.0,0.0
15/02/2023,13164.80688,14400.0,0.0,0.0,13164.80688,13164.80688,13164.80688,0.0,0.0,0.0,0.0,0.0,0.0,0.0,0.0,0.0,0.0,0.0,0.0,0.0,0.0
14/02/2023,13164.80688,14550.0,-150.0,-0.01030928,12433.42872,13164.80688,12433.42872,300.0,4160000.0,0.0,0.0,300.0,4160000.0,0.0,0.0,0.0,0.0,0.0,0.0,0.0,0.0
13/02/2023,13301.940285,13800.0,750.0,0.05434783,12524.85099,13301.940285,12524.85099,1100.0,15155000.0,0.0,0.0,1100.0,15155000.0,0.0,0.0,0.0,0.0,0.0,0.0,0.0,0.0
10/02/2023,12616.27326,13800.0,0.0,0.0,12616.27326,12616.27326,12616.27326,0.0,0.0,0.0,0.0,0.0,0.0,0.0,0.0,0.0,0.0,0.0,0.0,0.0,0.0
09/02/2023,12616.27326,13800.0,0.0,0.0,12479.139855,12616.27326,12433.42872,18700.0,254765000.0,0.0,0.0,18700.0,254765000.0,0.0,0.0,0.0,0.0,0.0,0.0,0.0,0.0
08/02/2023,12616.27326,13800.0,0.0,0.0,12616.27326,12616.27326,12616.27326,1800.0,24840000.0,0.0,0.0,1800.0,24840000.0,0.0,0.0,0.0,0.0,0.0,0.0,0.0,0.0
07/02/2023,12616.27326,14000.0,-200.0,-0.01428571,12022.028505,12616.27326,12022.028505,1800.0,23735000.0,0.0,0.0,1800.0,23735000.0,0.0,0.0,0.0,0.0,0.0,0.0,0.0,0.0
06/02/2023,12799.1178,14000.0,0.0,0.0,12799.1178,12799.1178,12799.1178,0.0,0.0,0.0,0.0,0.0,0.0,0.0,0.0,0.0,0.0,0.0,0.0,0.0,0.0
03/02/2023,12799.1178,14050.0,-50.0,-0.00355872,12799.1178,12799.1178,12799.1178,100.0,1400000.0,0.0,0.0,100.0,1400000.0,0.0,0.0,0.0,0.0,0.0,0.0,0.0,0.0
02/02/2023,12844.828935,14050.0,0.0,0.0,12844.828935,12844.828935,12844.828935,0.0,0.0,0.0,0.0,0.0,0.0,0.0,0.0,0.0,0.0,0.0,0.0,0.0,0.0
01/02/2023,12844.828935,15000.0,-950.0,-0.06333333,13393.362555,13439.07369,12844.828935,300.0,4340000.0,0.0,0.0,300.0,4340000.0,-200.0,0.0,0.0,200.0,-2935000.0,0.0,0.0,2935000.0
31/01/2023,13713.3405,15000.0,0.0,0.0,13713.3405,13713.3405,13713.3405,0.0,0.0,0.0,0.0,0.0,0.0,0.0,0.0,0.0,0.0,0.0,0.0,0.0,0.0
30/01/2023,13713.3405,14300.0,700.0,0.04895105,12570.562125,13713.3405,12570.562125,1100.0,15325000.0,0.0,0.0,1100.0,15325000.0,0.0,0.0,0.0,0.0,0.0,0.0,0.0,0.0
27/01/2023,13073.38461,14550.0,-250.0,-0.01718213,12433.42872,13073.38461,12433.42872,3200.0,45690000.0,0.0,0.0,3200.0,45690000.0,0.0,0.0,0.0,0.0,0.0,0.0,0.0,0.0
19/01/2023,13301.940285,14000.0,550.0,0.03928571,13301.940285,13301.940285,13301.940285,100.0,1455000.0,0.0,0.0,100.0,1455000.0,0.0,0.0,0.0,0.0,0.0,0.0,0.0,0.0
18/01/2023,12799.1178,14000.0,0.0,0.0,12799.1178,12799.1178,12799.1178,0.0,0.0,0.0,0.0,0.0,0.0,0.0,0.0,0.0,0.0,0.0,0.0,0.0,0.0
17/01/2023,12799.1178,13900.0,100.0,0.00719424,12707.69553,12799.1178,11884.8951,300.0,4090000.0,0.0,0.0,300.0,4090000.0,0.0,0.0,0.0,0.0,0.0,0.0,0.0,0.0
16/01/2023,12707.69553,13900.0,0.0,0.0,12707.69553,12707.69553,12707.69553,0.0,0.0,0.0,0.0,0.0,0.0,0.0,0.0,0.0,0.0,0.0,0.0,0.0,0.0
13/01/2023,12707.69553,13100.0,800.0,0.0610687,12707.69553,12707.69553,12707.69553,100.0,1390000.0,0.0,0.0,100.0,1390000.0,0.0,0.0,0.0,0.0,0.0,0.0,0.0,0.0
12/01/2023,11976.31737,13950.0,-850.0,-0.0609319,11976.31737,11976.31737,11976.31737,100.0,1310000.0,0.0,0.0,100.0,1310000.0,0.0,0.0,0.0,0.0,0.0,0.0,0.0,0.0
11/01/2023,12753.406665,14900.0,-950.0,-0.06375839,13530.49596,13530.49596,12753.406665,200.0,2875000.0,0.0,0.0,200.0,2875000.0,0.0,0.0,0.0,0.0,0.0,0.0,0.0,0.0
10/01/2023,13621.91823,14900.0,0.0,0.0,13621.91823,13621.91823,13621.91823,0.0,0.0,0.0,0.0,0.0,0.0,0.0,0.0,0.0,0.0,0.0,0.0,0.0,0.0
09/01/2023,13621.91823,14000.0,900.0,0.06428571,11930.606235,13621.91823,11930.606235,200.0,2795000.0,0.0,0.0,200.0,2795000.0,0.0,0.0,0.0,0.0,0.0,0.0,0.0,0.0
06/01/2023,12799.1178,14000.0,0.0,0.0,12799.1178,12799.1178,12799.1178,0.0,0.0,0.0,0.0,0.0,0.0,0.0,0.0,0.0,0.0,0.0,0.0,0.0,0.0
05/01/2023,12799.1178,14000.0,0.0,0.0,12799.1178,12799.1178,12799.1178,0.0,0.0,0.0,0.0,0.0,0.0,0.0,0.0,0.0,0.0,0.0,0.0,0.0,0.0
04/01/2023,12799.1178,14000.0,0.0,0.0,12799.1178,12799.1178,12799.1178,500.0,7000000.0,0.0,0.0,500.0,7000000.0,0.0,0.0,0.0,0.0,0.0,0.0,0.0,0.0
03/01/2023,12799.1178,14000.0,0.0,0.0,12799.1178,12799.1178,12799.1178,0.0,0.0,0.0,0.0,0.0,0.0,0.0,0.0,0.0,0.0,0.0,0.0,0.0,0.0
30/12/2022,12799.1178,14000.0,0.0,0.0,12799.1178,12799.1178,12799.1178,100.0,1400000.0,0.0,0.0,100.0,1400000.0,0.0,0.0,0.0,0.0,0.0,0.0,0.0,0.0
29/12/2022,12799.1178,14000.0,0.0,0.0,12799.1178,12799.1178,11976.31737,5410.0,73040000.0,0.0,0.0,5410.0,73040000.0,-2010.0,0.0,0.0,2010.0,-28140000.0,0.0,0.0,28140000.0
28/12/2022,12799.1178,14000.0,0.0,0.0,12799.1178,12799.1178,12799.1178,0.0,0.0,0.0,0.0,0.0,0.0,0.0,0.0,0.0,0.0,0.0,0.0,0.0,0.0
27/12/2022,12799.1178,14000.0,0.0,0.0,12799.1178,12799.1178,12799.1178,0.0,0.0,0.0,0.0,0.0,0.0,0.0,0.0,0.0,0.0,0.0,0.0,0.0,0.0
26/12/2022,12799.1178,14000.0,0.0,0.0,12799.1178,12799.1178,12799.1178,0.0,0.0,0.0,0.0,0.0,0.0,0.0,0.0,0.0,0.0,0.0,0.0,0.0,0.0
23/12/2022,12799.1178,14700.0,-700.0,-0.04761905,13347.65142,13347.65142,12799.1178,300.0,4320000.0,0.0,0.0,300.0,4320000.0,0.0,0.0,0.0,0.0,0.0,0.0,0.0,0.0
22/12/2022,13439.07369,14700.0,0.0,0.0,13439.07369,13439.07369,13439.07369,0.0,0.0,0.0,0.0,0.0,0.0,0.0,0.0,0.0,0.0,0.0,0.0,0.0,0.0
21/12/2022,13439.07369,14700.0,0.0,0.0,13439.07369,13439.07369,13439.07369,0.0,0.0,0.0,0.0,0.0,0.0,0.0,0.0,0.0,0.0,0.0,0.0,0.0,0.0
20/12/2022,13439.07369,14700.0,0.0,0.0,13439.07369,13439.07369,13439.07369,0.0,0.0,0.0,0.0,0.0,0.0,0.0,0.0,0.0,0.0,0.0,0.0,0.0,0.0
19/12/2022,13439.07369,14700.0,0.0,0.0,13439.07369,13439.07369,13439.07369,100.0,1470000.0,0.0,0.0,100.0,1470000.0,0.0,0.0,0.0,0.0,0.0,0.0,0.0,0.0
16/12/2022,13439.07369,14800.0,-100.0,-0.00675676,13393.362555,13439.07369,13393.362555,1200.0,17630000.0,0.0,0.0,1200.0,17630000.0,0.0,0.0,0.0,0.0,0.0,0.0,0.0,0.0
15/12/2022,13530.49596,14800.0,0.0,0.0,13530.49596,13530.49596,13530.49596,80.0,1112000.0,0.0,0.0,80.0,1112000.0,0.0,0.0,0.0,0.0,0.0,0.0,0.0,0.0
14/12/2022,13530.49596,14800.0,0.0,0.0,13530.49596,13530.49596,13530.49596,0.0,0.0,0.0,0.0,0.0,0.0,0.0,0.0,0.0,0.0,0.0,0.0,0.0,0.0
13/12/2022,13530.49596,14800.0,0.0,0.0,13530.49596,13530.49596,13530.49596,200.0,2960000.0,0.0,0.0,200.0,2960000.0,0.0,0.0,0.0,0.0,0.0,0.0,0.0,0.0
12/12/2022,13530.49596,14800.0,0.0,0.0,13530.49596,13530.49596,13530.49596,0.0,0.0,0.0,0.0,0.0,0.0,0.0,0.0,0.0,0.0,0.0,0.0,0.0,0.0
09/12/2022,13530.49596,14800.0,0.0,0.0,13530.49596,13530.49596,13530.49596,0.0,0.0,0.0,0.0,0.0,0.0,0.0,0.0,0.0,0.0,0.0,0.0,0.0,0.0
08/12/2022,13530.49596,14200.0,600.0,0.04225352,13530.49596,13530.49596,13530.49596,300.0,4440000.0,0.0,0.0,300.0,4440000.0,0.0,0.0,0.0,0.0,0.0,0.0,0.0,0.0
07/12/2022,12981.96234,14200.0,0.0,0.0,12981.96234,12981.96234,12981.96234,0.0,0.0,0.0,0.0,0.0,0.0,0.0,0.0,0.0,0.0,0.0,0.0,0.0,0.0
06/12/2022,12982.14518454,15250.0,-550.0,-0.03606557,12849.67431531,12982.14518454,12805.5173589,900.0,13080000.0,0.0,0.0,900.0,13080000.0,0.0,0.0,0.0,0.0,0.0,0.0,0.0,0.0
05/12/2022,13467.87170505,15350.0,-100.0,-0.00651466,13467.87170505,13467.87170505,13467.87170505,200.0,3050000.0,0.0,0.0,200.0,3050000.0,0.0,0.0,0.0,0.0,0.0,0.0,0.0,0.0
02/12/2022,13556.18561787,15350.0,0.0,0.0,13556.18561787,13556.18561787,13556.18561787,0.0,0.0,0.0,0.0,0.0,0.0,0.0,0.0,0.0,0.0,0.0,0.0,0.0,0.0
01/12/2022,13556.18561787,14500.0,850.0,0.05862069,12849.67431531,13556.18561787,12805.5173589,1584.0,23073000.0,0.0,0.0,1584.0,23073000.0,0.0,0.0,0.0,0.0,0.0,0.0,0.0,0.0
30/11/2022,12805.5173589,14500.0,0.0,0.0,12805.5173589,12805.5173589,12805.5173589,0.0,0.0,0.0,0.0,0.0,0.0,0.0,0.0,0.0,0.0,0.0,0.0,0.0,0.0
29/11/2022,12805.5173589,14600.0,-100.0,-0.00684932,12761.36040249,12805.5173589,12717.20344608,1900.0,27455000.0,0.0,0.0,1900.0,27455000.0,0.0,0.0,0.0,0.0,0.0,0.0,0.0,0.0
28/11/2022,12893.83127172,14600.0,0.0,0.0,12893.83127172,12893.83127172,12893.83127172,50.0,682500.0,0.0,0.0,50.0,682500.0,0.0,0.0,0.0,0.0,0.0,0.0,0.0,0.0
25/11/2022,12893.83127172,14850.0,-250.0,-0.01683502,12363.9477948,12893.83127172,12363.9477948,1301.0,18874850.0,0.0,0.0,1301.0,18874850.0,-100.0,100.0,0.0,0.0,-1460000.0,1460000.0,0.0,0.0
24/11/2022,13114.61605377,14850.0,0.0,0.0,13114.61605377,13114.61605377,13114.61605377,0.0,0.0,0.0,0.0,0.0,0.0,0.0,0.0,0.0,0.0,0.0,0.0,0.0,0.0
23/11/2022,13114.61605377,14300.0,550.0,0.03846154,12363.9477948,13114.61605377,12363.9477948,300.0,4285000.0,0.0,0.0,300.0,4285000.0,0.0,0.0,0.0,0.0,0.0,0.0,0.0,0.0
22/11/2022,12628.88953326,13850.0,450.0,0.03249097,11922.3782307,12628.88953326,11922.3782307,800.0,10980000.0,0.0,0.0,800.0,10980000.0,0.0,0.0,0.0,0.0,0.0,0.0,0.0,0.0
21/11/2022,12231.47692557,13950.0,-100.0,-0.00716846,12231.47692557,12231.47692557,12231.47692557,185.0,2494250.0,0.0,0.0,185.0,2494250.0,0.0,0.0,0.0,0.0,0.0,0.0,0.0,0.0
18/11/2022,12319.79083839,13950.0,0.0,0.0,11569.12257942,12319.79083839,11480.8086666,623.0,8225850.0,0.0,0.0,623.0,8225850.0,0.0,0.0,0.0,0.0,0.0,0.0,0.0,0.0
17/11/2022,12319.79083839,13400.0,550.0,0.04104478,11834.06431788,12319.79083839,11834.06431788,300.0,4075000.0,0.0,0.0,300.0,4075000.0,0.0,0.0,0.0,0.0,0.0,0.0,0.0,0.0
16/11/2022,11834.06431788,13500.0,-100.0,-0.00740741,11834.06431788,11834.06431788,11834.06431788,100.0,1340000.0,0.0,0.0,100.0,1340000.0,0.0,0.0,0.0,0.0,0.0,0.0,0.0,0.0
15/11/2022,11922.3782307,13700.0,-200.0,-0.01459854,11304.18084096,11922.3782307,11260.02388455,303.0,3944000.0,0.0,0.0,303.0,3944000.0,200.0,0.0,0.0,-200.0,2555000.0,0.0,0.0,-2555000.0
14/11/2022,12099.00605634,13900.0,-200.0,-0.01438849,12275.63388198,12275.63388198,11524.96562301,800.0,11015000.0,0.0,0.0,800.0,11015000.0,0.0,0.0,0.0,0.0,0.0,0.0,0.0,0.0
11/11/2022,12275.63388198,13950.0,-50.0,-0.00358423,12275.63388198,12275.63388198,12275.63388198,100.0,1390000.0,0.0,0.0,100.0,1390000.0,0.0,0.0,0.0,0.0,0.0,0.0,0.0,0.0
10/11/2022,12319.79083839,14000.0,-50.0,-0.00357143,12363.9477948,12363.9477948,12319.79083839,1000.0,13995000.0,0.0,0.0,1000.0,13995000.0,0.0,0.0,0.0,0.0,0.0,0.0,0.0,0.0
09/11/2022,12363.9477948,14700.0,-700.0,-0.04761905,12982.14518454,12982.14518454,12363.9477948,300.0,4270000.0,0.0,0.0,300.0,4270000.0,0.0,0.0,0.0,0.0,0.0,0.0,0.0,0.0
08/11/2022,12982.14518454,14750.0,-50.0,-0.00338983,12982.14518454,12982.14518454,12982.14518454,100.0,1470000.0,0.0,0.0,100.0,1470000.0,0.0,0.0,0.0,0.0,0.0,0.0,0.0,0.0
07/11/2022,13026.30214095,15050.0,-300.0,-0.01993355,12408.10475121,13026.30214095,12408.10475121,400.0,5690000.0,0.0,0.0,400.0,5690000.0,0.0,0.0,0.0,0.0,0.0,0.0,0.0,0.0
04/11/2022,13291.24387941,15200.0,-150.0,-0.00986842,13291.24387941,13291.24387941,13291.24387941,100.0,1505000.0,0.0,0.0,100.0,1505000.0,0.0,0.0,0.0,0.0,0.0,0.0,0.0,0.0
03/11/2022,13423.71474864,15200.0,0.0,0.0,13423.71474864,13423.71474864,13423.71474864,0.0,0.0,0.0,0.0,0.0,0.0,0.0,0.0,0.0,0.0,0.0,0.0,0.0,0.0
02/11/2022,13423.71474864,15300.0,-100.0,-0.00653595,13423.71474864,13423.71474864,13423.71474864,100.0,1520000.0,0.0,0.0,100.0,1520000.0,0.0,0.0,0.0,0.0,0.0,0.0,0.0,0.0
01/11/2022,13512.02866146,15000.0,300.0,0.02,13512.02866146,13512.02866146,13512.02866146,140.0,2090000.0,0.0,0.0,140.0,2090000.0,40.0,-40.0,-40.0,0.0,560000.0,-560000.0,-560000.0,0.0
31/10/2022,13247.086923,15400.0,-400.0,-0.02597403,12937.98822813,13247.086923,12717.20344608,2100.0,30345000.0,0.0,0.0,2100.0,30345000.0,0.0,0.0,0.0,0.0,0.0,0.0,0.0,0.0
28/10/2022,13600.34257428,15400.0,0.0,0.0,12893.83127172,13600.34257428,12893.83127172,3600.0,52640000.0,0.0,0.0,3600.0,52640000.0,0.0,0.0,0.0,0.0,0.0,0.0,0.0,0.0
27/10/2022,13600.34257428,15600.0,-200.0,-0.01282051,13688.6564871,13688.6564871,12893.83127172,400.0,6100000.0,0.0,0.0,400.0,6100000.0,0.0,0.0,0.0,0.0,0.0,0.0,0.0,0.0
26/10/2022,13776.97039992,14700.0,900.0,0.06122449,12496.41866403,13776.97039992,12408.10475121,2500.0,35530000.0,0.0,0.0,2500.0,35530000.0,0.0,0.0,0.0,0.0,0.0,0.0,0.0,0.0
25/10/2022,12982.14518454,15650.0,-950.0,-0.06070288,13776.97039992,13821.12735633,12982.14518454,16300.0,251750000.0,0.0,0.0,16300.0,251750000.0,0.0,0.0,0.0,0.0,0.0,0.0,0.0,0.0
24/10/2022,13821.12735633,15800.0,-150.0,-0.00949367,13821.12735633,13821.12735633,13821.12735633,100.0,1565000.0,0.0,0.0,100.0,1565000.0,0.0,0.0,0.0,0.0,0.0,0.0,0.0,0.0
21/10/2022,13953.59822556,15750.0,50.0,0.0031746,13070.45909736,13953.59822556,13070.45909736,200.0,3060000.0,0.0,0.0,200.0,3060000.0,0.0,0.0,0.0,0.0,0.0,0.0,0.0,0.0
20/10/2022,13909.44126915,15750.0,0.0,0.0,13909.44126915,13909.44126915,13909.44126915,0.0,0.0,0.0,0.0,0.0,0.0,0.0,0.0,0.0,0.0,0.0,0.0,0.0,0.0
19/10/2022,13909.44126915,15750.0,0.0,0.0,13909.44126915,13909.44126915,13909.44126915,0.0,0.0,0.0,0.0,0.0,0.0,0.0,0.0,0.0,0.0,0.0,0.0,0.0,0.0
18/10/2022,13909.44126915,15100.0,650.0,0.04304636,13909.44126915,13909.44126915,13909.44126915,200.0,3150000.0,0.0,0.0,200.0,3150000.0,0.0,0.0,0.0,0.0,0.0,0.0,0.0,0.0
17/10/2022,13335.40083582,15100.0,0.0,0.0,13335.40083582,13335.40083582,13335.40083582,0.0,0.0,0.0,0.0,0.0,0.0,0.0,0.0,0.0,0.0,0.0,0.0,0.0,0.0
14/10/2022,13335.40083582,15950.0,-850.0,-0.05329154,13335.40083582,13335.40083582,13335.40083582,1000.0,15100000.0,0.0,0.0,1000.0,15100000.0,0.0,0.0,0.0,0.0,0.0,0.0,0.0,0.0
13/10/2022,14086.06909479,15950.0,0.0,0.0,14086.06909479,14086.06909479,14086.06909479,0.0,0.0,0.0,0.0,0.0,0.0,0.0,0.0,0.0,0.0,0.0,0.0,0.0,0.0
12/10/2022,14086.06909479,16400.0,-450.0,-0.02743902,13556.18561787,14086.06909479,13512.02866146,800.0,12440000.0,0.0,0.0,800.0,12440000.0,0.0,0.0,0.0,0.0,0.0,0.0,0.0,0.0
11/10/2022,14483.48170248,16650.0,-250.0,-0.01501502,13821.12735633,14483.48170248,13776.97039992,3400.0,53370000.0,0.0,0.0,3400.0,53370000.0,0.0,0.0,0.0,0.0,0.0,0.0,0.0,0.0
10/10/2022,14704.26648453,16750.0,-100.0,-0.00597015,13776.97039992,14704.26648453,13776.97039992,1700.0,28200000.0,0.0,0.0,1700.0,28200000.0,0.0,0.0,0.0,0.0,0.0,0.0,0.0,0.0
07/10/2022,14792.58039735,16750.0,0.0,0.0,14792.58039735,14792.58039735,14792.58039735,0.0,0.0,0.0,0.0,0.0,0.0,0.0,0.0,0.0,0.0,0.0,0.0,0.0,0.0
06/10/2022,14792.58039735,17000.0,-250.0,-0.01470588,14571.7956153,14792.58039735,14041.91213838,3300.0,53365000.0,0.0,0.0,3300.0,53365000.0,0.0,0.0,0.0,0.0,0.0,0.0,0.0,0.0
05/10/2022,15013.3651794,16750.0,250.0,0.01492537,15101.67909222,15101.67909222,15013.3651794,11903.0,203530950.0,0.0,0.0,11903.0,203530950.0,-1800.0,0.0,0.0,1800.0,-30780000.0,0.0,0.0,30780000.0
04/10/2022,14792.58039735,16900.0,-150.0,-0.00887574,14925.05126658,14925.05126658,13953.59822556,3340.0,53995000.0,0.0,0.0,3340.0,53995000.0,0.0,0.0,0.0,0.0,0.0,0.0,0.0,0.0
03/10/2022,14925.05126658,16150.0,750.0,0.04643963,13953.59822556,14925.05126658,13953.59822556,790.0,12549500.0,0.0,0.0,790.0,12549500.0,90.0,-90.0,0.0,0.0,1379500.0,-1379500.0,0.0,0.0
30/09/2022,14262.69692043,16150.0,0.0,0.0,14262.69692043,14262.69692043,14262.69692043,0.0,0.0,0.0,0.0,0.0,0.0,0.0,0.0,0.0,0.0,0.0,0.0,0.0,0.0
29/09/2022,14262.69692043,15100.0,1050.0,0.06953642,14218.53996402,14262.69692043,14218.53996402,1100.0,17760000.0,0.0,0.0,1100.0,17760000.0,0.0,0.0,0.0,0.0,0.0,0.0,0.0,0.0
28/09/2022,13335.40083582,15500.0,-400.0,-0.02580645,14395.16778966,14395.16778966,13335.40083582,32000.0,483560000.0,0.0,0.0,32000.0,483560000.0,0.0,0.0,0.0,0.0,0.0,0.0,0.0,0.0
27/09/2022,13688.6564871,15500.0,0.0,0.0,13688.6564871,13688.6564871,13688.6564871,0.0,0.0,0.0,0.0,0.0,0.0,0.0,0.0,0.0,0.0,0.0,0.0,0.0,0.0
26/09/2022,13688.6564871,16050.0,-550.0,-0.03426791,13688.6564871,13688.6564871,13688.6564871,179.0,2740300.0,0.0,0.0,179.0,2740300.0,70.0,0.0,0.0,0.0,1053050.0,0.0,0.0,0.0
23/09/2022,14174.38300761,16750.0,-700.0,-0.04179104,15013.3651794,15013.3651794,14174.38300761,315.0,5242750.0,0.0,0.0,315.0,5242750.0,0.0,0.0,0.0,0.0,0.0,0.0,0.0,0.0
22/09/2022,14792.58039735,16750.0,0.0,0.0,14969.20822299,14969.20822299,14792.58039735,5310.0,88970000.0,0.0,0.0,5310.0,88970000.0,500.0,0.0,0.0,-500.0,8375000.0,0.0,0.0,-8375000.0
21/09/2022,14792.58039735,16200.0,550.0,0.03395062,14792.58039735,14792.58039735,14792.58039735,310.0,5180000.0,0.0,0.0,310.0,5180000.0,0.0,0.0,0.0,0.0,0.0,0.0,0.0,0.0
20/09/2022,14306.85387684,15400.0,800.0,0.05194805,14439.32474607,14439.32474607,13776.97039992,2316.0,36333850.0,0.0,0.0,2316.0,36333850.0,0.0,0.0,0.0,0.0,0.0,0.0,0.0,0.0
19/09/2022,13600.34257428,16500.0,-1100.0,-0.06666667,14218.53996402,14218.53996402,13600.34257428,5960.0,94370000.0,0.0,0.0,5960.0,94370000.0,60.0,-60.0,0.0,0.0,930000.0,-930000.0,0.0,0.0
16/09/2022,14571.7956153,16500.0,0.0,0.0,14571.7956153,14571.7956153,14571.7956153,100.0,1551000.0,0.0,0.0,100.0,1551000.0,70.0,-70.0,0.0,0.0,1085000.0,-1085000.0,0.0,0.0
15/09/2022,14571.7956153,17300.0,-800.0,-0.04624277,14571.7956153,14571.7956153,14571.7956153,1600.0,26400000.0,0.0,0.0,1600.0,26400000.0,0.0,0.0,0.0,0.0,0.0,0.0,0.0,0.0
14/09/2022,15278.30691786,16500.0,800.0,0.04848485,14571.7956153,15278.30691786,14571.7956153,500.0,8330000.0,0.0,0.0,500.0,8330000.0,0.0,0.0,0.0,0.0,0.0,0.0,0.0,0.0
13/09/2022,14571.7956153,16950.0,-450.0,-0.02654867,14836.73735376,14836.73735376,14571.7956153,4300.0,71045000.0,0.0,0.0,4300.0,71045000.0,-500.0,0.0,0.0,500.0,-8250000.0,0.0,0.0,8250000.0
12/09/2022,14969.20822299,17000.0,-50.0,-0.00294118,14969.20822299,14969.20822299,14969.20822299,220.0,3712000.0,0.0,0.0,220.0,3712000.0,20.0,-20.0,0.0,0.0,322000.0,-322000.0,0.0,0.0
09/09/2022,15013.3651794,17900.0,-900.0,-0.05027933,15013.3651794,15013.3651794,15013.3651794,1700.0,28900000.0,0.0,0.0,1700.0,28900000.0,0.0,0.0,0.0,0.0,0.0,0.0,0.0,0.0
08/09/2022,15808.19039478,16800.0,1100.0,0.06547619,14704.26648453,15808.19039478,14704.26648453,1400.0,23615000.0,0.0,0.0,1400.0,23615000.0,0.0,0.0,0.0,0.0,0.0,0.0,0.0,0.0
07/09/2022,14836.73735376,18000.0,-1200.0,-0.06666667,14880.89431017,14880.89431017,14836.73735376,2000.0,33605000.0,0.0,0.0,2000.0,33605000.0,0.0,0.0,0.0,0.0,0.0,0.0,0.0,0.0
06/09/2022,15896.5043076,17750.0,250.0,0.01408451,15896.5043076,15896.5043076,15896.5043076,1300.0,23400000.0,0.0,0.0,1300.0,23400000.0,0.0,0.0,0.0,0.0,0.0,0.0,0.0,0.0
05/09/2022,15675.71952555,17700.0,50.0,0.00282486,15631.56256914,15675.71952555,15631.56256914,1400.0,24800000.0,0.0,0.0,1400.0,24800000.0,0.0,0.0,0.0,0.0,0.0,0.0,0.0,0.0
31/08/2022,15631.56256914,17350.0,350.0,0.02017291,15631.56256914,15631.56256914,15631.56256914,100.0,1770000.0,0.0,0.0,100.0,1770000.0,0.0,0.0,0.0,0.0,0.0,0.0,0.0,0.0
30/08/2022,15322.46387427,17700.0,-350.0,-0.01977401,15322.46387427,15366.62083068,15322.46387427,9800.0,170085000.0,0.0,0.0,9800.0,170085000.0,0.0,0.0,0.0,0.0,0.0,0.0,0.0,0.0
29/08/2022,15631.56256914,17700.0,0.0,0.0,15631.56256914,15631.56256914,15631.56256914,0.0,0.0,0.0,0.0,0.0,0.0,0.0,0.0,0.0,0.0,0.0,0.0,0.0,0.0
26/08/2022,15631.56256914,17700.0,0.0,0.0,15631.56256914,15631.56256914,15631.56256914,0.0,0.0,0.0,0.0,0.0,0.0,0.0,0.0,0.0,0.0,0.0,0.0,0.0,0.0
25/08/2022,15631.56256914,17300.0,400.0,0.02312139,14836.73735376,15631.56256914,14306.85387684,3100.0,50590000.0,0.0,0.0,3100.0,50590000.0,0.0,0.0,0.0,0.0,0.0,0.0,0.0,0.0
24/08/2022,15278.30691786,17300.0,0.0,0.0,15278.30691786,15278.30691786,15278.30691786,0.0,0.0,0.0,0.0,0.0,0.0,0.0,0.0,0.0,0.0,0.0,0.0,0.0,0.0
23/08/2022,15278.30691786,17300.0,0.0,0.0,15278.30691786,15278.30691786,15278.30691786,10200.0,176460000.0,0.0,0.0,10200.0,176460000.0,0.0,0.0,0.0,0.0,0.0,0.0,0.0,0.0
22/08/2022,15278.30691786,17750.0,-450.0,-0.02535211,15278.30691786,15278.30691786,15278.30691786,10000.0,173000000.0,0.0,0.0,10000.0,173000000.0,0.0,0.0,0.0,0.0,0.0,0.0,0.0,0.0
19/08/2022,15675.71952555,17250.0,500.0,0.02898551,15234.14996145,15675.71952555,15234.14996145,19700.0,340605000.0,0.0,0.0,19700.0,340605000.0,0.0,0.0,0.0,0.0,0.0,0.0,0.0,0.0
18/08/2022,15234.14996145,17300.0,-50.0,-0.00289017,15234.14996145,15366.62083068,15234.14996145,3000.0,51950000.0,0.0,0.0,3000.0,51950000.0,0.0,0.0,0.0,0.0,0.0,0.0,0.0,0.0
17/08/2022,15278.30691786,17300.0,0.0,0.0,15101.67909222,15278.30691786,14925.05126658,1600.0,27440000.0,0.0,0.0,1600.0,27440000.0,0.0,0.0,0.0,0.0,0.0,0.0,0.0,0.0
16/08/2022,15278.30691786,17400.0,-100.0,-0.00574713,15278.30691786,15278.30691786,15278.30691786,400.0,6920000.0,0.0,0.0,400.0,6920000.0,0.0,0.0,0.0,0.0,0.0,0.0,0.0,0.0
15/08/2022,15366.62083068,17400.0,0.0,0.0,15366.62083068,15366.62083068,15366.62083068,300.0,5220000.0,0.0,0.0,300.0,5220000.0,0.0,0.0,0.0,0.0,0.0,0.0,0.0,0.0
12/08/2022,15366.62083068,17600.0,-200.0,-0.01136364,15366.62083068,15410.77778709,15366.62083068,500.0,8705000.0,0.0,0.0,500.0,8705000.0,0.0,0.0,0.0,0.0,0.0,0.0,0.0,0.0
11/08/2022,15543.24865632,17800.0,-200.0,-0.01123596,14748.42344094,15543.24865632,14660.10952812,3400.0,57475000.0,0.0,0.0,3400.0,57475000.0,0.0,0.0,0.0,0.0,0.0,0.0,0.0,0.0
10/08/2022,15719.87648196,17900.0,-100.0,-0.00558659,15808.19039478,15808.19039478,15719.87648196,400.0,7130000.0,0.0,0.0,400.0,7130000.0,0.0,0.0,0.0,0.0,0.0,0.0,0.0,0.0
09/08/2022,15808.19039478,18050.0,-150.0,-0.00831025,16293.91691529,16293.91691529,15013.3651794,1100.0,19570000.0,0.0,0.0,1100.0,19570000.0,0.0,0.0,0.0,0.0,0.0,0.0,0.0,0.0
08/08/2022,15940.66126401,18000.0,50.0,0.00277778,16161.44604606,16161.44604606,14836.73735376,14000.0,238160000.0,0.0,0.0,14000.0,238160000.0,0.0,0.0,0.0,0.0,0.0,0.0,0.0,0.0
05/08/2022,15896.5043076,17950.0,50.0,0.00278552,15101.67909222,16073.13213324,15101.67909222,18500.0,322165000.0,0.0,0.0,18500.0,322165000.0,0.0,0.0,0.0,0.0,0.0,0.0,0.0,0.0
04/08/2022,15852.34735119,17400.0,550.0,0.0316092,14836.73735376,15852.34735119,14836.73735376,1200.0,20300000.0,0.0,0.0,1200.0,20300000.0,0.0,0.0,0.0,0.0,0.0,0.0,0.0,0.0
03/08/2022,15366.62083068,18550.0,-1150.0,-0.06199461,15454.9347435,15454.9347435,15278.30691786,12100.0,210380000.0,0.0,0.0,12100.0,210380000.0,0.0,0.0,0.0,0.0,0.0,0.0,0.0,0.0
02/08/2022,16382.23082811,17400.0,1150.0,0.06609195,16382.23082811,16382.23082811,16382.23082811,100.0,1855000.0,0.0,0.0,100.0,1855000.0,0.0,0.0,0.0,0.0,0.0,0.0,0.0,0.0
01/08/2022,15366.62083068,17700.0,-300.0,-0.01694915,15631.56256914,15631.56256914,15366.62083068,1600.0,28290000.0,0.0,0.0,1600.0,28290000.0,0.0,0.0,0.0,0.0,0.0,0.0,0.0,0.0
29/07/2022,15631.56256914,17700.0,0.0,0.0,15631.56256914,15631.56256914,15631.56256914,0.0,0.0,0.0,0.0,0.0,0.0,0.0,0.0,0.0,0.0,0.0,0.0,0.0,0.0
28/07/2022,15631.56256914,17300.0,400.0,0.02312139,15322.46387427,15631.56256914,15013.3651794,1600.0,27680000.0,0.0,0.0,1600.0,27680000.0,0.0,0.0,0.0,0.0,0.0,0.0,0.0,0.0
27/07/2022,15278.30691786,18500.0,-1200.0,-0.06486486,15454.9347435,15454.9347435,15278.30691786,1900.0,32970000.0,0.0,0.0,1900.0,32970000.0,0.0,0.0,0.0,0.0,0.0,0.0,0.0,0.0
26/07/2022,16338.0738717,18500.0,0.0,0.0,15454.9347435,16338.0738717,15454.9347435,1000.0,17600000.0,0.0,0.0,1000.0,17600000.0,900.0,0.0,0.0,-900.0,15750000.0,0.0,0.0,-15750000.0
25/07/2022,16338.0738717,18600.0,-100.0,-0.00537634,16338.0738717,16338.0738717,16338.0738717,100.0,1850000.0,0.0,0.0,100.0,1850000.0,0.0,0.0,0.0,0.0,0.0,0.0,0.0,0.0
22/07/2022,16426.38778452,18700.0,-100.0,-0.00534759,15896.5043076,16426.38778452,15896.5043076,200.0,3660000.0,0.0,0.0,200.0,3660000.0,0.0,0.0,0.0,0.0,0.0,0.0,0.0,0.0
21/07/2022,16514.70169734,18700.0,0.0,0.0,16470.54474093,16514.70169734,16470.54474093,300.0,5605000.0,0.0,0.0,300.0,5605000.0,0.0,0.0,0.0,0.0,0.0,0.0,0.0,0.0
20/07/2022,16514.70169734,17500.0,1200.0,0.06857143,15499.09169991,16514.70169734,15499.09169991,1300.0,22930000.0,0.0,0.0,1300.0,22930000.0,0.0,0.0,0.0,0.0,0.0,0.0,0.0,0.0
19/07/2022,15454.9347435,18400.0,-900.0,-0.04891304,15454.9347435,15454.9347435,15278.30691786,41200.0,720440000.0,0.0,0.0,41200.0,720440000.0,0.0,0.0,0.0,0.0,0.0,0.0,0.0,0.0
18/07/2022,16249.75995888,17500.0,900.0,0.05142857,15499.09169991,16293.91691529,15454.9347435,7100.0,126260000.0,0.0,0.0,7100.0,126260000.0,0.0,0.0,0.0,0.0,0.0,0.0,0.0,0.0
15/07/2022,15034.5605184768,17500.0,0.0,0.0,15464.1193904333,15464.1193904333,15034.5605184768,1100.0,19310000.0,0.0,0.0,1100.0,19310000.0,0.0,0.0,0.0,0.0,0.0,0.0,0.0,0.0
14/07/2022,15034.5605184768,17700.0,-200.0,-0.01129944,15077.5164056724,15077.5164056724,15034.5605184768,2600.0,45505000.0,0.0,0.0,2600.0,45505000.0,0.0,0.0,0.0,0.0,0.0,0.0,0.0,0.0
13/07/2022,15206.3840672594,17850.0,-150.0,-0.00840336,14605.0016465203,15292.2958416507,14605.0016465203,2300.0,40650000.0,0.0,0.0,2300.0,40650000.0,800.0,-800.0,0.0,0.0,14160000.0,-14160000.0,0.0,0.0
12/07/2022,15335.2517288463,17950.0,-100.0,-0.00557103,15249.339954455,15378.207616042,15249.339954455,3300.0,58835000.0,0.0,0.0,3300.0,58835000.0,0.0,0.0,0.0,0.0,0.0,0.0,0.0,0.0
11/07/2022,15421.1635032376,17950.0,0.0,0.0,15421.1635032376,15421.1635032376,15421.1635032376,0.0,0.0,0.0,0.0,0.0,0.0,0.0,0.0,0.0,0.0,0.0,0.0,0.0,0.0
08/07/2022,15421.1635032376,17050.0,900.0,0.05278592,14690.9134209116,15421.1635032376,14046.5751129769,3300.0,58055000.0,0.0,0.0,3300.0,58055000.0,0.0,0.0,0.0,0.0,0.0,0.0,0.0,0.0
07/07/2022,14647.957533716,18000.0,-950.0,-0.05277778,14647.957533716,14647.957533716,14647.957533716,100.0,1705000.0,0.0,0.0,100.0,1705000.0,0.0,0.0,0.0,0.0,0.0,0.0,0.0,0.0
06/07/2022,15464.1193904333,19100.0,-1100.0,-0.05759162,15464.1193904333,15464.1193904333,15464.1193904333,100.0,1800000.0,0.0,0.0,100.0,1800000.0,100.0,-100.0,0.0,0.0,1800000.0,-1800000.0,0.0,0.0
05/07/2022,16409.1489087375,19100.0,0.0,0.0,16409.1489087375,16409.1489087375,16409.1489087375,0.0,0.0,0.0,0.0,0.0,0.0,0.0,0.0,0.0,0.0,0.0,0.0,0.0,0.0
04/07/2022,16409.1489087375,19150.0,-50.0,-0.00261097,15721.8547136072,16409.1489087375,15335.2517288463,1000.0,18125000.0,0.0,0.0,1000.0,18125000.0,0.0,0.0,0.0,0.0,0.0,0.0,0.0,0.0
01/07/2022,16452.1047959332,18000.0,1150.0,0.06388889,14476.1339849334,16452.1047959332,14476.1339849334,3800.0,64585000.0,0.0,0.0,3800.0,64585000.0,-900.0,900.0,0.0,0.0,-15210000.0,15210000.0,0.0,0.0
30/06/2022,15464.1193904333,18000.0,0.0,0.0,15464.1193904333,15464.1193904333,15464.1193904333,0.0,0.0,0.0,0.0,0.0,0.0,0.0,0.0,0.0,0.0,0.0,0.0,0.0,0.0
29/06/2022,15464.1193904333,18000.0,0.0,0.0,15464.1193904333,15464.1193904333,15464.1193904333,0.0,0.0,0.0,0.0,0.0,0.0,0.0,0.0,0.0,0.0,0.0,0.0,0.0,0.0
28/06/2022,15464.1193904333,18000.0,0.0,0.0,15464.1193904333,15464.1193904333,15464.1193904333,2500.0,45000000.0,0.0,0.0,2500.0,45000000.0,0.0,0.0,0.0,0.0,0.0,0.0,0.0,0.0
27/06/2022,15464.1193904333,17950.0,50.0,0.00278552,15464.1193904333,15464.1193904333,15464.1193904333,1200.0,21600000.0,0.0,0.0,1200.0,21600000.0,0.0,0.0,0.0,0.0,0.0,0.0,0.0,0.0
24/06/2022,15421.1635032376,18000.0,-50.0,-0.00277778,15550.0311648246,15550.0311648246,15421.1635032376,500.0,9035000.0,0.0,0.0,500.0,9035000.0,0.0,0.0,0.0,0.0,0.0,0.0,0.0,0.0
23/06/2022,15464.1193904333,17350.0,650.0,0.03746398,13960.6633385856,15464.1193904333,13960.6633385856,3600.0,58675000.0,0.0,0.0,3600.0,58675000.0,0.0,0.0,0.0,0.0,0.0,0.0,0.0,0.0
22/06/2022,14905.6928568899,18500.0,-1150.0,-0.06216216,14905.6928568899,14905.6928568899,14905.6928568899,6600.0,114510000.0,0.0,0.0,6600.0,114510000.0,0.0,0.0,0.0,0.0,0.0,0.0,0.0,0.0
21/06/2022,15893.6782623898,18500.0,0.0,0.0,15034.5605184768,16323.2371343462,15034.5605184768,11200.0,210340000.0,0.0,0.0,11200.0,210340000.0,0.0,0.0,0.0,0.0,0.0,0.0,0.0,0.0
20/06/2022,15893.6782623898,19800.0,-1300.0,-0.06565657,15893.6782623898,15893.6782623898,15893.6782623898,1400.0,25900000.0,0.0,0.0,1400.0,25900000.0,0.0,0.0,0.0,0.0,0.0,0.0,0.0,0.0
17/06/2022,17010.5313294766,19900.0,-100.0,-0.00502513,16323.2371343462,17010.5313294766,16323.2371343462,3700.0,70680000.0,0.0,0.0,3700.0,70680000.0,0.0,0.0,0.0,0.0,0.0,0.0,0.0,0.0
16/06/2022,17096.4431038679,19900.0,0.0,0.0,17096.4431038679,17096.4431038679,17096.4431038679,200.0,3980000.0,0.0,0.0,200.0,3980000.0,0.0,0.0,0.0,0.0,0.0,0.0,0.0,0.0
15/06/2022,17096.4431038679,18650.0,1250.0,0.06702413,16022.5459239767,17096.4431038679,15120.4722928681,7700.0,135855000.0,0.0,0.0,7700.0,135855000.0,0.0,0.0,0.0,0.0,0.0,0.0,0.0,0.0
14/06/2022,16022.5459239767,19950.0,-1300.0,-0.06516291,16022.5459239767,16022.5459239767,16022.5459239767,1100.0,20515000.0,0.0,0.0,1100.0,20515000.0,0.0,0.0,0.0,0.0,0.0,0.0,0.0,0.0
13/06/2022,17139.3989910636,20000.0,-50.0,-0.0025,17139.3989910636,17182.3548782592,17139.3989910636,3900.0,77975000.0,0.0,0.0,3900.0,77975000.0,0.0,0.0,0.0,0.0,0.0,0.0,0.0,0.0
10/06/2022,17182.3548782592,20000.0,0.0,0.0,17182.3548782592,17182.3548782592,17182.3548782592,2500.0,50000000.0,0.0,0.0,2500.0,50000000.0,0.0,0.0,0.0,0.0,0.0,0.0,0.0,0.0
09/06/2022,17182.3548782592,20000.0,0.0,0.0,17182.3548782592,17182.3548782592,17182.3548782592,0.0,0.0,0.0,0.0,0.0,0.0,0.0,0.0,0.0,0.0,0.0,0.0,0.0,0.0
08/06/2022,17182.3548782592,20000.0,0.0,0.0,17182.3548782592,17182.3548782592,17182.3548782592,0.0,0.0,0.0,0.0,0.0,0.0,0.0,0.0,0.0,0.0,0.0,0.0,0.0,0.0
07/06/2022,17182.3548782592,19600.0,400.0,0.02040816,17182.3548782592,17182.3548782592,17182.3548782592,100.0,2000000.0,0.0,0.0,100.0,2000000.0,0.0,0.0,0.0,0.0,0.0,0.0,0.0,0.0
06/06/2022,16838.707780694,20800.0,-1200.0,-0.05769231,17182.3548782592,17182.3548782592,16838.707780694,1900.0,37920000.0,0.0,0.0,1900.0,37920000.0,0.0,0.0,0.0,0.0,0.0,0.0,0.0,0.0
03/06/2022,17869.6490733896,20800.0,0.0,0.0,17869.6490733896,17869.6490733896,17869.6490733896,0.0,0.0,0.0,0.0,0.0,0.0,0.0,0.0,0.0,0.0,0.0,0.0,0.0,0.0
02/06/2022,17869.6490733896,20800.0,0.0,0.0,17869.6490733896,17869.6490733896,17869.6490733896,0.0,0.0,0.0,0.0,0.0,0.0,0.0,0.0,0.0,0.0,0.0,0.0,0.0,0.0
01/06/2022,17869.6490733896,20200.0,600.0,0.02970297,17869.6490733896,17869.6490733896,17869.6490733896,100.0,2080000.0,0.0,0.0,100.0,2080000.0,0.0,0.0,0.0,0.0,0.0,0.0,0.0,0.0
31/05/2022,17354.1784270418,20200.0,0.0,0.0,17354.1784270418,17354.1784270418,17354.1784270418,0.0,0.0,0.0,0.0,0.0,0.0,0.0,0.0,0.0,0.0,0.0,0.0,0.0,0.0
30/05/2022,17354.1784270418,19300.0,900.0,0.04663212,17010.5313294766,17354.1784270418,17010.5313294766,200.0,4000000.0,0.0,0.0,200.0,4000000.0,0.0,0.0,0.0,0.0,0.0,0.0,0.0,0.0
27/05/2022,16580.9724575201,19300.0,0.0,0.0,16580.9724575201,16580.9724575201,16580.9724575201,0.0,0.0,0.0,0.0,0.0,0.0,0.0,0.0,0.0,0.0,0.0,0.0,0.0,0.0
26/05/2022,16580.9724575201,20000.0,-700.0,-0.035,17182.3548782592,17182.3548782592,16580.9724575201,1800.0,35110000.0,0.0,0.0,1800.0,35110000.0,0.0,0.0,0.0,0.0,0.0,0.0,0.0,0.0
25/05/2022,17182.3548782592,20000.0,0.0,0.0,17182.3548782592,17182.3548782592,17182.3548782592,0.0,0.0,0.0,0.0,0.0,0.0,0.0,0.0,0.0,0.0,0.0,0.0,0.0,0.0
24/05/2022,17182.3548782592,20400.0,-400.0,-0.01960784,17783.7372989983,17783.7372989983,17182.3548782592,600.0,12070000.0,0.0,0.0,600.0,12070000.0,0.0,0.0,0.0,0.0,0.0,0.0,0.0,0.0
23/05/2022,17526.0019758244,19800.0,600.0,0.03030303,17611.9137502157,17611.9137502157,17526.0019758244,4300.0,87830000.0,0.0,0.0,4300.0,87830000.0,0.0,0.0,0.0,0.0,0.0,0.0,0.0,0.0
20/05/2022,17010.5313294766,19800.0,0.0,0.0,17010.5313294766,17010.5313294766,17010.5313294766,100.0,1980000.0,0.0,0.0,100.0,1980000.0,0.0,0.0,0.0,0.0,0.0,0.0,0.0,0.0
19/05/2022,17010.5313294766,19800.0,0.0,0.0,17010.5313294766,17010.5313294766,17010.5313294766,0.0,0.0,0.0,0.0,0.0,0.0,0.0,0.0,0.0,0.0,0.0,0.0,0.0,0.0
18/05/2022,17010.5313294766,20000.0,-200.0,-0.01,17010.5313294766,17010.5313294766,17010.5313294766,1000.0,19800000.0,0.0,0.0,1000.0,19800000.0,0.0,0.0,0.0,0.0,0.0,0.0,0.0,0.0
17/05/2022,17182.3548782592,19500.0,500.0,0.02564103,16752.7960063027,17182.3548782592,16752.7960063027,2800.0,55500000.0,0.0,0.0,2800.0,55500000.0,0.0,0.0,0.0,0.0,0.0,0.0,0.0,0.0
16/05/2022,16752.7960063027,20200.0,-700.0,-0.03465347,17354.1784270418,17354.1784270418,16752.7960063027,5600.0,110870000.0,0.0,0.0,5600.0,110870000.0,0.0,0.0,0.0,0.0,0.0,0.0,0.0,0.0
13/05/2022,17354.1784270418,20800.0,-600.0,-0.02884615,17826.6931861939,17826.6931861939,17010.5313294766,4200.0,84395000.0,0.0,0.0,4200.0,84395000.0,0.0,0.0,0.0,0.0,0.0,0.0,0.0,0.0
12/05/2022,17869.6490733896,20700.0,100.0,0.00483092,17611.9137502157,17869.6490733896,17611.9137502157,2500.0,51430000.0,0.0,0.0,2500.0,51430000.0,0.0,0.0,0.0,0.0,0.0,0.0,0.0,0.0
11/05/2022,17783.7372989983,19400.0,1300.0,0.06701031,17697.825524607,17783.7372989983,17182.3548782592,4800.0,98515000.0,0.0,0.0,4800.0,98515000.0,100.0,-100.0,0.0,0.0,2000000.0,-2000000.0,0.0,0.0
10/05/2022,16666.8842319114,19600.0,-200.0,-0.01020408,16666.8842319114,16666.8842319114,16022.5459239767,12800.0,244510000.0,0.0,0.0,12800.0,244510000.0,0.0,0.0,0.0,0.0,0.0,0.0,0.0,0.0
09/05/2022,16838.707780694,19900.0,-300.0,-0.01507538,16881.6636678897,16881.6636678897,16065.5018111724,6100.0,117010000.0,0.0,0.0,6100.0,117010000.0,0.0,0.0,0.0,0.0,0.0,0.0,0.0,0.0
06/05/2022,17096.4431038679,19500.0,400.0,0.02051282,15979.5900367811,17096.4431038679,15979.5900367811,3800.0,72870000.0,0.0,0.0,3800.0,72870000.0,0.0,0.0,0.0,0.0,0.0,0.0,0.0,0.0
05/05/2022,16752.7960063027,19500.0,0.0,0.0,16752.7960063027,17010.5313294766,16752.7960063027,3300.0,64630000.0,0.0,0.0,3300.0,64630000.0,0.0,0.0,0.0,0.0,0.0,0.0,0.0,0.0
04/05/2022,16752.7960063027,20000.0,-500.0,-0.025,17182.3548782592,17182.3548782592,16752.7960063027,6800.0,134540000.0,0.0,0.0,6800.0,134540000.0,0.0,0.0,0.0,0.0,0.0,0.0,0.0,0.0
29/04/2022,17182.3548782592,20000.0,0.0,0.0,17182.3548782592,17182.3548782592,17182.3548782592,1500.0,30000000.0,0.0,0.0,1500.0,30000000.0,0.0,0.0,0.0,0.0,0.0,0.0,0.0,0.0
28/04/2022,17182.3548782592,20000.0,0.0,0.0,17182.3548782592,17182.3548782592,17182.3548782592,4300.0,86000000.0,0.0,0.0,4300.0,86000000.0,0.0,0.0,0.0,0.0,0.0,0.0,0.0,0.0
27/04/2022,17182.3548782592,20000.0,0.0,0.0,17096.4431038679,17182.3548782592,17096.4431038679,1000.0,19990000.0,0.0,0.0,1000.0,19990000.0,0.0,0.0,0.0,0.0,0.0,0.0,0.0,0.0
26/04/2022,17182.3548782592,20000.0,0.0,0.0,17182.3548782592,17182.3548782592,17182.3548782592,0.0,0.0,0.0,0.0,0.0,0.0,0.0,0.0,0.0,0.0,0.0,0.0,0.0,0.0
25/04/2022,17182.3548782592,20000.0,0.0,0.0,17182.3548782592,17182.3548782592,15979.5900367811,7200.0,137750000.0,0.0,0.0,7200.0,137750000.0,1000.0,0.0,0.0,-1000.0,18810000.0,0.0,0.0,-18810000.0
22/04/2022,17182.3548782592,19950.0,50.0,0.00250627,17182.3548782592,17182.3548782592,15979.5900367811,2000.0,39510000.0,0.0,0.0,2000.0,39510000.0,400.0,0.0,0.0,-400.0,7560000.0,0.0,0.0,-7560000.0
21/04/2022,17139.3989910636,19000.0,950.0,0.05,17139.3989910636,17139.3989910636,17139.3989910636,100.0,1995000.0,0.0,0.0,100.0,1995000.0,0.0,0.0,0.0,0.0,0.0,0.0,0.0,0.0
20/04/2022,16323.2371343462,20000.0,-1000.0,-0.05,17182.3548782592,17182.3548782592,16323.2371343462,5900.0,112620000.0,0.0,0.0,5900.0,112620000.0,0.0,0.0,0.0,0.0,0.0,0.0,0.0,0.0
19/04/2022,17182.3548782592,21100.0,-1100.0,-0.0521327,18127.3843965635,18127.3843965635,17182.3548782592,3500.0,70360000.0,0.0,0.0,3500.0,70360000.0,100.0,0.0,0.0,-100.0,2000000.0,0.0,0.0,-2000000.0
18/04/2022,18127.3843965635,21000.0,100.0,0.0047619,18041.4726221722,18127.3843965635,17182.3548782592,13600.0,285100000.0,0.0,0.0,13600.0,285100000.0,200.0,0.0,0.0,-200.0,4200000.0,0.0,0.0,-4200000.0
15/04/2022,18041.4726221722,21000.0,0.0,0.0,18041.4726221722,18299.207945346,18041.4726221722,5500.0,115650000.0,0.0,0.0,5500.0,115650000.0,0.0,0.0,0.0,0.0,0.0,0.0,0.0,0.0
14/04/2022,18041.4726221722,22000.0,-1000.0,-0.04545455,18213.2961709548,18213.2961709548,18041.4726221722,4500.0,94560000.0,0.0,0.0,4500.0,94560000.0,0.0,0.0,0.0,0.0,0.0,0.0,0.0,0.0
13/04/2022,18900.5903660851,21000.0,1000.0,0.04761905,18041.4726221722,18900.5903660851,17955.5608477809,9200.0,193270000.0,0.0,0.0,9200.0,193270000.0,0.0,0.0,0.0,0.0,0.0,0.0,0.0,0.0
12/04/2022,18041.4726221722,22050.0,-1050.0,-0.04761905,18127.3843965635,18127.3843965635,18041.4726221722,7600.0,159660000.0,0.0,0.0,7600.0,159660000.0,300.0,0.0,0.0,-300.0,6310000.0,0.0,0.0,-6310000.0
08/04/2022,18943.5462532808,20900.0,1150.0,0.05502392,18041.4726221722,18943.5462532808,17955.5608477809,34700.0,740790000.0,0.0,0.0,34700.0,740790000.0,0.0,0.0,0.0,0.0,0.0,0.0,0.0,0.0
07/04/2022,17955.5608477809,21900.0,-1000.0,-0.0456621,18900.5903660851,18900.5903660851,17955.5608477809,9100.0,191520000.0,0.0,0.0,9100.0,191520000.0,0.0,0.0,0.0,0.0,0.0,0.0,0.0,0.0
06/04/2022,18814.6785916938,20900.0,1000.0,0.04784689,18041.4726221722,18814.6785916938,18041.4726221722,3500.0,74790000.0,0.0,0.0,3500.0,74790000.0,0.0,0.0,0.0,0.0,0.0,0.0,0.0,0.0
05/04/2022,17955.5608477809,21000.0,-100.0,-0.0047619,17955.5608477809,17955.5608477809,17955.5608477809,5000.0,104500000.0,0.0,0.0,5000.0,104500000.0,0.0,0.0,0.0,0.0,0.0,0.0,0.0,0.0
04/04/2022,18041.4726221722,20800.0,200.0,0.00961538,18041.4726221722,18041.4726221722,17955.5608477809,11200.0,234750000.0,0.0,0.0,11200.0,234750000.0,0.0,0.0,0.0,0.0,0.0,0.0,0.0,0.0
01/04/2022,17869.6490733896,20800.0,0.0,0.0,17955.5608477809,17955.5608477809,17611.9137502157,4700.0,97315000.0,0.0,0.0,4700.0,97315000.0,0.0,0.0,0.0,0.0,0.0,0.0,0.0,0.0
31/03/2022,17869.6490733896,21050.0,-250.0,-0.01187648,18213.2961709548,18213.2961709548,17869.6490733896,6000.0,125960000.0,0.0,0.0,6000.0,125960000.0,0.0,0.0,0.0,0.0,0.0,0.0,0.0,0.0
30/03/2022,18084.4285093678,21600.0,-550.0,-0.02546296,18556.9432685199,18556.9432685199,17783.7372989983,12700.0,265905000.0,0.0,0.0,12700.0,265905000.0,0.0,0.0,0.0,0.0,0.0,0.0,0.0,0.0
29/03/2022,18556.9432685199,21600.0,0.0,0.0,18213.2961709548,18857.6344788895,18213.2961709548,5800.0,126145000.0,0.0,0.0,5800.0,126145000.0,0.0,0.0,0.0,0.0,0.0,0.0,0.0,0.0
28/03/2022,18556.9432685199,21700.0,-100.0,-0.00460829,18642.8550429112,18642.8550429112,18041.4726221722,13600.0,291395000.0,0.0,0.0,13600.0,291395000.0,0.0,0.0,0.0,0.0,0.0,0.0,0.0,0.0
25/03/2022,18642.8550429112,21700.0,0.0,0.0,18642.8550429112,18900.5903660851,18642.8550429112,24800.0,540020000.0,0.0,0.0,24800.0,540020000.0,0.0,0.0,0.0,0.0,0.0,0.0,0.0,0.0
24/03/2022,18642.8550429112,21700.0,0.0,0.0,18685.8109301069,18685.8109301069,18556.9432685199,4600.0,99710000.0,0.0,0.0,4600.0,99710000.0,0.0,0.0,0.0,0.0,0.0,0.0,0.0,0.0
23/03/2022,18642.8550429112,21700.0,0.0,0.0,18642.8550429112,18814.6785916938,18642.8550429112,7100.0,154135000.0,0.0,0.0,7100.0,154135000.0,0.0,0.0,0.0,0.0,0.0,0.0,0.0,0.0
22/03/2022,18642.8550429112,21700.0,0.0,0.0,18728.7668173025,19673.7963356068,18642.8550429112,6100.0,134830000.0,0.0,0.0,6100.0,134830000.0,0.0,0.0,0.0,0.0,0.0,0.0,0.0,0.0
21/03/2022,18642.8550429112,21700.0,0.0,0.0,18556.9432685199,18771.7227044982,18556.9432685199,4300.0,93335000.0,0.0,0.0,4300.0,93335000.0,0.0,0.0,0.0,0.0,0.0,0.0,0.0,0.0
18/03/2022,18642.8550429112,22000.0,-300.0,-0.01363636,19974.4875459763,20017.443433172,18342.1638325417,14800.0,319640000.0,0.0,0.0,14800.0,319640000.0,0.0,0.0,0.0,0.0,0.0,0.0,0.0,0.0
17/03/2022,18900.5903660851,21750.0,250.0,0.01149425,18642.8550429112,18943.5462532808,18084.4285093678,17100.0,372430000.0,0.0,0.0,17100.0,372430000.0,0.0,0.0,0.0,0.0,0.0,0.0,0.0,0.0
16/03/2022,18685.8109301069,22700.0,-950.0,-0.04185022,18857.6344788895,20189.2669819546,18599.8991557156,10700.0,234605000.0,0.0,0.0,10700.0,234605000.0,0.0,0.0,0.0,0.0,0.0,0.0,0.0,0.0
15/03/2022,19501.9727868242,22700.0,0.0,0.0,20189.2669819546,20532.9140795197,19330.1492380416,10000.0,229950000.0,0.0,0.0,10000.0,229950000.0,0.0,0.0,0.0,0.0,0.0,0.0,0.0,0.0
14/03/2022,19501.9727868242,23400.0,-700.0,-0.02991453,21048.3847258675,21048.3847258675,18900.5903660851,69900.0,1595295000.0,0.0,0.0,69900.0,1595295000.0,-100.0,0.0,0.0,100.0,-2340000.0,0.0,0.0,2340000.0
11/03/2022,20103.3552075633,21900.0,1500.0,0.06849315,18728.7668173025,20103.3552075633,18728.7668173025,102600.0,2378905000.0,0.0,0.0,102600.0,2378905000.0,0.0,0.0,0.0,0.0,0.0,0.0,0.0,0.0
10/03/2022,18814.6785916938,21000.0,900.0,0.04285714,18127.3843965635,18900.5903660851,18041.4726221722,17700.0,385620000.0,0.0,0.0,17700.0,385620000.0,0.0,0.0,0.0,0.0,0.0,0.0,0.0,0.0
09/03/2022,18041.4726221722,21000.0,0.0,0.0,17740.7814118026,18041.4726221722,17697.825524607,7800.0,162450000.0,0.0,0.0,7800.0,162450000.0,0.0,0.0,0.0,0.0,0.0,0.0,0.0,0.0
08/03/2022,18041.4726221722,20600.0,400.0,0.01941748,17697.825524607,18900.5903660851,17611.9137502157,13500.0,282105000.0,0.0,0.0,13500.0,282105000.0,0.0,0.0,0.0,0.0,0.0,0.0,0.0,0.0
07/03/2022,17697.825524607,21300.0,-700.0,-0.03286385,17611.9137502157,18041.4726221722,17225.3107654548,24500.0,503015000.0,0.0,0.0,24500.0,503015000.0,0.0,0.0,0.0,0.0,0.0,0.0,0.0,0.0
04/03/2022,18299.207945346,22000.0,-700.0,-0.03181818,18900.5903660851,18900.5903660851,17611.9137502157,27900.0,593630000.0,0.0,0.0,27900.0,593630000.0,0.0,0.0,0.0,0.0,0.0,0.0,0.0,0.0
03/03/2022,18900.5903660851,22350.0,-350.0,-0.01565996,20532.9140795197,20532.9140795197,18471.0314941286,35700.0,815490000.0,0.0,0.0,35700.0,815490000.0,1000.0,0.0,0.0,-1000.0,22140000.0,0.0,0.0,-22140000.0
02/03/2022,19201.2815764547,20900.0,1450.0,0.06937799,18814.6785916938,19201.2815764547,18385.1197197373,52500.0,1158545000.0,0.0,0.0,52500.0,1158545000.0,0.0,0.0,0.0,0.0,0.0,0.0,0.0,0.0
01/03/2022,17955.5608477809,19550.0,1350.0,0.06905371,16795.7518934984,17955.5608477809,16795.7518934984,43800.0,903410000.0,0.0,0.0,43800.0,903410000.0,0.0,0.0,0.0,0.0,0.0,0.0,0.0,0.0
28/02/2022,16795.7518934984,19500.0,50.0,0.0025641,16752.7960063027,17010.5313294766,16752.7960063027,8500.0,165870000.0,0.0,0.0,8500.0,165870000.0,0.0,0.0,0.0,0.0,0.0,0.0,0.0,0.0
25/02/2022,16752.7960063027,19200.0,300.0,0.015625,16752.7960063027,16752.7960063027,16752.7960063027,5900.0,115050000.0,0.0,0.0,5900.0,115050000.0,0.0,0.0,0.0,0.0,0.0,0.0,0.0,0.0
24/02/2022,16495.0606831288,19800.0,-600.0,-0.03030303,17096.4431038679,17182.3548782592,16495.0606831288,6100.0,120100000.0,0.0,0.0,6100.0,120100000.0,0.0,0.0,0.0,0.0,0.0,0.0,0.0,0.0
23/02/2022,17010.5313294766,19500.0,300.0,0.01538462,16580.9724575201,17182.3548782592,15678.8988264115,5900.0,112085000.0,0.0,0.0,5900.0,112085000.0,0.0,0.0,0.0,0.0,0.0,0.0,0.0,0.0
22/02/2022,16752.7960063027,20100.0,-600.0,-0.02985075,17268.2666526505,17268.2666526505,16495.0606831288,3300.0,64410000.0,0.0,0.0,3300.0,64410000.0,0.0,0.0,0.0,0.0,0.0,0.0,0.0,0.0
21/02/2022,17268.2666526505,20100.0,0.0,0.0,17268.2666526505,17268.2666526505,17182.3548782592,5800.0,116430000.0,0.0,0.0,5800.0,116430000.0,200.0,0.0,0.0,-200.0,4000000.0,0.0,0.0,-4000000.0
18/02/2022,17268.2666526505,19900.0,200.0,0.01005025,17096.4431038679,17268.2666526505,17053.4872166723,14500.0,289880000.0,0.0,0.0,14500.0,289880000.0,0.0,0.0,0.0,0.0,0.0,0.0,0.0,0.0
17/02/2022,17096.4431038679,19900.0,0.0,0.0,17096.4431038679,17182.3548782592,16752.7960063027,4700.0,93790000.0,0.0,0.0,4700.0,93790000.0,0.0,0.0,0.0,0.0,0.0,0.0,0.0,0.0
16/02/2022,17096.4431038679,20000.0,-100.0,-0.005,16409.1489087375,17096.4431038679,16323.2371343462,5000.0,95750000.0,0.0,0.0,5000.0,95750000.0,0.0,0.0,0.0,0.0,0.0,0.0,0.0,0.0
15/02/2022,17182.3548782592,20000.0,0.0,0.0,17182.3548782592,17182.3548782592,17182.3548782592,0.0,0.0,0.0,0.0,0.0,0.0,0.0,0.0,0.0,0.0,0.0,0.0,0.0,0.0
14/02/2022,17182.3548782592,20300.0,-300.0,-0.01477833,16752.7960063027,17182.3548782592,16237.3253599549,4300.0,82220000.0,0.0,0.0,4300.0,82220000.0,4100.0,0.0,0.0,-4100.0,78315000.0,0.0,0.0,-78315000.0
11/02/2022,17440.0902014331,19800.0,500.0,0.02525253,16323.2371343462,17526.0019758244,16323.2371343462,13600.0,268575000.0,0.0,0.0,13600.0,268575000.0,300.0,0.0,0.0,-300.0,6100000.0,0.0,0.0,-6100000.0
10/02/2022,17010.5313294766,19400.0,400.0,0.02061856,16495.0606831288,17010.5313294766,16409.1489087375,1000.0,19190000.0,0.0,0.0,1000.0,19190000.0,0.0,0.0,0.0,0.0,0.0,0.0,0.0,0.0
09/02/2022,16666.8842319114,20000.0,-600.0,-0.03,17182.3548782592,17182.3548782592,16666.8842319114,800.0,15715000.0,0.0,0.0,800.0,15715000.0,100.0,-100.0,-100.0,0.0,1950000.0,-1950000.0,-1950000.0,0.0
08/02/2022,17182.3548782592,20000.0,0.0,0.0,17182.3548782592,17182.3548782592,17182.3548782592,0.0,0.0,0.0,0.0,0.0,0.0,0.0,0.0,0.0,0.0,0.0,0.0,0.0,0.0
07/02/2022,17182.3548782592,19000.0,1000.0,0.05263158,17397.1343142374,17397.1343142374,17182.3548782592,500.0,10065000.0,0.0,0.0,500.0,10065000.0,-300.0,0.0,0.0,300.0,-6040000.0,0.0,0.0,6040000.0
28/01/2022,16323.2371343462,19500.0,-500.0,-0.02564103,16623.9283447158,16795.7518934984,16323.2371343462,5300.0,102185000.0,0.0,0.0,5300.0,102185000.0,-200.0,0.0,0.0,200.0,-3800000.0,0.0,0.0,3800000.0
27/01/2022,16752.7960063027,19600.0,-100.0,-0.00510204,16752.7960063027,16752.7960063027,16538.0165703245,400.0,7750000.0,0.0,0.0,400.0,7750000.0,-100.0,0.0,0.0,100.0,-1950000.0,0.0,0.0,1950000.0
26/01/2022,16838.707780694,19200.0,400.0,0.02083333,16323.2371343462,16838.707780694,16323.2371343462,2000.0,38130000.0,0.0,0.0,2000.0,38130000.0,0.0,0.0,0.0,0.0,0.0,0.0,0.0,0.0
25/01/2022,16495.0606831288,19000.0,200.0,0.01052632,15249.339954455,16495.0606831288,15249.339954455,1900.0,35995000.0,0.0,0.0,1900.0,35995000.0,0.0,0.0,0.0,0.0,0.0,0.0,0.0,0.0
24/01/2022,16323.2371343462,20000.0,-1000.0,-0.05,17182.3548782592,17182.3548782592,16323.2371343462,4400.0,84350000.0,0.0,0.0,4400.0,84350000.0,-200.0,0.0,0.0,200.0,-3800000.0,0.0,0.0,3800000.0
21/01/2022,17182.3548782592,18700.0,1300.0,0.06951872,16065.5018111724,17182.3548782592,15893.6782623898,3800.0,71790000.0,0.0,0.0,3800.0,71790000.0,0.0,0.0,0.0,0.0,0.0,0.0,0.0,0.0
20/01/2022,16065.5018111724,17700.0,1000.0,0.05649718,15206.3840672594,16065.5018111724,15034.5605184768,9000.0,161560000.0,0.0,0.0,9000.0,161560000.0,0.0,0.0,0.0,0.0,0.0,0.0,0.0,0.0
19/01/2022,15206.3840672594,17700.0,0.0,0.0,15206.3840672594,15464.1193904333,15206.3840672594,7100.0,125720000.0,0.0,0.0,7100.0,125720000.0,0.0,0.0,0.0,0.0,0.0,0.0,0.0,0.0
18/01/2022,15206.3840672594,19000.0,-1300.0,-0.06842105,16323.2371343462,16323.2371343462,15206.3840672594,12100.0,222120000.0,0.0,0.0,12100.0,222120000.0,0.0,0.0,0.0,0.0,0.0,0.0,0.0,0.0
17/01/2022,16323.2371343462,19600.0,-600.0,-0.03061224,16495.0606831288,16495.0606831288,16323.2371343462,2200.0,41980000.0,0.0,0.0,2200.0,41980000.0,-1000.0,0.0,0.0,1000.0,-19100000.0,0.0,0.0,19100000.0
14/01/2022,16838.707780694,19600.0,0.0,0.0,16838.707780694,16838.707780694,16323.2371343462,1800.0,34860000.0,0.0,0.0,1800.0,34860000.0,0.0,0.0,0.0,0.0,0.0,0.0,0.0,0.0
13/01/2022,16838.707780694,19900.0,-300.0,-0.01507538,16838.707780694,17010.5313294766,16838.707780694,8700.0,170910000.0,0.0,0.0,8700.0,170910000.0,-1000.0,0.0,0.0,1000.0,-19800000.0,0.0,0.0,19800000.0
12/01/2022,17096.4431038679,19700.0,200.0,0.01015228,16752.7960063027,17096.4431038679,16538.0165703245,1700.0,33300000.0,0.0,0.0,1700.0,33300000.0,0.0,0.0,0.0,0.0,0.0,0.0,0.0,0.0
11/01/2022,16924.6195550853,20050.0,-350.0,-0.01745636,17182.3548782592,17182.3548782592,16838.707780694,4600.0,91000000.0,0.0,0.0,4600.0,91000000.0,0.0,0.0,0.0,0.0,0.0,0.0,0.0,0.0
10/01/2022,17225.3107654548,19900.0,150.0,0.00753769,16752.7960063027,17268.2666526505,16709.8401191071,18100.0,359375000.0,0.0,0.0,18100.0,359375000.0,0.0,0.0,0.0,0.0,0.0,0.0,0.0,0.0
07/01/2022,17096.4431038679,20050.0,-150.0,-0.0074813,17225.3107654548,17225.3107654548,16752.7960063027,9200.0,182030000.0,0.0,0.0,9200.0,182030000.0,0.0,0.0,0.0,0.0,0.0,0.0,0.0,0.0
06/01/2022,17225.3107654548,20000.0,50.0,0.0025,17182.3548782592,17225.3107654548,16752.7960063027,17100.0,340550000.0,0.0,0.0,17100.0,340550000.0,0.0,0.0,0.0,0.0,0.0,0.0,0.0,0.0
05/01/2022,17182.3548782592,20400.0,-400.0,-0.01960784,17354.1784270418,17354.1784270418,17010.5313294766,57800.0,1158005000.0,0.0,0.0,57800.0,1158005000.0,-10600.0,0.0,0.0,10600.0,-214120000.0,0.0,0.0,214120000.0
04/01/2022,17526.0019758244,20600.0,-200.0,-0.00970874,17268.2666526505,17697.825524607,17182.3548782592,7800.0,157480000.0,0.0,0.0,7800.0,157480000.0,0.0,0.0,0.0,0.0,0.0,0.0,0.0,0.0
31/12/2021,17697.825524607,20600.0,0.0,0.0,17611.9137502157,17697.825524607,17611.9137502157,7800.0,160460000.0,0.0,0.0,7800.0,160460000.0,0.0,0.0,0.0,0.0,0.0,0.0,0.0,0.0
30/12/2021,17697.825524607,20600.0,0.0,0.0,17611.9137502157,17697.825524607,17611.9137502157,8500.0,174370000.0,0.0,0.0,8500.0,174370000.0,0.0,0.0,0.0,0.0,0.0,0.0,0.0,0.0
29/12/2021,17697.825524607,20700.0,-100.0,-0.00483092,17783.7372989983,17783.7372989983,17010.5313294766,11100.0,227710000.0,0.0,0.0,11100.0,227710000.0,0.0,0.0,0.0,0.0,0.0,0.0,0.0,0.0
28/12/2021,17783.7372989983,20500.0,200.0,0.0097561,17611.9137502157,18041.4726221722,17182.3548782592,24900.0,509215000.0,0.0,0.0,24900.0,509215000.0,200.0,0.0,0.0,-200.0,4100000.0,0.0,0.0,-4100000.0
27/12/2021,17611.9137502157,20300.0,200.0,0.00985222,17611.9137502157,17611.9137502157,17611.9137502157,5000.0,102500000.0,0.0,0.0,5000.0,102500000.0,0.0,0.0,0.0,0.0,0.0,0.0,0.0,0.0
24/12/2021,17440.0902014331,20050.0,250.0,0.01246883,17611.9137502157,17611.9137502157,17354.1784270418,8400.0,171730000.0,0.0,0.0,8400.0,171730000.0,400.0,0.0,0.0,-400.0,8200000.0,0.0,0.0,-8200000.0
23/12/2021,17225.3107654548,19900.0,150.0,0.00753769,17182.3548782592,18041.4726221722,17182.3548782592,31000.0,641225000.0,0.0,0.0,31000.0,641225000.0,0.0,0.0,0.0,0.0,0.0,0.0,0.0,0.0
22/12/2021,17096.4431038679,19750.0,150.0,0.00759494,17096.4431038679,17397.1343142374,17010.5313294766,6600.0,131400000.0,0.0,0.0,6600.0,131400000.0,-100.0,0.0,0.0,100.0,-1985000.0,0.0,0.0,1985000.0
21/12/2021,16967.575442281,20100.0,-350.0,-0.01741294,17440.0902014331,17526.0019758244,16924.6195550853,8500.0,171720000.0,0.0,0.0,8500.0,171720000.0,-400.0,0.0,0.0,400.0,-8060000.0,0.0,0.0,8060000.0
20/12/2021,17268.2666526505,20100.0,0.0,0.0,17182.3548782592,17268.2666526505,17010.5313294766,13100.0,262170000.0,0.0,0.0,13100.0,262170000.0,0.0,0.0,0.0,0.0,0.0,0.0,0.0,0.0
17/12/2021,17268.2666526505,20000.0,100.0,0.005,17182.3548782592,17311.2225398461,17182.3548782592,11000.0,220045000.0,0.0,0.0,11000.0,220045000.0,-400.0,0.0,0.0,400.0,-8000000.0,0.0,0.0,8000000.0
16/12/2021,17182.3548782592,20400.0,-400.0,-0.01960784,17182.3548782592,17740.7814118026,16752.7960063027,7500.0,151345000.0,0.0,0.0,7500.0,151345000.0,-200.0,0.0,0.0,200.0,-4010000.0,0.0,0.0,4010000.0
15/12/2021,17526.0019758244,20050.0,350.0,0.01745636,17268.2666526505,17568.95786302,17182.3548782592,9100.0,183005000.0,0.0,0.0,9100.0,183005000.0,-500.0,0.0,0.0,500.0,-10050000.0,0.0,0.0,10050000.0
14/12/2021,17225.3107654548,19900.0,150.0,0.00753769,17568.95786302,17568.95786302,17096.4431038679,8400.0,168125000.0,0.0,0.0,8400.0,168125000.0,-500.0,0.0,0.0,500.0,-9950000.0,0.0,0.0,9950000.0
13/12/2021,17096.4431038679,20500.0,-600.0,-0.02926829,17440.0902014331,17912.6049605852,16752.7960063027,24000.0,480585000.0,0.0,0.0,24000.0,480585000.0,-200.0,0.0,0.0,200.0,-4000000.0,0.0,0.0,4000000.0
10/12/2021,17611.9137502157,20500.0,0.0,0.0,18471.0314941286,18471.0314941286,17354.1784270418,5700.0,117280000.0,0.0,0.0,5700.0,117280000.0,-200.0,0.0,0.0,200.0,-4120000.0,0.0,0.0,4120000.0
09/12/2021,17611.9137502157,20500.0,0.0,0.0,17354.1784270418,17611.9137502157,17354.1784270418,4200.0,85540000.0,0.0,0.0,4200.0,85540000.0,-200.0,-100.0,-100.0,300.0,-4100000.0,-2050000.0,-2050000.0,6150000.0
08/12/2021,17611.9137502157,20450.0,50.0,0.00244499,17440.0902014331,18299.207945346,17354.1784270418,11100.0,226435000.0,0.0,0.0,11100.0,226435000.0,0.0,0.0,0.0,0.0,0.0,0.0,0.0,0.0
07/12/2021,17568.95786302,21150.0,-700.0,-0.03309693,17311.2225398461,17783.7372989983,17182.3548782592,24500.0,496665000.0,0.0,0.0,24500.0,496665000.0,0.0,0.0,0.0,0.0,0.0,0.0,0.0,0.0
06/12/2021,18170.3402837591,22700.0,-1550.0,-0.06828194,18385.1197197373,19501.9727868242,18170.3402837591,32700.0,703870000.0,0.0,0.0,32700.0,703870000.0,900.0,0.0,0.0,-900.0,19760000.0,0.0,0.0,-19760000.0
03/12/2021,19501.9727868242,22700.0,0.0,0.0,19501.9727868242,20618.825853911,18728.7668173025,25500.0,577730000.0,0.0,0.0,25500.0,577730000.0,100.0,0.0,0.0,-100.0,2400000.0,0.0,0.0,-2400000.0
02/12/2021,19501.9727868242,24400.0,-1700.0,-0.06967213,22380.0172289326,22380.0172289326,19501.9727868242,74400.0,1837070000.0,0.0,0.0,74400.0,1837070000.0,-1100.0,0.0,0.0,1100.0,-28490000.0,0.0,0.0,28490000.0
01/12/2021,20962.4729514762,22850.0,1550.0,0.0678337,20962.4729514762,20962.4729514762,20962.4729514762,119700.0,2920680000.0,0.0,0.0,119700.0,2920680000.0,0.0,0.0,0.0,0.0,0.0,0.0,0.0,0.0
30/11/2021,19630.8404484111,21400.0,1450.0,0.06775701,19630.8404484111,19630.8404484111,19630.8404484111,44700.0,1021395000.0,0.0,0.0,44700.0,1021395000.0,900.0,0.0,0.0,-900.0,20565000.0,0.0,0.0,-20565000.0
29/11/2021,18385.1197197373,20000.0,1400.0,0.07,17182.3548782592,18385.1197197373,17182.3548782592,43500.0,927285000.0,0.0,0.0,43500.0,927285000.0,0.0,0.0,0.0,0.0,0.0,0.0,0.0,0.0
26/11/2021,17182.3548782592,20300.0,-300.0,-0.01477833,17354.1784270418,17440.0902014331,17096.4431038679,28000.0,560220000.0,0.0,0.0,28000.0,560220000.0,0.0,0.0,0.0,0.0,0.0,0.0,0.0,0.0
25/11/2021,17440.0902014331,20700.0,-400.0,-0.01932367,17483.0460886287,17783.7372989983,17182.3548782592,14600.0,296835000.0,0.0,0.0,14600.0,296835000.0,0.0,0.0,0.0,0.0,0.0,0.0,0.0,0.0
24/11/2021,17783.7372989983,20800.0,-100.0,-0.00480769,17869.6490733896,17869.6490733896,17526.0019758244,12900.0,265030000.0,0.0,0.0,12900.0,265030000.0,0.0,0.0,0.0,0.0,0.0,0.0,0.0,0.0
23/11/2021,17869.6490733896,21000.0,-200.0,-0.00952381,17182.3548782592,18041.4726221722,17182.3548782592,5200.0,105840000.0,0.0,0.0,5200.0,105840000.0,0.0,0.0,0.0,0.0,0.0,0.0,0.0,0.0
22/11/2021,18041.4726221722,21050.0,-50.0,-0.0023753,18385.1197197373,18385.1197197373,17440.0902014331,11400.0,236535000.0,0.0,0.0,11400.0,236535000.0,0.0,0.0,0.0,0.0,0.0,0.0,0.0,0.0
19/11/2021,18084.4285093678,21500.0,-450.0,-0.02093023,18685.8109301069,18685.8109301069,17783.7372989983,25300.0,536470000.0,0.0,0.0,25300.0,536470000.0,-1800.0,0.0,0.0,1800.0,-38840000.0,0.0,0.0,38840000.0
18/11/2021,18471.0314941286,21500.0,0.0,0.0,18471.0314941286,18814.6785916938,18471.0314941286,8200.0,176790000.0,0.0,0.0,8200.0,176790000.0,0.0,0.0,0.0,0.0,0.0,0.0,0.0,0.0
17/11/2021,18471.0314941286,21900.0,-400.0,-0.01826484,18814.6785916938,18814.6785916938,18041.4726221722,11400.0,243925000.0,0.0,0.0,11400.0,243925000.0,-100.0,0.0,0.0,100.0,-2170000.0,0.0,0.0,2170000.0
16/11/2021,18814.6785916938,21550.0,350.0,0.0162413,18556.9432685199,19244.2374636503,18471.0314941286,59700.0,1299100000.0,0.0,0.0,59700.0,1299100000.0,0.0,0.0,0.0,0.0,0.0,0.0,0.0,0.0
15/11/2021,18513.9873813243,20800.0,750.0,0.03605769,18127.3843965635,18642.8550429112,18127.3843965635,64200.0,1381540000.0,0.0,0.0,64200.0,1381540000.0,0.0,0.0,0.0,0.0,0.0,0.0,0.0,0.0
12/11/2021,17869.6490733896,20400.0,400.0,0.01960784,16924.6195550853,18213.2961709548,16924.6195550853,22900.0,470455000.0,0.0,0.0,22900.0,470455000.0,0.0,0.0,0.0,0.0,0.0,0.0,0.0,0.0
11/11/2021,17526.0019758244,21000.0,-600.0,-0.02857143,18642.8550429112,18642.8550429112,17526.0019758244,59700.0,1242730000.0,0.0,0.0,59700.0,1242730000.0,0.0,0.0,0.0,0.0,0.0,0.0,0.0,0.0
10/11/2021,18041.4726221722,21600.0,-600.0,-0.02777778,18385.1197197373,18728.7668173025,17783.7372989983,22200.0,464305000.0,0.0,0.0,22200.0,464305000.0,0.0,0.0,0.0,0.0,0.0,0.0,0.0,0.0
09/11/2021,18556.9432685199,21950.0,-350.0,-0.01594533,19244.2374636503,19244.2374636503,18556.9432685199,5500.0,119960000.0,0.0,0.0,5500.0,119960000.0,0.0,0.0,0.0,0.0,0.0,0.0,0.0,0.0
08/11/2021,18857.6344788895,21700.0,250.0,0.01152074,19501.9727868242,19501.9727868242,17783.7372989983,15800.0,349630000.0,0.0,0.0,15800.0,349630000.0,0.0,0.0,0.0,0.0,0.0,0.0,0.0,0.0
05/11/2021,18642.8550429112,20300.0,1400.0,0.06896552,17526.0019758244,18642.8550429112,17526.0019758244,93000.0,1977795000.0,0.0,0.0,93000.0,1977795000.0,4000.0,0.0,0.0,-4000.0,82430000.0,0.0,0.0,-82430000.0
04/11/2021,17440.0902014331,20400.0,-100.0,-0.00490196,17526.0019758244,17568.95786302,17182.3548782592,12000.0,242565000.0,0.0,0.0,12000.0,242565000.0,0.0,0.0,0.0,0.0,0.0,0.0,0.0,0.0
03/11/2021,17526.0019758244,20300.0,100.0,0.00492611,17354.1784270418,18041.4726221722,17182.3548782592,27900.0,568120000.0,0.0,0.0,27900.0,568120000.0,-2700.0,0.0,0.0,2700.0,-55060000.0,0.0,0.0,55060000.0
02/11/2021,17440.0902014331,20300.0,0.0,0.0,17440.0902014331,17697.825524607,17354.1784270418,23400.0,476640000.0,0.0,0.0,23400.0,476640000.0,0.0,0.0,0.0,0.0,0.0,0.0,0.0,0.0
01/11/2021,17440.0902014331,20000.0,300.0,0.015,17697.825524607,17697.825524607,17182.3548782592,10300.0,208380000.0,0.0,0.0,10300.0,208380000.0,0.0,0.0,0.0,0.0,0.0,0.0,0.0,0.0
29/10/2021,17182.3548782592,20550.0,-550.0,-0.02676399,17225.3107654548,17611.9137502157,17182.3548782592,19500.0,390825000.0,0.0,0.0,19500.0,390825000.0,0.0,0.0,0.0,0.0,0.0,0.0,0.0,0.0
28/10/2021,17654.8696374113,20800.0,-250.0,-0.01201923,17869.6490733896,17869.6490733896,16924.6195550853,31900.0,642395000.0,0.0,0.0,31900.0,642395000.0,0.0,0.0,0.0,0.0,0.0,0.0,0.0,0.0
27/10/2021,17869.6490733896,21500.0,-700.0,-0.03255814,18471.0314941286,18471.0314941286,17182.3548782592,29900.0,605610000.0,0.0,0.0,29900.0,605610000.0,0.0,0.0,0.0,0.0,0.0,0.0,0.0,0.0
26/10/2021,18471.0314941286,20950.0,550.0,0.02625298,19244.2374636503,19244.2374636503,17783.7372989983,37800.0,822780000.0,0.0,0.0,37800.0,822780000.0,4900.0,0.0,0.0,-4900.0,104200000.0,0.0,0.0,-104200000.0
25/10/2021,17998.5167349765,19600.0,1350.0,0.06887755,17998.5167349765,17998.5167349765,17912.6049605852,46200.0,967590000.0,0.0,0.0,46200.0,967590000.0,5500.0,0.0,0.0,-5500.0,115225000.0,0.0,0.0,-115225000.0
22/10/2021,16838.707780694,18350.0,1250.0,0.06811989,16065.5018111724,16838.707780694,15979.5900367811,62500.0,1182760000.0,0.0,0.0,62500.0,1182760000.0,-300.0,0.0,0.0,300.0,-5640000.0,0.0,0.0,5640000.0
21/10/2021,15764.8106008028,18200.0,150.0,0.00824176,15635.9429392159,15807.7664879985,15292.2958416507,8400.0,151550000.0,0.0,0.0,8400.0,151550000.0,0.0,0.0,0.0,0.0,0.0,0.0,0.0,0.0
20/10/2021,15635.9429392159,18900.0,-700.0,-0.03703704,15550.0311648246,16151.4135855636,15550.0311648246,7500.0,136680000.0,0.0,0.0,7500.0,136680000.0,0.0,0.0,0.0,0.0,0.0,0.0,0.0,0.0
19/10/2021,16237.3253599549,19000.0,-100.0,-0.00526316,16409.1489087375,16495.0606831288,15550.0311648246,10500.0,198800000.0,0.0,0.0,10500.0,198800000.0,-3900.0,0.0,0.0,3900.0,-74490000.0,0.0,0.0,74490000.0
18/10/2021,16323.2371343462,18800.0,200.0,0.0106383,16237.3253599549,16323.2371343462,15807.7664879985,8200.0,153805000.0,0.0,0.0,8200.0,153805000.0,-200.0,0.0,0.0,200.0,-3680000.0,0.0,0.0,3680000.0
15/10/2021,16151.4135855636,18500.0,300.0,0.01621622,15893.6782623898,16323.2371343462,15850.7223751941,16700.0,313570000.0,0.0,0.0,16700.0,313570000.0,0.0,0.0,0.0,0.0,0.0,0.0,0.0,0.0
14/10/2021,15893.6782623898,18500.0,0.0,0.0,16237.3253599549,16280.2812471506,15507.0752776289,12600.0,235165000.0,0.0,0.0,12600.0,235165000.0,-1000.0,0.0,0.0,1000.0,-18710000.0,0.0,0.0,18710000.0
13/10/2021,15893.6782623898,18000.0,500.0,0.02777778,15635.9429392159,15893.6782623898,15464.1193904333,13600.0,249575000.0,0.0,0.0,13600.0,249575000.0,0.0,0.0,0.0,0.0,0.0,0.0,0.0,0.0
12/10/2021,15464.1193904333,18150.0,-150.0,-0.00826446,15936.6341495854,15936.6341495854,15034.5605184768,24500.0,436325000.0,0.0,0.0,24500.0,436325000.0,-100.0,0.0,0.0,100.0,-1810000.0,0.0,0.0,1810000.0
11/10/2021,15592.9870520202,18300.0,-150.0,-0.00819672,15850.7223751941,15850.7223751941,15378.207616042,15300.0,277900000.0,0.0,0.0,15300.0,277900000.0,0.0,0.0,0.0,0.0,0.0,0.0,0.0,0.0
08/10/2021,15721.8547136072,18800.0,-500.0,-0.02659574,15592.9870520202,16022.5459239767,15464.1193904333,21800.0,400415000.0,0.0,0.0,21800.0,400415000.0,-500.0,0.0,0.0,500.0,-9050000.0,0.0,0.0,9050000.0
07/10/2021,16151.4135855636,18950.0,-150.0,-0.00791557,16280.2812471506,16280.2812471506,15464.1193904333,18100.0,333930000.0,0.0,0.0,18100.0,333930000.0,0.0,0.0,0.0,0.0,0.0,0.0,0.0,0.0
06/10/2021,16280.2812471506,19000.0,-50.0,-0.00263158,16323.2371343462,16495.0606831288,16065.5018111724,19500.0,365810000.0,0.0,0.0,19500.0,365810000.0,0.0,0.0,0.0,0.0,0.0,0.0,0.0,0.0
05/10/2021,16323.2371343462,19800.0,-800.0,-0.04040404,17096.4431038679,17096.4431038679,15893.6782623898,43100.0,804885000.0,0.0,0.0,43100.0,804885000.0,1400.0,0.0,0.0,-1400.0,25990000.0,0.0,0.0,-25990000.0
04/10/2021,17010.5313294766,19900.0,-100.0,-0.00502513,17096.4431038679,17096.4431038679,16323.2371343462,31200.0,603135000.0,0.0,0.0,31200.0,603135000.0,-2400.0,0.0,0.0,2400.0,-47575000.0,0.0,0.0,47575000.0
01/10/2021,17096.4431038679,20600.0,-700.0,-0.03398058,17611.9137502157,17611.9137502157,17096.4431038679,6800.0,137265000.0,0.0,0.0,6800.0,137265000.0,0.0,0.0,0.0,0.0,0.0,0.0,0.0,0.0
30/09/2021,17697.825524607,20300.0,300.0,0.01477833,17955.5608477809,17955.5608477809,17182.3548782592,12700.0,258485000.0,0.0,0.0,12700.0,258485000.0,100.0,-100.0,-100.0,0.0,2020000.0,-2020000.0,-2020000.0,0.0
29/09/2021,17440.0902014331,20600.0,-300.0,-0.01456311,18471.0314941286,18471.0314941286,17354.1784270418,4900.0,100595000.0,0.0,0.0,4900.0,100595000.0,0.0,0.0,0.0,0.0,0.0,0.0,0.0,0.0
28/09/2021,17697.825524607,21200.0,-600.0,-0.02830189,18170.3402837591,18170.3402837591,17697.825524607,15100.0,311470000.0,0.0,0.0,15100.0,311470000.0,0.0,0.0,0.0,0.0,0.0,0.0,0.0,0.0
27/09/2021,18213.2961709548,21100.0,100.0,0.00473934,18385.1197197373,18385.1197197373,17783.7372989983,9900.0,206780000.0,0.0,0.0,9900.0,206780000.0,0.0,0.0,0.0,0.0,0.0,0.0,0.0,0.0
24/09/2021,18127.3843965635,21800.0,-700.0,-0.03211009,18299.207945346,18385.1197197373,17869.6490733896,40900.0,865805000.0,0.0,0.0,40900.0,865805000.0,0.0,0.0,0.0,0.0,0.0,0.0,0.0,0.0
23/09/2021,18728.7668173025,22250.0,-450.0,-0.02022472,18814.6785916938,18814.6785916938,18041.4726221722,58200.0,1247255000.0,0.0,0.0,58200.0,1247255000.0,-1600.0,-1400.0,0.0,3000.0,-35450000.0,-29980000.0,0.0,65430000.0
22/09/2021,19115.3698020634,22300.0,-50.0,-0.00224215,20189.2669819546,20189.2669819546,18642.8550429112,23000.0,522430000.0,0.0,0.0,23000.0,522430000.0,9100.0,-9600.0,0.0,500.0,211140000.0,-221990000.0,0.0,10850000.0
21/09/2021,19158.325689259,23300.0,-1000.0,-0.04291845,18642.8550429112,20017.443433172,18642.8550429112,70800.0,1541725000.0,0.0,0.0,70800.0,1541725000.0,6200.0,-5200.0,0.0,-1000.0,135210000.0,-112910000.0,0.0,-22300000.0
20/09/2021,20017.443433172,24700.0,-1400.0,-0.05668016,20017.443433172,21563.8553722153,19759.7081099981,120100.0,2809095000.0,0.0,0.0,120100.0,2809095000.0,-700.0,200.0,0.0,500.0,-15635000.0,4135000.0,0.0,11500000.0
17/09/2021,21220.2082746501,26550.0,-1850.0,-0.06967985,21220.2082746501,21220.2082746501,21220.2082746501,27900.0,689130000.0,0.0,0.0,27900.0,689130000.0,-500.0,500.0,0.0,0.0,-12350000.0,12350000.0,0.0,0.0
16/09/2021,22809.5761008891,28500.0,-1950.0,-0.06842105,22809.5761008891,22809.5761008891,22809.5761008891,24800.0,658440000.0,0.0,0.0,24800.0,658440000.0,0.0,0.0,0.0,0.0,0.0,0.0,0.0,0.0
15/09/2021,24484.8557015194,27600.0,900.0,0.0326087,25258.061671041,25343.9734454323,22079.3260185631,46800.0,1319975000.0,0.0,0.0,46800.0,1319975000.0,0.0,0.0,0.0,0.0,0.0,0.0,0.0,0.0
14/09/2021,23711.6497319977,25800.0,1800.0,0.06976744,23625.7379576064,23711.6497319977,23625.7379576064,70400.0,1941290000.0,0.0,0.0,70400.0,1941290000.0,-1300.0,300.0,0.0,1000.0,-35880000.0,8280000.0,0.0,27600000.0
13/09/2021,22165.2377929544,24150.0,1650.0,0.06832298,19330.1492380416,22165.2377929544,19330.1492380416,198200.0,4637980000.0,0.0,0.0,198200.0,4637980000.0,-700.0,10100.0,0.0,-9400.0,-2820000.0,218370000.0,0.0,-215550000.0
10/09/2021,20747.693515498,25950.0,-1800.0,-0.06936416,20747.693515498,20747.693515498,20747.693515498,11500.0,277725000.0,0.0,0.0,11500.0,277725000.0,0.0,0.0,0.0,0.0,0.0,0.0,0.0,0.0
09/09/2021,22294.1054545413,27900.0,-1950.0,-0.06989247,22294.1054545413,22294.1054545413,22294.1054545413,6100.0,158295000.0,0.0,0.0,6100.0,158295000.0,0.0,0.0,0.0,0.0,0.0,0.0,0.0,0.0
08/09/2021,23969.3850551716,30000.0,-2100.0,-0.07,23969.3850551716,23969.3850551716,23969.3850551716,8800.0,245520000.0,0.0,0.0,8800.0,245520000.0,-300.0,0.0,0.0,300.0,-8370000.0,0.0,0.0,8370000.0
07/09/2021,25773.5323173888,32250.0,-2250.0,-0.06976744,29639.5621649971,29639.5621649971,25773.5323173888,219600.0,7017025000.0,0.0,0.0,219600.0,7017025000.0,8700.0,-500.0,0.0,-8200.0,257155000.0,-17695000.0,0.0,-239460000.0
06/09/2021,27706.547241193,30150.0,2100.0,0.06965174,27706.547241193,27706.547241193,27706.547241193,37500.0,1209375000.0,0.0,0.0,37500.0,1209375000.0,700.0,-600.0,0.0,-100.0,22575000.0,-19350000.0,0.0,-3225000.0
01/09/2021,25902.3999789757,28200.0,1950.0,0.06914894,25902.3999789757,25902.3999789757,25773.5323173888,211100.0,6364125000.0,0.0,0.0,211100.0,6364125000.0,112700.0,3800.0,0.0,-116500.0,3397845000.0,114570000.0,0.0,-3512415000.0
31/08/2021,24227.1203783455,26400.0,1800.0,0.06818182,24227.1203783455,24227.1203783455,24227.1203783455,112800.0,3180960000.0,0.0,0.0,112800.0,3180960000.0,1200.0,-1200.0,0.0,0.0,33840000.0,-33840000.0,0.0,0.0
30/08/2021,22680.7084393021,24700.0,1700.0,0.06882591,22680.7084393021,22680.7084393021,22680.7084393021,2300.0,60720000.0,0.0,0.0,2300.0,60720000.0,600.0,-600.0,0.0,0.0,15840000.0,-15840000.0,0.0,0.0
27/08/2021,21220.2082746501,23100.0,1600.0,0.06926407,21220.2082746501,21220.2082746501,21220.2082746501,14000.0,345800000.0,0.0,0.0,14000.0,345800000.0,600.0,-600.0,0.0,0.0,14820000.0,-14820000.0,0.0,0.0
26/08/2021,19845.6198843894,21600.0,1500.0,0.06944444,19845.6198843894,19845.6198843894,19845.6198843894,7700.0,177870000.0,0.0,0.0,7700.0,177870000.0,0.0,0.0,0.0,0.0,0.0,0.0,0.0,0.0
25/08/2021,18556.9432685199,20200.0,1400.0,0.06930693,18556.9432685199,18556.9432685199,18556.9432685199,4300.0,92880000.0,0.0,0.0,4300.0,92880000.0,0.0,0.0,0.0,0.0,0.0,0.0,0.0,0.0
24/08/2021,17354.1784270418,18900.0,1300.0,0.06878307,17354.1784270418,17354.1784270418,17354.1784270418,4000.0,80800000.0,0.0,0.0,4000.0,80800000.0,0.0,0.0,0.0,0.0,0.0,0.0,0.0,0.0
23/08/2021,16237.3253599549,17700.0,1200.0,0.06779661,16237.3253599549,16237.3253599549,16237.3253599549,33000.0,623700000.0,0.0,0.0,33000.0,623700000.0,-900.0,0.0,0.0,900.0,-17010000.0,0.0,0.0,17010000.0
20/08/2021,15206.3840672594,16550.0,1150.0,0.0694864,15206.3840672594,15206.3840672594,15120.4722928681,42700.0,755750000.0,0.0,0.0,42700.0,755750000.0,-6800.0,-1500.0,0.0,8300.0,-120360000.0,-26550000.0,0.0,146910000.0
19/08/2021,14218.3986617595,15500.0,1050.0,0.06774194,14218.3986617595,14218.3986617595,14218.3986617595,6500.0,107575000.0,0.0,0.0,6500.0,107575000.0,0.0,0.0,0.0,0.0,0.0,0.0,0.0,0.0
18/08/2021,13316.3250306509,14500.0,1000.0,0.06896552,13316.3250306509,13316.3250306509,13316.3250306509,29800.0,461900000.0,0.0,0.0,29800.0,461900000.0,500.0,0.0,0.0,-500.0,7750000.0,0.0,0.0,-7750000.0
17/08/2021,12457.2072867379,14100.0,400.0,0.02836879,11941.7366403901,12457.2072867379,11941.7366403901,12300.0,176680000.0,0.0,0.0,12300.0,176680000.0,-1500.0,0.0,0.0,1500.0,-20850000.0,0.0,0.0,20850000.0
16/08/2021,12113.5601891727,13800.0,300.0,0.02173913,12027.6484147814,12113.5601891727,12027.6484147814,3000.0,42270000.0,0.0,0.0,3000.0,42270000.0,0.0,0.0,0.0,0.0,0.0,0.0,0.0,0.0
13/08/2021,11855.8248659988,13800.0,0.0,0.0,11855.8248659988,11855.8248659988,11855.8248659988,38000.0,524400000.0,0.0,0.0,38000.0,524400000.0,19300.0,0.0,0.0,-19300.0,266340000.0,0.0,0.0,-266340000.0
12/08/2021,11855.8248659988,13800.0,0.0,0.0,11769.9130916076,11855.8248659988,11769.9130916076,4800.0,66020000.0,0.0,0.0,4800.0,66020000.0,0.0,0.0,0.0,0.0,0.0,0.0,0.0,0.0
11/08/2021,11855.8248659988,13800.0,0.0,0.0,11855.8248659988,11941.7366403901,11855.8248659988,1900.0,26320000.0,0.0,0.0,1900.0,26320000.0,-300.0,0.0,0.0,300.0,-4140000.0,0.0,0.0,4140000.0
10/08/2021,11855.8248659988,13500.0,300.0,0.02222222,11598.089542825,11855.8248659988,11598.089542825,5800.0,78820000.0,0.0,0.0,5800.0,78820000.0,-1500.0,0.0,0.0,1500.0,-20250000.0,0.0,0.0,20250000.0
09/08/2021,11598.089542825,13500.0,0.0,0.0,11598.089542825,11598.089542825,11598.089542825,0.0,0.0,0.0,0.0,0.0,0.0,0.0,0.0,0.0,0.0,0.0,0.0,0.0,0.0
06/08/2021,11598.089542825,13500.0,0.0,0.0,11598.089542825,11598.089542825,11598.089542825,0.0,0.0,0.0,0.0,0.0,0.0,0.0,0.0,0.0,0.0,0.0,0.0,0.0,0.0
05/08/2021,11598.089542825,13100.0,400.0,0.03053435,10953.7512348902,11598.089542825,10953.7512348902,4200.0,53625000.0,0.0,0.0,4200.0,53625000.0,-4100.0,0.0,0.0,4100.0,-52275000.0,0.0,0.0,52275000.0
04/08/2021,11254.4424452598,13050.0,50.0,0.00383142,11168.5306708685,11254.4424452598,11168.5306708685,2500.0,32590000.0,0.0,0.0,2500.0,32590000.0,0.0,0.0,0.0,0.0,0.0,0.0,0.0,0.0
03/08/2021,11211.4865580641,13100.0,-50.0,-0.00381679,10996.7071220859,11211.4865580641,10996.7071220859,400.0,5170000.0,0.0,0.0,400.0,5170000.0,-200.0,0.0,0.0,200.0,-2610000.0,0.0,0.0,2610000.0
02/08/2021,11254.4424452598,13200.0,-100.0,-0.00757576,10953.7512348902,11254.4424452598,10953.7512348902,3300.0,42110000.0,0.0,0.0,3300.0,42110000.0,-3200.0,0.0,0.0,3200.0,-40800000.0,0.0,0.0,40800000.0
30/07/2021,11340.3542196511,13200.0,0.0,0.0,11340.3542196511,11340.3542196511,11340.3542196511,300.0,3960000.0,0.0,0.0,300.0,3960000.0,0.0,0.0,0.0,0.0,0.0,0.0,0.0,0.0
29/07/2021,11340.3542196511,13300.0,-100.0,-0.0075188,11168.5306708685,11340.3542196511,11168.5306708685,500.0,6540000.0,0.0,0.0,500.0,6540000.0,-500.0,0.0,0.0,500.0,-6540000.0,0.0,0.0,6540000.0
28/07/2021,11426.2659940424,13100.0,200.0,0.01526718,11168.5306708685,11426.2659940424,11168.5306708685,1200.0,15660000.0,0.0,0.0,1200.0,15660000.0,0.0,0.0,0.0,0.0,0.0,0.0,0.0,0.0
27/07/2021,11254.4424452598,13050.0,50.0,0.00383142,11211.4865580641,11254.4424452598,11082.6188964772,8800.0,114845000.0,0.0,0.0,8800.0,114845000.0,-5500.0,0.0,0.0,5500.0,-71775000.0,0.0,0.0,71775000.0
26/07/2021,11211.4865580641,13100.0,-50.0,-0.00381679,10824.8835733033,11211.4865580641,10824.8835733033,3700.0,46665000.0,0.0,0.0,3700.0,46665000.0,0.0,0.0,0.0,0.0,0.0,0.0,0.0,0.0
23/07/2021,11254.4424452598,13100.0,0.0,0.0,11254.4424452598,11254.4424452598,11254.4424452598,0.0,0.0,0.0,0.0,0.0,0.0,0.0,0.0,0.0,0.0,0.0,0.0,0.0,0.0
22/07/2021,11254.4424452598,13100.0,0.0,0.0,11254.4424452598,11254.4424452598,11254.4424452598,0.0,0.0,0.0,0.0,0.0,0.0,0.0,0.0,0.0,0.0,0.0,0.0,0.0,0.0
21/07/2021,11254.4424452598,13100.0,0.0,0.0,11254.4424452598,11254.4424452598,11254.4424452598,100.0,1310000.0,0.0,0.0,100.0,1310000.0,0.0,0.0,0.0,0.0,0.0,0.0,0.0,0.0
20/07/2021,11254.4424452598,13100.0,0.0,0.0,11254.4424452598,11254.4424452598,11125.5747836728,4200.0,54985000.0,0.0,0.0,4200.0,54985000.0,0.0,0.0,0.0,0.0,0.0,0.0,0.0,0.0
19/07/2021,11254.4424452598,13100.0,0.0,0.0,11254.4424452598,11254.4424452598,11254.4424452598,0.0,0.0,0.0,0.0,0.0,0.0,0.0,0.0,0.0,0.0,0.0,0.0,0.0,0.0
16/07/2021,11254.4424452598,13100.0,0.0,0.0,11254.4424452598,11254.4424452598,10824.8835733033,2500.0,32260000.0,0.0,0.0,2500.0,32260000.0,0.0,0.0,0.0,0.0,0.0,0.0,0.0,0.0
15/07/2021,11254.4424452598,13000.0,100.0,0.00769231,10824.8835733033,11254.4424452598,10824.8835733033,1600.0,20560000.0,0.0,0.0,1600.0,20560000.0,0.0,0.0,0.0,0.0,0.0,0.0,0.0,0.0
14/07/2021,11168.5306708685,12800.0,200.0,0.015625,11254.4424452598,11254.4424452598,10824.8835733033,1100.0,14100000.0,0.0,0.0,1100.0,14100000.0,0.0,0.0,0.0,0.0,0.0,0.0,0.0,0.0
13/07/2021,10996.7071220859,12800.0,0.0,0.0,10996.7071220859,10996.7071220859,10996.7071220859,0.0,0.0,0.0,0.0,0.0,0.0,0.0,0.0,0.0,0.0,0.0,0.0,0.0,0.0
12/07/2021,10996.7071220859,12800.0,0.0,0.0,10996.7071220859,10996.7071220859,10738.971798912,7800.0,100490000.0,7900.0,100000000.0,15700.0,200490000.0,-4300.0,0.0,0.0,4300.0,-55040000.0,0.0,0.0,55040000.0
09/07/2021,10996.7071220859,12850.0,-50.0,-0.00389105,10996.7071220859,10996.7071220859,10996.7071220859,5800.0,74240000.0,0.0,0.0,5800.0,74240000.0,0.0,0.0,0.0,0.0,0.0,0.0,0.0,0.0
08/07/2021,11039.6630092815,13100.0,-250.0,-0.01908397,11039.6630092815,11039.6630092815,11039.6630092815,200.0,2570000.0,0.0,0.0,200.0,2570000.0,0.0,0.0,0.0,0.0,0.0,0.0,0.0,0.0
07/07/2021,11254.4424452598,13100.0,0.0,0.0,11254.4424452598,11254.4424452598,11254.4424452598,0.0,0.0,0.0,0.0,0.0,0.0,0.0,0.0,0.0,0.0,0.0,0.0,0.0,0.0
06/07/2021,11254.4424452598,13000.0,100.0,0.00769231,10824.8835733033,11254.4424452598,10824.8835733033,1200.0,15295000.0,0.0,0.0,1200.0,15295000.0,0.0,0.0,0.0,0.0,0.0,0.0,0.0,0.0
05/07/2021,11168.5306708685,13400.0,-400.0,-0.0299,10996.7071220859,11168.5306708685,10910.7953476946,1000.0,12810000.0,0.0,0.0,1000.0,12810000.0,-100.0,0.0,0.0,100.0,-1280000.0,0.0,0.0,1280000.0
02/07/2021,11512.1777684337,13000.0,400.0,0.03076923,10996.7071220859,11512.1777684337,10996.7071220859,400.0,5180000.0,0.0,0.0,400.0,5180000.0,0.0,0.0,0.0,0.0,0.0,0.0,0.0,0.0
01/07/2021,11168.5306708685,13800.0,-800.0,-0.05797101,11297.3983324554,11297.3983324554,11168.5306708685,3000.0,39310000.0,0.0,0.0,3000.0,39310000.0,-900.0,0.0,0.0,900.0,-11835000.0,0.0,0.0,11835000.0
30/06/2021,11855.8248659988,13800.0,0.0,0.0,11168.5306708685,11855.8248659988,11168.5306708685,300.0,3980000.0,0.0,0.0,300.0,3980000.0,0.0,0.0,0.0,0.0,0.0,0.0,0.0,0.0
29/06/2021,11855.8248659988,13800.0,0.0,0.0,11168.5306708685,11855.8248659988,11168.5306708685,600.0,8120000.0,0.0,0.0,600.0,8120000.0,0.0,0.0,0.0,0.0,0.0,0.0,0.0,0.0
28/06/2021,11855.8248659988,13800.0,0.0,0.0,11598.089542825,11855.8248659988,11039.6630092815,24900.0,322630000.0,0.0,0.0,24900.0,322630000.0,-5200.0,0.0,0.0,5200.0,-66880000.0,0.0,0.0,66880000.0
25/06/2021,11855.8248659988,14000.0,-200.0,-0.01428571,11855.8248659988,11855.8248659988,11855.8248659988,400.0,5520000.0,0.0,0.0,400.0,5520000.0,0.0,0.0,0.0,0.0,0.0,0.0,0.0,0.0
24/06/2021,12027.6484147814,14000.0,0.0,0.0,11941.7366403901,12027.6484147814,11426.2659940424,7100.0,95430000.0,0.0,0.0,7100.0,95430000.0,0.0,0.0,0.0,0.0,0.0,0.0,0.0,0.0
23/06/2021,12027.6484147814,13800.0,200.0,0.01449275,11855.8248659988,12113.5601891727,11855.8248659988,22600.0,316790000.0,0.0,0.0,22600.0,316790000.0,0.0,0.0,0.0,0.0,0.0,0.0,0.0,0.0
22/06/2021,11855.8248659988,12900.0,900.0,0.06976744,11082.6188964772,11855.8248659988,11082.6188964772,21300.0,291790000.0,0.0,0.0,21300.0,291790000.0,1000.0,-1000.0,0.0,0.0,13800000.0,-13800000.0,0.0,0.0
21/06/2021,11082.6188964772,12900.0,0.0,0.0,11125.5747836728,11168.5306708685,11082.6188964772,6700.0,86580000.0,0.0,0.0,6700.0,86580000.0,-2700.0,0.0,0.0,2700.0,-34965000.0,0.0,0.0,34965000.0
18/06/2021,11082.6188964772,12900.0,0.0,0.0,11082.6188964772,11082.6188964772,11082.6188964772,1300.0,16770000.0,0.0,0.0,1300.0,16770000.0,0.0,0.0,0.0,0.0,0.0,0.0,0.0,0.0
17/06/2021,11082.6188964772,13000.0,-100.0,-0.00769231,10738.971798912,11082.6188964772,10567.1482501294,1900.0,23590000.0,0.0,0.0,1900.0,23590000.0,0.0,0.0,0.0,0.0,0.0,0.0,0.0,0.0
16/06/2021,11168.5306708685,13000.0,0.0,0.0,10824.8835733033,11168.5306708685,10824.8835733033,200.0,2560000.0,0.0,0.0,200.0,2560000.0,0.0,0.0,0.0,0.0,0.0,0.0,0.0,0.0
15/06/2021,11168.5306708685,13000.0,0.0,0.0,11168.5306708685,11168.5306708685,11168.5306708685,0.0,0.0,0.0,0.0,0.0,0.0,0.0,0.0,0.0,0.0,0.0,0.0,0.0,0.0
14/06/2021,11168.5306708685,13000.0,0.0,0.0,11168.5306708685,11168.5306708685,11168.5306708685,2200.0,28600000.0,0.0,0.0,2200.0,28600000.0,0.0,0.0,0.0,0.0,0.0,0.0,0.0,0.0
11/06/2021,11168.5306708685,13200.0,-200.0,-0.01515152,10996.7071220859,11254.4424452598,10653.0600245207,10500.0,132425000.0,0.0,0.0,10500.0,132425000.0,0.0,0.0,0.0,0.0,0.0,0.0,0.0,0.0
10/06/2021,11340.3542196511,13350.0,-150.0,-0.01123596,10996.7071220859,11340.3542196511,10953.7512348902,1000.0,12820000.0,0.0,0.0,1000.0,12820000.0,0.0,0.0,0.0,0.0,0.0,0.0,0.0,0.0
09/06/2021,11469.221881238,13400.0,-50.0,-0.00373134,11512.1777684337,11512.1777684337,11426.2659940424,4600.0,61400000.0,0.0,0.0,4600.0,61400000.0,0.0,0.0,0.0,0.0,0.0,0.0,0.0,0.0
08/06/2021,11512.1777684337,13400.0,0.0,0.0,11512.1777684337,11855.8248659988,11512.1777684337,2900.0,39140000.0,0.0,0.0,2900.0,39140000.0,0.0,0.0,0.0,0.0,0.0,0.0,0.0,0.0
07/06/2021,11512.1777684337,13000.0,400.0,0.03076923,11340.3542196511,11512.1777684337,11340.3542196511,4900.0,65160000.0,0.0,0.0,4900.0,65160000.0,-3500.0,0.0,0.0,3500.0,-46400000.0,0.0,0.0,46400000.0
04/06/2021,11168.5306708685,12350.0,650.0,0.05263158,10610.1041373251,11340.3542196511,9879.854054999,22300.0,278775000.0,0.0,0.0,22300.0,278775000.0,11500.0,0.0,0.0,-11500.0,137025000.0,0.0,0.0,-137025000.0
03/06/2021,10610.1041373251,13250.0,-900.0,-0.06792453,11168.5306708685,11168.5306708685,10610.1041373251,9200.0,114285000.0,0.0,0.0,9200.0,114285000.0,8300.0,0.0,0.0,-8300.0,102935000.0,0.0,0.0,-102935000.0
02/06/2021,11383.3101068467,13400.0,-150.0,-0.01119403,10996.7071220859,11383.3101068467,10996.7071220859,300.0,3885000.0,0.0,0.0,300.0,3885000.0,200.0,0.0,0.0,-200.0,2560000.0,0.0,0.0,-2560000.0
01/06/2021,11512.1777684337,13400.0,0.0,0.0,11512.1777684337,11512.1777684337,11512.1777684337,0.0,0.0,0.0,0.0,0.0,0.0,0.0,0.0,0.0,0.0,0.0,0.0,0.0,0.0
31/05/2021,11512.1777684337,13300.0,100.0,0.0075188,10738.971798912,11512.1777684337,10738.971798912,2400.0,30160000.0,0.0,0.0,2400.0,30160000.0,2300.0,0.0,0.0,-2300.0,28820000.0,0.0,0.0,-28820000.0
28/05/2021,11426.2659940424,14000.0,-700.0,-0.05,11426.2659940424,11426.2659940424,11426.2659940424,1400.0,18620000.0,0.0,0.0,1400.0,18620000.0,0.0,0.0,0.0,0.0,0.0,0.0,0.0,0.0
27/05/2021,12027.6484147814,13900.0,100.0,0.00719424,11598.089542825,12027.6484147814,11168.5306708685,2700.0,36160000.0,0.0,0.0,2700.0,36160000.0,800.0,0.0,0.0,-800.0,10520000.0,0.0,0.0,-10520000.0
26/05/2021,11941.7366403901,13000.0,900.0,0.06923077,11168.5306708685,11941.7366403901,10824.8835733033,8300.0,106040000.0,0.0,0.0,8300.0,106040000.0,6600.0,-100.0,0.0,-6500.0,83940000.0,-1390000.0,0.0,-82550000.0
25/05/2021,11168.5306708685,13000.0,0.0,0.0,11082.6188964772,11168.5306708685,10996.7071220859,6500.0,83280000.0,0.0,0.0,6500.0,83280000.0,6000.0,0.0,0.0,-6000.0,76800000.0,0.0,0.0,-76800000.0
24/05/2021,11168.5306708685,13000.0,0.0,0.0,11168.5306708685,11168.5306708685,11168.5306708685,600.0,7800000.0,0.0,0.0,600.0,7800000.0,0.0,0.0,0.0,0.0,0.0,0.0,0.0,0.0
21/05/2021,11168.5306708685,13000.0,0.0,0.0,10996.7071220859,11168.5306708685,10996.7071220859,3200.0,41000000.0,0.0,0.0,3200.0,41000000.0,0.0,0.0,0.0,0.0,0.0,0.0,0.0,0.0
20/05/2021,11168.5306708685,13000.0,0.0,0.0,11168.5306708685,11168.5306708685,11168.5306708685,0.0,0.0,0.0,0.0,0.0,0.0,0.0,0.0,0.0,0.0,0.0,0.0,0.0,0.0
19/05/2021,11168.5306708685,12800.0,200.0,0.015625,10910.7953476946,11168.5306708685,10910.7953476946,200.0,2570000.0,0.0,0.0,200.0,2570000.0,0.0,0.0,0.0,0.0,0.0,0.0,0.0,0.0
18/05/2021,10996.7071220859,13000.0,-200.0,-0.01538462,11469.221881238,11469.221881238,10996.7071220859,2700.0,34855000.0,0.0,0.0,2700.0,34855000.0,-500.0,0.0,0.0,500.0,-6675000.0,0.0,0.0,6675000.0
17/05/2021,11168.5306708685,13300.0,-300.0,-0.02255639,11168.5306708685,11168.5306708685,11168.5306708685,400.0,5200000.0,0.0,0.0,400.0,5200000.0,0.0,0.0,0.0,0.0,0.0,0.0,0.0,0.0
14/05/2021,11426.2659940424,13200.0,100.0,0.00757576,10910.7953476946,11426.2659940424,10910.7953476946,800.0,10220000.0,0.0,0.0,800.0,10220000.0,0.0,0.0,0.0,0.0,0.0,0.0,0.0,0.0
13/05/2021,11340.3542196511,13200.0,0.0,0.0,10910.7953476946,11340.3542196511,10910.7953476946,300.0,3910000.0,0.0,0.0,300.0,3910000.0,0.0,0.0,0.0,0.0,0.0,0.0,0.0,0.0
12/05/2021,11340.3542196511,13400.0,-200.0,-0.01492537,10910.7953476946,11340.3542196511,10910.7953476946,200.0,2590000.0,0.0,0.0,200.0,2590000.0,0.0,0.0,0.0,0.0,0.0,0.0,0.0,0.0
11/05/2021,11512.1777684337,13400.0,0.0,0.0,11512.1777684337,11512.1777684337,11512.1777684337,0.0,0.0,0.0,0.0,0.0,0.0,0.0,0.0,0.0,0.0,0.0,0.0,0.0,0.0
10/05/2021,11512.1777684337,13400.0,0.0,0.0,10867.8394604989,11512.1777684337,10867.8394604989,2300.0,29270000.0,0.0,0.0,2300.0,29270000.0,0.0,0.0,0.0,0.0,0.0,0.0,0.0,0.0
07/05/2021,11512.1777684337,13400.0,0.0,0.0,11082.6188964772,11512.1777684337,11039.6630092815,5200.0,68330000.0,0.0,0.0,5200.0,68330000.0,-3000.0,0.0,0.0,3000.0,-39960000.0,0.0,0.0,39960000.0
06/05/2021,11512.1777684337,13600.0,-200.0,-0.01470588,10996.7071220859,11512.1777684337,10996.7071220859,8800.0,115750000.0,0.0,0.0,8800.0,115750000.0,-8600.0,0.0,0.0,8600.0,-113190000.0,0.0,0.0,113190000.0
05/05/2021,11684.0013172163,13600.0,0.0,0.0,11684.0013172163,11684.0013172163,11684.0013172163,0.0,0.0,0.0,0.0,0.0,0.0,0.0,0.0,0.0,0.0,0.0,0.0,0.0,0.0
04/05/2021,11684.0013172163,13300.0,300.0,0.02255639,10738.971798912,11684.0013172163,10738.971798912,200.0,2610000.0,0.0,0.0,200.0,2610000.0,0.0,0.0,0.0,0.0,0.0,0.0,0.0,0.0
29/04/2021,11426.2659940424,13400.0,-100.0,-0.00746269,11426.2659940424,11426.2659940424,10996.7071220859,4900.0,63120000.0,0.0,0.0,4900.0,63120000.0,0.0,0.0,0.0,0.0,0.0,0.0,0.0,0.0
28/04/2021,11512.1777684337,13500.0,-100.0,-0.00740741,11039.6630092815,11512.1777684337,10824.8835733033,12200.0,154785000.0,0.0,0.0,12200.0,154785000.0,0.0,0.0,0.0,0.0,0.0,0.0,0.0,0.0
27/04/2021,11598.089542825,13800.0,-300.0,-0.02173913,11168.5306708685,11598.089542825,11168.5306708685,5600.0,72905000.0,0.0,0.0,5600.0,72905000.0,0.0,0.0,0.0,0.0,0.0,0.0,0.0,0.0
26/04/2021,11855.8248659988,13800.0,0.0,0.0,11168.5306708685,11855.8248659988,11168.5306708685,1300.0,17080000.0,0.0,0.0,1300.0,17080000.0,0.0,0.0,0.0,0.0,0.0,0.0,0.0,0.0
23/04/2021,11855.8248659988,13600.0,200.0,0.01470588,11512.1777684337,11855.8248659988,11512.1777684337,3100.0,41580000.0,0.0,0.0,3100.0,41580000.0,0.0,0.0,0.0,0.0,0.0,0.0,0.0,0.0
22/04/2021,11684.0013172163,13600.0,0.0,0.0,11941.7366403901,11941.7366403901,10910.7953476946,11300.0,150460000.0,0.0,0.0,11300.0,150460000.0,3500.0,0.0,0.0,-3500.0,46900000.0,0.0,0.0,-46900000.0
20/04/2021,11684.0013172163,13400.0,200.0,0.01492537,11512.1777684337,12027.6484147814,11082.6188964772,52200.0,703855000.0,0.0,0.0,52200.0,703855000.0,7500.0,0.0,0.0,-7500.0,108535000.0,0.0,0.0,-108535000.0
19/04/2021,11512.1777684337,13000.0,400.0,0.03076923,11168.5306708685,11598.089542825,11168.5306708685,5100.0,67740000.0,0.0,0.0,5100.0,67740000.0,-4700.0,0.0,0.0,4700.0,-62475000.0,0.0,0.0,62475000.0
16/04/2021,11168.5306708685,13000.0,0.0,0.0,11168.5306708685,11168.5306708685,11082.6188964772,2100.0,27290000.0,0.0,0.0,2100.0,27290000.0,100.0,-100.0,-100.0,0.0,1300000.0,-1300000.0,-1300000.0,0.0
15/04/2021,11168.5306708685,13000.0,0.0,0.0,10781.9276861076,11168.5306708685,10781.9276861076,200.0,2555000.0,0.0,0.0,200.0,2555000.0,0.0,0.0,0.0,0.0,0.0,0.0,0.0,0.0
14/04/2021,11168.5306708685,13200.0,-200.0,-0.01515152,10867.8394604989,11168.5306708685,10867.8394604989,200.0,2565000.0,0.0,0.0,200.0,2565000.0,0.0,0.0,0.0,0.0,0.0,0.0,0.0,0.0
13/04/2021,11340.3542196511,13300.0,-100.0,-0.0075188,11082.6188964772,11340.3542196511,10738.971798912,1200.0,15515000.0,0.0,0.0,1200.0,15515000.0,0.0,0.0,0.0,0.0,0.0,0.0,0.0,0.0
12/04/2021,11426.2659940424,13300.0,0.0,0.0,11082.6188964772,11426.2659940424,11082.6188964772,200.0,2620000.0,0.0,0.0,200.0,2620000.0,0.0,0.0,0.0,0.0,0.0,0.0,0.0,0.0
09/04/2021,11426.2659940424,13000.0,300.0,0.02307692,11168.5306708685,11426.2659940424,11168.5306708685,3600.0,47260000.0,0.0,0.0,3600.0,47260000.0,0.0,0.0,0.0,0.0,0.0,0.0,0.0,0.0
08/04/2021,11168.5306708685,13000.0,0.0,0.0,11340.3542196511,11340.3542196511,11168.5306708685,1400.0,18220000.0,0.0,0.0,1400.0,18220000.0,0.0,0.0,0.0,0.0,0.0,0.0,0.0,0.0
07/04/2021,11168.5306708685,13300.0,-300.0,-0.02255639,11254.4424452598,11254.4424452598,11168.5306708685,1600.0,20810000.0,0.0,0.0,1600.0,20810000.0,0.0,0.0,0.0,0.0,0.0,0.0,0.0,0.0
06/04/2021,11426.2659940424,13200.0,100.0,0.00757576,11168.5306708685,11426.2659940424,11168.5306708685,2100.0,27880000.0,0.0,0.0,2100.0,27880000.0,0.0,0.0,0.0,0.0,0.0,0.0,0.0,0.0
05/04/2021,11340.3542196511,13200.0,0.0,0.0,10996.7071220859,11340.3542196511,10996.7071220859,500.0,6520000.0,0.0,0.0,500.0,6520000.0,0.0,0.0,0.0,0.0,0.0,0.0,0.0,0.0
02/04/2021,11340.3542196511,13200.0,0.0,0.0,11426.2659940424,11512.1777684337,11340.3542196511,12200.0,161150000.0,0.0,0.0,12200.0,161150000.0,11000.0,0.0,0.0,-11000.0,145200000.0,0.0,0.0,-145200000.0
01/04/2021,11340.3542196511,12500.0,700.0,0.056,11469.221881238,11469.221881238,11168.5306708685,5600.0,74055000.0,0.0,0.0,5600.0,74055000.0,3200.0,0.0,0.0,-3200.0,42295000.0,0.0,0.0,-42295000.0
31/03/2021,10738.971798912,12500.0,0.0,0.0,10738.971798912,10738.971798912,10653.0600245207,3500.0,43670000.0,0.0,0.0,3500.0,43670000.0,3000.0,0.0,0.0,-3000.0,37420000.0,0.0,0.0,-37420000.0
30/03/2021,10738.971798912,12600.0,-100.0,-0.00793651,10781.9276861076,10824.8835733033,10653.0600245207,2500.0,31240000.0,0.0,0.0,2500.0,31240000.0,0.0,0.0,0.0,0.0,0.0,0.0,0.0,0.0
29/03/2021,10824.8835733033,12600.0,0.0,0.0,10824.8835733033,10824.8835733033,10180.5452653686,2200.0,27455000.0,0.0,0.0,2200.0,27455000.0,0.0,0.0,0.0,0.0,0.0,0.0,0.0,0.0
26/03/2021,10824.8835733033,12600.0,0.0,0.0,10824.8835733033,10824.8835733033,10824.8835733033,0.0,0.0,0.0,0.0,0.0,0.0,0.0,0.0,0.0,0.0,0.0,0.0,0.0,0.0
25/03/2021,10824.8835733033,12700.0,-100.0,-0.00787402,10867.8394604989,10867.8394604989,10824.8835733033,1100.0,13865000.0,0.0,0.0,1100.0,13865000.0,0.0,0.0,0.0,0.0,0.0,0.0,0.0,0.0
24/03/2021,10910.7953476946,12900.0,-200.0,-0.01550388,10910.7953476946,10910.7953476946,10910.7953476946,300.0,3810000.0,0.0,0.0,300.0,3810000.0,0.0,0.0,0.0,0.0,0.0,0.0,0.0,0.0
23/03/2021,11082.6188964772,12900.0,0.0,0.0,11082.6188964772,11082.6188964772,11082.6188964772,0.0,0.0,0.0,0.0,0.0,0.0,0.0,0.0,0.0,0.0,0.0,0.0,0.0,0.0
22/03/2021,11082.6188964772,12900.0,0.0,0.0,11082.6188964772,11082.6188964772,10910.7953476946,12400.0,157520000.0,0.0,0.0,12400.0,157520000.0,9000.0,0.0,0.0,-9000.0,114300000.0,0.0,0.0,-114300000.0
19/03/2021,11082.6188964772,13000.0,-100.0,-0.00769231,10824.8835733033,11082.6188964772,10395.3247013468,4600.0,56150000.0,0.0,0.0,4600.0,56150000.0,2300.0,0.0,0.0,-2300.0,27980000.0,0.0,0.0,-27980000.0
18/03/2021,11168.5306708685,13000.0,0.0,0.0,11168.5306708685,11168.5306708685,11168.5306708685,0.0,0.0,0.0,0.0,0.0,0.0,0.0,0.0,0.0,0.0,0.0,0.0,0.0,0.0
17/03/2021,11168.5306708685,12800.0,200.0,0.015625,11168.5306708685,11168.5306708685,10996.7071220859,500.0,6460000.0,0.0,0.0,500.0,6460000.0,0.0,0.0,0.0,0.0,0.0,0.0,0.0,0.0
16/03/2021,10996.7071220859,12800.0,0.0,0.0,10996.7071220859,10996.7071220859,10996.7071220859,0.0,0.0,0.0,0.0,0.0,0.0,0.0,0.0,0.0,0.0,0.0,0.0,0.0,0.0
15/03/2021,10996.7071220859,13100.0,-300.0,-0.02290076,10996.7071220859,10996.7071220859,10996.7071220859,100.0,1280000.0,0.0,0.0,100.0,1280000.0,0.0,0.0,0.0,0.0,0.0,0.0,0.0,0.0
12/03/2021,11254.4424452598,13000.0,100.0,0.00769231,10738.971798912,11254.4424452598,10738.971798912,300.0,3810000.0,0.0,0.0,300.0,3810000.0,0.0,0.0,0.0,0.0,0.0,0.0,0.0,0.0
11/03/2021,11168.5306708685,13000.0,0.0,0.0,11168.5306708685,11168.5306708685,11168.5306708685,2000.0,26000000.0,0.0,0.0,2000.0,26000000.0,0.0,0.0,0.0,0.0,0.0,0.0,0.0,0.0
10/03/2021,11168.5306708685,13250.0,-250.0,-0.01886792,11383.3101068467,11383.3101068467,10867.8394604989,14100.0,183815000.0,0.0,0.0,14100.0,183815000.0,-2100.0,0.0,0.0,2100.0,-30770000.0,0.0,0.0,30770000.0
09/03/2021,11383.3101068467,13000.0,250.0,0.01923077,10738.971798912,11383.3101068467,10738.971798912,200.0,2575000.0,0.0,0.0,200.0,2575000.0,0.0,0.0,0.0,0.0,0.0,0.0,0.0,0.0
08/03/2021,11168.5306708685,13000.0,0.0,0.0,10395.3247013468,11168.5306708685,10395.3247013468,2400.0,30305000.0,0.0,0.0,2400.0,30305000.0,0.0,0.0,0.0,0.0,0.0,0.0,0.0,0.0
05/03/2021,11168.5306708685,13000.0,0.0,0.0,11168.5306708685,11168.5306708685,11168.5306708685,0.0,0.0,0.0,0.0,0.0,0.0,0.0,0.0,0.0,0.0,0.0,0.0,0.0,0.0
04/03/2021,11168.5306708685,13000.0,0.0,0.0,10738.971798912,11168.5306708685,10738.971798912,400.0,5050000.0,0.0,0.0,400.0,5050000.0,100.0,0.0,0.0,-100.0,1300000.0,0.0,0.0,-1300000.0
03/03/2021,11168.5306708685,13300.0,-300.0,-0.02255639,10738.971798912,11168.5306708685,10738.971798912,1500.0,18800000.0,0.0,0.0,1500.0,18800000.0,0.0,0.0,0.0,0.0,0.0,0.0,0.0,0.0
02/03/2021,11426.2659940424,13300.0,0.0,0.0,11426.2659940424,11426.2659940424,11426.2659940424,0.0,0.0,0.0,0.0,0.0,0.0,0.0,0.0,0.0,0.0,0.0,0.0,0.0,0.0
01/03/2021,11426.2659940424,12500.0,800.0,0.064,11168.5306708685,11426.2659940424,10352.3688141512,10600.0,133675000.0,0.0,0.0,10600.0,133675000.0,100.0,0.0,0.0,-100.0,1205000.0,0.0,0.0,-1205000.0
26/02/2021,10738.971798912,12500.0,0.0,0.0,10738.971798912,11426.2659940424,10738.971798912,2800.0,35650000.0,0.0,0.0,2800.0,35650000.0,700.0,0.0,0.0,-700.0,8750000.0,0.0,0.0,-8750000.0
25/02/2021,10738.971798912,12500.0,0.0,0.0,10738.971798912,10738.971798912,10653.0600245207,300.0,3740000.0,0.0,0.0,300.0,3740000.0,0.0,0.0,0.0,0.0,0.0,0.0,0.0,0.0
24/02/2021,10738.971798912,12450.0,50.0,0.00401606,10738.971798912,10738.971798912,10738.971798912,2100.0,26250000.0,0.0,0.0,2100.0,26250000.0,2100.0,0.0,0.0,-2100.0,26250000.0,0.0,0.0,-26250000.0
23/02/2021,10696.0159117164,12450.0,0.0,0.0,10696.0159117164,10696.0159117164,10696.0159117164,0.0,0.0,0.0,0.0,0.0,0.0,0.0,0.0,0.0,0.0,0.0,0.0,0.0,0.0
22/02/2021,10696.0159117164,12500.0,-50.0,-0.004,10738.971798912,10738.971798912,10696.0159117164,1200.0,14950000.0,0.0,0.0,1200.0,14950000.0,200.0,0.0,0.0,-200.0,2500000.0,0.0,0.0,-2500000.0
19/02/2021,10738.971798912,12500.0,0.0,0.0,10738.971798912,10738.971798912,10738.971798912,0.0,0.0,0.0,0.0,0.0,0.0,0.0,0.0,0.0,0.0,0.0,0.0,0.0,0.0
18/02/2021,10738.971798912,12400.0,100.0,0.00806452,10309.4129269555,11168.5306708685,10309.4129269555,800.0,10130000.0,0.0,0.0,800.0,10130000.0,0.0,0.0,0.0,0.0,0.0,0.0,0.0,0.0
17/02/2021,10653.0600245207,12600.0,-200.0,-0.01587302,10180.5452653686,10653.0600245207,10180.5452653686,400.0,4795000.0,0.0,0.0,400.0,4795000.0,0.0,0.0,0.0,0.0,0.0,0.0,0.0,0.0
09/02/2021,10824.8835733033,12750.0,-150.0,-0.0118,10824.8835733033,10824.8835733033,10824.8835733033,500.0,6300000.0,0.0,0.0,500.0,6300000.0,0.0,0.0,0.0,0.0,0.0,0.0,0.0,0.0
08/02/2021,10953.7512348902,12000.0,750.0,0.0625,10953.7512348902,10953.7512348902,10953.7512348902,100.0,1275000.0,0.0,0.0,100.0,1275000.0,0.0,0.0,0.0,0.0,0.0,0.0,0.0,0.0
05/02/2021,10309.4129269555,12400.0,-400.0,-0.03225806,11340.3542196511,11340.3542196511,9965.7658293903,2600.0,31345000.0,0.0,0.0,2600.0,31345000.0,0.0,0.0,0.0,0.0,0.0,0.0,0.0,0.0
04/02/2021,10653.0600245207,12450.0,-50.0,-0.00401606,10653.0600245207,10653.0600245207,10610.1041373251,2400.0,29745000.0,0.0,0.0,2400.0,29745000.0,400.0,0.0,0.0,-400.0,4960000.0,0.0,0.0,-4960000.0
03/02/2021,10696.0159117164,12450.0,0.0,0.0,10696.0159117164,10696.0159117164,10696.0159117164,2000.0,24900000.0,0.0,0.0,2000.0,24900000.0,0.0,0.0,0.0,0.0,0.0,0.0,0.0,0.0
02/02/2021,10696.0159117164,13100.0,-650.0,-0.04961832,10867.8394604989,10867.8394604989,10696.0159117164,7700.0,96360000.0,0.0,0.0,7700.0,96360000.0,2900.0,0.0,0.0,-2900.0,36295000.0,0.0,0.0,-36295000.0
01/02/2021,11254.4424452598,13100.0,0.0,0.0,11254.4424452598,11254.4424452598,11254.4424452598,100.0,1310000.0,0.0,0.0,100.0,1310000.0,-100.0,0.0,0.0,100.0,-1310000.0,0.0,0.0,1310000.0
29/01/2021,11254.4424452598,13300.0,-200.0,-0.01503759,10824.8835733033,11254.4424452598,10824.8835733033,1300.0,17000000.0,0.0,0.0,1300.0,17000000.0,1200.0,0.0,0.0,-1200.0,15285000.0,0.0,0.0,-15285000.0
28/01/2021,11426.2659940424,13300.0,0.0,0.0,10653.0600245207,12199.471963564,10653.0600245207,13600.0,181330000.0,0.0,0.0,13600.0,181330000.0,0.0,0.0,0.0,0.0,0.0,0.0,0.0,0.0
27/01/2021,11426.2659940424,13300.0,0.0,0.0,11426.2659940424,11426.2659940424,11426.2659940424,0.0,0.0,0.0,0.0,0.0,0.0,0.0,0.0,0.0,0.0,0.0,0.0,0.0,0.0
26/01/2021,11426.2659940424,13300.0,0.0,0.0,11426.2659940424,11426.2659940424,11426.2659940424,0.0,0.0,0.0,0.0,0.0,0.0,0.0,0.0,0.0,0.0,0.0,0.0,0.0,0.0
25/01/2021,11426.2659940424,13000.0,300.0,0.02307692,10910.7953476946,11426.2659940424,10910.7953476946,1100.0,14030000.0,0.0,0.0,1100.0,14030000.0,0.0,0.0,0.0,0.0,0.0,0.0,0.0,0.0
22/01/2021,11168.5306708685,13000.0,0.0,0.0,10867.8394604989,11168.5306708685,10867.8394604989,200.0,2565000.0,0.0,0.0,200.0,2565000.0,100.0,-100.0,-100.0,0.0,1265000.0,-1265000.0,-1265000.0,0.0
21/01/2021,11168.5306708685,13000.0,0.0,0.0,10953.7512348902,11168.5306708685,10867.8394604989,8500.0,107810000.0,0.0,0.0,8500.0,107810000.0,500.0,0.0,0.0,-500.0,6375000.0,0.0,0.0,-6375000.0
20/01/2021,11168.5306708685,12600.0,400.0,0.03174603,10824.8835733033,11168.5306708685,10738.971798912,4000.0,50285000.0,0.0,0.0,4000.0,50285000.0,0.0,0.0,0.0,0.0,0.0,0.0,0.0,0.0
19/01/2021,10824.8835733033,13000.0,-400.0,-0.03076923,10953.7512348902,11297.3983324554,10824.8835733033,3100.0,39415000.0,0.0,0.0,3100.0,39415000.0,200.0,0.0,0.0,-200.0,2550000.0,0.0,0.0,-2550000.0
18/01/2021,11168.5306708685,13400.0,-400.0,-0.02985075,10996.7071220859,11168.5306708685,10996.7071220859,200.0,2580000.0,0.0,0.0,200.0,2580000.0,0.0,0.0,0.0,0.0,0.0,0.0,0.0,0.0
15/01/2021,11512.1777684337,13000.0,400.0,0.0308,11039.6630092815,11555.1336556293,11039.6630092815,1300.0,16820000.0,0.0,0.0,1300.0,16820000.0,0.0,0.0,0.0,0.0,0.0,0.0,0.0,0.0
14/01/2021,11168.5306708685,13000.0,0.0,0.0,11168.5306708685,11168.5306708685,11168.5306708685,3000.0,39000000.0,0.0,0.0,3000.0,39000000.0,700.0,0.0,0.0,-700.0,9100000.0,0.0,0.0,-9100000.0
13/01/2021,11168.5306708685,13500.0,-500.0,-0.03703704,11598.089542825,11598.089542825,10910.7953476946,2200.0,29300000.0,0.0,0.0,2200.0,29300000.0,-100.0,0.0,0.0,100.0,-1330000.0,0.0,0.0,1330000.0
12/01/2021,11598.089542825,13950.0,-450.0,-0.03225806,11168.5306708685,11598.089542825,11168.5306708685,900.0,11900000.0,0.0,0.0,900.0,11900000.0,-500.0,0.0,0.0,500.0,-6500000.0,0.0,0.0,6500000.0
11/01/2021,11984.6925275858,13950.0,0.0,0.0,11984.6925275858,11984.6925275858,11984.6925275858,0.0,0.0,0.0,0.0,0.0,0.0,0.0,0.0,0.0,0.0,0.0,0.0,0.0,0.0
08/01/2021,11984.6925275858,13950.0,0.0,0.0,11984.6925275858,11984.6925275858,11984.6925275858,0.0,0.0,0.0,0.0,0.0,0.0,0.0,0.0,0.0,0.0,0.0,0.0,0.0,0.0
07/01/2021,11984.6925275858,13950.0,0.0,0.0,11984.6925275858,11984.6925275858,11984.6925275858,0.0,0.0,0.0,0.0,0.0,0.0,0.0,0.0,0.0,0.0,0.0,0.0,0.0,0.0
06/01/2021,11984.6925275858,13400.0,550.0,0.04104478,11984.6925275858,11984.6925275858,11984.6925275858,100.0,1395000.0,0.0,0.0,100.0,1395000.0,0.0,0.0,0.0,0.0,0.0,0.0,0.0,0.0
05/01/2021,11512.1777684337,13400.0,0.0,0.0,11512.1777684337,11512.1777684337,11512.1777684337,0.0,0.0,0.0,0.0,0.0,0.0,0.0,0.0,0.0,0.0,0.0,0.0,0.0,0.0
04/01/2021,11512.1777684337,13400.0,0.0,0.0,11512.1777684337,11512.1777684337,11512.1777684337,0.0,0.0,0.0,0.0,0.0,0.0,0.0,0.0,0.0,0.0,0.0,0.0,0.0,0.0
31/12/2020,11512.1777684337,13200.0,200.0,0.01515152,10910.7953476946,11555.1336556293,10910.7953476946,240.0,3107000.0,0.0,0.0,240.0,3107000.0,0.0,0.0,0.0,0.0,0.0,0.0,0.0,0.0
30/12/2020,11340.3542196511,12750.0,450.0,0.03529412,10953.7512348902,11340.3542196511,10953.7512348902,1490.0,19002000.0,0.0,0.0,1490.0,19002000.0,0.0,0.0,0.0,0.0,0.0,0.0,0.0,0.0
29/12/2020,10953.7512348902,13150.0,-400.0,-0.03041825,11168.5306708685,11168.5306708685,10953.7512348902,1320.0,16884000.0,0.0,0.0,1320.0,16884000.0,500.0,0.0,0.0,-500.0,6375000.0,0.0,0.0,-6375000.0
28/12/2020,11297.3983324554,13300.0,-150.0,-0.0112782,11340.3542196511,11340.3542196511,10996.7071220859,60.0,787500.0,0.0,0.0,60.0,787500.0,0.0,0.0,0.0,0.0,0.0,0.0,0.0,0.0
25/12/2020,11426.2659940424,13000.0,300.0,0.02307692,11555.1336556293,11555.1336556293,10996.7071220859,4270.0,57056000.0,0.0,0.0,4270.0,57056000.0,200.0,0.0,0.0,-200.0,2560000.0,0.0,0.0,-2560000.0
24/12/2020,11168.5306708685,12700.0,300.0,0.02362205,10996.7071220859,11211.4865580641,10910.7953476946,2310.0,29795500.0,0.0,0.0,2310.0,29795500.0,0.0,0.0,0.0,0.0,0.0,0.0,0.0,0.0
23/12/2020,10910.7953476946,13200.0,-500.0,-0.03787879,11168.5306708685,11168.5306708685,10910.7953476946,3350.0,43445000.0,0.0,0.0,3350.0,43445000.0,350.0,0.0,0.0,-350.0,4445000.0,0.0,0.0,-4445000.0
22/12/2020,11340.3542196511,13300.0,-100.0,-0.0075188,11168.5306708685,11340.3542196511,11168.5306708685,2010.0,26132000.0,0.0,0.0,2010.0,26132000.0,0.0,0.0,0.0,0.0,0.0,0.0,0.0,0.0
21/12/2020,11426.2659940424,13400.0,-100.0,-0.00746269,11168.5306708685,11426.2659940424,11168.5306708685,3020.0,39263000.0,0.0,0.0,3020.0,39263000.0,0.0,0.0,0.0,0.0,0.0,0.0,0.0,0.0
18/12/2020,11512.1777684337,13450.0,-50.0,-0.00371747,11512.1777684337,11512.1777684337,11469.221881238,730.0,9757000.0,0.0,0.0,730.0,9757000.0,-700.0,0.0,0.0,700.0,-9355000.0,0.0,0.0,9355000.0
17/12/2020,11555.1336556293,12950.0,500.0,0.03861004,11555.1336556293,11555.1336556293,11555.1336556293,10.0,134500.0,0.0,0.0,10.0,134500.0,0.0,0.0,0.0,0.0,0.0,0.0,0.0,0.0
16/12/2020,11125.5747836728,13150.0,-200.0,-0.01520913,10910.7953476946,11125.5747836728,10910.7953476946,1030.0,13083500.0,0.0,0.0,1030.0,13083500.0,0.0,0.0,0.0,0.0,0.0,0.0,0.0,0.0
15/12/2020,11297.3983324554,13150.0,0.0,0.0,11168.5306708685,11297.3983324554,11168.5306708685,110.0,1431500.0,0.0,0.0,110.0,1431500.0,-100.0,0.0,0.0,100.0,-1300000.0,0.0,0.0,1300000.0
14/12/2020,11297.3983324554,13200.0,-50.0,-0.00378788,10910.7953476946,11297.3983324554,10910.7953476946,15310.0,198022000.0,0.0,0.0,15310.0,198022000.0,0.0,0.0,0.0,0.0,0.0,0.0,0.0,0.0
11/12/2020,11340.3542196511,13050.0,150.0,0.01149425,11555.1336556293,11555.1336556293,10481.2364757381,4760.0,60202500.0,0.0,0.0,4760.0,60202500.0,0.0,0.0,0.0,0.0,0.0,0.0,0.0,0.0
10/12/2020,11211.4865580641,13200.0,-150.0,-0.01136364,10910.7953476946,11211.4865580641,10910.7953476946,2210.0,28077500.0,0.0,0.0,2210.0,28077500.0,0.0,0.0,0.0,0.0,0.0,0.0,0.0,0.0
09/12/2020,11340.3542196511,13350.0,-150.0,-0.01123596,10910.7953476946,11340.3542196511,10910.7953476946,3100.0,39375000.0,0.0,0.0,3100.0,39375000.0,0.0,0.0,0.0,0.0,0.0,0.0,0.0,0.0
08/12/2020,11469.221881238,12800.0,550.0,0.04296875,11555.1336556293,11555.1336556293,10910.7953476946,3130.0,39780000.0,0.0,0.0,3130.0,39780000.0,0.0,0.0,0.0,0.0,0.0,0.0,0.0,0.0
07/12/2020,10996.7071220859,12800.0,0.0,0.0,10996.7071220859,10996.7071220859,10910.7953476946,5870.0,74603000.0,0.0,0.0,5870.0,74603000.0,0.0,0.0,0.0,0.0,0.0,0.0,0.0,0.0
04/12/2020,10996.7071220859,12700.0,100.0,0.00787402,10910.7953476946,10996.7071220859,10910.7953476946,18520.0,235205000.0,0.0,0.0,18520.0,235205000.0,0.0,0.0,0.0,0.0,0.0,0.0,0.0,0.0
03/12/2020,10910.7953476946,12700.0,0.0,0.0,11168.5306708685,11168.5306708685,10910.7953476946,290.0,3710000.0,0.0,0.0,290.0,3710000.0,0.0,0.0,0.0,0.0,0.0,0.0,0.0,0.0
02/12/2020,10910.7953476946,12400.0,300.0,0.02419355,10824.8835733033,11168.5306708685,10824.8835733033,2750.0,34925000.0,0.0,0.0,2750.0,34925000.0,0.0,0.0,0.0,0.0,0.0,0.0,0.0,0.0
01/12/2020,10653.0600245207,12400.0,0.0,0.0,10910.7953476946,11082.6188964772,10653.0600245207,37800.0,479813000.0,0.0,0.0,37800.0,479813000.0,0.0,0.0,0.0,0.0,0.0,0.0,0.0,0.0
30/11/2020,10653.0600245207,13000.0,-600.0,-0.04615385,11168.5306708685,11383.3101068467,10653.0600245207,11550.0,145502500.0,0.0,0.0,11550.0,145502500.0,-400.0,0.0,0.0,400.0,-5035000.0,0.0,0.0,5035000.0
27/11/2020,11168.5306708685,13000.0,0.0,0.0,10910.7953476946,11211.4865580641,10781.9276861076,12740.0,161600000.0,0.0,0.0,12740.0,161600000.0,0.0,0.0,0.0,0.0,0.0,0.0,0.0,0.0
26/11/2020,11168.5306708685,12800.0,200.0,0.015625,11125.5747836728,11168.5306708685,11082.6188964772,1520.0,19706000.0,0.0,0.0,1520.0,19706000.0,0.0,0.0,0.0,0.0,0.0,0.0,0.0,0.0
25/11/2020,10996.7071220859,12000.0,800.0,0.06666667,10696.0159117164,10996.7071220859,10610.1041373251,4700.0,58620000.0,0.0,0.0,4700.0,58620000.0,10.0,-10.0,0.0,0.0,128000.0,-128000.0,0.0,0.0
24/11/2020,10309.4129269555,12900.0,-900.0,-0.06976744,10696.0159117164,11340.3542196511,10309.4129269555,640.0,7951500.0,0.0,0.0,640.0,7951500.0,0.0,0.0,0.0,0.0,0.0,0.0,0.0,0.0
23/11/2020,11082.6188964772,12400.0,500.0,0.04032258,10481.2364757381,11082.6188964772,10481.2364757381,13060.0,161013500.0,0.0,0.0,13060.0,161013500.0,0.0,0.0,0.0,0.0,0.0,0.0,0.0,0.0
20/11/2020,10653.0600245207,12550.0,-150.0,-0.01195219,10567.1482501294,10653.0600245207,10567.1482501294,4710.0,57934500.0,0.0,0.0,4710.0,57934500.0,-1320.0,0.0,0.0,1320.0,-16236000.0,0.0,0.0,16236000.0
19/11/2020,10781.9276861076,12550.0,0.0,0.0,10781.9276861076,10781.9276861076,10781.9276861076,0.0,0.0,0.0,0.0,0.0,0.0,0.0,0.0,0.0,0.0,0.0,0.0,0.0,0.0
18/11/2020,10781.9276861076,12550.0,0.0,0.0,10781.9276861076,10781.9276861076,10781.9276861076,0.0,0.0,0.0,0.0,0.0,0.0,0.0,0.0,0.0,0.0,0.0,0.0,0.0,0.0
17/11/2020,10781.9276861076,12550.0,0.0,0.0,10610.1041373251,10824.8835733033,10610.1041373251,3040.0,38150500.0,0.0,0.0,3040.0,38150500.0,0.0,0.0,0.0,0.0,0.0,0.0,0.0,0.0
16/11/2020,10781.9276861076,12400.0,150.0,0.01209677,10781.9276861076,10781.9276861076,10781.9276861076,10.0,125500.0,0.0,0.0,10.0,125500.0,0.0,0.0,0.0,0.0,0.0,0.0,0.0,0.0
13/11/2020,10653.0600245207,12400.0,0.0,0.0,10653.0600245207,10653.0600245207,10653.0600245207,0.0,0.0,0.0,0.0,0.0,0.0,0.0,0.0,0.0,0.0,0.0,0.0,0.0,0.0
12/11/2020,10653.0600245207,12350.0,50.0,0.00404858,10738.971798912,10738.971798912,10051.6776037816,1470.0,17000000.0,0.0,0.0,1470.0,17000000.0,0.0,0.0,0.0,0.0,0.0,0.0,0.0,0.0
11/11/2020,10610.1041373251,12350.0,0.0,0.0,10180.5452653686,10610.1041373251,10051.6776037816,650.0,8000000.0,0.0,0.0,650.0,8000000.0,0.0,0.0,0.0,0.0,0.0,0.0,0.0,0.0
10/11/2020,10610.1041373251,12500.0,-150.0,-0.012,10180.5452653686,10610.1041373251,10180.5452653686,30.0,360500.0,0.0,0.0,30.0,360500.0,0.0,0.0,0.0,0.0,0.0,0.0,0.0,0.0
09/11/2020,10738.971798912,12450.0,50.0,0.00401606,10781.9276861076,10781.9276861076,10137.5893781729,30.0,368500.0,344610.0,3997476000.0,344640.0,3997844500.0,0.0,0.0,0.0,0.0,0.0,0.0,0.0,0.0
06/11/2020,10696.0159117164,12500.0,-50.0,-0.004,10781.9276861076,10781.9276861076,10137.5893781729,190.0,2263500.0,0.0,0.0,190.0,2263500.0,0.0,0.0,0.0,0.0,0.0,0.0,0.0,0.0
05/11/2020,10738.971798912,12400.0,100.0,0.00806452,9965.7658293903,10824.8835733033,9965.7658293903,300.0,3519000.0,421660.0,4933422000.0,421960.0,4936941000.0,0.0,0.0,0.0,0.0,0.0,0.0,0.0,0.0
04/11/2020,10653.0600245207,12450.0,-50.0,-0.00401606,10824.8835733033,10824.8835733033,10567.1482501294,230.0,2863000.0,0.0,0.0,230.0,2863000.0,0.0,0.0,0.0,0.0,0.0,0.0,0.0,0.0
03/11/2020,10696.0159117164,12850.0,-400.0,-0.0311284,10309.4129269555,10696.0159117164,10309.4129269555,50.0,613500.0,0.0,0.0,50.0,613500.0,0.0,0.0,0.0,0.0,0.0,0.0,0.0,0.0
02/11/2020,11039.6630092815,12500.0,350.0,0.028,11039.6630092815,11039.6630092815,11039.6630092815,60.0,771000.0,1002750.0,11732175000.0,1002810.0,11732946000.0,0.0,0.0,0.0,0.0,0.0,0.0,0.0,0.0
30/10/2020,10738.971798912,12550.0,-50.0,-0.00398406,10223.5011525642,10738.971798912,10137.5893781729,310.0,3809000.0,0.0,0.0,310.0,3809000.0,0.0,0.0,0.0,0.0,0.0,0.0,0.0,0.0
29/10/2020,10781.9276861076,12550.0,0.0,0.0,10781.9276861076,10781.9276861076,10781.9276861076,0.0,0.0,0.0,0.0,0.0,0.0,0.0,0.0,0.0,0.0,0.0,0.0,0.0,0.0
28/10/2020,10781.9276861076,12500.0,50.0,0.004,10824.8835733033,10824.8835733033,10051.6776037816,420.0,4941500.0,0.0,0.0,420.0,4941500.0,0.0,0.0,0.0,0.0,0.0,0.0,0.0,0.0
27/10/2020,10738.971798912,12550.0,-50.0,-0.00398406,10094.6334909773,10738.971798912,10094.6334909773,270.0,3217500.0,0.0,0.0,270.0,3217500.0,0.0,0.0,0.0,0.0,0.0,0.0,0.0,0.0
26/10/2020,10781.9276861076,12350.0,200.0,0.01619433,10781.9276861076,10781.9276861076,10781.9276861076,10.0,125500.0,0.0,0.0,10.0,125500.0,0.0,0.0,0.0,0.0,0.0,0.0,0.0,0.0
23/10/2020,10610.1041373251,12350.0,0.0,0.0,10610.1041373251,10610.1041373251,10610.1041373251,0.0,0.0,0.0,0.0,0.0,0.0,0.0,0.0,0.0,0.0,0.0,0.0,0.0,0.0
22/10/2020,10610.1041373251,12250.0,100.0,0.00816327,10524.1923629338,10610.1041373251,10481.2364757381,170.0,2090500.0,0.0,0.0,170.0,2090500.0,0.0,0.0,0.0,0.0,0.0,0.0,0.0,0.0
21/10/2020,10524.1923629338,12450.0,-200.0,-0.01606426,10309.4129269555,10524.1923629338,10051.6776037816,1300.0,15303000.0,0.0,0.0,1300.0,15303000.0,-840.0,0.0,0.0,840.0,-9771000.0,0.0,0.0,9771000.0
20/10/2020,10696.0159117164,12450.0,0.0,0.0,10696.0159117164,10696.0159117164,10696.0159117164,0.0,0.0,0.0,0.0,0.0,0.0,0.0,0.0,0.0,0.0,0.0,0.0,0.0,0.0
19/10/2020,10696.0159117164,12700.0,-250.0,-0.01968504,10223.5011525642,10696.0159117164,10223.5011525642,3070.0,36538500.0,0.0,0.0,3070.0,36538500.0,-3060.0,0.0,0.0,3060.0,-36414000.0,0.0,0.0,36414000.0
16/10/2020,10910.7953476946,12700.0,0.0,0.0,10910.7953476946,10910.7953476946,10910.7953476946,20.0,254000.0,0.0,0.0,20.0,254000.0,0.0,0.0,0.0,0.0,0.0,0.0,0.0,0.0
15/10/2020,10910.7953476946,12700.0,0.0,0.0,10910.7953476946,10910.7953476946,10910.7953476946,0.0,0.0,0.0,0.0,0.0,0.0,0.0,0.0,0.0,0.0,0.0,0.0,0.0,0.0
14/10/2020,10910.7953476946,12400.0,300.0,0.02419355,10653.0600245207,10953.7512348902,10481.2364757381,580.0,7263500.0,0.0,0.0,580.0,7263500.0,0.0,0.0,0.0,0.0,0.0,0.0,0.0,0.0
13/10/2020,10653.0600245207,12400.0,0.0,0.0,10653.0600245207,10653.0600245207,10653.0600245207,0.0,0.0,0.0,0.0,0.0,0.0,0.0,0.0,0.0,0.0,0.0,0.0,0.0,0.0
12/10/2020,10653.0600245207,12400.0,0.0,0.0,10653.0600245207,10653.0600245207,10653.0600245207,10.0,124000.0,0.0,0.0,10.0,124000.0,0.0,0.0,0.0,0.0,0.0,0.0,0.0,0.0
09/10/2020,10653.0600245207,12400.0,0.0,0.0,10524.1923629338,10653.0600245207,10524.1923629338,410.0,5054000.0,0.0,0.0,410.0,5054000.0,0.0,0.0,0.0,0.0,0.0,0.0,0.0,0.0
08/10/2020,10653.0600245207,12400.0,0.0,0.0,10653.0600245207,10653.0600245207,10653.0600245207,0.0,0.0,0.0,0.0,0.0,0.0,0.0,0.0,0.0,0.0,0.0,0.0,0.0,0.0
07/10/2020,10653.0600245207,12400.0,0.0,0.0,10653.0600245207,10653.0600245207,10653.0600245207,0.0,0.0,0.0,0.0,0.0,0.0,0.0,0.0,0.0,0.0,0.0,0.0,0.0,0.0
06/10/2020,10653.0600245207,12150.0,250.0,0.02057613,10395.3247013468,10738.971798912,9708.0305062164,270.0,3119000.0,0.0,0.0,270.0,3119000.0,0.0,0.0,0.0,0.0,0.0,0.0,0.0,0.0
05/10/2020,10438.2805885425,12450.0,-300.0,-0.02409639,10309.4129269555,10438.2805885425,9965.7658293903,810.0,9459500.0,0.0,0.0,810.0,9459500.0,600.0,0.0,0.0,-600.0,6938000.0,0.0,0.0,-6938000.0
02/10/2020,10696.0159117164,12700.0,-250.0,-0.01968504,10696.0159117164,10696.0159117164,10653.0600245207,100.0,1243500.0,0.0,0.0,100.0,1243500.0,-100.0,0.0,0.0,100.0,-1243500.0,0.0,0.0,1243500.0
01/10/2020,10910.7953476946,12200.0,500.0,0.04098361,11039.6630092815,11039.6630092815,10309.4129269555,2120.0,25470500.0,0.0,0.0,2120.0,25470500.0,0.0,0.0,0.0,0.0,0.0,0.0,0.0,0.0
30/09/2020,10481.2364757381,12350.0,-150.0,-0.01214575,10524.1923629338,11125.5747836728,10481.2364757381,2110.0,25754500.0,0.0,0.0,2110.0,25754500.0,0.0,0.0,0.0,0.0,0.0,0.0,0.0,0.0
29/09/2020,10610.1041373251,12350.0,0.0,0.0,10610.1041373251,10610.1041373251,10610.1041373251,0.0,0.0,0.0,0.0,0.0,0.0,0.0,0.0,0.0,0.0,0.0,0.0,0.0,0.0
28/09/2020,10610.1041373251,12450.0,-100.0,-0.00803213,9965.7658293903,10610.1041373251,9965.7658293903,50.0,587500.0,0.0,0.0,50.0,587500.0,0.0,0.0,0.0,0.0,0.0,0.0,0.0,0.0
25/09/2020,10696.0159117164,12450.0,0.0,0.0,10696.0159117164,10696.0159117164,10696.0159117164,0.0,0.0,0.0,0.0,0.0,0.0,0.0,0.0,0.0,0.0,0.0,0.0,0.0,0.0
24/09/2020,10696.0159117164,12450.0,0.0,0.0,10696.0159117164,10696.0159117164,10696.0159117164,0.0,0.0,0.0,0.0,0.0,0.0,0.0,0.0,0.0,0.0,0.0,0.0,0.0,0.0
23/09/2020,10696.0159117164,12450.0,0.0,0.0,10094.6334909773,10696.0159117164,10094.6334909773,200.0,2476000.0,0.0,0.0,200.0,2476000.0,-200.0,0.0,0.0,200.0,-2476000.0,0.0,0.0,2476000.0
22/09/2020,10696.0159117164,12650.0,-200.0,-0.01581028,10137.5893781729,10696.0159117164,10137.5893781729,260.0,3107000.0,0.0,0.0,260.0,3107000.0,180.0,0.0,0.0,-180.0,2144000.0,0.0,0.0,-2144000.0
21/09/2020,10867.8394604989,12650.0,0.0,0.0,10867.8394604989,10867.8394604989,10867.8394604989,0.0,0.0,0.0,0.0,0.0,0.0,0.0,0.0,0.0,0.0,0.0,0.0,0.0,0.0
18/09/2020,10867.8394604989,12200.0,450.0,0.03688525,9793.9422806077,10867.8394604989,9793.9422806077,350.0,4263000.0,0.0,0.0,350.0,4263000.0,0.0,0.0,0.0,0.0,0.0,0.0,0.0,0.0
17/09/2020,10481.2364757381,12450.0,-250.0,-0.02008032,9965.7658293903,10481.2364757381,9965.7658293903,30.0,354000.0,0.0,0.0,30.0,354000.0,0.0,0.0,0.0,0.0,0.0,0.0,0.0,0.0
16/09/2020,10696.0159117164,12250.0,200.0,0.01632653,10910.7953476946,10910.7953476946,9836.8981678034,60.0,709500.0,0.0,0.0,60.0,709500.0,0.0,0.0,0.0,0.0,0.0,0.0,0.0,0.0
15/09/2020,10524.1923629338,12300.0,-50.0,-0.00406504,9836.8981678034,10524.1923629338,9836.8981678034,3040.0,37074000.0,0.0,0.0,3040.0,37074000.0,0.0,0.0,0.0,0.0,0.0,0.0,0.0,0.0
14/09/2020,10567.1482501294,12700.0,-400.0,-0.03149606,10309.4129269555,10567.1482501294,10180.5452653686,60.0,725500.0,0.0,0.0,60.0,725500.0,0.0,0.0,0.0,0.0,0.0,0.0,0.0,0.0
11/09/2020,10910.7953476946,12700.0,0.0,0.0,10910.7953476946,10910.7953476946,10910.7953476946,0.0,0.0,0.0,0.0,0.0,0.0,0.0,0.0,0.0,0.0,0.0,0.0,0.0,0.0
10/09/2020,10910.7953476946,12700.0,0.0,0.0,10180.5452653686,10910.7953476946,10180.5452653686,2120.0,26184500.0,0.0,0.0,2120.0,26184500.0,-2030.0,0.0,0.0,2030.0,-25069000.0,0.0,0.0,25069000.0
09/09/2020,10910.7953476946,12700.0,0.0,0.0,10910.7953476946,10910.7953476946,10910.7953476946,0.0,0.0,0.0,0.0,0.0,0.0,0.0,0.0,0.0,0.0,0.0,0.0,0.0,0.0
08/09/2020,10910.7953476946,12250.0,450.0,0.03673469,10481.2364757381,10910.7953476946,10481.2364757381,90.0,1103000.0,0.0,0.0,90.0,1103000.0,0.0,0.0,0.0,0.0,0.0,0.0,0.0,0.0
07/09/2020,10524.1923629338,12850.0,-600.0,-0.04669261,11125.5747836728,11125.5747836728,10309.4129269555,80.0,982000.0,0.0,0.0,80.0,982000.0,0.0,0.0,0.0,0.0,0.0,0.0,0.0,0.0
04/09/2020,11039.6630092815,12650.0,200.0,0.01581028,11254.4424452598,11297.3983324554,10137.5893781729,430.0,5340000.0,0.0,0.0,430.0,5340000.0,-30.0,0.0,0.0,30.0,-354000.0,0.0,0.0,354000.0
03/09/2020,10867.8394604989,12850.0,-200.0,-0.0155642,10309.4129269555,10867.8394604989,10309.4129269555,80.0,995000.0,0.0,0.0,80.0,995000.0,0.0,0.0,0.0,0.0,0.0,0.0,0.0,0.0
01/09/2020,11039.6630092815,12850.0,0.0,0.0,11039.6630092815,11039.6630092815,11039.6630092815,0.0,0.0,0.0,0.0,0.0,0.0,0.0,0.0,0.0,0.0,0.0,0.0,0.0,0.0
31/08/2020,11039.6630092815,13350.0,-500.0,-0.03745318,10696.0159117164,11039.6630092815,10696.0159117164,20.0,253000.0,0.0,0.0,20.0,253000.0,0.0,0.0,0.0,0.0,0.0,0.0,0.0,0.0
28/08/2020,11469.221881238,13350.0,0.0,0.0,11469.221881238,11469.221881238,11469.221881238,0.0,0.0,0.0,0.0,0.0,0.0,0.0,0.0,0.0,0.0,0.0,0.0,0.0,0.0
27/08/2020,11469.221881238,12950.0,400.0,0.03088803,11125.5747836728,11512.1777684337,10352.3688141512,1830.0,23580000.0,0.0,0.0,1830.0,23580000.0,-700.0,0.0,0.0,700.0,-9310000.0,0.0,0.0,9310000.0
26/08/2020,11125.5747836728,12950.0,0.0,0.0,11125.5747836728,11125.5747836728,11125.5747836728,0.0,0.0,0.0,0.0,0.0,0.0,0.0,0.0,0.0,0.0,0.0,0.0,0.0,0.0
25/08/2020,11125.5747836728,12800.0,150.0,0.01171875,10266.4570397599,11125.5747836728,10266.4570397599,2930.0,35023500.0,0.0,0.0,2930.0,35023500.0,0.0,0.0,0.0,0.0,0.0,0.0,0.0,0.0
24/08/2020,10996.7071220859,12800.0,0.0,0.0,10996.7071220859,10996.7071220859,10996.7071220859,0.0,0.0,0.0,0.0,0.0,0.0,0.0,0.0,0.0,0.0,0.0,0.0,0.0,0.0
21/08/2020,10996.7071220859,12800.0,0.0,0.0,10996.7071220859,10996.7071220859,10996.7071220859,0.0,0.0,0.0,0.0,0.0,0.0,0.0,0.0,0.0,0.0,0.0,0.0,0.0,0.0
20/08/2020,10996.7071220859,12950.0,-150.0,-0.01158301,10996.7071220859,10996.7071220859,10996.7071220859,40.0,512000.0,0.0,0.0,40.0,512000.0,0.0,0.0,0.0,0.0,0.0,0.0,0.0,0.0
19/08/2020,11125.5747836728,12850.0,100.0,0.0077821,11125.5747836728,11125.5747836728,11082.6188964772,120.0,1549000.0,0.0,0.0,120.0,1549000.0,100.0,0.0,0.0,-100.0,1290000.0,0.0,0.0,-1290000.0
18/08/2020,11039.6630092815,12850.0,0.0,0.0,11039.6630092815,11039.6630092815,11039.6630092815,0.0,0.0,0.0,0.0,0.0,0.0,0.0,0.0,0.0,0.0,0.0,0.0,0.0,0.0
17/08/2020,11039.6630092815,12900.0,-50.0,-0.00387597,11125.5747836728,11125.5747836728,11039.6630092815,160.0,2057000.0,0.0,0.0,160.0,2057000.0,0.0,0.0,0.0,0.0,0.0,0.0,0.0,0.0
14/08/2020,11082.6188964772,12900.0,0.0,0.0,11082.6188964772,11082.6188964772,11082.6188964772,0.0,0.0,0.0,0.0,0.0,0.0,0.0,0.0,0.0,0.0,0.0,0.0,0.0,0.0
13/08/2020,11082.6188964772,12900.0,0.0,0.0,11082.6188964772,11082.6188964772,11082.6188964772,0.0,0.0,0.0,0.0,0.0,0.0,0.0,0.0,0.0,0.0,0.0,0.0,0.0,0.0
12/08/2020,11082.6188964772,12900.0,0.0,0.0,11082.6188964772,11082.6188964772,11082.6188964772,0.0,0.0,0.0,0.0,0.0,0.0,0.0,0.0,0.0,0.0,0.0,0.0,0.0,0.0
11/08/2020,11082.6188964772,12450.0,450.0,0.03614458,11082.6188964772,11082.6188964772,11082.6188964772,10.0,129000.0,0.0,0.0,10.0,129000.0,0.0,0.0,0.0,0.0,0.0,0.0,0.0,0.0
10/08/2020,10696.0159117164,12200.0,250.0,0.0204918,10696.0159117164,10696.0159117164,10696.0159117164,50.0,622500.0,0.0,0.0,50.0,622500.0,0.0,0.0,0.0,0.0,0.0,0.0,0.0,0.0
07/08/2020,10481.2364757381,12200.0,0.0,0.0,10481.2364757381,10481.2364757381,10481.2364757381,0.0,0.0,0.0,0.0,0.0,0.0,0.0,0.0,0.0,0.0,0.0,0.0,0.0,0.0
06/08/2020,10481.2364757381,12200.0,0.0,0.0,10481.2364757381,10481.2364757381,10481.2364757381,0.0,0.0,0.0,0.0,0.0,0.0,0.0,0.0,0.0,0.0,0.0,0.0,0.0,0.0
05/08/2020,10481.2364757381,12200.0,0.0,0.0,10481.2364757381,10481.2364757381,10481.2364757381,0.0,0.0,0.0,0.0,0.0,0.0,0.0,0.0,0.0,0.0,0.0,0.0,0.0,0.0
04/08/2020,10481.2364757381,11800.0,400.0,0.03389831,10481.2364757381,10481.2364757381,10481.2364757381,10.0,122000.0,0.0,0.0,10.0,122000.0,0.0,0.0,0.0,0.0,0.0,0.0,0.0,0.0
03/08/2020,10137.5893781729,11500.0,300.0,0.02608696,10137.5893781729,10137.5893781729,10137.5893781729,10.0,118000.0,0.0,0.0,10.0,118000.0,0.0,0.0,0.0,0.0,0.0,0.0,0.0,0.0
31/07/2020,9879.854054999,11950.0,-450.0,-0.0376569,10696.0159117164,10696.0159117164,9879.854054999,20.0,239500.0,0.0,0.0,20.0,239500.0,0.0,0.0,0.0,0.0,0.0,0.0,0.0,0.0
30/07/2020,10266.4570397599,12000.0,-50.0,-0.00416667,9879.854054999,10266.4570397599,9879.854054999,90.0,1039500.0,0.0,0.0,90.0,1039500.0,0.0,0.0,0.0,0.0,0.0,0.0,0.0,0.0
29/07/2020,10309.4129269555,11700.0,300.0,0.02564103,10309.4129269555,10309.4129269555,10309.4129269555,10.0,120000.0,0.0,0.0,10.0,120000.0,0.0,0.0,0.0,0.0,0.0,0.0,0.0,0.0
28/07/2020,10051.6776037816,11500.0,200.0,0.0173913,10051.6776037816,10051.6776037816,10051.6776037816,10.0,117000.0,0.0,0.0,10.0,117000.0,0.0,0.0,0.0,0.0,0.0,0.0,0.0,0.0
27/07/2020,9879.854054999,11800.0,-300.0,-0.02542373,10137.5893781729,10524.1923629338,9879.854054999,810.0,9360500.0,0.0,0.0,810.0,9360500.0,30.0,0.0,0.0,-30.0,364500.0,0.0,0.0,-364500.0
24/07/2020,10137.5893781729,11800.0,0.0,0.0,10137.5893781729,10137.5893781729,10137.5893781729,0.0,0.0,0.0,0.0,0.0,0.0,0.0,0.0,0.0,0.0,0.0,0.0,0.0,0.0
23/07/2020,10137.5893781729,11800.0,0.0,0.0,10137.5893781729,10137.5893781729,10137.5893781729,0.0,0.0,0.0,0.0,0.0,0.0,0.0,0.0,0.0,0.0,0.0,0.0,0.0,0.0
22/07/2020,10137.5893781729,11400.0,400.0,0.03508772,10137.5893781729,10137.5893781729,9793.9422806077,130.0,1494000.0,0.0,0.0,130.0,1494000.0,0.0,0.0,0.0,0.0,0.0,0.0,0.0,0.0
21/07/2020,9793.9422806077,11400.0,0.0,0.0,9793.9422806077,9793.9422806077,9793.9422806077,0.0,0.0,0.0,0.0,0.0,0.0,0.0,0.0,0.0,0.0,0.0,0.0,0.0,0.0
20/07/2020,9793.9422806077,11150.0,250.0,0.02242152,9278.47163426,9793.9422806077,9278.47163426,110.0,1218000.0,0.0,0.0,110.0,1218000.0,-60.0,0.0,0.0,60.0,-648000.0,0.0,0.0,648000.0
17/07/2020,9579.1628446295,10950.0,200.0,0.01826484,9579.1628446295,9579.1628446295,8934.8245366948,290.0,3173500.0,0.0,0.0,290.0,3173500.0,-240.0,0.0,0.0,240.0,-2620000.0,0.0,0.0,2620000.0
16/07/2020,9407.3392958469,10950.0,0.0,0.0,9407.3392958469,9407.3392958469,9407.3392958469,0.0,0.0,0.0,0.0,0.0,0.0,0.0,0.0,0.0,0.0,0.0,0.0,0.0,0.0
15/07/2020,9407.3392958469,11050.0,-100.0,-0.00904977,8848.9127623035,9407.3392958469,8848.9127623035,20.0,212500.0,0.0,0.0,20.0,212500.0,0.0,0.0,0.0,0.0,0.0,0.0,0.0,0.0
14/07/2020,9493.2510702382,10900.0,150.0,0.01376147,9536.2069574339,9536.2069574339,8763.0009879122,50.0,536000.0,0.0,0.0,50.0,536000.0,0.0,0.0,0.0,0.0,0.0,0.0,0.0,0.0
13/07/2020,9364.3834086513,10900.0,0.0,0.0,9364.3834086513,9364.3834086513,9364.3834086513,0.0,0.0,0.0,0.0,0.0,0.0,0.0,0.0,0.0,0.0,0.0,0.0,0.0,0.0
10/07/2020,9364.3834086513,10800.0,100.0,0.00925926,9407.3392958469,9407.3392958469,8805.9568751078,640.0,6586500.0,0.0,0.0,640.0,6586500.0,0.0,0.0,0.0,0.0,0.0,0.0,0.0,0.0
09/07/2020,9278.47163426,10900.0,-100.0,-0.00917431,8720.0451007165,9278.47163426,8720.0451007165,1900.0,20121500.0,0.0,0.0,1900.0,20121500.0,0.0,0.0,0.0,0.0,0.0,0.0,0.0,0.0
08/07/2020,9364.3834086513,11050.0,-150.0,-0.01357466,9192.5598598687,9364.3834086513,9192.5598598687,110.0,1179000.0,0.0,0.0,110.0,1179000.0,0.0,0.0,0.0,0.0,0.0,0.0,0.0,0.0
07/07/2020,9493.2510702382,11150.0,-100.0,-0.00896861,8934.8245366948,9493.2510702382,8934.8245366948,20.0,214500.0,0.0,0.0,20.0,214500.0,0.0,0.0,0.0,0.0,0.0,0.0,0.0,0.0
06/07/2020,9579.1628446295,11150.0,0.0,0.0,9579.1628446295,9579.1628446295,9579.1628446295,0.0,0.0,0.0,0.0,0.0,0.0,0.0,0.0,0.0,0.0,0.0,0.0,0.0,0.0
03/07/2020,9579.1628446295,11200.0,-50.0,-0.00446429,8977.7804238904,9579.1628446295,8977.7804238904,620.0,6524000.0,0.0,0.0,620.0,6524000.0,0.0,0.0,0.0,0.0,0.0,0.0,0.0,0.0
02/07/2020,9622.1187318252,11150.0,50.0,0.0044843,9622.1187318252,9622.1187318252,9536.2069574339,120.0,1334000.0,0.0,0.0,120.0,1334000.0,-100.0,0.0,0.0,0.0,-1110000.0,0.0,0.0,0.0
01/07/2020,9579.1628446295,11150.0,0.0,0.0,9579.1628446295,9579.1628446295,9579.1628446295,0.0,0.0,0.0,0.0,0.0,0.0,0.0,0.0,0.0,0.0,0.0,0.0,0.0,0.0
30/06/2020,9579.1628446295,10650.0,500.0,0.04694836,9579.1628446295,9579.1628446295,9579.1628446295,10.0,111500.0,0.0,0.0,10.0,111500.0,0.0,0.0,0.0,0.0,0.0,0.0,0.0,0.0
29/06/2020,9149.603972673,10750.0,-100.0,-0.00930233,8763.0009879122,9149.603972673,8763.0009879122,210.0,2146500.0,0.0,0.0,210.0,2146500.0,0.0,0.0,0.0,0.0,0.0,0.0,0.0,0.0
26/06/2020,9235.5157470643,10950.0,-200.0,-0.01826484,9235.5157470643,9235.5157470643,9235.5157470643,10.0,107500.0,0.0,0.0,10.0,107500.0,0.0,0.0,0.0,0.0,0.0,0.0,0.0,0.0
25/06/2020,9407.3392958469,10900.0,50.0,0.00458716,9407.3392958469,9407.3392958469,9407.3392958469,10.0,109500.0,0.0,0.0,10.0,109500.0,0.0,0.0,0.0,0.0,0.0,0.0,0.0,0.0
24/06/2020,9364.3834086513,10900.0,0.0,0.0,9364.3834086513,9364.3834086513,9364.3834086513,0.0,0.0,0.0,0.0,0.0,0.0,0.0,0.0,0.0,0.0,0.0,0.0,0.0,0.0
23/06/2020,9364.3834086513,10650.0,250.0,0.02347418,9149.603972673,9450.2951830426,9020.7363110861,130.0,1389000.0,0.0,0.0,130.0,1389000.0,0.0,0.0,0.0,0.0,0.0,0.0,0.0,0.0
22/06/2020,9149.603972673,10650.0,0.0,0.0,9149.603972673,9149.603972673,9149.603972673,0.0,0.0,0.0,0.0,0.0,0.0,0.0,0.0,0.0,0.0,0.0,0.0,0.0,0.0
19/06/2020,9149.603972673,10650.0,0.0,0.0,9149.603972673,9149.603972673,9149.603972673,0.0,0.0,0.0,0.0,0.0,0.0,0.0,0.0,0.0,0.0,0.0,0.0,0.0,0.0
18/06/2020,9149.603972673,10650.0,0.0,0.0,9149.603972673,9149.603972673,9149.603972673,0.0,0.0,0.0,0.0,0.0,0.0,0.0,0.0,0.0,0.0,0.0,0.0,0.0,0.0
17/06/2020,9149.603972673,10650.0,0.0,0.0,9149.603972673,9149.603972673,9149.603972673,0.0,0.0,0.0,0.0,0.0,0.0,0.0,0.0,0.0,0.0,0.0,0.0,0.0,0.0
16/06/2020,9149.603972673,10800.0,-150.0,-0.01388889,9020.7363110861,9149.603972673,9020.7363110861,210.0,2206500.0,0.0,0.0,210.0,2206500.0,0.0,0.0,0.0,0.0,0.0,0.0,0.0,0.0
15/06/2020,9278.47163426,10800.0,0.0,0.0,9278.47163426,9278.47163426,9278.47163426,0.0,0.0,0.0,0.0,0.0,0.0,0.0,0.0,0.0,0.0,0.0,0.0,0.0,0.0
12/06/2020,9278.47163426,10800.0,0.0,0.0,8677.0892135209,9278.47163426,8677.0892135209,490.0,4956000.0,0.0,0.0,490.0,4956000.0,0.0,0.0,0.0,0.0,0.0,0.0,0.0,0.0
11/06/2020,9278.47163426,11000.0,-200.0,-0.01818182,9450.2951830426,9622.1187318252,8805.9568751078,1440.0,14798500.0,0.0,0.0,1440.0,14798500.0,0.0,0.0,0.0,0.0,0.0,0.0,0.0,0.0
10/06/2020,9450.2951830426,11250.0,-250.0,-0.02222222,9364.3834086513,9665.0746190208,9020.7363110861,3970.0,43639500.0,0.0,0.0,3970.0,43639500.0,0.0,0.0,0.0,0.0,0.0,0.0,0.0,0.0
09/06/2020,9665.0746190208,10600.0,650.0,0.06132075,8548.221551934,9665.0746190208,8548.221551934,6040.0,62204000.0,0.0,0.0,6040.0,62204000.0,790.0,0.0,0.0,0.0,8474000.0,0.0,0.0,0.0
08/06/2020,9106.6480854774,10600.0,0.0,0.0,8505.2656647383,9106.6480854774,8505.2656647383,2170.0,22385600.0,0.0,0.0,2170.0,22385600.0,0.0,0.0,0.0,0.0,0.0,0.0,0.0,0.0
05/06/2020,9106.6480854774,10600.0,0.0,0.0,9106.6480854774,9106.6480854774,9106.6480854774,50.0,530000.0,0.0,0.0,50.0,530000.0,0.0,0.0,0.0,0.0,0.0,0.0,0.0,0.0
04/06/2020,9106.6480854774,10600.0,0.0,0.0,9020.7363110861,9106.6480854774,9020.7363110861,2290.0,24047000.0,0.0,0.0,2290.0,24047000.0,10.0,0.0,0.0,0.0,106000.0,0.0,0.0,0.0
03/06/2020,9106.6480854774,10600.0,0.0,0.0,8513.8568421774,9106.6480854774,8505.2656647383,550.0,5579000.0,0.0,0.0,550.0,5579000.0,0.0,0.0,0.0,0.0,0.0,0.0,0.0,0.0
02/06/2020,9106.6480854774,10600.0,0.0,0.0,8505.2656647383,9106.6480854774,8505.2656647383,130.0,1360000.0,0.0,0.0,130.0,1360000.0,10.0,0.0,0.0,0.0,100000.0,0.0,0.0,0.0
01/06/2020,9106.6480854774,10600.0,0.0,0.0,9407.3392958469,9407.3392958469,8591.1774391296,930.0,9471500.0,0.0,0.0,930.0,9471500.0,300.0,0.0,0.0,-300.0,3150000.0,0.0,0.0,-3150000.0
29/05/2020,9106.6480854774,10600.0,0.0,0.0,9106.6480854774,9106.6480854774,9106.6480854774,0.0,0.0,0.0,0.0,0.0,0.0,0.0,0.0,0.0,0.0,0.0,0.0,0.0,0.0
28/05/2020,9106.6480854774,11000.0,-400.0,-0.03636364,9106.6480854774,9106.6480854774,9106.6480854774,1000.0,10600000.0,0.0,0.0,1000.0,10600000.0,0.0,0.0,0.0,0.0,0.0,0.0,0.0,0.0
27/05/2020,9450.2951830426,10400.0,600.0,0.05769231,9450.2951830426,9450.2951830426,9450.2951830426,10.0,110000.0,0.0,0.0,10.0,110000.0,0.0,0.0,0.0,0.0,0.0,0.0,0.0,0.0
26/05/2020,8934.8245366948,10600.0,-200.0,-0.01886792,8505.2656647383,9106.6480854774,8505.2656647383,1080.0,11000000.0,0.0,0.0,1080.0,11000000.0,0.0,0.0,0.0,0.0,0.0,0.0,0.0,0.0
25/05/2020,9106.6480854774,10600.0,0.0,0.0,9106.6480854774,9106.6480854774,9106.6480854774,0.0,0.0,0.0,0.0,0.0,0.0,0.0,0.0,0.0,0.0,0.0,0.0,0.0,0.0
22/05/2020,9106.6480854774,10450.0,150.0,0.01435407,9149.603972673,9149.603972673,8462.3097775427,970.0,10108000.0,0.0,0.0,970.0,10108000.0,-200.0,0.0,0.0,200.0,-2090000.0,0.0,0.0,2090000.0
21/05/2020,8977.7804238904,9800.0,650.0,0.06632653,8977.7804238904,8977.7804238904,8763.0009879122,730.0,7587000.0,0.0,0.0,730.0,7587000.0,290.0,0.0,0.0,-290.0,3030500.0,0.0,0.0,-3030500.0
20/05/2020,8419.353890347,10500.0,-700.0,-0.06666667,8677.0892135209,9622.1187318252,8419.353890347,9250.0,90942000.0,0.0,0.0,9250.0,90942000.0,8600.0,0.0,0.0,-8610.0,84210000.0,0.0,0.0,-84308000.0
19/05/2020,9020.7363110861,11000.0,-500.0,-0.04545455,9020.7363110861,9020.7363110861,9020.7363110861,10.0,105000.0,0.0,0.0,10.0,105000.0,0.0,0.0,0.0,0.0,0.0,0.0,0.0,0.0
18/05/2020,9450.2951830426,10300.0,700.0,0.06796117,9450.2951830426,9450.2951830426,9450.2951830426,10.0,110000.0,0.0,0.0,10.0,110000.0,0.0,0.0,0.0,0.0,0.0,0.0,0.0,0.0
15/05/2020,8848.9127623035,11000.0,-700.0,-0.06363636,9450.2951830426,9450.2951830426,8848.9127623035,300.0,3265000.0,0.0,0.0,300.0,3265000.0,-50.0,0.0,0.0,50.0,-515000.0,0.0,0.0,515000.0
14/05/2020,9450.2951830426,10800.0,200.0,0.01851852,9192.5598598687,9450.2951830426,9192.5598598687,120.0,1289500.0,0.0,0.0,120.0,1289500.0,-10.0,0.0,0.0,50.0,-107000.0,0.0,0.0,535000.0
13/05/2020,9278.47163426,10200.0,600.0,0.05882353,8677.0892135209,9364.3834086513,8677.0892135209,2510.0,25368000.0,0.0,0.0,2510.0,25368000.0,2480.0,0.0,0.0,-2470.0,25056000.0,0.0,0.0,-24947000.0
12/05/2020,8763.0009879122,10950.0,-750.0,-0.06849315,8763.0009879122,8763.0009879122,8763.0009879122,5090.0,51918000.0,0.0,0.0,5090.0,51918000.0,3590.0,0.0,0.0,-3690.0,36618000.0,0.0,0.0,-37638000.0
11/05/2020,9407.3392958469,10950.0,0.0,0.0,9407.3392958469,9407.3392958469,9407.3392958469,0.0,0.0,0.0,0.0,0.0,0.0,0.0,0.0,0.0,0.0,0.0,0.0,0.0,0.0
08/05/2020,9407.3392958469,10800.0,150.0,0.01388889,9450.2951830426,9450.2951830426,9364.3834086513,50.0,547000.0,0.0,0.0,50.0,547000.0,0.0,0.0,0.0,0.0,0.0,0.0,0.0,0.0
07/05/2020,9278.47163426,10800.0,0.0,0.0,9278.47163426,9278.47163426,9278.47163426,0.0,0.0,0.0,0.0,0.0,0.0,0.0,0.0,0.0,0.0,0.0,0.0,0.0,0.0
06/05/2020,9278.47163426,10750.0,50.0,0.00465116,8591.1774391296,9278.47163426,8591.1774391296,30.0,314500.0,0.0,0.0,30.0,314500.0,10.0,0.0,0.0,0.0,100000.0,0.0,0.0,0.0
05/05/2020,9235.5157470643,10750.0,0.0,0.0,9235.5157470643,9235.5157470643,9235.5157470643,10.0,107500.0,0.0,0.0,10.0,107500.0,0.0,0.0,0.0,0.0,0.0,0.0,0.0,0.0
04/05/2020,9235.5157470643,10850.0,-100.0,-0.00921659,8720.0451007165,9235.5157470643,8677.0892135209,1190.0,12026000.0,0.0,0.0,1190.0,12026000.0,1180.0,0.0,0.0,0.0,11918500.0,0.0,0.0,0.0
29/04/2020,9321.4275214556,11400.0,-550.0,-0.04824561,9708.0305062164,9708.0305062164,9321.4275214556,20.0,221500.0,0.0,0.0,20.0,221500.0,-10.0,0.0,0.0,0.0,-113000.0,0.0,0.0,0.0
28/04/2020,9793.9422806077,10850.0,550.0,0.05069124,9793.9422806077,9793.9422806077,9793.9422806077,10.0,114000.0,0.0,0.0,10.0,114000.0,0.0,0.0,0.0,0.0,0.0,0.0,0.0,0.0
27/04/2020,9321.4275214556,10300.0,550.0,0.05339806,9364.3834086513,9364.3834086513,8505.2656647383,350.0,3605000.0,0.0,0.0,350.0,3605000.0,-110.0,0.0,0.0,110.0,-1199000.0,0.0,0.0,1199000.0
24/04/2020,8848.9127623035,10000.0,300.0,0.03,9149.603972673,9149.603972673,8848.9127623035,300.0,3093500.0,0.0,0.0,300.0,3093500.0,0.0,0.0,0.0,0.0,0.0,0.0,0.0,0.0
23/04/2020,8591.1774391296,10100.0,-100.0,-0.00990099,9192.5598598687,9192.5598598687,8591.1774391296,1010.0,10107000.0,0.0,0.0,1010.0,10107000.0,0.0,0.0,0.0,0.0,0.0,0.0,0.0,0.0
22/04/2020,8677.0892135209,10100.0,0.0,0.0,8677.0892135209,8677.0892135209,8677.0892135209,500.0,5000000.0,0.0,0.0,500.0,5000000.0,0.0,0.0,0.0,0.0,0.0,0.0,0.0,0.0
21/04/2020,8677.0892135209,10700.0,-600.0,-0.05607477,9450.2951830426,9450.2951830426,8677.0892135209,7020.0,71000000.0,0.0,0.0,7020.0,71000000.0,0.0,0.0,0.0,0.0,0.0,0.0,0.0,0.0
20/04/2020,9192.5598598687,11450.0,-750.0,-0.06550218,9450.2951830426,9708.0305062164,9149.603972673,5990.0,64000000.0,0.0,0.0,5990.0,64000000.0,-1180.0,0.0,0.0,0.0,-12922000.0,0.0,0.0,0.0
17/04/2020,9836.8981678034,11450.0,0.0,0.0,9836.8981678034,9836.8981678034,9836.8981678034,0.0,0.0,0.0,0.0,0.0,0.0,0.0,0.0,0.0,0.0,0.0,0.0,0.0,0.0
16/04/2020,9836.8981678034,11450.0,0.0,0.0,9836.8981678034,9836.8981678034,9836.8981678034,0.0,0.0,0.0,0.0,0.0,0.0,0.0,0.0,0.0,0.0,0.0,0.0,0.0,0.0
15/04/2020,9836.8981678034,11450.0,0.0,0.0,9836.8981678034,9836.8981678034,9836.8981678034,0.0,0.0,0.0,0.0,0.0,0.0,0.0,0.0,0.0,0.0,0.0,0.0,0.0,0.0
14/04/2020,9836.8981678034,11200.0,250.0,0.02232143,8977.7804238904,9836.8981678034,8977.7804238904,340.0,4000000.0,0.0,0.0,340.0,4000000.0,-50.0,0.0,0.0,0.0,-522500.0,0.0,0.0,0.0
13/04/2020,9622.1187318252,11200.0,0.0,0.0,9622.1187318252,9622.1187318252,9020.7363110861,1520.0,17000000.0,0.0,0.0,1520.0,17000000.0,0.0,0.0,0.0,0.0,0.0,0.0,0.0,0.0
10/04/2020,9622.1187318252,11400.0,-200.0,-0.01754386,9622.1187318252,9622.1187318252,9622.1187318252,100.0,1000000.0,0.0,0.0,100.0,1000000.0,0.0,0.0,0.0,0.0,0.0,0.0,0.0,0.0
09/04/2020,9793.9422806077,11400.0,0.0,0.0,9793.9422806077,9793.9422806077,9793.9422806077,0.0,0.0,0.0,0.0,0.0,0.0,0.0,0.0,0.0,0.0,0.0,0.0,0.0,0.0
08/04/2020,9793.9422806077,11800.0,-400.0,-0.03389831,9450.2951830426,9793.9422806077,9450.2951830426,60.0,664000.0,0.0,0.0,60.0,664000.0,0.0,0.0,0.0,0.0,0.0,0.0,0.0,0.0
07/04/2020,10137.5893781729,11800.0,0.0,0.0,10137.5893781729,10137.5893781729,10137.5893781729,0.0,0.0,0.0,0.0,0.0,0.0,0.0,0.0,0.0,0.0,0.0,0.0,0.0,0.0
06/04/2020,10137.5893781729,11800.0,0.0,0.0,10137.5893781729,10137.5893781729,10137.5893781729,0.0,0.0,0.0,0.0,0.0,0.0,0.0,0.0,0.0,0.0,0.0,0.0,0.0,0.0
03/04/2020,10137.5893781729,12000.0,-200.0,-0.01666667,10137.5893781729,10137.5893781729,10137.5893781729,10.0,120000.0,0.0,0.0,10.0,120000.0,0.0,0.0,0.0,0.0,0.0,0.0,0.0,0.0
01/04/2020,10309.4129269555,12000.0,0.0,0.0,10309.4129269555,10309.4129269555,10309.4129269555,0.0,0.0,0.0,0.0,0.0,0.0,0.0,0.0,0.0,0.0,0.0,0.0,0.0,0.0
31/03/2020,10309.4129269555,11450.0,550.0,0.04803493,9149.603972673,10309.4129269555,9149.603972673,320.0,4000000.0,0.0,0.0,320.0,4000000.0,-10.0,0.0,0.0,0.0,-106500.0,0.0,0.0,0.0
30/03/2020,9836.8981678034,11450.0,0.0,0.0,9836.8981678034,9836.8981678034,9836.8981678034,0.0,0.0,0.0,0.0,0.0,0.0,0.0,0.0,0.0,0.0,0.0,0.0,0.0,0.0
27/03/2020,9836.8981678034,11750.0,-300.0,-0.02553191,9407.3392958469,9836.8981678034,9407.3392958469,30.0,340000.0,0.0,0.0,30.0,340000.0,0.0,0.0,0.0,0.0,0.0,0.0,0.0,0.0
26/03/2020,10094.6334909773,11000.0,750.0,0.06818182,8805.9568751078,10094.6334909773,8805.9568751078,760.0,8000000.0,0.0,0.0,760.0,8000000.0,0.0,0.0,0.0,0.0,0.0,0.0,0.0,0.0
25/03/2020,9450.2951830426,10950.0,50.0,0.00456621,9450.2951830426,9450.2951830426,9450.2951830426,10.0,110000.0,0.0,0.0,10.0,110000.0,0.0,0.0,0.0,0.0,0.0,0.0,0.0,0.0
24/03/2020,9407.3392958469,10900.0,50.0,0.00458716,8720.0451007165,9407.3392958469,8720.0451007165,540.0,6000000.0,0.0,0.0,540.0,6000000.0,0.0,0.0,0.0,0.0,0.0,0.0,0.0,0.0
23/03/2020,9364.3834086513,11000.0,-100.0,-0.00909091,9622.1187318252,9622.1187318252,8805.9568751078,680.0,7000000.0,0.0,0.0,680.0,7000000.0,0.0,0.0,0.0,0.0,0.0,0.0,0.0,0.0
20/03/2020,9450.2951830426,11000.0,0.0,0.0,8805.9568751078,9622.1187318252,8805.9568751078,330.0,3000000.0,0.0,0.0,330.0,3000000.0,0.0,0.0,0.0,0.0,0.0,0.0,0.0,0.0
19/03/2020,9450.2951830426,11250.0,-250.0,-0.02222222,9020.7363110861,9450.2951830426,9020.7363110861,250.0,3000000.0,0.0,0.0,250.0,3000000.0,40.0,0.0,0.0,-40.0,420000.0,0.0,0.0,-420000.0
18/03/2020,9665.0746190208,11000.0,250.0,0.02272727,8805.9568751078,9665.0746190208,8805.9568751078,1740.0,18000000.0,0.0,0.0,1740.0,18000000.0,0.0,0.0,0.0,0.0,0.0,0.0,0.0,0.0
17/03/2020,9450.2951830426,11400.0,-400.0,-0.03508772,9450.2951830426,9450.2951830426,9450.2951830426,40.0,440000.0,0.0,0.0,40.0,440000.0,0.0,0.0,0.0,0.0,0.0,0.0,0.0,0.0
16/03/2020,9793.9422806077,10750.0,650.0,0.06046512,8591.1774391296,9879.854054999,8591.1774391296,120.0,1000000.0,0.0,0.0,120.0,1000000.0,0.0,0.0,0.0,0.0,0.0,0.0,0.0,0.0
13/03/2020,9235.5157470643,10650.0,100.0,0.00938967,8591.1774391296,9321.4275214556,8591.1774391296,2270.0,24000000.0,0.0,0.0,2270.0,24000000.0,260.0,0.0,0.0,-60.0,2603000.0,0.0,0.0,-603000.0
12/03/2020,9149.603972673,11450.0,-800.0,-0.069869,9149.603972673,9708.0305062164,9149.603972673,21100.0,225000000.0,0.0,0.0,21100.0,225000000.0,-19870.0,0.0,0.0,19870.0,-211613500.0,0.0,0.0,211613500.0
11/03/2020,9836.8981678034,11150.0,300.0,0.02690583,9063.6921982817,9836.8981678034,9063.6921982817,30.0,330000.0,0.0,0.0,30.0,330000.0,0.0,0.0,0.0,0.0,0.0,0.0,0.0,0.0
10/03/2020,9579.1628446295,11950.0,-800.0,-0.06694561,9579.1628446295,10223.5011525642,9579.1628446295,220.0,3000000.0,0.0,0.0,220.0,3000000.0,140.0,0.0,0.0,-30.0,1610500.0,0.0,0.0,-334500.0
09/03/2020,10266.4570397599,11500.0,450.0,0.03913043,9450.2951830426,10266.4570397599,9192.5598598687,2370.0,26000000.0,0.0,0.0,2370.0,26000000.0,200.0,0.0,0.0,0.0,2200000.0,0.0,0.0,0.0
06/03/2020,9879.854054999,11850.0,-350.0,-0.02953587,10266.4570397599,10266.4570397599,9536.2069574339,1770.0,20000000.0,0.0,0.0,1770.0,20000000.0,90.0,0.0,0.0,0.0,1037000.0,0.0,0.0,0.0
05/03/2020,10180.5452653686,11950.0,-100.0,-0.0083682,9750.9863934121,10266.4570397599,9750.9863934121,160.0,2000000.0,0.0,0.0,160.0,2000000.0,0.0,0.0,0.0,0.0,0.0,0.0,0.0,0.0
04/03/2020,10266.4570397599,12050.0,-100.0,-0.00829876,9793.9422806077,10266.4570397599,9793.9422806077,210.0,2000000.0,0.0,0.0,210.0,2000000.0,100.0,0.0,0.0,0.0,1140000.0,0.0,0.0,0.0
03/03/2020,10352.3688141512,12950.0,-900.0,-0.06949807,10352.3688141512,10352.3688141512,10352.3688141512,530.0,6000000.0,0.0,0.0,530.0,6000000.0,0.0,0.0,0.0,0.0,0.0,0.0,0.0,0.0
02/03/2020,11125.5747836728,12950.0,0.0,0.0,11125.5747836728,11125.5747836728,11125.5747836728,0.0,0.0,0.0,0.0,0.0,0.0,0.0,0.0,0.0,0.0,0.0,0.0,0.0,0.0
28/02/2020,11125.5747836728,12950.0,0.0,0.0,11125.5747836728,11125.5747836728,11125.5747836728,0.0,0.0,0.0,0.0,0.0,0.0,0.0,0.0,0.0,0.0,0.0,0.0,0.0,0.0
27/02/2020,11125.5747836728,12950.0,0.0,0.0,11125.5747836728,11125.5747836728,11125.5747836728,0.0,0.0,0.0,0.0,0.0,0.0,0.0,0.0,0.0,0.0,0.0,0.0,0.0,0.0
26/02/2020,11125.5747836728,13250.0,-300.0,-0.02264151,11469.221881238,11469.221881238,10653.0600245207,220.0,3000000.0,0.0,0.0,220.0,3000000.0,-200.0,0.0,0.0,0.0,-2480000.0,0.0,0.0,0.0
25/02/2020,11383.3101068467,13250.0,0.0,0.0,11383.3101068467,11383.3101068467,11383.3101068467,0.0,0.0,0.0,0.0,0.0,0.0,0.0,0.0,0.0,0.0,0.0,0.0,0.0,0.0
24/02/2020,11383.3101068467,12400.0,850.0,0.06854839,11383.3101068467,11383.3101068467,11383.3101068467,3000.0,40000000.0,0.0,0.0,3000.0,40000000.0,0.0,0.0,0.0,0.0,0.0,0.0,0.0,0.0
21/02/2020,10653.0600245207,12700.0,-300.0,-0.02362205,10223.5011525642,10653.0600245207,10180.5452653686,710.0,8000000.0,0.0,0.0,710.0,8000000.0,-190.0,0.0,0.0,0.0,-2261000.0,0.0,0.0,0.0
20/02/2020,10910.7953476946,11900.0,800.0,0.06722689,9879.854054999,10910.7953476946,9879.854054999,6710.0,84000000.0,0.0,0.0,6710.0,84000000.0,-140.0,-140.0,0.0,0.0,-1442000.0,-1778000.0,0.0,0.0
19/02/2020,10223.5011525642,12400.0,-500.0,-0.04032258,9965.7658293903,10653.0600245207,9965.7658293903,150.0,2000000.0,0.0,0.0,150.0,2000000.0,40.0,0.0,0.0,-40.0,464000.0,0.0,0.0,-464000.0
18/02/2020,10653.0600245207,12450.0,-50.0,-0.00401606,9965.7658293903,10653.0600245207,9965.7658293903,30.0,360000.0,0.0,0.0,30.0,360000.0,0.0,0.0,0.0,0.0,0.0,0.0,0.0,0.0
17/02/2020,10696.0159117164,12650.0,-200.0,-0.01581028,10696.0159117164,10696.0159117164,10696.0159117164,10.0,120000.0,0.0,0.0,10.0,120000.0,0.0,0.0,0.0,0.0,0.0,0.0,0.0,0.0
14/02/2020,10867.8394604989,12500.0,150.0,0.012,10867.8394604989,10867.8394604989,10867.8394604989,40.0,1000000.0,0.0,0.0,40.0,1000000.0,0.0,0.0,0.0,0.0,0.0,0.0,0.0,0.0
13/02/2020,10738.971798912,12500.0,0.0,0.0,10953.7512348902,10953.7512348902,10696.0159117164,50.0,1000000.0,0.0,0.0,50.0,1000000.0,0.0,0.0,0.0,0.0,0.0,0.0,0.0,0.0
12/02/2020,10738.971798912,12700.0,-200.0,-0.01574803,10180.5452653686,10738.971798912,10180.5452653686,1210.0,14000000.0,0.0,0.0,1210.0,14000000.0,0.0,0.0,0.0,0.0,0.0,0.0,0.0,0.0
11/02/2020,10910.7953476946,12800.0,-100.0,-0.0078125,10266.4570397599,10910.7953476946,10266.4570397599,120.0,1000000.0,0.0,0.0,120.0,1000000.0,0.0,0.0,0.0,0.0,0.0,0.0,0.0,0.0
10/02/2020,10996.7071220859,12900.0,-100.0,-0.00775194,10309.4129269555,10996.7071220859,10309.4129269555,30.0,0.0,0.0,0.0,30.0,0.0,0.0,0.0,0.0,0.0,0.0,0.0,0.0,0.0
07/02/2020,11082.6188964772,12700.0,200.0,0.01574803,11125.5747836728,11125.5747836728,11082.6188964772,60.0,1000000.0,0.0,0.0,60.0,1000000.0,-30.0,0.0,0.0,0.0,-387000.0,0.0,0.0,0.0
06/02/2020,10910.7953476946,12400.0,300.0,0.02419355,10824.8835733033,10910.7953476946,10824.8835733033,20.0,250000.0,0.0,0.0,20.0,250000.0,10.0,-10.0,0.0,0.0,127000.0,-127000.0,0.0,0.0
05/02/2020,10653.0600245207,12100.0,300.0,0.02479339,9708.0305062164,10653.0600245207,9708.0305062164,2290.0,26000000.0,0.0,0.0,2290.0,26000000.0,0.0,0.0,0.0,0.0,0.0,0.0,0.0,0.0
04/02/2020,10395.3247013468,12750.0,-650.0,-0.05098039,10223.5011525642,10395.3247013468,10223.5011525642,100.0,1000000.0,0.0,0.0,100.0,1000000.0,0.0,0.0,0.0,0.0,0.0,0.0,0.0,0.0
03/02/2020,10953.7512348902,12950.0,-200.0,-0.01544402,10352.3688141512,10953.7512348902,10352.3688141512,60.0,1000000.0,0.0,0.0,60.0,1000000.0,60.0,-60.0,0.0,0.0,730000.0,-730000.0,0.0,0.0
31/01/2020,11125.5747836728,12950.0,0.0,0.0,11125.5747836728,11125.5747836728,11125.5747836728,10.0,130000.0,0.0,0.0,10.0,130000.0,0.0,0.0,0.0,0.0,0.0,0.0,0.0,0.0
30/01/2020,11125.5747836728,12950.0,0.0,0.0,11125.5747836728,11125.5747836728,11125.5747836728,0.0,0.0,0.0,0.0,0.0,0.0,0.0,0.0,0.0,0.0,0.0,0.0,0.0,0.0
22/01/2020,11125.5747836728,12500.0,450.0,0.036,11125.5747836728,11125.5747836728,11125.5747836728,70.0,1000000.0,0.0,0.0,70.0,1000000.0,60.0,-60.0,0.0,0.0,777000.0,-777000.0,0.0,0.0
21/01/2020,10738.971798912,12700.0,-200.0,-0.01574803,10180.5452653686,10738.971798912,10180.5452653686,110.0,1000000.0,0.0,0.0,110.0,1000000.0,30.0,-30.0,0.0,0.0,375000.0,-375000.0,0.0,0.0
20/01/2020,10910.7953476946,12700.0,0.0,0.0,10910.7953476946,10910.7953476946,10910.7953476946,50.0,1000000.0,0.0,0.0,50.0,1000000.0,0.0,0.0,0.0,0.0,0.0,0.0,0.0,0.0
17/01/2020,10910.7953476946,12700.0,0.0,0.0,10910.7953476946,10910.7953476946,10910.7953476946,190.0,2000000.0,0.0,0.0,190.0,2000000.0,140.0,-140.0,0.0,0.0,1778000.0,-1778000.0,0.0,0.0
16/01/2020,10910.7953476946,12700.0,0.0,0.0,10910.7953476946,10910.7953476946,10910.7953476946,30.0,380000.0,0.0,0.0,30.0,380000.0,0.0,0.0,0.0,0.0,0.0,0.0,0.0,0.0
15/01/2020,10910.7953476946,12700.0,0.0,0.0,10910.7953476946,10910.7953476946,10910.7953476946,0.0,0.0,0.0,0.0,0.0,0.0,0.0,0.0,0.0,0.0,0.0,0.0,0.0,0.0
14/01/2020,10910.7953476946,12700.0,0.0,0.0,10910.7953476946,10910.7953476946,10910.7953476946,0.0,0.0,0.0,0.0,0.0,0.0,0.0,0.0,0.0,0.0,0.0,0.0,0.0,0.0
13/01/2020,10910.7953476946,12750.0,-50.0,-0.00392157,10910.7953476946,10910.7953476946,10910.7953476946,20.0,250000.0,0.0,0.0,20.0,250000.0,-20.0,0.0,0.0,20.0,-254000.0,0.0,0.0,254000.0
10/01/2020,10953.7512348902,12400.0,350.0,0.02822581,10953.7512348902,10953.7512348902,10953.7512348902,70.0,1000000.0,0.0,0.0,70.0,1000000.0,0.0,0.0,0.0,0.0,0.0,0.0,0.0,0.0
09/01/2020,10653.0600245207,12400.0,0.0,0.0,10653.0600245207,10653.0600245207,10653.0600245207,70.0,1000000.0,0.0,0.0,70.0,1000000.0,0.0,0.0,0.0,0.0,0.0,0.0,0.0,0.0
08/01/2020,10653.0600245207,12000.0,400.0,0.03333333,10653.0600245207,10653.0600245207,10653.0600245207,10.0,120000.0,0.0,0.0,10.0,120000.0,0.0,0.0,0.0,0.0,0.0,0.0,0.0,0.0
07/01/2020,10309.4129269555,12750.0,-750.0,-0.05882353,10309.4129269555,10309.4129269555,10309.4129269555,2080.0,25000000.0,0.0,0.0,2080.0,25000000.0,0.0,0.0,0.0,0.0,0.0,0.0,0.0,0.0
06/01/2020,10953.7512348902,12750.0,0.0,0.0,10953.7512348902,10953.7512348902,10953.7512348902,50.0,1000000.0,0.0,0.0,50.0,1000000.0,0.0,0.0,0.0,0.0,0.0,0.0,0.0,0.0
03/01/2020,10953.7512348902,12600.0,150.0,0.01190476,10953.7512348902,10953.7512348902,10953.7512348902,60.0,1000000.0,0.0,0.0,60.0,1000000.0,0.0,0.0,0.0,0.0,0.0,0.0,0.0,0.0
02/01/2020,10824.8835733033,12450.0,150.0,0.01204819,10824.8835733033,10824.8835733033,10824.8835733033,10.0,130000.0,0.0,0.0,10.0,130000.0,0.0,0.0,0.0,0.0,0.0,0.0,0.0,0.0
31/12/2019,10696.0159117164,11800.0,650.0,0.05508475,10824.8835733033,10824.8835733033,9965.7658293903,1120.0,13000000.0,0.0,0.0,1120.0,13000000.0,60.0,-50.0,0.0,-10.0,738500.0,-622500.0,0.0,-116000.0
30/12/2019,10137.5893781729,12400.0,-600.0,-0.0483871,11039.6630092815,11039.6630092815,10137.5893781729,110.0,1000000.0,0.0,0.0,110.0,1000000.0,70.0,-70.0,0.0,0.0,826000.0,-826000.0,0.0,0.0
27/12/2019,10653.0600245207,11900.0,500.0,0.04201681,10223.5011525642,10867.8394604989,10008.721716586,410.0,5000000.0,0.0,0.0,410.0,5000000.0,200.0,0.0,0.0,-200.0,2380000.0,0.0,0.0,-2380000.0
26/12/2019,10223.5011525642,12750.0,-850.0,-0.06666667,10309.4129269555,10309.4129269555,10223.5011525642,130.0,2000000.0,0.0,0.0,130.0,2000000.0,0.0,0.0,0.0,0.0,0.0,0.0,0.0,0.0
25/12/2019,10953.7512348902,12750.0,0.0,0.0,10953.7512348902,10953.7512348902,10953.7512348902,30.0,380000.0,0.0,0.0,30.0,380000.0,0.0,0.0,0.0,0.0,0.0,0.0,0.0,0.0
24/12/2019,10953.7512348902,12750.0,0.0,0.0,10953.7512348902,10953.7512348902,10953.7512348902,30.0,380000.0,0.0,0.0,30.0,380000.0,0.0,0.0,0.0,0.0,0.0,0.0,0.0,0.0
23/12/2019,10953.7512348902,12750.0,0.0,0.0,11168.5306708685,11168.5306708685,10910.7953476946,110.0,1000000.0,0.0,0.0,110.0,1000000.0,0.0,0.0,0.0,0.0,0.0,0.0,0.0,0.0
20/12/2019,10953.7512348902,12750.0,0.0,0.0,10953.7512348902,10953.7512348902,10953.7512348902,0.0,0.0,0.0,0.0,0.0,0.0,0.0,0.0,0.0,0.0,0.0,0.0,0.0,0.0
19/12/2019,10953.7512348902,12750.0,0.0,0.0,10953.7512348902,10953.7512348902,10953.7512348902,0.0,0.0,0.0,0.0,0.0,0.0,0.0,0.0,0.0,0.0,0.0,0.0,0.0,0.0
18/12/2019,10953.7512348902,12750.0,0.0,0.0,10953.7512348902,10953.7512348902,10953.7512348902,0.0,0.0,0.0,0.0,0.0,0.0,0.0,0.0,0.0,0.0,0.0,0.0,0.0,0.0
17/12/2019,10953.7512348902,12750.0,0.0,0.0,10953.7512348902,10953.7512348902,10953.7512348902,0.0,0.0,0.0,0.0,0.0,0.0,0.0,0.0,0.0,0.0,0.0,0.0,0.0,0.0
16/12/2019,10953.7512348902,12350.0,400.0,0.03238866,10953.7512348902,10953.7512348902,10953.7512348902,40.0,1000000.0,0.0,0.0,40.0,1000000.0,0.0,0.0,0.0,0.0,0.0,0.0,0.0,0.0
13/12/2019,10610.1041373251,12800.0,-450.0,-0.03515625,10309.4129269555,10953.7512348902,10266.4570397599,9430.0,113000000.0,0.0,0.0,9430.0,113000000.0,10.0,-10.0,0.0,0.0,123500.0,-123500.0,0.0,0.0
12/12/2019,10996.7071220859,12650.0,150.0,0.01185771,10996.7071220859,10996.7071220859,10996.7071220859,40.0,1000000.0,0.0,0.0,40.0,1000000.0,0.0,0.0,0.0,0.0,0.0,0.0,0.0,0.0
11/12/2019,10867.8394604989,12000.0,650.0,0.05416667,10867.8394604989,10867.8394604989,10867.8394604989,10.0,130000.0,0.0,0.0,10.0,130000.0,0.0,0.0,0.0,0.0,0.0,0.0,0.0,0.0
10/12/2019,10309.4129269555,12700.0,-700.0,-0.05511811,10309.4129269555,10910.7953476946,10309.4129269555,1130.0,14000000.0,0.0,0.0,1130.0,14000000.0,70.0,-70.0,0.0,0.0,840000.0,-840000.0,0.0,0.0
09/12/2019,10910.7953476946,12300.0,400.0,0.03252033,10910.7953476946,10910.7953476946,10910.7953476946,10.0,130000.0,0.0,0.0,10.0,130000.0,0.0,0.0,0.0,0.0,0.0,0.0,0.0,0.0
06/12/2019,10567.1482501294,12700.0,-400.0,-0.03149606,10309.4129269555,10567.1482501294,10309.4129269555,80.0,1000000.0,0.0,0.0,80.0,1000000.0,0.0,0.0,0.0,0.0,0.0,0.0,0.0,0.0
05/12/2019,10910.7953476946,12450.0,250.0,0.02008032,10696.0159117164,10910.7953476946,10696.0159117164,1310.0,16000000.0,0.0,0.0,1310.0,16000000.0,800.0,-1000.0,0.0,200.0,9960000.0,-12450000.0,0.0,2490000.0
04/12/2019,10696.0159117164,12400.0,50.0,0.00403226,10696.0159117164,10696.0159117164,10696.0159117164,40.0,500000.0,0.0,0.0,40.0,500000.0,0.0,0.0,0.0,0.0,0.0,0.0,0.0,0.0
03/12/2019,10653.0600245207,12000.0,400.0,0.03333333,10653.0600245207,10653.0600245207,10653.0600245207,40.0,500000.0,0.0,0.0,40.0,500000.0,0.0,0.0,0.0,0.0,0.0,0.0,0.0,0.0
02/12/2019,10309.4129269555,12500.0,-500.0,-0.04,10867.8394604989,10867.8394604989,10137.5893781729,1430.0,17000000.0,0.0,0.0,1430.0,17000000.0,0.0,0.0,0.0,0.0,0.0,0.0,0.0,0.0
29/11/2019,10738.971798912,12300.0,200.0,0.01626016,10738.971798912,10738.971798912,10738.971798912,10.0,130000.0,0.0,0.0,10.0,130000.0,0.0,0.0,0.0,0.0,0.0,0.0,0.0,0.0
28/11/2019,10567.1482501294,12400.0,-100.0,-0.00806452,10309.4129269555,10567.1482501294,10137.5893781729,1210.0,14000000.0,0.0,0.0,1210.0,14000000.0,0.0,0.0,0.0,0.0,0.0,0.0,0.0,0.0
27/11/2019,10653.0600245207,12100.0,300.0,0.02479339,10867.8394604989,10867.8394604989,10309.4129269555,1160.0,14000000.0,0.0,0.0,1160.0,14000000.0,0.0,0.0,0.0,0.0,0.0,0.0,0.0,0.0
26/11/2019,10395.3247013468,12300.0,-200.0,-0.01626016,10309.4129269555,10395.3247013468,10309.4129269555,1010.0,12000000.0,0.0,0.0,1010.0,12000000.0,0.0,0.0,0.0,0.0,0.0,0.0,0.0,0.0
25/11/2019,10567.1482501294,12000.0,300.0,0.025,10309.4129269555,10953.7512348902,10309.4129269555,6020.0,72000000.0,0.0,0.0,6020.0,72000000.0,0.0,0.0,0.0,0.0,0.0,0.0,0.0,0.0
22/11/2019,10309.4129269555,12000.0,0.0,0.0,10309.4129269555,10309.4129269555,10309.4129269555,80.0,1000000.0,0.0,0.0,80.0,1000000.0,0.0,0.0,0.0,0.0,0.0,0.0,0.0,0.0
21/11/2019,10309.4129269555,12400.0,-400.0,-0.03225806,10309.4129269555,10309.4129269555,10309.4129269555,30.0,0.0,54790.0,725967500.0,54820.0,725967500.0,0.0,0.0,0.0,0.0,0.0,0.0,0.0,0.0
20/11/2019,10653.0600245207,12400.0,0.0,0.0,10653.0600245207,10653.0600245207,10653.0600245207,120.0,1000000.0,0.0,0.0,120.0,1000000.0,90.0,-90.0,0.0,0.0,1116000.0,-1116000.0,0.0,0.0
19/11/2019,10653.0600245207,12400.0,0.0,0.0,10653.0600245207,10653.0600245207,10653.0600245207,20.0,250000.0,0.0,0.0,20.0,250000.0,0.0,0.0,0.0,0.0,0.0,0.0,0.0,0.0
18/11/2019,10653.0600245207,12400.0,0.0,0.0,10653.0600245207,10653.0600245207,10653.0600245207,0.0,0.0,0.0,0.0,0.0,0.0,0.0,0.0,0.0,0.0,0.0,0.0,0.0,0.0
15/11/2019,10653.0600245207,12000.0,400.0,0.03333333,10309.4129269555,10653.0600245207,10309.4129269555,20.0,240000.0,0.0,0.0,20.0,240000.0,0.0,0.0,0.0,0.0,0.0,0.0,0.0,0.0
14/11/2019,10309.4129269555,12000.0,0.0,0.0,10309.4129269555,10309.4129269555,10309.4129269555,80.0,1000000.0,0.0,0.0,80.0,1000000.0,0.0,0.0,0.0,0.0,0.0,0.0,0.0,0.0
13/11/2019,10309.4129269555,12400.0,-400.0,-0.03225806,10309.4129269555,10309.4129269555,10309.4129269555,20.0,240000.0,0.0,0.0,20.0,240000.0,0.0,0.0,0.0,0.0,0.0,0.0,0.0,0.0
12/11/2019,10653.0600245207,12300.0,100.0,0.00813008,10653.0600245207,10653.0600245207,10653.0600245207,20.0,250000.0,0.0,0.0,20.0,250000.0,0.0,0.0,0.0,0.0,0.0,0.0,0.0,0.0
11/11/2019,10567.1482501294,12300.0,0.0,0.0,10567.1482501294,10567.1482501294,10567.1482501294,0.0,0.0,0.0,0.0,0.0,0.0,0.0,0.0,0.0,0.0,0.0,0.0,0.0,0.0
08/11/2019,10567.1482501294,12300.0,0.0,0.0,10567.1482501294,10567.1482501294,10567.1482501294,0.0,0.0,0.0,0.0,0.0,0.0,0.0,0.0,0.0,0.0,0.0,0.0,0.0,0.0
07/11/2019,10567.1482501294,12300.0,0.0,0.0,10567.1482501294,10567.1482501294,10567.1482501294,0.0,0.0,0.0,0.0,0.0,0.0,0.0,0.0,0.0,0.0,0.0,0.0,0.0,0.0
06/11/2019,10567.1482501294,11850.0,450.0,0.03797468,10567.1482501294,10567.1482501294,10567.1482501294,40.0,490000.0,0.0,0.0,40.0,490000.0,0.0,0.0,0.0,0.0,0.0,0.0,0.0,0.0
05/11/2019,10180.5452653686,12700.0,-850.0,-0.06692913,10180.5452653686,10180.5452653686,10180.5452653686,10.0,0.0,0.0,0.0,10.0,0.0,10.0,-10.0,0.0,0.0,118500.0,-118500.0,0.0,0.0
04/11/2019,10910.7953476946,12700.0,0.0,0.0,10910.7953476946,10910.7953476946,10910.7953476946,0.0,0.0,0.0,0.0,0.0,0.0,0.0,0.0,0.0,0.0,0.0,0.0,0.0,0.0
01/11/2019,10910.7953476946,12000.0,700.0,0.05833333,10309.4129269555,10910.7953476946,10309.4129269555,100.0,1000000.0,0.0,0.0,100.0,1000000.0,0.0,0.0,0.0,0.0,0.0,0.0,0.0,0.0
31/10/2019,10309.4129269555,12850.0,-850.0,-0.06614786,10309.4129269555,10309.4129269555,10309.4129269555,90.0,1000000.0,0.0,0.0,90.0,1000000.0,80.0,-80.0,0.0,0.0,960000.0,-960000.0,0.0,0.0
30/10/2019,11039.6630092815,12800.0,50.0,0.00390625,11039.6630092815,11039.6630092815,11039.6630092815,10.0,130000.0,0.0,0.0,10.0,130000.0,0.0,0.0,0.0,0.0,0.0,0.0,0.0,0.0
29/10/2019,10996.7071220859,12850.0,-50.0,-0.00389105,11082.6188964772,11082.6188964772,10309.4129269555,160.0,2000000.0,0.0,0.0,160.0,2000000.0,0.0,0.0,0.0,0.0,0.0,0.0,0.0,0.0
28/10/2019,11039.6630092815,12850.0,0.0,0.0,11039.6630092815,11039.6630092815,11039.6630092815,0.0,0.0,0.0,0.0,0.0,0.0,0.0,0.0,0.0,0.0,0.0,0.0,0.0,0.0
25/10/2019,11039.6630092815,12750.0,100.0,0.00784314,10223.5011525642,11039.6630092815,10223.5011525642,110.0,1000000.0,0.0,0.0,110.0,1000000.0,0.0,0.0,0.0,0.0,0.0,0.0,0.0,0.0
24/10/2019,10953.7512348902,12500.0,250.0,0.02,10953.7512348902,10953.7512348902,10953.7512348902,110.0,1000000.0,0.0,0.0,110.0,1000000.0,0.0,0.0,0.0,0.0,0.0,0.0,0.0,0.0
23/10/2019,10738.971798912,12400.0,100.0,0.00806452,10738.971798912,10738.971798912,10738.971798912,20.0,250000.0,0.0,0.0,20.0,250000.0,0.0,0.0,0.0,0.0,0.0,0.0,0.0,0.0
22/10/2019,10653.0600245207,11950.0,450.0,0.0376569,10653.0600245207,10653.0600245207,10653.0600245207,110.0,1000000.0,0.0,0.0,110.0,1000000.0,0.0,0.0,0.0,0.0,0.0,0.0,0.0,0.0
21/10/2019,10266.4570397599,11350.0,600.0,0.05286344,9836.8981678034,10266.4570397599,9708.0305062164,340.0,4000000.0,0.0,0.0,340.0,4000000.0,-100.0,0.0,0.0,100.0,-1130000.0,0.0,0.0,1130000.0
18/10/2019,9750.9863934121,11750.0,-400.0,-0.03404255,10524.1923629338,10524.1923629338,9750.9863934121,110.0,1000000.0,0.0,0.0,110.0,1000000.0,10.0,-10.0,0.0,0.0,122500.0,-122500.0,0.0,0.0
17/10/2019,10094.6334909773,11750.0,0.0,0.0,10094.6334909773,10094.6334909773,10094.6334909773,90.0,1000000.0,0.0,0.0,90.0,1000000.0,0.0,0.0,0.0,0.0,0.0,0.0,0.0,0.0
16/10/2019,10094.6334909773,11300.0,450.0,0.03982301,10094.6334909773,10094.6334909773,10094.6334909773,70.0,1000000.0,0.0,0.0,70.0,1000000.0,0.0,0.0,0.0,0.0,0.0,0.0,0.0,0.0
15/10/2019,9708.0305062164,11300.0,0.0,0.0,10266.4570397599,10266.4570397599,9708.0305062164,160.0,2000000.0,0.0,0.0,160.0,2000000.0,-140.0,0.0,0.0,140.0,-1582000.0,0.0,0.0,1582000.0
14/10/2019,9708.0305062164,11750.0,-450.0,-0.03829787,9708.0305062164,9708.0305062164,9708.0305062164,590.0,7000000.0,0.0,0.0,590.0,7000000.0,-500.0,0.0,0.0,500.0,-5650000.0,0.0,0.0,5650000.0
11/10/2019,10094.6334909773,11750.0,0.0,0.0,10094.6334909773,10094.6334909773,10094.6334909773,100.0,1000000.0,0.0,0.0,100.0,1000000.0,0.0,0.0,0.0,0.0,0.0,0.0,0.0,0.0
10/10/2019,10094.6334909773,11800.0,-50.0,-0.00423729,9708.0305062164,10094.6334909773,9708.0305062164,120.0,1000000.0,0.0,0.0,120.0,1000000.0,-10.0,0.0,0.0,10.0,-113000.0,0.0,0.0,113000.0
09/10/2019,10137.5893781729,11300.0,500.0,0.04424779,9708.0305062164,10137.5893781729,9708.0305062164,2010.0,24000000.0,0.0,0.0,2010.0,24000000.0,-1890.0,0.0,0.0,1890.0,-22196000.0,0.0,0.0,22196000.0
08/10/2019,9708.0305062164,11600.0,-300.0,-0.02586207,9708.0305062164,9708.0305062164,9708.0305062164,110.0,1000000.0,0.0,0.0,110.0,1000000.0,0.0,0.0,0.0,0.0,0.0,0.0,0.0,0.0
07/10/2019,9965.7658293903,11600.0,0.0,0.0,9965.7658293903,9965.7658293903,9965.7658293903,100.0,1000000.0,0.0,0.0,100.0,1000000.0,0.0,0.0,0.0,0.0,0.0,0.0,0.0,0.0
04/10/2019,9965.7658293903,11800.0,-200.0,-0.01694915,9965.7658293903,9965.7658293903,9965.7658293903,60.0,1000000.0,0.0,0.0,60.0,1000000.0,0.0,0.0,0.0,0.0,0.0,0.0,0.0,0.0
03/10/2019,10137.5893781729,11500.0,300.0,0.02608696,9278.47163426,10137.5893781729,9278.47163426,90.0,1000000.0,0.0,0.0,90.0,1000000.0,0.0,0.0,0.0,0.0,0.0,0.0,0.0,0.0
02/10/2019,9879.854054999,11800.0,-300.0,-0.02542373,9879.854054999,9879.854054999,9879.854054999,20.0,230000.0,0.0,0.0,20.0,230000.0,0.0,0.0,0.0,0.0,0.0,0.0,0.0,0.0
01/10/2019,10137.5893781729,11950.0,-150.0,-0.0125523,9622.1187318252,10137.5893781729,9622.1187318252,390.0,4000000.0,0.0,0.0,390.0,4000000.0,0.0,0.0,0.0,0.0,0.0,0.0,0.0,0.0
30/09/2019,10266.4570397599,11700.0,250.0,0.02136752,10653.0600245207,10653.0600245207,9493.2510702382,1040.0,12000000.0,0.0,0.0,1040.0,12000000.0,-20.0,-10.0,0.0,0.0,-240500.0,-119500.0,0.0,0.0
27/09/2019,10051.6776037816,11150.0,550.0,0.04932735,10094.6334909773,10137.5893781729,9278.47163426,4800.0,52000000.0,0.0,0.0,4800.0,52000000.0,340.0,-340.0,0.0,0.0,3931500.0,-3931500.0,0.0,0.0
26/09/2019,9579.1628446295,11950.0,-800.0,-0.06694561,10953.7512348902,10953.7512348902,9579.1628446295,5040.0,56000000.0,0.0,0.0,5040.0,56000000.0,1020.0,-1020.0,0.0,0.0,11405500.0,-11405500.0,0.0,0.0
25/09/2019,10266.4570397599,11350.0,600.0,0.05286344,10266.4570397599,10266.4570397599,10266.4570397599,10.0,120000.0,0.0,0.0,10.0,120000.0,10.0,-10.0,0.0,0.0,119500.0,-119500.0,0.0,0.0
24/09/2019,9750.9863934121,12000.0,-650.0,-0.05416667,10910.7953476946,10910.7953476946,9750.9863934121,720.0,8000000.0,0.0,0.0,720.0,8000000.0,610.0,-610.0,0.0,0.0,7036000.0,-7036000.0,0.0,0.0
23/09/2019,10309.4129269555,12000.0,0.0,0.0,10309.4129269555,10309.4129269555,10309.4129269555,0.0,0.0,0.0,0.0,0.0,0.0,0.0,0.0,0.0,0.0,0.0,0.0,0.0,0.0
20/09/2019,10309.4129269555,12900.0,-900.0,-0.06976744,10309.4129269555,10696.0159117164,10309.4129269555,1310.0,16000000.0,0.0,0.0,1310.0,16000000.0,480.0,-480.0,0.0,0.0,5760000.0,-5760000.0,0.0,0.0
19/09/2019,11082.6188964772,12450.0,450.0,0.03614458,11082.6188964772,11082.6188964772,11082.6188964772,40.0,1000000.0,0.0,0.0,40.0,1000000.0,0.0,0.0,0.0,0.0,0.0,0.0,0.0,0.0
18/09/2019,10696.0159117164,12550.0,-100.0,-0.00796813,10309.4129269555,10696.0159117164,10309.4129269555,30.0,370000.0,0.0,0.0,30.0,370000.0,0.0,0.0,0.0,0.0,0.0,0.0,0.0,0.0
17/09/2019,10781.9276861076,12550.0,0.0,0.0,10781.9276861076,10781.9276861076,10781.9276861076,50.0,1000000.0,0.0,0.0,50.0,1000000.0,0.0,0.0,0.0,0.0,0.0,0.0,0.0,0.0
16/09/2019,10781.9276861076,12600.0,-50.0,-0.00396825,10781.9276861076,10781.9276861076,10781.9276861076,30.0,380000.0,0.0,0.0,30.0,380000.0,0.0,0.0,0.0,0.0,0.0,0.0,0.0,0.0
13/09/2019,10824.8835733033,12000.0,600.0,0.05,10309.4129269555,10824.8835733033,10309.4129269555,40.0,500000.0,0.0,0.0,40.0,500000.0,0.0,0.0,0.0,0.0,0.0,0.0,0.0,0.0
12/09/2019,10309.4129269555,12700.0,-700.0,-0.05511811,10309.4129269555,10309.4129269555,10309.4129269555,30.0,360000.0,0.0,0.0,30.0,360000.0,0.0,0.0,0.0,0.0,0.0,0.0,0.0,0.0
11/09/2019,10910.7953476946,12950.0,-250.0,-0.01930502,10867.8394604989,10910.7953476946,10867.8394604989,130.0,2000000.0,0.0,0.0,130.0,2000000.0,0.0,0.0,0.0,0.0,0.0,0.0,0.0,0.0
10/09/2019,11125.5747836728,12950.0,0.0,0.0,11125.5747836728,11125.5747836728,11125.5747836728,50.0,1000000.0,0.0,0.0,50.0,1000000.0,0.0,0.0,0.0,0.0,0.0,0.0,0.0,0.0
09/09/2019,11125.5747836728,12950.0,0.0,0.0,11125.5747836728,11125.5747836728,11125.5747836728,0.0,0.0,0.0,0.0,0.0,0.0,0.0,0.0,0.0,0.0,0.0,0.0,0.0,0.0
06/09/2019,11125.5747836728,12950.0,0.0,0.0,11125.5747836728,11125.5747836728,11125.5747836728,0.0,0.0,0.0,0.0,0.0,0.0,0.0,0.0,0.0,0.0,0.0,0.0,0.0,0.0
05/09/2019,11125.5747836728,12200.0,750.0,0.06147541,11125.5747836728,11125.5747836728,11125.5747836728,10.0,130000.0,0.0,0.0,10.0,130000.0,0.0,0.0,0.0,0.0,0.0,0.0,0.0,0.0
04/09/2019,10481.2364757381,12200.0,0.0,0.0,11125.5747836728,11125.5747836728,10481.2364757381,50.0,1000000.0,0.0,0.0,50.0,1000000.0,0.0,0.0,0.0,0.0,0.0,0.0,0.0,0.0
03/09/2019,10481.2364757381,12200.0,0.0,0.0,10481.2364757381,10481.2364757381,10481.2364757381,20.0,240000.0,0.0,0.0,20.0,240000.0,0.0,0.0,0.0,0.0,0.0,0.0,0.0,0.0
30/08/2019,10481.2364757381,12200.0,0.0,0.0,10481.2364757381,10481.2364757381,10481.2364757381,10.0,120000.0,0.0,0.0,10.0,120000.0,0.0,0.0,0.0,0.0,0.0,0.0,0.0,0.0
29/08/2019,10481.2364757381,12200.0,0.0,0.0,9879.854054999,10481.2364757381,9879.854054999,30.0,360000.0,0.0,0.0,30.0,360000.0,0.0,0.0,0.0,0.0,0.0,0.0,0.0,0.0
28/08/2019,10481.2364757381,11550.0,650.0,0.05627706,10481.2364757381,10481.2364757381,10481.2364757381,20.0,240000.0,0.0,0.0,20.0,240000.0,0.0,0.0,0.0,0.0,0.0,0.0,0.0,0.0
27/08/2019,9922.8099421947,12400.0,-850.0,-0.06854839,9922.8099421947,9922.8099421947,9922.8099421947,100.0,1000000.0,0.0,0.0,100.0,1000000.0,0.0,0.0,0.0,0.0,0.0,0.0,0.0,0.0
26/08/2019,10653.0600245207,12400.0,0.0,0.0,10653.0600245207,10653.0600245207,10653.0600245207,10.0,120000.0,0.0,0.0,10.0,120000.0,0.0,0.0,0.0,0.0,0.0,0.0,0.0,0.0
23/08/2019,10653.0600245207,12000.0,400.0,0.03333333,10653.0600245207,10653.0600245207,10653.0600245207,20.0,250000.0,0.0,0.0,20.0,250000.0,0.0,0.0,0.0,0.0,0.0,0.0,0.0,0.0
22/08/2019,10309.4129269555,12500.0,-500.0,-0.04,10309.4129269555,10309.4129269555,10309.4129269555,50.0,1000000.0,0.0,0.0,50.0,1000000.0,0.0,0.0,0.0,0.0,0.0,0.0,0.0,0.0
21/08/2019,10738.971798912,12500.0,0.0,0.0,10738.971798912,10738.971798912,10738.971798912,50.0,1000000.0,0.0,0.0,50.0,1000000.0,0.0,0.0,0.0,0.0,0.0,0.0,0.0,0.0
20/08/2019,10738.971798912,11900.0,600.0,0.05042017,9922.8099421947,10738.971798912,9750.9863934121,250.0,3000000.0,0.0,0.0,250.0,3000000.0,10.0,-10.0,0.0,0.0,125000.0,-125000.0,0.0,0.0
19/08/2019,10223.5011525642,12500.0,-600.0,-0.048,10008.721716586,10309.4129269555,10008.721716586,200.0,2000000.0,0.0,0.0,200.0,2000000.0,0.0,0.0,0.0,0.0,0.0,0.0,0.0,0.0
16/08/2019,10738.971798912,12500.0,0.0,0.0,10738.971798912,10738.971798912,10738.971798912,60.0,1000000.0,0.0,0.0,60.0,1000000.0,0.0,0.0,0.0,0.0,0.0,0.0,0.0,0.0
15/08/2019,10738.971798912,12600.0,-100.0,-0.00793651,10653.0600245207,10738.971798912,10653.0600245207,90.0,1000000.0,0.0,0.0,90.0,1000000.0,0.0,0.0,0.0,0.0,0.0,0.0,0.0,0.0
14/08/2019,10824.8835733033,12600.0,0.0,0.0,10824.8835733033,10824.8835733033,10824.8835733033,30.0,380000.0,0.0,0.0,30.0,380000.0,0.0,0.0,0.0,0.0,0.0,0.0,0.0,0.0
13/08/2019,10824.8835733033,12600.0,0.0,0.0,10824.8835733033,10824.8835733033,10824.8835733033,30.0,380000.0,0.0,0.0,30.0,380000.0,0.0,0.0,0.0,0.0,0.0,0.0,0.0,0.0
12/08/2019,10824.8835733033,12600.0,0.0,0.0,10824.8835733033,10824.8835733033,10824.8835733033,30.0,380000.0,0.0,0.0,30.0,380000.0,0.0,0.0,0.0,0.0,0.0,0.0,0.0,0.0
09/08/2019,10824.8835733033,12800.0,-200.0,-0.015625,10266.4570397599,10824.8835733033,10266.4570397599,2140.0,26000000.0,0.0,0.0,2140.0,26000000.0,0.0,0.0,0.0,0.0,0.0,0.0,0.0,0.0
08/08/2019,10996.7071220859,12800.0,0.0,0.0,10996.7071220859,10996.7071220859,10996.7071220859,40.0,1000000.0,0.0,0.0,40.0,1000000.0,0.0,0.0,0.0,0.0,0.0,0.0,0.0,0.0
07/08/2019,10996.7071220859,12400.0,400.0,0.03225806,10996.7071220859,10996.7071220859,10996.7071220859,90.0,1000000.0,0.0,0.0,90.0,1000000.0,0.0,0.0,0.0,0.0,0.0,0.0,0.0,0.0
06/08/2019,10653.0600245207,11650.0,750.0,0.06437768,10309.4129269555,10653.0600245207,9321.4275214556,3380.0,37000000.0,0.0,0.0,3380.0,37000000.0,0.0,0.0,0.0,0.0,0.0,0.0,0.0,0.0
05/08/2019,10008.721716586,12500.0,-850.0,-0.068,10137.5893781729,10137.5893781729,10008.721716586,780.0,9000000.0,0.0,0.0,780.0,9000000.0,0.0,0.0,0.0,0.0,0.0,0.0,0.0,0.0
02/08/2019,10738.971798912,12500.0,0.0,0.0,10738.971798912,10738.971798912,10738.971798912,0.0,0.0,0.0,0.0,0.0,0.0,0.0,0.0,0.0,0.0,0.0,0.0,0.0,0.0
01/08/2019,10738.971798912,12850.0,-350.0,-0.02723735,10738.971798912,10738.971798912,10738.971798912,30.0,380000.0,0.0,0.0,30.0,380000.0,0.0,0.0,0.0,0.0,0.0,0.0,0.0,0.0
31/07/2019,11039.6630092815,12500.0,350.0,0.028,10738.971798912,11082.6188964772,10738.971798912,620.0,8000000.0,0.0,0.0,620.0,8000000.0,0.0,0.0,0.0,0.0,0.0,0.0,0.0,0.0
30/07/2019,10738.971798912,12900.0,-400.0,-0.03100775,10738.971798912,10738.971798912,10738.971798912,30.0,380000.0,0.0,0.0,30.0,380000.0,0.0,0.0,0.0,0.0,0.0,0.0,0.0,0.0
29/07/2019,11082.6188964772,12900.0,0.0,0.0,11082.6188964772,11082.6188964772,11082.6188964772,30.0,390000.0,0.0,0.0,30.0,390000.0,0.0,0.0,0.0,0.0,0.0,0.0,0.0,0.0
26/07/2019,11082.6188964772,12600.0,300.0,0.02380952,10567.1482501294,11082.6188964772,10567.1482501294,610.0,8000000.0,0.0,0.0,610.0,8000000.0,0.0,0.0,0.0,0.0,0.0,0.0,0.0,0.0
25/07/2019,10824.8835733033,12600.0,0.0,0.0,10824.8835733033,10824.8835733033,10824.8835733033,20.0,250000.0,0.0,0.0,20.0,250000.0,0.0,0.0,0.0,0.0,0.0,0.0,0.0,0.0
24/07/2019,10824.8835733033,12500.0,100.0,0.008,10824.8835733033,10824.8835733033,10824.8835733033,10.0,130000.0,0.0,0.0,10.0,130000.0,0.0,0.0,0.0,0.0,0.0,0.0,0.0,0.0
23/07/2019,10738.971798912,12500.0,0.0,0.0,10738.971798912,10738.971798912,10738.971798912,0.0,0.0,0.0,0.0,0.0,0.0,0.0,0.0,0.0,0.0,0.0,0.0,0.0,0.0
22/07/2019,10738.971798912,12600.0,-100.0,-0.00793651,10567.1482501294,10738.971798912,10481.2364757381,30.0,370000.0,0.0,0.0,30.0,370000.0,0.0,0.0,0.0,0.0,0.0,0.0,0.0,0.0
19/07/2019,10824.8835733033,12600.0,0.0,0.0,10824.8835733033,10824.8835733033,10824.8835733033,20.0,250000.0,0.0,0.0,20.0,250000.0,0.0,0.0,0.0,0.0,0.0,0.0,0.0,0.0
18/07/2019,10824.8835733033,12600.0,0.0,0.0,10481.2364757381,10824.8835733033,10481.2364757381,20.0,250000.0,0.0,0.0,20.0,250000.0,0.0,0.0,0.0,0.0,0.0,0.0,0.0,0.0
17/07/2019,10824.8835733033,12700.0,-100.0,-0.00787402,10824.8835733033,10824.8835733033,10738.971798912,40.0,1000000.0,0.0,0.0,40.0,1000000.0,0.0,0.0,0.0,0.0,0.0,0.0,0.0,0.0
16/07/2019,10910.7953476946,12750.0,-50.0,-0.00392157,10910.7953476946,10910.7953476946,10910.7953476946,50.0,1000000.0,0.0,0.0,50.0,1000000.0,0.0,0.0,0.0,0.0,0.0,0.0,0.0,0.0
15/07/2019,10953.7512348902,12750.0,0.0,0.0,10953.7512348902,10953.7512348902,10953.7512348902,20.0,260000.0,0.0,0.0,20.0,260000.0,0.0,0.0,0.0,0.0,0.0,0.0,0.0,0.0
12/07/2019,10953.7512348902,12900.0,-150.0,-0.01162791,10738.971798912,10953.7512348902,10738.971798912,210.0,3000000.0,0.0,0.0,210.0,3000000.0,0.0,0.0,0.0,0.0,0.0,0.0,0.0,0.0
11/07/2019,11082.6188964772,12800.0,100.0,0.0078125,11082.6188964772,11082.6188964772,11082.6188964772,20.0,260000.0,0.0,0.0,20.0,260000.0,10.0,0.0,0.0,-10.0,129000.0,0.0,0.0,-129000.0
10/07/2019,10996.7071220859,12800.0,0.0,0.0,10996.7071220859,10996.7071220859,10996.7071220859,0.0,0.0,0.0,0.0,0.0,0.0,0.0,0.0,0.0,0.0,0.0,0.0,0.0,0.0
09/07/2019,10996.7071220859,12900.0,-100.0,-0.00775194,10481.2364757381,10996.7071220859,10309.4129269555,210.0,3000000.0,0.0,0.0,210.0,3000000.0,0.0,0.0,0.0,0.0,0.0,0.0,0.0,0.0
08/07/2019,11082.6188964772,12900.0,0.0,0.0,11082.6188964772,11082.6188964772,11082.6188964772,0.0,0.0,0.0,0.0,0.0,0.0,0.0,0.0,0.0,0.0,0.0,0.0,0.0,0.0
05/07/2019,11082.6188964772,12900.0,0.0,0.0,11082.6188964772,11082.6188964772,11082.6188964772,20.0,260000.0,0.0,0.0,20.0,260000.0,0.0,0.0,0.0,0.0,0.0,0.0,0.0,0.0
04/07/2019,11082.6188964772,12800.0,100.0,0.0078125,11254.4424452598,11254.4424452598,11082.6188964772,80.0,1000000.0,0.0,0.0,80.0,1000000.0,-50.0,0.0,0.0,50.0,-645000.0,0.0,0.0,645000.0
03/07/2019,10996.7071220859,12800.0,0.0,0.0,10996.7071220859,10996.7071220859,10996.7071220859,20.0,260000.0,0.0,0.0,20.0,260000.0,0.0,0.0,0.0,0.0,0.0,0.0,0.0,0.0
02/07/2019,10996.7071220859,12900.0,-100.0,-0.00775194,11039.6630092815,11039.6630092815,10824.8835733033,50.0,1000000.0,0.0,0.0,50.0,1000000.0,0.0,0.0,0.0,0.0,0.0,0.0,0.0,0.0
01/07/2019,11082.6188964772,12900.0,0.0,0.0,10738.971798912,11082.6188964772,10738.971798912,80.0,1000000.0,0.0,0.0,80.0,1000000.0,0.0,0.0,0.0,0.0,0.0,0.0,0.0,0.0
28/06/2019,11082.6188964772,12100.0,800.0,0.0661157,11082.6188964772,11082.6188964772,11082.6188964772,10.0,130000.0,0.0,0.0,10.0,130000.0,0.0,0.0,0.0,0.0,0.0,0.0,0.0,0.0
27/06/2019,10395.3247013468,13000.0,-900.0,-0.06923077,10395.3247013468,10395.3247013468,10395.3247013468,680.0,8000000.0,0.0,0.0,680.0,8000000.0,0.0,0.0,0.0,0.0,0.0,0.0,0.0,0.0
26/06/2019,11168.5306708685,12950.0,50.0,0.003861,11168.5306708685,11168.5306708685,11168.5306708685,10.0,130000.0,0.0,0.0,10.0,130000.0,0.0,0.0,0.0,0.0,0.0,0.0,0.0,0.0
25/06/2019,11125.5747836728,13200.0,-250.0,-0.01893939,10996.7071220859,11125.5747836728,10567.1482501294,230.0,3000000.0,0.0,0.0,230.0,3000000.0,200.0,0.0,0.0,-200.0,2590000.0,0.0,0.0,-2590000.0
24/06/2019,11340.3542196511,13200.0,0.0,0.0,11340.3542196511,11340.3542196511,11340.3542196511,0.0,0.0,0.0,0.0,0.0,0.0,0.0,0.0,0.0,0.0,0.0,0.0,0.0,0.0
21/06/2019,11340.3542196511,13000.0,200.0,0.0154,11340.3542196511,11340.3542196511,11340.3542196511,10.0,130000.0,0.0,0.0,10.0,130000.0,0.0,0.0,0.0,0.0,0.0,0.0,0.0,0.0
20/06/2019,11168.5306708685,13300.0,-300.0,-0.0226,11168.5306708685,11168.5306708685,10738.971798912,50.0,1000000.0,0.0,0.0,50.0,1000000.0,0.0,0.0,0.0,0.0,0.0,0.0,0.0,0.0
19/06/2019,11426.2659940424,13250.0,50.0,0.00377358,11426.2659940424,11426.2659940424,11426.2659940424,10.0,130000.0,0.0,0.0,10.0,130000.0,0.0,0.0,0.0,0.0,0.0,0.0,0.0,0.0
18/06/2019,11383.3101068467,13000.0,250.0,0.01923077,11383.3101068467,11383.3101068467,11383.3101068467,10.0,130000.0,0.0,0.0,10.0,130000.0,0.0,0.0,0.0,0.0,0.0,0.0,0.0,0.0
17/06/2019,11168.5306708685,13000.0,0.0,0.0,11426.2659940424,11426.2659940424,11168.5306708685,30.0,400000.0,0.0,0.0,30.0,400000.0,0.0,0.0,0.0,0.0,0.0,0.0,0.0,0.0
