NGÀY,GIÁ,GIÁ THÔ,THAY ĐỔI,%THAY ĐỔI,MỞ,CAO,THẤP,KL KHỚP,GT KHỚP,KL THỎA THUẬN,GT THỎA THUẬN,TỔNG KHỐI LƯỢNG,TỔNG GIÁ TRỊ,KL Cá Nhân Khớp Ròng,KL Tổ chức Khớp Ròng,KL Tự doanh Khớp Ròng,KL Nước Ngoài Khớp Ròng,GT Cá Nhân Khớp Ròng,GT Tổ chức Khớp Ròng,GT Tự doanh Khớp Ròng,GT Nước Ngoài Khớp Ròng
03/09/2026,45250.0,45550.0,-300.0,-0.00658617,45650.0,45750.0,45200.0,358528.0,16285533250.0,0.0,0.0,358528.0,16285533250.0,110869.0,0.0,-86900.0,-23969.0,5032198750.0,0.0,-3946295000.0,-1085903750.0
28/08/2026,45550.0,45800.0,-250.0,-0.00545852,46050.0,46050.0,45500.0,324953.0,14845653600.0,0.0,0.0,324953.0,14845653600.0,94711.0,-51393.0,16400.0,-43318.0,4322520451.0,-2351937250.0,749150000.0,-1970583200.0
27/08/2026,45800.0,45950.0,-150.0,-0.00326442,46100.0,46350.0,45750.0,216122.0,9920700250.0,0.0,0.0,216122.0,9920700250.0,56557.0,135.0,-4600.0,-56692.0,2594073200.0,5177200.0,-209170000.0,-2599250400.0
26/08/2026,45950.0,45200.0,750.0,0.01659292,45250.0,46150.0,45250.0,312209.0,14321496400.0,0.0,0.0,312209.0,14321496400.0,-15365.0,80607.0,75600.0,-65242.0,-700771850.0,3694628800.0,3471085000.0,-2993856950.0
25/08/2026,45200.0,46150.0,-950.0,-0.02058505,46350.0,46600.0,45200.0,463338.0,21208354800.0,0.0,0.0,463338.0,21208354800.0,114386.0,-64694.0,92800.0,-49692.0,5204494100.0,-2915764500.0,4263220000.0,-2288729600.0
24/08/2026,46150.0,46100.0,50.0,0.0010846,46700.0,46700.0,46050.0,398948.0,18479155700.0,0.0,0.0,398948.0,18479155700.0,131026.0,-131317.0,24200.0,291.0,6061515550.0,-6075015250.0,1117335000.0,13499700.0
21/08/2026,46100.0,45600.0,500.0,0.01096491,45700.0,46500.0,45500.0,386873.0,17840589600.0,0.0,0.0,386873.0,17840589600.0,89936.0,-89936.0,74100.0,0.0,4153397450.0,-4153397450.0,3424005000.0,0.0
20/08/2026,45600.0,45750.0,-150.0,-0.00327869,45750.0,46200.0,45500.0,166780.0,7626933350.0,0.0,0.0,166780.0,7626933350.0,37367.0,-38368.0,3200.0,1001.0,1704432300.0,-1750228300.0,147200000.0,45796000.0
19/08/2026,45750.0,45350.0,400.0,0.00882029,45300.0,45750.0,45250.0,245159.0,11148127900.0,0.0,0.0,245159.0,11148127900.0,-36814.0,37413.0,3173.0,-599.0,-1676370050.0,1703649700.0,144533000.0,-27279650.0
18/08/2026,45350.0,45550.0,-200.0,-0.00439078,45750.0,46000.0,45350.0,214106.0,9758672950.0,0.0,0.0,214106.0,9758672950.0,-4073.0,3974.0,48200.0,99.0,-175547351.0,171018800.0,2200505000.0,4528550.0
17/08/2026,45550.0,45900.0,-350.0,-0.00762527,45950.0,45950.0,45350.0,244888.0,11188754900.0,0.0,0.0,244888.0,11188754900.0,-54566.0,55566.0,53500.0,-1000.0,-2500298400.0,2546248400.0,2448470000.0,-45950000.0
14/08/2026,45900.0,46600.0,-700.0,-0.01502146,46600.0,46650.0,45800.0,325443.0,14994195900.0,0.0,0.0,325443.0,14994195900.0,16495.0,-16495.0,1400.0,0.0,765400450.0,-765400450.0,67900000.0,0.0
13/08/2026,46600.0,47150.0,-550.0,-0.0116649,47400.0,47700.0,46600.0,354464.0,16644999150.0,83720.0,3943212000.0,438184.0,20588211150.0,89616.0,-89516.0,-9800.0,-100.0,4199897550.0,-4195152550.0,-461315000.0,-4745000.0
12/08/2026,47150.0,47250.0,-100.0,-0.0021164,47250.0,47400.0,47000.0,312671.0,14762079050.0,0.0,0.0,312671.0,14762079050.0,15311.0,-15311.0,-3200.0,0.0,721932450.0,-721932450.0,-151200000.0,0.0
11/08/2026,47250.0,47600.0,-350.0,-0.00735294,47700.0,47900.0,47200.0,251341.0,11929179300.0,83720.0,3943212000.0,335061.0,15872391300.0,47419.0,-47419.0,0.0,0.0,2245237050.0,-2245237050.0,0.0,0.0
10/08/2026,47600.0,47100.0,500.0,0.01061571,47450.0,48000.0,47450.0,264417.0,12610493000.0,0.0,0.0,264417.0,12610493000.0,69786.0,-69924.0,-3500.0,138.0,3326607400.0,-3333181350.0,-163065000.0,6573950.0
07/08/2026,47100.0,47500.0,-400.0,-0.00842105,47300.0,48100.0,47100.0,272104.0,12954465050.0,0.0,0.0,272104.0,12954465050.0,7805.0,-7805.0,-3000.0,0.0,334835750.0,-334835750.0,-138945000.0,0.0
06/08/2026,47500.0,47450.0,50.0,0.00105374,47850.0,47850.0,46900.0,280195.0,13285901250.0,0.0,0.0,280195.0,13285901250.0,-92373.0,91811.0,44800.0,562.0,-4388386150.0,4361606550.0,2126620000.0,26779600.0
05/08/2026,47450.0,48350.0,-900.0,-0.01861427,48350.0,48700.0,47400.0,507490.0,24253275350.0,0.0,0.0,507490.0,24253275350.0,41670.0,-41532.0,6800.0,-138.0,1988226750.0,-1981699350.0,323320000.0,-6527400.0
04/08/2026,48350.0,48400.0,-50.0,-0.00103306,48000.0,48350.0,47900.0,332238.0,15971175800.0,900000.0,41799500000.0,1232238.0,57770675800.0,-95449.0,81691.0,13900.0,13758.0,-4595315750.0,3933529350.0,669010000.0,661786400.0
03/08/2026,48400.0,46500.0,1900.0,0.04086022,46500.0,48400.0,46500.0,991259.0,47165951500.0,0.0,0.0,991259.0,47165951500.0,56899.0,-114159.0,0.0,57260.0,2737104300.0,-5439597500.0,0.0,2702493200.0
31/07/2026,46500.0,45300.0,1200.0,0.02649007,45700.0,46500.0,45300.0,1297657.0,59939382300.0,0.0,0.0,1297657.0,59939382300.0,-621097.0,575917.0,779000.0,45180.0,-28756795950.0,26692054250.0,36110505000.0,2064741700.0
30/07/2026,45300.0,44500.0,800.0,0.01797753,44700.0,45400.0,44350.0,603595.0,27084167750.0,0.0,0.0,603595.0,27084167750.0,198277.0,-197317.0,-55000.0,-960.0,8904681800.0,-8861967800.0,-2484070000.0,-42714000.0
29/07/2026,44500.0,44500.0,0.0,0.0,44900.0,44900.0,44350.0,342172.0,15230000700.0,0.0,0.0,342172.0,15230000700.0,48836.0,-49036.0,6100.0,200.0,2173252750.0,-2182152750.0,271370000.0,8900000.0
28/07/2026,44500.0,44400.0,100.0,0.00225225,44350.0,44950.0,43800.0,478193.0,21151430950.0,22600.0,997948200.0,500793.0,22149379150.0,-17436.0,133236.0,70600.0,-115800.0,-811788301.0,5914123300.0,3137245000.0,-5102335000.0
27/07/2026,44400.0,44400.0,0.0,0.0,45500.0,45500.0,43850.0,572038.0,25601799400.0,0.0,0.0,572038.0,25601799400.0,-218118.0,77318.0,25200.0,140800.0,-9819658050.0,3425018200.0,1124350000.0,6394639850.0
24/07/2026,44400.0,44500.0,-100.0,-0.00224719,44000.0,44750.0,44000.0,306554.0,13589811750.0,0.0,0.0,306554.0,13589811750.0,-53768.0,52999.0,3900.0,769.0,-2387615450.0,2353744600.0,173160000.0,33870850.0
23/07/2026,44500.0,43850.0,650.0,0.01482326,43900.0,45000.0,42500.0,799568.0,34822511200.0,0.0,0.0,799568.0,34822511200.0,-12489.0,12348.0,13400.0,141.0,-528117300.0,520845700.0,578960000.0,7271600.0
22/07/2026,43850.0,45600.0,-1750.0,-0.03837719,46000.0,46100.0,43850.0,1109573.0,49366875150.0,0.0,0.0,1109573.0,49366875150.0,203255.0,-62255.0,22400.0,-141000.0,8912478400.0,-2576663400.0,1001140000.0,-6335815000.0
21/07/2026,45600.0,45450.0,150.0,0.00330033,45400.0,46300.0,45150.0,401560.0,18306136450.0,0.0,0.0,401560.0,18306136450.0,-53085.0,52895.0,16000.0,190.0,-2415798599.0,2407159800.0,738585000.0,8638800.0
20/07/2026,45450.0,46250.0,-800.0,-0.0172973,46550.0,46550.0,45400.0,553363.0,25371004950.0,0.0,0.0,553363.0,25371004950.0,-22895.0,23505.0,-115500.0,-610.0,-1077133850.0,1105459850.0,-5276225000.0,-28326000.0
17/07/2026,46250.0,45850.0,400.0,0.0087241,46000.0,47300.0,46000.0,479369.0,22271351600.0,0.0,0.0,479369.0,22271351600.0,132816.0,-132516.0,0.0,-300.0,6165469950.0,-6151289950.0,0.0,-14180000.0
16/07/2026,45850.0,46200.0,-350.0,-0.00757576,46200.0,46300.0,45300.0,496845.0,22708939450.0,0.0,0.0,496845.0,22708939450.0,17848.0,-18333.0,120500.0,485.0,811155451.0,-833566700.0,5495410000.0,22411250.0
15/07/2026,46200.0,46150.0,50.0,0.00108342,46500.0,46550.0,46150.0,198992.0,9212825650.0,0.0,0.0,198992.0,9212825650.0,-32974.0,33064.0,-2800.0,-90.0,-1526590500.0,1530757000.0,-129695000.0,-4166500.0
14/07/2026,46150.0,46150.0,0.0,0.0,46200.0,46500.0,46050.0,380376.0,17569620850.0,0.0,0.0,380376.0,17569620850.0,69658.0,-71088.0,15600.0,1430.0,3215345600.0,-3281343100.0,719800000.0,65997500.0
13/07/2026,46150.0,47000.0,-850.0,-0.01808511,47100.0,47100.0,46100.0,648733.0,30166434100.0,0.0,0.0,648733.0,30166434100.0,-73569.0,74144.0,42400.0,-575.0,-3413209500.0,3439790100.0,1982880000.0,-26580600.0
10/07/2026,47000.0,47200.0,-200.0,-0.00423729,47250.0,47600.0,47000.0,316667.0,14930671500.0,0.0,0.0,316667.0,14930671500.0,767.0,-1188.0,11500.0,421.0,37912199.0,-57835300.0,543925000.0,19923100.0
09/07/2026,47200.0,47200.0,0.0,0.0,47200.0,47500.0,47200.0,379874.0,17957206150.0,0.0,0.0,379874.0,17957206150.0,37387.0,-38509.0,62000.0,1122.0,1759765801.0,-1812830850.0,2936300000.0,53065050.0
08/07/2026,47200.0,47450.0,-250.0,-0.0052687,47750.0,47750.0,47000.0,485990.0,22945570600.0,0.0,0.0,485990.0,22945570600.0,174827.0,-173487.0,-8800.0,-1340.0,8239423500.0,-8176421900.0,-412850000.0,-63001600.0
07/07/2026,47450.0,47250.0,200.0,0.0042328,47250.0,47750.0,46800.0,575636.0,27094518600.0,0.0,0.0,575636.0,27094518600.0,121546.0,-123640.0,8400.0,2094.0,5735087150.0,-5834030150.0,395385000.0,98943000.0
06/07/2026,47250.0,48800.0,-1550.0,-0.0317623,48800.0,48900.0,46800.0,1127069.0,53771175450.0,40099.0,1913407800.0,1167168.0,55684583250.0,106378.0,-109495.0,10600.0,3117.0,5155244400.0,-5306955700.0,505250000.0,151711300.0
03/07/2026,48800.0,49650.0,-850.0,-0.01711984,49500.0,49700.0,48800.0,734216.0,36093280900.0,0.0,0.0,734216.0,36093280900.0,109549.0,-108295.0,0.0,-1254.0,5399485100.0,-5337014700.0,0.0,-62470400.0
02/07/2026,49650.0,49900.0,-250.0,-0.00501002,49900.0,50100.0,49650.0,284458.0,14189004700.0,0.0,0.0,284458.0,14189004700.0,31189.0,-29035.0,-5600.0,-2154.0,1553230600.0,-1446011700.0,-278755000.0,-107218900.0
01/07/2026,49900.0,49650.0,250.0,0.00503525,50400.0,50400.0,49700.0,231911.0,11589752200.0,2986818.0,149490240900.0,3218729.0,161079993100.0,37068.0,-62482.0,0.0,25414.0,1846661949.0,-3124805950.0,0.0,1278144000.0
30/06/2026,49650.0,49750.0,-100.0,-0.00201005,49750.0,50400.0,49500.0,324193.0,16201023150.0,0.0,0.0,324193.0,16201023150.0,-52371.0,13981.0,0.0,38390.0,-2627087900.0,699532900.0,0.0,1927555000.0
29/06/2026,49750.0,49200.0,550.0,0.01117886,49100.0,49850.0,49100.0,297791.0,14756819500.0,0.0,0.0,297791.0,14756819500.0,24288.0,-41183.0,2800.0,16895.0,1206299150.0,-2046251850.0,139150000.0,839952700.0
26/06/2026,49200.0,49850.0,-650.0,-0.01303912,49850.0,49900.0,49200.0,448977.0,22231182050.0,3106818.0,154892877300.0,3555795.0,177124059350.0,6294.0,19110.0,2800.0,-25404.0,309158400.0,954071000.0,138740000.0,-1263229400.0
25/06/2026,49850.0,50300.0,-450.0,-0.00894632,50400.0,50400.0,49850.0,427856.0,21379245050.0,0.0,0.0,427856.0,21379245050.0,91137.0,-72796.0,-2700.0,-18341.0,4553058350.0,-3636002250.0,-134680000.0,-917056100.0
24/06/2026,50300.0,50600.0,-300.0,-0.00592885,50400.0,50800.0,50100.0,233592.0,11746837400.0,0.0,0.0,233592.0,11746837400.0,-24501.0,64501.0,-5600.0,-40000.0,-1229384800.0,3241055500.0,-281960000.0,-2011670700.0
23/06/2026,50600.0,51200.0,-600.0,-0.01171875,51200.0,51200.0,50300.0,294598.0,14957211100.0,0.0,0.0,294598.0,14957211100.0,-44627.0,45027.0,-16800.0,-400.0,-2278796500.0,2299276500.0,-853440000.0,-20480000.0
22/06/2026,51200.0,50400.0,800.0,0.01587302,50800.0,51200.0,50300.0,313908.0,15904474700.0,0.0,0.0,313908.0,15904474700.0,59189.0,-64320.0,8400.0,5131.0,2989214500.0,-3249866200.0,423980000.0,260651700.0
19/06/2026,50400.0,50500.0,-100.0,-0.0019802,50700.0,50700.0,50400.0,226608.0,11440029500.0,0.0,0.0,226608.0,11440029500.0,6420.0,-6420.0,2800.0,0.0,324743400.0,-324743400.0,141120000.0,0.0
18/06/2026,50500.0,50900.0,-400.0,-0.00785855,50700.0,50900.0,50500.0,267744.0,13552610900.0,0.0,0.0,267744.0,13552610900.0,80398.0,-80398.0,600.0,0.0,4067557600.0,-4067557600.0,31220000.0,0.0
17/06/2026,50900.0,50900.0,0.0,0.0,50800.0,51000.0,50600.0,307438.0,15624372700.0,0.0,0.0,307438.0,15624372700.0,47470.0,-42339.0,17700.0,-5131.0,2413198000.0,-2152590100.0,899410000.0,-260607900.0
16/06/2026,50900.0,51000.0,-100.0,-0.00196078,51100.0,51100.0,50600.0,337439.0,17128282000.0,0.0,0.0,337439.0,17128282000.0,-91707.0,91707.0,-32600.0,0.0,-4649808100.0,4649808100.0,-1656160000.0,0.0
15/06/2026,51000.0,50400.0,600.0,0.01190476,50600.0,51000.0,50400.0,441761.0,22387061700.0,0.0,0.0,441761.0,22387061700.0,59417.0,-59417.0,-36400.0,0.0,3006949800.0,-3006949800.0,-1845060000.0,0.0
12/06/2026,50400.0,50600.0,-200.0,-0.00395257,50700.0,50900.0,50200.0,301687.0,15217437200.0,0.0,0.0,301687.0,15217437200.0,126806.0,-126824.0,-15900.0,18.0,6389774201.0,-6390686800.0,-803700000.0,912600.0
11/06/2026,50600.0,50300.0,300.0,0.00596421,50300.0,51000.0,50300.0,252079.0,12779761300.0,0.0,0.0,252079.0,12779761300.0,44290.0,-46378.0,-8400.0,2088.0,2230446200.0,-2335465500.0,-424200000.0,105019300.0
10/06/2026,50300.0,50200.0,100.0,0.00199203,50000.0,50500.0,50000.0,466306.0,23385025400.0,0.0,0.0,466306.0,23385025400.0,-83563.0,83563.0,34200.0,0.0,-4179654701.0,4179654700.0,1716990000.0,0.0
09/06/2026,50200.0,50200.0,0.0,0.0,50300.0,50700.0,50000.0,334070.0,16754464800.0,0.0,0.0,334070.0,16754464800.0,154368.0,-154368.0,8400.0,0.0,7739149300.0,-7739149300.0,420840000.0,0.0
08/06/2026,50200.0,50900.0,-700.0,-0.01375246,50900.0,50900.0,50200.0,518271.0,26098787600.0,0.0,0.0,518271.0,26098787600.0,-126031.0,130031.0,2800.0,-4000.0,-6340359600.0,6543959600.0,140840000.0,-203600000.0
05/06/2026,50900.0,51200.0,-300.0,-0.00585938,51200.0,51300.0,50800.0,180738.0,9205410100.0,0.0,0.0,180738.0,9205410100.0,4809.0,-4609.0,-2800.0,-200.0,244756200.0,-234516200.0,-142520000.0,-10240000.0
04/06/2026,51200.0,51200.0,0.0,0.0,51300.0,51400.0,50800.0,202591.0,10357591700.0,0.0,0.0,202591.0,10357591700.0,-75391.0,75678.0,-5600.0,-287.0,-3859915700.0,3874647500.0,-285040000.0,-14731800.0
03/06/2026,51200.0,50500.0,700.0,0.01386139,50500.0,51300.0,50500.0,291212.0,14837780200.0,0.0,0.0,291212.0,14837780200.0,-29695.0,29795.0,8600.0,-100.0,-1507128100.0,1512228100.0,438850000.0,-5100000.0
02/06/2026,50500.0,51200.0,-700.0,-0.01367188,51000.0,51400.0,50400.0,1091188.0,55283175500.0,0.0,0.0,1091188.0,55283175500.0,-250531.0,250531.0,6400.0,0.0,-12684928600.0,12684928600.0,323180000.0,0.0
01/06/2026,51200.0,52700.0,-1500.0,-0.028463,52700.0,53100.0,51200.0,1114040.0,57542391100.0,0.0,0.0,1114040.0,57542391100.0,291734.0,-291334.0,-199700.0,-400.0,15087916001.0,-15067276000.0,-10360690000.0,-20640000.0
29/05/2026,52700.0,53000.0,-300.0,-0.00566038,53100.0,53100.0,52300.0,398559.0,20951101100.0,0.0,0.0,398559.0,20951101100.0,45208.0,-45546.0,300.0,338.0,2376482300.0,-2394400900.0,16150000.0,17918600.0
28/05/2026,53000.0,53300.0,-300.0,-0.00562852,53500.0,53700.0,53000.0,399297.0,21302479400.0,0.0,0.0,399297.0,21302479400.0,-21686.0,21177.0,900.0,509.0,-1153967300.0,1126796900.0,47920000.0,27170400.0
27/05/2026,53300.0,52800.0,500.0,0.0094697,53200.0,53300.0,52800.0,401659.0,21333525300.0,0.0,0.0,401659.0,21333525300.0,24488.0,-26693.0,-8400.0,2205.0,1304220900.0,-1421505900.0,-445760000.0,117285000.0
26/05/2026,52800.0,52400.0,400.0,0.00763359,52500.0,53000.0,52400.0,307609.0,16214539500.0,0.0,0.0,307609.0,16214539500.0,-29189.0,15625.0,-8400.0,13564.0,-1553983600.0,839627300.0,-441330000.0,714356300.0
25/05/2026,52400.0,52600.0,-200.0,-0.00380228,52700.0,53300.0,52300.0,388537.0,20447539400.0,0.0,0.0,388537.0,20447539400.0,11870.0,-28876.0,0.0,17006.0,636651700.0,-1532767500.0,0.0,896115800.0
22/05/2026,52600.0,53300.0,-700.0,-0.01313321,52600.0,53200.0,52200.0,632358.0,33322297900.0,0.0,0.0,632358.0,33322297900.0,174246.0,-214093.0,11200.0,39847.0,9185444200.0,-11296223700.0,588000000.0,2110779500.0
21/05/2026,53300.0,53500.0,-200.0,-0.00373832,54000.0,54000.0,52900.0,462536.0,24632953800.0,0.0,0.0,462536.0,24632953800.0,-150107.0,166050.0,-14200.0,-15943.0,-7984905800.0,8833251600.0,-754020000.0,-848345800.0
20/05/2026,53500.0,53700.0,-200.0,-0.00372439,53900.0,54800.0,52800.0,969341.0,52154841100.0,0.0,0.0,969341.0,52154841100.0,-3908.0,18417.0,188800.0,-14509.0,-217985200.0,1000593400.0,10161780000.0,-782608200.0
19/05/2026,53700.0,52800.0,900.0,0.01704545,53100.0,53900.0,52900.0,697882.0,37265288200.0,0.0,0.0,697882.0,37265288200.0,27178.0,-11961.0,-8400.0,-15217.0,1470266200.0,-658521400.0,-450240000.0,-811744800.0
18/05/2026,52800.0,52400.0,364.0,0.0069418,53000.0,53300.0,52400.0,642777.0,33948473300.0,0.0,0.0,642777.0,33948473300.0,179271.0,-156371.0,-2800.0,-22900.0,9468064600.0,-8253040800.0,-147030000.0,-1215023800.0
15/05/2026,52436.88,60500.0,-200.0,-0.00330579,52784.72,52871.68,52262.96,707411.0,42733331800.0,0.0,0.0,707411.0,42733331800.0,5090.0,-5490.0,-16800.0,400.0,300418700.0,-324658700.0,-1017360000.0,24240000.0
14/05/2026,52610.8,60900.0,-400.0,-0.00656814,52610.8,53132.56,52523.84,893872.0,54189950700.0,0.0,0.0,893872.0,54189950700.0,278610.0,-278710.0,-12000.0,100.0,16901483900.0,-16907533900.0,-727290000.0,6050000.0
13/05/2026,52958.64,61200.0,-300.0,-0.00490196,53393.44,53393.44,52610.8,846645.0,51449729300.0,0.0,0.0,846645.0,51449729300.0,105354.0,-100454.0,-1300.0,-4900.0,6398526100.0,-6098266100.0,-79580000.0,-300260000.0
12/05/2026,53219.52,61100.0,100.0,0.00163666,53480.4,53828.24,52958.64,596698.0,36492795700.0,0.0,0.0,596698.0,36492795700.0,-114194.0,75694.0,47600.0,38500.0,-6983956000.0,4620011800.0,2910900000.0,2363944200.0
11/05/2026,53132.56,61000.0,100.0,0.00163934,53828.24,53828.24,52958.64,519630.0,31777542000.0,0.0,0.0,519630.0,31777542000.0,49482.0,-96457.0,9600.0,46975.0,3013069499.0,-5905782800.0,587120000.0,2892713300.0
08/05/2026,53045.6,61400.0,-400.0,-0.00651466,53915.2,53915.2,52871.68,833966.0,51002998500.0,0.0,0.0,833966.0,51002998500.0,119604.0,-173554.0,-9600.0,53950.0,7308601900.0,-10608737100.0,-586360000.0,3300135200.0
07/05/2026,53393.44,61500.0,-100.0,-0.00162602,53480.4,54350.0,53306.48,990592.0,61378625800.0,0.0,0.0,990592.0,61378625800.0,-260327.0,202319.0,-16400.0,58008.0,-16194340899.0,12602354100.0,-1015200000.0,3591986800.0
06/05/2026,53480.4,60800.0,700.0,0.01151316,52871.68,53567.36,52871.68,398194.0,24385400600.0,0.0,0.0,398194.0,24385400600.0,-48969.0,51606.0,0.0,-2637.0,-2997812600.0,3176943500.0,0.0,-179130900.0
05/05/2026,52871.68,61200.0,-400.0,-0.00653595,53219.52,53567.36,52697.76,451771.0,27581887900.0,0.0,0.0,451771.0,27581887900.0,23507.0,-22311.0,0.0,-1196.0,1431791401.0,-1357906600.0,0.0,-73884800.0
04/05/2026,53219.52,60300.0,900.0,0.01492537,52697.76,53567.36,52697.76,539839.0,33014693300.0,0.0,0.0,539839.0,33014693300.0,39677.0,109819.0,5600.0,-149496.0,2436694900.0,6700870300.0,341610000.0,-9137565200.0
29/04/2026,52436.88,60000.0,300.0,0.005,52176.0,53393.44,52176.0,935344.0,56802330600.0,0.0,0.0,935344.0,56802330600.0,149602.0,-105502.0,50000.0,-44100.0,9020509300.0,-6319789300.0,3045800000.0,-2700720000.0
28/04/2026,52176.0,62300.0,-2300.0,-0.03691814,54697.84,54697.84,52176.0,1841527.0,112845749200.0,0.0,0.0,1841527.0,112845749200.0,-599778.0,567591.0,0.0,32187.0,-36668267800.0,34650668500.0,0.0,2017599300.0
24/04/2026,54176.08,62200.0,100.0,0.00160772,54523.92,54610.88,53828.24,528791.0,32947789400.0,0.0,0.0,528791.0,32947789400.0,13517.0,-31826.0,0.0,18309.0,829296699.0,-1976380000.0,0.0,1147083300.0
23/04/2026,54089.12,64800.0,-2600.0,-0.04012346,56524.0,56524.0,53915.2,1873165.0,118050853100.0,3300.0,211950000.0,1876465.0,118262803100.0,-69434.0,30785.0,-8000.0,38649.0,-4485925499.0,1992499900.0,-501240000.0,2493425600.0
22/04/2026,56350.08,64800.0,0.0,0.0,56697.92,56697.92,55915.28,777021.0,50287112200.0,0.0,0.0,777021.0,50287112200.0,-303467.0,230267.0,47400.0,73200.0,-19642452300.0,14869812300.0,3063060000.0,4772640000.0
21/04/2026,56350.08,65300.0,-500.0,-0.00765697,57393.6,57393.6,56089.2,1085452.0,70630198500.0,0.0,0.0,1085452.0,70630198500.0,-646601.0,650101.0,202800.0,-3500.0,-42019411000.0,42248411000.0,13249260000.0,-229000000.0
20/04/2026,56784.88,64400.0,900.0,0.01397516,55828.32,56958.8,55654.4,1357955.0,88467312600.0,0.0,0.0,1357955.0,88467312600.0,-881796.0,967945.0,200200.0,-86149.0,-57432799299.0,63049316300.0,13054670000.0,-5616517000.0
17/04/2026,56002.24,64500.0,-100.0,-0.00155039,56350.08,56350.08,55654.4,570629.0,36726965400.0,0.0,0.0,570629.0,36726965400.0,-9993.0,81693.0,0.0,-71700.0,-628268600.0,5234978600.0,0.0,-4606710000.0
16/04/2026,56089.2,64900.0,-400.0,-0.00616333,56437.04,56871.84,55654.4,725150.0,46754624400.0,0.0,0.0,725150.0,46754624400.0,78510.0,-77810.0,8600.0,-700.0,5035499300.0,-4990669300.0,569360000.0,-44830000.0
15/04/2026,56437.04,65900.0,-1000.0,-0.01517451,58089.28,58089.28,56089.2,1039765.0,68115187400.0,0.0,0.0,1039765.0,68115187400.0,-172419.0,129719.0,101600.0,42700.0,-11273444900.0,8422014900.0,6686380000.0,2851430000.0
14/04/2026,57306.64,66500.0,-600.0,-0.00902256,57828.4,58263.2,57306.64,874682.0,57867344500.0,0.0,0.0,874682.0,57867344500.0,-128120.0,128120.0,1100.0,0.0,-8463554800.0,8463554799.0,72820000.0,0.0
13/04/2026,57828.4,65800.0,700.0,0.0106383,57567.52,58437.12,57480.56,828805.0,55212162500.0,0.0,0.0,828805.0,55212162500.0,20238.0,-20738.0,-14000.0,500.0,1361297300.0,-1394597300.0,-933830000.0,33300000.0
10/04/2026,57219.68,65500.0,300.0,0.00458015,56871.84,57567.52,56610.96,864865.0,56684850700.0,0.0,0.0,864865.0,56684850700.0,-87720.0,131220.0,-71900.0,-43500.0,-5730583000.0,8602283000.0,-4702810000.0,-2871700000.0
09/04/2026,56958.8,66700.0,-1200.0,-0.017991,58524.08,58524.08,56871.84,1010895.0,66823581300.0,2000.0,133000000.0,1012895.0,66956581300.0,35549.0,-110549.0,-26000.0,75000.0,2292100600.0,-7339880600.0,-1729010000.0,5047780000.0
08/04/2026,58002.32,65200.0,1500.0,0.02300613,57567.52,58263.2,57132.72,1460662.0,97203300600.0,0.0,0.0,1460662.0,97203300600.0,33569.0,-91369.0,1800.0,57800.0,2301260500.0,-6090680500.0,119800000.0,3789420000.0
07/04/2026,56697.92,64400.0,800.0,0.01242236,57132.72,57393.6,56002.24,890979.0,57994787100.0,0.0,0.0,890979.0,57994787100.0,1217.0,-144817.0,-24500.0,143600.0,26096100.0,-9460616100.0,-1598110000.0,9434520000.0
06/04/2026,56002.24,64400.0,0.0,0.0,56958.8,57045.76,55741.36,1121686.0,72602085100.0,0.0,0.0,1121686.0,72602085100.0,80760.0,-117160.0,-5500.0,36400.0,5152732500.0,-7537382500.0,-353810000.0,2384650000.0
03/04/2026,56002.24,66300.0,-1900.0,-0.02865762,58263.2,58611.04,56002.24,2351861.0,154041384600.0,0.0,0.0,2351861.0,154041384600.0,-134479.0,267779.0,44100.0,-133300.0,-8672812601.0,17379302600.0,2888350000.0,-8706490000.0
02/04/2026,57654.48,67400.0,-1100.0,-0.01632047,58611.04,59393.68,57393.6,1855167.0,123892827200.0,0.0,0.0,1855167.0,123892827200.0,291457.0,-150457.0,-194700.0,-141000.0,19500422900.0,-10091512900.0,-13057910000.0,-9408910000.0
01/04/2026,58611.04,68500.0,-1100.0,-0.01605839,60872.0,61306.8,58611.04,1828904.0,125722065900.0,0.0,0.0,1828904.0,125722065900.0,-190129.0,168844.0,-21400.0,21285.0,-13050084700.0,11566149500.0,-1462510000.0,1483935200.0
31/03/2026,59567.6,70000.0,-1500.0,-0.02142857,60872.0,61741.6,59480.64,2467571.0,171090738600.0,500000.0,35700000000.0,2967571.0,206790738600.0,648397.0,-653378.0,-18400.0,4981.0,44888093800.0,-45210435800.0,-1279880000.0,322341700.0
30/03/2026,60872.0,71700.0,-1700.0,-0.0237099,62350.32,64524.32,60872.0,3183625.0,230551297900.0,0.0,0.0,3183625.0,230551297900.0,161076.0,-320133.0,-4000.0,159057.0,11581127800.0,-22951219800.0,-289940000.0,11370092500.0
27/03/2026,62350.32,71700.0,0.0,0.0,61741.6,63046.0,61132.88,1683460.0,120050621500.0,260000.0,17446000000.0,1943460.0,137496621500.0,337944.0,-332511.0,-329400.0,-5433.0,24056605400.0,-23662658400.0,-23437320000.0,-393946100.0
26/03/2026,62350.32,70900.0,800.0,0.0112835,63046.0,63046.0,61654.64,2077508.0,148456455900.0,0.0,0.0,2077508.0,148456455900.0,441543.0,-407710.0,-449800.0,-33833.0,31585064601.0,-29148352600.0,-32086380000.0,-2436711300.0
25/03/2026,61654.64,66300.0,4600.0,0.0693816,58002.32,61654.64,57654.48,3863595.0,270645567400.0,0.0,0.0,3863595.0,270645567400.0,-135536.0,317526.0,-7800.0,-181990.0,-10027497299.0,22830184300.0,-553020000.0,-12802687000.0
24/03/2026,57654.48,65000.0,1300.0,0.02,58089.28,58698.0,56784.88,1046112.0,69288794500.0,260000.0,17316000000.0,1306112.0,86604794500.0,-30779.0,26764.0,200.0,4015.0,-1945746500.0,1677566500.0,13170000.0,268179200.0
23/03/2026,56524.0,67400.0,-2400.0,-0.03560831,58698.0,60611.12,55654.4,1876532.0,124806759500.0,0.0,0.0,1876532.0,124806759500.0,17062.0,-17062.0,18700.0,0.0,987907600.0,-987907600.0,1238560000.0,0.0
20/03/2026,58611.04,65400.0,2000.0,0.03058104,56871.84,60785.04,56610.96,3782188.0,257110266700.0,0.0,0.0,3782188.0,257110266700.0,440679.0,-439597.0,-43900.0,-1082.0,29914988400.0,-29839930400.0,-2841930000.0,-75058000.0
19/03/2026,56871.84,64000.0,1400.0,0.021875,54871.76,57828.4,54523.92,2127354.0,138351310600.0,0.0,0.0,2127354.0,138351310600.0,-205365.0,211365.0,-39000.0,-6000.0,-13242899200.0,13632599200.0,-2538900000.0,-389700000.0
18/03/2026,55654.4,63000.0,1000.0,0.01587302,54523.92,55828.32,53915.2,784027.0,49634406400.0,0.0,0.0,784027.0,49634406400.0,-103070.0,103070.0,0.0,0.0,-6567481300.0,6567481300.0,-2860000.0,0.0
17/03/2026,54784.8,63400.0,-400.0,-0.00630915,55132.64,55219.6,54350.0,625909.0,39466386500.0,0.0,0.0,625909.0,39466386500.0,115277.0,-115277.0,26000.0,0.0,7262477200.0,-7262477200.0,1639480000.0,0.0
16/03/2026,55132.64,63800.0,-400.0,-0.00626959,56350.08,56350.08,53915.2,1021816.0,64772820700.0,0.0,0.0,1021816.0,64772820700.0,-124250.0,67553.0,0.0,56697.0,-7921725901.0,4247888900.0,0.0,3673837800.0
13/03/2026,55480.48,62500.0,1300.0,0.0208,54610.88,56176.16,54436.96,1163231.0,73977466300.0,0.0,0.0,1163231.0,73977466300.0,60479.0,-60619.0,19800.0,140.0,3817872800.0,-3826664799.0,1258100000.0,8792000.0
12/03/2026,54350.0,60400.0,2100.0,0.03476821,52262.96,54784.8,51306.4,1521650.0,93388309600.0,0.0,0.0,1521650.0,93388309600.0,-43840.0,43732.0,27600.0,108.0,-2721763000.0,2715270000.0,1717720000.0,6493200.0
11/03/2026,52523.84,59600.0,800.0,0.01342282,52002.08,52871.68,51741.2,794684.0,47760752800.0,0.0,0.0,794684.0,47760752800.0,168857.0,-112165.0,-5100.0,-56692.0,10135355599.0,-6733545600.0,-305210000.0,-3401809200.0
10/03/2026,51828.16,57700.0,1900.0,0.03292894,51306.4,52176.0,50958.56,1095727.0,64910963600.0,0.0,0.0,1095727.0,64910963600.0,85966.0,-85821.0,5100.0,-145.0,5110153300.0,-5101677300.0,299400000.0,-8476100.0
09/03/2026,50175.92,62000.0,-4300.0,-0.06935484,52176.0,52262.96,50175.92,2304152.0,133728718000.0,0.0,0.0,2304152.0,133728718000.0,-299254.0,298770.0,10000.0,484.0,-17382968900.0,17353442900.0,582790000.0,29526000.0
06/03/2026,53915.2,63500.0,-1500.0,-0.02362205,55567.44,55567.44,53045.6,969748.0,60810853300.0,0.0,0.0,969748.0,60810853300.0,62494.0,-67134.0,5200.0,4640.0,3933547599.0,-4230031600.0,329420000.0,296484000.0
05/03/2026,55219.6,64500.0,-1000.0,-0.01550388,56350.08,56871.84,55219.6,719328.0,46375998800.0,54900.0,3611871000.0,774228.0,49987869800.0,52944.0,-57504.0,-54400.0,4560.0,3380678400.0,-3676125400.0,-3505320000.0,295447700.0
04/03/2026,56089.2,64500.0,0.0,0.0,56089.2,57915.36,54784.8,2129278.0,138447741500.0,0.0,0.0,2129278.0,138447741500.0,107588.0,-106996.0,4600.0,-592.0,6869513000.0,-6830534000.0,287380000.0,-38979300.0
03/03/2026,56089.2,64300.0,200.0,0.00311042,56524.0,56784.88,55567.44,1075979.0,69275988600.0,0.0,0.0,1075979.0,69275988600.0,281310.0,-276675.0,-4800.0,-4635.0,18084292300.0,-17785121300.0,-308450000.0,-299171500.0
02/03/2026,55915.28,61800.0,2500.0,0.04045307,53654.32,56871.84,52610.8,2056674.0,130363470900.0,0.0,0.0,2056674.0,130363470900.0,95314.0,-91349.0,-5600.0,-3965.0,6013293100.0,-5768048100.0,-336480000.0,-245245000.0
27/02/2026,53741.28,62200.0,-400.0,-0.00643087,54176.08,54176.08,53480.4,269188.0,16658513500.0,0.0,0.0,269188.0,16658513500.0,50916.0,-50316.0,-24100.0,-600.0,3148526001.0,-3111386000.0,-1487130000.0,-37140000.0
26/02/2026,54089.12,62000.0,202.0,0.00325817,54436.96,54436.96,53654.32,346022.0,21470127000.0,0.0,0.0,346022.0,21470127000.0,33742.0,-33742.0,18200.0,0.0,2096722900.0,-2096722900.0,1132040000.0,0.0
25/02/2026,53913.72168,62300.0,700.0,0.01123596,53400.257664,53913.72168,53314.680328,859504.0,53979557200.0,0.0,0.0,859504.0,53979557200.0,-123258.0,123258.0,-65000.0,0.0,-7718459600.0,7718459600.0,-4079700000.0,0.0
24/02/2026,53314.680328,62000.0,300.0,0.00483871,53057.94832,53400.257664,52972.370984,569649.0,35409148100.0,0.0,0.0,569649.0,35409148100.0,-23280.0,19280.0,-16500.0,4000.0,-1444378500.0,1195578500.0,-1024210000.0,248800000.0
23/02/2026,53057.94832,61600.0,400.0,0.00649351,53057.94832,53314.680328,52886.793648,364621.0,22648912000.0,66800.0,4141600000.0,431421.0,26790512000.0,-53005.0,53005.0,10000.0,0.0,-3303053000.0,3303053000.0,622140000.0,0.0
13/02/2026,52715.638976,62000.0,-400.0,-0.00645161,53057.94832,53057.94832,52715.638976,174779.0,10798838700.0,50000.0,3110000000.0,224779.0,13908838700.0,-41461.0,41461.0,17600.0,0.0,-2557864700.0,2557864700.0,1087750000.0,0.0
12/02/2026,53057.94832,61800.0,200.0,0.00323625,52886.793648,53057.94832,52630.06164,236686.0,14616639200.0,0.0,0.0,236686.0,14616639200.0,-119026.0,123026.0,98400.0,-4000.0,-7354280300.0,7600670300.0,6083680000.0,-246390000.0
11/02/2026,52886.793648,60500.0,1300.0,0.0214876,51774.28828,52886.793648,51774.28828,243083.0,14919511200.0,50000.0,3110000000.0,293083.0,18029511200.0,-97637.0,97637.0,124800.0,0.0,-5992500500.0,5992500500.0,7672680000.0,0.0
10/02/2026,51774.28828,61400.0,-900.0,-0.01465798,52544.484304,52630.06164,51774.28828,746776.0,45459791000.0,0.0,0.0,746776.0,45459791000.0,160163.0,-160177.0,16300.0,14.0,9708546600.0,-9709407600.0,994710000.0,861000.0
09/02/2026,52544.484304,61300.0,100.0,0.00163132,53057.94832,53143.525656,52458.906968,312227.0,19221288500.0,0.0,0.0,312227.0,19221288500.0,-29253.0,29253.0,7000.0,0.0,-1791210000.0,1791210000.0,430540000.0,0.0
06/02/2026,52458.906968,62100.0,-800.0,-0.01288245,53400.257664,53400.257664,52458.906968,647224.0,39934268200.0,0.0,0.0,647224.0,39934268200.0,16123.0,-66059.0,15800.0,49936.0,965587400.0,-4081612400.0,974600000.0,3116025400.0
05/02/2026,53143.525656,62600.0,-500.0,-0.00798722,53828.144344,53828.144344,53143.525656,417273.0,26081346100.0,0.0,0.0,417273.0,26081346100.0,30716.0,-30716.0,57400.0,0.0,1919378399.0,-1919378400.0,3588320000.0,0.0
04/02/2026,53571.412336,62700.0,-100.0,-0.0015949,53828.144344,53913.72168,53057.94832,514594.0,32169363300.0,0.0,0.0,514594.0,32169363300.0,15293.0,-15343.0,-75110.0,50.0,968112900.0,-971262900.0,-4688205000.0,3150000.0
03/02/2026,53656.989672,61200.0,1500.0,0.0245098,52801.216312,53742.567008,52630.06164,759555.0,47267801400.0,465000.0,28876500000.0,1224555.0,76144301400.0,27895.0,22055.0,40200.0,-49950.0,1710405000.0,1383325000.0,2504840000.0,-3093730000.0
02/02/2026,52373.329632,62100.0,-900.0,-0.01449275,53229.102992,53229.102992,52202.17496,1191503.0,73072042500.0,0.0,0.0,1191503.0,73072042500.0,192282.0,-192382.0,-10200.0,100.0,11686074900.0,-11692294900.0,-628120000.0,6220000.0
30/01/2026,53143.525656,62000.0,100.0,0.0016129,53400.257664,53485.835,52886.793648,741542.0,46059435900.0,65000.0,4291885000.0,806542.0,50351320900.0,-10633.0,10633.0,203000.0,0.0,-660824400.0,660824400.0,12606300000.0,0.0
29/01/2026,53057.94832,61800.0,200.0,0.00323625,53143.525656,53913.72168,52886.793648,706221.0,43944580900.0,0.0,0.0,706221.0,43944580900.0,-59805.0,-52395.0,-7500.0,112200.0,-3783463000.0,-3263927000.0,-465660000.0,7047390000.0
28/01/2026,52886.793648,62400.0,-600.0,-0.00961538,53742.567008,53742.567008,52801.216312,535149.0,33181588400.0,0.0,0.0,535149.0,33181588400.0,34335.0,-34335.0,-57245.0,0.0,2130407900.0,-2130407900.0,-3548690000.0,0.0
27/01/2026,53400.257664,61800.0,600.0,0.00970874,52886.793648,53400.257664,52886.793648,319589.0,19836960000.0,0.0,0.0,319589.0,19836960000.0,68204.0,-68204.0,-48400.0,0.0,4234523400.0,-4234523400.0,-3007320000.0,0.0
26/01/2026,52886.793648,62800.0,-1000.0,-0.01592357,53999.299016,54084.876352,52801.216312,716447.0,44585503700.0,0.0,0.0,716447.0,44585503700.0,63139.0,49139.0,-61800.0,-112278.0,3926369101.0,3097538900.0,-3822820000.0,-7023908800.0
23/01/2026,53742.567008,63200.0,-400.0,-0.00632911,54427.185696,54683.917704,53742.567008,416118.0,26332830800.0,0.0,0.0,416118.0,26332830800.0,9652.0,-15152.0,32300.0,5500.0,608252400.0,-958052400.0,2048900000.0,349800000.0
22/01/2026,54084.876352,62100.0,1100.0,0.01771337,53999.299016,54683.917704,53656.989672,826134.0,52345746600.0,0.0,0.0,826134.0,52345746600.0,78627.0,-201427.0,-36000.0,122800.0,4991873599.0,-12757573600.0,-2283610000.0,7765700000.0
21/01/2026,53143.525656,62800.0,-700.0,-0.0111465,53656.989672,53742.567008,53057.94832,611720.0,38067404300.0,0.0,0.0,611720.0,38067404300.0,50041.0,-50041.0,-30300.0,0.0,3110030900.0,-3110030900.0,-1885920000.0,0.0
20/01/2026,53742.567008,63300.0,-500.0,-0.00789889,54256.031024,54598.340368,53656.989672,764294.0,48222593600.0,0.0,0.0,764294.0,48222593600.0,261957.0,-256385.0,-176000.0,-5572.0,16533671000.0,-16183735000.0,-11089620000.0,-349936000.0
19/01/2026,54170.453688,63700.0,-400.0,-0.00627943,54769.49504,55710.845736,53913.72168,755758.0,48274222000.0,0.0,0.0,755758.0,48274222000.0,-27084.0,149884.0,-54600.0,-122800.0,-1731279400.0,9549649400.0,-3495120000.0,-7818370000.0
16/01/2026,54512.763032,62300.0,1400.0,0.02247191,53314.680328,56053.15508,53314.680328,1135178.0,72311475800.0,0.0,0.0,1135178.0,72311475800.0,29572.0,-29572.0,90400.0,0.0,1805833500.0,-1805833500.0,5809520000.0,0.0
15/01/2026,53314.680328,62300.0,0.0,0.0,53828.144344,53828.144344,53143.525656,586189.0,36649468000.0,0.0,0.0,586189.0,36649468000.0,105838.0,-105838.0,-51400.0,0.0,6626976500.0,-6626976500.0,-3197510000.0,0.0
14/01/2026,53314.680328,62100.0,200.0,0.00322061,53143.525656,54170.453688,53143.525656,1109043.0,69444356200.0,50500.0,3353200000.0,1159543.0,72797556200.0,222995.0,-225895.0,-7800.0,2900.0,13962515200.0,-14142605200.0,-488150000.0,180090000.0
13/01/2026,53143.525656,61500.0,600.0,0.0097561,53742.567008,54256.031024,53057.94832,1178384.0,73533360300.0,0.0,0.0,1178384.0,73533360300.0,-10767.0,-65933.0,32600.0,76700.0,-674925200.0,-4141834800.0,2028020000.0,4816760000.0
12/01/2026,52630.06164,61000.0,500.0,0.00819672,52458.906968,52801.216312,52202.17496,967738.0,59335338600.0,25000.0,1630000000.0,992738.0,60965338600.0,379530.0,-380305.0,-39100.0,775.0,23271552001.0,-23318984000.0,-2392040000.0,47432500.0
09/01/2026,52202.17496,61700.0,-700.0,-0.01134522,53057.94832,53485.835,52202.17496,783443.0,48253036300.0,13.0,746200.0,783456.0,48253782500.0,128738.0,-125838.0,48800.0,-2900.0,7922467501.0,-7742754500.0,3002210000.0,-179712100.0
08/01/2026,52801.216312,62000.0,-300.0,-0.00483871,53057.94832,53400.257664,52630.06164,616451.0,38153782000.0,0.0,0.0,616451.0,38153782000.0,158284.0,-81584.0,91900.0,-76700.0,9790786400.0,-5041826400.0,5681950000.0,-4748960000.0
07/01/2026,53057.94832,61200.0,800.0,0.0130719,52373.329632,53400.257664,52373.329632,639578.0,39526912000.0,0.0,0.0,639578.0,39526912000.0,137985.0,-137310.0,-16800.0,-675.0,8545604900.0,-8504015900.0,-1039880000.0,-41589800.0
06/01/2026,52373.329632,60800.0,400.0,0.00657895,52202.17496,52972.370984,52031.020288,380157.0,23279822900.0,0.0,0.0,380157.0,23279822900.0,-84969.0,84969.0,-39400.0,0.0,-5203681600.0,5203681600.0,-2429110000.0,0.0
05/01/2026,52031.020288,61000.0,-200.0,-0.00327869,52458.906968,53057.94832,52031.020288,745603.0,45693145900.0,0.0,0.0,745603.0,45693145900.0,-259690.0,259790.0,86800.0,-100.0,-15880062000.0,15886192000.0,5323820000.0,-6130000.0
31/12/2025,52202.17496,61200.0,-200.0,-0.00326797,52458.906968,52715.638976,52202.17496,354887.0,21687682000.0,0.0,0.0,354887.0,21687682000.0,22505.0,-22505.0,14600.0,0.0,1358528000.0,-1358528000.0,892620000.0,0.0
30/12/2025,52373.329632,61300.0,-100.0,-0.00163132,52458.906968,52630.06164,52202.17496,232459.0,14228730900.0,0.0,0.0,232459.0,14228730900.0,33103.0,-33103.0,45200.0,0.0,2023237000.0,-2023237000.0,2768810000.0,0.0
29/12/2025,52458.906968,61300.0,0.0,0.0,52458.906968,52630.06164,52116.597624,218388.0,13359601800.0,0.0,0.0,218388.0,13359601800.0,-23344.0,23344.0,9600.0,0.0,-1424828500.0,1424828500.0,587930000.0,0.0
26/12/2025,52458.906968,61400.0,-100.0,-0.00162866,52544.484304,52715.638976,52202.17496,302689.0,18520732000.0,0.0,0.0,302689.0,18520732000.0,-1196.0,1196.0,12000.0,0.0,-79381700.0,79381700.0,735390000.0,0.0
25/12/2025,52544.484304,61000.0,400.0,0.00655738,52202.17496,53057.94832,52116.597624,257251.0,15876217200.0,0.0,0.0,257251.0,15876217200.0,-90645.0,90645.0,4800.0,0.0,-5602134900.0,5602134900.0,297120000.0,0.0
24/12/2025,52202.17496,61400.0,-400.0,-0.00651466,52715.638976,52972.370984,52116.597624,264209.0,16156978500.0,0.0,0.0,264209.0,16156978500.0,51390.0,-51390.0,19200.0,0.0,3143691600.0,-3143691600.0,1174450000.0,0.0
23/12/2025,52544.484304,61900.0,-500.0,-0.00807754,53057.94832,53229.102992,52544.484304,277238.0,17121391400.0,0.0,0.0,277238.0,17121391400.0,70024.0,-70024.0,28400.0,0.0,4318399201.0,-4318399200.0,1754530000.0,0.0
22/12/2025,52972.370984,61900.0,0.0,0.0,53400.257664,53400.257664,52630.06164,303996.0,18801749900.0,0.0,0.0,303996.0,18801749900.0,66655.0,-66655.0,-2600.0,0.0,4128229700.0,-4128229700.0,-160940000.0,0.0
19/12/2025,52972.370984,61500.0,400.0,0.00650407,53571.412336,53571.412336,52715.638976,343327.0,21315417200.0,0.0,0.0,343327.0,21315417200.0,-66537.0,-6063.0,9600.0,72600.0,-4159395000.0,-385365000.0,595200000.0,4544760000.0
18/12/2025,52630.06164,61900.0,-400.0,-0.00646204,52972.370984,53057.94832,52630.06164,332210.0,20475698700.0,0.0,0.0,332210.0,20475698700.0,-121423.0,121423.0,0.0,0.0,-7482745400.0,7482745400.0,0.0,0.0
17/12/2025,52972.370984,62600.0,-700.0,-0.01118211,53571.412336,53828.144344,52972.370984,314633.0,19525308200.0,0.0,0.0,314633.0,19525308200.0,-88286.0,88286.0,4800.0,0.0,-5468871300.0,5468871300.0,297120000.0,0.0
16/12/2025,53571.412336,62300.0,300.0,0.00481541,53143.525656,53742.567008,51774.28828,361501.0,22365354800.0,0.0,0.0,361501.0,22365354800.0,119379.0,-46779.0,0.0,-72600.0,7420413500.0,-2939713500.0,-1200000.0,-4480700000.0
15/12/2025,53314.680328,62300.0,0.0,0.0,53143.525656,53485.835,53143.525656,539070.0,33549274900.0,0.0,0.0,539070.0,33549274900.0,-279786.0,279786.0,3700.0,0.0,-17414993900.0,17414993900.0,230520000.0,0.0
12/12/2025,53314.680328,62700.0,-400.0,-0.00637959,53913.72168,53999.299016,53314.680328,169965.0,10634831200.0,0.0,0.0,169965.0,10634831200.0,60686.0,-64586.0,4800.0,3900.0,3794177000.0,-4039877000.0,300240000.0,245700000.0
11/12/2025,53656.989672,63300.0,-600.0,-0.00947867,54170.453688,54256.031024,53656.989672,100121.0,6298615500.0,0.0,0.0,100121.0,6298615500.0,26106.0,-26106.0,6400.0,0.0,1646156400.0,-1646156400.0,402400000.0,0.0
10/12/2025,54170.453688,62700.0,600.0,0.00956938,54598.340368,54598.340368,53485.835,225881.0,14248771300.0,200000.0,13400000000.0,425881.0,27648771300.0,-57481.0,19081.0,-5800.0,38400.0,-3653663100.0,1203743100.0,-366270000.0,2449920000.0
09/12/2025,53656.989672,63400.0,-700.0,-0.01104101,54769.49504,54769.49504,53571.412336,339965.0,21458110000.0,0.0,0.0,339965.0,21458110000.0,81266.0,-77366.0,6800.0,-3900.0,5086147500.0,-4875397500.0,428900000.0,-210750000.0
08/12/2025,54256.031024,64200.0,-800.0,-0.01246106,54170.453688,55111.804384,54170.453688,267665.0,17000091900.0,0.0,0.0,267665.0,17000091900.0,13302.0,-22250.0,14800.0,8948.0,854181601.0,-1420618600.0,940340000.0,566437200.0
05/12/2025,54940.649712,63900.0,300.0,0.00469484,54769.49504,54940.649712,54512.763032,296400.0,18969523200.0,0.0,0.0,296400.0,18969523200.0,-51088.0,25988.0,0.0,25100.0,-3277293801.0,1669423800.0,-2000000.0,1607870000.0
04/12/2025,54683.917704,64200.0,-300.0,-0.0046729,55539.691064,55539.691064,54512.763032,377930.0,24216281900.0,0.0,0.0,377930.0,24216281900.0,31301.0,7099.0,42200.0,-38400.0,1953129200.0,475550800.0,2702160000.0,-2428680000.0
03/12/2025,54940.649712,63100.0,1100.0,0.01743265,54427.185696,54940.649712,54170.453688,286794.0,18329687500.0,0.0,0.0,286794.0,18329687500.0,-98703.0,98751.0,-49589.0,-48.0,-6308851300.0,6311899300.0,-3170912000.0,-3048000.0
02/12/2025,53999.299016,64600.0,-1500.0,-0.02321981,55282.959056,55454.113728,53913.72168,476792.0,30274345700.0,0.0,0.0,476792.0,30274345700.0,134685.0,-134685.0,-27600.0,0.0,8565092600.0,-8565092600.0,-1741080000.0,0.0
01/12/2025,55282.959056,65200.0,-600.0,-0.00920245,55882.000408,56053.15508,55282.959056,185880.0,12069933100.0,0.0,0.0,185880.0,12069933100.0,14805.0,19195.0,-2300.0,-34000.0,949777101.0,1257802900.0,-148580000.0,-2207580000.0
28/11/2025,55796.423072,66000.0,-800.0,-0.01212121,56395.464424,56481.04176,55710.845736,133957.0,8754031800.0,0.0,0.0,133957.0,8754031800.0,6164.0,-6164.0,0.0,0.0,402857000.0,-402857000.0,0.0,0.0
27/11/2025,56481.04176,65000.0,1000.0,0.01538462,55710.845736,56566.619096,55625.2684,380593.0,24922289100.0,67200.0,4670400000.0,447793.0,29592689100.0,-62143.0,62143.0,0.0,0.0,-4084701900.0,4084701900.0,0.0,0.0
26/11/2025,55625.2684,65000.0,0.0,0.0,56224.309752,56224.309752,55197.38172,451743.0,29273270700.0,50215.0,3489942500.0,501958.0,32763213200.0,-6483.0,6483.0,0.0,0.0,-416160400.0,416160400.0,0.0,0.0
25/11/2025,55625.2684,66300.0,-1300.0,-0.01960784,57764.7018,57764.7018,55625.2684,781602.0,51485330700.0,0.0,0.0,781602.0,51485330700.0,-145720.0,78520.0,-16200.0,67200.0,-9642351701.0,5106351700.0,-1061120000.0,4536000000.0
24/11/2025,56737.773768,67000.0,-700.0,-0.01044776,57336.81512,57336.81512,56481.04176,287347.0,19061648500.0,0.0,0.0,287347.0,19061648500.0,-45149.0,44349.0,-2400.0,800.0,-3011009000.0,2957409000.0,-159780000.0,53600000.0
21/11/2025,57336.81512,67500.0,-500.0,-0.00740741,58192.58848,58192.58848,57165.660448,372418.0,25046225200.0,0.0,0.0,372418.0,25046225200.0,73037.0,-116637.0,0.0,43600.0,4898152499.0,-7862952500.0,0.0,2964800000.0
20/11/2025,57764.7018,68000.0,-500.0,-0.00735294,58192.58848,58278.165816,57764.7018,440239.0,29825112100.0,0.0,0.0,440239.0,29825112100.0,132657.0,-65457.0,-14400.0,-67200.0,8976648600.0,-4421568600.0,-974160000.0,-4555080000.0
19/11/2025,58192.58848,67400.0,600.0,0.00890208,57679.124464,58791.629832,57593.547128,1119802.0,76172625200.0,0.0,0.0,1119802.0,76172625200.0,-212308.0,212308.0,0.0,0.0,-14444956200.0,14444956200.0,0.0,0.0
18/11/2025,57679.124464,66300.0,1100.0,0.01659125,56481.04176,57764.7018,56309.887088,695832.0,46508461700.0,187000.0,12394000000.0,882832.0,58902461700.0,102884.0,-58484.0,6500.0,-44400.0,6897938000.0,-3923138000.0,434610000.0,-2974800000.0
17/11/2025,56737.773768,66400.0,-100.0,-0.00150602,57165.660448,57165.660448,56395.464424,212584.0,14089952100.0,0.0,0.0,212584.0,14089952100.0,34663.0,-34663.0,-4600.0,0.0,2292243800.0,-2292243800.0,-304540000.0,0.0
14/11/2025,56823.351104,65800.0,600.0,0.00911854,56309.887088,56823.351104,56224.309752,354176.0,23412668200.0,0.0,0.0,354176.0,23412668200.0,70258.0,-70258.0,2400.0,0.0,4654178800.0,-4654178800.0,158160000.0,0.0
13/11/2025,56309.887088,64500.0,1300.0,0.02015504,55625.2684,56823.351104,55282.959056,460620.0,30277079900.0,0.0,0.0,460620.0,30277079900.0,-50681.0,50681.0,4300.0,0.0,-3365211699.0,3365211700.0,280720000.0,0.0
12/11/2025,55197.38172,63900.0,600.0,0.00938967,55111.804384,55197.38172,54512.763032,120671.0,7746846700.0,0.0,0.0,120671.0,7746846700.0,2754.0,-2754.0,2400.0,0.0,178012600.0,-178012600.0,154800000.0,0.0
11/11/2025,54683.917704,63500.0,400.0,0.00629921,54427.185696,55026.227048,54341.60836,105661.0,6744991000.0,0.0,0.0,105661.0,6744991000.0,-12807.0,12807.0,7200.0,0.0,-817465600.0,817465600.0,459640000.0,0.0
10/11/2025,54341.60836,64600.0,-1100.0,-0.01702786,54855.072376,55454.113728,54341.60836,164010.0,10501878000.0,0.0,0.0,164010.0,10501878000.0,22222.0,-22222.0,9600.0,0.0,1426467900.0,-1426467900.0,615160000.0,0.0
07/11/2025,55282.959056,65100.0,-500.0,-0.00768049,55967.577744,55967.577744,54940.649712,282824.0,18344082600.0,0.0,0.0,282824.0,18344082600.0,14153.0,-14153.0,12200.0,0.0,919303200.0,-919303200.0,793330000.0,0.0
06/11/2025,55710.845736,65200.0,-100.0,-0.00153374,55967.577744,55967.577744,55282.959056,142539.0,9263940500.0,0.0,0.0,142539.0,9263940500.0,-16665.0,14065.0,6200.0,2600.0,-1084499700.0,914459700.0,401390000.0,170040000.0
05/11/2025,55796.423072,65000.0,200.0,0.00307692,55882.000408,55882.000408,55282.959056,144720.0,9397130200.0,0.0,0.0,144720.0,9397130200.0,22086.0,-22114.0,900.0,28.0,1429617900.0,-1431437900.0,58500000.0,1820000.0
04/11/2025,55625.2684,65000.0,0.0,0.0,55111.804384,55625.2684,54341.60836,454868.0,29313388300.0,70000.0,4620000000.0,524868.0,33933388300.0,135954.0,-135954.0,-200.0,0.0,8784305701.0,-8784305700.0,-13000000.0,0.0
03/11/2025,55625.2684,66000.0,-1000.0,-0.01515152,56053.15508,56823.351104,55625.2684,283075.0,18536814000.0,0.0,0.0,283075.0,18536814000.0,-10637.0,13237.0,0.0,-2600.0,-718554500.0,888334500.0,0.0,-169780000.0
31/10/2025,56481.04176,65100.0,900.0,0.01382488,56395.464424,56481.04176,55625.2684,686518.0,45051158100.0,90000.0,6005490000.0,776518.0,51056648100.0,196899.0,-196871.0,0.0,-28.0,12967963400.0,-12966143400.0,0.0,-1820500.0
30/10/2025,55710.845736,64500.0,600.0,0.00930233,54855.072376,55710.845736,54855.072376,267203.0,17296718900.0,0.0,0.0,267203.0,17296718900.0,-33427.0,33427.0,-2000.0,0.0,-2175724400.0,2175724400.0,-129000000.0,0.0
29/10/2025,55197.38172,63500.0,1000.0,0.01574803,54341.60836,55368.536392,53913.72168,436927.0,28049078400.0,0.0,0.0,436927.0,28049078400.0,-13444.0,13444.0,-59900.0,0.0,-861680900.0,861680900.0,-3840120000.0,0.0
28/10/2025,54341.60836,62600.0,900.0,0.014377,53999.299016,54341.60836,53314.680328,274037.0,17227734400.0,0.0,0.0,274037.0,17227734400.0,14518.0,-17518.0,-27200.0,3000.0,928828800.0,-1118128800.0,-1709360000.0,189300000.0
27/10/2025,53571.412336,62100.0,500.0,0.00805153,54341.60836,54341.60836,53314.680328,199093.0,12511367000.0,0.0,0.0,199093.0,12511367000.0,5298.0,-38398.0,-35800.0,33100.0,316291800.0,-2418091800.0,-2239960000.0,2101800000.0
24/10/2025,53143.525656,62100.0,0.0,0.0,53057.94832,53314.680328,52373.329632,260421.0,16081096000.0,0.0,0.0,260421.0,16081096000.0,50346.0,-52546.0,-64000.0,2200.0,3114507800.0,-3250907799.0,-3958470000.0,136400000.0
23/10/2025,53143.525656,61800.0,300.0,0.00485437,53057.94832,53314.680328,52801.216312,198451.0,12315118600.0,0.0,0.0,198451.0,12315118600.0,37036.0,-37036.0,-9000.0,0.0,2297584400.0,-2297584400.0,-558080000.0,0.0
22/10/2025,52886.793648,61500.0,300.0,0.00487805,52715.638976,53229.102992,52031.020288,276321.0,16921818600.0,0.0,0.0,276321.0,16921818600.0,10738.0,25362.0,-18500.0,-36100.0,655980900.0,1555229100.0,-1133080000.0,-2211210000.0
21/10/2025,52630.06164,60000.0,1500.0,0.025,52116.597624,52972.370984,51517.556272,902535.0,54838973900.0,0.0,0.0,902535.0,54838973900.0,148368.0,-146168.0,-235400.0,-2200.0,9060442900.0,-8926902900.0,-14354330000.0,-133540000.0
20/10/2025,51346.4016,62900.0,-2900.0,-0.04610493,53485.835,54084.876352,51260.824264,1279648.0,79066445200.0,0.0,0.0,1279648.0,79066445200.0,128039.0,-128039.0,147300.0,0.0,8088679000.0,-8088679000.0,9183990000.0,0.0
17/10/2025,53828.144344,63800.0,-900.0,-0.01410658,54598.340368,54940.649712,53828.144344,708715.0,44948428100.0,0.0,0.0,708715.0,44948428100.0,191671.0,-191671.0,-223900.0,0.0,12131813600.0,-12131813600.0,-14173900000.0,0.0
16/10/2025,54598.340368,64700.0,-900.0,-0.01391036,55368.536392,55625.2684,54256.031024,928755.0,59481659700.0,0.0,0.0,928755.0,59481659700.0,75048.0,-75077.0,-29700.0,29.0,4729619600.0,-4731498600.0,-1846000000.0,1879200.0
15/10/2025,55368.536392,65500.0,-800.0,-0.01221374,56053.15508,56138.732416,55282.959056,512625.0,33287330900.0,0.0,0.0,512625.0,33287330900.0,18918.0,-18929.0,223700.0,11.0,1211385500.0,-1212105500.0,14548010000.0,720500.0
14/10/2025,56053.15508,64800.0,700.0,0.01080247,56309.887088,56309.887088,55454.113728,596199.0,38953849000.0,0.0,0.0,596199.0,38953849000.0,-150630.0,91370.0,203258.0,59260.0,-9893743800.0,5994817800.0,13303674000.0,3898926000.0
13/10/2025,55454.113728,65200.0,-400.0,-0.00613497,55625.2684,55625.2684,55282.959056,347761.0,22538217200.0,0.0,0.0,347761.0,22538217200.0,-8275.0,6275.0,3900.0,2000.0,-533390800.0,403390800.0,253370000.0,130000000.0
10/10/2025,55796.423072,64600.0,600.0,0.00928793,55796.423072,56053.15508,55282.959056,256208.0,16675737100.0,0.0,0.0,256208.0,16675737100.0,-49129.0,47129.0,40800.0,2000.0,-3194695900.0,3064295900.0,2660680000.0,130400000.0
09/10/2025,55282.959056,65000.0,-400.0,-0.00615385,56053.15508,56053.15508,55197.38172,388723.0,25214089300.0,0.0,0.0,388723.0,25214089300.0,3170.0,56130.0,65600.0,-59300.0,198215100.0,3646204900.0,4258490000.0,-3844420000.0
08/10/2025,55625.2684,64900.0,100.0,0.00154083,55710.845736,55882.000408,55197.38172,269085.0,17481309800.0,0.0,0.0,269085.0,17481309800.0,-13879.0,1803.0,-36500.0,12076.0,-896616100.0,110400100.0,-2373250000.0,786216000.0
07/10/2025,55539.691064,65000.0,-100.0,-0.00153846,55796.423072,55796.423072,55282.959056,329941.0,21403522100.0,0.0,0.0,329941.0,21403522100.0,-26508.0,26487.0,2400.0,21.0,-1721930900.0,1720561900.0,155750000.0,1369200.0
06/10/2025,55625.2684,64500.0,500.0,0.00775194,55111.804384,55796.423072,55111.804384,276740.0,17939790800.0,0.0,0.0,276740.0,17939790800.0,-66696.0,70696.0,4800.0,-4000.0,-4323578000.0,4583578000.0,312400000.0,-260000000.0
03/10/2025,55197.38172,65200.0,-700.0,-0.0107362,55796.423072,55967.577744,55197.38172,279409.0,18071853800.0,0.0,0.0,279409.0,18071853800.0,-76603.0,88679.0,27100.0,-12076.0,-4955279300.0,5734211300.0,1751840000.0,-778932400.0
02/10/2025,55796.423072,65800.0,-600.0,-0.00911854,56224.309752,56652.196432,55710.845736,295333.0,19365581700.0,0.0,0.0,295333.0,19365581700.0,-36486.0,36507.0,-2400.0,-21.0,-2374912500.0,2376298500.0,-161290000.0,-1386000.0
01/10/2025,56309.887088,65500.0,300.0,0.00458015,56481.04176,56652.196432,56053.15508,231134.0,15227542600.0,0.0,0.0,231134.0,15227542600.0,-49497.0,26497.0,-2400.0,23000.0,-3262867400.0,1744867400.0,-157120000.0,1518000000.0
30/09/2025,56053.15508,65000.0,500.0,0.00769231,55796.423072,56053.15508,54855.072376,646848.0,41909453100.0,0.0,0.0,646848.0,41909453100.0,26060.0,-26060.0,11800.0,0.0,1664915900.0,-1664915900.0,766040000.0,0.0
29/09/2025,55625.2684,66300.0,-1300.0,-0.01960784,56566.619096,56908.92844,55625.2684,823435.0,54057813100.0,0.0,0.0,823435.0,54057813100.0,144550.0,-144550.0,0.0,0.0,9465498800.0,-9465498800.0,1640000.0,0.0
26/09/2025,56737.773768,67600.0,-1300.0,-0.01923077,57593.547128,58192.58848,56566.619096,568878.0,38043036200.0,91000.0,6579300000.0,659878.0,44622336200.0,84116.0,-61116.0,-12000.0,-23000.0,5583776700.0,-4031946700.0,-802320000.0,-1551830000.0
25/09/2025,57850.279136,66700.0,900.0,0.01349325,57165.660448,58021.433808,56994.505776,1339112.0,90127209000.0,0.0,0.0,1339112.0,90127209000.0,-174272.0,174272.0,0.0,0.0,-11697486100.0,11697486100.0,0.0,0.0
24/09/2025,57080.083112,67200.0,-500.0,-0.00744048,57507.969792,57850.279136,56395.464424,1117535.0,74452015900.0,20000.0,1354000000.0,1137535.0,75806015900.0,233487.0,-234755.0,138000.0,1268.0,15395243900.0,-15480479900.0,9262810000.0,85236800.0
23/09/2025,57507.969792,67400.0,-200.0,-0.00296736,57935.856472,57935.856472,57165.660448,285846.0,19238082700.0,0.0,0.0,285846.0,19238082700.0,-99009.0,87709.0,0.0,11300.0,-6665712201.0,5900702200.0,0.0,765010000.0
22/09/2025,57679.124464,67000.0,400.0,0.00597015,57336.81512,59048.36184,56053.15508,910525.0,60963566200.0,0.0,0.0,910525.0,60963566200.0,-156886.0,156886.0,12000.0,0.0,-10802027900.0,10802027900.0,794880000.0,0.0
19/09/2025,57336.81512,66700.0,300.0,0.00449775,57080.083112,58021.433808,56823.351104,587390.0,39256287500.0,0.0,0.0,587390.0,39256287500.0,-239050.0,240250.0,14400.0,-1200.0,-15939213600.0,16019433600.0,960720000.0,-80220000.0
18/09/2025,57080.083112,67400.0,-700.0,-0.01038576,57336.81512,57679.124464,56823.351104,740207.0,49368007400.0,0.0,0.0,740207.0,49368007400.0,101885.0,-90517.0,14400.0,-11368.0,6808308500.0,-6046686500.0,960310000.0,-761622000.0
17/09/2025,57679.124464,67300.0,100.0,0.00148588,57336.81512,58363.743152,57251.237784,645109.0,43610647100.0,0.0,0.0,645109.0,43610647100.0,55785.0,-55785.0,-1100.0,0.0,3794757500.0,-3794757500.0,-71770000.0,0.0
16/09/2025,57593.547128,68000.0,-700.0,-0.01029412,58449.320488,58534.897824,57422.392456,810779.0,54867524100.0,0.0,0.0,810779.0,54867524100.0,78303.0,-78303.0,-8200.0,0.0,5271111900.0,-5271111900.0,-555810000.0,0.0
15/09/2025,58192.58848,66800.0,1200.0,0.01796407,57593.547128,58192.58848,57336.81512,1226444.0,83013655000.0,0.0,0.0,1226444.0,83013655000.0,164570.0,-165070.0,-7200.0,500.0,11139712200.0,-11173362200.0,-484800000.0,33650000.0
12/09/2025,57165.660448,66400.0,400.0,0.0060241,56908.92844,57336.81512,56481.04176,707947.0,47210013000.0,0.0,0.0,707947.0,47210013000.0,-32055.0,32055.0,0.0,0.0,-2136605100.0,2136605100.0,-1200000.0,0.0
11/09/2025,56823.351104,66900.0,-500.0,-0.00747384,57336.81512,57336.81512,55710.845736,827372.0,54454371800.0,0.0,0.0,827372.0,54454371800.0,-307226.0,307226.0,6600.0,0.0,-20193457401.0,20193457400.0,437960000.0,0.0
10/09/2025,57251.237784,66100.0,800.0,0.01210287,56481.04176,57251.237784,56395.464424,578411.0,38287258400.0,0.0,0.0,578411.0,38287258400.0,16363.0,-16363.0,0.0,0.0,1098778700.0,-1098778700.0,240000.0,0.0
09/09/2025,56566.619096,66800.0,-700.0,-0.01047904,57336.81512,57336.81512,56224.309752,632139.0,41826105300.0,0.0,0.0,632139.0,41826105300.0,-145625.0,145625.0,700.0,0.0,-9626360600.0,9626360600.0,54380000.0,0.0
08/09/2025,57165.660448,67200.0,-400.0,-0.00595238,57507.969792,58363.743152,56994.505776,1395097.0,94104026700.0,0.0,0.0,1395097.0,94104026700.0,15573.0,-15573.0,102400.0,0.0,1049830600.0,-1049830600.0,6870940000.0,0.0
05/09/2025,57507.969792,65400.0,1800.0,0.02752294,56481.04176,58620.47516,56395.464424,3119950.0,210528163100.0,0.0,0.0,3119950.0,210528163100.0,-699299.0,699799.0,502500.0,-500.0,-47183773700.0,47216973700.0,33730880000.0,-33200000.0
04/09/2025,55967.577744,64900.0,500.0,0.00770416,55796.423072,56309.887088,55625.2684,741831.0,48447227100.0,27800.0,1829240000.0,769631.0,50276467100.0,8484.0,-8484.0,-24395.0,0.0,540221700.0,-540221700.0,-1589395000.0,0.0
03/09/2025,55539.691064,65200.0,-300.0,-0.00460123,55796.423072,56053.15508,55454.113728,690155.0,44875598500.0,42500.0,2579750000.0,732655.0,47455348500.0,-95890.0,95890.0,-33600.0,0.0,-6242341100.0,6242341100.0,-2185920000.0,0.0
29/08/2025,55796.423072,65600.0,-400.0,-0.00609756,55967.577744,56309.887088,55625.2684,1033376.0,67492883100.0,0.0,0.0,1033376.0,67492883100.0,-14940.0,14940.0,-467000.0,0.0,-1017346700.0,1017346700.0,-30473120000.0,0.0
28/08/2025,56138.732416,66000.0,-400.0,-0.00606061,56481.04176,56566.619096,55967.577744,553714.0,36339084000.0,0.0,0.0,553714.0,36339084000.0,81085.0,-81085.0,-85800.0,0.0,5328158700.0,-5328158700.0,-5638770000.0,0.0
27/08/2025,56481.04176,65400.0,600.0,0.00917431,56309.887088,56994.505776,55625.2684,1054543.0,69478897200.0,0.0,0.0,1054543.0,69478897200.0,-162637.0,157399.0,-180000.0,5238.0,-10790611600.0,10445966600.0,-11831450000.0,344645200.0
26/08/2025,55967.577744,64000.0,1400.0,0.021875,54769.49504,55967.577744,54769.49504,399545.0,25814008500.0,0.0,0.0,399545.0,25814008500.0,11960.0,-11961.0,-900.0,1.0,798418600.0,-798481600.0,-58860000.0,63900.0
25/08/2025,54769.49504,64500.0,-500.0,-0.00775194,56309.887088,56309.887088,54683.917704,575312.0,37096065800.0,0.0,0.0,575312.0,37096065800.0,32374.0,-42610.0,-27400.0,10236.0,2080827000.0,-2754323000.0,-1779910000.0,673496400.0
22/08/2025,55197.38172,66100.0,-1600.0,-0.02420575,55967.577744,56481.04176,54769.49504,1068674.0,69410803300.0,0.0,0.0,1068674.0,69410803300.0,61315.0,-56077.0,20200.0,-5238.0,3952351200.0,-3607694200.0,1342720000.0,-344656400.0
21/08/2025,56566.619096,65500.0,600.0,0.00916031,56481.04176,56994.505776,56053.15508,920741.0,60722694800.0,0.0,0.0,920741.0,60722694800.0,13636.0,-13635.0,138400.0,-1.0,956259700.0,-956194700.0,9089470000.0,-65800.0
20/08/2025,56053.15508,65500.0,0.0,0.0,55625.2684,56908.92844,55282.959056,1146559.0,75055525200.0,0.0,0.0,1146559.0,75055525200.0,25510.0,-15283.0,167800.0,-10227.0,1661445601.0,-986782600.0,11016140000.0,-674663300.0
19/08/2025,56053.15508,66000.0,-500.0,-0.00757576,56481.04176,56652.196432,55625.2684,1347093.0,88082705300.0,0.0,0.0,1347093.0,88082705300.0,-212378.0,212387.0,40200.0,-9.0,-13861499000.0,13862086000.0,2613660000.0,-587700.0
18/08/2025,56481.04176,66600.0,-600.0,-0.00900901,57080.083112,57251.237784,56481.04176,1025864.0,67927201200.0,0.0,0.0,1025864.0,67927201200.0,7215.0,-14624.0,17800.0,7409.0,478679099.0,-971331100.0,1172400000.0,492652900.0
15/08/2025,56994.505776,68400.0,-1800.0,-0.02631579,58534.897824,58534.897824,56908.92844,1330073.0,89379104500.0,0.0,0.0,1330073.0,89379104500.0,-280284.0,274980.0,200.0,5304.0,-18857145400.0,18495327400.0,20550000.0,361818000.0
14/08/2025,58534.897824,68500.0,-100.0,-0.00145985,58877.207168,58962.784504,57764.7018,1141687.0,77635769500.0,0.0,0.0,1141687.0,77635769500.0,-160997.0,160997.0,199800.0,0.0,-10868510400.0,10868510400.0,13529090000.0,0.0
13/08/2025,58620.47516,68600.0,-100.0,-0.00145773,58962.784504,59305.093848,57935.856472,1315863.0,90064635200.0,0.0,0.0,1315863.0,90064635200.0,82539.0,-82530.0,114070.0,-9.0,5612419400.0,-5611802400.0,7795953000.0,-617400.0
12/08/2025,58706.052496,67900.0,700.0,0.01030928,58192.58848,58706.052496,57764.7018,1501613.0,102340647500.0,350050.0,23803425000.0,1851663.0,126144072500.0,198064.0,-183146.0,-6800.0,-14918.0,13489385100.0,-12473984100.0,-460970000.0,-1015401400.0
11/08/2025,58107.011144,68000.0,-100.0,-0.00147059,58534.897824,58877.207168,58107.011144,942340.0,64374359800.0,0.0,0.0,942340.0,64374359800.0,117774.0,-117774.0,-200800.0,0.0,8011305600.0,-8011305600.0,-13677630000.0,0.0
08/08/2025,58192.58848,66900.0,1100.0,0.01644245,57251.237784,58278.165816,56737.773768,1971577.0,132357670300.0,0.0,0.0,1971577.0,132357670300.0,-128351.0,128616.0,250800.0,-265.0,-8542017700.0,8559642700.0,16800970000.0,-17625900.0
07/08/2025,57251.237784,66900.0,0.0,0.0,57336.81512,57507.969792,56652.196432,861496.0,57486826200.0,70000.0,5005000000.0,931496.0,62491826200.0,58885.0,-58885.0,111300.0,0.0,3932249400.0,-3932249400.0,7429370000.0,0.0
06/08/2025,57251.237784,66500.0,400.0,0.00601504,56908.92844,57422.392456,56652.196432,1085658.0,72401246500.0,0.0,0.0,1085658.0,72401246500.0,336642.0,-336642.0,-183361.0,0.0,22441654501.0,-22441654500.0,-12195427000.0,0.0
05/08/2025,56908.92844,66800.0,-300.0,-0.00449102,57080.083112,57935.856472,56138.732416,1188318.0,79431737700.0,0.0,0.0,1188318.0,79431737700.0,41985.0,-41985.0,-39000.0,0.0,2785024900.0,-2785024900.0,-2612730000.0,0.0
04/08/2025,57165.660448,65500.0,1300.0,0.01984733,55882.000408,57165.660448,55882.000408,566996.0,37560139000.0,0.0,0.0,566996.0,37560139000.0,-94569.0,94569.0,400.0,0.0,-6294418400.0,6294418400.0,26000000.0,0.0
01/08/2025,56053.15508,66800.0,-1300.0,-0.01946108,56908.92844,57165.660448,55454.113728,1782395.0,117099113800.0,0.0,0.0,1782395.0,117099113800.0,-730329.0,730329.0,-8000.0,0.0,-48008614000.0,48008613999.0,-520460000.0,0.0
31/07/2025,57165.660448,67300.0,-500.0,-0.00742942,57764.7018,57764.7018,56309.887088,1043435.0,69397895400.0,0.0,0.0,1043435.0,69397895400.0,9415.0,-9415.0,6500.0,0.0,650369500.0,-650369500.0,426640000.0,0.0
30/07/2025,57593.547128,66800.0,500.0,0.00748503,58021.433808,58021.433808,57080.083112,1056344.0,70758604200.0,0.0,0.0,1056344.0,70758604200.0,-149945.0,150445.0,112600.0,-500.0,-10018819700.0,10052219700.0,7515800000.0,-33400000.0
29/07/2025,57165.660448,69500.0,-2700.0,-0.03884892,59647.403192,59732.980528,56908.92844,1768122.0,121198163100.0,0.0,0.0,1768122.0,121198163100.0,-308663.0,308663.0,561400.0,0.0,-21132073500.0,21132073500.0,38490440000.0,0.0
28/07/2025,59476.24852,69700.0,-200.0,-0.00286944,59904.1352,59904.1352,59048.36184,1096691.0,76226837900.0,0.0,0.0,1096691.0,76226837900.0,7500.0,-7500.0,-8200.0,0.0,535377400.0,-535377400.0,-574810000.0,0.0
25/07/2025,59647.403192,69400.0,300.0,0.00432277,59818.557864,59904.1352,58962.784504,1126053.0,78297681000.0,0.0,0.0,1126053.0,78297681000.0,175621.0,-175621.0,-42000.0,0.0,12186517800.0,-12186517800.0,-2925440000.0,0.0
24/07/2025,59390.671184,69300.0,100.0,0.001443,59818.557864,60160.867208,59305.093848,1112584.0,77634344600.0,0.0,0.0,1112584.0,77634344600.0,35824.0,-35824.0,12400.0,0.0,2531992200.0,-2531992200.0,843940000.0,0.0
23/07/2025,59305.093848,68800.0,500.0,0.00726744,59048.36184,59904.1352,58620.47516,1036284.0,71578771000.0,0.0,0.0,1036284.0,71578771000.0,107018.0,-107018.0,7100.0,0.0,7376488800.0,-7376488800.0,462480000.0,0.0
22/07/2025,58877.207168,68600.0,200.0,0.00291545,58706.052496,59219.516512,58278.165816,867064.0,59440162100.0,0.0,0.0,867064.0,59440162100.0,-123024.0,123044.0,74500.0,-20.0,-8428880800.0,8430250800.0,5117720000.0,-1370000.0
21/07/2025,58706.052496,68500.0,100.0,0.00145985,58791.629832,60931.063232,58706.052496,1813054.0,126115382300.0,0.0,0.0,1813054.0,126115382300.0,-77014.0,77014.0,80200.0,0.0,-5292919800.0,5292919800.0,5578150000.0,0.0
18/07/2025,58620.47516,68000.0,500.0,0.00735294,58363.743152,58877.207168,58021.433808,998479.0,68068783800.0,0.0,0.0,998479.0,68068783800.0,-129168.0,127968.0,182300.0,1200.0,-8801804500.0,8719964500.0,12458510000.0,81840000.0
17/07/2025,58192.58848,68800.0,-800.0,-0.01162791,59048.36184,59305.093848,58021.433808,1478444.0,100798309300.0,0.0,0.0,1478444.0,100798309300.0,243396.0,-243396.0,-29000.0,0.0,16601162100.0,-16601162100.0,-1966550000.0,0.0
16/07/2025,58877.207168,68600.0,200.0,0.00291545,58877.207168,59732.980528,58706.052496,881403.0,60906496300.0,0.0,0.0,881403.0,60906496300.0,-80343.0,80337.0,126900.0,6.0,-5543351600.0,5542938600.0,8756770000.0,413400.0
15/07/2025,58706.052496,68500.0,100.0,0.00145985,58706.052496,59390.671184,58278.165816,1020223.0,69997226800.0,0.0,0.0,1020223.0,69997226800.0,22356.0,-21156.0,52100.0,-1200.0,1567875200.0,-1485555200.0,3565580000.0,-82320000.0
14/07/2025,58620.47516,66900.0,1600.0,0.02391629,57336.81512,58620.47516,57165.660448,1500756.0,101592644400.0,0.0,0.0,1500756.0,101592644400.0,-203263.0,203263.0,156000.0,0.0,-13697174100.0,13697174100.0,10623930000.0,0.0
11/07/2025,57251.237784,67500.0,-600.0,-0.00888889,57850.279136,58192.58848,57080.083112,944664.0,63370538500.0,2.0,126000.0,944666.0,63370664500.0,-25399.0,25405.0,47600.0,-6.0,-1694205100.0,1694610100.0,3203050000.0,-405000.0
10/07/2025,57764.7018,67500.0,0.0,0.0,58192.58848,58192.58848,57593.547128,699549.0,47270539400.0,0.0,0.0,699549.0,47270539400.0,111733.0,-111733.0,59400.0,0.0,7567391900.0,-7567391900.0,4010780000.0,0.0
09/07/2025,57764.7018,67500.0,0.0,0.0,58192.58848,58278.165816,57336.81512,992068.0,67197077700.0,0.0,0.0,992068.0,67197077700.0,-119199.0,119120.0,52718.0,79.0,-8098779900.0,8093407900.0,3566296000.0,5372000.0
08/07/2025,57764.7018,66500.0,1000.0,0.01503759,57165.660448,57935.856472,57080.083112,1061397.0,71473808800.0,0.0,0.0,1061397.0,71473808800.0,-43969.0,43053.0,69900.0,916.0,-2968205500.0,2907009500.0,4719410000.0,61196800.0
07/07/2025,56908.92844,66600.0,-100.0,-0.0015015,56994.505776,57165.660448,56737.773768,866178.0,57617785300.0,0.0,0.0,866178.0,57617785300.0,113393.0,-113393.0,11600.0,0.0,7543738801.0,-7543738800.0,769700000.0,0.0
04/07/2025,56994.505776,66900.0,-300.0,-0.0044843,57165.660448,57764.7018,56908.92844,624071.0,41622153600.0,0.0,0.0,624071.0,41622153600.0,71031.0,-71136.0,36400.0,105.0,4735631000.0,-4742646000.0,2437720000.0,7015000.0
03/07/2025,57251.237784,66300.0,600.0,0.00904977,56908.92844,57336.81512,56395.464424,1609422.0,106752121600.0,0.0,0.0,1609422.0,106752121600.0,-162244.0,163239.0,159100.0,-995.0,-10780474600.0,10846442600.0,10555270000.0,-65968000.0
02/07/2025,56737.773768,67500.0,-1200.0,-0.01777778,58107.011144,58107.011144,56652.196432,1843030.0,122609056300.0,0.0,0.0,1843030.0,122609056300.0,409198.0,-409198.0,20000.0,0.0,27218078200.0,-27218078200.0,1326900000.0,0.0
01/07/2025,57764.7018,68100.0,-600.0,-0.00881057,58278.165816,58620.47516,57422.392456,888280.0,60213762400.0,0.0,0.0,888280.0,60213762400.0,105302.0,-105202.0,-4300.0,-100.0,7151204400.0,-7144424400.0,-289760000.0,-6780000.0
30/06/2025,58278.165816,67300.0,800.0,0.01188707,57679.124464,58962.784504,57593.547128,1027351.0,69806914700.0,0.0,0.0,1027351.0,69806914700.0,-103803.0,103808.0,-41700.0,-5.0,-7050740700.0,7051077700.0,-2819970000.0,-337000.0
27/06/2025,57593.547128,67500.0,-200.0,-0.00296296,57850.279136,58107.011144,57336.81512,590258.0,39830666200.0,0.0,0.0,590258.0,39830666200.0,105348.0,-105448.0,-197000.0,100.0,7095017500.0,-7101777500.0,-13272490000.0,6760000.0
26/06/2025,57764.7018,67000.0,500.0,0.00746269,57593.547128,58192.58848,57165.660448,590614.0,39755292300.0,0.0,0.0,590614.0,39755292300.0,67416.0,-67416.0,-130000.0,0.0,4505715800.0,-4505715800.0,-8728140000.0,0.0
25/06/2025,57336.81512,66300.0,700.0,0.01055807,56908.92844,57422.392456,56908.92844,854218.0,57064010300.0,0.0,0.0,854218.0,57064010300.0,40478.0,-40678.0,-106400.0,200.0,2704114000.0,-2717414000.0,-7097780000.0,13300000.0
24/06/2025,56737.773768,67300.0,-1000.0,-0.01485884,57850.279136,58021.433808,56737.773768,1405131.0,93850076800.0,0.0,0.0,1405131.0,93850076800.0,162259.0,-162159.0,-226000.0,-100.0,10816532500.0,-10809852500.0,-15060010000.0,-6680000.0
23/06/2025,57593.547128,68400.0,-1100.0,-0.01608187,58534.897824,59048.36184,57507.969792,799980.0,54084606500.0,0.0,0.0,799980.0,54084606500.0,126704.0,-126704.0,40000.0,0.0,8539314800.0,-8539314800.0,2736290000.0,0.0
20/06/2025,58534.897824,69000.0,-600.0,-0.00869565,59390.671184,59390.671184,58534.897824,410079.0,28211223900.0,0.0,0.0,410079.0,28211223900.0,120656.0,-120456.0,-11600.0,-200.0,8289209200.0,-8275489200.0,-772180000.0,-13720000.0
19/06/2025,59048.36184,69000.0,0.0,0.0,58706.052496,59647.403192,58534.897824,469395.0,32429127700.0,0.0,0.0,469395.0,32429127700.0,14183.0,-14183.0,-14200.0,0.0,978764200.0,-978764200.0,-951530000.0,0.0
18/06/2025,59048.36184,68900.0,100.0,0.00145138,58791.629832,60503.176552,58534.897824,821935.0,56938049500.0,0.0,0.0,821935.0,56938049500.0,-89511.0,89480.0,16000.0,31.0,-6240497500.0,6238362500.0,1164310000.0,2135900.0
17/06/2025,58962.784504,69200.0,-300.0,-0.00433526,59305.093848,59305.093848,58278.165816,543937.0,37315505500.0,20000.0,1480000000.0,563937.0,38795505500.0,-86417.0,86417.0,35300.0,0.0,-5919502800.0,5919502800.0,2421020000.0,0.0
16/06/2025,59219.516512,67000.0,2200.0,0.03283582,57251.237784,59904.1352,56652.196432,1153975.0,78585645200.0,0.0,0.0,1153975.0,78585645200.0,343007.0,-343007.0,-38900.0,0.0,23034562900.0,-23034562900.0,-2609020000.0,0.0
13/06/2025,57336.81512,67500.0,-500.0,-0.00740741,57080.083112,57935.856472,56481.04176,677205.0,45233873400.0,0.0,0.0,677205.0,45233873400.0,107779.0,-107748.0,-56931.0,-31.0,7139352100.0,-7137263100.0,-3738529000.0,-2089400.0
12/06/2025,57764.7018,67500.0,0.0,0.0,58021.433808,58449.320488,57251.237784,621103.0,41872730900.0,100000.0,7220000000.0,721103.0,49092730900.0,5677.0,-7777.0,-15200.0,2100.0,380248000.0,-522628000.0,-1023130000.0,142380000.0
11/06/2025,57764.7018,66500.0,976.0,0.0146714,58021.433808,58021.433808,56138.732416,652393.0,43362134900.0,0.0,0.0,652393.0,43362134900.0,-63846.0,63746.0,92200.0,100.0,-4254422300.0,4247642300.0,6177600000.0,6780000.0
10/06/2025,56929.809309984,77000.0,-500.0,-0.00649351,57227.4815155264,58343.7522863104,56557.719053056,1512549.0,116132717100.0,0.0,0.0,1512549.0,116132717100.0,112361.0,-112361.0,71900.0,0.0,8802717900.0,-8802717900.0,5510800000.0,0.0
09/06/2025,57301.899566912,78000.0,-1000.0,-0.01282051,57525.1537210688,57822.8259266112,56557.719053056,1003154.0,76836727600.0,0.0,0.0,1003154.0,76836727600.0,-267140.0,269240.0,215400.0,-2100.0,-20493542700.0,20654812700.0,16531810000.0,-161270000.0
06/06/2025,58046.080080768,77300.0,700.0,0.00905563,57525.1537210688,58864.6786460096,57525.1537210688,1394930.0,108901453800.0,98310.0,8130237000.0,1493240.0,117031690800.0,33347.0,-33247.0,145600.0,-100.0,2618190700.0,-2610390700.0,11356670000.0,-7800000.0
05/06/2025,57525.1537210688,72300.0,5000.0,0.06915629,54101.9233573312,57525.1537210688,53655.4150490176,2143036.0,161778485100.0,22333.0,1726340900.0,2165369.0,163504826000.0,98939.0,-100687.0,15000.0,1748.0,7981386000.0,-8108446000.0,1104570000.0,127060400.0
04/06/2025,53804.2511517888,72900.0,-600.0,-0.00823045,53953.08725456,54994.9399739584,53580.996997632,711319.0,51681623300.0,0.0,0.0,711319.0,51681623300.0,-67857.0,67857.0,-4200.0,0.0,-4918710600.0,4918710600.0,-303660000.0,0.0
03/06/2025,54250.7594601024,73000.0,-100.0,-0.00136986,55069.358025344,55069.358025344,54250.7594601024,758545.0,55769196700.0,0.0,0.0,758545.0,55769196700.0,-104319.0,104319.0,116600.0,0.0,-7650428100.0,7650428100.0,8584880000.0,0.0
02/06/2025,54325.177511488,71700.0,1300.0,0.0181311,53357.7428434752,54994.9399739584,52613.5623296192,1119335.0,81182457400.0,21333.0,1636241100.0,1140668.0,82818698500.0,200389.0,-198641.0,4100.0,-1748.0,14558182501.0,-14432671500.0,292490000.0,-125511200.0
30/05/2025,53357.7428434752,71400.0,300.0,0.00420168,53357.7428434752,53580.996997632,52613.5623296192,579818.0,41330904700.0,21333.0,1627707900.0,601151.0,42958612600.0,80514.0,-85239.0,-19700.0,4725.0,5752366800.0,-6091158800.0,-1408130000.0,338792500.0
29/05/2025,53134.4886893184,72400.0,-1000.0,-0.01381215,53878.6692031744,54027.5053059456,52836.816483776,561286.0,40192576800.0,0.0,0.0,561286.0,40192576800.0,-5080.0,5057.0,-11500.0,23.0,-349453100.0,347788100.0,-821800000.0,1665200.0
28/05/2025,53878.6692031744,72800.0,-400.0,-0.00549451,54474.0136142592,54622.8497170304,53506.5789462464,669257.0,48471732500.0,0.0,0.0,669257.0,48471732500.0,-979.0,602.0,-27000.0,377.0,-94519600.0,66911600.0,-1956610000.0,27607900.0
27/05/2025,54176.3414087168,71900.0,900.0,0.01251739,53878.6692031744,55069.358025344,53506.5789462464,1447144.0,105939307200.0,0.0,0.0,1447144.0,105939307200.0,187240.0,-182515.0,-201000.0,-4725.0,13774491100.0,-13430336100.0,-14765000000.0,-344155000.0
26/05/2025,53506.5789462464,70400.0,1500.0,0.02130682,52985.6525865472,53506.5789462464,51348.455456064,688503.0,48695092700.0,0.0,0.0,688503.0,48695092700.0,89084.0,-89584.0,-60900.0,500.0,6325638500.0,-6361448500.0,-4282160000.0,35810000.0
23/05/2025,52390.3081754624,70600.0,-200.0,-0.00283286,52241.4720726912,52836.816483776,52092.63596992,508451.0,35740673200.0,0.0,0.0,508451.0,35740673200.0,90794.0,-90798.0,-2100.0,4.0,6384394801.0,-6384675800.0,-147630000.0,281600.0
22/05/2025,52539.1442782336,71800.0,-1200.0,-0.01671309,53357.7428434752,54250.7594601024,51943.7998671488,793714.0,56689576800.0,0.0,0.0,793714.0,56689576800.0,72978.0,-72978.0,-45.0,0.0,5188000200.0,-5188000200.0,-3113000.0,0.0
21/05/2025,53432.1608948608,72500.0,-700.0,-0.00965517,53953.08725456,54548.4316656448,53060.0706379328,591561.0,42539477900.0,0.0,0.0,591561.0,42539477900.0,5069.0,-4169.0,-45200.0,-900.0,438519000.0,-373269000.0,-3295700000.0,-65250000.0
20/05/2025,53953.08725456,70600.0,1900.0,0.02691218,52539.1442782336,54325.177511488,52539.1442782336,1163253.0,83671641300.0,0.0,0.0,1163253.0,83671641300.0,-220295.0,220299.0,185400.0,-4.0,-15804627700.0,15804912700.0,13194130000.0,-285600.0
19/05/2025,52539.1442782336,71000.0,-400.0,-0.0056338,52613.5623296192,53580.996997632,52390.3081754624,615894.0,43924435600.0,0.0,0.0,615894.0,43924435600.0,-77071.0,77071.0,119300.0,0.0,-5492521300.0,5492521300.0,8532570000.0,0.0
16/05/2025,52836.816483776,71000.0,0.0,0.0,52836.816483776,53655.4150490176,52613.5623296192,880646.0,62882008900.0,0.0,0.0,880646.0,62882008900.0,97377.0,-97389.0,-122700.0,12.0,7014618800.0,-7015477800.0,-8791310000.0,859500.0
15/05/2025,52836.816483776,71500.0,-500.0,-0.00699301,52985.6525865472,53283.3247920896,52687.9803810048,652866.0,46499564200.0,0.0,0.0,652866.0,46499564200.0,-99617.0,99529.0,-47400.0,88.0,-7103297800.0,7097035800.0,-3385790000.0,6262000.0
14/05/2025,53208.906740704,68700.0,2800.0,0.04075691,51348.455456064,53655.4150490176,51199.6193532928,1763530.0,124745918700.0,0.0,0.0,1763530.0,124745918700.0,100545.0,-100545.0,-177200.0,0.0,6887802900.0,-6887802900.0,-12658920000.0,0.0
13/05/2025,51125.2013019072,69000.0,-300.0,-0.00434783,51720.545712992,51720.545712992,51050.7832505216,645980.0,44499369800.0,0.0,0.0,645980.0,44499369800.0,38333.0,-38333.0,-10600.0,0.0,2643472300.0,-2643472300.0,-730140000.0,0.0
12/05/2025,51348.455456064,68700.0,300.0,0.00436681,51571.7096102208,52315.8901240768,50976.365199136,721041.0,49726418600.0,0.0,0.0,721041.0,49726418600.0,126699.0,-126599.0,-148300.0,-100.0,8722999800.0,-8716069800.0,-10201520000.0,-6930000.0
09/05/2025,51125.2013019072,69700.0,-1000.0,-0.0143472,51943.7998671488,52018.2179185344,51125.2013019072,606394.0,41923120800.0,0.0,0.0,606394.0,41923120800.0,90526.0,-90526.0,-21000.0,0.0,6282389300.0,-6282389300.0,-1453140000.0,0.0
08/05/2025,51869.3818157632,69500.0,200.0,0.0028777,52092.63596992,52315.8901240768,51794.9637643776,347599.0,24280893500.0,0.0,0.0,347599.0,24280893500.0,43315.0,-43415.0,0.0,100.0,3026277200.0,-3033277200.0,0.0,7000000.0
07/05/2025,51720.545712992,69700.0,-200.0,-0.00286944,51869.3818157632,52911.2345351616,51720.545712992,619143.0,43492861900.0,0.0,0.0,619143.0,43492861900.0,109820.0,-112120.0,14800.0,2300.0,7696756700.0,-7857066700.0,1041380000.0,160310000.0
06/05/2025,51869.3818157632,70500.0,-800.0,-0.01134752,52762.3984323904,52762.3984323904,51869.3818157632,686304.0,48232009100.0,0.0,0.0,686304.0,48232009100.0,26623.0,-27361.0,50500.0,738.0,1852849500.0,-1907922500.0,3556470000.0,55073000.0
05/05/2025,52464.726226848,68500.0,2000.0,0.02919708,51571.7096102208,52613.5623296192,50604.274942208,609866.0,42563395700.0,0.0,0.0,609866.0,42563395700.0,-13513.0,13613.0,16800.0,-100.0,-945436800.0,952296800.0,1174600000.0,-6860000.0
29/04/2025,50976.365199136,69000.0,-500.0,-0.00724638,51348.455456064,51720.545712992,50976.365199136,337375.0,23223320100.0,0.0,0.0,337375.0,23223320100.0,-20168.0,18100.0,300.0,2068.0,-1390575600.0,1247870000.0,19950000.0,142705600.0
28/04/2025,51348.455456064,69900.0,-900.0,-0.01287554,52018.2179185344,52018.2179185344,51348.455456064,335447.0,23239468900.0,0.0,0.0,335447.0,23239468900.0,138.0,2900.0,-8000.0,-3038.0,9154801.0,201890000.0,-553810000.0,-211044800.0
25/04/2025,52018.2179185344,68400.0,1500.0,0.02192982,51199.6193532928,52018.2179185344,50827.5290963648,1000975.0,69279781100.0,0.0,0.0,1000975.0,69279781100.0,-447900.0,447900.0,-53600.0,0.0,-31027490000.0,31027490000.0,-3719940000.0,0.0
24/04/2025,50901.9471477504,68500.0,-100.0,-0.00145985,50976.365199136,51348.455456064,50604.274942208,480333.0,32939761300.0,0.0,0.0,480333.0,32939761300.0,5068.0,-3000.0,27000.0,-2068.0,346357300.0,-204260000.0,1851420000.0,-142097300.0
23/04/2025,50976.365199136,67500.0,1000.0,0.01481481,50678.6929935936,51050.7832505216,49860.094428352,634493.0,43130550300.0,0.0,0.0,634493.0,43130550300.0,-158200.0,158200.0,-32000.0,0.0,-10742010001.0,10742010000.0,-2179040000.0,0.0
22/04/2025,50232.18468528,68200.0,-700.0,-0.01026393,50827.5290963648,50827.5290963648,47329.8806812416,1221802.0,81195785100.0,403000.0,26132000000.0,1624802.0,107327785100.0,-267100.0,267100.0,-73500.0,0.0,-17890100000.0,17890100000.0,-4937460000.0,0.0
21/04/2025,50753.1110449792,65500.0,2700.0,0.04122137,48892.6597603392,51571.7096102208,47627.552886784,1154972.0,77510220300.0,0.0,0.0,1154972.0,77510220300.0,-429100.0,429100.0,9200.0,0.0,-28721340000.0,28721340000.0,594690000.0,0.0
18/04/2025,48743.823657568,64800.0,700.0,0.01080247,48743.823657568,49264.7500172672,48371.73340064,397541.0,26091285900.0,0.0,0.0,397541.0,26091285900.0,-22802.0,22800.0,8100.0,2.0,-1495752000.0,1495620000.0,535820000.0,132000.0
17/04/2025,48222.8972978688,65400.0,-600.0,-0.00917431,48446.1514520256,48743.823657568,47776.3889895552,624088.0,40494382200.0,0.0,0.0,624088.0,40494382200.0,-71300.0,71300.0,-82000.0,0.0,-4639020000.0,4639020000.0,-5314240000.0,0.0
16/04/2025,48669.4056061824,65500.0,-100.0,-0.00152672,47999.643143712,49115.913914496,47999.643143712,594409.0,38771396600.0,0.0,0.0,594409.0,38771396600.0,-222600.0,189700.0,-12000.0,32900.0,-14534410000.0,12412360000.0,-781160000.0,2122050000.0
15/04/2025,48743.823657568,67400.0,-1900.0,-0.02818991,49488.004171424,49636.8402741952,47701.9709381696,1099374.0,72366649500.0,0.0,0.0,1099374.0,72366649500.0,129996.0,-132300.0,-232000.0,2304.0,8610109600.0,-8763330000.0,-15316060000.0,153220400.0
14/04/2025,50157.7666338944,67500.0,-100.0,-0.00148148,50604.274942208,50604.274942208,49488.004171424,515686.0,34580821900.0,0.0,0.0,515686.0,34580821900.0,30933.0,-40900.0,-162400.0,9967.0,2079912899.0,-2757630000.0,-10894230000.0,677717100.0
11/04/2025,50232.18468528,65200.0,2300.0,0.03527607,49115.913914496,50381.0207880512,47999.643143712,1917612.0,125991486600.0,0.0,0.0,1917612.0,125991486600.0,-72200.0,105100.0,-239000.0,-32900.0,-4771910000.0,6914550000.0,-15765570000.0,-2142640000.0
10/04/2025,48520.5695034112,61000.0,4200.0,0.06885246,48520.5695034112,48520.5695034112,48520.5695034112,147713.0,9630637900.0,0.0,0.0,147713.0,9630637900.0,-38194.0,40500.0,38300.0,-2306.0,-2490248800.0,2640600000.0,2497160000.0,-150351200.0
09/04/2025,45395.011345216,61200.0,-200.0,-0.00326797,42492.7073411776,48669.4056061824,42492.7073411776,1871852.0,111436646200.0,138416.0,9052406400.0,2010268.0,120489052600.0,-542233.0,552200.0,-54100.0,-9967.0,-32649609300.0,33245590000.0,-3224140000.0,-595980700.0
08/04/2025,45543.8474479872,65800.0,-4600.0,-0.06990881,46139.191859072,48074.0611950976,45543.8474479872,1463406.0,89812793800.0,232255.0,15282379000.0,1695661.0,105095172800.0,193400.0,-193300.0,-207600.0,-100.0,11858140000.0,-11851940000.0,-12727930000.0,-6200000.0
04/04/2025,48967.0778117248,66100.0,-300.0,-0.00453858,45990.3557563008,48967.0778117248,45767.101602144,1821801.0,114126236100.0,0.0,0.0,1821801.0,114126236100.0,-307800.0,315500.0,-900.0,-7700.0,-19635850000.0,20111710000.0,-100500000.0,-475860000.0
03/04/2025,49190.3319658816,71000.0,-4900.0,-0.06901408,50306.6027366656,51274.0374046784,49190.3319658816,1883617.0,126333085100.0,500000.0,35500000000.0,2383617.0,161833085100.0,-147200.0,149000.0,126500.0,-1800.0,-10014010000.0,10135690000.0,8605850000.0,-121680000.0
02/04/2025,52836.816483776,71500.0,-500.0,-0.00699301,53580.996997632,53729.8331004032,52687.9803810048,457412.0,32602036800.0,0.0,0.0,457412.0,32602036800.0,38304.0,-39200.0,-49600.0,896.0,2706464400.0,-2771130000.0,-3536290000.0,64665600.0
01/04/2025,53208.906740704,71400.0,100.0,0.00140056,53506.5789462464,53506.5789462464,52911.2345351616,452387.0,32319328600.0,0.0,0.0,452387.0,32319328600.0,-315800.0,315800.0,-4300.0,0.0,-22562390000.0,22562390000.0,-307640000.0,0.0
31/03/2025,53134.4886893184,70900.0,500.0,0.00705219,52464.726226848,53134.4886893184,52315.8901240768,701850.0,49668648700.0,0.0,0.0,701850.0,49668648700.0,-273922.0,273922.0,13300.0,0.0,-19400853200.0,19400853200.0,934610000.0,0.0
28/03/2025,52762.3984323904,73100.0,-2200.0,-0.03009576,54622.8497170304,54622.8497170304,52762.3984323904,816124.0,58628486700.0,0.0,0.0,816124.0,58628486700.0,93293.0,-92397.0,-110400.0,-896.0,6762642000.0,-6698077000.0,-7969710000.0,-64565000.0
27/03/2025,54399.5955628736,72600.0,500.0,0.00688705,53580.996997632,54697.267768416,53580.996997632,515707.0,37649897200.0,0.0,0.0,515707.0,37649897200.0,-54200.0,54200.0,-24000.0,0.0,-3953060000.0,3953060000.0,-1754400000.0,0.0
26/03/2025,54027.5053059456,72500.0,100.0,0.00137931,54027.5053059456,54697.267768416,53655.4150490176,813198.0,59325862000.0,0.0,0.0,813198.0,59325862000.0,-214278.0,214300.0,-24000.0,-22.0,-15643320600.0,15644920000.0,-1751800000.0,-1599400.0
25/03/2025,53953.08725456,72000.0,500.0,0.00694444,53878.6692031744,54325.177511488,53208.906740704,862346.0,62484832100.0,0.0,0.0,862346.0,62484832100.0,-45078.0,45890.0,-39110.0,-812.0,-3269735200.0,3328117200.0,-2828633000.0,-58382000.0
24/03/2025,53580.996997632,71500.0,500.0,0.00699301,53208.906740704,53580.996997632,52464.726226848,328707.0,23353003200.0,0.0,0.0,328707.0,23353003200.0,-33000.0,30000.0,28800.0,3000.0,-2339910000.0,2125410000.0,2039010000.0,214500000.0
21/03/2025,53208.906740704,71500.0,0.0,0.0,53506.5789462464,53953.08725456,52911.2345351616,508276.0,36446981900.0,0.0,0.0,508276.0,36446981900.0,-106115.0,96869.0,-800.0,9246.0,-7585339600.0,6920547600.0,-67820000.0,664792000.0
20/03/2025,53208.906740704,70100.0,1400.0,0.01997147,52836.816483776,53357.7428434752,52241.4720726912,523061.0,37108434300.0,0.0,0.0,523061.0,37108434300.0,-90409.0,90500.0,68000.0,-91.0,-6437013601.0,6443420000.0,4846250000.0,-6406400.0
19/03/2025,52167.0540213056,71300.0,-1200.0,-0.01683029,52836.816483776,53060.0706379328,51794.9637643776,864162.0,60603911600.0,145700.0,9689050000.0,1009862.0,70292961600.0,72800.0,-69800.0,31000.0,-3000.0,5125100000.0,-4915700000.0,2181800000.0,-209400000.0
18/03/2025,53060.0706379328,70800.0,500.0,0.00706215,52464.726226848,53655.4150490176,52464.726226848,479285.0,34266820500.0,158600.0,10499320000.0,637885.0,44766140500.0,-28960.0,38206.0,12000.0,-9246.0,-2089872900.0,2747632900.0,857220000.0,-657760000.0
17/03/2025,52687.9803810048,70900.0,-100.0,-0.00141044,52762.3984323904,53506.5789462464,52390.3081754624,675201.0,47865815100.0,20200.0,1403900000.0,695401.0,49269715100.0,64663.0,-64663.0,48200.0,0.0,4569068200.0,-4569068200.0,3418120000.0,0.0
14/03/2025,52762.3984323904,72200.0,-1300.0,-0.01800554,53580.996997632,53953.08725456,52539.1442782336,1006722.0,71887615800.0,60000.0,4050000000.0,1066722.0,75937615800.0,-3600.0,3600.0,63000.0,0.0,-248560000.0,248560000.0,4493630000.0,0.0
13/03/2025,53729.8331004032,73800.0,-1600.0,-0.02168022,55218.1941281152,55218.1941281152,53655.4150490176,1060526.0,77223265600.0,80000.0,5760000000.0,1140526.0,82983265600.0,35206.0,-33300.0,3000.0,-1906.0,2595552800.0,-2454190000.0,215900000.0,-141362800.0
12/03/2025,54920.5219225728,74600.0,-800.0,-0.01072386,55515.8663336576,55813.5385392,54771.6858198016,558958.0,41319046100.0,0.0,0.0,558958.0,41319046100.0,-2900.0,3900.0,0.0,-1000.0,-210820000.0,284820000.0,-3200000.0,-74000000.0
11/03/2025,55515.8663336576,75000.0,-400.0,-0.00533333,54920.5219225728,55739.1204878144,54920.5219225728,698079.0,51894837400.0,80000.0,5760000000.0,778079.0,57654837400.0,-49473.0,49973.0,60900.0,-500.0,-3679975500.0,3717215500.0,4527540000.0,-37240000.0
10/03/2025,55813.5385392,73300.0,1700.0,0.02319236,54771.6858198016,56334.4648988992,54101.9233573312,1791200.0,133702171200.0,0.0,0.0,1791200.0,133702171200.0,-67700.0,69500.0,46700.0,-1800.0,-5093180000.0,5228360000.0,3575010000.0,-135180000.0
07/03/2025,54548.4316656448,73700.0,-400.0,-0.00542741,54994.9399739584,54994.9399739584,54325.177511488,558584.0,40978022900.0,100000.0,6860000000.0,658584.0,47838022900.0,13800.0,-13800.0,-2300.0,0.0,1029180000.0,-1029180000.0,-168680000.0,0.0
06/03/2025,54846.1038711872,73100.0,600.0,0.00820793,54697.267768416,55664.7024364288,54399.5955628736,726275.0,53807513400.0,0.0,0.0,726275.0,53807513400.0,73900.0,-72900.0,-77700.0,-1000.0,5493800000.0,-5420010000.0,-5772790000.0,-73790000.0
05/03/2025,54399.5955628736,73100.0,0.0,0.0,54474.0136142592,55367.0302308864,53804.2511517888,818652.0,60045046400.0,0.0,0.0,818652.0,60045046400.0,-18700.0,18900.0,-27200.0,-200.0,-1364060000.0,1378680000.0,-2008650000.0,-14620000.0
04/03/2025,54399.5955628736,72600.0,500.0,0.00688705,53580.996997632,54771.6858198016,53283.3247920896,1102229.0,79878545800.0,0.0,0.0,1102229.0,79878545800.0,-183100.0,184100.0,-117000.0,-1000.0,-13293380000.0,13365680000.0,-8506230000.0,-72300000.0
03/03/2025,54027.5053059456,72400.0,200.0,0.00276243,54250.7594601024,54250.7594601024,53506.5789462464,754001.0,54474089700.0,0.0,0.0,754001.0,54474089700.0,51500.0,-52000.0,-40900.0,500.0,3712250000.0,-3748760000.0,-2956240000.0,36510000.0
28/02/2025,53878.6692031744,74000.0,-1600.0,-0.02162162,55069.358025344,55218.1941281152,53580.996997632,1058788.0,77289079900.0,0.0,0.0,1058788.0,77289079900.0,-216600.0,216600.0,-19200.0,0.0,-15854950000.0,15854950000.0,-1382340000.0,0.0
27/02/2025,55069.358025344,72600.0,1401.0,0.01929779,54325.177511488,55590.2843850432,53953.08725456,837089.0,61329505600.0,0.0,0.0,837089.0,61329505600.0,-197433.0,197433.0,-5000.0,0.0,-14464758800.0,14464758800.0,-371000000.0,0.0
26/02/2025,54026.7908926523,74300.0,-700.0,-0.00942127,54540.6326538596,55054.4744150669,53806.572994992,1091093.0,80501575100.0,0.0,0.0,1091093.0,80501575100.0,-65200.0,65900.0,54200.0,-700.0,-4795447500.0,4846967500.0,3982070000.0,-51520000.0
25/02/2025,54540.6326538596,75000.0,-700.0,-0.00933333,55054.4744150669,55274.6923127271,54247.0087903126,799075.0,59440183500.0,0.0,0.0,799075.0,59440183500.0,-10600.0,10600.0,26200.0,0.0,-767570000.0,767570000.0,1945210000.0,0.0
24/02/2025,55054.4744150669,72000.0,3000.0,0.04166667,52705.4835066907,55788.5340739344,52411.8596431437,2335081.0,172331914400.0,0.0,0.0,2335081.0,172331914400.0,-21796.0,21829.0,-22600.0,-33.0,-1609981900.0,1612463500.0,-1726780000.0,-2481600.0
21/02/2025,52852.2954384642,72100.0,-100.0,-0.00138696,52925.701404351,53439.5431655583,52044.8298137099,1309705.0,93755089000.0,0.0,0.0,1309705.0,93755089000.0,174498.0,-173468.0,5000.0,-1030.0,12535029800.0,-12460963800.0,349500000.0,-74066000.0
20/02/2025,52925.701404351,72200.0,-100.0,-0.00138504,53953.3849267655,53953.3849267655,52925.701404351,799005.0,57993329500.0,0.0,0.0,799005.0,57993329500.0,96234.0,-94734.0,-6000.0,-1500.0,6965308200.0,-6856558200.0,-441120000.0,-108750000.0
19/02/2025,52999.1073702377,67500.0,4700.0,0.06962963,49695.8389053337,52999.1073702377,49549.0269735602,3066720.0,217665607300.0,0.0,0.0,3066720.0,217665607300.0,59629.0,-57600.0,-97000.0,-2029.0,4190188700.0,-4046400000.0,-6857750000.0,-143788700.0
18/02/2025,49549.0269735602,66700.0,800.0,0.011994,48888.3732805794,49622.4329394469,48888.3732805794,445520.0,29943604300.0,0.0,0.0,445520.0,29943604300.0,-90368.0,91700.0,110000.0,-1332.0,-6080899600.0,6170410000.0,7398180000.0,-89510400.0
17/02/2025,48961.7792464661,67500.0,-800.0,-0.01185185,49475.6210076734,49769.2448712205,48961.7792464661,499798.0,33616595800.0,0.0,0.0,499798.0,33616595800.0,-72334.0,74300.0,74800.0,-1966.0,-4866836400.0,4999790000.0,5033540000.0,-132953600.0
14/02/2025,49549.0269735602,67900.0,-400.0,-0.00589102,49842.6508371072,50062.8687347675,49475.6210076734,617785.0,41867562600.0,0.0,0.0,617785.0,41867562600.0,-132700.0,133500.0,-67000.0,-800.0,-9000510000.0,9054830000.0,-4538500000.0,-54320000.0
13/02/2025,49842.6508371072,68000.0,-100.0,-0.00147059,49916.056802994,50209.680666541,49549.0269735602,520505.0,35346769600.0,0.0,0.0,520505.0,35346769600.0,-7800.0,8000.0,14000.0,-200.0,-526720000.0,540300000.0,944600000.0,-13580000.0
12/02/2025,49916.056802994,67500.0,500.0,0.00740741,49769.2448712205,50209.680666541,49549.0269735602,664358.0,45117380100.0,0.0,0.0,664358.0,45117380100.0,-249100.0,247800.0,-39600.0,1300.0,-16925010000.0,16836870000.0,-2683860000.0,88140000.0
11/02/2025,49549.0269735602,66800.0,700.0,0.01047904,49181.9971441264,49549.0269735602,48961.7792464661,576757.0,38652133000.0,0.0,0.0,576757.0,38652133000.0,-51700.0,51700.0,-27500.0,0.0,-3453980000.0,3453980000.0,-1847800000.0,0.0
10/02/2025,49035.1852123529,66800.0,0.0,0.0,49108.5911782397,49108.5911782397,48741.5613488059,513605.0,34261170600.0,335000.0,23786000000.0,848605.0,58047170600.0,-11900.0,11900.0,-31200.0,0.0,-801910000.0,801910000.0,-2080240000.0,0.0
07/02/2025,49035.1852123529,66000.0,800.0,0.01212121,48594.7494170324,49475.6210076734,48594.7494170324,810050.0,54206419900.0,0.0,0.0,810050.0,54206419900.0,28900.0,-27400.0,-26400.0,-1500.0,1919530000.0,-1819480000.0,-1765160000.0,-100050000.0
06/02/2025,48447.9374852589,66500.0,-500.0,-0.0075188,49035.1852123529,49035.1852123529,48447.9374852589,394631.0,26155156200.0,0.0,0.0,394631.0,26155156200.0,37100.0,-37100.0,25500.0,0.0,2456760000.0,-2456760000.0,1688740000.0,0.0
05/02/2025,48814.9673146926,66000.0,500.0,0.00757576,48521.3434511456,48961.7792464661,48447.9374852589,338249.0,22453581100.0,0.0,0.0,338249.0,22453581100.0,4200.0,-4200.0,-5000.0,0.0,283900000.0,-283900000.0,-335080000.0,0.0
04/02/2025,48447.9374852589,65300.0,700.0,0.01071975,48227.7195875986,48741.5613488059,48007.5016899383,397373.0,26189742000.0,0.0,0.0,397373.0,26189742000.0,-36600.0,36600.0,13200.0,0.0,-2405890000.0,2405890000.0,872340000.0,0.0
03/02/2025,47934.0957240516,65000.0,300.0,0.00461538,47860.6897581648,47934.0957240516,47420.2539628443,186608.0,12132106800.0,0.0,0.0,186608.0,12132106800.0,20700.0,-20700.0,-20600.0,0.0,1341960000.0,-1341960000.0,-1335470000.0,0.0
24/01/2025,47713.8778263913,65900.0,-900.0,-0.01365706,48447.9374852589,48447.9374852589,47713.8778263913,1194291.0,77801865400.0,0.0,0.0,1194291.0,77801865400.0,720400.0,-721100.0,42800.0,700.0,46853730000.0,-46899930000.0,2804820000.0,46200000.0
23/01/2025,48374.5315193721,65400.0,500.0,0.00764526,48007.5016899383,48374.5315193721,47934.0957240516,339998.0,22285849900.0,0.0,0.0,339998.0,22285849900.0,-114307.0,114303.0,6500.0,4.0,-7488382900.0,7488116500.0,420270000.0,266400.0
22/01/2025,48007.5016899383,66000.0,-600.0,-0.00909091,48594.7494170324,48594.7494170324,47934.0957240516,411778.0,27059652600.0,0.0,0.0,411778.0,27059652600.0,59900.0,-61800.0,53200.0,1900.0,3942650000.0,-4068430000.0,3503480000.0,125780000.0
21/01/2025,48447.9374852589,66900.0,-900.0,-0.01345291,49181.9971441264,49181.9971441264,48447.9374852589,278404.0,18470564100.0,0.0,0.0,278404.0,18470564100.0,35642.0,-34942.0,14900.0,-700.0,2382440400.0,-2335540400.0,985520000.0,-46900000.0
20/01/2025,49108.5911782397,66700.0,200.0,0.0029985,48961.7792464661,49181.9971441264,48007.5016899383,387124.0,25790221800.0,0.0,0.0,387124.0,25790221800.0,-193496.0,193400.0,109900.0,96.0,-12888835200.0,12882430000.0,7328990000.0,6405200.0
17/01/2025,48961.7792464661,65600.0,1100.0,0.01676829,48154.3136217118,49108.5911782397,48080.9076558251,567028.0,37560133400.0,0.0,0.0,567028.0,37560133400.0,-360800.0,362600.0,79600.0,-1800.0,-23898450001.0,24016980000.0,5265650000.0,-118530000.0
16/01/2025,48154.3136217118,64900.0,700.0,0.01078582,47640.4718605045,48154.3136217118,47567.0658946178,234809.0,15286246700.0,0.0,0.0,234809.0,15286246700.0,5464.0,-5100.0,53100.0,-364.0,337751801.0,-314140000.0,3448060000.0,-23611800.0
15/01/2025,47640.4718605045,65400.0,-500.0,-0.00764526,47713.8778263913,48007.5016899383,47567.0658946178,357840.0,23273908400.0,0.0,0.0,357840.0,23273908400.0,73998.0,-73900.0,79800.0,-98.0,4810300200.0,-4803940000.0,5186380000.0,-6360200.0
14/01/2025,48007.5016899383,65000.0,400.0,0.00615385,47787.2837922781,48007.5016899383,47420.2539628443,230548.0,14991070100.0,0.0,0.0,230548.0,14991070100.0,-87900.0,88000.0,63900.0,-100.0,-5720270000.0,5726740000.0,4150480000.0,-6470000.0
13/01/2025,47713.8778263913,64300.0,700.0,0.01088647,47200.036065184,47713.8778263913,46833.0062357502,323039.0,20784271800.0,0.0,0.0,323039.0,20784271800.0,-50806.0,50900.0,84900.0,-94.0,-3265443600.0,3271470000.0,5439370000.0,-6026400.0
10/01/2025,47200.036065184,64400.0,-100.0,-0.0015528,47567.0658946178,47567.0658946178,46906.412201637,338632.0,21777392600.0,0.0,0.0,338632.0,21777392600.0,-42098.0,34500.0,28800.0,7598.0,-2709910800.0,2217560000.0,1852080000.0,492350800.0
09/01/2025,47273.4420310708,64100.0,300.0,0.00468019,47053.2241334105,47420.2539628443,46833.0062357502,156123.0,10014552700.0,0.0,0.0,156123.0,10014552700.0,-28700.0,28700.0,5700.0,0.0,-1846990001.0,1846990000.0,366030000.0,0.0
08/01/2025,47053.2241334105,64800.0,-700.0,-0.01080247,47567.0658946178,47567.0658946178,46906.412201637,434273.0,27852266200.0,0.0,0.0,434273.0,27852266200.0,67600.0,-68600.0,9400.0,1000.0,4330010000.0,-4394810000.0,604100000.0,64800000.0
07/01/2025,47567.0658946178,64000.0,800.0,0.0125,47273.4420310708,47713.8778263913,46759.6002698635,465093.0,29969984000.0,0.0,0.0,465093.0,29969984000.0,105100.0,-97500.0,24700.0,-7600.0,6777180000.0,-6285460000.0,1606450000.0,-491720000.0
06/01/2025,46979.8181675237,65400.0,-1400.0,-0.02140673,48007.5016899383,48227.7195875986,46906.412201637,842876.0,54480619000.0,30.0,2022000.0,842906.0,54482641000.0,36600.0,-36600.0,-67000.0,0.0,2356090000.0,-2356090000.0,-4301690000.0,0.0
03/01/2025,48007.5016899383,67000.0,-1600.0,-0.0238806,49402.2150417867,49402.2150417867,47713.8778263913,662457.0,43760664900.0,0.0,0.0,662457.0,43760664900.0,-14900.0,15900.0,19400.0,-1000.0,-986760000.0,1053160000.0,1286000000.0,-66400000.0
02/01/2025,49181.9971441264,67900.0,-900.0,-0.01325479,49842.6508371072,49842.6508371072,49035.1852123529,341740.0,22912391700.0,0.0,0.0,341740.0,22912391700.0,-2900.0,2900.0,12800.0,0.0,-192090000.0,192090000.0,855970000.0,0.0
31/12/2024,49842.6508371072,67000.0,900.0,0.01343284,49328.8090758999,49842.6508371072,48888.3732805794,402044.0,27049781500.0,0.0,0.0,402044.0,27049781500.0,-75608.0,73608.0,-6600.0,2000.0,-5140691300.0,5006291300.0,-442260000.0,134400000.0
30/12/2024,49181.9971441264,68000.0,-1000.0,-0.01470588,49549.0269735602,49989.4627688807,49181.9971441264,412076.0,27797647900.0,0.0,0.0,412076.0,27797647900.0,67283.0,-67300.0,27400.0,17.0,4520204000.0,-4521360000.0,1862560000.0,1156000.0
27/12/2024,49916.056802994,68000.0,0.0,0.0,50209.680666541,50209.680666541,49695.8389053337,413683.0,28100711000.0,0.0,0.0,413683.0,28100711000.0,-40500.0,40500.0,-10400.0,0.0,-2752980000.0,2752980000.0,-708200000.0,0.0
26/12/2024,49916.056802994,68700.0,-700.0,-0.01018923,50503.304530088,50576.7104959748,49916.056802994,372493.0,25443192400.0,0.0,0.0,372493.0,25443192400.0,-924.0,-2100.0,29600.0,3024.0,-72629200.0,-136130000.0,2024900000.0,208759200.0
25/12/2024,50429.8985642013,67500.0,1200.0,0.01777778,49549.0269735602,51163.9582230688,49549.0269735602,1078560.0,74249487000.0,0.0,0.0,1078560.0,74249487000.0,-50678.0,50695.0,24195.0,-17.0,-3498135900.0,3499315701.0,1659446000.0,-1179800.0
24/12/2024,49549.0269735602,68000.0,-500.0,-0.00735294,49916.056802994,49916.056802994,49475.6210076734,445862.0,30175139300.0,0.0,0.0,445862.0,30175139300.0,-80896.0,80200.0,36400.0,696.0,-5474914400.0,5427500000.0,2461360000.0,47414400.0
23/12/2024,49916.056802994,67700.0,300.0,0.00443131,50209.680666541,50209.680666541,49769.2448712205,443423.0,30145093900.0,0.0,0.0,443423.0,30145093900.0,-40153.0,45177.0,0.0,-5024.0,-2716690500.0,3060234500.0,0.0,-343544000.0
20/12/2024,49695.8389053337,67300.0,400.0,0.00594354,49402.2150417867,50062.8687347675,49328.8090758999,583062.0,39502171700.0,0.0,0.0,583062.0,39502171700.0,-80800.0,80800.0,-500.0,0.0,-5475560000.0,5475560000.0,-34000000.0,0.0
19/12/2024,49402.2150417867,67800.0,-500.0,-0.00737463,49181.9971441264,50062.8687347675,49035.1852123529,732751.0,49443630200.0,150000.0,10875000000.0,882751.0,60318630200.0,1496.0,-800.0,-26100.0,-696.0,99360000.0,-52380000.0,-1760910000.0,-46980000.0
18/12/2024,49769.2448712205,66500.0,1300.0,0.01954887,48814.9673146926,49769.2448712205,48741.5613488059,807547.0,54228040800.0,0.0,0.0,807547.0,54228040800.0,53700.0,-53700.0,15300.0,0.0,3568270000.0,-3568270000.0,1025690000.0,0.0
17/12/2024,48814.9673146926,66200.0,300.0,0.00453172,48594.7494170324,49108.5911782397,48447.9374852589,275875.0,18296121700.0,0.0,0.0,275875.0,18296121700.0,-11200.0,11200.0,11000.0,0.0,-744980000.0,744980000.0,731680000.0,0.0
16/12/2024,48594.7494170324,66500.0,-300.0,-0.00451128,48814.9673146926,49035.1852123529,48447.9374852589,234786.0,15549346400.0,0.0,0.0,234786.0,15549346400.0,-18100.0,18100.0,0.0,0.0,-1199530000.0,1199530000.0,0.0,0.0
13/12/2024,48814.9673146926,66000.0,500.0,0.00757576,48521.3434511456,49108.5911782397,48374.5315193721,299749.0,19888761500.0,0.0,0.0,299749.0,19888761500.0,-25700.0,25700.0,5600.0,0.0,-1706400000.0,1706400000.0,373070000.0,0.0
12/12/2024,48447.9374852589,66600.0,-600.0,-0.00900901,48888.3732805794,49255.4031100132,48447.9374852589,444534.0,29561627300.0,0.0,0.0,444534.0,29561627300.0,-31010.0,31010.0,28800.0,0.0,-2064864300.0,2064864300.0,1918860000.0,0.0
11/12/2024,48888.3732805794,67400.0,-800.0,-0.01186944,49475.6210076734,49622.4329394469,48814.9673146926,700559.0,46860095500.0,0.0,0.0,700559.0,46860095500.0,114800.0,-114800.0,-88300.0,0.0,7683600000.0,-7683600000.0,-5894220000.0,0.0
10/12/2024,49475.6210076734,67800.0,-400.0,-0.00589971,49916.056802994,50283.0866324278,49475.6210076734,444921.0,30186438800.0,0.0,0.0,444921.0,30186438800.0,-58310.0,58310.0,13400.0,0.0,-3930778000.0,3930778000.0,909540000.0,0.0
09/12/2024,49769.2448712205,67800.0,0.0,0.0,50136.2747006542,50136.2747006542,49549.0269735602,565276.0,38274050500.0,0.0,0.0,565276.0,38274050500.0,129200.0,-129200.0,6600.0,0.0,8738110000.0,-8738110000.0,448620000.0,0.0
06/12/2024,49769.2448712205,68400.0,-600.0,-0.00877193,50209.680666541,50283.0866324278,49769.2448712205,544436.0,37088554200.0,73871.0,5399970100.0,618307.0,42488524300.0,8100.0,-8100.0,-38800.0,0.0,570370000.0,-570370000.0,-2657900000.0,0.0
05/12/2024,50209.680666541,67200.0,1200.0,0.01785714,49328.8090758999,50356.4925983145,49328.8090758999,1133528.0,77226528700.0,0.0,0.0,1133528.0,77226528700.0,47300.0,-47300.0,-58800.0,0.0,3225980000.0,-3225980000.0,-4008620000.0,0.0
04/12/2024,49328.8090758999,67800.0,-600.0,-0.00884956,49916.056802994,49916.056802994,49328.8090758999,492089.0,33322310300.0,0.0,0.0,492089.0,33322310300.0,-45700.0,45700.0,-15900.0,0.0,-3107840000.0,3107840000.0,-1070280000.0,0.0
03/12/2024,49769.2448712205,66800.0,1000.0,0.01497006,49255.4031100132,50283.0866324278,48814.9673146926,1035645.0,70236142700.0,0.0,0.0,1035645.0,70236142700.0,-59000.0,59000.0,-18100.0,0.0,-4014610000.0,4014610000.0,-1228930000.0,0.0
02/12/2024,49035.1852123529,67200.0,-400.0,-0.00595238,49402.2150417867,49769.2448712205,48888.3732805794,520063.0,34846011300.0,0.0,0.0,520063.0,34846011300.0,-130478.0,130478.0,-8400.0,0.0,-8739169201.0,8739169200.0,-571240000.0,0.0
29/11/2024,49328.8090758999,67000.0,200.0,0.00298507,49328.8090758999,49328.8090758999,49035.1852123529,499804.0,33533067600.0,0.0,0.0,499804.0,33533067600.0,-47800.0,47800.0,5900.0,0.0,-3209180000.0,3209180000.0,397780000.0,0.0
28/11/2024,49181.9971441264,67000.0,0.0,0.0,49255.4031100132,49328.8090758999,48888.3732805794,643178.0,43065248600.0,0.0,0.0,643178.0,43065248600.0,-174600.0,173600.0,-116400.0,1000.0,-11684430000.0,11617330000.0,-7791870000.0,67100000.0
27/11/2024,49181.9971441264,66700.0,300.0,0.00449775,48961.7792464661,49549.0269735602,48668.1553829191,969244.0,64892628700.0,0.0,0.0,969244.0,64892628700.0,-123200.0,123200.0,-19900.0,0.0,-8226910000.0,8226910000.0,-1339540000.0,0.0
26/11/2024,48961.7792464661,66900.0,-200.0,-0.00298954,49108.5911782397,49255.4031100132,48741.5613488059,494663.0,33081165700.0,0.0,0.0,494663.0,33081165700.0,-42250.0,42250.0,10200.0,0.0,-2832210000.0,2832210000.0,681720000.0,0.0
25/11/2024,49108.5911782397,64700.0,2200.0,0.03400309,47567.0658946178,49402.2150417867,47126.6300992972,1600690.0,106628348400.0,0.0,0.0,1600690.0,106628348400.0,111004.0,-110004.0,-184800.0,-1000.0,7380366800.0,-7313366800.0,-12335540000.0,-67000000.0
22/11/2024,47493.659928731,65000.0,-300.0,-0.00461538,47713.8778263913,47860.6897581648,47200.036065184,447065.0,29004960200.0,0.0,0.0,447065.0,29004960200.0,-46818.0,46818.0,-37200.0,0.0,-3046509099.0,3046509100.0,-2420500000.0,0.0
21/11/2024,47713.8778263913,63800.0,1200.0,0.01880878,47126.6300992972,47713.8778263913,46833.0062357502,583013.0,37598514400.0,0.0,0.0,583013.0,37598514400.0,-350928.0,351800.0,0.0,-872.0,-22723443200.0,22779020000.0,0.0,-55576800.0
20/11/2024,46833.0062357502,62800.0,1000.0,0.01592357,46098.9465768827,46833.0062357502,45364.8869180151,891973.0,56047608200.0,0.0,0.0,891973.0,56047608200.0,-276100.0,276100.0,99600.0,0.0,-17499930000.0,17499930000.0,6232550000.0,0.0
19/11/2024,46098.9465768827,63700.0,-900.0,-0.01412873,46979.8181675237,46979.8181675237,46098.9465768827,439051.0,27829695400.0,0.0,0.0,439051.0,27829695400.0,-30674.0,30692.0,-16800.0,-18.0,-1957753799.0,1958900400.0,-1066690000.0,-1146600.0
18/11/2024,46759.6002698635,65000.0,-1300.0,-0.02,47640.4718605045,47787.2837922781,46686.1943039767,495632.0,31702441400.0,0.0,0.0,495632.0,31702441400.0,-84672.0,84800.0,12300.0,-128.0,-5416006000.0,5424160000.0,792150000.0,-8154000.0
15/11/2024,47713.8778263913,65000.0,0.0,0.0,47493.659928731,47860.6897581648,47420.2539628443,834415.0,54211058600.0,0.0,0.0,834415.0,54211058600.0,-461900.0,461900.0,437100.0,0.0,-30004710000.0,30004710000.0,28386350000.0,0.0
14/11/2024,47713.8778263913,65400.0,-400.0,-0.00611621,48154.3136217118,48447.9374852589,47713.8778263913,527937.0,34588961100.0,0.0,0.0,527937.0,34588961100.0,-61900.0,61900.0,-26600.0,0.0,-4047160000.0,4047160000.0,-1761400000.0,0.0
13/11/2024,48007.5016899383,65800.0,-400.0,-0.00607903,48154.3136217118,48154.3136217118,47567.0658946178,547539.0,35636082700.0,0.0,0.0,547539.0,35636082700.0,-63886.0,63886.0,161886.0,0.0,-4140980000.0,4140980000.0,10515720000.0,0.0
12/11/2024,48301.1255534853,65000.0,800.0,0.01230769,48007.5016899383,48447.9374852589,47787.2837922781,753078.0,49435165200.0,0.0,0.0,753078.0,49435165200.0,-230900.0,230900.0,-12000.0,0.0,-15162730000.0,15162730000.0,-786420000.0,0.0
11/11/2024,47713.8778263913,64600.0,400.0,0.00619195,47420.2539628443,47713.8778263913,46979.8181675237,551658.0,35604616500.0,0.0,0.0,551658.0,35604616500.0,-146000.0,146000.0,156800.0,0.0,-9431270000.0,9431270000.0,10131130000.0,0.0
08/11/2024,47420.2539628443,64500.0,100.0,0.00155039,47640.4718605045,47640.4718605045,47200.036065184,701768.0,45304063900.0,260000.0,17940000000.0,961768.0,63244063900.0,-351061.0,332808.0,13600.0,18253.0,-22650046101.0,21465296000.0,870880000.0,1184750100.0
07/11/2024,47346.8479969575,63900.0,600.0,0.00938967,47126.6300992972,47493.659928731,46759.6002698635,696362.0,44749448200.0,200000.0,12600000000.0,896362.0,57349448200.0,-240700.0,240700.0,-8000.0,0.0,-15476810000.0,15476810000.0,-502780000.0,0.0
06/11/2024,46906.412201637,63600.0,300.0,0.00471698,46833.0062357502,47273.4420310708,46539.3823722032,680225.0,43420761600.0,200000.0,12400000000.0,880225.0,55820761600.0,-239920.0,239920.0,32500.0,0.0,-15335282000.0,15335282000.0,2083840000.0,0.0
05/11/2024,46686.1943039767,64000.0,-400.0,-0.00625,46465.9764063164,47567.0658946178,46465.9764063164,560724.0,35807637600.0,0.0,0.0,560724.0,35807637600.0,-132447.0,150700.0,-22700.0,-18253.0,-8491427800.0,9646810000.0,-1450170000.0,-1155382200.0
04/11/2024,46979.8181675237,62000.0,2000.0,0.03225806,45731.9167474489,47053.2241334105,45511.6988497886,1288748.0,81151832800.0,0.0,0.0,1288748.0,81151832800.0,205000.0,-205000.0,-276900.0,0.0,12550560000.0,-12550560000.0,-17389800000.0,0.0
01/11/2024,45511.6988497886,64100.0,-2100.0,-0.03276131,46979.8181675237,46979.8181675237,45511.6988497886,3433664.0,214660153700.0,0.0,0.0,3433664.0,214660153700.0,2448150.0,-2448180.0,165000.0,30.0,152472357001.0,-152474412000.0,10243000000.0,2055000.0
31/10/2024,47053.2241334105,65000.0,-900.0,-0.01384615,47493.659928731,47567.0658946178,45952.1346451092,392046.0,25263243400.0,0.0,0.0,392046.0,25263243400.0,-71850.0,71850.0,-27700.0,0.0,-4647215000.0,4647215000.0,-1787970000.0,0.0
30/10/2024,47713.8778263913,64600.0,400.0,0.00619195,47640.4718605045,47860.6897581648,47493.659928731,644230.0,41890536200.0,0.0,0.0,644230.0,41890536200.0,-73300.0,73300.0,-30000.0,0.0,-4772530000.0,4772530000.0,-1953000000.0,0.0
29/10/2024,47420.2539628443,63300.0,1300.0,0.02053712,46465.9764063164,47420.2539628443,46392.5704404297,561516.0,36034782200.0,0.0,0.0,561516.0,36034782200.0,88300.0,-88270.0,-48900.0,-30.0,5638693700.0,-5636797000.0,-3115330000.0,-1896700.0
28/10/2024,46465.9764063164,63000.0,300.0,0.0047619,46392.5704404297,46612.78833809,46172.3525427694,285878.0,18056188300.0,0.0,0.0,285878.0,18056188300.0,106500.0,-106500.0,-83000.0,0.0,6719950000.0,-6719950000.0,-5238340000.0,0.0
25/10/2024,46245.7585086562,63500.0,-500.0,-0.00787402,46906.412201637,46906.412201637,46245.7585086562,271438.0,17199898100.0,28049.0,1904527100.0,299487.0,19104425200.0,64300.0,-64300.0,-60900.0,0.0,4073880000.0,-4073880000.0,-3857650000.0,0.0
24/10/2024,46612.78833809,63300.0,200.0,0.00315956,46465.9764063164,46612.78833809,46245.7585086562,457866.0,28963245900.0,0.0,0.0,457866.0,28963245900.0,206000.0,-206000.0,-190500.0,0.0,13003710001.0,-13003710000.0,-12020970000.0,0.0
23/10/2024,46465.9764063164,63100.0,200.0,0.00316957,46245.7585086562,46612.78833809,46172.3525427694,373224.0,23598018300.0,0.0,0.0,373224.0,23598018300.0,141750.0,-141750.0,-83200.0,0.0,8966250800.0,-8966250800.0,-5263220000.0,0.0
22/10/2024,46319.1644745429,64100.0,-1000.0,-0.01560062,46979.8181675237,47053.2241334105,46245.7585086562,641849.0,40714507500.0,0.0,0.0,641849.0,40714507500.0,23700.0,-23700.0,7100.0,0.0,1512340000.0,-1512340000.0,449380000.0,0.0
21/10/2024,47053.2241334105,64800.0,-700.0,-0.0108,47493.659928731,47567.0658946178,46979.8181675237,381578.0,24550596600.0,0.0,0.0,381578.0,24550596600.0,64237.0,-65400.0,-46800.0,1163.0,4138110400.0,-4213640000.0,-3003210000.0,75529600.0
18/10/2024,47567.0658946178,64900.0,-100.0,-0.00154083,47640.4718605045,48080.9076558251,47567.0658946178,288718.0,18784560300.0,0.0,0.0,288718.0,18784560300.0,-5800.0,4800.0,6800.0,1000.0,-374780000.0,309880000.0,439480000.0,64900000.0
17/10/2024,47640.4718605045,64900.0,0.0,0.0,47640.4718605045,47860.6897581648,47567.0658946178,336606.0,21857784500.0,0.0,0.0,336606.0,21857784500.0,2900.0,-2900.0,28600.0,0.0,192050000.0,-192050000.0,1855480000.0,0.0
16/10/2024,47640.4718605045,65200.0,-300.0,-0.00460123,47713.8778263913,48080.9076558251,47420.2539628443,424100.0,27555456200.0,0.0,0.0,424100.0,27555456200.0,86363.0,-85200.0,14400.0,-1163.0,5611256601.0,-5535770000.0,937270000.0,-75486600.0
15/10/2024,47860.6897581648,65900.0,-700.0,-0.01062215,48374.5315193721,48594.7494170324,47860.6897581648,373611.0,24521245300.0,0.0,0.0,373611.0,24521245300.0,-48148.0,49148.0,53998.0,-1000.0,-3159258400.0,3225058400.0,3545248000.0,-65800000.0
14/10/2024,48374.5315193721,65600.0,300.0,0.00457317,48814.9673146926,48888.3732805794,48227.7195875986,412849.0,27276233800.0,0.0,0.0,412849.0,27276233800.0,63880.0,-63880.0,10800.0,0.0,4229896000.0,-4229896000.0,712440000.0,0.0
11/10/2024,48154.3136217118,65500.0,100.0,0.00152672,48227.7195875986,48521.3434511456,48007.5016899383,639222.0,41907690900.0,0.0,0.0,639222.0,41907690900.0,-90710.0,90710.0,11000.0,0.0,-5944275000.0,5944275000.0,721230000.0,0.0
10/10/2024,48080.9076558251,65600.0,-100.0,-0.00152439,48154.3136217118,48374.5315193721,48007.5016899383,662405.0,43487508800.0,0.0,0.0,662405.0,43487508800.0,-101500.0,101000.0,58000.0,500.0,-6666920000.0,6634120000.0,3815600000.0,32800000.0
09/10/2024,48154.3136217118,65600.0,0.0,0.0,48154.3136217118,48154.3136217118,47934.0957240516,520281.0,34056424900.0,0.0,0.0,520281.0,34056424900.0,-68600.0,68600.0,3200.0,0.0,-4486420000.0,4486420000.0,209200000.0,0.0
08/10/2024,48154.3136217118,65800.0,-200.0,-0.00303951,48521.3434511456,48668.1553829191,48007.5016899383,421215.0,27643969700.0,0.0,0.0,421215.0,27643969700.0,80700.0,-80700.0,29400.0,0.0,5296680000.0,-5296680000.0,1922440000.0,0.0
07/10/2024,48301.1255534853,66300.0,-500.0,-0.00754148,48814.9673146926,49402.2150417867,48301.1255534853,525314.0,35032721200.0,0.0,0.0,525314.0,35032721200.0,-121900.0,122400.0,-30700.0,-500.0,-8184110000.0,8217760000.0,-2027760000.0,-33650000.0
04/10/2024,48668.1553829191,66800.0,-500.0,-0.00748503,49181.9971441264,49181.9971441264,48668.1553829191,340230.0,22663775500.0,35000.0,2310000000.0,375230.0,24973775500.0,-53730.0,53230.0,29000.0,500.0,-3578018000.0,3544518000.0,1933200000.0,33500000.0
03/10/2024,49035.1852123529,67400.0,-600.0,-0.00890208,49769.2448712205,49916.056802994,48888.3732805794,476916.0,32085061900.0,0.0,0.0,476916.0,32085061900.0,-89200.0,89200.0,79200.0,0.0,-5987600000.0,5987600000.0,5318600000.0,0.0
02/10/2024,49475.6210076734,66700.0,700.0,0.01049475,48741.5613488059,49769.2448712205,48741.5613488059,674129.0,45346780800.0,100000.0,6900000000.0,774129.0,52246780800.0,-331125.0,330795.0,444400.0,330.0,-22275076001.0,22253155000.0,29893450000.0,21921000.0
01/10/2024,48961.7792464661,66600.0,100.0,0.0015015,48961.7792464661,49328.8090758999,48888.3732805794,444815.0,29720623500.0,0.0,0.0,444815.0,29720623500.0,-28700.0,29200.0,24800.0,-500.0,-1915400000.0,1948900000.0,1654220000.0,-33500000.0
30/09/2024,48888.3732805794,66700.0,-100.0,-0.00149925,48741.5613488059,49108.5911782397,48594.7494170324,369025.0,24554570000.0,0.0,0.0,369025.0,24554570000.0,-82150.0,82150.0,82350.0,0.0,-5465376300.0,5465376300.0,5478666000.0,0.0
27/09/2024,48961.7792464661,67400.0,-700.0,-0.01038576,49549.0269735602,49916.056802994,48888.3732805794,483680.0,32406140100.0,0.0,0.0,483680.0,32406140100.0,-47570.0,47900.0,46400.0,-330.0,-3184111400.0,3206280000.0,3105490000.0,-22168600.0
26/09/2024,49475.6210076734,67500.0,-100.0,-0.00148148,49842.6508371072,50062.8687347675,49475.6210076734,567073.0,38487622800.0,0.0,0.0,567073.0,38487622800.0,-115600.0,114700.0,63000.0,900.0,-7843490001.0,7782380000.0,4271120000.0,61110000.0
25/09/2024,49549.0269735602,66600.0,900.0,0.01351351,49108.5911782397,49769.2448712205,48888.3732805794,689545.0,46402268300.0,0.0,0.0,689545.0,46402268300.0,-15900.0,15900.0,3200.0,0.0,-1082480000.0,1082480000.0,229730000.0,0.0
24/09/2024,48888.3732805794,66700.0,-100.0,-0.00149925,48961.7792464661,49181.9971441264,48741.5613488059,459452.0,30592080900.0,0.0,0.0,459452.0,30592080900.0,5300.0,-5300.0,-6800.0,0.0,342870000.0,-342870000.0,-454240000.0,0.0
23/09/2024,48961.7792464661,66600.0,100.0,0.0015015,49035.1852123529,49181.9971441264,48888.3732805794,492915.0,32932063500.0,0.0,0.0,492915.0,32932063500.0,61900.0,-61000.0,-68000.0,-900.0,4142510000.0,-4082480000.0,-4545680000.0,-60030000.0
20/09/2024,48888.3732805794,66100.0,500.0,0.0075643,48814.9673146926,49328.8090758999,48814.9673146926,846625.0,56603613600.0,0.0,0.0,846625.0,56603613600.0,-158300.0,157600.0,90100.0,700.0,-10588890000.0,10542340000.0,6030410000.0,46550000.0
19/09/2024,48521.3434511456,65800.0,300.0,0.00455927,48447.9374852589,48814.9673146926,48301.1255534853,478001.0,31627257600.0,0.0,0.0,478001.0,31627257600.0,-4000.0,4000.0,96400.0,0.0,-263440000.0,263440000.0,6377560000.0,0.0
18/09/2024,48301.1255534853,64900.0,900.0,0.01386749,47713.8778263913,48447.9374852589,47713.8778263913,638386.0,41911404000.0,0.0,0.0,638386.0,41911404000.0,21500.0,-21500.0,-41600.0,0.0,1409170000.0,-1409170000.0,-2720760000.0,0.0
17/09/2024,47640.4718605045,64700.0,200.0,0.00309119,47713.8778263913,47713.8778263913,47053.2241334105,834652.0,53867571900.0,0.0,0.0,834652.0,53867571900.0,388155.0,-387455.0,39745.0,-700.0,25060855201.0,-25015705200.0,2560065000.0,-45150000.0
16/09/2024,47493.659928731,65700.0,-1000.0,-0.0152207,48301.1255534853,48301.1255534853,47493.659928731,567485.0,36915249800.0,0.0,0.0,567485.0,36915249800.0,164500.0,-164500.0,-34200.0,0.0,10704820001.0,-10704820000.0,-2226050000.0,0.0
13/09/2024,48227.7195875986,65700.0,0.0,0.0,48227.7195875986,48447.9374852589,48080.9076558251,261429.0,17177634600.0,0.0,0.0,261429.0,17177634600.0,-10100.0,10100.0,15600.0,0.0,-661190000.0,661190000.0,1022640000.0,0.0
12/09/2024,48227.7195875986,65100.0,600.0,0.00921659,48374.5315193721,48374.5315193721,47787.2837922781,281840.0,18487313000.0,0.0,0.0,281840.0,18487313000.0,67200.0,-67200.0,-2000.0,0.0,4410440000.0,-4410440000.0,-131600000.0,0.0
11/09/2024,47787.2837922781,65000.0,100.0,0.00153846,47713.8778263913,48447.9374852589,47640.4718605045,493269.0,32233165000.0,0.0,0.0,493269.0,32233165000.0,45400.0,-45400.0,-20700.0,0.0,2961710000.0,-2961710000.0,-1348020000.0,0.0
10/09/2024,47713.8778263913,66100.0,-1100.0,-0.01664145,48668.1553829191,48814.9673146926,47640.4718605045,656484.0,43104437100.0,0.0,0.0,656484.0,43104437100.0,64325.0,-64325.0,-57400.0,0.0,4206269000.0,-4206269000.0,-3744200000.0,0.0
09/09/2024,48521.3434511456,65600.0,500.0,0.00762195,48227.7195875986,49035.1852123529,48154.3136217118,510059.0,33690907200.0,0.0,0.0,510059.0,33690907200.0,142900.0,-143000.0,-4000.0,100.0,9420090000.0,-9426660000.0,-264930000.0,6570000.0
06/09/2024,48154.3136217118,65300.0,300.0,0.00459418,47713.8778263913,48374.5315193721,46833.0062357502,934374.0,60775078800.0,0.0,0.0,934374.0,60775078800.0,138101.0,-130700.0,9400.0,-7401.0,9056831799.0,-8577360000.0,571360000.0,-479471800.0
05/09/2024,47934.0957240516,67000.0,-1700.0,-0.02537313,49255.4031100132,49549.0269735602,47787.2837922781,1122537.0,74242044800.0,0.0,0.0,1122537.0,74242044800.0,174100.0,-174100.0,-111200.0,0.0,11558200000.0,-11558200000.0,-7404410000.0,0.0
04/09/2024,49181.9971441264,68600.0,-1600.0,-0.02332362,49916.056802994,49989.4627688807,49181.9971441264,771476.0,52090042100.0,0.0,0.0,771476.0,52090042100.0,94200.0,-94100.0,-4800.0,-100.0,6345970000.0,-6339240000.0,-312930000.0,-6730000.0
30/08/2024,50356.4925983145,69000.0,-400.0,-0.0057971,50429.8985642013,50796.928393635,50283.0866324278,342819.0,23578491200.0,0.0,0.0,342819.0,23578491200.0,-35452.0,37200.0,57600.0,-1748.0,-2441087600.0,2561200000.0,3969050000.0,-120112400.0
29/08/2024,50650.1164618615,68600.0,400.0,0.0058309,50283.0866324278,50650.1164618615,50209.680666541,329921.0,22664356900.0,100000.0,7340000000.0,429921.0,30004356900.0,-53200.0,53200.0,65200.0,0.0,-3654440001.0,3654440000.0,4487730000.0,0.0
28/08/2024,50356.4925983145,68600.0,0.0,0.0,50429.8985642013,50650.1164618615,50062.8687347675,531151.0,36430610000.0,0.0,0.0,531151.0,36430610000.0,96750.0,-96750.0,0.0,0.0,6649631800.0,-6649631800.0,0.0,0.0
27/08/2024,50356.4925983145,70000.0,-1400.0,-0.02,51090.5522571821,51384.1761207291,50209.680666541,694135.0,47855641400.0,0.0,0.0,694135.0,47855641400.0,158200.0,-158200.0,41600.0,0.0,10907600000.0,-10907600000.0,2867560000.0,0.0
26/08/2024,51384.1761207291,70600.0,-600.0,-0.00849858,52338.4536772569,52558.6715749172,50943.7403254086,678177.0,47835866500.0,0.0,0.0,678177.0,47835866500.0,-44800.0,44800.0,43200.0,0.0,-3164790000.0,3164790000.0,3052280000.0,0.0
23/08/2024,51824.6119160496,69700.0,900.0,0.01291248,51017.1462912953,51898.0178819364,51017.1462912953,888460.0,62451051100.0,0.0,0.0,888460.0,62451051100.0,-38800.0,40400.0,45400.0,-1600.0,-2746180000.0,2858020000.0,3191440000.0,-111840000.0
22/08/2024,51163.9582230688,70100.0,-400.0,-0.00570613,51824.6119160496,51824.6119160496,51090.5522571821,604774.0,42209537800.0,0.0,0.0,604774.0,42209537800.0,187400.0,-186700.0,-11800.0,-700.0,13067290001.0,-13018570000.0,-821260000.0,-48720000.0
21/08/2024,51457.5820866158,69900.0,200.0,0.00286123,51530.9880525026,51898.0178819364,51017.1462912953,747580.0,52394569000.0,0.0,0.0,747580.0,52394569000.0,93300.0,-93300.0,30400.0,0.0,6513700000.0,-6513700000.0,2126740000.0,0.0
20/08/2024,51310.7701548423,70300.0,-400.0,-0.0056899,51604.3940183894,51677.7999842761,50870.3343595218,738417.0,51542012000.0,0.0,0.0,738417.0,51542012000.0,23106.0,-23100.0,29600.0,-6.0,1616151800.0,-1615730000.0,2066680000.0,-421800.0
19/08/2024,51604.3940183894,69900.0,400.0,0.00572246,51310.7701548423,52338.4536772569,51090.5522571821,968709.0,68201197200.0,0.0,0.0,968709.0,68201197200.0,-500.0,500.0,7500.0,0.0,-45740000.0,45740000.0,527730000.0,0.0
16/08/2024,51310.7701548423,67500.0,2400.0,0.03555556,49622.4329394469,51310.7701548423,49622.4329394469,1121059.0,77653199000.0,20000.0,1434000000.0,1141059.0,79087199000.0,-157487.0,157487.0,-80300.0,0.0,-10905546500.0,10905546500.0,-5593970000.0,0.0
15/08/2024,49549.0269735602,69000.0,-1500.0,-0.02173913,50650.1164618615,50723.5224277483,49475.6210076734,575484.0,39135396200.0,0.0,0.0,575484.0,39135396200.0,133602.0,-133602.0,16600.0,0.0,9056876000.0,-9056876000.0,1124790000.0,0.0
14/08/2024,50650.1164618615,67800.0,1200.0,0.01769912,50283.0866324278,51017.1462912953,49549.0269735602,691646.0,47388372300.0,0.0,0.0,691646.0,47388372300.0,9200.0,-9200.0,-48800.0,0.0,686070000.0,-686070000.0,-3357890000.0,0.0
13/08/2024,49769.2448712205,68900.0,-1100.0,-0.01596517,50503.304530088,50650.1164618615,49181.9971441264,727785.0,49473896800.0,0.0,0.0,727785.0,49473896800.0,-99540.0,102300.0,15000.0,-2760.0,-6769098000.0,6955950000.0,1015000000.0,-186852000.0
12/08/2024,50576.7104959748,67000.0,1900.0,0.02835821,49181.9971441264,51017.1462912953,49181.9971441264,822176.0,56196611000.0,0.0,0.0,822176.0,56196611000.0,-137800.0,137800.0,-13700.0,0.0,-9453700000.0,9453700000.0,-932190000.0,0.0
09/08/2024,49181.9971441264,66300.0,700.0,0.01055807,49328.8090758999,49402.2150417867,48888.3732805794,545300.0,36550555400.0,0.0,0.0,545300.0,36550555400.0,-38689.0,39600.0,-42400.0,-911.0,-2585194100.0,2646140000.0,-2847520000.0,-60945900.0
08/08/2024,48668.1553829191,65800.0,500.0,0.00759878,48301.1255534853,49402.2150417867,48227.7195875986,486844.0,32335557100.0,0.0,0.0,486844.0,32335557100.0,37600.0,-32200.0,-32300.0,-5400.0,2513050000.0,-2157220000.0,-2163800000.0,-355830000.0
07/08/2024,48301.1255534853,66700.0,-900.0,-0.01349325,49181.9971441264,49328.8090758999,48301.1255534853,427579.0,28463604800.0,300000.0,21390000000.0,727579.0,49853604800.0,80900.0,-80900.0,-8900.0,0.0,5397150000.0,-5397150000.0,-598270000.0,0.0
06/08/2024,48961.7792464661,65400.0,1300.0,0.01987768,48080.9076558251,49255.4031100132,47860.6897581648,662287.0,43761972400.0,1000000.0,69900000000.0,1662287.0,113661972400.0,10700.0,-10700.0,-38800.0,0.0,714796100.0,-714796100.0,-2603720000.0,0.0
05/08/2024,48007.5016899383,70300.0,-4900.0,-0.06970128,50503.304530088,50503.304530088,48007.5016899383,1152417.0,77363914400.0,0.0,0.0,1152417.0,77363914400.0,279359.0,-278200.0,-247400.0,-1159.0,19058014800.0,-18978600000.0,-16915680000.0,-79414800.0
02/08/2024,51604.3940183894,67900.0,2400.0,0.0353461,48301.1255534853,51604.3940183894,48301.1255534853,1562939.0,106985840600.0,400200.0,28681460000.0,1963139.0,135667300600.0,-639400.0,639400.0,342900.0,0.0,-44890590001.0,44890590000.0,23938180000.0,0.0
01/08/2024,49842.6508371072,69600.0,-1700.0,-0.02442529,50943.7403254086,50943.7403254086,48447.9374852589,1598854.0,107834387100.0,0.0,0.0,1598854.0,107834387100.0,-436900.0,437100.0,216900.0,-200.0,-29543310000.0,29556810000.0,14587330000.0,-13500000.0
31/07/2024,51090.5522571821,70500.0,-900.0,-0.01276596,50650.1164618615,51090.5522571821,49769.2448712205,2042585.0,139885511300.0,0.0,0.0,2042585.0,139885511300.0,-629138.0,630960.0,61800.0,-1822.0,-43224740600.0,43348851000.0,4258500000.0,-124110400.0
30/07/2024,51751.2059501629,71500.0,-1000.0,-0.01398601,52118.2357795966,52265.0477113702,50283.0866324278,2000914.0,139471747600.0,0.0,0.0,2000914.0,139471747600.0,-133070.0,133070.0,130800.0,0.0,-9325772000.0,9325772000.0,9036740000.0,0.0
29/07/2024,52485.2656090304,71000.0,500.0,0.00704225,52411.8596431437,52778.8894725774,51604.3940183894,570790.0,40607758900.0,0.0,0.0,570790.0,40607758900.0,-131130.0,131130.0,21200.0,0.0,-9361767000.0,9361767000.0,1515440000.0,0.0
26/07/2024,52118.2357795966,70500.0,500.0,0.0070922,51751.2059501629,52485.2656090304,51677.7999842761,1053163.0,74773874500.0,100000.0,7540000000.0,1153163.0,82313874500.0,-67430.0,67430.0,-90100.0,0.0,-4762981000.0,4762981000.0,-6406210000.0,0.0
25/07/2024,51751.2059501629,69000.0,1500.0,0.02173913,50503.304530088,51971.4238478231,50209.680666541,1050377.0,73174138400.0,0.0,0.0,1050377.0,73174138400.0,16400.0,-16400.0,-103200.0,0.0,1246360000.0,-1246360000.0,-7250180000.0,0.0
24/07/2024,50650.1164618615,68300.0,700.0,0.0102489,49916.056802994,50650.1164618615,48447.9374852589,1138107.0,77084361700.0,200000.0,14600000000.0,1338107.0,91684361700.0,51450.0,-51450.0,-56700.0,0.0,3513060000.0,-3513060000.0,-3875430000.0,0.0
23/07/2024,50136.2747006542,68500.0,-200.0,-0.00291971,50209.680666541,51384.1761207291,49989.4627688807,1222031.0,84294977800.0,0.0,0.0,1222031.0,84294977800.0,-84900.0,84900.0,18300.0,0.0,-5843960000.0,5843960000.0,1247430000.0,0.0
22/07/2024,50283.0866324278,70300.0,-1800.0,-0.02560455,51384.1761207291,51604.3940183894,50283.0866324278,1539493.0,106368832100.0,0.0,0.0,1539493.0,106368832100.0,-417900.0,418900.0,236200.0,-1000.0,-28856110000.0,28925410000.0,16313190000.0,-69300000.0
19/07/2024,51604.3940183894,72000.0,-1700.0,-0.02361111,52852.2954384642,52852.2954384642,51604.3940183894,930742.0,66007917000.0,0.0,0.0,930742.0,66007917000.0,-17000.0,17000.0,47000.0,0.0,-1179000000.0,1179000000.0,3321520000.0,0.0
18/07/2024,52852.2954384642,72200.0,-200.0,-0.00277008,52999.1073702377,53292.7312337847,51090.5522571821,1609329.0,113738454600.0,0.0,0.0,1609329.0,113738454600.0,191425.0,-191425.0,-302000.0,0.0,13443208500.0,-13443208500.0,-21245290000.0,0.0
17/07/2024,52999.1073702377,73900.0,-1700.0,-0.02300406,54320.4147561993,55568.3161762742,50650.1164618615,2125888.0,155511498500.0,0.0,0.0,2125888.0,155511498500.0,-110800.0,112300.0,-21700.0,-1500.0,-8427140000.0,8538140000.0,-1499060000.0,-111000000.0
16/07/2024,54247.0087903126,72000.0,1900.0,0.02638889,52852.2954384642,54247.0087903126,52485.2656090304,1126867.0,81860731900.0,0.0,0.0,1126867.0,81860731900.0,-245988.0,246210.0,-40800.0,-222.0,-17758795400.0,17774778000.0,-2979270000.0,-15982600.0
15/07/2024,52852.2954384642,71100.0,900.0,0.01265823,52191.6417454834,53072.5133361245,51677.7999842761,1226928.0,87459686000.0,0.0,0.0,1226928.0,87459686000.0,-222000.0,222000.0,-22500.0,0.0,-15916200000.0,15916200000.0,-1623400000.0,0.0
12/07/2024,52191.6417454834,71500.0,-400.0,-0.00559441,52265.0477113702,52411.8596431437,51604.3940183894,1140145.0,80659401500.0,0.0,0.0,1140145.0,80659401500.0,-185627.0,193327.0,75627.0,-7700.0,-13137988900.0,13682738900.0,5359869000.0,-544750000.0
11/07/2024,52485.2656090304,71200.0,300.0,0.00421348,52338.4536772569,53806.572994992,52118.2357795966,1711493.0,123335721500.0,50000.0,3353900000.0,1761493.0,126689621500.0,-213390.0,217190.0,283700.0,-3800.0,-15567984000.0,15839684000.0,20611080000.0,-271700000.0
10/07/2024,52265.0477113702,69500.0,1700.0,0.02446043,51677.7999842761,53072.5133361245,50723.5224277483,2412860.0,170688302200.0,50000.0,3353900000.0,2462860.0,174042202200.0,-397440.0,397440.0,-68735.0,0.0,-28097493001.0,28097493000.0,-4946765000.0,0.0
09/07/2024,51017.1462912953,66500.0,3000.0,0.04511278,49181.9971441264,51384.1761207291,48301.1255534853,2165255.0,148080810400.0,0.0,0.0,2165255.0,148080810400.0,-538295.0,538300.0,37400.0,-5.0,-36797108000.0,36797440000.0,2440360000.0,-332000.0
08/07/2024,48814.9673146926,65200.0,1300.0,0.01993865,48447.9374852589,49035.1852123529,48154.3136217118,1684807.0,111586866500.0,50000.0,3241500000.0,1734807.0,114828366500.0,-256600.0,256600.0,-250100.0,0.0,-17054540000.0,17054540000.0,-16514700000.0,0.0
05/07/2024,47860.6897581648,65300.0,-100.0,-0.00153139,48301.1255534853,48301.1255534853,46979.8181675237,838116.0,54335080600.0,0.0,0.0,838116.0,54335080600.0,4100.0,-4100.0,-200700.0,0.0,287460000.0,-287460000.0,-13054840000.0,0.0
04/07/2024,47934.0957240516,64000.0,1300.0,0.0203125,46979.8181675237,48080.9076558251,46759.6002698635,1481030.0,95998834700.0,0.0,0.0,1481030.0,95998834700.0,-63900.0,64600.0,-111600.0,-700.0,-4185080000.0,4230580000.0,-7233800000.0,-45500000.0
03/07/2024,46979.8181675237,63200.0,800.0,0.01265823,46539.3823722032,46979.8181675237,46245.7585086562,1012861.0,64377897800.0,22626.0,1330408800.0,1035487.0,65708306600.0,393031.0,-393001.0,-365701.0,-30.0,24974818801.0,-24972923100.0,-23243743000.0,-1895700.0
02/07/2024,46392.5704404297,63500.0,-300.0,-0.00472441,46833.0062357502,46833.0062357502,46245.7585086562,905177.0,57375109300.0,20000.0,1324000000.0,925177.0,58699109300.0,-39200.0,52350.0,-236100.0,-13150.0,-2519369601.0,3353100000.0,-14955000000.0,-833730400.0
01/07/2024,46612.78833809,62600.0,900.0,0.014377,45952.1346451092,46686.1943039767,45364.8869180151,1044666.0,65474359000.0,0.0,0.0,1044666.0,65474359000.0,9017.0,-8500.0,-29700.0,-517.0,483141100.0,-450850000.0,-1913910000.0,-32291100.0
28/06/2024,45952.1346451092,64000.0,-1400.0,-0.021875,46612.78833809,46686.1943039767,45952.1346451092,1165698.0,73523605500.0,0.0,0.0,1165698.0,73523605500.0,-56270.0,56400.0,-140200.0,-130.0,-3540225000.0,3548440000.0,-8887840000.0,-8215000.0
27/06/2024,46979.8181675237,64000.0,0.0,0.0,46979.8181675237,47640.4718605045,46392.5704404297,806900.0,51392479500.0,0.0,0.0,806900.0,51392479500.0,-101100.0,101100.0,-338900.0,0.0,-6510220000.0,6510220000.0,-21537870000.0,0.0
26/06/2024,46979.8181675237,64100.0,-100.0,-0.00156006,47567.0658946178,47567.0658946178,46172.3525427694,973589.0,61766372500.0,0.0,0.0,973589.0,61766372500.0,399400.0,-397400.0,-342300.0,-2000.0,25361830000.0,-25235430000.0,-21758070000.0,-126400000.0
25/06/2024,47053.2241334105,63600.0,500.0,0.00786164,46686.1943039767,48080.9076558251,46686.1943039767,766216.0,49518261600.0,0.0,0.0,766216.0,49518261600.0,6477.0,2800.0,-1200.0,-9277.0,446341500.0,156550000.0,-97770000.0,-602891500.0
24/06/2024,46686.1943039767,64500.0,-900.0,-0.01395349,47420.2539628443,47860.6897581648,45511.6988497886,1144846.0,72880662700.0,0.0,0.0,1144846.0,72880662700.0,-231100.0,232000.0,70900.0,-900.0,-14703300000.0,14761160000.0,4502500000.0,-57860000.0
21/06/2024,47346.8479969575,65700.0,-1200.0,-0.01826484,49108.5911782397,49108.5911782397,47346.8479969575,938085.0,61320325800.0,0.0,0.0,938085.0,61320325800.0,44272.0,-42600.0,-145900.0,-1672.0,2852896400.0,-2741450000.0,-9534180000.0,-111446400.0
20/06/2024,48227.7195875986,63700.0,2000.0,0.03139717,46612.78833809,48888.3732805794,46612.78833809,1600113.0,104214025700.0,0.0,0.0,1600113.0,104214025700.0,67700.0,-67700.0,-47600.0,0.0,4443760000.0,-4443760000.0,-3157660000.0,0.0
19/06/2024,46759.6002698635,63500.0,200.0,0.00314961,46539.3823722032,46759.6002698635,46025.5406109959,672971.0,42485121000.0,0.0,0.0,672971.0,42485121000.0,-13300.0,13300.0,-65400.0,0.0,-833370000.0,833370000.0,-4127620000.0,0.0
18/06/2024,46612.78833809,61600.0,1900.0,0.03084416,45291.4809521284,46833.0062357502,45218.0749862416,900479.0,56660637800.0,0.0,0.0,900479.0,56660637800.0,-165600.0,166500.0,-7600.0,-900.0,-10364980000.0,10421320000.0,-497770000.0,-56340000.0
17/06/2024,45218.0749862416,61500.0,100.0,0.00162602,45144.6690203548,45878.7286792224,45071.2630544681,819150.0,50576254200.0,0.0,0.0,819150.0,50576254200.0,-158100.0,159100.0,21000.0,-1000.0,-9788010000.0,9849510000.0,1296600000.0,-61500000.0
14/06/2024,45144.6690203548,64000.0,-2500.0,-0.0390625,47053.2241334105,47126.6300992972,45144.6690203548,1217305.0,76671464700.0,0.0,0.0,1217305.0,76671464700.0,-58200.0,58200.0,21800.0,0.0,-3594260000.0,3594260000.0,1304700000.0,0.0
13/06/2024,46979.8181675237,63500.0,500.0,0.00787402,47640.4718605045,47640.4718605045,46759.6002698635,898465.0,57631692500.0,0.0,0.0,898465.0,57631692500.0,-80000.0,80000.0,17300.0,0.0,-5128150000.0,5128150000.0,1104370000.0,0.0
12/06/2024,46612.78833809,62000.0,1500.0,0.02419355,45731.9167474489,46612.78833809,45511.6988497886,1322762.0,83134436100.0,0.0,0.0,1322762.0,83134436100.0,76800.0,-76800.0,-76900.0,0.0,4807350000.0,-4807350000.0,-4813660000.0,0.0
11/06/2024,45511.6988497886,62200.0,-200.0,-0.00321543,46025.5406109959,46465.9764063164,45511.6988497886,611624.0,38205047600.0,0.0,0.0,611624.0,38205047600.0,91200.0,-88200.0,-93200.0,-3000.0,5665220000.0,-5478620000.0,-5790120000.0,-186600000.0
10/06/2024,45658.5107815621,62000.0,200.0,0.00322581,45585.1048156754,46465.9764063164,45511.6988497886,644881.0,40402111700.0,0.0,0.0,644881.0,40402111700.0,-54400.0,58200.0,-42500.0,-3800.0,-3424000000.0,3662370000.0,-2650500000.0,-238370000.0
07/06/2024,45511.6988497886,62000.0,0.0,0.0,45585.1048156754,45952.1346451092,45144.6690203548,460634.0,28509164100.0,0.0,0.0,460634.0,28509164100.0,-58000.0,68000.0,52600.0,-10000.0,-3589630000.0,4209640000.0,3254910000.0,-620010000.0
06/06/2024,45511.6988497886,62600.0,-600.0,-0.00958466,45952.1346451092,46392.5704404297,45511.6988497886,565629.0,35310796700.0,0.0,0.0,565629.0,35310796700.0,-75300.0,76400.0,48800.0,-1100.0,-4710270000.0,4779150000.0,3053220000.0,-68880000.0
05/06/2024,45952.1346451092,62500.0,100.0,0.0016,45731.9167474489,46172.3525427694,45731.9167474489,681853.0,42692630100.0,0.0,0.0,681853.0,42692630100.0,-181700.0,181700.0,131100.0,0.0,-11375540000.0,11375540000.0,8208920000.0,0.0
04/06/2024,45878.7286792224,63000.0,-500.0,-0.00793651,46245.7585086562,46319.1644745429,45731.9167474489,463189.0,29078623700.0,0.0,0.0,463189.0,29078623700.0,-7300.0,7300.0,-6800.0,0.0,-456610000.0,456610000.0,-430940000.0,0.0
03/06/2024,46245.7585086562,62300.0,700.0,0.01123596,45878.7286792224,46392.5704404297,45805.3227133356,760418.0,47882043200.0,0.0,0.0,760418.0,47882043200.0,-286787.0,286787.0,-5913.0,0.0,-18074212300.0,18074212300.0,-359798000.0,0.0
31/05/2024,45731.9167474489,62000.0,300.0,0.00483871,45805.3227133356,46098.9465768827,45144.6690203548,732168.0,45602675400.0,28600.0,1896180000.0,760768.0,47498855400.0,-260500.0,260500.0,49200.0,0.0,-16210730000.0,16210730000.0,3065250000.0,0.0
30/05/2024,45511.6988497886,62000.0,0.0,0.0,45144.6690203548,45511.6988497886,44851.0451568078,1136145.0,69795051500.0,0.0,0.0,1136145.0,69795051500.0,46800.0,-46800.0,-170800.0,0.0,2841330000.0,-2841330000.0,-10495360000.0,0.0
29/05/2024,45511.6988497886,63300.0,-1300.0,-0.02053712,46612.78833809,46612.78833809,45364.8869180151,754618.0,47237687700.0,0.0,0.0,754618.0,47237687700.0,101300.0,-106100.0,-55100.0,4800.0,6344280000.0,-6649080000.0,-3450980000.0,304800000.0
28/05/2024,46465.9764063164,62200.0,1100.0,0.01768489,45878.7286792224,46612.78833809,45511.6988497886,1048638.0,65782273500.0,0.0,0.0,1048638.0,65782273500.0,-119600.0,119600.0,-48200.0,0.0,-7547750000.0,7547750000.0,-3029540000.0,0.0
27/05/2024,45658.5107815621,60800.0,1400.0,0.02302632,44777.6391909211,45658.5107815621,44410.6093614873,1002470.0,61329615500.0,0.0,0.0,1002470.0,61329615500.0,-305700.0,305700.0,-6500.0,0.0,-18710140000.0,18710140000.0,-406170000.0,0.0
24/05/2024,44630.8272591476,61500.0,-700.0,-0.01138211,45218.0749862416,45218.0749862416,43749.9556685065,1416788.0,86044298500.0,58800.0,3869040000.0,1475588.0,89913338500.0,-257900.0,262700.0,113700.0,-4800.0,-15613940000.0,15907230000.0,6889820000.0,-293290000.0
23/05/2024,45144.6690203548,59200.0,2300.0,0.03885135,43382.9258390727,45291.4809521284,43015.8960096389,2223278.0,134577318100.0,0.0,0.0,2223278.0,134577318100.0,-251900.0,251400.0,-48000.0,500.0,-15618490000.0,15588940000.0,-2589950000.0,29550000.0
22/05/2024,43456.3318049595,59200.0,0.0,0.0,43382.9258390727,43896.76760028,43236.1139072992,668317.0,39566065500.0,0.0,0.0,668317.0,39566065500.0,-33400.0,33400.0,40800.0,0.0,-1975680000.0,1975680000.0,2412560000.0,0.0
21/05/2024,43456.3318049595,58698.0,502.0,0.00855225,43896.76760028,43970.1735661667,43089.3019755257,1070162.0,63476138000.0,0.0,0.0,1070162.0,63476138000.0,192700.0,-192700.0,-85900.0,0.0,11376140000.0,-11376140000.0,-5070870000.0,0.0
20/05/2024,43087.8338562079,68000.0,-500.0,-0.00735294,43662.3383076241,43790.0059634943,42832.4985444675,1281576.0,86781585600.0,0.0,0.0,1281576.0,86781585600.0,4600.0,-5100.0,44700.0,500.0,284200000.0,-318900000.0,3036090000.0,34700000.0
17/05/2024,43407.0029958836,68600.0,-600.0,-0.00874636,43981.5074472997,44045.3412752348,43407.0029958836,1483345.0,101759597500.0,2548542.0,163327539600.0,4031887.0,265087137100.0,-221350.0,221350.0,10400.0,0.0,-15226295000.0,15226295000.0,705100000.0,0.0
16/05/2024,43790.0059634943,66600.0,2000.0,0.03003003,43024.0000282728,44045.3412752348,42577.1632327269,1738682.0,117713279500.0,500000.0,35000000000.0,2238682.0,152713279500.0,-223400.0,223400.0,12700.0,0.0,-15033160000.0,15033160000.0,795720000.0,0.0
15/05/2024,42513.3294047918,66600.0,0.0,0.0,42513.3294047918,42896.3323724026,42385.6617489216,1107509.0,74053119000.0,0.0,0.0,1107509.0,74053119000.0,-196200.0,197200.0,-94900.0,-1000.0,-13163070000.0,13230170000.0,-6343990000.0,-67100000.0
14/05/2024,42513.3294047918,67000.0,-400.0,-0.00597015,43215.5015120782,43215.5015120782,42385.6617489216,592918.0,39569885900.0,0.0,0.0,592918.0,39569885900.0,-11600.0,11600.0,11000.0,0.0,-778440000.0,778440000.0,735460000.0,0.0
13/05/2024,42768.6647165323,66000.0,1000.0,0.01515152,42513.3294047918,43407.0029958836,42066.492609246,1528399.0,102589801100.0,0.0,0.0,1528399.0,102589801100.0,34300.0,-34300.0,84800.0,0.0,2281880000.0,-2281880000.0,5695590000.0,0.0
10/05/2024,42130.3264371811,66000.0,0.0,0.0,42321.8279209864,42449.4955768567,41491.9881578299,1203649.0,79040254600.0,126400.0,8923840000.0,1330049.0,87964094600.0,-4400.0,4400.0,-93100.0,0.0,-289640000.0,289640000.0,-6103340000.0,0.0
09/05/2024,42130.3264371811,66400.0,-400.0,-0.0060241,42960.1662003377,43087.8338562079,42002.6587813108,1332458.0,88974687700.0,0.0,0.0,1332458.0,88974687700.0,35400.0,-36400.0,-68400.0,1000.0,2412370000.0,-2479670000.0,-4583590000.0,67300000.0
08/05/2024,42385.6617489216,65000.0,1400.0,0.02153846,41874.9911254406,42513.3294047918,41300.4866740245,3578672.0,236707471200.0,1700000.0,112030000000.0,5278672.0,348737471200.0,661100.0,-661100.0,-83700.0,0.0,43644570000.0,-43644570000.0,-5527830000.0,0.0
07/05/2024,41491.9881578299,65300.0,-300.0,-0.00459418,42066.492609246,42066.492609246,41364.3205019596,1419900.0,92590259000.0,654000.0,43114660000.0,2073900.0,135704919000.0,372900.0,-373900.0,-16200.0,1000.0,24282830000.0,-24348730000.0,-1057860000.0,65900000.0
06/05/2024,41683.4896416353,65900.0,-600.0,-0.0091047,42321.8279209864,42321.8279209864,41555.821985765,1613605.0,105718735900.0,872900.0,56052180000.0,2486505.0,161770915900.0,334500.0,-333500.0,-112200.0,-1000.0,21895380000.0,-21829580000.0,-7366220000.0,-65800000.0
03/05/2024,42066.492609246,64200.0,1700.0,0.02647975,40981.3175343488,42066.492609246,40981.3175343488,3665401.0,239607899600.0,261000.0,17894600000.0,3926401.0,257502499600.0,-1537000.0,1537000.0,1050200.0,0.0,-100901480000.0,100901480000.0,69316320000.0,0.0
02/05/2024,40981.3175343488,61600.0,2600.0,0.04220779,39066.3026962952,40981.3175343488,38938.635040425,2466357.0,155452282800.0,0.0,0.0,2466357.0,155452282800.0,-731300.0,730700.0,-165700.0,600.0,-46013800000.0,45977380000.0,-10450560000.0,36420000.0
26/04/2024,39321.6380080357,60000.0,1600.0,0.02666667,38172.6291052035,39449.3056639059,37853.4599655279,1228590.0,74664639900.0,0.0,0.0,1228590.0,74664639900.0,-36700.0,36700.0,-286200.0,0.0,-2492290000.0,2492290000.0,-17318730000.0,0.0
25/04/2024,38300.2967610737,60300.0,-300.0,-0.00497512,38427.964416944,38427.964416944,37853.4599655279,615280.0,36688808300.0,84200.0,5430900000.0,699480.0,42119708300.0,37000.0,-37000.0,-90500.0,0.0,2197360000.0,-2197360000.0,-5407370000.0,0.0
24/04/2024,38491.7982448791,58400.0,1900.0,0.03253425,37598.1246537874,38747.1335566196,37470.4569979171,1084738.0,64735694000.0,0.0,0.0,1084738.0,64735694000.0,-353000.0,354600.0,-77600.0,-1600.0,-21153270000.0,21250390000.0,-4609060000.0,-97120000.0
23/04/2024,37278.9555141118,58900.0,-500.0,-0.00848896,37406.623169982,37725.7923096576,37151.2878582415,816436.0,47747397300.0,0.0,0.0,816436.0,47747397300.0,25800.0,-25800.0,-190600.0,0.0,1500350000.0,-1500350000.0,-11137720000.0,0.0
22/04/2024,37598.1246537874,58000.0,900.0,0.01551724,37215.1216861767,38044.9614493333,37151.2878582415,880026.0,51755738800.0,0.0,0.0,880026.0,51755738800.0,-183800.0,183800.0,128900.0,0.0,-10804080001.0,10804080000.0,7581250000.0,0.0
19/04/2024,37023.6202023713,60000.0,-2000.0,-0.03333333,37725.7923096576,38300.2967610737,36832.1187185659,1577895.0,92358530800.0,0.0,0.0,1577895.0,92358530800.0,24500.0,-24500.0,-26600.0,0.0,1443790000.0,-1443790000.0,-1550480000.0,0.0
17/04/2024,38300.2967610737,60400.0,-400.0,-0.00662252,38810.9673845548,39066.3026962952,38300.2967610737,676496.0,41016709000.0,0.0,0.0,676496.0,41016709000.0,67400.0,-67400.0,-44900.0,0.0,4069470000.0,-4069470000.0,-2725980000.0,0.0
16/04/2024,38555.6320728142,60900.0,-500.0,-0.00821018,39002.4688683601,39130.1365242303,38108.7952772683,1127709.0,68359216100.0,0.0,0.0,1127709.0,68359216100.0,-380900.0,380900.0,351200.0,0.0,-23125930000.0,23125930000.0,21332610000.0,0.0
15/04/2024,38874.8012124898,62800.0,-1900.0,-0.03025478,39704.6409756464,40087.6439432572,38810.9673845548,1364392.0,84523888700.0,0.0,0.0,1364392.0,84523888700.0,-247800.0,247800.0,266000.0,0.0,-15341160000.0,15341160000.0,16444650000.0,0.0
12/04/2024,40087.6439432572,61899.0,901.0,0.01455597,39896.1424594518,40151.4777711923,39576.9733197762,641959.0,40120130900.0,0.0,0.0,641959.0,40120130900.0,90300.0,-90300.0,-56600.0,0.0,5625880000.0,-5625880000.0,-3517190000.0,0.0
11/04/2024,39513.0692746303,62600.0,300.0,0.00479233,38947.6994439918,39513.0692746303,38947.6994439918,849092.0,52950518100.0,0.0,0.0,849092.0,52950518100.0,216200.0,-216200.0,-131300.0,0.0,13470550000.0,-13470550000.0,-8148210000.0,0.0
10/04/2024,39324.6126644175,62800.0,-200.0,-0.00318471,39575.8881447013,39701.5258848432,39324.6126644175,560158.0,35150272600.0,0.0,0.0,560158.0,35150272600.0,267400.0,-267400.0,-116700.0,0.0,16768860000.0,-16768860000.0,-7319440000.0,0.0
09/04/2024,39450.2504045594,62500.0,300.0,0.0048,39387.4315344884,39575.8881447013,39261.7937943465,486954.0,30564694200.0,0.0,0.0,486954.0,30564694200.0,103100.0,-103100.0,-40300.0,0.0,6468040000.0,-6468040000.0,-2532140000.0,0.0
08/04/2024,39261.7937943465,62600.0,-100.0,-0.00159744,39198.9749242756,39387.4315344884,38822.0617038499,760638.0,47330043700.0,200000.0,12600000000.0,960638.0,59930043700.0,109796.0,-109796.0,10900.0,0.0,6843761600.0,-6843761600.0,676430000.0,0.0
05/04/2024,39324.6126644175,62900.0,-300.0,-0.00476948,39450.2504045594,39764.3447549141,39324.6126644175,620751.0,38978085900.0,0.0,0.0,620751.0,38978085900.0,-13400.0,13400.0,6000.0,0.0,-839410000.0,839410000.0,370100000.0,0.0
04/04/2024,39513.0692746303,63700.0,-800.0,-0.01255887,39889.9824950561,40015.620235198,39450.2504045594,943695.0,59617770500.0,0.0,0.0,943695.0,59617770500.0,186092.0,-186700.0,-150500.0,608.0,11755565600.0,-11794200000.0,-9515820000.0,38634400.0
03/04/2024,40015.620235198,64100.0,-400.0,-0.00624025,40329.7145855527,40895.0844161914,39889.9824950561,1182227.0,76061045300.0,20000.0,1194000000.0,1202227.0,77255045300.0,186.0,-10200.0,-36800.0,10014.0,7180700.0,-650130000.0,-2368030000.0,642949300.0
02/04/2024,40266.8957154818,63300.0,800.0,0.01263823,39889.9824950561,40266.8957154818,39575.8881447013,987871.0,62932687600.0,0.0,0.0,987871.0,62932687600.0,-117800.0,114500.0,-34200.0,3300.0,-7492610000.0,7283060000.0,-2178070000.0,209550000.0
01/04/2024,39764.3447549141,63800.0,-500.0,-0.00783699,40078.4391052689,40329.7145855527,39324.6126644175,1105427.0,69893793200.0,20000.0,1276000000.0,1125427.0,71169793200.0,-56292.0,56900.0,106000.0,-608.0,-3551918000.0,3590710000.0,6700230000.0,-38792000.0
29/03/2024,40078.4391052689,63900.0,-100.0,-0.00156495,40141.2579753399,40580.9900658366,39952.801365127,884521.0,56639977000.0,0.0,0.0,884521.0,56639977000.0,158014.0,-148000.0,-93000.0,-10014.0,10105481600.0,-9463680000.0,-5942970000.0,-641801600.0
28/03/2024,40141.2579753399,63900.0,0.0,0.0,40329.7145855527,40392.5334556237,40015.620235198,516396.0,33028517100.0,20000.0,1229120000.0,536396.0,34257637100.0,18500.0,-15200.0,29800.0,-3300.0,1179600000.0,-968730000.0,1904770000.0,-210870000.0
27/03/2024,40141.2579753399,64100.0,-200.0,-0.00312012,40518.1711957656,40518.1711957656,40015.620235198,640155.0,41066206800.0,100000.0,6850000000.0,740155.0,47916206800.0,92100.0,-92100.0,-83600.0,0.0,5921780001.0,-5921780000.0,-5374220000.0,0.0
26/03/2024,40266.8957154818,63500.0,600.0,0.00944882,39889.9824950561,40518.1711957656,39764.3447549141,705759.0,45176723500.0,20000.0,1280000000.0,725759.0,46456723500.0,-40500.0,40500.0,-52400.0,0.0,-2618800000.0,2618800000.0,-3358240000.0,0.0
25/03/2024,39889.9824950561,64100.0,-600.0,-0.00936037,40266.8957154818,40957.9032862623,39701.5258848432,1017832.0,65439078100.0,0.0,0.0,1017832.0,65439078100.0,100400.0,-100400.0,0.0,0.0,6433420000.0,-6433420000.0,0.0,0.0
22/03/2024,40266.8957154818,62900.0,1200.0,0.0190779,40141.2579753399,40769.4466760494,39701.5258848432,1680649.0,107531455900.0,125351.0,8332122300.0,1806000.0,115863578200.0,36000.0,-36000.0,0.0,0.0,2322470000.0,-2322470000.0,0.0,0.0
21/03/2024,39513.0692746303,62100.0,800.0,0.01288245,39513.0692746303,39638.7070147722,39010.5183140628,968157.0,60709418300.0,130000.0,8580000000.0,1098157.0,69289418300.0,90300.0,-90300.0,0.0,0.0,5637180000.0,-5637180000.0,0.0,0.0
20/03/2024,39010.5183140628,61800.0,300.0,0.00485437,38884.8805739209,39136.1560542046,38382.3296133532,823360.0,50743110900.0,290000.0,19062000000.0,1113360.0,69805110900.0,439600.0,-439600.0,0.0,0.0,27060110000.0,-27060110000.0,0.0,0.0
19/03/2024,38822.0617038499,61700.0,100.0,0.00162075,39198.9749242756,39198.9749242756,38445.1484834242,905943.0,55771012200.0,0.0,0.0,905943.0,55771012200.0,559298.0,-559300.0,0.0,2.0,34404298800.0,-34404430000.0,0.0,131200.0
18/03/2024,38759.242833779,64000.0,-2300.0,-0.0359375,40204.0768454108,40204.0768454108,38068.2352629984,1555213.0,96508470300.0,80000.0,5374340000.0,1635213.0,101882810300.0,-203000.0,203000.0,0.0,0.0,-12518850000.0,12518850000.0,0.0,0.0
15/03/2024,40204.0768454108,64300.0,-300.0,-0.00466563,40518.1711957656,40518.1711957656,39575.8881447013,809650.0,51580718500.0,0.0,0.0,809650.0,51580718500.0,74794.0,-74800.0,0.0,6.0,4773907600.0,-4774300000.0,0.0,392400.0
14/03/2024,40392.5334556237,63600.0,700.0,0.01100629,40329.7145855527,40706.6278059785,40015.620235198,1257473.0,80792830700.0,20000.0,1278000000.0,1277473.0,82070830700.0,-2298.0,2300.0,0.0,-2.0,-181351600.0,181480000.0,0.0,-128400.0
13/03/2024,39952.801365127,62000.0,1600.0,0.02580645,39324.6126644175,40329.7145855527,39136.1560542046,1471115.0,93286662600.0,0.0,0.0,1471115.0,93286662600.0,-31500.0,31500.0,0.0,0.0,-1998240000.0,1998240000.0,0.0,0.0
12/03/2024,38947.6994439918,62000.0,0.0,0.0,38947.6994439918,39513.0692746303,38696.423963708,1020734.0,63619801500.0,0.0,0.0,1020734.0,63619801500.0,-32894.0,32900.0,0.0,-6.0,-2060855000.0,2061230000.0,0.0,-375000.0
11/03/2024,38947.6994439918,63100.0,-1100.0,-0.01743265,39575.8881447013,39575.8881447013,38570.7862235661,1057379.0,65964323200.0,20000.0,1229260000.0,1077379.0,67193583200.0,65500.0,-65500.0,0.0,0.0,4097610000.0,-4097610000.0,0.0,0.0
08/03/2024,39638.7070147722,63000.0,100.0,0.0015873,39575.8881447013,40580.9900658366,39450.2504045594,1690974.0,107151610900.0,176800.0,10956119200.0,1867774.0,118107730100.0,134600.0,-134600.0,0.0,0.0,8557190000.0,-8557190000.0,0.0,0.0
07/03/2024,39575.8881447013,62400.0,600.0,0.00961538,39136.1560542046,39638.7070147722,39073.3371841337,1108310.0,69487916500.0,20000.0,1260000000.0,1128310.0,70747916500.0,181200.0,-181200.0,0.0,0.0,11363530000.0,-11363530000.0,0.0,0.0
06/03/2024,39198.9749242756,63300.0,-900.0,-0.01421801,39638.7070147722,39701.5258848432,39073.3371841337,757384.0,47397116200.0,0.0,0.0,757384.0,47397116200.0,-71400.0,71400.0,0.0,0.0,-4463040000.0,4463040000.0,0.0,0.0
05/03/2024,39764.3447549141,62200.0,1100.0,0.01768489,39136.1560542046,39827.1636249851,38884.8805739209,1129980.0,71008769500.0,20000.0,1158000000.0,1149980.0,72166769500.0,97600.0,-97600.0,0.0,0.0,6145630000.0,-6145630000.0,0.0,0.0
04/03/2024,39073.3371841337,62300.0,-100.0,-0.00160514,39136.1560542046,39701.5258848432,38822.0617038499,1404079.0,87381127800.0,20000.0,1232980000.0,1424079.0,88614107800.0,15400.0,-15400.0,0.0,0.0,934190000.0,-934190000.0,0.0,0.0
01/03/2024,39136.1560542046,61200.0,1100.0,0.01797386,38445.1484834242,39513.0692746303,38445.1484834242,1219253.0,75539331200.0,20000.0,1232000000.0,1239253.0,76771331200.0,119300.0,-119300.0,0.0,0.0,7300750000.0,-7300750000.0,0.0,0.0
29/02/2024,38445.1484834242,61200.0,0.0,0.0,38445.1484834242,39073.3371841337,38319.5107432823,981417.0,60314087400.0,0.0,0.0,981417.0,60314087400.0,-12100.0,12100.0,0.0,0.0,-743140000.0,743140000.0,0.0,0.0
28/02/2024,38445.1484834242,59100.0,2100.0,0.03553299,37377.2276922178,38507.9673534951,37188.771082005,1565959.0,94673380200.0,0.0,0.0,1565959.0,94673380200.0,-112817.0,112816.0,0.0,1.0,-6816761400.0,6816701600.0,0.0,59800.0
27/02/2024,37125.952211934,58100.0,1000.0,0.0172117,36937.4956017211,37251.5899520759,36623.4012513664,655015.0,38587726500.0,0.0,0.0,655015.0,38587726500.0,158605.0,-158605.0,0.0,0.0,9328924900.0,-9328924900.0,0.0,0.0
26/02/2024,36497.7635112245,58500.0,-400.0,-0.00683761,37000.3144717921,37000.3144717921,36434.9446411535,840189.0,48959315400.0,0.0,0.0,840189.0,48959315400.0,210600.0,-210600.0,0.0,0.0,12272780000.0,-12272780000.0,0.0,0.0
23/02/2024,36749.0389915083,59600.0,-1100.0,-0.01845638,37502.8654323597,37691.3220425726,36749.0389915083,1051386.0,62199012300.0,0.0,0.0,1051386.0,62199012300.0,-5207.0,5000.0,0.0,207.0,-306150100.0,293790000.0,0.0,12360100.0
22/02/2024,37440.0465622888,60200.0,-600.0,-0.00996678,37879.7786527856,37879.7786527856,37377.2276922178,466586.0,27935858900.0,0.0,0.0,466586.0,27935858900.0,22682.0,-22204.0,0.0,-478.0,1360152000.0,-1331640000.0,0.0,-28512000.0
21/02/2024,37816.9597827146,58800.0,1400.0,0.02380952,36937.4956017211,37942.5975228565,36749.0389915083,1074514.0,63739804000.0,0.0,0.0,1074514.0,63739804000.0,-7800.0,7800.0,0.0,0.0,-461460000.0,461460000.0,0.0,0.0
20/02/2024,36937.4956017211,59200.0,-400.0,-0.00675676,37251.5899520759,37251.5899520759,36749.0389915083,626086.0,36840240700.0,0.0,0.0,626086.0,36840240700.0,-15092.0,15100.0,0.0,-8.0,-888258800.0,888640000.0,0.0,-381200.0
19/02/2024,37188.771082005,58700.0,500.0,0.00851789,37063.133341863,37251.5899520759,36686.2201214373,1088195.0,64074966700.0,0.0,0.0,1088195.0,64074966700.0,31422.0,-30900.0,0.0,-522.0,1848957000.0,-1818470000.0,0.0,-30487000.0
16/02/2024,36874.6767316502,58300.0,400.0,0.00686106,36623.4012513664,37565.6843024307,36623.4012513664,891768.0,52748637500.0,0.0,0.0,891768.0,52748637500.0,61453.0,-61453.0,0.0,0.0,3616920700.0,-3616920700.0,0.0,0.0
15/02/2024,36623.4012513664,56500.0,1800.0,0.03185841,35555.4804601602,37063.133341863,35555.4804601602,1291392.0,74581083900.0,0.0,0.0,1291392.0,74581083900.0,-43000.0,43200.0,0.0,-200.0,-2521710000.0,2533030000.0,0.0,-11320000.0
07/02/2024,35492.6615900892,56200.0,300.0,0.00533808,35492.6615900892,35618.2993302312,35367.0238499473,323806.0,18296141900.0,0.0,0.0,323806.0,18296141900.0,-53255.0,53355.0,0.0,-100.0,-3010967000.0,3016617000.0,0.0,-5650000.0
06/02/2024,35304.2049798764,55500.0,700.0,0.01261261,34864.4728893797,35555.4804601602,34864.4728893797,610931.0,34327462300.0,50000.0,2585000000.0,660931.0,36912462300.0,112547.0,-112400.0,0.0,-147.0,6307617200.0,-6299420000.0,0.0,-8197200.0
05/02/2024,34864.4728893797,55000.0,500.0,0.00909091,34738.8351492378,35304.2049798764,34676.0162791668,594933.0,33091320600.0,0.0,0.0,594933.0,33091320600.0,361500.0,-361500.0,0.0,0.0,20062970000.0,-20062970000.0,0.0,0.0
02/02/2024,34550.3785390249,55400.0,-400.0,-0.00722022,34738.8351492378,35241.3861098054,34550.3785390249,725061.0,40045719500.0,81000.0,4795200000.0,806061.0,44840919500.0,479300.0,-482200.0,0.0,2900.0,26378280000.0,-26538650000.0,0.0,160370000.0
01/02/2024,34801.6540193087,56000.0,-600.0,-0.01071429,35178.5672397345,35429.8427200183,34738.8351492378,886542.0,49309915400.0,23000.0,1377700000.0,909542.0,50687615400.0,539132.0,-539200.0,0.0,68.0,29985258000.0,-29989270000.0,0.0,4012000.0
31/01/2024,35178.5672397345,56400.0,-400.0,-0.0070922,35618.2993302312,35681.1182003021,34990.1106295216,592351.0,33160542700.0,0.0,0.0,592351.0,33160542700.0,149600.0,-151100.0,0.0,1500.0,8348780000.0,-8433830000.0,0.0,85050000.0
30/01/2024,35429.8427200183,56500.0,-100.0,-0.0018,35367.0238499473,35555.4804601602,35178.5672397345,710711.0,39967275200.0,0.0,0.0,710711.0,39967275200.0,247234.0,-263345.0,0.0,16111.0,13887045700.0,-14794619000.0,0.0,907573300.0
29/01/2024,35492.6615900892,56200.0,300.0,0.00533808,35304.2049798764,35681.1182003021,35241.3861098054,338629.0,19097570700.0,0.0,0.0,338629.0,19097570700.0,54068.0,-31000.0,0.0,-23068.0,3023624801.0,-1722260000.0,0.0,-1301364800.0
26/01/2024,35304.2049798764,56300.0,-100.0,-0.0017762,35241.3861098054,35492.6615900892,35178.5672397345,415943.0,23389916100.0,0.0,0.0,415943.0,23389916100.0,79800.0,-78300.0,0.0,-1500.0,4488730000.0,-4404580000.0,0.0,-84150000.0
25/01/2024,35367.0238499473,56800.0,-500.0,-0.00880282,35492.6615900892,35681.1182003021,35052.9294995926,357292.0,20081896500.0,0.0,0.0,357292.0,20081896500.0,47311.0,-28300.0,0.0,-19011.0,2668052600.0,-1593930000.0,0.0,-1074122600.0
24/01/2024,35681.1182003021,56900.0,-100.0,-0.00175747,35743.9370703731,35806.755940444,35367.0238499473,232377.0,13186784200.0,123000.0,7478400000.0,355377.0,20665184200.0,-52700.0,52700.0,0.0,0.0,-2991810000.0,2991810000.0,0.0,0.0
23/01/2024,35743.9370703731,56100.0,800.0,0.01426025,35241.3861098054,36058.0314207279,35178.5672397345,495237.0,28050241500.0,0.0,0.0,495237.0,28050241500.0,-53200.0,53200.0,0.0,0.0,-3054530000.0,3054530000.0,0.0,0.0
22/01/2024,35241.3861098054,56000.0,100.0,0.00178571,35492.6615900892,35492.6615900892,35115.7483696635,218338.0,12241478400.0,0.0,0.0,218338.0,12241478400.0,16400.0,-22400.0,0.0,6000.0,917240000.0,-1256240000.0,0.0,339000000.0
19/01/2024,35178.5672397345,55700.0,300.0,0.005386,34990.1106295216,35429.8427200183,34864.4728893797,288408.0,16141630700.0,0.0,0.0,288408.0,16141630700.0,5300.0,-5300.0,0.0,0.0,289730000.0,-289730000.0,0.0,0.0
18/01/2024,34990.1106295216,56100.0,-400.0,-0.00713012,35304.2049798764,35367.0238499473,34927.2917594506,296824.0,16578368800.0,0.0,0.0,296824.0,16578368800.0,42200.0,-42200.0,0.0,0.0,2355080000.0,-2355080000.0,0.0,0.0
17/01/2024,35241.3861098054,55600.0,500.0,0.00899281,34927.2917594506,35429.8427200183,34738.8351492378,350082.0,19598048400.0,0.0,0.0,350082.0,19598048400.0,-13000.0,19000.0,0.0,-6000.0,-756940000.0,1089640000.0,0.0,-332700000.0
16/01/2024,34927.2917594506,55200.0,400.0,0.00724638,34738.8351492378,35115.7483696635,34487.559668954,311396.0,17212730900.0,0.0,0.0,311396.0,17212730900.0,-8100.0,8100.0,0.0,0.0,-455490000.0,455490000.0,0.0,0.0
15/01/2024,34676.0162791668,55100.0,100.0,0.00181488,34613.1974090959,35052.9294995926,34613.1974090959,193593.0,10729814900.0,0.0,0.0,193593.0,10729814900.0,-31300.0,32900.0,0.0,-1600.0,-1739950000.0,1828550000.0,0.0,-88600000.0
12/01/2024,34613.1974090959,55800.0,-700.0,-0.0125448,34990.1106295216,35052.9294995926,34550.3785390249,792673.0,43771841000.0,100000.0,5970000000.0,892673.0,49741841000.0,340800.0,-340800.0,0.0,0.0,18825420000.0,-18825420000.0,0.0,0.0
11/01/2024,35052.9294995926,55800.0,0.0,0.0,35052.9294995926,35241.3861098054,34927.2917594506,430404.0,24047662600.0,100000.0,5970000000.0,530404.0,30017662600.0,136900.0,-136900.0,0.0,0.0,7635140000.0,-7635140000.0,0.0,0.0
10/01/2024,35052.9294995926,56100.0,-300.0,-0.00534759,35367.0238499473,35429.8427200183,34927.2917594506,684484.0,38331466400.0,0.0,0.0,684484.0,38331466400.0,224000.0,-192200.0,0.0,-31800.0,12534750000.0,-10751690000.0,0.0,-1783060000.0
09/01/2024,35241.3861098054,56800.0,-700.0,-0.01232394,35429.8427200183,35618.2993302312,35178.5672397345,1088205.0,61235577400.0,100000.0,6070000000.0,1188205.0,67305577400.0,-13410.0,13410.0,0.0,0.0,-767320799.0,767320800.0,0.0,0.0
08/01/2024,35681.1182003021,57400.0,-600.0,-0.01045296,36058.0314207279,36309.3069010116,35681.1182003021,920506.0,52701219200.0,639412.0,39259896800.0,1559918.0,91961116000.0,236100.0,-236100.0,0.0,0.0,13524000000.0,-13524000000.0,0.0,0.0
05/01/2024,36058.0314207279,57700.0,-300.0,-0.00519931,36246.4880309407,36309.3069010116,35995.2125506569,555100.0,31925895900.0,0.0,0.0,555100.0,31925895900.0,209500.0,-209300.0,0.0,-200.0,12033960000.0,-12022480000.0,0.0,-11480000.0
04/01/2024,36246.4880309407,57600.0,100.0,0.00173611,36372.1257710826,36937.4956017211,36120.8502907988,899128.0,52294601700.0,0.0,0.0,899128.0,52294601700.0,132100.0,-132100.0,0.0,0.0,7682970000.0,-7682970000.0,0.0,0.0
03/01/2024,36183.6691608697,57500.0,100.0,0.00173913,36120.8502907988,36309.3069010116,35869.574810515,376152.0,21564519200.0,0.0,0.0,376152.0,21564519200.0,118100.0,-118100.0,0.0,0.0,6764700000.0,-6764700000.0,0.0,0.0
02/01/2024,36120.8502907988,56800.0,700.0,0.01232394,36120.8502907988,36623.4012513664,35869.574810515,779590.0,44858214500.0,0.0,0.0,779590.0,44858214500.0,58716.0,-108800.0,0.0,50084.0,3358289600.0,-6238380000.0,0.0,2880090400.0
29/12/2023,35681.1182003021,56400.0,400.0,0.0070922,35806.755940444,36120.8502907988,35429.8427200183,712798.0,40720179300.0,0.0,0.0,712798.0,40720179300.0,-27671.0,-89200.0,0.0,116871.0,-1572330799.0,-5090260000.0,0.0,6662590800.0
28/12/2023,35429.8427200183,56400.0,0.0,0.0,35618.2993302312,35681.1182003021,35367.0238499473,346945.0,19589316600.0,0.0,0.0,346945.0,19589316600.0,58505.0,-77205.0,0.0,18700.0,3292772000.0,-4353062000.0,0.0,1060290000.0
27/12/2023,35429.8427200183,55800.0,600.0,0.01075269,35115.7483696635,35492.6615900892,35115.7483696635,527778.0,29702240100.0,0.0,0.0,527778.0,29702240100.0,217784.0,-167700.0,0.0,-50084.0,12256646100.0,-9442400000.0,0.0,-2814246100.0
26/12/2023,35052.9294995926,56100.0,-300.0,-0.00534759,35367.0238499473,35429.8427200183,35052.9294995926,623147.0,34917563800.0,0.0,0.0,623147.0,34917563800.0,368971.0,-229600.0,0.0,-139371.0,20664230200.0,-12866330000.0,0.0,-7797900200.0
25/12/2023,35241.3861098054,55800.0,300.0,0.00537634,35052.9294995926,35492.6615900892,34990.1106295216,480478.0,26905191000.0,43000.0,2567100000.0,523478.0,29472291000.0,317400.0,-275700.0,0.0,-41700.0,17769120000.0,-15437250000.0,0.0,-2331870000.0
22/12/2023,35052.9294995926,56500.0,-700.0,-0.01238938,35618.2993302312,35618.2993302312,35052.9294995926,383418.0,21450279300.0,0.0,0.0,383418.0,21450279300.0,224785.0,-224900.0,0.0,115.0,12575245500.0,-12581820000.0,0.0,6574500.0
21/12/2023,35492.6615900892,56300.0,200.0,0.0035524,35178.5672397345,35555.4804601602,34864.4728893797,533985.0,29851772900.0,0.0,0.0,533985.0,29851772900.0,200272.0,-200234.0,0.0,-38.0,11130578901.0,-11128744100.0,0.0,-1834800.0
20/12/2023,35367.0238499473,56300.0,0.0,0.0,35429.8427200183,35681.1182003021,35115.7483696635,408673.0,22942748800.0,950000.0,57034000000.0,1358673.0,79976748800.0,340100.0,-340100.0,0.0,0.0,19090090000.0,-19090090000.0,0.0,0.0
19/12/2023,35367.0238499473,56800.0,-500.0,-0.00880282,35367.0238499473,35806.755940444,35178.5672397345,288690.0,16225038000.0,0.0,0.0,288690.0,16225038000.0,186618.0,-191000.0,0.0,4382.0,10481826800.0,-10728910000.0,0.0,247083200.0
18/12/2023,35681.1182003021,56700.0,100.0,0.00176367,35932.3936805859,35932.3936805859,35178.5672397345,497495.0,28036680800.0,0.0,0.0,497495.0,28036680800.0,177962.0,-182500.0,0.0,4538.0,9994024200.0,-10254080000.0,0.0,260055800.0
15/12/2023,35618.2993302312,57100.0,-400.0,-0.00700525,35932.3936805859,36434.9446411535,35492.6615900892,513564.0,29198952200.0,0.0,0.0,513564.0,29198952200.0,232500.0,-232500.0,0.0,0.0,13156710000.0,-13156710000.0,0.0,0.0
14/12/2023,35869.574810515,57700.0,-600.0,-0.01039861,36497.7635112245,36686.2201214373,35869.574810515,278537.0,16029146000.0,2360249.0,145470766100.0,2638786.0,161499912100.0,110497.0,-106000.0,0.0,-4497.0,6365261100.0,-6107120000.0,0.0,-258141100.0
13/12/2023,36246.4880309407,59000.0,-1300.0,-0.0220339,37188.771082005,37188.771082005,36120.8502907988,588444.0,34277758000.0,1468227.0,92645123700.0,2056671.0,126922881700.0,158500.0,-168500.0,0.0,10000.0,9248080000.0,-9846080000.0,0.0,598000000.0
12/12/2023,37063.133341863,58700.0,300.0,0.00511073,36874.6767316502,37125.952211934,36623.4012513664,287383.0,16852564100.0,0.0,0.0,287383.0,16852564100.0,2100.0,-2133.0,0.0,33.0,87616000.0,-89685100.0,0.0,2069100.0
11/12/2023,36874.6767316502,59200.0,-500.0,-0.00844595,37188.771082005,37565.6843024307,36874.6767316502,237332.0,14016411900.0,39735.0,2515225500.0,277067.0,16531637400.0,40400.0,-40400.0,0.0,0.0,2376950000.0,-2376950000.0,0.0,0.0
08/12/2023,37188.771082005,58000.0,1200.0,0.02068966,36434.9446411535,37188.771082005,36183.6691608697,539569.0,31443095600.0,0.0,0.0,539569.0,31443095600.0,-52200.0,67200.0,0.0,-15000.0,-3139950000.0,4008540000.0,0.0,-868590000.0
07/12/2023,36434.9446411535,58800.0,-800.0,-0.01360544,36937.4956017211,37314.4088221469,36183.6691608697,443836.0,25845227100.0,793000.0,49879700000.0,1236836.0,75724927100.0,72100.0,-72100.0,0.0,0.0,4213860000.0,-4213860000.0,0.0,0.0
06/12/2023,36937.4956017211,59300.0,-500.0,-0.0084317,37251.5899520759,37314.4088221469,36811.8578615792,222697.0,13124564200.0,0.0,0.0,222697.0,13124564200.0,43100.0,-43100.0,0.0,0.0,2537830000.0,-2537830000.0,0.0,0.0
05/12/2023,37251.5899520759,58000.0,1300.0,0.02241379,36749.0389915083,37691.3220425726,36749.0389915083,584262.0,34536821600.0,0.0,0.0,584262.0,34536821600.0,228084.0,-234100.0,0.0,6016.0,13446807000.0,-13798790000.0,0.0,351983000.0
04/12/2023,36434.9446411535,57300.0,700.0,0.0122164,36058.0314207279,36560.5823812954,35995.2125506569,622566.0,35914738900.0,0.0,0.0,622566.0,35914738900.0,232200.0,-232200.0,0.0,0.0,13358600000.0,-13358600000.0,0.0,0.0
01/12/2023,35995.2125506569,57100.0,200.0,0.00350263,35995.2125506569,36246.4880309407,35743.9370703731,124796.0,7122253500.0,26265.0,1602165000.0,151061.0,8724418500.0,33500.0,-33500.0,0.0,0.0,1909800000.0,-1909800000.0,0.0,0.0
30/11/2023,35869.574810515,57600.0,-500.0,-0.00868056,36183.6691608697,36372.1257710826,35869.574810515,136881.0,7863112500.0,0.0,0.0,136881.0,7863112500.0,17216.0,-11200.0,0.0,-6016.0,984460000.0,-639740000.0,0.0,-344720000.0
29/11/2023,36183.6691608697,57200.0,400.0,0.00699301,35932.3936805859,36309.3069010116,35932.3936805859,180323.0,10387160700.0,0.0,0.0,180323.0,10387160700.0,3200.0,-3200.0,0.0,0.0,183410000.0,-183410000.0,0.0,0.0
28/11/2023,35932.3936805859,56900.0,300.0,0.00527241,36120.8502907988,36120.8502907988,35681.1182003021,146629.0,8371304700.0,0.0,0.0,146629.0,8371304700.0,-36750.0,20150.0,0.0,16600.0,-2102934000.0,1148434000.0,0.0,954500000.0
27/11/2023,35743.9370703731,57100.0,-200.0,-0.00350263,35869.574810515,35995.2125506569,35681.1182003021,165522.0,9439649800.0,0.0,0.0,165522.0,9439649800.0,-15910.0,15900.0,0.0,10.0,-907739000.0,907130000.0,0.0,609000.0
24/11/2023,35869.574810515,57500.0,-400.0,-0.00695652,36058.0314207279,36120.8502907988,35618.2993302312,299625.0,17091312700.0,0.0,0.0,299625.0,17091312700.0,-45000.0,43100.0,0.0,1900.0,-2571000000.0,2461940000.0,0.0,109060000.0
23/11/2023,36120.8502907988,57500.0,0.0,0.0,36686.2201214373,36686.2201214373,36120.8502907988,190511.0,11023788900.0,0.0,0.0,190511.0,11023788900.0,33500.0,-23900.0,0.0,-9600.0,1933480000.0,-1379140000.0,0.0,-554340000.0
22/11/2023,36120.8502907988,57700.0,-200.0,-0.0034662,36623.4012513664,36623.4012513664,36120.8502907988,201510.0,11658588200.0,0.0,0.0,201510.0,11658588200.0,2460.0,-4200.0,0.0,1740.0,143600000.0,-245210000.0,0.0,101610000.0
21/11/2023,36246.4880309407,57800.0,-100.0,-0.0017301,36434.9446411535,36560.5823812954,35932.3936805859,204329.0,11788788200.0,0.0,0.0,204329.0,11788788200.0,-7000.0,8900.0,0.0,-1900.0,-406310000.0,516700000.0,0.0,-110390000.0
20/11/2023,36309.3069010116,58000.0,-200.0,-0.00344828,35869.574810515,36497.7635112245,35806.755940444,450499.0,26042091100.0,0.0,0.0,450499.0,26042091100.0,-24600.0,31600.0,0.0,-7000.0,-1418770000.0,1825470000.0,0.0,-406700000.0
17/11/2023,36434.9446411535,57900.0,100.0,0.00172712,36372.1257710826,36937.4956017211,36183.6691608697,489196.0,28543640300.0,0.0,0.0,489196.0,28543640300.0,-158150.0,159900.0,0.0,-1750.0,-9239261800.0,9341180000.0,0.0,-101918200.0
16/11/2023,36372.1257710826,58300.0,-400.0,-0.00686106,36497.7635112245,36623.4012513664,36183.6691608697,152990.0,8869922800.0,0.0,0.0,152990.0,8869922800.0,-9500.0,9200.0,0.0,300.0,-551370000.0,533940000.0,0.0,17430000.0
15/11/2023,36623.4012513664,57900.0,400.0,0.00690846,36937.4956017211,37000.3144717921,36372.1257710826,275194.0,16073721400.0,0.0,0.0,275194.0,16073721400.0,-34300.0,33700.0,0.0,600.0,-2006080000.0,1970800000.0,0.0,35280000.0
14/11/2023,36372.1257710826,57300.0,600.0,0.0104712,36058.0314207279,36434.9446411535,35681.1182003021,364754.0,20922163000.0,0.0,0.0,364754.0,20922163000.0,-6500.0,6500.0,0.0,0.0,-405780000.0,405780000.0,0.0,0.0
13/11/2023,35995.2125506569,57400.0,-100.0,-0.00174216,36058.0314207279,36434.9446411535,35806.755940444,249709.0,14345515200.0,0.0,0.0,249709.0,14345515200.0,-4100.0,4400.0,0.0,-300.0,-240170000.0,257570000.0,0.0,-17400000.0
10/11/2023,36058.0314207279,57000.0,400.0,0.00701754,36120.8502907988,36874.6767316502,35618.2993302312,398864.0,23084484500.0,0.0,0.0,398864.0,23084484500.0,17900.0,-17300.0,0.0,-600.0,1037800000.0,-1003750000.0,0.0,-34050000.0
09/11/2023,35806.755940444,57000.0,0.0,0.0,35806.755940444,36434.9446411535,35492.6615900892,325065.0,18574722700.0,465720.0,28362348000.0,790785.0,46937070700.0,-8894.0,8894.0,0.0,0.0,-533623199.0,533623200.0,0.0,0.0
08/11/2023,35806.755940444,55200.0,1800.0,0.0326087,34676.0162791668,36120.8502907988,34487.559668954,521311.0,29197015500.0,0.0,0.0,521311.0,29197015500.0,-82000.0,82000.0,0.0,0.0,-4637170000.0,4637170000.0,0.0,0.0
07/11/2023,34676.0162791668,55400.0,-200.0,-0.00361011,34801.6540193087,35178.5672397345,34424.740798883,397007.0,21956199100.0,100000.0,5872400000.0,497007.0,27828599100.0,-18614.0,18614.0,0.0,0.0,-1027313200.0,1027313200.0,0.0,0.0
06/11/2023,34801.6540193087,53000.0,2400.0,0.04528302,33733.7332281025,34801.6540193087,33733.7332281025,407350.0,22324634400.0,0.0,0.0,407350.0,22324634400.0,-51400.0,51400.0,0.0,0.0,-2826900000.0,2826900000.0,0.0,0.0
03/11/2023,33294.0011376058,54600.0,-1600.0,-0.02930403,34676.0162791668,34676.0162791668,33294.0011376058,888986.0,47525271200.0,0.0,0.0,888986.0,47525271200.0,702600.0,-702600.0,0.0,0.0,37437590000.0,-37437590000.0,0.0,0.0
02/11/2023,34299.1030587411,52100.0,2500.0,0.04798464,33294.0011376058,34487.559668954,33042.725657322,445340.0,23884948300.0,0.0,0.0,445340.0,23884948300.0,170600.0,-170600.0,0.0,0.0,9143910000.0,-9143910000.0,0.0,0.0
01/11/2023,32728.6313069673,52600.0,-500.0,-0.0095057,33294.0011376058,33482.4577478187,31849.1671259739,482366.0,25002607600.0,0.0,0.0,482366.0,25002607600.0,214180.0,-214180.0,0.0,0.0,11045887900.0,-11045887900.0,0.0,0.0
31/10/2023,33042.725657322,54600.0,-2000.0,-0.03663004,34361.921928812,34550.3785390249,32791.4501770382,392125.0,20980996500.0,0.0,0.0,392125.0,20980996500.0,86216.0,-86716.0,0.0,500.0,4610924000.0,-4638274000.0,0.0,27350000.0
30/10/2023,34299.1030587411,55000.0,-400.0,-0.00727273,34424.740798883,34801.6540193087,34299.1030587411,227534.0,12508520000.0,60000.0,3528000000.0,287534.0,16036520000.0,38600.0,-38600.0,0.0,0.0,2126800000.0,-2126800000.0,0.0,0.0
27/10/2023,34550.3785390249,56000.0,-1000.0,-0.01785714,35304.2049798764,35492.6615900892,33608.0954879606,618219.0,34197590500.0,0.0,0.0,618219.0,34197590500.0,313800.0,-313800.0,0.0,0.0,17274440000.0,-17274440000.0,0.0,0.0
26/10/2023,35178.5672397345,59000.0,-3000.0,-0.05084746,36497.7635112245,37314.4088221469,35178.5672397345,799546.0,45439681800.0,0.0,0.0,799546.0,45439681800.0,108400.0,-108700.0,0.0,300.0,6157510000.0,-6175590000.0,0.0,18080000.0
25/10/2023,37063.133341863,59600.0,-600.0,-0.01006711,37565.6843024307,37628.5031725016,37063.133341863,269155.0,15941745700.0,0.0,0.0,269155.0,15941745700.0,132500.0,-132500.0,0.0,0.0,7836370001.0,-7836370000.0,0.0,0.0
24/10/2023,37440.0465622888,59200.0,400.0,0.00675676,37063.133341863,37502.8654323597,37063.133341863,173379.0,10268321600.0,0.0,0.0,173379.0,10268321600.0,57713.0,-58800.0,0.0,1087.0,3413513600.0,-3478010000.0,0.0,64496400.0
23/10/2023,37188.771082005,60400.0,-1200.0,-0.01986755,38193.8730031404,38193.8730031404,37063.133341863,209852.0,12542072500.0,0.0,0.0,209852.0,12542072500.0,-26200.0,27000.0,0.0,-800.0,-1581890000.0,1630210000.0,0.0,-48320000.0
20/10/2023,37942.5975228565,59600.0,800.0,0.01342282,37377.2276922178,38005.4163929275,37063.133341863,199625.0,11930387600.0,0.0,0.0,199625.0,11930387600.0,-38500.0,38500.0,0.0,0.0,-2301980000.0,2301980000.0,0.0,0.0
19/10/2023,37440.0465622888,60400.0,-800.0,-0.01324503,37942.5975228565,38068.2352629984,37377.2276922178,252141.0,15103759500.0,350000.0,22610000000.0,602141.0,37713759500.0,39287.0,-38200.0,0.0,-1087.0,2348555800.0,-2283010000.0,0.0,-65545800.0
18/10/2023,37942.5975228565,61600.0,-1200.0,-0.01948052,38696.423963708,38759.242833779,36749.0389915083,668458.0,40541372900.0,0.0,0.0,668458.0,40541372900.0,-55100.0,55100.0,0.0,0.0,-3345980000.0,3345980000.0,0.0,0.0
17/10/2023,38696.423963708,62200.0,-600.0,-0.0096463,39136.1560542046,39450.2504045594,38696.423963708,324256.0,20098312900.0,300000.0,18660000000.0,624256.0,38758312900.0,4700.0,-4700.0,0.0,0.0,292630000.0,-292630000.0,0.0,0.0
16/10/2023,39073.3371841337,62800.0,-600.0,-0.00955414,39450.2504045594,39701.5258848432,38947.6994439918,323672.0,20176391200.0,0.0,0.0,323672.0,20176391200.0,57300.0,-57300.0,0.0,0.0,3578970000.0,-3578970000.0,0.0,0.0
13/10/2023,39450.2504045594,62900.0,-100.0,-0.00158983,39073.3371841337,39450.2504045594,39073.3371841337,297869.0,18593826500.0,0.0,0.0,297869.0,18593826500.0,75340.0,-75800.0,0.0,460.0,4695540000.0,-4724450000.0,0.0,28910000.0
12/10/2023,39513.0692746303,62600.0,300.0,0.00479233,39513.0692746303,39952.801365127,39450.2504045594,465679.0,29389748600.0,0.0,0.0,465679.0,29389748600.0,-125400.0,125400.0,0.0,0.0,-7907520000.0,7907520000.0,0.0,0.0
11/10/2023,39324.6126644175,62600.0,0.0,0.0,39575.8881447013,39575.8881447013,39010.5183140628,269139.0,16801064900.0,0.0,0.0,269139.0,16801064900.0,-7100.0,7100.0,0.0,0.0,-440390000.0,440390000.0,0.0,0.0
10/10/2023,39324.6126644175,61900.0,700.0,0.01130856,39324.6126644175,39764.3447549141,39073.3371841337,523187.0,32877267300.0,0.0,0.0,523187.0,32877267300.0,-15720.0,16180.0,0.0,-460.0,-992701700.0,1021502000.0,0.0,-28800300.0
09/10/2023,38884.8805739209,62200.0,-300.0,-0.00482315,38947.6994439918,39073.3371841337,38759.242833779,452325.0,27973325000.0,0.0,0.0,452325.0,27973325000.0,93500.0,-93500.0,0.0,0.0,5784860000.0,-5784860000.0,0.0,0.0
06/10/2023,39073.3371841337,62000.0,200.0,0.00322581,39324.6126644175,39324.6126644175,38759.242833779,398077.0,24688286500.0,0.0,0.0,398077.0,24688286500.0,63142.0,-67400.0,0.0,4258.0,3896346700.0,-4163100000.0,0.0,266753300.0
05/10/2023,38947.6994439918,62800.0,-800.0,-0.01273885,39889.9824950561,39889.9824950561,38947.6994439918,311214.0,19531061100.0,569566.0,38217878600.0,880780.0,57748939700.0,-83700.0,83700.0,0.0,0.0,-5282750000.0,5282750000.0,0.0,0.0
04/10/2023,39450.2504045594,62000.0,800.0,0.01290323,38822.0617038499,39889.9824950561,38759.242833779,615413.0,38406220400.0,0.0,0.0,615413.0,38406220400.0,-33500.0,33500.0,0.0,0.0,-2132480000.0,2132480000.0,0.0,0.0
03/10/2023,38947.6994439918,63500.0,-1500.0,-0.02362205,39450.2504045594,39889.9824950561,38822.0617038499,685583.0,42734833400.0,0.0,0.0,685583.0,42734833400.0,-130442.0,134700.0,0.0,-4258.0,-8139852299.0,8406840000.0,0.0,-266987700.0
02/10/2023,39889.9824950561,63200.0,300.0,0.00474684,39952.801365127,40329.7145855527,39764.3447549141,359582.0,22968544600.0,0.0,0.0,359582.0,22968544600.0,-21800.0,21800.0,0.0,0.0,-1394330000.0,1394330000.0,0.0,0.0
29/09/2023,39701.5258848432,63500.0,-300.0,-0.00472441,39889.9824950561,40266.8957154818,39638.7070147722,335012.0,21343104300.0,0.0,0.0,335012.0,21343104300.0,-142000.0,142000.0,0.0,0.0,-9050080000.0,9050080000.0,0.0,0.0
28/09/2023,39889.9824950561,62900.0,600.0,0.00953895,39575.8881447013,39889.9824950561,39073.3371841337,561754.0,35356058000.0,0.0,0.0,561754.0,35356058000.0,-240100.0,240100.0,0.0,0.0,-15133660000.0,15133660000.0,0.0,0.0
27/09/2023,39513.0692746303,61900.0,1000.0,0.01615509,39136.1560542046,39575.8881447013,38822.0617038499,399230.0,24889880100.0,0.0,0.0,399230.0,24889880100.0,-149300.0,149300.0,0.0,0.0,-9308280000.0,9308280000.0,0.0,0.0
26/09/2023,38884.8805739209,61800.0,100.0,0.00161812,38822.0617038499,39261.7937943465,38759.242833779,782035.0,48451160900.0,0.0,0.0,782035.0,48451160900.0,-285400.0,285400.0,0.0,0.0,-17695400000.0,17695400000.0,0.0,0.0
25/09/2023,38822.0617038499,63500.0,-1700.0,-0.02677165,39889.9824950561,40392.5334556237,38822.0617038499,1047856.0,65870804700.0,0.0,0.0,1047856.0,65870804700.0,-53572.0,53572.0,0.0,0.0,-3386829200.0,3386829200.0,0.0,0.0
22/09/2023,39889.9824950561,65500.0,-2000.0,-0.03053435,40832.2655461204,40895.0844161914,39764.3447549141,1018553.0,65281982500.0,0.0,0.0,1018553.0,65281982500.0,-101490.0,101490.0,0.0,0.0,-6512627200.0,6512627200.0,0.0,0.0
21/09/2023,41146.3598964752,64300.0,1200.0,0.01866252,40455.3523256947,41460.45424683,40455.3523256947,1530828.0,100310458900.0,0.0,0.0,1530828.0,100310458900.0,83120.0,-83120.0,0.0,0.0,5451809400.0,-5451809400.0,0.0,0.0
20/09/2023,40392.5334556237,63500.0,800.0,0.01259843,39889.9824950561,40392.5334556237,39827.1636249851,955293.0,61100423300.0,0.0,0.0,955293.0,61100423300.0,-70800.0,70800.0,0.0,0.0,-4597620000.0,4597620000.0,0.0,0.0
19/09/2023,39889.9824950561,62500.0,1000.0,0.016,39387.4315344884,40141.2579753399,39073.3371841337,625165.0,39328138100.0,0.0,0.0,625165.0,39328138100.0,-22100.0,22100.0,0.0,0.0,-1379690000.0,1379690000.0,0.0,0.0
18/09/2023,39261.7937943465,63000.0,-500.0,-0.00793651,39889.9824950561,39889.9824950561,39198.9749242756,691605.0,43454350300.0,50000.0,3275000000.0,741605.0,46729350300.0,40500.0,-40500.0,0.0,0.0,2555980000.0,-2555980000.0,0.0,0.0
15/09/2023,39575.8881447013,62900.0,100.0,0.00158983,39575.8881447013,39952.801365127,39513.0692746303,336427.0,21239715900.0,29700.0,1998810000.0,366127.0,23238525900.0,-39500.0,39500.0,0.0,0.0,-2494310000.0,2494310000.0,0.0,0.0
14/09/2023,39513.0692746303,63400.0,-500.0,-0.00788644,39889.9824950561,40015.620235198,39450.2504045594,632474.0,39934225600.0,0.0,0.0,632474.0,39934225600.0,58600.0,-58600.0,0.0,0.0,3710690000.0,-3710690000.0,0.0,0.0
13/09/2023,39827.1636249851,63400.0,0.0,0.0,40141.2579753399,40141.2579753399,39764.3447549141,869309.0,55221393900.0,0.0,0.0,869309.0,55221393900.0,-65110.0,113840.0,0.0,-48730.0,-4166115201.0,7252694000.0,0.0,-3086578800.0
12/09/2023,39827.1636249851,63600.0,-200.0,-0.00314465,39764.3447549141,40015.620235198,39575.8881447013,797982.0,50545688500.0,0.0,0.0,797982.0,50545688500.0,64000.0,-64000.0,0.0,0.0,4058850000.0,-4058850000.0,0.0,0.0
11/09/2023,39952.801365127,64000.0,-400.0,-0.0063,40455.3523256947,40455.3523256947,39889.9824950561,1054794.0,67363627900.0,0.0,0.0,1054794.0,67363627900.0,85355.0,-85355.0,0.0,0.0,5442239800.0,-5442239800.0,0.0,0.0
08/09/2023,40204.0768454108,63600.0,400.0,0.00628931,40141.2579753399,40392.5334556237,39889.9824950561,940524.0,60146795700.0,0.0,0.0,940524.0,60146795700.0,153370.0,-152100.0,0.0,-1270.0,9796776600.0,-9715630000.0,0.0,-81146600.0
07/09/2023,39952.801365127,64100.0,-500.0,-0.00780031,40329.7145855527,40455.3523256947,39889.9824950561,847499.0,54097704200.0,61500.0,4164150000.0,908999.0,58261854200.0,85800.0,-86700.0,0.0,900.0,5475410000.0,-5534270000.0,0.0,58860000.0
06/09/2023,40266.8957154818,63800.0,300.0,0.00470219,40078.4391052689,40580.9900658366,39952.801365127,646095.0,41343576500.0,0.0,0.0,646095.0,41343576500.0,69851.0,-69506.0,0.0,-345.0,4465312600.0,-4443244000.0,0.0,-22068600.0
05/09/2023,40078.4391052689,62800.0,1000.0,0.01592357,39889.9824950561,40078.4391052689,39638.7070147722,620256.0,39376499100.0,0.0,0.0,620256.0,39376499100.0,85106.0,-86770.0,0.0,1664.0,5403227500.0,-5509067000.0,0.0,105839500.0
31/08/2023,39450.2504045594,63000.0,-200.0,-0.0031746,39575.8881447013,39827.1636249851,39324.6126644175,788838.0,49643169900.0,0.0,0.0,788838.0,49643169900.0,57900.0,-28200.0,0.0,-29700.0,3640320000.0,-1770240000.0,0.0,-1870080000.0
30/08/2023,39575.8881447013,62800.0,200.0,0.00318471,39198.9749242756,39575.8881447013,39073.3371841337,479591.0,29987762200.0,0.0,0.0,479591.0,29987762200.0,109700.0,-109700.0,0.0,0.0,6858460000.0,-6858460000.0,0.0,0.0
29/08/2023,39450.2504045594,63000.0,-200.0,-0.0031746,39701.5258848432,39764.3447549141,39073.3371841337,427948.0,26833289600.0,350000.0,23590000000.0,777948.0,50423289600.0,26202.0,-24226.0,0.0,-1976.0,1647909700.0,-1524607300.0,0.0,-123302400.0
28/08/2023,39575.8881447013,61500.0,1500.0,0.02439024,38947.6994439918,39575.8881447013,38759.242833779,538127.0,33654576300.0,0.0,0.0,538127.0,33654576300.0,28900.0,-28900.0,0.0,0.0,1804100000.0,-1804100000.0,0.0,0.0
25/08/2023,38633.605093637,61500.0,0.0,0.0,38633.605093637,38633.605093637,38319.5107432823,418203.0,25646053100.0,0.0,0.0,418203.0,25646053100.0,90600.0,-90600.0,0.0,0.0,5538720000.0,-5538720000.0,0.0,0.0
24/08/2023,38633.605093637,61100.0,400.0,0.00654664,38193.8730031404,38633.605093637,38193.8730031404,446757.0,27299107200.0,0.0,0.0,446757.0,27299107200.0,58400.0,-58400.0,0.0,0.0,3555740000.0,-3555740000.0,0.0,0.0
23/08/2023,38382.3296133532,61100.0,0.0,0.0,38570.7862235661,38696.423963708,38193.8730031404,306271.0,18698649900.0,0.0,0.0,306271.0,18698649900.0,64100.0,-64100.0,0.0,0.0,3913670001.0,-3913670000.0,0.0,0.0
22/08/2023,38382.3296133532,61000.0,100.0,0.00163934,38193.8730031404,38507.9673534951,37628.5031725016,749811.0,45352154400.0,483000.0,31491600000.0,1232811.0,76843754400.0,189600.0,-189600.0,0.0,0.0,11468720000.0,-11468720000.0,0.0,0.0
21/08/2023,38319.5107432823,60500.0,500.0,0.00826446,37816.9597827146,38445.1484834242,37691.3220425726,822004.0,49645392900.0,0.0,0.0,822004.0,49645392900.0,71601.0,-71601.0,0.0,0.0,4313740500.0,-4313740500.0,0.0,0.0
18/08/2023,38005.4163929275,62700.0,-2200.0,-0.0351,39387.4315344884,39575.8881447013,38005.4163929275,1744875.0,107560235300.0,0.0,0.0,1744875.0,107560235300.0,37400.0,-37400.0,0.0,0.0,2383700000.0,-2383700000.0,0.0,0.0
17/08/2023,39387.4315344884,63100.0,-400.0,-0.00633914,39638.7070147722,39827.1636249851,39387.4315344884,676041.0,42555328500.0,0.0,0.0,676041.0,42555328500.0,81900.0,-81900.0,0.0,0.0,5159500000.0,-5159500000.0,0.0,0.0
16/08/2023,39638.7070147722,63300.0,-200.0,-0.00315956,39827.1636249851,39889.9824950561,39638.7070147722,365467.0,23113741000.0,0.0,0.0,365467.0,23113741000.0,-20700.0,20700.0,0.0,0.0,-1310260000.0,1310260000.0,0.0,0.0
15/08/2023,39764.3447549141,63500.0,-200.0,-0.00314961,40078.4391052689,40078.4391052689,39575.8881447013,600477.0,37994179300.0,0.0,0.0,600477.0,37994179300.0,116600.0,-116600.0,0.0,0.0,7370870001.0,-7370870000.0,0.0,0.0
14/08/2023,39889.9824950561,63200.0,300.0,0.00474684,40015.620235198,40392.5334556237,39701.5258848432,408527.0,25996529200.0,0.0,0.0,408527.0,25996529200.0,2600.0,-2600.0,0.0,0.0,164700000.0,-164700000.0,0.0,0.0
11/08/2023,39701.5258848432,62900.0,300.0,0.00476948,39513.0692746303,39952.801365127,39324.6126644175,871250.0,54881333800.0,0.0,0.0,871250.0,54881333800.0,60700.0,-60700.0,0.0,0.0,3828060000.0,-3828060000.0,0.0,0.0
10/08/2023,39513.0692746303,64200.0,-1300.0,-0.02024922,40329.7145855527,40518.1711957656,39513.0692746303,1525086.0,96969084000.0,0.0,0.0,1525086.0,96969084000.0,210740.0,-210740.0,0.0,0.0,13414267600.0,-13414267600.0,0.0,0.0
09/08/2023,40329.7145855527,64900.0,-700.0,-0.01078582,40706.6278059785,40769.4466760494,40329.7145855527,838505.0,54021038000.0,0.0,0.0,838505.0,54021038000.0,-58200.0,58200.0,0.0,0.0,-3750930000.0,3750930000.0,0.0,0.0
08/08/2023,40769.4466760494,64900.0,0.0,0.0,41083.5410264042,41083.5410264042,40706.6278059785,748883.0,48706377800.0,5000.0,340000000.0,753883.0,49046377800.0,-251.0,6450.0,0.0,-6199.0,-15393600.0,417696900.0,0.0,-402303300.0
07/08/2023,40769.4466760494,64000.0,900.0,0.0140625,40392.5334556237,40769.4466760494,40392.5334556237,648733.0,41951774000.0,52727.0,3606526800.0,701460.0,45558300800.0,52190.0,-52190.0,0.0,0.0,3374290000.0,-3374290000.0,0.0,0.0
04/08/2023,40204.0768454108,64900.0,-900.0,-0.01386749,40706.6278059785,40832.2655461204,40204.0768454108,2040421.0,131335384000.0,0.0,0.0,2040421.0,131335384000.0,648200.0,-648200.0,0.0,0.0,41525150000.0,-41525150000.0,0.0,0.0
03/08/2023,40769.4466760494,64900.0,0.0,0.0,40832.2655461204,41334.816506688,40580.9900658366,862517.0,56061002100.0,0.0,0.0,862517.0,56061002100.0,130100.0,-130100.0,0.0,0.0,8461680000.0,-8461680000.0,0.0,0.0
02/08/2023,40769.4466760494,65500.0,-600.0,-0.00916031,41146.3598964752,41523.2731169009,40769.4466760494,1263883.0,82416874500.0,0.0,0.0,1263883.0,82416874500.0,312900.0,-312900.0,0.0,0.0,20424750000.0,-20424750000.0,0.0,0.0
01/08/2023,41146.3598964752,67000.0,-1500.0,-0.02238806,42214.2806876814,42277.0995577524,41146.3598964752,1265558.0,83977983500.0,638963.0,45749750800.0,1904521.0,129727734300.0,83800.0,-83800.0,0.0,0.0,5561060000.0,-5561060000.0,0.0,0.0
31/07/2023,42088.6429475395,68000.0,-1000.0,-0.01470588,42402.7372978942,42716.831648249,41774.5485971847,1140195.0,76266596900.0,0.0,0.0,1140195.0,76266596900.0,11300.0,-11300.0,0.0,0.0,735450000.0,-735450000.0,0.0,0.0
28/07/2023,42716.831648249,67100.0,900.0,0.0134,42025.8240774686,43030.9259986038,41774.5485971847,1285943.0,86549718200.0,0.0,0.0,1285943.0,86549718200.0,-22875.0,22875.0,0.0,0.0,-1541755000.0,1541755000.0,0.0,0.0
27/07/2023,42151.4618176105,67900.0,-800.0,-0.01178203,42339.9184278233,42716.831648249,41900.1863373266,833540.0,56087485500.0,0.0,0.0,833540.0,56087485500.0,47700.0,-47700.0,0.0,0.0,3201460000.0,-3201460000.0,0.0,0.0
26/07/2023,42654.012778178,65300.0,2600.0,0.03981623,41146.3598964752,42654.012778178,40957.9032862623,2448896.0,163831916400.0,0.0,0.0,2448896.0,163831916400.0,115507.0,-115507.0,0.0,0.0,7665080700.0,-7665080700.0,0.0,0.0
25/07/2023,41020.7221563333,64800.0,500.0,0.00771605,40769.4466760494,41271.9976366171,40769.4466760494,739161.0,48204606000.0,0.0,0.0,739161.0,48204606000.0,15500.0,-15500.0,0.0,0.0,1008570000.0,-1008570000.0,0.0,0.0
24/07/2023,40706.6278059785,65400.0,-600.0,-0.00917431,41460.45424683,41460.45424683,40706.6278059785,739280.0,48202963700.0,0.0,0.0,739280.0,48202963700.0,39400.0,-39400.0,0.0,0.0,2573120000.0,-2573120000.0,0.0,0.0
21/07/2023,41083.5410264042,64600.0,800.0,0.0123839,40455.3523256947,41271.9976366171,40392.5334556237,893221.0,58073864500.0,0.0,0.0,893221.0,58073864500.0,24100.0,-20500.0,0.0,-3600.0,1573320000.0,-1341610000.0,0.0,-231710000.0
20/07/2023,40580.9900658366,65000.0,-400.0,-0.00615385,40832.2655461204,41020.7221563333,40329.7145855527,865269.0,55856455800.0,0.0,0.0,865269.0,55856455800.0,145395.0,-145395.0,0.0,0.0,9390259300.0,-9390259300.0,0.0,0.0
19/07/2023,40832.2655461204,65300.0,-300.0,-0.00459418,40957.9032862623,41209.1787665461,40706.6278059785,510570.0,33258120400.0,60000.0,3828000000.0,570570.0,37086120400.0,18789.0,-18780.0,0.0,-9.0,1232399000.0,-1231814000.0,0.0,-585000.0
18/07/2023,41020.7221563333,65300.0,0.0,0.0,40895.0844161914,41209.1787665461,40832.2655461204,665829.0,43406025300.0,0.0,0.0,665829.0,43406025300.0,70200.0,-70200.0,0.0,0.0,4565320000.0,-4565320000.0,0.0,0.0
17/07/2023,41020.7221563333,66000.0,-700.0,-0.0106,41460.45424683,41460.45424683,41020.7221563333,710061.0,46572156800.0,60000.0,3960000000.0,770061.0,50532156800.0,65000.0,-65000.0,0.0,0.0,4265040000.0,-4265040000.0,0.0,0.0
14/07/2023,41460.45424683,66000.0,0.0,0.0,41523.2731169009,41586.0919869719,41020.7221563333,685142.0,44998263600.0,0.0,0.0,685142.0,44998263600.0,4400.0,-4400.0,0.0,0.0,290310000.0,-290310000.0,0.0,0.0
13/07/2023,41460.45424683,65000.0,1000.0,0.01538462,41083.5410264042,41774.5485971847,40957.9032862623,987093.0,64990795800.0,0.0,0.0,987093.0,64990795800.0,-36250.0,36250.0,0.0,0.0,-2391425000.0,2391425000.0,0.0,0.0
12/07/2023,40832.2655461204,65900.0,-900.0,-0.01365706,41711.7297271138,41711.7297271138,40832.2655461204,805957.0,52634125900.0,0.0,0.0,805957.0,52634125900.0,-53700.0,53700.0,0.0,0.0,-3501420000.0,3501420000.0,0.0,0.0
11/07/2023,41397.635376759,65700.0,200.0,0.00304414,41523.2731169009,41523.2731169009,40895.0844161914,677015.0,44462071000.0,0.0,0.0,677015.0,44462071000.0,-33900.0,33900.0,0.0,0.0,-2230830000.0,2230830000.0,0.0,0.0
10/07/2023,41271.9976366171,65200.0,500.0,0.00766871,41397.635376759,41648.9108570428,40957.9032862623,1491748.0,97970866000.0,0.0,0.0,1491748.0,97970866000.0,338600.0,-338600.0,0.0,0.0,22211380000.0,-22211380000.0,0.0,0.0
07/07/2023,40957.9032862623,65100.0,100.0,0.0015361,40832.2655461204,40957.9032862623,40455.3523256947,961181.0,62326886700.0,0.0,0.0,961181.0,62326886700.0,82014.0,-82000.0,0.0,-14.0,5335820600.0,-5334920000.0,0.0,-900600.0
06/07/2023,40895.0844161914,65600.0,-500.0,-0.00762195,41397.635376759,41586.0919869719,40769.4466760494,1185435.0,77617411900.0,0.0,0.0,1185435.0,77617411900.0,12300.0,-12300.0,0.0,0.0,810950000.0,-810950000.0,0.0,0.0
05/07/2023,41209.1787665461,65400.0,200.0,0.0030581,41146.3598964752,42277.0995577524,40832.2655461204,1517858.0,100494514100.0,0.0,0.0,1517858.0,100494514100.0,-4097.0,4100.0,0.0,-3.0,-258261400.0,258460000.0,0.0,-198600.0
04/07/2023,41083.5410264042,65200.0,200.0,0.00306748,40957.9032862623,41083.5410264042,40518.1711957656,812622.0,52741754400.0,200000.0,13940000000.0,1012622.0,66681754400.0,-14450.0,14450.0,0.0,0.0,-941380000.0,941380000.0,0.0,0.0
03/07/2023,40957.9032862623,65200.0,0.0,0.0,41020.7221563333,41397.635376759,40957.9032862623,833386.0,54523587100.0,0.0,0.0,833386.0,54523587100.0,76381.0,-63168.0,0.0,-13213.0,4987302000.0,-4125025000.0,0.0,-862277000.0
30/06/2023,40957.9032862623,63800.0,1400.0,0.02194357,40078.4391052689,41209.1787665461,40078.4391052689,1825006.0,118229350200.0,0.0,0.0,1825006.0,118229350200.0,-17636.0,23789.0,0.0,-6153.0,-1154291500.0,1551750400.0,0.0,-397458900.0
29/06/2023,40078.4391052689,65200.0,-1400.0,-0.02147239,41271.9976366171,41271.9976366171,40078.4391052689,728864.0,46975524800.0,40000.0,2788000000.0,768864.0,49763524800.0,20370.0,-20370.0,0.0,0.0,1311868101.0,-1311868100.0,0.0,0.0
28/06/2023,40957.9032862623,62800.0,2400.0,0.03821656,39575.8881447013,40957.9032862623,39575.8881447013,2405554.0,155349158600.0,0.0,0.0,2405554.0,155349158600.0,-25500.0,25500.0,0.0,0.0,-1680720000.0,1680720000.0,0.0,0.0
27/06/2023,39450.2504045594,62500.0,300.0,0.0048,39450.2504045594,39764.3447549141,39261.7937943465,833178.0,52343682600.0,0.0,0.0,833178.0,52343682600.0,289672.0,-279500.0,0.0,-10172.0,18146780500.0,-17507290000.0,0.0,-639490500.0
26/06/2023,39261.7937943465,62900.0,-400.0,-0.0063593,39450.2504045594,39889.9824950561,39198.9749242756,870505.0,54511198600.0,0.0,0.0,870505.0,54511198600.0,262941.0,-253941.0,0.0,-9000.0,16440046600.0,-15876826600.0,0.0,-563220000.0
23/06/2023,39513.0692746303,63200.0,-300.0,-0.00474684,39701.5258848432,40141.2579753399,39513.0692746303,849453.0,53604593400.0,0.0,0.0,849453.0,53604593400.0,140422.0,-140400.0,0.0,-22.0,8864413600.0,-8863010000.0,0.0,-1403600.0
22/06/2023,39701.5258848432,63300.0,-100.0,-0.00157978,39889.9824950561,39889.9824950561,39387.4315344884,980547.0,61761728200.0,0.0,0.0,980547.0,61761728200.0,259900.0,-234000.0,0.0,-25900.0,16378310000.0,-14745540000.0,0.0,-1632770000.0
21/06/2023,39764.3447549141,63500.0,-200.0,-0.00314961,40078.4391052689,40078.4391052689,39513.0692746303,872742.0,55193363100.0,0.0,0.0,872742.0,55193363100.0,49100.0,-49100.0,0.0,0.0,3123810000.0,-3123810000.0,0.0,0.0
20/06/2023,39889.9824950561,63300.0,200.0,0.00315956,40015.620235198,40015.620235198,39575.8881447013,505150.0,31979716300.0,0.0,0.0,505150.0,31979716300.0,109500.0,-109500.0,0.0,0.0,6917150000.0,-6917150000.0,0.0,0.0
19/06/2023,39764.3447549141,62400.0,900.0,0.01442308,39261.7937943465,40518.1711957656,39261.7937943465,1839486.0,116806870100.0,0.0,0.0,1839486.0,116806870100.0,564500.0,-564000.0,0.0,-500.0,35634610000.0,-35603210000.0,0.0,-31400000.0
16/06/2023,39198.9749242756,61800.0,600.0,0.00970874,38884.8805739209,39513.0692746303,38822.0617038499,1354180.0,84681918000.0,0.0,0.0,1354180.0,84681918000.0,113100.0,-113100.0,0.0,0.0,7131270000.0,-7131270000.0,0.0,0.0
15/06/2023,38822.0617038499,62300.0,-500.0,-0.00802568,39198.9749242756,39198.9749242756,38570.7862235661,917335.0,56718363000.0,0.0,0.0,917335.0,56718363000.0,183800.0,-183800.0,0.0,0.0,11363620000.0,-11363620000.0,0.0,0.0
14/06/2023,39136.1560542046,62800.0,-500.0,-0.00796178,39701.5258848432,39701.5258848432,39073.3371841337,671863.0,42008765600.0,40000.0,2684000000.0,711863.0,44692765600.0,254410.0,-254410.0,0.0,0.0,15892226000.0,-15892226000.0,0.0,0.0
13/06/2023,39450.2504045594,62100.0,700.0,0.01127214,39136.1560542046,40204.0768454108,39073.3371841337,1507286.0,94865097300.0,0.0,0.0,1507286.0,94865097300.0,513550.0,-513550.0,0.0,0.0,32274935000.0,-32274935000.0,0.0,0.0
12/06/2023,39010.5183140628,61900.0,200.0,0.00323102,39010.5183140628,39513.0692746303,38696.423963708,841689.0,52331850200.0,0.0,0.0,841689.0,52331850200.0,294625.0,-294625.0,0.0,0.0,18298798100.0,-18298798100.0,0.0,0.0
09/06/2023,38884.8805739209,62000.0,-100.0,-0.0016129,38947.6994439918,39073.3371841337,38445.1484834242,970672.0,59792175100.0,0.0,0.0,970672.0,59792175100.0,88500.0,-88500.0,0.0,0.0,5411070000.0,-5411070000.0,0.0,0.0
08/06/2023,38947.6994439918,63100.0,-1100.0,-0.01743265,39387.4315344884,39450.2504045594,38947.6994439918,1073851.0,67097209900.0,0.0,0.0,1073851.0,67097209900.0,398197.0,-398200.0,0.0,3.0,24910850700.0,-24911040000.0,0.0,189300.0
07/06/2023,39638.7070147722,63100.0,0.0,0.0,39638.7070147722,40015.620235198,39136.1560542046,1225334.0,76829894100.0,0.0,0.0,1225334.0,76829894100.0,528350.0,-526650.0,0.0,-1700.0,33052750001.0,-32945480000.0,0.0,-107270000.0
06/06/2023,39638.7070147722,62500.0,600.0,0.0096,39073.3371841337,39889.9824950561,39073.3371841337,851927.0,53603759900.0,0.0,0.0,851927.0,53603759900.0,359300.0,-359300.0,0.0,0.0,22584530000.0,-22584530000.0,0.0,0.0
05/06/2023,39261.7937943465,61400.0,1100.0,0.01791531,38884.8805739209,39638.7070147722,38445.1484834242,1333398.0,82610259200.0,0.0,0.0,1333398.0,82610259200.0,426403.0,-426400.0,0.0,-3.0,26301354800.0,-26301170000.0,0.0,-184800.0
02/06/2023,38570.7862235661,61300.0,100.0,0.00163132,38507.9673534951,38822.0617038499,38319.5107432823,716222.0,43846885000.0,0.0,0.0,716222.0,43846885000.0,335000.0,-335000.0,0.0,0.0,20490030000.0,-20490030000.0,0.0,0.0
01/06/2023,38507.9673534951,61500.0,-200.0,-0.00325203,38822.0617038499,38822.0617038499,38319.5107432823,466371.0,28525805600.0,0.0,0.0,466371.0,28525805600.0,280318.0,-280318.0,0.0,0.0,17139111600.0,-17139111600.0,0.0,0.0
31/05/2023,38633.605093637,61200.0,300.0,0.00490196,38445.1484834242,39387.4315344884,38193.8730031404,588544.0,36211144700.0,200000.0,13080000000.0,788544.0,49291144700.0,33300.0,-33400.0,0.0,100.0,2051070000.0,-2057190000.0,0.0,6120000.0
30/05/2023,38445.1484834242,61500.0,-300.0,-0.00487805,38633.605093637,38822.0617038499,38319.5107432823,476768.0,29230436800.0,0.0,0.0,476768.0,29230436800.0,77800.0,-77800.0,0.0,0.0,4779100000.0,-4779100000.0,0.0,0.0
29/05/2023,38633.605093637,61500.0,0.0,0.0,38633.605093637,39073.3371841337,38319.5107432823,495794.0,30506265600.0,0.0,0.0,495794.0,30506265600.0,169482.0,-168200.0,0.0,-1282.0,10438474100.0,-10359020000.0,0.0,-79454100.0
26/05/2023,38633.605093637,61000.0,500.0,0.00819672,38507.9673534951,39198.9749242756,38382.3296133532,583402.0,36027045700.0,160000.0,10432000000.0,743402.0,46459045700.0,240175.0,-240100.0,0.0,-75.0,14814050000.0,-14809530000.0,0.0,-4520000.0
25/05/2023,38319.5107432823,61600.0,-600.0,-0.00974026,38822.0617038499,38822.0617038499,38256.6918732113,513709.0,31471492200.0,0.0,0.0,513709.0,31471492200.0,224500.0,-224000.0,0.0,-500.0,13757890000.0,-13727140000.0,0.0,-30750000.0
24/05/2023,38696.423963708,62600.0,-1000.0,-0.01597444,39450.2504045594,39450.2504045594,38696.423963708,561054.0,34758602000.0,0.0,0.0,561054.0,34758602000.0,141769.0,-141769.0,0.0,0.0,8798695600.0,-8798695600.0,0.0,0.0
23/05/2023,39324.6126644175,60600.0,2000.0,0.0330033,38633.605093637,39450.2504045594,38382.3296133532,1055051.0,65522175300.0,0.0,0.0,1055051.0,65522175300.0,203525.0,-203500.0,0.0,-25.0,12661850000.0,-12660300000.0,0.0,-1550000.0
22/05/2023,38068.2352629984,58700.0,1900.0,0.03236797,37377.2276922178,38068.2352629984,37063.133341863,746528.0,44724509500.0,0.0,0.0,746528.0,44724509500.0,61344.0,-74600.0,0.0,13256.0,3663802500.0,-4452590000.0,0.0,788787500.0
19/05/2023,36874.6767316502,58002.0,698.0,0.01203407,37125.952211934,37125.952211934,36497.7635112245,329984.0,19371385300.0,0.0,0.0,329984.0,19371385300.0,60000.0,-60000.0,0.0,0.0,3524820000.0,-3524820000.0,0.0,0.0
18/05/2023,36436.4020389391,66700.0,0.0,0.0,36600.2839071803,36600.2839071803,36327.1474601118,365083.0,24333369600.0,0.0,0.0,365083.0,24333369600.0,94800.0,-94800.0,0.0,0.0,6322870000.0,-6322870000.0,0.0,0.0
17/05/2023,36436.4020389391,67500.0,-800.0,-0.01185185,36873.4203542488,37146.5568013174,36381.7747495255,324425.0,21747640100.0,0.0,0.0,324425.0,21747640100.0,41456.0,-28500.0,0.0,-12956.0,2787955600.0,-1913660000.0,0.0,-874295600.0
16/05/2023,36873.4203542488,67100.0,400.0,0.00596125,37037.3022224899,37310.4386695584,36764.1657754214,346038.0,23453996400.0,20000.0,1434000000.0,366038.0,24887996400.0,30400.0,-30400.0,0.0,0.0,2055840000.0,-2055840000.0,0.0,0.0
15/05/2023,36654.9111965941,66100.0,1000.0,0.01512859,36163.2655918708,37365.0659589722,36163.2655918708,745359.0,50219899900.0,0.0,0.0,745359.0,50219899900.0,257300.0,-257300.0,0.0,0.0,17318330000.0,-17318330000.0,0.0,0.0
12/05/2023,36108.638302457,66500.0,-400.0,-0.00601504,36327.1474601118,36436.4020389391,36054.0110130433,429753.0,28436604400.0,0.0,0.0,429753.0,28436604400.0,190300.0,-190000.0,0.0,-300.0,12597420001.0,-12577530000.0,0.0,-19890000.0
11/05/2023,36327.1474601118,66400.0,100.0,0.00150602,36600.2839071803,36600.2839071803,36272.5201706981,275783.0,18342399400.0,0.0,0.0,275783.0,18342399400.0,75300.0,-81400.0,0.0,6100.0,5003540001.0,-5412240000.0,0.0,408700000.0
10/05/2023,36272.5201706981,66500.0,-100.0,-0.00150376,36163.2655918708,36491.029328353,36163.2655918708,217788.0,14470835400.0,20000.0,1422000000.0,237788.0,15892835400.0,55800.0,-55800.0,0.0,0.0,3706400000.0,-3706400000.0,0.0,0.0
09/05/2023,36327.1474601118,66800.0,-300.0,-0.00449102,36764.1657754214,36764.1657754214,36272.5201706981,238644.0,15935244500.0,289570.0,18011254000.0,528214.0,33946498500.0,40400.0,-62300.0,0.0,21900.0,2687200000.0,-4161070000.0,0.0,1473870000.0
08/05/2023,36491.029328353,66200.0,600.0,0.00906344,36272.5201706981,36709.5384860077,36272.5201706981,310204.0,20712331100.0,208900.0,14244055400.0,519104.0,34956386500.0,95300.0,-89200.0,0.0,-6100.0,6366620000.0,-5957860000.0,0.0,-408760000.0
05/05/2023,36163.2655918708,66800.0,-600.0,-0.00898204,36491.029328353,36600.2839071803,36108.638302457,230890.0,15326745900.0,30000.0,2142000000.0,260890.0,17468745900.0,8800.0,-8800.0,0.0,0.0,586630000.0,-586630000.0,0.0,0.0
04/05/2023,36491.029328353,66500.0,300.0,0.00451128,36764.1657754214,37091.9295119036,36491.029328353,289692.0,19470090600.0,228850.0,16271235000.0,518542.0,35741325600.0,28000.0,-6100.0,0.0,-21900.0,1871600000.0,-397740000.0,0.0,-1473860000.0
28/04/2023,36327.1474601118,64400.0,2100.0,0.0326087,36054.0110130433,36873.4203542488,35890.1291448021,1084580.0,72317715800.0,0.0,0.0,1084580.0,72317715800.0,605900.0,-610300.0,0.0,4400.0,40356020001.0,-40646420000.0,0.0,290400000.0
27/04/2023,35179.9743824241,64100.0,300.0,0.00468019,35016.092514183,35780.8745659748,35016.092514183,157417.0,10203526600.0,0.0,0.0,157417.0,10203526600.0,22720.0,-23200.0,0.0,480.0,1471694000.0,-1502780000.0,0.0,31086000.0
26/04/2023,35016.092514183,65000.0,-900.0,-0.01384615,35780.8745659748,35999.3837236296,35016.092514183,422637.0,27251438500.0,0.0,0.0,422637.0,27251438500.0,251000.0,-251000.0,0.0,0.0,16173910000.0,-16173910000.0,0.0,0.0
25/04/2023,35507.7381189063,65500.0,-500.0,-0.00763359,35835.5018553885,36873.4203542488,35507.7381189063,296019.0,19425163000.0,0.0,0.0,296019.0,19425163000.0,184800.0,-180400.0,0.0,-4400.0,12098080000.0,-11811110000.0,0.0,-286970000.0
24/04/2023,35780.8745659748,66700.0,-1200.0,-0.017991,36600.2839071803,36600.2839071803,35780.8745659748,244146.0,16164130300.0,50000.0,3565000000.0,294146.0,19729130300.0,127780.0,-127300.0,0.0,-480.0,8452706300.0,-8420690000.0,0.0,-32016300.0
21/04/2023,36436.4020389391,67600.0,-900.0,-0.01331361,36818.7930648351,37091.9295119036,36327.1474601118,217350.0,14586163400.0,0.0,0.0,217350.0,14586163400.0,68800.0,-68800.0,0.0,0.0,4621490000.0,-4621490000.0,0.0,0.0
20/04/2023,36928.0476436625,67600.0,0.0,0.0,36873.4203542488,37091.9295119036,36709.5384860077,76860.0,5187817100.0,0.0,0.0,76860.0,5187817100.0,-2000.0,2000.0,0.0,0.0,-135920000.0,135920000.0,0.0,0.0
19/04/2023,36928.0476436625,68000.0,-400.0,-0.00588235,37474.3205377995,37474.3205377995,36818.7930648351,169228.0,11460108700.0,0.0,0.0,169228.0,11460108700.0,78500.0,-81800.0,0.0,3300.0,5317340001.0,-5543720000.0,0.0,226380000.0
18/04/2023,37146.5568013174,67800.0,200.0,0.00294985,37037.3022224899,37474.3205377995,36928.0476436625,193462.0,13149300700.0,0.0,0.0,193462.0,13149300700.0,85750.0,-85750.0,0.0,0.0,5819025901.0,-5819025900.0,0.0,0.0
17/04/2023,37037.3022224899,68000.0,-200.0,-0.00294118,37146.5568013174,37146.5568013174,36873.4203542488,128110.0,8677301100.0,0.0,0.0,128110.0,8677301100.0,18300.0,-18300.0,0.0,0.0,1240660000.0,-1240660000.0,0.0,0.0
14/04/2023,37146.5568013174,69000.0,-1000.0,-0.01449275,37965.9661425228,37965.9661425228,37146.5568013174,240120.0,16405870500.0,0.0,0.0,240120.0,16405870500.0,58400.0,-55100.0,0.0,-3300.0,3999110000.0,-3772040000.0,0.0,-227070000.0
13/04/2023,37692.8296954544,69800.0,-800.0,-0.01146132,38129.848010764,38239.1025895914,37528.9478272133,202750.0,14023770800.0,0.0,0.0,202750.0,14023770800.0,90400.0,-90400.0,0.0,0.0,6244500000.0,-6244500000.0,0.0,0.0
12/04/2023,38129.848010764,68800.0,1000.0,0.01453488,37965.9661425228,38840.0027731421,37856.7115636955,515866.0,36127932000.0,10580.0,778688000.0,526446.0,36906620000.0,182400.0,-182400.0,0.0,0.0,12779450000.0,-12779450000.0,0.0,0.0
11/04/2023,37583.5751166269,70000.0,-1200.0,-0.01714286,37965.9661425228,38239.1025895914,37583.5751166269,195397.0,13498078400.0,0.0,0.0,195397.0,13498078400.0,95000.0,-95000.0,0.0,0.0,6565150000.0,-6565150000.0,0.0,0.0
10/04/2023,38239.1025895914,69400.0,600.0,0.00864553,37965.9661425228,38239.1025895914,37419.6932483859,279631.0,19322431000.0,0.0,0.0,279631.0,19322431000.0,42300.0,-42300.0,0.0,0.0,2895460000.0,-2895460000.0,0.0,0.0
07/04/2023,37911.3388531092,69300.0,100.0,0.001443,37856.7115636955,38129.848010764,37692.8296954544,184695.0,12806666800.0,1348112.0,99895099200.0,1532807.0,112701766000.0,-57600.0,57600.0,0.0,0.0,-3999620000.0,3999620000.0,0.0,0.0
06/04/2023,37856.7115636955,70100.0,-800.0,-0.01141227,38676.120904901,38676.120904901,37856.7115636955,284189.0,19865978400.0,0.0,0.0,284189.0,19865978400.0,2500.0,-2500.0,0.0,0.0,167760000.0,-167760000.0,0.0,0.0
05/04/2023,38293.729879005,69800.0,300.0,0.00429799,38239.1025895914,38894.6300625558,37146.5568013174,309334.0,21739188200.0,0.0,0.0,309334.0,21739188200.0,-16000.0,16000.0,0.0,0.0,-1148890000.0,1148890000.0,0.0,0.0
04/04/2023,38129.848010764,68100.0,1700.0,0.02496329,37255.8113801447,38239.1025895914,37255.8113801447,422646.0,29317893600.0,0.0,0.0,422646.0,29317893600.0,103100.0,-103100.0,0.0,0.0,7181620000.0,-7181620000.0,0.0,0.0
03/04/2023,37201.1840907311,67600.0,500.0,0.00739645,37037.3022224899,37310.4386695584,37037.3022224899,205887.0,14011628400.0,0.0,0.0,205887.0,14011628400.0,13400.0,-13400.0,0.0,0.0,908950000.0,-908950000.0,0.0,0.0
31/03/2023,36928.0476436625,67300.0,300.0,0.00445765,36873.4203542488,36928.0476436625,36600.2839071803,75952.0,5118180400.0,0.0,0.0,75952.0,5118180400.0,-37300.0,37300.0,0.0,0.0,-2516010000.0,2516010000.0,0.0,0.0
30/03/2023,36764.1657754214,67200.0,100.0,0.0014881,36709.5384860077,37091.9295119036,36600.2839071803,87826.0,5911696300.0,0.0,0.0,87826.0,5911696300.0,10400.0,-10400.0,0.0,0.0,695820000.0,-695820000.0,0.0,0.0
29/03/2023,36709.5384860077,68000.0,-800.0,-0.01176471,37037.3022224899,37037.3022224899,36491.029328353,162258.0,10889776400.0,80900.0,5881430000.0,243158.0,16771206400.0,39700.0,-39700.0,0.0,0.0,2665000000.0,-2665000000.0,0.0,0.0
28/03/2023,37146.5568013174,68000.0,0.0,0.0,37310.4386695584,37474.3205377995,36600.2839071803,202015.0,13740498100.0,1381245.0,100416511500.0,1583260.0,114157009600.0,-17100.0,14200.0,0.0,2900.0,-1173930000.0,975860000.0,0.0,198070000.0
27/03/2023,37146.5568013174,67500.0,500.0,0.00740741,36873.4203542488,37146.5568013174,36600.2839071803,113662.0,7686551500.0,0.0,0.0,113662.0,7686551500.0,21800.0,-21800.0,0.0,0.0,1468180000.0,-1468180000.0,0.0,0.0
24/03/2023,36873.4203542488,67100.0,400.0,0.00596125,36654.9111965941,36873.4203542488,36545.6566177666,150621.0,10105828000.0,0.0,0.0,150621.0,10105828000.0,50600.0,-50600.0,0.0,0.0,3384330000.0,-3384330000.0,0.0,0.0
23/03/2023,36654.9111965941,67000.0,100.0,0.00149254,36163.2655918708,36654.9111965941,36163.2655918708,163943.0,10971370900.0,0.0,0.0,163943.0,10971370900.0,12300.0,-9400.0,0.0,-2900.0,820260000.0,-628280000.0,0.0,-191980000.0
22/03/2023,36600.2839071803,67000.0,0.0,0.0,36654.9111965941,36873.4203542488,36545.6566177666,70666.0,4734870800.0,0.0,0.0,70666.0,4734870800.0,9100.0,-9100.0,0.0,0.0,609000000.0,-609000000.0,0.0,0.0
21/03/2023,36600.2839071803,66700.0,300.0,0.00449775,37091.9295119036,37091.9295119036,35616.9926977337,211009.0,14012131100.0,0.0,0.0,211009.0,14012131100.0,48500.0,-48500.0,0.0,0.0,3199940000.0,-3199940000.0,0.0,0.0
20/03/2023,36436.4020389391,68000.0,-1300.0,-0.01911765,36982.6749330763,37091.9295119036,36436.4020389391,150407.0,10105666800.0,0.0,0.0,150407.0,10105666800.0,31000.0,-31000.0,0.0,0.0,2086790000.0,-2086790000.0,0.0,0.0
17/03/2023,37146.5568013174,68000.0,0.0,0.0,37419.6932483859,37419.6932483859,36928.0476436625,94617.0,6425412900.0,0.0,0.0,94617.0,6425412900.0,14300.0,-14300.0,0.0,0.0,966810000.0,-966810000.0,0.0,0.0
16/03/2023,37146.5568013174,68800.0,-800.0,-0.01162791,37365.0659589722,37474.3205377995,36600.2839071803,284962.0,19362063600.0,0.0,0.0,284962.0,19362063600.0,111100.0,-111100.0,0.0,0.0,7537090000.0,-7537090000.0,0.0,0.0
15/03/2023,37583.5751166269,68100.0,700.0,0.010279,37528.9478272133,37583.5751166269,37091.9295119036,124810.0,8547187300.0,30900.0,2249520000.0,155710.0,10796707300.0,-16898.0,16800.0,0.0,98.0,-1159464400.0,1152330000.0,0.0,7134400.0
14/03/2023,37201.1840907311,68600.0,-500.0,-0.00728863,37474.3205377995,37474.3205377995,36928.0476436625,161580.0,10971258300.0,158700.0,11648580000.0,320280.0,22619838300.0,18900.0,-18900.0,0.0,0.0,1282030000.0,-1282030000.0,0.0,0.0
13/03/2023,37474.3205377995,68200.0,400.0,0.0058651,37037.3022224899,37911.3388531092,37037.3022224899,247064.0,16948486900.0,0.0,0.0,247064.0,16948486900.0,58259.0,-28300.0,0.0,-29959.0,3998432700.0,-1944880000.0,0.0,-2053552700.0
10/03/2023,37255.8113801447,68000.0,200.0,0.00294118,37037.3022224899,37310.4386695584,36982.6749330763,285848.0,19450752900.0,0.0,0.0,285848.0,19450752900.0,44398.0,-13400.0,0.0,-30998.0,3018795301.0,-909360000.0,0.0,-2109435300.0
09/03/2023,37146.5568013174,68000.0,0.0,0.0,37146.5568013174,37365.0659589722,37037.3022224899,257931.0,17548103200.0,0.0,0.0,257931.0,17548103200.0,48341.0,-48300.0,0.0,0.0,3288778900.0,-3286030000.0,0.0,0.0
08/03/2023,37146.5568013174,67400.0,600.0,0.00890208,36381.7747495255,37255.8113801447,36381.7747495255,133700.0,9045249500.0,20000.0,1442000000.0,153700.0,10487249500.0,4941.0,-1900.0,0.0,-3041.0,328668900.0,-122930000.0,0.0,-205738900.0
07/03/2023,36818.7930648351,67000.0,400.0,0.00597015,37146.5568013174,37146.5568013174,36600.2839071803,85429.0,5739242700.0,0.0,0.0,85429.0,5739242700.0,3300.0,-3300.0,0.0,0.0,218470000.0,-218470000.0,0.0,0.0
06/03/2023,36600.2839071803,67100.0,-100.0,-0.00149031,37365.0659589722,37365.0659589722,36600.2839071803,132880.0,8961131500.0,0.0,0.0,132880.0,8961131500.0,-25600.0,25600.0,0.0,0.0,-1726510000.0,1726510000.0,0.0,0.0
03/03/2023,36654.9111965941,68700.0,-1600.0,-0.02328967,37528.9478272133,37692.8296954544,36654.9111965941,159935.0,10812868700.0,0.0,0.0,159935.0,10812868700.0,68123.0,-68123.0,0.0,0.0,4612908801.0,-4612908800.0,0.0,0.0
02/03/2023,37528.9478272133,68000.0,700.0,0.01029412,37146.5568013174,37583.5751166269,37146.5568013174,107893.0,7394924200.0,0.0,0.0,107893.0,7394924200.0,-29100.0,29100.0,0.0,0.0,-1997040000.0,1997040000.0,0.0,0.0
01/03/2023,37146.5568013174,67800.0,200.0,0.00294985,36381.7747495255,37146.5568013174,36272.5201706981,214975.0,14444556500.0,0.0,0.0,214975.0,14444556500.0,52350.0,-52350.0,0.0,0.0,3507970000.0,-3507970000.0,0.0,0.0
28/02/2023,37037.3022224899,67499.0,301.0,0.00445933,37310.4386695584,37419.6932483859,36764.1657754214,109978.0,7455774500.0,0.0,0.0,109978.0,7455774500.0,-4930.0,4930.0,0.0,0.0,-333255000.0,333255000.0,0.0,0.0
27/02/2023,36873.3657269594,70000.0,-1500.0,-0.02142857,37465.4927678303,37465.4927678303,36388.8981480651,357519.0,24366711600.0,0.0,0.0,357519.0,24366711600.0,82279.0,-82279.0,0.0,0.0,5597987600.0,-5597987600.0,0.0,0.0
24/02/2023,37680.8116917834,70000.0,0.0,0.0,37788.4711537599,38003.790077713,37411.663036842,245304.0,17132325300.0,0.0,0.0,245304.0,17132325300.0,-9010.0,9010.0,0.0,0.0,-627710000.0,627710000.0,0.0,0.0
23/02/2023,37680.8116917834,71400.0,-1400.0,-0.01960784,38219.109001666,38326.7684636425,37465.4927678303,474225.0,33302086500.0,0.0,0.0,474225.0,33302086500.0,63800.0,-63800.0,0.0,0.0,4480430000.0,-4480430000.0,0.0,0.0
22/02/2023,38434.4279256191,72900.0,-1500.0,-0.02057613,39026.5549664898,39026.5549664898,38434.4279256191,252097.0,18100159400.0,0.0,0.0,252097.0,18100159400.0,15800.0,-16500.0,0.0,700.0,1138580000.0,-1189330000.0,0.0,50750000.0
21/02/2023,39241.873890443,72900.0,0.0,0.0,39241.873890443,39672.5117383491,39026.5549664898,332037.0,24235855400.0,0.0,0.0,332037.0,24235855400.0,-51496.0,51496.0,0.0,0.0,-3775636000.0,3775636000.0,0.0,0.0
20/02/2023,39241.873890443,71200.0,1700.0,0.0238764,38434.4279256191,39241.873890443,38434.4279256191,313981.0,22684145000.0,0.0,0.0,313981.0,22684145000.0,-63400.0,63400.0,0.0,0.0,-4587430000.0,4587430000.0,0.0,0.0
17/02/2023,38326.7684636425,71000.0,200.0,0.0028169,38111.4495396894,38488.2576566073,38057.6198087011,207795.0,14742296800.0,0.0,0.0,207795.0,14742296800.0,-33200.0,33900.0,0.0,-700.0,-2361510000.0,2411070000.0,0.0,-49560000.0
16/02/2023,38219.109001666,70500.0,500.0,0.0070922,38165.2792706777,38326.7684636425,38003.790077713,162345.0,11507607300.0,0.0,0.0,162345.0,11507607300.0,-31031.0,31031.0,0.0,0.0,-2200571700.0,2200571700.0,0.0,0.0
15/02/2023,37949.9603467246,70300.0,200.0,0.00284495,37949.9603467246,38219.109001666,37734.6414227716,174409.0,12307131200.0,20000.0,1504000000.0,194409.0,13811131200.0,11100.0,-11100.0,0.0,0.0,783660000.0,-783660000.0,0.0,0.0
14/02/2023,37842.3008847481,70500.0,-200.0,-0.00283688,38003.790077713,38272.9387326542,37734.6414227716,124834.0,8797828900.0,0.0,0.0,124834.0,8797828900.0,27800.0,-27800.0,0.0,0.0,1956720000.0,-1956720000.0,0.0,0.0
13/02/2023,37949.9603467246,71500.0,-1000.0,-0.01398601,37680.8116917834,38542.0873875956,37196.3441128889,394981.0,27697754200.0,101400.0,7757100000.0,496381.0,35454854200.0,-20300.0,10300.0,0.0,10000.0,-1429320000.0,729320000.0,0.0,700000000.0
10/02/2023,38488.2576566073,72500.0,-1000.0,-0.0137931,39080.3846974781,39295.7036214311,38488.2576566073,342083.0,24737107700.0,101000.0,7827500000.0,443083.0,32564607700.0,-84958.0,84043.0,0.0,915.0,-6133559200.0,6067056700.0,0.0,66502500.0
09/02/2023,39026.5549664898,73500.0,-1000.0,-0.01360544,39726.3414693373,39726.3414693373,39026.5549664898,164941.0,12015220300.0,39100.0,3073260000.0,204041.0,15088480300.0,11400.0,-11400.0,0.0,0.0,829260000.0,-829260000.0,0.0,0.0
08/02/2023,39564.8522763725,73500.0,0.0,0.0,39834.0009313138,39834.0009313138,38972.7252355016,286898.0,20964510600.0,39700.0,3120420000.0,326598.0,24084930600.0,-33100.0,43100.0,0.0,-10000.0,-2427890000.0,3161060000.0,0.0,-733170000.0
07/02/2023,39564.8522763725,72900.0,600.0,0.00823045,39995.4901242787,40587.6171651495,39188.0441594546,731849.0,54269140000.0,57900.0,4516200000.0,789749.0,58785340000.0,-85085.0,86000.0,0.0,-915.0,-6313200500.0,6380270000.0,0.0,-67069500.0
06/02/2023,39241.873890443,70500.0,2400.0,0.03404255,38219.109001666,39241.873890443,38111.4495396894,312789.0,22459924500.0,0.0,0.0,312789.0,22459924500.0,-128700.0,128700.0,0.0,0.0,-9238230000.0,9238230000.0,0.0,0.0
03/02/2023,37949.9603467246,72400.0,-1900.0,-0.02624309,39026.5549664898,39241.873890443,37949.9603467246,1212182.0,85925708400.0,68100.0,5270940000.0,1280282.0,91196648400.0,570200.0,-570200.0,0.0,0.0,40285590000.0,-40285590000.0,0.0,0.0
02/02/2023,38972.7252355016,73100.0,-700.0,-0.00957592,39349.5333524194,39564.8522763725,38488.2576566073,320750.0,23265821000.0,0.0,0.0,320750.0,23265821000.0,-67900.0,67900.0,0.0,0.0,-4931320000.0,4931320000.0,0.0,0.0
01/02/2023,39349.5333524194,74600.0,-1500.0,-0.02010724,40372.2982411965,40641.4468961377,39188.0441594546,439190.0,32603673600.0,0.0,0.0,439190.0,32603673600.0,-30800.0,30800.0,0.0,0.0,-2244670000.0,2244670000.0,0.0,0.0
31/01/2023,40156.9793172434,73500.0,1100.0,0.01496599,40156.9793172434,40587.6171651495,39618.6820073608,478740.0,35724336000.0,0.0,0.0,478740.0,35724336000.0,72005.0,-72100.0,0.0,95.0,5378293000.0,-5385760000.0,0.0,7467000.0
30/01/2023,39564.8522763725,72500.0,1000.0,0.0137931,39026.5549664898,40587.6171651495,39026.5549664898,1107748.0,82144703100.0,0.0,0.0,1107748.0,82144703100.0,288700.0,-288700.0,0.0,0.0,21471780001.0,-21471780000.0,0.0,0.0
27/01/2023,39026.5549664898,69900.0,2600.0,0.03719599,38488.2576566073,39726.3414693373,38219.109001666,640587.0,46363602100.0,20000.0,1494000000.0,660587.0,47857602100.0,-203400.0,193400.0,0.0,10000.0,-14726550000.0,14011550000.0,0.0,715000000.0
19/01/2023,37626.9819607951,69100.0,800.0,0.01157742,37519.3224988186,37949.9603467246,37304.0035748655,283734.0,19792601300.0,20000.0,1478000000.0,303734.0,21270601300.0,59995.0,-59900.0,0.0,-95.0,4190764100.0,-4184150000.0,0.0,-6614100.0
18/01/2023,37196.3441128889,69000.0,100.0,0.00144928,37626.9819607951,37842.3008847481,36658.0468030064,575585.0,39681900500.0,20000.0,1476000000.0,595585.0,41157900500.0,325300.0,-325300.0,0.0,0.0,22388760000.0,-22388760000.0,0.0,0.0
17/01/2023,37142.5143819008,70900.0,-1900.0,-0.02679831,38165.2792706777,38272.9387326542,37142.5143819008,704291.0,49325954500.0,40000.0,3032000000.0,744291.0,52357954500.0,475100.0,-465100.0,0.0,-10000.0,33250320000.0,-32548320000.0,0.0,-702000000.0
16/01/2023,38165.2792706777,71800.0,-900.0,-0.01253482,38811.2360425368,38865.0657735251,38165.2792706777,223796.0,15945128600.0,0.0,0.0,223796.0,15945128600.0,-59200.0,59200.0,0.0,0.0,-4219580000.0,4219580000.0,0.0,0.0
13/01/2023,38649.7468495721,72500.0,-700.0,-0.00965517,39026.5549664898,39134.2144284665,38595.9171185838,228233.0,16450825400.0,0.0,0.0,228233.0,16450825400.0,101300.0,-101300.0,0.0,0.0,7299700000.0,-7299700000.0,0.0,0.0
12/01/2023,39026.5549664898,72500.0,0.0,0.0,39295.7036214311,39295.7036214311,38595.9171185838,127275.0,9178660200.0,0.0,0.0,127275.0,9178660200.0,68500.0,-68500.0,0.0,0.0,4932720000.0,-4932720000.0,0.0,0.0
11/01/2023,39026.5549664898,72000.0,500.0,0.00694444,38757.4063115487,39403.3630834077,38649.7468495721,221402.0,16010848000.0,0.0,0.0,221402.0,16010848000.0,30500.0,-30500.0,0.0,0.0,2172630000.0,-2172630000.0,0.0,0.0
10/01/2023,38757.4063115487,73400.0,-1400.0,-0.01907357,39564.8522763725,39672.5117383491,38757.4063115487,422245.0,30526036500.0,83265.0,6508802500.0,505510.0,37034839000.0,207600.0,-207600.0,0.0,0.0,14939160000.0,-14939160000.0,0.0,0.0
09/01/2023,39511.0225453843,74300.0,-900.0,-0.01211306,40049.3198552669,40264.6387792198,39026.5549664898,231128.0,16979914400.0,0.0,0.0,231128.0,16979914400.0,43300.0,-43300.0,0.0,0.0,3165460000.0,-3165460000.0,0.0,0.0
06/01/2023,39995.4901242787,74500.0,-200.0,-0.00268456,39726.3414693373,40103.1495862552,39295.7036214311,153430.0,11363636400.0,0.0,0.0,153430.0,11363636400.0,-55779.0,55779.0,0.0,0.0,-4142194900.0,4142194900.0,0.0,0.0
05/01/2023,40103.1495862552,73100.0,1400.0,0.01915185,39134.2144284665,40103.1495862552,39134.2144284665,393921.0,29205366900.0,0.0,0.0,393921.0,29205366900.0,16600.0,-16600.0,0.0,0.0,1208450000.0,-1208450000.0,0.0,0.0
04/01/2023,39349.5333524194,72500.0,600.0,0.00827586,39564.8522763725,39564.8522763725,38865.0657735251,213149.0,15500328100.0,0.0,0.0,213149.0,15500328100.0,48900.0,-48900.0,0.0,0.0,3542200000.0,-3542200000.0,0.0,0.0
03/01/2023,39026.5549664898,71500.0,1000.0,0.01398601,38380.5981946308,39726.3414693373,38380.5981946308,276158.0,20008123000.0,0.0,0.0,276158.0,20008123000.0,23700.0,-25700.0,0.0,2000.0,1674160000.0,-1816760000.0,0.0,142600000.0
30/12/2022,38488.2576566073,71800.0,-300.0,-0.00417827,38326.7684636425,39080.3846974781,38326.7684636425,316875.0,22831807200.0,0.0,0.0,316875.0,22831807200.0,19135.0,-19200.0,0.0,65.0,1396698000.0,-1401690000.0,0.0,4992000.0
29/12/2022,38649.7468495721,71800.0,0.0,0.0,38595.9171185838,38757.4063115487,38219.109001666,494411.0,35376259000.0,450000.0,32265000000.0,944411.0,67641259000.0,282100.0,-282100.0,0.0,0.0,20157220000.0,-20157220000.0,0.0,0.0
28/12/2022,38649.7468495721,72000.0,-200.0,-0.00277778,38757.4063115487,38811.2360425368,38219.109001666,875365.0,62661753000.0,0.0,0.0,875365.0,62661753000.0,686392.0,-692500.0,0.0,6108.0,49132454000.0,-49573650000.0,0.0,441196000.0
27/12/2022,38757.4063115487,70300.0,1700.0,0.02418208,37734.6414227716,38757.4063115487,37250.1738438773,157439.0,11126438300.0,450000.0,32400000000.0,607439.0,43526438300.0,-35170.0,35235.0,0.0,-65.0,-2513999400.0,2518599700.0,0.0,-4600300.0
26/12/2022,37842.3008847481,73900.0,-3600.0,-0.04871448,39780.1712003256,39780.1712003256,37573.1522298068,544506.0,38326525000.0,0.0,0.0,544506.0,38326525000.0,-79100.0,79100.0,0.0,0.0,-5572110000.0,5572110000.0,0.0,0.0
23/12/2022,39780.1712003256,73500.0,400.0,0.00544218,39511.0225453843,40910.5955510791,38757.4063115487,333293.0,24617798000.0,0.0,0.0,333293.0,24617798000.0,113708.0,-105600.0,0.0,-8108.0,8417872800.0,-7822780000.0,0.0,-595092800.0
22/12/2022,39564.8522763725,73500.0,0.0,0.0,39511.0225453843,39726.3414693373,38757.4063115487,164255.0,11944032100.0,0.0,0.0,164255.0,11944032100.0,33600.0,-33600.0,0.0,0.0,2427090000.0,-2427090000.0,0.0,0.0
21/12/2022,39564.8522763725,75400.0,-1900.0,-0.02519894,40426.1279721848,40426.1279721848,38757.4063115487,248513.0,18241221900.0,0.0,0.0,248513.0,18241221900.0,34801.0,-34801.0,0.0,0.0,2547285000.0,-2547285000.0,0.0,0.0
20/12/2022,40587.6171651495,77100.0,-1700.0,-0.02204929,41018.2550130556,41395.0631299734,39295.7036214311,351787.0,26369170700.0,0.0,0.0,351787.0,26369170700.0,-81100.0,81100.0,0.0,0.0,-6096630000.0,6096630000.0,0.0,0.0
19/12/2022,41502.7225919499,79000.0,-1900.0,-0.02405063,42363.9982877622,42363.9982877622,41502.7225919499,241037.0,18716840100.0,0.0,0.0,241037.0,18716840100.0,-95100.0,95100.0,0.0,0.0,-7379710000.0,7379710000.0,0.0,0.0
16/12/2022,42525.4874807269,77200.0,1800.0,0.02331606,40910.5955510791,42525.4874807269,40910.5955510791,601942.0,46640180500.0,0.0,0.0,601942.0,46640180500.0,-336300.0,336300.0,0.0,0.0,-26103660000.0,26103660000.0,0.0,0.0
15/12/2022,41556.5523229382,77800.0,-600.0,-0.00771208,41933.360439856,41933.360439856,41125.9144750322,417792.0,32155867600.0,0.0,0.0,417792.0,32155867600.0,-78600.0,78600.0,0.0,0.0,-6074720000.0,6074720000.0,0.0,0.0
14/12/2022,41879.5307088678,79000.0,-1200.0,-0.01518987,42794.6361356682,42794.6361356682,41664.2117849148,454089.0,35307940100.0,0.0,0.0,454089.0,35307940100.0,-62000.0,62000.0,0.0,0.0,-4819690000.0,4819690000.0,0.0,0.0
13/12/2022,42525.4874807269,80000.0,-1000.0,-0.0125,43063.7847906095,43063.7847906095,41448.8928609617,394240.0,30860565400.0,0.0,0.0,394240.0,30860565400.0,-125795.0,125795.0,0.0,0.0,-9913349500.0,9913349500.0,0.0,0.0
12/12/2022,43063.7847906095,80000.0,0.0,0.0,43117.6145215979,43225.2739835744,42256.3388257856,290139.0,23102953300.0,0.0,0.0,290139.0,23102953300.0,-39129.0,39129.0,0.0,0.0,-3121550000.0,3121550000.0,0.0,0.0
09/12/2022,43063.7847906095,77400.0,2600.0,0.03359173,41664.2117849148,43602.0821004922,40910.5955510791,990327.0,78807035100.0,0.0,0.0,990327.0,78807035100.0,-134900.0,134900.0,0.0,0.0,-10902030000.0,10902030000.0,0.0,0.0
08/12/2022,41664.2117849148,77400.0,0.0,0.0,42041.0199018325,42256.3388257856,41341.2333989852,319199.0,24785382200.0,0.0,0.0,319199.0,24785382200.0,-59400.0,59400.0,0.0,0.0,-4614650000.0,4614650000.0,0.0,0.0
07/12/2022,41664.2117849148,78000.0,-600.0,-0.00769231,41987.1901708444,42256.3388257856,40910.5955510791,444513.0,34243741100.0,0.0,0.0,444513.0,34243741100.0,-200700.0,200700.0,0.0,0.0,-15455700000.0,15455700000.0,0.0,0.0
06/12/2022,41987.1901708444,79400.0,-1400.0,-0.01763224,42686.9766736917,43225.2739835744,40641.4468961377,351424.0,27653842900.0,0.0,0.0,351424.0,27653842900.0,-132000.0,132000.0,0.0,0.0,-10398430001.0,10398430000.0,0.0,0.0
05/12/2022,42740.8064046799,78000.0,1400.0,0.01794872,42041.0199018325,43063.7847906095,41987.1901708444,362405.0,28598980900.0,0.0,0.0,362405.0,28598980900.0,-93977.0,93977.0,0.0,0.0,-7431436000.0,7431436000.0,0.0,0.0
02/12/2022,41987.1901708444,74500.0,3500.0,0.04697987,40049.3198552669,41987.1901708444,39188.0441594546,533381.0,40345353300.0,0.0,0.0,533381.0,40345353300.0,-402852.0,402852.0,0.0,0.0,-30595552899.0,30595552900.0,0.0,0.0
01/12/2022,40103.1495862552,74000.0,500.0,0.00675676,40103.1495862552,40372.2982411965,38865.0657735251,402099.0,29750617400.0,0.0,0.0,402099.0,29750617400.0,-148401.0,148400.0,0.0,0.0,-10991990000.0,10991990000.0,0.0,0.0
30/11/2022,39834.0009313138,72900.0,1100.0,0.01508916,39080.3846974781,39834.0009313138,38972.7252355016,366292.0,26839046400.0,0.0,0.0,366292.0,26839046400.0,-225500.0,225500.0,0.0,0.0,-16544000001.0,16544000000.0,0.0,0.0
29/11/2022,39241.873890443,72500.0,400.0,0.00551724,39834.0009313138,39834.0009313138,38219.109001666,364853.0,26593722500.0,0.0,0.0,364853.0,26593722500.0,-188700.0,188700.0,0.0,0.0,-13763110000.0,13763110000.0,0.0,0.0
28/11/2022,39026.5549664898,70400.0,2100.0,0.02982955,38219.109001666,39295.7036214311,37680.8116917834,382297.0,27302929300.0,0.0,0.0,382297.0,27302929300.0,-81635.0,81635.0,0.0,0.0,-5892629500.0,5892629500.0,0.0,0.0
25/11/2022,37896.1306157364,69800.0,600.0,0.00859599,37680.8116917834,38003.790077713,37411.663036842,308015.0,21613832600.0,0.0,0.0,308015.0,21613832600.0,-218401.0,218400.0,59800.0,0.0,-15325990000.0,15325990000.0,4195800000.0,0.0
24/11/2022,37573.1522298068,70200.0,-400.0,-0.00569801,37788.4711537599,37788.4711537599,36927.1954579477,205022.0,14248875300.0,0.0,0.0,205022.0,14248875300.0,-134400.0,134400.0,36500.0,0.0,-9364400000.0,9364400000.0,2547900000.0,0.0
23/11/2022,37788.4711537599,70000.0,200.0,0.00285714,37680.8116917834,37949.9603467246,36873.3657269594,166803.0,11621297800.0,0.0,0.0,166803.0,11621297800.0,-84001.0,83900.0,78000.0,100.0,-5897880000.0,5890880000.0,5473170000.0,7000000.0
22/11/2022,37680.8116917834,69500.0,500.0,0.00719424,37250.1738438773,37949.9603467246,36981.025188936,560543.0,39138878600.0,0.0,0.0,560543.0,39138878600.0,-392885.0,392685.0,41600.0,200.0,-27440307500.0,27426467500.0,2903840000.0,13840000.0
21/11/2022,37411.663036842,69000.0,500.0,0.00724638,37088.6846509125,37788.4711537599,37034.8549199242,367424.0,25542584300.0,0.0,0.0,367424.0,25542584300.0,-206796.0,206596.0,77996.0,200.0,-14395544400.0,14381764400.0,5424784000.0,13780000.0
18/11/2022,37142.5143819008,68600.0,400.0,0.0058309,36604.2170720181,37196.3441128889,35527.6224522529,429147.0,29340483400.0,0.0,0.0,429147.0,29340483400.0,-217000.0,217100.0,128000.0,-100.0,-14859950000.0,14866750000.0,8761160000.0,-6800000.0
17/11/2022,36927.1954579477,67400.0,1200.0,0.01780415,36550.3873410299,37142.5143819008,36227.4089551003,541043.0,36827063600.0,0.0,0.0,541043.0,36827063600.0,-39100.0,39300.0,98800.0,-200.0,-2715890000.0,2729390000.0,6739990000.0,-13500000.0
16/11/2022,36281.2386860885,63800.0,3600.0,0.05642633,31974.8602070276,36658.0468030064,31974.8602070276,803771.0,49749211800.0,0.0,0.0,803771.0,49749211800.0,-382200.0,382400.0,72800.0,-200.0,-24041670000.0,24054270000.0,4355610000.0,-12600000.0
15/11/2022,34343.3683705111,68600.0,-4800.0,-0.06997085,36065.9197621355,37088.6846509125,34343.3683705111,470666.0,30505670100.0,0.0,0.0,470666.0,30505670100.0,-4794.0,4794.0,54600.0,0.0,-518824000.0,518824000.0,3597620000.0,0.0
14/11/2022,36927.1954579477,69200.0,-600.0,-0.00867052,35635.2819142294,37250.1738438773,35473.7927212646,348954.0,23634881900.0,0.0,0.0,348954.0,23634881900.0,-248500.0,248500.0,46700.0,0.0,-16939820001.0,16939820000.0,3148760000.0,0.0
11/11/2022,37250.1738438773,68000.0,1200.0,0.01764706,37088.6846509125,37304.0035748655,35796.7711071942,502043.0,34441109200.0,0.0,0.0,502043.0,34441109200.0,-319000.0,319000.0,18200.0,0.0,-21970730000.0,21970730000.0,1267050000.0,0.0
10/11/2022,36604.2170720181,69000.0,-1000.0,-0.01449275,36388.8981480651,37034.8549199242,34558.6872944642,960173.0,63421375500.0,0.0,0.0,960173.0,63421375500.0,-598901.0,598900.0,75400.0,0.0,-39596250000.0,39596250000.0,5120640000.0,0.0
09/11/2022,37142.5143819008,69800.0,-800.0,-0.01146132,37896.1306157364,37896.1306157364,37142.5143819008,231230.0,16110112100.0,0.0,0.0,231230.0,16110112100.0,-87300.0,87300.0,-2500.0,0.0,-6078980000.0,6078980000.0,-169230000.0,0.0
08/11/2022,37573.1522298068,68500.0,1300.0,0.0189781,36173.579224112,37573.1522298068,35796.7711071942,365246.0,25021653300.0,0.0,0.0,365246.0,25021653300.0,-183700.0,183700.0,2300.0,0.0,-12660550000.0,12660550000.0,167500000.0,0.0
07/11/2022,36873.3657269594,70100.0,-1600.0,-0.02282454,37680.8116917834,37734.6414227716,35312.3035282999,1066040.0,72935293500.0,0.0,0.0,1066040.0,72935293500.0,-595700.0,595700.0,7500.0,0.0,-40762270000.0,40762270000.0,520530000.0,0.0
04/11/2022,37734.6414227716,75300.0,-5200.0,-0.0690571,40587.6171651495,40587.6171651495,37734.6414227716,2478068.0,175444246100.0,0.0,0.0,2478068.0,175444246100.0,858600.0,-858600.0,20400.0,0.0,61005920000.0,-61005920000.0,1469500000.0,0.0
03/11/2022,40533.7874341612,75100.0,200.0,0.00266312,40372.2982411965,41448.8928609617,39834.0009313138,627373.0,47257065200.0,0.0,0.0,627373.0,47257065200.0,32500.0,-32500.0,0.0,0.0,2285160000.0,-2285160000.0,0.0,0.0
02/11/2022,40426.1279721848,77000.0,-1900.0,-0.02467532,41556.5523229382,42525.4874807269,40372.2982411965,781613.0,59338365800.0,0.0,0.0,781613.0,59338365800.0,-73900.0,67900.0,2900.0,6000.0,-5581130001.0,5117930000.0,220300000.0,463200000.0
01/11/2022,41448.8928609617,79000.0,-2000.0,-0.02531646,42794.6361356682,43009.9550596213,41448.8928609617,464005.0,36301437600.0,0.0,0.0,464005.0,36301437600.0,105100.0,-105100.0,2900.0,0.0,8250460000.0,-8250460000.0,228520000.0,0.0
31/10/2022,42525.4874807269,79800.0,-800.0,-0.01002506,43063.7847906095,43655.9118314805,42525.4874807269,332841.0,26583394100.0,200000.0,17060000000.0,532841.0,43643394100.0,49800.0,-49800.0,8700.0,0.0,3980200000.0,-3980200000.0,688060000.0,0.0
28/10/2022,42956.1253286331,81000.0,-1200.0,-0.01481481,43602.0821004922,44140.3794103748,42956.1253286331,411956.0,33189968500.0,0.0,0.0,411956.0,33189968500.0,-2865.0,8865.0,4465.0,-6000.0,-241611300.0,729141300.0,362101000.0,-487530000.0
27/10/2022,43602.0821004922,79400.0,1600.0,0.02015113,42794.6361356682,43817.4010244452,42202.5090947973,521195.0,41679824000.0,0.0,0.0,521195.0,41679824000.0,33005.0,-33005.0,8695.0,0.0,2510430000.0,-2510430000.0,690370000.0,0.0
26/10/2022,42740.8064046799,78500.0,900.0,0.01146497,41771.8712468912,42740.8064046799,41448.8928609617,318333.0,24905096300.0,62300.0,5086172000.0,380633.0,29991268300.0,-70050.0,70050.0,31900.0,0.0,-5508051000.0,5508051000.0,2493670000.0,0.0
25/10/2022,42256.3388257856,76800.0,1700.0,0.02213542,41771.8712468912,43063.7847906095,40103.1495862552,394028.0,30342610700.0,0.0,0.0,394028.0,30342610700.0,-70900.0,70900.0,-14500.0,0.0,-5633540000.0,5633540000.0,-971880000.0,0.0
24/10/2022,41341.2333989852,79000.0,-2200.0,-0.0278481,42579.3172117152,42579.3172117152,40964.4252820673,492616.0,38143052900.0,0.0,0.0,492616.0,38143052900.0,-143500.0,143500.0,-11600.0,0.0,-11084830000.0,11084830000.0,-897070000.0,0.0
21/10/2022,42525.4874807269,81200.0,-2200.0,-0.0270936,43602.0821004922,43925.0604864217,41018.2550130556,717157.0,56163520600.0,0.0,0.0,717157.0,56163520600.0,-74700.0,74600.0,-29000.0,100.0,-5824530000.0,5816430000.0,-2174560000.0,8100000.0
20/10/2022,43709.7415624686,80000.0,1200.0,0.015,43009.9550596213,44140.3794103748,42471.6577497386,791128.0,64239023000.0,25.0,1860000.0,791153.0,64240883000.0,-414598.0,414598.0,23200.0,0.0,-33638538000.0,33638538000.0,1891300000.0,0.0
19/10/2022,43063.7847906095,80100.0,-100.0,-0.00124844,43171.444252586,43279.1037145625,42525.4874807269,223406.0,17804460300.0,0.0,0.0,223406.0,17804460300.0,-49700.0,49700.0,43500.0,0.0,-3970340000.0,3970340000.0,3477940000.0,0.0
18/10/2022,43117.6145215979,79800.0,300.0,0.0037594,43548.2523695039,43548.2523695039,42848.4658666565,299655.0,24036777400.0,0.0,0.0,299655.0,24036777400.0,-135900.0,132300.0,29000.0,3600.0,-10900700001.0,10609380000.0,2329680000.0,291320000.0
17/10/2022,42956.1253286331,77300.0,2500.0,0.03234153,41610.3820539265,43171.444252586,41179.7442060203,501263.0,39238447000.0,0.0,0.0,501263.0,39238447000.0,-97000.0,96000.0,-7100.0,1000.0,-7511210000.0,7433910000.0,-536260000.0,77300000.0
14/10/2022,41610.3820539265,75900.0,1400.0,0.01844532,40964.4252820673,41718.041515903,40964.4252820673,304274.0,23417338700.0,0.0,0.0,304274.0,23417338700.0,-83161.0,83100.0,37700.0,61.0,-6405383200.0,6400430000.0,2899530000.0,4953200.0
13/10/2022,40856.7658200908,76600.0,-700.0,-0.00913838,41448.8928609617,41556.5523229382,40641.4468961377,372091.0,28527990000.0,50000.0,3800000000.0,422091.0,32327990000.0,-255600.0,259300.0,-1200.0,-3700.0,-19630880000.0,19912820000.0,-88310000.0,-281940000.0
12/10/2022,41233.5739370086,75000.0,1600.0,0.02133333,40372.2982411965,41448.8928609617,39834.0009313138,407279.0,31068452200.0,0.0,0.0,407279.0,31068452200.0,-31100.0,22100.0,-58800.0,9000.0,-2360510000.0,1687260000.0,-4486370000.0,673250000.0
11/10/2022,40372.2982411965,76100.0,-1100.0,-0.01445466,40910.5955510791,41341.2333989852,39511.0225453843,321945.0,24100740800.0,50000.0,3705000000.0,371945.0,27805740800.0,-139039.0,122800.0,31900.0,16239.0,-10433599401.0,9199380000.0,2389940000.0,1234219400.0
10/10/2022,40964.4252820673,73500.0,2600.0,0.03537415,38757.4063115487,41825.7009778795,38757.4063115487,415284.0,31202618000.0,44726.0,3413622498.0,460010.0,34616240498.0,-224615.0,224615.0,23200.0,0.0,-16894211300.0,16894211300.0,1758690000.0,0.0
07/10/2022,39564.8522763725,74100.0,-600.0,-0.00809717,38918.8955045134,39887.8306623021,38488.2576566073,681624.0,49573052500.0,0.0,0.0,681624.0,49573052500.0,-338310.0,348310.0,58000.0,-10000.0,-24651981300.0,25384991300.0,4218870000.0,-733010000.0
06/10/2022,39887.8306623021,77500.0,-3400.0,-0.04387097,41664.2117849148,41718.041515903,39887.8306623021,322733.0,24499108600.0,1215076.0,88139007200.0,1537809.0,112638115800.0,-79800.0,96100.0,34800.0,-16300.0,-6130190000.0,7351260000.0,2652440000.0,-1221070000.0
05/10/2022,41718.041515903,73500.0,4000.0,0.05442177,40372.2982411965,41718.041515903,40103.1495862552,562627.0,42892202700.0,0.0,0.0,562627.0,42892202700.0,-280000.0,279000.0,63800.0,1000.0,-21360240000.0,21285240000.0,4879850000.0,75000000.0
04/10/2022,39564.8522763725,73200.0,300.0,0.00409836,40318.4685102082,40479.957703173,38811.2360425368,467152.0,34488252600.0,50000.0,3700000000.0,517152.0,38188252600.0,-131500.0,131500.0,37700.0,0.0,-9747760000.0,9747760000.0,2789040000.0,0.0
03/10/2022,39403.3630834077,77000.0,-3800.0,-0.04935065,41395.0631299734,41395.0631299734,39403.3630834077,370996.0,27701335700.0,30000.0,2369940000.0,400996.0,30071275700.0,-56483.0,56483.0,28283.0,0.0,-4249698000.0,4249698000.0,2126278000.0,0.0
30/09/2022,41448.8928609617,75000.0,2000.0,0.02666667,39726.3414693373,41448.8928609617,39672.5117383491,572525.0,42848852000.0,0.0,0.0,572525.0,42848852000.0,-290300.0,268300.0,53400.0,22000.0,-21618290000.0,19994790000.0,3995410000.0,1623500000.0
29/09/2022,40372.2982411965,75100.0,-100.0,-0.00133156,41987.1901708444,41987.1901708444,40372.2982411965,581588.0,44382143500.0,1000000.0,70000000000.0,1581588.0,114382143500.0,-124000.0,48800.0,-2600.0,75200.0,-9584593100.0,3720410000.0,-203350000.0,5864183100.0
28/09/2022,40426.1279721848,78900.0,-3800.0,-0.04816223,42471.6577497386,42525.4874807269,39834.0009313138,605913.0,46564842400.0,0.0,0.0,605913.0,46564842400.0,-63511.0,63511.0,1211.0,0.0,-4910054200.0,4910054200.0,92644000.0,0.0
27/09/2022,42471.6577497386,78500.0,400.0,0.00509554,42256.3388257856,42956.1253286331,42041.0199018325,555623.0,43713713700.0,980000.0,71904000000.0,1535623.0,115617713700.0,186326.0,-163326.0,5796.0,-23000.0,14654629400.0,-12848859400.0,453828000.0,-1805770000.0
26/09/2022,42256.3388257856,83600.0,-5100.0,-0.06100478,44086.5496793865,44355.6983343279,41879.5307088678,1240380.0,98501946600.0,0.0,0.0,1240380.0,98501946600.0,162311.0,-87111.0,-13711.0,-75200.0,12731061300.0,-6836901300.0,-1084951000.0,-5894160000.0
23/09/2022,45001.655106187,84400.0,-800.0,-0.00947867,45647.611878046,45647.611878046,44786.3361822339,299481.0,25133676100.0,700000.0,55020000000.0,999481.0,80153676100.0,12956.0,-16969.0,0.0,4000.0,1082334800.0,-1422708700.0,0.0,339200000.0
22/09/2022,45432.2929540931,83800.0,600.0,0.0071599,45001.655106187,45486.1226850813,44571.0172582809,453976.0,37874773700.0,0.0,0.0,453976.0,37874773700.0,-83300.0,83300.0,0.0,0.0,-6903590000.0,6903590000.0,0.0,0.0
21/09/2022,45109.3145681636,83900.0,-100.0,-0.0011919,44947.8253751987,45163.1442991517,44732.5064512457,379231.0,31688254600.0,106300.0,9096941400.0,485531.0,40785196000.0,-154200.0,151200.0,0.0,3000.0,-12864580000.0,12614080000.0,0.0,250500000.0
20/09/2022,45163.1442991517,82300.0,1600.0,0.01944107,44893.9956442105,45163.1442991517,44301.8686033395,666447.0,55196961600.0,0.0,0.0,666447.0,55196961600.0,-143270.0,147197.0,0.0,-4000.0,-11828077600.0,12153179000.0,0.0,-331200000.0
19/09/2022,44301.8686033395,84100.0,-1800.0,-0.02140309,44732.5064512457,45486.1226850813,44032.7199483983,980353.0,81712319200.0,0.0,0.0,980353.0,81712319200.0,-266343.0,216228.0,0.0,50100.0,-22276646200.0,18112073200.0,0.0,4163310000.0
16/09/2022,45270.8037611283,86000.0,-1900.0,-0.02209302,46401.2281118817,46401.2281118817,45270.8037611283,862772.0,73036532900.0,591000.0,51417000000.0,1453772.0,124453532900.0,-135807.0,132807.0,0.0,3000.0,-11477848700.0,11215288700.0,0.0,262560000.0
15/09/2022,46293.5686499052,85600.0,400.0,0.0046729,46293.5686499052,46616.5470358347,46078.2497259522,699624.0,60177479000.0,457200.0,39765520000.0,1156824.0,99942999000.0,-251254.0,231488.0,0.0,19800.0,-21594219400.0,19894249300.0,0.0,1702800000.0
14/09/2022,46078.2497259522,86000.0,-400.0,-0.00465116,45324.6334921166,46239.738918917,45324.6334921166,751485.0,63878985400.0,50000.0,4275000000.0,801485.0,68153985400.0,-32039.0,82154.0,0.0,-50100.0,-2721136400.0,6983618400.0,0.0,-4261210000.0
13/09/2022,46293.5686499052,85100.0,900.0,0.01057579,46078.2497259522,46293.5686499052,45378.4632231047,697312.0,59349948100.0,200000.0,17200000000.0,897312.0,76549948100.0,54942.0,-66042.0,0.0,11100.0,4651412900.0,-5604652900.0,0.0,953240000.0
12/09/2022,45809.1010710109,84900.0,200.0,0.00235571,46024.4199949639,46562.7173048467,45647.611878046,732685.0,62623225300.0,0.0,0.0,732685.0,62623225300.0,-205017.0,224864.0,0.0,-19700.0,-17530227000.0,19225598100.0,0.0,-1683010000.0
09/09/2022,45701.4416090344,81300.0,3600.0,0.04428044,44140.3794103748,45809.1010710109,43871.2307554335,849300.0,71264130000.0,0.0,0.0,849300.0,71264130000.0,13900.0,-17000.0,0.0,3100.0,1158980000.0,-1413180000.0,0.0,254200000.0
08/09/2022,43763.571293457,83000.0,-1700.0,-0.02048193,44786.3361822339,45109.3145681636,43763.571293457,1147900.0,94335610000.0,0.0,0.0,1147900.0,94335610000.0,-198400.0,214900.0,0.0,-16500.0,-16307220000.0,17660330000.0,0.0,-1353110000.0
07/09/2022,44678.6767202574,86300.0,-3300.0,-0.0382387,46455.05784287,46455.05784287,44678.6767202574,1257700.0,106538360000.0,0.0,0.0,1257700.0,106538360000.0,-182700.0,182700.0,0.0,0.0,-15529470000.0,15529470000.0,0.0,0.0
06/09/2022,46455.05784287,86500.0,-200.0,-0.00231214,46562.7173048467,47531.6524626353,46455.05784287,1161200.0,101649410000.0,0.0,0.0,1161200.0,101649410000.0,-175600.0,178700.0,0.0,-3100.0,-15377440000.0,15649310000.0,0.0,-271870000.0
05/09/2022,46562.7173048467,86100.0,400.0,0.00464576,46401.2281118817,46993.3551527527,46132.0794569405,721500.0,62331910000.0,0.0,0.0,721500.0,62331910000.0,-59000.0,59400.0,0.0,-400.0,-5070240000.0,5104720000.0,0.0,-34480000.0
31/08/2022,46347.3983808935,84300.0,1800.0,0.02135231,45055.4848371752,46778.0362287996,44840.1659132222,1807500.0,154949910000.0,0.0,0.0,1807500.0,154949910000.0,-174700.0,174700.0,0.0,0.0,-14821040000.0,14821040000.0,0.0,0.0
30/08/2022,45378.4632231047,84000.0,300.0,0.00357143,45486.1226850813,46185.9091879287,45055.4848371752,689500.0,58293940000.0,0.0,0.0,689500.0,58293940000.0,-191300.0,191100.0,0.0,200.0,-16200930000.0,16184030000.0,0.0,16900000.0
29/08/2022,45216.97403014,83500.0,500.0,0.00598802,44409.5280653159,45216.97403014,43440.5929075273,1503600.0,123456730000.0,0.0,0.0,1503600.0,123456730000.0,-237300.0,235100.0,0.0,2200.0,-19441270000.0,19259730000.0,0.0,181540000.0
26/08/2022,44947.8253751987,85200.0,-1700.0,-0.01995305,46024.4199949639,46024.4199949639,44840.1659132222,745700.0,62896530000.0,0.0,0.0,745700.0,62896530000.0,-12700.0,12700.0,0.0,0.0,-1055960000.0,1055960000.0,0.0,0.0
25/08/2022,45862.9308019991,85000.0,200.0,0.00235294,45755.2713400226,46078.2497259522,45270.8037611283,946100.0,80197570000.0,0.0,0.0,946100.0,80197570000.0,-124400.0,124600.0,0.0,-200.0,-10498880000.0,10515780000.0,0.0,-16900000.0
24/08/2022,45755.2713400226,84500.0,500.0,0.00591716,45486.1226850813,46024.4199949639,45270.8037611283,1132300.0,96139100000.0,65400.0,5692089000.0,1197700.0,101831189000.0,-233400.0,235800.0,0.0,-2400.0,-19834290000.0,20037090000.0,0.0,-202800000.0
23/08/2022,45486.1226850813,83200.0,1300.0,0.015625,44678.6767202574,45539.9524160696,44409.5280653159,956900.0,80382480000.0,0.0,0.0,956900.0,80382480000.0,4000.0,-4000.0,0.0,0.0,372510000.0,-372510000.0,0.0,0.0
22/08/2022,44786.3361822339,81700.0,1500.0,0.01835985,43386.7631765391,44947.8253751987,43332.9334455509,1137200.0,92861010000.0,62800.0,5284682800.0,1200000.0,98145692800.0,-41400.0,41400.0,0.0,0.0,-3409730000.0,3409730000.0,0.0,0.0
19/08/2022,43978.8902174099,82900.0,-1200.0,-0.01447527,44678.6767202574,45001.655106187,43171.444252586,1395100.0,113961350000.0,20000.0,1650000000.0,1415100.0,115611350000.0,-200.0,200.0,0.0,0.0,-3060000.0,3060000.0,0.0,0.0
18/08/2022,44624.8469892691,82800.0,100.0,0.00120773,44786.3361822339,45216.97403014,44140.3794103748,1049700.0,87140830000.0,468500.0,39822500000.0,1518200.0,126963330000.0,-284900.0,217700.0,0.0,67200.0,-23592780000.0,18001740000.0,0.0,5591040000.0
17/08/2022,44571.0172582809,84200.0,-1400.0,-0.01662708,45324.6334921166,45324.6334921166,44086.5496793865,1506400.0,125244740000.0,0.0,0.0,1506400.0,125244740000.0,-443000.0,443000.0,0.0,0.0,-36866010000.0,36866010000.0,0.0,0.0
16/08/2022,45324.6334921166,83600.0,600.0,0.00717703,45001.655106187,45593.7821470579,45001.655106187,1185700.0,99590480000.0,250000.0,21365000000.0,1435700.0,120955480000.0,-264300.0,264300.0,0.0,0.0,-22156280000.0,22156280000.0,0.0,0.0
15/08/2022,45001.655106187,80600.0,3000.0,0.03722084,43763.571293457,45109.3145681636,43440.5929075273,2261100.0,186998370000.0,230000.0,19320000000.0,2491100.0,206318370000.0,77700.0,-13500.0,0.0,-64200.0,6507940000.0,-1141470000.0,0.0,-5366470000.0
12/08/2022,43386.7631765391,80200.0,400.0,0.00498753,43063.7847906095,43763.571293457,42633.1469427034,773100.0,62145630000.0,280000.0,23150000000.0,1053100.0,85295630000.0,-29000.0,29000.0,0.0,0.0,-2336610000.0,2336610000.0,0.0,0.0
11/08/2022,43171.444252586,80600.0,-400.0,-0.00496278,43817.4010244452,43817.4010244452,41987.1901708444,1403000.0,112510960000.0,455500.0,37497979000.0,1858500.0,150008939000.0,-125800.0,125800.0,0.0,0.0,-10129390000.0,10129390000.0,0.0,0.0
10/08/2022,43386.7631765391,80400.0,200.0,0.00248756,43279.1037145625,43978.8902174099,43063.7847906095,1260100.0,101661660000.0,0.0,0.0,1260100.0,101661660000.0,-248700.0,251700.0,0.0,-3000.0,-20050580000.0,20293580000.0,0.0,-243000000.0
09/08/2022,43279.1037145625,82000.0,-1600.0,-0.0195122,44409.5280653159,44624.8469892691,43117.6145215979,1273300.0,103351860000.0,20000.0,1640000000.0,1293300.0,104991860000.0,239000.0,-239000.0,0.0,0.0,19418370000.0,-19418370000.0,0.0,0.0
08/08/2022,44140.3794103748,81000.0,1000.0,0.01234568,43602.0821004922,44624.8469892691,43332.9334455509,1253800.0,102344170000.0,40000.0,3460000000.0,1293800.0,105804170000.0,150100.0,-150100.0,-200900.0,0.0,12253440000.0,-12253440000.0,-16389240000.0,0.0
05/08/2022,43602.0821004922,80000.0,1000.0,0.0125,42794.6361356682,43709.7415624686,42686.9766736917,1040500.0,83679330000.0,0.0,0.0,1040500.0,83679330000.0,-103200.0,103200.0,0.0,0.0,-8313800000.0,8313800000.0,0.0,0.0
04/08/2022,43063.7847906095,81200.0,-1200.0,-0.01477833,43602.0821004922,43925.0604864217,43063.7847906095,943500.0,76116810000.0,0.0,0.0,943500.0,76116810000.0,95700.0,-95700.0,0.0,0.0,7702100000.0,-7702100000.0,0.0,0.0
03/08/2022,43709.7415624686,78600.0,2600.0,0.03307888,42256.3388257856,44032.7199483983,42041.0199018325,2154500.0,172260720000.0,0.0,0.0,2154500.0,172260720000.0,325200.0,-325200.0,0.0,0.0,25909950000.0,-25909950000.0,0.0,0.0
02/08/2022,42310.1685567738,76000.0,2600.0,0.03421053,40910.5955510791,42525.4874807269,40749.1063581143,918600.0,71186370000.0,20000.0,1580800000.0,938600.0,72767170000.0,-5000.0,5000.0,0.0,0.0,-386540000.0,386540000.0,0.0,0.0
01/08/2022,40910.5955510791,75200.0,800.0,0.0106383,40910.5955510791,41287.4036679969,40372.2982411965,961500.0,72571610000.0,0.0,0.0,961500.0,72571610000.0,-179700.0,169900.0,0.0,9800.0,-13564780000.0,12819980000.0,0.0,744800000.0
29/07/2022,40479.957703173,77700.0,-2500.0,-0.03217503,42256.3388257856,42310.1685567738,40479.957703173,1984700.0,151037100000.0,0.0,0.0,1984700.0,151037100000.0,805400.0,-805400.0,0.0,0.0,60637010000.0,-60637010000.0,0.0,0.0
28/07/2022,41825.7009778795,77600.0,100.0,0.00128866,42202.5090947973,42471.6577497386,41825.7009778795,951000.0,74461100000.0,0.0,0.0,951000.0,74461100000.0,308000.0,-308000.0,0.0,0.0,24127360000.0,-24127360000.0,0.0,0.0
27/07/2022,41771.8712468912,76300.0,1300.0,0.01703801,40372.2982411965,42041.0199018325,40372.2982411965,523800.0,40090180000.0,0.0,0.0,523800.0,40090180000.0,105100.0,-95900.0,0.0,-9200.0,8053570000.0,-7346670000.0,0.0,-706900000.0
26/07/2022,41072.0847440438,79600.0,-3300.0,-0.04145729,42956.1253286331,43063.7847906095,41072.0847440438,1020600.0,79250770000.0,142300.0,11810900000.0,1162900.0,91061670000.0,160100.0,-160100.0,0.0,0.0,12349480000.0,-12349480000.0,0.0,0.0
25/07/2022,42848.4658666565,80900.0,-1300.0,-0.01606922,43332.9334455509,43978.8902174099,42848.4658666565,710200.0,57115300000.0,0.0,0.0,710200.0,57115300000.0,-35500.0,24000.0,0.0,11500.0,-2817120000.0,1891370000.0,0.0,925750000.0
22/07/2022,43548.2523695039,81700.0,-800.0,-0.00979192,44140.3794103748,44624.8469892691,43548.2523695039,652200.0,53254540000.0,0.0,0.0,652200.0,53254540000.0,11500.0,-25000.0,0.0,13500.0,924390000.0,-2031940000.0,0.0,1107550000.0
21/07/2022,43978.8902174099,82500.0,-800.0,-0.00969697,44194.2091413631,44678.6767202574,43602.0821004922,701300.0,57392580000.0,0.0,0.0,701300.0,57392580000.0,25100.0,-25100.0,-45300.0,0.0,2059540000.0,-2059540000.0,-3731080000.0,0.0
20/07/2022,44409.5280653159,81200.0,1300.0,0.01600985,43817.4010244452,45216.97403014,43602.0821004922,1328500.0,109330090000.0,0.0,0.0,1328500.0,109330090000.0,272300.0,-260800.0,-323500.0,-11500.0,22244780000.0,-21306690000.0,-26478590000.0,-938090000.0
19/07/2022,43709.7415624686,79200.0,2000.0,0.02525253,42525.4874807269,43871.2307554335,42525.4874807269,1055500.0,85131260000.0,800000.0,65577600000.0,1855500.0,150708860000.0,195200.0,-181100.0,-230000.0,-14100.0,15726840000.0,-14590190000.0,-18543960000.0,-1136650000.0
18/07/2022,42633.1469427034,77900.0,1300.0,0.01668806,42525.4874807269,42902.2955976448,41771.8712468912,917800.0,72155320000.0,1434160.0,115630584160.0,2351960.0,187785904160.0,138200.0,-139400.0,-77900.0,1200.0,10778370000.0,-10873170000.0,-6149160000.0,94800000.0
15/07/2022,41933.360439856,77500.0,400.0,0.00516129,41664.2117849148,42417.8280187503,41125.9144750322,1078700.0,83914180000.0,0.0,0.0,1078700.0,83914180000.0,247400.0,-247500.0,-246100.0,100.0,19236710000.0,-19244450000.0,-19128490000.0,7740000.0
14/07/2022,41718.041515903,77400.0,100.0,0.00129199,41179.7442060203,41718.041515903,40964.4252820673,467700.0,35860610000.0,0.0,0.0,467700.0,35860610000.0,-29800.0,27800.0,33900.0,2000.0,-2280730000.0,2127730000.0,2593290000.0,153000000.0
13/07/2022,41664.2117849148,75900.0,1500.0,0.01976285,40695.276627126,42417.8280187503,40641.4468961377,687800.0,53155040000.0,0.0,0.0,687800.0,53155040000.0,141400.0,-140700.0,-96000.0,-700.0,10933300000.0,-10880020000.0,-7428110000.0,-53280000.0
12/07/2022,40856.7658200908,72000.0,3900.0,0.05416667,38757.4063115487,40856.7658200908,38219.109001666,919600.0,67613580000.0,0.0,0.0,919600.0,67613580000.0,-71700.0,71200.0,-26600.0,500.0,-5141260000.0,5105260000.0,-2008650000.0,36000000.0
11/07/2022,38757.4063115487,76900.0,-4900.0,-0.06371912,41179.7442060203,41179.7442060203,38595.9171185838,983800.0,72441930000.0,0.0,0.0,983800.0,72441930000.0,-43700.0,43900.0,22200.0,-200.0,-3300660000.0,3311460000.0,1705470000.0,-10800000.0
08/07/2022,41395.0631299734,75400.0,1500.0,0.0198939,40426.1279721848,41771.8712468912,40426.1279721848,469600.0,35798660000.0,0.0,0.0,469600.0,35798660000.0,55500.0,-55000.0,-67300.0,-500.0,4218340000.0,-4179890000.0,-5126750000.0,-38450000.0
07/07/2022,40587.6171651495,73700.0,1700.0,0.02306649,39672.5117383491,40964.4252820673,39295.7036214311,592100.0,44145410000.0,0.0,0.0,592100.0,44145410000.0,33000.0,-32500.0,-32600.0,-500.0,2481260000.0,-2443710000.0,-2452080000.0,-37550000.0
06/07/2022,39672.5117383491,79100.0,-5400.0,-0.06826802,42363.9982877622,43009.9550596213,39672.5117383491,1172100.0,89023900000.0,0.0,0.0,1172100.0,89023900000.0,-39200.0,41000.0,33400.0,-1800.0,-2880720000.0,3020200000.0,2433180000.0,-139480000.0
05/07/2022,42579.3172117152,85000.0,-5900.0,-0.06941176,45916.7605329874,45916.7605329874,42579.3172117152,1849400.0,150426230000.0,0.0,0.0,1849400.0,150426230000.0,-169300.0,144900.0,97200.0,24400.0,-14171840000.0,12090520000.0,7874690000.0,2081320000.0
04/07/2022,45755.2713400226,86000.0,-1000.0,-0.01162791,47370.1632696705,47370.1632696705,45486.1226850813,509500.0,43863550000.0,0.0,0.0,509500.0,43863550000.0,-94100.0,14000.0,33600.0,80100.0,-8217810000.0,1169010000.0,2859700000.0,7048800000.0
01/07/2022,46293.5686499052,86200.0,-200.0,-0.00232019,46616.5470358347,46831.8659597879,44140.3794103748,1216100.0,103944260000.0,0.0,0.0,1216100.0,103944260000.0,-93200.0,53000.0,47000.0,40200.0,-7985910000.0,4504590000.0,3991780000.0,3481320000.0
30/06/2022,46401.2281118817,86400.0,-200.0,-0.00231481,47101.0146147293,48231.4389654827,46347.3983808935,1102400.0,96865320000.0,0.0,0.0,1102400.0,96865320000.0,-38700.0,44100.0,44800.0,-5400.0,-3309330000.0,3811050000.0,3871380000.0,-501720000.0
29/06/2022,46508.8875738583,87600.0,-1200.0,-0.01369863,46293.5686499052,46939.5254217644,45486.1226850813,973300.0,83393630000.0,0.0,0.0,973300.0,83393630000.0,50900.0,18500.0,0.0,-69400.0,4333290000.0,1608360000.0,1640000.0,-5941650000.0
28/06/2022,47154.8443457174,86000.0,1600.0,0.01860465,46293.5686499052,48177.6092344945,45216.97403014,1735800.0,150824830000.0,0.0,0.0,1735800.0,150824830000.0,13300.0,15700.0,38700.0,-29000.0,1188220000.0,1296960000.0,3333790000.0,-2485180000.0
27/06/2022,46293.5686499052,85800.0,200.0,0.002331,46185.9091879287,47585.4821936235,45486.1226850813,1046200.0,90956110000.0,213000.0,18823662000.0,1259200.0,109779772000.0,18700.0,-200.0,3000.0,-18500.0,1639170000.0,-31080000.0,252540000.0,-1608090000.0
24/06/2022,46185.9091879287,85300.0,500.0,0.00586166,46562.7173048467,46885.6956907761,45916.7605329874,583700.0,50398940000.0,0.0,0.0,583700.0,50398940000.0,-67200.0,44400.0,0.0,22800.0,-5828300000.0,3852550000.0,0.0,1975750000.0
23/06/2022,45916.7605329874,79800.0,5500.0,0.06892231,42794.6361356682,45916.7605329874,42525.4874807269,1302800.0,107625110000.0,195500.0,15835500000.0,1498300.0,123460610000.0,124100.0,-220000.0,26600.0,95900.0,10673590000.0,-18279010000.0,2224730000.0,7605420000.0
22/06/2022,42956.1253286331,85700.0,-5900.0,-0.06884481,45916.7605329874,47154.8443457174,42956.1253286331,2130600.0,176019260000.0,0.0,0.0,2130600.0,176019260000.0,-441200.0,134400.0,83300.0,306800.0,-37519790000.0,11016970000.0,6879210000.0,26502820000.0
21/06/2022,46132.0794569405,92100.0,-6400.0,-0.06948969,48446.7578894358,49361.8633162361,46132.0794569405,3333600.0,291915970000.0,0.0,0.0,3333600.0,291915970000.0,-946700.0,-7900.0,73000.0,954600.0,-82638830000.0,-362460000.0,6508410000.0,83001290000.0
20/06/2022,49577.1822401893,99000.0,-6900.0,-0.06969697,53291.4336783793,53614.4120643089,49577.1822401893,1775600.0,169248740000.0,0.0,0.0,1775600.0,169248740000.0,-57300.0,68000.0,32000.0,-10700.0,-5119810000.0,6364480000.0,3043450000.0,-1244670000.0
17/06/2022,53291.4336783793,96800.0,2200.0,0.02272727,51299.7336318135,53722.0715262854,50653.7768599545,1908100.0,185360740000.0,0.0,0.0,1908100.0,185360740000.0,188400.0,89900.0,6400.0,-278300.0,18108540000.0,9063440000.0,612200000.0,-27171980000.0
16/06/2022,52107.1795966375,90800.0,6000.0,0.0660793,49523.3525092009,52268.6687896023,49361.8633162361,3325500.0,319580320000.0,0.0,0.0,3325500.0,319580320000.0,146800.0,76300.0,-28900.0,-223100.0,14174800000.0,7246190000.0,-2805060000.0,-21420990000.0
15/06/2022,48877.3957373419,90500.0,300.0,0.00331492,49092.7146612948,49092.7146612948,47101.0146147293,1158900.0,104001870000.0,0.0,0.0,1158900.0,104001870000.0,167800.0,-24700.0,-16000.0,-143100.0,15113210000.0,-2183460000.0,-1427150000.0,-12929750000.0
14/06/2022,48715.9065443771,86500.0,4000.0,0.04624277,47316.3335386822,49254.2038542597,47047.184883741,1094400.0,97805160000.0,0.0,0.0,1094400.0,97805160000.0,232100.0,-150000.0,0.0,-82100.0,20748730000.0,-13390980000.0,0.0,-7357750000.0
13/06/2022,46562.7173048467,90100.0,-3600.0,-0.0399556,45755.2713400226,50330.7984740249,45755.2713400226,2025800.0,180169680000.0,0.0,0.0,2025800.0,180169680000.0,100300.0,-131100.0,0.0,30800.0,9211550000.0,-11790230000.0,0.0,2578680000.0
10/06/2022,48500.587620424,96800.0,-6700.0,-0.06921488,51192.0741698371,52214.8390586141,48500.587620424,2369100.0,220361060000.0,0.0,0.0,2369100.0,220361060000.0,-70900.0,13000.0,24200.0,57900.0,-6597820000.0,1147060000.0,2224440000.0,5450760000.0
09/06/2022,52107.1795966375,98300.0,-1500.0,-0.01525941,53183.7742164027,53183.7742164027,51945.6904036727,775000.0,75358570000.0,0.0,0.0,775000.0,75358570000.0,-178900.0,-63400.0,22200.0,242300.0,-17456870000.0,-6168950000.0,2155320000.0,23625820000.0
08/06/2022,52914.6255614615,96000.0,2300.0,0.02395833,53829.7309882619,53829.7309882619,51838.0309416961,1412700.0,139277780000.0,0.0,0.0,1412700.0,139277780000.0,81900.0,-135900.0,12800.0,54000.0,7900080000.0,-13341200000.0,1261560000.0,5441120000.0
07/06/2022,51676.5417487314,91800.0,4200.0,0.04575163,50599.9471289661,52214.8390586141,49308.0335852479,2258000.0,213694630000.0,100000.0,9400000000.0,2358000.0,223094630000.0,685300.0,-238000.0,76600.0,-447300.0,65294520000.0,-22514730000.0,7318440000.0,-42779790000.0
06/06/2022,49415.6930472245,93000.0,-1200.0,-0.01290323,50061.6498190835,51838.0309416961,49038.8849303067,1649500.0,155477520000.0,0.0,0.0,1649500.0,155477520000.0,143700.0,187600.0,326400.0,-331300.0,13757100000.0,17646100000.0,30748250000.0,-31403200000.0
03/06/2022,50061.6498190835,92400.0,600.0,0.00649351,49792.5011641423,51138.2444388488,48231.4389654827,1281800.0,117819170000.0,0.0,0.0,1281800.0,117819170000.0,176500.0,12300.0,76800.0,-188800.0,16124480000.0,1233050000.0,7138720000.0,-17357530000.0
02/06/2022,49738.671433154,95500.0,-3100.0,-0.03246073,51676.5417487314,52483.9877135554,48985.0551993183,973800.0,91314650000.0,0.0,0.0,973800.0,91314650000.0,310500.0,-170500.0,-32000.0,-140000.0,29004630000.0,-15924190000.0,-2994410000.0,-13080440000.0
01/06/2022,51407.3930937901,90500.0,5000.0,0.05524862,48769.7362753653,51999.520134661,48554.4173514123,1158400.0,107045730000.0,0.0,0.0,1158400.0,107045730000.0,-14000.0,13600.0,-100.0,400.0,-1189310000.0,1153210000.0,-9150000.0,36100000.0
31/05/2022,48715.9065443771,94700.0,-4200.0,-0.04435058,50546.1173979781,51407.3930937901,47908.4605795531,1322800.0,121784660000.0,0.0,0.0,1322800.0,121784660000.0,125600.0,-126600.0,-19200.0,1000.0,11594640000.0,-11688540000.0,-1829230000.0,93900000.0
30/05/2022,50976.755245884,89600.0,5100.0,0.05691964,49092.7146612948,50976.755245884,48392.9281584474,1132200.0,104036920000.0,0.0,0.0,1132200.0,104036920000.0,-218700.0,230700.0,331400.0,-12000.0,-20388620000.0,21501880000.0,30707120000.0,-1113260000.0
27/05/2022,48231.4389654827,83800.0,5800.0,0.06921241,44678.6767202574,48231.4389654827,44140.3794103748,2630300.0,231114740000.0,111600.0,9999360000.0,2741900.0,241114100000.0,-1171700.0,1172200.0,1239200.0,-500.0,-103873090000.0,103914840000.0,109866420000.0,-41750000.0
26/05/2022,45109.3145681636,80200.0,3600.0,0.04488778,44947.8253751987,45916.7605329874,44194.2091413631,1634100.0,136799820000.0,243900.0,20926620000.0,1878000.0,157726440000.0,-83000.0,84000.0,158200.0,-1000.0,-6987500000.0,7072000000.0,13262590000.0,-84500000.0
25/05/2022,43171.444252586,75000.0,5200.0,0.06933333,40910.5955510791,43171.444252586,40802.9360891025,962300.0,76305810000.0,529100.0,42433820000.0,1491400.0,118739630000.0,-280600.0,280600.0,242000.0,0.0,-22405890000.0,22405890000.0,19340060000.0,0.0
24/05/2022,40372.2982411965,73500.0,1500.0,0.02040816,39349.5333524194,40372.2982411965,39026.5549664898,997800.0,73625940000.0,0.0,0.0,997800.0,73625940000.0,-153400.0,138400.0,25700.0,15000.0,-11356090000.0,10259590000.0,1904070000.0,1096500000.0
23/05/2022,39564.8522763725,76200.0,-2700.0,-0.03543307,41125.9144750322,41179.7442060203,39026.5549664898,766000.0,57177720000.0,0.0,0.0,766000.0,57177720000.0,-105300.0,105300.0,51200.0,0.0,-7895430000.0,7895430000.0,3828700000.0,0.0
20/05/2022,41018.2550130556,76500.0,-300.0,-0.00392157,41448.8928609617,42094.8496328209,40372.2982411965,963700.0,73644170000.0,98000.0,8016400000.0,1061700.0,81660570000.0,-129800.0,129800.0,121600.0,0.0,-9932840000.0,9932840000.0,9269430000.0,0.0
19/05/2022,41179.7442060203,73000.0,3500.0,0.04794521,37842.3008847481,41448.8928609617,37842.3008847481,1053800.0,78869060000.0,190400.0,14870240000.0,1244200.0,93739300000.0,-90700.0,105700.0,9600.0,-15000.0,-6830580000.0,7955580000.0,722080000.0,-1125000000.0
18/05/2022,39295.7036214311,70100.0,2900.0,0.04136947,38703.5765805603,40049.3198552669,38219.109001666,800300.0,58377000000.0,0.0,0.0,800300.0,58377000000.0,-86800.0,86800.0,44900.0,0.0,-6290750000.0,6290750000.0,3278770000.0,0.0
17/05/2022,37734.6414227716,65568.0,4532.0,0.06911908,34989.3251423703,37734.6414227716,33374.4332127223,1342000.0,89444500000.0,0.0,0.0,1342000.0,89444500000.0,335800.0,-385800.0,51200.0,50000.0,22302300000.0,-25552300000.0,3423360000.0,3250000000.0
16/05/2022,35294.991886814,81000.0,-5600.0,-0.0691358,35341.8022208814,39273.8702825424,35294.991886814,1566200.0,122299540000.0,329900.0,28569340000.0,1896100.0,150868880000.0,-115700.0,30600.0,0.0,85100.0,-8816630000.0,2391580000.0,0.0,6425050000.0
13/05/2022,37916.3705945879,87000.0,-6000.0,-0.06896552,40303.6976320251,41614.386985912,37916.3705945879,1729600.0,145789520000.0,0.0,0.0,1729600.0,145789520000.0,-53500.0,-60200.0,0.0,113700.0,-4653860000.0,-5135710000.0,0.0,9789570000.0
12/05/2022,40724.9906386315,92600.0,-5600.0,-0.06047516,42129.3006606534,44469.8173640229,40724.9906386315,1824500.0,167741110000.0,3100000.0,306900000000.0,4924500.0,474641110000.0,-198500.0,248300.0,0.0,-49800.0,-18479530000.0,23083650000.0,0.0,-4604120000.0
11/05/2022,43346.3693464054,86600.0,6000.0,0.06928406,41614.386985912,43346.3693464054,40490.9389682946,2055500.0,185229820000.0,20000.0,1692000000.0,2075500.0,186921820000.0,135600.0,-125400.0,0.0,-10200.0,12435770000.0,-11214120000.0,0.0,-1221650000.0
10/05/2022,40537.7493023619,81000.0,5600.0,0.0691358,37448.2672539141,40537.7493023619,37261.0259176445,1319800.0,111327930000.0,50000.0,4293000000.0,1369800.0,115620930000.0,262500.0,-148800.0,0.0,-113700.0,22187190000.0,-12612250000.0,0.0,-9574940000.0
09/05/2022,37916.3705945879,86000.0,-5000.0,-0.05813953,39788.7839572837,40490.9389682946,37916.3705945879,1189300.0,98915350000.0,0.0,0.0,1189300.0,98915350000.0,-17700.0,17900.0,0.0,-200.0,-1526200000.0,1542700000.0,0.0,-16500000.0
06/05/2022,40256.8872979576,82200.0,3800.0,0.04622871,38290.8532671272,41146.283645238,37916.3705945879,1914500.0,164248170000.0,100000.0,8790000000.0,2014500.0,173038170000.0,-6400.0,1200.0,0.0,5200.0,-117740000.0,217050000.0,0.0,-99310000.0
05/05/2022,38478.0946033967,83000.0,-800.0,-0.00963855,39320.6806166097,39507.9219528794,37495.0775879814,778000.0,64137960000.0,0.0,0.0,778000.0,64137960000.0,-26200.0,24800.0,0.0,1400.0,-2170100000.0,2052500000.0,0.0,117600000.0
04/05/2022,38852.5772759359,82400.0,600.0,0.00728155,38852.5772759359,39507.9219528794,38571.7152715315,732100.0,61157190000.0,0.0,0.0,732100.0,61157190000.0,26200.0,-26200.0,0.0,0.0,2172890000.0,-2172890000.0,0.0,0.0
29/04/2022,38571.7152715315,79100.0,3300.0,0.04171934,37448.2672539141,39507.9219528794,37448.2672539141,961800.0,79211340000.0,0.0,0.0,961800.0,79211340000.0,96900.0,3200.0,0.0,-100100.0,7945960000.0,268360000.0,0.0,-8214320000.0
28/04/2022,37026.9742473076,74000.0,5100.0,0.06891892,35575.8538912183,37026.9742473076,35435.4228890162,1010500.0,78590550000.0,0.0,0.0,1010500.0,78590550000.0,-125100.0,46400.0,0.0,78700.0,-9580980000.0,3571160000.0,0.0,6009820000.0
27/04/2022,34639.6472098705,73900.0,100.0,0.00135318,34171.5438691967,35060.940216477,33703.4405285227,310000.0,22878380000.0,0.0,0.0,310000.0,22878380000.0,-77000.0,77000.0,0.0,0.0,-5700320000.0,5700320000.0,0.0,0.0
26/04/2022,34592.8368758031,71300.0,2600.0,0.03646564,31877.8374998943,34639.6472098705,31362.923825153,704100.0,49521830000.0,0.0,0.0,704100.0,49521830000.0,-72300.0,72200.0,0.0,100.0,-5060880000.0,5054070000.0,0.0,6810000.0
25/04/2022,33375.7681900509,76600.0,-5300.0,-0.0691906,36278.0089022292,36278.0089022292,33375.7681900509,1317900.0,95674030000.0,627400.0,48058840000.0,1945300.0,143732870000.0,-359700.0,439800.0,0.0,-80100.0,-26180880000.0,31907150000.0,0.0,-5726270000.0
22/04/2022,35856.7158956228,80800.0,-4200.0,-0.0519802,37682.3189242511,39039.8186122055,35201.3712186792,1356300.0,105374540000.0,0.0,0.0,1356300.0,105374540000.0,-66500.0,66500.0,0.0,0.0,-5102210000.0,5102210000.0,0.0,0.0
21/04/2022,37822.7499264533,80000.0,800.0,0.01,36792.9225769705,38665.3359396661,36465.2502384988,728300.0,58374020000.0,0.0,0.0,728300.0,58374020000.0,-87400.0,87500.0,0.0,-100.0,-7059080000.0,7067080000.0,0.0,-8000000.0
20/04/2022,37448.2672539141,84600.0,-4600.0,-0.05437352,39320.6806166097,39461.1116188119,37448.2672539141,1122400.0,92148890000.0,73000.0,5940667000.0,1195400.0,98089557000.0,-98500.0,98500.0,0.0,0.0,-8135760000.0,8135760000.0,0.0,0.0
19/04/2022,39601.5426210141,87599.0,-2999.0,-0.03423555,41005.8526430358,41099.4733111707,38852.5772759359,608500.0,52712760000.0,0.0,0.0,608500.0,52712760000.0,-142700.0,147900.0,0.0,-5200.0,-12407740000.0,12856230000.0,0.0,-448490000.0
18/04/2022,41005.300281094,87000.0,1600.0,0.0183908,40264.798244415,41468.1140540182,39616.8589623209,852700.0,74406190000.0,0.0,0.0,852700.0,74406190000.0,-97500.0,97500.0,0.0,0.0,-8510850000.0,8510850000.0,0.0,0.0
15/04/2022,40264.798244415,82000.0,5000.0,0.06097561,37811.8852479162,40542.4865081696,37811.8852479162,1484100.0,127234420000.0,75000.0,6577500000.0,1559100.0,133811920000.0,15300.0,-16700.0,0.0,1400.0,1359860000.0,-1474240000.0,0.0,114380000.0
14/04/2022,37950.7293797935,81100.0,900.0,0.01109741,37487.9156068691,38644.95003918,37025.1018339448,744400.0,61137960000.0,0.0,0.0,744400.0,61137960000.0,500.0,-4700.0,0.0,4200.0,43060000.0,-383260000.0,0.0,340200000.0
13/04/2022,37534.1969841615,79100.0,2000.0,0.02528445,36608.569438313,37950.7293797935,35914.3487789265,873400.0,69250360000.0,0.0,0.0,873400.0,69250360000.0,-111800.0,111800.0,0.0,0.0,-8725690000.0,8725690000.0,0.0,0.0
12/04/2022,36608.569438313,81800.0,-2700.0,-0.03300734,38228.4176435481,38228.4176435481,36562.2880610205,670500.0,53677660000.0,0.0,0.0,670500.0,53677660000.0,-107100.0,95700.0,0.0,11400.0,-8564760000.0,7620640000.0,0.0,944120000.0
08/04/2022,37858.1666252086,81000.0,800.0,0.00987654,37950.7293797935,38089.5735116708,36978.8204566524,964100.0,78261700000.0,30000.0,2598000000.0,994100.0,80859700000.0,-173600.0,165200.0,0.0,8400.0,-14169230000.0,13479940000.0,0.0,689290000.0
07/04/2022,37487.9156068691,84700.0,-3700.0,-0.04368359,39246.6079439814,39801.9844714906,37487.9156068691,1025700.0,85359780000.0,20000.0,1812000000.0,1045700.0,87171780000.0,-67400.0,67400.0,0.0,0.0,-5484520000.0,5484520000.0,0.0,0.0
06/04/2022,39200.326566689,82000.0,2700.0,0.03292683,37719.3224933312,39339.1706985664,37626.7597387464,935400.0,78290160000.0,0.0,0.0,935400.0,78290160000.0,-79300.0,92100.0,0.0,-12800.0,-6626140000.0,7700490000.0,0.0,-1074350000.0
05/04/2022,37950.7293797935,82500.0,-500.0,-0.00606061,38182.1362662556,38552.3872845951,37626.7597387464,800900.0,66028140000.0,0.0,0.0,800900.0,66028140000.0,-150000.0,161400.0,0.0,-11400.0,-12405050000.0,13345020000.0,0.0,-939970000.0
04/04/2022,38182.1362662556,84100.0,-1600.0,-0.01902497,38876.356925642,39292.8893212739,38182.1362662556,766200.0,63853110000.0,25000.0,2000000000.0,791200.0,65853110000.0,-74500.0,39500.0,0.0,35000.0,-6243270000.0,3281470000.0,0.0,2961800000.0
01/04/2022,38922.6383029346,81700.0,2400.0,0.02937577,37950.7293797935,39061.4824348119,37811.8852479162,1105600.0,92170290000.0,0.0,0.0,1105600.0,92170290000.0,-73900.0,51200.0,0.0,22700.0,-6206800000.0,4346300000.0,0.0,1860500000.0
31/03/2022,37811.8852479162,81400.0,300.0,0.0036855,37950.7293797935,39061.4824348119,37719.3224933312,1059100.0,87731230000.0,0.0,0.0,1059100.0,87731230000.0,-196400.0,16600.0,0.0,179800.0,-16288530000.0,1352590000.0,0.0,14935940000.0
30/03/2022,37673.0411160389,80500.0,900.0,0.01118012,37256.508720407,38089.5735116708,36701.1321928977,1382000.0,111886730000.0,0.0,0.0,1382000.0,111886730000.0,99400.0,-40300.0,0.0,-59100.0,8113860000.0,-3296310000.0,0.0,-4817550000.0
29/03/2022,37256.508720407,79900.0,600.0,0.00750939,37441.6342295768,37811.8852479162,36978.8204566524,1067000.0,86158450000.0,0.0,0.0,1067000.0,86158450000.0,-7300.0,-14500.0,0.0,21800.0,-574090000.0,-1196410000.0,0.0,1770500000.0
28/03/2022,36978.8204566524,79000.0,900.0,0.01139241,36192.0370426811,37441.6342295768,36192.0370426811,1154500.0,91604760000.0,607400.0,47377196200.0,1761900.0,138981956200.0,165100.0,15900.0,0.0,-181000.0,13181830000.0,1268400000.0,0.0,-14450230000.0
25/03/2022,36562.2880610205,79700.0,-700.0,-0.00878294,37025.1018339448,37349.0714749919,36377.1625518508,948100.0,75790550000.0,258000.0,20595582000.0,1206100.0,96386132000.0,-21900.0,10800.0,0.0,11100.0,-1748320000.0,860320000.0,0.0,888000000.0
24/03/2022,36886.2577020675,74500.0,5200.0,0.06979866,34340.7819509839,36886.2577020675,34248.2191963989,2130800.0,165941280000.0,0.0,0.0,2130800.0,165941280000.0,-38800.0,83300.0,0.0,-44500.0,-2550710000.0,6019740000.0,0.0,-3469030000.0
23/03/2022,34479.6260828611,74100.0,400.0,0.00539811,34294.5005736915,35081.2839876627,34109.3750645216,826600.0,61940250000.0,429500.0,33461881000.0,1256100.0,95402131000.0,47900.0,-49000.0,0.0,1100.0,3590260000.0,-3671770000.0,0.0,81510000.0
22/03/2022,34294.5005736915,72000.0,2100.0,0.02916667,33276.3102732579,34479.6260828611,33276.3102732579,1134400.0,83589290000.0,0.0,0.0,1134400.0,83589290000.0,-165100.0,177100.0,0.0,-12000.0,-12137170000.0,13027600000.0,0.0,-890430000.0
21/03/2022,33322.5916505503,71800.0,200.0,0.00278552,33553.9985370125,33553.9985370125,33091.1847640883,318200.0,22866130000.0,0.0,0.0,318200.0,22866130000.0,-6600.0,6600.0,0.0,0.0,-470460000.0,470460000.0,0.0,0.0
18/03/2022,33230.0288959655,71800.0,0.0,0.0,33230.0288959655,33553.9985370125,33183.747518673,257700.0,18576690000.0,0.0,0.0,257700.0,18576690000.0,-9800.0,10900.0,0.0,-1100.0,-705910000.0,785330000.0,0.0,-79420000.0
17/03/2022,33230.0288959655,71200.0,600.0,0.00842697,33137.4661413806,33553.9985370125,32998.6220095033,293700.0,21088670000.0,0.0,0.0,293700.0,21088670000.0,35500.0,-35500.0,0.0,0.0,2569110000.0,-2569110000.0,0.0,0.0
16/03/2022,32952.340632211,72000.0,-800.0,-0.01111111,33368.8730278427,33553.9985370125,32952.340632211,481100.0,34513170000.0,348403.0,26827031000.0,829503.0,61340201000.0,213900.0,-213900.0,0.0,0.0,15347310000.0,-15347310000.0,0.0,0.0
15/03/2022,33322.5916505503,72900.0,-900.0,-0.01234568,33692.8426688898,33692.8426688898,33183.747518673,264200.0,19032240000.0,0.0,0.0,264200.0,19032240000.0,122400.0,-122400.0,0.0,0.0,8812040000.0,-8812040000.0,0.0,0.0
14/03/2022,33739.1240461823,72200.0,700.0,0.00969529,33183.747518673,34016.8123099369,33183.747518673,402400.0,29182680000.0,0.0,0.0,402400.0,29182680000.0,13100.0,-13100.0,0.0,0.0,940250000.0,-940250000.0,0.0,0.0
11/03/2022,33415.1544051353,71700.0,500.0,0.0069735,33368.8730278427,34525.9074601535,33183.747518673,856100.0,62594520000.0,0.0,0.0,856100.0,62594520000.0,2800.0,-2800.0,0.0,0.0,230210000.0,-230210000.0,0.0,0.0
10/03/2022,33183.747518673,71100.0,600.0,0.00843882,33368.8730278427,33785.4054234746,33091.1847640883,446900.0,32207870000.0,0.0,0.0,446900.0,32207870000.0,36500.0,-36500.0,0.0,0.0,2633110000.0,-2633110000.0,0.0,0.0
09/03/2022,32906.0592549184,72500.0,-1400.0,-0.01931034,33461.4357824277,33785.4054234746,32906.0592549184,859100.0,61678240000.0,0.0,0.0,859100.0,61678240000.0,-36600.0,36600.0,0.0,0.0,-2628510000.0,2628510000.0,0.0,0.0
08/03/2022,33553.9985370125,73800.0,-1300.0,-0.01761518,33877.9681780596,34849.8771012006,33553.9985370125,1110100.0,81779090000.0,0.0,0.0,1110100.0,81779090000.0,63000.0,-63000.0,0.0,0.0,4706370000.0,-4706370000.0,0.0,0.0
07/03/2022,34155.6564418141,74900.0,-1100.0,-0.01468625,34618.4702147385,34664.7515920308,34016.8123099369,370100.0,27432230000.0,0.0,0.0,370100.0,27432230000.0,47300.0,-47300.0,0.0,0.0,3510150000.0,-3510150000.0,0.0,0.0
04/03/2022,34664.7515920308,75700.0,-800.0,-0.01056803,35451.5350060021,35451.5350060021,34525.9074601535,255900.0,19298620000.0,0.0,0.0,255900.0,19298620000.0,24100.0,-24100.0,0.0,0.0,1805390000.0,-1805390000.0,0.0,0.0
03/03/2022,35035.0026103703,74000.0,1700.0,0.02297297,34248.2191963989,35173.8467422476,33692.8426688898,821400.0,61343950000.0,0.0,0.0,821400.0,61343950000.0,43900.0,-43900.0,0.0,0.0,3398770000.0,-3398770000.0,0.0,0.0
02/03/2022,34248.2191963989,74700.0,-700.0,-0.00937082,34479.6260828611,35081.2839876627,34016.8123099369,509300.0,37831450000.0,301900.0,24121810000.0,811200.0,61953260000.0,-7000.0,7000.0,-8400.0,0.0,-515410000.0,515410000.0,-616210000.0,0.0
01/03/2022,34572.1888374459,75600.0,-900.0,-0.01190476,35035.0026103703,35127.5653649551,34479.6260828611,358600.0,26977520000.0,0.0,0.0,358600.0,26977520000.0,-56600.0,56600.0,19600.0,0.0,-4266020000.0,4266020000.0,1474760000.0,0.0
28/02/2022,34988.721233078,74000.0,1600.0,0.02162162,33924.2495553519,35266.4094968323,33877.9681780596,997300.0,75458150000.0,0.0,0.0,997300.0,75458150000.0,-281600.0,281600.0,355600.0,0.0,-21343810000.0,21343810000.0,26926440000.0,0.0
25/02/2022,34248.2191963989,73500.0,500.0,0.00680272,34016.8123099369,34942.4398557853,33646.5612915973,652600.0,48372750000.0,0.0,0.0,652600.0,48372750000.0,-48100.0,48100.0,165100.0,0.0,-3512800000.0,3512800000.0,12229500000.0,0.0
24/02/2022,34016.8123099369,74500.0,-1000.0,-0.01342282,34479.6260828611,34757.3143466157,33322.5916505503,818600.0,59913990000.0,0.0,0.0,818600.0,59913990000.0,-76900.0,76900.0,-22400.0,0.0,-5562330000.0,5562330000.0,-1653290000.0,0.0
23/02/2022,34479.6260828611,71600.0,2900.0,0.04050279,33415.1544051353,34711.0329693234,33137.4661413806,1046100.0,77008360000.0,0.0,0.0,1046100.0,77008360000.0,181200.0,-181200.0,0.0,0.0,13328190000.0,-13328190000.0,0.0,0.0
22/02/2022,33137.4661413806,72400.0,-800.0,-0.01104972,33276.3102732579,33322.5916505503,32859.777877626,497600.0,35599100000.0,0.0,0.0,497600.0,35599100000.0,67500.0,-67500.0,-86800.0,0.0,4827310000.0,-4827310000.0,-6210810000.0,0.0
21/02/2022,33507.7171597201,72500.0,-100.0,-0.00137931,33600.279914305,34063.0936872292,33091.1847640883,744800.0,54345480000.0,0.0,0.0,744800.0,54345480000.0,-17400.0,17400.0,-56000.0,0.0,-1278310000.0,1278310000.0,-4078750000.0,0.0
18/02/2022,33553.9985370125,71500.0,1000.0,0.01398601,32906.0592549184,34155.6564418141,32906.0592549184,899400.0,65381490000.0,0.0,0.0,899400.0,65381490000.0,34000.0,-34000.0,-5800.0,0.0,2418080000.0,-2418080000.0,-407510000.0,0.0
17/02/2022,33091.1847640883,72300.0,-800.0,-0.01106501,33461.4357824277,33553.9985370125,32998.6220095033,517600.0,37166530000.0,0.0,0.0,517600.0,37166530000.0,75500.0,-75500.0,-42200.0,0.0,5423710000.0,-5423710000.0,-3035070000.0,0.0
16/02/2022,33461.4357824277,68300.0,4000.0,0.05856515,31702.7434453152,33461.4357824277,31702.7434453152,1134700.0,80133780000.0,0.0,0.0,1134700.0,80133780000.0,-103700.0,103700.0,8400.0,0.0,-7307030000.0,7307030000.0,583240000.0,0.0
15/02/2022,31610.1806907303,67500.0,800.0,0.01185185,31008.5227859287,31656.4620680228,31008.5227859287,178600.0,12122480000.0,0.0,0.0,178600.0,12122480000.0,-31000.0,31000.0,-2800.0,0.0,-2106830000.0,2106830000.0,-191390000.0,0.0
14/02/2022,31239.9296723909,68300.0,-800.0,-0.01171303,31286.2110496834,31610.1806907303,31239.9296723909,254500.0,17271800000.0,0.0,0.0,254500.0,17271800000.0,-88900.0,88900.0,45100.0,0.0,-6040140000.0,6040140000.0,3059650000.0,0.0
11/02/2022,31610.1806907303,68200.0,100.0,0.00146628,31471.3365588531,31887.8689544849,31425.0551815608,176700.0,12057930000.0,0.0,0.0,176700.0,12057930000.0,1200.0,-1200.0,-5600.0,0.0,81910000.0,-81910000.0,-381960000.0,0.0
10/02/2022,31563.899313438,69700.0,-1500.0,-0.0215208,32165.5572182395,32258.1199728245,31471.3365588531,260500.0,17916360000.0,0.0,0.0,260500.0,17916360000.0,-39900.0,39900.0,-3000.0,0.0,-2755080000.0,2755080000.0,-203520000.0,0.0
09/02/2022,32258.1199728245,69400.0,300.0,0.00432277,32119.2758409472,32535.808236579,32119.2758409472,498600.0,34881440000.0,1231700.0,84978136000.0,1730300.0,119859576000.0,-271100.0,271100.0,221200.0,0.0,-18968350000.0,18968350000.0,15475790000.0,0.0
08/02/2022,32119.2758409472,68600.0,800.0,0.01166181,31471.3365588531,32211.838595532,31425.0551815608,622100.0,42976920000.0,0.0,0.0,622100.0,42976920000.0,-222000.0,222000.0,44400.0,0.0,-15320970000.0,15320970000.0,3039160000.0,0.0
07/02/2022,31749.0248226076,69000.0,-400.0,-0.0057971,32304.4013501169,32304.4013501169,31610.1806907303,245100.0,16881490000.0,0.0,0.0,245100.0,16881490000.0,-29300.0,28900.0,-23200.0,400.0,-2017940000.0,1990020000.0,-1597190000.0,27920000.0
28/01/2022,31934.1503317775,67400.0,1600.0,0.02373887,31239.9296723909,31934.1503317775,31008.5227859287,745200.0,50998520000.0,0.0,0.0,745200.0,50998520000.0,-328900.0,328800.0,358700.0,100.0,-22579980000.0,22573230000.0,24597010000.0,6750000.0
27/01/2022,31193.6482950985,64900.0,2500.0,0.0385208,29851.4883536181,31193.6482950985,29712.6442217407,534800.0,35209390000.0,0.0,0.0,534800.0,35209390000.0,-179300.0,179300.0,248700.0,0.0,-11912200000.0,11912200000.0,16463130000.0,0.0
26/01/2022,30036.6138627878,64300.0,600.0,0.00933126,29758.9255990332,30268.0207492499,29666.3628444484,508800.0,32830420000.0,0.0,0.0,508800.0,32830420000.0,90600.0,-90200.0,9800.0,-400.0,5807510000.0,-5781790000.0,653100000.0,-25720000.0
25/01/2022,29758.9255990332,63000.0,1300.0,0.02063492,29157.2676942317,29851.4883536181,29018.4235623543,314800.0,20031570000.0,0.0,0.0,314800.0,20031570000.0,22800.0,-22800.0,2900.0,0.0,1450280000.0,-1450280000.0,184730000.0,0.0
24/01/2022,29157.2676942317,65600.0,-2600.0,-0.03963415,30453.1462584196,30453.1462584196,28972.1421850617,393800.0,25348760000.0,0.0,0.0,393800.0,25348760000.0,-1100.0,100.0,-3800.0,1000.0,-70300000.0,4500000.0,-238800000.0,65800000.0
21/01/2022,30360.5835038349,65000.0,600.0,0.00923077,30129.1766173725,30499.4276357121,30129.1766173725,189300.0,12399390000.0,0.0,0.0,189300.0,12399390000.0,-39500.0,39500.0,-15400.0,0.0,-2591790000.0,2591790000.0,-1009150000.0,0.0
20/01/2022,30082.8952400802,64600.0,400.0,0.00619195,29851.4883536181,30499.4276357121,29851.4883536181,212800.0,13840520000.0,0.0,0.0,212800.0,13840520000.0,-62800.0,62800.0,-6600.0,0.0,-4089530000.0,4089530000.0,-425380000.0,0.0
19/01/2022,29897.7697309105,64000.0,600.0,0.009375,29666.3628444484,29944.051108203,29620.0814671558,118300.0,7608860000.0,0.0,0.0,118300.0,7608860000.0,-3900.0,5000.0,11000.0,-1100.0,-253060000.0,323570000.0,708630000.0,-70510000.0
18/01/2022,29620.0814671558,64000.0,0.0,0.0,29620.0814671558,30036.6138627878,29110.986316939,417600.0,26706760000.0,0.0,0.0,417600.0,26706760000.0,-95500.0,95500.0,31000.0,0.0,-6098010000.0,6098010000.0,1973400000.0,0.0
17/01/2022,29620.0814671558,66400.0,-2400.0,-0.03614458,30730.8345221742,30823.3972767591,29157.2676942317,836000.0,54421470000.0,0.0,0.0,836000.0,54421470000.0,-119800.0,119800.0,69800.0,0.0,-7865010000.0,7865010000.0,4593580000.0,0.0
14/01/2022,30730.8345221742,66100.0,300.0,0.00453858,30314.3021265424,31008.5227859287,30314.3021265424,158600.0,10534700000.0,126100.0,8915270000.0,284700.0,19449970000.0,8300.0,-8300.0,23000.0,0.0,556500000.0,-556500000.0,1527230000.0,0.0
13/01/2022,30591.9903902968,66100.0,0.0,0.0,31332.4924269758,31332.4924269758,30591.9903902968,392000.0,26124630000.0,0.0,0.0,392000.0,26124630000.0,7600.0,-7600.0,74800.0,0.0,462020000.0,-462020000.0,5011810000.0,0.0
12/01/2022,30591.9903902968,66000.0,100.0,0.00151515,30545.7090130045,30962.2414086363,30082.8952400802,476800.0,31414490000.0,0.0,0.0,476800.0,31414490000.0,-68700.0,68700.0,-13400.0,0.0,-4505950000.0,4505950000.0,-885420000.0,0.0
11/01/2022,30545.7090130045,68100.0,-2100.0,-0.030837,31286.2110496834,31517.6179361454,30545.7090130045,894600.0,60031170000.0,0.0,0.0,894600.0,60031170000.0,-68500.0,68500.0,57000.0,0.0,-4656820000.0,4656820000.0,3845790000.0,0.0
10/01/2022,31517.6179361454,69300.0,-1200.0,-0.01731602,32026.7130863622,32396.9641047017,31471.3365588531,862300.0,59585260000.0,0.0,0.0,862300.0,59585260000.0,-283200.0,283200.0,195000.0,0.0,-19563800000.0,19563800000.0,13459920000.0,0.0
07/01/2022,32072.9944636547,69900.0,-600.0,-0.00858369,32582.0896138714,32582.0896138714,32026.7130863622,523600.0,36404730000.0,197000.0,14715900000.0,720600.0,51120630000.0,-105800.0,105800.0,109900.0,0.0,-7345730000.0,7345730000.0,7628590000.0,0.0
06/01/2022,32350.6827274092,71000.0,-1100.0,-0.01549296,32720.9337457488,32720.9337457488,32211.838595532,512600.0,35939830000.0,0.0,0.0,512600.0,35939830000.0,-24600.0,24600.0,26800.0,0.0,-1713010000.0,1713010000.0,1869780000.0,0.0
05/01/2022,32859.777877626,70000.0,1000.0,0.01428571,32304.4013501169,33322.5916505503,32304.4013501169,626600.0,44491950000.0,0.0,0.0,626600.0,44491950000.0,74100.0,-74100.0,-39100.0,0.0,5238280000.0,-5238280000.0,-2750880000.0,0.0
04/01/2022,32396.9641047017,69100.0,900.0,0.0130246,32304.4013501169,32628.3709911639,31887.8689544849,516300.0,35954420000.0,0.0,0.0,516300.0,35954420000.0,80200.0,-80200.0,-67200.0,0.0,5598250000.0,-5598250000.0,-4694280000.0,0.0
31/12/2021,31980.4317090699,69900.0,-800.0,-0.01144492,32350.6827274092,32720.9337457488,31980.4317090699,748900.0,52160690000.0,0.0,0.0,748900.0,52160690000.0,178500.0,-178500.0,-138900.0,0.0,12475220000.0,-12475220000.0,-9697820000.0,0.0
30/12/2021,32350.6827274092,70300.0,-400.0,-0.0056899,32489.5268592864,32859.777877626,32304.4013501169,360000.0,25278210000.0,0.0,0.0,360000.0,25278210000.0,13900.0,-13900.0,-17100.0,0.0,973660000.0,-973660000.0,-1200700000.0,0.0
29/12/2021,32535.808236579,71900.0,-1600.0,-0.02225313,33230.0288959655,33276.3102732579,32396.9641047017,723200.0,51203220000.0,0.0,0.0,723200.0,51203220000.0,-11100.0,11100.0,25000.0,0.0,-767150000.0,767150000.0,1762400000.0,0.0
28/12/2021,33276.3102732579,71900.0,0.0,0.0,33091.1847640883,33970.5309326444,32952.340632211,799500.0,57946450000.0,0.0,0.0,799500.0,57946450000.0,45100.0,-45100.0,-40000.0,0.0,3265300000.0,-3265300000.0,-2906620000.0,0.0
27/12/2021,33276.3102732579,71800.0,100.0,0.00139276,33785.4054234746,33785.4054234746,32767.2151230411,605400.0,43470970000.0,0.0,0.0,605400.0,43470970000.0,20700.0,-20700.0,-22800.0,0.0,1500080000.0,-1500080000.0,-1645480000.0,0.0
24/12/2021,33230.0288959655,70000.0,1800.0,0.02571429,32582.0896138714,33970.5309326444,32304.4013501169,1905800.0,136496700000.0,0.0,0.0,1905800.0,136496700000.0,723600.0,-723600.0,-17600.0,0.0,51664240000.0,-51664240000.0,-1253360000.0,0.0
23/12/2021,32396.9641047017,69000.0,1000.0,0.01449275,31934.1503317775,32396.9641047017,31286.2110496834,2292600.0,157802060000.0,0.0,0.0,2292600.0,157802060000.0,-171400.0,171400.0,181900.0,0.0,-11755350000.0,11755350000.0,12481530000.0,0.0
22/12/2021,31934.1503317775,69000.0,0.0,0.0,32396.9641047017,32582.0896138714,31887.8689544849,1562000.0,108935550000.0,0.0,0.0,1562000.0,108935550000.0,402000.0,-402000.0,1200.0,0.0,28069560000.0,-28069560000.0,33120000.0,0.0
21/12/2021,31934.1503317775,67100.0,1900.0,0.02831595,30915.9600313439,31934.1503317775,30777.1158994667,1112300.0,75775450000.0,0.0,0.0,1112300.0,75775450000.0,267300.0,-267300.0,-293900.0,0.0,18261010000.0,-18261010000.0,-20074720000.0,0.0
20/12/2021,31054.8041632213,67600.0,-500.0,-0.0074,31239.9296723909,31378.7738042682,30915.9600313439,671800.0,44999500000.0,0.0,0.0,671800.0,44999500000.0,-5200.0,5200.0,-183500.0,0.0,-326380000.0,326380000.0,-12306520000.0,0.0
17/12/2021,31286.2110496834,67200.0,400.0,0.00595238,31008.5227859287,31425.0551815608,31008.5227859287,442000.0,29736210000.0,0.0,0.0,442000.0,29736210000.0,-61700.0,61200.0,-134200.0,500.0,-4144920000.0,4111420000.0,-9022010000.0,33500000.0
16/12/2021,31101.0855405136,66000.0,1200.0,0.01818182,31239.9296723909,31332.4924269758,30962.2414086363,476000.0,31963490000.0,0.0,0.0,476000.0,31963490000.0,-6200.0,6200.0,-195400.0,0.0,-418110000.0,418110000.0,-13123230000.0,0.0
15/12/2021,30545.7090130045,68700.0,-2700.0,-0.03930131,31702.7434453152,31887.8689544849,30545.7090130045,533600.0,35850910000.0,450000.0,28800000000.0,983600.0,64650910000.0,225400.0,-225400.0,-2800.0,0.0,14946830000.0,-14946830000.0,-211540000.0,0.0
14/12/2021,31795.3061999001,69400.0,-700.0,-0.01008646,32165.5572182395,32535.808236579,31702.7434453152,592400.0,40937980000.0,0.0,0.0,592400.0,40937980000.0,98100.0,-97600.0,-51000.0,-500.0,6750320000.0,-6715910000.0,-3549470000.0,-34410000.0
13/12/2021,32119.2758409472,68100.0,1300.0,0.01908957,31702.7434453152,32304.4013501169,31610.1806907303,337200.0,23334910000.0,0.0,0.0,337200.0,23334910000.0,9000.0,-9000.0,-8900.0,0.0,623430000.0,-623430000.0,-616490000.0,0.0
10/12/2021,31517.6179361454,67500.0,600.0,0.00888889,31239.9296723909,31887.8689544849,31239.9296723909,322700.0,21950640000.0,0.0,0.0,322700.0,21950640000.0,48800.0,-48800.0,-82300.0,0.0,3307210000.0,-3307210000.0,-5601300000.0,0.0
09/12/2021,31239.9296723909,67200.0,300.0,0.00446429,31054.8041632213,31239.9296723909,30915.9600313439,411800.0,27617100000.0,450000.0,32332500000.0,861800.0,59949600000.0,23000.0,-23000.0,42600.0,0.0,1555550000.0,-1555550000.0,2854210000.0,0.0
08/12/2021,31101.0855405136,67500.0,-300.0,-0.00444444,31471.3365588531,31471.3365588531,30869.6786540514,377600.0,25315400000.0,0.0,0.0,377600.0,25315400000.0,24400.0,-24400.0,-108000.0,0.0,1643780000.0,-1643780000.0,-7251220000.0,0.0
07/12/2021,31239.9296723909,65100.0,2400.0,0.03686636,30360.5835038349,31239.9296723909,30314.3021265424,606700.0,40245960000.0,0.0,0.0,606700.0,40245960000.0,-146000.0,146000.0,28600.0,0.0,-9673020000.0,9673020000.0,1868800000.0,0.0
06/12/2021,30129.1766173725,67500.0,-2400.0,-0.03555556,30915.9600313439,31656.4620680228,30082.8952400802,865800.0,57483580000.0,100000.0,7200000000.0,965800.0,64683580000.0,-356200.0,356200.0,33000.0,0.0,-23682760000.0,23682760000.0,2167660000.0,0.0
03/12/2021,31239.9296723909,69000.0,-1500.0,-0.02173913,32258.1199728245,32258.1199728245,31239.9296723909,392300.0,26764990000.0,0.0,0.0,392300.0,26764990000.0,-98800.0,98800.0,2200.0,0.0,-6769710000.0,6769710000.0,151360000.0,0.0
02/12/2021,31934.1503317775,69900.0,-900.0,-0.01287554,32304.4013501169,32350.6827274092,31887.8689544849,433300.0,30059410000.0,0.0,0.0,433300.0,30059410000.0,176400.0,-176400.0,-170600.0,0.0,12238790000.0,-12238790000.0,-11834650000.0,0.0
01/12/2021,32350.6827274092,70500.0,-600.0,-0.00851064,33091.1847640883,33091.1847640883,32258.1199728245,518100.0,36461200000.0,365000.0,24820000000.0,883100.0,61281200000.0,35200.0,-52900.0,-61100.0,17700.0,2456880000.0,-3722430000.0,-4297620000.0,1265550000.0
30/11/2021,32628.3709911639,69000.0,1500.0,0.02173913,33183.747518673,33183.747518673,31980.4317090699,816000.0,57708540000.0,0.0,0.0,816000.0,57708540000.0,174900.0,-174900.0,46600.0,0.0,12335890000.0,-12335890000.0,3296920000.0,0.0
29/11/2021,31934.1503317775,67000.0,2000.0,0.02985075,30777.1158994667,32165.5572182395,30591.9903902968,390800.0,26366540000.0,0.0,0.0,390800.0,26366540000.0,-93300.0,93300.0,57200.0,0.0,-6292340000.0,6292340000.0,3886410000.0,0.0
26/11/2021,31008.5227859287,66900.0,100.0,0.00149477,31008.5227859287,31332.4924269758,30777.1158994667,871600.0,58326120000.0,0.0,0.0,871600.0,58326120000.0,504900.0,-487200.0,0.0,-17700.0,33777850000.0,-32591950000.0,0.0,-1185900000.0
25/11/2021,30962.2414086363,67600.0,-700.0,-0.01035503,31101.0855405136,31101.0855405136,30823.3972767591,553200.0,36988300000.0,518000.0,36646400000.0,1071200.0,73634700000.0,52200.0,-52200.0,4300.0,0.0,3491500000.0,-3491500000.0,287690000.0,0.0
24/11/2021,31286.2110496834,66700.0,900.0,0.01349325,31332.4924269758,31471.3365588531,30915.9600313439,405700.0,27288750000.0,0.0,0.0,405700.0,27288750000.0,-104300.0,104300.0,-24300.0,0.0,-7021090000.0,7021090000.0,-1635470000.0,0.0
23/11/2021,30869.6786540514,64500.0,2200.0,0.03410853,29434.9559579861,30869.6786540514,29434.9559579861,458400.0,30100440000.0,75000.0,4500000000.0,533400.0,34600440000.0,-66200.0,66200.0,6600.0,0.0,-4366450000.0,4366450000.0,443070000.0,0.0
22/11/2021,29851.4883536181,67100.0,-2600.0,-0.03874814,31054.8041632213,31054.8041632213,29573.8000898634,1222800.0,79689470000.0,650000.0,42036150000.0,1872800.0,121725620000.0,-65400.0,65400.0,-1500.0,0.0,-4243070000.0,4243070000.0,-117820000.0,0.0
19/11/2021,31054.8041632213,70000.0,-2900.0,-0.04142857,32443.2454819942,32674.6523684563,30545.7090130045,1085200.0,74501140000.0,0.0,0.0,1085200.0,74501140000.0,-160500.0,160500.0,57600.0,0.0,-11003260000.0,11003260000.0,3964600000.0,0.0
18/11/2021,32396.9641047017,71800.0,-1800.0,-0.02506964,33183.747518673,33183.747518673,32396.9641047017,732800.0,51708850000.0,30000.0,2304000000.0,762800.0,54012850000.0,242000.0,-242000.0,-12500.0,0.0,17090720000.0,-17090720000.0,-870360000.0,0.0
17/11/2021,33230.0288959655,71800.0,0.0,0.0,33322.5916505503,33322.5916505503,32767.2151230411,389600.0,27724640000.0,20000.0,1336000000.0,409600.0,29060640000.0,155700.0,-154600.0,13100.0,-1100.0,11052150000.0,-10973950000.0,932760000.0,-78200000.0
16/11/2021,33230.0288959655,72100.0,-300.0,-0.00416089,33091.1847640883,33322.5916505503,32720.9337457488,503500.0,35865990000.0,23000.0,1543300000.0,526500.0,37409290000.0,104700.0,-104700.0,83600.0,0.0,7409200000.0,-7409200000.0,5994450000.0,0.0
15/11/2021,33368.8730278427,73000.0,-900.0,-0.01232877,33368.8730278427,34248.2191963989,32813.4965003336,1048800.0,75310800000.0,0.0,0.0,1048800.0,75310800000.0,-183000.0,183000.0,242200.0,0.0,-13347740000.0,13347740000.0,17420630000.0,0.0
12/11/2021,33785.4054234746,70800.0,2200.0,0.03107345,32767.2151230411,33785.4054234746,32628.3709911639,473900.0,33947940000.0,0.0,0.0,473900.0,33947940000.0,-106200.0,106100.0,129800.0,100.0,-7663430000.0,7656350000.0,9351640000.0,7080000.0
11/11/2021,32767.2151230411,70800.0,0.0,0.0,32628.3709911639,33322.5916505503,32443.2454819942,766000.0,54389030000.0,650000.0,49075000000.0,1416000.0,103464030000.0,117000.0,-117000.0,10800.0,0.0,8377670000.0,-8377670000.0,771920000.0,0.0
10/11/2021,32767.2151230411,72000.0,-1200.0,-0.01666667,33368.8730278427,33368.8730278427,32767.2151230411,690500.0,49082740000.0,0.0,0.0,690500.0,49082740000.0,-163600.0,163600.0,6600.0,0.0,-11622620000.0,11622620000.0,469040000.0,0.0
09/11/2021,33322.5916505503,72000.0,0.0,0.0,33322.5916505503,33970.5309326444,33230.0288959655,655700.0,47422970000.0,0.0,0.0,655700.0,47422970000.0,260600.0,-260600.0,-2100.0,0.0,18827950000.0,-18827950000.0,-154380000.0,0.0
08/11/2021,33322.5916505503,71100.0,900.0,0.01265823,33091.1847640883,33415.1544051353,32906.0592549184,639900.0,45861530000.0,1000000.0,66500000000.0,1639900.0,112361530000.0,-12700.0,12700.0,23800.0,0.0,-903740000.0,903740000.0,1703030000.0,0.0
05/11/2021,32906.0592549184,70800.0,300.0,0.00423729,32396.9641047017,33091.1847640883,32396.9641047017,660600.0,46667630000.0,0.0,0.0,660600.0,46667630000.0,26800.0,-28000.0,-14000.0,1200.0,1920530000.0,-2004530000.0,-997260000.0,84000000.0
04/11/2021,32767.2151230411,72300.0,-1500.0,-0.02074689,33137.4661413806,33415.1544051353,32628.3709911639,646900.0,46151880000.0,250000.0,18165000000.0,896900.0,64316880000.0,-44900.0,44900.0,-24000.0,0.0,-3237780000.0,3237780000.0,-1692410000.0,0.0
03/11/2021,33461.4357824277,72300.0,0.0,0.0,33692.8426688898,33785.4054234746,32859.777877626,596800.0,42926360000.0,0.0,0.0,596800.0,42926360000.0,-141500.0,141500.0,79100.0,0.0,-10205540000.0,10205540000.0,5718930000.0,0.0
02/11/2021,33461.4357824277,72000.0,300.0,0.00416667,33322.5916505503,33785.4054234746,32906.0592549184,518300.0,37456200000.0,0.0,0.0,518300.0,37456200000.0,-70700.0,71900.0,77300.0,-1200.0,-5140200000.0,5226760000.0,5624700000.0,-86560000.0
01/11/2021,33322.5916505503,74800.0,-2800.0,-0.03743316,34155.6564418141,34572.1888374459,32489.5268592864,1664800.0,120125490000.0,0.0,0.0,1664800.0,120125490000.0,-44000.0,44000.0,62500.0,0.0,-3196870000.0,3196870000.0,4488170000.0,0.0
29/10/2021,34618.4702147385,76000.0,-1200.0,-0.01578947,35220.12811954,35590.3791378794,34618.4702147385,564000.0,42755670000.0,0.0,0.0,564000.0,42755670000.0,-213800.0,213800.0,244300.0,0.0,-16117040000.0,16117040000.0,18439760000.0,0.0
28/10/2021,35173.8467422476,76000.0,0.0,0.0,35081.2839876627,35590.3791378794,34942.4398557853,424400.0,32324930000.0,0.0,0.0,424400.0,32324930000.0,-100.0,100.0,-6600.0,0.0,-10730000.0,10730000.0,-499510000.0,0.0
27/10/2021,35173.8467422476,75200.0,800.0,0.0106383,34664.7515920308,35312.6908741248,34387.0633282763,547600.0,41247330000.0,0.0,0.0,547600.0,41247330000.0,-32400.0,32500.0,26300.0,-100.0,-2387450000.0,2394930000.0,1974840000.0,-7480000.0
26/10/2021,34803.5957239081,76000.0,-800.0,-0.01052632,34849.8771012006,35173.8467422476,34016.8123099369,401500.0,29963450000.0,0.0,0.0,401500.0,29963450000.0,-57900.0,57900.0,37600.0,0.0,-4327530000.0,4327530000.0,2822610000.0,0.0
25/10/2021,35173.8467422476,76000.0,0.0,0.0,35127.5653649551,35590.3791378794,34942.4398557853,315300.0,24000210000.0,0.0,0.0,315300.0,24000210000.0,-46200.0,46200.0,72000.0,0.0,-3489950000.0,3489950000.0,5464780000.0,0.0
22/10/2021,35173.8467422476,74900.0,1100.0,0.01468625,34664.7515920308,35312.6908741248,34340.7819509839,548300.0,41457010000.0,0.0,0.0,548300.0,41457010000.0,104300.0,-104300.0,4400.0,0.0,7910790000.0,-7910790000.0,330440000.0,0.0
21/10/2021,34664.7515920308,74900.0,0.0,0.0,34664.7515920308,34711.0329693234,34248.2191963989,195800.0,14575860000.0,0.0,0.0,195800.0,14575860000.0,-8500.0,8500.0,8700.0,0.0,-631480000.0,631480000.0,646410000.0,0.0
20/10/2021,34664.7515920308,74800.0,100.0,0.0013369,34896.158478493,34896.158478493,34016.8123099369,355400.0,26506300000.0,0.0,0.0,355400.0,26506300000.0,-106300.0,106300.0,39800.0,0.0,-7946780000.0,7946780000.0,2977270000.0,0.0
19/10/2021,34618.4702147385,74000.0,800.0,0.01081081,34248.2191963989,34942.4398557853,33831.6868007671,485700.0,36242480000.0,226400.0,16980000000.0,712100.0,53222480000.0,-86300.0,86300.0,17600.0,0.0,-6402880000.0,6402880000.0,1319010000.0,0.0
18/10/2021,34248.2191963989,73000.0,1000.0,0.01369863,33785.4054234746,34803.5957239081,33322.5916505503,600700.0,44190560000.0,0.0,0.0,600700.0,44190560000.0,-155800.0,155800.0,6500.0,0.0,-11354790000.0,11354790000.0,478460000.0,0.0
15/10/2021,33785.4054234746,73000.0,0.0,0.0,33553.9985370125,33877.9681780596,33415.1544051353,374400.0,27240270000.0,0.0,0.0,374400.0,27240270000.0,-127200.0,127200.0,11000.0,0.0,-9251880000.0,9251880000.0,800180000.0,0.0
14/10/2021,33785.4054234746,73000.0,0.0,0.0,34016.8123099369,34016.8123099369,33600.279914305,789800.0,57604550000.0,0.0,0.0,789800.0,57604550000.0,-323400.0,323400.0,0.0,0.0,-23585660000.0,23585660000.0,0.0,0.0
13/10/2021,33785.4054234746,72400.0,600.0,0.00828729,33507.7171597201,34155.6564418141,33507.7171597201,712700.0,52174170000.0,0.0,0.0,712700.0,52174170000.0,-133400.0,133400.0,6600.0,0.0,-9759010000.0,9759010000.0,482460000.0,0.0
12/10/2021,33507.7171597201,70500.0,1900.0,0.02695035,32674.6523684563,33785.4054234746,32582.0896138714,896200.0,64384230000.0,0.0,0.0,896200.0,64384230000.0,-347400.0,347400.0,-24200.0,0.0,-24869450000.0,24869450000.0,-1744530000.0,0.0
11/10/2021,32628.3709911639,70500.0,0.0,0.0,32396.9641047017,32767.2151230411,32396.9641047017,624400.0,43934860000.0,0.0,0.0,624400.0,43934860000.0,-147800.0,146700.0,26800.0,1100.0,-10403050000.0,10326050000.0,1886590000.0,77000000.0
08/10/2021,32628.3709911639,71300.0,-800.0,-0.0112202,33322.5916505503,33322.5916505503,32258.1199728245,726200.0,51269780000.0,0.0,0.0,726200.0,51269780000.0,-218100.0,218100.0,-15500.0,0.0,-15425680000.0,15425680000.0,-1094470000.0,0.0
07/10/2021,32998.6220095033,71800.0,-500.0,-0.00696379,33461.4357824277,33461.4357824277,32906.0592549184,572900.0,41011900000.0,0.0,0.0,572900.0,41011900000.0,-215300.0,213900.0,-17600.0,1400.0,-15400170000.0,15298950000.0,-1261920000.0,101220000.0
06/10/2021,33230.0288959655,69800.0,2000.0,0.0286533,32443.2454819942,33230.0288959655,32350.6827274092,926800.0,65797080000.0,1103800.0,82286400000.0,2030600.0,148083480000.0,-192900.0,194000.0,1200.0,-1100.0,-13702820000.0,13779930000.0,84410000.0,-77110000.0
05/10/2021,32304.4013501169,69800.0,0.0,0.0,32350.6827274092,32489.5268592864,32072.9944636547,979700.0,68447450000.0,0.0,0.0,979700.0,68447450000.0,-226300.0,226300.0,-42000.0,0.0,-15829370000.0,15829370000.0,-2935400000.0,0.0
04/10/2021,32304.4013501169,65900.0,3900.0,0.05918058,30823.3972767591,32350.6827274092,30591.9903902968,2540500.0,174458360000.0,0.0,0.0,2540500.0,174458360000.0,-7700.0,7800.0,-23400.0,-100.0,-663660000.0,670320000.0,-1541780000.0,-6660000.0
01/10/2021,30499.4276357121,65200.0,700.0,0.0107362,30129.1766173725,30684.5531448819,29851.4883536181,834700.0,54942280000.0,137278.0,8332774600.0,971978.0,63275054600.0,14200.0,-14200.0,-22300.0,0.0,950690000.0,-950690000.0,-1478690000.0,0.0
30/09/2021,30175.4579946651,65100.0,100.0,0.0015361,30129.1766173725,30221.7393719574,29712.6442217407,549800.0,35699180000.0,0.0,0.0,549800.0,35699180000.0,23500.0,-23500.0,43500.0,0.0,1525840000.0,-1525840000.0,2818890000.0,0.0
29/09/2021,30129.1766173725,64500.0,600.0,0.00930233,29620.0814671558,30314.3021265424,29620.0814671558,669000.0,43371110000.0,0.0,0.0,669000.0,43371110000.0,-203500.0,204800.0,-8800.0,-1300.0,-13174420000.0,13258140000.0,-569470000.0,-83720000.0
28/09/2021,29851.4883536181,62000.0,2500.0,0.04032258,28463.0470348451,29851.4883536181,28463.0470348451,990900.0,62479890000.0,0.0,0.0,990900.0,62479890000.0,-316000.0,316000.0,11600.0,0.0,-20168940000.0,20168940000.0,720060000.0,0.0
27/09/2021,28694.4539213072,65200.0,-3200.0,-0.04907975,30175.4579946651,30545.7090130045,28694.4539213072,1197000.0,76325220000.0,0.0,0.0,1197000.0,76325220000.0,63900.0,-63900.0,0.0,0.0,3902770000.0,-3902770000.0,0.0,0.0
24/09/2021,30175.4579946651,67000.0,-1800.0,-0.02686567,31008.5227859287,31147.3669178061,30175.4579946651,571300.0,37764780000.0,0.0,0.0,571300.0,37764780000.0,-39300.0,39300.0,45600.0,0.0,-2614990000.0,2614990000.0,3038050000.0,0.0
23/09/2021,31008.5227859287,68000.0,-1000.0,-0.01470588,31471.3365588531,31610.1806907303,30638.2717675894,831500.0,56174810000.0,0.0,0.0,831500.0,56174810000.0,-27600.0,27600.0,196800.0,0.0,-1886320000.0,1886320000.0,13339190000.0,0.0
22/09/2021,31471.3365588531,66000.0,2000.0,0.03030303,30499.4276357121,31471.3365588531,30082.8952400802,1075900.0,71282150000.0,0.0,0.0,1075900.0,71282150000.0,97300.0,-97300.0,-99000.0,0.0,6357630000.0,-6357630000.0,-6466600000.0,0.0
21/09/2021,30545.7090130045,65600.0,400.0,0.00609756,29758.9255990332,30545.7090130045,29712.6442217407,1033200.0,67023240000.0,0.0,0.0,1033200.0,67023240000.0,-195700.0,193300.0,135800.0,2400.0,-12713660000.0,12559340000.0,8819660000.0,154320000.0
20/09/2021,30360.5835038349,66900.0,-1300.0,-0.01943199,31101.0855405136,31101.0855405136,30314.3021265424,1060000.0,70202730000.0,0.0,0.0,1060000.0,70202730000.0,76200.0,-76200.0,-128800.0,0.0,5080890000.0,-5080890000.0,-8560280000.0,0.0
17/09/2021,30962.2414086363,65000.0,1900.0,0.02923077,30082.8952400802,31702.7434453152,30082.8952400802,2313500.0,155490710000.0,0.0,0.0,2313500.0,155490710000.0,277300.0,-277300.0,-48400.0,0.0,18712470000.0,-18712470000.0,-3250790000.0,0.0
16/09/2021,30082.8952400802,65000.0,0.0,0.0,30082.8952400802,30453.1462584196,29851.4883536181,720500.0,46931420000.0,0.0,0.0,720500.0,46931420000.0,62900.0,-61100.0,-50600.0,-1800.0,4092370000.0,-3975030000.0,-3294500000.0,-117340000.0
15/09/2021,30082.8952400802,64900.0,100.0,0.00154083,29851.4883536181,30314.3021265424,29481.2373352786,666900.0,43092400000.0,0.0,0.0,666900.0,43092400000.0,20400.0,-20400.0,-1000.0,0.0,1309440000.0,-1309440000.0,-68120000.0,0.0
14/09/2021,30036.6138627878,64500.0,400.0,0.00620155,29805.2069763256,30082.8952400802,29388.6745806938,984100.0,62966600000.0,0.0,0.0,984100.0,62966600000.0,-114600.0,114600.0,-11100.0,0.0,-7347250000.0,7347250000.0,-717740000.0,0.0
13/09/2021,29851.4883536181,65900.0,-1400.0,-0.02124431,30499.4276357121,30499.4276357121,29758.9255990332,932400.0,60407800000.0,0.0,0.0,932400.0,60407800000.0,-92900.0,93500.0,-37600.0,-600.0,-6001740000.0,6040500000.0,-2458600000.0,-38760000.0
10/09/2021,30499.4276357121,66000.0,-100.0,-0.00151515,30545.7090130045,30869.6786540514,30129.1766173725,619500.0,40656150000.0,0.0,0.0,619500.0,40656150000.0,57700.0,-57700.0,-66000.0,0.0,3793030000.0,-3793030000.0,-4335160000.0,0.0
09/09/2021,30545.7090130045,64300.0,1700.0,0.02643857,29758.9255990332,30545.7090130045,29758.9255990332,598700.0,39088390000.0,0.0,0.0,598700.0,39088390000.0,-4300.0,3800.0,-46200.0,500.0,-282440000.0,250290000.0,-3001420000.0,32150000.0
08/09/2021,29758.9255990332,64000.0,300.0,0.0046875,29388.6745806938,30082.8952400802,29388.6745806938,669000.0,43004640000.0,0.0,0.0,669000.0,43004640000.0,-500.0,500.0,300.0,0.0,-32460000.0,32460000.0,19140000.0,0.0
07/09/2021,29620.0814671558,66200.0,-2200.0,-0.03323263,30591.9903902968,30638.2717675894,29620.0814671558,1306800.0,84905170000.0,0.0,0.0,1306800.0,84905170000.0,108800.0,-108800.0,-81500.0,0.0,7105470000.0,-7105470000.0,-5317170000.0,0.0
06/09/2021,30638.2717675894,66500.0,-300.0,-0.00451128,30499.4276357121,31471.3365588531,30314.3021265424,1158000.0,77375860000.0,0.0,0.0,1158000.0,77375860000.0,42000.0,-41500.0,-63800.0,-500.0,2814380000.0,-2781140000.0,-4269010000.0,-33240000.0
01/09/2021,30777.1158994667,66000.0,500.0,0.00757576,30221.7393719574,31193.6482950985,30129.1766173725,1031900.0,68168040000.0,0.0,0.0,1031900.0,68168040000.0,-61400.0,61400.0,8800.0,0.0,-4087690000.0,4087690000.0,600000000.0,0.0
31/08/2021,30545.7090130045,65000.0,1000.0,0.01538462,29944.051108203,31378.7738042682,29573.8000898634,1640500.0,107836000000.0,0.0,0.0,1640500.0,107836000000.0,14100.0,-14100.0,-83800.0,0.0,856430000.0,-856430000.0,-5504940000.0,0.0
30/08/2021,30082.8952400802,65000.0,0.0,0.0,30545.7090130045,30777.1158994667,29851.4883536181,1032500.0,67376520000.0,55651.0,3617315000.0,1088151.0,70993835000.0,13100.0,-13100.0,-60000.0,0.0,854350000.0,-854350000.0,-3885980000.0,0.0
27/08/2021,30082.8952400802,62100.0,2900.0,0.04669887,28740.7352985997,30360.5835038349,28740.7352985997,1983900.0,127329970000.0,0.0,0.0,1983900.0,127329970000.0,-169200.0,169200.0,-9000.0,0.0,-10946480000.0,10946480000.0,-581550000.0,0.0
26/08/2021,28740.7352985997,58100.0,4000.0,0.06884682,27167.1684706569,28740.7352985997,26982.0429614873,2584800.0,157501150000.0,0.0,0.0,2584800.0,157501150000.0,215100.0,-215700.0,-40000.0,600.0,13396780000.0,-13432000000.0,-2440000000.0,35220000.0
25/08/2021,26889.4802069024,57900.0,200.0,0.00345423,26611.7919431479,27074.6057160721,26287.8223021008,892300.0,51364920000.0,0.0,0.0,892300.0,51364920000.0,-142400.0,123400.0,-31900.0,19000.0,-8210200000.0,7123340000.0,-1836490000.0,1086860000.0
24/08/2021,26796.9174523176,58000.0,-100.0,-0.00172414,26935.7615841948,27213.4498479494,25917.5712837614,1270700.0,72670200000.0,0.0,0.0,1270700.0,72670200000.0,-101600.0,95300.0,-88000.0,6300.0,-5800110000.0,5431730000.0,-5060930000.0,368380000.0
23/08/2021,26843.19882961,61300.0,-3300.0,-0.0538,28139.077393798,28463.0470348451,26843.19882961,2414900.0,144559090000.0,0.0,0.0,2414900.0,144559090000.0,-68500.0,67400.0,-86800.0,1100.0,-4112540000.0,4045720000.0,-5194420000.0,66820000.0
20/08/2021,28370.4842802603,60700.0,600.0,0.00988468,28277.9215256755,29388.6745806938,27306.0126025343,2231000.0,136654500000.0,0.0,0.0,2231000.0,136654500000.0,212400.0,-193400.0,-62000.0,-19000.0,13106710000.0,-11938540000.0,-3822090000.0,-1168170000.0
19/08/2021,28092.7960165056,60500.0,200.0,0.00330579,28463.0470348451,29249.8304488164,28092.7960165056,1685100.0,104366300000.0,0.0,0.0,1685100.0,104366300000.0,381800.0,-375500.0,-264400.0,-6300.0,23428640000.0,-23037690000.0,-16132610000.0,-390950000.0
18/08/2021,28000.2332619208,56600.0,3900.0,0.06890459,26287.8223021008,28000.2332619208,25871.2899064689,3303400.0,195234830000.0,232500.0,14066250000.0,3535900.0,209301080000.0,431700.0,-430000.0,-123200.0,-1700.0,25853640000.0,-25754400000.0,-7224050000.0,-99240000.0
17/08/2021,26195.2595475159,56500.0,100.0,0.00176991,26241.5409248084,26704.3546977328,25871.2899064689,809900.0,46043770000.0,0.0,0.0,809900.0,46043770000.0,207400.0,-207400.0,-71300.0,0.0,11814030000.0,-11814030000.0,-4046060000.0,0.0
16/08/2021,26148.9781702236,55700.0,800.0,0.01436266,25917.5712837614,26796.9174523176,25871.2899064689,1197200.0,68190840000.0,0.0,0.0,1197200.0,68190840000.0,439500.0,-443100.0,-200500.0,3600.0,25038470000.0,-25240070000.0,-11427020000.0,201600000.0
13/08/2021,25778.727151884,55700.0,0.0,0.0,25871.2899064689,25963.8526610539,25315.9133789598,587900.0,32564640000.0,0.0,0.0,587900.0,32564640000.0,31300.0,-31300.0,-76400.0,0.0,1706020000.0,-1706020000.0,-4203720000.0,0.0
12/08/2021,25778.727151884,56400.0,-700.0,-0.01241135,25732.4457745917,26010.1340383464,25593.6016427144,459600.0,25647990000.0,0.0,0.0,459600.0,25647990000.0,78900.0,-78900.0,-68000.0,0.0,4403880000.0,-4403880000.0,-3799480000.0,0.0
11/08/2021,26102.6967929312,55900.0,500.0,0.00894454,25871.2899064689,26380.3850566857,25639.8830200069,792600.0,44740790000.0,0.0,0.0,792600.0,44740790000.0,154600.0,-151000.0,-73700.0,-3600.0,8735740000.0,-8532320000.0,-4177850000.0,-203420000.0
10/08/2021,25871.2899064689,55900.0,0.0,0.0,25778.727151884,25963.8526610539,25686.1643972992,457000.0,25466420000.0,0.0,0.0,457000.0,25466420000.0,-48500.0,48500.0,53800.0,0.0,-2700670000.0,2700670000.0,2996980000.0,0.0
09/08/2021,25871.2899064689,54000.0,1900.0,0.03518519,24991.9437379127,25871.2899064689,24760.5368514505,1049800.0,57824020000.0,0.0,0.0,1049800.0,57824020000.0,150400.0,-150400.0,-6800.0,0.0,8273500000.0,-8273500000.0,-365640000.0,0.0
06/08/2021,24991.9437379127,54000.0,0.0,0.0,24945.6623606204,25362.1947562523,24945.6623606204,415500.0,22581480000.0,0.0,0.0,415500.0,22581480000.0,-49200.0,49200.0,49000.0,0.0,-2675920000.0,2675920000.0,2664320000.0,0.0
05/08/2021,24991.9437379127,54000.0,0.0,0.0,24760.5368514505,25038.2251152051,24760.5368514505,269300.0,14513310000.0,0.0,0.0,269300.0,14513310000.0,10500.0,-10500.0,8800.0,0.0,562620000.0,-562620000.0,474670000.0,0.0
04/08/2021,24991.9437379127,54300.0,-300.0,-0.00552486,25130.7878697901,25223.350624375,24945.6623606204,384600.0,20817000000.0,972800.0,54135123000.0,1357400.0,74952123000.0,-35300.0,35300.0,35300.0,0.0,-1916260000.0,1916260000.0,1916290000.0,0.0
03/08/2021,25130.7878697901,54000.0,300.0,0.00555556,24991.9437379127,25223.350624375,24853.0996060355,426800.0,23101240000.0,0.0,0.0,426800.0,23101240000.0,-99700.0,99700.0,28600.0,0.0,-5385250000.0,5385250000.0,1546160000.0,0.0
02/08/2021,24991.9437379127,55000.0,-1000.0,-0.01818182,25177.0692470825,25408.4761335446,24714.2554741583,637200.0,34474720000.0,0.0,0.0,637200.0,34474720000.0,69600.0,-69600.0,-106300.0,0.0,3727570000.0,-3727570000.0,-5725730000.0,0.0
30/07/2021,25454.7575108371,52400.0,2600.0,0.04961832,24575.4113422809,25454.7575108371,24251.4417012339,1927400.0,104359600000.0,0.0,0.0,1927400.0,104359600000.0,91200.0,-91200.0,635800.0,0.0,4926410000.0,-4926410000.0,35059640000.0,0.0
29/07/2021,24251.4417012339,52400.0,0.0,0.0,24251.4417012339,24529.1299649885,24066.3161920642,300500.0,15775800000.0,0.0,0.0,300500.0,15775800000.0,32400.0,-32400.0,-20300.0,0.0,1670470000.0,-1670470000.0,-1061560000.0,0.0
28/07/2021,24251.4417012339,52800.0,-400.0,-0.00757576,24297.7230785263,24436.5672104036,24112.5975693565,170600.0,8958210000.0,0.0,0.0,170600.0,8958210000.0,-12300.0,7100.0,2500.0,5200.0,-650330000.0,377330000.0,132810000.0,273000000.0
27/07/2021,24436.5672104036,52000.0,800.0,0.01538462,23927.4720601869,24760.5368514505,23927.4720601869,461400.0,24438270000.0,0.0,0.0,461400.0,24438270000.0,-101800.0,101800.0,125000.0,0.0,-5415310000.0,5415310000.0,6632870000.0,0.0
26/07/2021,24066.3161920642,51500.0,500.0,0.00970874,23973.7534374793,24112.5975693565,23372.0955326776,379700.0,19473000000.0,0.0,0.0,379700.0,19473000000.0,-12800.0,12800.0,26000.0,0.0,-679710000.0,679710000.0,1339150000.0,0.0
23/07/2021,23834.909305602,52800.0,-1300.0,-0.02462121,24436.5672104036,24621.6927195733,23603.5024191399,650100.0,33918860000.0,0.0,0.0,650100.0,33918860000.0,181300.0,-181300.0,-56400.0,0.0,9469140000.0,-9475900000.0,-2950830000.0,6760000.0
22/07/2021,24436.5672104036,52200.0,600.0,0.01149425,24158.8789466489,24575.4113422809,24112.5975693565,277600.0,14631790000.0,0.0,0.0,277600.0,14631790000.0,54500.0,-54600.0,-45600.0,100.0,2863550000.0,-2868770000.0,-2393280000.0,5220000.0
21/07/2021,24158.8789466489,51700.0,500.0,0.00967118,23881.1906828944,24436.5672104036,23834.909305602,496900.0,25878440000.0,0.0,0.0,496900.0,25878440000.0,129900.0,-129900.0,-96000.0,0.0,6716240000.0,-6716240000.0,-4958740000.0,0.0
20/07/2021,23927.4720601869,50800.0,900.0,0.01771654,23418.3769099701,23973.7534374793,23418.3769099701,471600.0,24218520000.0,0.0,0.0,471600.0,24218520000.0,-16500.0,21700.0,-97200.0,-5200.0,-861580000.0,1130420000.0,-4979880000.0,-268840000.0
19/07/2021,23510.9396645549,51900.0,-1100.0,-0.02119461,23603.5024191399,24020.0348147716,23372.0955326776,529600.0,27132630000.0,0.0,0.0,529600.0,27132630000.0,-107700.0,107700.0,74100.0,0.0,-5533860000.0,5533860000.0,3819130000.0,0.0
16/07/2021,24020.0348147716,51200.0,700.0,0.01367188,23927.4720601869,24112.5975693565,23696.0651737247,472400.0,24428410000.0,0.0,0.0,472400.0,24428410000.0,87500.0,-87500.0,-138000.0,0.0,4502060000.0,-4502060000.0,-7119270000.0,0.0
15/07/2021,23696.0651737247,51100.0,100.0,0.00195695,23649.7837964322,24066.3161920642,23603.5024191399,355900.0,18272220000.0,0.0,0.0,355900.0,18272220000.0,100100.0,-100100.0,-77700.0,0.0,5122510000.0,-5122510000.0,-3968580000.0,0.0
14/07/2021,23649.7837964322,51900.0,-800.0,-0.01541426,23834.909305602,24020.0348147716,23557.2210418475,518000.0,26542350000.0,0.0,0.0,518000.0,26542350000.0,45700.0,-45700.0,-36400.0,0.0,2344530000.0,-2344530000.0,-1868870000.0,0.0
13/07/2021,24020.0348147716,52300.0,-400.0,-0.00764818,24436.5672104036,24436.5672104036,23881.1906828944,410700.0,21346110000.0,0.0,0.0,410700.0,21346110000.0,76100.0,-76100.0,-147700.0,0.0,3939760000.0,-3939760000.0,-7656260000.0,0.0
12/07/2021,24205.1603239414,52900.0,-600.0,-0.01134216,24529.1299649885,24529.1299649885,23140.6886462155,1353000.0,69139160000.0,0.0,0.0,1353000.0,69139160000.0,-451500.0,451500.0,-153400.0,0.0,-23218580000.0,23218580000.0,-7708810000.0,0.0
09/07/2021,24482.848587696,53000.0,-100.0,-0.00188679,24112.5975693565,24667.9740968657,24020.0348147716,790100.0,41723490000.0,0.0,0.0,790100.0,41723490000.0,-221700.0,221700.0,-79700.0,0.0,-11711570000.0,11711570000.0,-4207330000.0,0.0
08/07/2021,24529.1299649885,53900.0,-900.0,-0.01669759,24945.6623606204,24991.9437379127,24529.1299649885,369600.0,19714070000.0,0.0,0.0,369600.0,19714070000.0,56400.0,-56400.0,-41600.0,0.0,3009800000.0,-3009800000.0,-2221830000.0,0.0
07/07/2021,24945.6623606204,52500.0,1400.0,0.02666667,24529.1299649885,24945.6623606204,24297.7230785263,550700.0,29384870000.0,0.0,0.0,550700.0,29384870000.0,-106900.0,106700.0,42200.0,200.0,-5707320000.0,5696720000.0,2248610000.0,10600000.0
06/07/2021,24297.7230785263,54800.0,-2300.0,-0.0419708,25362.1947562523,26241.5409248084,24297.7230785263,929400.0,51196980000.0,0.0,0.0,929400.0,51196980000.0,203600.0,-203600.0,-67300.0,0.0,11080940000.0,-11080940000.0,-3882030000.0,0.0
05/07/2021,25362.1947562523,56700.0,-1900.0,-0.0335,26241.5409248084,26241.5409248084,25362.1947562523,1101800.0,60928130000.0,0.0,0.0,1101800.0,60928130000.0,111300.0,-112400.0,-59500.0,1100.0,6135630000.0,-6198000000.0,-3296970000.0,62370000.0
02/07/2021,26241.5409248084,57600.0,-900.0,-0.015625,26843.19882961,26843.19882961,26241.5409248084,767900.0,43893960000.0,0.0,0.0,767900.0,43893960000.0,-39900.0,40100.0,14400.0,-200.0,-2267110000.0,2278650000.0,801390000.0,-11540000.0
01/07/2021,26658.0733204402,57700.0,-100.0,-0.0017331,26611.7919431479,27028.3243387797,26519.229188563,434400.0,25028680000.0,0.0,0.0,434400.0,25028680000.0,-32900.0,32900.0,33600.0,0.0,-1900770000.0,1900770000.0,1944520000.0,0.0
30/06/2021,26704.3546977328,57700.0,0.0,0.0,26843.19882961,27028.3243387797,26611.7919431479,413000.0,23885590000.0,0.0,0.0,413000.0,23885590000.0,50800.0,-54900.0,59000.0,4100.0,2923490000.0,-3161620000.0,3413920000.0,238130000.0
29/06/2021,26704.3546977328,57300.0,400.0,0.007,26519.229188563,26982.0429614873,26519.229188563,693700.0,40141660000.0,0.0,0.0,693700.0,40141660000.0,98600.0,-98600.0,47500.0,0.0,5699070000.0,-5699070000.0,2748720000.0,0.0
28/06/2021,26519.229188563,56500.0,800.0,0.01415929,26148.9781702236,26611.7919431479,26102.6967929312,501500.0,28563330000.0,0.0,0.0,501500.0,28563330000.0,41800.0,-50500.0,-6200.0,8700.0,2377920000.0,-2869470000.0,-348060000.0,491550000.0
25/06/2021,26148.9781702236,56400.0,100.0,0.00177305,26334.1036793933,26380.3850566857,25825.0085291765,429400.0,24225780000.0,46000.0,2584096000.0,475400.0,26809876000.0,-8000.0,18300.0,18600.0,-10300.0,-458720000.0,1032060000.0,1053180000.0,-573340000.0
24/06/2021,26102.6967929312,56900.0,-500.0,-0.00878735,26148.9781702236,26380.3850566857,26102.6967929312,312400.0,17689520000.0,0.0,0.0,312400.0,17689520000.0,-15900.0,15900.0,25400.0,0.0,-900210000.0,900210000.0,1439830000.0,0.0
23/06/2021,26334.1036793933,57600.0,-700.0,-0.01215278,26658.0733204402,26796.9174523176,26195.2595475159,692700.0,39512640000.0,0.0,0.0,692700.0,39512640000.0,39300.0,-30600.0,8100.0,-8700.0,2250650000.0,-1750460000.0,459050000.0,-500190000.0
22/06/2021,26658.0733204402,58200.0,-600.0,-0.01030928,26843.19882961,27213.4498479494,26519.229188563,559600.0,32510850000.0,0.0,0.0,559600.0,32510850000.0,10200.0,-2000.0,29900.0,-8200.0,595430000.0,-115590000.0,1744660000.0,-479840000.0
21/06/2021,26935.7615841948,59700.0,-1500.0,-0.02512563,26843.19882961,27444.8567344115,26750.6360750252,684000.0,39972250000.0,0.0,0.0,684000.0,39972250000.0,-5900.0,5900.0,52600.0,0.0,-347500000.0,347500000.0,3079130000.0,0.0
18/06/2021,27629.9822435814,60000.0,-300.0,-0.005,28185.3587710905,28231.6401483829,27583.7008662889,1201700.0,72180570000.0,0.0,0.0,1201700.0,72180570000.0,-8600.0,8000.0,19400.0,600.0,-503940000.0,468000000.0,1153630000.0,35940000.0
17/06/2021,27768.8263754586,56900.0,3100.0,0.05448155,25871.2899064689,27907.670507336,25825.0085291765,1078600.0,63014480000.0,0.0,0.0,1078600.0,63014480000.0,-63300.0,63300.0,-24000.0,0.0,-3798490000.0,3798490000.0,-1403990000.0,0.0
16/06/2021,26334.1036793933,56900.0,0.0,0.0,26241.5409248084,26519.229188563,25825.0085291765,616300.0,34798320000.0,0.0,0.0,616300.0,34798320000.0,102000.0,-102000.0,-102200.0,0.0,5735990000.0,-5735990000.0,-5746520000.0,0.0
15/06/2021,26334.1036793933,55500.0,1400.0,0.02522523,26102.6967929312,26472.9478112706,25917.5712837614,779500.0,44252490000.0,0.0,0.0,779500.0,44252490000.0,-29200.0,22500.0,-13600.0,6700.0,-1645620000.0,1268060000.0,-771980000.0,377560000.0
14/06/2021,25686.1643972992,54900.0,600.0,0.01092896,25639.8830200069,25825.0085291765,25362.1947562523,764800.0,42335710000.0,0.0,0.0,764800.0,42335710000.0,289800.0,-289800.0,-300800.0,0.0,16039230000.0,-16039230000.0,-16644480000.0,0.0
11/06/2021,25408.4761335446,54500.0,400.0,0.00733945,25223.350624375,25547.3202654219,24991.9437379127,789200.0,43058460000.0,99533.0,5802773900.0,888733.0,48861233900.0,103600.0,-107600.0,-313100.0,4000.0,5629210000.0,-5847210000.0,-17073470000.0,218000000.0
10/06/2021,25223.350624375,55500.0,-1000.0,-0.01801802,25223.350624375,25639.8830200069,24714.2554741583,1013600.0,54965920000.0,0.0,0.0,1013600.0,54965920000.0,247900.0,-240400.0,-355100.0,-7500.0,13432070000.0,-13023320000.0,-19253050000.0,-408750000.0
09/06/2021,25686.1643972992,56000.0,-500.0,-0.00892857,25454.7575108371,25917.5712837614,25454.7575108371,326800.0,18135810000.0,0.0,0.0,326800.0,18135810000.0,-41400.0,41400.0,-7100.0,0.0,-2312150000.0,2312150000.0,-389320000.0,0.0
08/06/2021,25917.5712837614,55800.0,200.0,0.00358423,25917.5712837614,26380.3850566857,25732.4457745917,592000.0,33281160000.0,0.0,0.0,592000.0,33281160000.0,-95900.0,86000.0,50100.0,9900.0,-5402940000.0,4848540000.0,2826290000.0,554400000.0
07/06/2021,25825.0085291765,57400.0,-1600.0,-0.02787456,26380.3850566857,26472.9478112706,24991.9437379127,1120100.0,62175470000.0,0.0,0.0,1120100.0,62175470000.0,164800.0,-164800.0,-120500.0,0.0,9214840000.0,-9214840000.0,-6742770000.0,0.0
04/06/2021,26565.5105658554,57800.0,-400.0,-0.00692042,26611.7919431479,26704.3546977328,26148.9781702236,520300.0,29751180000.0,0.0,0.0,520300.0,29751180000.0,-117400.0,117400.0,43200.0,0.0,-6723560000.0,6723560000.0,2465240000.0,0.0
03/06/2021,26750.6360750252,56000.0,1800.0,0.03214286,25686.1643972992,27074.6057160721,25686.1643972992,594100.0,33708220000.0,0.0,0.0,594100.0,33708220000.0,7200.0,6800.0,-33400.0,-14000.0,477050000.0,324790000.0,-1921150000.0,-801840000.0
02/06/2021,25917.5712837614,57000.0,-1000.0,-0.01754386,25917.5712837614,26287.8223021008,25732.4457745917,827600.0,46496330000.0,0.0,0.0,827600.0,46496330000.0,-63200.0,63200.0,91600.0,0.0,-3579530000.0,3579530000.0,5158150000.0,0.0
01/06/2021,26380.3850566857,58200.0,-1200.0,-0.02061856,26935.7615841948,26935.7615841948,26195.2595475159,834100.0,47754050000.0,0.0,0.0,834100.0,47754050000.0,-54400.0,54400.0,1100.0,0.0,-3113100000.0,3113100000.0,57620000.0,0.0
31/05/2021,26935.7615841948,59300.0,-1100.0,-0.01854975,27537.4194889964,27583.7008662889,26843.19882961,551500.0,32295830000.0,551100.0,34939740000.0,1102600.0,67235570000.0,54800.0,-54800.0,-17100.0,0.0,3207740000.0,-3207740000.0,-999210000.0,0.0
28/05/2021,27444.8567344115,59200.0,100.0,0.00168919,27213.4498479494,27444.8567344115,26982.0429614873,769900.0,45368850000.0,0.0,0.0,769900.0,45368850000.0,29000.0,-29000.0,25400.0,0.0,1720520000.0,-1720520000.0,1491710000.0,0.0
27/05/2021,27398.5753571192,59100.0,100.0,0.00169205,27352.2939798267,28231.6401483829,27120.8870933647,1038100.0,62072710000.0,56000.0,3539200000.0,1094100.0,65611910000.0,-12300.0,12300.0,4200.0,0.0,-733580000.0,733580000.0,251870000.0,0.0
26/05/2021,27352.2939798267,59100.0,0.0,0.0,27352.2939798267,27398.5753571192,26982.0429614873,518900.0,30520560000.0,0.0,0.0,518900.0,30520560000.0,71600.0,-70700.0,-72500.0,-900.0,4179000000.0,-4127130000.0,-4243910000.0,-51870000.0
25/05/2021,27352.2939798267,59100.0,0.0,0.0,27398.5753571192,27537.4194889964,26843.19882961,590800.0,34732000000.0,0.0,0.0,590800.0,34732000000.0,4900.0,-10600.0,-60600.0,5700.0,262440000.0,-599880000.0,-3556710000.0,337440000.0
24/05/2021,27352.2939798267,58000.0,1100.0,0.01896552,26843.19882961,27722.5449981662,26658.0733204402,879000.0,51581300000.0,0.0,0.0,879000.0,51581300000.0,-43800.0,43800.0,-63300.0,0.0,-2669570000.0,2669570000.0,-3672970000.0,0.0
21/05/2021,26843.19882961,58400.0,-400.0,-0.00684932,27028.3243387797,27028.3243387797,26519.229188563,822600.0,47573270000.0,0.0,0.0,822600.0,47573270000.0,43000.0,-40600.0,-23400.0,-2400.0,2466210000.0,-2327730000.0,-1352690000.0,-138480000.0
20/05/2021,27028.3243387797,55000.0,3400.0,0.06181818,25269.6320016673,27074.6057160721,25269.6320016673,1457300.0,82753340000.0,571390.0,33597732000.0,2028690.0,116351072000.0,-206200.0,211900.0,-26300.0,-5700.0,-11877640000.0,12188860000.0,-1459320000.0,-311220000.0
19/05/2021,25454.7575108371,55500.0,-500.0,-0.00900901,25454.7575108371,25593.6016427144,25177.0692470825,357800.0,19612430000.0,0.0,0.0,357800.0,19612430000.0,-100500.0,100500.0,6600.0,0.0,-5507860000.0,5507860000.0,360210000.0,0.0
18/05/2021,25686.1643972992,55200.0,300.0,0.00543478,25547.3202654219,25917.5712837614,25177.0692470825,523000.0,28890180000.0,0.0,0.0,523000.0,28890180000.0,-69700.0,69700.0,-7100.0,0.0,-3837910000.0,3837910000.0,-391280000.0,0.0
17/05/2021,25547.3202654219,56000.0,-800.0,-0.01428571,25917.5712837614,26056.4154156386,25454.7575108371,360000.0,19996200000.0,0.0,0.0,360000.0,19996200000.0,39300.0,-39300.0,-1400.0,0.0,2180830000.0,-2180830000.0,-76490000.0,0.0
14/05/2021,25917.5712837614,55000.0,1000.0,0.01818182,25454.7575108371,26195.2595475159,25223.350624375,626200.0,34955550000.0,0.0,0.0,626200.0,34955550000.0,-23800.0,23300.0,2600.0,500.0,-1334990000.0,1307490000.0,144160000.0,27500000.0
13/05/2021,25454.7575108371,55300.0,-300.0,-0.00542495,25454.7575108371,25686.1643972992,25130.7878697901,603500.0,33062160000.0,0.0,0.0,603500.0,33062160000.0,12700.0,-12700.0,8000.0,0.0,700750000.0,-700750000.0,437470000.0,0.0
12/05/2021,25593.6016427144,54900.0,400.0,0.00728597,25130.7878697901,25871.2899064689,24991.9437379127,376800.0,20705400000.0,0.0,0.0,376800.0,20705400000.0,26100.0,-26100.0,2000.0,0.0,1423120000.0,-1423120000.0,112980000.0,0.0
11/05/2021,25408.4761335446,56700.0,-1800.0,-0.03174603,26241.5409248084,26287.8223021008,25362.1947562523,906700.0,50555900000.0,0.0,0.0,906700.0,50555900000.0,600.0,-100.0,48600.0,-500.0,19430000.0,8020000.0,2721780000.0,-27450000.0
10/05/2021,26241.5409248084,56100.0,600.0,0.01069519,25732.4457745917,26565.5105658554,25501.0388881295,898500.0,50985630000.0,0.0,0.0,898500.0,50985630000.0,-173600.0,173600.0,250700.0,0.0,-9858070000.0,9858070000.0,14230000000.0,0.0
07/05/2021,25963.8526610539,55100.0,1000.0,0.01814882,25362.1947562523,26241.5409248084,24991.9437379127,996200.0,55277330000.0,0.0,0.0,996200.0,55277330000.0,-192100.0,192100.0,165400.0,0.0,-10646100000.0,10646100000.0,9179980000.0,0.0
06/05/2021,25501.0388881295,52800.0,2300.0,0.04356061,24760.5368514505,25639.8830200069,24482.848587696,1560900.0,85166180000.0,429900.0,23035642000.0,1990800.0,108201822000.0,-372700.0,372700.0,163100.0,0.0,-20316680000.0,20316680000.0,8883210000.0,0.0
05/05/2021,24436.5672104036,52100.0,700.0,0.0134357,24112.5975693565,24760.5368514505,24112.5975693565,390100.0,20711970000.0,140000.0,7504000000.0,530100.0,28215970000.0,-31100.0,33800.0,-73100.0,-2700.0,-1690120000.0,1831460000.0,-3862020000.0,-141340000.0
04/05/2021,24112.5975693565,53600.0,-1500.0,-0.02798507,24297.7230785263,24529.1299649885,24066.3161920642,461800.0,24227730000.0,345000.0,19552275000.0,806800.0,43780005000.0,209600.0,-209600.0,-205300.0,0.0,10975120000.0,-10975120000.0,-10748730000.0,0.0
29/04/2021,24806.818228743,51000.0,2600.0,0.05098039,23603.5024191399,24806.818228743,23418.3769099701,1047800.0,55144480000.0,0.0,0.0,1047800.0,55144480000.0,-604500.0,604500.0,351900.0,0.0,-32055450000.0,32055450000.0,18495600000.0,0.0
28/04/2021,23603.5024191399,51000.0,0.0,0.0,23464.6582872625,23649.7837964322,23186.970023508,287200.0,14586710000.0,0.0,0.0,287200.0,14586710000.0,16200.0,-16200.0,129600.0,0.0,812700000.0,-812700000.0,6596300000.0,0.0
27/04/2021,23603.5024191399,51300.0,-300.0,-0.00584795,23788.6279283095,23788.6279283095,23325.8141553852,548100.0,27961640000.0,0.0,0.0,548100.0,27961640000.0,-107700.0,107700.0,-5700.0,0.0,-5513330000.0,5513330000.0,-296500000.0,0.0
26/04/2021,23742.3465510172,52300.0,-1000.0,-0.01912046,24205.1603239414,24205.1603239414,23510.9396645549,428700.0,21940290000.0,0.0,0.0,428700.0,21940290000.0,-59100.0,59100.0,26100.0,0.0,-3001510000.0,3001510000.0,1345390000.0,0.0
23/04/2021,24205.1603239414,51200.0,1100.0,0.02148438,23603.5024191399,24205.1603239414,23279.5327780928,496900.0,25447770000.0,0.0,0.0,496900.0,25447770000.0,-217000.0,222700.0,254100.0,-5700.0,-11205950000.0,11496080000.0,13102790000.0,-290130000.0
22/04/2021,23696.0651737247,52000.0,-800.0,-0.0154,24066.3161920642,24066.3161920642,23696.0651737247,412900.0,21288560000.0,37500.0,1950000000.0,450400.0,23238560000.0,-70200.0,70200.0,-28800.0,0.0,-3620350000.0,3620350000.0,-1483040000.0,0.0
20/04/2021,24066.3161920642,52700.0,-700.0,-0.01328273,24390.2858331112,24621.6927195733,24066.3161920642,607800.0,32115140000.0,0.0,0.0,607800.0,32115140000.0,-198700.0,198700.0,105700.0,0.0,-10502490000.0,10502490000.0,5584890000.0,0.0
19/04/2021,24390.2858331112,51000.0,1700.0,0.03333333,23603.5024191399,24390.2858331112,23140.6886462155,537800.0,27448040000.0,200000.0,10900000000.0,737800.0,38348040000.0,-134600.0,134600.0,108500.0,0.0,-6913470000.0,6913470000.0,5555780000.0,0.0
16/04/2021,23603.5024191399,51700.0,-700.0,-0.01353965,23881.1906828944,23927.4720601869,23140.6886462155,691200.0,35082410000.0,0.0,0.0,691200.0,35082410000.0,-111000.0,111000.0,80900.0,0.0,-5586450000.0,5586450000.0,4094860000.0,0.0
15/04/2021,23927.4720601869,52900.0,-1200.0,-0.02268431,24390.2858331112,24482.848587696,23927.4720601869,620300.0,32361480000.0,0.0,0.0,620300.0,32361480000.0,147500.0,-147500.0,50300.0,0.0,7689920000.0,-7689920000.0,2614360000.0,0.0
14/04/2021,24482.848587696,53200.0,-300.0,-0.0056391,24529.1299649885,24621.6927195733,24251.4417012339,507400.0,26755100000.0,0.0,0.0,507400.0,26755100000.0,71000.0,-70500.0,51300.0,-500.0,3737810000.0,-3711410000.0,2707140000.0,-26400000.0
13/04/2021,24621.6927195733,53600.0,-400.0,-0.00746269,24853.0996060355,24853.0996060355,24529.1299649885,807100.0,43061400000.0,0.0,0.0,807100.0,43061400000.0,-196400.0,196400.0,49100.0,0.0,-10486270000.0,10486270000.0,2618590000.0,0.0
12/04/2021,24806.818228743,53500.0,100.0,0.00186916,24806.818228743,24806.818228743,24575.4113422809,754500.0,40258560000.0,0.0,0.0,754500.0,40258560000.0,-377300.0,375700.0,60700.0,1600.0,-20127080000.0,20041320000.0,3244460000.0,85760000.0
09/04/2021,24760.5368514505,52800.0,700.0,0.01325758,24436.5672104036,24806.818228743,24390.2858331112,652700.0,34629560000.0,100000.0,5640000000.0,752700.0,40269560000.0,131800.0,-131700.0,24200.0,-100.0,6997480000.0,-6992130000.0,1294360000.0,-5350000.0
08/04/2021,24436.5672104036,53300.0,-500.0,-0.00938086,24621.6927195733,24667.9740968657,24344.0044558188,378300.0,20009790000.0,0.0,0.0,378300.0,20009790000.0,34100.0,-34100.0,-21800.0,0.0,1802860000.0,-1802860000.0,-1150410000.0,0.0
07/04/2021,24667.9740968657,53300.0,0.0,0.0,24390.2858331112,24667.9740968657,24297.7230785263,291200.0,15423880000.0,0.0,0.0,291200.0,15423880000.0,10800.0,-9200.0,5700.0,-1600.0,569230000.0,-484270000.0,303500000.0,-84960000.0
06/04/2021,24667.9740968657,53600.0,-300.0,-0.00559701,24853.0996060355,24991.9437379127,24297.7230785263,369800.0,19827610000.0,0.0,0.0,369800.0,19827610000.0,-22100.0,22100.0,77200.0,0.0,-1225710000.0,1225710000.0,4164760000.0,0.0
05/04/2021,24806.818228743,53700.0,-100.0,-0.0018622,24945.6623606204,25084.5064924976,24667.9740968657,388200.0,20878940000.0,0.0,0.0,388200.0,20878940000.0,-7500.0,7500.0,34300.0,0.0,-398350000.0,398350000.0,1839130000.0,0.0
02/04/2021,24853.0996060355,53900.0,-200.0,-0.00371058,24991.9437379127,25084.5064924976,24853.0996060355,542500.0,29286410000.0,110000.0,5940000000.0,652500.0,35226410000.0,77900.0,-77900.0,39900.0,0.0,4210740000.0,-4210740000.0,2153420000.0,0.0
01/04/2021,24945.6623606204,52600.0,1300.0,0.02471483,24390.2858331112,24945.6623606204,24297.7230785263,458300.0,24306100000.0,0.0,0.0,458300.0,24306100000.0,110200.0,-110200.0,-8800.0,0.0,5848160000.0,-5848160000.0,-464170000.0,0.0
31/03/2021,24344.0044558188,53200.0,-600.0,-0.0112782,24251.4417012339,24621.6927195733,24251.4417012339,728900.0,38377060000.0,0.0,0.0,728900.0,38377060000.0,-193000.0,193000.0,25000.0,0.0,-10164600000.0,10164600000.0,1317820000.0,0.0
30/03/2021,24621.6927195733,54300.0,-1100.0,-0.02025783,25130.7878697901,25130.7878697901,24344.0044558188,816600.0,43454210000.0,0.0,0.0,816600.0,43454210000.0,170300.0,-170300.0,-17800.0,0.0,9070660000.0,-9070660000.0,-934340000.0,0.0
29/03/2021,25130.7878697901,54000.0,300.0,0.00555556,24991.9437379127,25130.7878697901,24714.2554741583,301000.0,16171560000.0,0.0,0.0,301000.0,16171560000.0,-44800.0,44800.0,20100.0,0.0,-2408470000.0,2408470000.0,1088570000.0,0.0
26/03/2021,24991.9437379127,53400.0,600.0,0.01123596,24714.2554741583,24991.9437379127,23001.8445143381,870500.0,45841415000.0,1824000.0,104150400000.0,2694500.0,149991815000.0,-476800.0,476800.0,26200.0,0.0,-25135855000.0,25135855000.0,1354510000.0,0.0
25/03/2021,24714.2554741583,54000.0,-600.0,-0.01111111,24991.9437379127,25084.5064924976,24667.9740968657,565800.0,30396310000.0,0.0,0.0,565800.0,30396310000.0,64700.0,-64700.0,11700.0,0.0,3485270000.0,-3485270000.0,624860000.0,0.0
24/03/2021,24991.9437379127,55500.0,-1500.0,-0.02702703,25130.7878697901,25454.7575108371,24760.5368514505,672400.0,36377690000.0,0.0,0.0,672400.0,36377690000.0,-5000.0,5000.0,4400.0,0.0,-274030000.0,274030000.0,241120000.0,0.0
23/03/2021,25686.1643972992,56500.0,-1000.0,-0.01769912,26148.9781702236,26148.9781702236,25501.0388881295,456100.0,25403160000.0,0.0,0.0,456100.0,25403160000.0,13700.0,-13700.0,2500.0,0.0,763010000.0,-763010000.0,134900000.0,0.0
22/03/2021,26148.9781702236,56200.0,300.0,0.00533808,26195.2595475159,26380.3850566857,25917.5712837614,982800.0,55597140000.0,0.0,0.0,982800.0,55597140000.0,-497200.0,497200.0,-89200.0,0.0,-28143570000.0,28143570000.0,-5038840000.0,0.0
19/03/2021,26010.1340383464,54100.0,2100.0,0.03881701,25038.2251152051,26056.4154156386,24945.6623606204,1678800.0,92899140000.0,0.0,0.0,1678800.0,92899140000.0,-200200.0,200200.0,-126700.0,0.0,-11450870000.0,11450870000.0,-7053970000.0,0.0
18/03/2021,25038.2251152051,53900.0,200.0,0.00371058,25130.7878697901,25362.1947562523,24945.6623606204,428500.0,23259250000.0,0.0,0.0,428500.0,23259250000.0,74600.0,-74600.0,-300.0,0.0,4035190000.0,-4035190000.0,-16900000.0,0.0
17/03/2021,24945.6623606204,53900.0,0.0,0.0,24945.6623606204,24991.9437379127,24714.2554741583,636800.0,34196980000.0,0.0,0.0,636800.0,34196980000.0,81400.0,-80400.0,22600.0,-1000.0,4364150000.0,-4310150000.0,1213610000.0,-54000000.0
16/03/2021,24945.6623606204,54900.0,-1000.0,-0.01821494,25408.4761335446,25408.4761335446,24667.9740968657,1072000.0,57876800000.0,0.0,0.0,1072000.0,57876800000.0,-103300.0,103800.0,52200.0,-500.0,-5627030000.0,5654480000.0,2815480000.0,-27450000.0
15/03/2021,25408.4761335446,55500.0,-600.0,-0.01081081,25547.3202654219,25686.1643972992,25362.1947562523,586200.0,32357660000.0,75000.0,4105500000.0,661200.0,36463160000.0,-52800.0,52800.0,111000.0,0.0,-2933890000.0,2933890000.0,6159340000.0,0.0
12/03/2021,25686.1643972992,55500.0,0.0,0.0,25686.1643972992,25732.4457745917,25501.0388881295,611700.0,33838110000.0,0.0,0.0,611700.0,33838110000.0,9400.0,-9400.0,-500.0,0.0,523030000.0,-523030000.0,-26970000.0,0.0
11/03/2021,25686.1643972992,54900.0,600.0,0.01092896,25454.7575108371,25686.1643972992,25454.7575108371,821900.0,45478780000.0,0.0,0.0,821900.0,45478780000.0,-179900.0,179900.0,12800.0,0.0,-9964550000.0,9964550000.0,719750000.0,0.0
10/03/2021,25408.4761335446,55000.0,-100.0,-0.00181818,25315.9133789598,25408.4761335446,24991.9437379127,968100.0,52764660000.0,0.0,0.0,968100.0,52764660000.0,-199200.0,199200.0,31100.0,0.0,-10843290000.0,10843290000.0,1689340000.0,0.0
09/03/2021,25454.7575108371,56000.0,-1000.0,-0.01785714,25639.8830200069,25732.4457745917,24853.0996060355,1461200.0,79774540000.0,0.0,0.0,1461200.0,79774540000.0,99500.0,-99500.0,-159700.0,0.0,5321540000.0,-5321540000.0,-8699520000.0,0.0
08/03/2021,25917.5712837614,55400.0,600.0,0.01083032,25732.4457745917,26148.9781702236,25639.8830200069,614800.0,34396750000.0,0.0,0.0,614800.0,34396750000.0,-223300.0,223300.0,30100.0,0.0,-12504230000.0,12504230000.0,1693020000.0,0.0
05/03/2021,25639.8830200069,55500.0,-100.0,-0.0018018,25686.1643972992,25686.1643972992,25223.350624375,641600.0,35278980000.0,0.0,0.0,641600.0,35278980000.0,-89900.0,89900.0,-18300.0,0.0,-4944810000.0,4944810000.0,-1005670000.0,0.0
04/03/2021,25686.1643972992,57100.0,-1600.0,-0.02802102,26658.0733204402,26658.0733204402,25223.350624375,948400.0,53253780000.0,0.0,0.0,948400.0,53253780000.0,-23300.0,23300.0,-18700.0,0.0,-1333790000.0,1333790000.0,-973890000.0,0.0
03/03/2021,26426.6664339782,56900.0,200.0,0.00351494,26519.229188563,26565.5105658554,26241.5409248084,1146400.0,65440630000.0,0.0,0.0,1146400.0,65440630000.0,-46600.0,46600.0,-49100.0,0.0,-2656870000.0,2656870000.0,-2797480000.0,0.0
02/03/2021,26334.1036793933,56900.0,0.0,0.0,26611.7919431479,26658.0733204402,26241.5409248084,563900.0,32216540000.0,0.0,0.0,563900.0,32216540000.0,-11600.0,11600.0,2600.0,0.0,-668690000.0,668690000.0,145530000.0,0.0
01/03/2021,26334.1036793933,56700.0,200.0,0.00352734,26241.5409248084,26519.229188563,26241.5409248084,874100.0,49813020000.0,0.0,0.0,874100.0,49813020000.0,-154800.0,155100.0,25700.0,-300.0,-8832710000.0,8849780000.0,1466280000.0,-17070000.0
26/02/2021,26241.5409248084,56400.0,300.0,0.00531915,25778.727151884,26287.8223021008,25732.4457745917,1037700.0,58403940000.0,0.0,0.0,1037700.0,58403940000.0,-31200.0,31200.0,87600.0,0.0,-1762400000.0,1762400000.0,4923180000.0,0.0
25/02/2021,26102.6967929312,57000.0,-600.0,-0.01052632,26426.6664339782,26704.3546977328,25917.5712837614,816200.0,46125730000.0,27000.0,1593000000.0,843200.0,47718730000.0,105000.0,-105000.0,-67100.0,0.0,5942600000.0,-5942600000.0,-3776930000.0,0.0
24/02/2021,26380.3850566857,56400.0,600.0,0.0106383,26287.8223021008,26472.9478112706,25454.7575108371,616000.0,34669210000.0,0.0,0.0,616000.0,34669210000.0,20200.0,-20200.0,-41500.0,0.0,1051000000.0,-1051000000.0,-2256860000.0,0.0
23/02/2021,26102.6967929312,57000.0,-600.0,-0.01052632,26380.3850566857,26611.7919431479,25917.5712837614,990700.0,56063300000.0,0.0,0.0,990700.0,56063300000.0,306300.0,-306300.0,-2300.0,0.0,17239910000.0,-17239910000.0,-130880000.0,0.0
22/02/2021,26380.3850566857,58600.0,-1600.0,-0.02730375,26889.4802069024,26982.0429614873,26287.8223021008,1044700.0,60181740000.0,0.0,0.0,1044700.0,60181740000.0,-33500.0,33500.0,8400.0,0.0,-1936110000.0,1936110000.0,482220000.0,0.0
19/02/2021,27120.8870933647,59600.0,-1000.0,-0.01677852,27074.6057160721,27537.4194889964,27074.6057160721,637700.0,37526060000.0,360000.0,21240000000.0,997700.0,58766060000.0,39000.0,-39000.0,33500.0,0.0,2293050000.0,-2293050000.0,1974650000.0,0.0
18/02/2021,27583.7008662889,59100.0,500.0,0.00846024,27306.0126025343,27583.7008662889,26611.7919431479,1053100.0,61830250000.0,0.0,0.0,1053100.0,61830250000.0,-221800.0,221800.0,58700.0,0.0,-13061630000.0,13061630000.0,3443430000.0,0.0
17/02/2021,27352.2939798267,57000.0,2100.0,0.03684211,26843.19882961,27398.5753571192,26380.3850566857,1912700.0,112061140000.0,59600.0,3629640000.0,1972300.0,115690780000.0,392300.0,-392300.0,-193400.0,0.0,23051870000.0,-23051870000.0,-11317460000.0,0.0
09/02/2021,26380.3850566857,54000.0,3000.0,0.0556,24991.9437379127,26380.3850566857,24760.5368514505,1500300.0,82468780000.0,0.0,0.0,1500300.0,82468780000.0,299300.0,-299200.0,-234500.0,-100.0,16433480000.0,-16427780000.0,-13267560000.0,-5700000.0
08/02/2021,24991.9437379127,53500.0,500.0,0.00934579,24853.0996060355,25917.5712837614,24436.5672104036,1818200.0,99078140000.0,0.0,0.0,1818200.0,99078140000.0,831000.0,-831000.0,-330800.0,0.0,45352420000.0,-45352420000.0,-18146840000.0,0.0
05/02/2021,24760.5368514505,53500.0,0.0,0.0,24760.5368514505,24991.9437379127,24344.0044558188,937100.0,49556600000.0,490623.0,27854215600.0,1427723.0,77410815600.0,530400.0,-530400.0,-57900.0,0.0,28021850000.0,-28021850000.0,-3082760000.0,0.0
04/02/2021,24760.5368514505,54000.0,-500.0,-0.00925926,25130.7878697901,25130.7878697901,24344.0044558188,1187200.0,63084230000.0,0.0,0.0,1187200.0,63084230000.0,632300.0,-637300.0,-111900.0,5000.0,33596590000.0,-33868090000.0,-6000300000.0,271500000.0
03/02/2021,24991.9437379127,53500.0,500.0,0.00934579,24991.9437379127,25223.350624375,24529.1299649885,1020400.0,54855560000.0,0.0,0.0,1020400.0,54855560000.0,-35500.0,35500.0,-62400.0,0.0,-1874730000.0,1874730000.0,-3390020000.0,0.0
02/02/2021,24760.5368514505,50100.0,3400.0,0.06786427,23048.1258916307,24760.5368514505,23024.9852029845,669000.0,34288695000.0,156600.0,7614520000.0,825600.0,41903215000.0,-249000.0,249000.0,172100.0,0.0,-12847425000.0,12847425000.0,8908000000.0,0.0
01/02/2021,23186.970023508,51000.0,-900.0,-0.01764706,23510.9396645549,23973.7534374793,22585.3121187064,485900.0,24439960000.0,0.0,0.0,485900.0,24439960000.0,-96800.0,101800.0,-2200.0,-5000.0,-4866285000.0,5120285000.0,-108200000.0,-254000000.0
29/01/2021,23603.5024191399,48300.0,2700.0,0.05590062,21289.4335545184,23881.1906828944,21289.4335545184,680300.0,33619000000.0,0.0,0.0,680300.0,33619000000.0,-11400.0,11400.0,150800.0,0.0,-606940000.0,606940000.0,7520285000.0,0.0
28/01/2021,22353.9052322443,51900.0,-3600.0,-0.06936416,22353.9052322443,23372.0955326776,22353.9052322443,917900.0,45255220000.0,1700000.0,94350000000.0,2617900.0,139605220000.0,-58000.0,53000.0,24500.0,5000.0,-2814025000.0,2572525000.0,1158015000.0,241500000.0
27/01/2021,24020.0348147716,53400.0,-1500.0,-0.02808989,24066.3161920642,24714.2554741583,23140.6886462155,958000.0,49689600000.0,20000.0,1142000000.0,978000.0,50831600000.0,15300.0,-15300.0,43500.0,0.0,693830000.0,-693830000.0,2353400000.0,0.0
26/01/2021,24714.2554741583,54300.0,-900.0,-0.01657459,25315.9133789598,25315.9133789598,24066.3161920642,713400.0,38119820000.0,0.0,0.0,713400.0,38119820000.0,-37400.0,33400.0,85700.0,4000.0,-2024630000.0,1805830000.0,4600340000.0,218800000.0
25/01/2021,25130.7878697901,54100.0,200.0,0.00369686,25038.2251152051,25223.350624375,24899.3809833278,678300.0,36753460000.0,0.0,0.0,678300.0,36753460000.0,-280300.0,285300.0,333700.0,-5000.0,-15185940000.0,15457440000.0,18071460000.0,-271500000.0
22/01/2021,25038.2251152051,53600.0,500.0,0.00932836,24806.818228743,25454.7575108371,24667.9740968657,816100.0,44275270000.0,37600.0,2003553600.0,853700.0,46278823600.0,-300.0,300.0,91000.0,0.0,27720000.0,-27720000.0,4889590000.0,0.0
21/01/2021,24806.818228743,53000.0,600.0,0.01132075,24529.1299649885,24945.6623606204,24251.4417012339,586800.0,31244610000.0,0.0,0.0,586800.0,31244610000.0,-189200.0,185000.0,177400.0,4200.0,-10078790000.0,9858590000.0,9443710000.0,220200000.0
20/01/2021,24529.1299649885,52800.0,200.0,0.00378788,24482.848587696,24575.4113422809,23140.6886462155,988000.0,51233800000.0,0.0,0.0,988000.0,51233800000.0,1700.0,-1700.0,24900.0,0.0,-9860000.0,9860000.0,1372430000.0,0.0
19/01/2021,24436.5672104036,53900.0,-1100.0,-0.02040816,24945.6623606204,24945.6623606204,23233.2514008004,786300.0,40287150000.0,718320.0,41375232000.0,1504620.0,81662382000.0,75000.0,-75000.0,82400.0,0.0,3751770000.0,-3751770000.0,4253830000.0,0.0
18/01/2021,24945.6623606204,53500.0,400.0,0.00747664,24760.5368514505,25223.350624375,24621.6927195733,559600.0,30132620000.0,37600.0,2000320000.0,597200.0,32132940000.0,50000.0,-41900.0,-53400.0,-8100.0,2678900000.0,-2244350000.0,-2869370000.0,-434550000.0
15/01/2021,24760.5368514505,53000.0,500.0,0.0094,24760.5368514505,24853.0996060355,24390.2858331112,925900.0,49347890000.0,300000.0,17010000000.0,1225900.0,66357890000.0,-59100.0,59100.0,170500.0,0.0,-3158170000.0,3158170000.0,9096030000.0,0.0
14/01/2021,24529.1299649885,53200.0,-200.0,-0.0038,24621.6927195733,24667.9740968657,24390.2858331112,482400.0,25592430000.0,0.0,0.0,482400.0,25592430000.0,9800.0,-9800.0,5100.0,0.0,519360000.0,-519360000.0,270180000.0,0.0
13/01/2021,24621.6927195733,53100.0,100.0,0.00188324,24760.5368514505,24899.3809833278,24297.7230785263,1066600.0,56827930000.0,0.0,0.0,1066600.0,56827930000.0,-31900.0,32000.0,119600.0,-100.0,-1702690000.0,1707960000.0,6326470000.0,-5270000.0
12/01/2021,24575.4113422809,51200.0,1900.0,0.03710938,23696.0651737247,24760.5368514505,23603.5024191399,1089900.0,56672850000.0,0.0,0.0,1089900.0,56672850000.0,-205400.0,205400.0,267900.0,0.0,-10632720000.0,10632720000.0,13822430000.0,0.0
11/01/2021,23696.0651737247,51300.0,-100.0,-0.00194932,23742.3465510172,23973.7534374793,23603.5024191399,614200.0,31525470000.0,0.0,0.0,614200.0,31525470000.0,-271400.0,271400.0,272400.0,0.0,-13916510000.0,13916510000.0,13964680000.0,0.0
08/01/2021,23742.3465510172,51000.0,300.0,0.00588235,23834.909305602,23834.909305602,23372.0955326776,498200.0,25454720000.0,208000.0,9869600000.0,706200.0,35324320000.0,-217100.0,208000.0,195900.0,9100.0,-11080010000.0,10611360000.0,9994400000.0,468650000.0
07/01/2021,23603.5024191399,50000.0,1000.0,0.02,23094.407268923,23742.3465510172,23048.1258916307,624000.0,31547695000.0,86700.0,4335000000.0,710700.0,35882695000.0,-173100.0,163100.0,142100.0,10000.0,-8734185000.0,8235185000.0,7177215000.0,499000000.0
06/01/2021,23140.6886462155,50200.0,-200.0,-0.00398406,23279.5327780928,23603.5024191399,22955.5631370458,456500.0,22974210000.0,560000.0,28112000000.0,1016500.0,51086210000.0,-107900.0,107900.0,101900.0,0.0,-5444810000.0,5444810000.0,5141340000.0,0.0
05/01/2021,23233.2514008004,50300.0,-100.0,-0.00198807,23140.6886462155,23372.0955326776,23094.407268923,362700.0,18186320000.0,312600.0,16817880000.0,675300.0,35004200000.0,-46600.0,55700.0,52100.0,-9100.0,-2341410000.0,2798230000.0,2617340000.0,-456820000.0
04/01/2021,23279.5327780928,48950.0,1350.0,0.02757916,22932.4224483995,23372.0955326776,22770.4376278761,659500.0,32813350000.0,328000.0,16260000000.0,987500.0,49073350000.0,-50900.0,60900.0,18700.0,-10000.0,-2540655000.0,3034655000.0,940965000.0,-494000000.0
31/12/2020,22654.734184645,48300.0,650.0,0.01345756,22215.0611003669,22654.734184645,22215.0611003669,241510.0,11709659000.0,0.0,0.0,241510.0,11709659000.0,-58870.0,58910.0,47940.0,-40.0,-2844385500.0,2846315500.0,2316861000.0,-1930000.0
30/12/2020,22353.9052322443,47700.0,600.0,0.01257862,22076.2169684897,22677.8748732912,21937.3728366123,504640.0,24300070500.0,0.0,0.0,504640.0,24300070500.0,-119880.0,119880.0,22930.0,0.0,-5714744000.0,5714744000.0,1101227000.0,0.0
29/12/2020,22076.2169684897,47650.0,50.0,0.00104932,22029.9355911972,22145.6390344283,21891.0914593199,318410.0,15146857000.0,0.0,0.0,318410.0,15146857000.0,-199410.0,199410.0,60670.0,0.0,-9476589000.0,9476589000.0,2890991500.0,0.0
28/12/2020,22053.0762798434,48000.0,-350.0,-0.00729167,22353.9052322443,22353.9052322443,21937.3728366123,383160.0,18340730500.0,0.0,0.0,383160.0,18340730500.0,-66720.0,66720.0,22720.0,0.0,-3189074000.0,3189074000.0,1089424000.0,0.0
25/12/2020,22215.0611003669,47700.0,300.0,0.00628931,21867.9507706737,22215.0611003669,21867.9507706737,451440.0,21481089000.0,0.0,0.0,451440.0,21481089000.0,-158790.0,158790.0,48030.0,0.0,-7543422500.0,7543422500.0,2293706000.0,0.0
24/12/2020,22076.2169684897,48500.0,-800.0,-0.01649485,22238.2017890131,22446.4679868292,21659.6845728578,554540.0,26406883500.0,0.0,0.0,554540.0,26406883500.0,-254230.0,254230.0,107660.0,0.0,-12131016500.0,12131016500.0,5133870000.0,0.0
23/12/2020,22446.4679868292,48600.0,-100.0,-0.00205761,22677.8748732912,22701.0155619374,22215.0611003669,500210.0,24386312000.0,0.0,0.0,500210.0,24386312000.0,-136660.0,136630.0,35700.0,30.0,-6665946500.0,6664476500.0,1740798500.0,1470000.0
22/12/2020,22492.7493641215,47100.0,1500.0,0.03184713,21798.5287047351,22585.3121187064,21659.6845728578,792470.0,37832112500.0,0.0,0.0,792470.0,37832112500.0,-63550.0,63550.0,34220.0,0.0,-2999954500.0,2999954500.0,1611995500.0,0.0
21/12/2020,21798.5287047351,46600.0,500.0,0.01072961,21752.2473274425,22122.498345782,21752.2473274425,522710.0,24705365000.0,0.0,0.0,522710.0,24705365000.0,23040.0,-23640.0,43970.0,600.0,1063562500.0,-1091762500.0,2082547000.0,28200000.0
18/12/2020,21567.121818273,46300.0,300.0,0.00647948,21289.4335545184,21659.6845728578,21289.4335545184,593480.0,27618500000.0,0.0,0.0,593480.0,27618500000.0,-199030.0,199060.0,135570.0,-30.0,-9260806000.0,9262199500.0,6309390500.0,-1393500.0
17/12/2020,21428.2776863956,47300.0,-1000.0,-0.02114165,21752.2473274425,21891.0914593199,21335.7149318107,938760.0,43793028500.0,0.0,0.0,938760.0,43793028500.0,205290.0,-205290.0,54050.0,0.0,9536999500.0,-9536999500.0,2480269000.0,0.0
16/12/2020,21891.0914593199,47500.0,-200.0,-0.00421053,21891.0914593199,22029.9355911972,21752.2473274425,559800.0,26483425000.0,38000.0,1797400000.0,597800.0,28280825000.0,-308560.0,309160.0,211520.0,-600.0,-14603525000.0,14631840000.0,10016114000.0,-28315000.0
15/12/2020,21983.6542139048,47550.0,-50.0,-0.00105152,22099.3576571359,22215.0611003669,21821.6693933812,443820.0,21133493000.0,0.0,0.0,443820.0,21133493000.0,-103470.0,103470.0,9370.0,0.0,-4922657500.0,4922657500.0,441643000.0,0.0
14/12/2020,22006.7949025511,47500.0,50.0,0.00105263,22168.7797230745,22400.1866095366,21983.6542139048,457190.0,21922806500.0,0.0,0.0,457190.0,21922806500.0,-113870.0,110080.0,161140.0,3790.0,-5471336500.0,5289795500.0,7754472000.0,181541000.0
11/12/2020,21983.6542139048,47300.0,200.0,0.00422833,21891.0914593199,22122.498345782,21891.0914593199,483590.0,22935942000.0,248000.0,11730400000.0,731590.0,34666342000.0,11260.0,-11590.0,207050.0,330.0,533779500.0,-549388500.0,9821061500.0,15609000.0
10/12/2020,21891.0914593199,46750.0,550.0,0.01176471,21659.6845728578,22677.8748732912,21659.6845728578,686500.0,32625020500.0,0.0,0.0,686500.0,32625020500.0,43660.0,-43660.0,135690.0,0.0,2006287500.0,-2006287500.0,6503880000.0,0.0
09/12/2020,21636.5438842115,46500.0,250.0,0.00537634,21520.8404409804,21636.5438842115,21381.9963091031,552810.0,25748531000.0,0.0,0.0,552810.0,25748531000.0,176410.0,-172620.0,69480.0,-3790.0,8213871500.0,-8037636500.0,3253922000.0,-176235000.0
08/12/2020,21520.8404409804,46900.0,-400.0,-0.00852878,21705.9659501502,21798.5287047351,21520.8404409804,415460.0,19396871500.0,250000.0,11725000000.0,665460.0,31121871500.0,27610.0,-27280.0,17110.0,-330.0,1279652000.0,-1264274000.0,804163500.0,-15378000.0
07/12/2020,21705.9659501502,47000.0,-100.0,-0.00212766,21520.8404409804,21983.6542139048,21520.8404409804,343790.0,16196993000.0,0.0,0.0,343790.0,16196993000.0,-79530.0,79530.0,79540.0,0.0,-3763968000.0,3763968000.0,3764383000.0,0.0
04/12/2020,21752.2473274425,47200.0,-200.0,-0.00423729,21983.6542139048,21983.6542139048,21705.9659501502,364310.0,17168692000.0,92000.0,4646000000.0,456310.0,21814692000.0,-69110.0,71210.0,92870.0,-2100.0,-3247395000.0,3347145000.0,4369565000.0,-99750000.0
03/12/2020,21844.8100820274,48300.0,-1100.0,-0.02277433,22238.2017890131,22284.4831663055,21381.9963091031,479430.0,22559259500.0,0.0,0.0,479430.0,22559259500.0,129480.0,-129480.0,-188130.0,0.0,6098401500.0,-6098401500.0,-8849645500.0,0.0
02/12/2020,22353.9052322443,48450.0,-150.0,-0.00309598,22423.3272981828,22608.4528073526,22168.7797230745,278150.0,13408445500.0,0.0,0.0,278150.0,13408445500.0,-48680.0,48680.0,51240.0,0.0,-2353781000.0,2353781000.0,2478092500.0,0.0
01/12/2020,22423.3272981828,48600.0,-150.0,-0.00308642,22423.3272981828,22446.4679868292,22122.498345782,362830.0,17513733500.0,0.0,0.0,362830.0,17513733500.0,-51710.0,51460.0,39800.0,250.0,-2503808500.0,2491696000.0,1926877000.0,12112500.0
30/11/2020,22492.7493641215,47600.0,1000.0,0.0210084,22909.2817597534,22909.2817597534,22076.2169684897,821150.0,40115154000.0,0.0,0.0,821150.0,40115154000.0,-319880.0,319880.0,327210.0,0.0,-15668615000.0,15668615000.0,16030106000.0,0.0
27/11/2020,22029.9355911972,46400.0,1200.0,0.02586207,21451.4183750418,22076.2169684897,21335.7149318107,513130.0,24121589000.0,0.0,0.0,513130.0,24121589000.0,-259630.0,259630.0,309310.0,0.0,-12175407000.0,12175407000.0,14516985000.0,0.0
26/11/2020,21474.559063688,45900.0,500.0,0.01089325,21289.4335545184,21729.1066387965,21150.589422641,406620.0,18771492500.0,0.0,0.0,406620.0,18771492500.0,-183150.0,183400.0,190240.0,-250.0,-8447205000.0,8458705000.0,8770817000.0,-11500000.0
25/11/2020,21243.1521772258,46000.0,-100.0,-0.00217391,21914.2321479661,21914.2321479661,21058.026668056,405260.0,18731993500.0,0.0,0.0,405260.0,18731993500.0,-34710.0,34710.0,35260.0,0.0,-1656525000.0,1656525000.0,1689293500.0,0.0
24/11/2020,21289.4335545184,46050.0,-50.0,-0.00108578,21312.5742431645,21335.7149318107,20919.1825361788,386580.0,17688270000.0,0.0,0.0,386580.0,17688270000.0,-11780.0,11780.0,-35330.0,0.0,-537260500.0,537260500.0,-1614883000.0,0.0
23/11/2020,21312.5742431645,44500.0,1550.0,0.03483146,20595.2128951318,21474.559063688,20456.3687632545,745600.0,34161464500.0,0.0,0.0,745600.0,34161464500.0,41860.0,-41860.0,-51260.0,0.0,1937773500.0,-1937773500.0,-2371098500.0,0.0
20/11/2020,20595.2128951318,43900.0,600.0,0.01366743,20317.5246313772,20618.353583778,20317.5246313772,299890.0,13277642000.0,0.0,0.0,299890.0,13277642000.0,-63740.0,63740.0,10790.0,0.0,-2817833000.0,2817833000.0,476783000.0,0.0
19/11/2020,20317.5246313772,43900.0,0.0,0.0,20433.2280746084,20548.9315178393,20178.6804995,675990.0,29739113000.0,0.0,0.0,675990.0,29739113000.0,-55660.0,55660.0,19890.0,0.0,-2455820000.0,2455820000.0,872581500.0,0.0
18/11/2020,20317.5246313772,44150.0,-250.0,-0.00566251,20433.2280746084,20687.7756497167,20224.9618767923,400660.0,17633282000.0,0.0,0.0,400660.0,17633282000.0,55530.0,-55530.0,-7000.0,0.0,2425774500.0,-2425774500.0,-291390500.0,0.0
17/11/2020,20433.2280746084,43700.0,450.0,0.01029748,20317.5246313772,20502.650140547,20178.6804995,736910.0,32344002000.0,0.0,0.0,736910.0,32344002000.0,-49110.0,49110.0,-5310.0,0.0,-2174360000.0,2174360000.0,-212355500.0,0.0
16/11/2020,20224.9618767923,44500.0,-800.0,-0.01797753,20595.2128951318,20641.4942724242,20224.9618767923,325880.0,14344425500.0,0.0,0.0,325880.0,14344425500.0,34160.0,-34160.0,-29640.0,0.0,1469089000.0,-1469089000.0,-1273099500.0,0.0
13/11/2020,20595.2128951318,44500.0,0.0,0.0,20502.650140547,20618.353583778,20363.8060086696,316800.0,14051606000.0,0.0,0.0,316800.0,14051606000.0,40150.0,-40150.0,-14220.0,0.0,1770460500.0,-1770460500.0,-622225000.0,0.0
12/11/2020,20595.2128951318,42350.0,2150.0,0.05076741,19762.148103868,20687.7756497167,19715.8667265756,883980.0,39036000000.0,0.0,0.0,883980.0,39036000000.0,20150.0,-20150.0,32210.0,0.0,894153500.0,-894153500.0,1432424500.0,0.0
11/11/2020,19600.1632833445,42300.0,50.0,0.00118203,19600.1632833445,19600.1632833445,19461.3191514672,244470.0,10316000000.0,95000.0,4298750000.0,339470.0,14614750000.0,26650.0,-26650.0,-36780.0,0.0,1118590500.0,-1118590500.0,-1547812500.0,0.0
10/11/2020,19577.0225946983,42050.0,250.0,0.0059453,19669.5853492832,19739.0074152218,19577.0225946983,323620.0,13739766500.0,0.0,0.0,323620.0,13739766500.0,-80700.0,80700.0,22250.0,0.0,-3428509500.0,3428509500.0,944745000.0,0.0
09/11/2020,19461.3191514672,41900.0,150.0,0.00357995,19391.8970855287,19669.5853492832,19299.3343309437,506590.0,21329344500.0,0.0,0.0,506590.0,21329344500.0,-56980.0,56980.0,28510.0,0.0,-2399762000.0,2399762000.0,1204291000.0,0.0
06/11/2020,19391.8970855287,41800.0,100.0,0.00239234,19345.6157082361,19415.0377741748,19299.3343309437,239580.0,10015855000.0,0.0,0.0,239580.0,10015855000.0,6440.0,-6440.0,-6600.0,0.0,269196500.0,-269196500.0,-275880000.0,0.0
05/11/2020,19345.6157082361,41900.0,-100.0,-0.00238663,19253.0529536514,19669.5853492832,19253.0529536514,439280.0,18462651000.0,0.0,0.0,439280.0,18462651000.0,150350.0,-150350.0,28150.0,0.0,6259682500.0,-6259682500.0,1187458500.0,0.0
04/11/2020,19391.8970855287,42200.0,-300.0,-0.007109,19530.7412174059,19530.7412174059,19345.6157082361,253590.0,10649997000.0,150000.0,6285000000.0,403590.0,16934997000.0,-28030.0,28030.0,4760.0,0.0,-1178414000.0,1178414000.0,199688000.0,0.0
03/11/2020,19530.7412174059,41550.0,650.0,0.0156438,19229.9122650051,19762.148103868,19229.9122650051,256440.0,10814966500.0,0.0,0.0,256440.0,10814966500.0,-20400.0,20400.0,12180.0,0.0,-861203500.0,861203500.0,513651000.0,0.0
02/11/2020,19229.9122650051,41900.0,-350.0,-0.00835322,19137.3495104201,19391.8970855287,19137.3495104201,377590.0,15746610500.0,0.0,0.0,377590.0,15746610500.0,62360.0,-62360.0,7030.0,0.0,2600312000.0,-2600312000.0,292291000.0,0.0
30/10/2020,19391.8970855287,41600.0,300.0,0.00721154,19021.6460671891,19391.8970855287,19021.6460671891,389330.0,16261151500.0,0.0,0.0,389330.0,16261151500.0,17465.0,-17640.0,148340.0,0.0,721825000.0,-721825000.0,6221995500.0,0.0
29/10/2020,19253.0529536514,41750.0,-150.0,-0.00359281,18929.0833126043,19322.4750195899,18929.0833126043,471030.0,19494109500.0,0.0,0.0,471030.0,19494109500.0,-15277.0,14370.0,63140.0,2070.0,-668021500.0,583358500.0,2598381000.0,84663000.0
28/10/2020,19322.4750195899,41900.0,-150.0,-0.00357995,19391.8970855287,19438.1784628209,19322.4750195899,457560.0,19154595500.0,0.0,0.0,457560.0,19154595500.0,-47670.0,45280.0,83440.0,2290.0,-1993719500.0,1897768500.0,3500105000.0,95951000.0
27/10/2020,19391.8970855287,41900.0,0.0,0.0,19368.7563968824,19415.0377741748,19253.0529536514,638290.0,26709741000.0,0.0,0.0,638290.0,26709741000.0,-377154.0,377150.0,27200.0,0.0,-15781066500.0,15781066500.0,1140020000.0,0.0
26/10/2020,19391.8970855287,42000.0,-100.0,-0.00238095,19438.1784628209,19484.4598401135,19368.7563968824,451160.0,18926370500.0,0.0,0.0,451160.0,18926370500.0,-287009.0,289060.0,-2470.0,-2070.0,-12035525000.0,12122465000.0,-101235000.0,-86940000.0
23/10/2020,19438.1784628209,41850.0,150.0,0.00358423,19577.0225946983,19577.0225946983,19368.7563968824,320340.0,13458910000.0,88680.0,3968430000.0,409020.0,17427340000.0,-168057.0,172370.0,28710.0,-4320.0,-7061176000.0,7242786000.0,1207518000.0,-181610000.0
22/10/2020,19368.7563968824,41800.0,50.0,0.00119617,19391.8970855287,19646.444660637,19322.4750195899,330310.0,13861737500.0,0.0,0.0,330310.0,13861737500.0,-25299.0,25300.0,-40640.0,0.0,-1055244500.0,1055244500.0,-1709857500.0,0.0
21/10/2020,19345.6157082361,41600.0,200.0,0.00480769,19322.4750195899,19831.5701698067,19299.3343309437,988240.0,41628126000.0,429460.0,18530970000.0,1417700.0,60159096000.0,174518.0,-174600.0,-189790.0,0.0,7369846500.0,-7369846500.0,-7992105500.0,0.0
20/10/2020,19253.0529536514,41600.0,0.0,0.0,19253.0529536514,19391.8970855287,19160.4901990664,287510.0,11974436000.0,0.0,0.0,287510.0,11974436000.0,8212.0,-14230.0,-10200.0,6040.0,333062000.0,-584326000.0,-423588500.0,251264000.0
19/10/2020,19253.0529536514,41600.0,0.0,0.0,19067.9274444815,19276.1936422975,19067.9274444815,144440.0,5993380000.0,147748.0,6171866400.0,292188.0,12165246400.0,-12670.0,12690.0,-510.0,0.0,-528591500.0,528591500.0,-20638000.0,0.0
16/10/2020,19253.0529536514,41800.0,-200.0,-0.00478469,19345.6157082361,19345.6157082361,18975.3646898967,540700.0,22309639500.0,170000.0,7106000000.0,710700.0,29415639500.0,43947.0,185550.0,85760.0,-229460.0,1774653000.0,7664837500.0,3545497500.0,-9439490500.0
15/10/2020,19345.6157082361,41100.0,700.0,0.01703163,18975.3646898967,19368.7563968824,18975.3646898967,302230.0,12488859000.0,0.0,0.0,302230.0,12488859000.0,-7657.0,15370.0,-2450.0,-7700.0,-315325000.0,634456000.0,-102578500.0,-319131000.0
14/10/2020,19021.6460671891,41650.0,-550.0,-0.01320528,19206.7715763589,19253.0529536514,18882.8019353118,533620.0,21945598000.0,35950.0,1479342500.0,569570.0,23424940500.0,-24785.0,24760.0,210.0,0.0,-1015633000.0,1015633000.0,9571000.0,0.0
13/10/2020,19276.1936422975,41700.0,-50.0,-0.00119904,19299.3343309437,19345.6157082361,19114.208821774,223010.0,9269179500.0,0.0,0.0,223010.0,9269179500.0,-25794.0,25800.0,-12420.0,0.0,-1074115500.0,1074115500.0,-515780000.0,0.0
12/10/2020,19299.3343309437,42000.0,-300.0,-0.00714286,19623.3039719908,19715.8667265756,19206.7715763589,575670.0,24156473500.0,0.0,0.0,575670.0,24156473500.0,-6798.0,6070.0,-36190.0,0.0,-244937500.0,244937500.0,-1521530500.0,0.0
09/10/2020,19438.1784628209,41450.0,550.0,0.013269,19183.6308877126,19577.0225946983,19091.0681331278,384750.0,16125826000.0,0.0,0.0,384750.0,16125826000.0,-55900.0,62280.0,-21430.0,0.0,-2334276000.0,2602846500.0,-898217000.0,0.0
08/10/2020,19183.6308877126,41350.0,100.0,0.00241838,19137.3495104201,19253.0529536514,19067.9274444815,382790.0,15855687500.0,0.0,0.0,382790.0,15855687500.0,-192030.0,193540.0,-4630.0,0.0,-7956093500.0,8018595000.0,-190470000.0,0.0
07/10/2020,19137.3495104201,41700.0,-350.0,-0.00839329,19067.9274444815,19276.1936422975,18998.5053785429,448650.0,18550503500.0,0.0,0.0,448650.0,18550503500.0,-103660.0,97410.0,-43340.0,0.0,-4298352500.0,4039065500.0,-1788218000.0,0.0
06/10/2020,19299.3343309437,41950.0,-250.0,-0.00595948,19438.1784628209,19438.1784628209,18975.3646898967,557850.0,23101436500.0,0.0,0.0,557850.0,23101436500.0,-24270.0,16200.0,-26100.0,0.0,-1023917500.0,690338500.0,-1092173000.0,0.0
05/10/2020,19415.0377741748,40150.0,1800.0,0.04483188,19067.9274444815,19438.1784628209,19067.9274444815,371100.0,15418493000.0,0.0,0.0,371100.0,15418493000.0,-31870.0,25690.0,70890.0,0.0,-1350203000.0,1095456500.0,2965665500.0,0.0
02/10/2020,18581.972982911,41800.0,-1650.0,-0.03947368,19345.6157082361,19438.1784628209,18512.5509169725,797440.0,32668225500.0,0.0,0.0,797440.0,32668225500.0,190470.0,-229390.0,5630.0,0.0,7621356000.0,-9174836500.0,206315000.0,0.0
01/10/2020,19345.6157082361,40200.0,1600.0,0.039801,18605.1136715573,19368.7563968824,18605.1136715573,587940.0,24312773500.0,0.0,0.0,587940.0,24312773500.0,-17170.0,21840.0,26200.0,0.0,-717365000.0,912013000.0,1091363000.0,0.0
30/09/2020,18605.1136715573,39950.0,250.0,0.00625782,18466.26953968,18651.3950488496,18466.26953968,457740.0,18357674000.0,0.0,0.0,457740.0,18357674000.0,-173510.0,76040.0,73380.0,0.0,-6946876000.0,3044749500.0,2938356500.0,0.0
29/09/2020,18489.4102283263,40300.0,-350.0,-0.00868486,18674.535737496,18720.8171147882,18489.4102283263,607330.0,24361413500.0,0.0,0.0,607330.0,24361413500.0,-152260.0,-5660.0,81750.0,0.0,-6087985000.0,-239855500.0,3266953500.0,0.0
28/09/2020,18651.3950488496,40400.0,-100.0,-0.00247525,18743.9578034346,18767.0984920807,18605.1136715573,264660.0,10670426000.0,0.0,0.0,264660.0,10670426000.0,-37010.0,30410.0,26700.0,0.0,-1493156000.0,1227227500.0,1077533000.0,0.0
25/09/2020,18697.6764261421,40400.0,0.0,0.0,18743.9578034346,18790.2391807269,18512.5509169725,226460.0,9117660000.0,0.0,0.0,226460.0,9117660000.0,-35740.0,36490.0,35990.0,0.0,-1435820000.0,1465494500.0,1445391000.0,0.0
24/09/2020,18697.6764261421,40050.0,350.0,0.00873908,18535.6916056186,18859.6612466656,18373.7067850951,435870.0,17549703000.0,0.0,0.0,435870.0,17549703000.0,-136320.0,101000.0,99660.0,0.0,-5460152500.0,4048080500.0,3995806000.0,0.0
23/09/2020,18535.6916056186,40400.0,-350.0,-0.00866337,18743.9578034346,18882.8019353118,18489.4102283263,435520.0,17475309500.0,0.0,0.0,435520.0,17475309500.0,-91590.0,28330.0,28320.0,0.0,-3665975000.0,1136579500.0,1131967500.0,0.0
22/09/2020,18697.6764261421,40400.0,0.0,0.0,18535.6916056186,18790.2391807269,18489.4102283263,435990.0,17514449000.0,0.0,0.0,435990.0,17514449000.0,-48440.0,17030.0,28490.0,0.0,-1941055000.0,683292500.0,1141372000.0,0.0
21/09/2020,18697.6764261421,40300.0,100.0,0.00248139,18651.3950488496,19044.7867558353,18558.8322942648,621040.0,25256022500.0,0.0,0.0,621040.0,25256022500.0,-98480.0,43950.0,36900.0,-5310.0,-4005380000.0,1794116500.0,1509983500.0,-214524000.0
18/09/2020,18651.3950488496,39900.0,400.0,0.01002506,18605.1136715573,18674.535737496,18466.26953968,289520.0,11616426000.0,80000.0,3176000000.0,369520.0,14792426000.0,-60460.0,50500.0,43500.0,1440.0,-2424782500.0,2025496500.0,1743896500.0,57888000.0
17/09/2020,18466.26953968,39000.0,900.0,0.02307692,18049.7371440482,18720.8171147882,18026.5964554019,827270.0,32942966500.0,0.0,0.0,827270.0,32942966500.0,139600.0,-143070.0,102300.0,0.0,5543601500.0,-5679484500.0,4089806000.0,0.0
16/09/2020,18049.7371440482,38950.0,50.0,0.0012837,18026.5964554019,18119.1592099867,17957.1743894632,361000.0,14043618000.0,0.0,0.0,361000.0,14043618000.0,73860.0,-73890.0,-73560.0,0.0,2868740500.0,-2869802500.0,-2856932500.0,0.0
15/09/2020,18026.5964554019,39300.0,-350.0,-0.00890585,18188.5812759254,18188.5812759254,17864.6116348784,560820.0,21888576000.0,0.0,0.0,560820.0,21888576000.0,229870.0,-244980.0,-36530.0,-2100.0,8974612000.0,-9565796000.0,-1425312500.0,-82508000.0
14/09/2020,18188.5812759254,38700.0,600.0,0.01550388,18049.7371440482,18304.2847191565,17910.8930121709,288840.0,11365827000.0,45000.0,1741500000.0,333840.0,13107327000.0,390.0,-2890.0,43100.0,0.0,12512500.0,-110782500.0,1696769500.0,0.0
11/09/2020,17910.8930121709,39000.0,-300.0,-0.00769231,18049.7371440482,18096.0185213406,17679.4861257086,591820.0,22982077000.0,0.0,0.0,591820.0,22982077000.0,195400.0,-197290.0,44770.0,0.0,7593560000.0,-7667067000.0,1744733500.0,0.0
10/09/2020,18049.7371440482,37150.0,1850.0,0.04979812,17262.9537300768,18049.7371440482,17147.2502868456,1007380.0,38529965000.0,0.0,0.0,1007380.0,38529965000.0,-177190.0,172270.0,165390.0,0.0,-6747711000.0,6562506500.0,6293871000.0,0.0
09/09/2020,17193.5316641382,36700.0,450.0,0.01226158,16985.2654663222,17262.9537300768,16915.8434003837,301000.0,11061025500.0,0.0,0.0,301000.0,11061025500.0,34730.0,-38440.0,-56620.0,0.0,1279809000.0,-1416305000.0,-2081481500.0,0.0
08/09/2020,16985.2654663222,36600.0,100.0,0.00273224,17077.8282209071,17100.9689095532,16869.5620230911,240200.0,8808429000.0,0.0,0.0,240200.0,8808429000.0,-56620.0,53480.0,21930.0,0.0,-2077765000.0,1962918000.0,804155000.0,0.0
07/09/2020,16938.9840890298,37300.0,-700.0,-0.01876676,17216.6723527845,17309.2351073692,16938.9840890298,287690.0,10682279500.0,0.0,0.0,287690.0,10682279500.0,-45830.0,40150.0,-7030.0,0.0,-1711126500.0,1500209500.0,-249132500.0,0.0
04/09/2020,17262.9537300768,37500.0,-200.0,-0.00533333,17124.1095981995,17309.2351073692,17031.5468436146,243410.0,9030049000.0,0.0,0.0,243410.0,9030049000.0,-32120.0,33930.0,32740.0,0.0,-1199472000.0,1266051000.0,1221752000.0,0.0
03/09/2020,17355.5164846617,37000.0,500.0,0.01351351,17170.3909754919,17355.5164846617,17077.8282209071,426930.0,15925810000.0,0.0,0.0,426930.0,15925810000.0,-200390.0,198380.0,194600.0,0.0,-7496197500.0,7420729000.0,7280510500.0,0.0
01/09/2020,17124.1095981995,36900.0,100.0,0.00271003,16314.1854955819,17124.1095981995,16314.1854955819,309110.0,11386798000.0,50000.0,1835000000.0,359110.0,13221798000.0,-161960.0,164420.0,58530.0,0.0,-5972861000.0,6063702500.0,2166530500.0,0.0
31/08/2020,17077.8282209071,36850.0,50.0,0.00135685,17054.6875322609,17216.6723527845,17031.5468436146,288150.0,10631000500.0,0.0,0.0,288150.0,10631000500.0,26240.0,-27080.0,-15900.0,530.0,966804500.0,-997874000.0,-585607000.0,19530500.0
28/08/2020,17054.6875322609,36750.0,100.0,0.00272109,16938.9840890298,17262.9537300768,16938.9840890298,474590.0,17594624500.0,0.0,0.0,474590.0,17594624500.0,-94910.0,101310.0,115330.0,0.0,-3517571500.0,3753806000.0,4276573000.0,0.0
27/08/2020,17008.4061549684,36450.0,300.0,0.00823045,16869.5620230911,17054.6875322609,16776.9992685063,389550.0,14305777000.0,0.0,0.0,389550.0,14305777000.0,129530.0,-125280.0,-520.0,-2500.0,4758252000.0,-4602740000.0,-17555500.0,-91125000.0
26/08/2020,16869.5620230911,36850.0,-400.0,-0.01085482,17077.8282209071,17100.9689095532,16846.4213344449,447620.0,16449389500.0,0.0,0.0,447620.0,16449389500.0,-78520.0,74720.0,2240.0,-530.0,-2880335000.0,2741491000.0,83452000.0,-19451000.0
25/08/2020,17054.6875322609,35950.0,900.0,0.02503477,16661.2958252752,17054.6875322609,16638.155136629,915810.0,33401908000.0,0.0,0.0,915810.0,33401908000.0,-422780.0,413830.0,187410.0,0.0,-15400319500.0,15076793000.0,6856916000.0,0.0
24/08/2020,16638.155136629,35600.0,350.0,0.00983146,16568.7330706903,16638.155136629,16522.4516933978,503760.0,18063804500.0,0.0,0.0,503760.0,18063804500.0,-214390.0,214100.0,83890.0,0.0,-7684160000.0,7673796500.0,3008927500.0,0.0
21/08/2020,16476.1703161055,35300.0,300.0,0.00849858,16406.7482501669,16545.5923820441,16337.3261842282,393140.0,13969928000.0,0.0,0.0,393140.0,13969928000.0,-31810.0,13780.0,19000.0,8600.0,-1126074000.0,487615000.0,675301000.0,304870000.0
20/08/2020,16337.3261842282,35300.0,0.0,0.0,16314.1854955819,16429.888938813,16175.3413637046,485200.0,17091653500.0,0.0,0.0,485200.0,17091653500.0,-140270.0,138520.0,-127870.0,0.0,-4954827000.0,4893353000.0,-4502274000.0,0.0
19/08/2020,16337.3261842282,35250.0,50.0,0.00141844,16406.7482501669,16406.7482501669,16291.0448069357,310770.0,10977981500.0,0.0,0.0,310770.0,10977981500.0,-94420.0,75820.0,-63360.0,3450.0,-3332366000.0,2675864500.0,-2237391000.0,122302500.0
18/08/2020,16314.1854955819,35000.0,250.0,0.00714286,16129.0599864122,16476.1703161055,16129.0599864122,245240.0,8659752000.0,30000.0,1116000000.0,275240.0,9775752000.0,40560.0,-33480.0,-21830.0,-8600.0,1432719500.0,-1182703500.0,-773312000.0,-303459000.0
17/08/2020,16198.4820523508,35300.0,-300.0,-0.00849858,16152.2006750585,16291.0448069357,16105.919297766,261460.0,9146396500.0,115000.0,3967500000.0,376460.0,13113896500.0,-49740.0,33910.0,19220.0,0.0,-1745506500.0,1191296000.0,677178000.0,0.0
14/08/2020,16337.3261842282,35300.0,0.0,0.0,16244.7634296433,16429.888938813,16059.6379204736,708180.0,24821983000.0,0.0,0.0,708180.0,24821983000.0,-77760.0,173680.0,-114820.0,-2950.0,-2765136500.0,6106582500.0,-4008130000.0,-103545000.0
13/08/2020,16337.3261842282,34550.0,750.0,0.02170767,16337.3261842282,16522.4516933978,16059.6379204736,791750.0,27921632500.0,100000.0,3430000000.0,891750.0,31351632500.0,-143170.0,135790.0,112040.0,0.0,-5009173000.0,4748540500.0,3921857000.0,0.0
12/08/2020,15990.2158545349,34500.0,50.0,0.00144928,15920.7937885962,16013.3565431811,15758.8089680728,426100.0,14617925500.0,0.0,0.0,426100.0,14617925500.0,-12430.0,17820.0,-121120.0,0.0,-438530500.0,622328500.0,-4142998500.0,0.0
11/08/2020,15967.0751658887,34550.0,-50.0,-0.00144718,15990.2158545349,16013.3565431811,15735.6682794266,507670.0,17438830000.0,0.0,0.0,507670.0,17438830000.0,-167090.0,161370.0,123670.0,290.0,-5734061000.0,5537558000.0,4237591500.0,10044500.0
10/08/2020,15990.2158545349,34600.0,-50.0,-0.00144509,16152.2006750585,16244.7634296433,15990.2158545349,354460.0,12346596000.0,0.0,0.0,354460.0,12346596000.0,9840.0,-36240.0,16760.0,0.0,309434500.0,-1231082500.0,609798000.0,0.0
07/08/2020,16013.3565431811,34150.0,450.0,0.01317716,15735.6682794266,16221.6227409971,15735.6682794266,585330.0,20304712000.0,0.0,0.0,585330.0,20304712000.0,-221560.0,130490.0,134410.0,0.0,-7722704000.0,4560053000.0,4699335000.0,0.0
06/08/2020,15805.0903453651,34100.0,50.0,0.00146628,15643.1055248417,15920.7937885962,15643.1055248417,322570.0,11007001500.0,0.0,0.0,322570.0,11007001500.0,-48310.0,52930.0,36910.0,-800.0,-1649814000.0,1808122500.0,1263240500.0,-27040000.0
05/08/2020,15781.9496567189,33700.0,400.0,0.01186944,15434.8393270258,15781.9496567189,15434.8393270258,402790.0,13658566000.0,141600.0,4594212000.0,544390.0,18252778000.0,-166920.0,162820.0,137020.0,0.0,-5657481000.0,5519063500.0,4641488000.0,0.0
04/08/2020,15596.8241475492,33700.0,0.0,0.0,15643.1055248417,15712.5275907804,15481.1207043181,346460.0,11700138000.0,0.0,0.0,346460.0,11700138000.0,-22550.0,22740.0,18950.0,0.0,-763259000.0,769223000.0,642326000.0,0.0
03/08/2020,15596.8241475492,32450.0,1250.0,0.0385208,14995.1662427476,15666.2462134878,14995.1662427476,723720.0,24112609000.0,0.0,0.0,723720.0,24112609000.0,-276310.0,256330.0,195880.0,0.0,-9199607500.0,8529801000.0,6521234000.0,0.0
31/07/2020,15018.3069313939,32450.0,0.0,0.0,14810.0407335779,15110.8696859787,14810.0407335779,419900.0,13623601500.0,0.0,0.0,419900.0,13623601500.0,-224690.0,216200.0,197610.0,0.0,-7297304500.0,7021557500.0,6422115000.0,0.0
30/07/2020,15018.3069313939,32000.0,450.0,0.0140625,14810.0407335779,15018.3069313939,14810.0407335779,213020.0,6868388500.0,0.0,0.0,213020.0,6868388500.0,-113270.0,136880.0,41920.0,0.0,-3666183000.0,4423833500.0,1346480500.0,0.0
29/07/2020,14810.0407335779,32300.0,-300.0,-0.00928793,14810.0407335779,14833.1814222241,14624.9152244081,853180.0,27193535500.0,0.0,0.0,853180.0,27193535500.0,-154440.0,193650.0,149790.0,0.0,-4932346500.0,6184957000.0,4788174000.0,0.0
28/07/2020,14948.8848654552,31700.0,600.0,0.01892744,14763.7593562854,15134.0103746248,14648.0559130544,560060.0,18065837500.0,1562216.0,46866480000.0,2122276.0,64932317500.0,-109570.0,118500.0,175890.0,0.0,-3558496500.0,3844553000.0,5687239000.0,0.0
27/07/2020,14671.1966017006,32500.0,-800.0,-0.02461538,14578.6338471158,15018.3069313939,14578.6338471158,1109220.0,35446092500.0,1400000.0,43400000000.0,2509220.0,78846092500.0,-427760.0,435050.0,412650.0,0.0,-13684386500.0,13916641500.0,13187826500.0,0.0
24/07/2020,15041.4476200401,33600.0,-1100.0,-0.0327381,15504.2613929643,15527.4020816105,14717.477978993,770310.0,25260320500.0,0.0,0.0,770310.0,25260320500.0,-152610.0,151480.0,87340.0,0.0,-5000625000.0,4963162500.0,2852253000.0,0.0
23/07/2020,15550.5427702569,32350.0,1250.0,0.03863988,15018.3069313939,15550.5427702569,14902.6034881628,494640.0,16365739000.0,0.0,0.0,494640.0,16365739000.0,-62740.0,43800.0,61860.0,0.0,-2054790000.0,1432273500.0,2046499500.0,0.0
22/07/2020,14972.0255541014,32650.0,-300.0,-0.00918836,15110.8696859787,15180.2917519174,14972.0255541014,132320.0,4311490000.0,0.0,0.0,132320.0,4311490000.0,-6050.0,4960.0,-7440.0,0.0,-196674500.0,161107000.0,-242688000.0,0.0
21/07/2020,15110.8696859787,32400.0,250.0,0.00771605,15018.3069313939,15226.5731292098,14995.1662427476,106380.0,3468608000.0,0.0,0.0,106380.0,3468608000.0,-16590.0,4000.0,5000.0,0.0,-540643000.0,130353000.0,162983000.0,0.0
20/07/2020,14995.1662427476,32650.0,-250.0,-0.00765697,15087.7289973324,15157.1510632711,14925.744176809,341680.0,11085656000.0,0.0,0.0,341680.0,11085656000.0,-151730.0,152110.0,44300.0,0.0,-4922321500.0,4934938000.0,1436233000.0,0.0
17/07/2020,15110.8696859787,33100.0,-450.0,-0.01359517,15319.1358837947,15319.1358837947,15087.7289973324,337700.0,11068834500.0,470000.0,16017000000.0,807700.0,27085834500.0,-52900.0,46900.0,13660.0,0.0,-1731680500.0,1534649500.0,446373500.0,0.0
16/07/2020,15319.1358837947,33050.0,50.0,0.00151286,15272.8545065022,15319.1358837947,15203.4324405636,351370.0,11600924500.0,0.0,0.0,351370.0,11600924500.0,-95330.0,92770.0,28560.0,0.0,-3147231500.0,3062818000.0,945320000.0,0.0
15/07/2020,15295.9951951486,32900.0,150.0,0.00455927,15272.8545065022,15411.6986383795,15226.5731292098,438040.0,14477745500.0,0.0,0.0,438040.0,14477745500.0,-55300.0,55070.0,37240.0,0.0,-1828558000.0,1820887000.0,1230420000.0,0.0
14/07/2020,15226.5731292098,32900.0,0.0,0.0,15226.5731292098,15272.8545065022,15180.2917519174,392740.0,12924827000.0,0.0,0.0,392740.0,12924827000.0,63680.0,-57390.0,-19550.0,0.0,2097843500.0,-1890271000.0,-642533000.0,0.0
13/07/2020,15226.5731292098,32000.0,900.0,0.028125,14810.0407335779,15342.2765724408,14717.477978993,1119760.0,36752549000.0,0.0,0.0,1119760.0,36752549000.0,181930.0,-189210.0,11740.0,4000.0,6013093500.0,-6246862000.0,380808500.0,128000000.0
10/07/2020,14810.0407335779,32100.0,-100.0,-0.00311526,14833.1814222241,14856.3221108704,14648.0559130544,258740.0,8266507000.0,0.0,0.0,258740.0,8266507000.0,-96640.0,96240.0,18020.0,0.0,-3090110500.0,3077316000.0,574823000.0,0.0
09/07/2020,14856.3221108704,32000.0,100.0,0.003125,14810.0407335779,14879.4627995166,14763.7593562854,282380.0,9046262500.0,0.0,0.0,282380.0,9046262500.0,-27010.0,18240.0,32060.0,0.0,-867031000.0,586310500.0,1028254000.0,0.0
08/07/2020,14810.0407335779,31850.0,150.0,0.00470958,14717.477978993,14810.0407335779,14671.1966017006,266360.0,8488716000.0,0.0,0.0,266360.0,8488716000.0,-170490.0,184680.0,22000.0,-4000.0,-5436306000.0,5887850000.0,701116000.0,-127400000.0
07/07/2020,14740.6186676393,31950.0,-100.0,-0.00312989,14810.0407335779,14856.3221108704,14740.6186676393,191630.0,6122852000.0,0.0,0.0,191630.0,6122852000.0,-36560.0,34780.0,25380.0,0.0,-1168608000.0,1111644500.0,812333500.0,0.0
06/07/2020,14786.9000449316,31750.0,200.0,0.00629921,14786.9000449316,14948.8848654552,14763.7593562854,421670.0,13512065000.0,0.0,0.0,421670.0,13512065000.0,-18090.0,9610.0,2590.0,0.0,-579021500.0,307581000.0,82962000.0,0.0
03/07/2020,14694.3372903467,30950.0,800.0,0.02584814,14416.6490265923,14694.3372903467,14324.0862720074,262890.0,8242187000.0,0.0,0.0,262890.0,8242187000.0,-22830.0,9720.0,2180.0,0.0,-713738000.0,303112500.0,68741500.0,0.0
02/07/2020,14324.0862720074,30850.0,100.0,0.00324149,14300.9455833612,14393.508337946,14254.6642060688,123890.0,3831249000.0,0.0,0.0,123890.0,3831249000.0,-18010.0,20880.0,14560.0,0.0,-558052000.0,646735000.0,451413000.0,0.0
01/07/2020,14277.804894715,30650.0,200.0,0.00652529,14185.24214013,14324.0862720074,14185.24214013,96080.0,2958701500.0,0.0,0.0,96080.0,2958701500.0,-7230.0,6340.0,-2760.0,0.0,-222425500.0,194972000.0,-84699000.0,0.0
30/06/2020,14185.24214013,30700.0,-50.0,-0.00162866,14208.3828287764,14300.9455833612,14185.24214013,339550.0,10444010000.0,0.0,0.0,339550.0,10444010000.0,-25600.0,25890.0,22290.0,3300.0,-784757500.0,793904000.0,683384000.0,101310000.0
29/06/2020,14208.3828287764,31200.0,-500.0,-0.01602564,14208.3828287764,14347.2269606536,14162.101451484,353270.0,10874273000.0,0.0,0.0,353270.0,10874273000.0,-43520.0,42810.0,44410.0,0.0,-1340410500.0,1318762500.0,1368020500.0,0.0
26/06/2020,14439.7897152384,31100.0,100.0,0.00321543,14393.508337946,14555.4931584695,14254.6642060688,100190.0,3110368500.0,0.0,0.0,100190.0,3110368500.0,-26770.0,26000.0,25900.0,0.0,-835761500.0,812066500.0,808956500.0,0.0
25/06/2020,14393.508337946,31350.0,-250.0,-0.00797448,14347.2269606536,14393.508337946,14254.6642060688,186020.0,5756910500.0,0.0,0.0,186020.0,5756910500.0,73830.0,-65360.0,6640.0,-5000.0,2282991500.0,-2021029000.0,205541000.0,-155000000.0
24/06/2020,14509.2117811771,31350.0,0.0,0.0,14486.0710925309,14601.774535762,14393.508337946,261380.0,8193200000.0,0.0,0.0,261380.0,8193200000.0,-41670.0,41620.0,46870.0,0.0,-1306967500.0,1305530500.0,1469480500.0,0.0
23/06/2020,14509.2117811771,31250.0,100.0,0.0032,14532.3524698233,14578.6338471158,14462.9304038847,266000.0,8347172500.0,193200.0,5834640000.0,459200.0,14181812500.0,-128990.0,126130.0,27390.0,0.0,-4049647500.0,3959975000.0,862954500.0,0.0
22/06/2020,14462.9304038847,31400.0,-150.0,-0.00477707,14462.9304038847,14532.3524698233,14393.508337946,205170.0,6403881000.0,0.0,0.0,205170.0,6403881000.0,9820.0,-10040.0,-16080.0,0.0,306845500.0,-313814000.0,-502529000.0,0.0
19/06/2020,14532.3524698233,30900.0,500.0,0.01618123,14300.9455833612,14555.4931584695,14254.6642060688,224740.0,6995019500.0,0.0,0.0,224740.0,6995019500.0,-22800.0,4560.0,12700.0,0.0,-710845500.0,139221000.0,392096000.0,0.0
18/06/2020,14300.9455833612,30650.0,250.0,0.00815661,14069.5386968992,14300.9455833612,14069.5386968992,147730.0,4540260500.0,0.0,0.0,147730.0,4540260500.0,-11130.0,11410.0,11260.0,0.0,-340449000.0,349144500.0,344509500.0,0.0
17/06/2020,14185.24214013,30700.0,-50.0,-0.00162866,14300.9455833612,14300.9455833612,14115.8200741915,181910.0,5577861500.0,0.0,0.0,181910.0,5577861500.0,-44140.0,41250.0,-5540.0,0.0,-1355862000.0,1267200000.0,-168468000.0,0.0
16/06/2020,14208.3828287764,30250.0,450.0,0.01487603,14115.8200741915,14208.3828287764,14069.5386968992,340070.0,10398020500.0,0.0,0.0,340070.0,10398020500.0,-31570.0,45860.0,43440.0,0.0,-964853000.0,1402056000.0,1327800500.0,0.0
15/06/2020,14000.1166309604,30800.0,-550.0,-0.01785714,14254.6642060688,14277.804894715,14000.1166309604,482990.0,14740041000.0,0.0,0.0,482990.0,14740041000.0,-18930.0,-33870.0,-46660.0,1300.0,-572317000.0,-1035751000.0,-1423716000.0,40040000.0
12/06/2020,14254.6642060688,30500.0,300.0,0.00983607,13653.0063012672,14300.9455833612,13653.0063012672,836600.0,25359232500.0,0.0,0.0,836600.0,25359232500.0,-27190.0,53970.0,33930.0,-1600.0,-821063500.0,1632189000.0,1038633500.0,-48968500.0
11/06/2020,14115.8200741915,31950.0,-1450.0,-0.04538341,14786.9000449316,14810.0407335779,14115.8200741915,1435460.0,44919233500.0,0.0,0.0,1435460.0,44919233500.0,48640.0,-124250.0,-25870.0,-490.0,1466446500.0,-3841926500.0,-790865500.0,-15631000.0
10/06/2020,14786.9000449316,31950.0,0.0,0.0,14786.9000449316,14786.9000449316,14648.0559130544,480400.0,15282013500.0,0.0,0.0,480400.0,15282013500.0,-86280.0,46140.0,26210.0,-3000.0,-2745208500.0,1469976000.0,835685500.0,-95700000.0
09/06/2020,14786.9000449316,32150.0,-200.0,-0.00622084,15041.4476200401,15041.4476200401,14763.7593562854,585770.0,18832794000.0,0.0,0.0,585770.0,18832794000.0,104440.0,-195740.0,-23000.0,1400.0,3351873000.0,-6289360500.0,-738248000.0,45500000.0
08/06/2020,14879.4627995166,32000.0,150.0,0.0046875,14902.6034881628,15087.7289973324,14810.0407335779,1386640.0,44905124000.0,0.0,0.0,1386640.0,44905124000.0,203850.0,-245010.0,-23590.0,0.0,6581226000.0,-7912346000.0,-764428500.0,0.0
05/06/2020,14810.0407335779,32000.0,0.0,0.0,14810.0407335779,14810.0407335779,14740.6186676393,578070.0,18464384000.0,0.0,0.0,578070.0,18464384000.0,-16470.0,21820.0,23520.0,0.0,-524968500.0,694963000.0,749193000.0,0.0
04/06/2020,14810.0407335779,31700.0,300.0,0.00946372,14671.1966017006,14856.3221108704,14671.1966017006,1061670.0,33895186500.0,0.0,0.0,1061670.0,33895186500.0,244190.0,-246360.0,-118960.0,-3100.0,7797032500.0,-7868639000.0,-3794838000.0,-98270000.0
03/06/2020,14671.1966017006,31650.0,50.0,0.00157978,14648.0559130544,14717.477978993,14624.9152244081,517360.0,16391394000.0,0.0,0.0,517360.0,16391394000.0,-71020.0,72710.0,80410.0,0.0,-2248997500.0,2302628000.0,2547543000.0,0.0
02/06/2020,14648.0559130544,31700.0,-50.0,-0.00157729,14717.477978993,14810.0407335779,14601.774535762,432350.0,13720321500.0,0.0,0.0,432350.0,13720321500.0,-156380.0,140370.0,155590.0,0.0,-4955827500.0,4451345000.0,4934769000.0,0.0
01/06/2020,14671.1966017006,31250.0,450.0,0.0144,14486.0710925309,14717.477978993,14486.0710925309,454600.0,14335463500.0,0.0,0.0,454600.0,14335463500.0,-43130.0,42190.0,38890.0,0.0,-1366621000.0,1337194000.0,1229931500.0,0.0
29/05/2020,14462.9304038847,31450.0,-200.0,-0.0063593,14555.4931584695,14555.4931584695,14416.6490265923,477830.0,14979231000.0,0.0,0.0,477830.0,14979231000.0,62850.0,-69750.0,-41590.0,0.0,1969806000.0,-2186098000.0,-1303424000.0,0.0
28/05/2020,14555.4931584695,31550.0,-100.0,-0.00316957,14717.477978993,14740.6186676393,14532.3524698233,486440.0,15357835000.0,0.0,0.0,486440.0,15357835000.0,22760.0,-44700.0,-12750.0,0.0,718787500.0,-1412330000.0,-401439000.0,0.0
27/05/2020,14601.774535762,32500.0,-950.0,-0.02923077,15041.4476200401,15087.7289973324,14601.774535762,959990.0,30895875500.0,0.0,0.0,959990.0,30895875500.0,69360.0,-136860.0,-29210.0,0.0,2231311500.0,-4398382500.0,-912576500.0,0.0
26/05/2020,15041.4476200401,31200.0,1300.0,0.04166667,14439.7897152384,15041.4476200401,14439.7897152384,1489950.0,47563000000.0,0.0,0.0,1489950.0,47563000000.0,-161050.0,150230.0,237670.0,0.0,-5198267500.0,4853542500.0,7590391500.0,0.0
25/05/2020,14439.7897152384,31200.0,0.0,0.0,14439.7897152384,14486.0710925309,14324.0862720074,415190.0,12933601000.0,0.0,0.0,415190.0,12933601000.0,-14160.0,10710.0,58290.0,-1270.0,-438168000.0,330688500.0,1815405500.0,-39497000.0
22/05/2020,14439.7897152384,31800.0,-600.0,-0.01886792,14624.9152244081,14624.9152244081,14439.7897152384,408660.0,12800003500.0,0.0,0.0,408660.0,12800003500.0,69220.0,-39470.0,-42450.0,0.0,2167293000.0,-1233427500.0,-1326386500.0,0.0
21/05/2020,14717.477978993,31400.0,400.0,0.01273885,14532.3524698233,14717.477978993,14439.7897152384,515860.0,16220544500.0,0.0,0.0,515860.0,16220544500.0,-198520.0,178090.0,162070.0,0.0,-6264574000.0,5623551500.0,5121319500.0,0.0
20/05/2020,14532.3524698233,31450.0,-50.0,-0.00158983,14555.4931584695,14578.6338471158,14462.9304038847,380660.0,11939031500.0,0.0,0.0,380660.0,11939031500.0,4250.0,-7470.0,2330.0,0.0,130356000.0,-231149000.0,75399500.0,0.0
19/05/2020,14555.4931584695,31350.0,100.0,0.00318979,14578.6338471158,14694.3372903467,14486.0710925309,1133970.0,35685003500.0,0.0,0.0,1133970.0,35685003500.0,-53580.0,61540.0,163180.0,0.0,-1683937000.0,1933652000.0,5131052000.0,0.0
18/05/2020,14509.2117811771,31400.0,-50.0,-0.00159236,14370.3676492998,14509.2117811771,14277.804894715,495250.0,15394123500.0,0.0,0.0,495250.0,15394123500.0,83890.0,-86390.0,15810.0,0.0,2598366000.0,-2676234500.0,495920500.0,0.0
15/05/2020,14532.3524698233,31950.0,-550.0,-0.0172144,14786.9000449316,14786.9000449316,14300.9455833612,678800.0,21246164000.0,0.0,0.0,678800.0,21246164000.0,-99670.0,97570.0,97970.0,0.0,-3125958500.0,3059901500.0,3072611500.0,0.0
14/05/2020,14786.9000449316,32000.0,-50.0,-0.0015625,14624.9152244081,14856.3221108704,14624.9152244081,460710.0,14687296500.0,0.0,0.0,460710.0,14687296500.0,-69500.0,63390.0,95770.0,5200.0,-2233060500.0,2040838000.0,3072901000.0,164320000.0
13/05/2020,14810.0407335779,31300.0,700.0,0.02236422,14486.0710925309,14810.0407335779,14300.9455833612,1001410.0,31603630500.0,0.0,0.0,1001410.0,31603630500.0,-52260.0,32460.0,29340.0,0.0,-1732365500.0,1120140500.0,1023379500.0,0.0
12/05/2020,14486.0710925309,30700.0,600.0,0.01954397,14208.3828287764,14555.4931584695,14092.6793855453,924900.0,28653821000.0,0.0,0.0,924900.0,28653821000.0,30620.0,79000.0,72780.0,0.0,928202000.0,2482243500.0,2294758500.0,0.0
11/05/2020,14208.3828287764,30600.0,100.0,0.00326797,14300.9455833612,14324.0862720074,14115.8200741915,349490.0,10714731000.0,0.0,0.0,349490.0,10714731000.0,10170.0,-1110.0,6430.0,-5200.0,312768500.0,-33296500.0,197367500.0,-158963000.0
08/05/2020,14162.101451484,30600.0,0.0,0.0,14277.804894715,14532.3524698233,14092.6793855453,853130.0,26340654000.0,0.0,0.0,853130.0,26340654000.0,-213530.0,238080.0,214860.0,0.0,-6636909000.0,7395800500.0,6676443000.0,0.0
07/05/2020,14162.101451484,30400.0,200.0,0.00657895,14115.8200741915,14208.3828287764,14023.2573196066,370940.0,11321800000.0,90000.0,2925000000.0,460940.0,14246800000.0,-176630.0,171200.0,25200.0,0.0,-5397969000.0,5232751000.0,772086000.0,0.0
06/05/2020,14069.5386968992,30000.0,400.0,0.01333333,13884.4131877293,14069.5386968992,13884.4131877293,190640.0,5770597500.0,0.0,0.0,190640.0,5770597500.0,-7560.0,-4950.0,-4950.0,0.0,-229667000.0,-148022500.0,-148022500.0,0.0
05/05/2020,13884.4131877293,29600.0,400.0,0.01351351,13699.2876785597,13884.4131877293,13699.2876785597,226730.0,6764691000.0,20000.0,633000000.0,246730.0,7397691000.0,-22800.0,15450.0,8130.0,0.0,-681460500.0,461465500.0,242963500.0,0.0
04/05/2020,13699.2876785597,30000.0,-400.0,-0.01333333,13676.1469899134,13884.4131877293,13676.1469899134,643730.0,19184816500.0,0.0,0.0,643730.0,19184816500.0,298970.0,-289670.0,-3140.0,0.0,8912653500.0,-8633403500.0,-92330500.0,0.0
29/04/2020,13884.4131877293,30350.0,-350.0,-0.01153213,14046.3980082528,14092.6793855453,13884.4131877293,547650.0,16543993500.0,0.0,0.0,547650.0,16543993500.0,311300.0,-323000.0,-90250.0,0.0,9393015500.0,-9745992000.0,-2734019500.0,0.0
28/04/2020,14046.3980082528,30500.0,-150.0,-0.00491803,14115.8200741915,14115.8200741915,13861.2724990831,357440.0,10776607000.0,0.0,0.0,357440.0,10776607000.0,129320.0,-123470.0,-123320.0,0.0,3895451500.0,-3719352000.0,-3715129500.0,0.0
27/04/2020,14115.8200741915,30600.0,-100.0,-0.00326797,14277.804894715,14393.508337946,14023.2573196066,446050.0,13724384000.0,129000.0,3676500000.0,575050.0,17400884000.0,40110.0,-143350.0,-130940.0,0.0,1213611500.0,-4393801000.0,-4012045500.0,0.0
24/04/2020,14162.101451484,29500.0,1100.0,0.03728814,13606.7249239747,14185.24214013,13606.7249239747,914120.0,27625419500.0,91000.0,2502500000.0,1005120.0,30127919500.0,237690.0,-251530.0,-234530.0,0.0,7083935500.0,-7502586500.0,-6984086500.0,0.0
23/04/2020,13653.0063012672,29450.0,50.0,0.00169779,13884.4131877293,13884.4131877293,13653.0063012672,811490.0,24156830500.0,0.0,0.0,811490.0,24156830500.0,621990.0,-622360.0,-597010.0,0.0,18510354000.0,-18521490500.0,-17767911500.0,0.0
22/04/2020,13629.865612621,29300.0,150.0,0.00511945,13421.5994148051,13861.2724990831,13375.3180375126,752290.0,22178000000.0,129000.0,4044150000.0,881290.0,26222150000.0,53120.0,-320750.0,-306800.0,0.0,1562343500.0,-9461154000.0,-9050284000.0,0.0
21/04/2020,13560.4435466823,30850.0,-1550.0,-0.05024311,14162.101451484,14254.6642060688,13560.4435466823,1202790.0,35985000000.0,91000.0,3003000000.0,1293790.0,38988000000.0,-374110.0,-102400.0,-125280.0,0.0,-11230632500.0,-3053502000.0,-3731069000.0,0.0
20/04/2020,14277.804894715,31000.0,-150.0,-0.00483871,14347.2269606536,14486.0710925309,14185.24214013,384660.0,11909000000.0,0.0,0.0,384660.0,11909000000.0,-56560.0,4120.0,-38110.0,0.0,-1746541000.0,129608000.0,-1179746500.0,0.0
17/04/2020,14347.2269606536,30800.0,200.0,0.00649351,14254.6642060688,14532.3524698233,14254.6642060688,617040.0,19190000000.0,0.0,0.0,617040.0,19190000000.0,-55010.0,-2410.0,-27530.0,0.0,-1734084500.0,-61075500.0,-841639000.0,0.0
16/04/2020,14254.6642060688,31000.0,-200.0,-0.00645161,14231.5235174226,14347.2269606536,14185.24214013,406410.0,12517000000.0,0.0,0.0,406410.0,12517000000.0,-198610.0,46590.0,56090.0,0.0,-6115004000.0,1436762500.0,1728325000.0,0.0
15/04/2020,14347.2269606536,30450.0,550.0,0.0180624,14115.8200741915,14509.2117811771,14092.6793855453,1219270.0,37600000000.0,0.0,0.0,1219270.0,37600000000.0,-32190.0,-325260.0,74960.0,0.0,-1016566000.0,-9991302000.0,2320393000.0,0.0
14/04/2020,14092.6793855453,30400.0,50.0,0.00164474,14069.5386968992,14162.101451484,13838.1318104369,589070.0,17870000000.0,0.0,0.0,589070.0,17870000000.0,-114850.0,-116540.0,-34010.0,0.0,-3470886000.0,-3544821500.0,-1030360500.0,0.0
13/04/2020,14069.5386968992,30350.0,50.0,0.00164745,14046.3980082528,14300.9455833612,13838.1318104369,586150.0,17881000000.0,0.0,0.0,586150.0,17881000000.0,-60310.0,-229860.0,-28720.0,0.0,-1828453500.0,-7028956000.0,-875489500.0,0.0
10/04/2020,14046.3980082528,29850.0,500.0,0.01675042,13814.9911217908,14393.508337946,13791.8504331445,1022970.0,31166000000.0,0.0,0.0,1022970.0,31166000000.0,-187610.0,-245720.0,-82560.0,1950.0,-5679983500.0,-7505425500.0,-2520512000.0,58207500.0
09/04/2020,13814.9911217908,29800.0,50.0,0.00167785,13814.9911217908,14069.5386968992,13768.7097444982,651200.0,19591239000.0,0.0,0.0,651200.0,19591239000.0,33420.0,-190370.0,-140370.0,0.0,1005500000.0,-5732095500.0,-4233169500.0,0.0
08/04/2020,13791.8504331445,30000.0,-200.0,-0.00666667,13491.0214807436,13861.2724990831,13467.8807920974,326710.0,9673061500.0,0.0,0.0,326710.0,9673061500.0,-4390.0,-36530.0,-18020.0,0.0,-135249500.0,-1082879500.0,-536577000.0,0.0
07/04/2020,13884.4131877293,30200.0,-200.0,-0.00662252,14092.6793855453,14092.6793855453,13467.8807920974,467970.0,13970807000.0,0.0,0.0,467970.0,13970807000.0,49860.0,-72540.0,-78840.0,170.0,1488810000.0,-2170168500.0,-2361419500.0,6132000.0
06/04/2020,13976.9759423142,28850.0,1350.0,0.04679376,13560.4435466823,14000.1166309604,13467.8807920974,572640.0,17060580500.0,0.0,0.0,572640.0,17060580500.0,-11390.0,-1240.0,-52340.0,530.0,-356953500.0,-18429500.0,-1544045500.0,15529000.0
03/04/2020,13352.1773488664,28300.0,550.0,0.01943463,13259.6145942815,13467.8807920974,13213.333216989,397310.0,11435000000.0,0.0,0.0,397310.0,11435000000.0,23580.0,-15440.0,-46630.0,0.0,671477500.0,-438497000.0,-1343005500.0,0.0
01/04/2020,13097.629773758,27300.0,1000.0,0.03663004,12866.2228872958,13167.0518396966,12727.3787554185,365330.0,10299000000.0,513260.0,14987192000.0,878590.0,25286192000.0,72080.0,-68300.0,-68200.0,-4070.0,2032075000.0,-1925044000.0,-1922224000.0,-114977500.0
31/03/2020,12634.8160008337,27400.0,-100.0,-0.00364964,12681.0973781261,13051.3483964655,12079.4394733245,509950.0,14020000000.0,0.0,0.0,509950.0,14020000000.0,-100840.0,91860.0,69050.0,-530.0,-2815137500.0,2570143000.0,1932888000.0,-14919500.0
30/03/2020,12681.0973781261,28000.0,-600.0,-0.02142857,12588.5346235413,12935.6449532345,12264.5649824942,597290.0,16292000000.0,0.0,0.0,597290.0,16292000000.0,-118190.0,96210.0,88090.0,0.0,-3218960000.0,2613931500.0,2399968500.0,0.0
27/03/2020,12958.7856418807,28350.0,-350.0,-0.01234568,13097.629773758,13120.7704624042,12935.6449532345,392970.0,11057000000.0,0.0,0.0,392970.0,11057000000.0,-64950.0,55480.0,-31760.0,0.0,-1821775000.0,1555466000.0,-894954000.0,0.0
26/03/2020,13120.7704624042,29200.0,-850.0,-0.02910959,13236.4739056352,13467.8807920974,13120.7704624042,336770.0,9636000000.0,0.0,0.0,336770.0,9636000000.0,-54880.0,36750.0,-51250.0,0.0,-1580629500.0,1058861000.0,-1457689000.0,0.0
25/03/2020,13514.1621693899,28200.0,1000.0,0.03546099,13329.0366602201,13653.0063012672,13167.0518396966,358100.0,10372000000.0,0.0,0.0,358100.0,10372000000.0,44650.0,-53740.0,-43920.0,0.0,1288329500.0,-1553196000.0,-1268472000.0,0.0
24/03/2020,13051.3483964655,27750.0,450.0,0.01621622,13143.9111510504,13236.4739056352,12819.9415100034,463230.0,13087000000.0,20000.0,540000000.0,483230.0,13627000000.0,-51780.0,51600.0,48600.0,0.0,-1459226500.0,1455205000.0,1372905000.0,0.0
23/03/2020,12843.0821986497,29800.0,-2050.0,-0.06879195,13421.5994148051,13444.7401034512,12843.0821986497,1248330.0,34920000000.0,14876770.0,412830367500.0,16125100.0,447750367500.0,158530.0,-163470.0,-192020.0,0.0,4389678000.0,-4528820500.0,-5315502000.0,0.0
20/03/2020,13791.8504331445,29800.0,0.0,0.0,13791.8504331445,13884.4131877293,13676.1469899134,409020.0,12172000000.0,0.0,0.0,409020.0,12172000000.0,-106670.0,104180.0,174180.0,10.0,-3170816000.0,3096714500.0,5183139500.0,298000.0
19/03/2020,13791.8504331445,30300.0,-500.0,-0.01650165,13884.4131877293,13953.835253668,13653.0063012672,568630.0,16942000000.0,20000.0,630000000.0,588630.0,17572000000.0,74210.0,-83430.0,-71060.0,0.0,2210227500.0,-2484777500.0,-2129146500.0,0.0
18/03/2020,14023.2573196066,29900.0,400.0,0.01337793,14347.2269606536,14347.2269606536,13884.4131877293,567680.0,17361000000.0,0.0,0.0,567680.0,17361000000.0,63210.0,-82560.0,-38550.0,0.0,1934159500.0,-2525887000.0,-1177774500.0,0.0
17/03/2020,13838.1318104369,28050.0,1850.0,0.06595365,12819.9415100034,13884.4131877293,12819.9415100034,1234080.0,35324000000.0,0.0,0.0,1234080.0,35324000000.0,-352500.0,346330.0,180140.0,-10.0,-10061347500.0,9888017000.0,5153703500.0,-285000.0
16/03/2020,12981.926330527,28200.0,-150.0,-0.00531915,12819.9415100034,13190.1925283428,12819.9415100034,892480.0,25073000000.0,0.0,0.0,892480.0,25073000000.0,-394640.0,393560.0,133730.0,0.0,-11091603000.0,11061288500.0,3747607000.0,0.0
13/03/2020,13051.3483964655,28000.0,200.0,0.00714286,12148.8615392632,13282.7552829278,12148.8615392632,1340020.0,36561000000.0,0.0,0.0,1340020.0,36561000000.0,-230650.0,225650.0,133250.0,0.0,-6330429000.0,6190051000.0,3720239000.0,0.0
12/03/2020,12958.7856418807,29850.0,-1850.0,-0.06197655,13236.4739056352,13421.5994148051,12889.3635759421,1147630.0,32459000000.0,37310.0,1190189000.0,1184940.0,33649189000.0,-153050.0,169580.0,-66320.0,0.0,-4342401500.0,4803396000.0,-1860335000.0,0.0
11/03/2020,13814.9911217908,30300.0,-450.0,-0.01485149,14023.2573196066,14231.5235174226,13560.4435466823,1195030.0,35634000000.0,193380.0,6265512000.0,1388410.0,41899512000.0,156170.0,-177780.0,-52380.0,0.0,4637015500.0,-5291964500.0,-1571193000.0,0.0
10/03/2020,14023.2573196066,29900.0,400.0,0.01337793,13676.1469899134,14092.6793855453,13421.5994148051,601060.0,17984000000.0,0.0,0.0,601060.0,17984000000.0,-53730.0,48800.0,32650.0,0.0,-1590674000.0,1445025500.0,974518000.0,0.0
09/03/2020,13838.1318104369,32000.0,-2100.0,-0.065625,14115.8200741915,14486.0710925309,13791.8504331445,2151310.0,65270000000.0,0.0,0.0,2151310.0,65270000000.0,51140.0,-49600.0,-180310.0,0.0,1596472000.0,-1553492000.0,-5532003000.0,0.0
06/03/2020,14810.0407335779,32200.0,-200.0,-0.00621118,14856.3221108704,14995.1662427476,14648.0559130544,536990.0,17147000000.0,0.0,0.0,536990.0,17147000000.0,51740.0,-59690.0,-91230.0,0.0,1650649500.0,-1904193000.0,-2911986000.0,0.0
05/03/2020,14902.6034881628,32400.0,-200.0,-0.00617284,15203.4324405636,15203.4324405636,14902.6034881628,436970.0,14193000000.0,0.0,0.0,436970.0,14193000000.0,-10110.0,7750.0,12750.0,1000.0,-328959000.0,251023000.0,412023000.0,32850000.0
04/03/2020,14995.1662427476,32400.0,0.0,0.0,15018.3069313939,15157.1510632711,14879.4627995166,382980.0,12407000000.0,0.0,0.0,382980.0,12407000000.0,-43580.0,34790.0,84790.0,1000.0,-1412075500.0,1127180000.0,2745855000.0,32450000.0
03/03/2020,14995.1662427476,32450.0,-50.0,-0.00154083,15180.2917519174,15203.4324405636,14995.1662427476,523910.0,17064000000.0,0.0,0.0,523910.0,17064000000.0,-57430.0,56680.0,61730.0,1020.0,-1863530500.0,1842382500.0,2006522500.0,33456000.0
02/03/2020,15018.3069313939,32501.0,-51.0,-0.00156918,15272.8545065022,15272.8545065022,15018.3069313939,633770.0,20768000000.0,75000.0,2268750000.0,708770.0,23036750000.0,-28060.0,38740.0,38990.0,-1000.0,-916270500.0,1265643000.0,1273858000.0,-32850000.0
28/02/2020,15041.7762178188,34600.0,-500.0,-0.01445087,14953.554656424,15129.9977792137,14931.4992660753,648880.0,22085000000.0,0.0,0.0,648880.0,22085000000.0,-117050.0,97720.0,88560.0,-1000.0,-3989560000.0,3332293000.0,3020117500.0,-33900000.0
27/02/2020,15262.3301213058,34100.0,500.0,0.01466276,14953.554656424,15262.3301213058,14909.4438757266,619200.0,21199000000.0,0.0,0.0,619200.0,21199000000.0,-139660.0,156430.0,142180.0,-1020.0,-4742520000.0,5322873000.0,4838024500.0,-34731000.0
26/02/2020,15041.7762178188,34250.0,-150.0,-0.00437956,14865.3330950292,15152.0531695625,14865.3330950292,583350.0,19917000000.0,0.0,0.0,583350.0,19917000000.0,-93500.0,96780.0,-43220.0,0.0,-3184299000.0,3296225500.0,-1484624500.0,0.0
25/02/2020,15107.9423888649,33650.0,600.0,0.01783061,14600.6684108447,15174.1085599111,14600.6684108447,641090.0,21692000000.0,0.0,0.0,641090.0,21692000000.0,35820.0,-36090.0,-7590.0,0.0,1236189000.0,-1243677000.0,-273283500.0,0.0
24/02/2020,14843.2777046805,35000.0,-1350.0,-0.03857143,15107.9423888649,15262.3301213058,14843.2777046805,1031360.0,35065000000.0,0.0,0.0,1031360.0,35065000000.0,-23990.0,-5350.0,-70650.0,0.0,-808300000.0,-188000000.0,-2399470500.0,0.0
21/02/2020,15438.7732440956,35650.0,-650.0,-0.01823282,15571.1055861878,15747.5487089775,15438.7732440956,517740.0,18336000000.0,0.0,0.0,517740.0,18336000000.0,-97460.0,109430.0,-2130.0,0.0,-3461322500.0,3882403500.0,-73367500.0,0.0
20/02/2020,15725.4933186288,35150.0,500.0,0.01422475,15659.3271475827,15747.5487089775,15482.884024793,821320.0,29043000000.0,0.0,0.0,821320.0,29043000000.0,-30160.0,34060.0,9550.0,0.0,-1066538000.0,1204182000.0,322726500.0,0.0
19/02/2020,15504.9394151418,35100.0,50.0,0.0014245,15526.9948054905,15526.9948054905,15438.7732440956,321530.0,11283000000.0,0.0,0.0,321530.0,11283000000.0,-32670.0,39870.0,39870.0,0.0,-1140958000.0,1394135500.0,1394135500.0,0.0
18/02/2020,15482.884024793,35000.0,100.0,0.00285714,15438.7732440956,15615.2163668852,15394.6624633982,555770.0,19467000000.0,0.0,0.0,555770.0,19467000000.0,-75130.0,98240.0,96210.0,0.0,-2621241000.0,3432191000.0,3363256000.0,0.0
17/02/2020,15438.7732440956,35150.0,-150.0,-0.00426743,15526.9948054905,15725.4933186288,15350.5516827008,801580.0,28254000000.0,20000.0,740000000.0,821580.0,28994000000.0,-27650.0,22020.0,15330.0,0.0,-970271000.0,773273000.0,540954500.0,0.0
14/02/2020,15504.9394151418,34800.0,350.0,0.01005747,15328.496292352,15504.9394151418,15306.4409020034,419140.0,14630000000.0,0.0,0.0,419140.0,14630000000.0,-107400.0,107960.0,-12730.0,0.0,-3750617000.0,3769727000.0,-443040500.0,0.0
13/02/2020,15350.5516827008,34750.0,50.0,0.00143885,15218.2193406086,15350.5516827008,15174.1085599111,653670.0,22577000000.0,0.0,0.0,653670.0,22577000000.0,-123290.0,99610.0,-25510.0,0.0,-4258889000.0,3440709500.0,-885755000.0,0.0
12/02/2020,15328.496292352,34250.0,500.0,0.01459854,15218.2193406086,15438.7732440956,15218.2193406086,784950.0,27279000000.0,0.0,0.0,784950.0,27279000000.0,123580.0,-163980.0,-169940.0,0.0,4292821500.0,-5696364500.0,-5906517000.0,0.0
11/02/2020,15107.9423888649,33550.0,700.0,0.02086438,14909.4438757266,15174.1085599111,14909.4438757266,751090.0,25658000000.0,0.0,0.0,751090.0,25658000000.0,-20030.0,-16000.0,4500.0,0.0,-679678500.0,-549214500.0,152380500.0,0.0
10/02/2020,14799.1669239831,33900.0,-350.0,-0.01032448,14777.1115336343,14953.554656424,14777.1115336343,530950.0,17835000000.0,0.0,0.0,530950.0,17835000000.0,-56350.0,123180.0,58500.0,0.0,-1895591000.0,4139103500.0,1966509000.0,0.0
07/02/2020,14953.554656424,34000.0,-100.0,-0.00294118,14997.6654371214,15041.7762178188,14887.3884853779,615350.0,20856000000.0,0.0,0.0,615350.0,20856000000.0,-49850.0,27680.0,-21320.0,0.0,-1681821500.0,931149500.0,-728950500.0,0.0
06/02/2020,14997.6654371214,33300.0,700.0,0.02102102,14843.2777046805,15262.3301213058,14733.000752937,936170.0,31723000000.0,0.0,0.0,936170.0,31723000000.0,-20410.0,30980.0,39030.0,0.0,-675274500.0,1035285000.0,1311505000.0,0.0
05/02/2020,14688.8899722395,33400.0,-100.0,-0.00299401,14821.2223143318,15041.7762178188,14688.8899722395,784800.0,26361000000.0,0.0,0.0,784800.0,26361000000.0,12600.0,-72910.0,-33910.0,0.0,424333000.0,-2458020500.0,-1140695500.0,0.0
04/02/2020,14733.000752937,33500.0,-100.0,-0.00298507,14865.3330950292,15085.8869985164,14688.8899722395,797830.0,26820000000.0,0.0,0.0,797830.0,26820000000.0,45880.0,-49770.0,10230.0,0.0,1544827500.0,-1675346500.0,338603500.0,0.0
03/02/2020,14777.1115336343,33900.0,-400.0,-0.01179941,14600.6684108447,14931.4992660753,14049.2836521271,1696970.0,55220000000.0,0.0,0.0,1696970.0,55220000000.0,-238570.0,216550.0,188910.0,0.0,-7777059000.0,7061690500.0,6156701500.0,0.0
31/01/2020,14953.554656424,35800.0,-1900.0,-0.05307263,15659.3271475827,15769.6040993263,14953.554656424,1571820.0,54929000000.0,0.0,0.0,1571820.0,54929000000.0,-253990.0,228520.0,85850.0,0.0,-9046973500.0,8149986000.0,3096783500.0,0.0
30/01/2020,15791.6594896749,37000.0,-1200.0,-0.03243243,16012.2133931621,16188.6565159517,15791.6594896749,966270.0,34897000000.0,0.0,0.0,966270.0,34897000000.0,-117100.0,110700.0,15800.0,3350.0,-4247790500.0,4016271500.0,584151500.0,121605000.0
22/01/2020,16320.9888580439,37300.0,-300.0,-0.0080429,16541.5427615311,16541.5427615311,16144.5457352543,973340.0,35927000000.0,0.0,0.0,973340.0,35927000000.0,99370.0,-113140.0,-145820.0,0.0,3665423000.0,-4175769500.0,-5380857500.0,0.0
21/01/2020,16453.3212001363,36750.0,550.0,0.01496599,16320.9888580439,16541.5427615311,16276.8780773465,941950.0,35083000000.0,0.0,0.0,941950.0,35083000000.0,101790.0,-127940.0,-114230.0,17250.0,3794291000.0,-4763592000.0,-4251980000.0,638250000.0
20/01/2020,16210.7119063003,36500.0,250.0,0.00684932,16034.2687835108,16298.9334676951,16034.2687835108,680270.0,24963000000.0,0.0,0.0,680270.0,24963000000.0,-165880.0,169330.0,0.0,-3350.0,-6072426500.0,6197931500.0,0.0,-121772500.0
17/01/2020,16100.4349545568,36400.0,100.0,0.00274725,15990.1580028133,16298.9334676951,15990.1580028133,737100.0,27040000000.0,0.0,0.0,737100.0,27040000000.0,-77600.0,74830.0,68730.0,0.0,-2844972500.0,2743151500.0,2519921500.0,0.0
16/01/2020,16056.3241738593,35550.0,850.0,0.02390999,15769.6040993263,16100.4349545568,15725.4933186288,962640.0,34835000000.0,0.0,0.0,962640.0,34835000000.0,-139480.0,150440.0,50440.0,-11850.0,-5049717000.0,5445233000.0,1821378000.0,-427950000.0
15/01/2020,15681.3825379314,35800.0,-250.0,-0.00698324,15791.6594896749,15857.8256607211,15637.271757234,504130.0,17980000000.0,0.0,0.0,504130.0,17980000000.0,15210.0,-16110.0,-24260.0,0.0,542238000.0,-574308000.0,-863471500.0,0.0
14/01/2020,15791.6594896749,35750.0,50.0,0.0013986,15769.6040993263,15879.8810510698,15769.6040993263,304650.0,10929000000.0,0.0,0.0,304650.0,10929000000.0,26740.0,-28230.0,-2290.0,0.0,959508000.0,-1012963000.0,-82247000.0,0.0
13/01/2020,15769.6040993263,35700.0,50.0,0.00140056,15747.5487089775,15879.8810510698,15725.4933186288,297520.0,10645000000.0,0.0,0.0,297520.0,10645000000.0,45090.0,-42190.0,-45210.0,-5400.0,1612693500.0,-1509346000.0,-1617486500.0,-192780000.0
10/01/2020,15747.5487089775,35700.0,0.0,0.0,15747.5487089775,15901.9364414184,15725.4933186288,444310.0,15904000000.0,0.0,0.0,444310.0,15904000000.0,21390.0,-33510.0,-33610.0,0.0,764329000.0,-1198942000.0,-1202512000.0,0.0
09/01/2020,15747.5487089775,35700.0,0.0,0.0,15879.8810510698,15968.1026124646,15747.5487089775,703580.0,25270000000.0,0.0,0.0,703580.0,25270000000.0,140550.0,-153830.0,-154780.0,5750.0,5048941500.0,-5526183500.0,-5557465000.0,207000000.0
08/01/2020,15747.5487089775,36650.0,-950.0,-0.02592087,16056.3241738593,16144.5457352543,15703.4379282801,1276850.0,45923000000.0,0.0,0.0,1276850.0,45923000000.0,73790.0,-92500.0,-73060.0,0.0,2655499500.0,-3334657500.0,-2635259500.0,0.0
07/01/2020,16166.601125603,36450.0,200.0,0.00548697,16100.4349545568,16254.8226869978,16056.3241738593,434670.0,15902000000.0,61130.0,2384070000.0,495800.0,18286070000.0,-30100.0,3990.0,-1600.0,0.0,-1103038500.0,147987000.0,-56787000.0,0.0
06/01/2020,16078.3795642081,36500.0,-50.0,-0.00136986,16012.2133931621,16320.9888580439,15923.9918317672,494170.0,18044000000.0,0.0,0.0,494170.0,18044000000.0,-3960.0,720.0,-22540.0,-5750.0,-149344500.0,28168000.0,-816748000.0,-208725000.0
03/01/2020,16100.4349545568,36950.0,-450.0,-0.01217862,16298.9334676951,16343.0442483926,16100.4349545568,705830.0,26018000000.0,0.0,0.0,705830.0,26018000000.0,-70090.0,66200.0,66200.0,0.0,-2584666500.0,2441136000.0,2441136000.0,0.0
02/01/2020,16298.9334676951,36300.0,650.0,0.01790634,16012.2133931621,16453.3212001363,15923.9918317672,941730.0,34637000000.0,0.0,0.0,941730.0,34637000000.0,-13320.0,12390.0,-59610.0,0.0,-506891000.0,473975500.0,-2172524500.0,0.0
31/12/2019,16012.2133931621,36650.0,-350.0,-0.0095498,16144.5457352543,16166.601125603,16012.2133931621,454260.0,16543000000.0,0.0,0.0,454260.0,16543000000.0,-35990.0,34410.0,-30590.0,0.0,-1309833000.0,1252057000.0,-1114244000.0,0.0
30/12/2019,16166.601125603,35900.0,750.0,0.02089136,15923.9918317672,16166.601125603,15857.8256607211,1044350.0,37973000000.0,0.0,0.0,1044350.0,37973000000.0,-131720.0,124630.0,5660.0,8240.0,-4787558000.0,4531578500.0,202928500.0,297464000.0
27/12/2019,15835.7702703723,35500.0,400.0,0.01126761,15747.5487089775,15835.7702703723,15659.3271475827,535940.0,19102000000.0,320000.0,10958000000.0,855940.0,30060000000.0,-80710.0,79260.0,-64820.0,670.0,-2878358500.0,2826523000.0,-2301762500.0,23919000.0
26/12/2019,15659.3271475827,35600.0,-100.0,-0.00280899,15703.4379282801,15835.7702703723,15615.2163668852,547590.0,19466000000.0,350000.0,11602500000.0,897590.0,31068500000.0,-6470.0,3030.0,-13980.0,0.0,-229690500.0,107509500.0,-498695500.0,0.0
25/12/2019,15703.4379282801,35900.0,-300.0,-0.00835655,15835.7702703723,15990.1580028133,15703.4379282801,660000.0,23768000000.0,300000.0,10320000000.0,960000.0,34088000000.0,55340.0,-52120.0,-40320.0,-8240.0,1987312500.0,-1869339000.0,-1443486000.0,-298288000.0
24/12/2019,15835.7702703723,35500.0,400.0,0.01126761,15747.5487089775,15835.7702703723,15571.1055861878,472370.0,16827000000.0,300000.0,11385000000.0,772370.0,28212000000.0,-1110.0,-3510.0,-8010.0,3880.0,-46018500.0,-118308000.0,-277808000.0,138650000.0
23/12/2019,15659.3271475827,35800.0,-300.0,-0.00837989,15813.7148800237,15901.9364414184,15659.3271475827,716230.0,25538000000.0,0.0,0.0,716230.0,25538000000.0,42560.0,-46970.0,-46920.0,0.0,1509884000.0,-1667424500.0,-1666190500.0,0.0
20/12/2019,15791.6594896749,35800.0,0.0,0.0,15879.8810510698,15901.9364414184,15725.4933186288,327350.0,11729000000.0,424300.0,14960690000.0,751650.0,26689690000.0,-1690.0,380.0,-400.0,0.0,-62880500.0,15937000.0,-12065000.0,0.0
19/12/2019,15791.6594896749,35900.0,-100.0,-0.00278552,15835.7702703723,16100.4349545568,15769.6040993263,744290.0,26762000000.0,0.0,0.0,744290.0,26762000000.0,397570.0,-393560.0,-95120.0,-4550.0,14283508500.0,-14139107500.0,-3414761000.0,-163800000.0
18/12/2019,15835.7702703723,36000.0,-100.0,-0.00277778,15879.8810510698,16034.2687835108,15791.6594896749,379470.0,13662000000.0,0.0,0.0,379470.0,13662000000.0,58190.0,-58440.0,-66030.0,0.0,2091083000.0,-2100084000.0,-2372505000.0,0.0
17/12/2019,15879.8810510698,36600.0,-600.0,-0.01639344,16144.5457352543,16144.5457352543,15879.8810510698,478520.0,17330000000.0,341530.0,13370899500.0,820050.0,30700899500.0,14240.0,-14910.0,-9130.0,0.0,511033500.0,-535211500.0,-324163500.0,0.0
16/12/2019,16144.5457352543,36500.0,100.0,0.00273973,16012.2133931621,16210.7119063003,15879.8810510698,805790.0,29264000000.0,300000.0,11715000000.0,1105790.0,40979000000.0,-26870.0,26350.0,73350.0,0.0,-1009396500.0,990562000.0,2709062000.0,0.0
13/12/2019,16100.4349545568,36850.0,-350.0,-0.00949796,16276.8780773465,16298.9334676951,16100.4349545568,528470.0,19407000000.0,0.0,0.0,528470.0,19407000000.0,37680.0,-42770.0,-42770.0,0.0,1390838500.0,-1577350000.0,-1577350000.0,0.0
12/12/2019,16254.8226869978,36800.0,50.0,0.0013587,16232.7672966491,16409.2104194387,16232.7672966491,529400.0,19593000000.0,0.0,0.0,529400.0,19593000000.0,154690.0,-96760.0,-96760.0,0.0,5729384000.0,-3585378000.0,-3585378000.0,0.0
11/12/2019,16232.7672966491,36600.0,200.0,0.00546448,16188.6565159517,16254.8226869978,16100.4349545568,305040.0,11195000000.0,0.0,0.0,305040.0,11195000000.0,-18460.0,9330.0,17830.0,0.0,-679470000.0,343771500.0,655549000.0,0.0
10/12/2019,16144.5457352543,36250.0,350.0,0.00965517,15968.1026124646,16298.9334676951,15946.0472221158,853370.0,31262000000.0,0.0,0.0,853370.0,31262000000.0,33940.0,-18170.0,-8410.0,0.0,1233847000.0,-651871500.0,-294809500.0,0.0
09/12/2019,15990.1580028133,36000.0,250.0,0.00694444,16012.2133931621,16232.7672966491,15879.8810510698,547550.0,19900000000.0,0.0,0.0,547550.0,19900000000.0,-67110.0,28780.0,8780.0,0.0,-2455127500.0,1062372500.0,334872500.0,0.0
06/12/2019,15879.8810510698,36000.0,0.0,0.0,15901.9364414184,16012.2133931621,15857.8256607211,369340.0,13338000000.0,0.0,0.0,369340.0,13338000000.0,-34710.0,23290.0,13290.0,0.0,-1259639500.0,846393000.0,485393000.0,0.0
05/12/2019,15879.8810510698,36300.0,-300.0,-0.00826446,16056.3241738593,16056.3241738593,15769.6040993263,257860.0,9315000000.0,0.0,0.0,257860.0,9315000000.0,37740.0,-36970.0,-37200.0,0.0,1358730500.0,-1330710000.0,-1339060500.0,0.0
04/12/2019,16012.2133931621,35700.0,600.0,0.01680672,15747.5487089775,16056.3241738593,15681.3825379314,407600.0,14684000000.0,0.0,0.0,407600.0,14684000000.0,-36060.0,35360.0,46080.0,0.0,-1303820000.0,1278139500.0,1669501500.0,0.0
03/12/2019,15747.5487089775,35800.0,-100.0,-0.0027933,15769.6040993263,15990.1580028133,15571.1055861878,761300.0,27278000000.0,0.0,0.0,761300.0,27278000000.0,-30920.0,16380.0,-21290.0,0.0,-1134444500.0,614234000.0,-724090500.0,0.0
02/12/2019,15791.6594896749,36150.0,-350.0,-0.00968188,15946.0472221158,16056.3241738593,15791.6594896749,471110.0,16998000000.0,0.0,0.0,471110.0,16998000000.0,-67660.0,62670.0,-43180.0,0.0,-2443623500.0,2263625500.0,-1547544500.0,0.0
29/11/2019,15946.0472221158,35900.0,250.0,0.00696379,15835.7702703723,16056.3241738593,15835.7702703723,373610.0,13515000000.0,65000.0,2496000000.0,438610.0,16011000000.0,25050.0,-26340.0,-23200.0,1000.0,902256500.0,-948620500.0,-832867000.0,35900000.0
28/11/2019,15835.7702703723,36250.0,-350.0,-0.00965517,15990.1580028133,16100.4349545568,15703.4379282801,839440.0,30257000000.0,30000.0,1098000000.0,869440.0,31355000000.0,-26230.0,18530.0,-8390.0,30.0,-942462000.0,665080000.0,-303019000.0,1087500.0
27/11/2019,15990.1580028133,36500.0,-250.0,-0.00684932,16100.4349545568,16232.7672966491,15946.0472221158,639210.0,23306000000.0,0.0,0.0,639210.0,23306000000.0,49510.0,-56770.0,-73830.0,0.0,1785250500.0,-2050264000.0,-2673203000.0,0.0
26/11/2019,16100.4349545568,36300.0,200.0,0.00550964,16144.5457352543,16298.9334676951,16012.2133931621,391290.0,14342000000.0,0.0,0.0,391290.0,14342000000.0,-47220.0,16750.0,35520.0,-650.0,-1752364000.0,636811500.0,1326424500.0,-23790000.0
25/11/2019,16012.2133931621,36700.0,-400.0,-0.01089918,16188.6565159517,16254.8226869978,15990.1580028133,530290.0,19344000000.0,30000.0,1177500000.0,560290.0,20521500000.0,54440.0,-71940.0,-65870.0,970.0,1983032000.0,-2620841000.0,-2397975500.0,35606500.0
22/11/2019,16188.6565159517,37250.0,-550.0,-0.0148,16541.5427615311,16651.8197132745,16188.6565159517,1036470.0,38425000000.0,0.0,0.0,1036470.0,38425000000.0,9730.0,-9680.0,-8170.0,300.0,410979500.0,-406341000.0,-307755500.0,11250000.0
21/11/2019,16431.2658097875,37700.0,-450.0,-0.01193634,16563.5981518796,16717.9858843206,16409.2104194387,1012430.0,37982000000.0,0.0,0.0,1012430.0,37982000000.0,363140.0,-372750.0,-346900.0,-350.0,13580877000.0,-13941912500.0,-12972850000.0,-13130000.0
20/11/2019,16629.7643229258,38000.0,-300.0,-0.00789474,16762.0966650181,16960.5951781565,16629.7643229258,970380.0,37009000000.0,0.0,0.0,970380.0,37009000000.0,28440.0,-67770.0,-72770.0,-1000.0,1087289500.0,-2594559000.0,-2786059000.0,-38000000.0
19/11/2019,16762.0966650181,37350.0,650.0,0.01740295,16497.4319808337,16806.2074457155,16497.4319808337,782300.0,29554000000.0,0.0,0.0,782300.0,29554000000.0,-148630.0,139120.0,88640.0,-300.0,-5605625000.0,5247764500.0,3341047500.0,-11380000.0
18/11/2019,16475.3765904849,37100.0,250.0,0.00673854,16365.0996387413,16519.4873711823,16365.0996387413,766750.0,28585000000.0,0.0,0.0,766750.0,28585000000.0,154190.0,-158210.0,-158210.0,0.0,5743880000.0,-5893526000.0,-5893526000.0,0.0
15/11/2019,16365.0996387413,36850.0,250.0,0.00678426,16254.8226869978,16409.2104194387,16254.8226869978,655210.0,24265000000.0,0.0,0.0,655210.0,24265000000.0,54610.0,-62050.0,-62050.0,-200.0,2018264500.0,-2294070500.0,-2294070500.0,-7420000.0
14/11/2019,16254.8226869978,37600.0,-750.0,-0.01994681,16585.6535422285,16695.9304939719,16254.8226869978,1178610.0,43933000000.0,0.0,0.0,1178610.0,43933000000.0,68610.0,-67360.0,-69560.0,0.0,2531579500.0,-2487018000.0,-2569338000.0,0.0
13/11/2019,16585.6535422285,37600.0,0.0,0.0,16607.7089325771,16717.9858843206,16563.5981518796,672650.0,25370000000.0,0.0,0.0,672650.0,25370000000.0,12790.0,-19490.0,-19490.0,0.0,472704000.0,-725038000.0,-725038000.0,0.0
12/11/2019,16585.6535422285,37650.0,-50.0,-0.00132802,16541.5427615311,16695.9304939719,16541.5427615311,776260.0,29214000000.0,0.0,0.0,776260.0,29214000000.0,69740.0,-72150.0,-72150.0,1150.0,2620412500.0,-2710003000.0,-2710003000.0,43125000.0
11/11/2019,16607.7089325771,38100.0,-450.0,-0.01181102,16828.2628360642,16828.2628360642,16585.6535422285,799520.0,30277000000.0,0.0,0.0,799520.0,30277000000.0,15760.0,-17480.0,-17480.0,0.0,593246000.0,-658828500.0,-658828500.0,0.0
08/11/2019,16806.2074457155,38500.0,-400.0,-0.01038961,17026.7613492025,17048.8167395513,16784.1520553667,505810.0,19400000000.0,0.0,0.0,505810.0,19400000000.0,-1200.0,-520.0,-520.0,0.0,-57124000.0,-8668500.0,-8668500.0,0.0
07/11/2019,16982.6505685052,37900.0,600.0,0.01583113,16717.9858843206,17026.7613492025,16651.8197132745,917710.0,35096000000.0,0.0,0.0,917710.0,35096000000.0,-38680.0,21060.0,21060.0,2850.0,-1480936500.0,807870000.0,807870000.0,107967500.0
06/11/2019,16717.9858843206,37900.0,0.0,0.0,16673.8751036232,16938.5397878078,16585.6535422285,1034090.0,39284000000.0,0.0,0.0,1034090.0,39284000000.0,-41920.0,36120.0,36120.0,0.0,-1634954000.0,1415642000.0,1415642000.0,0.0
05/11/2019,16717.9858843206,38300.0,-400.0,-0.01044386,16894.4290071104,17048.8167395513,16717.9858843206,960890.0,36776000000.0,0.0,0.0,960890.0,36776000000.0,3340.0,-1870.0,-22570.0,0.0,106491000.0,-50144000.0,-847164000.0,0.0
04/11/2019,16894.4290071104,37650.0,650.0,0.01726428,16762.0966650181,16982.6505685052,16651.8197132745,1209790.0,46162000000.0,0.0,0.0,1209790.0,46162000000.0,-30300.0,38010.0,44810.0,-4000.0,-1166718500.0,1461890500.0,1720740500.0,-152000000.0
01/11/2019,16607.7089325771,37500.0,150.0,0.004,16541.5427615311,16806.2074457155,16519.4873711823,660090.0,24879000000.0,0.0,0.0,660090.0,24879000000.0,6040.0,-7760.0,7240.0,0.0,203584500.0,-268788000.0,295962000.0,0.0
31/10/2019,16541.5427615311,37700.0,-200.0,-0.00530504,16673.8751036232,16938.5397878078,16541.5427615311,697050.0,26366000000.0,0.0,0.0,697050.0,26366000000.0,-10330.0,5680.0,8780.0,0.0,-409564500.0,236118000.0,353298000.0,0.0
30/10/2019,16629.7643229258,37950.0,-250.0,-0.00658762,16806.2074457155,16872.3736167616,16629.7643229258,633450.0,24069000000.0,0.0,0.0,633450.0,24069000000.0,-11780.0,-210.0,-2710.0,0.0,-456267500.0,616000.0,-94409000.0,0.0
29/10/2019,16740.0412746695,36600.0,1350.0,0.03688525,16276.8780773465,16850.3182264129,16276.8780773465,1925680.0,72422000000.0,800000.0,27600000000.0,2725680.0,100022000000.0,-160120.0,190120.0,191250.0,0.0,-6052512000.0,7179996000.0,7219763000.0,0.0
28/10/2019,16144.5457352543,37000.0,-400.0,-0.01081081,16409.2104194387,16409.2104194387,16144.5457352543,647400.0,23811422500.0,0.0,0.0,647400.0,23811422500.0,89350.0,-102380.0,-67380.0,0.0,3281610000.0,-3760692000.0,-2477579500.0,0.0
25/10/2019,16320.9888580439,36700.0,300.0,0.00817439,16188.6565159517,16409.2104194387,16188.6565159517,692220.0,25630000000.0,0.0,0.0,692220.0,25630000000.0,-119390.0,117710.0,92610.0,0.0,-4434165000.0,4371901500.0,3440903000.0,0.0
24/10/2019,16188.6565159517,36300.0,400.0,0.01101928,16056.3241738593,16188.6565159517,16012.2133931621,620560.0,22687000000.0,0.0,0.0,620560.0,22687000000.0,-46390.0,10100.0,-22110.0,0.0,-1704585500.0,377305500.0,-801425000.0,0.0
23/10/2019,16012.2133931621,36050.0,250.0,0.00693481,15901.9364414184,16056.3241738593,15901.9364414184,553320.0,20030000000.0,0.0,0.0,553320.0,20030000000.0,50060.0,-49090.0,-53720.0,0.0,1809883500.0,-1774879500.0,-1945125000.0,0.0
22/10/2019,15901.9364414184,36700.0,-650.0,-0.01771117,16188.6565159517,16232.7672966491,15901.9364414184,562520.0,20506000000.0,0.0,0.0,562520.0,20506000000.0,63160.0,-74020.0,-34020.0,0.0,2281028000.0,-2675794500.0,-1233739500.0,0.0
21/10/2019,16188.6565159517,36750.0,-50.0,-0.00136054,16254.8226869978,16519.4873711823,16166.601125603,641750.0,23765000000.0,0.0,0.0,641750.0,23765000000.0,28640.0,-29490.0,10460.0,0.0,1054560000.0,-1085356500.0,388165500.0,0.0
18/10/2019,16210.7119063003,36500.0,250.0,0.00684932,16100.4349545568,16409.2104194387,16100.4349545568,532380.0,19590000000.0,0.0,0.0,532380.0,19590000000.0,4860.0,-7790.0,-6100.0,0.0,178373000.0,-286457000.0,-224038500.0,0.0
17/10/2019,16100.4349545568,37050.0,-550.0,-0.0148448,16343.0442483926,16343.0442483926,16100.4349545568,1297750.0,47568000000.0,0.0,0.0,1297750.0,47568000000.0,139580.0,-149640.0,-146840.0,500.0,5110664500.0,-5479763000.0,-5375921000.0,18525000.0
16/10/2019,16343.0442483926,37700.0,-650.0,-0.01724138,16762.0966650181,16762.0966650181,16343.0442483926,1577050.0,58853000000.0,0.0,0.0,1577050.0,58853000000.0,91620.0,-92860.0,-85860.0,0.0,3419266500.0,-3466154500.0,-3202227000.0,0.0
15/10/2019,16629.7643229258,38000.0,-300.0,-0.00789474,16762.0966650181,16938.5397878078,16629.7643229258,610440.0,23163000000.0,0.0,0.0,610440.0,23163000000.0,18100.0,-32660.0,-32760.0,0.0,689865500.0,-1241791500.0,-1245571500.0,0.0
14/10/2019,16762.0966650181,37800.0,200.0,0.00529101,16695.9304939719,16982.6505685052,16695.9304939719,738610.0,28202000000.0,0.0,0.0,738610.0,28202000000.0,-7050.0,2380.0,-12620.0,-500.0,-268780500.0,91344000.0,-478130000.0,-19103000.0
11/10/2019,16673.8751036232,37800.0,0.0,0.0,16717.9858843206,16850.3182264129,16629.7643229258,512660.0,19450000000.0,0.0,0.0,512660.0,19450000000.0,-90780.0,84960.0,85960.0,0.0,-3455289000.0,3234082000.0,3272212000.0,0.0
10/10/2019,16673.8751036232,38500.0,-700.0,-0.01818182,16872.3736167616,17114.9829105975,16673.8751036232,1065680.0,40840000000.0,0.0,0.0,1065680.0,40840000000.0,-360840.0,360610.0,358690.0,0.0,-13899568500.0,13892115000.0,13817572000.0,0.0
09/10/2019,16982.6505685052,38000.0,500.0,0.01315789,16717.9858843206,17004.7059588539,16673.8751036232,1126840.0,43197000000.0,0.0,0.0,1126840.0,43197000000.0,-401440.0,401770.0,397550.0,0.0,-15416477000.0,15430965000.0,15270130000.0,0.0
08/10/2019,16762.0966650181,37000.0,1000.0,0.02702703,16365.0996387413,16762.0966650181,16365.0996387413,740190.0,27762000000.0,0.0,0.0,740190.0,27762000000.0,-275030.0,284320.0,294420.0,0.0,-10315527500.0,10660104500.0,11038854500.0,0.0
07/10/2019,16320.9888580439,37400.0,-400.0,-0.01069519,16585.6535422285,16673.8751036232,16320.9888580439,1166050.0,43677000000.0,0.0,0.0,1166050.0,43677000000.0,-139360.0,135870.0,105150.0,0.0,-5222674500.0,5092477000.0,3942188000.0,0.0
04/10/2019,16497.4319808337,38600.0,-1200.0,-0.03108808,17114.9829105975,17159.0936912949,16497.4319808337,1109890.0,42161000000.0,0.0,0.0,1109890.0,42161000000.0,-54970.0,49060.0,29660.0,0.0,-2128746000.0,1896861500.0,1156096500.0,0.0
03/10/2019,17026.7613492025,38050.0,550.0,0.01445466,16695.9304939719,17026.7613492025,16585.6535422285,1272220.0,48629000000.0,0.0,0.0,1272220.0,48629000000.0,43930.0,-8580.0,7720.0,3000.0,1665529000.0,-315396000.0,304364000.0,113550000.0
02/10/2019,16784.1520553667,39200.0,-1150.0,-0.02933673,17291.4260333871,17379.6475947818,16784.1520553667,1084910.0,42008000000.0,0.0,0.0,1084910.0,42008000000.0,-72310.0,69130.0,69130.0,0.0,-2816298000.0,2693881500.0,2693881500.0,0.0
01/10/2019,17291.4260333871,38150.0,1050.0,0.02752294,16982.6505685052,17291.4260333871,16762.0966650181,1241200.0,47772000000.0,0.0,0.0,1241200.0,47772000000.0,93540.0,-91180.0,-48680.0,1630.0,3585137000.0,-3495783000.0,-1863450500.0,62755000.0
30/09/2019,16828.2628360642,39000.0,-850.0,-0.02179487,17291.4260333871,17379.6475947818,16828.2628360642,1509900.0,58557000000.0,0.0,0.0,1509900.0,58557000000.0,17290.0,-21460.0,-12880.0,-3000.0,651534500.0,-808555000.0,-466223500.0,-117450000.0
27/09/2019,17203.2044719922,39650.0,-650.0,-0.01639344,17511.9799368742,17710.4784500125,17203.2044719922,1309830.0,51800000000.0,0.0,0.0,1309830.0,51800000000.0,11300.0,-34060.0,5660.0,0.0,453451500.0,-1353187000.0,224702000.0,0.0
26/09/2019,17489.9245465254,39500.0,150.0,0.00379747,17511.9799368742,17556.0907175716,17247.3152526897,787910.0,31069000000.0,0.0,0.0,787910.0,31069000000.0,101800.0,-125960.0,47080.0,-1630.0,4019042500.0,-4965191000.0,1860692000.0,-64059000.0
25/09/2019,17423.7583754793,38150.0,1350.0,0.03538663,16762.0966650181,17423.7583754793,16762.0966650181,2183810.0,84490000000.0,0.0,0.0,2183810.0,84490000000.0,127740.0,-199030.0,36000.0,0.0,4914244500.0,-7666244000.0,1397310000.0,0.0
24/09/2019,16828.2628360642,38000.0,150.0,0.00394737,16762.0966650181,16982.6505685052,16717.9858843206,656780.0,25125000000.0,0.0,0.0,656780.0,25125000000.0,122870.0,-134930.0,-40390.0,0.0,4702143000.0,-5163738000.0,-1545037000.0,0.0
23/09/2019,16762.0966650181,38800.0,-400.0,-0.01030928,17114.9829105975,17335.5368140844,16762.0966650181,1240390.0,47928896000.0,0.0,0.0,1240390.0,47928896000.0,93470.0,-88620.0,-18120.0,0.0,3623706000.0,-3428090000.0,-682843000.0,0.0
20/09/2019,17114.9829105975,37200.0,1600.0,0.04301075,16387.1550290902,17203.2044719922,16387.1550290902,3383740.0,129578000000.0,0.0,0.0,3383740.0,129578000000.0,586630.0,-618660.0,93050.0,0.0,22452371000.0,-23677125000.0,3604920500.0,0.0
19/09/2019,16409.2104194387,37200.0,0.0,0.0,16365.0996387413,16475.3765904849,16254.8226869978,503760.0,18683000000.0,0.0,0.0,503760.0,18683000000.0,-7880.0,4710.0,5730.0,0.0,-292915000.0,175300000.0,212965500.0,0.0
18/09/2019,16409.2104194387,36700.0,500.0,0.01362398,16453.3212001363,16673.8751036232,16210.7119063003,1084490.0,40582000000.0,76380.0,2997915000.0,1160870.0,43579915000.0,-23250.0,-3180.0,65530.0,0.0,-872158500.0,-118780500.0,2452389000.0,0.0
17/09/2019,16188.6565159517,36600.0,100.0,0.00273224,16056.3241738593,16298.9334676951,16056.3241738593,693340.0,25478000000.0,0.0,0.0,693340.0,25478000000.0,13870.0,-30570.0,-3120.0,0.0,511234500.0,-1125073500.0,-114640500.0,0.0
16/09/2019,16144.5457352543,37100.0,-500.0,-0.01347709,16320.9888580439,16519.4873711823,16144.5457352543,1236720.0,45863000000.0,0.0,0.0,1236720.0,45863000000.0,106270.0,-115280.0,-6170.0,0.0,3929388500.0,-4262690000.0,-222544000.0,0.0
13/09/2019,16365.0996387413,37150.0,-50.0,-0.0013459,16409.2104194387,16497.4319808337,16276.8780773465,1185800.0,44043000000.0,76380.0,3036105000.0,1262180.0,47079105000.0,-168290.0,105820.0,44830.0,0.0,-6257341500.0,3935594000.0,1666728000.0,0.0
12/09/2019,16387.1550290902,36100.0,1050.0,0.02908587,15990.1580028133,16453.3212001363,15879.8810510698,1484120.0,54443000000.0,20000.0,720400000.0,1504120.0,55163400000.0,19960.0,-5890.0,128720.0,0.0,740732000.0,-227772000.0,4750126000.0,0.0
11/09/2019,15923.9918317672,35000.0,1100.0,0.03142857,15571.1055861878,15923.9918317672,15460.8286344443,383430.0,13593000000.0,0.0,0.0,383430.0,13593000000.0,-40690.0,28690.0,28690.0,10000.0,-1451149500.0,1028368500.0,1028368500.0,353000000.0
10/09/2019,15438.7732440956,35250.0,-250.0,-0.0070922,15659.3271475827,15703.4379282801,15394.6624633982,896010.0,31547000000.0,0.0,0.0,896010.0,31547000000.0,-50520.0,44300.0,-3880.0,0.0,-1768430000.0,1552257500.0,-137131500.0,0.0
09/09/2019,15549.0501958391,35550.0,-300.0,-0.00843882,15703.4379282801,15747.5487089775,15549.0501958391,309250.0,10971000000.0,0.0,0.0,309250.0,10971000000.0,-37650.0,32780.0,29100.0,10.0,-1338672500.0,1166505500.0,1035646500.0,356000.0
06/09/2019,15681.3825379314,35300.0,250.0,0.00708215,15681.3825379314,15747.5487089775,15504.9394151418,525410.0,18620000000.0,0.0,0.0,525410.0,18620000000.0,-20400.0,33490.0,13260.0,-10000.0,-723196000.0,1189445000.0,469349000.0,-355885000.0
05/09/2019,15571.1055861878,36000.0,-700.0,-0.01944444,15968.1026124646,16056.3241738593,15571.1055861878,1592010.0,56833000000.0,500000.0,19000000000.0,2092010.0,75833000000.0,-53180.0,10640.0,22690.0,0.0,-1921713500.0,398206000.0,822385500.0,0.0
04/09/2019,15879.8810510698,36900.0,-900.0,-0.02439024,16254.8226869978,16298.9334676951,15879.8810510698,550910.0,20133000000.0,0.0,0.0,550910.0,20133000000.0,-31180.0,18990.0,8620.0,-10.0,-1147085000.0,706466500.0,326942500.0,-367500.0
03/09/2019,16276.8780773465,36650.0,250.0,0.00682128,16232.7672966491,16409.2104194387,16144.5457352543,677990.0,25018000000.0,0.0,0.0,677990.0,25018000000.0,-29610.0,15490.0,30490.0,0.0,-1088896000.0,567947500.0,1123447500.0,0.0
30/08/2019,16166.601125603,36350.0,300.0,0.00825309,16034.2687835108,16188.6565159517,15968.1026124646,606740.0,22084000000.0,0.0,0.0,606740.0,22084000000.0,-94240.0,88140.0,24090.0,0.0,-3429951000.0,3207403000.0,877276000.0,0.0
29/08/2019,16034.2687835108,36400.0,-50.0,-0.00137363,16056.3241738593,16144.5457352543,15791.6594896749,938840.0,33908000000.0,0.0,0.0,938840.0,33908000000.0,-65180.0,85420.0,-8580.0,0.0,-2359533000.0,3095709000.0,-312188000.0,0.0
28/08/2019,16056.3241738593,36500.0,-100.0,-0.00273973,16056.3241738593,16365.0996387413,16056.3241738593,569780.0,20913000000.0,0.0,0.0,569780.0,20913000000.0,22190.0,18420.0,22220.0,0.0,807812000.0,673341000.0,813671000.0,0.0
27/08/2019,16100.4349545568,36300.0,200.0,0.00550964,16056.3241738593,16387.1550290902,16012.2133931621,676430.0,24813000000.0,0.0,0.0,676430.0,24813000000.0,-31230.0,20000.0,25850.0,0.0,-1143782500.0,732356500.0,948806500.0,0.0
26/08/2019,16012.2133931621,36300.0,0.0,0.0,15879.8810510698,16276.8780773465,15791.6594896749,796820.0,29014000000.0,0.0,0.0,796820.0,29014000000.0,67060.0,-51990.0,-44490.0,0.0,2439337500.0,-1890357500.0,-1619535500.0,0.0
23/08/2019,16012.2133931621,36700.0,-400.0,-0.01089918,16232.7672966491,16365.0996387413,16012.2133931621,991250.0,36252000000.0,0.0,0.0,991250.0,36252000000.0,83330.0,-108630.0,-6630.0,0.0,3048765500.0,-3973155000.0,-243381500.0,0.0
22/08/2019,16188.6565159517,37200.0,-500.0,-0.01344086,16497.4319808337,16497.4319808337,16188.6565159517,927030.0,34286000000.0,0.0,0.0,927030.0,34286000000.0,29330.0,-32520.0,-19610.0,0.0,1125052500.0,-1243159500.0,-719570000.0,0.0
21/08/2019,16409.2104194387,37000.0,200.0,0.00540541,16232.7672966491,16850.3182264129,16232.7672966491,1232500.0,46184000000.0,0.0,0.0,1232500.0,46184000000.0,299870.0,-318310.0,-9710.0,0.0,11197451000.0,-11877411500.0,-366345500.0,0.0
20/08/2019,16320.9888580439,37500.0,-500.0,-0.01333333,16343.0442483926,16497.4319808337,16276.8780773465,1306290.0,48416000000.0,0.0,0.0,1306290.0,48416000000.0,339950.0,-358100.0,8000.0,20.0,12595367500.0,-13267033500.0,296800000.0,741000.0
19/08/2019,16541.5427615311,37550.0,-50.0,-0.00133156,16563.5981518796,16629.7643229258,16210.7119063003,1346680.0,50025000000.0,0.0,0.0,1346680.0,50025000000.0,-5160.0,17730.0,93180.0,0.0,-228789000.0,702648500.0,3469384000.0,0.0
16/08/2019,16563.5981518796,36550.0,1000.0,0.02735978,16298.9334676951,16740.0412746695,16144.5457352543,2515240.0,94374000000.0,0.0,0.0,2515240.0,94374000000.0,81230.0,-79050.0,288690.0,0.0,3017218500.0,-2937144500.0,10871761500.0,0.0
15/08/2019,16122.4903449056,35900.0,650.0,0.01810585,15681.3825379314,16784.1520553667,15593.1609765365,3898270.0,143484000000.0,0.0,0.0,3898270.0,143484000000.0,367060.0,-279810.0,-120160.0,-20.0,13741915500.0,-10516689500.0,-4471235500.0,-736000.0
14/08/2019,15835.7702703723,36000.0,-100.0,-0.00277778,15968.1026124646,16056.3241738593,15747.5487089775,687580.0,24808000000.0,70000.0,2501000000.0,757580.0,27309000000.0,3630.0,-27900.0,-7800.0,100.0,135632000.0,-1011852500.0,-282262500.0,3620000.0
13/08/2019,15879.8810510698,34800.0,1200.0,0.03448276,15262.3301213058,15879.8810510698,15174.1085599111,2370010.0,84257000000.0,0.0,0.0,2370010.0,84257000000.0,98770.0,-92850.0,28550.0,0.0,3504451000.0,-3316606000.0,988661500.0,0.0
12/08/2019,15350.5516827008,34400.0,400.0,0.01162791,15152.0531695625,15504.9394151418,15085.8869985164,1013560.0,35308000000.0,0.0,0.0,1013560.0,35308000000.0,-10840.0,89300.0,-11700.0,0.0,-378797500.0,3109994000.0,-405756000.0,0.0
09/08/2019,15174.1085599111,34000.0,400.0,0.01176471,14997.6654371214,15504.9394151418,14865.3330950292,1702410.0,58714000000.0,0.0,0.0,1702410.0,58714000000.0,-232780.0,231210.0,37420.0,-100.0,-8078378000.0,8018446500.0,1292667500.0,-3485000.0
08/08/2019,14997.6654371214,31900.0,2100.0,0.06583072,14093.3944328245,14997.6654371214,14049.2836521271,1417500.0,46804000000.0,0.0,0.0,1417500.0,46804000000.0,-225560.0,196900.0,15690.0,0.0,-7548792000.0,6618334000.0,550932500.0,0.0
07/08/2019,14071.3390424757,32050.0,-150.0,-0.00468019,14181.6159942192,14291.8929459627,14027.2282617783,336840.0,10810000000.0,0.0,0.0,336840.0,10810000000.0,-40570.0,40980.0,-14420.0,0.0,-1300663000.0,1314160000.0,-463640000.0,0.0
06/08/2019,14137.5052135218,32500.0,-450.0,-0.01384615,14159.5606038705,14291.8929459627,13983.1174810809,791880.0,25391000000.0,0.0,0.0,791880.0,25391000000.0,-183620.0,192220.0,25150.0,0.0,-5883584000.0,6159139500.0,808300000.0,0.0
05/08/2019,14336.0037266603,33000.0,-500.0,-0.01515152,14556.5576301473,14622.7238011934,14336.0037266603,370930.0,12154000000.0,0.0,0.0,370930.0,12154000000.0,-59690.0,58610.0,19300.0,0.0,-1950607000.0,1916429500.0,630708000.0,0.0
02/08/2019,14556.5576301473,33300.0,-300.0,-0.00900901,14468.3360687524,14666.8345818909,14446.2806784038,444230.0,14681000000.0,0.0,0.0,444230.0,14681000000.0,19080.0,-18980.0,-4300.0,0.0,400301000.0,-398238000.0,-142185500.0,0.0
01/08/2019,14688.8899722395,32750.0,550.0,0.01679389,14468.3360687524,14688.8899722395,14446.2806784038,583360.0,19293000000.0,0.0,0.0,583360.0,19293000000.0,-83150.0,-19170.0,-5170.0,0.0,-2756036500.0,-635395500.0,-172495500.0,0.0
31/07/2019,14446.2806784038,32600.0,150.0,0.00460123,14380.1145073576,14468.3360687524,14336.0037266603,292280.0,9539000000.0,0.0,0.0,292280.0,9539000000.0,-42760.0,-8800.0,4800.0,0.0,-1394431000.0,-287187000.0,156240000.0,0.0
30/07/2019,14380.1145073576,32600.0,0.0,0.0,14380.1145073576,14600.6684108447,14159.5606038705,913720.0,29630000000.0,0.0,0.0,913720.0,29630000000.0,-102840.0,53800.0,13630.0,0.0,-3334903500.0,1737057000.0,441199000.0,0.0
29/07/2019,14380.1145073576,32750.0,-150.0,-0.00458015,14468.3360687524,14490.3914591012,14313.9483363114,675930.0,22048000000.0,78000.0,2574000000.0,753930.0,24622000000.0,-100230.0,-35200.0,37800.0,10000.0,-3275130000.0,-1143093500.0,1229125500.0,328000000.0
26/07/2019,14446.2806784038,33250.0,-500.0,-0.01503759,14666.8345818909,14688.8899722395,14424.2252880551,607600.0,20017000000.0,0.0,0.0,607600.0,20017000000.0,-38370.0,32480.0,14980.0,0.0,-1259485500.0,1065272000.0,492835000.0,0.0
25/07/2019,14666.8345818909,33350.0,-100.0,-0.0029985,14710.9453625882,14887.3884853779,14666.8345818909,664090.0,22232000000.0,0.0,0.0,664090.0,22232000000.0,65560.0,-77280.0,-600.0,0.0,2194047000.0,-2585970500.0,-21090000.0,0.0
24/07/2019,14710.9453625882,33600.0,-250.0,-0.00744048,14821.2223143318,14909.4438757266,14688.8899722395,574060.0,19266000000.0,0.0,0.0,574060.0,19266000000.0,-660.0,19570.0,23400.0,-10000.0,-8914000.0,652860000.0,781581000.0,-336000000.0
23/07/2019,14821.2223143318,32850.0,750.0,0.02283105,14534.5022397985,14821.2223143318,14490.3914591012,731080.0,24334000000.0,0.0,0.0,731080.0,24334000000.0,8640.0,4980.0,13980.0,0.0,306858000.0,161793000.0,462993000.0,0.0
22/07/2019,14490.3914591012,33050.0,-200.0,-0.00605144,14512.4468494499,14600.6684108447,14468.3360687524,301000.0,9908000000.0,0.0,0.0,301000.0,9908000000.0,6130.0,-12320.0,1350.0,0.0,200334000.0,-404021500.0,44667500.0,0.0
19/07/2019,14578.613020496,33300.0,-250.0,-0.00750751,14821.2223143318,14843.2777046805,14424.2252880551,1386340.0,45783000000.0,0.0,0.0,1386340.0,45783000000.0,-243900.0,237700.0,154200.0,0.0,-8082071000.0,7877133000.0,5116883000.0,0.0
18/07/2019,14688.8899722395,33500.0,-200.0,-0.00597015,14777.1115336343,14777.1115336343,14622.7238011934,473290.0,15787000000.0,78000.0,2597400000.0,551290.0,18384400000.0,1400.0,-65440.0,-53440.0,0.0,41568000.0,-2182425000.0,-1782625000.0,0.0
17/07/2019,14777.1115336343,33650.0,-150.0,-0.00445765,14843.2777046805,14843.2777046805,14622.7238011934,751640.0,25105000000.0,0.0,0.0,751640.0,25105000000.0,-101590.0,100150.0,99820.0,0.0,-3390780000.0,3342728000.0,3331739000.0,0.0
16/07/2019,14843.2777046805,34000.0,-350.0,-0.01029412,15085.8869985164,15196.1639502597,14622.7238011934,2167960.0,72986000000.0,0.0,0.0,2167960.0,72986000000.0,-7890.0,-19650.0,-75820.0,0.0,-286996000.0,-640543500.0,-2562334000.0,0.0
15/07/2019,14997.6654371214,33700.0,300.0,0.00890208,14821.2223143318,15085.8869985164,14821.2223143318,597770.0,20308000000.0,0.0,0.0,597770.0,20308000000.0,59580.0,-61880.0,-38750.0,0.0,2019403500.0,-2097419500.0,-1311625500.0,0.0
12/07/2019,14865.3330950292,33800.0,-100.0,-0.00295858,14931.4992660753,15041.7762178188,14865.3330950292,546250.0,18523000000.0,0.0,0.0,546250.0,18523000000.0,31760.0,-42150.0,-37950.0,2800.0,1074581500.0,-1429163500.0,-1284813500.0,94780000.0
11/07/2019,14909.4438757266,34150.0,-350.0,-0.0102489,15107.9423888649,15196.1639502597,14909.4438757266,557230.0,18996000000.0,0.0,0.0,557230.0,18996000000.0,-20930.0,41900.0,4000.0,0.0,-716645000.0,1426806000.0,136906000.0,0.0
10/07/2019,15063.8316081676,33550.0,600.0,0.01788376,14865.3330950292,15152.0531695625,14799.1669239831,1146700.0,39090000000.0,0.0,0.0,1146700.0,39090000000.0,-77660.0,84430.0,44430.0,0.0,-2644288000.0,2873352000.0,1510202000.0,0.0
09/07/2019,14799.1669239831,33500.0,50.0,0.00149254,14777.1115336343,14909.4438757266,14688.8899722395,405320.0,13629000000.0,60000.0,1890000000.0,465320.0,15519000000.0,5320.0,-13690.0,-42690.0,-2800.0,181692000.0,-463254000.0,-1437004000.0,-94220000.0
08/07/2019,14777.1115336343,33350.0,150.0,0.00449775,14600.6684108447,15019.7208274702,14578.613020496,1221980.0,41105000000.0,0.0,0.0,1221980.0,41105000000.0,76970.0,-103720.0,-62690.0,0.0,2585625500.0,-3484545500.0,-2099383000.0,0.0
05/07/2019,14710.9453625882,33350.0,0.0,0.0,14710.9453625882,14799.1669239831,14644.7791915421,599820.0,20005000000.0,0.0,0.0,599820.0,20005000000.0,56510.0,-62850.0,-20640.0,0.0,1885459000.0,-2096846500.0,-687007500.0,0.0
04/07/2019,14710.9453625882,33050.0,300.0,0.00907716,14644.7791915421,14865.3330950292,14644.7791915421,970550.0,32474000000.0,0.0,0.0,970550.0,32474000000.0,-125700.0,115620.0,72700.0,0.0,-4209083500.0,3871495500.0,2432993500.0,0.0
03/07/2019,14578.613020496,32200.0,850.0,0.02639752,14203.671384568,14622.7238011934,14159.5606038705,2279650.0,74853000000.0,0.0,0.0,2279650.0,74853000000.0,201370.0,-116230.0,-24070.0,0.0,6644383500.0,-3849002000.0,-801174000.0,0.0
02/07/2019,14203.671384568,32000.0,200.0,0.00625,14159.5606038705,14247.7821652654,14049.2836521271,405850.0,13012000000.0,0.0,0.0,405850.0,13012000000.0,-9150.0,-1540.0,-1540.0,0.0,-296533500.0,-47034500.0,-47034500.0,0.0
01/07/2019,14115.4498231731,31750.0,250.0,0.00787402,14093.3944328245,14291.8929459627,14071.3390424757,597430.0,19220000000.0,0.0,0.0,597430.0,19220000000.0,-32760.0,85200.0,85200.0,570.0,-1049124000.0,2743161500.0,2743161500.0,18211500.0
28/06/2019,14005.1728714296,31650.0,100.0,0.00315956,13961.0620907321,14071.3390424757,13806.6743582911,504740.0,15901000000.0,0.0,0.0,504740.0,15901000000.0,69100.0,-56280.0,-56280.0,0.0,2176960000.0,-1770980000.0,-1770980000.0,0.0
27/06/2019,13961.0620907321,32000.0,-350.0,-0.0109375,14159.5606038705,14225.7267749166,13961.0620907321,893080.0,28363000000.0,0.0,0.0,893080.0,28363000000.0,427340.0,-464650.0,32800.0,0.0,13561432000.0,-14748825500.0,1045020000.0,0.0
26/06/2019,14115.4498231731,31750.0,250.0,0.00787402,14005.1728714296,14181.6159942192,13961.0620907321,558950.0,17830000000.0,0.0,0.0,558950.0,17830000000.0,329940.0,-352270.0,24400.0,-570.0,10526355500.0,-11237716500.0,776504500.0,-18126000.0
25/06/2019,14005.1728714296,32150.0,-400.0,-0.01244168,14181.6159942192,14203.671384568,13939.0067003835,717820.0,22842000000.0,26495.0,851814250.0,744315.0,23693814250.0,244860.0,-249570.0,78000.0,570.0,7770275000.0,-7919820000.0,2487501000.0,18325500.0
24/06/2019,14181.6159942192,32250.0,-100.0,-0.00310078,14225.7267749166,14247.7821652654,14137.5052135218,297670.0,9581000000.0,0.0,0.0,297670.0,9581000000.0,124110.0,-125970.0,46550.0,0.0,3994603500.0,-4054580000.0,1498206500.0,0.0
21/06/2019,14225.7267749166,32150.0,100.0,0.0031,14225.7267749166,14336.0037266603,14181.6159942192,275170.0,8888000000.0,0.0,0.0,275170.0,8888000000.0,-10940.0,5210.0,5210.0,0.0,-352735500.0,168082000.0,168082000.0,0.0
20/06/2019,14181.6159942192,31850.0,300.0,0.0094,14049.2836521271,14203.671384568,14049.2836521271,485980.0,15557000000.0,0.0,0.0,485980.0,15557000000.0,145760.0,-153100.0,26300.0,-570.0,4665662000.0,-4900424500.0,842810500.0,-18211500.0
19/06/2019,14049.2836521271,31600.0,250.0,0.00791139,14115.4498231731,14247.7821652654,13983.1174810809,226010.0,7219000000.0,0.0,0.0,226010.0,7219000000.0,91650.0,-92340.0,7660.0,0.0,2922309000.0,-2944348500.0,244147000.0,0.0
18/06/2019,13939.0067003835,31550.0,50.0,0.00158479,13939.0067003835,13983.1174810809,13872.8405293373,352710.0,11125000000.0,0.0,0.0,352710.0,11125000000.0,154380.0,-155560.0,-55560.0,0.0,4872301500.0,-4909469500.0,-1753614500.0,0.0
17/06/2019,13916.9513100347,31850.0,-300.0,-0.00941915,14049.2836521271,14093.3944328245,13916.9513100347,457020.0,14501000000.0,0.0,0.0,457020.0,14501000000.0,126730.0,-128300.0,-90130.0,0.0,4028039000.0,-4077948000.0,-2863679000.0,0.0
