NGÀY,GIÁ,GIÁ THÔ,THAY ĐỔI,%THAY ĐỔI,MỞ,CAO,THẤP,KL KHỚP,GT KHỚP,KL THỎA THUẬN,GT THỎA THUẬN,TỔNG KHỐI LƯỢNG,TỔNG GIÁ TRỊ,KL Cá Nhân Khớp Ròng,KL Tổ chức Khớp Ròng,KL Tự doanh Khớp Ròng,KL Nước Ngoài Khớp Ròng,GT Cá Nhân Khớp Ròng,GT Tổ chức Khớp Ròng,GT Tự doanh Khớp Ròng,GT Nước Ngoài Khớp Ròng
28/08/2026,29750.0,29400.0,350.0,0.01190476,29400.0,29750.0,29400.0,15209.0,449535950.0,0.0,0.0,15209.0,449535950.0,2291.0,-2291.0,0.0,0.0,67560850.0,-67560850.0,0.0,0.0
27/08/2026,29400.0,28900.0,500.0,0.01730104,29000.0,29600.0,28900.0,21759.0,635627350.0,0.0,0.0,21759.0,635627350.0,4630.0,-4130.0,0.0,-500.0,135424250.0,-121014250.0,0.0,-14410000.0
26/08/2026,28900.0,28800.0,100.0,0.00347222,28800.0,28900.0,28800.0,3773.0,108692400.0,0.0,0.0,3773.0,108692400.0,-700.0,700.0,0.0,0.0,-20190000.0,20190000.0,0.0,0.0
25/08/2026,28800.0,28850.0,-50.0,-0.0017331,28950.0,29250.0,28800.0,7080.0,204569350.0,0.0,0.0,7080.0,204569350.0,-2140.0,2140.0,0.0,0.0,-61914000.0,61914000.0,0.0,0.0
24/08/2026,28850.0,28800.0,50.0,0.00173611,28750.0,28950.0,28750.0,6986.0,201340500.0,0.0,0.0,6986.0,201340500.0,-220.0,-380.0,0.0,600.0,-6396000.0,-10919000.0,0.0,17315000.0
21/08/2026,28800.0,28000.0,800.0,0.02857143,28000.0,28900.0,27950.0,40257.0,1137446100.0,0.0,0.0,40257.0,1137446100.0,-4545.0,-16655.0,0.0,21200.0,-134555000.0,-468985000.0,0.0,603540000.0
20/08/2026,28000.0,27900.0,100.0,0.00358423,28000.0,28000.0,27900.0,22028.0,615702600.0,0.0,0.0,22028.0,615702600.0,-410.0,-2090.0,0.0,2500.0,-11738800.0,-58251200.0,0.0,69990000.0
19/08/2026,27900.0,28000.0,-100.0,-0.00357143,27700.0,28050.0,27700.0,18225.0,507430800.0,0.0,0.0,18225.0,507430800.0,-1774.0,1074.0,0.0,700.0,-48992000.0,29487000.0,0.0,19505000.0
18/08/2026,28000.0,28000.0,0.0,0.0,28050.0,28050.0,27850.0,30478.0,852300700.0,0.0,0.0,30478.0,852300700.0,5890.0,-5890.0,0.0,0.0,165545000.0,-165545000.0,0.0,0.0
17/08/2026,28000.0,28050.0,-50.0,-0.00178253,28100.0,28200.0,27900.0,27022.0,756835100.0,0.0,0.0,27022.0,756835100.0,9220.0,-9220.0,0.0,0.0,258009000.0,-258009000.0,0.0,0.0
14/08/2026,28050.0,28150.0,-100.0,-0.0035524,28150.0,28200.0,27700.0,10905.0,304850550.0,0.0,0.0,10905.0,304850550.0,735.0,-735.0,0.0,0.0,19592000.0,-19592000.0,0.0,0.0
13/08/2026,28150.0,28150.0,0.0,0.0,28150.0,28250.0,28000.0,13123.0,368989800.0,0.0,0.0,13123.0,368989800.0,-2087.0,2087.0,0.0,0.0,-58624700.0,58624700.0,0.0,0.0
12/08/2026,28150.0,28150.0,0.0,0.0,28150.0,28300.0,27850.0,12081.0,339136750.0,0.0,0.0,12081.0,339136750.0,-306.0,306.0,0.0,0.0,-8669800.0,8669800.0,0.0,0.0
11/08/2026,28150.0,28000.0,150.0,0.00535714,27950.0,28250.0,27950.0,27157.0,762674200.0,0.0,0.0,27157.0,762674200.0,-2950.0,2950.0,0.0,0.0,-82872500.0,82872500.0,0.0,0.0
10/08/2026,28000.0,28450.0,-450.0,-0.01581722,28850.0,28850.0,27500.0,51320.0,1437573200.0,0.0,0.0,51320.0,1437573200.0,6725.0,-6725.0,0.0,0.0,188595000.0,-188595000.0,0.0,0.0
07/08/2026,28450.0,29300.0,-850.0,-0.02901024,29200.0,29200.0,28400.0,30267.0,863900700.0,0.0,0.0,30267.0,863900700.0,7675.0,-7675.0,0.0,0.0,219595001.0,-219595000.0,0.0,0.0
06/08/2026,29300.0,29500.0,-200.0,-0.00677966,29100.0,29350.0,28850.0,19504.0,568001200.0,0.0,0.0,19504.0,568001200.0,1600.0,-1700.0,0.0,100.0,47470000.0,-50390000.0,0.0,2920000.0
05/08/2026,29500.0,29500.0,0.0,0.0,29600.0,29700.0,29200.0,33959.0,1004434500.0,0.0,0.0,33959.0,1004434500.0,12000.0,-11500.0,0.0,-500.0,356695000.0,-341845000.0,0.0,-14850000.0
04/08/2026,29500.0,29700.0,-200.0,-0.00673401,29600.0,29700.0,29300.0,24406.0,720047000.0,0.0,0.0,24406.0,720047000.0,12294.0,-8494.0,0.0,-3800.0,362508000.0,-250363000.0,0.0,-112145000.0
03/08/2026,29700.0,29650.0,50.0,0.00168634,29650.0,29750.0,29300.0,22228.0,655381600.0,0.0,0.0,22228.0,655381600.0,16656.0,-16656.0,0.0,0.0,490668450.0,-490668450.0,0.0,0.0
31/07/2026,29650.0,29600.0,50.0,0.00168919,29650.0,29800.0,29300.0,9990.0,293648000.0,0.0,0.0,9990.0,293648000.0,2232.0,-1832.0,0.0,-400.0,65879200.0,-54039200.0,0.0,-11840000.0
30/07/2026,29600.0,29300.0,300.0,0.01023891,29550.0,29750.0,29350.0,23800.0,704150950.0,0.0,0.0,23800.0,704150950.0,7563.0,-5611.0,0.0,-1952.0,223832951.0,-166260950.0,0.0,-57572000.0
29/07/2026,29300.0,29250.0,50.0,0.0017094,29300.0,29700.0,29000.0,12901.0,376821250.0,0.0,0.0,12901.0,376821250.0,1400.0,3600.0,0.0,-5000.0,39545000.0,105455000.0,0.0,-145000000.0
28/07/2026,29250.0,29250.0,0.0,0.0,29200.0,29250.0,28150.0,4580.0,131356700.0,0.0,0.0,4580.0,131356700.0,-596.0,-4.0,0.0,600.0,-15518150.0,-941850.0,0.0,16460000.0
27/07/2026,29250.0,29400.0,-150.0,-0.00510204,29500.0,29600.0,29000.0,12984.0,379662450.0,0.0,0.0,12984.0,379662450.0,-1848.0,1748.0,0.0,100.0,-53930200.0,50980200.0,0.0,2950000.0
24/07/2026,29400.0,28800.0,600.0,0.02083333,28700.0,29400.0,28700.0,50828.0,1484410350.0,0.0,0.0,50828.0,1484410350.0,14340.0,-8319.0,0.0,-6021.0,418353550.0,-243572200.0,0.0,-174781350.0
23/07/2026,28800.0,28200.0,600.0,0.0212766,28700.0,28850.0,27950.0,84475.0,2396295550.0,0.0,0.0,84475.0,2396295550.0,-801.0,4501.0,0.0,-3700.0,-18917400.0,123697400.0,0.0,-104780000.0
22/07/2026,28200.0,28600.0,-400.0,-0.01398601,28750.0,28850.0,28200.0,22779.0,648091950.0,0.0,0.0,22779.0,648091950.0,2814.0,-2914.0,0.0,100.0,79626750.0,-82486750.0,0.0,2860000.0
21/07/2026,28600.0,29000.0,-400.0,-0.0137931,28500.0,29400.0,28350.0,41956.0,1200473900.0,0.0,0.0,41956.0,1200473900.0,14224.0,-10703.0,0.0,-3521.0,406482199.0,-304040000.0,0.0,-102442200.0
20/07/2026,29000.0,29400.0,-400.0,-0.01360544,29400.0,29500.0,28450.0,15391.0,443451900.0,0.0,0.0,15391.0,443451900.0,-3248.0,3249.0,0.0,-1.0,-92942400.0,92971800.0,0.0,-29400.0
17/07/2026,29400.0,30000.0,-600.0,-0.02,28300.0,30000.0,28300.0,41628.0,1205154550.0,0.0,0.0,41628.0,1205154550.0,-10668.0,10233.0,-9.0,435.0,-303741500.0,290955750.0,-270000.0,12785750.0
16/07/2026,30000.0,30700.0,-700.0,-0.0228013,30500.0,30500.0,29800.0,45216.0,1353608500.0,0.0,0.0,45216.0,1353608500.0,4047.0,-4047.0,0.0,0.0,119847850.0,-119847850.0,0.0,0.0
15/07/2026,30700.0,31500.0,-800.0,-0.02539683,31500.0,31500.0,30500.0,18010.0,556372950.0,0.0,0.0,18010.0,556372950.0,-765.0,265.0,0.0,500.0,-23413500.0,8013500.0,0.0,15400000.0
14/07/2026,31500.0,32500.0,-1000.0,-0.03076923,32100.0,32500.0,31450.0,25742.0,814507400.0,0.0,0.0,25742.0,814507400.0,-3818.0,3318.0,0.0,500.0,-120975600.0,105225600.0,0.0,15750000.0
13/07/2026,32500.0,33050.0,-550.0,-0.01664145,33100.0,33100.0,31950.0,29231.0,948913750.0,0.0,0.0,29231.0,948913750.0,1596.0,-1596.0,0.0,0.0,52279800.0,-52279800.0,0.0,0.0
10/07/2026,33050.0,33000.0,50.0,0.00151515,33100.0,33100.0,32800.0,15340.0,505222850.0,0.0,0.0,15340.0,505222850.0,3410.0,-3910.0,0.0,500.0,112060501.0,-128510500.0,0.0,16450000.0
09/07/2026,33000.0,33250.0,-250.0,-0.0075188,33250.0,33250.0,33000.0,7045.0,232678250.0,0.0,0.0,7045.0,232678250.0,-1400.0,1400.0,0.0,0.0,-46245000.0,46245000.0,0.0,0.0
08/07/2026,33250.0,33150.0,100.0,0.00301659,33100.0,33250.0,32800.0,19040.0,628659000.0,0.0,0.0,19040.0,628659000.0,-1300.0,1300.0,0.0,0.0,-43000000.0,43000000.0,0.0,0.0
07/07/2026,33150.0,33100.0,50.0,0.00151057,33050.0,33150.0,32800.0,6503.0,214589450.0,0.0,0.0,6503.0,214589450.0,900.0,-900.0,0.0,0.0,29850000.0,-29850000.0,0.0,0.0
06/07/2026,33100.0,33600.0,-500.0,-0.01488095,33750.0,33750.0,33000.0,40335.0,1341825100.0,0.0,0.0,40335.0,1341825100.0,212.0,-112.0,0.0,-100.0,9644600.0,-6269600.0,0.0,-3375000.0
03/07/2026,33600.0,33600.0,0.0,0.0,33750.0,33800.0,33200.0,9750.0,326385000.0,0.0,0.0,9750.0,326385000.0,-500.0,400.0,0.0,100.0,-16600000.0,13180000.0,0.0,3420000.0
02/07/2026,33600.0,33950.0,-350.0,-0.01030928,34000.0,34000.0,33200.0,41798.0,1398852000.0,0.0,0.0,41798.0,1398852000.0,10000.0,-9000.0,0.0,-1000.0,333685000.0,-300235000.0,0.0,-33450000.0
01/07/2026,33950.0,33900.0,50.0,0.00147493,33800.0,34250.0,33250.0,35035.0,1178470300.0,0.0,0.0,35035.0,1178470300.0,-1100.0,1100.0,0.0,0.0,-36780000.0,36780000.0,0.0,0.0
30/06/2026,33900.0,34300.0,-400.0,-0.01166181,34500.0,34500.0,33800.0,17900.0,610545000.0,0.0,0.0,17900.0,610545000.0,-1200.0,1200.0,0.0,0.0,-41270000.0,41270000.0,0.0,0.0
29/06/2026,34300.0,35200.0,-900.0,-0.02556818,35200.0,35200.0,34000.0,13529.0,463723250.0,0.0,0.0,13529.0,463723250.0,-2655.0,1388.0,0.0,1267.0,-90845200.0,47800200.0,0.0,43045000.0
26/06/2026,35200.0,35500.0,-300.0,-0.0084507,34800.0,35550.0,33100.0,13876.0,473373100.0,0.0,0.0,13876.0,473373100.0,6574.0,26.0,-76.0,-6600.0,219437001.0,943000.0,-2678000.0,-220380000.0
25/06/2026,35500.0,35600.0,-100.0,-0.00280899,35600.0,35600.0,35000.0,16100.0,566913700.0,0.0,0.0,16100.0,566913700.0,5900.0,-800.0,0.0,-5100.0,205745000.0,-26625000.0,0.0,-179120000.0
24/06/2026,35600.0,36000.0,-400.0,-0.01111111,36000.0,36000.0,35500.0,18201.0,648272350.0,0.0,0.0,18201.0,648272350.0,796.0,-796.0,0.0,0.0,28451800.0,-28451800.0,0.0,0.0
23/06/2026,36000.0,36300.0,-300.0,-0.00826446,36400.0,36400.0,35800.0,23401.0,842316300.0,0.0,0.0,23401.0,842316300.0,2700.0,-2700.0,0.0,0.0,96985000.0,-96985000.0,0.0,0.0
22/06/2026,36300.0,36450.0,-150.0,-0.00411523,36450.0,36550.0,35900.0,19465.0,703879550.0,0.0,0.0,19465.0,703879550.0,1299.0,-1299.0,0.0,0.0,48163500.0,-48163500.0,0.0,0.0
19/06/2026,36450.0,36800.0,-350.0,-0.00951087,36800.0,36800.0,36200.0,10632.0,385956800.0,0.0,0.0,10632.0,385956800.0,-2815.0,2815.0,0.0,0.0,-102144200.0,102144200.0,0.0,0.0
18/06/2026,36800.0,36950.0,-150.0,-0.00405954,36950.0,36950.0,36500.0,9382.0,342680250.0,0.0,0.0,9382.0,342680250.0,1600.0,-1600.0,0.0,0.0,58475000.0,-58475000.0,0.0,0.0
17/06/2026,36950.0,36600.0,350.0,0.00956284,36600.0,36950.0,36550.0,1475.0,54155000.0,0.0,0.0,1475.0,54155000.0,-100.0,100.0,0.0,0.0,-3730000.0,3730000.0,0.0,0.0
16/06/2026,36600.0,37000.0,-400.0,-0.01081081,37000.0,37500.0,36400.0,10612.0,388256100.0,0.0,0.0,10612.0,388256100.0,-1204.0,1304.0,0.0,-100.0,-43419600.0,47119600.0,0.0,-3700000.0
15/06/2026,37000.0,36750.0,250.0,0.00680272,37600.0,37600.0,37000.0,3756.0,139364250.0,0.0,0.0,3756.0,139364250.0,900.0,-900.0,0.0,0.0,33300000.0,-33300000.0,0.0,0.0
12/06/2026,36750.0,36850.0,-100.0,-0.0027137,37900.0,37900.0,36450.0,5638.0,207212650.0,0.0,0.0,5638.0,207212650.0,-1500.0,1500.0,0.0,0.0,-55105000.0,55105000.0,0.0,0.0
11/06/2026,36850.0,36650.0,200.0,0.00545703,36800.0,36900.0,36300.0,9565.0,351876900.0,0.0,0.0,9565.0,351876900.0,75.0,-75.0,0.0,0.0,2784800.0,-2784800.0,0.0,0.0
10/06/2026,36650.0,36700.0,-50.0,-0.0013624,36700.0,36700.0,36000.0,10110.0,369790400.0,0.0,0.0,10110.0,369790400.0,-1200.0,1200.0,0.0,0.0,-43980000.0,43980000.0,0.0,0.0
09/06/2026,36700.0,36600.0,100.0,0.00273224,36700.0,37600.0,36600.0,12257.0,456630750.0,0.0,0.0,12257.0,456630750.0,-2302.0,2302.0,0.0,0.0,-84545200.0,84545200.0,0.0,0.0
08/06/2026,36600.0,38050.0,-1450.0,-0.03810775,38000.0,38000.0,36600.0,17677.0,656575700.0,0.0,0.0,17677.0,656575700.0,-2271.0,2771.0,0.0,-500.0,-81206100.0,100106100.0,0.0,-18900000.0
05/06/2026,38050.0,38000.0,50.0,0.00131579,38200.0,38250.0,37400.0,8908.0,336690000.0,0.0,0.0,8908.0,336690000.0,-5100.0,5200.0,0.0,-100.0,-192525000.0,196315000.0,0.0,-3790000.0
04/06/2026,38000.0,37250.0,745.0,0.01999732,37000.0,38550.0,37000.0,30832.0,1172202350.0,0.0,0.0,30832.0,1172202350.0,9907.0,-9907.0,0.0,0.0,380282000.0,-380282000.0,0.0,0.0
03/06/2026,37255.64,42950.0,150.0,0.00349243,36953.1,37255.64,36953.1,49640.0,2134992500.0,0.0,0.0,49640.0,2134992500.0,9760.0,-10260.0,0.0,500.0,419883500.0,-441383500.0,0.0,21500000.0
02/06/2026,37125.98,42800.0,150.0,0.00350467,36996.32,37125.98,36866.66,52678.0,2252810400.0,0.0,0.0,52678.0,2252810400.0,-3326.0,-8374.0,0.0,11700.0,-141942601.0,-357647400.0,0.0,499590000.0
01/06/2026,36996.32,42800.0,0.0,0.0,36996.32,37125.98,36737.0,22275.0,950343900.0,0.0,0.0,22275.0,950343900.0,-3683.0,3583.0,0.0,100.0,-157325700.0,153050700.0,0.0,4275000.0
29/05/2026,36996.32,42800.0,0.0,0.0,37082.76,37082.76,36823.44,17231.0,736920150.0,0.0,0.0,17231.0,736920150.0,7931.0,-7931.0,0.0,0.0,339495150.0,-339495150.0,0.0,0.0
28/05/2026,36996.32,42600.0,200.0,0.00469484,36823.44,37039.54,36823.44,7600.0,324300000.0,0.0,0.0,7600.0,324300000.0,800.0,-1000.0,0.0,200.0,34205000.0,-42765000.0,0.0,8560000.0
27/05/2026,36823.44,42600.0,0.0,0.0,36996.32,36996.32,36780.22,6362.0,271859600.0,0.0,0.0,6362.0,271859600.0,-2605.0,2505.0,0.0,100.0,-111295000.0,107040000.0,0.0,4255000.0
26/05/2026,36823.44,42800.0,-200.0,-0.0046729,37169.2,37169.2,36823.44,8004.0,342056800.0,0.0,0.0,8004.0,342056800.0,-100.0,300.0,0.0,-200.0,-3890000.0,12470000.0,0.0,-8580000.0
25/05/2026,36996.32,42900.0,-100.0,-0.002331,37082.76,37082.76,36823.44,7331.0,314002100.0,0.0,0.0,7331.0,314002100.0,-515.0,515.0,0.0,0.0,-22040250.0,22040250.0,0.0,0.0
22/05/2026,37082.76,43000.0,-100.0,-0.00232558,37428.52,37428.52,36866.66,16201.0,694009000.0,0.0,0.0,16201.0,694009000.0,108.0,-108.0,0.0,0.0,5103000.0,-5103000.0,0.0,0.0
21/05/2026,37169.2,42650.0,350.0,0.00820633,37471.74,37471.74,36996.32,8700.0,374415000.0,0.0,0.0,8700.0,374415000.0,-300.0,400.0,0.0,-100.0,-11955000.0,16355000.0,0.0,-4400000.0
20/05/2026,36866.66,43100.0,-450.0,-0.01044084,37298.86,37558.18,36866.66,16207.0,697385000.0,0.0,0.0,16207.0,697385000.0,-2407.0,2407.0,0.0,0.0,-101825000.0,101825000.0,0.0,0.0
19/05/2026,37255.64,43300.0,-200.0,-0.00461894,37514.96,37514.96,37169.2,16800.0,723895000.0,0.0,0.0,16800.0,723895000.0,2100.0,-1900.0,0.0,-200.0,90020000.0,-81400000.0,0.0,-8620000.0
18/05/2026,37428.52,43300.0,0.0,0.0,37514.96,37514.96,36780.22,6645.0,284841300.0,0.0,0.0,6645.0,284841300.0,1502.0,-1802.0,0.0,300.0,64794401.0,-77624400.0,0.0,12830000.0
15/05/2026,37428.52,43050.0,250.0,0.0058072,37169.2,37428.52,37082.76,11000.0,473540000.0,0.0,0.0,11000.0,473540000.0,-2700.0,2600.0,0.0,100.0,-116515000.0,112265000.0,0.0,4250000.0
14/05/2026,37212.42,43250.0,-200.0,-0.00462428,37385.3,37428.52,37212.42,5500.0,237120000.0,0.0,0.0,5500.0,237120000.0,-1200.0,1200.0,0.0,0.0,-51880000.0,51880000.0,0.0,0.0
13/05/2026,37385.3,43550.0,-300.0,-0.00688863,37644.62,37644.62,37169.2,11566.0,498196000.0,0.0,0.0,11566.0,498196000.0,-1600.0,2100.0,0.0,-500.0,-68815000.0,90380000.0,0.0,-21565000.0
12/05/2026,37644.62,43650.0,-100.0,-0.00229095,37731.06,37731.06,37601.4,13302.0,579433300.0,0.0,0.0,13302.0,579433300.0,4500.0,-4500.0,0.0,0.0,195965000.0,-195965000.0,0.0,0.0
11/05/2026,37731.06,44100.0,-450.0,-0.01020408,38379.36,38379.36,37601.4,22102.0,966901500.0,0.0,0.0,22102.0,966901500.0,9001.0,-9401.0,0.0,400.0,394329400.0,-411889400.0,0.0,17560000.0
08/05/2026,38120.04,44300.0,-200.0,-0.00451467,38292.92,38465.8,38076.82,15318.0,677194300.0,0.0,0.0,15318.0,677194300.0,2695.0,-495.0,0.0,-2200.0,119604000.0,-22144000.0,0.0,-97460000.0
07/05/2026,38292.92,44250.0,50.0,0.00112994,38292.92,38638.68,38206.48,31606.0,1401436400.0,0.0,0.0,31606.0,1401436400.0,11700.0,-11700.0,0.0,0.0,518730001.0,-518730000.0,0.0,0.0
06/05/2026,38249.7,44000.0,250.0,0.00568182,38552.24,38552.24,38120.04,3708.0,164110800.0,0.0,0.0,3708.0,164110800.0,2602.0,-2302.0,0.0,-300.0,115234200.0,-101999200.0,0.0,-13235000.0
05/05/2026,38033.6,43800.0,200.0,0.00456621,37558.18,38379.36,37558.18,40953.0,1810728200.0,0.0,0.0,40953.0,1810728200.0,8900.0,-9000.0,0.0,100.0,393570000.0,-397970000.0,0.0,4400000.0
04/05/2026,37860.72,44300.0,-500.0,-0.01128668,38120.04,38336.14,37860.72,37530.0,1654334250.0,0.0,0.0,37530.0,1654334250.0,7595.0,-8095.0,0.0,500.0,334758750.0,-356688750.0,0.0,21930000.0
29/04/2026,38292.92,44450.0,-150.0,-0.00337458,38422.58,38465.8,38206.48,6700.0,297070000.0,0.0,0.0,6700.0,297070000.0,1200.0,-1200.0,0.0,0.0,53005000.0,-53005000.0,0.0,0.0
28/04/2026,38422.58,44750.0,-300.0,-0.00670391,38681.9,38725.12,38422.58,23998.0,1071045500.0,0.0,0.0,23998.0,1071045500.0,5402.0,-4902.0,0.0,-500.0,240909500.0,-218534500.0,0.0,-22375000.0
24/04/2026,38681.9,44850.0,-100.0,-0.00222965,38552.24,38811.56,38552.24,10215.0,457591750.0,0.0,0.0,10215.0,457591750.0,1233.0,-1233.0,0.0,0.0,55158450.0,-55158450.0,0.0,0.0
23/04/2026,38768.34,44900.0,-50.0,-0.00111359,38811.56,38854.78,38509.02,31699.0,1420409900.0,0.0,0.0,31699.0,1420409900.0,9926.0,-5926.0,0.0,-4000.0,444345001.0,-265370000.0,0.0,-178975000.0
22/04/2026,38811.56,45000.0,-100.0,-0.00222222,38898.0,38898.0,38595.46,14910.0,669965000.0,0.0,0.0,14910.0,669965000.0,3400.0,-3400.0,0.0,0.0,152740000.0,-152740000.0,0.0,0.0
21/04/2026,38898.0,44950.0,50.0,0.00111235,39157.32,39157.32,38811.56,28635.0,1287704150.0,0.0,0.0,28635.0,1287704150.0,15395.0,-15395.0,0.0,0.0,691765001.0,-691765000.0,0.0,0.0
20/04/2026,38854.78,44600.0,350.0,0.00784753,38638.68,38898.0,38638.68,37062.0,1661790000.0,0.0,0.0,37062.0,1661790000.0,29862.0,-29862.0,0.0,0.0,1339470000.0,-1339470000.0,0.0,0.0
17/04/2026,38552.24,44950.0,-350.0,-0.00778643,38898.0,38941.22,38465.8,30004.0,1343765000.0,0.0,0.0,30004.0,1343765000.0,21896.0,-21896.0,0.0,0.0,981590000.0,-981590000.0,0.0,0.0
16/04/2026,38854.78,45250.0,-300.0,-0.00662983,38898.0,38984.44,38595.46,6200.0,278560000.0,0.0,0.0,6200.0,278560000.0,1600.0,-1600.0,0.0,0.0,71820000.0,-71820000.0,0.0,0.0
15/04/2026,39114.1,45250.0,0.0,0.0,39114.1,39157.32,38811.56,29988.0,1354397750.0,0.0,0.0,29988.0,1354397750.0,6842.0,-22942.0,0.0,16100.0,309487500.0,-1036022500.0,0.0,726535000.0
14/04/2026,39114.1,45250.0,0.0,0.0,39114.1,39200.54,38941.22,22018.0,996175650.0,0.0,0.0,22018.0,996175650.0,3900.0,-7200.0,0.0,3300.0,176295050.0,-325605050.0,0.0,149310000.0
13/04/2026,39114.1,45300.0,-50.0,-0.00110375,38725.12,39243.76,38465.8,54651.0,2462474900.0,0.0,0.0,54651.0,2462474900.0,17550.0,-27350.0,0.0,9800.0,793665000.0,-1237170000.0,0.0,443505000.0
10/04/2026,39157.32,44250.0,1050.0,0.02372881,38249.7,39157.32,38249.7,129672.0,5819182000.0,0.0,0.0,129672.0,5819182000.0,-44272.0,-59928.0,0.0,104200.0,-1992637151.0,-2690992850.0,0.0,4683630000.0
09/04/2026,38249.7,44400.0,-150.0,-0.00337838,37687.84,38465.8,37428.52,73900.0,3247280000.0,0.0,0.0,73900.0,3247280000.0,-26400.0,-39300.0,0.0,65700.0,-1168835000.0,-1722020000.0,0.0,2890855000.0
08/04/2026,38379.36,43000.0,1400.0,0.03255814,37212.42,38638.68,37212.42,32275.0,1422765000.0,0.0,0.0,32275.0,1422765000.0,-20405.0,7205.0,0.0,13200.0,-900048000.0,314458000.0,0.0,585590000.0
07/04/2026,37169.2,43550.0,-550.0,-0.01262916,37644.62,37774.28,37169.2,7801.0,337478400.0,0.0,0.0,7801.0,337478400.0,3800.0,-3400.0,0.0,-400.0,163835000.0,-146490000.0,0.0,-17345000.0
06/04/2026,37644.62,44000.0,-450.0,-0.01022727,37860.72,37860.72,37169.2,13900.0,603235000.0,0.0,0.0,13900.0,603235000.0,8300.0,-1300.0,0.0,-7000.0,358875000.0,-56545000.0,0.0,-302330000.0
03/04/2026,38033.6,43800.0,200.0,0.00456621,37385.3,38163.26,37385.3,13460.0,586648150.0,0.0,0.0,13460.0,586648150.0,-50.0,1550.0,0.0,-1500.0,-2265000.0,67175000.0,0.0,-64910000.0
02/04/2026,37860.72,44250.0,-450.0,-0.01016949,38249.7,38249.7,37471.74,11184.0,487399000.0,0.0,0.0,11184.0,487399000.0,-117.0,617.0,0.0,-500.0,-4919500.0,26849500.0,0.0,-21930000.0
01/04/2026,38249.7,44200.0,50.0,0.00113122,38206.48,38292.92,37990.38,5104.0,225391650.0,0.0,0.0,5104.0,225391650.0,-2196.0,1796.0,0.0,400.0,-96913351.0,79213350.0,0.0,17700000.0
31/03/2026,38206.48,44150.0,50.0,0.0011325,38206.48,38206.48,37687.84,15201.0,668898800.0,0.0,0.0,15201.0,668898800.0,-5200.0,-1800.0,0.0,7000.0,-229065000.0,-80100000.0,0.0,309165000.0
30/03/2026,38163.26,44350.0,-200.0,-0.00450958,37471.74,38206.48,37428.52,2723.0,118958700.0,0.0,0.0,2723.0,118958700.0,389.0,511.0,0.0,-900.0,16797901.0,22367100.0,0.0,-39165000.0
27/03/2026,38336.14,44000.0,350.0,0.00795455,37947.16,38336.14,37428.52,18905.0,826230000.0,0.0,0.0,18905.0,826230000.0,-200.0,-3300.0,0.0,3500.0,-9375000.0,-146990000.0,0.0,156365000.0
26/03/2026,38033.6,43900.0,100.0,0.0022779,38292.92,38292.92,37774.28,2829.0,124485350.0,0.0,0.0,2829.0,124485350.0,-1512.0,312.0,0.0,1200.0,-66594800.0,13859800.0,0.0,52735000.0
25/03/2026,37947.16,44300.0,-400.0,-0.00902935,37687.84,39157.32,37255.64,72408.0,3192592250.0,0.0,0.0,72408.0,3192592250.0,21208.0,-6908.0,0.0,-14300.0,918127250.0,-328182250.0,0.0,-589945000.0
24/03/2026,38292.92,43900.0,400.0,0.00911162,38336.14,39675.96,37947.16,25269.0,1129716700.0,0.0,0.0,25269.0,1129716700.0,-6031.0,-10269.0,0.0,16300.0,-269318300.0,-464166700.0,0.0,733485000.0
23/03/2026,37947.16,44250.0,-350.0,-0.0079096,38206.48,38249.7,37298.86,34533.0,1511807100.0,0.0,0.0,34533.0,1511807100.0,-8677.0,6377.0,0.0,2300.0,-381139900.0,277694900.0,0.0,103445000.0
20/03/2026,38249.7,44300.0,-50.0,-0.00112867,38120.04,38422.58,38033.6,9500.0,420030000.0,0.0,0.0,9500.0,420030000.0,-7300.0,-700.0,0.0,8000.0,-322680000.0,-31180000.0,0.0,353860000.0
19/03/2026,38292.92,44400.0,-100.0,-0.00225225,38033.6,38811.56,38033.6,13003.0,574958500.0,0.0,0.0,13003.0,574958500.0,-6701.0,7001.0,0.0,-300.0,-296214400.0,308774400.0,0.0,-12560000.0
18/03/2026,38379.36,44800.0,-400.0,-0.00892857,38725.12,38725.12,38033.6,10189.0,451479500.0,0.0,0.0,10189.0,451479500.0,-5245.0,-1055.0,0.0,6300.0,-232565601.0,-47169400.0,0.0,279735000.0
17/03/2026,38725.12,43600.0,1200.0,0.02752294,37731.06,38725.12,37471.74,61720.0,2698832200.0,0.0,0.0,61720.0,2698832200.0,-2091.0,-7309.0,0.0,9400.0,-93577850.0,-322677150.0,0.0,416255000.0
16/03/2026,37687.84,43600.0,0.0,0.0,37687.84,37774.28,37601.4,6315.0,275413900.0,0.0,0.0,6315.0,275413900.0,-2999.0,2999.0,0.0,0.0,-130721400.0,130721400.0,0.0,0.0
13/03/2026,37688.669824,44550.0,50.0,0.00112233,37730.921696,38026.6848,37646.417952,43740.0,1955989000.0,0.0,0.0,43740.0,1955989000.0,-598.0,5398.0,0.0,-4800.0,-25680800.0,239995800.0,0.0,-214315000.0
12/03/2026,37646.417952,44800.0,-250.0,-0.00558036,37857.677312,37857.677312,37519.662336,17542.0,782430450.0,0.0,0.0,17542.0,782430450.0,3771.0,-1071.0,0.0,-2700.0,168845900.0,-48450900.0,0.0,-120395000.0
11/03/2026,37857.677312,43550.0,1250.0,0.02870264,36928.136128,37857.677312,36928.136128,20929.0,923911100.0,0.0,0.0,20929.0,923911100.0,4975.0,-1975.0,0.0,-3000.0,219876750.0,-87276750.0,0.0,-132600000.0
10/03/2026,36801.380512,42200.0,1350.0,0.03199052,36336.60992,37181.64736,36294.358048,23328.0,1009244600.0,0.0,0.0,23328.0,1009244600.0,10468.0,-7568.0,0.0,-2900.0,449906600.0,-322306600.0,0.0,-127600000.0
09/03/2026,35660.579968,44550.0,-2350.0,-0.05274972,37561.914208,37561.914208,35491.57248,47964.0,2032551950.0,0.0,0.0,47964.0,2032551950.0,2757.0,-2757.0,0.0,0.0,122518650.0,-122518650.0,0.0,0.0
06/03/2026,37646.417952,44950.0,-400.0,-0.00889878,38026.6848,38026.6848,37646.417952,16805.0,751214800.0,0.0,0.0,16805.0,751214800.0,3895.0,-2495.0,0.0,-1400.0,173535200.0,-110880200.0,0.0,-62655000.0
05/03/2026,37984.432928,44600.0,350.0,0.00784753,37857.677312,38153.440416,37857.677312,4733.0,212899700.0,0.0,0.0,4733.0,212899700.0,28.0,472.0,0.0,-500.0,1241200.0,21248800.0,0.0,-22490000.0
04/03/2026,37688.669824,45100.0,-500.0,-0.01108647,38195.692288,38195.692288,37604.16608,40535.0,1814046600.0,0.0,0.0,40535.0,1814046600.0,13551.0,-9251.0,0.0,-4300.0,605255151.0,-413035150.0,0.0,-192220000.0
03/03/2026,38111.188544,44850.0,250.0,0.00557414,38026.6848,38111.188544,37857.677312,84818.0,3815569000.0,0.0,0.0,84818.0,3815569000.0,-6500.0,20200.0,0.0,-13700.0,-293015000.0,909050000.0,0.0,-616035000.0
02/03/2026,37899.929184,45100.0,-250.0,-0.00554324,37899.929184,38280.196032,37857.677312,39534.0,1778008400.0,0.0,0.0,39534.0,1778008400.0,-6908.0,13008.0,0.0,-6100.0,-310890800.0,585260800.0,0.0,-274370000.0
27/02/2026,38111.188544,44950.0,150.0,0.00333704,38026.6848,38111.188544,37857.677312,41401.0,1862325000.0,0.0,0.0,41401.0,1862325000.0,-7699.0,15399.0,0.0,-7700.0,-345335000.0,691630000.0,0.0,-346295000.0
26/02/2026,37984.432928,44800.0,150.0,0.00334821,38026.6848,38026.6848,37857.677312,17503.0,785640000.0,0.0,0.0,17503.0,785640000.0,162.0,2038.0,0.0,-2200.0,7550000.0,91135000.0,0.0,-98685000.0
25/02/2026,37857.677312,45000.0,-200.0,-0.00444444,38026.6848,38237.94416,37857.677312,67252.0,3026770000.0,0.0,0.0,67252.0,3026770000.0,-4348.0,10848.0,0.0,-6500.0,-197155000.0,488355000.0,0.0,-291200000.0
24/02/2026,38026.6848,45000.0,0.0,0.0,38026.6848,38026.6848,37857.677312,24577.0,1104560200.0,0.0,0.0,24577.0,1104560200.0,-752.0,5352.0,0.0,-4600.0,-33870000.0,240500000.0,0.0,-206630000.0
23/02/2026,38026.6848,45000.0,0.0,0.0,38026.6848,38026.6848,37942.181056,22623.0,1017730000.0,0.0,0.0,22623.0,1017730000.0,984.0,3316.0,0.0,-4300.0,44335000.0,149085000.0,0.0,-193420000.0
13/02/2026,38026.6848,45000.0,0.0,0.0,38026.6848,38111.188544,37857.677312,43420.0,1954102500.0,0.0,0.0,43420.0,1954102500.0,33701.0,-24901.0,0.0,-8800.0,1516835101.0,-1120795100.0,0.0,-396040000.0
12/02/2026,38026.6848,45000.0,0.0,0.0,37857.677312,38195.692288,37604.16608,3723.0,166353500.0,0.0,0.0,3723.0,166353500.0,-783.0,1283.0,0.0,-500.0,-34888500.0,57188500.0,0.0,-22300000.0
11/02/2026,38026.6848,44950.0,50.0,0.00111235,37984.432928,38111.188544,37604.16608,32970.0,1473118400.0,0.0,0.0,32970.0,1473118400.0,17401.0,-11401.0,0.0,-6000.0,773679951.0,-505549950.0,0.0,-268130000.0
10/02/2026,37984.432928,44900.0,50.0,0.00111359,38153.440416,38153.440416,37688.669824,6809.0,305124100.0,0.0,0.0,6809.0,305124100.0,-1209.0,1809.0,0.0,-600.0,-54234100.0,81079100.0,0.0,-26845000.0
09/02/2026,37942.181056,44850.0,50.0,0.00111483,37984.432928,38026.6848,37604.16608,6804.0,304915000.0,0.0,0.0,6804.0,304915000.0,1800.0,-1800.0,0.0,0.0,81155000.0,-81155000.0,0.0,0.0
06/02/2026,37899.929184,45000.0,-150.0,-0.00333333,37773.173568,38026.6848,37181.64736,26680.0,1189013000.0,0.0,0.0,26680.0,1189013000.0,8622.0,-7322.0,0.0,-1300.0,386450000.0,-328340000.0,0.0,-58110000.0
05/02/2026,38026.6848,45000.0,0.0,0.0,38111.188544,38111.188544,37899.929184,23459.0,1053568250.0,0.0,0.0,23459.0,1053568250.0,2789.0,-2589.0,0.0,-200.0,124901750.0,-115901750.0,0.0,-9000000.0
04/02/2026,38026.6848,45100.0,-100.0,-0.00221729,38111.188544,38195.692288,37942.181056,17601.0,792405100.0,0.0,0.0,17601.0,792405100.0,8000.0,-5600.0,0.0,-2400.0,360355000.0,-252255000.0,0.0,-108100000.0
03/02/2026,38111.188544,45200.0,-100.0,-0.00221239,38237.94416,38322.447904,37899.929184,32880.0,1481744200.0,0.0,0.0,32880.0,1481744200.0,4023.0,877.0,0.0,-4900.0,179087600.0,41537400.0,0.0,-220625000.0
02/02/2026,38195.692288,45250.0,-50.0,-0.00110497,38026.6848,38280.196032,37857.677312,42644.0,1918625100.0,0.0,0.0,42644.0,1918625100.0,21804.0,-7784.0,0.0,-14020.0,981590100.0,-350410100.0,0.0,-631180000.0
30/01/2026,38237.94416,45500.0,-250.0,-0.00549451,38449.20352,38449.20352,37857.677312,37538.0,1690651900.0,0.0,0.0,37538.0,1690651900.0,17338.0,-11438.0,0.0,-5900.0,781171900.0,-515531900.0,0.0,-265640000.0
29/01/2026,38449.20352,45500.0,0.0,0.0,38449.20352,38533.707264,38026.6848,9100.0,414270000.0,0.0,0.0,9100.0,414270000.0,5600.0,-4800.0,0.0,-800.0,254990000.0,-218560000.0,0.0,-36430000.0
28/01/2026,38449.20352,45500.0,0.0,0.0,38787.218496,38787.218496,37773.173568,23040.0,1044584000.0,0.0,0.0,23040.0,1044584000.0,1936.0,1164.0,0.0,-3100.0,90838000.0,49247000.0,0.0,-140085000.0
27/01/2026,38449.20352,44900.0,600.0,0.01336303,37942.181056,38449.20352,37899.929184,42015.0,1895354350.0,0.0,0.0,42015.0,1895354350.0,23602.0,-16602.0,0.0,-7000.0,1064800000.0,-748920000.0,0.0,-315880000.0
26/01/2026,37942.181056,45200.0,-300.0,-0.00663717,38195.692288,38195.692288,37773.173568,19901.0,894015200.0,0.0,0.0,19901.0,894015200.0,-100.0,1500.0,0.0,-1400.0,-4030000.0,67060000.0,0.0,-63030000.0
23/01/2026,38195.692288,45500.0,-300.0,-0.00659341,38449.20352,38449.20352,38026.6848,15222.0,687819900.0,0.0,0.0,15222.0,687819900.0,401.0,1899.0,0.0,-2300.0,18525450.0,85229550.0,0.0,-103755000.0
22/01/2026,38449.20352,45400.0,100.0,0.00220264,38406.951648,38533.707264,38068.936672,8516.0,387306550.0,0.0,0.0,8516.0,387306550.0,2986.0,-4386.0,0.0,1400.0,135769400.0,-199589400.0,0.0,63820000.0
21/01/2026,38364.699776,45300.0,100.0,0.00220751,38068.936672,38533.707264,38026.6848,11604.0,523321500.0,0.0,0.0,11604.0,523321500.0,5199.0,-3499.0,0.0,-1700.0,234549400.0,-157924400.0,0.0,-76625000.0
20/01/2026,38280.196032,45550.0,-250.0,-0.00548847,38449.20352,38533.707264,38237.94416,14968.0,679675700.0,0.0,0.0,14968.0,679675700.0,9592.0,-7892.0,0.0,-1700.0,435860950.0,-358690951.0,0.0,-77170000.0
19/01/2026,38491.455392,45800.0,-250.0,-0.00545852,38702.714752,38702.714752,38322.447904,15835.0,721470500.0,0.0,0.0,15835.0,721470500.0,7602.0,-6302.0,0.0,-1300.0,346668400.0,-287443400.0,0.0,-59225000.0
16/01/2026,38702.714752,46200.0,-400.0,-0.00865801,39040.729728,39125.233472,38702.714752,19285.0,886354600.0,0.0,0.0,19285.0,886354600.0,2207.0,393.0,0.0,-2600.0,101330701.0,18154299.0,0.0,-119485000.0
15/01/2026,39040.729728,46050.0,150.0,0.00325733,38956.225984,39040.729728,38829.470368,30406.0,1402061300.0,0.0,0.0,30406.0,1402061300.0,21705.0,-16305.0,0.0,-5400.0,1001085251.0,-752385250.0,0.0,-248700000.0
14/01/2026,38913.974112,46150.0,-100.0,-0.00216685,39040.729728,39040.729728,38787.218496,35387.0,1628907800.0,0.0,0.0,35387.0,1628907800.0,7985.0,-2385.0,0.0,-5600.0,367284150.0,-109539150.0,0.0,-257745000.0
13/01/2026,38998.477856,46200.0,-50.0,-0.00108225,39040.729728,39167.485344,38787.218496,24556.0,1132209900.0,0.0,0.0,24556.0,1132209900.0,-3408.0,8001.0,0.0,-4593.0,-157267700.0,368711700.0,0.0,-211444300.0
12/01/2026,39040.729728,46200.0,0.0,0.0,39040.729728,39040.729728,38575.959136,27465.0,1261106800.0,0.0,0.0,27465.0,1261106800.0,6346.0,4058.0,0.0,-10404.0,291036600.0,184855401.0,0.0,-475892600.0
09/01/2026,39040.729728,46250.0,-50.0,-0.00108108,39125.233472,39125.233472,38449.20352,44363.0,2043255050.0,0.0,0.0,44363.0,2043255050.0,12122.0,-1022.0,0.0,-11100.0,557148800.0,-47893800.0,0.0,-509255000.0
08/01/2026,39082.9816,46100.0,150.0,0.0032538,38871.72224,39082.9816,38702.714752,18595.0,855262600.0,0.0,0.0,18595.0,855262600.0,2006.0,-506.0,0.0,-1500.0,91867700.0,-23032700.0,0.0,-68835000.0
07/01/2026,38956.225984,46150.0,-50.0,-0.00108342,39125.233472,39125.233472,38787.218496,26013.0,1198397300.0,0.0,0.0,26013.0,1198397300.0,-16889.0,14389.0,0.0,2500.0,-777914700.0,662914700.0,0.0,115000000.0
06/01/2026,38998.477856,46550.0,-400.0,-0.00859291,39463.248448,39463.248448,38956.225984,6900.0,319415000.0,0.0,0.0,6900.0,319415000.0,-3000.0,3000.0,0.0,0.0,-138520000.0,138520000.0,0.0,0.0
05/01/2026,39336.492832,46550.0,0.0,0.0,39547.752192,39590.004064,38618.211008,19315.0,892867800.0,0.0,0.0,19315.0,892867800.0,-4400.0,1000.0,0.0,3400.0,-202755000.0,45825000.0,0.0,156930000.0
31/12/2025,39336.492832,46550.0,0.0,0.0,39632.255936,39674.507808,38998.477856,19430.0,902286050.0,0.0,0.0,19430.0,902286050.0,-9100.0,-1100.0,0.0,10200.0,-422830000.0,-52130000.0,0.0,474960000.0
30/12/2025,39336.492832,46200.0,350.0,0.00757576,39040.729728,39378.744704,39040.729728,76700.0,3563005000.0,0.0,0.0,76700.0,3563005000.0,-6900.0,1900.0,0.0,5000.0,-319600000.0,86850000.0,0.0,232750000.0
29/12/2025,39040.729728,45700.0,500.0,0.01094092,38702.714752,39040.729728,38533.707264,7587.0,348913500.0,0.0,0.0,7587.0,348913500.0,2370.0,-5170.0,0.0,2800.0,108779500.0,-238029500.0,0.0,129250000.0
26/12/2025,38618.211008,45600.0,100.0,0.00219298,38533.707264,38702.714752,37899.929184,11412.0,519907000.0,0.0,0.0,11412.0,519907000.0,4600.0,-5600.0,0.0,1000.0,209415000.0,-255115000.0,0.0,45700000.0
25/12/2025,38533.707264,45600.0,0.0,0.0,38533.707264,38787.218496,38364.699776,5020.0,228692550.0,0.0,0.0,5020.0,228692550.0,2849.0,-3049.0,0.0,200.0,129598601.0,-138753600.0,0.0,9155000.0
24/12/2025,38533.707264,45250.0,350.0,0.00773481,38237.94416,38533.707264,38195.692288,7501.0,340395700.0,0.0,0.0,7501.0,340395700.0,1900.0,-1800.0,0.0,-100.0,86430000.0,-81905000.0,0.0,-4525000.0
23/12/2025,38237.94416,44950.0,300.0,0.00667408,38618.211008,38618.211008,38026.6848,2709.0,122248600.0,0.0,0.0,2709.0,122248600.0,-100.0,-1100.0,0.0,1200.0,-4580000.0,-49420000.0,0.0,54000000.0
22/12/2025,37984.432928,44900.0,50.0,0.00111359,37942.181056,37984.432928,37646.417952,7700.0,344375000.0,0.0,0.0,7700.0,344375000.0,2200.0,-2200.0,0.0,0.0,97930000.0,-97930000.0,0.0,0.0
19/12/2025,37942.181056,44950.0,-50.0,-0.00111235,37942.181056,38026.6848,37604.16608,5019.0,224227750.0,0.0,0.0,5019.0,224227750.0,615.0,-515.0,0.0,-100.0,27237950.0,-22742950.0,0.0,-4495000.0
18/12/2025,37984.432928,44900.0,50.0,0.00111359,37942.181056,38237.94416,37688.669824,6700.0,300065000.0,0.0,0.0,6700.0,300065000.0,-300.0,300.0,0.0,0.0,-13475000.0,13475000.0,0.0,0.0
17/12/2025,37942.181056,44700.0,200.0,0.00447427,37519.662336,38449.20352,37519.662336,14878.0,672127050.0,0.0,0.0,14878.0,672127050.0,890.0,-890.0,0.0,0.0,39924750.0,-39924750.0,0.0,0.0
16/12/2025,37773.173568,44700.0,0.0,0.0,37688.669824,37773.173568,37266.151104,27269.0,1214729300.0,0.0,0.0,27269.0,1214729300.0,-380.0,180.0,0.0,200.0,-16686000.0,7821000.0,0.0,8865000.0
15/12/2025,37773.173568,44500.0,200.0,0.00449438,38280.196032,38280.196032,37604.16608,27254.0,1229273400.0,0.0,0.0,27254.0,1229273400.0,-1783.0,1883.0,0.0,-100.0,-79847600.0,84372600.0,0.0,-4525000.0
12/12/2025,37604.16608,45800.0,-1300.0,-0.02838428,38787.218496,38787.218496,37604.16608,34759.0,1578994800.0,0.0,0.0,34759.0,1578994800.0,1246.0,-346.0,0.0,-900.0,58353000.0,-17433000.0,0.0,-40920000.0
11/12/2025,38702.714752,46250.0,-450.0,-0.00972973,39040.729728,39040.729728,38237.94416,17479.0,795653950.0,0.0,0.0,17479.0,795653950.0,-673.0,2873.0,0.0,-2200.0,-30073550.0,130728550.0,0.0,-100655000.0
10/12/2025,39082.9816,46250.0,0.0,0.0,39294.24096,39294.24096,38660.46288,15934.0,732120000.0,0.0,0.0,15934.0,732120000.0,-917.0,2517.0,0.0,-1600.0,-41641250.0,115346250.0,0.0,-73705000.0
09/12/2025,39082.9816,46500.0,-247.0,-0.00531217,39632.255936,39632.255936,38618.211008,3806.0,175288700.0,0.0,0.0,3806.0,175288700.0,398.0,602.0,0.0,-1000.0,18447300.0,27792700.0,0.0,-46240000.0
08/12/2025,39292.33962576,47050.0,450.0,0.00956429,38920.0964082528,39581.8621282656,38920.0964082528,28640.0,1361016500.0,0.0,0.0,28640.0,1361016500.0,-214.0,-1086.0,0.0,1300.0,-10718900.0,-50816100.0,0.0,61535000.0
05/12/2025,38920.0964082528,46800.0,250.0,0.00534188,38878.736050752,39085.537838256,38796.0153357504,19109.0,898894300.0,0.0,0.0,19109.0,898894300.0,3414.0,-3314.0,0.0,-100.0,160602600.0,-156177600.0,0.0,-4425000.0
04/12/2025,38713.2946207488,46800.0,0.0,0.0,38382.4117607424,38796.0153357504,38382.4117607424,14451.0,674625500.0,0.0,0.0,14451.0,674625500.0,2175.0,-2375.0,0.0,200.0,101575250.0,-110920250.0,0.0,9345000.0
03/12/2025,38713.2946207488,46700.0,100.0,0.00214133,38713.2946207488,38796.0153357504,38299.6910457408,7749.0,361350900.0,0.0,0.0,7749.0,361350900.0,2113.0,-2213.0,0.0,100.0,98773900.0,-103383900.0,0.0,4610000.0
02/12/2025,38630.5739057472,46650.0,50.0,0.00107181,38589.2135482464,38713.2946207488,38382.4117607424,17132.0,798408000.0,0.0,0.0,17132.0,798408000.0,4280.0,-1780.0,0.0,-2500.0,199131950.0,-82781950.0,0.0,-116350000.0
01/12/2025,38589.2135482464,46900.0,-250.0,-0.00533049,38796.0153357504,38796.0153357504,38051.528900736,19191.0,888994250.0,0.0,0.0,19191.0,888994250.0,8861.0,-6661.0,0.0,-2200.0,410342250.0,-308127250.0,0.0,-102215000.0
28/11/2025,38796.0153357504,47500.0,-600.0,-0.01263158,39333.6999832608,39333.6999832608,38299.6910457408,48161.0,2248078000.0,0.0,0.0,48161.0,2248078000.0,7801.0,-18701.0,0.0,10900.0,356385700.0,-867245700.0,0.0,510860000.0
27/11/2025,39292.33962576,46850.0,650.0,0.01387407,39292.33962576,39292.33962576,38382.4117607424,30524.0,1427044750.0,0.0,0.0,30524.0,1427044750.0,1877.0,-9277.0,0.0,7400.0,85831949.0,-436121950.0,0.0,350290000.0
26/11/2025,38754.6549782496,46850.0,0.0,0.0,38382.4117607424,39209.6189107584,37141.6010357184,151430.0,6914917500.0,0.0,0.0,151430.0,6914917500.0,5167.0,-16867.0,0.0,11700.0,274201100.0,-806916100.0,0.0,532715000.0
25/11/2025,38754.6549782496,47050.0,-200.0,-0.0042508,38961.4567657536,39457.7810557632,38382.4117607424,56053.0,2622917250.0,0.0,0.0,56053.0,2622917250.0,28371.0,-28971.0,0.0,600.0,1327183151.0,-1355178150.0,0.0,27995000.0
24/11/2025,38920.0964082528,47750.0,-700.0,-0.01465969,39044.1774807552,39540.5017707648,38878.736050752,50244.0,2368138350.0,0.0,0.0,50244.0,2368138350.0,7428.0,-7528.0,0.0,100.0,350810851.0,-355535850.0,0.0,4725000.0
21/11/2025,39499.141413264,47400.0,350.0,0.00738397,39292.33962576,39788.6639157696,38878.736050752,20932.0,992333200.0,0.0,0.0,20932.0,992333200.0,7106.0,-7306.0,-7.0,200.0,336957800.0,-346492800.0,-330000.0,9535000.0
20/11/2025,39209.6189107584,48200.0,-800.0,-0.01659751,39871.3846307712,39871.3846307712,39209.6189107584,79980.0,3813964900.0,0.0,0.0,79980.0,3813964900.0,48719.0,-31399.0,0.0,-17320.0,2321885801.0,-1495236800.0,0.0,-826649900.0
19/11/2025,39871.3846307712,48100.0,100.0,0.002079,40284.9882057792,40284.9882057792,39705.943200768,33012.0,1591205750.0,0.0,0.0,33012.0,1591205750.0,10291.0,-8291.0,0.0,-2000.0,494113050.0,-397323050.0,0.0,-96790000.0
18/11/2025,39788.6639157696,48650.0,-550.0,-0.01130524,40202.2674907776,40202.2674907776,39705.943200768,43823.0,2110220650.0,0.0,0.0,43823.0,2110220650.0,7577.0,-4677.0,0.0,-2900.0,363394350.0,-223344350.0,0.0,-140050000.0
17/11/2025,40243.6278482784,49350.0,-700.0,-0.0141844,40822.6728532896,40822.6728532896,39871.3846307712,30771.0,1494235100.0,0.0,0.0,30771.0,1494235100.0,-400.0,400.0,0.0,0.0,-18555000.0,18555000.0,0.0,0.0
14/11/2025,40822.6728532896,49350.0,0.0,0.0,40864.0332107904,40864.0332107904,40119.546775776,25100.0,1226985000.0,0.0,0.0,25100.0,1226985000.0,7300.0,-9600.0,0.0,2300.0,355550000.0,-468960000.0,0.0,113410000.0
13/11/2025,40822.6728532896,49250.0,100.0,0.00203046,40739.952138288,40946.753925792,39788.6639157696,262935.0,12806588200.0,0.0,0.0,262935.0,12806588200.0,33868.0,-106368.0,0.0,72500.0,1634405600.0,-5200510600.0,0.0,3566105000.0
12/11/2025,40739.952138288,49400.0,-150.0,-0.00303644,40450.4296357824,40905.3935682912,40036.8260607744,61283.0,2984182400.0,0.0,0.0,61283.0,2984182400.0,36171.0,-32771.0,0.0,-3400.0,1759406600.0,-1596091600.0,0.0,-163315000.0
11/11/2025,40864.0332107904,49500.0,-100.0,-0.0020202,41194.9160707968,41194.9160707968,40119.546775776,41629.0,2042662000.0,0.0,0.0,41629.0,2042662000.0,22300.0,-18500.0,0.0,-3800.0,1092835000.0,-906165000.0,0.0,-186670000.0
10/11/2025,40946.753925792,49900.0,-400.0,-0.00801603,41277.6367857984,41277.6367857984,40119.546775776,56339.0,2773515400.0,0.0,0.0,56339.0,2773515400.0,-493.0,-29607.0,0.0,30100.0,-26887000.0,-1463088000.0,0.0,1489975000.0
07/11/2025,41277.6367857984,49800.0,100.0,0.00200803,40781.3124957888,41360.3575008,40533.150350784,76809.0,3803976400.0,0.0,0.0,76809.0,3803976400.0,-7297.0,-29103.0,0.0,36400.0,-368085700.0,-1443564300.0,0.0,1811650000.0
06/11/2025,41194.9160707968,49600.0,200.0,0.00403226,41029.4746407936,41360.3575008,40698.5917807872,50345.0,2482263950.0,0.0,0.0,50345.0,2482263950.0,4599.0,-26099.0,0.0,21500.0,227475400.0,-1286270400.0,0.0,1058795000.0
05/11/2025,41029.4746407936,49900.0,-300.0,-0.00601202,41070.8349982944,41691.2403608064,40615.8710657856,22382.0,1110170600.0,0.0,0.0,22382.0,1110170600.0,-2628.0,-2172.0,0.0,4800.0,-130868200.0,-107951800.0,0.0,238820000.0
04/11/2025,41277.6367857984,49050.0,850.0,0.01732926,40533.150350784,41360.3575008,40326.34856328,101080.0,4943932500.0,0.0,0.0,101080.0,4943932500.0,2800.0,-30700.0,0.0,27900.0,137265000.0,-1501345000.0,0.0,1364080000.0
03/11/2025,40574.5107082848,49950.0,-900.0,-0.01801802,41318.9971432992,41608.5196458048,40574.5107082848,35740.0,1771262350.0,0.0,0.0,35740.0,1771262350.0,10080.0,-6980.0,0.0,-3100.0,498390000.0,-344230000.0,0.0,-154160000.0
31/10/2025,41318.9971432992,50000.0,-50.0,-0.001,41360.3575008,41360.3575008,40946.753925792,53059.0,2640225000.0,0.0,0.0,53059.0,2640225000.0,5958.0,-4058.0,0.0,-1900.0,296510000.0,-201825000.0,0.0,-94685000.0
30/10/2025,41360.3575008,50200.0,-200.0,-0.00398406,41608.5196458048,41608.5196458048,40946.753925792,46360.0,2304945000.0,0.0,0.0,46360.0,2304945000.0,17860.0,-12760.0,0.0,-5100.0,886085000.0,-631730000.0,0.0,-254355000.0
29/10/2025,41525.7989308032,50800.0,-600.0,-0.01181102,42104.8439358144,42104.8439358144,41029.4746407936,71600.0,3575197700.0,0.0,0.0,71600.0,3575197700.0,18466.0,-14041.0,0.0,-4425.0,921188900.0,-699828900.0,0.0,-221360000.0
28/10/2025,42022.1232208128,50500.0,300.0,0.00594059,41691.2403608064,42022.1232208128,41360.3575008,11904.0,600332000.0,0.0,0.0,11904.0,600332000.0,704.0,1696.0,0.0,-2400.0,35702000.0,85418000.0,0.0,-121120000.0
27/10/2025,41773.961075808,52400.0,-1900.0,-0.03625954,42022.1232208128,42766.6096558272,41360.3575008,86100.0,4381780000.0,0.0,0.0,86100.0,4381780000.0,7200.0,-1800.0,0.0,-5400.0,370750000.0,-94470000.0,0.0,-276280000.0
24/10/2025,43345.6546608384,53200.0,-800.0,-0.01503759,43841.978950848,43841.978950848,43014.771800832,21939.0,1145719100.0,0.0,0.0,21939.0,1145719100.0,813.0,4187.0,0.0,-5000.0,41691100.0,219318900.0,0.0,-261010000.0
23/10/2025,44007.4203808512,53500.0,-300.0,-0.00560748,43841.978950848,44421.0239558592,43676.5375208448,98261.0,5225947000.0,0.0,0.0,98261.0,5225947000.0,3616.0,-6516.0,0.0,2900.0,191963600.0,-346693600.0,0.0,154730000.0
22/10/2025,44255.582525856,51700.0,1800.0,0.03481625,42766.6096558272,44255.582525856,42601.168225824,94264.0,4954682800.0,0.0,0.0,94264.0,4954682800.0,7600.0,-10700.0,0.0,3100.0,404400000.0,-568550000.0,0.0,164150000.0
21/10/2025,42766.6096558272,51900.0,-200.0,-0.00385356,42849.3303708288,42932.0510858304,41856.6817908096,68905.0,3545449500.0,0.0,0.0,68905.0,3545449500.0,-2902.0,1802.0,0.0,1100.0,-144533800.0,91443800.0,0.0,53090000.0
20/10/2025,42932.0510858304,54100.0,-2200.0,-0.04066543,44338.3032408576,44586.4653858624,42766.6096558272,48615.0,2559183700.0,0.0,0.0,48615.0,2559183700.0,-238.0,9738.0,0.0,-9500.0,-12012100.0,514732100.0,0.0,-502720000.0
17/10/2025,44751.9068158656,54800.0,-700.0,-0.01277372,44834.6275308672,45248.2311058752,44338.3032408576,67301.0,3636553800.0,0.0,0.0,67301.0,3636553800.0,-4400.0,-43600.0,0.0,48000.0,-237930000.0,-2358460000.0,0.0,2596390000.0
16/10/2025,45330.9518208768,53100.0,1700.0,0.03201507,43676.5375208448,45413.6725358784,43676.5375208448,242907.0,13128903900.0,0.0,0.0,242907.0,13128903900.0,-66203.0,-121397.0,0.0,187600.0,-3572786099.0,-6571673900.0,0.0,10144460000.0
15/10/2025,43924.6996658496,52300.0,800.0,0.01529637,43262.9339458368,43924.6996658496,43014.771800832,94587.0,4983530500.0,0.0,0.0,94587.0,4983530500.0,-20322.0,-31178.0,0.0,51500.0,-1066802799.0,-1651107200.0,0.0,2717910000.0
14/10/2025,43262.9339458368,54200.0,-1900.0,-0.03505535,44421.0239558592,44503.7446708608,43014.771800832,62784.0,3309448800.0,0.0,0.0,62784.0,3309448800.0,-41587.0,43287.0,0.0,-1700.0,-2191517800.0,2280617800.0,0.0,-89100000.0
13/10/2025,44834.6275308672,54500.0,-300.0,-0.00550459,44421.0239558592,44834.6275308672,44421.0239558592,16237.0,876568000.0,0.0,0.0,16237.0,876568000.0,-2200.0,1900.0,0.0,300.0,-118940000.0,102750000.0,0.0,16190000.0
10/10/2025,45082.789675872,53700.0,800.0,0.01489758,44421.0239558592,45165.5103908736,44255.582525856,124295.0,6749229500.0,0.0,0.0,124295.0,6749229500.0,-8556.0,-85444.0,0.0,94000.0,-467176200.0,-4637373800.0,0.0,5104550000.0
09/10/2025,44421.0239558592,53600.0,100.0,0.00186567,44007.4203808512,44421.0239558592,43676.5375208448,162627.0,8695935600.0,0.0,0.0,162627.0,8695935600.0,-79900.0,-51300.0,0.0,131200.0,-4266220000.0,-2760160000.0,0.0,7026380000.0
08/10/2025,44338.3032408576,52900.0,700.0,0.01323251,43759.2582358464,44421.0239558592,43759.2582358464,59302.0,3161538600.0,0.0,0.0,59302.0,3161538600.0,-19920.0,-17080.0,0.0,37000.0,-1062912000.0,-910168000.0,0.0,1973080000.0
07/10/2025,43759.2582358464,53500.0,-600.0,-0.01121495,44255.582525856,44255.582525856,43759.2582358464,20000.0,1060540000.0,0.0,0.0,20000.0,1060540000.0,-4400.0,-2900.0,0.0,7300.0,-232720000.0,-154360000.0,0.0,387080000.0
06/10/2025,44255.582525856,52000.0,1500.0,0.02884615,43014.771800832,44255.582525856,43014.771800832,98108.0,5193898900.0,0.0,0.0,98108.0,5193898900.0,-24439.0,-34161.0,0.0,58600.0,-1297194900.0,-1808235100.0,0.0,3105430000.0
03/10/2025,43014.771800832,50900.0,1100.0,0.021611,42104.8439358144,44586.4653858624,41939.4025058112,170234.0,8719850000.0,0.0,0.0,170234.0,8719850000.0,12936.0,-24836.0,0.0,11900.0,646458200.0,-1265368200.0,0.0,618910000.0
02/10/2025,42104.8439358144,50900.0,0.0,0.0,41939.4025058112,42270.2853658176,41939.4025058112,35435.0,1803660100.0,0.0,0.0,35435.0,1803660100.0,-9698.0,10198.0,0.0,-500.0,-492728200.0,518188200.0,0.0,-25460000.0
01/10/2025,42104.8439358144,50500.0,400.0,0.00792079,41773.961075808,42104.8439358144,41608.5196458048,48938.0,2481322400.0,0.0,0.0,48938.0,2481322400.0,-14103.0,9803.0,0.0,4300.0,-716251500.0,499051500.0,0.0,217200000.0
30/09/2025,41773.961075808,50500.0,0.0,0.0,41773.961075808,41773.961075808,41360.3575008,53631.0,2696237300.0,0.0,0.0,53631.0,2696237300.0,-20100.0,19800.0,0.0,300.0,-1010170000.0,995080000.0,0.0,15090000.0
29/09/2025,41773.961075808,50700.0,-200.0,-0.00394477,41856.6817908096,41939.4025058112,41525.7989308032,31033.0,1566776400.0,0.0,0.0,31033.0,1566776400.0,-1000.0,1000.0,0.0,0.0,-50360000.0,50360000.0,0.0,0.0
26/09/2025,41939.4025058112,50500.0,200.0,0.0039604,41773.961075808,41939.4025058112,41525.7989308032,60770.0,3064369000.0,0.0,0.0,60770.0,3064369000.0,14630.0,-14030.0,0.0,-600.0,735289000.0,-704929000.0,0.0,-30360000.0
25/09/2025,41773.961075808,50300.0,200.0,0.00397614,41608.5196458048,41773.961075808,41360.3575008,39713.0,1996782800.0,0.0,0.0,39713.0,1996782800.0,-600.0,900.0,0.0,-300.0,-28330000.0,43670000.0,0.0,-15340000.0
24/09/2025,41608.5196458048,50100.0,200.0,0.00399202,41360.3575008,41691.2403608064,41236.2764282976,23524.0,1179003700.0,0.0,0.0,23524.0,1179003700.0,2519.0,-1819.0,0.0,-700.0,127308700.0,-92178700.0,0.0,-35130000.0
23/09/2025,41443.0782158016,50500.0,-400.0,-0.00792079,41608.5196458048,41608.5196458048,41236.2764282976,17942.0,896931800.0,0.0,0.0,17942.0,896931800.0,-1465.0,2583.0,0.0,-1118.0,-73016200.0,129018200.0,0.0,-56002200.0
22/09/2025,41773.961075808,50200.0,300.0,0.0059761,42022.1232208128,42022.1232208128,41318.9971432992,24317.0,1218563100.0,0.0,0.0,24317.0,1218563100.0,1048.0,1752.0,0.0,-2800.0,52566900.0,87713100.0,0.0,-140280000.0
19/09/2025,41525.7989308032,50600.0,-400.0,-0.00790514,41773.961075808,41773.961075808,41194.9160707968,66088.0,3307177200.0,0.0,0.0,66088.0,3307177200.0,14480.0,-11780.0,0.0,-2700.0,723014400.0,-587879400.0,0.0,-135135000.0
18/09/2025,41856.6817908096,51000.0,-400.0,-0.00784314,42187.564650816,42187.564650816,41691.2403608064,30881.0,1562078300.0,0.0,0.0,30881.0,1562078300.0,833.0,-1233.0,0.0,400.0,43784200.0,-64744200.0,0.0,20960000.0
17/09/2025,42187.564650816,51200.0,-200.0,-0.00390625,42187.564650816,42518.4475108224,41939.4025058112,26960.0,1377314600.0,0.0,0.0,26960.0,1377314600.0,4779.0,-4779.0,0.0,0.0,243914800.0,-243824800.0,0.0,-90000.0
16/09/2025,42353.0060808192,51000.0,200.0,0.00392157,42518.4475108224,42601.168225824,41525.7989308032,68870.0,3508287600.0,0.0,0.0,68870.0,3508287600.0,-3617.0,4417.0,0.0,-800.0,-180709400.0,221459400.0,0.0,-40750000.0
15/09/2025,42187.564650816,51800.0,-800.0,-0.01544402,42849.3303708288,42932.0510858304,42187.564650816,73327.0,3752880400.0,0.0,0.0,73327.0,3752880400.0,-14866.0,13089.0,0.0,1777.0,-757378500.0,666882500.0,0.0,90496300.0
12/09/2025,42849.3303708288,52000.0,-200.0,-0.00384615,43180.2132308352,43593.8168058432,40036.8260607744,67154.0,3486835200.0,0.0,0.0,67154.0,3486835200.0,14580.0,-14280.0,0.0,-300.0,762764000.0,-747294000.0,0.0,-15470000.0
11/09/2025,43014.771800832,51900.0,100.0,0.00192678,42932.0510858304,43014.771800832,42435.7267958208,23150.0,1197073400.0,0.0,0.0,23150.0,1197073400.0,1150.0,250.0,0.0,-1400.0,61183400.0,11376600.0,0.0,-72560000.0
10/09/2025,42932.0510858304,52900.0,-1000.0,-0.01890359,43676.5375208448,43759.2582358464,42849.3303708288,33441.0,1741259300.0,0.0,0.0,33441.0,1741259300.0,12519.0,-11719.0,0.0,-800.0,649509100.0,-607749100.0,0.0,-41760000.0
09/09/2025,43759.2582358464,52800.0,100.0,0.00189394,43428.37537584,43759.2582358464,43014.771800832,26220.0,1372438000.0,0.0,0.0,26220.0,1372438000.0,-1710.0,4010.0,0.0,-2300.0,-86890000.0,208160000.0,0.0,-121270000.0
08/09/2025,43676.5375208448,53300.0,-500.0,-0.00938086,43428.37537584,43924.6996658496,43180.2132308352,40465.0,2123505400.0,0.0,0.0,40465.0,2123505400.0,-1718.0,2618.0,0.0,-900.0,-87558600.0,135078600.0,0.0,-47520000.0
05/09/2025,44090.1410958528,53200.0,100.0,0.0018797,44172.8618108544,44338.3032408576,43841.978950848,36951.0,1972251400.0,0.0,0.0,36951.0,1972251400.0,-11001.0,11501.0,0.0,-500.0,-587753400.0,614623400.0,0.0,-26870000.0
04/09/2025,44007.4203808512,54100.0,-900.0,-0.01663586,44751.9068158656,44917.3482458688,43841.978950848,21432.0,1146479800.0,0.0,0.0,21432.0,1146479800.0,-2691.0,2091.0,0.0,600.0,-142503700.0,110353700.0,0.0,32150000.0
03/09/2025,44751.9068158656,53500.0,600.0,0.01121495,44338.3032408576,44917.3482458688,44338.3032408576,33744.0,1820943700.0,0.0,0.0,33744.0,1820943700.0,-9484.0,6884.0,0.0,2600.0,-512703700.0,372283700.0,0.0,140420000.0
29/08/2025,44255.582525856,53600.0,-100.0,-0.00186567,44586.4653858624,44586.4653858624,44007.4203808512,22455.0,1202323900.0,0.0,0.0,22455.0,1202323900.0,4200.0,-5600.0,0.0,1400.0,224870000.0,-299850000.0,0.0,74980000.0
28/08/2025,44338.3032408576,53400.0,200.0,0.00374532,44421.0239558592,44421.0239558592,43676.5375208448,38550.0,2052850800.0,0.0,0.0,38550.0,2052850800.0,-11252.0,11552.0,0.0,-300.0,-597575200.0,613725200.0,0.0,-16150000.0
27/08/2025,44172.8618108544,52700.0,700.0,0.01328273,43924.6996658496,44503.7446708608,43676.5375208448,47410.0,2528149300.0,0.0,0.0,47410.0,2528149300.0,-622.0,-1578.0,0.0,2200.0,-35403800.0,-82046200.0,0.0,117450000.0
26/08/2025,43593.8168058432,51800.0,900.0,0.01737452,43180.2132308352,43676.5375208448,42932.0510858304,26352.0,1383480600.0,0.0,0.0,26352.0,1383480600.0,6704.0,-7304.0,0.0,600.0,352705401.0,-384365400.0,0.0,31660000.0
25/08/2025,42849.3303708288,51700.0,100.0,0.00193424,42849.3303708288,43180.2132308352,42601.168225824,13216.0,682205800.0,0.0,0.0,13216.0,682205800.0,2095.0,-2195.0,0.0,100.0,108218500.0,-113398500.0,0.0,5180000.0
22/08/2025,42766.6096558272,51700.0,0.0,0.0,42601.168225824,42849.3303708288,41939.4025058112,72866.0,3724817000.0,0.0,0.0,72866.0,3724817000.0,-4823.0,9423.0,0.0,-4600.0,-248661300.0,484541300.0,0.0,-235880000.0
21/08/2025,42766.6096558272,52500.0,-800.0,-0.0152381,43511.0960908416,43759.2582358464,42766.6096558272,47382.0,2467102400.0,0.0,0.0,47382.0,2467102400.0,12281.0,-9381.0,0.0,-2900.0,637028700.0,-486028700.0,0.0,-151000000.0
20/08/2025,43428.37537584,52900.0,-400.0,-0.00756144,43759.2582358464,43841.978950848,43014.771800832,94476.0,4944157600.0,0.0,0.0,94476.0,4944157600.0,18495.0,-16295.0,0.0,-2200.0,970214000.0,-854484000.0,0.0,-115730000.0
19/08/2025,43759.2582358464,53300.0,-400.0,-0.00750469,44090.1410958528,44090.1410958528,43593.8168058432,59196.0,3131410500.0,0.0,0.0,59196.0,3131410500.0,6463.0,-6409.0,0.0,-54.0,339650200.0,-336811200.0,0.0,-2838200.0
18/08/2025,44090.1410958528,53000.0,300.0,0.00566038,43841.978950848,44090.1410958528,43759.2582358464,14274.0,757440900.0,0.0,0.0,14274.0,757440900.0,1915.0,-1515.0,0.0,-400.0,101356500.0,-80036500.0,0.0,-21320000.0
15/08/2025,43841.978950848,53800.0,-800.0,-0.01486989,44503.7446708608,44503.7446708608,43841.978950848,48609.0,2584668600.0,0.0,0.0,48609.0,2584668600.0,13339.0,-15062.0,0.0,1723.0,706953800.0,-798846800.0,0.0,91893600.0
14/08/2025,44503.7446708608,53800.0,0.0,0.0,44586.4653858624,44586.4653858624,43841.978950848,62835.0,3358802800.0,0.0,0.0,62835.0,3358802800.0,-28505.0,28279.0,0.0,226.0,-1526637500.0,1514486500.0,0.0,12151000.0
13/08/2025,44503.7446708608,53700.0,100.0,0.0018622,44255.582525856,44751.9068158656,43676.5375208448,76887.0,4106475700.0,0.0,0.0,76887.0,4106475700.0,-17662.0,19462.0,0.0,-1800.0,-947661000.0,1043771000.0,0.0,-96110000.0
12/08/2025,44421.0239558592,53900.0,-200.0,-0.00371058,44586.4653858624,44586.4653858624,43676.5375208448,58092.0,3090181000.0,0.0,0.0,58092.0,3090181000.0,-8568.0,8568.0,0.0,0.0,-455124900.0,455044900.0,0.0,80000.0
11/08/2025,44586.4653858624,53400.0,500.0,0.0093633,44503.7446708608,44834.6275308672,43676.5375208448,59842.0,3192213100.0,0.0,0.0,59842.0,3192213100.0,-16206.0,20276.0,0.0,-4070.0,-870109900.0,1085711900.0,0.0,-215602000.0
08/08/2025,44172.8618108544,54500.0,-1100.0,-0.02018349,45082.789675872,45082.789675872,43841.978950848,69728.0,3739230300.0,0.0,0.0,69728.0,3739230300.0,-7658.0,10358.0,0.0,-2700.0,-414365400.0,559875400.0,0.0,-145510000.0
07/08/2025,45082.789675872,55500.0,-1000.0,-0.01801802,45909.996825888,46075.4382558912,44751.9068158656,49107.0,2686498600.0,0.0,0.0,49107.0,2686498600.0,-7885.0,8385.0,0.0,-500.0,-431155500.0,458505500.0,0.0,-27350000.0
06/08/2025,45909.996825888,52900.0,2600.0,0.04914934,43841.978950848,45909.996825888,43593.8168058432,140656.0,7633467600.0,0.0,0.0,140656.0,7633467600.0,-10825.0,1523.0,0.0,9302.0,-616325100.0,105909100.0,0.0,510416000.0
05/08/2025,43759.2582358464,54000.0,-1100.0,-0.02037037,44503.7446708608,45413.6725358784,43759.2582358464,195689.0,10507021000.0,0.0,0.0,195689.0,10507021000.0,-10767.0,5569.0,0.0,5198.0,-588067600.0,307846600.0,0.0,280221400.0
04/08/2025,44669.186100864,53900.0,100.0,0.00185529,44586.4653858624,44917.3482458688,44503.7446708608,38740.0,2090035900.0,0.0,0.0,38740.0,2090035900.0,2413.0,-2413.0,0.0,0.0,129318400.0,-129348400.0,0.0,30000.0
01/08/2025,44586.4653858624,55000.0,-1100.0,-0.02,45496.39325088,45496.39325088,44421.0239558592,132700.0,7173197800.0,0.0,0.0,132700.0,7173197800.0,-26985.0,27087.0,0.0,-102.0,-1459459200.0,1464916200.0,0.0,-5457800.0
31/07/2025,45496.39325088,55000.0,0.0,0.0,45579.1139658816,45579.1139658816,45000.0689608704,57715.0,3151194400.0,0.0,0.0,57715.0,3151194400.0,8121.0,-7421.0,0.0,-700.0,444028500.0,-405618500.0,0.0,-38410000.0
30/07/2025,45496.39325088,54500.0,500.0,0.00917431,45165.5103908736,45992.7175408896,44751.9068158656,45153.0,2479343300.0,0.0,0.0,45153.0,2479343300.0,-8708.0,8109.0,0.0,599.0,-479038300.0,446542300.0,0.0,32495900.0
29/07/2025,45082.789675872,56400.0,-1900.0,-0.03368794,46654.4832609024,46737.203975904,45082.789675872,286652.0,15805840500.0,135252.0,8155695600.0,421904.0,23961536100.0,49499.0,-47199.0,0.0,-2300.0,2729801900.0,-2602421900.0,0.0,-127380000.0
28/07/2025,46654.4832609024,57700.0,-1300.0,-0.02253033,47564.41112592,47564.41112592,46571.7625459008,204368.0,11586125400.0,0.0,0.0,204368.0,11586125400.0,2923.0,7577.0,0.0,-10500.0,170776000.0,426414000.0,0.0,-597190000.0
25/07/2025,47729.8525559232,57700.0,0.0,0.0,48722.5011359424,49301.5461409536,47729.8525559232,116429.0,6795346500.0,0.0,0.0,116429.0,6795346500.0,-23000.0,19600.0,0.0,3400.0,-1336870000.0,1136740000.0,0.0,200130000.0
24/07/2025,47729.8525559232,57800.0,-100.0,-0.0017301,48308.8975609344,48308.8975609344,47316.2489809152,35070.0,2026762100.0,0.0,0.0,35070.0,2026762100.0,-4524.0,4424.0,0.0,100.0,-260102500.0,254352500.0,0.0,5750000.0
23/07/2025,47812.5732709248,57700.0,100.0,0.0017331,46985.3661209088,48308.8975609344,46985.3661209088,59525.0,3438540200.0,0.0,0.0,59525.0,3438540200.0,-8938.0,-462.0,0.0,9400.0,-514262800.0,-28217200.0,0.0,542480000.0
22/07/2025,47729.8525559232,58100.0,-400.0,-0.00688468,47316.2489809152,47895.2939859264,46737.203975904,38627.0,2213617600.0,0.0,0.0,38627.0,2213617600.0,-20136.0,17736.0,0.0,2400.0,-1152179101.0,1014589100.0,0.0,137590000.0
21/07/2025,48060.7354159296,58200.0,-100.0,-0.00171821,48143.4561309312,48391.618275936,47978.014700928,19263.0,1120694000.0,0.0,0.0,19263.0,1120694000.0,4206.0,-406.0,0.0,-3800.0,244848000.0,-23338000.0,0.0,-221510000.0
18/07/2025,48143.4561309312,58500.0,-300.0,-0.00512821,48722.5011359424,48722.5011359424,47481.6904109184,71447.0,4134980000.0,0.0,0.0,71447.0,4134980000.0,-11200.0,11100.0,0.0,100.0,-648330000.0,642800000.0,0.0,5530000.0
17/07/2025,48391.618275936,58400.0,100.0,0.00171233,48308.8975609344,49053.3839959488,48226.1768459328,42468.0,2494433900.0,0.0,0.0,42468.0,2494433900.0,-11292.0,11392.0,0.0,-100.0,-662520100.0,668160100.0,0.0,-5640000.0
16/07/2025,48308.8975609344,57400.0,1000.0,0.0174216,47481.6904109184,48722.5011359424,47068.0868359104,53252.0,3088133700.0,0.0,0.0,53252.0,3088133700.0,-11758.0,9058.0,0.0,2700.0,-675770600.0,518820600.0,0.0,156950000.0
15/07/2025,47481.6904109184,57400.0,0.0,0.0,47564.41112592,48308.8975609344,46985.3661209088,36009.0,2075604600.0,0.0,0.0,36009.0,2075604600.0,394.0,-1094.0,0.0,700.0,26758700.0,-67228700.0,0.0,40470000.0
14/07/2025,47481.6904109184,56800.0,600.0,0.01056338,46571.7625459008,47564.41112592,46571.7625459008,117678.0,6693843400.0,0.0,0.0,117678.0,6693843400.0,-21916.0,14616.0,0.0,7300.0,-1252216200.0,836116200.0,0.0,416100000.0
11/07/2025,46985.3661209088,56500.0,300.0,0.00530973,46654.4832609024,47150.807550912,46489.0418308992,91251.0,5165747000.0,0.0,0.0,91251.0,5165747000.0,-3452.0,3252.0,-200.0,200.0,-190355900.0,179045900.0,-11280000.0,11310000.0
10/07/2025,46737.203975904,56800.0,-300.0,-0.00528169,47068.0868359104,47068.0868359104,46737.203975904,25341.0,1433513700.0,0.0,0.0,25341.0,1433513700.0,-3258.0,3258.0,0.0,0.0,-184491800.0,184491800.0,0.0,0.0
09/07/2025,46985.3661209088,56900.0,-100.0,-0.00175747,47150.807550912,47812.5732709248,46819.9246909056,39830.0,2268407200.0,0.0,0.0,39830.0,2268407200.0,530.0,170.0,0.0,-700.0,32337200.0,7312800.0,0.0,-39650000.0
08/07/2025,47068.0868359104,57000.0,-100.0,-0.00175439,47150.807550912,47150.807550912,46737.203975904,18042.0,1024598800.0,0.0,0.0,18042.0,1024598800.0,-1936.0,1936.0,0.0,0.0,-110741700.0,110741700.0,0.0,0.0
07/07/2025,47150.807550912,57200.0,-200.0,-0.0034965,47316.2489809152,48639.7804209408,46571.7625459008,91623.0,5224161800.0,0.0,0.0,91623.0,5224161800.0,-25598.0,27398.0,0.0,-1800.0,-1455648400.0,1559468400.0,0.0,-103820000.0
04/07/2025,47316.2489809152,56900.0,300.0,0.00527241,46571.7625459008,47564.41112592,46571.7625459008,30937.0,1763954100.0,0.0,0.0,30937.0,1763954100.0,-4425.0,4325.0,0.0,100.0,-251842500.0,246142500.0,0.0,5700000.0
03/07/2025,47068.0868359104,57500.0,-600.0,-0.01043478,46737.203975904,47895.2939859264,46323.600400896,127538.0,7262893600.0,0.0,0.0,127538.0,7262893600.0,12800.0,-14200.0,0.0,1400.0,731080000.0,-810510000.0,0.0,79430000.0
02/07/2025,47564.41112592,56900.0,600.0,0.01054482,47068.0868359104,47978.014700928,47068.0868359104,48680.0,2791236700.0,0.0,0.0,48680.0,2791236700.0,-8497.0,11297.0,0.0,-2800.0,-488397300.0,647847300.0,0.0,-159450000.0
01/07/2025,47068.0868359104,57100.0,-200.0,-0.00350263,46985.3661209088,47316.2489809152,46654.4832609024,25359.0,1439807500.0,0.0,0.0,25359.0,1439807500.0,-4050.0,3350.0,0.0,700.0,-229271500.0,189411500.0,0.0,39860000.0
30/06/2025,47233.5282659136,56700.0,400.0,0.00705467,46985.3661209088,47729.8525559232,46406.3211158976,33667.0,1915386400.0,0.0,0.0,33667.0,1915386400.0,-10969.0,8669.0,0.0,2300.0,-623489800.0,492609800.0,0.0,130880000.0
27/06/2025,46902.6454059072,54500.0,2200.0,0.04036697,44834.6275308672,46902.6454059072,44834.6275308672,168133.0,9349154700.0,0.0,0.0,168133.0,9349154700.0,-22400.0,12500.0,0.0,9900.0,-1263920000.0,713490000.0,0.0,550430000.0
26/06/2025,45082.789675872,54700.0,-200.0,-0.00365631,45330.9518208768,45496.39325088,44751.9068158656,37237.0,2028360500.0,0.0,0.0,37237.0,2028360500.0,10514.0,-9814.0,0.0,-700.0,572463500.0,-534173500.0,0.0,-38290000.0
25/06/2025,45248.2311058752,54600.0,100.0,0.0018315,45330.9518208768,45496.39325088,44834.6275308672,39675.0,2163061300.0,0.0,0.0,39675.0,2163061300.0,7579.0,-6079.0,0.0,-1500.0,409999201.0,-328339200.0,0.0,-81660000.0
24/06/2025,45165.5103908736,54000.0,600.0,0.01111111,44751.9068158656,45744.5553958848,44751.9068158656,80781.0,4432394400.0,0.0,0.0,80781.0,4432394400.0,-6277.0,6177.0,0.0,100.0,-346905800.0,341405800.0,0.0,5500000.0
23/06/2025,44669.186100864,52700.0,1300.0,0.02466793,43428.37537584,44751.9068158656,42849.3303708288,91496.0,4859134100.0,0.0,0.0,91496.0,4859134100.0,-3572.0,5472.0,0.0,-1900.0,-177976400.0,276796400.0,0.0,-98820000.0
20/06/2025,43593.8168058432,53600.0,-900.0,-0.01679104,44255.582525856,44255.582525856,43428.37537584,32448.0,1717466100.0,0.0,0.0,32448.0,1717466100.0,-3661.0,3761.0,0.0,-100.0,-193126900.0,198416900.0,0.0,-5290000.0
19/06/2025,44338.3032408576,53500.0,100.0,0.00186916,44503.7446708608,44503.7446708608,43841.978950848,47548.0,2535282500.0,0.0,0.0,47548.0,2535282500.0,2869.0,-569.0,0.0,-2300.0,154698000.0,-31558000.0,0.0,-123140000.0
18/06/2025,44255.582525856,53200.0,300.0,0.0056391,45082.789675872,45082.789675872,44172.8618108544,58682.0,3163057900.0,676263.0,38479364700.0,734945.0,41642422600.0,6795.0,-3395.0,0.0,-3400.0,362916100.0,-179466100.0,0.0,-183450000.0
17/06/2025,44007.4203808512,52300.0,865.0,0.01652814,43759.2582358464,44586.4653858624,43428.37537584,50648.0,2680133600.0,0.0,0.0,50648.0,2680133600.0,10789.0,-6949.0,0.0,-3840.0,570764400.0,-367242400.0,0.0,-203522000.0
16/06/2025,43292.0020050884,65000.0,-1200.0,-0.01846154,44038.4158327623,44106.2716352781,42952.7229925093,79567.0,5080087400.0,0.0,0.0,79567.0,5080087400.0,3677.0,-177.0,0.0,-3500.0,232076900.0,-7266900.0,0.0,-224810000.0
13/06/2025,44106.2716352781,64600.0,400.0,0.00619195,43427.71361012,44377.6948453414,43088.4345975409,98709.0,6379709300.0,0.0,0.0,98709.0,6379709300.0,8164.0,-9264.0,0.0,1100.0,524715900.0,-594185900.0,0.0,69470000.0
12/06/2025,43834.8484252149,64300.0,300.0,0.00466563,44106.2716352781,44106.2716352781,43495.5694126358,63673.0,4102487300.0,0.0,0.0,63673.0,4102487300.0,-16122.0,14922.0,0.0,1200.0,-1037942900.0,960392900.0,0.0,77550000.0
11/06/2025,43631.2810176674,61800.0,2500.0,0.04045307,42070.5975598037,44513.406450373,41934.8859547721,210090.0,13438097400.0,0.0,0.0,210090.0,13438097400.0,24045.0,-36245.0,0.0,12200.0,1550443000.0,-2321033000.0,0.0,770590000.0
10/06/2025,41934.8859547721,61500.0,300.0,0.00487805,42002.7417572879,42002.7417572879,41392.0395346456,42958.0,2639136700.0,0.0,0.0,42958.0,2639136700.0,-3690.0,2990.0,0.0,700.0,-228363000.0,185413000.0,0.0,42950000.0
09/06/2025,41731.3185472247,61500.0,0.0,0.0,42206.3091648354,42206.3091648354,41459.8953371614,42634.0,2624083600.0,0.0,0.0,42634.0,2624083600.0,8638.0,-7138.0,0.0,-1500.0,533090900.0,-440810900.0,0.0,-92280000.0
06/06/2025,41731.3185472247,62200.0,-700.0,-0.01125402,42274.1649673512,42274.1649673512,41731.3185472247,36038.0,2224835600.0,0.0,0.0,36038.0,2224835600.0,13100.0,-11100.0,0.0,-2000.0,806740000.0,-683400000.0,0.0,-123340000.0
05/06/2025,42206.3091648354,61200.0,1000.0,0.01633987,41459.8953371614,42477.7323748986,41459.8953371614,65830.0,4082486200.0,0.0,0.0,65830.0,4082486200.0,-1922.0,1722.0,0.0,200.0,-117387000.0,104807000.0,0.0,12580000.0
04/06/2025,41527.7511396772,62000.0,-800.0,-0.01290323,42070.5975598037,42206.3091648354,41392.0395346456,29227.0,1797744200.0,0.0,0.0,29227.0,1797744200.0,-7314.0,6814.0,0.0,500.0,-449438200.0,418648200.0,0.0,30790000.0
03/06/2025,42070.5975598037,60400.0,1600.0,0.02649007,41392.0395346456,42409.8765723828,40984.9047195507,42739.0,2634613600.0,0.0,0.0,42739.0,2634613600.0,5185.0,-10085.0,0.0,4900.0,324236800.0,-626096800.0,0.0,301860000.0
02/06/2025,40984.9047195507,59500.0,900.0,0.01512605,40374.2024969084,41392.0395346456,40102.7792868452,50267.0,3021261800.0,0.0,0.0,50267.0,3021261800.0,3811.0,-7211.0,0.0,3400.0,229791000.0,-434401000.0,0.0,204610000.0
30/05/2025,40374.2024969084,60500.0,-1000.0,-0.01652893,41052.7605220666,41052.7605220666,39967.0676818136,31382.0,1860735900.0,0.0,0.0,31382.0,1860735900.0,-6901.0,7201.0,0.0,-300.0,-408269500.0,425909500.0,0.0,-17640000.0
29/05/2025,41052.7605220666,58800.0,1700.0,0.02891156,40917.0489170349,41052.7605220666,40034.9234843294,53524.0,3209533200.0,0.0,0.0,53524.0,3209533200.0,-800.0,7700.0,0.0,-6900.0,-56610000.0,464320000.0,0.0,-407710000.0
28/05/2025,39899.2118792977,59400.0,-600.0,-0.01010101,39763.5002742661,40306.3466943926,39695.6444717503,39532.0,2325950800.0,0.0,0.0,39532.0,2325950800.0,-7932.0,-3368.0,0.0,11300.0,-466280800.0,-199019200.0,0.0,665300000.0
27/05/2025,40306.3466943926,59600.0,-200.0,-0.0033557,40509.9141019401,40577.7699044559,39356.3654591712,30397.0,1791402800.0,0.0,0.0,30397.0,1791402800.0,-5081.0,-1119.0,0.0,6200.0,-296656400.0,-67523600.0,0.0,364180000.0
26/05/2025,40442.0582994242,56100.0,3500.0,0.06238859,38677.8074340131,40442.0582994242,37931.3936063392,83507.0,4870599300.0,0.0,0.0,83507.0,4870599300.0,13226.0,-14446.0,0.0,1220.0,766526200.0,-837394201.0,0.0,70868000.0
23/05/2025,38067.1052113708,54500.0,1600.0,0.0293578,36777.8449635704,38270.6726189182,36709.9891610546,78905.0,4389867200.0,0.0,0.0,78905.0,4389867200.0,10656.0,-22466.0,0.0,11810.0,599423500.0,-1252823500.0,0.0,653400000.0
22/05/2025,36981.4123711178,54300.0,200.0,0.00368324,36845.7007660862,37049.2681736336,36642.1333585387,16971.0,921238600.0,0.0,0.0,16971.0,921238600.0,814.0,-4814.0,0.0,4000.0,44134301.0,-261214300.0,0.0,217080000.0
21/05/2025,36845.7007660862,54700.0,-400.0,-0.00731261,37117.1239761494,37727.8261987917,36845.7007660862,32686.0,1785134100.0,0.0,0.0,32686.0,1785134100.0,796.0,-7696.0,0.0,6900.0,44947300.0,-422297300.0,0.0,377350000.0
20/05/2025,37117.1239761494,53900.0,800.0,0.0148423,36438.5659509913,37524.2587912443,36438.5659509913,68201.0,3734834800.0,0.0,0.0,68201.0,3734834800.0,-4801.0,-21099.0,0.0,25900.0,-265324800.0,-1153665200.0,0.0,1418990000.0
19/05/2025,36574.2775560229,54300.0,-400.0,-0.00736648,36845.7007660862,37049.2681736336,36302.8543459597,39619.0,2142331500.0,0.0,0.0,39619.0,2142331500.0,6908.0,-7708.0,0.0,800.0,373805100.0,-416855100.0,0.0,43050000.0
16/05/2025,36845.7007660862,55300.0,-1000.0,-0.01808318,37524.2587912443,37524.2587912443,36642.1333585387,40432.0,2194334000.0,0.0,0.0,40432.0,2194334000.0,2726.0,-3129.0,0.0,403.0,151187500.0,-173240500.0,0.0,22053500.0
15/05/2025,37524.2587912443,54300.0,1000.0,0.01841621,36506.4217535071,37592.1145937601,36506.4217535071,33847.0,1847911300.0,0.0,0.0,33847.0,1847911300.0,-9267.0,9567.0,0.0,-300.0,-508155801.0,524565800.0,0.0,-16410000.0
14/05/2025,36845.7007660862,55200.0,-900.0,-0.01630435,37456.4029887285,37999.249408855,36642.1333585387,70538.0,3841186400.0,0.0,0.0,70538.0,3841186400.0,4389.0,-1389.0,0.0,-3000.0,237577801.0,-73987800.0,0.0,-163590000.0
13/05/2025,37456.4029887285,53600.0,1600.0,0.02985075,36574.2775560229,37795.6820013076,36506.4217535071,92402.0,5032454600.0,0.0,0.0,92402.0,5032454600.0,6136.0,-17236.0,0.0,11100.0,326532600.0,-932492600.0,0.0,605960000.0
12/05/2025,36370.7101484755,53400.0,200.0,0.00374532,36234.9985434439,36777.8449635704,35963.5753333806,51104.0,2729767000.0,0.0,0.0,51104.0,2729767000.0,-13175.0,14375.0,0.0,-1200.0,-704207500.0,768287500.0,0.0,-64080000.0
09/05/2025,36234.9985434439,54200.0,-800.0,-0.01476015,36845.7007660862,37184.9797786652,36167.1427409281,45975.0,2475812000.0,0.0,0.0,45975.0,2475812000.0,-26745.0,27145.0,0.0,-400.0,-1438929000.0,1460219000.0,0.0,-21290000.0
08/05/2025,36777.8449635704,53000.0,1200.0,0.02264151,35963.5753333806,37049.2681736336,35963.5753333806,12810.0,690214100.0,0.0,0.0,12810.0,690214100.0,-1272.0,-1928.0,0.0,3200.0,-69149800.0,-102510200.0,0.0,171660000.0
07/05/2025,35963.5753333806,53800.0,-800.0,-0.01486989,36506.4217535071,36506.4217535071,35963.5753333806,54436.0,2898796000.0,0.0,0.0,54436.0,2898796000.0,-6001.0,7301.0,0.0,-1300.0,-318627101.0,387787100.0,0.0,-69160000.0
06/05/2025,36506.4217535071,51800.0,2000.0,0.03861004,35488.5847157699,37524.2587912443,35488.5847157699,63449.0,3419633900.0,0.0,0.0,63449.0,3419633900.0,12217.0,-12104.0,0.0,-113.0,661232000.0,-655074000.0,0.0,-6158500.0
05/05/2025,35149.3057031909,51800.0,0.0,0.0,35217.1615057067,35827.863728349,34945.7382956434,47926.0,2480872000.0,0.0,0.0,47926.0,2480872000.0,5774.0,11526.0,0.0,-17300.0,300488000.0,596932000.0,0.0,-897420000.0
29/04/2025,35149.3057031909,51900.0,-100.0,-0.00192678,35217.1615057067,35488.5847157699,34877.8824931276,114638.0,5950272600.0,0.0,0.0,114638.0,5950272600.0,78600.0,-36000.0,0.0,-42600.0,4081710001.0,-1870270000.0,0.0,-2211440000.0
28/04/2025,35217.1615057067,52400.0,-500.0,-0.00954198,35556.4405182857,35963.5753333806,35149.3057031909,24611.0,1283585200.0,0.0,0.0,24611.0,1283585200.0,5600.0,-100.0,0.0,-5500.0,292550000.0,-5240000.0,0.0,-287310000.0
25/04/2025,35556.4405182857,52400.0,0.0,0.0,35963.5753333806,35963.5753333806,35285.0173082225,23700.0,1241330000.0,0.0,0.0,23700.0,1241330000.0,18900.0,-14700.0,0.0,-4200.0,990060000.0,-770310000.0,0.0,-219750000.0
24/04/2025,35556.4405182857,52400.0,0.0,0.0,35760.0079258332,36167.1427409281,35285.0173082225,45859.0,2406880400.0,0.0,0.0,45859.0,2406880400.0,28000.0,1000.0,0.0,-29000.0,1466620001.0,53230000.0,0.0,-1519850000.0
23/04/2025,35556.4405182857,52500.0,-100.0,-0.00190476,36574.2775560229,36574.2775560229,35420.7289132541,70803.0,3746365800.0,0.0,0.0,70803.0,3746365800.0,31288.0,-30888.0,0.0,-400.0,1654808801.0,-1633748800.0,0.0,-21060000.0
22/04/2025,35624.2963208016,53900.0,-1400.0,-0.02597403,36574.2775560229,36642.1333585387,34606.4592830644,111231.0,5900440300.0,0.0,0.0,111231.0,5900440300.0,7700.0,-4700.0,0.0,-3000.0,390020000.0,-242610000.0,0.0,-147410000.0
21/04/2025,36574.2775560229,54100.0,-200.0,-0.00369686,36709.9891610546,38338.5284214341,36438.5659509913,65617.0,3554248400.0,0.0,0.0,65617.0,3554248400.0,27300.0,-23100.0,0.0,-4200.0,1475230000.0,-1246530000.0,0.0,-228700000.0
18/04/2025,36709.9891610546,54100.0,0.0,0.0,36777.8449635704,37659.9703962759,36709.9891610546,74113.0,4028890300.0,0.0,0.0,74113.0,4028890300.0,48070.0,-48170.0,0.0,100.0,2610502300.0,-2616002300.0,0.0,5500000.0
17/04/2025,36709.9891610546,54000.0,100.0,0.00185185,36642.1333585387,36845.7007660862,36370.7101484755,47400.0,2555720000.0,0.0,0.0,47400.0,2555720000.0,12000.0,-16400.0,0.0,4400.0,647340000.0,-884220000.0,0.0,236880000.0
16/04/2025,36642.1333585387,54200.0,-200.0,-0.00369004,36302.8543459597,38202.8168164024,36302.8543459597,54043.0,2970064700.0,0.0,0.0,54043.0,2970064700.0,4000.0,-4500.0,0.0,500.0,215650000.0,-250150000.0,0.0,34500000.0
15/04/2025,36777.8449635704,56200.0,-2000.0,-0.03558719,37388.5471862127,37795.6820013076,36777.8449635704,58138.0,3183193500.0,0.0,0.0,58138.0,3183193500.0,5800.0,-5000.0,0.0,-800.0,319340000.0,-275000000.0,0.0,-44340000.0
14/04/2025,38134.9610138866,56000.0,200.0,0.00357143,38881.3748415606,38881.3748415606,37592.1145937601,66068.0,3691604000.0,0.0,0.0,66068.0,3691604000.0,6400.0,-10600.0,0.0,4200.0,361440000.0,-596970000.0,0.0,235530000.0
11/04/2025,37999.249408855,53100.0,2900.0,0.05461394,38338.5284214341,38338.5284214341,35556.4405182857,203616.0,11228469900.0,0.0,0.0,203616.0,11228469900.0,14800.0,-21000.0,0.0,6200.0,789930000.0,-1168750000.0,0.0,378820000.0
10/04/2025,36031.4311358964,49700.0,3400.0,0.06841046,36031.4311358964,36031.4311358964,36031.4311358964,5730.0,304263000.0,0.0,0.0,5730.0,304263000.0,0.0,0.0,0.0,0.0,0.0,0.0,0.0,0.0
09/04/2025,33724.3338503588,50800.0,-1100.0,-0.02165354,32061.8666887214,33995.7570604221,32061.8666887214,279579.0,13520437750.0,0.0,0.0,279579.0,13520437750.0,-86400.0,8000.0,0.0,78400.0,-4110005000.0,393840000.0,0.0,3716165000.0
08/04/2025,34470.7476780327,54600.0,-3800.0,-0.06959707,34470.7476780327,34470.7476780327,34470.7476780327,69198.0,3515272800.0,0.0,0.0,69198.0,3515272800.0,0.0,0.0,0.0,0.0,0.0,0.0,0.0,0.0
04/04/2025,37049.2681736336,58700.0,-4100.0,-0.06984668,37049.2681736336,37049.2681736336,37049.2681736336,23980.0,1309308000.0,0.0,0.0,23980.0,1309308000.0,0.0,0.0,0.0,0.0,0.0,0.0,0.0,0.0
03/04/2025,39831.3560767819,63100.0,-4400.0,-0.06973059,39831.3560767819,39831.3560767819,39831.3560767819,108502.0,6369184100.0,0.0,0.0,108502.0,6369184100.0,-500.0,0.0,0.0,500.0,-29350000.0,0.0,0.0,29350000.0
02/04/2025,42817.0113874777,61800.0,1300.0,0.0210356,42274.1649673512,42884.8671899935,41867.0301522563,33291.0,2090593900.0,0.0,0.0,33291.0,2090593900.0,1100.0,4800.0,0.0,-5900.0,69272000.0,299340000.0,0.0,-368612000.0
01/04/2025,41934.8859547721,63400.0,-1600.0,-0.02523659,42749.1555849619,43088.4345975409,41188.4721270982,126334.0,7752638800.0,0.0,0.0,126334.0,7752638800.0,28300.0,-4000.0,0.0,-24300.0,1738050000.0,-249810000.0,0.0,-1488240000.0
31/03/2025,43020.5787950251,63000.0,400.0,0.00634921,42613.4439799302,43563.4252151516,42070.5975598037,47024.0,2959264300.0,0.0,0.0,47024.0,2959264300.0,-1200.0,0.0,0.0,1200.0,-74550000.0,0.0,0.0,74550000.0
28/03/2025,42749.1555849619,66000.0,-3000.0,-0.04545455,44513.406450373,44513.406450373,42749.1555849619,80295.0,5134994500.0,0.0,0.0,80295.0,5134994500.0,-1800.0,0.0,0.0,1800.0,-114070000.0,0.0,0.0,114070000.0
27/03/2025,44784.8296604362,66700.0,-700.0,-0.01049475,45259.8202780469,46345.5131182999,44716.9738579204,65263.0,4366243500.0,0.0,0.0,65263.0,4366243500.0,4800.0,0.0,0.0,-4800.0,322000000.0,0.0,0.0,-322000000.0
26/03/2025,45259.8202780469,62800.0,3900.0,0.06210191,42613.4439799302,45531.2434881102,42613.4439799302,433478.0,28811819300.0,0.0,0.0,433478.0,28811819300.0,-31100.0,4000.0,0.0,27100.0,-2044920000.0,263800000.0,0.0,1781120000.0
25/03/2025,42613.4439799302,61700.0,1100.0,0.0178282,41867.0301522563,42749.1555849619,41731.3185472247,68082.0,4255033600.0,0.0,0.0,68082.0,4255033600.0,-25100.0,0.0,0.0,25100.0,-1568210000.0,0.0,0.0,1568210000.0
24/03/2025,41867.0301522563,60500.0,1200.0,0.01983471,41052.7605220666,42002.7417572879,40713.4815094875,49835.0,3042510700.0,0.0,0.0,49835.0,3042510700.0,-8900.0,0.0,0.0,8900.0,-542160000.0,0.0,0.0,542160000.0
21/03/2025,41052.7605220666,58500.0,2000.0,0.03418803,39627.7886692345,41324.1837321298,39627.7886692345,30418.0,1826643100.0,0.0,0.0,30418.0,1826643100.0,-6529.0,0.0,0.0,6529.0,-392198600.0,0.0,0.0,392198600.0
20/03/2025,39695.6444717503,57500.0,1000.0,0.0173913,39017.0864465922,39967.0676818136,38813.5190390447,32428.0,1879414900.0,0.0,0.0,32428.0,1879414900.0,-12400.0,0.0,0.0,12400.0,-718860001.0,0.0,0.0,718860000.0
19/03/2025,39017.0864465922,57700.0,-200.0,-0.0034662,39220.6538541396,39220.6538541396,38609.9516314973,19925.0,1140060400.0,0.0,0.0,19925.0,1140060400.0,-200.0,0.0,0.0,200.0,-11640000.0,0.0,0.0,11640000.0
18/03/2025,39152.7980516238,57500.0,200.0,0.00347826,39017.0864465922,39288.5096566554,38813.5190390447,7182.0,413457600.0,0.0,0.0,7182.0,413457600.0,-1139.0,0.0,0.0,1139.0,-65500900.0,0.0,0.0,65500900.0
17/03/2025,39017.0864465922,59000.0,-1498.0,-0.02539069,39695.6444717503,40374.2024969084,38949.2306440764,39346.0,2286640100.0,0.0,0.0,39346.0,2286640100.0,-10100.0,0.0,0.0,10100.0,-590820000.0,0.0,0.0,590820000.0
14/03/2025,40033.566368279,59300.0,700.0,0.01180438,39766.6759258239,40100.2889788928,38098.6106604789,90887.0,5328962000.0,0.0,0.0,90887.0,5328962000.0,-11200.0,1800.0,0.0,9400.0,-656260000.0,106750000.0,0.0,549510000.0
13/03/2025,39566.5080939825,61200.0,-1900.0,-0.03104575,40834.2376956446,40900.9603062584,39166.1724302996,86413.0,5158480300.0,0.0,0.0,86413.0,5158480300.0,600.0,0.0,0.0,-600.0,35860000.0,0.0,0.0,-35860000.0
12/03/2025,40834.2376956446,61900.0,-700.0,-0.01130856,41301.2959699413,41368.018580555,40367.1794213481,42018.0,2568829800.0,0.0,0.0,42018.0,2568829800.0,0.0,0.0,0.0,0.0,0.0,0.0,0.0,0.0
11/03/2025,41301.2959699413,62000.0,-100.0,-0.0016129,41301.2959699413,41701.631633624,40967.6829168722,33653.0,2077073400.0,0.0,0.0,33653.0,2077073400.0,400.0,0.0,0.0,-400.0,24220000.0,0.0,0.0,-24220000.0
10/03/2025,41368.018580555,60900.0,1100.0,0.0180624,40700.792474417,42035.244686693,40233.7342001205,59784.0,3687845800.0,0.0,0.0,59784.0,3687845800.0,400.0,200.0,0.0,-600.0,23340000.0,12190000.0,0.0,-35530000.0
07/03/2025,40634.0698638032,61000.0,-100.0,-0.00163934,40834.2376956446,41034.405527486,40367.1794213481,26924.0,1637477700.0,0.0,0.0,26924.0,1637477700.0,4500.0,-4300.0,0.0,-200.0,272710000.0,-260520000.0,0.0,-12190000.0
06/03/2025,40700.792474417,60500.0,500.0,0.00826446,40767.5150850308,40900.9603062584,40367.1794213481,22309.0,1359238400.0,0.0,0.0,22309.0,1359238400.0,-900.0,0.0,0.0,900.0,-54900000.0,0.0,0.0,54900000.0
05/03/2025,40367.1794213481,61100.0,-600.0,-0.00981997,40900.9603062584,41368.018580555,40167.0115895066,55952.0,3422884900.0,0.0,0.0,55952.0,3422884900.0,16300.0,0.0,0.0,-16300.0,992840000.0,0.0,0.0,-992840000.0
04/03/2025,40767.5150850308,61000.0,100.0,0.00163934,40167.0115895066,41368.018580555,40167.0115895066,89386.0,5452962800.0,0.0,0.0,89386.0,5452962800.0,5201.0,2600.0,0.0,-7801.0,319800401.0,161140000.0,0.0,-480940400.0
03/03/2025,40700.792474417,61300.0,-300.0,-0.00489396,40167.0115895066,40900.9603062584,40167.0115895066,52443.0,3180013700.0,0.0,0.0,52443.0,3180013700.0,-696.0,1700.0,0.0,-1004.0,-42366800.0,103610000.0,0.0,-61243200.0
28/02/2025,40900.9603062584,63300.0,-2000.0,-0.03159558,41368.018580555,41901.7994654654,40567.3472531894,60960.0,3735601100.0,0.0,0.0,60960.0,3735601100.0,3400.0,0.0,0.0,-3400.0,205990000.0,0.0,0.0,-205990000.0
27/02/2025,42235.4125185344,62300.0,1000.0,0.01605136,41701.631633624,42635.7481822172,40567.3472531894,108347.0,6783035500.0,0.0,0.0,108347.0,6783035500.0,-22100.0,0.0,0.0,22100.0,-1379920000.0,0.0,0.0,1379920000.0
26/02/2025,41568.1864123964,60500.0,1800.0,0.02975207,40433.9020319619,42035.244686693,40433.9020319619,112363.0,6967029900.0,0.0,0.0,112363.0,6967029900.0,-25736.0,0.0,-64.0,25736.0,-1597528400.0,0.0,-3962000.0,1597528400.0
25/02/2025,40367.1794213481,57300.0,3200.0,0.05584642,38232.0558817064,40500.6246425757,37831.7202180237,139015.0,8268527500.0,0.0,0.0,139015.0,8268527500.0,-58393.0,-200.0,0.0,58593.0,-3465250100.0,-12060000.0,0.0,3477310100.0
24/02/2025,38232.0558817064,55800.0,1500.0,0.02688172,38365.5011029341,38365.5011029341,37164.4941118857,114989.0,6509796900.0,0.0,0.0,114989.0,6509796900.0,-100.0,800.0,0.0,-700.0,-5040000.0,44880000.0,0.0,-39840000.0
21/02/2025,37231.2167224995,52200.0,3600.0,0.06896552,34829.2027404028,37231.2167224995,34562.3122979476,289269.0,15588262400.0,0.0,0.0,289269.0,15588262400.0,100900.0,2200.0,0.0,-103100.0,5242050000.0,119500000.0,0.0,-5361550000.0
20/02/2025,34829.2027404028,52300.0,-100.0,-0.00191205,35096.093182858,35830.0418996098,34762.480129789,101686.0,5333912700.0,0.0,0.0,101686.0,5333912700.0,70600.0,15900.0,0.0,-86500.0,3701040000.0,831570000.0,0.0,-4532610000.0
19/02/2025,34895.9253510166,52100.0,200.0,0.00383877,34829.2027404028,35029.3705722442,34428.8670767199,75755.0,3940952800.0,0.0,0.0,75755.0,3940952800.0,34403.0,16000.0,0.0,-50403.0,1792456300.0,832000000.0,0.0,-2624456300.0
18/02/2025,34762.480129789,52500.0,-400.0,-0.00761905,35029.3705722442,35362.9836253131,34695.7575191752,42824.0,2231557500.0,0.0,0.0,42824.0,2231557500.0,23000.0,0.0,0.0,-23000.0,1198200000.0,0.0,0.0,-1198200000.0
17/02/2025,35029.3705722442,53300.0,-800.0,-0.01500938,35696.5966783822,35830.0418996098,35029.3705722442,60832.0,3207142500.0,0.0,0.0,60832.0,3207142500.0,35100.0,0.0,0.0,-35100.0,1848970000.0,0.0,0.0,-1848970000.0
14/02/2025,35563.1514571546,52400.0,900.0,0.01717557,34962.6479616304,35963.4871208373,34962.6479616304,75816.0,4045837000.0,0.0,0.0,75816.0,4045837000.0,-9500.0,0.0,0.0,9500.0,-506920000.0,0.0,0.0,506920000.0
13/02/2025,34962.6479616304,52300.0,100.0,0.00191205,34762.480129789,35029.3705722442,34428.8670767199,28110.0,1462061000.0,0.0,0.0,28110.0,1462061000.0,-500.0,0.0,0.0,500.0,-26390000.0,0.0,0.0,26390000.0
12/02/2025,34895.9253510166,51300.0,1000.0,0.01949318,34295.4218554924,35029.3705722442,34028.5314130372,39189.0,2024909950.0,0.0,0.0,39189.0,2024909950.0,-3008.0,0.0,0.0,3008.0,-157816450.0,0.0,0.0,157816450.0
11/02/2025,34228.6992448786,51100.0,200.0,0.00391389,34161.9766342648,34629.0349085614,33361.3053068992,129264.0,6578019100.0,0.0,0.0,129264.0,6578019100.0,69407.0,0.0,0.0,-69407.0,3525994001.0,0.0,0.0,-3525994000.0
10/02/2025,34095.254023651,53400.0,-2300.0,-0.0431,35229.5384040855,35896.7645102236,34095.254023651,80788.0,4211305600.0,0.0,0.0,80788.0,4211305600.0,13000.0,-1000.0,0.0,-12000.0,668470000.0,-52490000.0,0.0,-615980000.0
07/02/2025,35629.8740677684,52300.0,1100.0,0.0210325,35096.093182858,35896.7645102236,35029.3705722442,75019.0,3975168900.0,0.0,0.0,75019.0,3975168900.0,-12700.0,0.0,0.0,12700.0,-672140000.0,0.0,0.0,672140000.0
06/02/2025,34895.9253510166,55100.0,-2800.0,-0.0508167,36830.8810588167,37031.0488906581,34895.9253510166,146956.0,7830679000.0,0.0,0.0,146956.0,7830679000.0,7000.0,1000.0,0.0,-8000.0,360020000.0,53430000.0,0.0,-413450000.0
05/02/2025,36764.1584482029,55300.0,-200.0,-0.00361664,36764.1584482029,37231.2167224995,36430.5453951339,63826.0,3513745700.0,0.0,0.0,63826.0,3513745700.0,1395.0,-100.0,0.0,-1295.0,75885000.0,-5530000.0,0.0,-70355000.0
04/02/2025,36897.6036694305,53300.0,2000.0,0.03752345,35096.093182858,36964.3262800443,35096.093182858,120009.0,6507922900.0,0.0,0.0,120009.0,6507922900.0,20895.0,8200.0,0.0,-29095.0,1154882000.0,444430000.0,0.0,-1599312000.0
03/02/2025,35563.1514571546,54500.0,-1200.0,-0.02201835,36230.3775632925,36630.7132269754,34695.7575191752,77935.0,4168167100.0,0.0,0.0,77935.0,4168167100.0,-2200.0,0.0,0.0,2200.0,-116460000.0,0.0,0.0,116460000.0
24/01/2025,36363.8227845201,54000.0,500.0,0.00925926,37364.6619437271,37364.6619437271,36096.9323420649,35219.0,1923926800.0,0.0,0.0,35219.0,1923926800.0,-2300.0,0.0,0.0,2300.0,-128370000.0,0.0,0.0,128370000.0
23/01/2025,36030.2097314511,50500.0,3500.0,0.06930693,34095.254023651,36030.2097314511,33961.8088024234,509287.0,26963763500.0,0.0,0.0,509287.0,26963763500.0,350750.0,5800.0,0.0,-356550.0,18591555201.0,296480000.0,0.0,-18888035200.0
22/01/2025,33694.9183599682,49100.0,1400.0,0.02851324,32760.8018113751,34295.4218554924,32560.6339795336,60895.0,3037718550.0,0.0,0.0,60895.0,3037718550.0,17800.0,0.0,0.0,-17800.0,890135001.0,0.0,0.0,-890135000.0
21/01/2025,32760.8018113751,49000.0,100.0,0.00204082,32660.7178954544,33061.0535591371,32527.2726742268,47748.0,2340166400.0,0.0,0.0,47748.0,2340166400.0,1000.0,0.0,0.0,-1000.0,49500000.0,0.0,0.0,-49500000.0
20/01/2025,32694.0792007613,49000.0,0.0,0.0,32694.0792007613,32694.0792007613,32493.9113689198,23923.0,1168311200.0,0.0,0.0,23923.0,1168311200.0,0.0,0.0,0.0,0.0,0.0,0.0,0.0,0.0
17/01/2025,32694.0792007613,48900.0,100.0,0.00204499,32427.188758306,32694.0792007613,32393.8274529992,6300.0,307045000.0,0.0,0.0,6300.0,307045000.0,0.0,0.0,0.0,0.0,0.0,0.0,0.0,0.0
16/01/2025,32627.3565901474,49300.0,-400.0,-0.00811359,32894.2470326026,33061.0535591371,32560.6339795336,21705.0,1062879000.0,0.0,0.0,21705.0,1062879000.0,13800.0,0.0,0.0,-13800.0,675925000.0,0.0,0.0,-675925000.0
15/01/2025,32894.2470326026,48950.0,350.0,0.00715015,32493.9113689198,32927.6083379095,32493.9113689198,20851.0,1022014400.0,0.0,0.0,20851.0,1022014400.0,7099.0,0.0,0.0,-7099.0,347831000.0,0.0,0.0,-347831000.0
14/01/2025,32660.7178954544,48900.0,50.0,0.00102249,32193.6596211577,32660.7178954544,32193.6596211577,9100.0,441640000.0,0.0,0.0,9100.0,441640000.0,0.0,0.0,0.0,0.0,0.0,0.0,0.0,0.0
13/01/2025,32627.3565901474,49000.0,-100.0,-0.00204082,32427.188758306,32627.3565901474,32260.3822317716,15199.0,736909900.0,0.0,0.0,15199.0,736909900.0,0.0,0.0,0.0,0.0,0.0,0.0,0.0,0.0
10/01/2025,32694.0792007613,49250.0,-250.0,-0.00507614,32327.1048423854,32960.9696432164,32327.1048423854,4342.0,212919500.0,0.0,0.0,4342.0,212919500.0,0.0,0.0,0.0,0.0,0.0,0.0,0.0,0.0
09/01/2025,32860.8857272957,49700.0,-450.0,-0.00905433,33194.4987803648,33194.4987803648,32860.8857272957,4903.0,241788900.0,0.0,0.0,4903.0,241788900.0,-1100.0,0.0,0.0,1100.0,-54240000.0,0.0,0.0,54240000.0
08/01/2025,33161.1374750578,49650.0,50.0,0.00100705,33494.7505281268,33494.7505281268,32694.0792007613,25618.0,1263664600.0,0.0,0.0,25618.0,1263664600.0,-7700.0,0.0,0.0,7700.0,-382225000.0,0.0,0.0,382225000.0
07/01/2025,33127.7761697509,49800.0,-150.0,-0.00301205,33294.5826962854,33294.5826962854,32560.6339795336,16535.0,816069000.0,0.0,0.0,16535.0,816069000.0,-4900.0,0.0,0.0,4900.0,-243325000.0,0.0,0.0,243325000.0
06/01/2025,33227.8600856716,50300.0,-500.0,-0.00994036,33361.3053068992,33361.3053068992,32694.0792007613,15944.0,784834450.0,0.0,0.0,15944.0,784834450.0,-4400.0,0.0,0.0,4400.0,-216625001.0,0.0,0.0,216625000.0
03/01/2025,33561.4731387406,50000.0,300.0,0.006,34028.5314130372,34028.5314130372,33127.7761697509,19559.0,984669400.0,0.0,0.0,19559.0,984669400.0,-4000.0,0.0,0.0,4000.0,-201560000.0,0.0,0.0,201560000.0
02/01/2025,33361.3053068992,49500.0,500.0,0.01010101,33261.2213909786,33428.027917513,33027.6922538302,26606.0,1324568150.0,0.0,0.0,26606.0,1324568150.0,3800.0,0.0,0.0,-3800.0,187565000.0,0.0,0.0,-187565000.0
31/12/2024,33027.6922538302,49450.0,50.0,0.00101112,33628.1957493544,33628.1957493544,32293.7435370784,49922.0,2451357600.0,0.0,0.0,49922.0,2451357600.0,-34300.0,0.0,0.0,34300.0,-1693565000.0,0.0,0.0,1693565000.0
30/12/2024,32994.3309485233,49700.0,-250.0,-0.00503018,33161.1374750578,33161.1374750578,32427.188758306,18521.0,908668000.0,0.0,0.0,18521.0,908668000.0,-2900.0,0.0,0.0,2900.0,-143200000.0,0.0,0.0,143200000.0
27/12/2024,33161.1374750578,49050.0,650.0,0.01325178,33027.6922538302,33361.3053068992,32126.9370105439,61832.0,3056899650.0,0.0,0.0,61832.0,3056899650.0,-45300.0,-4400.0,0.0,49700.0,-2246780001.0,-213465000.0,0.0,2460245000.0
26/12/2024,32727.4405060682,48350.0,700.0,0.01447777,31893.4078733957,32727.4405060682,31659.8787362474,38762.0,1871526950.0,0.0,0.0,38762.0,1871526950.0,-31000.0,0.0,0.0,31000.0,-1501450001.0,0.0,0.0,1501450000.0
25/12/2024,32260.3822317716,46000.0,2350.0,0.05108696,30692.4008823472,32260.3822317716,30692.4008823472,39560.0,1879202250.0,0.0,0.0,39560.0,1879202250.0,-23610.0,0.0,0.0,23610.0,-1126054500.0,0.0,0.0,1126054500.0
24/12/2024,30692.4008823472,45500.0,500.0,0.01098901,30358.7878292783,30692.4008823472,30358.7878292783,19646.0,901654000.0,0.0,0.0,19646.0,901654000.0,-10200.0,0.0,0.0,10200.0,-469185000.0,0.0,0.0,469185000.0
23/12/2024,30358.7878292783,45700.0,-200.0,-0.00437637,30492.2330505059,30625.6782717334,30358.7878292783,10116.0,461949300.0,0.0,0.0,10116.0,461949300.0,16.0,-16.0,0.0,0.0,694300.0,-694300.0,0.0,0.0
20/12/2024,30492.2330505059,45500.0,200.0,0.0043956,30625.6782717334,30625.6782717334,30125.25869213,17646.0,802857300.0,0.0,0.0,17646.0,802857300.0,-8100.0,0.0,0.0,8100.0,-370170000.0,0.0,0.0,370170000.0
19/12/2024,30358.7878292783,45300.0,200.0,0.00441501,30025.1747762093,30358.7878292783,30025.1747762093,20009.0,904720900.0,0.0,0.0,20009.0,904720900.0,-7200.0,0.0,0.0,7200.0,-327600000.0,0.0,0.0,327600000.0
18/12/2024,30225.3426080507,45000.0,300.0,0.00666667,30025.1747762093,30292.0652186645,30025.1747762093,33203.0,1499244700.0,0.0,0.0,33203.0,1499244700.0,0.0,0.0,0.0,0.0,0.0,0.0,0.0,0.0
17/12/2024,30025.1747762093,45100.0,-100.0,-0.00221729,30025.1747762093,30091.8973868231,29991.8134709024,37086.0,1668951700.0,0.0,0.0,37086.0,1668951700.0,0.0,0.0,0.0,0.0,0.0,0.0,0.0,0.0
16/12/2024,30091.8973868231,45350.0,-250.0,-0.00551268,30225.3426080507,30225.3426080507,29925.0908602886,61060.0,2749596550.0,0.0,0.0,61060.0,2749596550.0,0.0,0.0,0.0,0.0,0.0,0.0,0.0,0.0
13/12/2024,30258.7039133576,44500.0,851.0,0.01912403,29825.0069443679,30325.4265239714,29825.0069443679,56002.0,2521928250.0,0.0,0.0,56002.0,2521928250.0,0.0,0.0,0.0,0.0,-175000.0,0.0,0.0,175000.0
12/12/2024,29690.8944970341,44600.0,900.0,0.02017937,29103.6020784115,29723.5218536242,29103.6020784115,76046.0,3441076100.0,0.0,0.0,76046.0,3441076100.0,-700.0,0.0,0.0,700.0,-31410000.0,0.0,0.0,31410000.0
11/12/2024,29103.6020784115,44500.0,100.0,0.00224719,29038.3473652312,29103.6020784115,28940.4652954608,21299.0,948426750.0,0.0,0.0,21299.0,948426750.0,0.0,0.0,0.0,0.0,0.0,0.0,0.0,0.0
10/12/2024,29038.3473652312,44450.0,50.0,0.00112486,29038.3473652312,29070.9747218214,28973.092652051,4259.0,189474850.0,0.0,0.0,4259.0,189474850.0,0.0,0.0,0.0,0.0,0.0,0.0,0.0,0.0
09/12/2024,29005.7200086411,44450.0,0.0,0.0,29005.7200086411,29038.3473652312,28973.092652051,5042.0,223914100.0,0.0,0.0,5042.0,223914100.0,0.0,0.0,0.0,0.0,0.0,0.0,0.0,0.0
06/12/2024,29005.7200086411,44200.0,250.0,0.00565611,28842.5832256903,29005.7200086411,28712.0737993298,7886.0,348469500.0,0.0,0.0,7886.0,348469500.0,0.0,0.0,0.0,0.0,0.0,0.0,0.0,0.0
05/12/2024,28842.5832256903,44500.0,-300.0,-0.00674157,29005.7200086411,29168.8567915918,28842.5832256903,17544.0,779771800.0,0.0,0.0,17544.0,779771800.0,0.0,0.0,0.0,0.0,0.0,0.0,0.0,0.0
04/12/2024,29038.3473652312,44300.0,200.0,0.00451467,28907.8379388706,29168.8567915918,28777.32851251,10228.0,453363550.0,0.0,0.0,10228.0,453363550.0,0.0,0.0,0.0,0.0,0.0,0.0,0.0,0.0
03/12/2024,28907.8379388706,44150.0,150.0,0.00339751,28842.5832256903,28907.8379388706,28712.0737993298,10449.0,461545200.0,0.0,0.0,10449.0,461545200.0,0.0,0.0,0.0,0.0,0.0,0.0,0.0,0.0
02/12/2024,28809.9558691001,44000.0,150.0,0.00340909,28777.32851251,28875.2105822804,28483.6823031987,13103.0,577199950.0,0.0,0.0,13103.0,577199950.0,4548.0,0.0,0.0,-4548.0,200205551.0,0.0,0.0,-200205550.0
29/11/2024,28712.0737993298,44000.0,0.0,0.0,28809.9558691001,28809.9558691001,28581.5643729691,5030.0,221030000.0,0.0,0.0,5030.0,221030000.0,0.0,0.0,0.0,0.0,0.0,0.0,0.0,0.0
28/11/2024,28712.0737993298,43950.0,50.0,0.00113766,28516.3096597888,28777.32851251,28516.3096597888,6494.0,285746400.0,0.0,0.0,6494.0,285746400.0,200.0,0.0,0.0,-200.0,8820000.0,0.0,0.0,-8820000.0
27/11/2024,28679.4464427396,43700.0,250.0,0.00572082,28516.3096597888,28777.32851251,28418.4275900184,9865.0,430470800.0,0.0,0.0,9865.0,430470800.0,0.0,0.0,0.0,0.0,0.0,0.0,0.0,0.0
26/11/2024,28516.3096597888,43800.0,-100.0,-0.00228311,28614.1917295593,28646.8190861495,28483.6823031987,9475.0,414864950.0,0.0,0.0,9475.0,414864950.0,0.0,0.0,0.0,0.0,0.0,0.0,0.0,0.0
25/11/2024,28581.5643729691,43500.0,300.0,0.00689655,28646.8190861495,28646.8190861495,28483.6823031987,6100.0,266915000.0,0.0,0.0,6100.0,266915000.0,200.0,0.0,0.0,-200.0,8780000.0,0.0,0.0,-8780000.0
22/11/2024,28385.8002334283,44200.0,-700.0,-0.0158371,28581.5643729691,28581.5643729691,28059.5266675268,54675.0,2354460600.0,0.0,0.0,54675.0,2354460600.0,0.0,0.0,0.0,0.0,0.0,0.0,0.0,0.0
21/11/2024,28842.5832256903,43800.0,400.0,0.00913242,28712.0737993298,28907.8379388706,28581.5643729691,12169.0,537762400.0,0.0,0.0,12169.0,537762400.0,100.0,0.0,0.0,-100.0,4425000.0,0.0,0.0,-4425000.0
20/11/2024,28581.5643729691,42950.0,850.0,0.01979045,28059.5266675268,28646.8190861495,28026.8993109366,10673.0,461098000.0,0.0,0.0,10673.0,461098000.0,-900.0,0.0,0.0,900.0,-38720000.0,0.0,0.0,38720000.0
19/11/2024,28026.8993109366,42950.0,0.0,0.0,28026.8993109366,28026.8993109366,27929.0172411662,5912.0,253680400.0,0.0,0.0,5912.0,253680400.0,0.0,0.0,0.0,0.0,0.0,0.0,0.0,0.0
18/11/2024,28026.8993109366,43000.0,-50.0,-0.00116279,28059.5266675268,28059.5266675268,27798.5078148057,7508.0,321960000.0,0.0,0.0,7508.0,321960000.0,-100.0,0.0,0.0,100.0,-4260000.0,0.0,0.0,4260000.0
15/11/2024,28059.5266675268,43600.0,-600.0,-0.01376147,28581.5643729691,28581.5643729691,28059.5266675268,8592.0,370482700.0,0.0,0.0,8592.0,370482700.0,0.0,0.0,0.0,0.0,0.0,0.0,0.0,0.0
14/11/2024,28451.0549466085,43650.0,-50.0,-0.00114548,28124.781380707,28516.3096597888,28059.5266675268,4972.0,215234800.0,0.0,0.0,4972.0,215234800.0,0.0,0.0,0.0,0.0,0.0,0.0,0.0,0.0
13/11/2024,28483.6823031987,43250.0,400.0,0.00924855,28092.1540241169,28483.6823031987,27929.0172411662,7209.0,309876100.0,0.0,0.0,7209.0,309876100.0,-91.0,-9.0,-9.0,100.0,-3978900.0,-386100.0,-386000.0,4365000.0
12/11/2024,28222.6634504775,43900.0,-650.0,-0.01480638,28353.1728768381,28483.6823031987,28222.6634504775,13987.0,606748700.0,0.0,0.0,13987.0,606748700.0,-36.0,0.0,0.0,36.0,-1580200.0,0.0,0.0,1580200.0
11/11/2024,28646.8190861495,43950.0,-50.0,-0.00113766,28679.4464427396,28712.0737993298,28353.1728768381,22213.0,966791650.0,0.0,0.0,22213.0,966791650.0,0.0,0.0,0.0,0.0,0.0,0.0,0.0,0.0
08/11/2024,28679.4464427396,44000.0,-50.0,-0.00113636,28712.0737993298,28712.0737993298,28418.4275900184,7900.0,344960000.0,0.0,0.0,7900.0,344960000.0,0.0,0.0,0.0,0.0,0.0,0.0,0.0,0.0
07/11/2024,28712.0737993298,43550.0,450.0,0.01033295,28418.4275900184,28712.0737993298,28418.4275900184,3785.0,165735550.0,0.0,0.0,3785.0,165735550.0,-100.0,0.0,0.0,100.0,-4390000.0,0.0,0.0,4390000.0
06/11/2024,28418.4275900184,43450.0,100.0,0.0023015,28516.3096597888,28516.3096597888,28222.6634504775,14481.0,626907550.0,0.0,0.0,14481.0,626907550.0,1300.0,-1500.0,0.0,200.0,56165000.0,-64875000.0,0.0,8710000.0
05/11/2024,28353.1728768381,43900.0,-450.0,-0.01025057,28646.8190861495,28646.8190861495,28287.9181636578,9659.0,420296500.0,0.0,0.0,9659.0,420296500.0,600.0,0.0,0.0,-600.0,26280000.0,0.0,0.0,-26280000.0
04/11/2024,28646.8190861495,44250.0,-350.0,-0.0079096,28875.2105822804,28875.2105822804,28385.8002334283,8000.0,349270000.0,0.0,0.0,8000.0,349270000.0,-100.0,0.0,0.0,100.0,-4390000.0,0.0,0.0,4390000.0
01/11/2024,28875.2105822804,44450.0,-200.0,-0.00449944,28712.0737993298,28940.4652954608,28483.6823031987,8693.0,380931200.0,0.0,0.0,8693.0,380931200.0,0.0,0.0,0.0,0.0,0.0,0.0,0.0,0.0
31/10/2024,29005.7200086411,44000.0,450.0,0.01022727,28483.6823031987,29005.7200086411,28418.4275900184,20638.0,906581150.0,23000.0,941850000.0,43638.0,1848431150.0,-6300.0,0.0,0.0,6300.0,-279990000.0,0.0,0.0,279990000.0
30/10/2024,28712.0737993298,44000.0,0.0,0.0,28483.6823031987,28712.0737993298,28483.6823031987,4006.0,175506450.0,0.0,0.0,4006.0,175506450.0,-1500.0,0.0,0.0,1500.0,-66000000.0,0.0,0.0,66000000.0
29/10/2024,28712.0737993298,44000.0,0.0,0.0,28581.5643729691,28712.0737993298,28516.3096597888,7835.0,344156000.0,23649.0,968426550.0,31484.0,1312582550.0,-5000.0,0.0,0.0,5000.0,-219770000.0,0.0,0.0,219770000.0
28/10/2024,28712.0737993298,44150.0,-150.0,-0.00339751,28842.5832256903,28842.5832256903,28418.4275900184,16825.0,736209650.0,0.0,0.0,16825.0,736209650.0,-700.0,0.0,0.0,700.0,-30800000.0,0.0,0.0,30800000.0
25/10/2024,28809.9558691001,43900.0,250.0,0.00569476,28646.8190861495,28809.9558691001,28614.1917295593,4353.0,191334850.0,0.0,0.0,4353.0,191334850.0,0.0,0.0,0.0,0.0,0.0,0.0,0.0,0.0
24/10/2024,28646.8190861495,43950.0,-50.0,-0.00113766,28777.32851251,28973.092652051,28646.8190861495,18132.0,798056750.0,0.0,0.0,18132.0,798056750.0,0.0,0.0,0.0,0.0,0.0,0.0,0.0,0.0
23/10/2024,28679.4464427396,44000.0,-50.0,-0.00113636,28581.5643729691,28679.4464427396,28157.4087372973,4414.0,191529100.0,0.0,0.0,4414.0,191529100.0,100.0,0.0,0.0,-100.0,4380000.0,0.0,0.0,-4380000.0
22/10/2024,28712.0737993298,44000.0,0.0,0.0,28712.0737993298,28712.0737993298,28679.4464427396,328.0,14436000.0,0.0,0.0,328.0,14436000.0,0.0,0.0,0.0,0.0,0.0,0.0,0.0,0.0
21/10/2024,28712.0737993298,43900.0,100.0,0.0023,28385.8002334283,28842.5832256903,28385.8002334283,8700.0,381705000.0,0.0,0.0,8700.0,381705000.0,0.0,0.0,0.0,0.0,0.0,0.0,0.0,0.0
18/10/2024,28646.8190861495,43900.0,0.0,0.0,28712.0737993298,28712.0737993298,28059.5266675268,32041.0,1383528150.0,0.0,0.0,32041.0,1383528150.0,-1000.0,0.0,0.0,1000.0,-43270000.0,0.0,0.0,43270000.0
17/10/2024,28646.8190861495,44150.0,-250.0,-0.00566251,28712.0737993298,28712.0737993298,28385.8002334283,11317.0,495363700.0,0.0,0.0,11317.0,495363700.0,0.0,0.0,0.0,0.0,0.0,0.0,0.0,0.0
16/10/2024,28809.9558691001,44250.0,-100.0,-0.00225989,28712.0737993298,28875.2105822804,28712.0737993298,4667.0,205810750.0,0.0,0.0,4667.0,205810750.0,0.0,0.0,0.0,0.0,0.0,0.0,0.0,0.0
15/10/2024,28875.2105822804,44000.0,250.0,0.00568182,28842.5832256903,28875.2105822804,28646.8190861495,3180.0,140167900.0,0.0,0.0,3180.0,140167900.0,56.0,-56.0,-56.0,0.0,2427300.0,-2427300.0,-2427000.0,0.0
14/10/2024,28712.0737993298,44000.0,0.0,0.0,28712.0737993298,28842.5832256903,28124.781380707,3529.0,155124200.0,0.0,0.0,3529.0,155124200.0,0.0,0.0,0.0,0.0,0.0,0.0,0.0,0.0
11/10/2024,28712.0737993298,44300.0,-300.0,-0.00677201,28124.781380707,29005.7200086411,28124.781380707,85113.0,3747950800.0,0.0,0.0,85113.0,3747950800.0,1700.0,0.0,0.0,-1700.0,74445000.0,0.0,0.0,-74445000.0
10/10/2024,28907.8379388706,44550.0,-250.0,-0.00561167,29168.8567915918,29168.8567915918,28385.8002334283,43786.0,1927961300.0,0.0,0.0,43786.0,1927961300.0,12700.0,0.0,0.0,-12700.0,556365000.0,0.0,0.0,-556365000.0
09/10/2024,29070.9747218214,44650.0,-100.0,-0.00223964,29136.2294350016,29136.2294350016,29038.3473652312,4611.0,205277300.0,0.0,0.0,4611.0,205277300.0,0.0,0.0,0.0,0.0,0.0,0.0,0.0,0.0
08/10/2024,29136.2294350016,44600.0,50.0,0.00112108,29103.6020784115,29234.1115047721,29005.7200086411,3900.0,173680000.0,0.0,0.0,3900.0,173680000.0,1500.0,0.0,0.0,-1500.0,66655000.0,0.0,0.0,-66655000.0
07/10/2024,29103.6020784115,44850.0,-250.0,-0.00557414,29038.3473652312,29136.2294350016,28940.4652954608,6965.0,309548400.0,0.0,0.0,6965.0,309548400.0,1800.0,0.0,0.0,-1800.0,79855000.0,0.0,0.0,-79855000.0
04/10/2024,29266.7388613622,44650.0,200.0,0.00447928,29234.1115047721,29331.9935745425,28940.4652954608,7806.0,349053850.0,0.0,0.0,7806.0,349053850.0,1200.0,0.0,0.0,-1200.0,53255001.0,0.0,0.0,-53255000.0
03/10/2024,29136.2294350016,44850.0,-200.0,-0.00445931,29070.9747218214,29168.8567915918,28973.092652051,2921.0,130163450.0,0.0,0.0,2921.0,130163450.0,0.0,0.0,0.0,0.0,0.0,0.0,0.0,0.0
02/10/2024,29266.7388613622,44950.0,-100.0,-0.00222469,29364.6209311327,29364.6209311327,28809.9558691001,10302.0,459609200.0,0.0,0.0,10302.0,459609200.0,2800.0,0.0,0.0,-2800.0,124300000.0,0.0,0.0,-124300000.0
01/10/2024,29331.9935745425,45000.0,-50.0,-0.00111111,28973.092652051,29364.6209311327,28973.092652051,2401.0,107512000.0,0.0,0.0,2401.0,107512000.0,300.0,0.0,0.0,-300.0,13430000.0,0.0,0.0,-13430000.0
30/09/2024,29364.6209311327,45000.0,0.0,0.0,29038.3473652312,29821.4039233948,28744.7011559199,32595.0,1453758950.0,0.0,0.0,32595.0,1453758950.0,-9988.0,0.0,0.0,9988.0,-453778800.0,0.0,0.0,453778800.0
27/09/2024,29364.6209311327,45300.0,-300.0,-0.00662252,29658.267140444,29658.267140444,29168.8567915918,4788.0,214500000.0,0.0,0.0,4788.0,214500000.0,-1100.0,0.0,0.0,1100.0,-49460000.0,0.0,0.0,49460000.0
26/09/2024,29560.3850706736,44900.0,400.0,0.00890869,29299.3662179524,29658.267140444,28940.4652954608,22038.0,992120250.0,0.0,0.0,22038.0,992120250.0,-14100.0,0.0,0.0,14100.0,-634820000.0,0.0,0.0,634820000.0
25/09/2024,29299.3662179524,44850.0,50.0,0.00111483,29299.3662179524,29299.3662179524,28907.8379388706,3686.0,164670800.0,0.0,0.0,3686.0,164670800.0,-2000.0,0.0,0.0,2000.0,-89705001.0,0.0,0.0,89705000.0
24/09/2024,29266.7388613622,44950.0,-100.0,-0.00222469,28973.092652051,29266.7388613622,27406.9795357238,20080.0,866738950.0,0.0,0.0,20080.0,866738950.0,-1800.0,0.0,0.0,1800.0,-80730000.0,0.0,0.0,80730000.0
23/09/2024,29331.9935745425,44900.0,50.0,0.00111359,29234.1115047721,29560.3850706736,29168.8567915918,1264.0,56678400.0,0.0,0.0,1264.0,56678400.0,-300.0,0.0,0.0,300.0,-13485000.0,0.0,0.0,13485000.0
20/09/2024,29299.3662179524,44850.0,50.0,0.00111483,28973.092652051,30278.1869156568,28940.4652954608,2116.0,94537600.0,0.0,0.0,2116.0,94537600.0,100.0,0.0,0.0,-100.0,4485000.0,0.0,0.0,-4485000.0
19/09/2024,29266.7388613622,44700.0,150.0,0.0033557,29038.3473652312,29266.7388613622,28842.5832256903,8435.0,375136500.0,0.0,0.0,8435.0,375136500.0,-2136.0,0.0,0.0,2136.0,-95579000.0,0.0,0.0,95579000.0
18/09/2024,29168.8567915918,45000.0,-300.0,-0.00666667,29168.8567915918,29266.7388613622,29103.6020784115,7382.0,329782200.0,0.0,0.0,7382.0,329782200.0,0.0,0.0,0.0,0.0,0.0,0.0,0.0,0.0
17/09/2024,29364.6209311327,44950.0,50.0,0.00111235,29821.4039233948,29821.4039233948,29070.9747218214,2013.0,90513700.0,0.0,0.0,2013.0,90513700.0,-100.0,0.0,0.0,100.0,-4510000.0,0.0,0.0,4510000.0
16/09/2024,29331.9935745425,45250.0,-300.0,-0.00662983,29527.7577140834,29560.3850706736,29038.3473652312,6428.0,287077400.0,0.0,0.0,6428.0,287077400.0,0.0,0.0,0.0,0.0,0.0,0.0,0.0,0.0
13/09/2024,29527.7577140834,45000.0,250.0,0.00555556,29886.6586365751,29886.6586365751,28973.092652051,11691.0,524060200.0,0.0,0.0,11691.0,524060200.0,-2300.0,0.0,0.0,2300.0,-103280000.0,0.0,0.0,103280000.0
12/09/2024,29364.6209311327,45000.0,0.0,0.0,29364.6209311327,29364.6209311327,29005.7200086411,7953.0,356067800.0,0.0,0.0,7953.0,356067800.0,-1600.0,0.0,0.0,1600.0,-71855000.0,0.0,0.0,71855000.0
11/09/2024,29364.6209311327,45000.0,0.0,0.0,29331.9935745425,29364.6209311327,28842.5832256903,95338.0,4221063050.0,0.0,0.0,95338.0,4221063050.0,-8800.0,0.0,0.0,8800.0,-395025000.0,0.0,0.0,395025000.0
10/09/2024,29364.6209311327,44700.0,300.0,0.00671141,28842.5832256903,29364.6209311327,28777.32851251,8765.0,389144350.0,0.0,0.0,8765.0,389144350.0,-2500.0,0.0,0.0,2500.0,-112115000.0,0.0,0.0,112115000.0
09/09/2024,29168.8567915918,44700.0,0.0,0.0,28777.32851251,29168.8567915918,28777.32851251,3061.0,135519850.0,0.0,0.0,3061.0,135519850.0,-300.0,0.0,0.0,300.0,-13400000.0,0.0,0.0,13400000.0
06/09/2024,29168.8567915918,45000.0,-300.0,-0.00666667,28809.9558691001,29299.3662179524,28809.9558691001,20238.0,902784750.0,0.0,0.0,20238.0,902784750.0,-15500.0,0.0,0.0,15500.0,-692725000.0,0.0,0.0,692725000.0
05/09/2024,29364.6209311327,44950.0,50.0,0.00111235,29331.9935745425,29690.8944970341,29070.9747218214,15658.0,704019850.0,0.0,0.0,15658.0,704019850.0,-8000.0,0.0,0.0,8000.0,-359910000.0,0.0,0.0,359910000.0
04/09/2024,29331.9935745425,45200.0,-250.0,-0.00553097,28777.32851251,30212.9322024765,28712.0737993298,13149.0,584737500.0,0.0,0.0,13149.0,584737500.0,-5600.0,0.0,0.0,5600.0,-251535000.0,0.0,0.0,251535000.0
30/08/2024,29495.1303574933,43800.0,1400.0,0.03196347,28222.6634504775,29495.1303574933,28059.5266675268,129207.0,5749961400.0,0.0,0.0,129207.0,5749961400.0,-109200.0,0.0,0.0,109200.0,-4866365000.0,0.0,0.0,4866365000.0
29/08/2024,28581.5643729691,43000.0,800.0,0.01860465,28092.1540241169,28581.5643729691,28059.5266675268,51438.0,2225712900.0,0.0,0.0,51438.0,2225712900.0,-46600.0,0.0,0.0,46600.0,-2016925001.0,0.0,0.0,2016925000.0
28/08/2024,28059.5266675268,42550.0,450.0,0.01057579,28516.3096597888,28516.3096597888,27798.5078148057,23092.0,990263150.0,0.0,0.0,23092.0,990263150.0,-14546.0,0.0,0.0,14546.0,-624301100.0,0.0,0.0,624301100.0
27/08/2024,27765.8804582155,41700.0,850.0,0.02038369,27276.4701093632,27765.8804582155,27276.4701093632,18324.0,775729750.0,0.0,0.0,18324.0,775729750.0,-10395.0,0.0,0.0,10395.0,-440700000.0,0.0,0.0,440700000.0
26/08/2024,27211.215396183,41500.0,200.0,0.00481928,27080.7059698224,27211.215396183,26982.823900052,39765.0,1651334900.0,0.0,0.0,39765.0,1651334900.0,-14900.0,3500.0,0.0,11400.0,-618655001.0,145185000.0,0.0,473470000.0
23/08/2024,27080.7059698224,41450.0,50.0,0.00120627,27048.0786132322,27243.8427527731,26982.823900052,52397.0,2174852000.0,0.0,0.0,52397.0,2174852000.0,-9300.0,0.0,0.0,9300.0,-385950000.0,0.0,0.0,385950000.0
22/08/2024,27048.0786132322,41900.0,-450.0,-0.01073986,27080.7059698224,27341.7248225436,27015.4512566421,31551.0,1309251200.0,0.0,0.0,31551.0,1309251200.0,-100.0,0.0,0.0,100.0,-4045000.0,0.0,0.0,4045000.0
21/08/2024,27341.7248225436,42850.0,-950.0,-0.02217036,27929.0172411662,27929.0172411662,27341.7248225436,13758.0,579333000.0,0.0,0.0,13758.0,579333000.0,100.0,0.0,0.0,-100.0,4250000.0,0.0,0.0,-4250000.0
20/08/2024,27961.6445977563,42950.0,-100.0,-0.00232829,28026.8993109366,28190.0360938874,27667.998388445,2925.0,124878000.0,0.0,0.0,2925.0,124878000.0,100.0,0.0,0.0,-100.0,4290000.0,0.0,0.0,-4290000.0
19/08/2024,28026.8993109366,43450.0,-500.0,-0.01150748,28353.1728768381,28353.1728768381,28026.8993109366,4201.0,181449150.0,0.0,0.0,4201.0,181449150.0,500.0,0.0,0.0,-500.0,21725000.0,0.0,0.0,-21725000.0
16/08/2024,28353.1728768381,42000.0,1450.0,0.03452381,27439.606892314,28385.8002334283,27145.9606830026,93676.0,4022658950.0,0.0,0.0,93676.0,4022658950.0,-73900.0,0.0,0.0,73900.0,-3172700000.0,0.0,0.0,3172700000.0
15/08/2024,27406.9795357238,41400.0,600.0,0.01449275,27015.4512566421,27406.9795357238,26982.823900052,24963.0,1037404200.0,0.0,0.0,24963.0,1037404200.0,-22800.0,0.0,0.0,22800.0,-947705001.0,0.0,0.0,947705000.0
14/08/2024,27015.4512566421,41350.0,50.0,0.00120919,26982.823900052,27113.3333264125,26884.9418302815,37087.0,1533304650.0,0.0,0.0,37087.0,1533304650.0,-4350.0,0.0,0.0,4350.0,-180172050.0,0.0,0.0,180172050.0
13/08/2024,26982.823900052,41350.0,0.0,0.0,27765.8804582155,27765.8804582155,26884.9418302815,13146.0,542626850.0,0.0,0.0,13146.0,542626850.0,-4500.0,5000.0,0.0,-500.0,-184725000.0,206000000.0,0.0,-21275000.0
12/08/2024,26982.823900052,41300.0,50.0,0.00121065,26950.1965434618,26982.823900052,26884.9418302815,17479.0,721451700.0,0.0,0.0,17479.0,721451700.0,200.0,0.0,0.0,-200.0,8260000.0,0.0,0.0,-8260000.0
09/08/2024,26950.1965434618,41800.0,-500.0,-0.01196172,26950.1965434618,27178.5880395928,26950.1965434618,20154.0,833133550.0,0.0,0.0,20154.0,833133550.0,-100.0,0.0,0.0,100.0,-4140000.0,0.0,0.0,4140000.0
08/08/2024,27276.4701093632,41650.0,150.0,0.00360144,27178.5880395928,27276.4701093632,26884.9418302815,26091.0,1077862950.0,0.0,0.0,26091.0,1077862950.0,-3100.0,3100.0,0.0,0.0,-127720000.0,127720000.0,0.0,0.0
07/08/2024,27178.5880395928,41400.0,250.0,0.00603865,27048.0786132322,27178.5880395928,26950.1965434618,14478.0,598908450.0,0.0,0.0,14478.0,598908450.0,0.0,0.0,0.0,0.0,0.0,0.0,0.0,0.0
06/08/2024,27015.4512566421,41100.0,300.0,0.00729927,27113.3333264125,27178.5880395928,26819.6871171011,13989.0,577214550.0,0.0,0.0,13989.0,577214550.0,-4762.0,5000.0,0.0,-238.0,-195608200.0,205500000.0,0.0,-9891800.0
05/08/2024,26819.6871171011,41600.0,-500.0,-0.01201923,26950.1965434618,27048.0786132322,26558.66826438,81403.0,3352864300.0,0.0,0.0,81403.0,3352864300.0,-45199.0,45000.0,0.0,199.0,-1860069900.0,1851805000.0,0.0,8264900.0
02/08/2024,27145.9606830026,41600.0,0.0,0.0,27145.9606830026,27145.9606830026,26917.5691868716,29309.0,1212383200.0,0.0,0.0,29309.0,1212383200.0,0.0,0.0,0.0,0.0,0.0,0.0,0.0,0.0
01/08/2024,27145.9606830026,42250.0,-650.0,-0.01538462,27602.7436752647,27602.7436752647,26950.1965434618,18170.0,752053700.0,0.0,0.0,18170.0,752053700.0,-100.0,0.0,0.0,100.0,-4150000.0,0.0,0.0,4150000.0
31/07/2024,27570.1163186746,42550.0,-300.0,-0.00705053,27472.2342489042,27602.7436752647,27472.2342489042,4145.0,174711150.0,0.0,0.0,4145.0,174711150.0,-300.0,0.0,0.0,300.0,-12645000.0,0.0,0.0,12645000.0
30/07/2024,27765.8804582155,43550.0,-1000.0,-0.02296211,28222.6634504775,28320.545520248,27765.8804582155,9857.0,424075700.0,0.0,0.0,9857.0,424075700.0,1300.0,0.0,0.0,-1300.0,56315000.0,0.0,0.0,-56315000.0
29/07/2024,28418.4275900184,44000.0,-450.0,-0.01022727,28581.5643729691,28581.5643729691,28059.5266675268,7511.0,326422500.0,0.0,0.0,7511.0,326422500.0,-4300.0,0.0,0.0,4300.0,-187240000.0,0.0,0.0,187240000.0
26/07/2024,28712.0737993298,44450.0,-450.0,-0.01012373,27994.2719543464,30017.1680629356,27994.2719543464,48750.0,2166927150.0,0.0,0.0,48750.0,2166927150.0,-39000.0,0.0,0.0,39000.0,-1742715001.0,0.0,0.0,1742715000.0
25/07/2024,29005.7200086411,44900.0,-450.0,-0.01002227,28614.1917295593,29168.8567915918,27863.7625279859,59151.0,2585362000.0,0.0,0.0,59151.0,2585362000.0,-45500.0,0.0,0.0,45500.0,-1997920000.0,0.0,0.0,1997920000.0
24/07/2024,29299.3662179524,42100.0,2800.0,0.06650831,27211.215396183,29364.6209311327,27080.7059698224,55375.0,2338237500.0,0.0,0.0,55375.0,2338237500.0,-41100.0,0.0,0.0,41100.0,-1738925000.0,0.0,0.0,1738925000.0
23/07/2024,27472.2342489042,42000.0,100.0,0.00238095,27472.2342489042,27602.7436752647,27406.9795357238,41916.0,1764587000.0,0.0,0.0,41916.0,1764587000.0,-29500.0,0.0,0.0,29500.0,-1241225000.0,0.0,0.0,1241225000.0
22/07/2024,27406.9795357238,41800.0,200.0,0.00478469,27537.4889620844,27537.4889620844,27211.215396183,39563.0,1654911600.0,0.0,0.0,39563.0,1654911600.0,-23947.0,47.0,0.0,23900.0,-1001381800.0,1961800.0,0.0,999420000.0
19/07/2024,27276.4701093632,41600.0,200.0,0.00480769,27276.4701093632,27276.4701093632,27015.4512566421,18400.0,765580000.0,0.0,0.0,18400.0,765580000.0,0.0,0.0,0.0,0.0,0.0,0.0,0.0,0.0
18/07/2024,27145.9606830026,41550.0,50.0,0.00120337,27080.7059698224,27145.9606830026,26982.823900052,13551.0,562477500.0,0.0,0.0,13551.0,562477500.0,0.0,0.0,0.0,0.0,0.0,0.0,0.0,0.0
17/07/2024,27113.3333264125,41650.0,-100.0,-0.00240096,27178.5880395928,27211.215396183,26982.823900052,99595.0,4132962500.0,0.0,0.0,99595.0,4132962500.0,0.0,0.0,0.0,0.0,0.0,0.0,0.0,0.0
16/07/2024,27178.5880395928,41550.0,100.0,0.00240674,27113.3333264125,27309.0974659534,27015.4512566421,8562.0,355864700.0,0.0,0.0,8562.0,355864700.0,0.0,0.0,0.0,0.0,0.0,0.0,0.0,0.0
15/07/2024,27113.3333264125,41800.0,-250.0,-0.00598086,27276.4701093632,27276.4701093632,27080.7059698224,3684.0,153073100.0,0.0,0.0,3684.0,153073100.0,0.0,0.0,0.0,0.0,0.0,0.0,0.0,0.0
12/07/2024,27276.4701093632,41700.0,100.0,0.00239808,27080.7059698224,27276.4701093632,26917.5691868716,18213.0,753550800.0,0.0,0.0,18213.0,753550800.0,0.0,0.0,0.0,0.0,0.0,0.0,0.0,0.0
11/07/2024,27211.215396183,41600.0,100.0,0.00240385,27145.9606830026,27211.215396183,26982.823900052,9939.0,412774400.0,0.0,0.0,9939.0,412774400.0,0.0,0.0,0.0,0.0,0.0,0.0,0.0,0.0
10/07/2024,27145.9606830026,41400.0,200.0,0.00483092,27145.9606830026,27145.9606830026,26950.1965434618,4280.0,177381650.0,0.0,0.0,4280.0,177381650.0,0.0,0.0,0.0,0.0,0.0,0.0,0.0,0.0
09/07/2024,27015.4512566421,41400.0,0.0,0.0,27015.4512566421,27145.9606830026,26950.1965434618,15600.0,645591600.0,0.0,0.0,15600.0,645591600.0,-7000.0,7000.0,0.0,0.0,-289755000.0,289755000.0,0.0,0.0
08/07/2024,27015.4512566421,41200.0,200.0,0.00485437,26950.1965434618,27080.7059698224,26950.1965434618,13496.0,558208750.0,0.0,0.0,13496.0,558208750.0,-3.0,3.0,0.0,0.0,-123600.0,123600.0,0.0,0.0
05/07/2024,26884.9418302815,41950.0,-750.0,-0.01787843,27504.8616054943,27504.8616054943,26884.9418302815,21310.0,882588300.0,0.0,0.0,21310.0,882588300.0,-5200.0,5200.0,0.0,0.0,-214015000.0,214240000.0,0.0,-225000.0
04/07/2024,27374.3521791337,41800.0,150.0,0.00358852,27406.9795357238,27472.2342489042,27341.7248225436,5235.0,219735300.0,0.0,0.0,5235.0,219735300.0,0.0,0.0,0.0,0.0,0.0,0.0,0.0,0.0
03/07/2024,27276.4701093632,41450.0,350.0,0.00844391,27178.5880395928,27341.7248225436,27048.0786132322,16114.0,670336050.0,0.0,0.0,16114.0,670336050.0,-400.0,0.0,0.0,400.0,-16580000.0,0.0,0.0,16580000.0
02/07/2024,27048.0786132322,41400.0,50.0,0.00120773,27048.0786132322,27048.0786132322,27015.4512566421,2713.0,112409450.0,0.0,0.0,2713.0,112409450.0,-12.0,12.0,0.0,0.0,-498000.0,498000.0,0.0,0.0
01/07/2024,27015.4512566421,41350.0,50.0,0.00120919,27048.0786132322,27080.7059698224,26950.1965434618,12463.0,515195550.0,0.0,0.0,12463.0,515195550.0,0.0,0.0,0.0,0.0,0.0,0.0,0.0,0.0
28/06/2024,26982.823900052,41300.0,50.0,0.00121065,26950.1965434618,27048.0786132322,26884.9418302815,28402.0,1172592850.0,0.0,0.0,28402.0,1172592850.0,-5000.0,5100.0,0.0,-100.0,-205975000.0,210120000.0,0.0,-4145000.0
27/06/2024,26950.1965434618,41550.0,-250.0,-0.00601685,27145.9606830026,27145.9606830026,26950.1965434618,4010.0,166210000.0,0.0,0.0,4010.0,166210000.0,0.0,0.0,0.0,0.0,0.0,0.0,0.0,0.0
26/06/2024,27113.3333264125,41500.0,50.0,0.00120482,27145.9606830026,27145.9606830026,26884.9418302815,13651.0,564952200.0,0.0,0.0,13651.0,564952200.0,-1400.0,400.0,0.0,1000.0,-57780001.0,16480000.0,0.0,41300000.0
25/06/2024,27080.7059698224,41500.0,0.0,0.0,27113.3333264125,27276.4701093632,26950.1965434618,5824.0,241368000.0,0.0,0.0,5824.0,241368000.0,200.0,0.0,0.0,-200.0,8360000.0,0.0,0.0,-8360000.0
24/06/2024,27080.7059698224,41350.0,150.0,0.00362757,27145.9606830026,27145.9606830026,26754.4324039209,43958.0,1813323700.0,0.0,0.0,43958.0,1813323700.0,-14100.0,12800.0,0.0,1300.0,-580435000.0,526680000.0,0.0,53755000.0
21/06/2024,26982.823900052,41600.0,-250.0,-0.00600962,27374.3521791337,27374.3521791337,26982.823900052,11112.0,462118600.0,0.0,0.0,11112.0,462118600.0,300.0,0.0,0.0,-300.0,12465000.0,0.0,0.0,-12465000.0
20/06/2024,27145.9606830026,41900.0,-300.0,-0.0071599,27635.3710318548,27635.3710318548,26950.1965434618,9794.0,406194000.0,0.0,0.0,9794.0,406194000.0,0.0,0.0,0.0,0.0,0.0,0.0,0.0,0.0
19/06/2024,27341.7248225436,41750.0,150.0,0.00359281,27243.8427527731,27602.7436752647,27080.7059698224,17057.0,714816100.0,0.0,0.0,17057.0,714816100.0,-300.0,0.0,0.0,300.0,-12660000.0,0.0,0.0,12660000.0
18/06/2024,27243.8427527731,40000.0,1750.0,0.04375,26232.3946984785,27243.8427527731,26232.3946984785,56248.0,2314228200.0,0.0,0.0,56248.0,2314228200.0,-9000.0,9000.0,0.0,0.0,-367145000.0,367145000.0,0.0,0.0
17/06/2024,26101.8852721179,38583.0,1417.0,0.03672602,25188.3192875938,26199.7673418884,25188.3192875938,62242.0,2471351550.0,0.0,0.0,62242.0,2471351550.0,1100.0,0.0,0.0,-1100.0,43450000.0,0.0,0.0,-43450000.0
14/06/2024,25177.5261580338,44800.0,-200.0,-0.00446429,25318.6557889645,25403.3335675229,25177.5261580338,26288.0,1178061000.0,0.0,0.0,26288.0,1178061000.0,-4000.0,0.0,0.0,4000.0,-179500000.0,0.0,0.0,179500000.0
13/06/2024,25290.4298627783,44000.0,800.0,0.01818182,24895.2668961724,25290.4298627783,24895.2668961724,63992.0,2841685500.0,0.0,0.0,63992.0,2841685500.0,-12600.0,11600.0,0.0,1000.0,-559060000.0,514310000.0,0.0,44750000.0
12/06/2024,24838.8150438002,44400.0,-400.0,-0.00900901,24782.3631914279,25233.9780104061,24782.3631914279,44908.0,1995914400.0,0.0,0.0,44908.0,1995914400.0,18700.0,-18700.0,0.0,0.0,832950000.0,-832950000.0,0.0,0.0
11/06/2024,25064.6224532893,44900.0,-500.0,-0.01113586,24951.7187485446,25121.0743056615,24725.9113390556,30800.0,1357260000.0,0.0,0.0,30800.0,1357260000.0,500.0,0.0,0.0,-500.0,22190000.0,0.0,0.0,-22190000.0
10/06/2024,25346.8817151506,44750.0,150.0,0.00335196,24951.7187485446,25375.1076413367,24838.8150438002,38499.0,1701326450.0,0.0,0.0,38499.0,1701326450.0,7900.0,0.0,0.0,-7900.0,348490000.0,0.0,0.0,-348490000.0
07/06/2024,25262.2039365922,44800.0,-50.0,-0.00111607,25318.6557889645,25403.3335675229,25177.5261580338,16563.0,742060600.0,0.0,0.0,16563.0,742060600.0,6300.0,0.0,0.0,-6300.0,281670000.0,0.0,0.0,-281670000.0
06/06/2024,25290.4298627783,44200.0,600.0,0.01357466,24951.7187485446,25290.4298627783,24951.7187485446,17522.0,781351600.0,0.0,0.0,17522.0,781351600.0,0.0,0.0,0.0,0.0,0.0,0.0,0.0,0.0
05/06/2024,24951.7187485446,44200.0,0.0,0.0,25008.1706009169,25064.6224532893,24782.3631914279,20768.0,915628200.0,0.0,0.0,20768.0,915628200.0,1400.0,-1400.0,0.0,0.0,61570000.0,-61570000.0,0.0,0.0
04/06/2024,24951.7187485446,43950.0,250.0,0.00568828,24838.8150438002,24951.7187485446,24725.9113390556,24613.0,1081371500.0,0.0,0.0,24613.0,1081371500.0,-10000.0,10000.0,0.0,0.0,-438250000.0,438250000.0,0.0,0.0
03/06/2024,24810.589117614,43800.0,150.0,0.00342466,24725.9113390556,24838.8150438002,24556.5557819388,18388.0,805938200.0,0.0,0.0,18388.0,805938200.0,-4700.0,4700.0,0.0,0.0,-206165001.0,206165000.0,0.0,0.0
31/05/2024,24725.9113390556,43250.0,550.0,0.01271676,24443.6520771943,24725.9113390556,24274.2965200774,9528.0,415994000.0,0.0,0.0,9528.0,415994000.0,300.0,0.0,0.0,-300.0,13055000.0,0.0,0.0,-13055000.0
30/05/2024,24415.4261510081,43000.0,250.0,0.00581395,24246.0705938913,24725.9113390556,24161.3928153328,3279.0,141614850.0,0.0,0.0,3279.0,141614850.0,0.0,0.0,0.0,0.0,0.0,0.0,0.0,0.0
29/05/2024,24274.2965200774,43000.0,0.0,0.0,24302.5224462636,24471.8780033803,24104.9409629606,7909.0,339948050.0,0.0,0.0,7909.0,339948050.0,100.0,0.0,0.0,-100.0,4325000.0,0.0,0.0,-4325000.0
28/05/2024,24274.2965200774,42800.0,200.0,0.0046729,24161.3928153328,24274.2965200774,23822.6817010992,21114.0,903706700.0,0.0,0.0,21114.0,903706700.0,6000.0,-3500.0,0.0,-2500.0,254940000.0,-147700000.0,0.0,-107240000.0
27/05/2024,24161.3928153328,43250.0,-450.0,-0.01040462,24697.6854128695,24697.6854128695,24048.4891105883,12489.0,534719350.0,0.0,0.0,12489.0,534719350.0,5800.0,-5000.0,0.0,-800.0,247390000.0,-213070000.0,0.0,-34320000.0
24/05/2024,24415.4261510081,43700.0,-450.0,-0.01029748,24500.1039295665,24754.1372652417,24104.9409629606,16800.0,727185000.0,0.0,0.0,16800.0,727185000.0,5000.0,-5000.0,0.0,0.0,216455000.0,-216455000.0,0.0,0.0
23/05/2024,24669.4594866833,43800.0,-100.0,-0.00228311,24641.2335604973,24697.6854128695,24528.3298557527,15303.0,667403400.0,0.0,0.0,15303.0,667403400.0,2300.0,-2300.0,0.0,0.0,100280000.0,-100280000.0,0.0,0.0
22/05/2024,24725.9113390556,43900.0,-100.0,-0.0022779,24754.1372652417,24782.3631914279,24641.2335604973,4388.0,192002900.0,0.0,0.0,4388.0,192002900.0,0.0,0.0,0.0,0.0,0.0,0.0,0.0,0.0
21/05/2024,24782.3631914279,43800.0,100.0,0.00228311,24810.589117614,24810.589117614,24613.0076343111,4848.0,212368850.0,0.0,0.0,4848.0,212368850.0,0.0,0.0,0.0,0.0,0.0,0.0,0.0,0.0
20/05/2024,24725.9113390556,43600.0,200.0,0.00458716,24613.0076343111,24754.1372652417,24584.7817081249,9335.0,408032050.0,0.0,0.0,9335.0,408032050.0,1000.0,0.0,0.0,-1000.0,43800000.0,0.0,0.0,-43800000.0
17/05/2024,24613.0076343111,43350.0,250.0,0.00576701,24471.8780033803,24669.4594866833,24471.8780033803,12414.0,540644000.0,0.0,0.0,12414.0,540644000.0,-800.0,0.0,0.0,800.0,-34890000.0,0.0,0.0,34890000.0
16/05/2024,24471.8780033803,43300.0,50.0,0.00115473,24443.6520771943,24500.1039295665,24161.3928153328,19404.0,835322000.0,0.0,0.0,19404.0,835322000.0,-10000.0,10000.0,0.0,0.0,-430000000.0,430000000.0,0.0,0.0
15/05/2024,24443.6520771943,43100.0,200.0,0.00464037,24217.8446677052,24443.6520771943,24217.8446677052,8257.0,356479100.0,0.0,0.0,8257.0,356479100.0,0.0,0.0,0.0,0.0,0.0,0.0,0.0,0.0
14/05/2024,24330.7483724497,43000.0,100.0,0.00232558,24274.2965200774,24330.7483724497,24161.3928153328,11534.0,495501100.0,0.0,0.0,11534.0,495501100.0,-100.0,0.0,0.0,100.0,-4260000.0,0.0,0.0,4260000.0
13/05/2024,24274.2965200774,43000.0,0.0,0.0,24161.3928153328,24443.6520771943,24161.3928153328,5198.0,223400000.0,0.0,0.0,5198.0,223400000.0,0.0,0.0,0.0,0.0,0.0,0.0,0.0,0.0
10/05/2024,24274.2965200774,42550.0,450.0,0.01057579,23992.037258216,24330.7483724497,23963.8113320299,12925.0,553711000.0,0.0,0.0,12925.0,553711000.0,0.0,0.0,0.0,0.0,0.0,0.0,0.0,0.0
09/05/2024,24020.2631844022,42950.0,-400.0,-0.00931315,24443.6520771943,24443.6520771943,23879.1335534716,8686.0,369929100.0,0.0,0.0,8686.0,369929100.0,0.0,0.0,0.0,0.0,0.0,0.0,0.0,0.0
08/05/2024,24246.0705938913,42950.0,0.0,0.0,24754.1372652417,24754.1372652417,24076.7150367745,10268.0,439230800.0,0.0,0.0,10268.0,439230800.0,0.0,0.0,0.0,0.0,0.0,0.0,0.0,0.0
07/05/2024,24246.0705938913,42500.0,450.0,0.01058824,24161.3928153328,24415.4261510081,23992.037258216,21976.0,941675400.0,0.0,0.0,21976.0,941675400.0,600.0,0.0,0.0,-600.0,25770000.0,0.0,0.0,-25770000.0
06/05/2024,23992.037258216,42000.0,500.0,0.01190476,23822.6817010992,23992.037258216,23709.7779963546,18528.0,782372750.0,0.0,0.0,18528.0,782372750.0,-900.0,900.0,0.0,0.0,-37700000.0,37700000.0,0.0,0.0
03/05/2024,23709.7779963546,42100.0,-100.0,-0.0023753,23766.229848727,23794.4557749131,23596.8742916102,29458.0,1238054050.0,0.0,0.0,29458.0,1238054050.0,-12700.0,12700.0,0.0,0.0,-532830000.0,532830000.0,0.0,0.0
02/05/2024,23766.229848727,42300.0,-200.0,-0.00472813,23483.9705868656,24161.3928153328,23483.9705868656,44832.0,1877932650.0,0.0,0.0,44832.0,1877932650.0,-28800.0,26000.0,0.0,2800.0,-1209100001.0,1091500000.0,0.0,117600000.0
26/04/2024,23879.1335534716,42500.0,-200.0,-0.00470588,23992.037258216,24076.7150367745,23709.7779963546,28472.0,1203107000.0,0.0,0.0,28472.0,1203107000.0,-4500.0,5000.0,0.0,-500.0,-188800000.0,210000000.0,0.0,-21200000.0
25/04/2024,23992.037258216,41400.0,1100.0,0.02657005,23427.5187344934,24274.2965200774,23371.0668821211,69985.0,2955403950.0,0.0,0.0,69985.0,2955403950.0,0.0,0.0,0.0,0.0,0.0,0.0,0.0,0.0
24/04/2024,23371.0668821211,41100.0,300.0,0.00729927,23371.0668821211,23371.0668821211,23258.1631773765,13909.0,575338400.0,0.0,0.0,13909.0,575338400.0,0.0,0.0,0.0,0.0,0.0,0.0,0.0,0.0
23/04/2024,23201.7113250042,41350.0,-250.0,-0.00604595,23455.7446606795,23455.7446606795,23173.4853988181,43026.0,1774581850.0,0.0,0.0,43026.0,1774581850.0,0.0,0.0,0.0,0.0,0.0,0.0,0.0,0.0
22/04/2024,23342.840955935,41300.0,50.0,0.00121065,23201.7113250042,23342.840955935,23145.2594726319,79327.0,3270509950.0,0.0,0.0,79327.0,3270509950.0,3400.0,0.0,0.0,-3400.0,139850000.0,0.0,0.0,-139850000.0
19/04/2024,23314.6150297488,41350.0,-50.0,-0.00120919,23229.9372511903,23342.840955935,23145.2594726319,117606.0,4846193800.0,0.0,0.0,117606.0,4846193800.0,0.0,0.0,0.0,0.0,0.0,0.0,0.0,0.0
17/04/2024,23342.840955935,41300.0,50.0,0.00121065,23173.4853988181,23483.9705868656,23173.4853988181,18746.0,773297950.0,0.0,0.0,18746.0,773297950.0,0.0,0.0,0.0,0.0,0.0,0.0,0.0,0.0
16/04/2024,23314.6150297488,40050.0,1250.0,0.03121099,23117.0335464458,23427.5187344934,22863.0002107706,81859.0,3355924500.0,0.0,0.0,81859.0,3355924500.0,-100.0,0.0,0.0,100.0,-3855000.0,0.0,0.0,3855000.0
15/04/2024,22608.9668750953,41900.0,-1850.0,-0.04415274,23681.5520701686,23681.5520701686,22580.7409489093,62825.0,2587986100.0,0.0,0.0,62825.0,2587986100.0,-3100.0,0.0,0.0,3100.0,-123850000.0,0.0,0.0,123850000.0
12/04/2024,23653.3261439824,41850.0,50.0,0.00119474,23314.6150297488,23709.7779963546,23314.6150297488,3294.0,137581350.0,0.0,0.0,3294.0,137581350.0,0.0,0.0,0.0,0.0,0.0,0.0,0.0,0.0
11/04/2024,23625.1002177963,41800.0,50.0,0.00119617,23145.2594726319,23625.1002177963,23145.2594726319,21200.0,877120000.0,0.0,0.0,21200.0,877120000.0,200.0,0.0,0.0,-200.0,8290000.0,0.0,0.0,-8290000.0
10/04/2024,23596.8742916102,41800.0,0.0,0.0,23653.3261439824,23653.3261439824,23512.1965130517,21757.0,907790500.0,0.0,0.0,21757.0,907790500.0,0.0,0.0,0.0,0.0,0.0,0.0,0.0,0.0
09/04/2024,23596.8742916102,41850.0,-50.0,-0.00119474,23766.229848727,23766.229848727,23483.9705868656,12514.0,522703350.0,0.0,0.0,12514.0,522703350.0,300.0,0.0,0.0,-300.0,12560000.0,0.0,0.0,-12560000.0
08/04/2024,23625.1002177963,42100.0,-250.0,-0.00593824,23653.3261439824,23653.3261439824,23483.9705868656,18109.0,756220100.0,0.0,0.0,18109.0,756220100.0,100.0,0.0,0.0,-100.0,4175000.0,0.0,0.0,-4175000.0
05/04/2024,23766.229848727,42500.0,-400.0,-0.00941176,23822.6817010992,23822.6817010992,23540.4224392379,12202.0,512249000.0,0.0,0.0,12202.0,512249000.0,600.0,0.0,0.0,-600.0,25230000.0,0.0,0.0,-25230000.0
04/04/2024,23992.037258216,42200.0,300.0,0.007109,24189.6187415191,24189.6187415191,23738.0039225409,22836.0,968171100.0,0.0,0.0,22836.0,968171100.0,-100.0,0.0,0.0,100.0,-4220000.0,0.0,0.0,4220000.0
03/04/2024,23822.6817010992,41500.0,700.0,0.01686747,23512.1965130517,23907.3594796576,23342.840955935,52144.0,2172366000.0,0.0,0.0,52144.0,2172366000.0,-11700.0,10900.0,0.0,800.0,-486305000.0,452750000.0,0.0,33555000.0
02/04/2024,23427.5187344934,41350.0,150.0,0.00362757,23427.5187344934,23427.5187344934,23258.1631773765,31878.0,1316979500.0,0.0,0.0,31878.0,1316979500.0,0.0,0.0,0.0,0.0,0.0,0.0,0.0,0.0
01/04/2024,23342.840955935,41350.0,0.0,0.0,23314.6150297488,23371.0668821211,23229.9372511903,24252.0,1002095600.0,0.0,0.0,24252.0,1002095600.0,18.0,0.0,0.0,-18.0,739801.0,0.0,0.0,-739800.0
29/03/2024,23342.840955935,41350.0,0.0,0.0,23201.7113250042,23342.840955935,23201.7113250042,13242.0,546845400.0,0.0,0.0,13242.0,546845400.0,0.0,0.0,0.0,0.0,0.0,0.0,0.0,0.0
28/03/2024,23342.840955935,41300.0,50.0,0.00121065,23540.4224392379,23540.4224392379,23258.1631773765,27324.0,1129700800.0,0.0,0.0,27324.0,1129700800.0,0.0,0.0,0.0,0.0,0.0,0.0,0.0,0.0
27/03/2024,23314.6150297488,40850.0,450.0,0.01101591,23145.2594726319,23314.6150297488,23060.5816940735,95734.0,3926263300.0,0.0,0.0,95734.0,3926263300.0,-3700.0,3700.0,0.0,0.0,-151625000.0,151625000.0,0.0,0.0
26/03/2024,23060.5816940735,40800.0,50.0,0.00122549,22919.452063143,23060.5816940735,22919.452063143,33153.0,1352045100.0,0.0,0.0,33153.0,1352045100.0,0.0,0.0,0.0,0.0,0.0,0.0,0.0,0.0
25/03/2024,23032.3557678874,40900.0,-100.0,-0.00244499,23032.3557678874,23145.2594726319,22891.2261369567,21322.0,867325900.0,0.0,0.0,21322.0,867325900.0,0.0,0.0,0.0,0.0,0.0,0.0,0.0,0.0
22/03/2024,23088.8076202597,40950.0,-50.0,-0.001221,23088.8076202597,23201.7113250042,22891.2261369567,70992.0,2895515900.0,0.0,0.0,70992.0,2895515900.0,-50000.0,50000.0,0.0,0.0,-2039820001.0,2039820000.0,0.0,0.0
21/03/2024,23117.0335464458,41000.0,-50.0,-0.00121951,23173.4853988181,23258.1631773765,23032.3557678874,15974.0,654636500.0,0.0,0.0,15974.0,654636500.0,0.0,0.0,0.0,0.0,0.0,0.0,0.0,0.0
20/03/2024,23145.2594726319,41000.0,0.0,0.0,23004.1298417013,23145.2594726319,22863.0002107706,17314.0,703308850.0,0.0,0.0,17314.0,703308850.0,400.0,0.0,0.0,-400.0,16340000.0,0.0,0.0,-16340000.0
19/03/2024,23145.2594726319,41199.0,-199.0,-0.00483021,22637.1928012815,23201.7113250042,22637.1928012815,17228.0,696881800.0,0.0,0.0,17228.0,696881800.0,0.0,0.0,0.0,0.0,0.0,0.0,0.0,0.0
18/03/2024,23258.0841447831,42600.0,-400.0,-0.00938967,23450.9829469318,23506.0968904029,22982.5144274279,82763.0,3482727700.0,0.0,0.0,82763.0,3482727700.0,-22300.0,20900.0,0.0,1400.0,-938500000.0,879350000.0,0.0,59150000.0
15/03/2024,23478.5399186674,42650.0,-50.0,-0.00117233,23506.0968904029,23533.6538621384,23423.4259751963,53928.0,2293614950.0,0.0,0.0,53928.0,2293614950.0,-39400.0,39400.0,0.0,0.0,-1674500000.0,1674500000.0,0.0,0.0
14/03/2024,23506.0968904029,42500.0,150.0,0.00352941,23478.5399186674,23561.2108338739,23368.3120317252,26603.0,1133364000.0,0.0,0.0,26603.0,1133364000.0,-8600.0,8600.0,0.0,0.0,-365500000.0,365500000.0,0.0,0.0
13/03/2024,23423.4259751963,42300.0,200.0,0.00472813,23533.6538621384,23533.6538621384,23285.6411165186,100702.0,4273243100.0,0.0,0.0,100702.0,4273243100.0,-74100.0,74100.0,0.0,0.0,-3141675000.0,3141675000.0,0.0,0.0
12/03/2024,23313.1980882543,42200.0,100.0,0.00236967,23533.6538621384,23533.6538621384,23147.856257841,72821.0,3073516500.0,0.0,0.0,72821.0,3073516500.0,-12099.0,12099.0,0.0,0.0,-509793000.0,509793000.0,0.0,0.0
11/03/2024,23258.0841447831,41850.0,350.0,0.0083632,23065.1853426345,23423.4259751963,23037.628370899,77457.0,3267913100.0,0.0,0.0,77457.0,3267913100.0,-15400.0,12200.0,0.0,3200.0,-650185000.0,515785000.0,0.0,134400000.0
08/03/2024,23065.1853426345,41900.0,-50.0,-0.00119332,23147.856257841,23147.856257841,22982.5144274279,29895.0,1247812200.0,0.0,0.0,29895.0,1247812200.0,-995.0,-505.0,0.0,1500.0,-41644000.0,-21056000.0,0.0,62700000.0
07/03/2024,23092.74231437,42000.0,-100.0,-0.00238095,23147.856257841,23175.4132295765,23010.0713991635,49755.0,2080783300.0,0.0,0.0,49755.0,2080783300.0,-29200.0,29200.0,0.0,0.0,-1221120000.0,1221120000.0,0.0,0.0
06/03/2024,23147.856257841,42050.0,-50.0,-0.00118906,23092.74231437,23175.4132295765,23037.628370899,40024.0,1678261900.0,0.0,0.0,40024.0,1678261900.0,-21801.0,21801.0,0.0,0.0,-914616501.0,914616500.0,0.0,0.0
05/03/2024,23175.4132295765,42200.0,-150.0,-0.0035545,23147.856257841,23588.7678056096,23147.856257841,50820.0,2149911900.0,0.0,0.0,50820.0,2149911900.0,-52.0,52.0,0.0,0.0,-2191400.0,2191400.0,0.0,0.0
04/03/2024,23258.0841447831,41800.0,400.0,0.00956938,22789.6156252792,23313.1980882543,22789.6156252792,113888.0,4749906500.0,0.0,0.0,113888.0,4749906500.0,-57825.0,37625.0,0.0,20200.0,-2415186000.0,1568641000.0,0.0,846545000.0
01/03/2024,23037.628370899,42000.0,-200.0,-0.0047619,22927.400483957,23092.74231437,22844.7295687504,28495.0,1185901000.0,0.0,0.0,28495.0,1185901000.0,-11800.0,7500.0,0.0,4300.0,-490485000.0,311250000.0,0.0,179235000.0
29/02/2024,23147.856257841,41900.0,100.0,0.00238663,23147.856257841,23147.856257841,22927.400483957,27141.0,1134652200.0,0.0,0.0,27141.0,1134652200.0,-10953.0,53.0,0.0,10900.0,-458155401.0,2215400.0,0.0,455940000.0
28/02/2024,23092.74231437,41850.0,50.0,0.00119474,23147.856257841,23340.7550599897,23065.1853426345,30378.0,1277406000.0,0.0,0.0,30378.0,1277406000.0,-7558.0,58.0,0.0,7500.0,-317575000.0,2425000.0,0.0,315150000.0
27/02/2024,23065.1853426345,41000.0,850.0,0.02073171,22651.8307666017,23065.1853426345,22596.7168231305,66686.0,2767003100.0,0.0,0.0,66686.0,2767003100.0,-8174.0,3174.0,0.0,5000.0,-339116000.0,130231000.0,0.0,208885000.0
26/02/2024,22596.7168231305,41200.0,-200.0,-0.00485437,22762.0586535437,22762.0586535437,22541.6028796595,36497.0,1496593450.0,0.0,0.0,36497.0,1496593450.0,-23443.0,23443.0,0.0,0.0,-960920700.0,960920700.0,0.0,0.0
23/02/2024,22706.9447100727,40600.0,600.0,0.01477833,22376.2610492464,22872.2865404858,22376.2610492464,42140.0,1729919300.0,0.0,0.0,42140.0,1729919300.0,-13000.0,13000.0,0.0,0.0,-532645000.0,532645000.0,0.0,0.0
22/02/2024,22376.2610492464,40500.0,100.0,0.00246914,22348.7040775108,22376.2610492464,22210.9192188332,17107.0,692813950.0,0.0,0.0,17107.0,692813950.0,0.0,0.0,0.0,0.0,0.0,0.0,0.0,0.0
21/02/2024,22321.1471057753,39800.0,700.0,0.01758794,21962.9064732135,22376.2610492464,21962.9064732135,45000.0,1814064600.0,0.0,0.0,45000.0,1814064600.0,-100.0,0.0,0.0,100.0,-4020000.0,0.0,0.0,4020000.0
20/02/2024,21935.349501478,39900.0,-100.0,-0.00250627,22045.5773884201,22155.8052753622,21907.7925297425,23247.0,928767250.0,0.0,0.0,23247.0,928767250.0,0.0,0.0,0.0,0.0,0.0,0.0,0.0,0.0
19/02/2024,21990.4634449491,40100.0,-200.0,-0.00498753,22128.2483036267,22128.2483036267,21990.4634449491,42944.0,1717909000.0,0.0,0.0,42944.0,1717909000.0,0.0,0.0,0.0,0.0,0.0,0.0,0.0,0.0
16/02/2024,22100.6913318912,39950.0,150.0,0.00375469,22045.5773884201,22210.9192188332,22045.5773884201,24608.0,986203000.0,0.0,0.0,24608.0,986203000.0,0.0,0.0,0.0,0.0,0.0,0.0,0.0,0.0
15/02/2024,22018.0204166846,39850.0,100.0,0.00250941,21962.9064732135,22155.8052753622,21962.9064732135,46566.0,1860589850.0,0.0,0.0,46566.0,1860589850.0,-22800.0,29400.0,0.0,-6600.0,-912025000.0,1175265000.0,0.0,-263240000.0
07/02/2024,21962.9064732135,39500.0,350.0,0.00886076,21825.1216145359,21962.9064732135,21797.5646428003,30946.0,1228521700.0,0.0,0.0,30946.0,1228521700.0,-14300.0,14300.0,0.0,0.0,-567825000.0,567825000.0,0.0,0.0
06/02/2024,21770.0076710648,39400.0,100.0,0.00253807,21714.8937275938,21852.6785862714,21714.8937275938,48952.0,1935553100.0,0.0,0.0,48952.0,1935553100.0,0.0,0.0,0.0,0.0,0.0,0.0,0.0,0.0
05/02/2024,21714.8937275938,39450.0,-50.0,-0.00126743,21770.0076710648,21770.0076710648,21659.7797841227,16441.0,648224400.0,0.0,0.0,16441.0,648224400.0,0.0,0.0,0.0,0.0,0.0,0.0,0.0,0.0
02/02/2024,21742.4506993293,39450.0,0.0,0.0,21742.4506993293,21825.1216145359,21659.7797841227,16603.0,654773350.0,0.0,0.0,16603.0,654773350.0,0.0,0.0,0.0,0.0,0.0,0.0,0.0,0.0
01/02/2024,21742.4506993293,39300.0,150.0,0.00381679,21659.7797841227,21742.4506993293,21604.6658406516,22404.0,881142600.0,0.0,0.0,22404.0,881142600.0,-3900.0,3900.0,0.0,0.0,-153680000.0,153680000.0,0.0,0.0
31/01/2024,21659.7797841227,39150.0,150.0,0.00383142,21604.6658406516,21742.4506993293,21604.6658406516,62459.0,2454781900.0,0.0,0.0,62459.0,2454781900.0,-600.0,0.0,0.0,600.0,-23600000.0,0.0,0.0,23600000.0
30/01/2024,21577.1088689161,39000.0,150.0,0.0038,21494.4379537095,21604.6658406516,21494.4379537095,28704.0,1122242000.0,0.0,0.0,28704.0,1122242000.0,0.0,0.0,0.0,0.0,0.0,0.0,0.0,0.0
29/01/2024,21494.4379537095,39000.0,0.0,0.0,21494.4379537095,21632.2228123872,21356.653095032,32039.0,1249600750.0,0.0,0.0,32039.0,1249600750.0,-100.0,100.0,0.0,0.0,-3900000.0,3900000.0,0.0,0.0
26/01/2024,21494.4379537095,39800.0,-800.0,-0.0201005,21770.0076710648,21770.0076710648,21439.3240102386,109350.0,4271713050.0,0.0,0.0,109350.0,4271713050.0,3000.0,-3000.0,0.0,0.0,116805000.0,-116805000.0,0.0,0.0
25/01/2024,21935.349501478,39950.0,-150.0,-0.00375469,22018.0204166846,22045.5773884201,21880.2355580069,12330.0,490706600.0,0.0,0.0,12330.0,490706600.0,27.0,0.0,0.0,-27.0,1058401.0,0.0,0.0,-1058400.0
24/01/2024,22018.0204166846,39900.0,50.0,0.00125313,21990.4634449491,22045.5773884201,21880.2355580069,50410.0,2007473500.0,0.0,0.0,50410.0,2007473500.0,13600.0,0.0,0.0,-13600.0,540820000.0,0.0,0.0,-540820000.0
23/01/2024,21990.4634449491,39800.0,100.0,0.00251256,21880.2355580069,21990.4634449491,21770.0076710648,41385.0,1642003300.0,0.0,0.0,41385.0,1642003300.0,5000.0,0.0,0.0,-5000.0,199000000.0,0.0,0.0,-199000000.0
22/01/2024,21935.349501478,39700.0,100.0,0.00251889,21990.4634449491,22045.5773884201,21825.1216145359,38281.0,1518010650.0,0.0,0.0,38281.0,1518010650.0,14600.0,3000.0,0.0,-17600.0,578745001.0,119100000.0,0.0,-697845000.0
19/01/2024,21880.2355580069,39700.0,0.0,0.0,21935.349501478,22155.8052753622,21825.1216145359,53835.0,2146180000.0,0.0,0.0,53835.0,2146180000.0,16200.0,0.0,0.0,-16200.0,643710000.0,0.0,0.0,-643710000.0
18/01/2024,21880.2355580069,39400.0,300.0,0.00761421,21990.4634449491,22045.5773884201,21659.7797841227,5122.0,202785550.0,0.0,0.0,5122.0,202785550.0,0.0,0.0,0.0,0.0,0.0,0.0,0.0,0.0
17/01/2024,21714.8937275938,39400.0,0.0,0.0,21825.1216145359,21825.1216145359,21549.5518971806,22409.0,881090100.0,0.0,0.0,22409.0,881090100.0,3700.0,0.0,0.0,-3700.0,145480000.0,0.0,0.0,-145480000.0
16/01/2024,21714.8937275938,39350.0,50.0,0.00127065,21714.8937275938,21797.5646428003,21521.9949254451,14001.0,549754650.0,0.0,0.0,14001.0,549754650.0,-3673.0,0.0,0.0,3673.0,-144903500.0,0.0,0.0,144903500.0
15/01/2024,21687.3367558582,39200.0,150.0,0.00382653,21604.6658406516,21714.8937275938,21604.6658406516,22538.0,886519700.0,0.0,0.0,22538.0,886519700.0,0.0,0.0,0.0,0.0,0.0,0.0,0.0,0.0
12/01/2024,21604.6658406516,39800.0,-600.0,-0.01507538,21935.349501478,21962.9064732135,21604.6658406516,27026.0,1067783350.0,0.0,0.0,27026.0,1067783350.0,0.0,0.0,0.0,0.0,0.0,0.0,0.0,0.0
11/01/2024,21935.349501478,39800.0,0.0,0.0,21797.5646428003,21962.9064732135,21770.0076710648,18053.0,715047350.0,0.0,0.0,18053.0,715047350.0,0.0,0.0,0.0,0.0,0.0,0.0,0.0,0.0
10/01/2024,21935.349501478,40100.0,-300.0,-0.0074813,22100.6913318912,22155.8052753622,21880.2355580069,29129.0,1162670000.0,0.0,0.0,29129.0,1162670000.0,0.0,0.0,0.0,0.0,0.0,0.0,0.0,0.0
09/01/2024,22100.6913318912,40000.0,100.0,0.0025,22155.8052753622,22155.8052753622,21825.1216145359,34012.0,1359665600.0,0.0,0.0,34012.0,1359665600.0,-22000.0,22000.0,0.0,0.0,-879650000.0,879650000.0,0.0,0.0
08/01/2024,22045.5773884201,39550.0,450.0,0.011378,21797.5646428003,22100.6913318912,21797.5646428003,21651.0,864495350.0,0.0,0.0,21651.0,864495350.0,100.0,-100.0,0.0,0.0,3955000.0,-3955000.0,0.0,0.0
05/01/2024,21797.5646428003,39300.0,250.0,0.00636132,21770.0076710648,21825.1216145359,21714.8937275938,14521.0,573703500.0,0.0,0.0,14521.0,573703500.0,0.0,0.0,0.0,0.0,0.0,0.0,0.0,0.0
04/01/2024,21659.7797841227,39500.0,-200.0,-0.00506329,21687.3367558582,21825.1216145359,21659.7797841227,12138.0,478206150.0,0.0,0.0,12138.0,478206150.0,0.0,0.0,0.0,0.0,0.0,0.0,0.0,0.0
03/01/2024,21770.0076710648,39300.0,200.0,0.00508906,21714.8937275938,21797.5646428003,21687.3367558582,6444.0,254023400.0,0.0,0.0,6444.0,254023400.0,100.0,100.0,0.0,-200.0,3930000.0,3950000.0,0.0,-7880000.0
02/01/2024,21659.7797841227,39250.0,50.0,0.00127389,21659.7797841227,21714.8937275938,21577.1088689161,27305.0,1072000250.0,0.0,0.0,27305.0,1072000250.0,129.0,-100.0,0.0,-29.0,5057450.0,-3925000.0,0.0,-1132450.0
29/12/2023,21632.2228123872,39200.0,50.0,0.00127551,21604.6658406516,21742.4506993293,21521.9949254451,7402.0,290558500.0,190000.0,7600000000.0,197402.0,7890558500.0,0.0,0.0,0.0,0.0,0.0,0.0,0.0,0.0
28/12/2023,21604.6658406516,39050.0,150.0,0.00384123,21494.4379537095,21604.6658406516,21466.880981974,11825.0,461864950.0,0.0,0.0,11825.0,461864950.0,1.0,0.0,0.0,-1.0,38950.0,0.0,0.0,-38950.0
27/12/2023,21521.9949254451,39050.0,0.0,0.0,21521.9949254451,21521.9949254451,21411.7670385029,7772.0,303126550.0,79100.0,2926700000.0,86872.0,3229826550.0,0.0,0.0,0.0,0.0,0.0,0.0,0.0,0.0
26/12/2023,21521.9949254451,39100.0,-50.0,-0.00127877,21521.9949254451,21521.9949254451,21494.4379537095,2145.0,83703000.0,0.0,0.0,2145.0,83703000.0,15.0,0.0,0.0,-15.0,585000.0,0.0,0.0,-585000.0
25/12/2023,21549.5518971806,39000.0,100.0,0.0025641,21549.5518971806,21577.1088689161,21439.3240102386,12140.0,473901850.0,0.0,0.0,12140.0,473901850.0,1.0,0.0,0.0,-1.0,39151.0,0.0,0.0,-39150.0
22/12/2023,21494.4379537095,38800.0,200.0,0.00515464,21356.653095032,21494.4379537095,21273.9821798253,20391.0,790655050.0,0.0,0.0,20391.0,790655050.0,500.0,0.0,0.0,-500.0,19395000.0,0.0,0.0,-19395000.0
21/12/2023,21384.2100667674,38750.0,50.0,0.00129032,21411.7670385029,21439.3240102386,21191.3112646187,12710.0,491032500.0,0.0,0.0,12710.0,491032500.0,0.0,0.0,0.0,0.0,0.0,0.0,0.0,0.0
20/12/2023,21356.653095032,38850.0,-100.0,-0.002574,21439.3240102386,21549.5518971806,21329.0961232963,38375.0,1492142550.0,0.0,0.0,38375.0,1492142550.0,818.0,130.0,0.0,-948.0,31593800.0,5071650.0,0.0,-36665450.0
19/12/2023,21411.7670385029,38800.0,50.0,0.00128866,21329.0961232963,21439.3240102386,21301.5391515608,15370.0,595156100.0,0.0,0.0,15370.0,595156100.0,900.0,-100.0,0.0,-800.0,34915000.0,-3875000.0,0.0,-31040000.0
18/12/2023,21384.2100667674,38900.0,-100.0,-0.00257069,21687.3367558582,21687.3367558582,21329.0961232963,4503.0,175026400.0,0.0,0.0,4503.0,175026400.0,0.0,0.0,0.0,0.0,0.0,0.0,0.0,0.0
15/12/2023,21439.3240102386,39000.0,-100.0,-0.0025641,21687.3367558582,21687.3367558582,21411.7670385029,9255.0,360969900.0,0.0,0.0,9255.0,360969900.0,-1850.0,100.0,0.0,1750.0,-72288700.0,3935000.0,0.0,68353700.0
14/12/2023,21494.4379537095,38898.0,102.0,0.00262224,21549.5518971806,21577.1088689161,21384.2100667674,21813.0,849192900.0,0.0,0.0,21813.0,849192900.0,-3700.0,0.0,0.0,3700.0,-143930000.0,0.0,0.0,143930000.0
13/12/2023,21438.5028124808,40100.0,-200.0,-0.00498753,21760.8863134203,21760.8863134203,21277.3110620111,57453.0,2294861900.0,56527.0,2266732700.0,113980.0,4561594600.0,0.0,0.0,0.0,0.0,0.0,0.0,0.0,0.0
12/12/2023,21545.9639794607,40650.0,-550.0,-0.01353014,21814.6168969104,21841.4821886552,21545.9639794607,41531.0,1674039050.0,0.0,0.0,41531.0,1674039050.0,-800.0,0.0,0.0,800.0,-32160000.0,0.0,0.0,32160000.0
11/12/2023,21841.4821886552,40600.0,50.0,0.00123153,21868.3474804002,21895.2127721452,21680.2904381856,26110.0,1058270600.0,0.0,0.0,26110.0,1058270600.0,0.0,0.0,0.0,0.0,0.0,0.0,0.0,0.0
08/12/2023,21814.6168969104,40650.0,-50.0,-0.00123001,21841.4821886552,21922.0780638902,21545.9639794607,15616.0,630672200.0,0.0,0.0,15616.0,630672200.0,0.0,0.0,0.0,0.0,0.0,0.0,0.0,0.0
07/12/2023,21841.4821886552,41500.0,-850.0,-0.02048193,22244.4615648297,22620.5756492591,21519.0986877158,31913.0,1293004100.0,160000.0,6480000000.0,191913.0,7773004100.0,3673.0,0.0,0.0,-3673.0,148426100.0,0.0,0.0,-148426100.0
06/12/2023,22298.1921483196,40150.0,1350.0,0.03362391,21653.4251464405,22298.1921483196,21384.7722289909,41240.0,1672513150.0,0.0,0.0,41240.0,1672513150.0,-4500.0,4500.0,0.0,0.0,-183000000.0,183000000.0,0.0,0.0
05/12/2023,21572.8292712056,39850.0,300.0,0.00752823,21438.5028124808,21572.8292712056,21357.906937246,31100.0,1243255550.0,0.0,0.0,31100.0,1243255550.0,18650.0,-18650.0,0.0,0.0,744845000.0,-744845000.0,0.0,0.0
04/12/2023,21411.6375207359,39950.0,-100.0,-0.00250313,21492.2333959706,21653.4251464405,21384.7722289909,20440.0,817510500.0,0.0,0.0,20440.0,817510500.0,12420.0,-12420.0,0.0,0.0,496725500.0,-496725500.0,0.0,0.0
01/12/2023,21465.3681042258,39900.0,50.0,0.00125313,21438.5028124808,21545.9639794607,21277.3110620111,4701.0,187495000.0,0.0,0.0,4701.0,187495000.0,100.0,-100.0,0.0,0.0,3995000.0,-3995000.0,0.0,0.0
30/11/2023,21438.5028124808,40000.0,-100.0,-0.0025,21492.2333959706,21599.6945629505,21304.176353756,11627.0,463072000.0,0.0,0.0,11627.0,463072000.0,1100.0,-1100.0,0.0,0.0,43865000.0,-43865000.0,0.0,0.0
29/11/2023,21492.2333959706,39500.0,500.0,0.01265823,21062.3887280513,21492.2333959706,20954.9275610715,18401.0,730289550.0,0.0,0.0,18401.0,730289550.0,8300.0,-8300.0,0.0,0.0,329150000.0,-329150000.0,0.0,0.0
28/11/2023,21223.5804785211,39350.0,150.0,0.00381194,21062.3887280513,21223.5804785211,20847.4663940916,25502.0,996109800.0,0.0,0.0,25502.0,996109800.0,4600.0,-4600.0,0.0,0.0,179540000.0,-179540000.0,0.0,0.0
27/11/2023,21142.9846032863,39600.0,-250.0,-0.00631313,21277.3110620111,21277.3110620111,21008.6581445614,5803.0,227914500.0,0.0,0.0,5803.0,227914500.0,1000.0,-1000.0,0.0,0.0,39100000.0,-39100000.0,0.0,0.0
24/11/2023,21277.3110620111,39500.0,100.0,0.00253165,21223.5804785211,21545.9639794607,20847.4663940916,22995.0,898948800.0,0.0,0.0,22995.0,898948800.0,1100.0,-1100.0,0.0,0.0,43510000.0,-43510000.0,0.0,0.0
23/11/2023,21223.5804785211,40000.0,-500.0,-0.0125,21841.4821886552,21841.4821886552,21223.5804785211,48345.0,1918638000.0,75000.0,2977500000.0,123345.0,4896138000.0,14400.0,-14400.0,0.0,0.0,572850000.0,-572850000.0,0.0,0.0
22/11/2023,21492.2333959706,39850.0,150.0,0.00376412,21277.3110620111,21707.1557299305,21223.5804785211,5691.0,227258050.0,0.0,0.0,5691.0,227258050.0,-1900.0,0.0,0.0,1900.0,-75965000.0,0.0,0.0,75965000.0
21/11/2023,21411.6375207359,40100.0,-250.0,-0.00623441,21572.8292712056,21653.4251464405,21223.5804785211,43355.0,1719383000.0,0.0,0.0,43355.0,1719383000.0,27000.0,-27000.0,0.0,0.0,1069990000.0,-1069990000.0,0.0,0.0
20/11/2023,21545.9639794607,40650.0,-550.0,-0.01353014,21411.6375207359,21707.1557299305,21411.6375207359,6405.0,257335800.0,30000.0,1230000000.0,36405.0,1487335800.0,500.0,-500.0,0.0,0.0,20150000.0,-20150000.0,0.0,0.0
17/11/2023,21841.4821886552,40750.0,-100.0,-0.00245399,21787.7516051654,21948.9433556351,21492.2333959706,31044.0,1249574250.0,0.0,0.0,31044.0,1249574250.0,-400.0,-3200.0,0.0,3600.0,-14505000.0,-129495000.0,0.0,144000000.0
16/11/2023,21895.2127721452,41100.0,-350.0,-0.00851582,22029.5392308701,22029.5392308701,21814.6168969104,7435.0,302725000.0,0.0,0.0,7435.0,302725000.0,4900.0,-4900.0,0.0,0.0,199350000.0,-199350000.0,0.0,0.0
15/11/2023,22083.2698143599,41000.0,100.0,0.00243902,22110.1351061049,22298.1921483196,21948.9433556351,28221.0,1160545000.0,0.0,0.0,28221.0,1160545000.0,5100.0,-5100.0,0.0,0.0,209160000.0,-209160000.0,0.0,0.0
14/11/2023,22029.5392308701,40900.0,100.0,0.00244499,22083.2698143599,22083.2698143599,21948.9433556351,15100.0,618720000.0,185000.0,7677500000.0,200100.0,8296220000.0,4300.0,-4300.0,0.0,0.0,176100000.0,-176100000.0,0.0,0.0
13/11/2023,21975.8086473801,41050.0,-150.0,-0.00365408,22029.5392308701,22083.2698143599,21922.0780638902,18000.0,736335000.0,0.0,0.0,18000.0,736335000.0,-11300.0,11300.0,0.0,0.0,-462035000.0,462035000.0,0.0,0.0
10/11/2023,22056.404522615,41000.0,50.0,0.00121951,22029.5392308701,22137.0003978499,21707.1557299305,37942.0,1548959950.0,0.0,0.0,37942.0,1548959950.0,-13600.0,13600.0,0.0,0.0,-553900000.0,553900000.0,0.0,0.0
09/11/2023,22029.5392308701,40800.0,200.0,0.00490196,21922.0780638902,22163.8656895948,21895.2127721452,31415.0,1286244250.0,0.0,0.0,31415.0,1286244250.0,5500.0,-5500.0,0.0,0.0,225490000.0,-225490000.0,0.0,0.0
08/11/2023,21922.0780638902,40400.0,400.0,0.00990099,21760.8863134203,21922.0780638902,21492.2333959706,28548.0,1154057250.0,0.0,0.0,28548.0,1154057250.0,-800.0,800.0,0.0,0.0,-32190000.0,32190000.0,0.0,0.0
07/11/2023,21707.1557299305,40500.0,-100.0,-0.00246914,21653.4251464405,21922.0780638902,21492.2333959706,22962.0,926026000.0,440000.0,18062000000.0,462962.0,18988026000.0,4400.0,-4400.0,0.0,0.0,176870000.0,-176870000.0,0.0,0.0
06/11/2023,21760.8863134203,40350.0,150.0,0.00371747,21626.5598546956,21787.7516051654,21545.9639794607,11768.0,474925950.0,0.0,0.0,11768.0,474925950.0,3300.0,-3500.0,0.0,200.0,132800000.0,-140890000.0,0.0,8090000.0
03/11/2023,21680.2904381856,40200.0,150.0,0.00373134,21922.0780638902,21922.0780638902,21492.2333959706,14800.0,594700000.0,0.0,0.0,14800.0,594700000.0,0.0,0.0,0.0,0.0,0.0,0.0,0.0,0.0
02/11/2023,21599.6945629505,39700.0,500.0,0.01259446,21331.041645501,21868.3474804002,21331.041645501,50356.0,2026347000.0,0.0,0.0,50356.0,2026347000.0,-28800.0,0.0,0.0,28800.0,-1157760000.0,0.0,0.0,1157760000.0
01/11/2023,21331.041645501,38500.0,1200.0,0.03116883,20740.0052271118,21384.7722289909,20632.5440601319,19251.0,744701150.0,0.0,0.0,19251.0,744701150.0,100.0,-100.0,0.0,0.0,3860000.0,-3860000.0,0.0,0.0
31/10/2023,20686.2746436219,40000.0,-1500.0,-0.0375,21707.1557299305,21707.1557299305,20686.2746436219,23482.0,924797000.0,0.0,0.0,23482.0,924797000.0,-5000.0,0.0,0.0,5000.0,-199505000.0,0.0,0.0,199505000.0
30/10/2023,21492.2333959706,38550.0,1450.0,0.03761349,20686.2746436219,22029.5392308701,20686.2746436219,42026.0,1660844000.0,0.0,0.0,42026.0,1660844000.0,-200.0,0.0,0.0,200.0,-7850000.0,0.0,0.0,7850000.0
27/10/2023,20713.1399353668,38000.0,550.0,0.01447368,20471.3523096621,20847.4663940916,20417.6217261722,51977.0,1989782300.0,0.0,0.0,51977.0,1989782300.0,-10000.0,0.0,0.0,10000.0,-380500000.0,0.0,0.0,380500000.0
26/10/2023,20417.6217261722,40700.0,-2700.0,-0.06633907,21331.041645501,21438.5028124808,20363.8911426822,46911.0,1825201650.0,0.0,0.0,46911.0,1825201650.0,0.0,0.0,0.0,0.0,0.0,0.0,0.0,0.0
25/10/2023,21868.3474804002,40500.0,200.0,0.00493827,21760.8863134203,22217.5962730848,21626.5598546956,16749.0,680383400.0,0.0,0.0,16749.0,680383400.0,0.0,0.0,0.0,0.0,0.0,0.0,0.0,0.0
24/10/2023,21760.8863134203,39550.0,950.0,0.02402023,22513.1144822793,22513.1144822793,21545.9639794607,22360.0,905002800.0,0.0,0.0,22360.0,905002800.0,0.0,0.0,0.0,0.0,0.0,0.0,0.0,0.0
23/10/2023,21250.4457702662,40350.0,-800.0,-0.01982652,21492.2333959706,21626.5598546956,21223.5804785211,8483.0,336831000.0,0.0,0.0,8483.0,336831000.0,0.0,0.0,0.0,0.0,0.0,0.0,0.0,0.0
20/10/2023,21680.2904381856,40000.0,350.0,0.00875,21384.7722289909,21680.2904381856,20954.9275610715,44262.0,1747551200.0,0.0,0.0,44262.0,1747551200.0,0.0,0.0,0.0,0.0,-40000.0,40000.0,0.0,0.0
19/10/2023,21492.2333959706,40000.0,0.0,0.0,21760.8863134203,21760.8863134203,21411.6375207359,17968.0,722790000.0,0.0,0.0,17968.0,722790000.0,-400.0,0.0,0.0,400.0,-16125000.0,0.0,0.0,16125000.0
18/10/2023,21492.2333959706,41900.0,-1900.0,-0.04534606,22298.1921483196,22298.1921483196,21492.2333959706,62431.0,2514255750.0,0.0,0.0,62431.0,2514255750.0,-6600.0,6600.0,0.0,0.0,-263995000.0,263995000.0,0.0,0.0
17/10/2023,22513.1144822793,42200.0,-300.0,-0.007109,22674.3062327492,22996.6897336887,22405.6533152996,6128.0,257180200.0,0.0,0.0,6128.0,257180200.0,300.0,0.0,0.0,-300.0,12660000.0,0.0,0.0,-12660000.0
16/10/2023,22674.3062327492,42450.0,-250.0,-0.00588928,22808.632691474,22835.4979832189,22513.1144822793,2283.0,96443800.0,0.0,0.0,2283.0,96443800.0,100.0,0.0,0.0,-100.0,4230000.0,0.0,0.0,-4230000.0
13/10/2023,22808.632691474,41850.0,600.0,0.01433692,22405.6533152996,22808.632691474,22137.0003978499,34757.0,1447231250.0,0.0,0.0,34757.0,1447231250.0,-22500.0,23500.0,0.0,-1000.0,-937565000.0,979015000.0,0.0,-41450000.0
12/10/2023,22486.2491905344,42700.0,-850.0,-0.01990632,22996.6897336887,22996.6897336887,22432.5186070444,18339.0,774191300.0,0.0,0.0,18339.0,774191300.0,0.0,0.0,0.0,0.0,0.0,0.0,0.0,0.0
11/10/2023,22942.9591501988,42600.0,100.0,0.00234742,22942.9591501988,22942.9591501988,22835.4979832189,2125.0,90530000.0,0.0,0.0,2125.0,90530000.0,0.0,0.0,0.0,0.0,0.0,0.0,0.0,0.0
10/10/2023,22889.2285667088,42500.0,100.0,0.00235294,23050.4203171786,23157.8814841585,22566.8450657693,50525.0,2132434150.0,0.0,0.0,50525.0,2132434150.0,-23684.0,28400.0,0.0,-4716.0,-997037001.0,1195310000.0,0.0,-198273000.0
09/10/2023,22835.4979832189,41950.0,550.0,0.01311085,22539.9797740244,22835.4979832189,22513.1144822793,59837.0,2511582650.0,0.0,0.0,59837.0,2511582650.0,-32300.0,35200.0,0.0,-2900.0,-1354945001.0,1476520000.0,0.0,-121575000.0
06/10/2023,22539.9797740244,41800.0,150.0,0.00358852,22486.2491905344,22539.9797740244,22083.2698143599,23440.0,972073050.0,0.0,0.0,23440.0,972073050.0,6550.0,-150.0,0.0,-6400.0,270940000.0,-6180000.0,0.0,-264760000.0
05/10/2023,22459.3838987894,41250.0,550.0,0.01333333,22244.4615648297,22459.3838987894,22244.4615648297,11300.0,470620000.0,0.0,0.0,11300.0,470620000.0,1000.0,0.0,0.0,-1000.0,41760000.0,0.0,0.0,-41760000.0
04/10/2023,22163.8656895948,41000.0,250.0,0.00609756,22378.7880235547,22459.3838987894,22029.5392308701,6675.0,276410000.0,0.0,0.0,6675.0,276410000.0,1600.0,0.0,0.0,-1600.0,66020000.0,0.0,0.0,-66020000.0
03/10/2023,22029.5392308701,41700.0,-700.0,-0.01678657,22405.6533152996,22486.2491905344,22029.5392308701,35000.0,1436870000.0,0.0,0.0,35000.0,1436870000.0,-26000.0,26000.0,0.0,0.0,-1066000000.0,1066000000.0,0.0,0.0
02/10/2023,22405.6533152996,41800.0,-100.0,-0.00239234,22566.8450657693,22566.8450657693,22378.7880235547,4657.0,195136250.0,0.0,0.0,4657.0,195136250.0,0.0,0.0,0.0,0.0,0.0,0.0,0.0,0.0
29/09/2023,22459.3838987894,42000.0,-200.0,-0.0047619,22566.8450657693,22835.4979832189,22459.3838987894,11330.0,476656000.0,0.0,0.0,11330.0,476656000.0,0.0,0.0,0.0,0.0,0.0,0.0,0.0,0.0
28/09/2023,22566.8450657693,42400.0,-400.0,-0.00943396,22835.4979832189,22835.4979832189,22029.5392308701,28823.0,1196865000.0,0.0,0.0,28823.0,1196865000.0,100.0,-100.0,0.0,0.0,4160000.0,-4160000.0,0.0,0.0
27/09/2023,22781.7673997289,42150.0,250.0,0.0059312,22566.8450657693,23023.5550254337,22566.8450657693,28200.0,1189360000.0,0.0,0.0,28200.0,1189360000.0,-13800.0,13800.0,0.0,0.0,-580595000.0,580595000.0,0.0,0.0
26/09/2023,22647.4409410042,43000.0,-850.0,-0.01976744,22996.6897336887,23077.2856089236,22620.5756492591,43384.0,1833126300.0,0.0,0.0,43384.0,1833126300.0,-13900.0,13900.0,0.0,0.0,-586040000.0,586040000.0,0.0,0.0
25/09/2023,23104.1509006686,43400.0,-400.0,-0.00921659,23319.0732346282,23372.8038181182,22674.3062327492,65648.0,2825533150.0,0.0,0.0,65648.0,2825533150.0,-49952.0,50000.0,0.0,-48.0,-2147841851.0,2149900000.0,0.0,-2058150.0
22/09/2023,23319.0732346282,44000.0,-600.0,-0.01363636,23614.591443823,23641.4567355678,23104.1509006686,73320.0,3164674400.0,0.0,0.0,73320.0,3164674400.0,-53600.0,53600.0,0.0,0.0,-2311040001.0,2311040000.0,0.0,0.0
21/09/2023,23641.4567355678,44600.0,-600.0,-0.01345291,23695.1873190577,23936.9749447625,23641.4567355678,43300.0,1907310000.0,0.0,0.0,43300.0,1907310000.0,-18400.0,18400.0,0.0,0.0,-809600000.0,809600000.0,0.0,0.0
20/09/2023,23963.8402365074,44750.0,-150.0,-0.00335196,23990.7055282523,24017.5708199972,23641.4567355678,12775.0,565076250.0,0.0,0.0,12775.0,565076250.0,2000.0,-2000.0,0.0,0.0,88050000.0,-88050000.0,0.0,0.0
19/09/2023,24044.4361117424,44700.0,50.0,0.00111857,24071.3014034872,24071.3014034872,23802.6484860376,12900.0,576791000.0,0.0,0.0,12900.0,576791000.0,0.0,0.0,0.0,0.0,0.0,0.0,0.0,0.0
18/09/2023,24017.5708199972,43600.0,1100.0,0.02522936,23426.534401608,24232.493153957,23372.8038181182,65480.0,2914239700.0,0.0,0.0,65480.0,2914239700.0,0.0,0.0,0.0,0.0,0.0,0.0,0.0,0.0
15/09/2023,23426.534401608,43650.0,-50.0,-0.00114548,23453.3996933531,23480.264985098,23292.2079428832,12650.0,551042600.0,0.0,0.0,12650.0,551042600.0,-700.0,0.0,0.0,700.0,-30450000.0,0.0,0.0,30450000.0
14/09/2023,23453.3996933531,43600.0,50.0,0.00114679,23426.534401608,23507.1302768431,23211.6120676484,17856.0,776865000.0,0.0,0.0,17856.0,776865000.0,-400.0,0.0,0.0,400.0,-17460000.0,0.0,0.0,17460000.0
13/09/2023,23426.534401608,43700.0,-100.0,-0.00228833,23641.4567355678,23641.4567355678,23372.8038181182,11530.0,502590000.0,0.0,0.0,11530.0,502590000.0,0.0,0.0,0.0,0.0,0.0,0.0,0.0,0.0
12/09/2023,23480.264985098,43100.0,600.0,0.01392111,23265.3426511384,23480.264985098,23157.8814841585,51622.0,2236745200.0,0.0,0.0,51622.0,2236745200.0,-13300.0,13300.0,0.0,0.0,-575655000.0,575655000.0,0.0,0.0
11/09/2023,23157.8814841585,43500.0,-400.0,-0.0092,23614.591443823,23614.591443823,23104.1509006686,64319.0,2773707950.0,0.0,0.0,64319.0,2773707950.0,-43200.0,43200.0,0.0,0.0,-1860700000.0,1860700000.0,0.0,0.0
08/09/2023,23372.8038181182,43550.0,-50.0,-0.00114811,23372.8038181182,23399.6691098632,23104.1509006686,75155.0,3245487550.0,0.0,0.0,75155.0,3245487550.0,-31200.0,30500.0,0.0,700.0,-1343015001.0,1312565000.0,0.0,30450000.0
07/09/2023,23399.6691098632,44000.0,-450.0,-0.01022727,23614.591443823,23641.4567355678,23265.3426511384,18293.0,798295200.0,0.0,0.0,18293.0,798295200.0,0.0,0.0,0.0,0.0,0.0,0.0,0.0,0.0
06/09/2023,23641.4567355678,43900.0,100.0,0.0022779,23587.7261520779,23748.9179025476,23238.4773593934,31306.0,1374533400.0,0.0,0.0,31306.0,1374533400.0,2600.0,-2600.0,0.0,0.0,113490000.0,-113490000.0,0.0,0.0
05/09/2023,23587.7261520779,43550.0,350.0,0.00803674,23399.6691098632,23668.3220273128,23238.4773593934,51345.0,2243658350.0,0.0,0.0,51345.0,2243658350.0,-2100.0,0.0,0.0,2100.0,-91925000.0,0.0,0.0,91925000.0
31/08/2023,23399.6691098632,42000.0,1550.0,0.03690476,22620.5756492591,23775.7831942927,22620.5756492591,98656.0,4316928450.0,0.0,0.0,98656.0,4316928450.0,4000.0,-4000.0,0.0,0.0,176000000.0,-176000000.0,0.0,0.0
30/08/2023,22566.8450657693,40200.0,1800.0,0.04477612,21545.9639794607,22566.8450657693,21492.2333959706,108605.0,4472953700.0,0.0,0.0,108605.0,4472953700.0,-2600.0,2600.0,0.0,0.0,-109050000.0,109050000.0,0.0,0.0
29/08/2023,21599.6945629505,40200.0,0.0,0.0,21492.2333959706,21626.5598546956,21384.7722289909,39642.0,1589068400.0,0.0,0.0,39642.0,1589068400.0,-29000.0,29000.0,0.0,0.0,-1161840001.0,1161840000.0,0.0,0.0
28/08/2023,21599.6945629505,39600.0,600.0,0.01515152,21277.3110620111,21680.2904381856,21169.8498950311,31241.0,1250233650.0,0.0,0.0,31241.0,1250233650.0,0.0,0.0,0.0,0.0,0.0,0.0,0.0,0.0
25/08/2023,21277.3110620111,39500.0,100.0,0.00253165,21223.5804785211,21331.041645501,21116.1193115413,39519.0,1560050400.0,0.0,0.0,39519.0,1560050400.0,-25419.0,27000.0,0.0,-1581.0,-1002684001.0,1064940000.0,0.0,-62256000.0
24/08/2023,21223.5804785211,39500.0,0.0,0.0,21169.8498950311,21331.041645501,21169.8498950311,32204.0,1270754450.0,0.0,0.0,32204.0,1270754450.0,-24700.0,24700.0,0.0,0.0,-974290001.0,974290000.0,0.0,0.0
23/08/2023,21223.5804785211,39400.0,100.0,0.00253807,21331.041645501,21519.0986877158,21008.6581445614,7860.0,309540150.0,0.0,0.0,7860.0,309540150.0,0.0,0.0,0.0,0.0,0.0,0.0,0.0,0.0
22/08/2023,21169.8498950311,39350.0,50.0,0.00127065,21142.9846032863,21169.8498950311,20713.1399353668,21779.0,847342950.0,0.0,0.0,21779.0,847342950.0,-16000.0,12700.0,0.0,3300.0,-622240001.0,493060000.0,0.0,129180000.0
21/08/2023,21142.9846032863,39600.0,-250.0,-0.00631313,21008.6581445614,21223.5804785211,20740.0052271118,20224.0,789039200.0,0.0,0.0,20224.0,789039200.0,-14700.0,14700.0,0.0,0.0,-573240001.0,573240000.0,0.0,0.0
18/08/2023,21277.3110620111,39600.0,0.0,0.0,21277.3110620111,21357.906937246,20981.7928528165,144330.0,5700548200.0,0.0,0.0,144330.0,5700548200.0,-118600.0,118600.0,0.0,0.0,-4683050000.0,4683050000.0,0.0,0.0
17/08/2023,21277.3110620111,39700.0,-100.0,-0.00251889,21331.041645501,21357.906937246,21116.1193115413,59919.0,2370260800.0,0.0,0.0,59919.0,2370260800.0,-21750.0,28100.0,0.0,-6350.0,-862132650.0,1112655000.0,0.0,-250522350.0
16/08/2023,21331.041645501,39950.0,-250.0,-0.00625782,21492.2333959706,21492.2333959706,21250.4457702662,18661.0,740801950.0,0.0,0.0,18661.0,740801950.0,-1100.0,0.0,0.0,1100.0,-43760000.0,0.0,0.0,43760000.0
15/08/2023,21465.3681042258,39900.0,50.0,0.00125313,21465.3681042258,21465.3681042258,21277.3110620111,12775.0,508323100.0,0.0,0.0,12775.0,508323100.0,0.0,0.0,0.0,0.0,0.0,0.0,0.0,0.0
14/08/2023,21438.5028124808,39700.0,200.0,0.00503778,21411.6375207359,21492.2333959706,21250.4457702662,19013.0,755241450.0,0.0,0.0,19013.0,755241450.0,-1300.0,0.0,0.0,1300.0,-51790000.0,0.0,0.0,51790000.0
11/08/2023,21331.041645501,39550.0,150.0,0.00379267,21250.4457702662,21331.041645501,20981.7928528165,47554.0,1873391000.0,0.0,0.0,47554.0,1873391000.0,-300.0,0.0,0.0,300.0,-11895000.0,0.0,0.0,11895000.0
10/08/2023,21250.4457702662,39850.0,-300.0,-0.00752823,21384.7722289909,21438.5028124808,21223.5804785211,14672.0,581107900.0,0.0,0.0,14672.0,581107900.0,-700.0,0.0,0.0,700.0,-27875000.0,0.0,0.0,27875000.0
09/08/2023,21411.6375207359,39900.0,-50.0,-0.00125313,21465.3681042258,21465.3681042258,21116.1193115413,25272.0,998749750.0,0.0,0.0,25272.0,998749750.0,0.0,0.0,0.0,0.0,0.0,0.0,0.0,0.0
08/08/2023,21438.5028124808,39950.0,-50.0,-0.00125156,21492.2333959706,21492.2333959706,21331.041645501,21885.0,872246400.0,0.0,0.0,21885.0,872246400.0,0.0,0.0,0.0,0.0,0.0,0.0,0.0,0.0
07/08/2023,21465.3681042258,39950.0,0.0,0.0,21169.8498950311,21545.9639794607,21169.8498950311,13487.0,537949000.0,0.0,0.0,13487.0,537949000.0,0.0,0.0,0.0,0.0,0.0,0.0,0.0,0.0
04/08/2023,21465.3681042258,40100.0,-150.0,-0.00374065,21572.8292712056,21599.6945629505,21331.041645501,69035.0,2763390650.0,0.0,0.0,69035.0,2763390650.0,-5200.0,0.0,0.0,5200.0,-208735000.0,0.0,0.0,208735000.0
03/08/2023,21545.9639794607,40300.0,-200.0,-0.00496278,21196.7151867761,21626.5598546956,21196.7151867761,20825.0,832506750.0,0.0,0.0,20825.0,832506750.0,-400.0,0.0,0.0,400.0,-15940000.0,0.0,0.0,15940000.0
02/08/2023,21653.4251464405,39500.0,800.0,0.02025316,21384.7722289909,21814.6168969104,21196.7151867761,51072.0,2045691700.0,0.0,0.0,51072.0,2045691700.0,0.0,0.0,0.0,0.0,0.0,0.0,0.0,0.0
01/08/2023,21223.5804785211,39100.0,400.0,0.01023018,21035.5234363063,21384.7722289909,20954.9275610715,56806.0,2235637000.0,0.0,0.0,56806.0,2235637000.0,-4100.0,0.0,0.0,4100.0,-161730000.0,0.0,0.0,161730000.0
31/07/2023,21008.6581445614,39250.0,-150.0,-0.00382166,21008.6581445614,21116.1193115413,20847.4663940916,51912.0,2023866750.0,0.0,0.0,51912.0,2023866750.0,-1000.0,0.0,0.0,1000.0,-39100000.0,0.0,0.0,39100000.0
28/07/2023,21089.2540197964,39700.0,-450.0,-0.0113,21250.4457702662,21304.176353756,20901.1969775815,58105.0,2279201250.0,0.0,0.0,58105.0,2279201250.0,0.0,0.0,0.0,0.0,0.0,0.0,0.0,0.0
27/07/2023,21331.041645501,39800.0,-100.0,-0.00251256,21384.7722289909,21599.6945629505,21116.1193115413,32723.0,1297694050.0,0.0,0.0,32723.0,1297694050.0,0.0,0.0,0.0,0.0,0.0,0.0,0.0,0.0
26/07/2023,21384.7722289909,39700.0,100.0,0.00251889,21357.906937246,21492.2333959706,21223.5804785211,37944.0,1506962750.0,0.0,0.0,37944.0,1506962750.0,-1300.0,0.0,0.0,1300.0,-51770000.0,0.0,0.0,51770000.0
25/07/2023,21331.041645501,41800.0,-2100.0,-0.05023923,22298.1921483196,22298.1921483196,21331.041645501,213031.0,8608822500.0,0.0,0.0,213031.0,8608822500.0,6001.0,-6000.0,0.0,-1.0,238240250.0,-238200000.0,0.0,-40250.0
24/07/2023,22459.3838987894,41550.0,250.0,0.00601685,22405.6533152996,22459.3838987894,22325.0574400647,24200.0,1008845000.0,0.0,0.0,24200.0,1008845000.0,-4700.0,4300.0,0.0,400.0,-196060000.0,179380000.0,0.0,16680000.0
21/07/2023,22325.0574400647,41300.0,250.0,0.00605327,22459.3838987894,22486.2491905344,22190.7309813397,14102.0,586129050.0,0.0,0.0,14102.0,586129050.0,0.0,0.0,0.0,0.0,0.0,0.0,0.0,0.0
20/07/2023,22190.7309813397,41650.0,-350.0,-0.00840336,22298.1921483196,22486.2491905344,22190.7309813397,23216.0,961989300.0,0.0,0.0,23216.0,961989300.0,0.0,0.0,0.0,0.0,0.0,0.0,0.0,0.0
19/07/2023,22378.7880235547,41900.0,-250.0,-0.00596659,22405.6533152996,22647.4409410042,22298.1921483196,7957.0,330875400.0,0.0,0.0,7957.0,330875400.0,0.0,0.0,0.0,0.0,0.0,0.0,0.0,0.0
18/07/2023,22513.1144822793,41600.0,300.0,0.00721154,22351.9227318095,22539.9797740244,22351.9227318095,13737.0,574454200.0,0.0,0.0,13737.0,574454200.0,0.0,0.0,0.0,0.0,0.0,0.0,0.0,0.0
17/07/2023,22351.9227318095,41600.0,0.0,0.0,22351.9227318095,22486.2491905344,22298.1921483196,25364.0,1055880400.0,0.0,0.0,25364.0,1055880400.0,0.0,0.0,0.0,0.0,0.0,0.0,0.0,0.0
14/07/2023,22351.9227318095,41650.0,-50.0,-0.00120048,22378.7880235547,22566.8450657693,22029.5392308701,39171.0,1628761500.0,0.0,0.0,39171.0,1628761500.0,0.0,0.0,0.0,0.0,0.0,0.0,0.0,0.0
13/07/2023,22378.7880235547,42200.0,-550.0,-0.01303318,22566.8450657693,22566.8450657693,22378.7880235547,25309.0,1057097550.0,0.0,0.0,25309.0,1057097550.0,0.0,0.0,0.0,0.0,0.0,0.0,0.0,0.0
12/07/2023,22674.3062327492,42450.0,-250.0,-0.00588928,22808.632691474,22835.4979832189,22486.2491905344,22640.0,953182000.0,0.0,0.0,22640.0,953182000.0,0.0,0.0,0.0,0.0,0.0,0.0,0.0,0.0
11/07/2023,22808.632691474,41700.0,750.0,0.01798561,22432.5186070444,22835.4979832189,22405.6533152996,50446.0,2116005700.0,0.0,0.0,50446.0,2116005700.0,-8700.0,8700.0,0.0,0.0,-364750000.0,364750000.0,0.0,0.0
10/07/2023,22405.6533152996,41650.0,50.0,0.00120048,22405.6533152996,22566.8450657693,22244.4615648297,31312.0,1304350650.0,0.0,0.0,31312.0,1304350650.0,-40.0,40.0,0.0,0.0,-1661400.0,1661400.0,0.0,0.0
07/07/2023,22378.7880235547,41600.0,50.0,0.00120192,22351.9227318095,22405.6533152996,22217.5962730848,5425.0,225377500.0,0.0,0.0,5425.0,225377500.0,0.0,0.0,0.0,0.0,0.0,0.0,0.0,0.0
06/07/2023,22351.9227318095,41850.0,-250.0,-0.00597372,22539.9797740244,22539.9797740244,22244.4615648297,26600.0,1107265000.0,0.0,0.0,26600.0,1107265000.0,0.0,0.0,0.0,0.0,0.0,0.0,0.0,0.0
05/07/2023,22486.2491905344,41250.0,600.0,0.01454545,22163.8656895948,22539.9797740244,22163.8656895948,27900.0,1160345000.0,0.0,0.0,27900.0,1160345000.0,0.0,0.0,0.0,0.0,0.0,0.0,0.0,0.0
04/07/2023,22163.8656895948,41100.0,150.0,0.00364964,22083.2698143599,22163.8656895948,22029.5392308701,10375.0,427413750.0,0.0,0.0,10375.0,427413750.0,0.0,0.0,0.0,0.0,0.0,0.0,0.0,0.0
03/07/2023,22083.2698143599,41000.0,100.0,0.00243902,22029.5392308701,22217.5962730848,21975.8086473801,27343.0,1121773450.0,0.0,0.0,27343.0,1121773450.0,-5000.0,0.0,0.0,5000.0,-204500000.0,0.0,0.0,204500000.0
30/06/2023,22029.5392308701,40950.0,50.0,0.001221,22217.5962730848,22217.5962730848,21922.0780638902,15200.0,623490000.0,0.0,0.0,15200.0,623490000.0,0.0,0.0,0.0,0.0,0.0,0.0,0.0,0.0
29/06/2023,22002.673939125,40850.0,100.0,0.00244798,21948.9433556351,22163.8656895948,21922.0780638902,22200.0,910370000.0,0.0,0.0,22200.0,910370000.0,0.0,0.0,0.0,0.0,0.0,0.0,0.0,0.0
28/06/2023,21948.9433556351,41300.0,-450.0,-0.01089588,21975.8086473801,22163.8656895948,21948.9433556351,20000.0,819980700.0,0.0,0.0,20000.0,819980700.0,-100.0,100.0,0.0,0.0,-4090000.0,4090000.0,0.0,0.0
27/06/2023,22190.7309813397,41250.0,50.0,0.00121212,22163.8656895948,22217.5962730848,22029.5392308701,22240.0,915589250.0,0.0,0.0,22240.0,915589250.0,-10.0,10.0,0.0,0.0,-405000.0,405000.0,0.0,0.0
26/06/2023,22163.8656895948,41900.0,-650.0,-0.01551313,22298.1921483196,22486.2491905344,22083.2698143599,19425.0,802893750.0,0.0,0.0,19425.0,802893750.0,-300.0,0.0,0.0,300.0,-12390000.0,0.0,0.0,12390000.0
23/06/2023,22513.1144822793,41800.0,100.0,0.00239234,22513.1144822793,22539.9797740244,22029.5392308701,31950.0,1326965700.0,0.0,0.0,31950.0,1326965700.0,0.0,0.0,0.0,0.0,0.0,0.0,0.0,0.0
22/06/2023,22459.3838987894,41800.0,0.0,0.0,22271.3268565747,22459.3838987894,22056.404522615,11424.0,473382800.0,0.0,0.0,11424.0,473382800.0,-18.0,18.0,0.0,0.0,-737200.0,737200.0,0.0,0.0
21/06/2023,22459.3838987894,42150.0,-350.0,-0.00830368,22674.3062327492,22674.3062327492,22244.4615648297,23615.0,984271000.0,0.0,0.0,23615.0,984271000.0,0.0,0.0,0.0,0.0,0.0,0.0,0.0,0.0
20/06/2023,22647.4409410042,42100.0,50.0,0.00118765,22674.3062327492,22728.036816239,22459.3838987894,12517.0,527623100.0,0.0,0.0,12517.0,527623100.0,200.0,0.0,0.0,-200.0,8420000.0,0.0,0.0,-8420000.0
19/06/2023,22620.5756492591,41950.0,150.0,0.00357569,22539.9797740244,22620.5756492591,22405.6533152996,13550.0,567175000.0,0.0,0.0,13550.0,567175000.0,0.0,0.0,0.0,0.0,0.0,0.0,0.0,0.0
16/06/2023,22539.9797740244,40600.0,1350.0,0.03325123,21922.0780638902,22593.7103575143,21922.0780638902,27663.0,1149439750.0,0.0,0.0,27663.0,1149439750.0,0.0,0.0,0.0,0.0,0.0,0.0,0.0,0.0
15/06/2023,21814.6168969104,40261.0,339.0,0.00842006,22002.673939125,22002.673939125,21626.5598546956,4419.0,179625200.0,0.0,0.0,4419.0,179625200.0,-100.0,0.0,0.0,100.0,-4080000.0,0.0,0.0,4080000.0
14/06/2023,21632.878571314,47100.0,200.0,0.00424628,21449.9366806475,21792.9527256471,21449.9366806475,47610.0,2242347700.0,0.0,0.0,47610.0,2242347700.0,0.0,0.0,0.0,0.0,0.0,0.0,0.0,0.0
13/06/2023,21541.4076259807,47650.0,-550.0,-0.0115425,21792.9527256471,21792.9527256471,21449.9366806475,56700.0,2678505000.0,0.0,0.0,56700.0,2678505000.0,-900.0,0.0,0.0,900.0,-42525000.0,0.0,0.0,42525000.0
12/06/2023,21792.9527256471,48000.0,-350.0,-0.00729167,21724.3495166472,21998.7623526469,21678.6140439806,23425.0,1116885000.0,0.0,0.0,23425.0,1116885000.0,0.0,0.0,0.0,0.0,0.0,0.0,0.0,0.0
09/06/2023,21953.0268799803,48450.0,-450.0,-0.00928793,22158.8365069802,22158.8365069802,21587.1430986474,36700.0,1755665000.0,0.0,0.0,36700.0,1755665000.0,0.0,0.0,0.0,0.0,0.0,0.0,0.0,0.0
08/06/2023,22158.8365069802,48400.0,50.0,0.00103306,21953.0268799803,22410.3816066466,21953.0268799803,14703.0,716003450.0,0.0,0.0,14703.0,716003450.0,0.0,0.0,0.0,0.0,0.0,0.0,0.0,0.0
07/06/2023,22135.9687706469,47700.0,700.0,0.01467505,21792.9527256471,22181.7042433135,21792.9527256471,34946.0,1677684250.0,0.0,0.0,34946.0,1677684250.0,-3100.0,4100.0,0.0,-1000.0,-148650000.0,196450000.0,0.0,-47800000.0
06/06/2023,21815.8204619804,47650.0,50.0,0.00104932,21770.084989314,21815.8204619804,21724.3495166472,42201.0,2005511400.0,0.0,0.0,42201.0,2005511400.0,-32600.0,32600.0,0.0,0.0,-1548530001.0,1548530000.0,0.0,0.0
05/06/2023,21792.9527256471,47600.0,50.0,0.00105042,21724.3495166472,21861.5559346472,21541.4076259807,24971.0,1184742650.0,0.0,0.0,24971.0,1184742650.0,-4200.0,4200.0,0.0,0.0,-199495001.0,199495000.0,0.0,0.0
02/06/2023,21770.084989314,47500.0,100.0,0.00210526,21495.672153314,21907.2914073137,21381.3334716475,24261.0,1141577800.0,0.0,0.0,24261.0,1141577800.0,0.0,0.0,0.0,0.0,0.0,0.0,0.0,0.0
01/06/2023,21724.3495166472,47400.0,100.0,0.0021097,21701.481780314,21815.8204619804,21701.481780314,3246.0,154276300.0,0.0,0.0,3246.0,154276300.0,0.0,0.0,0.0,0.0,0.0,0.0,0.0,0.0
31/05/2023,21678.6140439806,47500.0,-100.0,-0.00210526,21861.5559346472,21861.5559346472,21312.7302626476,22917.0,1077479750.0,0.0,0.0,22917.0,1077479750.0,-1000.0,1000.0,0.0,0.0,-46800000.0,46800000.0,0.0,0.0
30/05/2023,21724.3495166472,47200.0,300.0,0.00635593,21770.084989314,21792.9527256471,21404.2012079808,28800.0,1364650000.0,0.0,0.0,28800.0,1364650000.0,0.0,0.0,0.0,0.0,0.0,0.0,0.0,0.0
29/05/2023,21587.1430986474,46850.0,350.0,0.00747065,21541.4076259807,21907.2914073137,21084.0528993145,29225.0,1374075000.0,20000.0,872000000.0,49225.0,2246075000.0,-400.0,400.0,0.0,0.0,-18530000.0,18530000.0,0.0,0.0
26/05/2023,21427.0689443142,45800.0,1050.0,0.02292576,20946.8464813145,21449.9366806475,20946.8464813145,36000.0,1675715000.0,0.0,0.0,36000.0,1675715000.0,0.0,0.0,0.0,0.0,0.0,0.0,0.0,0.0
25/05/2023,20946.8464813145,44700.0,1100.0,0.0246085,20443.7562819818,20969.7142176479,20443.7562819818,69300.0,3123820000.0,0.0,0.0,69300.0,3123820000.0,-7000.0,7000.0,0.0,0.0,-313875000.0,313875000.0,0.0,0.0
24/05/2023,20443.7562819818,44700.0,0.0,0.0,20489.4917546483,20535.227227315,20443.7562819818,23827.0,1066716500.0,20000.0,832000000.0,43827.0,1898716500.0,-10900.0,10900.0,0.0,0.0,-487945000.0,487945000.0,0.0,0.0
23/05/2023,20443.7562819818,45000.0,-300.0,-0.00666667,20489.4917546483,20580.9626999816,20420.8885456484,44980.0,2016368300.0,0.0,0.0,44980.0,2016368300.0,-10000.0,10000.0,0.0,0.0,-447520000.0,447520000.0,0.0,0.0
22/05/2023,20580.9626999816,45000.0,0.0,0.0,20443.7562819818,20626.6981726481,20398.0208093151,19111.0,857990000.0,20000.0,837000000.0,39111.0,1694990000.0,-300.0,300.0,0.0,0.0,-13425000.0,13425000.0,0.0,0.0
19/05/2023,20580.9626999816,44800.0,200.0,0.00446429,20352.2853366485,20672.4336453148,20306.5498639818,32636.0,1461807000.0,0.0,0.0,32636.0,1461807000.0,0.0,0.0,0.0,0.0,0.0,0.0,0.0,0.0
18/05/2023,20489.4917546483,44000.0,800.0,0.01818182,20123.6079733153,20580.9626999816,20123.6079733153,29660.0,1315132200.0,20000.0,819000000.0,49660.0,2134132200.0,0.0,0.0,0.0,0.0,0.0,0.0,0.0,0.0
17/05/2023,20123.6079733153,44900.0,-900.0,-0.02004454,20352.2853366485,20352.2853366485,20123.6079733153,23017.0,1014354500.0,0.0,0.0,23017.0,1014354500.0,0.0,0.0,0.0,0.0,0.0,0.0,0.0,0.0
16/05/2023,20535.227227315,44000.0,900.0,0.02045455,19917.7983463155,20558.0949636482,19917.7983463155,33351.0,1469515700.0,0.0,0.0,33351.0,1469515700.0,0.0,0.0,0.0,0.0,0.0,0.0,0.0,0.0
15/05/2023,20123.6079733153,44900.0,-900.0,-0.02004454,20283.6821276485,20512.3594909817,20123.6079733153,24500.0,1083170000.0,20000.0,836000000.0,44500.0,1919170000.0,0.0,0.0,0.0,0.0,0.0,0.0,0.0,0.0
12/05/2023,20535.227227315,45000.0,-100.0,-0.00222222,20626.6981726481,20626.6981726481,20398.0208093151,15600.0,699340000.0,0.0,0.0,15600.0,699340000.0,0.0,0.0,0.0,0.0,0.0,0.0,0.0,0.0
11/05/2023,20580.9626999816,44600.0,400.0,0.00896861,20580.9626999816,20809.6400633147,20580.9626999816,9705.0,437620400.0,0.0,0.0,9705.0,437620400.0,-100.0,0.0,0.0,100.0,-4535000.0,0.0,0.0,4535000.0
10/05/2023,20398.0208093151,43950.0,650.0,0.01478953,20032.1370279821,20398.0208093151,20032.1370279821,94021.0,4164606000.0,0.0,0.0,94021.0,4164606000.0,-6500.0,6500.0,0.0,0.0,-289410000.0,289410000.0,0.0,0.0
09/05/2023,20100.7402369821,43650.0,300.0,0.00687285,20100.7402369821,20169.343445982,19940.6660826487,22608.0,991421000.0,0.0,0.0,22608.0,991421000.0,0.0,0.0,0.0,0.0,0.0,0.0,0.0,0.0
08/05/2023,19963.5338189822,44900.0,-1250.0,-0.02783964,20352.2853366485,20352.2853366485,19894.9306099823,28100.0,1238705000.0,0.0,0.0,28100.0,1238705000.0,0.0,0.0,0.0,0.0,0.0,0.0,0.0,0.0
05/05/2023,20535.227227315,44800.0,100.0,0.00223214,20352.2853366485,20535.227227315,20306.5498639818,6200.0,276680000.0,0.0,0.0,6200.0,276680000.0,0.0,0.0,0.0,0.0,0.0,0.0,0.0,0.0
04/05/2023,20489.4917546483,46300.0,-1500.0,-0.03239741,21038.3174266477,21038.3174266477,20306.5498639818,22440.0,1008617000.0,0.0,0.0,22440.0,1008617000.0,100.0,-100.0,0.0,0.0,4570000.0,-4570000.0,0.0,0.0
28/04/2023,21175.5238446477,45800.0,500.0,0.01091703,20855.3755359813,21221.2593173144,20786.7723269814,13539.0,620854600.0,0.0,0.0,13539.0,620854600.0,0.0,0.0,0.0,0.0,0.0,0.0,0.0,0.0
27/04/2023,20946.8464813145,45500.0,300.0,0.00659341,21038.3174266477,21129.788371981,20763.9045906481,17905.0,820198400.0,0.0,0.0,17905.0,820198400.0,0.0,0.0,0.0,0.0,0.0,0.0,0.0,0.0
26/04/2023,20809.6400633147,45000.0,500.0,0.01111111,20580.9626999816,20946.8464813145,20580.9626999816,18467.0,839888300.0,0.0,0.0,18467.0,839888300.0,100.0,0.0,0.0,-100.0,4550000.0,0.0,0.0,-4550000.0
25/04/2023,20580.9626999816,42950.0,2050.0,0.04772992,19666.2532466491,21015.4496903145,19620.5177739824,66431.0,3003883400.0,0.0,0.0,66431.0,3003883400.0,-100.0,100.0,0.0,0.0,-4595000.0,4595000.0,0.0,0.0
24/04/2023,19643.3855103158,42700.0,250.0,0.0058548,19529.0468286491,19849.1951373155,19506.1790923159,13805.0,593262000.0,0.0,0.0,13805.0,593262000.0,0.0,0.0,0.0,0.0,0.0,0.0,0.0,0.0
21/04/2023,19529.0468286491,43600.0,-900.0,-0.0206422,20123.6079733153,20123.6079733153,19346.1049379827,16839.0,726451500.0,0.0,0.0,16839.0,726451500.0,-2000.0,2000.0,0.0,0.0,-85400000.0,85400000.0,0.0,0.0
20/04/2023,19940.6660826487,43500.0,100.0,0.00229885,19917.7983463155,20123.6079733153,19711.9887193157,14253.0,620291500.0,0.0,0.0,14253.0,620291500.0,0.0,0.0,0.0,0.0,0.0,0.0,0.0,0.0
19/04/2023,19894.9306099823,42200.0,1300.0,0.03080569,19666.2532466491,20352.2853366485,19574.7823013158,212877.0,9181127700.0,0.0,0.0,212877.0,9181127700.0,0.0,0.0,0.0,0.0,0.0,0.0,0.0,0.0
18/04/2023,19300.369465316,42000.0,200.0,0.0047619,19208.8985199828,19300.369465316,19117.4275746495,13403.0,563475800.0,0.0,0.0,13403.0,563475800.0,0.0,0.0,0.0,0.0,0.0,0.0,0.0,0.0
17/04/2023,19208.8985199828,42000.0,0.0,0.0,19231.7662563161,19346.1049379827,19208.8985199828,7814.0,329076400.0,0.0,0.0,7814.0,329076400.0,2400.0,0.0,0.0,-2400.0,100940000.0,0.0,0.0,-100940000.0
14/04/2023,19208.8985199828,41850.0,150.0,0.00358423,19140.2953109828,19254.6339926494,19003.088892983,14237.0,595752500.0,0.0,0.0,14237.0,595752500.0,0.0,0.0,0.0,0.0,0.0,0.0,0.0,0.0
13/04/2023,19140.2953109828,41850.0,0.0,0.0,19140.2953109828,19254.6339926494,18980.2211566496,35500.0,1480490000.0,0.0,0.0,35500.0,1480490000.0,0.0,0.0,0.0,0.0,0.0,0.0,0.0,0.0
12/04/2023,19140.2953109828,41100.0,750.0,0.01824818,18980.2211566496,19186.0307836495,18843.0147386498,27477.0,1144024100.0,0.0,0.0,27477.0,1144024100.0,0.0,0.0,0.0,0.0,0.0,0.0,0.0,0.0
11/04/2023,18797.2792659833,41000.0,100.0,0.00243902,18751.5437933166,18820.1470023165,18614.3373753167,11150.0,456920000.0,0.0,0.0,11150.0,456920000.0,0.0,0.0,0.0,0.0,0.0,0.0,0.0,0.0
10/04/2023,18751.5437933166,40600.0,400.0,0.00985222,18545.7341663168,18865.8824749831,18545.7341663168,3650.0,149793500.0,0.0,0.0,3650.0,149793500.0,-2000.0,2000.0,0.0,0.0,-82200000.0,82200000.0,0.0,0.0
07/04/2023,18568.6019026501,40900.0,-300.0,-0.00733496,18705.8083206499,18774.4115296498,18522.8664299833,23102.0,937646500.0,0.0,0.0,23102.0,937646500.0,2050.0,0.0,0.0,-2050.0,83001800.0,0.0,0.0,-83001800.0
06/04/2023,18705.8083206499,40950.0,-50.0,-0.001221,18934.4856839831,19025.9566293164,18705.8083206499,11500.0,471735000.0,0.0,0.0,11500.0,471735000.0,0.0,0.0,0.0,0.0,0.0,0.0,0.0,0.0
05/04/2023,18728.6760569833,40900.0,50.0,0.00122249,18522.8664299833,18888.7502113164,18522.8664299833,13900.0,565920000.0,0.0,0.0,13900.0,565920000.0,0.0,0.0,0.0,0.0,0.0,0.0,0.0,0.0
04/04/2023,18705.8083206499,40800.0,100.0,0.00245098,18682.9405843165,18797.2792659833,18660.0728479833,7800.0,318835000.0,0.0,0.0,7800.0,318835000.0,100.0,-100.0,0.0,0.0,4085000.0,-4085000.0,0.0,0.0
03/04/2023,18660.0728479833,40400.0,400.0,0.00990099,18477.1309573168,18660.0728479833,18362.7922756503,28925.0,1168050000.0,0.0,0.0,28925.0,1168050000.0,0.0,0.0,0.0,0.0,0.0,0.0,0.0,0.0
31/03/2023,18477.1309573168,40550.0,-150.0,-0.00369914,18545.7341663168,18545.7341663168,18294.1890666504,21600.0,866730000.0,0.0,0.0,21600.0,866730000.0,0.0,0.0,0.0,0.0,0.0,0.0,0.0,0.0
30/03/2023,18545.7341663168,41850.0,-1300.0,-0.03106332,18888.7502113164,18934.4856839831,18545.7341663168,28379.0,1160231150.0,0.0,0.0,28379.0,1160231150.0,400.0,-400.0,0.0,0.0,16295000.0,-16295000.0,0.0,0.0
29/03/2023,19140.2953109828,41800.0,50.0,0.00119617,18774.4115296498,19140.2953109828,18751.5437933166,2825.0,116017500.0,0.0,0.0,2825.0,116017500.0,0.0,0.0,0.0,0.0,0.0,0.0,0.0,0.0
28/03/2023,19117.4275746495,42100.0,-300.0,-0.00712589,19254.6339926494,19437.5758833159,19117.4275746495,10841.0,455782000.0,0.0,0.0,10841.0,455782000.0,0.0,0.0,0.0,0.0,0.0,0.0,0.0,0.0
27/03/2023,19254.6339926494,41600.0,500.0,0.01201923,19071.6921019829,19300.369465316,19048.8243656496,6856.0,287762600.0,0.0,0.0,6856.0,287762600.0,0.0,0.0,0.0,0.0,0.0,0.0,0.0,0.0
24/03/2023,19025.9566293164,41000.0,600.0,0.01463415,18797.2792659833,19254.6339926494,18797.2792659833,26931.0,1125691400.0,0.0,0.0,26931.0,1125691400.0,100.0,-100.0,0.0,0.0,4110000.0,-4110000.0,0.0,0.0
23/03/2023,18751.5437933166,40600.0,400.0,0.00985222,18431.3954846501,18751.5437933166,18294.1890666504,13275.0,538117400.0,0.0,0.0,13275.0,538117400.0,0.0,0.0,0.0,0.0,0.0,0.0,0.0,0.0
22/03/2023,18568.6019026501,39600.0,1000.0,0.02525253,18248.4535939837,18614.3373753167,18248.4535939837,16250.0,650921200.0,0.0,0.0,16250.0,650921200.0,2000.0,0.0,0.0,-2000.0,80000000.0,0.0,0.0,-80000000.0
21/03/2023,18111.2471759838,39500.0,100.0,0.00253165,18065.5117033171,18294.1890666504,17928.3052853173,13400.0,527325000.0,0.0,0.0,13400.0,527325000.0,-100.0,100.0,0.0,0.0,-3960000.0,3960000.0,0.0,0.0
20/03/2023,18065.5117033171,40350.0,-850.0,-0.02106568,18339.9245393169,18477.1309573168,18019.7762306506,14812.0,589135700.0,0.0,0.0,14812.0,589135700.0,200.0,0.0,0.0,-200.0,8020000.0,0.0,0.0,-8020000.0
17/03/2023,18454.2632209835,40650.0,-300.0,-0.00738007,18614.3373753167,18637.20511165,18431.3954846501,11425.0,462450000.0,0.0,0.0,11425.0,462450000.0,0.0,0.0,0.0,0.0,0.0,0.0,0.0,0.0
16/03/2023,18591.4696389833,40650.0,0.0,0.0,18705.8083206499,18705.8083206499,18431.3954846501,7600.0,308550000.0,0.0,0.0,7600.0,308550000.0,0.0,0.0,0.0,0.0,0.0,0.0,0.0,0.0
15/03/2023,18591.652580874,41000.0,650.0,0.01585366,18480.0580275675,18591.652580874,18390.7823849222,14447.0,597693750.0,0.0,0.0,14447.0,597693750.0,0.0,0.0,0.0,0.0,0.0,0.0,0.0,0.0
14/03/2023,18301.5067422769,42000.0,-1000.0,-0.02380952,18569.3336702128,18703.2471341807,18078.3176356637,31503.0,1291990700.0,0.0,0.0,31503.0,1291990700.0,0.0,0.0,0.0,0.0,0.0,0.0,0.0,0.0
13/03/2023,18747.8849555033,42250.0,-250.0,-0.00591716,18747.8849555033,18792.5227768258,18480.0580275675,20306.0,849717000.0,0.0,0.0,20306.0,849717000.0,0.0,0.0,0.0,0.0,0.0,0.0,0.0,0.0
10/03/2023,18859.4795088098,42200.0,50.0,0.00118483,18837.1605981486,18859.4795088098,18747.8849555033,12800.0,539905000.0,0.0,0.0,12800.0,539905000.0,0.0,0.0,0.0,0.0,0.0,0.0,0.0,0.0
09/03/2023,18837.1605981486,42100.0,100.0,0.0023753,18792.5227768258,18837.1605981486,18703.2471341807,11900.0,500365000.0,0.0,0.0,11900.0,500365000.0,0.0,0.0,0.0,0.0,0.0,0.0,0.0,0.0
08/03/2023,18792.5227768258,42000.0,100.0,0.00238095,18747.8849555033,18792.5227768258,18747.8849555033,16950.0,712160100.0,0.0,0.0,16950.0,712160100.0,0.0,0.0,0.0,0.0,0.0,0.0,0.0,0.0
07/03/2023,18747.8849555033,41950.0,50.0,0.0011919,18747.8849555033,18881.7984194711,18658.609312858,10000.0,420690000.0,0.0,0.0,10000.0,420690000.0,0.0,0.0,0.0,0.0,0.0,0.0,0.0,0.0
06/03/2023,18725.566044842,41900.0,50.0,0.00119332,18703.2471341807,19038.0307941004,18703.2471341807,15686.0,661144000.0,0.0,0.0,15686.0,661144000.0,86.0,-86.0,0.0,0.0,3554000.0,-3554000.0,0.0,0.0
03/03/2023,18703.2471341807,42250.0,-350.0,-0.00828402,18747.8849555033,18792.5227768258,18613.9714915355,8512.0,355975200.0,0.0,0.0,8512.0,355975200.0,0.0,0.0,0.0,0.0,0.0,0.0,0.0,0.0
02/03/2023,18859.4795088098,42200.0,50.0,0.00118483,18725.566044842,19082.668615423,18524.6958488901,12502.0,526969400.0,0.0,0.0,12502.0,526969400.0,100.0,-100.0,0.0,0.0,4150000.0,-4150000.0,0.0,0.0
01/03/2023,18837.1605981486,42200.0,0.0,0.0,18256.8689209543,18859.4795088098,18256.8689209543,9200.0,387655000.0,0.0,0.0,9200.0,387655000.0,0.0,0.0,0.0,0.0,0.0,0.0,0.0,0.0
28/02/2023,18837.1605981486,41250.0,950.0,0.0230303,18859.4795088098,18859.4795088098,18524.6958488901,12550.0,526855000.0,0.0,0.0,12550.0,526855000.0,0.0,0.0,0.0,0.0,0.0,0.0,0.0,0.0
27/02/2023,18413.1012955835,42050.0,-800.0,-0.01902497,18770.2038661645,18770.2038661645,18078.3176356637,14175.0,584957300.0,0.0,0.0,14175.0,584957300.0,-1500.0,1500.0,0.0,0.0,-62265000.0,62265000.0,0.0,0.0
24/02/2023,18770.2038661645,42800.0,-750.0,-0.01752336,18747.8849555033,19328.1766326974,18747.8849555033,23371.0,984914450.0,0.0,0.0,23371.0,984914450.0,-1500.0,1500.0,0.0,0.0,-63250000.0,63250000.0,0.0,0.0
23/02/2023,19104.9875260842,43000.0,-200.0,-0.00465116,19127.3064367455,19395.1333646813,18747.8849555033,21300.0,910315000.0,0.0,0.0,21300.0,910315000.0,0.0,0.0,0.0,0.0,0.0,0.0,0.0,0.0
22/02/2023,19194.2631687295,44200.0,-1200.0,-0.02714932,19640.6413819557,19640.6413819557,18837.1605981486,27275.0,1182467500.0,0.0,0.0,27275.0,1182467500.0,0.0,0.0,0.0,0.0,0.0,0.0,0.0,0.0
21/02/2023,19729.9170246009,44600.0,-400.0,-0.00896861,19908.4683098915,20109.3385058434,19729.9170246009,10640.0,472445000.0,0.0,0.0,10640.0,472445000.0,0.0,0.0,0.0,0.0,0.0,0.0,0.0,0.0
20/02/2023,19908.4683098915,43100.0,1500.0,0.03480278,19194.2631687295,19908.4683098915,19194.2631687295,41590.0,1824188250.0,0.0,0.0,41590.0,1824188250.0,0.0,0.0,0.0,0.0,0.0,0.0,0.0,0.0
17/02/2023,19238.9009900522,43100.0,0.0,0.0,19238.9009900522,19372.81445402,19194.2631687295,2955.0,127276000.0,0.0,0.0,2955.0,127276000.0,0.0,0.0,0.0,0.0,0.0,0.0,0.0,0.0
16/02/2023,19238.9009900522,42900.0,200.0,0.004662,19171.9442580683,19328.1766326974,19149.6253474069,23500.0,1012630000.0,0.0,0.0,23500.0,1012630000.0,0.0,0.0,0.0,0.0,0.0,0.0,0.0,0.0
15/02/2023,19149.6253474069,42550.0,350.0,0.00822562,18971.0740621163,19149.6253474069,18971.0740621163,16100.0,688575000.0,0.0,0.0,16100.0,688575000.0,0.0,0.0,0.0,0.0,0.0,0.0,0.0,0.0
14/02/2023,18993.3929727776,42500.0,50.0,0.00117647,18747.8849555033,19060.3497047617,18747.8849555033,16305.0,694222500.0,0.0,0.0,16305.0,694222500.0,0.0,0.0,0.0,0.0,0.0,0.0,0.0,0.0
13/02/2023,18971.0740621163,42500.0,0.0,0.0,18881.7984194711,19104.9875260842,18703.2471341807,23330.0,992975000.0,0.0,0.0,23330.0,992975000.0,0.0,0.0,0.0,0.0,0.0,0.0,0.0,0.0
10/02/2023,18971.0740621163,42400.0,100.0,0.00235849,18703.2471341807,19060.3497047617,18613.9714915355,21160.0,893144000.0,0.0,0.0,21160.0,893144000.0,0.0,0.0,0.0,0.0,0.0,0.0,0.0,0.0
09/02/2023,18926.4362407937,43000.0,-600.0,-0.01395349,19015.711883439,19015.711883439,18703.2471341807,33175.0,1399073200.0,0.0,0.0,33175.0,1399073200.0,0.0,0.0,0.0,0.0,0.0,0.0,0.0,0.0
08/02/2023,19194.2631687295,43150.0,-150.0,-0.00347625,19015.711883439,19305.8577220361,18747.8849555033,18550.0,789750000.0,0.0,0.0,18550.0,789750000.0,0.0,0.0,0.0,0.0,0.0,0.0,0.0,0.0
07/02/2023,19261.2199007135,43800.0,-650.0,-0.01484018,19238.9009900522,19305.8577220361,18971.0740621163,29500.0,1262030000.0,0.0,0.0,29500.0,1262030000.0,0.0,0.0,0.0,0.0,0.0,0.0,0.0,0.0
06/02/2023,19551.3657393105,43800.0,0.0,0.0,19328.1766326974,19551.3657393105,19015.711883439,18948.0,814008000.0,0.0,0.0,18948.0,814008000.0,0.0,0.0,0.0,0.0,0.0,0.0,0.0,0.0
03/02/2023,19551.3657393105,43100.0,700.0,0.0162413,18971.0740621163,19551.3657393105,18971.0740621163,11706.0,508067500.0,0.0,0.0,11706.0,508067500.0,0.0,0.0,0.0,0.0,0.0,0.0,0.0,0.0
02/02/2023,19238.9009900522,43500.0,-400.0,-0.0091954,19462.0900966652,19462.0900966652,18971.0740621163,23336.0,1004245800.0,0.0,0.0,23336.0,1004245800.0,0.0,0.0,0.0,0.0,0.0,0.0,0.0,0.0
01/02/2023,19417.4522753426,44100.0,-600.0,-0.01360544,19752.2359352623,19774.5548459237,19417.4522753426,19158.0,841741800.0,0.0,0.0,19158.0,841741800.0,0.0,0.0,0.0,0.0,0.0,0.0,0.0,0.0
31/01/2023,19685.2792032785,45300.0,-1200.0,-0.02649007,20444.1221657631,20444.1221657631,19506.7279179878,53073.0,2339387500.0,0.0,0.0,53073.0,2339387500.0,0.0,0.0,0.0,0.0,0.0,0.0,0.0,0.0
30/01/2023,20220.9330591499,46100.0,-800.0,-0.01735358,20533.3978084083,20622.6734510536,20087.019595182,39115.0,1782060000.0,0.0,0.0,39115.0,1782060000.0,0.0,0.0,0.0,0.0,0.0,0.0,0.0,0.0
27/01/2023,20578.0356297309,45400.0,700.0,0.0154185,20354.8465231178,20711.9490936988,20354.8465231178,12207.0,561544800.0,0.0,0.0,12207.0,561544800.0,0.0,0.0,0.0,0.0,0.0,0.0,0.0,0.0
19/01/2023,20265.5708804725,45000.0,400.0,0.00888889,20087.019595182,20332.5276124564,20020.0628631981,90260.0,4083830350.0,0.0,0.0,90260.0,4083830350.0,-200.0,0.0,0.0,200.0,-9020000.0,0.0,0.0,9020000.0
18/01/2023,20087.019595182,44400.0,600.0,0.01351351,19819.1926672463,20176.2952378272,19305.8577220361,28948.0,1301947100.0,0.0,0.0,28948.0,1301947100.0,2000.0,0.0,0.0,-2000.0,88800000.0,0.0,0.0,-88800000.0
17/01/2023,19819.1926672463,43600.0,800.0,0.01834862,19462.0900966652,19953.1061312141,19238.9009900522,16609.0,737966000.0,0.0,0.0,16609.0,737966000.0,0.0,0.0,0.0,0.0,0.0,0.0,0.0,0.0
16/01/2023,19462.0900966652,44000.0,-400.0,-0.00909091,19729.9170246009,19729.9170246009,19149.6253474069,20466.0,890143200.0,0.0,0.0,20466.0,890143200.0,500.0,-500.0,0.0,0.0,21570000.0,-21570000.0,0.0,0.0
13/01/2023,19640.6413819557,44500.0,-500.0,-0.01123596,19640.6413819557,19774.5548459237,19462.0900966652,11633.0,511172000.0,0.0,0.0,11633.0,511172000.0,0.0,0.0,0.0,0.0,0.0,0.0,0.0,0.0
12/01/2023,19863.8304885688,45300.0,-800.0,-0.01766004,19819.1926672463,20265.5708804725,19729.9170246009,24048.0,1078507300.0,0.0,0.0,24048.0,1078507300.0,400.0,0.0,0.0,-400.0,17760000.0,0.0,0.0,-17760000.0
11/01/2023,20220.9330591499,45000.0,300.0,0.00666667,20109.3385058434,20265.5708804725,19819.1926672463,25115.0,1127865000.0,0.0,0.0,25115.0,1127865000.0,-1800.0,0.0,0.0,1800.0,-81530000.0,0.0,0.0,81530000.0
10/01/2023,20087.019595182,44100.0,900.0,0.02040816,19729.9170246009,20131.6574165047,19395.1333646813,60660.0,2701602550.0,0.0,0.0,60660.0,2701602550.0,0.0,0.0,0.0,0.0,0.0,0.0,0.0,0.0
09/01/2023,19685.2792032785,43950.0,150.0,0.00341297,19618.3224712944,19863.8304885688,19484.4090073265,24783.0,1092307450.0,0.0,0.0,24783.0,1092307450.0,2250.0,-2250.0,0.0,0.0,99532100.0,-99532100.0,0.0,0.0
06/01/2023,19618.3224712944,42600.0,1350.0,0.03169014,19060.3497047617,19774.5548459237,19060.3497047617,50756.0,2214057800.0,0.0,0.0,50756.0,2214057800.0,0.0,0.0,0.0,0.0,0.0,0.0,0.0,0.0
05/01/2023,19015.711883439,41200.0,1400.0,0.03398058,18413.1012955835,19060.3497047617,17989.0419930186,46904.0,1962413500.0,0.0,0.0,46904.0,1962413500.0,0.0,0.0,0.0,0.0,0.0,0.0,0.0,0.0
04/01/2023,18390.7823849222,41000.0,200.0,0.00487805,18167.5932783089,18480.0580275675,18167.5932783089,15925.0,652589000.0,0.0,0.0,15925.0,652589000.0,-500.0,0.0,0.0,500.0,-20650000.0,0.0,0.0,20650000.0
03/01/2023,18301.5067422769,39350.0,1650.0,0.04193139,17564.9826904535,18301.5067422769,17564.9826904535,24557.0,988445450.0,0.0,0.0,24557.0,988445450.0,-1000.0,0.0,0.0,1000.0,-40950000.0,0.0,0.0,40950000.0
30/12/2022,17564.9826904535,40400.0,-1050.0,-0.0259901,17654.2583330989,18033.679814341,17564.9826904535,15701.0,621715400.0,0.0,0.0,15701.0,621715400.0,0.0,0.0,0.0,0.0,0.0,0.0,0.0,0.0
29/12/2022,18033.679814341,40900.0,-500.0,-0.01222494,18167.5932783089,18256.8689209543,17855.1285290507,21910.0,886325000.0,0.0,0.0,21910.0,886325000.0,0.0,0.0,0.0,0.0,0.0,0.0,0.0,0.0
28/12/2022,18256.8689209543,41500.0,-600.0,-0.01445783,18301.5067422769,18301.5067422769,18122.9554569865,10200.0,416640000.0,0.0,0.0,10200.0,416640000.0,-1100.0,1100.0,0.0,0.0,-45100000.0,45100000.0,0.0,0.0
27/12/2022,18524.6958488901,42000.0,-500.0,-0.01190476,18524.6958488901,18747.8849555033,18122.9554569865,15401.0,631450500.0,0.0,0.0,15401.0,631450500.0,0.0,0.0,0.0,0.0,0.0,0.0,0.0,0.0
26/12/2022,18747.8849555033,42600.0,-600.0,-0.01408451,18993.3929727776,19060.3497047617,18524.6958488901,28510.0,1195701000.0,0.0,0.0,28510.0,1195701000.0,-7008.0,7008.0,0.0,0.0,-293742000.0,293742000.0,0.0,0.0
23/12/2022,19015.711883439,42550.0,50.0,0.00117509,18881.7984194711,19127.3064367455,18747.8849555033,13504.0,571505450.0,0.0,0.0,13504.0,571505450.0,-3029.0,3029.0,0.0,0.0,-127226701.0,127226700.0,0.0,0.0
22/12/2022,18993.3929727776,41800.0,750.0,0.01794258,18569.3336702128,19127.3064367455,18569.3336702128,4091.0,172203100.0,0.0,0.0,4091.0,172203100.0,600.0,0.0,0.0,-600.0,24960000.0,0.0,0.0,-24960000.0
21/12/2022,18658.609312858,43201.0,-1401.0,-0.0324298,18390.7823849222,19194.2631687295,18390.7823849222,38130.0,1601373000.0,0.0,0.0,38130.0,1601373000.0,-11300.0,11300.0,0.0,0.0,-478740000.0,478740000.0,0.0,0.0
20/12/2022,19284.020899845,44400.0,-200.0,-0.0045045,19589.4239457702,19633.0529523308,18760.4728211162,29141.0,1278209500.0,0.0,0.0,29141.0,1278209500.0,-5400.0,5400.0,0.0,0.0,-235680000.0,235680000.0,0.0,0.0
19/12/2022,19371.2789129666,44000.0,400.0,0.00909091,19196.7628867236,19589.4239457702,19196.7628867236,25602.0,1136148000.0,0.0,0.0,25602.0,1136148000.0,-5900.0,5900.0,0.0,0.0,-261060000.0,261060000.0,0.0,0.0
16/12/2022,19196.7628867236,44650.0,-650.0,-0.01455767,19000.4323572003,19414.9079195272,18978.6178539198,33210.0,1452813000.0,0.0,0.0,33210.0,1452813000.0,-10400.0,10400.0,0.0,0.0,-454240000.0,454240000.0,0.0,0.0
15/12/2022,19480.3514293683,46300.0,-1650.0,-0.03563715,20200.2300376205,20200.2300376205,19414.9079195272,30650.0,1381207300.0,0.0,0.0,30650.0,1381207300.0,-17600.0,17600.0,0.0,0.0,-791505000.0,791505000.0,0.0,0.0
14/12/2022,20200.2300376205,45900.0,400.0,0.0087146,20069.3430179383,20243.8590441812,19676.6819588917,14403.0,661006650.0,0.0,0.0,14403.0,661006650.0,0.0,0.0,0.0,0.0,0.0,0.0,0.0,0.0
13/12/2022,20025.7140113776,45500.0,400.0,0.00879121,20134.7865277793,20134.7865277793,19196.7628867236,30056.0,1351021000.0,0.0,0.0,30056.0,1351021000.0,800.0,-1000.0,0.0,200.0,35770000.0,-45000000.0,0.0,9230000.0
12/12/2022,19851.1979851346,44000.0,1500.0,0.03409091,19545.7949392095,19982.0850048167,18760.4728211162,35575.0,1612552500.0,0.0,0.0,35575.0,1612552500.0,800.0,-1000.0,0.0,200.0,36740000.0,-45700000.0,0.0,8960000.0
09/12/2022,19196.7628867236,42500.0,1500.0,0.03529412,18585.9567948733,19196.7628867236,18585.9567948733,20956.0,910768050.0,0.0,0.0,20956.0,910768050.0,-200.0,0.0,0.0,200.0,-8560000.0,0.0,0.0,8560000.0
08/12/2022,18542.3277883125,41000.0,1500.0,0.03658537,18106.0377227051,18716.8438145555,17887.8926899015,37364.0,1566140100.0,0.0,0.0,37364.0,1566140100.0,0.0,0.0,0.0,0.0,0.0,0.0,0.0,0.0
07/12/2022,17887.8926899015,40200.0,800.0,0.0199005,17495.2316308548,17887.8926899015,16906.2400422849,42952.0,1717129500.0,0.0,0.0,42952.0,1717129500.0,0.0,0.0,0.0,0.0,0.0,0.0,0.0,0.0
06/12/2022,17538.8606374157,40400.0,-200.0,-0.0049505,17953.3361997425,17953.3361997425,17233.4575914904,50110.0,2008610000.0,0.0,0.0,50110.0,2008610000.0,0.0,0.0,0.0,0.0,0.0,0.0,0.0,0.0
05/12/2022,17626.1186505369,39500.0,900.0,0.02278481,16971.6835521261,17822.4491800603,16971.6835521261,41635.0,1657002050.0,0.0,0.0,41635.0,1657002050.0,0.0,0.0,0.0,0.0,0.0,0.0,0.0,0.0
02/12/2022,17233.4575914904,39000.0,500.0,0.01282051,17015.3125586869,17233.4575914904,16797.1675258831,23000.0,899355000.0,0.0,0.0,23000.0,899355000.0,100.0,0.0,0.0,-100.0,3930000.0,0.0,0.0,-3930000.0
01/12/2022,17015.3125586869,39000.0,0.0,0.0,17015.3125586869,17451.6026242942,16862.6110357243,82657.0,3235178450.0,0.0,0.0,82657.0,3235178450.0,500.0,0.0,0.0,-500.0,19490000.0,0.0,0.0,-19490000.0
30/11/2022,17015.3125586869,39000.0,0.0,0.0,16688.0950094813,17451.6026242942,16688.0950094813,20052.0,782460500.0,0.0,0.0,20052.0,782460500.0,700.0,0.0,0.0,-700.0,27355000.0,0.0,0.0,-27355000.0
29/11/2022,17015.3125586869,37500.0,1500.0,0.04,16382.6919635561,17058.9415652476,16382.6919635561,21378.0,813002500.0,0.0,0.0,21378.0,813002500.0,300.0,-100.0,0.0,-200.0,11390000.0,-3755000.0,0.0,-7635000.0
28/11/2022,16360.8774602758,35200.0,2300.0,0.06534091,15531.9263356219,16426.3209701169,15531.9263356219,78160.0,2919674500.0,0.0,0.0,78160.0,2919674500.0,-1600.0,0.0,0.0,1600.0,-60320000.0,0.0,0.0,60320000.0
25/11/2022,15357.4103093788,34750.0,450.0,0.01294964,15357.4103093788,15357.4103093788,15182.8942831359,4766.0,166715000.0,0.0,0.0,4766.0,166715000.0,600.0,0.0,0.0,-600.0,20880000.0,0.0,0.0,-20880000.0
24/11/2022,15161.0797798555,34700.0,50.0,0.00144092,15095.6362700145,15182.8942831359,14397.5721650426,18722.0,639874800.0,0.0,0.0,18722.0,639874800.0,0.0,200.0,0.0,-200.0,-170000.0,6940000.0,0.0,-6770000.0
23/11/2022,15139.2652765751,35450.0,-750.0,-0.02115656,15531.9263356219,15531.9263356219,15052.0072634537,10757.0,373693900.0,0.0,0.0,10757.0,373693900.0,-300.0,0.0,0.0,300.0,-10250000.0,0.0,0.0,10250000.0
22/11/2022,15466.4828257807,34600.0,850.0,0.02456647,15052.0072634537,15640.9988520237,15052.0072634537,27814.0,973307000.0,0.0,0.0,27814.0,973307000.0,300.0,0.0,0.0,-300.0,10385000.0,0.0,0.0,-10385000.0
21/11/2022,15095.6362700145,34550.0,50.0,0.00144718,14877.4912372106,15139.2652765751,14877.4912372106,8699.0,298476700.0,0.0,0.0,8699.0,298476700.0,-300.0,0.0,0.0,300.0,-10265000.0,0.0,0.0,10265000.0
18/11/2022,15073.8217667341,34500.0,50.0,0.00144928,15052.0072634537,15095.6362700145,14397.5721650426,18138.0,618202600.0,0.0,0.0,18138.0,618202600.0,-2900.0,3000.0,0.0,-100.0,-100780000.0,103500000.0,0.0,-2720000.0
17/11/2022,15052.0072634537,32950.0,1550.0,0.04704097,14397.5721650426,15052.0072634537,13961.2820994353,24718.0,832465100.0,0.0,0.0,24718.0,832465100.0,83.0,-83.0,-83.0,0.0,2294100.0,-2599100.0,-2599000.0,305000.0
16/11/2022,14375.7576617622,32200.0,750.0,0.02329193,13939.467596155,14375.7576617622,13066.8874649402,121754.0,3750476300.0,0.0,0.0,121754.0,3750476300.0,-500.0,0.0,0.0,500.0,-17325000.0,0.0,0.0,17325000.0
15/11/2022,14048.5401125568,34150.0,-1950.0,-0.05710102,14572.0881912856,14572.0881912856,13874.0240863139,44237.0,1416106000.0,0.0,0.0,44237.0,1416106000.0,600.0,0.0,0.0,-600.0,19205000.0,0.0,0.0,-19205000.0
14/11/2022,14899.305740491,34750.0,-600.0,-0.01726619,15161.0797798555,15161.0797798555,14397.5721650426,19798.0,660359400.0,0.0,0.0,19798.0,660359400.0,800.0,0.0,0.0,-800.0,26720000.0,0.0,0.0,-26720000.0
11/11/2022,15161.0797798555,34200.0,550.0,0.01608187,14964.7492503321,15226.5232896966,14921.1202437715,11902.0,411524800.0,0.0,0.0,11902.0,411524800.0,0.0,0.0,0.0,0.0,-145000.0,0.0,0.0,145000.0
10/11/2022,14921.1202437715,34000.0,200.0,0.00588235,14833.86223065,15248.3377929771,14724.7897142482,38342.0,1313419900.0,0.0,0.0,38342.0,1313419900.0,800.0,0.0,0.0,-800.0,27200000.0,0.0,0.0,-27200000.0
09/11/2022,14833.86223065,33600.0,400.0,0.01190476,14659.346204407,15270.1522962575,14659.346204407,30645.0,1055580250.0,0.0,0.0,30645.0,1055580250.0,800.0,0.0,0.0,-800.0,27405000.0,0.0,0.0,-27405000.0
08/11/2022,14659.346204407,33150.0,450.0,0.01357466,14179.427132239,14659.346204407,13961.2820994353,41535.0,1365348250.0,0.0,0.0,41535.0,1365348250.0,1300.0,-800.0,0.0,-500.0,43270000.0,-26680000.0,0.0,-16590000.0
07/11/2022,14463.0156748837,35600.0,-2450.0,-0.06882022,15052.0072634537,15248.3377929771,14463.0156748837,116678.0,3927598650.0,0.0,0.0,116678.0,3927598650.0,1000.0,0.0,0.0,-1000.0,33980000.0,0.0,0.0,-33980000.0
04/11/2022,15531.9263356219,37700.0,-2100.0,-0.05570292,16099.1034209114,17015.3125586869,15531.9263356219,62929.0,2355714000.0,0.0,0.0,62929.0,2355714000.0,800.0,0.0,0.0,-800.0,30780000.0,0.0,0.0,-30780000.0
03/11/2022,16448.1354733972,38500.0,-800.0,-0.02077922,16993.4980554064,16993.4980554064,16448.1354733972,14900.0,564705000.0,0.0,0.0,14900.0,564705000.0,1300.0,0.0,0.0,-1300.0,49540000.0,0.0,0.0,-49540000.0
02/11/2022,16797.1675258831,39300.0,-800.0,-0.02035623,17887.8926899015,17887.8926899015,16797.1675258831,39698.0,1575980300.0,0.0,0.0,39698.0,1575980300.0,590.0,-90.0,-90.0,-500.0,23153000.0,-3458000.0,-3458000.0,-19695000.0
01/11/2022,17146.199578369,40500.0,-1200.0,-0.02962963,17800.63467678,17800.63467678,17080.756068528,22603.0,901037400.0,0.0,0.0,22603.0,901037400.0,-300.0,0.0,0.0,300.0,-12015000.0,0.0,0.0,12015000.0
31/10/2022,17669.7476570978,40500.0,0.0,0.0,17669.7476570978,17691.5621603782,17015.3125586869,17264.0,691390000.0,0.0,0.0,17264.0,691390000.0,200.0,0.0,0.0,-200.0,8060000.0,0.0,0.0,-8060000.0
28/10/2022,17669.7476570978,41500.0,-1000.0,-0.02409639,18280.5537489482,18324.1827555088,17669.7476570978,19295.0,789436200.0,0.0,0.0,19295.0,789436200.0,-300.0,0.0,0.0,300.0,-12330000.0,0.0,0.0,12330000.0
27/10/2022,18106.0377227051,40000.0,1500.0,0.0375,17146.199578369,18106.0377227051,17146.199578369,13503.0,547059350.0,0.0,0.0,13503.0,547059350.0,-900.0,0.0,0.0,900.0,-36185000.0,0.0,0.0,36185000.0
26/10/2022,17451.6026242942,40000.0,0.0,0.0,17451.6026242942,17669.7476570978,17015.3125586869,11786.0,469809000.0,0.0,0.0,11786.0,469809000.0,1100.0,-200.0,0.0,-900.0,43890000.0,-7940000.0,0.0,-35950000.0
25/10/2022,17451.6026242942,39000.0,1000.0,0.02564103,16404.5064668365,18106.0377227051,15902.772891388,52408.0,2036602050.0,0.0,0.0,52408.0,2036602050.0,-3700.0,0.0,0.0,3700.0,-141655000.0,0.0,0.0,141655000.0
24/10/2022,17015.3125586869,41000.0,-2000.0,-0.04878049,17495.2316308548,18149.6667292659,17015.3125586869,36259.0,1455586500.0,0.0,0.0,36259.0,1455586500.0,-3700.0,0.0,0.0,3700.0,-146795000.0,0.0,0.0,146795000.0
21/10/2022,17887.8926899015,42150.0,-1150.0,-0.02728351,18411.4407686304,18411.4407686304,17451.6026242942,69306.0,2819336200.0,0.0,0.0,69306.0,2819336200.0,1000.0,0.0,0.0,-1000.0,40990000.0,0.0,0.0,-40990000.0
20/10/2022,18389.6262653499,42500.0,-350.0,-0.00823529,18542.3277883125,18695.0293112751,18367.8117620696,11925.0,505024300.0,0.0,0.0,11925.0,505024300.0,0.0,0.0,0.0,0.0,90000.0,0.0,0.0,-90000.0
19/10/2022,18542.3277883125,43800.0,-1300.0,-0.02968037,19109.504873602,19109.504873602,18542.3277883125,11486.0,493816100.0,0.0,0.0,11486.0,493816100.0,-100.0,0.0,0.0,100.0,-4315000.0,0.0,0.0,4315000.0
18/10/2022,19109.504873602,42950.0,850.0,0.01979045,18978.6178539198,19153.1338801628,18869.545337518,30803.0,1345284000.0,0.0,0.0,30803.0,1345284000.0,400.0,0.0,0.0,-400.0,17420000.0,0.0,0.0,-17420000.0
17/10/2022,18738.6583178358,43650.0,-700.0,-0.01603666,19044.0613637609,19044.0613637609,18149.6667292659,30160.0,1266345000.0,0.0,0.0,30160.0,1266345000.0,800.0,-100.0,-100.0,-700.0,34300000.0,-4295000.0,-4295000.0,-30005000.0
14/10/2022,19044.0613637609,43500.0,150.0,0.00344828,19000.4323572003,19153.1338801628,18956.8033506395,10200.0,444990000.0,0.0,0.0,10200.0,444990000.0,200.0,0.0,0.0,-200.0,8690000.0,0.0,0.0,-8690000.0
13/10/2022,18978.6178539198,43350.0,150.0,0.00346021,18934.9888473592,19109.504873602,18411.4407686304,7200.0,312170000.0,0.0,0.0,7200.0,312170000.0,400.0,0.0,0.0,-400.0,17350000.0,0.0,0.0,-17350000.0
12/10/2022,18913.1743440787,40950.0,2400.0,0.05860806,17866.0781866211,18913.1743440787,17451.6026242942,41875.0,1732337500.0,0.0,0.0,41875.0,1732337500.0,1800.0,-2000.0,0.0,200.0,73915000.0,-82050000.0,0.0,8135000.0
11/10/2022,17866.0781866211,44000.0,-3050.0,-0.06931818,19218.5773900039,19218.5773900039,17866.0781866211,30065.0,1247379500.0,0.0,0.0,30065.0,1247379500.0,4700.0,-3600.0,0.0,-1100.0,197790000.0,-151140000.0,0.0,-46650000.0
10/10/2022,19196.7628867236,43350.0,650.0,0.01499423,18891.3598407983,19196.7628867236,18367.8117620696,22202.0,961063750.0,0.0,0.0,22202.0,961063750.0,850.0,-1500.0,0.0,650.0,36030000.0,-65100000.0,0.0,29070000.0
07/10/2022,18913.1743440787,46550.0,-3200.0,-0.06874329,20309.3025540223,20309.3025540223,18891.3598407983,32657.0,1439930300.0,0.0,0.0,32657.0,1439930300.0,5400.0,-4900.0,0.0,-500.0,237235000.0,-213065000.0,0.0,-24170000.0
06/10/2022,20309.3025540223,47400.0,-850.0,-0.01793249,20592.891096667,20636.5201032277,20047.5285146579,15067.0,701717550.0,0.0,0.0,15067.0,701717550.0,1000.0,0.0,0.0,-1000.0,46530000.0,0.0,0.0,-46530000.0
05/10/2022,20680.1491097886,47000.0,400.0,0.00851064,20505.6330835456,20854.6651360315,20374.7460638634,26643.0,1260423450.0,0.0,0.0,26643.0,1260423450.0,10500.0,-2500.0,0.0,-8000.0,494560000.0,-118700000.0,0.0,-375860000.0
04/10/2022,20505.6330835456,47000.0,0.0,0.0,20331.1170573026,20811.0361294707,20243.8590441812,37000.0,1737041350.0,0.0,0.0,37000.0,1737041350.0,2300.0,0.0,0.0,-2300.0,108795000.0,0.0,0.0,-108795000.0
03/10/2022,20505.6330835456,48300.0,-1300.0,-0.02691511,20941.923149153,21160.0681819566,20505.6330835456,31859.0,1521364500.0,0.0,0.0,31859.0,1521364500.0,497.0,-97.0,0.0,-400.0,23726900.0,-4456900.0,0.0,-19270000.0
30/09/2022,21072.8101688352,47950.0,350.0,0.00729927,20876.4796393118,21116.4391753959,20549.2620901064,38114.0,1827388800.0,0.0,0.0,38114.0,1827388800.0,1000.0,0.0,0.0,-1000.0,47845000.0,0.0,0.0,-47845000.0
29/09/2022,20920.1086458725,47950.0,0.0,0.0,20941.923149153,21029.1811622745,20854.6651360315,43998.0,2111157350.0,0.0,0.0,43998.0,2111157350.0,1200.0,0.0,0.0,-1200.0,57520000.0,0.0,0.0,-57520000.0
28/09/2022,20920.1086458725,48500.0,-550.0,-0.01134021,20767.40712291,21029.1811622745,20767.40712291,38916.0,1860968200.0,0.0,0.0,38916.0,1860968200.0,616.0,-16.0,0.0,-600.0,29463200.0,-763200.0,0.0,-28700000.0
27/09/2022,21160.0681819566,48600.0,-100.0,-0.00205761,21203.6971885175,21203.6971885175,20767.40712291,27235.0,1308695800.0,0.0,0.0,27235.0,1308695800.0,1600.0,0.0,0.0,-1600.0,77240000.0,0.0,0.0,-77240000.0
26/09/2022,21203.6971885175,50000.0,-1400.0,-0.028,21378.2132147603,21465.4712278818,20876.4796393118,39588.0,1908666000.0,0.0,0.0,39588.0,1908666000.0,2000.0,0.0,0.0,-2000.0,97005000.0,0.0,0.0,-97005000.0
23/09/2022,21814.5032803677,50300.0,-300.0,-0.00596421,21814.5032803677,21945.39030005,21552.7292410033,32886.0,1629053200.0,0.0,0.0,32886.0,1629053200.0,-383.0,-17.0,-17.0,400.0,-18930300.0,-834700.0,-835000.0,19765000.0
22/09/2022,21945.39030005,49950.0,350.0,0.00700701,21029.1811622745,21945.39030005,21029.1811622745,12338.0,612712750.0,0.0,0.0,12338.0,612712750.0,200.0,0.0,0.0,-200.0,9915000.0,0.0,0.0,-9915000.0
21/09/2022,21792.6887770873,49800.0,150.0,0.00301205,21727.2452672462,22076.277319732,21378.2132147603,11263.0,563454500.0,0.0,0.0,11263.0,563454500.0,800.0,0.0,0.0,-800.0,39870000.0,0.0,0.0,-39870000.0
20/09/2022,21727.2452672462,49000.0,800.0,0.01632653,21814.5032803677,21814.5032803677,20941.923149153,13145.0,641227000.0,0.0,0.0,13145.0,641227000.0,600.0,0.0,0.0,-600.0,29120000.0,0.0,0.0,-29120000.0
19/09/2022,21378.2132147603,50500.0,-1500.0,-0.02970297,21814.5032803677,21989.0193066106,20941.923149153,20678.0,1027244050.0,30000.0,1410000000.0,50678.0,2437244050.0,-429.0,-71.0,0.0,500.0,-22265901.0,-3444100.0,0.0,25710000.0
16/09/2022,22032.6483131713,50100.0,400.0,0.00798403,22032.6483131713,22076.277319732,21814.5032803677,33725.0,1695112400.0,0.0,0.0,33725.0,1695112400.0,3104.0,-123.0,0.0,-2900.0,155781400.0,-6156900.0,0.0,-145610000.0
15/09/2022,21858.1322869284,49900.0,200.0,0.00400802,21814.5032803677,22119.9063262928,21814.5032803677,23005.0,1154852600.0,30000.0,1393500000.0,53005.0,2548352600.0,682.0,0.0,0.0,-600.0,34393399.0,0.0,0.0,-30400000.0
14/09/2022,21770.8742738069,51600.0,-1700.0,-0.03294574,22468.9383787787,22599.8253984609,21596.358247564,98598.0,4943805300.0,0.0,0.0,98598.0,4943805300.0,-100.0,0.0,0.0,100.0,-5035000.0,0.0,0.0,5035000.0
13/09/2022,22512.5673853395,53000.0,-1400.0,-0.02641509,23123.3734771898,23123.3734771898,22512.5673853395,16728.0,871696600.0,0.0,0.0,16728.0,871696600.0,370.0,-70.0,0.0,-300.0,19475900.0,-3605900.0,0.0,-15870000.0
12/09/2022,23123.3734771898,52300.0,700.0,0.01338432,23123.3734771898,23210.6314903112,22905.2284443861,12866.0,679747600.0,0.0,0.0,12866.0,679747600.0,142.0,-79.0,0.0,-100.0,7286200.0,-4005300.0,0.0,-5280000.0
09/09/2022,22817.9704312646,53000.0,-700.0,-0.01320755,23123.3734771898,23167.0024837504,22425.3093722181,39200.0,2032480000.0,0.0,0.0,39200.0,2032480000.0,1400.0,0.0,0.0,-1400.0,72950000.0,0.0,0.0,-72950000.0
08/09/2022,23123.3734771898,53000.0,0.0,0.0,23123.3734771898,23123.3734771898,22774.3414247038,18400.0,969450000.0,0.0,0.0,18400.0,969450000.0,-4800.0,0.0,0.0,4800.0,-253500000.0,0.0,0.0,253500000.0
07/09/2022,23123.3734771898,53300.0,-300.0,-0.00562852,23123.3734771898,23297.8895034327,22817.9704312646,20900.0,1102780000.0,0.0,0.0,20900.0,1102780000.0,1900.0,0.0,0.0,-1900.0,100740000.0,0.0,0.0,-100740000.0
06/09/2022,23254.2604968719,53500.0,-200.0,-0.00373832,23341.5185099935,23559.663542797,23123.3734771898,36500.0,1948090000.0,0.0,0.0,36500.0,1948090000.0,-900.0,0.0,0.0,900.0,-47790000.0,0.0,0.0,47790000.0
05/09/2022,23341.5185099935,53100.0,400.0,0.00753296,22556.1963919002,23472.4055296756,22556.1963919002,12600.0,669110000.0,0.0,0.0,12600.0,669110000.0,-3900.0,0.0,0.0,3900.0,-206960000.0,0.0,0.0,206960000.0
31/08/2022,23167.0024837504,53100.0,0.0,0.0,23167.0024837504,23297.8895034327,22512.5673853395,52200.0,2753070000.0,0.0,0.0,52200.0,2753070000.0,-700.0,0.0,0.0,700.0,-36820000.0,0.0,0.0,36820000.0
30/08/2022,23167.0024837504,53900.0,-800.0,-0.0148423,23516.0345362363,23777.8085756008,22730.7124181431,49500.0,2647060000.0,0.0,0.0,49500.0,2647060000.0,-500.0,0.0,0.0,500.0,-26740000.0,0.0,0.0,26740000.0
29/08/2022,23516.0345362363,53900.0,0.0,0.0,22861.5994378255,23559.663542797,22119.9063262928,65200.0,3407270000.0,0.0,0.0,65200.0,3407270000.0,-700.0,0.0,0.0,700.0,-36740000.0,0.0,0.0,36740000.0
26/08/2022,23516.0345362363,53600.0,300.0,0.00559701,23690.5505624792,23690.5505624792,23036.1154640684,26100.0,1390990000.0,0.0,0.0,26100.0,1390990000.0,-500.0,-100.0,0.0,600.0,-26640000.0,-5300000.0,0.0,31940000.0
25/08/2022,23385.1475165541,54600.0,-1000.0,-0.01831502,23777.8085756008,23865.0665887223,23123.3734771898,44800.0,2392860000.0,0.0,0.0,44800.0,2392860000.0,-900.0,0.0,0.0,900.0,-48540000.0,0.0,0.0,48540000.0
24/08/2022,23821.4375821616,54500.0,100.0,0.00183486,23472.4055296756,23821.4375821616,23472.4055296756,27100.0,1465750000.0,0.0,0.0,27100.0,1465750000.0,-2500.0,500.0,0.0,2000.0,-135460000.0,27000000.0,0.0,108460000.0
23/08/2022,23777.8085756008,54900.0,-400.0,-0.00728597,23908.6955952829,23952.3246018438,23559.663542797,26000.0,1412780000.0,0.0,0.0,26000.0,1412780000.0,-500.0,0.0,0.0,500.0,-27120000.0,0.0,0.0,27120000.0
22/08/2022,23952.3246018438,55000.0,-100.0,-0.00181818,23995.9536084044,24039.5826149652,23777.8085756008,30800.0,1686490000.0,0.0,0.0,30800.0,1686490000.0,1800.0,0.0,0.0,-1800.0,98610000.0,0.0,0.0,-98610000.0
19/08/2022,23995.9536084044,55000.0,0.0,0.0,23995.9536084044,24214.0986412081,23821.4375821616,19200.0,1057160000.0,0.0,0.0,19200.0,1057160000.0,-1200.0,100.0,0.0,1100.0,-66470000.0,5510000.0,0.0,60960000.0
18/08/2022,23995.9536084044,55000.0,0.0,0.0,24126.8406280866,24126.8406280866,23777.8085756008,15500.0,850230000.0,0.0,0.0,15500.0,850230000.0,200.0,100.0,0.0,-300.0,10990000.0,5500000.0,0.0,-16490000.0
17/08/2022,23995.9536084044,54700.0,300.0,0.00548446,23995.9536084044,24432.2436740119,23995.9536084044,53900.0,2988000000.0,0.0,0.0,53900.0,2988000000.0,-700.0,300.0,0.0,400.0,-38500000.0,16620000.0,0.0,21880000.0
16/08/2022,23865.0665887223,55200.0,-500.0,-0.00905797,24083.2116215259,24214.0986412081,23777.8085756008,34000.0,1864600000.0,0.0,0.0,34000.0,1864600000.0,500.0,0.0,0.0,-500.0,27450000.0,0.0,0.0,-27450000.0
15/08/2022,24083.2116215259,55500.0,-300.0,-0.00540541,24214.0986412081,24650.3887068155,24039.5826149652,21000.0,1166620000.0,0.0,0.0,21000.0,1166620000.0,-700.0,0.0,0.0,700.0,-38970000.0,0.0,0.0,38970000.0
12/08/2022,24214.0986412081,55200.0,300.0,0.00543478,24170.4696346474,24257.7276477688,23777.8085756008,32000.0,1774230000.0,0.0,0.0,32000.0,1774230000.0,100.0,0.0,0.0,-100.0,5680000.0,0.0,0.0,-5680000.0
11/08/2022,24083.2116215259,54500.0,700.0,0.01284404,23821.4375821616,24344.9856608904,23603.2925493578,80700.0,4457380000.0,0.0,0.0,80700.0,4457380000.0,1200.0,0.0,0.0,-1200.0,66150000.0,0.0,0.0,-66150000.0
10/08/2022,23777.8085756008,55600.0,-1100.0,-0.01978417,24257.7276477688,24344.9856608904,23777.8085756008,22900.0,1261450000.0,0.0,0.0,22900.0,1261450000.0,1000.0,0.0,0.0,-1000.0,55450000.0,0.0,0.0,-55450000.0
09/08/2022,24257.7276477688,55000.0,600.0,0.01090909,23952.3246018438,24606.7597002548,23646.9215559185,64900.0,3600170000.0,0.0,0.0,64900.0,3600170000.0,-1300.0,0.0,0.0,1300.0,-72480000.0,0.0,0.0,72480000.0
08/08/2022,23995.9536084044,54900.0,100.0,0.00182149,24432.2436740119,24519.5016871333,23777.8085756008,32100.0,1776780000.0,0.0,0.0,32100.0,1776780000.0,-600.0,0.0,0.0,600.0,-33240000.0,0.0,0.0,33240000.0
05/08/2022,23952.3246018438,55500.0,-600.0,-0.01081081,24170.4696346474,24257.7276477688,23821.4375821616,44500.0,2451750000.0,0.0,0.0,44500.0,2451750000.0,-1000.0,0.0,0.0,1000.0,-55140000.0,0.0,0.0,55140000.0
04/08/2022,24214.0986412081,54700.0,800.0,0.01462523,23995.9536084044,24432.2436740119,23559.663542797,46900.0,2589280000.0,0.0,0.0,46900.0,2589280000.0,500.0,0.0,0.0,-500.0,27450000.0,0.0,0.0,-27450000.0
03/08/2022,23865.0665887223,52200.0,2500.0,0.04789272,22774.3414247038,23908.6955952829,22512.5673853395,80400.0,4280690000.0,0.0,0.0,80400.0,4280690000.0,2700.0,-4900.0,0.0,2200.0,144980000.0,-260710000.0,0.0,115730000.0
02/08/2022,22774.3414247038,50700.0,1500.0,0.0295858,22250.7933459749,22905.2284443861,22119.9063262928,50600.0,2603320000.0,0.0,0.0,50600.0,2603320000.0,-1200.0,0.0,0.0,1200.0,-61300000.0,0.0,0.0,61300000.0
01/08/2022,22119.9063262928,50000.0,700.0,0.014,21814.5032803677,22250.7933459749,21814.5032803677,35900.0,1819530000.0,0.0,0.0,35900.0,1819530000.0,-100.0,0.0,0.0,100.0,-5020000.0,0.0,0.0,5020000.0
29/07/2022,21814.5032803677,51300.0,-1300.0,-0.02534113,22643.4544050215,22687.0834115824,21727.2452672462,35900.0,1802310000.0,0.0,0.0,35900.0,1802310000.0,-600.0,0.0,0.0,600.0,-30260000.0,0.0,0.0,30260000.0
28/07/2022,22381.6803656572,50400.0,900.0,0.01785714,22119.9063262928,22468.9383787787,21814.5032803677,38000.0,1931610000.0,0.0,0.0,38000.0,1931610000.0,-600.0,0.0,0.0,600.0,-30020000.0,0.0,0.0,30020000.0
27/07/2022,21989.0193066106,51300.0,-900.0,-0.01754386,22381.6803656572,22381.6803656572,21901.7612934891,11700.0,589030000.0,0.0,0.0,11700.0,589030000.0,100.0,0.0,0.0,-100.0,5070000.0,0.0,0.0,-5070000.0
26/07/2022,22381.6803656572,51700.0,-400.0,-0.00773694,22556.1963919002,22556.1963919002,21814.5032803677,20200.0,1017820000.0,0.0,0.0,20200.0,1017820000.0,200.0,0.0,0.0,-200.0,10230000.0,0.0,0.0,-10230000.0
25/07/2022,22556.1963919002,51700.0,0.0,0.0,22556.1963919002,22730.7124181431,22338.0513590965,28100.0,1452420000.0,0.0,0.0,28100.0,1452420000.0,-300.0,0.0,0.0,300.0,-15480000.0,0.0,0.0,15480000.0
22/07/2022,22556.1963919002,51300.0,400.0,0.00779727,22381.6803656572,22556.1963919002,22250.7933459749,18200.0,936050000.0,0.0,0.0,18200.0,936050000.0,-700.0,0.0,0.0,700.0,-36080000.0,0.0,0.0,36080000.0
21/07/2022,22381.6803656572,51000.0,300.0,0.00588235,22643.4544050215,22730.7124181431,22250.7933459749,10700.0,552060000.0,0.0,0.0,10700.0,552060000.0,-500.0,-100.0,-100.0,600.0,-25650000.0,-5150000.0,-5150000.0,30800000.0
20/07/2022,22250.7933459749,49300.0,1700.0,0.03448276,21530.9147377229,22425.3093722181,21509.1002344426,49000.0,2473415000.0,0.0,0.0,49000.0,2473415000.0,-2800.0,0.0,0.0,2800.0,-142310000.0,0.0,0.0,142310000.0
19/07/2022,21509.1002344426,49600.0,-300.0,-0.00604839,21705.4307639659,21901.7612934891,21160.0681819566,34200.0,1686985000.0,0.0,0.0,34200.0,1686985000.0,-700.0,0.0,0.0,700.0,-35015000.0,0.0,0.0,35015000.0
18/07/2022,21639.9872541247,48000.0,1600.0,0.03333333,20941.923149153,21901.7612934891,20941.923149153,37900.0,1853970000.0,0.0,0.0,37900.0,1853970000.0,-3100.0,0.0,0.0,3100.0,-152660000.0,0.0,0.0,152660000.0
15/07/2022,20941.923149153,47900.0,100.0,0.00208768,20854.6651360315,21029.1811622745,20331.1170573026,193400.0,9116180000.0,0.0,0.0,193400.0,9116180000.0,88800.0,-5300.0,-100.0,-83500.0,4190935000.0,-252060000.0,-4800000.0,-3938875000.0
14/07/2022,20898.2941425921,47800.0,100.0,0.00209205,20462.0040769848,20898.2941425921,20287.488050742,38000.0,1790090000.0,0.0,0.0,38000.0,1790090000.0,-2600.0,0.0,0.0,2600.0,-122565000.0,0.0,0.0,122565000.0
13/07/2022,20854.6651360315,46750.0,1050.0,0.02245989,21160.0681819566,21160.0681819566,20636.5201032277,53200.0,2541995000.0,0.0,0.0,53200.0,2541995000.0,-1300.0,0.0,0.0,1300.0,-61835000.0,0.0,0.0,61835000.0
12/07/2022,20396.5605671437,47550.0,-800.0,-0.0168244,20505.6330835456,20680.1491097886,20200.2300376205,69200.0,3230175000.0,0.0,0.0,69200.0,3230175000.0,-1300.0,0.0,0.0,1300.0,-60775000.0,0.0,0.0,60775000.0
11/07/2022,20745.5926196297,47600.0,-50.0,-0.00105042,20723.7781163492,20789.2216261905,20374.7460638634,30200.0,1425995000.0,0.0,0.0,30200.0,1425995000.0,-400.0,0.0,0.0,400.0,-18670000.0,0.0,0.0,18670000.0
08/07/2022,20767.40712291,46450.0,1150.0,0.0247578,20571.0765933866,20767.40712291,20287.488050742,19000.0,898080000.0,0.0,0.0,19000.0,898080000.0,-200.0,0.0,0.0,200.0,-9275000.0,0.0,0.0,9275000.0
07/07/2022,20265.6735474616,45900.0,550.0,0.01198257,19720.3109654523,20462.0040769848,19720.3109654523,12500.0,577800000.0,0.0,0.0,12500.0,577800000.0,-1200.0,0.0,0.0,1200.0,-54635000.0,0.0,0.0,54635000.0
06/07/2022,20025.7140113776,47100.0,-1200.0,-0.02547771,20549.2620901064,20723.7781163492,20025.7140113776,47300.0,2214775000.0,0.0,0.0,47300.0,2214775000.0,1200.0,0.0,0.0,-1200.0,56360000.0,0.0,0.0,-56360000.0
05/07/2022,20549.2620901064,50600.0,-3500.0,-0.06916996,22207.1643394142,22207.1643394142,20549.2620901064,55300.0,2667435000.0,0.0,0.0,55300.0,2667435000.0,2500.0,0.0,-100.0,-2500.0,123330000.0,-185000.0,-4950000.0,-123145000.0
04/07/2022,22076.277319732,50500.0,100.0,0.0019802,22032.6483131713,22338.0513590965,21639.9872541247,9300.0,468985000.0,0.0,0.0,9300.0,468985000.0,700.0,100.0,0.0,-800.0,34665000.0,5020000.0,0.0,-39685000.0
01/07/2022,22032.6483131713,51100.0,-600.0,-0.01174168,22338.0513590965,22338.0513590965,21356.39871148,37300.0,1865085000.0,0.0,0.0,37300.0,1865085000.0,1600.0,0.0,0.0,-1600.0,79810000.0,0.0,0.0,-79810000.0
30/06/2022,22294.4223525358,51000.0,100.0,0.00196078,21814.5032803677,22468.9383787787,21814.5032803677,31500.0,1598620000.0,0.0,0.0,31500.0,1598620000.0,1500.0,0.0,0.0,-1500.0,76070000.0,0.0,0.0,-76070000.0
29/06/2022,22250.7933459749,51000.0,0.0,0.0,22294.4223525358,22687.0834115824,21596.358247564,50200.0,2538395000.0,0.0,0.0,50200.0,2538395000.0,1200.0,0.0,0.0,-1200.0,61410000.0,0.0,0.0,-61410000.0
28/06/2022,22250.7933459749,48500.0,2500.0,0.05154639,21334.5842081996,22250.7933459749,20985.5521557138,45200.0,2230720000.0,0.0,0.0,45200.0,2230720000.0,-3700.0,1000.0,0.0,2700.0,-183260000.0,49125000.0,0.0,134135000.0
27/06/2022,21160.0681819566,47400.0,1100.0,0.02320675,20549.2620901064,21160.0681819566,20549.2620901064,45700.0,2184310000.0,0.0,0.0,45700.0,2184310000.0,-2500.0,0.0,0.0,2500.0,-119715000.0,0.0,0.0,119715000.0
24/06/2022,20680.1491097886,46800.0,600.0,0.01282051,20462.0040769848,20898.2941425921,19851.1979851346,67900.0,3179875000.0,0.0,0.0,67900.0,3179875000.0,-4000.0,0.0,0.0,4000.0,-188755000.0,0.0,0.0,188755000.0
23/06/2022,20418.3750704241,45300.0,1500.0,0.03311258,20069.3430179383,20418.3750704241,19502.1659326487,76800.0,3494170000.0,0.0,0.0,76800.0,3494170000.0,-900.0,100.0,0.0,800.0,-41240000.0,4520000.0,0.0,36720000.0
22/06/2022,19763.9399720131,43900.0,1400.0,0.03189066,19633.0529523308,20462.0040769848,18324.1827555088,80300.0,3594560000.0,0.0,0.0,80300.0,3594560000.0,-700.0,0.0,0.0,700.0,-30490000.0,0.0,0.0,30490000.0
21/06/2022,19153.1338801628,47200.0,-3300.0,-0.06991525,19458.5369260879,20811.0361294707,19153.1338801628,115400.0,5209625000.0,0.0,0.0,115400.0,5209625000.0,-5500.0,5500.0,0.0,0.0,-258980000.0,259740000.0,0.0,-760000.0
20/06/2022,20592.891096667,50700.0,-3500.0,-0.06903353,22119.9063262928,22119.9063262928,20592.891096667,104900.0,4974370000.0,0.0,0.0,104900.0,4974370000.0,1400.0,100.0,0.0,-1500.0,67380000.0,4880000.0,0.0,-72260000.0
17/06/2022,22119.9063262928,53500.0,-2800.0,-0.05233645,23123.3734771898,23123.3734771898,21727.2452672462,123100.0,6182810000.0,0.0,0.0,123100.0,6182810000.0,1400.0,0.0,0.0,-1400.0,71490000.0,0.0,0.0,-71490000.0
16/06/2022,23341.5185099935,53200.0,300.0,0.0056391,23341.5185099935,23734.17956904,22817.9704312646,39200.0,2083840000.0,0.0,0.0,39200.0,2083840000.0,0.0,1100.0,0.0,-1100.0,120000.0,58810000.0,0.0,-58930000.0
15/06/2022,23210.6314903112,56000.0,-2800.0,-0.05,24475.8726805725,24694.0177133762,22730.7124181431,125400.0,6679020000.0,0.0,0.0,125400.0,6679020000.0,2400.0,100.0,0.0,-2500.0,132670000.0,5390000.0,0.0,-138060000.0
14/06/2022,24432.2436740119,56100.0,-100.0,-0.00178253,24432.2436740119,24824.9047330584,23995.9536084044,38300.0,2138880000.0,0.0,0.0,38300.0,2138880000.0,1800.0,100.0,0.0,-1900.0,100120000.0,5520000.0,0.0,-105640000.0
13/06/2022,24475.8726805725,58600.0,-2500.0,-0.04266212,25304.8238052265,25304.8238052265,23995.9536084044,42800.0,2390070000.0,0.0,0.0,42800.0,2390070000.0,5100.0,-4800.0,0.0,-300.0,285990000.0,-268700000.0,0.0,-17290000.0
10/06/2022,25566.5978445909,61500.0,-2900.0,-0.04715447,26831.8390348522,27006.3550610952,25566.5978445909,28500.0,1701910000.0,0.0,0.0,28500.0,1701910000.0,4200.0,-2900.0,0.0,-1300.0,247950000.0,-169840000.0,0.0,-78110000.0
09/06/2022,26831.8390348522,62000.0,-500.0,-0.00806452,27093.6130742167,27093.6130742167,26788.2100282915,9600.0,591720000.0,0.0,0.0,9600.0,591720000.0,0.0,0.0,0.0,0.0,0.0,0.0,0.0,0.0
08/06/2022,27049.9840676558,62600.0,-600.0,-0.00958466,27093.6130742167,27486.2741332633,26962.7260545345,72100.0,4485230000.0,0.0,0.0,72100.0,4485230000.0,43400.0,-10700.0,0.0,-32700.0,2700680000.0,-668540000.0,0.0,-2032140000.0
07/06/2022,27311.7581070203,63000.0,-400.0,-0.00634921,27529.9031398241,27704.419166067,27049.9840676558,46200.0,2893620000.0,0.0,0.0,46200.0,2893620000.0,2900.0,-1200.0,0.0,-1700.0,180870000.0,-74400000.0,0.0,-106470000.0
06/06/2022,27486.2741332633,64800.0,-1800.0,-0.02777778,28097.0802251135,28097.0802251135,27486.2741332633,42600.0,2712000000.0,0.0,0.0,42600.0,2712000000.0,1600.0,-1000.0,0.0,-600.0,101000000.0,-63000000.0,0.0,-38000000.0
03/06/2022,28271.5962513565,65400.0,-600.0,-0.00917431,28664.257310403,28751.5153235246,27922.5641988706,8800.0,570480000.0,0.0,0.0,8800.0,570480000.0,2100.0,0.0,0.0,-2100.0,136210000.0,0.0,0.0,-136210000.0
02/06/2022,28533.3702907209,61843.0,3557.0,0.05751661,27660.7901595061,28795.1443300853,27486.2741332633,43000.0,2770700000.0,0.0,0.0,43000.0,2770700000.0,-1200.0,0.0,0.0,1200.0,-76310000.0,0.0,0.0,76310000.0
01/06/2022,26981.5825111699,77800.0,0.0,0.0,26877.5404192247,27189.6666950608,26704.1369326489,30200.0,2343760000.0,0.0,0.0,30200.0,2343760000.0,0.0,0.0,0.0,0.0,-60000.0,0.0,0.0,60000.0
31/05/2022,26981.5825111699,77400.0,400.0,0.00516796,26704.1369326489,27224.3473923759,26704.1369326489,29800.0,2316530000.0,0.0,0.0,29800.0,2316530000.0,-1300.0,0.0,0.0,1300.0,-101030000.0,0.0,0.0,101030000.0
30/05/2022,26842.8597219095,77800.0,-400.0,-0.00514139,26946.9018138549,26981.5825111699,26600.0948407036,26200.0,2022710000.0,0.0,0.0,26200.0,2022710000.0,1900.0,-1800.0,0.0,-100.0,147090000.0,-139320000.0,0.0,-7770000.0
27/05/2022,26981.5825111699,78300.0,-500.0,-0.0063857,27224.3473923759,27709.8771547877,26981.5825111699,20600.0,1619210000.0,0.0,0.0,20600.0,1619210000.0,6600.0,-6800.0,0.0,200.0,519200000.0,-535050000.0,0.0,15850000.0
26/05/2022,27154.9859977457,77100.0,1200.0,0.0155642,26842.8597219095,27154.9859977457,26808.1790245943,16000.0,1247010000.0,0.0,0.0,16000.0,1247010000.0,-1200.0,0.0,0.0,1200.0,-93650000.0,0.0,0.0,93650000.0
25/05/2022,26738.8176299642,76000.0,1100.0,0.01447368,26392.0106568128,26877.5404192247,26357.3299594978,37900.0,2898850000.0,0.0,0.0,37900.0,2898850000.0,-500.0,0.0,0.0,500.0,-38510000.0,0.0,0.0,38510000.0
24/05/2022,26357.3299594978,76600.0,-600.0,-0.0078329,26600.0948407036,26669.4562353338,25767.7581051404,20200.0,1528090000.0,0.0,0.0,20200.0,1528090000.0,2100.0,-100.0,-100.0,-2000.0,157930000.0,-7600000.0,-7600000.0,-150330000.0
23/05/2022,26565.4141433884,77200.0,-600.0,-0.00777202,27293.7087870061,27397.7508789515,26322.6492621826,34200.0,2645090000.0,0.0,0.0,34200.0,2645090000.0,5900.0,-3400.0,0.0,-2500.0,455640000.0,-261800000.0,0.0,-193840000.0
20/05/2022,26773.4983272792,75400.0,1800.0,0.02387268,26149.2457756069,27120.3053004304,26149.2457756069,24300.0,1871260000.0,0.0,0.0,24300.0,1871260000.0,600.0,-100.0,-100.0,-500.0,46340000.0,-7800000.0,-7800000.0,-38540000.0
19/05/2022,26149.2457756069,75100.0,300.0,0.00399467,24970.1020668926,26183.9264729221,24623.2950937413,23800.0,1782300000.0,0.0,0.0,23800.0,1782300000.0,300.0,0.0,0.0,-300.0,22020000.0,0.0,0.0,-22020000.0
18/05/2022,26045.2036836615,73000.0,2100.0,0.02876712,25975.8422890313,26149.2457756069,25316.9090400438,38600.0,2892730000.0,0.0,0.0,38600.0,2892730000.0,-1200.0,0.0,0.0,1200.0,-89360000.0,0.0,0.0,89360000.0
17/05/2022,25316.9090400438,69500.0,3500.0,0.05035971,24103.0846340143,25455.6318293043,23895.0004501237,41900.0,2969080000.0,0.0,0.0,41900.0,2969080000.0,-200.0,0.0,0.0,200.0,-15510000.0,0.0,0.0,15510000.0
16/05/2022,24103.0846340143,69000.0,500.0,0.00724638,23929.6811474387,24519.2530017958,23582.8741742874,24800.0,1732630000.0,0.0,0.0,24800.0,1732630000.0,4000.0,-3700.0,0.0,-300.0,275490000.0,-254800000.0,0.0,-20690000.0
13/05/2022,23929.6811474387,74100.0,-5100.0,-0.06882591,25663.716013195,25906.4808944008,23929.6811474387,79300.0,5724240000.0,0.0,0.0,79300.0,5724240000.0,-700.0,0.0,0.0,700.0,-47740000.0,0.0,0.0,47740000.0
12/05/2022,25698.3967105102,78300.0,-4200.0,-0.05363985,27675.1964574725,27744.5578521029,25698.3967105102,38500.0,2958260000.0,0.0,0.0,38500.0,2958260000.0,400.0,0.0,0.0,-400.0,34110000.0,0.0,0.0,-34110000.0
11/05/2022,27154.9859977457,77700.0,600.0,0.00772201,27016.2632084852,27397.7508789515,26912.2211165397,15400.0,1201160000.0,0.0,0.0,15400.0,1201160000.0,-100.0,-100.0,0.0,200.0,-7440000.0,-7800000.0,0.0,15240000.0
10/05/2022,26946.9018138549,77200.0,500.0,0.00647668,25663.716013195,27605.8350628424,25663.716013195,34600.0,2628700000.0,0.0,0.0,34600.0,2628700000.0,-100.0,0.0,0.0,100.0,-7130000.0,0.0,0.0,7130000.0
09/05/2022,26773.4983272792,83000.0,-5800.0,-0.06987952,28438.1717984054,28472.8524957205,26773.4983272792,39300.0,3102280000.0,0.0,0.0,39300.0,3102280000.0,200.0,0.0,0.0,-200.0,15720000.0,0.0,0.0,-15720000.0
06/05/2022,28784.9787715568,85000.0,-2000.0,-0.02352941,29305.1892312836,29305.1892312836,28715.6173769264,45700.0,3811160000.0,0.0,0.0,45700.0,3811160000.0,600.0,0.0,0.0,-600.0,49920000.0,0.0,0.0,-49920000.0
05/05/2022,29478.5927178592,89000.0,-4000.0,-0.04494382,30865.8206104645,30969.8627024097,28715.6173769264,42900.0,3696260000.0,0.0,0.0,42900.0,3696260000.0,1100.0,0.0,0.0,-1100.0,97200000.0,0.0,0.0,-97200000.0
04/05/2022,30865.8206104645,89000.0,0.0,0.0,30935.1820050946,31039.2240970401,30519.0136373131,12700.0,1128200000.0,0.0,0.0,12700.0,1128200000.0,-100.0,0.0,0.0,100.0,-8920000.0,0.0,0.0,8920000.0
29/04/2022,30865.8206104645,86700.0,2300.0,0.02652826,30172.2066641618,30865.8206104645,30102.8452695315,17800.0,1563070000.0,0.0,0.0,17800.0,1563070000.0,-600.0,0.0,0.0,600.0,-52680000.0,0.0,0.0,52680000.0
28/04/2022,30068.1645722165,85400.0,1300.0,0.01522248,29582.6348098047,30172.2066641618,29478.5927178592,14800.0,1276630000.0,0.0,0.0,14800.0,1276630000.0,-400.0,0.0,0.0,400.0,-34110000.0,0.0,0.0,34110000.0
27/04/2022,29617.3155071197,86500.0,-1100.0,-0.01271676,29929.441782956,29964.122480271,29270.5085339685,12500.0,1066770000.0,0.0,0.0,12500.0,1066770000.0,1000.0,0.0,0.0,-1000.0,86130000.0,0.0,0.0,-86130000.0
26/04/2022,29998.8031775862,85000.0,1500.0,0.01764706,29131.7857447079,30172.2066641618,29062.4243500777,23300.0,1982770000.0,0.0,0.0,23300.0,1982770000.0,-900.0,1000.0,0.0,-100.0,-74730000.0,84200000.0,0.0,-9470000.0
25/04/2022,29478.5927178592,90000.0,-5000.0,-0.05555556,30519.0136373131,31212.6275836157,29062.4243500777,42100.0,3604440000.0,0.0,0.0,42100.0,3604440000.0,-1200.0,1300.0,0.0,-100.0,-95810000.0,109850000.0,0.0,-14040000.0
22/04/2022,31212.6275836157,91200.0,-1200.0,-0.01315789,31628.7959513973,31906.2415299182,30172.2066641618,38800.0,3492090000.0,0.0,0.0,38800.0,3492090000.0,-4300.0,4900.0,0.0,-600.0,-388030000.0,442450000.0,0.0,-54420000.0
21/04/2022,31628.7959513973,91100.0,100.0,0.00109769,31594.1152540821,31628.7959513973,30692.4171238887,46800.0,4202440000.0,0.0,0.0,46800.0,4202440000.0,-5700.0,5000.0,0.0,700.0,-513730000.0,450880000.0,0.0,62850000.0
20/04/2022,31594.1152540821,92500.0,-1400.0,-0.01513514,31906.2415299182,32183.6871084392,31490.0731621367,30400.0,2778530000.0,0.0,0.0,30400.0,2778530000.0,-2100.0,3200.0,0.0,-1100.0,-193800000.0,294010000.0,0.0,-100210000.0
19/04/2022,32079.645016494,92000.0,500.0,0.00543478,31906.2415299182,32530.4940815906,31802.1994379728,23800.0,2201210000.0,0.0,0.0,23800.0,2201210000.0,6800.0,700.0,0.0,-7500.0,629130000.0,64190000.0,0.0,-693320000.0
18/04/2022,31906.2415299182,92100.0,-100.0,-0.00108578,31906.2415299182,31906.2415299182,31386.0310701914,37100.0,3387740000.0,0.0,0.0,37100.0,3387740000.0,-4300.0,4900.0,0.0,-600.0,-393530000.0,448350000.0,0.0,-54820000.0
15/04/2022,31940.9222272334,93900.0,-1800.0,-0.01916933,32877.3010547417,32877.3010547417,31940.9222272334,29800.0,2795710000.0,0.0,0.0,29800.0,2795710000.0,100.0,0.0,0.0,-100.0,9290000.0,0.0,0.0,-9290000.0
14/04/2022,32565.1747789057,93500.0,400.0,0.00427807,32426.4519896452,32738.5782654812,31906.2415299182,29600.0,2775470000.0,0.0,0.0,29600.0,2775470000.0,-900.0,0.0,0.0,900.0,-83190000.0,0.0,0.0,83190000.0
13/04/2022,32426.4519896452,91000.0,2500.0,0.02747253,31594.1152540821,32426.4519896452,31212.6275836157,38100.0,3500240000.0,0.0,0.0,38100.0,3500240000.0,-5000.0,4900.0,0.0,100.0,-462870000.0,453280000.0,0.0,9590000.0
12/04/2022,31559.4345567669,91600.0,-600.0,-0.00655022,31628.7959513973,31906.2415299182,31212.6275836157,48300.0,4406360000.0,0.0,0.0,48300.0,4406360000.0,3600.0,3000.0,0.0,-6600.0,328050000.0,273080000.0,0.0,-601130000.0
08/04/2022,31767.5187406576,93300.0,-1700.0,-0.01822079,32322.4098976997,32599.8554762208,31767.5187406576,24300.0,2252060000.0,0.0,0.0,24300.0,2252060000.0,1200.0,0.0,0.0,-1200.0,111240000.0,0.0,0.0,-111240000.0
07/04/2022,32357.090595015,93900.0,-600.0,-0.00638978,33050.7045413175,33432.1922117839,32357.090595015,30400.0,2891610000.0,0.0,0.0,30400.0,2891610000.0,600.0,0.0,0.0,-600.0,56130000.0,0.0,0.0,-56130000.0
06/04/2022,32565.1747789057,92000.0,1900.0,0.02065217,31906.2415299182,33050.7045413175,31559.4345567669,52100.0,4837410000.0,0.0,0.0,52100.0,4837410000.0,-1200.0,0.0,0.0,1200.0,-114180000.0,0.0,0.0,114180000.0
05/04/2022,31906.2415299182,93000.0,-1000.0,-0.01075269,32253.0485030696,32253.0485030696,31906.2415299182,16900.0,1556370000.0,0.0,0.0,16900.0,1556370000.0,-200.0,-100.0,0.0,300.0,-18290000.0,-9210000.0,0.0,27500000.0
04/04/2022,32253.0485030696,93000.0,0.0,0.0,32322.4098976997,32461.1326869603,32149.0064111242,14600.0,1359250000.0,0.0,0.0,14600.0,1359250000.0,500.0,0.0,0.0,-500.0,46340000.0,0.0,0.0,-46340000.0
01/04/2022,32253.0485030696,88000.0,5000.0,0.05681818,31004.5433997249,32634.536173536,30831.1399131492,88000.0,8148140000.0,0.0,0.0,88000.0,8148140000.0,1800.0,-2000.0,0.0,200.0,159460000.0,-178100000.0,0.0,18640000.0
31/03/2022,30519.0136373131,87900.0,100.0,0.00113766,30206.8873614771,30623.0557292585,30172.2066641618,14700.0,1291110000.0,0.0,0.0,14700.0,1291110000.0,200.0,0.0,0.0,-200.0,17560000.0,0.0,0.0,-17560000.0
30/03/2022,30484.3329399979,88500.0,-600.0,-0.00677966,30657.7364265736,31212.6275836157,30414.9715453677,17600.0,1552710000.0,0.0,0.0,17600.0,1552710000.0,0.0,0.0,0.0,0.0,-480000.0,0.0,0.0,480000.0
29/03/2022,30692.4171238887,87900.0,600.0,0.00682594,31177.9468863005,31177.9468863005,30310.9294534224,21500.0,1894310000.0,0.0,0.0,21500.0,1894310000.0,1400.0,0.0,0.0,-1400.0,123350000.0,0.0,0.0,-123350000.0
28/03/2022,30484.3329399979,86900.0,1000.0,0.01150748,30588.3750319433,31212.6275836157,30172.2066641618,76500.0,6772600000.0,0.0,0.0,76500.0,6772600000.0,400.0,0.0,0.0,-400.0,34960000.0,0.0,0.0,-34960000.0
25/03/2022,30137.5259668466,84500.0,2400.0,0.02840237,29305.1892312836,30172.2066641618,29305.1892312836,35400.0,3037030000.0,0.0,0.0,35400.0,3037030000.0,-1200.0,0.0,0.0,1200.0,-103130000.0,0.0,0.0,103130000.0
24/03/2022,29305.1892312836,83600.0,900.0,0.01076555,29513.2734151743,29513.2734151743,28854.340166187,26500.0,2214500000.0,0.0,0.0,26500.0,2214500000.0,800.0,0.0,0.0,-800.0,67250000.0,0.0,0.0,-67250000.0
23/03/2022,28993.0629554475,83300.0,300.0,0.00360144,29097.1050473928,29097.1050473928,28715.6173769264,32600.0,2716440000.0,0.0,0.0,32600.0,2716440000.0,300.0,0.0,0.0,-300.0,24840000.0,0.0,0.0,-24840000.0
22/03/2022,28889.0208635021,84900.0,-1600.0,-0.0188457,29478.5927178592,29478.5927178592,28784.9787715568,66000.0,5535360000.0,0.0,0.0,66000.0,5535360000.0,1300.0,0.0,0.0,-1300.0,109210000.0,0.0,0.0,-109210000.0
21/03/2022,29443.9120205442,85100.0,-200.0,-0.00235018,29756.0382963802,29825.3996910106,29339.8699285987,22300.0,1894060000.0,0.0,0.0,22300.0,1894060000.0,600.0,0.0,0.0,-600.0,51210000.0,0.0,0.0,-51210000.0
18/03/2022,29513.2734151743,85101.0,-1.0,-1.175e-05,29513.2734151743,29547.9541124895,29305.1892312836,22600.0,1913060000.0,0.0,0.0,22600.0,1913060000.0,200.0,100.0,0.0,-300.0,17020000.0,8490000.0,0.0,-25510000.0
17/03/2022,29513.7034558212,86700.0,-600.0,-0.00692042,29719.3738631787,29719.3738631787,29479.4250545948,25700.0,2220400000.0,0.0,0.0,25700.0,2220400000.0,-500.0,0.0,0.0,500.0,-43040000.0,0.0,0.0,43040000.0
16/03/2022,29719.3738631787,86600.0,100.0,0.00115473,29753.6522644049,29787.9306656314,29582.2602582736,16100.0,1394870000.0,0.0,0.0,16100.0,1394870000.0,0.0,0.0,0.0,0.0,0.0,0.0,0.0,0.0
15/03/2022,29685.0954619524,86200.0,400.0,0.00464037,29650.8170607261,29685.0954619524,29479.4250545948,28700.0,2476530000.0,0.0,0.0,28700.0,2476530000.0,100.0,0.0,0.0,-100.0,8630000.0,0.0,0.0,-8630000.0
14/03/2022,29547.9818570474,86100.0,100.0,0.00116144,29787.9306656314,29787.9306656314,29308.0330484636,24900.0,2144680000.0,0.0,0.0,24900.0,2144680000.0,-3200.0,4000.0,0.0,-800.0,-273410000.0,342200000.0,0.0,-68790000.0
11/03/2022,29513.7034558212,84600.0,1500.0,0.0177305,28965.2490362006,29547.9818570474,28862.4138325219,52300.0,4462310000.0,0.0,0.0,52300.0,4462310000.0,-8300.0,6500.0,0.0,1800.0,-709040000.0,556150000.0,0.0,152890000.0
10/03/2022,28999.5274374269,84500.0,100.0,0.00118343,28965.2490362006,29136.6410423321,28965.2490362006,12900.0,1091990000.0,0.0,0.0,12900.0,1091990000.0,-300.0,0.0,0.0,300.0,-25520000.0,0.0,0.0,25520000.0
09/03/2022,28965.2490362006,84500.0,0.0,0.0,28999.5274374269,28999.5274374269,28725.3002276168,25400.0,2136540000.0,0.0,0.0,25400.0,2136540000.0,1800.0,-100.0,0.0,-1700.0,151520000.0,-8440000.0,0.0,-143080000.0
08/03/2022,28965.2490362006,85300.0,-800.0,-0.00937866,29239.4762460109,29308.0330484636,28930.9706349744,22200.0,1878430000.0,0.0,0.0,22200.0,1878430000.0,1700.0,0.0,0.0,-1700.0,143920000.0,0.0,0.0,-143920000.0
07/03/2022,29239.4762460109,85200.0,100.0,0.00117371,29205.1978447847,29308.0330484636,28965.2490362006,46500.0,3949040000.0,0.0,0.0,46500.0,3949040000.0,0.0,0.0,0.0,0.0,-130000.0,0.0,0.0,130000.0
04/03/2022,29205.1978447847,85500.0,-300.0,-0.00350877,29308.0330484636,29308.0330484636,29033.8058386532,33900.0,2882120000.0,0.0,0.0,33900.0,2882120000.0,-200.0,0.0,0.0,200.0,-16870000.0,0.0,0.0,16870000.0
03/03/2022,29308.0330484636,85900.0,-400.0,-0.00465658,29445.1466533685,29445.1466533685,28622.465023938,61900.0,5244000000.0,0.0,0.0,61900.0,5244000000.0,21600.0,0.0,0.0,-21600.0,1808140000.0,0.0,0.0,-1808140000.0
02/03/2022,29445.1466533685,86000.0,-100.0,-0.00116279,29719.3738631787,29719.3738631787,29273.7546472372,23200.0,1992200000.0,0.0,0.0,23200.0,1992200000.0,1200.0,0.0,0.0,-1200.0,103070000.0,0.0,0.0,-103070000.0
01/03/2022,29479.4250545948,86600.0,-600.0,-0.00692841,29685.0954619524,29685.0954619524,29342.3114496898,17200.0,1480820000.0,0.0,0.0,17200.0,1480820000.0,900.0,0.0,0.0,-900.0,77530000.0,0.0,0.0,-77530000.0
28/02/2022,29685.0954619524,87400.0,-800.0,-0.00915332,29582.2602582736,29822.2090668575,29342.3114496898,24100.0,2076480000.0,0.0,0.0,24100.0,2076480000.0,5100.0,0.0,0.0,-5100.0,440380000.0,0.0,0.0,-440380000.0
25/02/2022,29959.3226717626,87100.0,300.0,0.00344432,29856.4874680839,29959.3226717626,29342.3114496898,9800.0,851980000.0,0.0,0.0,9800.0,851980000.0,-200.0,0.0,0.0,200.0,-16840000.0,0.0,0.0,16840000.0
24/02/2022,29856.4874680839,86000.0,1100.0,0.0127907,29547.9818570474,30164.9930791202,28793.8570300695,112500.0,9678400000.0,0.0,0.0,112500.0,9678400000.0,36400.0,18200.0,0.0,-54600.0,3065990000.0,1579660000.0,0.0,-4645650000.0
23/02/2022,29479.4250545948,85400.0,600.0,0.00702576,29376.5898509161,29479.4250545948,29136.6410423321,24500.0,2099310000.0,0.0,0.0,24500.0,2099310000.0,-400.0,0.0,0.0,400.0,-34200000.0,0.0,0.0,34200000.0
22/02/2022,29273.7546472372,86000.0,-600.0,-0.00697674,29136.6410423321,29479.4250545948,28828.1354312956,18200.0,1544640000.0,0.0,0.0,18200.0,1544640000.0,0.0,0.0,0.0,0.0,30000.0,0.0,0.0,-30000.0
21/02/2022,29479.4250545948,86500.0,-500.0,-0.00578035,29650.8170607261,29650.8170607261,29273.7546472372,23600.0,2025690000.0,0.0,0.0,23600.0,2025690000.0,6700.0,0.0,0.0,-6700.0,575610000.0,0.0,0.0,-575610000.0
18/02/2022,29650.8170607261,86500.0,0.0,0.0,29685.0954619524,29685.0954619524,28793.8570300695,22700.0,1938780000.0,0.0,0.0,22700.0,1938780000.0,12100.0,2000.0,0.0,-14100.0,1026750000.0,171400000.0,0.0,-1198150000.0
17/02/2022,29650.8170607261,86200.0,300.0,0.00348028,29582.2602582736,29650.8170607261,29308.0330484636,23300.0,2002470000.0,0.0,0.0,23300.0,2002470000.0,-100.0,0.0,0.0,100.0,-8680000.0,0.0,0.0,8680000.0
16/02/2022,29547.9818570474,85400.0,800.0,0.00936768,29342.3114496898,29822.2090668575,29273.7546472372,40500.0,3478190000.0,0.0,0.0,40500.0,3478190000.0,800.0,0.0,0.0,-800.0,68410000.0,0.0,0.0,-68410000.0
15/02/2022,29273.7546472372,85700.0,-300.0,-0.00350058,29410.8682521422,29650.8170607261,29136.6410423321,16500.0,1414100000.0,30000.0,2394000000.0,46500.0,3808100000.0,-500.0,0.0,0.0,500.0,-42890000.0,0.0,0.0,42890000.0
14/02/2022,29376.5898509161,83000.0,2700.0,0.03253012,28451.0730178065,29650.8170607261,28211.1242092226,56700.0,4823080000.0,0.0,0.0,56700.0,4823080000.0,900.0,0.0,0.0,-900.0,75730000.0,0.0,0.0,-75730000.0
11/02/2022,28451.0730178065,82800.0,200.0,0.00241546,28691.0218263904,28691.0218263904,28382.5162153541,19700.0,1635840000.0,0.0,0.0,19700.0,1635840000.0,400.0,0.0,0.0,-400.0,33180000.0,0.0,0.0,-33180000.0
10/02/2022,28382.5162153541,83500.0,-700.0,-0.00838323,28622.465023938,28725.3002276168,27731.226592055,42900.0,3554590000.0,0.0,0.0,42900.0,3554590000.0,7800.0,0.0,0.0,-7800.0,640050000.0,0.0,0.0,-640050000.0
09/02/2022,28622.465023938,80800.0,2700.0,0.03341584,27765.5049932812,28862.4138325219,27765.5049932812,52100.0,4333420000.0,0.0,0.0,52100.0,4333420000.0,500.0,-100.0,-100.0,-400.0,41300000.0,-8380000.0,-8380000.0,-32920000.0
08/02/2022,27696.9481908287,79800.0,1000.0,0.01253133,27422.7209810184,27696.9481908287,27354.1641785658,22800.0,1834180000.0,0.0,0.0,22800.0,1834180000.0,200.0,0.0,0.0,-200.0,15730000.0,0.0,0.0,-15730000.0
07/02/2022,27354.1641785658,76000.0,3800.0,0.05,26565.7609503615,27422.7209810184,26497.204147909,29300.0,2319130000.0,0.0,0.0,29300.0,2319130000.0,0.0,0.0,0.0,0.0,0.0,0.0,0.0,0.0
28/01/2022,26051.5849319675,75000.0,1000.0,0.01333333,25743.079320931,26085.8633331938,25708.8009197047,20200.0,1520450000.0,0.0,0.0,20200.0,1520450000.0,-700.0,0.0,0.0,700.0,-52570000.0,0.0,0.0,52570000.0
27/01/2022,25708.8009197047,75600.0,-600.0,-0.00793651,25914.4713270622,25914.4713270622,25366.016907442,14500.0,1082810000.0,0.0,0.0,14500.0,1082810000.0,500.0,0.0,0.0,-500.0,38190000.0,0.0,0.0,-38190000.0
26/01/2022,25914.4713270622,75000.0,600.0,0.008,25777.3577221572,26222.9769380988,25640.2441172522,11900.0,897750000.0,0.0,0.0,11900.0,897750000.0,-500.0,0.0,0.0,500.0,-37510000.0,0.0,0.0,37510000.0
25/01/2022,25708.8009197047,75000.0,0.0,0.0,25674.5225184786,26017.3065307413,25091.789697632,21100.0,1572270000.0,0.0,0.0,21100.0,1572270000.0,-800.0,100.0,0.0,700.0,-59900000.0,7400000.0,0.0,52500000.0
24/01/2022,25708.8009197047,77500.0,-2500.0,-0.03225806,26428.6473454565,26565.7609503615,24714.7272841428,65600.0,4887700000.0,0.0,0.0,65600.0,4887700000.0,1200.0,0.0,0.0,-1200.0,91230000.0,0.0,0.0,-91230000.0
21/01/2022,26565.7609503615,78800.0,-1300.0,-0.01649746,27114.215369982,27114.215369982,26394.3689442302,13000.0,1014740000.0,0.0,0.0,13000.0,1014740000.0,4200.0,0.0,0.0,-4200.0,326500000.0,0.0,0.0,-326500000.0
20/01/2022,27011.3801663032,74700.0,4100.0,0.05488621,25708.8009197047,27011.3801663032,25674.5225184786,32600.0,2506750000.0,0.0,0.0,32600.0,2506750000.0,-1200.0,0.0,0.0,1200.0,-91450000.0,0.0,0.0,91450000.0
19/01/2022,25605.9657160261,73900.0,800.0,0.01082544,25194.6249013106,25605.9657160261,25023.2328951793,33600.0,2480940000.0,0.0,0.0,33600.0,2480940000.0,3200.0,-4900.0,0.0,1700.0,237670000.0,-362640000.0,0.0,124970000.0
18/01/2022,25331.7385062158,73900.0,0.0,0.0,25708.8009197047,25708.8009197047,24337.6648706539,53200.0,3900080000.0,0.0,0.0,53200.0,3900080000.0,600.0,-4900.0,0.0,4300.0,48160000.0,-362880000.0,0.0,314720000.0
17/01/2022,25331.7385062158,79400.0,-5500.0,-0.06926952,27354.1641785658,27388.4425797921,25331.7385062158,69800.0,5308620000.0,0.0,0.0,69800.0,5308620000.0,5900.0,-4900.0,0.0,-1000.0,461470000.0,-382330000.0,0.0,-79140000.0
14/01/2022,27217.0505736608,79400.0,0.0,0.0,27079.9369687557,27422.7209810184,26702.8745552667,37800.0,2994210000.0,0.0,0.0,37800.0,2994210000.0,1000.0,0.0,0.0,-1000.0,78120000.0,0.0,0.0,-78120000.0
13/01/2022,27217.0505736608,79700.0,-300.0,-0.00376412,27388.4425797921,27422.7209810184,26702.8745552667,27700.0,2186680000.0,0.0,0.0,27700.0,2186680000.0,900.0,0.0,0.0,-900.0,70560000.0,0.0,0.0,-70560000.0
12/01/2022,27319.8857773396,80300.0,-600.0,-0.00747198,27491.2777834709,27594.1129871498,26908.5449626243,27700.0,2202630000.0,0.0,0.0,27700.0,2202630000.0,-2200.0,0.0,0.0,2200.0,-175850000.0,0.0,0.0,175850000.0
11/01/2022,27525.5561846972,79800.0,500.0,0.00626566,27079.9369687557,27525.5561846972,27079.9369687557,14300.0,1138530000.0,0.0,0.0,14300.0,1138530000.0,-400.0,100.0,0.0,300.0,-31730000.0,8020000.0,0.0,23710000.0
10/01/2022,27354.1641785658,81000.0,-1200.0,-0.01481481,27662.6697896024,27765.5049932812,26908.5449626243,77800.0,6182190000.0,0.0,0.0,77800.0,6182190000.0,2400.0,0.0,0.0,-2400.0,190940000.0,0.0,0.0,-190940000.0
07/01/2022,27765.5049932812,81400.0,-400.0,-0.004914,28108.2890055439,28108.2890055439,27525.5561846972,41300.0,3338980000.0,0.0,0.0,41300.0,3338980000.0,2800.0,-1500.0,0.0,-1300.0,225810000.0,-120750000.0,0.0,-105060000.0
06/01/2022,27902.6185981864,82700.0,-1300.0,-0.01571947,28348.2378141278,28416.7946165804,27731.226592055,44900.0,3676810000.0,0.0,0.0,44900.0,3676810000.0,3100.0,-2000.0,0.0,-1100.0,253570000.0,-163040000.0,0.0,-90530000.0
05/01/2022,28348.2378141278,84700.0,-2000.0,-0.02361275,29342.3114496898,29342.3114496898,28348.2378141278,47200.0,3951210000.0,0.0,0.0,47200.0,3951210000.0,2600.0,-2900.0,0.0,300.0,219080000.0,-243960000.0,0.0,24880000.0
04/01/2022,29033.8058386532,82600.0,2100.0,0.02542373,28313.9594129016,29102.3626411058,28313.9594129016,60500.0,5069260000.0,0.0,0.0,60500.0,5069260000.0,22400.0,-3000.0,0.0,-19400.0,1876510000.0,-253500000.0,0.0,-1623010000.0
31/12/2021,28313.9594129016,82500.0,100.0,0.00121212,27834.0617957337,28313.9594129016,27834.0617957337,17600.0,1444720000.0,0.0,0.0,17600.0,1444720000.0,3600.0,0.0,0.0,-3600.0,294780000.0,0.0,0.0,-294780000.0
30/12/2021,28279.6810116752,82300.0,200.0,0.00243013,28348.2378141278,28348.2378141278,27799.7833945074,31700.0,2591220000.0,0.0,0.0,31700.0,2591220000.0,8800.0,0.0,0.0,-8800.0,718910000.0,0.0,0.0,-718910000.0
29/12/2021,28211.1242092226,83000.0,-700.0,-0.00843373,28451.0730178065,28485.3514190329,28074.0106043175,31900.0,2627560000.0,0.0,0.0,31900.0,2627560000.0,6700.0,0.0,0.0,-6700.0,552770000.0,0.0,0.0,-552770000.0
28/12/2021,28451.0730178065,83300.0,-300.0,-0.00360144,28245.402610449,28691.0218263904,28074.0106043175,38600.0,3175370000.0,0.0,0.0,38600.0,3175370000.0,-1300.0,0.0,0.0,1300.0,-106960000.0,0.0,0.0,106960000.0
27/12/2021,28553.9082214854,82500.0,800.0,0.00969697,28691.0218263904,28691.0218263904,28108.2890055439,36300.0,2998920000.0,0.0,0.0,36300.0,2998920000.0,0.0,-1200.0,0.0,1200.0,1100000.0,-99800000.0,0.0,98700000.0
24/12/2021,28279.6810116752,82900.0,-400.0,-0.00482509,28416.7946165804,29068.0842398795,27936.8969994125,121300.0,9962730000.0,0.0,0.0,121300.0,9962730000.0,-20100.0,-2000.0,0.0,22100.0,-1656280000.0,-165000000.0,0.0,1821280000.0
23/12/2021,28416.7946165804,86000.0,-3100.0,-0.03604651,29170.9194435584,29170.9194435584,28074.0106043175,75700.0,6296260000.0,0.0,0.0,75700.0,6296260000.0,1500.0,-1000.0,0.0,-500.0,124720000.0,-83000000.0,0.0,-41720000.0
22/12/2021,29479.4250545948,86600.0,-600.0,-0.00692841,29513.7034558212,29822.2090668575,29342.3114496898,63700.0,5493500000.0,0.0,0.0,63700.0,5493500000.0,1300.0,0.0,0.0,-1300.0,112370000.0,0.0,0.0,-112370000.0
21/12/2021,29685.0954619524,87000.0,-400.0,-0.0045977,29822.2090668575,29993.601072989,29513.7034558212,48300.0,4188750000.0,0.0,0.0,48300.0,4188750000.0,1200.0,0.0,0.0,-1200.0,104200000.0,0.0,0.0,-104200000.0
20/12/2021,29822.2090668575,87000.0,0.0,0.0,29822.2090668575,30233.5498815728,29308.0330484636,35200.0,3057430000.0,0.0,0.0,35200.0,3057430000.0,1700.0,0.0,0.0,-1700.0,147960000.0,0.0,0.0,-147960000.0
17/12/2021,29822.2090668575,86200.0,800.0,0.00928074,29547.9818570474,30336.3850852517,29308.0330484636,44600.0,3863080000.0,0.0,0.0,44600.0,3863080000.0,1900.0,0.0,0.0,-1900.0,165520000.0,0.0,0.0,-165520000.0
16/12/2021,29547.9818570474,87000.0,-800.0,-0.0091954,29513.7034558212,29993.601072989,29308.0330484636,69500.0,5993390000.0,0.0,0.0,69500.0,5993390000.0,6900.0,0.0,0.0,-6900.0,591310000.0,0.0,0.0,-591310000.0
15/12/2021,29822.2090668575,89000.0,-2000.0,-0.02247191,30507.777091383,30987.674708551,29650.8170607261,59100.0,5164160000.0,0.0,0.0,59100.0,5164160000.0,2400.0,0.0,0.0,-2400.0,211150000.0,0.0,0.0,-211150000.0
14/12/2021,30507.777091383,91000.0,-2000.0,-0.02197802,31193.3451159084,31261.9019183611,30507.777091383,56900.0,5109330000.0,0.0,0.0,56900.0,5109330000.0,1800.0,-200.0,-200.0,-1600.0,161390000.0,-17820000.0,-17820000.0,-143570000.0
13/12/2021,31193.3451159084,90200.0,800.0,0.00886918,31193.3451159084,31364.7371220398,30816.2827024193,55400.0,5019040000.0,0.0,0.0,55400.0,5019040000.0,-700.0,0.0,0.0,700.0,-63550000.0,0.0,0.0,63550000.0
10/12/2021,30919.1179060984,92200.0,-2000.0,-0.02169197,31536.1291281712,32221.6971526966,30919.1179060984,49800.0,4553570000.0,0.0,0.0,49800.0,4553570000.0,3900.0,-3400.0,0.0,-500.0,358770000.0,-312830000.0,0.0,-45940000.0
09/12/2021,31604.6859306237,92200.0,0.0,0.0,31604.6859306237,32050.3051465652,31536.1291281712,37400.0,3449870000.0,0.0,0.0,37400.0,3449870000.0,2100.0,-3200.0,-100.0,1100.0,193050000.0,-294450000.0,-9220000.0,101400000.0
08/12/2021,31604.6859306237,94100.0,-1900.0,-0.02019129,32290.2539551492,32290.2539551492,31364.7371220398,25800.0,2389020000.0,0.0,0.0,25800.0,2389020000.0,6300.0,-5400.0,0.0,-900.0,587310000.0,-502700000.0,0.0,-84610000.0
07/12/2021,32255.9755539228,94100.0,0.0,0.0,32221.6971526966,32495.9243625068,31536.1291281712,72500.0,6781270000.0,0.0,0.0,72500.0,6781270000.0,-20000.0,-2400.0,0.0,22400.0,-1884060000.0,-222290000.0,0.0,2106350000.0
06/12/2021,32255.9755539228,95700.0,-1600.0,-0.01671891,33387.16279439,33387.16279439,31021.9531097771,39500.0,3654110000.0,0.0,0.0,39500.0,3654110000.0,0.0,0.0,0.0,0.0,-470000.0,0.0,0.0,470000.0
03/12/2021,32804.4299735432,97900.0,-2200.0,-0.02247191,33558.5548005213,33764.225207879,31878.9131404339,26800.0,2566010000.0,0.0,0.0,26800.0,2566010000.0,3200.0,0.0,0.0,-3200.0,305770000.0,0.0,0.0,-305770000.0
02/12/2021,33558.5548005213,95100.0,2800.0,0.02944269,33112.9355845798,33558.5548005213,32598.7595661857,69500.0,6729160000.0,0.0,0.0,69500.0,6729160000.0,-33700.0,-200.0,-200.0,33900.0,-3278230000.0,-19500000.0,-19500000.0,3297730000.0
01/12/2021,32598.7595661857,95500.0,-400.0,-0.00418848,32907.2651772221,32907.2651772221,32461.6459612806,49600.0,4726110000.0,0.0,0.0,49600.0,4726110000.0,600.0,0.0,0.0,-600.0,57140000.0,0.0,0.0,-57140000.0
30/11/2021,32735.8731710907,97300.0,-1800.0,-0.01849949,32598.7595661857,33250.0491894848,31947.4699428864,48700.0,4649110000.0,0.0,0.0,48700.0,4649110000.0,-800.0,0.0,0.0,800.0,-77260000.0,0.0,0.0,77260000.0
29/11/2021,33352.8843931638,94500.0,2800.0,0.02962963,30987.674708551,33352.8843931638,30987.674708551,52500.0,4965470000.0,0.0,0.0,52500.0,4965470000.0,-26400.0,0.0,0.0,26400.0,-2532170000.0,0.0,0.0,2532170000.0
26/11/2021,32393.089158828,96900.0,-2400.0,-0.0247678,33215.7707882586,33901.338812784,32393.089158828,58800.0,5669670000.0,0.0,0.0,58800.0,5669670000.0,5800.0,-3700.0,0.0,-2100.0,559060000.0,-355780000.0,0.0,-203280000.0
25/11/2021,33215.7707882586,93800.0,3100.0,0.03304904,32153.1403502442,33215.7707882586,31810.3563379813,73600.0,6946520000.0,0.0,0.0,73600.0,6946520000.0,-13000.0,-14400.0,0.0,27400.0,-1245080000.0,-1356610000.0,0.0,2601690000.0
24/11/2021,32153.1403502442,91000.0,2800.0,0.03076923,31364.7371220398,32255.9755539228,31227.6235171347,30200.0,2797890000.0,0.0,0.0,30200.0,2797890000.0,14000.0,-17400.0,-2200.0,3400.0,1291030000.0,-1607490000.0,-203940000.0,316460000.0
23/11/2021,31193.3451159084,90300.0,700.0,0.00775194,30850.5611036458,31193.3451159084,30164.9930791202,29700.0,2664800000.0,0.0,0.0,29700.0,2664800000.0,-3100.0,-1100.0,-800.0,4200.0,-275310000.0,-99500000.0,-72800000.0,374810000.0
22/11/2021,30953.3963073245,89000.0,1300.0,0.01460674,30507.777091383,31330.4587208136,30507.777091383,58600.0,5273830000.0,0.0,0.0,58600.0,5273830000.0,5700.0,-8000.0,-8000.0,2300.0,516740000.0,-724000000.0,-724000000.0,207260000.0
19/11/2021,30507.777091383,88800.0,200.0,0.00225225,30507.777091383,31261.9019183611,30164.9930791202,30700.0,2744460000.0,0.0,0.0,30700.0,2744460000.0,-600.0,-2100.0,-2100.0,2700.0,-53800000.0,-186900000.0,-186900000.0,240700000.0
18/11/2021,30439.2202889304,94003.0,-5203.0,-0.0553493,32221.6971526966,32221.6971526966,30439.2202889304,133400.0,12154810000.0,0.0,0.0,133400.0,12154810000.0,-16100.0,0.0,0.0,16100.0,-1487700000.0,0.0,0.0,1487700000.0
17/11/2021,32222.5541127273,95900.0,-900.0,-0.00938478,32561.7388928613,32561.7388928613,30628.3856460976,134800.0,12518250000.0,0.0,0.0,134800.0,12518250000.0,10000.0,-14100.0,-14100.0,4100.0,937470000.0,-1318190000.0,-1318190000.0,380720000.0
16/11/2021,32527.8204148477,99200.0,-3300.0,-0.03326613,33681.0486673034,33681.0486673034,32527.8204148477,60100.0,5855940000.0,0.0,0.0,60100.0,5855940000.0,3800.0,-3000.0,-3000.0,-800.0,377870000.0,-297900000.0,-297900000.0,-79970000.0
15/11/2021,33647.1301892901,100000.0,-800.0,-0.008,33918.4780133972,34121.9888814775,33579.2932332631,30000.0,2990280000.0,0.0,0.0,30000.0,2990280000.0,-1000.0,0.0,0.0,1000.0,-99840000.0,0.0,0.0,99840000.0
12/11/2021,33918.4780133972,100000.0,0.0,0.0,33918.4780133972,34393.3367055847,33782.8041013436,68900.0,6922000000.0,0.0,0.0,68900.0,6922000000.0,-1600.0,0.0,0.0,1600.0,-160860000.0,0.0,0.0,160860000.0
11/11/2021,33918.4780133972,101400.0,-1400.0,-0.01380671,34359.4182275713,34393.3367055847,33579.2932332631,57500.0,5752300000.0,0.0,0.0,57500.0,5752300000.0,800.0,0.0,0.0,-800.0,79180000.0,0.0,0.0,-79180000.0
10/11/2021,34393.3367055847,101500.0,-100.0,-0.00098522,33918.4780133972,34495.092139625,33681.0486673034,75100.0,7560580000.0,0.0,0.0,75100.0,7560580000.0,-5100.0,0.0,0.0,5100.0,-512570000.0,0.0,0.0,512570000.0
09/11/2021,34427.2551835981,102000.0,-500.0,-0.00490196,34596.8475736651,34596.8475736651,33918.4780133972,72200.0,7301990000.0,0.0,0.0,72200.0,7301990000.0,-3600.0,800.0,0.0,2800.0,-364740000.0,81640000.0,0.0,283100000.0
08/11/2021,34596.8475736651,103600.0,-1600.0,-0.01544402,35139.5432218795,35444.8095240001,33918.4780133972,94900.0,9702780000.0,0.0,0.0,94900.0,9702780000.0,20700.0,-4800.0,0.0,-15900.0,2096300000.0,-492690000.0,0.0,-1603610000.0
05/11/2021,35139.5432218795,102700.0,900.0,0.00876339,35241.2986559197,35580.4834360537,34596.8475736651,51400.0,5315620000.0,0.0,0.0,51400.0,5315620000.0,700.0,-1600.0,0.0,900.0,70810000.0,-163280000.0,0.0,92470000.0
04/11/2021,34834.276919759,98900.0,3800.0,0.03842265,33545.3747552499,34868.1953977724,32799.1682389551,88700.0,8961780000.0,0.0,0.0,88700.0,8961780000.0,-4600.0,100.0,-100.0,4500.0,-465850000.0,10580000.0,-9860000.0,455270000.0
03/11/2021,33545.3747552499,96800.0,2100.0,0.02169421,33070.5160630623,34800.3584417456,33070.5160630623,119900.0,11938190000.0,0.0,0.0,119900.0,11938190000.0,2500.0,-3500.0,0.0,1000.0,246770000.0,-346950000.0,0.0,100180000.0
02/11/2021,32833.0867169684,94000.0,2800.0,0.02978723,32561.7388928613,33884.5595353837,32188.6356347139,210100.0,20537510000.0,0.0,0.0,210100.0,20537510000.0,117000.0,-2500.0,0.0,-114500.0,11429690000.0,-243480000.0,0.0,-11186210000.0
01/11/2021,31883.3693325933,96000.0,-2000.0,-0.02083333,33172.2714971024,33579.2932332631,31204.9997723254,105900.0,10204780000.0,0.0,0.0,105900.0,10204780000.0,68800.0,-5300.0,0.0,-63500.0,6607390000.0,-509520000.0,0.0,-6097870000.0
29/10/2021,32561.7388928613,91900.0,4100.0,0.04461371,31204.9997723254,33036.5975850489,31204.9997723254,181700.0,17331950000.0,0.0,0.0,181700.0,17331950000.0,101200.0,600.0,-100.0,-101800.0,9655410000.0,57120000.0,-9480000.0,-9712530000.0
28/10/2021,31171.081294312,88500.0,3400.0,0.03841808,30017.8530418565,31171.081294312,29848.2606517896,111100.0,9900700000.0,0.0,0.0,111100.0,9900700000.0,14500.0,0.0,0.0,-14500.0,1297090000.0,0.0,0.0,-1297090000.0
27/10/2021,30017.8530418565,88200.0,300.0,0.00340136,29848.2606517896,30458.7932560306,29509.0758716555,112200.0,9894660000.0,0.0,0.0,112200.0,9894660000.0,34500.0,-1500.0,0.0,-33000.0,3048000000.0,-133000000.0,0.0,-2915000000.0
26/10/2021,29916.0976078163,85000.0,3200.0,0.03764706,28830.7063113875,30119.6084758967,28830.7063113875,126700.0,11119800000.0,0.0,0.0,126700.0,11119800000.0,39100.0,-4600.0,0.0,-34500.0,3419150000.0,-403940000.0,0.0,-3015210000.0
25/10/2021,28830.7063113875,80000.0,5000.0,0.0625,27134.7824107178,29000.2987014546,27100.8639327044,187600.0,15641210000.0,0.0,0.0,187600.0,15641210000.0,82000.0,-3900.0,0.0,-78100.0,6792630000.0,-331050000.0,0.0,-6461580000.0
22/10/2021,27134.7824107178,79800.0,200.0,0.00250627,27066.9454546911,27168.7008887311,26897.3530646239,50700.0,4042380000.0,0.0,0.0,50700.0,4042380000.0,15200.0,0.0,0.0,-15200.0,1212930000.0,0.0,0.0,-1212930000.0
21/10/2021,27066.9454546911,79800.0,0.0,0.0,27100.8639327044,27473.9671908517,26727.760674557,35900.0,2858810000.0,0.0,0.0,35900.0,2858810000.0,6700.0,1000.0,0.0,-7700.0,536500000.0,79290000.0,0.0,-615790000.0
20/10/2021,27066.9454546911,78700.0,1100.0,0.01397713,26999.1084986642,27100.8639327044,26795.5976305837,37600.0,2988710000.0,0.0,0.0,37600.0,2988710000.0,2500.0,0.0,0.0,-2500.0,198540000.0,0.0,0.0,-198540000.0
19/10/2021,26693.8421965435,77000.0,1700.0,0.02207792,26524.2498064765,26693.8421965435,26117.2280703158,49500.0,3871240000.0,0.0,0.0,49500.0,3871240000.0,-2700.0,700.0,0.0,2000.0,-211480000.0,54700000.0,0.0,156780000.0
18/10/2021,26117.2280703158,76200.0,800.0,0.01049869,25845.8802462086,26422.4943724362,25845.8802462086,74000.0,5716480000.0,0.0,0.0,74000.0,5716480000.0,2000.0,-1500.0,0.0,-500.0,153180000.0,-114610000.0,0.0,-38570000.0
15/10/2021,25845.8802462086,76000.0,200.0,0.00263158,25778.0432901818,25879.7987242221,25710.2063341551,28400.0,2159900000.0,0.0,0.0,28400.0,2159900000.0,500.0,0.0,0.0,-500.0,38050000.0,0.0,0.0,-38050000.0
14/10/2021,25778.0432901818,76500.0,-500.0,-0.00653595,25913.7172022355,25981.5541582623,25438.8585100478,33200.0,2520930000.0,0.0,0.0,33200.0,2520930000.0,800.0,-100.0,-100.0,-700.0,61510000.0,-7900000.0,-7600000.0,-53610000.0
13/10/2021,25947.6356802489,76400.0,100.0,0.0013089,25913.7172022355,25947.6356802489,25710.2063341551,16800.0,1279610000.0,0.0,0.0,16800.0,1279610000.0,-700.0,0.0,0.0,700.0,-53550000.0,0.0,0.0,53550000.0
12/10/2021,25913.7172022355,76100.0,300.0,0.00394218,25811.9617681952,26456.4128504498,25574.5324221015,30500.0,2319470000.0,0.0,0.0,30500.0,2319470000.0,-800.0,0.0,0.0,800.0,-61560000.0,0.0,0.0,61560000.0
11/10/2021,25811.9617681952,75800.0,300.0,0.00395778,25879.7987242221,25947.6356802489,25608.4509001149,42800.0,3251800000.0,0.0,0.0,42800.0,3251800000.0,-1000.0,300.0,0.0,700.0,-76060000.0,22800000.0,0.0,53260000.0
08/10/2021,25710.2063341551,74800.0,1000.0,0.01336898,25438.8585100478,25947.6356802489,25167.5106859407,68800.0,5193340000.0,0.0,0.0,68800.0,5193340000.0,-13900.0,0.0,0.0,13900.0,-1050640000.0,0.0,0.0,1050640000.0
07/10/2021,25371.0215540211,72000.0,2800.0,0.03888889,24421.3041696459,25778.0432901818,24251.711779579,57000.0,4200970000.0,0.0,0.0,57000.0,4200970000.0,-9300.0,0.0,0.0,9300.0,-687050000.0,0.0,0.0,687050000.0
06/10/2021,24421.3041696459,72000.0,0.0,0.0,24387.3856916325,24455.2226476594,24082.119389512,68100.0,4871170000.0,0.0,0.0,68100.0,4871170000.0,-24100.0,500.0,0.0,23600.0,-1717790000.0,35310000.0,0.0,1682480000.0
05/10/2021,24421.3041696459,72000.0,0.0,0.0,24421.3041696459,24421.3041696459,24116.0378675255,63900.0,4569600000.0,0.0,0.0,63900.0,4569600000.0,-17900.0,-1000.0,0.0,18900.0,-1282320000.0,-72000000.0,0.0,1354320000.0
04/10/2021,24421.3041696459,71200.0,800.0,0.01123596,24116.0378675255,24523.0596036862,24116.0378675255,94400.0,6786070000.0,0.0,0.0,94400.0,6786070000.0,-200.0,0.0,0.0,200.0,-14390000.0,0.0,0.0,14390000.0
01/10/2021,24149.9563455388,69100.0,2100.0,0.03039074,23573.342219311,24421.3041696459,23471.5867852709,163600.0,11538730000.0,0.0,0.0,163600.0,11538730000.0,-600.0,0.0,0.0,600.0,-42740000.0,0.0,0.0,42740000.0
30/09/2021,23437.6683072576,69500.0,-400.0,-0.0057554,23641.1791753378,23641.1791753378,23403.749829244,38900.0,2699400000.0,0.0,0.0,38900.0,2699400000.0,-100.0,100.0,0.0,0.0,-6950000.0,6950000.0,0.0,0.0
29/09/2021,23573.342219311,69900.0,-400.0,-0.00572246,23742.934609378,23742.934609378,23234.1574391771,57700.0,4004320000.0,0.0,0.0,57700.0,4004320000.0,-29800.0,30300.0,30200.0,-500.0,-2063240000.0,2098190000.0,2091260000.0,-34950000.0
28/09/2021,23709.0161313646,69800.0,100.0,0.00143266,23403.749829244,23709.0161313646,22894.972659043,43700.0,2985640000.0,0.0,0.0,43700.0,2985640000.0,-2200.0,2000.0,0.0,200.0,-152830000.0,138850000.0,0.0,13980000.0
27/09/2021,23675.0976533511,71900.0,-2100.0,-0.02920723,24624.8150377263,24624.8150377263,23675.0976533511,51600.0,3631420000.0,0.0,0.0,51600.0,3631420000.0,-100.0,0.0,0.0,100.0,-7260000.0,0.0,0.0,7260000.0
24/09/2021,24387.3856916325,72000.0,-100.0,-0.00138889,24421.3041696459,24421.3041696459,24251.711779579,21300.0,1528990000.0,0.0,0.0,21300.0,1528990000.0,0.0,0.0,0.0,0.0,0.0,0.0,0.0,0.0
23/09/2021,24421.3041696459,75100.0,-3100.0,-0.0412783,25438.8585100478,25438.8585100478,24183.8748235523,83700.0,6078560000.0,0.0,0.0,83700.0,6078560000.0,-100.0,0.0,0.0,100.0,-7200000.0,0.0,0.0,7200000.0
22/09/2021,25472.7769880612,75100.0,0.0,0.0,25099.6737299138,25608.4509001149,25099.6737299138,11600.0,869820000.0,0.0,0.0,11600.0,869820000.0,-4500.0,0.0,0.0,4500.0,-337670000.0,0.0,0.0,337670000.0
21/09/2021,25472.7769880612,75000.0,100.0,0.00133333,24828.3259058067,25710.2063341551,24828.3259058067,20600.0,1530170000.0,0.0,0.0,20600.0,1530170000.0,-900.0,0.0,0.0,900.0,-67570000.0,0.0,0.0,67570000.0
20/09/2021,25438.8585100478,76500.0,-1500.0,-0.01960784,25947.6356802489,26286.8204603829,25337.1030760077,76700.0,5801180000.0,0.0,0.0,76700.0,5801180000.0,-16100.0,0.0,0.0,16100.0,-1216380000.0,0.0,0.0,1216380000.0
17/09/2021,25947.6356802489,75700.0,800.0,0.01056803,25676.2878561417,26117.2280703158,25676.2878561417,30500.0,2324020000.0,0.0,0.0,30500.0,2324020000.0,-3500.0,0.0,0.0,3500.0,-266800000.0,0.0,0.0,266800000.0
16/09/2021,25676.2878561417,77400.0,-1700.0,-0.02196382,25574.5324221015,25778.0432901818,25235.3476419675,39000.0,2924630000.0,0.0,0.0,39000.0,2924630000.0,-3500.0,0.0,0.0,3500.0,-260300000.0,0.0,0.0,260300000.0
15/09/2021,26252.9019823694,77000.0,400.0,0.00519481,26524.2498064765,26524.2498064765,25981.5541582623,13000.0,1007440000.0,0.0,0.0,13000.0,1007440000.0,-2400.0,0.0,0.0,2400.0,-185890000.0,0.0,0.0,185890000.0
14/09/2021,26117.2280703158,73800.0,3200.0,0.04336043,25438.8585100478,26354.6574164096,25438.8585100478,62100.0,4759800000.0,0.0,0.0,62100.0,4759800000.0,-24900.0,-100.0,-100.0,25000.0,-1903190000.0,-7660000.0,-7660000.0,1910850000.0
13/09/2021,25031.8367738871,69800.0,4000.0,0.05730659,23912.526999445,25099.6737299138,23709.0161313646,140200.0,10129630000.0,0.0,0.0,140200.0,10129630000.0,17600.0,0.0,0.0,-17600.0,1229400000.0,0.0,0.0,-1229400000.0
10/09/2021,23675.0976533511,69400.0,400.0,0.00576369,23539.4237412976,23675.0976533511,23403.749829244,22100.0,1532960000.0,0.0,0.0,22100.0,1532960000.0,0.0,0.0,0.0,0.0,0.0,0.0,0.0,0.0
09/09/2021,23539.4237412976,69300.0,100.0,0.001443,23505.5052632843,23539.4237412976,23403.749829244,15400.0,1067160000.0,0.0,0.0,15400.0,1067160000.0,0.0,0.0,0.0,0.0,0.0,0.0,0.0,0.0
08/09/2021,23505.5052632843,69400.0,-100.0,-0.00144092,23369.8313512307,23539.4237412976,23369.8313512307,23900.0,1650480000.0,0.0,0.0,23900.0,1650480000.0,0.0,0.0,0.0,0.0,0.0,0.0,0.0,0.0
07/09/2021,23539.4237412976,69500.0,-200.0,-0.0028777,23403.749829244,23573.342219311,23403.749829244,7700.0,532060000.0,0.0,0.0,7700.0,532060000.0,-600.0,0.0,0.0,600.0,-41530000.0,0.0,0.0,41530000.0
06/09/2021,23573.342219311,69000.0,500.0,0.00724638,23234.1574391771,23607.2606973244,23166.3204831503,25900.0,1789790000.0,0.0,0.0,25900.0,1789790000.0,-1600.0,0.0,0.0,1600.0,-111240000.0,0.0,0.0,111240000.0
01/09/2021,23403.749829244,69700.0,-700.0,-0.01004304,23403.749829244,23403.749829244,23166.3204831503,11000.0,757270000.0,0.0,0.0,11000.0,757270000.0,6400.0,-100.0,-100.0,-6300.0,440850000.0,-6840000.0,-6840000.0,-434010000.0
31/08/2021,23641.1791753378,69000.0,700.0,0.01014493,23098.4835271234,23709.0161313646,23098.4835271234,18800.0,1299750000.0,0.0,0.0,18800.0,1299750000.0,-4700.0,0.0,0.0,4700.0,-326880000.0,0.0,0.0,326880000.0
30/08/2021,23403.749829244,69000.0,0.0,0.0,23403.749829244,23471.5867852709,23234.1574391771,11500.0,791040000.0,0.0,0.0,11500.0,791040000.0,-100.0,0.0,0.0,100.0,-6900000.0,0.0,0.0,6900000.0
27/08/2021,23403.749829244,68000.0,1000.0,0.01470588,22894.972659043,23403.749829244,22555.7878789092,20600.0,1395830000.0,0.0,0.0,20600.0,1395830000.0,-1000.0,0.0,0.0,1000.0,-69000000.0,0.0,0.0,69000000.0
26/08/2021,23064.56504911,68300.0,-300.0,-0.00439239,22894.972659043,23301.9943952039,22725.3802689761,10100.0,684480000.0,0.0,0.0,10100.0,684480000.0,-200.0,0.0,0.0,200.0,-13670000.0,0.0,0.0,13670000.0
25/08/2021,23166.3204831503,68400.0,-100.0,-0.00146199,22894.972659043,23200.2389611636,22725.3802689761,16800.0,1134920000.0,0.0,0.0,16800.0,1134920000.0,-600.0,0.0,0.0,600.0,-40730000.0,0.0,0.0,40730000.0
24/08/2021,23200.2389611636,68900.0,-500.0,-0.00725689,23064.56504911,23301.9943952039,22894.972659043,6400.0,434720000.0,0.0,0.0,6400.0,434720000.0,0.0,0.0,0.0,0.0,0.0,0.0,0.0,0.0
23/08/2021,23369.8313512307,69500.0,-600.0,-0.0086,23607.2606973244,23607.2606973244,23064.56504911,8100.0,554610000.0,0.0,0.0,8100.0,554610000.0,-100.0,0.0,0.0,100.0,-6960000.0,0.0,0.0,6960000.0
20/08/2021,23573.342219311,69500.0,0.0,0.0,23675.0976533511,23709.0161313646,23268.0759171903,20600.0,1427880000.0,0.0,0.0,20600.0,1427880000.0,-1900.0,0.0,0.0,1900.0,-131850000.0,0.0,0.0,131850000.0
19/08/2021,23573.342219311,70200.0,-700.0,-0.00997151,23810.7715654047,23810.7715654047,23573.342219311,17700.0,1231010000.0,0.0,0.0,17700.0,1231010000.0,0.0,0.0,0.0,0.0,0.0,0.0,0.0,0.0
18/08/2021,23810.7715654047,70200.0,0.0,0.0,23810.7715654047,23878.6085214315,23573.342219311,11300.0,790490000.0,0.0,0.0,11300.0,790490000.0,0.0,0.0,0.0,0.0,0.0,0.0,0.0,0.0
17/08/2021,23810.7715654047,69900.0,300.0,0.00429185,23980.3639554718,23980.3639554718,23641.1791753378,10800.0,756380000.0,0.0,0.0,10800.0,756380000.0,-200.0,0.0,0.0,200.0,-14090000.0,0.0,0.0,14090000.0
16/08/2021,23709.0161313646,69600.0,300.0,0.00431034,23742.934609378,23810.7715654047,23607.2606973244,73600.0,5127540000.0,0.0,0.0,73600.0,5127540000.0,-56600.0,0.0,0.0,56600.0,-3939920000.0,0.0,0.0,3939920000.0
13/08/2021,23607.2606973244,69900.0,-300.0,-0.00429185,23437.6683072576,23878.6085214315,23200.2389611636,31600.0,2180780000.0,0.0,0.0,31600.0,2180780000.0,-700.0,0.0,0.0,700.0,-48940000.0,0.0,0.0,48940000.0
12/08/2021,23709.0161313646,69900.0,0.0,0.0,23675.0976533511,23912.526999445,23403.749829244,28500.0,1998250000.0,0.0,0.0,28500.0,1998250000.0,-700.0,0.0,0.0,700.0,-49070000.0,0.0,0.0,49070000.0
11/08/2021,23709.0161313646,68900.0,1000.0,0.01451379,23505.5052632843,23742.934609378,23403.749829244,25600.0,1782050000.0,0.0,0.0,25600.0,1782050000.0,-8400.0,0.0,0.0,8400.0,-584230000.0,0.0,0.0,584230000.0
10/08/2021,23369.8313512307,68700.0,200.0,0.00291121,23403.749829244,23437.6683072576,23301.9943952039,37700.0,2596230000.0,0.0,0.0,37700.0,2596230000.0,-300.0,0.0,0.0,300.0,-20700000.0,0.0,0.0,20700000.0
09/08/2021,23301.9943952039,67600.0,1100.0,0.01627219,22962.80961507,24523.0596036862,22962.80961507,34700.0,2374780000.0,0.0,0.0,34700.0,2374780000.0,-7700.0,0.0,0.0,7700.0,-528050000.0,0.0,0.0,528050000.0
06/08/2021,22928.8911370565,67500.0,100.0,0.00148148,22962.80961507,22962.80961507,22827.1357030163,11800.0,795940000.0,0.0,0.0,11800.0,795940000.0,4100.0,0.0,0.0,-4100.0,275990000.0,0.0,0.0,-275990000.0
05/08/2021,22894.972659043,67400.0,100.0,0.00148368,22555.7878789092,22996.7280930833,22555.7878789092,6000.0,402990000.0,0.0,0.0,6000.0,402990000.0,-700.0,0.0,0.0,700.0,-48400000.0,0.0,0.0,48400000.0
04/08/2021,22861.0541810297,67000.0,400.0,0.00597015,22962.80961507,22962.80961507,22725.3802689761,71600.0,4801420000.0,0.0,0.0,71600.0,4801420000.0,-1400.0,0.0,0.0,1400.0,-94000000.0,0.0,0.0,94000000.0
03/08/2021,22725.3802689761,67800.0,-800.0,-0.01179941,22996.7280930833,23064.56504911,22555.7878789092,57100.0,3830330000.0,0.0,0.0,57100.0,3830330000.0,-4100.0,0.0,0.0,4100.0,-275010000.0,0.0,0.0,275010000.0
02/08/2021,22996.7280930833,66800.0,1000.0,0.01497006,22894.972659043,22996.7280930833,22623.6248349359,115700.0,7758950000.0,0.0,0.0,115700.0,7758950000.0,-54600.0,0.0,0.0,54600.0,-3659980000.0,0.0,0.0,3659980000.0
30/07/2021,22657.5433129493,68000.0,-1200.0,-0.01764706,22759.2987469895,23064.56504911,22589.7063569224,30800.0,2062930000.0,0.0,0.0,30800.0,2062930000.0,-18900.0,0.0,0.0,18900.0,-1266180000.0,0.0,0.0,1266180000.0
29/07/2021,23064.56504911,68500.0,-500.0,-0.00729927,23234.1574391771,23234.1574391771,22725.3802689761,24200.0,1628080000.0,0.0,0.0,24200.0,1628080000.0,-6000.0,0.0,0.0,6000.0,-403500000.0,0.0,0.0,403500000.0
28/07/2021,23234.1574391771,69100.0,-600.0,-0.00868307,23403.749829244,23471.5867852709,22725.3802689761,50900.0,3445320000.0,0.0,0.0,50900.0,3445320000.0,-9800.0,0.0,0.0,9800.0,-660530000.0,0.0,0.0,660530000.0
27/07/2021,23437.6683072576,69000.0,100.0,0.00144928,23403.749829244,23505.5052632843,23234.1574391771,28300.0,1942000000.0,0.0,0.0,28300.0,1942000000.0,0.0,0.0,0.0,0.0,0.0,0.0,0.0,0.0
26/07/2021,23403.749829244,68900.0,100.0,0.00145138,23573.342219311,23573.342219311,23234.1574391771,19200.0,1318900000.0,0.0,0.0,19200.0,1318900000.0,-100.0,0.0,0.0,100.0,-6950000.0,0.0,0.0,6950000.0
23/07/2021,23369.8313512307,68000.0,900.0,0.01323529,23403.749829244,23403.749829244,23064.56504911,22500.0,1540070000.0,0.0,0.0,22500.0,1540070000.0,-10100.0,0.0,0.0,10100.0,-691900000.0,0.0,0.0,691900000.0
22/07/2021,23064.56504911,68400.0,-400.0,-0.00584795,23709.0161313646,23709.0161313646,23064.56504911,18500.0,1259580000.0,0.0,0.0,18500.0,1259580000.0,-500.0,0.0,0.0,500.0,-34000000.0,0.0,0.0,34000000.0
21/07/2021,23200.2389611636,68900.0,-500.0,-0.00725689,23268.0759171903,23335.9128732172,23064.56504911,28700.0,1955450000.0,0.0,0.0,28700.0,1955450000.0,7300.0,0.0,0.0,-7300.0,496550000.0,0.0,0.0,-496550000.0
20/07/2021,23369.8313512307,69700.0,-800.0,-0.01147776,23234.1574391771,23369.8313512307,22725.3802689761,52200.0,3558640000.0,0.0,0.0,52200.0,3558640000.0,5700.0,0.0,0.0,-5700.0,389220000.0,0.0,0.0,-389220000.0
19/07/2021,23641.1791753378,71500.0,-1800.0,-0.02517483,23437.6683072576,24048.2009114986,23234.1574391771,42500.0,2951280000.0,0.0,0.0,42500.0,2951280000.0,8200.0,0.0,0.0,-8200.0,566710000.0,0.0,0.0,-566710000.0
16/07/2021,24251.711779579,72000.0,-500.0,-0.00694444,24455.2226476594,24489.1411256727,24149.9563455388,10500.0,753120000.0,0.0,0.0,10500.0,753120000.0,700.0,0.0,0.0,-700.0,49750000.0,0.0,0.0,-49750000.0
15/07/2021,24421.3041696459,71900.0,100.0,0.00139082,24082.119389512,24489.1411256727,24082.119389512,8900.0,636840000.0,0.0,0.0,8900.0,636840000.0,700.0,0.0,0.0,-700.0,50330000.0,0.0,0.0,-50330000.0
14/07/2021,24387.3856916325,72273.0,-373.0,-0.00516099,24794.4074277934,24794.4074277934,24082.119389512,11000.0,789420000.0,0.0,0.0,11000.0,789420000.0,-200.0,0.0,0.0,200.0,-14500000.0,0.0,0.0,14500000.0
13/07/2021,24513.8676961446,80000.0,500.0,0.00625,24574.7717152654,24574.7717152654,23935.2795144963,28000.0,2210900000.0,0.0,0.0,28000.0,2210900000.0,-200.0,0.0,0.0,200.0,-16080000.0,0.0,0.0,16080000.0
12/07/2021,24361.6076483424,80600.0,-600.0,-0.00744417,24361.6076483424,24787.9357821884,23752.5674571338,45600.0,3627050000.0,0.0,0.0,45600.0,3627050000.0,8000.0,0.0,0.0,-8000.0,630220000.0,0.0,0.0,-630220000.0
09/07/2021,24544.319705705,80500.0,100.0,0.00124224,24361.6076483424,24909.7438204302,24209.3476005401,20900.0,1673610000.0,0.0,0.0,20900.0,1673610000.0,0.0,0.0,0.0,0.0,0.0,0.0,0.0,0.0
08/07/2021,24513.8676961446,80800.0,-300.0,-0.00371287,24117.9915718589,24666.1277439466,24117.9915718589,21900.0,1756210000.0,0.0,0.0,21900.0,1756210000.0,200.0,0.0,0.0,-200.0,16000000.0,0.0,0.0,-16000000.0
07/07/2021,24605.2237248258,80700.0,100.0,0.00123916,24422.5116674632,24635.6757343862,24361.6076483424,13000.0,1041870000.0,0.0,0.0,13000.0,1041870000.0,-100.0,0.0,0.0,100.0,-8080000.0,0.0,0.0,8080000.0
06/07/2021,24574.7717152654,81300.0,-600.0,-0.00738007,24544.319705705,24848.8398013091,24361.6076483424,44000.0,3544310000.0,0.0,0.0,44000.0,3544310000.0,-200.0,0.0,0.0,200.0,-16280000.0,0.0,0.0,16280000.0
05/07/2021,24757.483772628,81800.0,-500.0,-0.0061,24818.3877917488,24909.7438204302,24574.7717152654,23200.0,1888350000.0,0.0,0.0,23200.0,1888350000.0,-2200.0,0.0,0.0,2200.0,-179260000.0,0.0,0.0,179260000.0
02/07/2021,24909.7438204302,81800.0,0.0,0.0,24970.6478395509,24970.6478395509,24787.9357821884,8400.0,686280000.0,0.0,0.0,8400.0,686280000.0,0.0,0.0,0.0,0.0,0.0,0.0,0.0,0.0
01/07/2021,24909.7438204302,81800.0,0.0,0.0,24940.1958299905,24970.6478395509,24848.8398013091,14600.0,1194580000.0,0.0,0.0,14600.0,1194580000.0,0.0,0.0,0.0,0.0,0.0,0.0,0.0,0.0
30/06/2021,24909.7438204302,81200.0,600.0,0.0074,24727.0317630675,24970.6478395509,24727.0317630675,15400.0,1256270000.0,0.0,0.0,15400.0,1256270000.0,-900.0,-200.0,-200.0,1100.0,-73610000.0,-16260000.0,-16260000.0,89870000.0
29/06/2021,24727.0317630675,81100.0,100.0,0.0012,24666.1277439466,24787.9357821884,24513.8676961446,21300.0,1721490000.0,0.0,0.0,21300.0,1721490000.0,-100.0,0.0,0.0,100.0,-8060000.0,0.0,0.0,8060000.0
28/06/2021,24696.579753507,81900.0,-800.0,-0.00976801,24940.1958299905,24940.1958299905,24574.7717152654,20100.0,1629760000.0,0.0,0.0,20100.0,1629760000.0,-300.0,0.0,0.0,300.0,-24450000.0,0.0,0.0,24450000.0
25/06/2021,24940.1958299905,81800.0,100.0,0.00122249,25031.5518586718,25031.5518586718,24757.483772628,10700.0,874310000.0,0.0,0.0,10700.0,874310000.0,-2600.0,0.0,0.0,2600.0,-213270000.0,0.0,0.0,213270000.0
24/06/2021,24909.7438204302,82800.0,-1000.0,-0.01207729,25275.1679351552,25427.4279829572,24879.2918108697,16900.0,1385560000.0,0.0,0.0,16900.0,1385560000.0,-100.0,0.0,0.0,100.0,-8350000.0,0.0,0.0,8350000.0
23/06/2021,25214.2639160344,82400.0,400.0,0.00485437,25275.1679351552,25579.6880307595,25122.9078873531,20200.0,1682300000.0,0.0,0.0,20200.0,1682300000.0,-9900.0,0.0,0.0,9900.0,-826490000.0,0.0,0.0,826490000.0
22/06/2021,25092.4558777926,82000.0,400.0,0.00487805,24970.6478395509,25092.4558777926,24696.579753507,10800.0,883010000.0,0.0,0.0,10800.0,883010000.0,-200.0,0.0,0.0,200.0,-16380000.0,0.0,0.0,16380000.0
21/06/2021,24970.6478395509,83800.0,-1800.0,-0.02147971,25518.7840116387,25518.7840116387,24909.7438204302,33100.0,2722200000.0,0.0,0.0,33100.0,2722200000.0,-200.0,0.0,0.0,200.0,-16560000.0,0.0,0.0,16560000.0
18/06/2021,25518.7840116387,82900.0,900.0,0.01085645,25183.811906474,25518.7840116387,25122.9078873531,33200.0,2757160000.0,0.0,0.0,33200.0,2757160000.0,0.0,0.0,0.0,0.0,0.0,0.0,0.0,0.0
17/06/2021,25244.7159255949,78900.0,4000.0,0.05069708,25001.0998491113,25275.1679351552,24970.6478395509,46200.0,3817650000.0,0.0,0.0,46200.0,3817650000.0,-200.0,0.0,0.0,200.0,-16340000.0,0.0,0.0,16340000.0
16/06/2021,24026.6355431778,78000.0,900.0,0.01153846,23996.1835336173,24026.6355431778,23752.5674571338,17000.0,1336390000.0,0.0,0.0,17000.0,1336390000.0,3200.0,0.0,0.0,-3200.0,251940000.0,0.0,0.0,-251940000.0
15/06/2021,23752.5674571338,77700.0,300.0,0.003861,24117.9915718589,24117.9915718589,23448.0473615295,7200.0,563660000.0,0.0,0.0,7200.0,563660000.0,300.0,0.0,0.0,-300.0,22740000.0,0.0,0.0,-22740000.0
14/06/2021,23661.2114284526,77700.0,0.0,0.0,23448.0473615295,23904.827504936,23448.0473615295,9400.0,726720000.0,0.0,0.0,9400.0,726720000.0,-600.0,0.0,0.0,600.0,-46970000.0,0.0,0.0,46970000.0
11/06/2021,23661.2114284526,77000.0,700.0,0.00909091,23448.0473615295,24361.6076483424,23356.6913328483,12600.0,976940000.0,0.0,0.0,12600.0,976940000.0,-3200.0,0.0,0.0,3200.0,-249650000.0,0.0,0.0,249650000.0
10/06/2021,23448.0473615295,76400.0,600.0,0.0078534,23265.335304167,23448.0473615295,23173.9792754856,6100.0,466050000.0,0.0,0.0,6100.0,466050000.0,100.0,0.0,0.0,-100.0,7610000.0,0.0,0.0,-7610000.0
09/06/2021,23265.335304167,76000.0,400.0,0.00526316,23143.5272659252,23448.0473615295,22686.7471225189,16100.0,1219720000.0,0.0,0.0,16100.0,1219720000.0,-1100.0,1000.0,0.0,100.0,-83100000.0,75500000.0,0.0,7600000.0
08/06/2021,23143.5272659252,77000.0,-1000.0,-0.01298701,23569.8553997712,23569.8553997712,23143.5272659252,19600.0,1495940000.0,0.0,0.0,19600.0,1495940000.0,-700.0,0.0,0.0,700.0,-53920000.0,0.0,0.0,53920000.0
07/06/2021,23448.0473615295,77200.0,-200.0,-0.00259067,23600.3074093316,23600.3074093316,23143.5272659252,14800.0,1130640000.0,0.0,0.0,14800.0,1130640000.0,-1100.0,1100.0,0.0,0.0,-84000000.0,84000000.0,0.0,0.0
04/06/2021,23508.9513806504,76900.0,300.0,0.00390117,23204.431285046,23539.4033902107,23143.5272659252,26300.0,2006640000.0,0.0,0.0,26300.0,2006640000.0,-200.0,400.0,0.0,-200.0,-15450000.0,30680000.0,0.0,-15230000.0
03/06/2021,23417.5953519692,76600.0,300.0,0.00391645,23173.9792754856,23752.5674571338,23173.9792754856,5900.0,451110000.0,0.0,0.0,5900.0,451110000.0,-100.0,0.0,0.0,100.0,-7800000.0,0.0,0.0,7800000.0
02/06/2021,23326.2393232878,76700.0,-100.0,-0.00130378,23295.7873137275,23387.1433424087,23295.7873137275,29500.0,2261570000.0,0.0,0.0,29500.0,2261570000.0,0.0,0.0,0.0,0.0,0.0,0.0,0.0,0.0
01/06/2021,23356.6913328483,77100.0,-400.0,-0.00518807,23478.4993710899,23508.9513806504,23356.6913328483,69800.0,5374430000.0,0.0,0.0,69800.0,5374430000.0,0.0,0.0,0.0,0.0,0.0,0.0,0.0,0.0
31/05/2021,23478.4993710899,76300.0,800.0,0.01048493,23539.4033902107,23539.4033902107,23143.5272659252,4200.0,321190000.0,0.0,0.0,4200.0,321190000.0,0.0,0.0,0.0,0.0,0.0,0.0,0.0,0.0
28/05/2021,23234.8832946065,77600.0,-1300.0,-0.01675258,23478.4993710899,23600.3074093316,23234.8832946065,45900.0,3522410000.0,0.0,0.0,45900.0,3522410000.0,2600.0,900.0,0.0,-3500.0,199310000.0,69390000.0,0.0,-268700000.0
27/05/2021,23630.7594188921,77500.0,100.0,0.00129032,23874.3754953755,23874.3754953755,23539.4033902107,2800.0,217070000.0,0.0,0.0,2800.0,217070000.0,-400.0,0.0,0.0,400.0,-31140000.0,0.0,0.0,31140000.0
26/05/2021,23600.3074093316,77500.0,0.0,0.0,23600.3074093316,23630.7594188921,23478.4993710899,28600.0,2212230000.0,21100.0,1521310000.0,49700.0,3733540000.0,0.0,0.0,0.0,0.0,0.0,0.0,0.0,0.0
25/05/2021,23600.3074093316,78000.0,-500.0,-0.00641026,23752.5674571338,23874.3754953755,23569.8553997712,58900.0,4571820000.0,0.0,0.0,58900.0,4571820000.0,-4000.0,0.0,0.0,4000.0,-311840000.0,0.0,0.0,311840000.0
24/05/2021,23752.5674571338,77700.0,300.0,0.003861,23630.7594188921,23752.5674571338,23630.7594188921,27800.0,2160010000.0,0.0,0.0,27800.0,2160010000.0,3200.0,0.0,0.0,-3200.0,247800000.0,0.0,0.0,-247800000.0
21/05/2021,23661.2114284526,77500.0,200.0,0.00258065,23600.3074093316,23722.1154475734,23448.0473615295,20200.0,1559670000.0,0.0,0.0,20200.0,1559670000.0,0.0,0.0,0.0,0.0,0.0,0.0,0.0,0.0
20/05/2021,23600.3074093316,78000.0,-500.0,-0.00641026,23600.3074093316,23661.2114284526,23508.9513806504,37800.0,2928430000.0,0.0,0.0,37800.0,2928430000.0,-300.0,0.0,0.0,300.0,-23250000.0,0.0,0.0,23250000.0
19/05/2021,23752.5674571338,78000.0,0.0,0.0,23722.1154475734,23813.4714762547,23600.3074093316,25100.0,1952850000.0,20000.0,1452000000.0,45100.0,3404850000.0,0.0,0.0,0.0,0.0,0.0,0.0,0.0,0.0
18/05/2021,23752.5674571338,78400.0,-400.0,-0.00510204,23935.2795144963,23935.2795144963,23630.7594188921,19500.0,1517370000.0,0.0,0.0,19500.0,1517370000.0,-300.0,0.0,0.0,300.0,-23490000.0,0.0,0.0,23490000.0
17/05/2021,23874.3754953755,78600.0,-200.0,-0.00254453,23630.7594188921,23935.2795144963,23630.7594188921,2500.0,195450000.0,0.0,0.0,2500.0,195450000.0,0.0,0.0,0.0,0.0,0.0,0.0,0.0,0.0
14/05/2021,23935.2795144963,78500.0,100.0,0.00127389,23904.827504936,23996.1835336173,23508.9513806504,2400.0,186670000.0,0.0,0.0,2400.0,186670000.0,-200.0,0.0,0.0,200.0,-15730000.0,0.0,0.0,15730000.0
13/05/2021,23904.827504936,78500.0,0.0,0.0,23783.0194666942,23904.827504936,23600.3074093316,19200.0,1492490000.0,20000.0,1462000000.0,39200.0,2954490000.0,15000.0,-100.0,-100.0,-14900.0,1164550000.0,-7750000.0,-7750000.0,-1156800000.0
12/05/2021,23904.827504936,78300.0,200.0,0.00255428,23691.663438013,23996.1835336173,23691.663438013,44200.0,3464900000.0,0.0,0.0,44200.0,3464900000.0,0.0,0.0,0.0,0.0,0.0,0.0,0.0,0.0
11/05/2021,23843.9234858151,77500.0,800.0,0.01032258,24026.6355431778,24026.6355431778,23600.3074093316,16000.0,1249280000.0,0.0,0.0,16000.0,1249280000.0,-200.0,0.0,0.0,200.0,-15730000.0,0.0,0.0,15730000.0
10/05/2021,23600.3074093316,77900.0,-400.0,-0.00513479,23569.8553997712,23722.1154475734,23569.8553997712,11000.0,852540000.0,0.0,0.0,11000.0,852540000.0,100.0,0.0,0.0,-100.0,7740000.0,0.0,0.0,-7740000.0
07/05/2021,23722.1154475734,78500.0,-600.0,-0.00764331,23752.5674571338,23996.1835336173,23569.8553997712,27700.0,2156570000.0,0.0,0.0,27700.0,2156570000.0,-300.0,0.0,0.0,300.0,-23550000.0,0.0,0.0,23550000.0
06/05/2021,23904.827504936,78100.0,400.0,0.00512164,23783.0194666942,23965.7315240567,23600.3074093316,21600.0,1693440000.0,0.0,0.0,21600.0,1693440000.0,-400.0,0.0,0.0,400.0,-31420000.0,0.0,0.0,31420000.0
05/05/2021,23783.0194666942,78000.0,100.0,0.00128205,24057.087552738,24057.087552738,23630.7594188921,15400.0,1200110000.0,0.0,0.0,15400.0,1200110000.0,900.0,0.0,0.0,-900.0,70560000.0,0.0,0.0,-70560000.0
04/05/2021,23752.5674571338,78600.0,-600.0,-0.00763359,23843.9234858151,24270.251619661,23722.1154475734,35000.0,2733430000.0,0.0,0.0,35000.0,2733430000.0,12100.0,0.0,0.0,-12100.0,943780000.0,0.0,0.0,-943780000.0
29/04/2021,23935.2795144963,80200.0,-1600.0,-0.01995012,24666.1277439466,24666.1277439466,23935.2795144963,5600.0,446360000.0,0.0,0.0,5600.0,446360000.0,-900.0,0.0,0.0,900.0,-72460000.0,0.0,0.0,72460000.0
28/04/2021,24422.5116674632,79100.0,1100.0,0.01390645,24452.9636770237,24666.1277439466,24148.4435814194,14300.0,1148650000.0,0.0,0.0,14300.0,1148650000.0,-5700.0,0.0,0.0,5700.0,-458830000.0,0.0,0.0,458830000.0
27/04/2021,24087.5395622985,79200.0,-100.0,-0.00126263,23783.0194666942,24178.8955909798,23752.5674571338,25600.0,2004120000.0,0.0,0.0,25600.0,2004120000.0,-2200.0,0.0,0.0,2200.0,-173520000.0,0.0,0.0,173520000.0
26/04/2021,24117.9915718589,78900.0,300.0,0.00380228,24057.087552738,24178.8955909798,23630.7594188921,20100.0,1579540000.0,0.0,0.0,20100.0,1579540000.0,-200.0,0.0,0.0,200.0,-15780000.0,0.0,0.0,15780000.0
23/04/2021,24026.6355431778,78100.0,800.0,0.01024328,23204.431285046,24026.6355431778,23204.431285046,16900.0,1323570000.0,0.0,0.0,16900.0,1323570000.0,-4800.0,0.0,0.0,4800.0,-377370000.0,0.0,0.0,377370000.0
22/04/2021,23783.0194666942,77800.0,300.0,0.0039,23691.663438013,23813.4714762547,23326.2393232878,15100.0,1170210000.0,0.0,0.0,15100.0,1170210000.0,-200.0,0.0,0.0,200.0,-15530000.0,0.0,0.0,15530000.0
20/04/2021,23691.663438013,78300.0,-500.0,-0.0063857,23569.8553997712,23996.1835336173,23569.8553997712,21700.0,1683780000.0,0.0,0.0,21700.0,1683780000.0,-700.0,0.0,0.0,700.0,-54890000.0,0.0,0.0,54890000.0
19/04/2021,23843.9234858151,77000.0,1300.0,0.01688312,23965.7315240567,23965.7315240567,23478.4993710899,1300.0,101490000.0,0.0,0.0,1300.0,101490000.0,-100.0,0.0,0.0,100.0,-7870000.0,0.0,0.0,7870000.0
16/04/2021,23448.0473615295,78000.0,-1000.0,-0.01282051,23752.5674571338,23965.7315240567,23295.7873137275,22300.0,1722000000.0,0.0,0.0,22300.0,1722000000.0,-300.0,0.0,0.0,300.0,-23100000.0,0.0,0.0,23100000.0
15/04/2021,23752.5674571338,79400.0,-1400.0,-0.01763224,24178.8955909798,24178.8955909798,23752.5674571338,21500.0,1681480000.0,0.0,0.0,21500.0,1681480000.0,-1100.0,0.0,0.0,1100.0,-87270000.0,0.0,0.0,87270000.0
14/04/2021,24178.8955909798,79300.0,100.0,0.00126103,24057.087552738,24178.8955909798,23904.827504936,20000.0,1579080000.0,0.0,0.0,20000.0,1579080000.0,200.0,-100.0,-100.0,-100.0,15860000.0,-7940000.0,-7940000.0,-7920000.0
13/04/2021,24148.4435814194,79300.0,0.0,0.0,24209.3476005401,24270.251619661,23965.7315240567,19100.0,1513700000.0,0.0,0.0,19100.0,1513700000.0,2300.0,0.0,0.0,-2300.0,182590000.0,0.0,0.0,-182590000.0
12/04/2021,24148.4435814194,78000.0,1300.0,0.01666667,23752.5674571338,24209.3476005401,23752.5674571338,39500.0,3120660000.0,0.0,0.0,39500.0,3120660000.0,-1200.0,0.0,0.0,1200.0,-94560000.0,0.0,0.0,94560000.0
09/04/2021,23752.5674571338,77900.0,100.0,0.0012837,23722.1154475734,23752.5674571338,23539.4033902107,12000.0,931720000.0,0.0,0.0,12000.0,931720000.0,0.0,0.0,0.0,0.0,0.0,0.0,0.0,0.0
08/04/2021,23722.1154475734,78200.0,-300.0,-0.00383632,23600.3074093316,23752.5674571338,23539.4033902107,12800.0,991200000.0,0.0,0.0,12800.0,991200000.0,0.0,0.0,0.0,0.0,0.0,0.0,0.0,0.0
07/04/2021,23813.4714762547,78000.0,200.0,0.0025641,23539.4033902107,23813.4714762547,23478.4993710899,24100.0,1867580000.0,0.0,0.0,24100.0,1867580000.0,500.0,1500.0,0.0,-2000.0,37370000.0,117300000.0,0.0,-154670000.0
06/04/2021,23752.5674571338,78500.0,-500.0,-0.00636943,23996.1835336173,23996.1835336173,23569.8553997712,32300.0,2514810000.0,0.0,0.0,32300.0,2514810000.0,-4200.0,0.0,0.0,4200.0,-326890000.0,0.0,0.0,326890000.0
05/04/2021,23904.827504936,79000.0,-500.0,-0.00632911,24300.7036292215,24300.7036292215,23752.5674571338,17600.0,1380510000.0,0.0,0.0,17600.0,1380510000.0,-100.0,0.0,0.0,100.0,-7980000.0,0.0,0.0,7980000.0
02/04/2021,24057.087552738,80100.0,-1100.0,-0.01373283,24361.6076483424,24361.6076483424,24057.087552738,25200.0,2000860000.0,0.0,0.0,25200.0,2000860000.0,-100.0,0.0,0.0,100.0,-7990000.0,0.0,0.0,7990000.0
01/04/2021,24392.0596579028,80600.0,-500.0,-0.00620347,24635.6757343862,24635.6757343862,24239.7996101007,19500.0,1563920000.0,0.0,0.0,19500.0,1563920000.0,-1000.0,0.0,0.0,1000.0,-80900000.0,0.0,0.0,80900000.0
31/03/2021,24544.319705705,80900.0,-300.0,-0.00370828,24635.6757343862,25062.0038682322,24209.3476005401,21200.0,1707810000.0,0.0,0.0,21200.0,1707810000.0,-400.0,0.0,0.0,400.0,-32470000.0,0.0,0.0,32470000.0
30/03/2021,24635.6757343862,77200.0,3700.0,0.04792746,23752.5674571338,25153.3598969135,23539.4033902107,40900.0,3241630000.0,0.0,0.0,40900.0,3241630000.0,-9100.0,0.0,0.0,9100.0,-730730000.0,0.0,0.0,730730000.0
29/03/2021,23508.9513806504,75700.0,1500.0,0.01981506,23052.1712372439,23539.4033902107,23052.1712372439,15100.0,1159440000.0,0.0,0.0,15100.0,1159440000.0,-100.0,0.0,0.0,100.0,-7650000.0,0.0,0.0,7650000.0
26/03/2021,23052.1712372439,76400.0,-700.0,-0.0091623,23295.7873137275,23295.7873137275,23021.7192276836,19000.0,1444910000.0,0.0,0.0,19000.0,1444910000.0,0.0,0.0,0.0,0.0,0.0,0.0,0.0,0.0
25/03/2021,23265.335304167,76600.0,-200.0,-0.00261097,23752.5674571338,23752.5674571338,23113.0752563648,30800.0,2355770000.0,0.0,0.0,30800.0,2355770000.0,-200.0,0.0,0.0,200.0,-15570000.0,0.0,0.0,15570000.0
24/03/2021,23326.2393232878,77500.0,-900.0,-0.0116129,22869.4591798815,23569.8553997712,22869.4591798815,10800.0,827980000.0,0.0,0.0,10800.0,827980000.0,0.0,0.0,0.0,0.0,0.0,0.0,0.0,0.0
23/03/2021,23600.3074093316,78000.0,-500.0,-0.00641026,23935.2795144963,23935.2795144963,23204.431285046,23000.0,1772140000.0,0.0,0.0,23000.0,1772140000.0,-100.0,0.0,0.0,100.0,-7860000.0,0.0,0.0,7860000.0
22/03/2021,23752.5674571338,79500.0,-1500.0,-0.01886792,24483.4156865841,24483.4156865841,23752.5674571338,38200.0,3007540000.0,0.0,0.0,38200.0,3007540000.0,-1700.0,0.0,0.0,1700.0,-135230000.0,0.0,0.0,135230000.0
19/03/2021,24209.3476005401,79300.0,200.0,0.00252207,24300.7036292215,24361.6076483424,24148.4435814194,10400.0,829160000.0,0.0,0.0,10400.0,829160000.0,-800.0,0.0,0.0,800.0,-63510000.0,0.0,0.0,63510000.0
18/03/2021,24148.4435814194,78602.0,698.0,0.00888018,24087.5395622985,24513.8676961446,24087.5395622985,17500.0,1390310000.0,0.0,0.0,17500.0,1390310000.0,-1500.0,0.0,0.0,1500.0,-120340000.0,0.0,0.0,120340000.0
17/03/2021,23935.9281423001,78100.0,2000.0,0.02560819,23398.0421166303,24473.8141679696,23398.0421166303,33700.0,2692030000.0,0.0,0.0,33700.0,2692030000.0,-2900.0,0.0,0.0,2900.0,-234020000.0,0.0,0.0,234020000.0
16/03/2021,23338.277002667,78000.0,100.0,0.00128205,23308.3944456854,23547.4549015385,23308.3944456854,5500.0,430270000.0,0.0,0.0,5500.0,430270000.0,-100.0,-100.0,0.0,200.0,-7950000.0,-7800000.0,0.0,15750000.0
15/03/2021,23308.3944456854,75300.0,2700.0,0.03585657,22561.3305211442,23607.2200155018,22561.3305211442,44200.0,3389610000.0,0.0,0.0,44200.0,3389610000.0,-1100.0,-900.0,0.0,2000.0,-88170000.0,-68220000.0,0.0,156390000.0
12/03/2021,22501.5654071809,76300.0,-1000.0,-0.01310616,22830.2735339791,22830.2735339791,22501.5654071809,15400.0,1164610000.0,0.0,0.0,15400.0,1164610000.0,-100.0,0.0,0.0,100.0,-7620000.0,0.0,0.0,7620000.0
11/03/2021,22800.3909769975,75500.0,800.0,0.01059603,23308.3944456854,23308.3944456854,22561.3305211442,6300.0,481820000.0,0.0,0.0,6300.0,481820000.0,-500.0,100.0,0.0,400.0,-38470000.0,7770000.0,0.0,30700000.0
10/03/2021,22561.3305211442,75500.0,0.0,0.0,22621.0956351074,22710.7433060525,22411.917736236,14300.0,1075940000.0,0.0,0.0,14300.0,1075940000.0,0.0,200.0,0.0,-200.0,-60000.0,15100000.0,0.0,-15040000.0
09/03/2021,22561.3305211442,74400.0,1100.0,0.01478495,22411.917736236,22710.7433060525,22262.5049513276,24300.0,1827520000.0,0.0,0.0,24300.0,1827520000.0,-700.0,700.0,0.0,0.0,-52580000.0,52580000.0,0.0,0.0
08/03/2021,22232.622394346,73000.0,1400.0,0.01917808,21814.266596603,22352.1526222727,21814.266596603,26800.0,1980810000.0,0.0,0.0,26800.0,1980810000.0,-1000.0,0.0,0.0,1000.0,-73890000.0,0.0,0.0,73890000.0
05/03/2021,21814.266596603,73500.0,-500.0,-0.00680272,21754.5014826397,21874.0317105663,21664.8538116948,17700.0,1286460000.0,0.0,0.0,17700.0,1286460000.0,-100.0,0.0,0.0,100.0,-7320000.0,0.0,0.0,7320000.0
04/03/2021,21963.6793815113,74600.0,-1100.0,-0.01474531,22382.0351792544,22382.0351792544,21963.6793815113,11100.0,822100000.0,0.0,0.0,11100.0,822100000.0,-200.0,0.0,0.0,200.0,-14950000.0,0.0,0.0,14950000.0
03/03/2021,22292.3875083095,74700.0,-100.0,-0.00133869,22322.2700652911,22352.1526222727,21844.1491535846,9400.0,696900000.0,0.0,0.0,9400.0,696900000.0,-1200.0,0.0,0.0,1200.0,-89470000.0,0.0,0.0,89470000.0
02/03/2021,22322.2700652911,74300.0,400.0,0.00538358,22411.917736236,22441.8002932177,21605.0886977315,7200.0,534870000.0,0.0,0.0,7200.0,534870000.0,-100.0,0.0,0.0,100.0,-7500000.0,0.0,0.0,7500000.0
01/03/2021,22202.7398373642,72500.0,1800.0,0.02482759,22561.3305211442,22561.3305211442,21605.0886977315,20200.0,1491020000.0,0.0,0.0,20200.0,1491020000.0,0.0,-400.0,0.0,400.0,-220000.0,-29800000.0,0.0,30020000.0
26/02/2021,21664.8538116948,70400.0,2100.0,0.02982955,21186.7328999884,22053.3270524561,21067.2026720618,30600.0,2203150000.0,0.0,0.0,30600.0,2203150000.0,-8100.0,0.0,0.0,8100.0,-583760000.0,0.0,0.0,583760000.0
25/02/2021,21037.3201150802,68300.0,2100.0,0.03074671,20917.7898871536,21784.3840396213,20648.8468743188,17300.0,1211490000.0,0.0,0.0,17300.0,1211490000.0,-1200.0,-200.0,0.0,1400.0,-85390000.0,-14000000.0,0.0,99390000.0
24/02/2021,20409.7864184657,68000.0,300.0,0.00441176,20499.4340894104,20499.4340894104,20320.1387475206,10700.0,730020000.0,0.0,0.0,10700.0,730020000.0,2600.0,-2600.0,-100.0,0.0,177370000.0,-177370000.0,-6800000.0,0.0
23/02/2021,20320.1387475206,66900.0,1100.0,0.01644245,20200.608519594,20409.7864184657,20140.8434056307,14600.0,990140000.0,0.0,0.0,14600.0,990140000.0,1000.0,-1900.0,0.0,900.0,68030000.0,-128900000.0,0.0,60870000.0
22/02/2021,19991.4306207225,66300.0,600.0,0.00904977,20290.2561905389,20290.2561905389,19722.4876078877,23500.0,1557840000.0,0.0,0.0,23500.0,1557840000.0,400.0,200.0,0.0,-600.0,26510000.0,13250000.0,0.0,-39760000.0
19/02/2021,19812.1352788327,66500.0,-200.0,-0.00300752,19722.4876078877,20021.3131777043,19423.6620380712,12900.0,847460000.0,0.0,0.0,12900.0,847460000.0,100.0,-100.0,0.0,0.0,6630000.0,-6630000.0,0.0,0.0
18/02/2021,19871.9003927959,65700.0,800.0,0.01217656,20140.8434056307,20140.8434056307,19423.6620380712,11500.0,758100000.0,0.0,0.0,11500.0,758100000.0,-1100.0,0.0,0.0,1100.0,-73680000.0,0.0,0.0,73680000.0
17/02/2021,19632.8399369428,62900.0,2800.0,0.0445151,19005.3062403281,19632.8399369428,19005.3062403281,14400.0,932210000.0,0.0,0.0,14400.0,932210000.0,0.0,0.0,0.0,0.0,0.0,0.0,0.0,0.0
09/02/2021,18796.1283414565,62900.0,0.0,0.0,18826.0108984381,18826.0108984381,18527.1853286217,26500.0,1655540000.0,0.0,0.0,26500.0,1655540000.0,1700.0,0.0,0.0,-1700.0,105450000.0,0.0,0.0,-105450000.0
08/02/2021,18796.1283414565,62800.0,100.0,0.00159236,18766.2457844751,18826.0108984381,18586.950442585,6500.0,406860000.0,0.0,0.0,6500.0,406860000.0,-900.0,0.0,0.0,900.0,-56520000.0,0.0,0.0,56520000.0
05/02/2021,18766.2457844751,62100.0,700.0,0.01127214,18646.7155565484,18766.2457844751,18527.1853286217,14000.0,870320000.0,0.0,0.0,14000.0,870320000.0,0.0,0.0,0.0,0.0,0.0,0.0,0.0,0.0
04/02/2021,18557.0678856033,63000.0,-900.0,-0.01428571,18796.1283414565,18796.1283414565,18497.3027716401,32300.0,2007940000.0,0.0,0.0,32300.0,2007940000.0,-600.0,0.0,0.0,600.0,-37300000.0,0.0,0.0,37300000.0
03/02/2021,18826.0108984381,62900.0,100.0,0.00158983,18796.1283414565,18826.0108984381,18557.0678856033,30300.0,1892770000.0,0.0,0.0,30300.0,1892770000.0,-400.0,0.0,0.0,400.0,-25160000.0,0.0,0.0,25160000.0
02/02/2021,18796.1283414565,61900.0,1000.0,0.01615509,18736.3632274932,18826.0108984381,18527.1853286217,21300.0,1327490000.0,0.0,0.0,21300.0,1327490000.0,-100.0,0.0,0.0,100.0,-6270000.0,0.0,0.0,6270000.0
01/02/2021,18497.3027716401,61400.0,500.0,0.00814332,19214.4841391997,19214.4841391997,18347.8899867319,23500.0,1459210000.0,0.0,0.0,23500.0,1459210000.0,-100.0,0.0,0.0,100.0,-6430000.0,0.0,0.0,6430000.0
29/01/2021,18347.8899867319,62700.0,-1300.0,-0.02073365,17959.4167459704,20021.3131777043,17959.4167459704,85800.0,5341000000.0,0.0,0.0,85800.0,5341000000.0,-1900.0,0.0,0.0,1900.0,-118040000.0,0.0,0.0,118040000.0
28/01/2021,18736.3632274932,67100.0,-4400.0,-0.06557377,19722.4876078877,19901.7829497775,18676.59811353,71100.0,4556160000.0,0.0,0.0,71100.0,4556160000.0,-2300.0,2400.0,0.0,-100.0,-150590000.0,156990000.0,0.0,-6400000.0
27/01/2021,20051.1957346858,66000.0,1100.0,0.01666667,20618.9643173371,20768.3771022454,19961.5480637409,72400.0,4917090000.0,0.0,0.0,72400.0,4917090000.0,-700.0,0.0,0.0,700.0,-47250000.0,0.0,0.0,47250000.0
26/01/2021,19722.4876078877,67500.0,-1500.0,-0.02222222,20170.7259626124,20170.7259626124,19722.4876078877,19300.0,1280390000.0,0.0,0.0,19300.0,1280390000.0,-2000.0,2000.0,0.0,0.0,-133750000.0,133750000.0,0.0,0.0
25/01/2021,20170.7259626124,69000.0,-1500.0,-0.02173913,20618.9643173371,20798.2596592269,20110.9608486492,44900.0,3062540000.0,0.0,0.0,44900.0,3062540000.0,-3300.0,500.0,0.0,2800.0,-227920000.0,33750000.0,0.0,194170000.0
22/01/2021,20618.9643173371,68600.0,400.0,0.0058309,20499.4340894104,20618.9643173371,20230.4910765757,28600.0,1958000000.0,0.0,0.0,28600.0,1958000000.0,-2500.0,0.0,0.0,2500.0,-171590000.0,0.0,0.0,171590000.0
21/01/2021,20499.4340894104,68500.0,100.0,0.00145985,20021.3131777043,20917.7898871536,20021.3131777043,13800.0,934510000.0,0.0,0.0,13800.0,934510000.0,-500.0,0.0,0.0,500.0,-34320000.0,0.0,0.0,34320000.0
20/01/2021,20469.5515324289,69000.0,-500.0,-0.00724638,20260.3736335574,20917.7898871536,19423.6620380712,27900.0,1845020000.0,0.0,0.0,27900.0,1845020000.0,100.0,0.0,0.0,-100.0,6780000.0,0.0,0.0,-6780000.0
19/01/2021,20618.9643173371,68800.0,200.0,0.00290698,20559.1992033737,21037.3201150802,20021.3131777043,23700.0,1624720000.0,0.0,0.0,23700.0,1624720000.0,-16700.0,0.0,0.0,16700.0,-1146670000.0,0.0,0.0,1146670000.0
18/01/2021,20559.1992033737,71000.0,-2200.0,-0.03098592,21515.4410267867,21515.4410267867,20320.1387475206,67800.0,4661600000.0,0.0,0.0,67800.0,4661600000.0,-1400.0,0.0,0.0,1400.0,-96730000.0,0.0,0.0,96730000.0
15/01/2021,21216.6154569701,67400.0,3600.0,0.0534,20170.7259626124,21515.4410267867,20170.7259626124,22100.0,1554650000.0,0.0,0.0,22100.0,1554650000.0,-7700.0,0.0,0.0,7700.0,-531860000.0,0.0,0.0,531860000.0
14/01/2021,20140.8434056307,67400.0,0.0,0.0,20320.1387475206,20320.1387475206,20021.3131777043,111100.0,7466550000.0,0.0,0.0,111100.0,7466550000.0,-50200.0,0.0,0.0,50200.0,-3375480000.0,0.0,0.0,3375480000.0
13/01/2021,20140.8434056307,66900.0,500.0,0.00747384,20021.3131777043,20320.1387475206,19991.4306207225,90900.0,6119680000.0,0.0,0.0,90900.0,6119680000.0,-59600.0,11600.0,0.0,48000.0,-4011930000.0,782150000.0,0.0,3229780000.0
12/01/2021,19991.4306207225,66900.0,0.0,0.0,19901.7829497775,20021.3131777043,19722.4876078877,17000.0,1127400000.0,0.0,0.0,17000.0,1127400000.0,1000.0,0.0,0.0,-1000.0,65520000.0,0.0,0.0,-65520000.0
11/01/2021,19991.4306207225,65300.0,1600.0,0.0245023,19991.4306207225,20230.4910765757,19722.4876078877,43300.0,2910350000.0,0.0,0.0,43300.0,2910350000.0,-100.0,0.0,0.0,100.0,-6920000.0,0.0,0.0,6920000.0
08/01/2021,19513.3097090161,61200.0,4100.0,0.06699346,18527.1853286217,19543.1922659977,18318.0074297501,52400.0,3361060000.0,0.0,0.0,52400.0,3361060000.0,-38100.0,0.0,0.0,38100.0,-2462610000.0,0.0,0.0,2462610000.0
07/01/2021,18288.1248727685,57200.0,4000.0,0.0699,17122.7051504843,18288.1248727685,17092.8225935026,52400.0,3121750000.0,0.0,0.0,52400.0,3121750000.0,-42800.0,0.0,0.0,42800.0,-2558770000.0,0.0,0.0,2558770000.0
06/01/2021,17092.8225935026,56500.0,700.0,0.01238938,17033.0574795393,17152.587707466,16943.4098085944,28500.0,1628030000.0,0.0,0.0,28500.0,1628030000.0,-12900.0,0.0,0.0,12900.0,-737370000.0,0.0,0.0,737370000.0
05/01/2021,16883.6446946312,56000.0,500.0,0.00892857,16734.2319097229,16883.6446946312,16644.5842387778,51500.0,2881170000.0,0.0,0.0,51500.0,2881170000.0,-9000.0,0.0,0.0,9000.0,-501920000.0,0.0,0.0,501920000.0
04/01/2021,16734.2319097229,56300.0,-300.0,-0.0053286,16764.1144667045,16853.7621376495,16674.4667957595,32000.0,1793390000.0,0.0,0.0,32000.0,1793390000.0,0.0,0.0,0.0,0.0,0.0,0.0,0.0,0.0
31/12/2020,16823.8795806679,56400.0,-100.0,-0.00177305,16853.7621376495,16853.7621376495,16734.2319097229,8620.0,484892000.0,0.0,0.0,8620.0,484892000.0,-250.0,0.0,0.0,250.0,-14089000.0,0.0,0.0,14089000.0
30/12/2020,16853.7621376495,56601.0,-201.0,-0.00355117,17212.3528214292,17302.0004923742,16764.1144667045,15580.0,884549000.0,0.0,0.0,15580.0,884549000.0,-80.0,0.0,0.0,80.0,-4520000.0,0.0,0.0,4520000.0
29/12/2020,16913.832053694,58700.0,-600.0,-0.01022147,16913.832053694,17263.1710978322,16913.832053694,14820.0,865077000.0,0.0,0.0,14820.0,865077000.0,-200.0,0.0,0.0,200.0,-11700000.0,0.0,0.0,11700000.0
28/12/2020,17088.5015757631,58000.0,700.0,0.01206897,17350.5058588668,17350.5058588668,16680.9393576017,13780.0,807466000.0,0.0,0.0,13780.0,807466000.0,110.0,-110.0,-110.0,0.0,6303000.0,-6303000.0,-6303000.0,0.0
25/12/2020,16884.7204666824,59000.0,-1000.0,-0.01694915,17175.8363367978,17175.8363367978,16710.0509446134,14530.0,842423000.0,0.0,0.0,14530.0,842423000.0,-200.0,0.0,0.0,200.0,-11600000.0,0.0,0.0,11600000.0
24/12/2020,17175.8363367978,58500.0,500.0,0.00854701,17146.7247497862,17175.8363367978,16710.0509446134,9260.0,537095000.0,0.0,0.0,9260.0,537095000.0,0.0,0.0,0.0,0.0,0.0,0.0,0.0,0.0
23/12/2020,17030.2784017401,58000.0,500.0,0.00862069,16884.7204666824,17030.2784017401,16768.2741186364,9960.0,579205000.0,0.0,0.0,9960.0,579205000.0,0.0,0.0,0.0,0.0,0.0,0.0,0.0,0.0
22/12/2020,16884.7204666824,57000.0,1000.0,0.01754386,16593.6045965672,17030.2784017401,16593.6045965672,8780.0,504819000.0,0.0,0.0,8780.0,504819000.0,0.0,0.0,0.0,0.0,0.0,0.0,0.0,0.0
21/12/2020,16593.6045965672,57000.0,0.0,0.0,16622.7161835787,16622.7161835787,16360.711900475,6590.0,375340000.0,0.0,0.0,6590.0,375340000.0,0.0,0.0,0.0,0.0,0.0,0.0,0.0,0.0
18/12/2020,16593.6045965672,55300.0,1700.0,0.03074141,16156.9307913944,16593.6045965672,16156.9307913944,21490.0,1213264000.0,0.0,0.0,21490.0,1213264000.0,0.0,0.0,0.0,0.0,0.0,0.0,0.0,0.0
17/12/2020,16098.7076173714,55200.0,100.0,0.00181159,16011.3728563369,16127.8192043829,15982.2612693253,37810.0,2083609000.0,0.0,0.0,37810.0,2083609000.0,0.0,0.0,0.0,0.0,0.0,0.0,0.0,0.0
16/12/2020,16069.5960303598,55100.0,100.0,0.00181488,16040.4844433484,16098.7076173714,16011.3728563369,27540.0,1518751000.0,0.0,0.0,27540.0,1518751000.0,-4000.0,4000.0,0.0,0.0,-220565000.0,220565000.0,0.0,0.0
15/12/2020,16040.4844433484,55100.0,0.0,0.0,16011.3728563369,16127.8192043829,16011.3728563369,28340.0,1563947000.0,0.0,0.0,28340.0,1563947000.0,2110.0,0.0,0.0,-2110.0,116070000.0,0.0,0.0,-116070000.0
14/12/2020,16040.4844433484,55500.0,-400.0,-0.00720721,16215.1539654174,16215.1539654174,16011.3728563369,25250.0,1393751000.0,0.0,0.0,25250.0,1393751000.0,10.0,0.0,0.0,-10.0,551000.0,0.0,0.0,-551000.0
11/12/2020,16156.9307913944,55000.0,500.0,0.00909091,16273.3771394405,16273.3771394405,16011.3728563369,2950.0,162777000.0,0.0,0.0,2950.0,162777000.0,0.0,0.0,0.0,0.0,0.0,0.0,0.0,0.0
10/12/2020,16011.3728563369,55000.0,0.0,0.0,16011.3728563369,16098.7076173714,15982.2612693253,9640.0,530117000.0,0.0,0.0,9640.0,530117000.0,-150.0,0.0,0.0,150.0,-8250000.0,0.0,0.0,8250000.0
09/12/2020,16011.3728563369,55000.0,0.0,0.0,16011.3728563369,16040.4844433484,15982.2612693253,12330.0,678265000.0,0.0,0.0,12330.0,678265000.0,0.0,0.0,0.0,0.0,0.0,0.0,0.0,0.0
08/12/2020,16011.3728563369,55600.0,-600.0,-0.01079137,16011.3728563369,16215.1539654174,15982.2612693253,48230.0,2656842000.0,0.0,0.0,48230.0,2656842000.0,-4500.0,4500.0,0.0,0.0,-249888000.0,249888000.0,0.0,0.0
07/12/2020,16186.0423784059,55500.0,100.0,0.0018018,16156.9307913944,16273.3771394405,16011.3728563369,25860.0,1425536000.0,0.0,0.0,25860.0,1425536000.0,0.0,0.0,0.0,0.0,0.0,0.0,0.0,0.0
04/12/2020,16156.9307913944,54900.0,600.0,0.01092896,15982.2612693253,16156.9307913944,15953.1496823138,40400.0,2224256000.0,0.0,0.0,40400.0,2224256000.0,1130.0,-10.0,-10.0,-1120.0,61925000.0,-549000.0,-549000.0,-61376000.0
03/12/2020,15982.2612693253,55000.0,-100.0,-0.00181818,16011.3728563369,16011.3728563369,15953.1496823138,9370.0,514873000.0,0.0,0.0,9370.0,514873000.0,0.0,0.0,0.0,0.0,0.0,0.0,0.0,0.0
02/12/2020,16011.3728563369,55300.0,-300.0,-0.00542495,16273.3771394405,16273.3771394405,15924.0380953022,10130.0,557208000.0,0.0,0.0,10130.0,557208000.0,0.0,0.0,0.0,0.0,0.0,0.0,0.0,0.0
01/12/2020,16098.7076173714,55500.0,-200.0,-0.0036036,16040.4844433484,16215.1539654174,15429.1411161064,35780.0,1968437000.0,0.0,0.0,35780.0,1968437000.0,1380.0,0.0,0.0,-1380.0,75913000.0,0.0,0.0,-75913000.0
30/11/2020,16156.9307913944,55400.0,100.0,0.00180505,16186.0423784059,16186.0423784059,16069.5960303598,13320.0,737015000.0,100000.0,5160000000.0,113320.0,5897015000.0,-20.0,0.0,0.0,20.0,-1112000.0,0.0,0.0,1112000.0
27/11/2020,16127.8192043829,55400.0,0.0,0.0,16011.3728563369,16156.9307913944,16011.3728563369,13380.0,738339000.0,0.0,0.0,13380.0,738339000.0,990.0,0.0,0.0,-990.0,54846000.0,0.0,0.0,-54846000.0
26/11/2020,16127.8192043829,55400.0,0.0,0.0,16215.1539654174,16215.1539654174,16011.3728563369,17190.0,951910000.0,0.0,0.0,17190.0,951910000.0,-5460.0,0.0,0.0,5460.0,-303802000.0,0.0,0.0,303802000.0
25/11/2020,16127.8192043829,55200.0,200.0,0.00362319,16156.9307913944,16156.9307913944,16069.5960303598,10050.0,555227000.0,0.0,0.0,10050.0,555227000.0,-20.0,0.0,0.0,20.0,-1110000.0,0.0,0.0,1110000.0
24/11/2020,16069.5960303598,55200.0,0.0,0.0,16011.3728563369,16215.1539654174,16011.3728563369,10440.0,575292000.0,0.0,0.0,10440.0,575292000.0,-20.0,0.0,0.0,20.0,-1100000.0,0.0,0.0,1100000.0
23/11/2020,16069.5960303598,55100.0,100.0,0.00181488,16215.1539654174,16215.1539654174,16040.4844433484,11740.0,648555000.0,0.0,0.0,11740.0,648555000.0,-20.0,0.0,0.0,20.0,-1114000.0,0.0,0.0,1114000.0
20/11/2020,16040.4844433484,55400.0,-300.0,-0.00541516,16273.3771394405,16273.3771394405,16011.3728563369,7930.0,437184000.0,0.0,0.0,7930.0,437184000.0,-20.0,0.0,0.0,20.0,-1118000.0,0.0,0.0,1118000.0
19/11/2020,16127.8192043829,55000.0,400.0,0.00727273,16127.8192043829,16156.9307913944,16011.3728563369,4500.0,248842000.0,0.0,0.0,4500.0,248842000.0,-20.0,0.0,0.0,20.0,-1108000.0,0.0,0.0,1108000.0
18/11/2020,16011.3728563369,54800.0,200.0,0.00364964,15865.8149212792,16069.5960303598,15865.8149212792,8210.0,450285000.0,0.0,0.0,8210.0,450285000.0,-20.0,0.0,0.0,20.0,-1090000.0,0.0,0.0,1090000.0
17/11/2020,15953.1496823138,54600.0,200.0,0.003663,15894.9265082908,16069.5960303598,15894.9265082908,4390.0,241162000.0,0.0,0.0,4390.0,241162000.0,-20.0,0.0,0.0,20.0,-1092000.0,0.0,0.0,1092000.0
16/11/2020,15894.9265082908,54700.0,-100.0,-0.00182815,16506.2698355326,16506.2698355326,15894.9265082908,7400.0,405289000.0,0.0,0.0,7400.0,405289000.0,-20.0,0.0,0.0,20.0,-1134000.0,0.0,0.0,1134000.0
13/11/2020,15924.0380953022,55700.0,-1000.0,-0.01795332,16156.9307913944,16302.4887264521,15924.0380953022,24220.0,1340784000.0,0.0,0.0,24220.0,1340784000.0,-520.0,0.0,0.0,520.0,-28860000.0,0.0,0.0,28860000.0
12/11/2020,16215.1539654174,56200.0,-500.0,-0.0088968,16564.4930095558,16564.4930095558,16215.1539654174,8370.0,468000000.0,0.0,0.0,8370.0,468000000.0,-70.0,0.0,0.0,70.0,-3948000.0,0.0,0.0,3948000.0
11/11/2020,16360.711900475,56500.0,-300.0,-0.00530973,16651.8277705902,16651.8277705902,16302.4887264521,6050.0,339000000.0,0.0,0.0,6050.0,339000000.0,-220.0,0.0,0.0,220.0,-12484000.0,0.0,0.0,12484000.0
10/11/2020,16448.0466615097,55500.0,1000.0,0.01801802,16244.2655524289,16448.0466615097,16156.9307913944,37170.0,2081255000.0,0.0,0.0,37170.0,2081255000.0,80.0,0.0,0.0,-80.0,4484000.0,0.0,0.0,-4484000.0
09/11/2020,16156.9307913944,55200.0,300.0,0.00543478,16098.7076173714,16156.9307913944,15894.9265082908,23060.0,1273101000.0,0.0,0.0,23060.0,1273101000.0,-70.0,0.0,0.0,70.0,-3856000.0,0.0,0.0,3856000.0
06/11/2020,16069.5960303598,55200.0,0.0,0.0,16127.8192043829,16127.8192043829,15924.0380953022,2930.0,161004000.0,0.0,0.0,2930.0,161004000.0,-110.0,0.0,0.0,110.0,-6074000.0,0.0,0.0,6074000.0
05/11/2020,16069.5960303598,55200.0,0.0,0.0,16156.9307913944,16156.9307913944,15924.0380953022,7270.0,400062000.0,0.0,0.0,7270.0,400062000.0,-50.0,0.0,0.0,50.0,-2759000.0,0.0,0.0,2759000.0
04/11/2020,16069.5960303598,54900.0,300.0,0.00546448,16127.8192043829,16127.8192043829,15865.8149212792,12830.0,703273000.0,0.0,0.0,12830.0,703273000.0,-20.0,0.0,0.0,20.0,-1108000.0,0.0,0.0,1108000.0
03/11/2020,15982.2612693253,54900.0,0.0,0.0,16186.0423784059,16186.0423784059,15865.8149212792,14140.0,777605000.0,0.0,0.0,14140.0,777605000.0,280.0,0.0,0.0,-280.0,15335000.0,0.0,0.0,-15335000.0
02/11/2020,15982.2612693253,54600.0,300.0,0.00549451,16011.3728563369,16011.3728563369,15603.8106381754,18570.0,1004516000.0,0.0,0.0,18570.0,1004516000.0,-1940.0,0.0,0.0,1940.0,-106508000.0,0.0,0.0,106508000.0
30/10/2020,15894.9265082908,54500.0,100.0,0.00183486,16127.8192043829,16127.8192043829,15720.2569862216,9010.0,490401000.0,26640.0,1355976000.0,35650.0,1846377000.0,-830.0,0.0,0.0,830.0,-45248000.0,0.0,0.0,45248000.0
29/10/2020,15865.8149212792,55000.0,-500.0,-0.00909091,15720.2569862216,16069.5960303598,15720.2569862216,7330.0,401678000.0,0.0,0.0,7330.0,401678000.0,-959.0,0.0,0.0,960.0,-52884000.0,0.0,0.0,52884000.0
28/10/2020,16011.3728563369,54400.0,600.0,0.01102941,15836.7033342678,16244.2655524289,15836.7033342678,6360.0,352860000.0,0.0,0.0,6360.0,352860000.0,-916.0,0.0,0.0,910.0,-50691000.0,0.0,0.0,50691000.0
27/10/2020,15836.7033342678,52200.0,2200.0,0.04214559,15283.5831810488,15982.2612693253,15138.0252459911,42590.0,2275425000.0,0.0,0.0,42590.0,2275425000.0,-410.0,0.0,0.0,410.0,-22285000.0,0.0,0.0,22285000.0
26/10/2020,15196.2484200141,52200.0,0.0,0.0,15225.3600070257,15225.3600070257,15138.0252459911,5650.0,294225000.0,0.0,0.0,5650.0,294225000.0,-9.0,0.0,0.0,10.0,-523000.0,0.0,0.0,523000.0
23/10/2020,15196.2484200141,51900.0,300.0,0.00578035,15138.0252459911,15196.2484200141,15079.8020719682,5800.0,301412000.0,0.0,0.0,5800.0,301412000.0,-10.0,0.0,0.0,10.0,-520000.0,0.0,0.0,520000.0
22/10/2020,15108.9136589796,51900.0,0.0,0.0,15108.9136589796,15138.0252459911,14992.4673109335,9510.0,490634000.0,0.0,0.0,9510.0,490634000.0,-1550.0,1540.0,0.0,10.0,-79983000.0,79464000.0,0.0,519000.0
21/10/2020,15108.9136589796,51400.0,500.0,0.00972763,15108.9136589796,15108.9136589796,14992.4673109335,1300.0,67018000.0,0.0,0.0,1300.0,67018000.0,-10.0,0.0,0.0,10.0,-519000.0,0.0,0.0,519000.0
20/10/2020,14963.355723922,51700.0,-300.0,-0.00580271,15050.6904849565,15108.9136589796,14934.2441369105,15310.0,786781000.0,25000.0,1250000000.0,40310.0,2036781000.0,-20.0,0.0,0.0,20.0,-1034000.0,0.0,0.0,1034000.0
19/10/2020,15050.6904849565,52000.0,-300.0,-0.00576923,14963.355723922,15079.8020719682,14905.132549899,20350.0,1046794000.0,0.0,0.0,20350.0,1046794000.0,-20.0,0.0,0.0,20.0,-1034000.0,0.0,0.0,1034000.0
16/10/2020,15138.0252459911,52000.0,0.0,0.0,15138.0252459911,15196.2484200141,14963.355723922,5590.0,288823000.0,0.0,0.0,5590.0,288823000.0,-10.0,0.0,0.0,10.0,-520000.0,0.0,0.0,520000.0
15/10/2020,15138.0252459911,51800.0,200.0,0.003861,15196.2484200141,15196.2484200141,14963.355723922,6890.0,357171000.0,0.0,0.0,6890.0,357171000.0,-10.0,0.0,0.0,10.0,-522000.0,0.0,0.0,522000.0
14/10/2020,15079.8020719682,51800.0,0.0,0.0,15196.2484200141,15196.2484200141,14992.4673109335,8540.0,440668000.0,25000.0,1250000000.0,33540.0,1690668000.0,-10.0,0.0,0.0,10.0,-522000.0,0.0,0.0,522000.0
13/10/2020,15079.8020719682,51800.0,0.0,0.0,15079.8020719682,15225.3600070257,15079.8020719682,4100.0,212983000.0,0.0,0.0,4100.0,212983000.0,-10.0,0.0,0.0,10.0,-518000.0,0.0,0.0,518000.0
12/10/2020,15079.8020719682,52300.0,-500.0,-0.00956023,15458.2527031179,15458.2527031179,14992.4673109335,9570.0,497602000.0,0.0,0.0,9570.0,497602000.0,-10.0,0.0,0.0,10.0,-520000.0,0.0,0.0,520000.0
09/10/2020,15225.3600070257,52300.0,0.0,0.0,15283.5831810488,15283.5831810488,15138.0252459911,5340.0,278671000.0,0.0,0.0,5340.0,278671000.0,-310.0,0.0,0.0,10.0,-16213000.0,0.0,0.0,523000.0
08/10/2020,15225.3600070257,52300.0,0.0,0.0,15225.3600070257,15283.5831810488,15138.0252459911,5380.0,280947000.0,25500.0,1275000000.0,30880.0,1555947000.0,-1520.0,0.0,0.0,10.0,-79496000.0,0.0,0.0,523000.0
07/10/2020,15225.3600070257,51900.0,400.0,0.00770713,15079.8020719682,15283.5831810488,15079.8020719682,12340.0,644159000.0,0.0,0.0,12340.0,644159000.0,-60.0,0.0,0.0,10.0,-3133000.0,0.0,0.0,518000.0
06/10/2020,15108.9136589796,51200.0,700.0,0.01367188,14846.9093758759,15138.0252459911,14846.9093758759,8650.0,444893000.0,0.0,0.0,8650.0,444893000.0,-690.0,0.0,0.0,0.0,-35389000.0,0.0,0.0,0.0
05/10/2020,14905.132549899,51600.0,-400.0,-0.00775194,15021.578897945,15021.578897945,14759.5746148414,22120.0,1128469000.0,0.0,0.0,22120.0,1128469000.0,-810.0,0.0,0.0,10.0,-41344000.0,0.0,0.0,514000.0
02/10/2020,15021.578897945,51800.0,-200.0,-0.003861,15079.8020719682,15079.8020719682,14934.2441369105,11640.0,598760000.0,0.0,0.0,11640.0,598760000.0,-1300.0,0.0,0.0,0.0,-66930000.0,0.0,0.0,0.0
01/10/2020,15079.8020719682,51800.0,0.0,0.0,15138.0252459911,15138.0252459911,14963.355723922,7260.0,375489000.0,0.0,0.0,7260.0,375489000.0,-90.0,0.0,0.0,0.0,-4626000.0,0.0,0.0,0.0
30/09/2020,15079.8020719682,51400.0,400.0,0.0077821,14963.355723922,15079.8020719682,14934.2441369105,12140.0,624087000.0,0.0,0.0,12140.0,624087000.0,-2000.0,1400.0,0.0,0.0,-102800000.0,71960000.0,0.0,0.0
29/09/2020,14963.355723922,53000.0,-1600.0,-0.03018868,15370.9179420832,15370.9179420832,14963.355723922,13190.0,685138000.0,0.0,0.0,13190.0,685138000.0,-330.0,0.0,0.0,10.0,-17168000.0,0.0,0.0,528000.0
28/09/2020,15429.1411161064,53300.0,-300.0,-0.00562852,15487.3642901295,15487.3642901295,15254.4715940374,6970.0,366627000.0,0.0,0.0,6970.0,366627000.0,-590.0,0.0,0.0,500.0,-31161000.0,0.0,0.0,26400000.0
25/09/2020,15516.4758771409,53200.0,100.0,0.0018797,15545.5874641524,15545.5874641524,15312.6947680603,10430.0,551502000.0,0.0,0.0,10430.0,551502000.0,-2610.0,2600.0,0.0,10.0,-138634000.0,138100000.0,0.0,534000.0
24/09/2020,15487.3642901295,53000.0,200.0,0.00377358,15429.1411161064,15545.5874641524,15312.6947680603,4510.0,238893000.0,0.0,0.0,4510.0,238893000.0,-210.0,0.0,0.0,210.0,-11150000.0,0.0,0.0,11150000.0
23/09/2020,15429.1411161064,52598.0,402.0,0.00764288,15429.1411161064,15545.5874641524,15283.5831810488,2670.0,140881000.0,0.0,0.0,2670.0,140881000.0,-210.0,0.0,0.0,210.0,-11176000.0,0.0,0.0,11176000.0
22/09/2020,15312.0193792417,53400.0,200.0,0.00374532,15226.3177782383,15397.7209802449,15140.6161772352,19630.0,1049530000.0,0.0,0.0,19630.0,1049530000.0,-1020.0,0.0,0.0,1020.0,-54568000.0,0.0,0.0,54568000.0
21/09/2020,15254.8849785727,54000.0,-600.0,-0.01111111,15711.9601839233,15711.9601839233,15140.6161772352,13280.0,711236000.0,0.0,0.0,13280.0,711236000.0,80.0,0.0,0.0,20.0,4366000.0,0.0,0.0,1084000.0
18/09/2020,15426.2881805792,52300.0,1700.0,0.03250478,14940.6457748944,15969.0649869329,14883.5113742255,27850.0,1476356000.0,0.0,0.0,27850.0,1476356000.0,0.0,0.0,0.0,0.0,0.0,0.0,0.0,0.0
17/09/2020,14940.6457748944,52200.0,100.0,0.00191571,14997.7801755631,14997.7801755631,14854.9441738911,9600.0,500013000.0,0.0,0.0,9600.0,500013000.0,0.0,0.0,0.0,0.0,0.0,0.0,0.0,0.0
16/09/2020,14912.0785745598,52100.0,100.0,0.00191939,14854.9441738911,14969.2129752287,14826.3769735567,6280.0,327193000.0,0.0,0.0,6280.0,327193000.0,0.0,0.0,0.0,0.0,0.0,0.0,0.0,0.0
15/09/2020,14883.5113742255,52000.0,100.0,0.00192308,14854.9441738911,14912.0785745598,14712.1081722191,7620.0,396089000.0,0.0,0.0,7620.0,396089000.0,0.0,0.0,0.0,0.0,0.0,0.0,0.0,0.0
14/09/2020,14854.9441738911,52000.0,0.0,0.0,15054.9145762321,15054.9145762321,14712.1081722191,7310.0,378107000.0,0.0,0.0,7310.0,378107000.0,-1500.0,0.0,0.0,0.0,-77790000.0,0.0,0.0,0.0
11/09/2020,14854.9441738911,51900.0,100.0,0.00192678,14826.3769735567,14997.7801755631,14712.1081722191,6280.0,326300000.0,0.0,0.0,6280.0,326300000.0,-1470.0,0.0,0.0,0.0,-76167000.0,0.0,0.0,0.0
10/09/2020,14826.3769735567,51800.0,100.0,0.0019305,14797.8097732223,14912.0785745598,14712.1081722191,5000.0,259191000.0,0.0,0.0,5000.0,259191000.0,0.0,0.0,0.0,0.0,0.0,0.0,0.0,0.0
09/09/2020,14797.8097732223,51500.0,300.0,0.00582524,14712.1081722191,14797.8097732223,14569.272170547,22270.0,1140178000.0,0.0,0.0,22270.0,1140178000.0,0.0,0.0,0.0,0.0,0.0,0.0,0.0,0.0
08/09/2020,14712.1081722191,52000.0,-500.0,-0.00961538,14854.9441738911,14854.9441738911,14654.9737715503,10170.0,523256000.0,0.0,0.0,10170.0,523256000.0,-700.0,0.0,0.0,0.0,-36050000.0,0.0,0.0,0.0
07/09/2020,14854.9441738911,51000.0,1000.0,0.01960784,14483.5705695438,15026.3473758976,14483.5705695438,34020.0,1756948000.0,0.0,0.0,34020.0,1756948000.0,-6470.0,0.0,0.0,-500.0,-337220000.0,0.0,0.0,-25350000.0
04/09/2020,14569.272170547,51700.0,-700.0,-0.01353965,14769.2425728879,14769.2425728879,14512.1377698782,18870.0,960352000.0,0.0,0.0,18870.0,960352000.0,-4050.0,0.0,0.0,0.0,-206150000.0,0.0,0.0,0.0
03/09/2020,14769.2425728879,51500.0,200.0,0.0038835,14712.1081722191,14769.2425728879,14512.1377698782,36760.0,1883441000.0,0.0,0.0,36760.0,1883441000.0,-6500.0,4000.0,0.0,500.0,-331594000.0,204000000.0,0.0,25600000.0
01/09/2020,14712.1081722191,52300.0,-800.0,-0.01529637,14940.6457748944,14940.6457748944,14712.1081722191,11560.0,596163000.0,0.0,0.0,11560.0,596163000.0,-1500.0,0.0,0.0,0.0,-77250000.0,0.0,0.0,0.0
31/08/2020,14940.6457748944,52800.0,-500.0,-0.0094697,15026.3473758976,15112.0489769007,14740.6753725535,7180.0,375484000.0,0.0,0.0,7180.0,375484000.0,-2800.0,800.0,0.0,0.0,-146263000.0,42263000.0,0.0,0.0
28/08/2020,15083.4817765664,52500.0,300.0,0.00571429,14997.7801755631,15140.6161772352,14883.5113742255,15480.0,816497000.0,0.0,0.0,15480.0,816497000.0,-840.0,0.0,0.0,820.0,-44092000.0,0.0,0.0,43050000.0
27/08/2020,14997.7801755631,52000.0,500.0,0.00961538,14854.9441738911,14997.7801755631,14740.6753725535,2830.0,147168000.0,0.0,0.0,2830.0,147168000.0,0.0,0.0,0.0,0.0,0.0,0.0,0.0,0.0
26/08/2020,14854.9441738911,53200.0,-1200.0,-0.02255639,15197.7505779041,15197.7505779041,14740.6753725535,9710.0,504302000.0,0.0,0.0,9710.0,504302000.0,-1820.0,0.0,0.0,1820.0,-93932000.0,0.0,0.0,93932000.0
25/08/2020,15197.7505779041,53000.0,200.0,0.00377358,15140.6161772352,15426.2881805792,14940.6457748944,19990.0,1061079000.0,0.0,0.0,19990.0,1061079000.0,-670.0,-30.0,0.0,650.0,-35332000.0,-1590000.0,0.0,34272000.0
24/08/2020,15140.6161772352,51600.0,1400.0,0.02713178,14826.3769735567,15140.6161772352,14569.272170547,28430.0,1482598000.0,0.0,0.0,28430.0,1482598000.0,-3350.0,3350.0,0.0,0.0,-176390000.0,176390000.0,0.0,0.0
21/08/2020,14740.6753725535,51800.0,-200.0,-0.003861,14712.1081722191,14826.3769735567,14455.0033692095,22390.0,1145296000.0,0.0,0.0,22390.0,1145296000.0,-1530.0,0.0,0.0,1500.0,-78954000.0,0.0,0.0,77400000.0
20/08/2020,14797.8097732223,51400.0,400.0,0.0077821,14712.1081722191,14854.9441738911,14512.1377698782,26100.0,1335558000.0,22460.0,1074711000.0,48560.0,2410269000.0,15440.0,-21490.0,0.0,6000.0,790910000.0,-1098880000.0,0.0,305400000.0
19/08/2020,14683.5409718847,51500.0,-100.0,-0.00194175,14712.1081722191,14769.2425728879,14369.3017682062,44570.0,2263439000.0,0.0,0.0,44570.0,2263439000.0,8030.0,-27530.0,0.0,19500.0,408699000.0,-1397289000.0,0.0,988590000.0
18/08/2020,14712.1081722191,51800.0,-300.0,-0.00579151,14797.8097732223,14797.8097732223,14483.5705695438,31220.0,1593655000.0,0.0,0.0,31220.0,1593655000.0,13460.0,-22860.0,0.0,9400.0,687841000.0,-1165831000.0,0.0,477990000.0
17/08/2020,14797.8097732223,51000.0,800.0,0.01568627,14826.3769735567,14826.3769735567,14455.0033692095,12260.0,629640000.0,0.0,0.0,12260.0,629640000.0,4430.0,-5630.0,-10.0,1200.0,224931000.0,-286671000.0,-507000.0,61740000.0
14/08/2020,14569.272170547,50600.0,400.0,0.00790514,14455.0033692095,14712.1081722191,14455.0033692095,12790.0,649511000.0,0.0,0.0,12790.0,649511000.0,0.0,0.0,0.0,0.0,0.0,0.0,0.0,0.0
13/08/2020,14455.0033692095,50000.0,600.0,0.012,14455.0033692095,14455.0033692095,14026.4953641933,9590.0,480450000.0,0.0,0.0,9590.0,480450000.0,0.0,0.0,0.0,0.0,0.0,0.0,0.0,0.0
12/08/2020,14283.600167203,49900.0,100.0,0.00200401,14283.600167203,14312.1673675375,14012.2117640261,7090.0,353698000.0,0.0,0.0,7090.0,353698000.0,-10.0,0.0,0.0,10.0,-499000.0,0.0,0.0,499000.0
11/08/2020,14255.0329668686,50500.0,-600.0,-0.01188119,14426.4361688748,14426.4361688748,14112.1969651966,12600.0,625391500.0,22500.0,1057500000.0,35100.0,1682891500.0,-1700.0,0.0,0.0,1700.0,-84358000.0,0.0,0.0,84358000.0
10/08/2020,14426.4361688748,49000.0,1500.0,0.03061224,13997.9281638588,14426.4361688748,13997.9281638588,6350.0,317531000.0,0.0,0.0,6350.0,317531000.0,-300.0,0.0,0.0,300.0,-15120000.0,0.0,0.0,15120000.0
07/08/2020,13997.9281638588,48400.0,600.0,0.01239669,13826.5249618526,13997.9281638588,13826.5249618526,6210.0,302986000.0,0.0,0.0,6210.0,302986000.0,0.0,0.0,0.0,0.0,0.0,0.0,0.0,0.0
06/08/2020,13826.5249618526,48100.0,300.0,0.00623701,13712.256160515,13855.0921621868,13626.5545595116,14680.0,706300000.0,24400.0,1098000000.0,39080.0,1804300000.0,0.0,0.0,0.0,0.0,0.0,0.0,0.0,0.0
05/08/2020,13740.8233608493,47500.0,600.0,0.01263158,13683.6889601806,13740.8233608493,13555.1365586757,8280.0,395310000.0,0.0,0.0,8280.0,395310000.0,0.0,0.0,0.0,0.0,0.0,0.0,0.0,0.0
04/08/2020,13569.4201588428,47500.0,0.0,0.0,13569.4201588428,13797.9577615181,13569.4201588428,4090.0,194545000.0,0.0,0.0,4090.0,194545000.0,-210.0,210.0,0.0,0.0,-9975000.0,9975000.0,0.0,0.0
03/08/2020,13569.4201588428,47250.0,250.0,0.00529101,13483.7185578396,13912.2265628558,13426.5841571708,14300.0,675767500.0,0.0,0.0,14300.0,675767500.0,-1200.0,0.0,0.0,1200.0,-56700000.0,0.0,0.0,56700000.0
31/07/2020,13498.0021580069,48400.0,-1150.0,-0.02376033,13826.5249618526,13826.5249618526,13426.5841571708,10970.0,517964000.0,0.0,0.0,10970.0,517964000.0,-10.0,0.0,0.0,0.0,-473000.0,0.0,0.0,0.0
30/07/2020,13826.5249618526,48200.0,200.0,0.00414938,13997.9281638588,14140.7641655309,13655.1217598461,4100.0,200839000.0,0.0,0.0,4100.0,200839000.0,-10.0,0.0,0.0,0.0,-484000.0,0.0,0.0,0.0
29/07/2020,13769.3905611837,48900.0,-700.0,-0.01431493,13969.3609635245,13997.9281638588,13569.4201588428,14510.0,696544000.0,0.0,0.0,14510.0,696544000.0,0.0,0.0,0.0,0.0,0.0,0.0,0.0,0.0
28/07/2020,13969.3609635245,46950.0,1950.0,0.04153355,13997.9281638588,14283.600167203,13855.0921621868,21590.0,1054439500.0,0.0,0.0,21590.0,1054439500.0,-1550.0,550.0,0.0,0.0,-75730000.0,26730000.0,0.0,0.0
27/07/2020,13412.3005570038,48000.0,-1050.0,-0.021875,13712.256160515,13712.256160515,13140.9121538268,7430.0,348911000.0,0.0,0.0,7430.0,348911000.0,0.0,0.0,0.0,0.0,0.0,0.0,0.0,0.0
24/07/2020,13712.256160515,46200.0,1800.0,0.03896104,13198.0465544955,13712.256160515,12826.6729501483,25350.0,1165764000.0,0.0,0.0,25350.0,1165764000.0,-900.0,0.0,0.0,900.0,-41130000.0,0.0,0.0,41130000.0
23/07/2020,13198.0465544955,46600.0,-400.0,-0.00858369,12855.2401504826,13312.3153558332,12855.2401504826,1990.0,91440500.0,0.0,0.0,1990.0,91440500.0,-20.0,0.0,0.0,20.0,-932000.0,0.0,0.0,932000.0
22/07/2020,13312.3153558332,46500.0,100.0,0.00215054,13426.5841571708,13540.8529585084,12883.8073508172,10600.0,489176500.0,0.0,0.0,10600.0,489176500.0,-10.0,0.0,0.0,10.0,-465000.0,0.0,0.0,465000.0
21/07/2020,13283.7481554988,45400.0,1100.0,0.02422907,13283.7481554988,13283.7481554988,12969.5089518203,8410.0,388200000.0,0.0,0.0,8410.0,388200000.0,0.0,0.0,0.0,0.0,0.0,0.0,0.0,0.0
20/07/2020,12969.5089518203,44500.0,900.0,0.02022472,12826.6729501483,12969.5089518203,12655.2697481418,15040.0,673064000.0,0.0,0.0,15040.0,673064000.0,0.0,0.0,0.0,0.0,0.0,0.0,0.0,0.0
17/07/2020,12712.4041488107,44500.0,0.0,0.0,12341.0305444633,12826.6729501483,12312.4633441289,9660.0,429638000.0,0.0,0.0,9660.0,429638000.0,0.0,0.0,0.0,0.0,0.0,0.0,0.0,0.0
16/07/2020,12712.4041488107,45000.0,-500.0,-0.01111111,12912.3745511514,12912.3745511514,12569.5681471385,16640.0,739847500.0,0.0,0.0,16640.0,739847500.0,0.0,0.0,0.0,0.0,0.0,0.0,0.0,0.0
15/07/2020,12855.2401504826,45700.0,-700.0,-0.01531729,13140.9121538268,13140.9121538268,12712.4041488107,21570.0,975141000.0,0.0,0.0,21570.0,975141000.0,0.0,0.0,0.0,0.0,0.0,0.0,0.0,0.0
14/07/2020,13055.2105528235,45600.0,100.0,0.00219298,13055.2105528235,13283.7481554988,12998.0761521548,12980.0,595540000.0,0.0,0.0,12980.0,595540000.0,0.0,0.0,0.0,0.0,0.0,0.0,0.0,0.0
13/07/2020,13026.6433524893,46500.0,-900.0,-0.01935484,13140.9121538268,13255.1809551644,12998.0761521548,4720.0,215529500.0,0.0,0.0,4720.0,215529500.0,100.0,0.0,0.0,-100.0,4600000.0,0.0,0.0,-4600000.0
10/07/2020,13283.7481554988,47100.0,-600.0,-0.01273885,13426.5841571708,13426.5841571708,13198.0465544955,13670.0,636032500.0,0.0,0.0,13670.0,636032500.0,0.0,0.0,0.0,0.0,0.0,0.0,0.0,0.0
09/07/2020,13455.1513575052,47100.0,0.0,0.0,13569.4201588428,13569.4201588428,13426.5841571708,8200.0,387288500.0,0.0,0.0,8200.0,387288500.0,-1000.0,0.0,0.0,0.0,-47500000.0,0.0,0.0,0.0
08/07/2020,13455.1513575052,47100.0,0.0,0.0,13512.285758174,13512.285758174,13283.7481554988,1180.0,55568500.0,0.0,0.0,1180.0,55568500.0,0.0,0.0,0.0,0.0,0.0,0.0,0.0,0.0
07/07/2020,13455.1513575052,48000.0,-900.0,-0.01875,13712.256160515,13740.8233608493,13455.1513575052,4190.0,200434500.0,0.0,0.0,4190.0,200434500.0,0.0,0.0,0.0,0.0,0.0,0.0,0.0,0.0
06/07/2020,13712.256160515,48200.0,-200.0,-0.00414938,13855.0921621868,13855.0921621868,13683.6889601806,2370.0,113941500.0,0.0,0.0,2370.0,113941500.0,0.0,0.0,0.0,0.0,0.0,0.0,0.0,0.0
03/07/2020,13769.3905611837,48200.0,0.0,0.0,14397.8689685407,14397.8689685407,13712.256160515,2720.0,130930000.0,0.0,0.0,2720.0,130930000.0,0.0,0.0,0.0,0.0,0.0,0.0,0.0,0.0
02/07/2020,13769.3905611837,50000.0,-1800.0,-0.036,14283.600167203,14283.600167203,13712.256160515,16380.0,803958500.0,0.0,0.0,16380.0,803958500.0,0.0,0.0,0.0,0.0,0.0,0.0,0.0,0.0
01/07/2020,14283.600167203,50100.0,-100.0,-0.00199601,14283.600167203,14426.4361688748,14169.3313658654,3900.0,194445000.0,0.0,0.0,3900.0,194445000.0,0.0,0.0,0.0,0.0,0.0,0.0,0.0,0.0
30/06/2020,14312.1673675375,50900.0,-800.0,-0.01571709,14312.1673675375,14854.9441738911,14283.600167203,4800.0,240445000.0,0.0,0.0,4800.0,240445000.0,-100.0,0.0,0.0,30.0,-5017000.0,0.0,0.0,1503000.0
29/06/2020,14540.7049702126,52200.0,-1300.0,-0.02490421,14626.4065712157,14940.6457748944,14283.600167203,11560.0,584254000.0,0.0,0.0,11560.0,584254000.0,0.0,0.0,0.0,0.0,0.0,0.0,0.0,0.0
26/06/2020,14912.0785745598,51900.0,300.0,0.00578035,14912.0785745598,14912.0785745598,14826.3769735567,270.0,14044000.0,0.0,0.0,270.0,14044000.0,0.0,0.0,0.0,0.0,0.0,0.0,0.0,0.0
25/06/2020,14826.3769735567,50636.0,1264.0,0.02496248,15054.9145762321,15140.6161772352,14712.1081722191,10380.0,544338000.0,0.0,0.0,10380.0,544338000.0,-800.0,0.0,0.0,-1200.0,-42780000.0,0.0,0.0,-62220000.0
24/06/2020,14465.3446957305,55400.0,800.0,0.01444043,14645.5180282397,14645.5180282397,14156.4761257149,9920.0,549298000.0,0.0,0.0,9920.0,549298000.0,-700.0,0.0,0.0,500.0,-38700000.0,0.0,0.0,27600000.0
23/06/2020,14259.4323157201,55300.0,100.0,0.00180832,14285.1713632214,14362.3885057253,14104.9980307123,9950.0,548936000.0,0.0,0.0,9950.0,548936000.0,-2110.0,0.0,0.0,250.0,-115960000.0,0.0,0.0,13750000.0
22/06/2020,14233.6932682187,56800.0,-1500.0,-0.02640845,14233.6932682187,14645.5180282397,14233.6932682187,5550.0,309759000.0,0.0,0.0,5550.0,309759000.0,-100.0,0.0,0.0,0.0,-5690000.0,0.0,0.0,0.0
19/06/2020,14619.7789807383,56500.0,300.0,0.00530973,14542.5618382344,14619.7789807383,14465.3446957305,3880.0,219653000.0,0.0,0.0,3880.0,219653000.0,-2400.0,0.0,0.0,0.0,-135840000.0,0.0,0.0,0.0
18/06/2020,14542.5618382344,57000.0,-500.0,-0.00877193,14671.2570757409,14671.2570757409,14439.6056482293,4240.0,239210000.0,0.0,0.0,4240.0,239210000.0,0.0,0.0,0.0,0.0,0.0,0.0,0.0,0.0
17/06/2020,14671.2570757409,57000.0,0.0,0.0,14413.8666007279,14671.2570757409,14413.8666007279,2950.0,167000000.0,0.0,0.0,2950.0,167000000.0,0.0,0.0,0.0,0.0,0.0,0.0,0.0,0.0
16/06/2020,14671.2570757409,57000.0,0.0,0.0,14799.9523132474,14799.9523132474,14465.3446957305,6180.0,350672000.0,0.0,0.0,6180.0,350672000.0,0.0,0.0,0.0,0.0,0.0,0.0,0.0,0.0
15/06/2020,14671.2570757409,57000.0,0.0,0.0,14671.2570757409,15263.2551682709,14413.8666007279,4000.0,227306000.0,0.0,0.0,4000.0,227306000.0,0.0,0.0,0.0,0.0,0.0,0.0,0.0,0.0
12/06/2020,14671.2570757409,57000.0,0.0,0.0,14439.6056482293,14671.2570757409,13899.0856507019,9730.0,536097000.0,0.0,0.0,9730.0,536097000.0,0.0,0.0,0.0,0.0,0.0,0.0,0.0,0.0
11/06/2020,14671.2570757409,56600.0,400.0,0.00706714,14439.6056482293,15186.038025767,14439.6056482293,4710.0,268984000.0,0.0,0.0,4710.0,268984000.0,-200.0,0.0,0.0,200.0,-11480000.0,0.0,0.0,11480000.0
10/06/2020,14568.3008857357,55900.0,700.0,0.01252236,14413.8666007279,14645.5180282397,14388.1275532264,18450.0,1035450000.0,0.0,0.0,18450.0,1035450000.0,-200.0,0.0,0.0,200.0,-11260000.0,0.0,0.0,11260000.0
09/06/2020,14388.1275532264,54700.0,1200.0,0.02193784,14156.4761257149,14388.1275532264,14079.2589832109,11650.0,643035000.0,0.0,0.0,11650.0,643035000.0,-200.0,0.0,0.0,200.0,-11040000.0,0.0,0.0,11040000.0
08/06/2020,14079.2589832109,54000.0,700.0,0.01296296,13770.3904131954,14079.2589832109,13770.3904131954,14950.0,814717000.0,0.0,0.0,14950.0,814717000.0,-200.0,0.0,0.0,200.0,-10860000.0,0.0,0.0,10860000.0
05/06/2020,13899.0856507019,51000.0,3000.0,0.05882353,13384.3047006758,13899.0856507019,13384.3047006758,22900.0,1209954000.0,0.0,0.0,22900.0,1209954000.0,-200.0,0.0,0.0,200.0,-10670000.0,0.0,0.0,10670000.0
04/06/2020,13126.914225663,49800.0,1200.0,0.02409639,12818.0456556473,13641.695175689,12818.0456556473,4970.0,251913000.0,0.0,0.0,4970.0,251913000.0,-10.0,0.0,0.0,10.0,-598000.0,0.0,0.0,598000.0
03/06/2020,12818.0456556473,48600.0,1200.0,0.02469136,12818.0456556473,12818.0456556473,12534.9161331328,5420.0,266432000.0,0.0,0.0,5420.0,266432000.0,0.0,0.0,0.0,0.0,0.0,0.0,0.0,0.0
02/06/2020,12509.1770856316,49950.0,-1350.0,-0.02702703,12625.0027993876,13255.6094631695,12509.1770856316,1080.0,52963000.0,0.0,0.0,1080.0,52963000.0,0.0,0.0,0.0,0.0,0.0,0.0,0.0,0.0
01/06/2020,12856.6542268993,48100.0,1850.0,0.03846154,12715.0894656421,13229.8704156681,12496.3075618811,7560.0,369710500.0,0.0,0.0,7560.0,369710500.0,0.0,0.0,0.0,0.0,0.0,0.0,0.0,0.0
29/05/2020,12380.4818481252,49000.0,-900.0,-0.01836735,12663.6113706395,12818.0456556473,12380.4818481252,10120.0,489625000.0,0.0,0.0,10120.0,489625000.0,-100.0,0.0,0.0,0.0,-4810000.0,0.0,0.0,0.0
28/05/2020,12612.1332756369,49500.0,-500.0,-0.01010101,12843.7847031486,12843.7847031486,12509.1770856316,1750.0,85647500.0,0.0,0.0,1750.0,85647500.0,0.0,0.0,0.0,0.0,0.0,0.0,0.0,0.0
27/05/2020,12740.8285131434,49000.0,500.0,0.01020408,12612.1332756369,12869.5237506499,12612.1332756369,3090.0,151589500.0,0.0,0.0,3090.0,151589500.0,-170.0,0.0,0.0,170.0,-8330000.0,0.0,0.0,8330000.0
26/05/2020,12612.1332756369,48200.0,800.0,0.01659751,12431.9599431278,12727.9589893928,12431.9599431278,3610.0,177000000.0,0.0,0.0,3610.0,177000000.0,0.0,0.0,0.0,0.0,0.0,0.0,0.0,0.0
25/05/2020,12406.2208956265,48900.0,-700.0,-0.01431493,12612.1332756369,12612.1332756369,12406.2208956265,2250.0,109012000.0,0.0,0.0,2250.0,109012000.0,0.0,0.0,0.0,0.0,0.0,0.0,0.0,0.0
22/05/2020,12586.3942281356,48750.0,150.0,0.00307692,12612.1332756369,12663.6113706395,12406.2208956265,1320.0,64287500.0,0.0,0.0,1320.0,64287500.0,0.0,0.0,0.0,0.0,0.0,0.0,0.0,0.0
21/05/2020,12547.7856568838,48500.0,250.0,0.00515464,12869.5237506499,12869.5237506499,12406.2208956265,300.0,14616000.0,0.0,0.0,300.0,14616000.0,-10.0,0.0,0.0,0.0,-485000.0,0.0,0.0,0.0
20/05/2020,12483.4380381305,50000.0,0.0,0.0,12483.4380381305,12683.1730467404,12308.6699055966,12850.0,639496000.0,0.0,0.0,12850.0,639496000.0,0.0,0.0,0.0,0.0,0.0,0.0,0.0,0.0
19/05/2020,12483.4380381305,48900.0,1100.0,0.02249489,12396.0539718635,12483.4380381305,12233.7692773678,14710.0,728813000.0,0.0,0.0,14710.0,728813000.0,0.0,0.0,0.0,0.0,0.0,0.0,0.0,0.0
18/05/2020,12208.8024012915,48600.0,300.0,0.00617284,12108.9348969866,12208.8024012915,12108.9348969866,13470.0,653787000.0,0.0,0.0,13470.0,653787000.0,0.0,0.0,0.0,0.0,0.0,0.0,0.0,0.0
15/05/2020,12133.9017730628,48700.0,-100.0,-0.00205339,12208.8024012915,12308.6699055966,12133.9017730628,11570.0,563419000.0,0.0,0.0,11570.0,563419000.0,-630.0,0.0,0.0,620.0,-30804000.0,0.0,0.0,30318000.0
14/05/2020,12158.868649139,48900.0,-200.0,-0.00408998,12208.8024012915,12233.7692773678,12158.868649139,20780.0,1015282000.0,0.0,0.0,20780.0,1015282000.0,-1000.0,1000.0,0.0,0.0,-48900000.0,48900000.0,0.0,0.0
13/05/2020,12208.8024012915,49700.0,-800.0,-0.01609658,12183.8355252153,12308.6699055966,12034.0342687578,20570.0,999060000.0,0.0,0.0,20570.0,999060000.0,-10000.0,0.0,0.0,10000.0,-485000000.0,0.0,0.0,485000000.0
12/05/2020,12408.5374099016,49350.0,350.0,0.0070922,12133.9017730628,12483.4380381305,12133.9017730628,6520.0,321873500.0,0.0,0.0,6520.0,321873500.0,-70.0,0.0,0.0,60.0,-3482000.0,0.0,0.0,2982000.0
11/05/2020,12321.1533436347,48700.0,650.0,0.01334702,12408.5374099016,12408.5374099016,12034.0342687578,6830.0,333911000.0,0.0,0.0,6830.0,333911000.0,0.0,0.0,0.0,0.0,0.0,0.0,0.0,0.0
08/05/2020,12158.868649139,48500.0,200.0,0.00412371,12233.7692773678,12283.7030295203,12121.4183350246,17550.0,857110000.0,0.0,0.0,17550.0,857110000.0,280.0,0.0,0.0,-300.0,13756000.0,0.0,0.0,-14730000.0
07/05/2020,12108.9348969866,48000.0,500.0,0.01041667,12009.0673926814,12308.6699055966,11759.3986319189,8920.0,432266000.0,0.0,0.0,8920.0,432266000.0,0.0,0.0,0.0,0.0,0.0,0.0,0.0,0.0
06/05/2020,11984.1005166053,46350.0,1650.0,0.03559871,11609.5973754613,11984.1005166053,11384.895490775,21570.0,1018445000.0,0.0,0.0,21570.0,1018445000.0,-190.0,0.0,0.0,0.0,-9034000.0,0.0,0.0,0.0
05/05/2020,11572.1470613469,45500.0,850.0,0.01868132,11359.9286146987,11709.4648797663,11359.9286146987,19370.0,891064000.0,0.0,0.0,19370.0,891064000.0,-1460.0,0.0,0.0,810.0,-66850000.0,0.0,0.0,37260000.0
04/05/2020,11359.9286146987,45250.0,250.0,0.00552486,11235.0942343174,11359.9286146987,10985.4254735547,6650.0,300395000.0,0.0,0.0,6650.0,300395000.0,0.0,0.0,0.0,0.0,0.0,0.0,0.0,0.0
29/04/2020,11297.5114245081,45450.0,-200.0,-0.00440044,11347.4451766606,11347.4451766606,10985.4254735547,5330.0,237146500.0,0.0,0.0,5330.0,237146500.0,0.0,0.0,0.0,0.0,0.0,0.0,0.0,0.0
28/04/2020,11347.4451766606,44450.0,1000.0,0.02249719,11110.2598539361,11359.9286146987,11110.2598539361,10620.0,479002500.0,0.0,0.0,10620.0,479002500.0,-1500.0,0.0,0.0,0.0,-67423000.0,0.0,0.0,0.0
27/04/2020,11097.7764158979,43100.0,1350.0,0.03132251,10860.5910931735,11097.7764158979,10760.7235888684,44200.0,1938615000.0,0.0,0.0,44200.0,1938615000.0,-320.0,0.0,0.0,0.0,-14003000.0,0.0,0.0,0.0
24/04/2020,10760.7235888684,42950.0,150.0,0.00349243,10660.8560845634,10760.7235888684,10660.8560845634,920.0,39510500.0,0.0,0.0,920.0,39510500.0,210.0,0.0,0.0,0.0,9041000.0,0.0,0.0,0.0
23/04/2020,10723.2732747541,43200.0,-250.0,-0.00578704,10835.6242170972,10860.5910931735,10660.8560845634,3240.0,139388500.0,0.0,0.0,3240.0,139388500.0,50.0,0.0,0.0,0.0,2170000.0,0.0,0.0,0.0
22/04/2020,10785.6904649447,42700.0,500.0,0.0117096,10486.0879520296,10785.6904649447,10486.0879520296,19970.0,844000000.0,0.0,0.0,19970.0,844000000.0,110.0,0.0,0.0,0.0,4707000.0,0.0,0.0,0.0
21/04/2020,10660.8560845634,42000.0,700.0,0.01666667,10436.154199877,10660.8560845634,10436.154199877,22480.0,945000000.0,0.0,0.0,22480.0,945000000.0,0.0,0.0,0.0,0.0,0.0,0.0,0.0,0.0
20/04/2020,10486.0879520296,42500.0,-500.0,-0.01176471,10735.7567127921,10735.7567127921,10436.154199877,8820.0,373000000.0,0.0,0.0,8820.0,373000000.0,0.0,0.0,0.0,0.0,0.0,0.0,0.0,0.0
17/04/2020,10610.9223324108,42500.0,0.0,0.0,10486.0879520296,10660.8560845634,10486.0879520296,5470.0,231000000.0,0.0,0.0,5470.0,231000000.0,-500.0,0.0,0.0,0.0,-21075000.0,0.0,0.0,0.0
16/04/2020,10610.9223324108,42400.0,100.0,0.00235849,10660.8560845634,10660.8560845634,10436.154199877,7590.0,319000000.0,0.0,0.0,7590.0,319000000.0,-10.0,0.0,0.0,0.0,-420000.0,0.0,0.0,0.0
15/04/2020,10585.9554563346,42200.0,200.0,0.00473934,10536.0217041821,10735.7567127921,10336.286695572,3770.0,158000000.0,0.0,0.0,3770.0,158000000.0,0.0,0.0,0.0,0.0,0.0,0.0,0.0,0.0
14/04/2020,10536.0217041821,42200.0,0.0,0.0,10511.0548281058,10536.0217041821,10286.3529434195,12910.0,538000000.0,0.0,0.0,12910.0,538000000.0,0.0,0.0,0.0,0.0,0.0,0.0,0.0,0.0
13/04/2020,10536.0217041821,42400.0,-200.0,-0.00471698,10536.0217041821,10610.9223324108,10373.7370096864,8780.0,368000000.0,0.0,0.0,8780.0,368000000.0,-70.0,0.0,0.0,70.0,-2975000.0,0.0,0.0,2975000.0
10/04/2020,10585.9554563346,42600.0,-200.0,-0.00469484,10673.3395226016,10673.3395226016,10461.1210759533,4390.0,184000000.0,0.0,0.0,4390.0,184000000.0,0.0,0.0,0.0,0.0,0.0,0.0,0.0,0.0
09/04/2020,10635.8892084871,42400.0,200.0,0.00471698,10710.7898367159,10785.6904649447,10610.9223324108,2190.0,93575000.0,0.0,0.0,2190.0,93575000.0,230.0,0.0,0.0,0.0,9798000.0,0.0,0.0,0.0
08/04/2020,10585.9554563346,42500.0,-100.0,-0.00235294,10610.9223324108,10610.9223324108,10486.0879520296,650.0,27452000.0,0.0,0.0,650.0,27452000.0,130.0,0.0,0.0,0.0,5525000.0,0.0,0.0,0.0
07/04/2020,10610.9223324108,42200.0,300.0,0.007109,10660.8560845634,10710.7898367159,10610.9223324108,60.0,2559000.0,0.0,0.0,60.0,2559000.0,30.0,0.0,0.0,0.0,1275000.0,0.0,0.0,0.0
06/04/2020,10536.0217041821,41600.0,600.0,0.01442308,10386.2204477245,10560.9885802584,10311.3198194957,7860.0,330210000.0,0.0,0.0,7860.0,330210000.0,2480.0,-2460.0,-2460.0,0.0,104173000.0,-103320000.0,-103320000.0,0.0
03/04/2020,10386.2204477245,41400.0,200.0,0.00483092,10436.154199877,10436.154199877,10336.286695572,1520.0,63000000.0,0.0,0.0,1520.0,63000000.0,-100.0,100.0,0.0,0.0,-4150000.0,4150000.0,0.0,0.0
01/04/2020,10336.286695572,40900.0,500.0,0.01222494,10111.5848108857,10336.286695572,10111.5848108857,3100.0,127000000.0,0.0,0.0,3100.0,127000000.0,0.0,0.0,0.0,0.0,0.0,0.0,0.0,0.0
31/03/2020,10211.4523151906,40800.0,100.0,0.00245098,10236.419191267,10236.419191267,9986.7504305043,1150.0,46000000.0,0.0,0.0,1150.0,46000000.0,0.0,0.0,0.0,0.0,0.0,0.0,0.0,0.0
30/03/2020,10186.4854391144,42400.0,-1600.0,-0.03773585,10386.2204477245,10386.2204477245,9986.7504305043,3500.0,143000000.0,0.0,0.0,3500.0,143000000.0,-810.0,100.0,0.0,0.0,-33636000.0,4100000.0,0.0,0.0
27/03/2020,10585.9554563346,42200.0,200.0,0.00473934,10685.8229606396,10685.8229606396,10486.0879520296,860.0,36000000.0,0.0,0.0,860.0,36000000.0,-700.0,0.0,0.0,0.0,-29400000.0,0.0,0.0,0.0
26/03/2020,10536.0217041821,42400.0,-200.0,-0.00471698,10585.9554563346,10660.8560845634,10386.2204477245,3640.0,153000000.0,0.0,0.0,3640.0,153000000.0,-1420.0,0.0,0.0,0.0,-59356000.0,0.0,0.0,0.0
25/03/2020,10585.9554563346,41500.0,900.0,0.02168675,10860.5910931735,10860.5910931735,10286.3529434195,2100.0,88000000.0,0.0,0.0,2100.0,88000000.0,0.0,0.0,0.0,0.0,0.0,0.0,0.0,0.0
24/03/2020,10361.2535716483,40000.0,1500.0,0.0375,10236.419191267,10373.7370096864,10236.419191267,5610.0,231000000.0,0.0,0.0,5610.0,231000000.0,0.0,0.0,0.0,0.0,0.0,0.0,0.0,0.0
23/03/2020,9986.650563,43400.0,-2400.0,-0.05529954,10473.804249,10571.2349862,9840.5044571999,40990.0,1710000000.0,0.0,0.0,40990.0,1710000000.0,1750.0,-1750.0,-3150.0,0.0,75869000.0,-75869000.0,-135569000.0,0.0
20/03/2020,10571.2349862,43000.0,400.0,0.00930233,10498.1619333,10595.5926705,10400.7311961,7710.0,333000000.0,0.0,0.0,7710.0,333000000.0,-1000.0,1000.0,0.0,0.0,-43500000.0,43500000.0,0.0,0.0
19/03/2020,10473.804249,43800.0,-800.0,-0.01826484,10644.3080391,10717.381092,10425.0888804001,4930.0,212000000.0,0.0,0.0,4930.0,212000000.0,-1020.0,1000.0,0.0,20.0,-43867000.0,43000000.0,0.0,867000.0
18/03/2020,10668.6657234,43800.0,0.0,0.0,10668.6657234,10693.0234076999,10595.5926705,5040.0,220000000.0,0.0,0.0,5040.0,220000000.0,-960.0,960.0,0.0,0.0,-41760000.0,41760000.0,0.0,0.0
17/03/2020,10668.6657234,43900.0,-100.0,-0.0022779,10717.381092,10839.1695135001,10595.5926705,2750.0,120000000.0,0.0,0.0,2750.0,120000000.0,-1940.0,1940.0,0.0,0.0,-84390000.0,84390000.0,0.0,0.0
16/03/2020,10693.0234076999,43050.0,850.0,0.01974448,10717.381092,10717.381092,10498.1619333,2740.0,119000000.0,0.0,0.0,2740.0,119000000.0,-1790.0,1790.0,0.0,0.0,-78362000.0,78362000.0,0.0,0.0
13/03/2020,10485.98309115,43000.0,50.0,0.00116279,10473.804249,10485.98309115,10230.2274060001,9850.0,419000000.0,0.0,0.0,9850.0,419000000.0,-5500.0,5500.0,0.0,0.0,-234401000.0,234401000.0,0.0,0.0
12/03/2020,10473.804249,44750.0,-1750.0,-0.03910615,10498.1619333,10717.381092,10376.3735118001,15890.0,686000000.0,0.0,0.0,15890.0,686000000.0,-4210.0,4210.0,0.0,0.0,-182596000.0,182596000.0,0.0,0.0
11/03/2020,10900.0637242501,44800.0,-50.0,-0.00111607,10851.34835565,11082.7463565,10522.5196176,6420.0,285000000.0,0.0,0.0,6420.0,285000000.0,-120.0,0.0,0.0,0.0,-5360000.0,0.0,0.0,0.0
10/03/2020,10912.2425664,43000.0,1800.0,0.04186047,10473.804249,10912.2425664,10473.804249,2230.0,97000000.0,0.0,0.0,2230.0,97000000.0,-370.0,0.0,0.0,0.0,-16030000.0,0.0,0.0,0.0
09/03/2020,10473.804249,45500.0,-2500.0,-0.05494505,10473.804249,10668.6657234,10449.4465647001,21770.0,936000000.0,0.0,0.0,21770.0,936000000.0,-650.0,0.0,0.0,0.0,-27950000.0,0.0,0.0,0.0
06/03/2020,11082.7463565,46400.0,-900.0,-0.01939655,11277.6078308999,11301.9655152,10960.957935,3620.0,165000000.0,0.0,0.0,3620.0,165000000.0,-500.0,0.0,0.0,0.0,-23150000.0,0.0,0.0,0.0
05/03/2020,11301.9655152,46400.0,0.0,0.0,11301.9655152,11399.3962524001,10522.5196176,8250.0,377000000.0,0.0,0.0,8250.0,377000000.0,480.0,-1000.0,-1000.0,0.0,22285000.0,-46405000.0,-46405000.0,0.0
04/03/2020,11301.9655152,44900.0,1500.0,0.03340757,11034.0309879001,11301.9655152,10912.2425664,9760.0,441000000.0,0.0,0.0,9760.0,441000000.0,-880.0,0.0,0.0,0.0,-39512000.0,0.0,0.0,0.0
03/03/2020,10936.6002507,44800.0,100.0,0.00223214,10912.2425664,10960.957935,10839.1695135001,10890.0,487000000.0,0.0,0.0,10890.0,487000000.0,0.0,0.0,0.0,0.0,0.0,0.0,0.0,0.0
02/03/2020,10912.2425664,44800.0,0.0,0.0,10960.957935,10960.957935,10839.1695135001,3190.0,142000000.0,0.0,0.0,3190.0,142000000.0,0.0,0.0,0.0,0.0,0.0,0.0,0.0,0.0
28/02/2020,10912.2425664,45100.0,-300.0,-0.00665188,10912.2425664,10973.1367771501,10717.381092,10460.0,466000000.0,0.0,0.0,10460.0,466000000.0,0.0,0.0,0.0,0.0,0.0,0.0,0.0,0.0
27/02/2020,10985.3156193001,45100.0,0.0,0.0,10912.2425664,11070.5675143499,10912.2425664,3510.0,158000000.0,0.0,0.0,3510.0,158000000.0,-100.0,0.0,0.0,0.0,-4510000.0,0.0,0.0,0.0
26/02/2020,10985.3156193001,45000.0,100.0,0.00222222,10912.2425664,11021.85214575,10912.2425664,3560.0,160000000.0,0.0,0.0,3560.0,160000000.0,-1000.0,0.0,0.0,1000.0,-45000000.0,0.0,0.0,45000000.0
25/02/2020,10960.957935,44500.0,500.0,0.01123596,10595.5926705,10960.957935,10595.5926705,8320.0,369000000.0,0.0,0.0,8320.0,369000000.0,0.0,0.0,0.0,0.0,0.0,0.0,0.0,0.0
24/02/2020,10839.1695135001,44500.0,0.0,0.0,10766.0964606,10936.6002507,10595.5926705,14560.0,639000000.0,0.0,0.0,14560.0,639000000.0,0.0,0.0,0.0,0.0,0.0,0.0,0.0,0.0
21/02/2020,10839.1695135001,43700.0,800.0,0.01830664,10717.381092,10985.3156193001,10644.3080391,7790.0,349000000.0,0.0,0.0,7790.0,349000000.0,40.0,0.0,0.0,-40.0,1796000.0,0.0,0.0,-1796000.0
20/02/2020,10644.3080391,44500.0,-800.0,-0.01797753,10912.2425664,10960.957935,10595.5926705,980.0,44000000.0,0.0,0.0,980.0,44000000.0,-10.0,0.0,0.0,0.0,-447000.0,0.0,0.0,0.0
19/02/2020,10839.1695135001,43800.0,700.0,0.01598174,10656.48688125,10839.1695135001,10473.804249,13640.0,599000000.0,0.0,0.0,13640.0,599000000.0,0.0,0.0,0.0,0.0,0.0,0.0,0.0,0.0
18/02/2020,10668.6657234,44500.0,-700.0,-0.01573034,10546.8773019,10839.1695135001,10473.804249,26700.0,1155000000.0,0.0,0.0,26700.0,1155000000.0,0.0,0.0,0.0,0.0,0.0,0.0,0.0,0.0
17/02/2020,10839.1695135001,45000.0,-500.0,-0.01111111,10960.957935,10960.957935,10717.381092,20500.0,910000000.0,0.0,0.0,20500.0,910000000.0,10.0,0.0,0.0,-10.0,446000.0,0.0,0.0,-446000.0
14/02/2020,10960.957935,45600.0,-600.0,-0.01315789,11131.4617251,11204.5347779999,10960.957935,7800.0,352000000.0,0.0,0.0,7800.0,352000000.0,0.0,0.0,0.0,0.0,0.0,0.0,0.0,0.0
13/02/2020,11107.1040408,45500.0,100.0,0.0021978,11082.7463565,11131.4617251,11082.7463565,3180.0,145000000.0,0.0,0.0,3180.0,145000000.0,70.0,0.0,0.0,-100.0,3195000.0,0.0,0.0,-4560000.0
12/02/2020,11082.7463565,45700.0,-200.0,-0.00437637,11131.4617251,11131.4617251,10960.957935,5790.0,261000000.0,0.0,0.0,5790.0,261000000.0,30.0,0.0,0.0,-30.0,1365000.0,0.0,0.0,-1365000.0
11/02/2020,11131.4617251,45700.0,0.0,0.0,11204.5347779999,11204.5347779999,11009.6733036001,6920.0,315000000.0,0.0,0.0,6920.0,315000000.0,0.0,0.0,0.0,0.0,0.0,0.0,0.0,0.0
10/02/2020,11131.4617251,47300.0,-1600.0,-0.03382664,11204.5347779999,11448.111621,11107.1040408,19130.0,880000000.0,0.0,0.0,19130.0,880000000.0,-150.0,0.0,0.0,0.0,-7050000.0,0.0,0.0,0.0
07/02/2020,11521.1846739001,47500.0,-200.0,-0.00421053,11569.9000425001,11569.9000425001,11326.3231995001,2410.0,113000000.0,0.0,0.0,2410.0,113000000.0,0.0,0.0,0.0,0.0,0.0,0.0,0.0,0.0
06/02/2020,11569.9000425001,47500.0,0.0,0.0,11484.64814745,11667.3307797,11484.64814745,5160.0,246000000.0,0.0,0.0,5160.0,246000000.0,-1050.0,0.0,0.0,0.0,-49885000.0,0.0,0.0,0.0
05/02/2020,11569.9000425001,47500.0,0.0,0.0,11691.6884640001,11691.6884640001,11472.4693053001,1140.0,54000000.0,0.0,0.0,1140.0,54000000.0,0.0,0.0,0.0,0.0,0.0,0.0,0.0,0.0
04/02/2020,11569.9000425001,46600.0,900.0,0.0193133,11326.3231995001,11569.9000425001,11301.9655152,12150.0,570000000.0,0.0,0.0,12150.0,570000000.0,-1000.0,0.0,0.0,0.0,-46500000.0,0.0,0.0,0.0
03/02/2020,11350.6808838001,48500.0,-1900.0,-0.03917526,11326.3231995001,11569.9000425001,11009.6733036001,20530.0,957000000.0,0.0,0.0,20530.0,957000000.0,-1190.0,0.0,0.0,0.0,-55890000.0,0.0,0.0,0.0
31/01/2020,11813.4768854999,47500.0,1000.0,0.02105263,11983.9806756,11983.9806756,11569.9000425001,30130.0,1461000000.0,0.0,0.0,30130.0,1461000000.0,-1000.0,0.0,0.0,0.0,-48000000.0,0.0,0.0,0.0
30/01/2020,11569.9000425001,45000.0,2500.0,0.05555556,11228.8924623,11569.9000425001,11180.1770937,15220.0,704000000.0,0.0,0.0,15220.0,704000000.0,1110.0,0.0,0.0,-110.0,52093000.0,0.0,0.0,-5093000.0
22/01/2020,10960.957935,45000.0,0.0,0.0,10960.957935,11058.3886722,10741.7387763,2340.0,105000000.0,0.0,0.0,2340.0,105000000.0,10.0,0.0,0.0,-10.0,452000.0,0.0,0.0,-452000.0
21/01/2020,10960.957935,45400.0,-400.0,-0.00881057,11058.3886722,11082.7463565,10912.2425664,3580.0,161000000.0,0.0,0.0,3580.0,161000000.0,0.0,0.0,0.0,0.0,0.0,0.0,0.0,0.0
20/01/2020,11058.3886722,45400.0,0.0,0.0,11058.3886722,11082.7463565,10960.957935,2450.0,110000000.0,0.0,0.0,2450.0,110000000.0,0.0,0.0,0.0,0.0,0.0,0.0,0.0,0.0
17/01/2020,11058.3886722,45850.0,-450.0,-0.00981461,11107.1040408,11107.1040408,10875.70603995,5670.0,255000000.0,0.0,0.0,5670.0,255000000.0,-1000.0,0.0,0.0,0.0,-44850000.0,0.0,0.0,0.0
16/01/2020,11167.9982515501,45700.0,150.0,0.00328228,10960.957935,11167.9982515501,10924.4214085499,6240.0,281000000.0,0.0,0.0,6240.0,281000000.0,-500.0,0.0,0.0,0.0,-22425000.0,0.0,0.0,0.0
15/01/2020,11131.4617251,45700.0,0.0,0.0,11180.1770937,11180.1770937,10960.957935,3080.0,139000000.0,0.0,0.0,3080.0,139000000.0,-1050.0,0.0,0.0,0.0,-47450000.0,0.0,0.0,0.0
14/01/2020,11131.4617251,45500.0,200.0,0.0043956,11082.7463565,11131.4617251,10960.957935,9450.0,431000000.0,20000.0,847000000.0,29450.0,1278000000.0,-1130.0,0.0,0.0,0.0,-51550000.0,0.0,0.0,0.0
13/01/2020,11082.7463565,44800.0,700.0,0.015625,10960.957935,11082.7463565,10863.5271978001,5850.0,264000000.0,0.0,0.0,5850.0,264000000.0,-2150.0,0.0,0.0,0.0,-97525000.0,0.0,0.0,0.0
10/01/2020,10912.2425664,44000.0,800.0,0.01818182,10790.4541449,10960.957935,10717.381092,4720.0,209000000.0,0.0,0.0,4720.0,209000000.0,-3280.0,0.0,0.0,0.0,-145468000.0,0.0,0.0,0.0
09/01/2020,10717.381092,42800.0,1200.0,0.02803738,10449.4465647001,10814.8118292001,10449.4465647001,13570.0,588000000.0,0.0,0.0,13570.0,588000000.0,-2000.0,0.0,0.0,0.0,-86392500.0,0.0,0.0,0.0
08/01/2020,10425.0888804001,42500.0,300.0,0.00705882,10352.0158275,10473.804249,10327.6581432,11380.0,485000000.0,20000.0,791000000.0,31380.0,1276000000.0,-5790.0,4690.0,0.0,0.0,-247095000.0,200355000.0,0.0,0.0
07/01/2020,10352.0158275,42300.0,200.0,0.00472813,10352.0158275,10546.8773019,10315.47930105,3590.0,153000000.0,0.0,0.0,3590.0,153000000.0,-1350.0,0.0,0.0,0.0,-57790000.0,0.0,0.0,0.0
06/01/2020,10303.3004589,42900.0,-600.0,-0.01398601,10254.5850903,10449.4465647001,10254.5850903,3550.0,151000000.0,0.0,0.0,3550.0,151000000.0,0.0,0.0,0.0,0.0,0.0,0.0,0.0,0.0
03/01/2020,10449.4465647001,43800.0,-900.0,-0.02054795,10619.9503548,10668.6657234,10278.9427746,1380.0,59000000.0,20000.0,815000000.0,21380.0,874000000.0,0.0,0.0,0.0,0.0,0.0,0.0,0.0,0.0
02/01/2020,10668.6657234,44000.0,-200.0,-0.00454545,10693.0234076999,10693.0234076999,10473.804249,580.0,25000000.0,0.0,0.0,580.0,25000000.0,0.0,0.0,0.0,0.0,0.0,0.0,0.0,0.0
31/12/2019,10717.381092,44300.0,-300.0,-0.00677201,10717.381092,10912.2425664,10473.804249,2780.0,121000000.0,0.0,0.0,2780.0,121000000.0,0.0,0.0,0.0,0.0,0.0,0.0,0.0,0.0
30/12/2019,10790.4541449,44300.0,0.0,0.0,10717.381092,10790.4541449,10619.9503548,4360.0,191000000.0,21680.0,893216000.0,26040.0,1084216000.0,500.0,0.0,0.0,-500.0,21950000.0,0.0,0.0,-21950000.0
27/12/2019,10790.4541449,44100.0,200.0,0.00453515,10741.7387763,10790.4541449,10595.5926705,1060.0,47000000.0,0.0,0.0,1060.0,47000000.0,0.0,0.0,0.0,0.0,0.0,0.0,0.0,0.0
26/12/2019,10741.7387763,44100.0,0.0,0.0,10924.4214085499,10924.4214085499,10741.7387763,490.0,22000000.0,0.0,0.0,490.0,22000000.0,0.0,0.0,0.0,0.0,0.0,0.0,0.0,0.0
25/12/2019,10741.7387763,44100.0,0.0,0.0,10814.8118292001,10960.957935,10595.5926705,2850.0,125000000.0,0.0,0.0,2850.0,125000000.0,0.0,0.0,0.0,0.0,0.0,0.0,0.0,0.0
24/12/2019,10741.7387763,43499.0,601.0,0.01381641,10717.381092,10741.7387763,10498.1619333,1540.0,68000000.0,0.0,0.0,1540.0,68000000.0,0.0,0.0,0.0,0.0,0.0,0.0,0.0,0.0
23/12/2019,10595.2881994463,44000.0,500.0,0.01136364,10666.717108656,10666.717108656,10476.2400174299,4230.0,188000000.0,0.0,0.0,4230.0,188000000.0,0.0,0.0,0.0,0.0,0.0,0.0,0.0,0.0
20/12/2019,10476.2400174299,45000.0,-1000.0,-0.02222222,10714.3363814625,10714.3363814625,10476.2400174299,4480.0,198000000.0,0.0,0.0,4480.0,198000000.0,-40.0,0.0,0.0,0.0,-1760000.0,0.0,0.0,0.0
19/12/2019,10714.3363814625,45000.0,0.0,0.0,10595.2881994463,10714.3363814625,10583.3833812447,3960.0,177000000.0,0.0,0.0,3960.0,177000000.0,0.0,0.0,0.0,0.0,0.0,0.0,0.0,0.0
18/12/2019,10714.3363814625,44200.0,800.0,0.01809955,10690.5267450592,10773.8604724708,10476.2400174299,790.0,35000000.0,0.0,0.0,790.0,35000000.0,0.0,0.0,0.0,0.0,0.0,0.0,0.0,0.0
17/12/2019,10523.8592902365,45100.0,-900.0,-0.01995565,10595.2881994463,10714.3363814625,10476.2400174299,9170.0,406000000.0,0.0,0.0,9170.0,406000000.0,-10.0,0.0,0.0,0.0,-440000.0,0.0,0.0,0.0
16/12/2019,10738.1460178657,45700.0,-600.0,-0.0131291,10881.0038362854,10881.0038362854,10595.2881994463,11490.0,514000000.0,0.0,0.0,11490.0,514000000.0,0.0,0.0,0.0,0.0,0.0,0.0,0.0,0.0
13/12/2019,10881.0038362854,45600.0,100.0,0.00219298,10952.4327454949,10952.4327454949,10857.1941998822,1490.0,68000000.0,0.0,0.0,1490.0,68000000.0,0.0,0.0,0.0,0.0,0.0,0.0,0.0,0.0
12/12/2019,10857.1941998822,45400.0,200.0,0.00440529,10952.4327454949,11071.4809275112,10714.3363814625,4580.0,210000000.0,0.0,0.0,4580.0,210000000.0,-1380.0,0.0,0.0,750.0,-63045000.0,0.0,0.0,34400000.0
11/12/2019,10809.5749270756,43500.0,1900.0,0.04367816,10357.1918354138,10928.6231090918,10357.1918354138,30590.0,1383000000.0,0.0,0.0,30590.0,1383000000.0,5300.0,0.0,0.0,-5300.0,238650000.0,0.0,0.0,-238650000.0
10/12/2019,10357.1918354138,43000.0,500.0,0.01162791,10357.1918354138,10357.1918354138,10250.0484715992,9560.0,415000000.0,0.0,0.0,9560.0,415000000.0,0.0,0.0,0.0,0.0,0.0,0.0,0.0,0.0
09/12/2019,10238.1436533975,42950.0,50.0,0.00116414,10226.238835196,10476.2400174299,10119.0954713813,9320.0,404000000.0,0.0,0.0,9320.0,404000000.0,0.0,0.0,0.0,0.0,0.0,0.0,0.0,0.0
06/12/2019,10226.238835196,42900.0,50.0,0.0011655,9952.4280165585,10226.238835196,9952.4280165585,1750.0,75000000.0,0.0,0.0,1750.0,75000000.0,0.0,0.0,0.0,0.0,0.0,0.0,0.0,0.0
05/12/2019,10214.3340169942,42800.0,100.0,0.00233645,10214.3340169942,10214.3340169942,10214.3340169942,20.0,1000000.0,0.0,0.0,20.0,1000000.0,0.0,0.0,0.0,0.0,0.0,0.0,0.0,0.0
04/12/2019,10190.5243805909,42900.0,-100.0,-0.002331,10023.8569257683,10190.5243805909,10000.047289365,2850.0,120000000.0,0.0,0.0,2850.0,120000000.0,0.0,0.0,0.0,0.0,0.0,0.0,0.0,0.0
03/12/2019,10214.3340169942,43000.0,-100.0,-0.00232558,10000.047289365,10214.3340169942,10000.047289365,1990.0,84000000.0,0.0,0.0,1990.0,84000000.0,0.0,0.0,0.0,0.0,0.0,0.0,0.0,0.0
02/12/2019,10238.1436533975,43000.0,0.0,0.0,10238.1436533975,10238.1436533975,10238.1436533975,20.0,1000000.0,0.0,0.0,20.0,1000000.0,0.0,0.0,0.0,0.0,0.0,0.0,0.0,0.0
29/11/2019,10238.1436533975,42900.0,100.0,0.002331,10119.0954713813,10238.1436533975,10119.0954713813,1990.0,85000000.0,0.0,0.0,1990.0,85000000.0,0.0,0.0,0.0,0.0,0.0,0.0,0.0,0.0
28/11/2019,10214.3340169942,42900.0,0.0,0.0,10119.0954713813,10214.3340169942,10071.4761985748,800.0,34000000.0,0.0,0.0,800.0,34000000.0,0.0,0.0,0.0,0.0,0.0,0.0,0.0,0.0
27/11/2019,10214.3340169942,42900.0,0.0,0.0,10214.3340169942,10214.3340169942,10071.4761985748,180.0,8000000.0,0.0,0.0,180.0,8000000.0,0.0,0.0,0.0,0.0,0.0,0.0,0.0,0.0
26/11/2019,10214.3340169942,42900.0,0.0,0.0,10214.3340169942,10214.3340169942,10190.5243805909,2190.0,94000000.0,0.0,0.0,2190.0,94000000.0,0.0,0.0,0.0,0.0,0.0,0.0,0.0,0.0
25/11/2019,10214.3340169942,42900.0,0.0,0.0,10214.3340169942,10238.1436533975,10190.5243805909,3010.0,129000000.0,0.0,0.0,3010.0,129000000.0,0.0,0.0,0.0,0.0,0.0,0.0,0.0,0.0
22/11/2019,10214.3340169942,42900.0,0.0,0.0,10214.3340169942,10214.3340169942,10214.3340169942,10.0,0.0,0.0,0.0,10.0,0.0,0.0,0.0,0.0,0.0,0.0,0.0,0.0,0.0
21/11/2019,10214.3340169942,42900.0,0.0,0.0,10214.3340169942,10214.3340169942,10023.8569257683,7970.0,336000000.0,0.0,0.0,7970.0,336000000.0,0.0,0.0,0.0,0.0,0.0,0.0,0.0,0.0
20/11/2019,10214.3340169942,42500.0,400.0,0.00941176,10142.9051077846,10238.1436533975,10142.9051077846,110.0,5000000.0,0.0,0.0,110.0,5000000.0,0.0,0.0,0.0,0.0,0.0,0.0,0.0,0.0
19/11/2019,10119.0954713813,43300.0,-800.0,-0.01847575,10309.5725626073,10309.5725626073,10119.0954713813,8780.0,375000000.0,0.0,0.0,8780.0,375000000.0,0.0,0.0,0.0,0.0,0.0,0.0,0.0,0.0
18/11/2019,10309.5725626073,43400.0,-100.0,-0.00230415,10250.0484715992,10428.6207446235,10142.9051077846,7770.0,334000000.0,0.0,0.0,7770.0,334000000.0,-1000.0,0.0,0.0,0.0,-42990000.0,0.0,0.0,0.0
15/11/2019,10333.3821990105,43300.0,100.0,0.00230947,10333.3821990105,10333.3821990105,10250.0484715992,1000.0,43000000.0,0.0,0.0,1000.0,43000000.0,0.0,0.0,0.0,0.0,0.0,0.0,0.0,0.0
14/11/2019,10309.5725626073,43100.0,200.0,0.00464037,10261.9532898008,10333.3821990105,10238.1436533975,4150.0,179000000.0,0.0,0.0,4150.0,179000000.0,-10.0,0.0,0.0,0.0,-433000.0,0.0,0.0,0.0
13/11/2019,10261.9532898008,43200.0,-100.0,-0.00231481,10238.1436533975,10381.001471817,10142.9051077846,7590.0,326000000.0,0.0,0.0,7590.0,326000000.0,-2000.0,0.0,0.0,0.0,-86200000.0,0.0,0.0,0.0
12/11/2019,10285.7629262041,43100.0,100.0,0.00232019,10285.7629262041,10297.6677444056,10238.1436533975,1210.0,52000000.0,0.0,0.0,1210.0,52000000.0,-570.0,0.0,0.0,0.0,-24510000.0,0.0,0.0,0.0
11/11/2019,10261.9532898008,43500.0,-400.0,-0.0091954,10357.1918354138,10428.6207446235,10261.9532898008,6920.0,300000000.0,0.0,0.0,6920.0,300000000.0,0.0,0.0,0.0,0.0,0.0,0.0,0.0,0.0
08/11/2019,10357.1918354138,43300.0,200.0,0.00461894,10357.1918354138,10404.8111082203,10238.1436533975,7520.0,327000000.0,0.0,0.0,7520.0,327000000.0,0.0,0.0,0.0,0.0,0.0,0.0,0.0,0.0
07/11/2019,10309.5725626073,42800.0,500.0,0.01168224,10238.1436533975,10333.3821990105,10190.524380591,1800.0,77000000.0,0.0,0.0,1800.0,77000000.0,0.0,0.0,0.0,0.0,0.0,0.0,0.0,0.0
06/11/2019,10190.5243805909,42400.0,400.0,0.00943396,10119.0954713813,10190.5243805909,10107.1906531797,9410.0,401000000.0,0.0,0.0,9410.0,401000000.0,0.0,0.0,0.0,0.0,0.0,0.0,0.0,0.0
05/11/2019,10095.285834978,42400.0,0.0,0.0,10452.4303810266,10452.4303810266,10035.7617439698,19920.0,853000000.0,0.0,0.0,19920.0,853000000.0,0.0,0.0,0.0,0.0,0.0,0.0,0.0,0.0
04/11/2019,10095.285834978,42400.0,0.0,0.0,10000.047289365,10095.285834978,9809.5701981391,2450.0,103000000.0,0.0,0.0,2450.0,103000000.0,0.0,0.0,0.0,0.0,0.0,0.0,0.0,0.0
01/11/2019,10095.285834978,42100.0,300.0,0.00712589,10238.1436533975,10238.1436533975,9833.3798345422,860.0,36000000.0,0.0,0.0,860.0,36000000.0,0.0,0.0,0.0,0.0,0.0,0.0,0.0,0.0
31/10/2019,10023.8569257683,43000.0,-900.0,-0.02093023,10011.9521075665,10047.6665621715,10000.047289365,8780.0,369000000.0,0.0,0.0,8780.0,369000000.0,-100.0,0.0,0.0,0.0,-4220000.0,0.0,0.0,0.0
30/10/2019,10238.1436533975,42500.0,500.0,0.01176471,10119.0954713813,10285.7629262041,9952.4280165585,10510.0,450000000.0,0.0,0.0,10510.0,450000000.0,0.0,0.0,0.0,0.0,0.0,0.0,0.0,0.0
29/10/2019,10119.0954713813,41500.0,1000.0,0.02409639,10357.1918354138,10357.1918354138,10071.4761985748,21970.0,941000000.0,0.0,0.0,21970.0,941000000.0,-2000.0,0.0,0.0,0.0,-85100000.0,0.0,0.0,0.0
28/10/2019,9880.9991073487,41500.0,0.0,0.0,9761.9509253325,9880.9991073487,9571.4738341064,910.0,36751500.0,0.0,0.0,910.0,36751500.0,0.0,0.0,0.0,0.0,0.0,0.0,0.0,0.0
25/10/2019,9880.9991073487,40700.0,800.0,0.01965602,9761.9509253325,9880.9991073487,9642.9027433163,2180.0,89000000.0,0.0,0.0,2180.0,89000000.0,0.0,0.0,0.0,0.0,0.0,0.0,0.0,0.0
24/10/2019,9690.5220161228,40700.0,0.0,0.0,9523.8545613001,9690.5220161228,9523.8545613001,1530.0,61000000.0,0.0,0.0,1530.0,61000000.0,0.0,0.0,0.0,0.0,0.0,0.0,0.0,0.0
23/10/2019,9690.5220161228,40600.0,100.0,0.00246305,9428.6160156871,9714.331652526,9428.6160156871,12000.0,481000000.0,0.0,0.0,12000.0,481000000.0,500.0,0.0,0.0,-500.0,20300000.0,0.0,0.0,-20300000.0
22/10/2019,9666.7123797195,40600.0,0.0,0.0,9654.8075615179,9666.7123797195,9523.8545613001,3200.0,128000000.0,0.0,0.0,3200.0,128000000.0,0.0,0.0,0.0,0.0,0.0,0.0,0.0,0.0
21/10/2019,9666.7123797195,40400.0,200.0,0.0049505,9619.0931069129,9666.7123797195,9523.8545613001,3780.0,152000000.0,0.0,0.0,3780.0,152000000.0,500.0,0.0,0.0,-500.0,20200000.0,0.0,0.0,-20200000.0
18/10/2019,9619.0931069129,40300.0,100.0,0.00248139,9595.2834705097,9619.0931069129,9523.8545613001,2270.0,91000000.0,0.0,0.0,2270.0,91000000.0,500.0,0.0,0.0,-500.0,20150000.0,0.0,0.0,-20150000.0
17/10/2019,9595.2834705097,39800.0,500.0,0.01256281,9523.8545613001,9595.2834705097,9523.8545613001,2380.0,95000000.0,0.0,0.0,2380.0,95000000.0,0.0,0.0,0.0,0.0,0.0,0.0,0.0,0.0
16/10/2019,9476.2352884935,39500.0,300.0,0.00759494,9095.2811060415,9476.2352884935,9095.2811060415,6130.0,242000000.0,0.0,0.0,6130.0,242000000.0,-500.0,0.0,0.0,500.0,-19100000.0,0.0,0.0,19100000.0
15/10/2019,9404.8063792838,40200.0,-700.0,-0.01741294,9309.5678336707,9404.8063792838,9285.7581972676,3500.0,137000000.0,0.0,0.0,3500.0,137000000.0,-1000.0,0.0,0.0,1000.0,-39000000.0,0.0,0.0,39000000.0
14/10/2019,9571.4738341064,40500.0,-300.0,-0.00740741,9285.7581972676,9571.4738341064,9285.7581972676,1500.0,59000000.0,0.0,0.0,1500.0,59000000.0,0.0,0.0,0.0,0.0,0.0,0.0,0.0,0.0
11/10/2019,9642.9027433163,40200.0,300.0,0.00746269,9571.4738341064,9642.9027433163,9285.7581972676,2290.0,90000000.0,0.0,0.0,2290.0,90000000.0,0.0,0.0,0.0,0.0,0.0,0.0,0.0,0.0
10/10/2019,9571.4738341064,40900.0,-700.0,-0.01711491,9309.5678336707,9571.4738341064,9071.4714696383,4120.0,160000000.0,0.0,0.0,4120.0,160000000.0,0.0,0.0,0.0,0.0,0.0,0.0,0.0,0.0
09/10/2019,9738.1412889294,40900.0,0.0,0.0,9404.8063792838,9761.9509253325,9404.8063792838,2400.0,95000000.0,0.0,0.0,2400.0,95000000.0,0.0,0.0,0.0,0.0,0.0,0.0,0.0,0.0
08/10/2019,9738.1412889294,41000.0,-100.0,-0.00243902,9761.9509253325,9761.9509253325,9500.0449248968,2100.0,84000000.0,0.0,0.0,2100.0,84000000.0,0.0,0.0,0.0,0.0,0.0,0.0,0.0,0.0
07/10/2019,9761.9509253325,40200.0,800.0,0.0199005,9619.0931069129,10238.1436533975,9619.0931069129,1290.0,54000000.0,0.0,0.0,1290.0,54000000.0,0.0,0.0,0.0,0.0,0.0,0.0,0.0,0.0
04/10/2019,9571.4738341064,40000.0,200.0,0.005,9428.6160156871,9571.4738341064,9404.8063792838,3120.0,123000000.0,0.0,0.0,3120.0,123000000.0,0.0,0.0,0.0,0.0,0.0,0.0,0.0,0.0
03/10/2019,9523.8545613001,40800.0,-800.0,-0.01960784,9547.6641977033,9571.4738341064,9523.8545613001,4120.0,165000000.0,0.0,0.0,4120.0,165000000.0,0.0,0.0,0.0,0.0,0.0,0.0,0.0,0.0
02/10/2019,9714.331652526,40500.0,300.0,0.00740741,9642.9027433163,9714.331652526,9642.9027433163,100.0,4000000.0,0.0,0.0,100.0,4000000.0,0.0,0.0,0.0,0.0,0.0,0.0,0.0,0.0
01/10/2019,9642.9027433163,40000.0,500.0,0.0125,9523.8545613001,9642.9027433163,9428.6160156871,1780.0,71000000.0,0.0,0.0,1780.0,71000000.0,-1500.0,1500.0,0.0,0.0,-59997500.0,59997500.0,0.0,0.0
30/09/2019,9523.8545613001,39900.0,100.0,0.00250627,9500.0449248968,9523.8545613001,9404.8063792838,1270.0,50000000.0,0.0,0.0,1270.0,50000000.0,0.0,0.0,0.0,0.0,0.0,0.0,0.0,0.0
27/09/2019,9500.0449248968,39900.0,0.0,0.0,9500.0449248968,9500.0449248968,9166.7100152513,1320.0,52000000.0,0.0,0.0,1320.0,52000000.0,0.0,0.0,0.0,0.0,0.0,0.0,0.0,0.0
26/09/2019,9500.0449248968,39350.0,550.0,0.01397713,9392.9015610821,9500.0449248968,9392.9015610821,2730.0,108000000.0,0.0,0.0,2730.0,108000000.0,-2000.0,2000.0,0.0,0.0,-79215000.0,79215000.0,0.0,0.0
25/09/2019,9369.0919246789,38000.0,1350.0,0.03552632,9047.6618332352,9380.9967428804,9047.6618332352,8940.0,342000000.0,0.0,0.0,8940.0,342000000.0,-3310.0,3310.0,0.0,0.0,-125780000.0,125780000.0,0.0,0.0
24/09/2019,9047.6618332352,40100.0,-2100.0,-0.05236908,9619.0931069129,9619.0931069129,9047.6618332352,18940.0,723000000.0,0.0,0.0,18940.0,723000000.0,0.0,0.0,0.0,0.0,0.0,0.0,0.0,0.0
23/09/2019,9547.6641977033,40600.0,-550.0,-0.0135468,9547.6641977033,9761.9509253325,9285.7581972676,13580.0,546161500.0,0.0,0.0,13580.0,546161500.0,0.0,0.0,0.0,0.0,0.0,0.0,0.0,0.0
20/09/2019,9666.7123797195,40900.0,-300.0,-0.00733496,9571.4738341064,9761.9509253325,9523.8545613001,3880.0,156000000.0,0.0,0.0,3880.0,156000000.0,0.0,0.0,0.0,0.0,0.0,0.0,0.0,0.0
19/09/2019,9738.1412889294,41000.0,-100.0,-0.00243902,9571.4738341064,9761.9509253325,9571.4738341064,2260.0,92000000.0,0.0,0.0,2260.0,92000000.0,0.0,0.0,0.0,0.0,0.0,0.0,0.0,0.0
18/09/2019,9761.9509253325,41000.0,0.0,0.0,9547.6641977033,9761.9509253325,9547.6641977033,1780.0,73000000.0,0.0,0.0,1780.0,73000000.0,0.0,0.0,0.0,0.0,0.0,0.0,0.0,0.0
17/09/2019,9761.9509253325,39800.0,1200.0,0.03015075,9523.8545613001,9761.9509253325,9523.8545613001,29630.0,1192000000.0,0.0,0.0,29630.0,1192000000.0,-1600.0,1600.0,0.0,0.0,-64354000.0,64354000.0,0.0,0.0
16/09/2019,9476.2352884935,40600.0,-800.0,-0.01970443,9702.4268343244,9702.4268343244,9309.5678336707,12390.0,494000000.0,0.0,0.0,12390.0,494000000.0,-60.0,0.0,0.0,0.0,-2376000.0,0.0,0.0,0.0
13/09/2019,9666.7123797195,40200.0,400.0,0.00995025,9523.8545613001,9738.1412889294,9523.8545613001,4120.0,166000000.0,0.0,0.0,4120.0,166000000.0,-230.0,0.0,0.0,0.0,-9200000.0,0.0,0.0,0.0
12/09/2019,9571.4738341064,41100.0,-900.0,-0.02189781,9523.8545613001,9785.7605617358,9523.8545613001,37590.0,1506000000.0,0.0,0.0,37590.0,1506000000.0,-200.0,0.0,0.0,0.0,-8080000.0,0.0,0.0,0.0
11/09/2019,9785.7605617358,41200.0,-100.0,-0.00242718,9523.8545613001,9809.5701981391,9523.8545613001,1460.0,58000000.0,0.0,0.0,1460.0,58000000.0,0.0,0.0,0.0,0.0,0.0,0.0,0.0,0.0
10/09/2019,9809.5701981391,41100.0,100.0,0.00243309,9857.1894709455,9857.1894709455,9666.7123797195,7150.0,292000000.0,0.0,0.0,7150.0,292000000.0,0.0,0.0,0.0,0.0,0.0,0.0,0.0,0.0
09/09/2019,9785.7605617358,41000.0,100.0,0.00243902,9785.7605617358,9785.7605617358,9714.331652526,1320.0,54000000.0,0.0,0.0,1320.0,54000000.0,0.0,0.0,0.0,0.0,0.0,0.0,0.0,0.0
06/09/2019,9761.9509253325,41550.0,-550.0,-0.01323706,9785.7605617358,9880.9991073487,9761.9509253325,5330.0,219000000.0,0.0,0.0,5330.0,219000000.0,0.0,0.0,0.0,0.0,0.0,0.0,0.0,0.0
05/09/2019,9892.9039255503,41700.0,-150.0,-0.00359712,9785.7605617358,9892.9039255503,9761.9509253325,10830.0,445000000.0,0.0,0.0,10830.0,445000000.0,0.0,0.0,0.0,0.0,0.0,0.0,0.0,0.0
04/09/2019,9928.6183801553,41700.0,0.0,0.0,9785.7605617358,9928.6183801553,9619.0931069129,11590.0,478000000.0,0.0,0.0,11590.0,478000000.0,0.0,0.0,0.0,0.0,0.0,0.0,0.0,0.0
03/09/2019,9928.6183801553,41500.0,200.0,0.00481928,9880.9991073487,9952.4280165585,9523.8545613001,24470.0,1006000000.0,0.0,0.0,24470.0,1006000000.0,0.0,0.0,0.0,0.0,0.0,0.0,0.0,0.0
30/08/2019,9880.9991073487,41000.0,500.0,0.01219512,9714.331652526,9880.9991073487,9523.8545613001,13200.0,536000000.0,0.0,0.0,13200.0,536000000.0,0.0,0.0,0.0,0.0,0.0,0.0,0.0,0.0
29/08/2019,9761.9509253325,41900.0,-900.0,-0.02147971,10000.047289365,10000.047289365,9761.9509253325,19920.0,820000000.0,0.0,0.0,19920.0,820000000.0,-80.0,0.0,0.0,10.0,-3285000.0,0.0,0.0,415000.0
28/08/2019,9976.2376529618,41700.0,200.0,0.00479616,9809.5701981391,10000.047289365,9785.7605617358,23420.0,972000000.0,0.0,0.0,23420.0,972000000.0,0.0,0.0,0.0,0.0,0.0,0.0,0.0,0.0
27/08/2019,9928.6183801553,41500.0,200.0,0.00481928,9880.9991073487,9976.2376529618,9809.5701981391,3460.0,143000000.0,0.0,0.0,3460.0,143000000.0,-20.0,0.0,0.0,0.0,-824000.0,0.0,0.0,0.0
26/08/2019,9880.9991073487,42200.0,-700.0,-0.01658768,9880.9991073487,10119.0954713813,9880.9991073487,3700.0,155000000.0,0.0,0.0,3700.0,155000000.0,20.0,-20.0,0.0,0.0,830000.0,-830000.0,0.0,0.0
23/08/2019,10047.6665621715,41850.0,350.0,0.0083632,9964.3328347602,10047.6665621715,9952.4280165585,2970.0,125000000.0,0.0,0.0,2970.0,125000000.0,0.0,0.0,0.0,0.0,0.0,0.0,0.0,0.0
22/08/2019,9964.3328347602,42300.0,-450.0,-0.0106383,10071.4761985748,10071.4761985748,9714.331652526,2750.0,113000000.0,0.0,0.0,2750.0,113000000.0,0.0,0.0,0.0,0.0,0.0,0.0,0.0,0.0
21/08/2019,10071.4761985748,42300.0,0.0,0.0,10071.4761985748,10071.4761985748,10071.4761985748,20.0,1000000.0,0.0,0.0,20.0,1000000.0,0.0,0.0,0.0,0.0,0.0,0.0,0.0,0.0
20/08/2019,10071.4761985748,41900.0,400.0,0.00954654,9857.1894709455,10119.0954713813,9714.331652526,7110.0,296000000.0,0.0,0.0,7110.0,296000000.0,-3250.0,3250.0,0.0,0.0,-136481000.0,136481000.0,0.0,0.0
19/08/2019,9976.2376529618,41900.0,0.0,0.0,9809.5701981391,10000.047289365,9809.5701981391,8110.0,334000000.0,0.0,0.0,8110.0,334000000.0,-10.0,0.0,0.0,0.0,-420000.0,0.0,0.0,0.0
16/08/2019,9976.2376529618,41900.0,0.0,0.0,10119.0954713813,10119.0954713813,9880.9991073487,450.0,19000000.0,0.0,0.0,450.0,19000000.0,0.0,0.0,0.0,0.0,0.0,0.0,0.0,0.0
15/08/2019,9976.2376529618,42350.0,-450.0,-0.01062574,10000.047289365,10000.047289365,9833.3798345422,8220.0,341000000.0,0.0,0.0,8220.0,341000000.0,0.0,0.0,0.0,0.0,0.0,0.0,0.0,0.0
14/08/2019,10083.3810167765,42400.0,-50.0,-0.00117925,10190.5243805909,10190.5243805909,9928.6183801553,6920.0,289000000.0,0.0,0.0,6920.0,289000000.0,0.0,0.0,0.0,0.0,0.0,0.0,0.0,0.0
13/08/2019,10095.285834978,42800.0,-400.0,-0.00934579,10119.0954713813,10190.5243805909,10000.047289365,4370.0,186000000.0,0.0,0.0,4370.0,186000000.0,0.0,0.0,0.0,0.0,0.0,0.0,0.0,0.0
12/08/2019,10190.5243805909,42500.0,300.0,0.00705882,10071.4761985748,10214.3340169942,10071.4761985748,3570.0,153000000.0,0.0,0.0,3570.0,153000000.0,2000.0,0.0,0.0,0.0,85800000.0,0.0,0.0,0.0
09/08/2019,10119.0954713813,42850.0,-350.0,-0.00816803,10214.3340169942,10214.3340169942,10071.4761985748,11210.0,475000000.0,0.0,0.0,11210.0,475000000.0,500.0,0.0,0.0,0.0,21150000.0,0.0,0.0,0.0
08/08/2019,10202.4291987927,42100.0,750.0,0.01781473,10119.0954713813,10321.4773808089,10023.8569257683,5380.0,228000000.0,0.0,0.0,5380.0,228000000.0,0.0,0.0,0.0,0.0,0.0,0.0,0.0,0.0
07/08/2019,10023.8569257683,43500.0,-1400.0,-0.03218391,10142.9051077846,10357.1918354138,10023.8569257683,14640.0,623000000.0,0.0,0.0,14640.0,623000000.0,0.0,0.0,0.0,0.0,0.0,0.0,0.0,0.0
06/08/2019,10357.1918354138,43300.0,200.0,0.00461894,10238.1436533975,10357.1918354138,10023.8569257683,14390.0,617000000.0,0.0,0.0,14390.0,617000000.0,0.0,0.0,0.0,0.0,0.0,0.0,0.0,0.0
05/08/2019,10309.5725626073,43800.0,-500.0,-0.01141553,10476.2400174299,10476.2400174299,9809.5701981391,10600.0,457000000.0,0.0,0.0,10600.0,457000000.0,0.0,0.0,0.0,0.0,0.0,0.0,0.0,0.0
02/08/2019,10428.6207446235,43300.0,500.0,0.01154734,10309.5725626073,10523.8592902365,10238.1436533975,14760.0,645000000.0,0.0,0.0,14760.0,645000000.0,0.0,0.0,0.0,0.0,0.0,0.0,0.0,0.0
01/08/2019,10309.5725626073,42800.0,500.0,0.01168224,10238.1436533975,10309.5725626073,10119.0954713813,7240.0,310000000.0,0.0,0.0,7240.0,310000000.0,200.0,-200.0,0.0,0.0,8660000.0,-8660000.0,0.0,0.0
31/07/2019,10190.5243805909,42800.0,0.0,0.0,10309.5725626073,10381.001471817,9678.6171979213,8090.0,340000000.0,0.0,0.0,8090.0,340000000.0,100.0,0.0,0.0,0.0,4280000.0,0.0,0.0,0.0
30/07/2019,10190.5243805909,42200.0,600.0,0.01421801,10023.8569257683,10238.1436533975,9880.9991073487,19750.0,839000000.0,0.0,0.0,19750.0,839000000.0,1000.0,0.0,0.0,0.0,42500000.0,0.0,0.0,0.0
29/07/2019,10047.6665621715,42400.0,-200.0,-0.00471698,9976.2376529618,10047.6665621715,9880.9991073487,1730.0,72000000.0,0.0,0.0,1730.0,72000000.0,0.0,0.0,0.0,0.0,0.0,0.0,0.0,0.0
26/07/2019,10095.285834978,41900.0,500.0,0.01193317,10119.0954713813,10119.0954713813,9880.9991073487,4720.0,199000000.0,0.0,0.0,4720.0,199000000.0,0.0,0.0,0.0,0.0,0.0,0.0,0.0,0.0
25/07/2019,9976.2376529618,41500.0,400.0,0.00963855,9904.808743752,9976.2376529618,9809.5701981391,11390.0,474000000.0,0.0,0.0,11390.0,474000000.0,0.0,0.0,0.0,0.0,0.0,0.0,0.0,0.0
24/07/2019,9880.9991073487,42200.0,-700.0,-0.01658768,10023.8569257683,10047.6665621715,9833.3798345422,32470.0,1349000000.0,0.0,0.0,32470.0,1349000000.0,0.0,0.0,0.0,0.0,0.0,0.0,0.0,0.0
23/07/2019,10047.6665621715,41800.0,400.0,0.00956938,10000.047289365,10095.285834978,9952.4280165585,4620.0,194000000.0,0.0,0.0,4620.0,194000000.0,70.0,0.0,0.0,0.0,2926000.0,0.0,0.0,0.0
22/07/2019,9952.4280165585,42000.0,-200.0,-0.0047619,10023.8569257683,10095.285834978,9880.9991073487,2550.0,107000000.0,0.0,0.0,2550.0,107000000.0,0.0,0.0,0.0,0.0,0.0,0.0,0.0,0.0
19/07/2019,10000.047289365,41000.0,1000.0,0.02439024,10000.047289365,10107.1906531797,9761.9509253325,22340.0,934000000.0,0.0,0.0,22340.0,934000000.0,-100.0,0.0,0.0,0.0,-4130000.0,0.0,0.0,0.0
18/07/2019,9761.9509253325,41500.0,-500.0,-0.01204819,10023.8569257683,10023.8569257683,9761.9509253325,15170.0,635000000.0,0.0,0.0,15170.0,635000000.0,100.0,0.0,0.0,0.0,4100000.0,0.0,0.0,0.0
17/07/2019,9880.9991073487,41200.0,300.0,0.00728155,9809.5701981391,9952.4280165585,9607.1882887115,14320.0,586000000.0,0.0,0.0,14320.0,586000000.0,-70.0,0.0,0.0,0.0,-2856000.0,0.0,0.0,0.0
16/07/2019,9809.5701981391,42000.0,-800.0,-0.01904762,10190.5243805909,10190.5243805909,9785.7605617358,19120.0,798000000.0,0.0,0.0,19120.0,798000000.0,-3000.0,3000.0,0.0,0.0,-126000000.0,126000000.0,0.0,0.0
15/07/2019,10000.047289365,43900.0,-1900.0,-0.04328018,10476.2400174299,10476.2400174299,10000.047289365,30680.0,1317000000.0,0.0,0.0,30680.0,1317000000.0,0.0,0.0,0.0,0.0,0.0,0.0,0.0,0.0
12/07/2019,10452.4303810266,43900.0,0.0,0.0,10476.2400174299,10476.2400174299,10357.1918354138,9830.0,431000000.0,0.0,0.0,9830.0,431000000.0,-3330.0,0.0,0.0,0.0,-146134000.0,0.0,0.0,0.0
11/07/2019,10452.4303810266,44300.0,-400.0,-0.00902935,10547.6689266398,10547.6689266398,10273.8581080024,13120.0,575000000.0,0.0,0.0,13120.0,575000000.0,0.0,0.0,0.0,0.0,0.0,0.0,0.0,0.0
10/07/2019,10547.6689266398,44300.0,0.0,0.0,10547.6689266398,10595.2881994463,10547.6689266398,11740.0,522000000.0,0.0,0.0,11740.0,522000000.0,-230.0,0.0,0.0,0.0,-10235000.0,0.0,0.0,0.0
09/07/2019,10547.6689266398,44000.0,300.0,0.00681818,10571.4785630429,10595.2881994463,10381.001471817,8770.0,387000000.0,0.0,0.0,8770.0,387000000.0,-2320.0,2320.0,2320.0,0.0,-102080000.0,102080000.0,102080000.0,0.0
08/07/2019,10476.2400174299,42800.0,1200.0,0.02803738,10190.5243805909,10595.2881994463,10071.4761985748,29610.0,1268000000.0,0.0,0.0,29610.0,1268000000.0,-3850.0,2910.0,2910.0,0.0,-164281000.0,124449000.0,124449000.0,0.0
05/07/2019,10190.5243805909,42700.0,100.0,0.00234192,10142.9051077846,10190.5243805909,10142.9051077846,5730.0,245000000.0,0.0,0.0,5730.0,245000000.0,-1280.0,1380.0,1380.0,-100.0,-54618000.0,58888000.0,58888000.0,-4270000.0
04/07/2019,10166.7147441878,42600.0,100.0,0.00234742,10142.9051077846,10166.7147441878,9833.3798345422,7240.0,307000000.0,0.0,0.0,7240.0,307000000.0,0.0,0.0,0.0,0.0,0.0,0.0,0.0,0.0
03/07/2019,10142.9051077846,42500.0,100.0,0.00235294,10166.7147441878,10190.5243805909,10119.0954713813,3100.0,132000000.0,0.0,0.0,3100.0,132000000.0,0.0,0.0,0.0,0.0,0.0,0.0,0.0,0.0
02/07/2019,10119.0954713813,42400.0,100.0,0.00235849,10095.285834978,10190.5243805909,10071.4761985748,66470.0,2825000000.0,0.0,0.0,66470.0,2825000000.0,0.0,0.0,0.0,0.0,0.0,0.0,0.0,0.0
01/07/2019,10095.285834978,42400.0,0.0,0.0,10095.285834978,10190.5243805909,9761.9509253325,28080.0,1174000000.0,0.0,0.0,28080.0,1174000000.0,-460.0,0.0,0.0,100.0,-19364000.0,0.0,0.0,4100000.0
28/06/2019,10095.285834978,42300.0,100.0,0.00236407,10238.1436533975,10238.1436533975,9690.5220161228,16160.0,681000000.0,0.0,0.0,16160.0,681000000.0,0.0,0.0,0.0,0.0,0.0,0.0,0.0,0.0
27/06/2019,10071.4761985748,42200.0,100.0,0.00236967,10071.4761985748,10095.285834978,10047.6665621715,7030.0,298000000.0,0.0,0.0,7030.0,298000000.0,-1100.0,1100.0,0.0,0.0,-46530000.0,46530000.0,0.0,0.0
26/06/2019,10047.6665621715,42100.0,100.0,0.0023753,10000.047289365,10190.524380591,10000.047289365,4310.0,181000000.0,0.0,0.0,4310.0,181000000.0,0.0,0.0,0.0,0.0,0.0,0.0,0.0,0.0
25/06/2019,10023.8569257683,43450.0,-1350.0,-0.0310702,10357.1918354138,10404.8111082203,10000.047289365,34340.0,1459000000.0,0.0,0.0,34340.0,1459000000.0,-1300.0,1300.0,0.0,0.0,-54813000.0,54813000.0,0.0,0.0
24/06/2019,10345.2870172122,43400.0,50.0,0.00115207,10476.2400174299,10476.2400174299,10119.0954713813,2670.0,115000000.0,0.0,0.0,2670.0,115000000.0,0.0,0.0,0.0,0.0,0.0,0.0,0.0,0.0
21/06/2019,10333.3821990105,43400.0,0.0,0.0,10333.3821990105,10476.2400174299,10023.8569257683,16200.0,698000000.0,0.0,0.0,16200.0,698000000.0,0.0,0.0,0.0,0.0,0.0,0.0,0.0,0.0
20/06/2019,10333.3821990105,44500.0,-1100.0,-0.0247,10666.717108656,10666.717108656,10238.1436533975,31790.0,1392000000.0,0.0,0.0,31790.0,1392000000.0,-180.0,0.0,0.0,0.0,-7949000.0,0.0,0.0,0.0
19/06/2019,10595.2881994463,42800.0,1700.0,0.03971963,10142.9051077846,10714.3363814625,10142.9051077846,41260.0,1816000000.0,0.0,0.0,41260.0,1816000000.0,-5100.0,5200.0,0.0,-100.0,-219340000.0,223610000.0,0.0,-4270000.0
18/06/2019,10190.5243805909,42500.0,300.0,0.00705882,10119.0954713813,10309.5725626073,10000.047289365,42210.0,1798000000.0,0.0,0.0,42210.0,1798000000.0,-2500.0,2500.0,0.0,0.0,-107869000.0,107869000.0,0.0,0.0
17/06/2019,10119.0954713813,41000.0,1500.0,0.03658537,10000.047289365,10119.0954713813,9952.4280165585,4190.0,176000000.0,0.0,0.0,4190.0,176000000.0,0.0,0.0,0.0,0.0,0.0,0.0,0.0,0.0
